season,week,team,position,full_name,gsis_id,report_status,report_primary_injury,practice_status,player,injury_status
2022,1,ARI,C,Rodney Hudson,00-0027993,,,Did Not Participate In Practice,Rodney Hudson,
2022,1,ARI,LS,Aaron Brewer,00-0028946,,,Full Participation in Practice,Aaron Brewer,
2022,1,ARI,LB,Markus Golden,00-0032127,,,Full Participation in Practice,Markus Golden,
2022,1,ARI,LB,Ezekiel Turner,00-0034490,,,Full Participation in Practice,Ezekiel Turner,
2022,1,ARI,RB,Jonathan Ward,00-0035924,,,Full Participation in Practice,Jonathan Ward,
2022,1,ARI,G,Cody Ford,00-0035238,Out,Ankle,Did Not Participate In Practice,Cody Ford,OUT
2022,1,ARI,WR,Rondale Moore,00-0036936,Out,Hamstring,Did Not Participate In Practice,Rondale Moore,OUT
2022,1,ARI,CB,Trayvon Mullen,00-0035695,Out,Toe,Did Not Participate In Practice,Trayvon Mullen,OUT
2022,1,ARI,CB,Byron Murphy,00-0035236,Questionable,Illness,Did Not Participate In Practice,Byron Murphy,QUESTIONABLE
2022,1,ARI,DE,J.J. Watt,00-0027949,Questionable,Calf,Did Not Participate In Practice,J.J. Watt,QUESTIONABLE
2022,1,ARI,TE,Zach Ertz,00-0030061,Questionable,Calf,Limited Participation in Practice,Zach Ertz,QUESTIONABLE
2022,1,ARI,G,Justin Pugh,00-0030585,Questionable,Neck,Limited Participation in Practice,Justin Pugh,QUESTIONABLE
2022,1,ATL,TE,Parker Hesse,00-0035572,,,Did Not Participate In Practice,Parker Hesse,
2022,1,ATL,CB,Darren Hall,00-0036956,Questionable,Quadricep,Limited Participation in Practice,Darren Hall,QUESTIONABLE
2022,1,ATL,WR,Drake London,00-0037238,Questionable,Knee,Limited Participation in Practice,Drake London,QUESTIONABLE
2022,1,BAL,DE,Calais Campbell,00-0026190,,,Did Not Participate In Practice,Calais Campbell,
2022,1,BAL,LB,Justin Houston,00-0028008,,,Did Not Participate In Practice,Justin Houston,
2022,1,BAL,TE,Nick Boyle,00-0031598,,,Full Participation in Practice,Nick Boyle,
2022,1,BAL,DT,Travis Jones,00-0037756,Out,Knee,Did Not Participate In Practice,Travis Jones,OUT
2022,1,BAL,T,Ronnie Stanley,00-0032965,Doubtful,Ankle,Limited Participation in Practice,Ronnie Stanley,DOUBTFUL
2022,1,BAL,CB,Marcus Peters,00-0032165,Questionable,Not injury related - resting player,Did Not Participate In Practice,Marcus Peters,QUESTIONABLE
2022,1,BAL,RB,J.K. Dobbins,00-0036158,Questionable,Knee,Limited Participation in Practice,J.K. Dobbins,QUESTIONABLE
2022,1,BUF,WR,Isaiah McKenzie,00-0033466,,,Full Participation in Practice,Isaiah McKenzie,
2022,1,BUF,S,Jordan Poyer,00-0030114,,,Full Participation in Practice,Jordan Poyer,
2022,1,BUF,DT,Tim Settle,00-0034397,,,Full Participation in Practice,Tim Settle,
2022,1,BUF,WR,Stefon Diggs,00-0031588,,,Limited Participation in Practice,Stefon Diggs,
2022,1,BUF,T,Tommy Doyle,00-0036560,Questionable,Foot,Limited Participation in Practice,Tommy Doyle,QUESTIONABLE
2022,1,BUF,TE,Quintin Morris,00-0036590,Questionable,Hamstring,Limited Participation in Practice,Quintin Morris,QUESTIONABLE
2022,1,CAR,RB,Christian McCaffrey,00-0033280,,,Full Participation in Practice,Christian McCaffrey,
2022,1,CAR,K,Eddy Pineiro,00-0034173,,,Full Participation in Practice,Eddy Pineiro,
2022,1,CAR,TE,Giovanni Ricci,00-0035956,,,Full Participation in Practice,Giovanni Ricci,
2022,1,CAR,LB,Brandon Smith,00-0038113,Questionable,Thigh,Limited Participation in Practice,Brandon Smith,QUESTIONABLE
2022,1,CHI,WR,Velus Jones,00-0037745,Doubtful,Hamstring,Did Not Participate In Practice,Velus Jones,DOUBTFUL
2022,1,CHI,DE,Dominique Robinson,00-0037082,Questionable,Knee,Limited Participation in Practice,Dominique Robinson,QUESTIONABLE
2022,1,CIN,TE,Drew Sample,00-0035631,,,Full Participation in Practice,Drew Sample,
2022,1,CIN,TE,Devin Asiasi,00-0036194,Out,Quadricep,Did Not Participate In Practice,Devin Asiasi,OUT
2022,1,CIN,TE,Mitchell Wilcox,00-0035771,Questionable,Ankle,Full Participation in Practice,Mitchell Wilcox,QUESTIONABLE
2022,1,CIN,WR,Trent Taylor,00-0033292,Questionable,Hamstring,Limited Participation in Practice,Trent Taylor,QUESTIONABLE
2022,1,CLE,CB,Greedy Williams,00-0035638,,,Did Not Participate In Practice,Greedy Williams,
2022,1,CLE,DE,Jadeveon Clowney,00-0031364,,,Full Participation in Practice,Jadeveon Clowney,
2022,1,CLE,S,Grant Delpit,00-0036282,,,Full Participation in Practice,Grant Delpit,
2022,1,CLE,CB,A.J. Green,00-0036114,,,Full Participation in Practice,A.J. Green,
2022,1,CLE,S,Ronnie Harrison,00-0034779,,,Full Participation in Practice,Ronnie Harrison,
2022,1,CLE,DE,Isaiah Thomas,00-0037314,,,Full Participation in Practice,Isaiah Thomas,
2022,1,CLE,DE,Chase Winovich,00-0035654,,,Full Participation in Practice,Chase Winovich,
2022,1,CLE,WR,Mike Woods,00-0037300,Questionable,Hamstring,Did Not Participate In Practice,Mike Woods,QUESTIONABLE
2022,1,CLE,T,Christopher Hubbard,00-0029963,Questionable,Elbow,Full Participation in Practice,Christopher Hubbard,QUESTIONABLE
2022,1,CLE,T,Jack Conklin,00-0033057,Questionable,Knee,Limited Participation in Practice,Jack Conklin,QUESTIONABLE
2022,1,DAL,CB,Jourdan Lewis,00-0033928,,,Full Participation in Practice,Jourdan Lewis,
2022,1,DAL,QB,Dak Prescott,00-0033077,,,Full Participation in Practice,Dak Prescott,
2022,1,DAL,WR,Michael Gallup,00-0034764,Out,Knee,Limited Participation in Practice,Michael Gallup,OUT
2022,1,DAL,S,Jayron Kearse,00-0032454,Questionable,Neck,Did Not Participate In Practice,Jayron Kearse,QUESTIONABLE
2022,1,DEN,LB,Jonas Griffith,00-0035804,,,Full Participation in Practice,Jonas Griffith,
2022,1,DEN,LB,Josey Jewell,00-0034368,Doubtful,Calf,Did Not Participate In Practice,Josey Jewell,DOUBTFUL
2022,1,DEN,DE,Randy Gregory,00-0032197,Questionable,Shoulder,Limited Participation in Practice,Randy Gregory,QUESTIONABLE
2022,1,DEN,WR,K.J. Hamler,00-0036412,Questionable,Knee,Limited Participation in Practice,K.J. Hamler,QUESTIONABLE
2022,1,DEN,T,Billy Turner,00-0031433,Questionable,Knee,Limited Participation in Practice,Billy Turner,QUESTIONABLE
2022,1,DET,LB,Chris Board,00-0034787,,,Full Participation in Practice,Chris Board,
2022,1,DET,DT,John Cominsky,00-0035265,,,Full Participation in Practice,John Cominsky,
2022,1,DET,K,Austin Seibert,00-0035145,,,Full Participation in Practice,Austin Seibert,
2022,1,DET,G,Tommy Kraemer,00-0036749,Out,Back,Did Not Participate In Practice,Tommy Kraemer,OUT
2022,1,DET,DE,Levi Onwuzurike,00-0036954,Out,Back,Did Not Participate In Practice,Levi Onwuzurike,OUT
2022,1,DET,CB,Ifeatu Melifonwu,00-0036993,Doubtful,Hamstring,Limited Participation in Practice,Ifeatu Melifonwu,DOUBTFUL
2022,1,DET,LB,Julian Okwara,00-0036249,Questionable,Hamstring,Limited Participation in Practice,Julian Okwara,QUESTIONABLE
2022,1,DET,C,Frank Ragnow,00-0034345,Questionable,Groin,Limited Participation in Practice,Frank Ragnow,QUESTIONABLE
2022,1,GB,K,Mason Crosby,00-0025580,,,Full Participation in Practice,Mason Crosby,
2022,1,GB,LB,Tipa Galeai,00-0035965,,,Full Participation in Practice,Tipa Galeai,
2022,1,GB,C,Jake Hanson,00-0036273,,,Full Participation in Practice,Jake Hanson,
2022,1,GB,S,Dallin Leavitt,00-0034726,,,Full Participation in Practice,Dallin Leavitt,
2022,1,GB,TE,Marcedes Lewis,00-0024243,,,Full Participation in Practice,Marcedes Lewis,
2022,1,GB,T,Yosuah Nijman,00-0035084,,,Full Participation in Practice,Yosuah Nijman,
2022,1,GB,WR,Christian Watson,00-0038124,,,Full Participation in Practice,Christian Watson,
2022,1,GB,S,Darnell Savage,00-0034968,,,Limited Participation in Practice,Darnell Savage,
2022,1,GB,TE,Robert Tonyan,00-0033757,,,Limited Participation in Practice,Robert Tonyan,
2022,1,GB,WR,Allen Lazard,00-0034521,Doubtful,Ankle,Did Not Participate In Practice,Allen Lazard,DOUBTFUL
2022,1,GB,T,David Bakhtiari,00-0030074,Questionable,Knee,Did Not Participate In Practice,David Bakhtiari,QUESTIONABLE
2022,1,GB,G,Elgton Jenkins,00-0035526,Questionable,Pectoral,Limited Participation in Practice,Elgton Jenkins,QUESTIONABLE
2022,1,HOU,DE,Mario Addison,00-0028339,Doubtful,Thigh,Did Not Participate In Practice,Mario Addison,DOUBTFUL
2022,1,HOU,DE,Rasheem Green,00-0034831,Questionable,Thigh,Did Not Participate In Practice,Rasheem Green,QUESTIONABLE
2022,1,IND,LB,Shaquille Leonard,00-0034846,Out,Back,Limited Participation in Practice,Shaquille Leonard,OUT
2022,1,IND,T,Dennis Kelly,00-0029419,Questionable,Knee,Full Participation in Practice,Dennis Kelly,QUESTIONABLE
2022,1,JAX,T,Cam Robinson,00-0033889,,,Limited Participation in Practice,Cam Robinson,
2022,1,JAX,DT,Folorunso Fatukasi,00-0034275,Questionable,Calf,Limited Participation in Practice,Folorunso Fatukasi,QUESTIONABLE
2022,1,KC,S,Deon Bush,00-0032774,,,Full Participation in Practice,Deon Bush,
2022,1,KC,DE,Malik Herring,00-0036682,,,Full Participation in Practice,Malik Herring,
2022,1,KC,T,Darian Kinnard,00-0037194,,,Full Participation in Practice,Darian Kinnard,
2022,1,KC,G,Trey Smith,00-0036660,,,Full Participation in Practice,Trey Smith,
2022,1,KC,WR,JuJu Smith-Schuster,00-0033857,,,Full Participation in Practice,JuJu Smith-Schuster,
2022,1,KC,DE,Frank Clark,00-0032210,,,Limited Participation in Practice,Frank Clark,
2022,1,LA,WR,Van Jefferson,00-0036415,Out,Knee,Did Not Participate In Practice,Van Jefferson,OUT
2022,1,LAC,RB,Isaiah Spiller,00-0038045,,,Full Participation in Practice,Isaiah Spiller,
2022,1,LAC,CB,J.C. Jackson,00-0034591,Doubtful,Ankle,Did Not Participate In Practice,J.C. Jackson,DOUBTFUL
2022,1,LAC,TE,Donald Parham,00-0035329,Doubtful,Hamstring,Did Not Participate In Practice,Donald Parham,DOUBTFUL
2022,1,LAC,LB,Drue Tranquill,00-0035262,Questionable,Back,Limited Participation in Practice,Drue Tranquill,QUESTIONABLE
2022,1,LV,LB,Divine Deablo,00-0036990,,,Full Participation in Practice,Divine Deablo,
2022,1,MIA,RB,Chase Edmonds,00-0034681,,,Full Participation in Practice,Chase Edmonds,
2022,1,MIA,RB,Myles Gaskin,00-0035311,,,Full Participation in Practice,Myles Gaskin,
2022,1,MIA,FB,Alec Ingold,00-0035125,,,Full Participation in Practice,Alec Ingold,
2022,1,MIA,CB,Nik Needham,00-0035346,,,Full Participation in Practice,Nik Needham,
2022,1,MIA,WR,Jaylen Waddle,00-0036613,,,Full Participation in Practice,Jaylen Waddle,
2022,1,MIA,C,Connor Williams,00-0034352,,,Full Participation in Practice,Connor Williams,
2022,1,MIA,T,Terron Armstead,00-0030067,,,Limited Participation in Practice,Terron Armstead,
2022,1,MIA,LB,Melvin Ingram,00-0029249,,,Limited Participation in Practice,Melvin Ingram,
2022,1,MIA,RB,Salvon Ahmed,00-0036020,Questionable,Heel,Limited Participation in Practice,Salvon Ahmed,QUESTIONABLE
2022,1,MIA,TE,Tanner Conner,00-0037348,Questionable,Knee,Limited Participation in Practice,Tanner Conner,QUESTIONABLE
2022,1,MIA,DT,Raekwon Davis,00-0036213,Questionable,Knee,Limited Participation in Practice,Raekwon Davis,QUESTIONABLE
2022,1,MIA,S,Eric Rowe,00-0031555,Questionable,Pectoral,Limited Participation in Practice,Eric Rowe,QUESTIONABLE
2022,1,MIA,LB,Andrew Van Ginkel,00-0035272,Questionable,Illness,Limited Participation in Practice,Andrew Van Ginkel,QUESTIONABLE
2022,1,MIN,RB,Alexander Mattison,00-0034972,,,Did Not Participate In Practice,Alexander Mattison,
2022,1,MIN,S,Lewis Cine,00-0037245,Questionable,Knee,Did Not Participate In Practice,Lewis Cine,QUESTIONABLE
2022,1,MIN,DE,Jonathan Bullard,00-0033093,Questionable,Biceps,Full Participation in Practice,Jonathan Bullard,QUESTIONABLE
2022,1,NE,S,Joshuah Bledsoe,00-0036872,Questionable,Groin,Limited Participation in Practice,Joshuah Bledsoe,QUESTIONABLE
2022,1,NE,WR,Jakobi Meyers,00-0034960,Questionable,Knee,Limited Participation in Practice,Jakobi Meyers,QUESTIONABLE
2022,1,NE,WR,Ty Montgomery,00-0032200,Questionable,Knee,Limited Participation in Practice,Ty Montgomery,QUESTIONABLE
2022,1,NE,CB,Shaun Wade,00-0036559,Questionable,Ankle,Limited Participation in Practice,Shaun Wade,QUESTIONABLE
2022,1,NE,T,Isaiah Wynn,00-0034833,Questionable,Back,Limited Participation in Practice,Isaiah Wynn,QUESTIONABLE
2022,1,NO,T,Tanner Owen,00-0037433,,,Did Not Participate In Practice,Tanner Owen,
2022,1,NO,C,Erik McCoy,00-0035242,,,Full Participation in Practice,Erik McCoy,
2022,1,NO,LB,Pete Werner,00-0036927,,,Full Participation in Practice,Pete Werner,
2022,1,NO,CB,Paulson Adebo,00-0036937,Out,Ankle,Did Not Participate In Practice,Paulson Adebo,OUT
2022,1,NO,WR,Tre'Quan Smith,00-0034765,Out,Shoulder,Did Not Participate In Practice,Tre'Quan Smith,OUT
2022,1,NO,RB,Dwayne Washington,00-0032450,Out,Hamstring,Did Not Participate In Practice,Dwayne Washington,OUT
2022,1,NO,S,Tyrann Mathieu,00-0030459,Questionable,Illness,Did Not Participate In Practice,Tyrann Mathieu,QUESTIONABLE
2022,1,NO,S,J.T. Gray,00-0034116,Questionable,Hamstring,Limited Participation in Practice,J.T. Gray,QUESTIONABLE
2022,1,NO,WR,Michael Thomas,00-0032765,Questionable,Hamstring,Limited Participation in Practice,Michael Thomas,QUESTIONABLE
2022,1,NO,T,Landon Young,00-0036930,Questionable,Hip,Limited Participation in Practice,Landon Young,QUESTIONABLE
2022,1,NYG,WR,Sterling Shepard,00-0032385,,,Limited Participation in Practice,Sterling Shepard,
2022,1,NYG,LB,Azeez Ojulari,00-0036552,Doubtful,Calf,Limited Participation in Practice,Azeez Ojulari,DOUBTFUL
2022,1,NYG,LB,Kayvon Thibodeaux,00-0037611,Doubtful,Knee,Limited Participation in Practice,Kayvon Thibodeaux,DOUBTFUL
2022,1,NYG,S,Dane Belton,00-0038123,Questionable,Collarbone,Limited Participation in Practice,Dane Belton,QUESTIONABLE
2022,1,NYJ,T,Duane Brown,00-0026166,Out,Shoulder,Did Not Participate In Practice,Duane Brown,OUT
2022,1,NYJ,QB,Zach Wilson,00-0037013,Out,Knee,Did Not Participate In Practice,Zach Wilson,OUT
2022,1,NYJ,T,George Fant,00-0032466,Questionable,Knee,Full Participation in Practice,George Fant,QUESTIONABLE
2022,1,NYJ,CB,Justin Hardee,00-0033770,Questionable,Calf,Full Participation in Practice,Justin Hardee,QUESTIONABLE
2022,1,NYJ,T,Conor McDermott,00-0033300,Questionable,Ankle,Full Participation in Practice,Conor McDermott,QUESTIONABLE
2022,1,NYJ,CB,D.J. Reed,00-0034384,Questionable,Knee,Full Participation in Practice,D.J. Reed,QUESTIONABLE
2022,1,PHI,DE,Derek Barnett,00-0033876,,,Full Participation in Practice,Derek Barnett,
2022,1,PHI,DT,Javon Hargrave,00-0033109,,,Full Participation in Practice,Javon Hargrave,
2022,1,PHI,RB,Miles Sanders,00-0035243,,,Full Participation in Practice,Miles Sanders,
2022,1,PHI,CB,Josiah Scott,00-0036303,,,Full Participation in Practice,Josiah Scott,
2022,1,PIT,LB,Marcus Allen,00-0034335,,,Full Participation in Practice,Marcus Allen,
2022,1,PIT,DT,Cameron Heyward,00-0027969,,,Full Participation in Practice,Cameron Heyward,
2022,1,PIT,WR,Diontae Johnson,00-0035216,,,Full Participation in Practice,Diontae Johnson,
2022,1,PIT,T,Chukwuma Okorafor,00-0034768,,,Full Participation in Practice,Chukwuma Okorafor,
2022,1,SEA,G,Gabe Jackson,00-0031367,,,Did Not Participate In Practice,Gabe Jackson,
2022,1,SEA,T,Jake Curhan,00-0036795,,,Full Participation in Practice,Jake Curhan,
2022,1,SEA,CB,Sidney Jones,00-0033543,,,Full Participation in Practice,Sidney Jones,
2022,1,SEA,LB,Boye Mafe,00-0038133,,,Full Participation in Practice,Boye Mafe,
2022,1,SEA,S,Ryan Neal,00-0034527,,,Full Participation in Practice,Ryan Neal,
2022,1,SEA,LS,Tyler Ott,00-0031156,Out,Shoulder,Did Not Participate In Practice,Tyler Ott,OUT
2022,1,SEA,DE,Alton Robinson,00-0036426,Out,Knee,Did Not Participate In Practice,Alton Robinson,OUT
2022,1,SEA,CB,Artie Burns,00-0033103,Doubtful,Groin,Did Not Participate In Practice,Artie Burns,DOUBTFUL
2022,1,SEA,RB,Kenneth Walker,00-0038134,Questionable,Hernia,Did Not Participate In Practice,Kenneth Walker,QUESTIONABLE
2022,1,SEA,G,Damien Lewis,00-0036417,Questionable,Knee,Limited Participation in Practice,Damien Lewis,QUESTIONABLE
2022,1,SF,DE,Arik Armstead,00-0032164,,,Full Participation in Practice,Arik Armstead,
2022,1,SF,LB,Oren Burks,00-0034754,,,Full Participation in Practice,Oren Burks,
2022,1,SF,QB,Jimmy Garoppolo,00-0031345,,,Full Participation in Practice,Jimmy Garoppolo,
2022,1,SF,T,Mike McGlinchey,00-0034847,,,Full Participation in Practice,Mike McGlinchey,
2022,1,SF,LB,Dre Greenlaw,00-0034982,,,Limited Participation in Practice,Dre Greenlaw,
2022,1,SF,G,Daniel Brunskill,00-0033221,Out,Hamstring,Did Not Participate In Practice,Daniel Brunskill,OUT
2022,1,SF,TE,George Kittle,00-0033288,Questionable,Groin,Did Not Participate In Practice,George Kittle,QUESTIONABLE
2022,1,TB,LB,Lavonte David,00-0029562,,,Did Not Participate In Practice,Lavonte David,
2022,1,TB,WR,Mike Evans,00-0031408,,,Did Not Participate In Practice,Mike Evans,
2022,1,TB,RB,Giovani Bernard,00-0030456,,,Full Participation in Practice,Giovani Bernard,
2022,1,TB,S,Mike Edwards,00-0035681,,,Full Participation in Practice,Mike Edwards,
2022,1,TB,WR,Julio Jones,00-0027944,,,Full Participation in Practice,Julio Jones,
2022,1,TB,S,Logan Ryan,00-0030411,,,Full Participation in Practice,Logan Ryan,
2022,1,TB,T,Tristan Wirfs,00-0036406,,,Full Participation in Practice,Tristan Wirfs,
2022,1,TB,CB,Zyon McCollum,00-0037268,Out,Hamstring,Did Not Participate In Practice,Zyon McCollum,OUT
2022,1,TB,WR,Chris Godwin,00-0033921,Questionable,Knee,Full Participation in Practice,Chris Godwin,QUESTIONABLE
2022,1,TB,WR,Russell Gage,00-0034411,Questionable,Hamstring,Limited Participation in Practice,Russell Gage,QUESTIONABLE
2022,1,TEN,LB,Chance Campbell,00-0037312,Out,Knee,Did Not Participate In Practice,Chance Campbell,OUT
2022,1,TEN,CB,Lonnie Johnson,00-0035244,Out,Groin,Did Not Participate In Practice,Lonnie Johnson,OUT
2022,1,TEN,CB,Elijah Molden,00-0036992,Out,Groin,Did Not Participate In Practice,Elijah Molden,OUT
2022,1,TEN,T,Jamarco Jones,00-0034729,Out,Triceps,Limited Participation in Practice,Jamarco Jones,OUT
2022,1,TEN,LB,Olasunkanmi Adeniyi,00-0034204,Questionable,Neck,Did Not Participate In Practice,Olasunkanmi Adeniyi,QUESTIONABLE
2022,1,WAS,TE,John Bates,00-0036628,,,Full Participation in Practice,John Bates,
2022,1,WAS,DT,Phidarian Mathis,00-0038099,,,Full Participation in Practice,Phidarian Mathis,
2022,1,WAS,G,Trai Turner,00-0031362,,,Full Participation in Practice,Trai Turner,
2022,1,WAS,WR,Cam Sims,00-0034104,,,Limited Participation in Practice,Cam Sims,
2022,1,WAS,S,Kamren Curl,00-0036349,Out,Thumb,Did Not Participate In Practice,Kamren Curl,OUT
2022,1,WAS,TE,Logan Thomas,00-0031260,Questionable,Knee,Limited Participation in Practice,Logan Thomas,QUESTIONABLE
2022,1,WAS,TE,Cole Turner,00-0037078,Questionable,Hamstring,Limited Participation in Practice,Cole Turner,QUESTIONABLE
2022,2,ARI,T,Kelvin Beachum,00-0029316,,,Did Not Participate In Practice,Kelvin Beachum,
2022,2,ARI,C,Rodney Hudson,00-0027993,,,Did Not Participate In Practice,Rodney Hudson,
2022,2,ARI,TE,Zach Ertz,00-0030061,,,Full Participation in Practice,Zach Ertz,
2022,2,ARI,CB,Marco Wilson,00-0036884,,,Full Participation in Practice,Marco Wilson,
2022,2,ARI,WR,Marquise Brown,00-0035662,,,Limited Participation in Practice,Marquise Brown,
2022,2,ARI,WR,Andy Isabella,00-0035527,Out,Back,Did Not Participate In Practice,Andy Isabella,OUT
2022,2,ARI,WR,Rondale Moore,00-0036936,Out,Hamstring,Did Not Participate In Practice,Rondale Moore,OUT
2022,2,ARI,CB,Trayvon Mullen,00-0035695,Questionable,Toe,Limited Participation in Practice,Trayvon Mullen,QUESTIONABLE
2022,2,ARI,G,Justin Pugh,00-0030585,Questionable,Neck,Limited Participation in Practice,Justin Pugh,QUESTIONABLE
2022,2,ARI,S,Jalen Thompson,00-0035705,Questionable,Toe,Limited Participation in Practice,Jalen Thompson,QUESTIONABLE
2022,2,ARI,DE,J.J. Watt,00-0027949,Questionable,Calf,Limited Participation in Practice,J.J. Watt,QUESTIONABLE
2022,2,ATL,RB,Damien Williams,00-0030874,Out,Rib,Did Not Participate In Practice,Damien Williams,OUT
2022,2,BAL,TE,Nick Boyle,00-0031598,,,Did Not Participate In Practice,Nick Boyle,
2022,2,BAL,DE,Calais Campbell,00-0026190,,,Did Not Participate In Practice,Calais Campbell,
2022,2,BAL,LB,Justin Houston,00-0028008,,,Did Not Participate In Practice,Justin Houston,
2022,2,BAL,WR,James Proche,00-0036133,Doubtful,Groin,Did Not Participate In Practice,James Proche,DOUBTFUL
2022,2,BAL,T,Ronnie Stanley,00-0032965,Doubtful,Ankle,Limited Participation in Practice,Ronnie Stanley,DOUBTFUL
2022,2,BAL,CB,Marlon Humphrey,00-0033281,Questionable,Groin,Did Not Participate In Practice,Marlon Humphrey,QUESTIONABLE
2022,2,BAL,CB,Brandon Stephens,00-0036987,Questionable,Quadricep,Did Not Participate In Practice,Brandon Stephens,QUESTIONABLE
2022,2,BAL,RB,J.K. Dobbins,00-0036158,Questionable,Knee,Full Participation in Practice,J.K. Dobbins,QUESTIONABLE
2022,2,BAL,DT,Travis Jones,00-0037756,Questionable,Knee,Full Participation in Practice,Travis Jones,QUESTIONABLE
2022,2,BAL,CB,Marcus Peters,00-0032165,Questionable,Knee,Limited Participation in Practice,Marcus Peters,QUESTIONABLE
2022,2,BAL,FB,Patrick Ricard,00-0033376,Questionable,Calf,Limited Participation in Practice,Patrick Ricard,QUESTIONABLE
2022,2,BUF,T,Tommy Doyle,00-0036560,,,Full Participation in Practice,Tommy Doyle,
2022,2,BUF,TE,Quintin Morris,00-0036590,,,Full Participation in Practice,Quintin Morris,
2022,2,BUF,WR,Stefon Diggs,00-0031588,,,Limited Participation in Practice,Stefon Diggs,
2022,2,BUF,DT,Ed Oliver,00-0035230,Out,Ankle,Did Not Participate In Practice,Ed Oliver,OUT
2022,2,BUF,DT,Tim Settle,00-0034397,Doubtful,Calf,Limited Participation in Practice,Tim Settle,DOUBTFUL
2022,2,BUF,CB,Dane Jackson,00-0036166,Questionable,Knee,Full Participation in Practice,Dane Jackson,QUESTIONABLE
2022,2,BUF,WR,Gabe Davis,00-0036196,Questionable,Ankle,Limited Participation in Practice,Gabe Davis,QUESTIONABLE
2022,2,CAR,RB,Christian McCaffrey,00-0033280,,,Did Not Participate In Practice,Christian McCaffrey,
2022,2,CAR,DE,Marquis Haynes,00-0034382,,,Full Participation in Practice,Marquis Haynes,
2022,2,CAR,LB,Frankie Luvu,00-0034302,,,Full Participation in Practice,Frankie Luvu,
2022,2,CAR,T,Taylor Moton,00-0033284,,,Full Participation in Practice,Taylor Moton,
2022,2,CAR,LB,Brandon Smith,00-0038113,Doubtful,Thigh,Did Not Participate In Practice,Brandon Smith,DOUBTFUL
2022,2,CAR,WR,Shi Smith,00-0036572,Questionable,Groin,Did Not Participate In Practice,Shi Smith,QUESTIONABLE
2022,2,CHI,FB,Khari Blasingame,00-0035099,,,Full Participation in Practice,Khari Blasingame,
2022,2,CHI,T,Riley Reiff,00-0029672,,,Full Participation in Practice,Riley Reiff,
2022,2,CHI,WR,Velus Jones,00-0037745,Doubtful,Hamstring,Did Not Participate In Practice,Velus Jones,DOUBTFUL
2022,2,CIN,G,Alex Cappa,00-0034678,,,Full Participation in Practice,Alex Cappa,
2022,2,CIN,CB,Tre Flowers,00-0034756,,,Full Participation in Practice,Tre Flowers,
2022,2,CIN,DE,Trey Hendrickson,00-0033935,,,Full Participation in Practice,Trey Hendrickson,
2022,2,CIN,TE,Hayden Hurst,00-0034830,,,Full Participation in Practice,Hayden Hurst,
2022,2,CIN,G,Cordell Volson,00-0038095,,,Full Participation in Practice,Cordell Volson,
2022,2,CIN,WR,Trent Taylor,00-0033292,,,Limited Participation in Practice,Trent Taylor,
2022,2,CIN,WR,Tee Higgins,00-0036410,Questionable,Concussion,Full Participation in Practice,Tee Higgins,QUESTIONABLE
2022,2,CIN,DT,Josh Tupou,00-0033347,Questionable,Shin,Full Participation in Practice,Josh Tupou,QUESTIONABLE
2022,2,CIN,TE,Devin Asiasi,00-0036194,Questionable,Quadricep,Limited Participation in Practice,Devin Asiasi,QUESTIONABLE
2022,2,CLE,DT,Perrion Winfrey,00-0038126,,,Did Not Participate In Practice,Perrion Winfrey,
2022,2,CLE,WR,Amari Cooper,00-0031544,,,Full Participation in Practice,Amari Cooper,
2022,2,CLE,TE,David Njoku,00-0033885,,,Full Participation in Practice,David Njoku,
2022,2,CLE,DE,Isaiah Thomas,00-0037314,,,Full Participation in Practice,Isaiah Thomas,
2022,2,CLE,WR,Mike Woods,00-0037300,,,Full Participation in Practice,Mike Woods,
2022,2,CLE,T,Christopher Hubbard,00-0029963,Out,Elbow,Did Not Participate In Practice,Christopher Hubbard,OUT
2022,2,CLE,T,Jack Conklin,00-0033057,Questionable,Knee,Limited Participation in Practice,Jack Conklin,QUESTIONABLE
2022,2,DAL,DE,Tarell Basham,00-0033917,Out,Thigh,Did Not Participate In Practice,Tarell Basham,OUT
2022,2,DAL,S,Jayron Kearse,00-0032454,Out,Knee,Did Not Participate In Practice,Jayron Kearse,OUT
2022,2,DAL,G,Connor McGovern,00-0035679,Out,Ankle,Did Not Participate In Practice,Connor McGovern,OUT
2022,2,DAL,QB,Dak Prescott,00-0033077,Out,right Thumb,Did Not Participate In Practice,Dak Prescott,OUT
2022,2,DAL,WR,Michael Gallup,00-0034764,Out,Knee,Limited Participation in Practice,Michael Gallup,OUT
2022,2,DEN,WR,K.J. Hamler,00-0036412,Out,Knee,Did Not Participate In Practice,K.J. Hamler,OUT
2022,2,DEN,G,Quinn Meinerz,00-0037001,Out,Hamstring,Did Not Participate In Practice,Quinn Meinerz,OUT
2022,2,DEN,T,Billy Turner,00-0031433,Questionable,Knee,Full Participation in Practice,Billy Turner,QUESTIONABLE
2022,2,DEN,CB,K'Waun Williams,00-0031253,Questionable,Wrist,Full Participation in Practice,K'Waun Williams,QUESTIONABLE
2022,2,DEN,DE,Randy Gregory,00-0032197,Questionable,Shoulder,Limited Participation in Practice,Randy Gregory,QUESTIONABLE
2022,2,DEN,LB,Josey Jewell,00-0034368,Questionable,Calf,Limited Participation in Practice,Josey Jewell,QUESTIONABLE
2022,2,DEN,DT,DeShawn Williams,00-0031795,Questionable,Back,Limited Participation in Practice,DeShawn Williams,QUESTIONABLE
2022,2,DET,G,Tommy Kraemer,00-0036749,,,Did Not Participate In Practice,Tommy Kraemer,
2022,2,DET,DE,Michael Brockers,00-0029630,,,Full Participation in Practice,Michael Brockers,
2022,2,DET,T,Taylor Decker,00-0032381,,,Full Participation in Practice,Taylor Decker,
2022,2,DET,LB,Julian Okwara,00-0036249,,,Full Participation in Practice,Julian Okwara,
2022,2,DET,C,Frank Ragnow,00-0034345,Out,Groin,Did Not Participate In Practice,Frank Ragnow,OUT
2022,2,DET,G,Jonah Jackson,00-0036258,Questionable,Finger,Did Not Participate In Practice,Jonah Jackson,QUESTIONABLE
2022,2,DET,CB,Amani Oruwariye,00-0035270,Questionable,Back,Did Not Participate In Practice,Amani Oruwariye,QUESTIONABLE
2022,2,DET,S,Ifeatu Melifonwu,00-0036993,Questionable,Hamstring,Limited Participation in Practice,Ifeatu Melifonwu,QUESTIONABLE
2022,2,DET,RB,D'Andre Swift,00-0036275,Questionable,Ankle,Limited Participation in Practice,D'Andre Swift,QUESTIONABLE
2022,2,GB,C,Jake Hanson,00-0036273,,,Full Participation in Practice,Jake Hanson,
2022,2,GB,TE,Marcedes Lewis,00-0024243,,,Full Participation in Practice,Marcedes Lewis,
2022,2,GB,CB,Keisean Nixon,00-0035133,,,Full Participation in Practice,Keisean Nixon,
2022,2,GB,LB,Quay Walker,00-0037074,,,Full Participation in Practice,Quay Walker,
2022,2,GB,G,Elgton Jenkins,00-0035526,Questionable,Knee,Full Participation in Practice,Elgton Jenkins,QUESTIONABLE
2022,2,GB,T,David Bakhtiari,00-0030074,Questionable,Knee,Limited Participation in Practice,David Bakhtiari,QUESTIONABLE
2022,2,GB,WR,Allen Lazard,00-0034521,Questionable,Ankle,Limited Participation in Practice,Allen Lazard,QUESTIONABLE
2022,2,GB,G,Jon Runyan,00-0036246,Questionable,Concussion,Limited Participation in Practice,Jon Runyan,QUESTIONABLE
2022,2,HOU,DE,Jerry Hughes,00-0027881,,,Did Not Participate In Practice,Jerry Hughes,
2022,2,HOU,DT,Maliek Collins,00-0033131,,,Full Participation in Practice,Maliek Collins,
2022,2,HOU,DE,Rasheem Green,00-0034831,,,Full Participation in Practice,Rasheem Green,
2022,2,HOU,CB,Isaac Yiadom,00-0034780,,,Full Participation in Practice,Isaac Yiadom,
2022,2,HOU,C,Justin Britt,00-0031282,Out,Not injury related - personal matter,Did Not Participate In Practice,Justin Britt,OUT
2022,2,HOU,TE,Brevin Jordan,00-0036556,Questionable,Ankle,Limited Participation in Practice,Brevin Jordan,QUESTIONABLE
2022,2,IND,WR,Alec Pierce,00-0037664,Out,Concussion,Did Not Participate In Practice,Alec Pierce,OUT
2022,2,IND,LB,Shaquille Leonard,00-0034846,Out,Back,Full Participation in Practice,Shaquille Leonard,OUT
2022,2,IND,WR,Michael Pittman,00-0036252,Questionable,Quadricep,Did Not Participate In Practice,Michael Pittman,QUESTIONABLE
2022,2,IND,DT,DeForest Buckner,00-0032378,Questionable,Hip,Full Participation in Practice,DeForest Buckner,QUESTIONABLE
2022,2,IND,CB,Kenny Moore,00-0033393,Questionable,Hip,Full Participation in Practice,Kenny Moore,QUESTIONABLE
2022,2,KC,CB,Trent McDuffie,00-0037191,,,Did Not Participate In Practice,Trent McDuffie,
2022,2,KC,T,Orlando Brown,00-0034752,,,Full Participation in Practice,Orlando Brown,
2022,2,KC,LB,Willie Gay,00-0036362,,,Full Participation in Practice,Willie Gay,
2022,2,KC,QB,Patrick Mahomes,00-0033873,,,Full Participation in Practice,Patrick Mahomes,
2022,2,KC,S,Justin Reid,00-0034361,,,Full Participation in Practice,Justin Reid,
2022,2,KC,WR,JuJu Smith-Schuster,00-0033857,,,Full Participation in Practice,JuJu Smith-Schuster,
2022,2,KC,WR,Justin Watson,00-0034386,,,Full Participation in Practice,Justin Watson,
2022,2,KC,K,Harrison Butker,00-0033303,Out,left Ankle,Did Not Participate In Practice,Harrison Butker,OUT
2022,2,KC,G,Trey Smith,00-0036660,Questionable,Ankle,Full Participation in Practice,Trey Smith,QUESTIONABLE
2022,2,LA,DT,Aaron Donald,00-0031388,,,Did Not Participate In Practice,Aaron Donald,
2022,2,LA,C,Brian Allen,00-0034804,Out,Knee,Did Not Participate In Practice,Brian Allen,OUT
2022,2,LA,WR,Van Jefferson,00-0036415,Out,Knee,Did Not Participate In Practice,Van Jefferson,OUT
2022,2,LA,LB,Leonard Floyd,00-0033072,Questionable,Knee,Did Not Participate In Practice,Leonard Floyd,QUESTIONABLE
2022,2,LA,T,Joseph Noteboom,00-0034803,Questionable,Knee,Limited Participation in Practice,Joseph Noteboom,QUESTIONABLE
2022,2,LA,LS,Matt Orzech,00-0035118,Questionable,Calf,Limited Participation in Practice,Matt Orzech,QUESTIONABLE
2022,2,LAC,T,Rashawn Slater,00-0037009,,,Full Participation in Practice,Rashawn Slater,
2022,2,LAC,LB,Drue Tranquill,00-0035262,,,Full Participation in Practice,Drue Tranquill,
2022,2,LAC,WR,Keenan Allen,00-0030279,Out,Hamstring,Did Not Participate In Practice,Keenan Allen,OUT
2022,2,LAC,TE,Donald Parham,00-0035329,Out,Hamstring,Did Not Participate In Practice,Donald Parham,OUT
2022,2,LAC,CB,J.C. Jackson,00-0034591,Questionable,Ankle,Limited Participation in Practice,J.C. Jackson,QUESTIONABLE
2022,2,LV,CB,Nate Hobbs,00-0036871,,,Full Participation in Practice,Nate Hobbs,
2022,2,LV,CB,Sam Webb,00-0037516,,,Full Participation in Practice,Sam Webb,
2022,2,LV,C,Andre James,00-0035127,Out,Concussion,Did Not Participate In Practice,Andre James,OUT
2022,2,LV,S,Trevon Moehrig,00-0036962,Out,Hip,Did Not Participate In Practice,Trevon Moehrig,OUT
2022,2,LV,LB,Denzel Perryman,00-0032103,Out,Ankle,Did Not Participate In Practice,Denzel Perryman,OUT
2022,2,LV,RB,Brandon Bolden,00-0029239,Doubtful,Hamstring,Did Not Participate In Practice,Brandon Bolden,DOUBTFUL
2022,2,MIA,LB,Melvin Ingram,00-0029249,,,Did Not Participate In Practice,Melvin Ingram,
2022,2,MIA,T,Austin Jackson,00-0036248,,,Did Not Participate In Practice,Austin Jackson,
2022,2,MIA,TE,Tanner Conner,00-0037348,,,Full Participation in Practice,Tanner Conner,
2022,2,MIA,S,Brandon Jones,00-0036221,,,Full Participation in Practice,Brandon Jones,
2022,2,MIA,T,Greg Little,00-0035694,,,Full Participation in Practice,Greg Little,
2022,2,MIA,S,Eric Rowe,00-0031555,,,Full Participation in Practice,Eric Rowe,
2022,2,MIA,CB,Xavien Howard,00-0033050,,,Limited Participation in Practice,Xavien Howard,
2022,2,MIA,TE,Cethan Carter,00-0033338,Out,Concussion,Did Not Participate In Practice,Cethan Carter,OUT
2022,2,MIA,RB,Salvon Ahmed,00-0036020,Questionable,Heel,Limited Participation in Practice,Salvon Ahmed,QUESTIONABLE
2022,2,MIA,T,Terron Armstead,00-0030067,Questionable,Toe,Limited Participation in Practice,Terron Armstead,QUESTIONABLE
2022,2,MIA,TE,Hunter Long,00-0037004,Questionable,Ankle,Limited Participation in Practice,Hunter Long,QUESTIONABLE
2022,2,MIA,DT,Christian Wilkins,00-0035231,Questionable,Back,Limited Participation in Practice,Christian Wilkins,QUESTIONABLE
2022,2,MIA,WR,Cedrick Wilson,00-0034418,Questionable,Toe,Limited Participation in Practice,Cedrick Wilson,QUESTIONABLE
2022,2,MIN,CB,Patrick Peterson,00-0027943,,,Did Not Participate In Practice,Patrick Peterson,
2022,2,MIN,DE,Jonathan Bullard,00-0033093,,,Full Participation in Practice,Jonathan Bullard,
2022,2,MIN,S,Lewis Cine,00-0037245,,,Full Participation in Practice,Lewis Cine,
2022,2,MIN,DE,D.J. Wonnum,00-0036335,,,Full Participation in Practice,D.J. Wonnum,
2022,2,MIN,CB,Andrew Booth,00-0038130,Out,Quadricep,Did Not Participate In Practice,Andrew Booth,OUT
2022,2,NE,LB,Ja'Whaun Bentley,00-0034385,,,Full Participation in Practice,Ja'Whaun Bentley,
2022,2,NE,QB,Mac Jones,00-0036972,,,Full Participation in Practice,Mac Jones,
2022,2,NE,S,Joshuah Bledsoe,00-0036872,Questionable,Groin,Limited Participation in Practice,Joshuah Bledsoe,QUESTIONABLE
2022,2,NE,T,Trenton Brown,00-0032071,Questionable,Ankle,Limited Participation in Practice,Trenton Brown,QUESTIONABLE
2022,2,NE,LB,Raekwon McMillan,00-0033461,Questionable,Thumb,Limited Participation in Practice,Raekwon McMillan,QUESTIONABLE
2022,2,NE,S,Adrian Phillips,00-0031404,Questionable,Ribs,Limited Participation in Practice,Adrian Phillips,QUESTIONABLE
2022,2,NE,RB,Pierre Strong,00-0038098,Questionable,Shoulder,Limited Participation in Practice,Pierre Strong,QUESTIONABLE
2022,2,NE,CB,Shaun Wade,00-0036559,Questionable,Ankle,Limited Participation in Practice,Shaun Wade,QUESTIONABLE
2022,2,NO,DE,Cameron Jordan,00-0027962,,,Full Participation in Practice,Cameron Jordan,
2022,2,NO,S,Marcus Maye,00-0033892,,,Full Participation in Practice,Marcus Maye,
2022,2,NO,T,Calvin Throckmorton,00-0035764,,,Full Participation in Practice,Calvin Throckmorton,
2022,2,NO,T,Landon Young,00-0036930,,,Full Participation in Practice,Landon Young,
2022,2,NO,CB,Paulson Adebo,00-0036937,Out,Ankle,Did Not Participate In Practice,Paulson Adebo,OUT
2022,2,NO,RB,Alvin Kamara,00-0033906,Questionable,Rib,Did Not Participate In Practice,Alvin Kamara,QUESTIONABLE
2022,2,NO,RB,Mark Ingram,00-0027966,Questionable,Ankle,Limited Participation in Practice,Mark Ingram,QUESTIONABLE
2022,2,NO,WR,Tre'Quan Smith,00-0034765,Questionable,Shoulder,Limited Participation in Practice,Tre'Quan Smith,QUESTIONABLE
2022,2,NO,CB,Alontae Taylor,00-0038121,Questionable,Hip,Limited Participation in Practice,Alontae Taylor,QUESTIONABLE
2022,2,NO,RB,Dwayne Washington,00-0032450,Questionable,Hamstring,Limited Participation in Practice,Dwayne Washington,QUESTIONABLE
2022,2,NO,QB,Jameis Winston,00-0031503,Questionable,Back,Limited Participation in Practice,Jameis Winston,QUESTIONABLE
2022,2,NYG,S,Dane Belton,00-0038123,,,Full Participation in Practice,Dane Belton,
2022,2,NYG,C,Jon Feliciano,00-0032151,,,Full Participation in Practice,Jon Feliciano,
2022,2,NYG,T,Devery Hamilton,00-0036522,,,Limited Participation in Practice,Devery Hamilton,
2022,2,NYG,CB,Nick McCloud,00-0036589,Out,Hamstring,Did Not Participate In Practice,Nick McCloud,OUT
2022,2,NYG,CB,Aaron Robinson,00-0036899,Out,Appendicitis,Did Not Participate In Practice,Aaron Robinson,OUT
2022,2,NYG,WR,Wan'Dale Robinson,00-0038117,Out,Knee,Did Not Participate In Practice,Wan'Dale Robinson,OUT
2022,2,NYG,CB,Jason Pinnock,00-0036502,Out,Shoulder,Limited Participation in Practice,Jason Pinnock,OUT
2022,2,NYG,LB,Azeez Ojulari,00-0036552,Doubtful,Calf,Limited Participation in Practice,Azeez Ojulari,DOUBTFUL
2022,2,NYG,LB,Kayvon Thibodeaux,00-0037611,Doubtful,Knee,Limited Participation in Practice,Kayvon Thibodeaux,DOUBTFUL
2022,2,NYG,WR,Kadarius Toney,00-0036913,Questionable,Hamstring,Limited Participation in Practice,Kadarius Toney,QUESTIONABLE
2022,2,NYJ,QB,Zach Wilson,00-0037013,Out,Knee,Limited Participation in Practice,Zach Wilson,OUT
2022,2,NYJ,TE,C.J. Uzomah,00-0032134,Doubtful,Hamstring,Did Not Participate In Practice,C.J. Uzomah,DOUBTFUL
2022,2,NYJ,WR,Braxton Berrios,00-0034419,Questionable,Heel,Full Participation in Practice,Braxton Berrios,QUESTIONABLE
2022,2,NYJ,T,George Fant,00-0032466,Questionable,Knee,Full Participation in Practice,George Fant,QUESTIONABLE
2022,2,NYJ,DE,John Franklin-Myers,00-0034805,Questionable,Toe,Full Participation in Practice,John Franklin-Myers,QUESTIONABLE
2022,2,NYJ,P,Braden Mann,00-0036313,Questionable,Back,Full Participation in Practice,Braden Mann,QUESTIONABLE
2022,2,NYJ,S,Jordan Whitehead,00-0034374,Questionable,Ankle,Full Participation in Practice,Jordan Whitehead,QUESTIONABLE
2022,2,PHI,DT,Fletcher Cox,00-0029653,,,Full Participation in Practice,Fletcher Cox,
2022,2,PHI,G,Landon Dickerson,00-0037002,,,Full Participation in Practice,Landon Dickerson,
2022,2,PHI,DE,Brandon Graham,00-0027865,,,Full Participation in Practice,Brandon Graham,
2022,2,PHI,T,Lane Johnson,00-0030561,,,Full Participation in Practice,Lane Johnson,
2022,2,PHI,C,Jason Kelce,00-0028129,,,Full Participation in Practice,Jason Kelce,
2022,2,PHI,G,Isaac Seumalo,00-0032954,,,Full Participation in Practice,Isaac Seumalo,
2022,2,PHI,TE,Jack Stoll,00-0036741,,,Full Participation in Practice,Jack Stoll,
2022,2,PHI,DE,Josh Sweat,00-0034381,,,Full Participation in Practice,Josh Sweat,
2022,2,PIT,LB,T.J. Watt,00-0033886,,,Did Not Participate In Practice,T.J. Watt,
2022,2,PIT,C,Mason Cole,00-0034785,,,Full Participation in Practice,Mason Cole,
2022,2,PIT,RB,Najee Harris,00-0036893,,,Full Participation in Practice,Najee Harris,
2022,2,PIT,DT,Cameron Heyward,00-0027969,,,Full Participation in Practice,Cameron Heyward,
2022,2,PIT,LB,Robert Spillane,00-0034720,,,Full Participation in Practice,Robert Spillane,
2022,2,PIT,CB,Levi Wallace,00-0034514,,,Full Participation in Practice,Levi Wallace,
2022,2,SEA,S,Jamal Adams,00-0033872,,,Did Not Participate In Practice,Jamal Adams,
2022,2,SEA,LB,Cody Barton,00-0035672,,,Full Participation in Practice,Cody Barton,
2022,2,SEA,T,Jake Curhan,00-0036795,,,Full Participation in Practice,Jake Curhan,
2022,2,SEA,S,Quandre Diggs,00-0031608,,,Full Participation in Practice,Quandre Diggs,
2022,2,SEA,DE,Shelby Harris,00-0031270,,,Full Participation in Practice,Shelby Harris,
2022,2,SEA,G,Gabe Jackson,00-0031367,,,Full Participation in Practice,Gabe Jackson,
2022,2,SEA,G,Damien Lewis,00-0036417,,,Full Participation in Practice,Damien Lewis,
2022,2,SEA,S,Ryan Neal,00-0034527,,,Full Participation in Practice,Ryan Neal,
2022,2,SEA,LB,Uchenna Nwosu,00-0034350,,,Full Participation in Practice,Uchenna Nwosu,
2022,2,SEA,RB,Kenneth Walker,00-0038134,,,Full Participation in Practice,Kenneth Walker,
2022,2,SEA,CB,Tariq Woolen,00-0037079,,,Full Participation in Practice,Tariq Woolen,
2022,2,SEA,S,Joey Blount,00-0037141,Doubtful,Hamstring,Did Not Participate In Practice,Joey Blount,DOUBTFUL
2022,2,SEA,CB,Justin Coleman,00-0031796,Questionable,Calf,Did Not Participate In Practice,Justin Coleman,QUESTIONABLE
2022,2,SEA,CB,Artie Burns,00-0033103,Questionable,Groin,Limited Participation in Practice,Artie Burns,QUESTIONABLE
2022,2,SF,LB,Dre Greenlaw,00-0034982,,,Full Participation in Practice,Dre Greenlaw,
2022,2,SF,T,Trent Williams,00-0027857,,,Full Participation in Practice,Trent Williams,
2022,2,SF,CB,Samuel Womack,00-0037830,,,Full Participation in Practice,Samuel Womack,
2022,2,SF,G,Daniel Brunskill,00-0033221,Out,Hamstring,Did Not Participate In Practice,Daniel Brunskill,OUT
2022,2,SF,TE,George Kittle,00-0033288,Questionable,Groin,Limited Participation in Practice,George Kittle,QUESTIONABLE
2022,2,TB,LB,Lavonte David,00-0029562,,,Did Not Participate In Practice,Lavonte David,
2022,2,TB,DT,Akiem Hicks,00-0029657,,,Did Not Participate In Practice,Akiem Hicks,
2022,2,TB,QB,Tom Brady,00-0019596,,,Full Participation in Practice,Tom Brady,
2022,2,TB,WR,Chris Godwin,00-0033921,Out,Hamstring,Did Not Participate In Practice,Chris Godwin,OUT
2022,2,TB,T,Donovan Smith,00-0032217,Doubtful,Elbow,Did Not Participate In Practice,Donovan Smith,DOUBTFUL
2022,2,TB,CB,Zyon McCollum,00-0037268,Doubtful,Hamstring,Limited Participation in Practice,Zyon McCollum,DOUBTFUL
2022,2,TB,WR,Mike Evans,00-0031408,Questionable,Calf,Limited Participation in Practice,Mike Evans,QUESTIONABLE
2022,2,TB,RB,Leonard Fournette,00-0033856,Questionable,Hamstring,Limited Participation in Practice,Leonard Fournette,QUESTIONABLE
2022,2,TB,WR,Russell Gage,00-0034411,Questionable,Hamstring,Limited Participation in Practice,Russell Gage,QUESTIONABLE
2022,2,TB,WR,Julio Jones,00-0027944,Questionable,Knee,Limited Participation in Practice,Julio Jones,QUESTIONABLE
2022,2,TB,WR,Breshad Perriman,00-0032054,Questionable,Knee,Limited Participation in Practice,Breshad Perriman,QUESTIONABLE
2022,2,TB,T,Tristan Wirfs,00-0036406,Questionable,Abdomen,Limited Participation in Practice,Tristan Wirfs,QUESTIONABLE
2022,2,TEN,G,Nate Davis,00-0035649,,,Full Participation in Practice,Nate Davis,
2022,2,TEN,CB,Lonnie Johnson,00-0035244,,,Full Participation in Practice,Lonnie Johnson,
2022,2,TEN,C,Ben Jones,00-0029413,,,Full Participation in Practice,Ben Jones,
2022,2,TEN,T,Taylor Lewan,00-0031442,,,Full Participation in Practice,Taylor Lewan,
2022,2,TEN,LB,Olasunkanmi Adeniyi,00-0034204,,,Limited Participation in Practice,Olasunkanmi Adeniyi,
2022,2,TEN,T,Dillon Radunz,00-0036619,,,Limited Participation in Practice,Dillon Radunz,
2022,2,TEN,CB,Kristian Fulton,00-0036416,Out,Hamstring,Did Not Participate In Practice,Kristian Fulton,OUT
2022,2,TEN,RB,Dontrell Hilliard,00-0034253,Out,Hamstring,Did Not Participate In Practice,Dontrell Hilliard,OUT
2022,2,TEN,T,Jamarco Jones,00-0034729,Out,Elbow,Did Not Participate In Practice,Jamarco Jones,OUT
2022,2,TEN,WR,Kyle Philips,00-0037273,Questionable,Shoulder,Limited Participation in Practice,Kyle Philips,QUESTIONABLE
2022,2,WAS,LB,Jamin Davis,00-0036614,,,Full Participation in Practice,Jamin Davis,
2022,2,WAS,G,Trai Turner,00-0031362,,,Full Participation in Practice,Trai Turner,
2022,2,WAS,TE,Cole Turner,00-0037078,,,Full Participation in Practice,Cole Turner,
2022,2,WAS,LB,Cole Holcomb,00-0035286,,,Limited Participation in Practice,Cole Holcomb,
2022,2,WAS,DT,Jonathan Allen,00-0033523,Questionable,Groin,Full Participation in Practice,Jonathan Allen,QUESTIONABLE
2022,2,WAS,S,Kamren Curl,00-0036349,Questionable,Thumb,Limited Participation in Practice,Kamren Curl,QUESTIONABLE
2022,2,WAS,G,Wes Schweitzer,00-0032432,Questionable,Hamstring,Limited Participation in Practice,Wes Schweitzer,QUESTIONABLE
2022,3,ARI,T,Kelvin Beachum,00-0029316,,,Did Not Participate In Practice,Kelvin Beachum,
2022,3,ARI,WR,Marquise Brown,00-0035662,,,Did Not Participate In Practice,Marquise Brown,
2022,3,ARI,TE,Zach Ertz,00-0030061,,,Did Not Participate In Practice,Zach Ertz,
2022,3,ARI,WR,A.J. Green,00-0027942,,,Did Not Participate In Practice,A.J. Green,
2022,3,ARI,C,Rodney Hudson,00-0027993,,,Did Not Participate In Practice,Rodney Hudson,
2022,3,ARI,TE,Trey McBride,00-0037744,,,Did Not Participate In Practice,Trey McBride,
2022,3,ARI,G,Justin Pugh,00-0030585,,,Did Not Participate In Practice,Justin Pugh,
2022,3,ARI,WR,Andy Isabella,00-0035527,,,Full Participation in Practice,Andy Isabella,
2022,3,ARI,CB,Trayvon Mullen,00-0035695,,,Full Participation in Practice,Trayvon Mullen,
2022,3,ARI,DE,J.J. Watt,00-0027949,,,Full Participation in Practice,J.J. Watt,
2022,3,ARI,WR,Rondale Moore,00-0036936,Out,Hamstring,Did Not Participate In Practice,Rondale Moore,OUT
2022,3,ARI,LB,Ezekiel Turner,00-0034490,Out,Ankle,Did Not Participate In Practice,Ezekiel Turner,OUT
2022,3,ARI,RB,James Conner,00-0033553,Questionable,Ankle,Limited Participation in Practice,James Conner,QUESTIONABLE
2022,3,ATL,CB,Darren Hall,00-0036956,,,Full Participation in Practice,Darren Hall,
2022,3,ATL,G,Elijah Wilkinson,00-0033676,Out,Not injury related - personal matter,Did Not Participate In Practice,Elijah Wilkinson,OUT
2022,3,BAL,WR,Rashod Bateman,00-0036550,,,Did Not Participate In Practice,Rashod Bateman,
2022,3,BAL,DE,Calais Campbell,00-0026190,,,Did Not Participate In Practice,Calais Campbell,
2022,3,BAL,LB,Justin Houston,00-0028008,,,Did Not Participate In Practice,Justin Houston,
2022,3,BAL,WR,Devin Duvernay,00-0036331,,,Full Participation in Practice,Devin Duvernay,
2022,3,BAL,QB,Lamar Jackson,00-0034796,,,Full Participation in Practice,Lamar Jackson,
2022,3,BAL,DT,Travis Jones,00-0037756,,,Full Participation in Practice,Travis Jones,
2022,3,BAL,T,Ronnie Stanley,00-0032965,Doubtful,Ankle,Did Not Participate In Practice,Ronnie Stanley,DOUBTFUL
2022,3,BAL,RB,J.K. Dobbins,00-0036158,Questionable,Knee,Full Participation in Practice,J.K. Dobbins,QUESTIONABLE
2022,3,BAL,CB,Marlon Humphrey,00-0033281,Questionable,Groin,Full Participation in Practice,Marlon Humphrey,QUESTIONABLE
2022,3,BAL,CB,Marcus Peters,00-0032165,Questionable,Not injury related - resting player,Full Participation in Practice,Marcus Peters,QUESTIONABLE
2022,3,BAL,WR,James Proche,00-0036133,Questionable,Groin,Full Participation in Practice,James Proche,QUESTIONABLE
2022,3,BAL,CB,Brandon Stephens,00-0036987,Questionable,Quadricep,Full Participation in Practice,Brandon Stephens,QUESTIONABLE
2022,3,BAL,CB,Damarion Williams,00-0037984,Questionable,Ankle,Full Participation in Practice,Damarion Williams,QUESTIONABLE
2022,3,BAL,TE,Isaiah Likely,00-0037838,Questionable,Groin,Limited Participation in Practice,Isaiah Likely,QUESTIONABLE
2022,3,BUF,WR,Stefon Diggs,00-0031588,,,Did Not Participate In Practice,Stefon Diggs,
2022,3,BUF,RB,Reggie Gilliam,00-0036187,,,Full Participation in Practice,Reggie Gilliam,
2022,3,BUF,RB,Taiwan Jones,00-0028063,,,Full Participation in Practice,Taiwan Jones,
2022,3,BUF,CB,Cameron Lewis,00-0035357,,,Full Participation in Practice,Cameron Lewis,
2022,3,BUF,LB,Matt Milano,00-0033571,,,Full Participation in Practice,Matt Milano,
2022,3,BUF,S,Micah Hyde,00-0030090,Out,Neck,Did Not Participate In Practice,Micah Hyde,OUT
2022,3,BUF,CB,Dane Jackson,00-0036166,Out,Neck,Did Not Participate In Practice,Dane Jackson,OUT
2022,3,BUF,DT,Jordan Phillips,00-0031557,Out,Hamstring,Did Not Participate In Practice,Jordan Phillips,OUT
2022,3,BUF,DT,Ed Oliver,00-0035230,Out,Ankle,Limited Participation in Practice,Ed Oliver,OUT
2022,3,BUF,WR,Gabe Davis,00-0036196,Questionable,Ankle,Limited Participation in Practice,Gabe Davis,QUESTIONABLE
2022,3,BUF,TE,Dawson Knox,00-0035689,Questionable,Foot,Limited Participation in Practice,Dawson Knox,QUESTIONABLE
2022,3,BUF,C,Mitch Morse,00-0031936,Questionable,Elbow,Limited Participation in Practice,Mitch Morse,QUESTIONABLE
2022,3,BUF,S,Jordan Poyer,00-0030114,Questionable,Foot,Limited Participation in Practice,Jordan Poyer,QUESTIONABLE
2022,3,BUF,DT,Tim Settle,00-0034397,Questionable,Calf,Limited Participation in Practice,Tim Settle,QUESTIONABLE
2022,3,CAR,LB,Frankie Luvu,00-0034302,,,Full Participation in Practice,Frankie Luvu,
2022,3,CAR,RB,Christian McCaffrey,00-0033280,,,Full Participation in Practice,Christian McCaffrey,
2022,3,CAR,DE,Brian Burns,00-0035713,,,Limited Participation in Practice,Brian Burns,
2022,3,CAR,DT,Matt Ioannidis,00-0032781,,,Limited Participation in Practice,Matt Ioannidis,
2022,3,CAR,CB,Stantley Thomas-Oliver,00-0036315,Questionable,Achilles,Did Not Participate In Practice,Stantley Thomas-Oliver,QUESTIONABLE
2022,3,CAR,CB,Donte Jackson,00-0034356,Questionable,Hamstring,Full Participation in Practice,Donte Jackson,QUESTIONABLE
2022,3,CHI,LB,Matthew Adams,00-0034424,Out,Hamstring,Did Not Participate In Practice,Matthew Adams,OUT
2022,3,CHI,S,Dane Cruikshank,00-0034389,Out,Hamstring,Did Not Participate In Practice,Dane Cruikshank,OUT
2022,3,CHI,TE,Ryan Griffin,00-0030108,Out,Achilles,Did Not Participate In Practice,Ryan Griffin,OUT
2022,3,CHI,WR,Velus Jones,00-0037745,Doubtful,Hamstring,Limited Participation in Practice,Velus Jones,DOUBTFUL
2022,3,CHI,CB,Jaylon Johnson,00-0036292,Questionable,Quadricep,Did Not Participate In Practice,Jaylon Johnson,QUESTIONABLE
2022,3,CHI,LB,Roquan Smith,00-0034874,Questionable,Hip,Did Not Participate In Practice,Roquan Smith,QUESTIONABLE
2022,3,CIN,TE,Devin Asiasi,00-0036194,,,Full Participation in Practice,Devin Asiasi,
2022,3,CIN,WR,Tee Higgins,00-0036410,,,Full Participation in Practice,Tee Higgins,
2022,3,CIN,TE,Drew Sample,00-0035631,Out,Knee,Did Not Participate In Practice,Drew Sample,OUT
2022,3,CIN,LB,Germaine Pratt,00-0035697,Doubtful,Knee,Did Not Participate In Practice,Germaine Pratt,DOUBTFUL
2022,3,CIN,T,La'el Collins,00-0031534,Questionable,Back,Did Not Participate In Practice,La'el Collins,QUESTIONABLE
2022,3,CIN,TE,Hayden Hurst,00-0034830,Questionable,Groin,Limited Participation in Practice,Hayden Hurst,QUESTIONABLE
2022,3,CLE,TE,Jesse James,00-0032135,,,Did Not Participate In Practice,Jesse James,
2022,3,CLE,DE,Chase Winovich,00-0035654,,,Did Not Participate In Practice,Chase Winovich,
2022,3,CLE,TE,Harrison Bryant,00-0036232,,,Full Participation in Practice,Harrison Bryant,
2022,3,CLE,DE,Isaiah Thomas,00-0037314,,,Full Participation in Practice,Isaiah Thomas,
2022,3,CLE,G,Joel Bitonio,00-0031426,,,Limited Participation in Practice,Joel Bitonio,
2022,3,CLE,T,Jack Conklin,00-0033057,,,Limited Participation in Practice,Jack Conklin,
2022,3,CLE,DE,Myles Garrett,00-0033868,,,Limited Participation in Practice,Myles Garrett,
2022,3,CLE,T,Christopher Hubbard,00-0029963,,,Limited Participation in Practice,Christopher Hubbard,
2022,3,CLE,DE,Jadeveon Clowney,00-0031364,Out,Ankle,Did Not Participate In Practice,Jadeveon Clowney,OUT
2022,3,DAL,CB,Trevon Diggs,00-0036361,,,Full Participation in Practice,Trevon Diggs,
2022,3,DAL,S,Jayron Kearse,00-0032454,Out,Knee,Did Not Participate In Practice,Jayron Kearse,OUT
2022,3,DAL,QB,Dak Prescott,00-0033077,Out,right Thumb,Did Not Participate In Practice,Dak Prescott,OUT
2022,3,DAL,G,Connor McGovern,00-0035679,Out,Ankle,Limited Participation in Practice,Connor McGovern,OUT
2022,3,DAL,WR,Michael Gallup,00-0034764,Questionable,Knee,Full Participation in Practice,Michael Gallup,QUESTIONABLE
2022,3,DAL,DT,Quinton Bohanna,00-0036649,Questionable,Neck,Limited Participation in Practice,Quinton Bohanna,QUESTIONABLE
2022,3,DAL,LB,Micah Parsons,00-0036932,Questionable,Illness,Limited Participation in Practice,Micah Parsons,QUESTIONABLE
2022,3,DAL,TE,Dalton Schultz,00-0034383,Questionable,Knee,Limited Participation in Practice,Dalton Schultz,QUESTIONABLE
2022,3,DEN,DE,Randy Gregory,00-0032197,,,Full Participation in Practice,Randy Gregory,
2022,3,DEN,DT,D.J. Jones,00-0033297,,,Full Participation in Practice,D.J. Jones,
2022,3,DEN,G,Dalton Risner,00-0035702,,,Full Participation in Practice,Dalton Risner,
2022,3,DEN,S,Caden Sterns,00-0036633,,,Full Participation in Practice,Caden Sterns,
2022,3,DEN,CB,K'Waun Williams,00-0031253,,,Full Participation in Practice,K'Waun Williams,
2022,3,DEN,CB,Darius Phillips,00-0034683,Out,Hamstring,Did Not Participate In Practice,Darius Phillips,OUT
2022,3,DEN,WR,Tyrie Cleveland,00-0036439,Questionable,Hamstring,Did Not Participate In Practice,Tyrie Cleveland,QUESTIONABLE
2022,3,DEN,LB,Jonathon Cooper,00-0036952,Questionable,Hamstring,Did Not Participate In Practice,Jonathon Cooper,QUESTIONABLE
2022,3,DEN,DE,Dre'Mont Jones,00-0035678,Questionable,Neck,Did Not Participate In Practice,Dre'Mont Jones,QUESTIONABLE
2022,3,DEN,WR,K.J. Hamler,00-0036412,Questionable,Knee,Full Participation in Practice,K.J. Hamler,QUESTIONABLE
2022,3,DEN,DT,Mike Purcell,00-0029890,Questionable,Elbow,Full Participation in Practice,Mike Purcell,QUESTIONABLE
2022,3,DEN,CB,Patrick Surtain,00-0036874,Questionable,Shoulder,Full Participation in Practice,Patrick Surtain,QUESTIONABLE
2022,3,DEN,WR,Jerry Jeudy,00-0036407,Questionable,Rib,Limited Participation in Practice,Jerry Jeudy,QUESTIONABLE
2022,3,DEN,LB,Josey Jewell,00-0034368,Questionable,Calf,Limited Participation in Practice,Josey Jewell,QUESTIONABLE
2022,3,DEN,G,Quinn Meinerz,00-0037001,Questionable,Hamstring,Limited Participation in Practice,Quinn Meinerz,QUESTIONABLE
2022,3,DEN,T,Billy Turner,00-0031433,Questionable,Knee,Limited Participation in Practice,Billy Turner,QUESTIONABLE
2022,3,DET,S,Tracy Walker,00-0034745,,,Did Not Participate In Practice,Tracy Walker,
2022,3,DET,S,Juju Hughes,00-0036077,,,Full Participation in Practice,Juju Hughes,
2022,3,DET,S,Ifeatu Melifonwu,00-0036993,,,Full Participation in Practice,Ifeatu Melifonwu,
2022,3,DET,CB,Amani Oruwariye,00-0035270,,,Full Participation in Practice,Amani Oruwariye,
2022,3,DET,DE,John Cominsky,00-0035265,Out,Wrist,Did Not Participate In Practice,John Cominsky,OUT
2022,3,DET,G,Jonah Jackson,00-0036258,Out,Finger,Did Not Participate In Practice,Jonah Jackson,OUT
2022,3,DET,TE,T.J. Hockenson,00-0035229,Questionable,Hip,Limited Participation in Practice,T.J. Hockenson,QUESTIONABLE
2022,3,DET,DE,Aidan Hutchinson,00-0037236,Questionable,Thigh,Limited Participation in Practice,Aidan Hutchinson,QUESTIONABLE
2022,3,DET,C,Frank Ragnow,00-0034345,Questionable,Foot,Limited Participation in Practice,Frank Ragnow,QUESTIONABLE
2022,3,DET,RB,D'Andre Swift,00-0036275,Questionable,Ankle,Limited Participation in Practice,D'Andre Swift,QUESTIONABLE
2022,3,GB,K,Mason Crosby,00-0025580,,,Did Not Participate In Practice,Mason Crosby,
2022,3,GB,G,Elgton Jenkins,00-0035526,,,Full Participation in Practice,Elgton Jenkins,
2022,3,GB,DT,Kenny Clark,00-0033120,,,Limited Participation in Practice,Kenny Clark,
2022,3,GB,WR,Allen Lazard,00-0034521,,,Limited Participation in Practice,Allen Lazard,
2022,3,GB,WR,Sammy Watkins,00-0031325,Out,Hamstring,Did Not Participate In Practice,Sammy Watkins,OUT
2022,3,GB,WR,Randall Cobb,00-0028002,Questionable,Illness,Did Not Participate In Practice,Randall Cobb,QUESTIONABLE
2022,3,GB,WR,Christian Watson,00-0038124,Questionable,Hamstring,Did Not Participate In Practice,Christian Watson,QUESTIONABLE
2022,3,GB,T,David Bakhtiari,00-0030074,Questionable,Knee,Limited Participation in Practice,David Bakhtiari,QUESTIONABLE
2022,3,GB,TE,Marcedes Lewis,00-0024243,Questionable,Groin,Limited Participation in Practice,Marcedes Lewis,QUESTIONABLE
2022,3,HOU,DE,Jerry Hughes,00-0027881,,,Did Not Participate In Practice,Jerry Hughes,
2022,3,HOU,CB,Steven Nelson,00-0032150,,,Did Not Participate In Practice,Steven Nelson,
2022,3,HOU,LB,Blake Cashman,00-0035276,,,Full Participation in Practice,Blake Cashman,
2022,3,HOU,LB,Kamu Grugier-Hill,00-0032437,,,Full Participation in Practice,Kamu Grugier-Hill,
2022,3,HOU,QB,Davis Mills,00-0036898,,,Full Participation in Practice,Davis Mills,
2022,3,HOU,T,Austin Deculus,00-0037302,Out,Ankle,Did Not Participate In Practice,Austin Deculus,OUT
2022,3,HOU,TE,Brevin Jordan,00-0036556,Out,Ankle,Did Not Participate In Practice,Brevin Jordan,OUT
2022,3,HOU,CB,Isaac Yiadom,00-0034780,Out,Thigh,Did Not Participate In Practice,Isaac Yiadom,OUT
2022,3,HOU,DT,Maliek Collins,00-0033131,Questionable,Knee,Did Not Participate In Practice,Maliek Collins,QUESTIONABLE
2022,3,HOU,DT,Kurt Hinish,00-0037459,Questionable,Foot,Did Not Participate In Practice,Kurt Hinish,QUESTIONABLE
2022,3,HOU,TE,Pharaoh Brown,00-0033439,Questionable,Shoulder,Full Participation in Practice,Pharaoh Brown,QUESTIONABLE
2022,3,IND,S,Julian Blackmon,00-0036253,,,Full Participation in Practice,Julian Blackmon,
2022,3,IND,DT,DeForest Buckner,00-0032378,,,Full Participation in Practice,DeForest Buckner,
2022,3,IND,LB,Zaire Franklin,00-0034431,,,Full Participation in Practice,Zaire Franklin,
2022,3,IND,WR,Alec Pierce,00-0037664,,,Full Participation in Practice,Alec Pierce,
2022,3,IND,WR,Michael Pittman,00-0036252,,,Full Participation in Practice,Michael Pittman,
2022,3,IND,DT,Grover Stewart,00-0033952,,,Full Participation in Practice,Grover Stewart,
2022,3,IND,LB,Shaquille Leonard,00-0034846,Out,Back,Full Participation in Practice,Shaquille Leonard,OUT
2022,3,IND,T,Bernhard Raimann,00-0037757,Out,Ankle,Limited Participation in Practice,Bernhard Raimann,OUT
2022,3,IND,DE,Yannick Ngakoue,00-0033123,Questionable,Back,Limited Participation in Practice,Yannick Ngakoue,QUESTIONABLE
2022,3,JAX,CB,Shaquill Griffin,00-0033926,Questionable,Hip,Limited Participation in Practice,Shaquill Griffin,QUESTIONABLE
2022,3,KC,T,Orlando Brown,00-0034752,,,Full Participation in Practice,Orlando Brown,
2022,3,KC,WR,Mecole Hardman,00-0035140,,,Full Participation in Practice,Mecole Hardman,
2022,3,KC,G,Trey Smith,00-0036660,,,Full Participation in Practice,Trey Smith,
2022,3,KC,WR,JuJu Smith-Schuster,00-0033857,,,Full Participation in Practice,JuJu Smith-Schuster,
2022,3,KC,WR,Marquez Valdes-Scantling,00-0034272,,,Full Participation in Practice,Marquez Valdes-Scantling,
2022,3,KC,WR,Justin Watson,00-0034386,,,Full Participation in Practice,Justin Watson,
2022,3,KC,K,Harrison Butker,00-0033303,Out,left Ankle,Did Not Participate In Practice,Harrison Butker,OUT
2022,3,KC,DE,Michael Danna,00-0036378,Out,Calf,Did Not Participate In Practice,Michael Danna,OUT
2022,3,LA,DT,Aaron Donald,00-0031388,,,Full Participation in Practice,Aaron Donald,
2022,3,LA,C,Brian Allen,00-0034804,Out,Knee,Did Not Participate In Practice,Brian Allen,OUT
2022,3,LA,CB,Cobie Durant,00-0037839,Out,Hamstring,Did Not Participate In Practice,Cobie Durant,OUT
2022,3,LA,WR,Van Jefferson,00-0036415,Out,Knee,Did Not Participate In Practice,Van Jefferson,OUT
2022,3,LA,CB,David Long,00-0035665,Out,Hamstring,Did Not Participate In Practice,David Long,OUT
2022,3,LA,S,Jordan Fuller,00-0036431,Questionable,Hamstring,Did Not Participate In Practice,Jordan Fuller,QUESTIONABLE
2022,3,LAC,CB,J.C. Jackson,00-0034591,Doubtful,Ankle,Did Not Participate In Practice,J.C. Jackson,DOUBTFUL
2022,3,LAC,C,Corey Linsley,00-0031019,Doubtful,Knee,Did Not Participate In Practice,Corey Linsley,DOUBTFUL
2022,3,LAC,WR,Keenan Allen,00-0030279,Questionable,Hamstring,Did Not Participate In Practice,Keenan Allen,QUESTIONABLE
2022,3,LAC,QB,Justin Herbert,00-0036355,Questionable,Ribs,Did Not Participate In Practice,Justin Herbert,QUESTIONABLE
2022,3,LAC,T,Trey Pipkins,00-0035688,Questionable,Foot,Full Participation in Practice,Trey Pipkins,QUESTIONABLE
2022,3,LAC,TE,Donald Parham,00-0035329,Questionable,Hamstring,Limited Participation in Practice,Donald Parham,QUESTIONABLE
2022,3,LV,DE,Chandler Jones,00-0029585,,,Did Not Participate In Practice,Chandler Jones,
2022,3,LV,RB,Brandon Bolden,00-0029239,,,Full Participation in Practice,Brandon Bolden,
2022,3,LV,G,Jermaine Eluemunor,00-0033290,,,Full Participation in Practice,Jermaine Eluemunor,
2022,3,LV,FB,Jakob Johnson,00-0035726,,,Limited Participation in Practice,Jakob Johnson,
2022,3,LV,LB,Denzel Perryman,00-0032103,Out,Ankle,Did Not Participate In Practice,Denzel Perryman,OUT
2022,3,LV,WR,Hunter Renfrow,00-0034983,Out,Concussion,Did Not Participate In Practice,Hunter Renfrow,OUT
2022,3,LV,RB,Josh Jacobs,00-0035700,Questionable,Illness,Did Not Participate In Practice,Josh Jacobs,QUESTIONABLE
2022,3,LV,DT,Neil Farrell,00-0038093,Questionable,Shoulder,Limited Participation in Practice,Neil Farrell,QUESTIONABLE
2022,3,LV,C,Andre James,00-0035127,Questionable,Concussion,Limited Participation in Practice,Andre James,QUESTIONABLE
2022,3,LV,S,Trevon Moehrig,00-0036962,Questionable,Hip,Limited Participation in Practice,Trevon Moehrig,QUESTIONABLE
2022,3,LV,DE,Bilal Nichols,00-0034387,Questionable,Shoulder,Limited Participation in Practice,Bilal Nichols,QUESTIONABLE
2022,3,MIA,LB,Melvin Ingram,00-0029249,,,Did Not Participate In Practice,Melvin Ingram,
2022,3,MIA,TE,Tanner Conner,00-0037348,,,Full Participation in Practice,Tanner Conner,
2022,3,MIA,FB,Alec Ingold,00-0035125,,,Full Participation in Practice,Alec Ingold,
2022,3,MIA,LB,Channing Tindall,00-0037813,,,Full Participation in Practice,Channing Tindall,
2022,3,MIA,TE,Cethan Carter,00-0033338,Out,Concussion,Did Not Participate In Practice,Cethan Carter,OUT
2022,3,MIA,TE,Hunter Long,00-0037004,Out,Ankle,Did Not Participate In Practice,Hunter Long,OUT
2022,3,MIA,T,Terron Armstead,00-0030067,Questionable,Toe,Did Not Participate In Practice,Terron Armstead,QUESTIONABLE
2022,3,MIA,DT,Raekwon Davis,00-0036213,Questionable,Knee,Limited Participation in Practice,Raekwon Davis,QUESTIONABLE
2022,3,MIA,CB,Xavien Howard,00-0033050,Questionable,Groin,Limited Participation in Practice,Xavien Howard,QUESTIONABLE
2022,3,MIA,WR,Cedrick Wilson,00-0034418,Questionable,Ribs,Limited Participation in Practice,Cedrick Wilson,QUESTIONABLE
2022,3,MIN,CB,Andrew Booth,00-0038130,Out,Quadricep,Did Not Participate In Practice,Andrew Booth,OUT
2022,3,MIN,S,Harrison Smith,00-0029606,Out,Concussion,Did Not Participate In Practice,Harrison Smith,OUT
2022,3,MIN,LB,Eric Kendricks,00-0031554,Questionable,Toe,Limited Participation in Practice,Eric Kendricks,QUESTIONABLE
2022,3,NE,DE,DaMarcus Mitchell,00-0037202,,,Limited Participation in Practice,DaMarcus Mitchell,
2022,3,NE,LB,Raekwon McMillan,00-0033461,Questionable,Thumb,Did Not Participate In Practice,Raekwon McMillan,QUESTIONABLE
2022,3,NE,S,Joshuah Bledsoe,00-0036872,Questionable,Groin,Limited Participation in Practice,Joshuah Bledsoe,QUESTIONABLE
2022,3,NE,S,Cody Davis,00-0029764,Questionable,Calf,Limited Participation in Practice,Cody Davis,QUESTIONABLE
2022,3,NE,S,Kyle Dugger,00-0036231,Questionable,Knee,Limited Participation in Practice,Kyle Dugger,QUESTIONABLE
2022,3,NE,DT,Davon Godchaux,00-0033860,Questionable,Back,Limited Participation in Practice,Davon Godchaux,QUESTIONABLE
2022,3,NE,WR,Jakobi Meyers,00-0034960,Questionable,Knee,Limited Participation in Practice,Jakobi Meyers,QUESTIONABLE
2022,3,NE,CB,Jalen Mills,00-0032803,Questionable,Hamstring,Limited Participation in Practice,Jalen Mills,QUESTIONABLE
2022,3,NE,S,Adrian Phillips,00-0031404,Questionable,Ribs,Limited Participation in Practice,Adrian Phillips,QUESTIONABLE
2022,3,NO,WR,Deonte Harty,00-0035215,,,Full Participation in Practice,Deonte Harty,
2022,3,NO,FB,Adam Prentice,00-0036727,,,Full Participation in Practice,Adam Prentice,
2022,3,NO,WR,Tre'Quan Smith,00-0034765,,,Full Participation in Practice,Tre'Quan Smith,
2022,3,NO,CB,Alontae Taylor,00-0038121,Out,Knee,Did Not Participate In Practice,Alontae Taylor,OUT
2022,3,NO,CB,Paulson Adebo,00-0036937,Questionable,Ankle,Limited Participation in Practice,Paulson Adebo,QUESTIONABLE
2022,3,NO,QB,Taysom Hill,00-0033357,Questionable,Rib,Limited Participation in Practice,Taysom Hill,QUESTIONABLE
2022,3,NO,RB,Alvin Kamara,00-0033906,Questionable,Rib,Limited Participation in Practice,Alvin Kamara,QUESTIONABLE
2022,3,NO,S,Marcus Maye,00-0033892,Questionable,Rib,Limited Participation in Practice,Marcus Maye,QUESTIONABLE
2022,3,NO,T,Ryan Ramczyk,00-0033888,Questionable,Elbow,Limited Participation in Practice,Ryan Ramczyk,QUESTIONABLE
2022,3,NO,QB,Jameis Winston,00-0031503,Questionable,Back,Limited Participation in Practice,Jameis Winston,QUESTIONABLE
2022,3,NYG,QB,Tyrod Taylor,00-0028118,,,Did Not Participate In Practice,Tyrod Taylor,
2022,3,NYG,S,Dane Belton,00-0038123,,,Full Participation in Practice,Dane Belton,
2022,3,NYG,C,Jon Feliciano,00-0032151,,,Full Participation in Practice,Jon Feliciano,
2022,3,NYG,CB,Jason Pinnock,00-0036502,,,Full Participation in Practice,Jason Pinnock,
2022,3,NYG,CB,Justin Layne,00-0035650,Out,Concussion,Did Not Participate In Practice,Justin Layne,OUT
2022,3,NYG,CB,Nick McCloud,00-0036589,Out,Hamstring,Did Not Participate In Practice,Nick McCloud,OUT
2022,3,NYG,CB,Aaron Robinson,00-0036899,Out,Appendix,Did Not Participate In Practice,Aaron Robinson,OUT
2022,3,NYG,WR,Wan'Dale Robinson,00-0038117,Out,Knee,Did Not Participate In Practice,Wan'Dale Robinson,OUT
2022,3,NYG,WR,Kadarius Toney,00-0036913,Doubtful,Hamstring,Did Not Participate In Practice,Kadarius Toney,DOUBTFUL
2022,3,NYG,DT,Leonard Williams,00-0031933,Doubtful,Knee,Did Not Participate In Practice,Leonard Williams,DOUBTFUL
2022,3,NYG,DE,Azeez Ojulari,00-0036552,Questionable,Calf,Limited Participation in Practice,Azeez Ojulari,QUESTIONABLE
2022,3,NYG,LB,Kayvon Thibodeaux,00-0037611,Questionable,Knee,Limited Participation in Practice,Kayvon Thibodeaux,QUESTIONABLE
2022,3,NYJ,QB,Zach Wilson,00-0037013,Out,Knee,Limited Participation in Practice,Zach Wilson,OUT
2022,3,NYJ,DE,John Franklin-Myers,00-0034805,Questionable,Toe,Full Participation in Practice,John Franklin-Myers,QUESTIONABLE
2022,3,NYJ,TE,C.J. Uzomah,00-0032134,Questionable,Hamstring,Full Participation in Practice,C.J. Uzomah,QUESTIONABLE
2022,3,NYJ,S,Jordan Whitehead,00-0034374,Questionable,Calf,Full Participation in Practice,Jordan Whitehead,QUESTIONABLE
2022,3,NYJ,DT,Quinnen Williams,00-0035718,Questionable,Foot,Full Participation in Practice,Quinnen Williams,QUESTIONABLE
2022,3,NYJ,WR,Corey Davis,00-0033871,Questionable,Knee,Limited Participation in Practice,Corey Davis,QUESTIONABLE
2022,3,NYJ,T,George Fant,00-0032466,Questionable,Knee,Limited Participation in Practice,George Fant,QUESTIONABLE
2022,3,PHI,WR,A.J. Brown,00-0035676,,,Full Participation in Practice,A.J. Brown,
2022,3,PHI,DT,Fletcher Cox,00-0029653,,,Full Participation in Practice,Fletcher Cox,
2022,3,PHI,DE,Brandon Graham,00-0027865,,,Full Participation in Practice,Brandon Graham,
2022,3,PHI,T,Lane Johnson,00-0030561,,,Full Participation in Practice,Lane Johnson,
2022,3,PHI,C,Jason Kelce,00-0028129,,,Full Participation in Practice,Jason Kelce,
2022,3,PHI,CB,Avonte Maddox,00-0034377,,,Full Participation in Practice,Avonte Maddox,
2022,3,PHI,LB,Haason Reddick,00-0033875,,,Full Participation in Practice,Haason Reddick,
2022,3,PHI,G,Isaac Seumalo,00-0032954,,,Full Participation in Practice,Isaac Seumalo,
2022,3,PHI,CB,Darius Slay,00-0030062,,,Full Participation in Practice,Darius Slay,
2022,3,PHI,DE,Josh Sweat,00-0034381,,,Full Participation in Practice,Josh Sweat,
2022,3,PHI,WR,Quez Watkins,00-0036271,,,Full Participation in Practice,Quez Watkins,
2022,3,PHI,G,Landon Dickerson,00-0037002,Questionable,Foot,Did Not Participate In Practice,Landon Dickerson,QUESTIONABLE
2022,3,PIT,LB,Devin Bush,00-0035525,,,Full Participation in Practice,Devin Bush,
2022,3,PIT,S,Minkah Fitzpatrick,00-0034789,,,Limited Participation in Practice,Minkah Fitzpatrick,
2022,3,SEA,LB,Cody Barton,00-0035672,,,Full Participation in Practice,Cody Barton,
2022,3,SEA,C,Austin Blythe,00-0032455,,,Full Participation in Practice,Austin Blythe,
2022,3,SEA,CB,Artie Burns,00-0033103,,,Full Participation in Practice,Artie Burns,
2022,3,SEA,RB,DeeJay Dallas,00-0036425,,,Full Participation in Practice,DeeJay Dallas,
2022,3,SEA,G,Gabe Jackson,00-0031367,,,Full Participation in Practice,Gabe Jackson,
2022,3,SEA,G,Damien Lewis,00-0036417,,,Full Participation in Practice,Damien Lewis,
2022,3,SEA,LB,Uchenna Nwosu,00-0034350,,,Full Participation in Practice,Uchenna Nwosu,
2022,3,SEA,DT,Al Woods,00-0027723,,,Full Participation in Practice,Al Woods,
2022,3,SEA,DE,Shelby Harris,00-0031270,Out,Glute,Did Not Participate In Practice,Shelby Harris,OUT
2022,3,SEA,S,Joey Blount,00-0037141,Doubtful,Hamstring,Did Not Participate In Practice,Joey Blount,DOUBTFUL
2022,3,SEA,CB,Justin Coleman,00-0031796,Doubtful,Calf,Did Not Participate In Practice,Justin Coleman,DOUBTFUL
2022,3,SEA,S,Quandre Diggs,00-0031608,Questionable,Knee,Full Participation in Practice,Quandre Diggs,QUESTIONABLE
2022,3,SF,TE,George Kittle,00-0033288,,,Full Participation in Practice,George Kittle,
2022,3,SF,T,Trent Williams,00-0027857,,,Full Participation in Practice,Trent Williams,
2022,3,SF,G,Daniel Brunskill,00-0033221,Out,Hamstring,Did Not Participate In Practice,Daniel Brunskill,OUT
2022,3,SF,RB,Tyrion Davis-Price,00-0037827,Out,Ankle,Did Not Participate In Practice,Tyrion Davis-Price,OUT
2022,3,SF,TE,Tyler Kroft,00-0032214,Out,Knee,Did Not Participate In Practice,Tyler Kroft,OUT
2022,3,SF,DE,Arik Armstead,00-0032164,Questionable,Foot,Did Not Participate In Practice,Arik Armstead,QUESTIONABLE
2022,3,SF,T,Colton McKivitz,00-0036256,Questionable,Ankle,Limited Participation in Practice,Colton McKivitz,QUESTIONABLE
2022,3,TB,LB,Lavonte David,00-0029562,,,Did Not Participate In Practice,Lavonte David,
2022,3,TB,QB,Tom Brady,00-0019596,,,Full Participation in Practice,Tom Brady,
2022,3,TB,CB,Carlton Davis,00-0034778,,,Full Participation in Practice,Carlton Davis,
2022,3,TB,C,Robert Hainsey,00-0036985,,,Full Participation in Practice,Robert Hainsey,
2022,3,TB,CB,Zyon McCollum,00-0037268,,,Full Participation in Practice,Zyon McCollum,
2022,3,TB,WR,Scott Miller,00-0035298,,,Full Participation in Practice,Scott Miller,
2022,3,TB,WR,Chris Godwin,00-0033921,Out,Hamstring,Did Not Participate In Practice,Chris Godwin,OUT
2022,3,TB,DT,Akiem Hicks,00-0029657,Out,Foot,Did Not Participate In Practice,Akiem Hicks,OUT
2022,3,TB,TE,Cade Otton,00-0038129,Doubtful,Not injury related - personal matter,Did Not Participate In Practice,Cade Otton,DOUBTFUL
2022,3,TB,T,Donovan Smith,00-0032217,Doubtful,Elbow,Did Not Participate In Practice,Donovan Smith,DOUBTFUL
2022,3,TB,WR,Russell Gage,00-0034411,Questionable,Hamstring,Did Not Participate In Practice,Russell Gage,QUESTIONABLE
2022,3,TB,RB,Leonard Fournette,00-0033856,Questionable,Hamstring,Limited Participation in Practice,Leonard Fournette,QUESTIONABLE
2022,3,TB,WR,Julio Jones,00-0027944,Questionable,Knee,Limited Participation in Practice,Julio Jones,QUESTIONABLE
2022,3,TB,WR,Breshad Perriman,00-0032054,Questionable,Knee,Limited Participation in Practice,Breshad Perriman,QUESTIONABLE
2022,3,TEN,T,Jamarco Jones,00-0034729,,,Did Not Participate In Practice,Jamarco Jones,
2022,3,TEN,DE,Denico Autry,00-0031254,,,Full Participation in Practice,Denico Autry,
2022,3,TEN,WR,Treylon Burks,00-0037742,,,Full Participation in Practice,Treylon Burks,
2022,3,TEN,CB,Kristian Fulton,00-0036416,,,Full Participation in Practice,Kristian Fulton,
2022,3,TEN,RB,Dontrell Hilliard,00-0034253,,,Full Participation in Practice,Dontrell Hilliard,
2022,3,TEN,LB,Joseph Jones,00-0033659,,,Full Participation in Practice,Joseph Jones,
2022,3,TEN,LB,Olasunkanmi Adeniyi,00-0034204,Out,Neck,Did Not Participate In Practice,Olasunkanmi Adeniyi,OUT
2022,3,TEN,S,Ugochukwu Amadi,00-0035142,Out,Ankle,Did Not Participate In Practice,Ugochukwu Amadi,OUT
2022,3,TEN,LB,Bud Dupree,00-0032146,Out,Hip,Did Not Participate In Practice,Bud Dupree,OUT
2022,3,TEN,T,Taylor Lewan,00-0031442,Out,Knee,Did Not Participate In Practice,Taylor Lewan,OUT
2022,3,TEN,WR,Kyle Philips,00-0037273,Doubtful,Shoulder,Limited Participation in Practice,Kyle Philips,DOUBTFUL
2022,3,TEN,LB,Zach Cunningham,00-0033547,Questionable,Knee,Did Not Participate In Practice,Zach Cunningham,QUESTIONABLE
2022,3,WAS,DT,Jonathan Allen,00-0033523,,,Full Participation in Practice,Jonathan Allen,
2022,3,WAS,T,Saahdiq Charles,00-0036334,,,Full Participation in Practice,Saahdiq Charles,
2022,3,WAS,S,Kamren Curl,00-0036349,,,Full Participation in Practice,Kamren Curl,
2022,3,WAS,LB,Cole Holcomb,00-0035286,,,Full Participation in Practice,Cole Holcomb,
2022,3,WAS,G,Wes Schweitzer,00-0032432,,,Full Participation in Practice,Wes Schweitzer,
2022,3,WAS,DE,Shaka Toney,00-0036666,,,Full Participation in Practice,Shaka Toney,
2022,3,WAS,G,Trai Turner,00-0031362,,,Full Participation in Practice,Trai Turner,
2022,3,WAS,DE,James Smith-Williams,00-0036351,,,Limited Participation in Practice,James Smith-Williams,
2022,3,WAS,DE,Casey Toohill,00-0036403,Out,Concussion,Did Not Participate In Practice,Casey Toohill,OUT
2022,3,WAS,DE,Daniel Wise,00-0035423,Out,Ankle,Did Not Participate In Practice,Daniel Wise,OUT
2022,3,WAS,CB,William Jackson,00-0033107,Questionable,Back,"
    ",William Jackson,QUESTIONABLE
2022,3,WAS,LB,David Mayo,00-0031596,Questionable,Ankle,Limited Participation in Practice,David Mayo,QUESTIONABLE
2022,4,ARI,T,Kelvin Beachum,00-0029316,,,Did Not Participate In Practice,Kelvin Beachum,
2022,4,ARI,TE,Zach Ertz,00-0030061,,,Did Not Participate In Practice,Zach Ertz,
2022,4,ARI,RB,James Conner,00-0033553,,,Full Participation in Practice,James Conner,
2022,4,ARI,WR,Greg Dortch,00-0035500,,,Full Participation in Practice,Greg Dortch,
2022,4,ARI,G,Justin Pugh,00-0030585,,,Full Participation in Practice,Justin Pugh,
2022,4,ARI,WR,A.J. Green,00-0027942,Out,Knee,Did Not Participate In Practice,A.J. Green,OUT
2022,4,ARI,DT,Rashard Lawrence,00-0036373,Out,Hand,Did Not Participate In Practice,Rashard Lawrence,OUT
2022,4,ARI,LB,Ezekiel Turner,00-0034490,Out,Ankle,Did Not Participate In Practice,Ezekiel Turner,OUT
2022,4,ARI,WR,Marquise Brown,00-0035662,Questionable,Foot,Limited Participation in Practice,Marquise Brown,QUESTIONABLE
2022,4,ARI,LB,Zaven Collins,00-0036933,Questionable,Shoulder,Limited Participation in Practice,Zaven Collins,QUESTIONABLE
2022,4,ARI,C,Rodney Hudson,00-0027993,Questionable,Knee,Limited Participation in Practice,Rodney Hudson,QUESTIONABLE
2022,4,ARI,WR,Rondale Moore,00-0036936,Questionable,Hamstring,Limited Participation in Practice,Rondale Moore,QUESTIONABLE
2022,4,ARI,K,Matt Prater,00-0023853,Questionable,right Hip,Limited Participation in Practice,Matt Prater,QUESTIONABLE
2022,4,ARI,DE,J.J. Watt,00-0027949,Questionable,Calf,Limited Participation in Practice,J.J. Watt,QUESTIONABLE
2022,4,ATL,RB,Cordarrelle Patterson,00-0030578,Questionable,Knee,Limited Participation in Practice,Cordarrelle Patterson,QUESTIONABLE
2022,4,BAL,CB,Jalyn Armour-Davis,00-0038119,,,Did Not Participate In Practice,Jalyn Armour-Davis,
2022,4,BAL,DE,Calais Campbell,00-0026190,,,Did Not Participate In Practice,Calais Campbell,
2022,4,BAL,DT,Michael Pierce,00-0032574,,,Did Not Participate In Practice,Michael Pierce,
2022,4,BAL,RB,J.K. Dobbins,00-0036158,,,Full Participation in Practice,J.K. Dobbins,
2022,4,BAL,CB,Marcus Peters,00-0032165,,,Full Participation in Practice,Marcus Peters,
2022,4,BAL,WR,James Proche,00-0036133,,,Full Participation in Practice,James Proche,
2022,4,BAL,LB,Justin Houston,00-0028008,Doubtful,Groin,Did Not Participate In Practice,Justin Houston,DOUBTFUL
2022,4,BAL,G,Patrick Mekari,00-0035112,Doubtful,Ankle,Did Not Participate In Practice,Patrick Mekari,DOUBTFUL
2022,4,BAL,T,Ronnie Stanley,00-0032965,Questionable,Ankle,Did Not Participate In Practice,Ronnie Stanley,QUESTIONABLE
2022,4,BUF,WR,Stefon Diggs,00-0031588,,,Did Not Participate In Practice,Stefon Diggs,
2022,4,BUF,LB,Von Miller,00-0027940,,,Did Not Participate In Practice,Von Miller,
2022,4,BUF,G,Rodger Saffold,00-0027648,,,Did Not Participate In Practice,Rodger Saffold,
2022,4,BUF,C,Ryan Bates,00-0035382,,,Full Participation in Practice,Ryan Bates,
2022,4,BUF,T,Dion Dawkins,00-0033904,,,Full Participation in Practice,Dion Dawkins,
2022,4,BUF,CB,Cameron Lewis,00-0035357,,,Full Participation in Practice,Cameron Lewis,
2022,4,BUF,CB,Christian Benford,00-0037288,Out,Hand,Did Not Participate In Practice,Christian Benford,OUT
2022,4,BUF,WR,Jake Kumerow,00-0031787,Out,Ankle,Did Not Participate In Practice,Jake Kumerow,OUT
2022,4,BUF,DT,Jordan Phillips,00-0031557,Out,Hamstring,Did Not Participate In Practice,Jordan Phillips,OUT
2022,4,BUF,WR,Gabe Davis,00-0036196,Questionable,Ankle,Limited Participation in Practice,Gabe Davis,QUESTIONABLE
2022,4,BUF,CB,Dane Jackson,00-0036166,Questionable,Neck,Limited Participation in Practice,Dane Jackson,QUESTIONABLE
2022,4,BUF,TE,Dawson Knox,00-0035689,Questionable,Back,Limited Participation in Practice,Dawson Knox,QUESTIONABLE
2022,4,BUF,C,Mitch Morse,00-0031936,Questionable,Elbow,Limited Participation in Practice,Mitch Morse,QUESTIONABLE
2022,4,BUF,T,Justin Murray,00-0032528,Questionable,Foot,Limited Participation in Practice,Justin Murray,QUESTIONABLE
2022,4,BUF,DT,Ed Oliver,00-0035230,Questionable,Ankle,Limited Participation in Practice,Ed Oliver,QUESTIONABLE
2022,4,BUF,S,Jordan Poyer,00-0030114,Questionable,Foot,Limited Participation in Practice,Jordan Poyer,QUESTIONABLE
2022,4,CAR,CB,Jaycee Horn,00-0036944,,,Full Participation in Practice,Jaycee Horn,
2022,4,CAR,LB,Frankie Luvu,00-0034302,,,Full Participation in Practice,Frankie Luvu,
2022,4,CAR,CB,Donte Jackson,00-0034356,,,Limited Participation in Practice,Donte Jackson,
2022,4,CAR,TE,Ian Thomas,00-0034365,,,Limited Participation in Practice,Ian Thomas,
2022,4,CAR,S,Xavier Woods,00-0033579,,,Limited Participation in Practice,Xavier Woods,
2022,4,CAR,DE,Marquis Haynes,00-0034382,Questionable,Knee,Limited Participation in Practice,Marquis Haynes,QUESTIONABLE
2022,4,CAR,RB,Christian McCaffrey,00-0033280,Questionable,Thigh,Limited Participation in Practice,Christian McCaffrey,QUESTIONABLE
2022,4,CAR,WR,Laviska Shenault,00-0036268,Questionable,Hamstring,Limited Participation in Practice,Laviska Shenault,QUESTIONABLE
2022,4,CAR,CB,Stantley Thomas-Oliver,00-0036315,Questionable,Achilles,Limited Participation in Practice,Stantley Thomas-Oliver,QUESTIONABLE
2022,4,CHI,LB,Roquan Smith,00-0034874,,,Full Participation in Practice,Roquan Smith,
2022,4,CHI,S,Dane Cruikshank,00-0034389,Out,Hamstring,Did Not Participate In Practice,Dane Cruikshank,OUT
2022,4,CHI,CB,Jaylon Johnson,00-0036292,Out,Quadricep,Did Not Participate In Practice,Jaylon Johnson,OUT
2022,4,CHI,RB,David Montgomery,00-0035685,Out,Ankle,Did Not Participate In Practice,David Montgomery,OUT
2022,4,CHI,TE,Ryan Griffin,00-0030108,Doubtful,Achilles,Did Not Participate In Practice,Ryan Griffin,DOUBTFUL
2022,4,CHI,LB,Matthew Adams,00-0034424,Doubtful,Hamstring,Limited Participation in Practice,Matthew Adams,DOUBTFUL
2022,4,CHI,K,Cairo Santos,00-0031203,Questionable,Not injury related - personal matter,Did Not Participate In Practice,Cairo Santos,QUESTIONABLE
2022,4,CHI,WR,Velus Jones,00-0037745,Questionable,Hamstring,Full Participation in Practice,Velus Jones,QUESTIONABLE
2022,4,CHI,LB,Sterling Weatherford,00-0037406,Questionable,Ankle,Full Participation in Practice,Sterling Weatherford,QUESTIONABLE
2022,4,CHI,DE,Robert Quinn,00-0027952,Questionable,Illness,Limited Participation in Practice,Robert Quinn,QUESTIONABLE
2022,4,CIN,CB,Eli Apple,00-0032379,,,Full Participation in Practice,Eli Apple,
2022,4,CIN,WR,Tee Higgins,00-0036410,,,Full Participation in Practice,Tee Higgins,
2022,4,CIN,TE,Hayden Hurst,00-0034830,,,Full Participation in Practice,Hayden Hurst,
2022,4,CIN,RB,Joe Mixon,00-0033897,,,Full Participation in Practice,Joe Mixon,
2022,4,CIN,TE,Mitchell Wilcox,00-0035771,,,Full Participation in Practice,Mitchell Wilcox,
2022,4,CIN,DT,D.J. Reader,00-0032424,Out,Knee,Did Not Participate In Practice,D.J. Reader,OUT
2022,4,CIN,TE,Drew Sample,00-0035631,Out,Knee,Did Not Participate In Practice,Drew Sample,OUT
2022,4,CIN,T,La'el Collins,00-0031534,Questionable,Back,Full Participation in Practice,La'el Collins,QUESTIONABLE
2022,4,CIN,LB,Germaine Pratt,00-0035697,Questionable,Knee,Full Participation in Practice,Germaine Pratt,QUESTIONABLE
2022,4,CLE,WR,Amari Cooper,00-0031544,,,Full Participation in Practice,Amari Cooper,
2022,4,CLE,S,Ronnie Harrison,00-0034779,,,Full Participation in Practice,Ronnie Harrison,
2022,4,CLE,TE,David Njoku,00-0033885,,,Full Participation in Practice,David Njoku,
2022,4,CLE,DE,Isaiah Thomas,00-0037314,,,Full Participation in Practice,Isaiah Thomas,
2022,4,CLE,G,Joel Bitonio,00-0031426,,,Limited Participation in Practice,Joel Bitonio,
2022,4,CLE,T,Jack Conklin,00-0033057,,,Limited Participation in Practice,Jack Conklin,
2022,4,CLE,LB,Jeremiah Owusu-Koramoah,00-0036915,,,Limited Participation in Practice,Jeremiah Owusu-Koramoah,
2022,4,CLE,CB,Denzel Ward,00-0034856,,,Limited Participation in Practice,Denzel Ward,
2022,4,CLE,DT,Taven Bryan,00-0034842,Out,Hamstring,Did Not Participate In Practice,Taven Bryan,OUT
2022,4,CLE,T,Joe Haeg,00-0032419,Out,Concussion,Did Not Participate In Practice,Joe Haeg,OUT
2022,4,CLE,DE,Jadeveon Clowney,00-0031364,Questionable,Ankle,Did Not Participate In Practice,Jadeveon Clowney,QUESTIONABLE
2022,4,CLE,DE,Myles Garrett,00-0033868,Questionable,Shoulder,Did Not Participate In Practice,Myles Garrett,QUESTIONABLE
2022,4,DAL,WR,Simi Fehoko,00-0036646,,,Full Participation in Practice,Simi Fehoko,
2022,4,DAL,WR,Michael Gallup,00-0034764,,,Full Participation in Practice,Michael Gallup,
2022,4,DAL,LB,Luke Gifford,00-0035413,,,Full Participation in Practice,Luke Gifford,
2022,4,DAL,DE,Demarcus Lawrence,00-0031411,,,Full Participation in Practice,Demarcus Lawrence,
2022,4,DAL,QB,Dak Prescott,00-0033077,Out,right Thumb,Did Not Participate In Practice,Dak Prescott,OUT
2022,4,DAL,S,Jayron Kearse,00-0032454,Questionable,Knee,Limited Participation in Practice,Jayron Kearse,QUESTIONABLE
2022,4,DAL,G,Connor McGovern,00-0035679,Questionable,Ankle,Limited Participation in Practice,Connor McGovern,QUESTIONABLE
2022,4,DAL,TE,Dalton Schultz,00-0034383,Questionable,Knee,Limited Participation in Practice,Dalton Schultz,QUESTIONABLE
2022,4,DEN,LB,Baron Browning,00-0036995,,,Full Participation in Practice,Baron Browning,
2022,4,DEN,RB,Melvin Gordon,00-0032144,,,Full Participation in Practice,Melvin Gordon,
2022,4,DEN,DE,Randy Gregory,00-0032197,,,Full Participation in Practice,Randy Gregory,
2022,4,DEN,S,P.J. Locke,00-0035227,,,Full Participation in Practice,P.J. Locke,
2022,4,DEN,LB,Aaron Patrick,00-0036465,,,Full Participation in Practice,Aaron Patrick,
2022,4,DEN,DT,Mike Purcell,00-0029890,,,Full Participation in Practice,Mike Purcell,
2022,4,DEN,S,Caden Sterns,00-0036633,,,Full Participation in Practice,Caden Sterns,
2022,4,DEN,CB,K'Waun Williams,00-0031253,,,Full Participation in Practice,K'Waun Williams,
2022,4,DEN,WR,Tyrie Cleveland,00-0036439,Out,Hamstring,Did Not Participate In Practice,Tyrie Cleveland,OUT
2022,4,DEN,LB,Jonathon Cooper,00-0036952,Out,Hamstring,Did Not Participate In Practice,Jonathon Cooper,OUT
2022,4,DEN,G,Quinn Meinerz,00-0037001,Out,Hamstring,Did Not Participate In Practice,Quinn Meinerz,OUT
2022,4,DEN,CB,Darius Phillips,00-0034683,Out,Hamstring,Did Not Participate In Practice,Darius Phillips,OUT
2022,4,DEN,T,Billy Turner,00-0031433,Out,Knee,Did Not Participate In Practice,Billy Turner,OUT
2022,4,DEN,G,Dalton Risner,00-0035702,Questionable,Ankle,Full Participation in Practice,Dalton Risner,QUESTIONABLE
2022,4,DEN,DT,D.J. Jones,00-0033297,Questionable,Concussion,Limited Participation in Practice,D.J. Jones,QUESTIONABLE
2022,4,DET,LB,Chris Board,00-0034787,,,Full Participation in Practice,Chris Board,
2022,4,DET,TE,T.J. Hockenson,00-0035229,,,Full Participation in Practice,T.J. Hockenson,
2022,4,DET,CB,Bobby Price,00-0036011,,,Full Participation in Practice,Bobby Price,
2022,4,DET,C,Frank Ragnow,00-0034345,,,Full Participation in Practice,Frank Ragnow,
2022,4,DET,DT,John Cominsky,00-0035265,Out,Wrist,Did Not Participate In Practice,John Cominsky,OUT
2022,4,DET,G,Jonah Jackson,00-0036258,Out,Finger,Did Not Participate In Practice,Jonah Jackson,OUT
2022,4,DET,K,Austin Seibert,00-0035145,Out,right Groin,Did Not Participate In Practice,Austin Seibert,OUT
2022,4,DET,WR,Amon-Ra St. Brown,00-0036963,Out,Ankle,Did Not Participate In Practice,Amon-Ra St. Brown,OUT
2022,4,DET,RB,D'Andre Swift,00-0036275,Out,Shoulder,Did Not Participate In Practice,D'Andre Swift,OUT
2022,4,DET,WR,D.J. Chark,00-0034777,Questionable,Ankle,Limited Participation in Practice,D.J. Chark,QUESTIONABLE
2022,4,DET,WR,Josh Reynolds,00-0033943,Questionable,Ankle,Limited Participation in Practice,Josh Reynolds,QUESTIONABLE
2022,4,GB,RB,A.J. Dillon,00-0036265,,,Full Participation in Practice,A.J. Dillon,
2022,4,GB,WR,Christian Watson,00-0038124,,,Full Participation in Practice,Christian Watson,
2022,4,GB,T,David Bakhtiari,00-0030074,,,Limited Participation in Practice,David Bakhtiari,
2022,4,GB,LB,Jonathan Garvin,00-0036239,,,Limited Participation in Practice,Jonathan Garvin,
2022,4,GB,G,Elgton Jenkins,00-0035526,,,Limited Participation in Practice,Elgton Jenkins,
2022,4,GB,WR,Allen Lazard,00-0034521,,,Limited Participation in Practice,Allen Lazard,
2022,4,GB,TE,Marcedes Lewis,00-0024243,,,Limited Participation in Practice,Marcedes Lewis,
2022,4,GB,T,Caleb Jones,00-0037122,Out,Illness,Did Not Participate In Practice,Caleb Jones,OUT
2022,4,GB,CB,Jaire Alexander,00-0034728,Questionable,Groin,Limited Participation in Practice,Jaire Alexander,QUESTIONABLE
2022,4,HOU,WR,Brandin Cooks,00-0031236,,,Did Not Participate In Practice,Brandin Cooks,
2022,4,HOU,DE,Jerry Hughes,00-0027881,,,Did Not Participate In Practice,Jerry Hughes,
2022,4,HOU,LB,Blake Cashman,00-0035276,,,Full Participation in Practice,Blake Cashman,
2022,4,HOU,DT,Maliek Collins,00-0033131,,,Full Participation in Practice,Maliek Collins,
2022,4,HOU,RB,Dameon Pierce,00-0037258,,,Full Participation in Practice,Dameon Pierce,
2022,4,HOU,S,M.J. Stewart,00-0034355,,,Full Participation in Practice,M.J. Stewart,
2022,4,HOU,T,Austin Deculus,00-0037302,Out,Ankle,Did Not Participate In Practice,Austin Deculus,OUT
2022,4,HOU,TE,Brevin Jordan,00-0036556,Out,Ankle,Did Not Participate In Practice,Brevin Jordan,OUT
2022,4,HOU,DT,Kurt Hinish,00-0037459,Questionable,Foot,Full Participation in Practice,Kurt Hinish,QUESTIONABLE
2022,4,HOU,LB,Jalen Reeves-Maybin,00-0033557,Questionable,Back,Full Participation in Practice,Jalen Reeves-Maybin,QUESTIONABLE
2022,4,HOU,CB,Isaac Yiadom,00-0034780,Questionable,Thigh,Full Participation in Practice,Isaac Yiadom,QUESTIONABLE
2022,4,HOU,TE,Pharaoh Brown,00-0033439,Questionable,Shoulder,Limited Participation in Practice,Pharaoh Brown,QUESTIONABLE
2022,4,IND,CB,Stephon Gilmore,00-0029542,,,Full Participation in Practice,Stephon Gilmore,
2022,4,IND,C,Ryan Kelly,00-0032383,,,Full Participation in Practice,Ryan Kelly,
2022,4,IND,DE,Yannick Ngakoue,00-0033123,,,Full Participation in Practice,Yannick Ngakoue,
2022,4,IND,DE,Ifeadi Odenigbo,00-0033969,,,Full Participation in Practice,Ifeadi Odenigbo,
2022,4,IND,RB,Jonathan Taylor,00-0036223,,,Full Participation in Practice,Jonathan Taylor,
2022,4,IND,S,Julian Blackmon,00-0036253,Out,Ankle,Did Not Participate In Practice,Julian Blackmon,OUT
2022,4,IND,DT,DeForest Buckner,00-0032378,Questionable,Elbow,Did Not Participate In Practice,DeForest Buckner,QUESTIONABLE
2022,4,IND,LB,Shaquille Leonard,00-0034846,Questionable,Back,Full Participation in Practice,Shaquille Leonard,QUESTIONABLE
2022,4,IND,T,Bernhard Raimann,00-0037757,Questionable,Ankle,Full Participation in Practice,Bernhard Raimann,QUESTIONABLE
2022,4,JAX,LB,K'Lavon Chaisson,00-0036286,Questionable,Ankle,Limited Participation in Practice,K'Lavon Chaisson,QUESTIONABLE
2022,4,JAX,CB,Shaquill Griffin,00-0033926,Questionable,Hip,Limited Participation in Practice,Shaquill Griffin,QUESTIONABLE
2022,4,JAX,WR,Zay Jones,00-0033891,Questionable,Ankle,Limited Participation in Practice,Zay Jones,QUESTIONABLE
2022,4,JAX,G,Cole Van Lanen,00-0036655,Questionable,Hamstring,Limited Participation in Practice,Cole Van Lanen,QUESTIONABLE
2022,4,KC,DT,Chris Jones,00-0032762,,,Full Participation in Practice,Chris Jones,
2022,4,KC,RB,Ronald Jones,00-0034816,,,Full Participation in Practice,Ronald Jones,
2022,4,KC,WR,JuJu Smith-Schuster,00-0033857,,,Full Participation in Practice,JuJu Smith-Schuster,
2022,4,KC,T,Andrew Wylie,00-0033831,,,Full Participation in Practice,Andrew Wylie,
2022,4,KC,WR,Mecole Hardman,00-0035140,,,Limited Participation in Practice,Mecole Hardman,
2022,4,KC,DE,Michael Danna,00-0036378,Out,Calf,Limited Participation in Practice,Michael Danna,OUT
2022,4,KC,K,Harrison Butker,00-0033303,Questionable,left Ankle,Did Not Participate In Practice,Harrison Butker,QUESTIONABLE
2022,4,KC,DE,Joshua Kaindoh,00-0036632,Questionable,Illness,Did Not Participate In Practice,Joshua Kaindoh,QUESTIONABLE
2022,4,KC,WR,Marquez Valdes-Scantling,00-0034272,Questionable,Abdomen,Limited Participation in Practice,Marquez Valdes-Scantling,QUESTIONABLE
2022,4,LA,S,Jordan Fuller,00-0036431,,,Full Participation in Practice,Jordan Fuller,
2022,4,LA,CB,Derion Kendrick,00-0037842,,,Full Participation in Practice,Derion Kendrick,
2022,4,LA,C,Brian Allen,00-0034804,Out,Knee,Did Not Participate In Practice,Brian Allen,OUT
2022,4,LA,CB,Cobie Durant,00-0037839,Out,Hamstring,Did Not Participate In Practice,Cobie Durant,OUT
2022,4,LA,G,David Edwards,00-0035668,Out,Illness,Did Not Participate In Practice,David Edwards,OUT
2022,4,LA,CB,David Long,00-0035665,Out,Groin,Did Not Participate In Practice,David Long,OUT
2022,4,LAC,QB,Justin Herbert,00-0036355,,,Full Participation in Practice,Justin Herbert,
2022,4,LAC,CB,J.C. Jackson,00-0034591,,,Full Participation in Practice,J.C. Jackson,
2022,4,LAC,DT,Austin Johnson,00-0032763,,,Full Participation in Practice,Austin Johnson,
2022,4,LAC,WR,Keenan Allen,00-0030279,Out,Hamstring,Did Not Participate In Practice,Keenan Allen,OUT
2022,4,LAC,C,Corey Linsley,00-0031019,Questionable,Knee,Did Not Participate In Practice,Corey Linsley,QUESTIONABLE
2022,4,LAC,TE,Donald Parham,00-0035329,Questionable,Hamstring,Full Participation in Practice,Donald Parham,QUESTIONABLE
2022,4,LV,DT,Neil Farrell,00-0038093,,,Full Participation in Practice,Neil Farrell,
2022,4,LV,DT,Johnathan Hankins,00-0030063,,,Full Participation in Practice,Johnathan Hankins,
2022,4,LV,CB,Nate Hobbs,00-0036871,,,Full Participation in Practice,Nate Hobbs,
2022,4,LV,C,Andre James,00-0035127,,,Full Participation in Practice,Andre James,
2022,4,LV,T,Kolton Miller,00-0034759,,,Full Participation in Practice,Kolton Miller,
2022,4,LV,S,Trevon Moehrig,00-0036962,,,Full Participation in Practice,Trevon Moehrig,
2022,4,LV,DE,Bilal Nichols,00-0034387,,,Full Participation in Practice,Bilal Nichols,
2022,4,LV,LB,Denzel Perryman,00-0032103,,,Full Participation in Practice,Denzel Perryman,
2022,4,LV,TE,Foster Moreau,00-0034981,Out,Knee,Did Not Participate In Practice,Foster Moreau,OUT
2022,4,LV,WR,Hunter Renfrow,00-0034983,Out,Concussion,Did Not Participate In Practice,Hunter Renfrow,OUT
2022,4,LV,CB,Sam Webb,00-0037516,Questionable,Hamstring,Limited Participation in Practice,Sam Webb,QUESTIONABLE
2022,4,LV,CB,Rock Ya-Sin,00-0035637,Questionable,Knee,Limited Participation in Practice,Rock Ya-Sin,QUESTIONABLE
2022,4,MIA,LB,Melvin Ingram,00-0029249,,,Did Not Participate In Practice,Melvin Ingram,
2022,4,MIA,S,Jevon Holland,00-0036998,,,Full Participation in Practice,Jevon Holland,
2022,4,MIA,G,Robert Hunt,00-0036325,,,Full Participation in Practice,Robert Hunt,
2022,4,MIA,CB,Kader Kohou,00-0037353,,,Full Participation in Practice,Kader Kohou,
2022,4,MIA,T,Greg Little,00-0035694,,,Full Participation in Practice,Greg Little,
2022,4,MIA,DT,Zach Sieler,00-0034285,,,Full Participation in Practice,Zach Sieler,
2022,4,MIA,TE,Cethan Carter,00-0033338,Out,Concussion,Did Not Participate In Practice,Cethan Carter,OUT
2022,4,MIA,TE,Hunter Long,00-0037004,Out,Ankle,Did Not Participate In Practice,Hunter Long,OUT
2022,4,MIA,LB,Andrew Van Ginkel,00-0035272,Questionable,Illness,"
    ",Andrew Van Ginkel,QUESTIONABLE
2022,4,MIA,T,Terron Armstead,00-0030067,Questionable,Toe,Did Not Participate In Practice,Terron Armstead,QUESTIONABLE
2022,4,MIA,DT,Raekwon Davis,00-0036213,Questionable,Knee,Limited Participation in Practice,Raekwon Davis,QUESTIONABLE
2022,4,MIA,CB,Xavien Howard,00-0033050,Questionable,Groin,Limited Participation in Practice,Xavien Howard,QUESTIONABLE
2022,4,MIA,S,Brandon Jones,00-0036221,Questionable,Chest,Limited Participation in Practice,Brandon Jones,QUESTIONABLE
2022,4,MIA,QB,Tua Tagovailoa,00-0036212,Questionable,Back,Limited Participation in Practice,Tua Tagovailoa,QUESTIONABLE
2022,4,MIA,WR,Jaylen Waddle,00-0036613,Questionable,Groin,Limited Participation in Practice,Jaylen Waddle,QUESTIONABLE
2022,4,MIA,WR,Cedrick Wilson,00-0034418,Questionable,Ribs,Limited Participation in Practice,Cedrick Wilson,QUESTIONABLE
2022,4,MIN,RB,Dalvin Cook,00-0033893,,,Full Participation in Practice,Dalvin Cook,
2022,4,MIN,FB,C.J. Ham,00-0032918,,,Full Participation in Practice,C.J. Ham,
2022,4,MIN,LB,Eric Kendricks,00-0031554,,,Full Participation in Practice,Eric Kendricks,
2022,4,MIN,S,Harrison Smith,00-0029606,,,Full Participation in Practice,Harrison Smith,
2022,4,MIN,CB,Andrew Booth,00-0038130,Doubtful,Quadricep,Limited Participation in Practice,Andrew Booth,DOUBTFUL
2022,4,MIN,DE,Za'Darius Smith,00-0031576,Questionable,Knee,Limited Participation in Practice,Za'Darius Smith,QUESTIONABLE
2022,4,NE,T,Yodny Cajuste,00-0035252,Out,Thumb,Did Not Participate In Practice,Yodny Cajuste,OUT
2022,4,NE,DT,Lawrence Guy,00-0028171,Out,Shoulder,Did Not Participate In Practice,Lawrence Guy,OUT
2022,4,NE,QB,Mac Jones,00-0036972,Out,Ankle,Did Not Participate In Practice,Mac Jones,OUT
2022,4,NE,S,Joshuah Bledsoe,00-0036872,Questionable,Groin,Limited Participation in Practice,Joshuah Bledsoe,QUESTIONABLE
2022,4,NE,S,Kyle Dugger,00-0036231,Questionable,Knee,Limited Participation in Practice,Kyle Dugger,QUESTIONABLE
2022,4,NE,DT,Davon Godchaux,00-0033860,Questionable,Back,Limited Participation in Practice,Davon Godchaux,QUESTIONABLE
2022,4,NE,LB,Raekwon McMillan,00-0033461,Questionable,Thumb,Limited Participation in Practice,Raekwon McMillan,QUESTIONABLE
2022,4,NE,WR,Jakobi Meyers,00-0034960,Questionable,Knee,Limited Participation in Practice,Jakobi Meyers,QUESTIONABLE
2022,4,NE,CB,Jalen Mills,00-0032803,Questionable,Hamstring,Limited Participation in Practice,Jalen Mills,QUESTIONABLE
2022,4,NE,S,Adrian Phillips,00-0031404,Questionable,Ribs,Limited Participation in Practice,Adrian Phillips,QUESTIONABLE
2022,4,NO,T,Ryan Ramczyk,00-0033888,,,Did Not Participate In Practice,Ryan Ramczyk,
2022,4,NO,DE,Marcus Davenport,00-0034344,,,Full Participation in Practice,Marcus Davenport,
2022,4,NO,S,J.T. Gray,00-0034116,,,Full Participation in Practice,J.T. Gray,
2022,4,NO,TE,Taysom Hill,00-0033357,,,Full Participation in Practice,Taysom Hill,
2022,4,NO,WR,Tre'Quan Smith,00-0034765,,,Full Participation in Practice,Tre'Quan Smith,
2022,4,NO,CB,Paulson Adebo,00-0036937,,,Limited Participation in Practice,Paulson Adebo,
2022,4,NO,WR,Deonte Harty,00-0035215,,,Limited Participation in Practice,Deonte Harty,
2022,4,NO,S,Marcus Maye,00-0033892,Out,Rib,Did Not Participate In Practice,Marcus Maye,OUT
2022,4,NO,WR,Michael Thomas,00-0032765,Out,Foot,Did Not Participate In Practice,Michael Thomas,OUT
2022,4,NO,G,Andrus Peat,00-0032203,Out,Concussion,Limited Participation in Practice,Andrus Peat,OUT
2022,4,NO,QB,Jameis Winston,00-0031503,Doubtful,Back,Did Not Participate In Practice,Jameis Winston,DOUBTFUL
2022,4,NO,RB,Alvin Kamara,00-0033906,Questionable,Rib,Limited Participation in Practice,Alvin Kamara,QUESTIONABLE
2022,4,NO,WR,Jarvis Landry,00-0031382,Questionable,Ankle,Limited Participation in Practice,Jarvis Landry,QUESTIONABLE
2022,4,NYG,WR,Sterling Shepard,00-0032385,,,Did Not Participate In Practice,Sterling Shepard,
2022,4,NYG,CB,Justin Layne,00-0035650,,,Full Participation in Practice,Justin Layne,
2022,4,NYG,CB,Aaron Robinson,00-0036899,,,Full Participation in Practice,Aaron Robinson,
2022,4,NYG,LB,Jihad Ward,00-0033046,,,Full Participation in Practice,Jihad Ward,
2022,4,NYG,CB,Cordale Flott,00-0037758,Out,Calf,Did Not Participate In Practice,Cordale Flott,OUT
2022,4,NYG,CB,Nick McCloud,00-0036589,Out,Hamstring,Did Not Participate In Practice,Nick McCloud,OUT
2022,4,NYG,WR,Wan'Dale Robinson,00-0038117,Out,Knee,Did Not Participate In Practice,Wan'Dale Robinson,OUT
2022,4,NYG,WR,Kadarius Toney,00-0036913,Out,Hamstring,Did Not Participate In Practice,Kadarius Toney,OUT
2022,4,NYG,DT,Leonard Williams,00-0031933,Out,Knee,Did Not Participate In Practice,Leonard Williams,OUT
2022,4,NYJ,LB,Quincy Williams,00-0035680,Out,Ankle,Did Not Participate In Practice,Quincy Williams,OUT
2022,4,NYJ,CB,Brandin Echols,00-0036504,Questionable,Hamstring,Full Participation in Practice,Brandin Echols,QUESTIONABLE
2022,4,NYJ,DE,John Franklin-Myers,00-0034805,Questionable,Toe,Full Participation in Practice,John Franklin-Myers,QUESTIONABLE
2022,4,NYJ,QB,Zach Wilson,00-0037013,Questionable,Knee,Full Participation in Practice,Zach Wilson,QUESTIONABLE
2022,4,PHI,WR,A.J. Brown,00-0035676,,,Full Participation in Practice,A.J. Brown,
2022,4,PHI,G,Landon Dickerson,00-0037002,,,Full Participation in Practice,Landon Dickerson,
2022,4,PHI,RB,Miles Sanders,00-0035243,,,Full Participation in Practice,Miles Sanders,
2022,4,PHI,CB,Darius Slay,00-0030062,,,Full Participation in Practice,Darius Slay,
2022,4,PHI,WR,DeVonta Smith,00-0036912,,,Full Participation in Practice,DeVonta Smith,
2022,4,PHI,DT,Milton Williams,00-0036916,,,Full Participation in Practice,Milton Williams,
2022,4,PHI,DT,Fletcher Cox,00-0029653,,,Limited Participation in Practice,Fletcher Cox,
2022,4,PHI,DE,Brandon Graham,00-0027865,,,Limited Participation in Practice,Brandon Graham,
2022,4,PHI,T,Lane Johnson,00-0030561,,,Limited Participation in Practice,Lane Johnson,
2022,4,PHI,C,Jason Kelce,00-0028129,,,Limited Participation in Practice,Jason Kelce,
2022,4,PHI,G,Isaac Seumalo,00-0032954,,,Limited Participation in Practice,Isaac Seumalo,
2022,4,PHI,DE,Josh Sweat,00-0034381,,,Limited Participation in Practice,Josh Sweat,
2022,4,PHI,CB,Avonte Maddox,00-0034377,Out,Ankle,Did Not Participate In Practice,Avonte Maddox,OUT
2022,4,PHI,RB,Boston Scott,00-0034414,Out,Rib,Did Not Participate In Practice,Boston Scott,OUT
2022,4,PIT,DT,Larry Ogunjobi,00-0033905,,,Did Not Participate In Practice,Larry Ogunjobi,
2022,4,PIT,G,Kevin Dotson,00-0036339,,,Full Participation in Practice,Kevin Dotson,
2022,4,PIT,S,Minkah Fitzpatrick,00-0034789,,,Full Participation in Practice,Minkah Fitzpatrick,
2022,4,PIT,P,Pressley Harvin,00-0036847,,,Full Participation in Practice,Pressley Harvin,
2022,4,PIT,CB,Cameron Sutton,00-0033930,,,Limited Participation in Practice,Cameron Sutton,
2022,4,PIT,CB,Ahkello Witherspoon,00-0033783,Out,Hamstring,Did Not Participate In Practice,Ahkello Witherspoon,OUT
2022,4,SEA,C,Austin Blythe,00-0032455,,,Full Participation in Practice,Austin Blythe,
2022,4,SEA,WR,D'Wayne Eskridge,00-0036620,,,Full Participation in Practice,D'Wayne Eskridge,
2022,4,SEA,WR,Marquise Goodwin,00-0030068,,,Full Participation in Practice,Marquise Goodwin,
2022,4,SEA,DE,Shelby Harris,00-0031270,,,Full Participation in Practice,Shelby Harris,
2022,4,SEA,G,Gabe Jackson,00-0031367,,,Full Participation in Practice,Gabe Jackson,
2022,4,SEA,DT,Quinton Jefferson,00-0032416,,,Full Participation in Practice,Quinton Jefferson,
2022,4,SEA,RB,Kenneth Walker,00-0038134,,,Full Participation in Practice,Kenneth Walker,
2022,4,SEA,DT,Al Woods,00-0027723,,,Full Participation in Practice,Al Woods,
2022,4,SEA,CB,Justin Coleman,00-0031796,Doubtful,Calf,Did Not Participate In Practice,Justin Coleman,DOUBTFUL
2022,4,SEA,S,Joey Blount,00-0037141,Questionable,Hamstring,Full Participation in Practice,Joey Blount,QUESTIONABLE
2022,4,SEA,G,Phil Haynes,00-0035141,Questionable,Ankle,Full Participation in Practice,Phil Haynes,QUESTIONABLE
2022,4,SF,G,Daniel Brunskill,00-0033221,,,Full Participation in Practice,Daniel Brunskill,
2022,4,SF,RB,Jeffery Wilson,00-0034115,,,Limited Participation in Practice,Jeffery Wilson,
2022,4,SF,LB,Azeez Al-Shaair,00-0035166,Out,Knee,Did Not Participate In Practice,Azeez Al-Shaair,OUT
2022,4,SF,RB,Tyrion Davis-Price,00-0037827,Out,Ankle,Did Not Participate In Practice,Tyrion Davis-Price,OUT
2022,4,SF,TE,Tyler Kroft,00-0032214,Out,Knee,Did Not Participate In Practice,Tyler Kroft,OUT
2022,4,SF,S,Tarvarius Moore,00-0034263,Out,Hamstring,Did Not Participate In Practice,Tarvarius Moore,OUT
2022,4,SF,T,Trent Williams,00-0027857,Out,Ankle,Did Not Participate In Practice,Trent Williams,OUT
2022,4,SF,WR,Danny Gray,00-0037828,Doubtful,Hip,Did Not Participate In Practice,Danny Gray,DOUBTFUL
2022,4,SF,DE,Arik Armstead,00-0032164,Questionable,Foot,Limited Participation in Practice,Arik Armstead,QUESTIONABLE
2022,4,SF,TE,Ross Dwelley,00-0034073,Questionable,Rib,Limited Participation in Practice,Ross Dwelley,QUESTIONABLE
2022,4,SF,DT,Javon Kinlaw,00-0036260,Questionable,Knee,Limited Participation in Practice,Javon Kinlaw,QUESTIONABLE
2022,4,TB,LB,Lavonte David,00-0029562,,,Did Not Participate In Practice,Lavonte David,
2022,4,TB,QB,Tom Brady,00-0019596,,,Full Participation in Practice,Tom Brady,
2022,4,TB,DT,Logan Hall,00-0038127,,,Full Participation in Practice,Logan Hall,
2022,4,TB,DT,Akiem Hicks,00-0029657,Out,Foot,Did Not Participate In Practice,Akiem Hicks,OUT
2022,4,TB,WR,Breshad Perriman,00-0032054,Doubtful,Knee,Did Not Participate In Practice,Breshad Perriman,DOUBTFUL
2022,4,TB,WR,Russell Gage,00-0034411,Questionable,Hamstring,Did Not Participate In Practice,Russell Gage,QUESTIONABLE
2022,4,TB,WR,Julio Jones,00-0027944,Questionable,Knee,Did Not Participate In Practice,Julio Jones,QUESTIONABLE
2022,4,TB,WR,Chris Godwin,00-0033921,Questionable,Hamstring,Limited Participation in Practice,Chris Godwin,QUESTIONABLE
2022,4,TB,T,Donovan Smith,00-0032217,Questionable,Elbow,Limited Participation in Practice,Donovan Smith,QUESTIONABLE
2022,4,TEN,S,Kevin Byard,00-0033132,,,Did Not Participate In Practice,Kevin Byard,
2022,4,TEN,DT,Jeffery Simmons,00-0035643,,,Did Not Participate In Practice,Jeffery Simmons,
2022,4,TEN,WR,Treylon Burks,00-0037742,,,Full Participation in Practice,Treylon Burks,
2022,4,TEN,G,Nate Davis,00-0035649,,,Full Participation in Practice,Nate Davis,
2022,4,TEN,LB,Bud Dupree,00-0032146,,,Full Participation in Practice,Bud Dupree,
2022,4,TEN,TE,Austin Hooper,00-0032392,,,Full Participation in Practice,Austin Hooper,
2022,4,TEN,CB,Kristian Fulton,00-0036416,,,Limited Participation in Practice,Kristian Fulton,
2022,4,TEN,C,Ben Jones,00-0029413,,,Limited Participation in Practice,Ben Jones,
2022,4,TEN,S,Ugochukwu Amadi,00-0035142,Out,Ankle,Did Not Participate In Practice,Ugochukwu Amadi,OUT
2022,4,TEN,LB,Zach Cunningham,00-0033547,Out,Elbow,Did Not Participate In Practice,Zach Cunningham,OUT
2022,4,TEN,S,Amani Hooker,00-0035632,Out,Concussion,Did Not Participate In Practice,Amani Hooker,OUT
2022,4,TEN,WR,Cody Hollister,00-0033386,Questionable,Back,Did Not Participate In Practice,Cody Hollister,QUESTIONABLE
2022,4,TEN,LB,Olasunkanmi Adeniyi,00-0034204,Questionable,Neck,Limited Participation in Practice,Olasunkanmi Adeniyi,QUESTIONABLE
2022,4,TEN,CB,Roger McCreary,00-0038125,Questionable,Back,Limited Participation in Practice,Roger McCreary,QUESTIONABLE
2022,4,TEN,WR,Kyle Philips,00-0037273,Questionable,Shoulder,Limited Participation in Practice,Kyle Philips,QUESTIONABLE
2022,4,WAS,T,Saahdiq Charles,00-0036334,,,Full Participation in Practice,Saahdiq Charles,
2022,4,WAS,T,Samuel Cosmi,00-0036618,,,Full Participation in Practice,Samuel Cosmi,
2022,4,WAS,LB,Milo Eifler,00-0036511,,,Full Participation in Practice,Milo Eifler,
2022,4,WAS,CB,William Jackson,00-0033107,,,Full Participation in Practice,William Jackson,
2022,4,WAS,LB,David Mayo,00-0031596,,,Full Participation in Practice,David Mayo,
2022,4,WAS,DE,James Smith-Williams,00-0036351,,,Full Participation in Practice,James Smith-Williams,
2022,4,WAS,CB,Benjamin St-Juste,00-0036625,,,Full Participation in Practice,Benjamin St-Juste,
2022,4,WAS,DE,Casey Toohill,00-0036403,,,Full Participation in Practice,Casey Toohill,
2022,4,WAS,DT,Daniel Wise,00-0035423,,,Full Participation in Practice,Daniel Wise,
2022,4,WAS,G,Wes Schweitzer,00-0032432,Out,Concussion,Did Not Participate In Practice,Wes Schweitzer,OUT
2022,4,WAS,T,Charles Leno,00-0031095,Questionable,Shoulder,Limited Participation in Practice,Charles Leno,QUESTIONABLE
2022,5,ARI,T,Kelvin Beachum,00-0029316,,,Did Not Participate In Practice,Kelvin Beachum,
2022,5,ARI,TE,Zach Ertz,00-0030061,,,Did Not Participate In Practice,Zach Ertz,
2022,5,ARI,TE,Maxx Williams,00-0031558,,,Did Not Participate In Practice,Maxx Williams,
2022,5,ARI,WR,Marquise Brown,00-0035662,,,Full Participation in Practice,Marquise Brown,
2022,5,ARI,LB,Zaven Collins,00-0036933,,,Full Participation in Practice,Zaven Collins,
2022,5,ARI,WR,A.J. Green,00-0027942,,,Full Participation in Practice,A.J. Green,
2022,5,ARI,LB,Ezekiel Turner,00-0034490,,,Full Participation in Practice,Ezekiel Turner,
2022,5,ARI,DE,J.J. Watt,00-0027949,,,Full Participation in Practice,J.J. Watt,
2022,5,ARI,G,Max Garcia,00-0032132,Out,Toe,Did Not Participate In Practice,Max Garcia,OUT
2022,5,ARI,DT,Rashard Lawrence,00-0036373,Out,Hand,Did Not Participate In Practice,Rashard Lawrence,OUT
2022,5,ARI,K,Matt Prater,00-0023853,Out,right Hip,Did Not Participate In Practice,Matt Prater,OUT
2022,5,ARI,LB,Nick Vigil,00-0032892,Out,Hamstring,Did Not Participate In Practice,Nick Vigil,OUT
2022,5,ARI,C,Rodney Hudson,00-0027993,Doubtful,Knee,Did Not Participate In Practice,Rodney Hudson,DOUBTFUL
2022,5,ARI,CB,Trayvon Mullen,00-0035695,Questionable,Hamstring,Did Not Participate In Practice,Trayvon Mullen,QUESTIONABLE
2022,5,ARI,T,D.J. Humphries,00-0032222,Questionable,Hamstring,Limited Participation in Practice,D.J. Humphries,QUESTIONABLE
2022,5,ARI,WR,Rondale Moore,00-0036936,Questionable,Knee,Limited Participation in Practice,Rondale Moore,QUESTIONABLE
2022,5,ARI,G,Justin Pugh,00-0030585,Questionable,Elbow,Limited Participation in Practice,Justin Pugh,QUESTIONABLE
2022,5,ATL,P,Bradley Pinion,00-0032065,,,Did Not Participate In Practice,Bradley Pinion,
2022,5,ATL,TE,Kyle Pitts,00-0036970,Out,Hamstring,Did Not Participate In Practice,Kyle Pitts,OUT
2022,5,BAL,DE,Calais Campbell,00-0026190,,,Did Not Participate In Practice,Calais Campbell,
2022,5,BAL,DE,Jason Pierre-Paul,00-0027867,,,Did Not Participate In Practice,Jason Pierre-Paul,
2022,5,BAL,LB,Josh Bynes,00-0028278,,,Full Participation in Practice,Josh Bynes,
2022,5,BAL,RB,J.K. Dobbins,00-0036158,,,Full Participation in Practice,J.K. Dobbins,
2022,5,BAL,G,Patrick Mekari,00-0035112,,,Full Participation in Practice,Patrick Mekari,
2022,5,BAL,WR,Rashod Bateman,00-0036550,Out,Foot,Did Not Participate In Practice,Rashod Bateman,OUT
2022,5,BAL,G,Ben Cleveland,00-0036977,Out,Foot,Did Not Participate In Practice,Ben Cleveland,OUT
2022,5,BAL,RB,Justice Hill,00-0034975,Out,Hamstring,Did Not Participate In Practice,Justice Hill,OUT
2022,5,BAL,LB,Justin Houston,00-0028008,Out,Groin,Did Not Participate In Practice,Justin Houston,OUT
2022,5,BAL,CB,Marcus Peters,00-0032165,Questionable,Quadricep,Did Not Participate In Practice,Marcus Peters,QUESTIONABLE
2022,5,BAL,T,Ronnie Stanley,00-0032965,Questionable,Ankle,Did Not Participate In Practice,Ronnie Stanley,QUESTIONABLE
2022,5,BUF,WR,Stefon Diggs,00-0031588,,,Did Not Participate In Practice,Stefon Diggs,
2022,5,BUF,DT,DaQuan Jones,00-0031054,,,Did Not Participate In Practice,DaQuan Jones,
2022,5,BUF,LB,Von Miller,00-0027940,,,Did Not Participate In Practice,Von Miller,
2022,5,BUF,G,Rodger Saffold,00-0027648,,,Did Not Participate In Practice,Rodger Saffold,
2022,5,BUF,WR,Gabe Davis,00-0036196,,,Full Participation in Practice,Gabe Davis,
2022,5,BUF,CB,Cameron Lewis,00-0035357,,,Full Participation in Practice,Cameron Lewis,
2022,5,BUF,C,Mitch Morse,00-0031936,,,Full Participation in Practice,Mitch Morse,
2022,5,BUF,T,Justin Murray,00-0032528,,,Full Participation in Practice,Justin Murray,
2022,5,BUF,CB,Christian Benford,00-0037288,Out,Hand,Did Not Participate In Practice,Christian Benford,OUT
2022,5,BUF,WR,Jamison Crowder,00-0031941,Out,Ankle,Did Not Participate In Practice,Jamison Crowder,OUT
2022,5,BUF,TE,Dawson Knox,00-0035689,Out,Foot,Did Not Participate In Practice,Dawson Knox,OUT
2022,5,BUF,WR,Jake Kumerow,00-0031787,Out,Ankle,Did Not Participate In Practice,Jake Kumerow,OUT
2022,5,BUF,S,Jordan Poyer,00-0030114,Out,Ribs,Did Not Participate In Practice,Jordan Poyer,OUT
2022,5,BUF,LB,Tremaine Edmunds,00-0034673,Questionable,Hamstring,Did Not Participate In Practice,Tremaine Edmunds,QUESTIONABLE
2022,5,BUF,WR,Isaiah McKenzie,00-0033466,Questionable,Concussion,Limited Participation in Practice,Isaiah McKenzie,QUESTIONABLE
2022,5,BUF,DT,Ed Oliver,00-0035230,Questionable,Ankle,Limited Participation in Practice,Ed Oliver,QUESTIONABLE
2022,5,BUF,DT,Jordan Phillips,00-0031557,Questionable,Hamstring,Limited Participation in Practice,Jordan Phillips,QUESTIONABLE
2022,5,CAR,RB,Christian McCaffrey,00-0033280,,,Did Not Participate In Practice,Christian McCaffrey,
2022,5,CAR,LB,Shaq Thompson,00-0031550,,,Full Participation in Practice,Shaq Thompson,
2022,5,CAR,WR,Laviska Shenault,00-0036268,Out,Hamstring,Did Not Participate In Practice,Laviska Shenault,OUT
2022,5,CAR,TE,Stephen Sullivan,00-0036438,Out,Back,Did Not Participate In Practice,Stephen Sullivan,OUT
2022,5,CAR,CB,Stantley Thomas-Oliver,00-0036315,Out,Thigh,Did Not Participate In Practice,Stantley Thomas-Oliver,OUT
2022,5,CAR,S,Xavier Woods,00-0033579,Questionable,Hamstring,Did Not Participate In Practice,Xavier Woods,QUESTIONABLE
2022,5,CAR,DE,Marquis Haynes,00-0034382,Questionable,Knee,Full Participation in Practice,Marquis Haynes,QUESTIONABLE
2022,5,CAR,LB,Frankie Luvu,00-0034302,Questionable,Shoulder,Limited Participation in Practice,Frankie Luvu,QUESTIONABLE
2022,5,CHI,LB,Matthew Adams,00-0034424,,,Full Participation in Practice,Matthew Adams,
2022,5,CHI,TE,Ryan Griffin,00-0030108,,,Full Participation in Practice,Ryan Griffin,
2022,5,CHI,CB,Jaylon Jones,00-0037106,,,Full Participation in Practice,Jaylon Jones,
2022,5,CHI,DT,Justin Jones,00-0034677,,,Full Participation in Practice,Justin Jones,
2022,5,CHI,LB,Sterling Weatherford,00-0037406,,,Full Participation in Practice,Sterling Weatherford,
2022,5,CHI,S,Dane Cruikshank,00-0034389,Doubtful,Hamstring,Limited Participation in Practice,Dane Cruikshank,DOUBTFUL
2022,5,CHI,CB,Jaylon Johnson,00-0036292,Doubtful,Quadricep,Limited Participation in Practice,Jaylon Johnson,DOUBTFUL
2022,5,CHI,RB,David Montgomery,00-0035685,Questionable,Ankle,Limited Participation in Practice,David Montgomery,QUESTIONABLE
2022,5,CIN,K,Evan McPherson,00-0036854,,,Full Participation in Practice,Evan McPherson,
2022,5,CIN,LB,Germaine Pratt,00-0035697,,,Full Participation in Practice,Germaine Pratt,
2022,5,CIN,T,La'el Collins,00-0031534,,,Limited Participation in Practice,La'el Collins,
2022,5,CIN,TE,Hayden Hurst,00-0034830,Questionable,Groin,Did Not Participate In Practice,Hayden Hurst,QUESTIONABLE
2022,5,CIN,TE,Devin Asiasi,00-0036194,Questionable,Ankle,Limited Participation in Practice,Devin Asiasi,QUESTIONABLE
2022,5,CIN,WR,Tee Higgins,00-0036410,Questionable,Ankle,Limited Participation in Practice,Tee Higgins,QUESTIONABLE
2022,5,CLE,G,Joel Bitonio,00-0031426,,,Full Participation in Practice,Joel Bitonio,
2022,5,CLE,TE,Harrison Bryant,00-0036232,,,Full Participation in Practice,Harrison Bryant,
2022,5,CLE,T,Jack Conklin,00-0033057,,,Full Participation in Practice,Jack Conklin,
2022,5,CLE,WR,Amari Cooper,00-0031544,,,Full Participation in Practice,Amari Cooper,
2022,5,CLE,T,Joe Haeg,00-0032419,,,Full Participation in Practice,Joe Haeg,
2022,5,CLE,TE,David Njoku,00-0033885,,,Full Participation in Practice,David Njoku,
2022,5,CLE,DE,Isaiah Thomas,00-0037314,,,Full Participation in Practice,Isaiah Thomas,
2022,5,CLE,DT,Jordan Elliott,00-0036266,,,Limited Participation in Practice,Jordan Elliott,
2022,5,CLE,DE,Myles Garrett,00-0033868,,,Limited Participation in Practice,Myles Garrett,
2022,5,CLE,LB,Jeremiah Owusu-Koramoah,00-0036915,,,Limited Participation in Practice,Jeremiah Owusu-Koramoah,
2022,5,CLE,CB,Denzel Ward,00-0034856,,,Limited Participation in Practice,Denzel Ward,
2022,5,CLE,DT,Taven Bryan,00-0034842,Questionable,Hamstring,Limited Participation in Practice,Taven Bryan,QUESTIONABLE
2022,5,CLE,DE,Jadeveon Clowney,00-0031364,Questionable,Ankle,Limited Participation in Practice,Jadeveon Clowney,QUESTIONABLE
2022,5,DAL,WR,Noah Brown,00-0033591,,,Full Participation in Practice,Noah Brown,
2022,5,DAL,S,Malik Hooker,00-0033877,,,Full Participation in Practice,Malik Hooker,
2022,5,DAL,S,Jayron Kearse,00-0032454,,,Full Participation in Practice,Jayron Kearse,
2022,5,DAL,G,Connor McGovern,00-0035679,,,Full Participation in Practice,Connor McGovern,
2022,5,DAL,TE,Dalton Schultz,00-0034383,,,Full Participation in Practice,Dalton Schultz,
2022,5,DAL,S,Donovan Wilson,00-0035301,,,Limited Participation in Practice,Donovan Wilson,
2022,5,DAL,QB,Dak Prescott,00-0033077,Out,right Thumb,Did Not Participate In Practice,Dak Prescott,OUT
2022,5,DAL,T,Jason Peters,00-0022531,Doubtful,Chest,Limited Participation in Practice,Jason Peters,DOUBTFUL
2022,5,DAL,RB,Tony Pollard,00-0035261,Questionable,Illness,Did Not Participate In Practice,Tony Pollard,QUESTIONABLE
2022,5,DAL,DT,Quinton Bohanna,00-0036649,Questionable,Neck,Limited Participation in Practice,Quinton Bohanna,QUESTIONABLE
2022,5,DAL,TE,Jake Ferguson,00-0038041,Questionable,Knee,Limited Participation in Practice,Jake Ferguson,QUESTIONABLE
2022,5,DAL,WR,CeeDee Lamb,00-0036358,Questionable,Groin,Limited Participation in Practice,CeeDee Lamb,QUESTIONABLE
2022,5,DAL,CB,Jourdan Lewis,00-0033928,Questionable,Groin,Limited Participation in Practice,Jourdan Lewis,QUESTIONABLE
2022,5,DEN,DE,Randy Gregory,00-0032197,,,Did Not Participate In Practice,Randy Gregory,
2022,5,DEN,RB,Javonte Williams,00-0036997,,,Did Not Participate In Practice,Javonte Williams,
2022,5,DEN,RB,Melvin Gordon,00-0032144,,,Full Participation in Practice,Melvin Gordon,
2022,5,DEN,G,Dalton Risner,00-0035702,,,Full Participation in Practice,Dalton Risner,
2022,5,DEN,S,Caden Sterns,00-0036633,,,Full Participation in Practice,Caden Sterns,
2022,5,DEN,CB,K'Waun Williams,00-0031253,,,Full Participation in Practice,K'Waun Williams,
2022,5,DEN,QB,Russell Wilson,00-0029263,,,Limited Participation in Practice,Russell Wilson,
2022,5,DEN,LB,Jonathon Cooper,00-0036952,Out,Hamstring,Did Not Participate In Practice,Jonathon Cooper,OUT
2022,5,DEN,S,P.J. Locke,00-0035227,Out,Concussion,Did Not Participate In Practice,P.J. Locke,OUT
2022,5,DEN,G,Quinn Meinerz,00-0037001,Out,Hamstring,Did Not Participate In Practice,Quinn Meinerz,OUT
2022,5,DEN,LB,Aaron Patrick,00-0036465,Out,Concussion,Did Not Participate In Practice,Aaron Patrick,OUT
2022,5,DEN,WR,Tyrie Cleveland,00-0036439,Questionable,Hamstring,Limited Participation in Practice,Tyrie Cleveland,QUESTIONABLE
2022,5,DEN,CB,Darius Phillips,00-0034683,Questionable,Hamstring,Limited Participation in Practice,Darius Phillips,QUESTIONABLE
2022,5,DEN,T,Billy Turner,00-0031433,Questionable,Knee,Limited Participation in Practice,Billy Turner,QUESTIONABLE
2022,5,DET,T,Taylor Decker,00-0032381,,,Full Participation in Practice,Taylor Decker,
2022,5,DET,TE,T.J. Hockenson,00-0035229,,,Full Participation in Practice,T.J. Hockenson,
2022,5,DET,C,Frank Ragnow,00-0034345,,,Full Participation in Practice,Frank Ragnow,
2022,5,DET,K,Austin Seibert,00-0035145,,,Limited Participation in Practice,Austin Seibert,
2022,5,DET,WR,Quintez Cephus,00-0036277,Out,Foot,Did Not Participate In Practice,Quintez Cephus,OUT
2022,5,DET,WR,D.J. Chark,00-0034777,Out,Ankle,Did Not Participate In Practice,D.J. Chark,OUT
2022,5,DET,DT,John Cominsky,00-0035265,Out,Wrist,Did Not Participate In Practice,John Cominsky,OUT
2022,5,DET,DE,Charles Harris,00-0033880,Out,Groin,Did Not Participate In Practice,Charles Harris,OUT
2022,5,DET,T,Matt Nelson,00-0035328,Out,Calf,Did Not Participate In Practice,Matt Nelson,OUT
2022,5,DET,RB,D'Andre Swift,00-0036275,Out,Shoulder,Did Not Participate In Practice,D'Andre Swift,OUT
2022,5,DET,G,Jonah Jackson,00-0036258,Questionable,Finger,Full Participation in Practice,Jonah Jackson,QUESTIONABLE
2022,5,DET,G,Kayode Awosika,00-0036736,Questionable,Hamstring,Limited Participation in Practice,Kayode Awosika,QUESTIONABLE
2022,5,DET,LB,Chris Board,00-0034787,Questionable,Knee,Limited Participation in Practice,Chris Board,QUESTIONABLE
2022,5,DET,C,Evan Brown,00-0034495,Questionable,Ankle,Limited Participation in Practice,Evan Brown,QUESTIONABLE
2022,5,DET,WR,Josh Reynolds,00-0033943,Questionable,Ankle,Limited Participation in Practice,Josh Reynolds,QUESTIONABLE
2022,5,DET,WR,Amon-Ra St. Brown,00-0036963,Questionable,Ankle,Limited Participation in Practice,Amon-Ra St. Brown,QUESTIONABLE
2022,5,GB,T,David Bakhtiari,00-0030074,,,Did Not Participate In Practice,David Bakhtiari,
2022,5,GB,CB,Jaire Alexander,00-0034728,,,Full Participation in Practice,Jaire Alexander,
2022,5,GB,TE,Marcedes Lewis,00-0024243,,,Full Participation in Practice,Marcedes Lewis,
2022,5,GB,G,Elgton Jenkins,00-0035526,,,Limited Participation in Practice,Elgton Jenkins,
2022,5,GB,WR,Allen Lazard,00-0034521,,,Limited Participation in Practice,Allen Lazard,
2022,5,GB,C,Josh Myers,00-0036622,,,Limited Participation in Practice,Josh Myers,
2022,5,GB,DT,Devonte Wyatt,00-0037075,Questionable,Quadricep,Did Not Participate In Practice,Devonte Wyatt,QUESTIONABLE
2022,5,GB,S,Adrian Amos,00-0031584,Questionable,Concussion,Limited Participation in Practice,Adrian Amos,QUESTIONABLE
2022,5,GB,S,Tariq Carpenter,00-0037090,Questionable,Abdomen,Limited Participation in Practice,Tariq Carpenter,QUESTIONABLE
2022,5,HOU,DE,Jerry Hughes,00-0027881,,,Did Not Participate In Practice,Jerry Hughes,
2022,5,HOU,LB,Christian Kirksey,00-0031361,,,Did Not Participate In Practice,Christian Kirksey,
2022,5,HOU,DT,Maliek Collins,00-0033131,,,Full Participation in Practice,Maliek Collins,
2022,5,HOU,G,Kenyon Green,00-0037613,,,Full Participation in Practice,Kenyon Green,
2022,5,HOU,DT,Kurt Hinish,00-0037459,,,Full Participation in Practice,Kurt Hinish,
2022,5,HOU,T,Tytus Howard,00-0035234,,,Full Participation in Practice,Tytus Howard,
2022,5,HOU,CB,Derek Stingley,00-0037237,,,Full Participation in Practice,Derek Stingley,
2022,5,HOU,WR,Brandin Cooks,00-0031236,,,Limited Participation in Practice,Brandin Cooks,
2022,5,HOU,LB,Blake Cashman,00-0035276,Out,Concussion,Did Not Participate In Practice,Blake Cashman,OUT
2022,5,HOU,T,Austin Deculus,00-0037302,Out,Ankle,Did Not Participate In Practice,Austin Deculus,OUT
2022,5,HOU,TE,Brevin Jordan,00-0036556,Out,Ankle,Did Not Participate In Practice,Brevin Jordan,OUT
2022,5,HOU,WR,Chris Moore,00-0032398,Out,Hip,Did Not Participate In Practice,Chris Moore,OUT
2022,5,HOU,DE,Jonathan Greenard,00-0036224,Questionable,Ankle,Limited Participation in Practice,Jonathan Greenard,QUESTIONABLE
2022,5,HOU,LB,Jake Hansen,00-0037457,Questionable,Ankle,Limited Participation in Practice,Jake Hansen,QUESTIONABLE
2022,5,IND,DT,DeForest Buckner,00-0032378,,,Full Participation in Practice,DeForest Buckner,
2022,5,IND,C,Ryan Kelly,00-0032383,,,Full Participation in Practice,Ryan Kelly,
2022,5,IND,S,Julian Blackmon,00-0036253,Out,Ankle,Did Not Participate In Practice,Julian Blackmon,OUT
2022,5,IND,LB,Shaquille Leonard,00-0034846,Out,Concussion,Did Not Participate In Practice,Shaquille Leonard,OUT
2022,5,IND,DE,Tyquan Lewis,00-0034359,Out,Concussion,Did Not Participate In Practice,Tyquan Lewis,OUT
2022,5,IND,RB,Jonathan Taylor,00-0036223,Out,Ankle,Did Not Participate In Practice,Jonathan Taylor,OUT
2022,5,JAX,DT,Folorunso Fatukasi,00-0034275,Out,Quadricep,Did Not Participate In Practice,Folorunso Fatukasi,OUT
2022,5,JAX,LB,K'Lavon Chaisson,00-0036286,Questionable,Ankle,Limited Participation in Practice,K'Lavon Chaisson,QUESTIONABLE
2022,5,JAX,WR,Zay Jones,00-0033891,Questionable,Ankle,Limited Participation in Practice,Zay Jones,QUESTIONABLE
2022,5,JAX,G,Cole Van Lanen,00-0036655,Questionable,Hamstring,Limited Participation in Practice,Cole Van Lanen,QUESTIONABLE
2022,5,KC,C,Creed Humphrey,00-0036623,,,Did Not Participate In Practice,Creed Humphrey,
2022,5,KC,TE,Joe Fortson,00-0035547,,,Full Participation in Practice,Joe Fortson,
2022,5,KC,WR,Mecole Hardman,00-0035140,,,Full Participation in Practice,Mecole Hardman,
2022,5,KC,WR,Skyy Moore,00-0038090,,,Full Participation in Practice,Skyy Moore,
2022,5,KC,CB,L'Jarius Sneed,00-0036374,,,Full Participation in Practice,L'Jarius Sneed,
2022,5,KC,WR,Marquez Valdes-Scantling,00-0034272,,,Full Participation in Practice,Marquez Valdes-Scantling,
2022,5,KC,K,Harrison Butker,00-0033303,Out,left Ankle,Did Not Participate In Practice,Harrison Butker,OUT
2022,5,KC,DE,Michael Danna,00-0036378,Questionable,Calf,Full Participation in Practice,Michael Danna,QUESTIONABLE
2022,5,KC,G,Trey Smith,00-0036660,Questionable,Pectoral,Limited Participation in Practice,Trey Smith,QUESTIONABLE
2022,5,KC,WR,JuJu Smith-Schuster,00-0033857,Questionable,Quadricep,Limited Participation in Practice,JuJu Smith-Schuster,QUESTIONABLE
2022,5,LA,G,David Edwards,00-0035668,,,Full Participation in Practice,David Edwards,
2022,5,LA,C,Brian Allen,00-0034804,Out,Knee,Did Not Participate In Practice,Brian Allen,OUT
2022,5,LA,CB,Cobie Durant,00-0037839,Out,Hamstring,Did Not Participate In Practice,Cobie Durant,OUT
2022,5,LA,S,Jordan Fuller,00-0036431,Out,Hamstring,Did Not Participate In Practice,Jordan Fuller,OUT
2022,5,LA,G,Coleman Shelton,00-0034114,Out,Ankle,Did Not Participate In Practice,Coleman Shelton,OUT
2022,5,LA,S,Taylor Rapp,00-0035663,Questionable,Ribs,Did Not Participate In Practice,Taylor Rapp,QUESTIONABLE
2022,5,LA,CB,David Long,00-0035665,Questionable,Groin,Limited Participation in Practice,David Long,QUESTIONABLE
2022,5,LAC,TE,Gerald Everett,00-0033895,,,Full Participation in Practice,Gerald Everett,
2022,5,LAC,QB,Justin Herbert,00-0036355,,,Full Participation in Practice,Justin Herbert,
2022,5,LAC,RB,Zander Horvath,00-0037331,,,Full Participation in Practice,Zander Horvath,
2022,5,LAC,DT,Austin Johnson,00-0032763,,,Full Participation in Practice,Austin Johnson,
2022,5,LAC,TE,Tre' McKitty,00-0037011,,,Full Participation in Practice,Tre' McKitty,
2022,5,LAC,TE,Donald Parham,00-0035329,,,Full Participation in Practice,Donald Parham,
2022,5,LAC,LB,Kyle Van Noy,00-0031360,,,Limited Participation in Practice,Kyle Van Noy,
2022,5,LAC,WR,Keenan Allen,00-0030279,Out,Hamstring,Did Not Participate In Practice,Keenan Allen,OUT
2022,5,LAC,WR,Josh Palmer,00-0036988,Questionable,Ankle,Full Participation in Practice,Josh Palmer,QUESTIONABLE
2022,5,LAC,K,Dustin Hopkins,00-0030098,Questionable,right Quadricep,Limited Participation in Practice,Dustin Hopkins,QUESTIONABLE
2022,5,LV,LB,Denzel Perryman,00-0032103,,,Full Participation in Practice,Denzel Perryman,
2022,5,LV,WR,Hunter Renfrow,00-0034983,,,Full Participation in Practice,Hunter Renfrow,
2022,5,LV,CB,Roderic Teamer,00-0035437,,,Full Participation in Practice,Roderic Teamer,
2022,5,LV,TE,Darren Waller,00-0031610,,,Full Participation in Practice,Darren Waller,
2022,5,LV,CB,Rock Ya-Sin,00-0035637,,,Full Participation in Practice,Rock Ya-Sin,
2022,5,LV,T,Justin Herron,00-0036163,,,Limited Participation in Practice,Justin Herron,
2022,5,LV,LB,Jayon Brown,00-0033954,Out,Hamstring,Did Not Participate In Practice,Jayon Brown,OUT
2022,5,LV,TE,Foster Moreau,00-0034981,Questionable,Knee,Limited Participation in Practice,Foster Moreau,QUESTIONABLE
2022,5,LV,CB,Sam Webb,00-0037516,Questionable,Hamstring,Limited Participation in Practice,Sam Webb,QUESTIONABLE
2022,5,MIA,LB,Melvin Ingram,00-0029249,,,Did Not Participate In Practice,Melvin Ingram,
2022,5,MIA,TE,Tanner Conner,00-0037348,,,Full Participation in Practice,Tanner Conner,
2022,5,MIA,DT,Raekwon Davis,00-0036213,,,Full Participation in Practice,Raekwon Davis,
2022,5,MIA,LB,Trey Flowers,00-0031566,,,Full Participation in Practice,Trey Flowers,
2022,5,MIA,S,Brandon Jones,00-0036221,,,Full Participation in Practice,Brandon Jones,
2022,5,MIA,T,Greg Little,00-0035694,,,Full Participation in Practice,Greg Little,
2022,5,MIA,TE,Hunter Long,00-0037004,,,Full Participation in Practice,Hunter Long,
2022,5,MIA,DT,Zach Sieler,00-0034285,,,Full Participation in Practice,Zach Sieler,
2022,5,MIA,WR,Cedrick Wilson,00-0034418,,,Full Participation in Practice,Cedrick Wilson,
2022,5,MIA,LB,Jerome Baker,00-0034797,,,Limited Participation in Practice,Jerome Baker,
2022,5,MIA,TE,Cethan Carter,00-0033338,Out,Concussion,Did Not Participate In Practice,Cethan Carter,OUT
2022,5,MIA,QB,Tua Tagovailoa,00-0036212,Out,Concussion,Did Not Participate In Practice,Tua Tagovailoa,OUT
2022,5,MIA,T,Terron Armstead,00-0030067,Questionable,Toe,Did Not Participate In Practice,Terron Armstead,QUESTIONABLE
2022,5,MIA,RB,Salvon Ahmed,00-0036020,Questionable,Back,Limited Participation in Practice,Salvon Ahmed,QUESTIONABLE
2022,5,MIA,CB,Keion Crossen,00-0034435,Questionable,Glute,Limited Participation in Practice,Keion Crossen,QUESTIONABLE
2022,5,MIA,WR,Tyreek Hill,00-0033040,Questionable,Quadricep,Limited Participation in Practice,Tyreek Hill,QUESTIONABLE
2022,5,MIA,CB,Xavien Howard,00-0033050,Questionable,Groin,Limited Participation in Practice,Xavien Howard,QUESTIONABLE
2022,5,MIA,G,Robert Jones,00-0036596,Questionable,Back,Limited Participation in Practice,Robert Jones,QUESTIONABLE
2022,5,MIA,WR,Jaylen Waddle,00-0036613,Questionable,Groin,Limited Participation in Practice,Jaylen Waddle,QUESTIONABLE
2022,5,MIN,CB,Cameron Dantzler,00-0036330,,,Full Participation in Practice,Cameron Dantzler,
2022,5,MIN,DE,Za'Darius Smith,00-0031576,,,Limited Participation in Practice,Za'Darius Smith,
2022,5,MIN,TE,Ben Ellefson,00-0035823,Out,Groin,Did Not Participate In Practice,Ben Ellefson,OUT
2022,5,MIN,CB,Andrew Booth,00-0038130,Questionable,Quadricep,Full Participation in Practice,Andrew Booth,QUESTIONABLE
2022,5,MIN,WR,Jalen Nailor,00-0037291,Questionable,Hamstring,Limited Participation in Practice,Jalen Nailor,QUESTIONABLE
2022,5,NE,QB,Brian Hoyer,00-0026625,,,Did Not Participate In Practice,Brian Hoyer,
2022,5,NE,DT,Lawrence Guy,00-0028171,Out,Shoulder,Did Not Participate In Practice,Lawrence Guy,OUT
2022,5,NE,DE,DaMarcus Mitchell,00-0037202,Out,Concussion,Did Not Participate In Practice,DaMarcus Mitchell,OUT
2022,5,NE,QB,Mac Jones,00-0036972,Doubtful,Ankle,Limited Participation in Practice,Mac Jones,DOUBTFUL
2022,5,NE,TE,Jonnu Smith,00-0033858,Doubtful,Ankle,Limited Participation in Practice,Jonnu Smith,DOUBTFUL
2022,5,NE,S,Kyle Dugger,00-0036231,Questionable,Knee,Limited Participation in Practice,Kyle Dugger,QUESTIONABLE
2022,5,NE,LB,Raekwon McMillan,00-0033461,Questionable,Thumb,Limited Participation in Practice,Raekwon McMillan,QUESTIONABLE
2022,5,NE,WR,Jakobi Meyers,00-0034960,Questionable,Knee,Limited Participation in Practice,Jakobi Meyers,QUESTIONABLE
2022,5,NE,CB,Jalen Mills,00-0032803,Questionable,Hamstring,Limited Participation in Practice,Jalen Mills,QUESTIONABLE
2022,5,NE,S,Adrian Phillips,00-0031404,Questionable,Ribs,Limited Participation in Practice,Adrian Phillips,QUESTIONABLE
2022,5,NE,T,Isaiah Wynn,00-0034833,Questionable,Hip,Limited Participation in Practice,Isaiah Wynn,QUESTIONABLE
2022,5,NO,DE,Carl Granderson,00-0035402,,,Full Participation in Practice,Carl Granderson,
2022,5,NO,QB,Taysom Hill,00-0033357,,,Full Participation in Practice,Taysom Hill,
2022,5,NO,T,Ryan Ramczyk,00-0033888,,,Full Participation in Practice,Ryan Ramczyk,
2022,5,NO,WR,Michael Thomas,00-0032765,Out,Foot,Did Not Participate In Practice,Michael Thomas,OUT
2022,5,NO,G,Calvin Throckmorton,00-0035764,Out,Hip,Did Not Participate In Practice,Calvin Throckmorton,OUT
2022,5,NO,DE,Payton Turner,00-0036926,Out,Chest,Did Not Participate In Practice,Payton Turner,OUT
2022,5,NO,CB,P.J. Williams,00-0032059,Out,Quadricep,Did Not Participate In Practice,P.J. Williams,OUT
2022,5,NO,QB,Jameis Winston,00-0031503,Doubtful,Back,Did Not Participate In Practice,Jameis Winston,DOUBTFUL
2022,5,NO,WR,Jarvis Landry,00-0031382,Questionable,Ankle,Did Not Participate In Practice,Jarvis Landry,QUESTIONABLE
2022,5,NO,G,Andrus Peat,00-0032203,Questionable,Concussion,Full Participation in Practice,Andrus Peat,QUESTIONABLE
2022,5,NO,RB,Alvin Kamara,00-0033906,Questionable,Rib,Limited Participation in Practice,Alvin Kamara,QUESTIONABLE
2022,5,NO,S,Marcus Maye,00-0033892,Questionable,Rib,Limited Participation in Practice,Marcus Maye,QUESTIONABLE
2022,5,NYG,WR,Richie James,00-0034286,,,Full Participation in Practice,Richie James,
2022,5,NYG,QB,Daniel Jones,00-0035710,,,Full Participation in Practice,Daniel Jones,
2022,5,NYG,S,Julian Love,00-0034974,,,Full Participation in Practice,Julian Love,
2022,5,NYG,CB,Fabian Moreau,00-0033918,,,Full Participation in Practice,Fabian Moreau,
2022,5,NYG,T,Evan Neal,00-0037612,,,Full Participation in Practice,Evan Neal,
2022,5,NYG,CB,Nick McCloud,00-0036589,,,Limited Participation in Practice,Nick McCloud,
2022,5,NYG,CB,Cordale Flott,00-0037758,Out,Calf,Did Not Participate In Practice,Cordale Flott,OUT
2022,5,NYG,WR,Kenny Golladay,00-0033932,Out,Knee,Did Not Participate In Practice,Kenny Golladay,OUT
2022,5,NYG,DT,Henry Mondeaux,00-0034318,Out,Ankle,Did Not Participate In Practice,Henry Mondeaux,OUT
2022,5,NYG,LB,Azeez Ojulari,00-0036552,Out,Calf,Did Not Participate In Practice,Azeez Ojulari,OUT
2022,5,NYG,WR,Wan'Dale Robinson,00-0038117,Out,Knee,Did Not Participate In Practice,Wan'Dale Robinson,OUT
2022,5,NYG,QB,Tyrod Taylor,00-0028118,Out,Concussion,Did Not Participate In Practice,Tyrod Taylor,OUT
2022,5,NYG,WR,Kadarius Toney,00-0036913,Out,Hamstring,Did Not Participate In Practice,Kadarius Toney,OUT
2022,5,NYG,DT,Leonard Williams,00-0031933,Questionable,Knee,Limited Participation in Practice,Leonard Williams,QUESTIONABLE
2022,5,NYJ,RB,Breece Hall,00-0038120,,,Full Participation in Practice,Breece Hall,
2022,5,NYJ,QB,Zach Wilson,00-0037013,,,Full Participation in Practice,Zach Wilson,
2022,5,NYJ,T,Max Mitchell,00-0038114,Out,Knee,Did Not Participate In Practice,Max Mitchell,OUT
2022,5,NYJ,LB,Quincy Williams,00-0035680,Out,Ankle,Did Not Participate In Practice,Quincy Williams,OUT
2022,5,NYJ,LB,Marcell Harris,00-0034730,Questionable,Neck,Full Participation in Practice,Marcell Harris,QUESTIONABLE
2022,5,PHI,CB,Darius Slay,00-0030062,,,Full Participation in Practice,Darius Slay,
2022,5,PHI,CB,James Bradberry,00-0032890,,,Limited Participation in Practice,James Bradberry,
2022,5,PHI,WR,A.J. Brown,00-0035676,,,Limited Participation in Practice,A.J. Brown,
2022,5,PHI,DT,Fletcher Cox,00-0029653,,,Limited Participation in Practice,Fletcher Cox,
2022,5,PHI,G,Landon Dickerson,00-0037002,,,Limited Participation in Practice,Landon Dickerson,
2022,5,PHI,DE,Brandon Graham,00-0027865,,,Limited Participation in Practice,Brandon Graham,
2022,5,PHI,T,Lane Johnson,00-0030561,,,Limited Participation in Practice,Lane Johnson,
2022,5,PHI,C,Jason Kelce,00-0028129,,,Limited Participation in Practice,Jason Kelce,
2022,5,PHI,G,Isaac Seumalo,00-0032954,,,Limited Participation in Practice,Isaac Seumalo,
2022,5,PHI,DE,Josh Sweat,00-0034381,,,Limited Participation in Practice,Josh Sweat,
2022,5,PHI,K,Jake Elliott,00-0033787,Out,right Ankle,Did Not Participate In Practice,Jake Elliott,OUT
2022,5,PHI,LB,Patrick Johnson,00-0036922,Out,Concussion,Did Not Participate In Practice,Patrick Johnson,OUT
2022,5,PHI,CB,Avonte Maddox,00-0034377,Out,Ankle,Did Not Participate In Practice,Avonte Maddox,OUT
2022,5,PHI,T,Jordan Mailata,00-0034429,Doubtful,Shoulder,Did Not Participate In Practice,Jordan Mailata,DOUBTFUL
2022,5,PHI,LB,Kyron Johnson,00-0037084,Questionable,Concussion,Full Participation in Practice,Kyron Johnson,QUESTIONABLE
2022,5,PHI,RB,Boston Scott,00-0034414,Questionable,Rib,Limited Participation in Practice,Boston Scott,QUESTIONABLE
2022,5,PIT,S,Minkah Fitzpatrick,00-0034789,,,Full Participation in Practice,Minkah Fitzpatrick,
2022,5,PIT,DT,Cameron Heyward,00-0027969,,,Full Participation in Practice,Cameron Heyward,
2022,5,PIT,WR,Diontae Johnson,00-0035216,,,Full Participation in Practice,Diontae Johnson,
2022,5,PIT,CB,Levi Wallace,00-0034514,,,Full Participation in Practice,Levi Wallace,
2022,5,PIT,DE,Chris Wormley,00-0033913,,,Full Participation in Practice,Chris Wormley,
2022,5,PIT,C,Mason Cole,00-0034785,,,Limited Participation in Practice,Mason Cole,
2022,5,PIT,CB,Ahkello Witherspoon,00-0033783,Out,Hamstring,Did Not Participate In Practice,Ahkello Witherspoon,OUT
2022,5,PIT,S,Terrell Edmunds,00-0034858,Questionable,Concussion,Limited Participation in Practice,Terrell Edmunds,QUESTIONABLE
2022,5,PIT,CB,Cameron Sutton,00-0033930,Questionable,Groin,Limited Participation in Practice,Cameron Sutton,QUESTIONABLE
2022,5,SEA,DT,Poona Ford,00-0034234,,,Did Not Participate In Practice,Poona Ford,
2022,5,SEA,LB,Darryl Johnson,00-0035306,,,Did Not Participate In Practice,Darryl Johnson,
2022,5,SEA,S,Joey Blount,00-0037141,,,Full Participation in Practice,Joey Blount,
2022,5,SEA,C,Austin Blythe,00-0032455,,,Full Participation in Practice,Austin Blythe,
2022,5,SEA,WR,Penny Hart,00-0035022,,,Full Participation in Practice,Penny Hart,
2022,5,SEA,G,Phil Haynes,00-0035141,,,Full Participation in Practice,Phil Haynes,
2022,5,SEA,G,Gabe Jackson,00-0031367,,,Full Participation in Practice,Gabe Jackson,
2022,5,SEA,DT,Quinton Jefferson,00-0032416,,,Full Participation in Practice,Quinton Jefferson,
2022,5,SEA,G,Damien Lewis,00-0036417,,,Full Participation in Practice,Damien Lewis,
2022,5,SEA,RB,Rashaad Penny,00-0034750,,,Full Participation in Practice,Rashaad Penny,
2022,5,SEA,DT,Al Woods,00-0027723,,,Full Participation in Practice,Al Woods,
2022,5,SEA,WR,Dareke Young,00-0037093,Out,Quadricep,Did Not Participate In Practice,Dareke Young,OUT
2022,5,SEA,WR,Marquise Goodwin,00-0030068,Questionable,Knee,Did Not Participate In Practice,Marquise Goodwin,QUESTIONABLE
2022,5,SEA,CB,Justin Coleman,00-0031796,Questionable,Calf,Limited Participation in Practice,Justin Coleman,QUESTIONABLE
2022,5,SEA,RB,Kenneth Walker,00-0038134,Questionable,Shoulder,Limited Participation in Practice,Kenneth Walker,QUESTIONABLE
2022,5,SF,DE,Nick Bosa,00-0035717,,,Full Participation in Practice,Nick Bosa,
2022,5,SF,TE,Ross Dwelley,00-0034073,,,Full Participation in Practice,Ross Dwelley,
2022,5,SF,WR,Danny Gray,00-0037828,,,Full Participation in Practice,Danny Gray,
2022,5,SF,WR,Jauan Jennings,00-0036259,,,Full Participation in Practice,Jauan Jennings,
2022,5,SF,DE,Arik Armstead,00-0032164,Out,Foot,Did Not Participate In Practice,Arik Armstead,OUT
2022,5,SF,RB,Tyrion Davis-Price,00-0037827,Out,Ankle,Did Not Participate In Practice,Tyrion Davis-Price,OUT
2022,5,SF,DT,Javon Kinlaw,00-0036260,Out,Knee,Did Not Participate In Practice,Javon Kinlaw,OUT
2022,5,SF,TE,Tyler Kroft,00-0032214,Out,Knee,Did Not Participate In Practice,Tyler Kroft,OUT
2022,5,SF,T,Colton McKivitz,00-0036256,Out,Knee,Did Not Participate In Practice,Colton McKivitz,OUT
2022,5,SF,S,Tarvarius Moore,00-0034263,Out,Hamstring,Did Not Participate In Practice,Tarvarius Moore,OUT
2022,5,SF,T,Trent Williams,00-0027857,Out,Ankle,Did Not Participate In Practice,Trent Williams,OUT
2022,5,TB,LB,Lavonte David,00-0029562,,,Did Not Participate In Practice,Lavonte David,
2022,5,TB,WR,Mike Evans,00-0031408,,,Did Not Participate In Practice,Mike Evans,
2022,5,TB,RB,Leonard Fournette,00-0033856,,,Did Not Participate In Practice,Leonard Fournette,
2022,5,TB,QB,Tom Brady,00-0019596,,,Full Participation in Practice,Tom Brady,
2022,5,TB,CB,Carlton Davis,00-0034778,,,Full Participation in Practice,Carlton Davis,
2022,5,TB,DT,Rakeem Nunez-Roches,00-0031957,,,Full Participation in Practice,Rakeem Nunez-Roches,
2022,5,TB,WR,Chris Godwin,00-0033921,,,Limited Participation in Practice,Chris Godwin,
2022,5,TB,T,Donovan Smith,00-0032217,,,Limited Participation in Practice,Donovan Smith,
2022,5,TB,DT,Akiem Hicks,00-0029657,Out,Foot,Did Not Participate In Practice,Akiem Hicks,OUT
2022,5,TB,S,Logan Ryan,00-0030411,Out,Foot,Did Not Participate In Practice,Logan Ryan,OUT
2022,5,TB,TE,Cameron Brate,00-0031273,Out,Concussion,Limited Participation in Practice,Cameron Brate,OUT
2022,5,TB,WR,Russell Gage,00-0034411,Questionable,Back,Limited Participation in Practice,Russell Gage,QUESTIONABLE
2022,5,TB,WR,Julio Jones,00-0027944,Questionable,Knee,Limited Participation in Practice,Julio Jones,QUESTIONABLE
2022,5,TB,WR,Breshad Perriman,00-0032054,Questionable,Knee,Limited Participation in Practice,Breshad Perriman,QUESTIONABLE
2022,5,TEN,S,Ugochukwu Amadi,00-0035142,,,Full Participation in Practice,Ugochukwu Amadi,
2022,5,TEN,FB,Tory Carter,00-0036691,,,Limited Participation in Practice,Tory Carter,
2022,5,TEN,C,Ben Jones,00-0029413,,,Limited Participation in Practice,Ben Jones,
2022,5,TEN,LB,Olasunkanmi Adeniyi,00-0034204,Out,Neck,Did Not Participate In Practice,Olasunkanmi Adeniyi,OUT
2022,5,TEN,WR,Treylon Burks,00-0037742,Out,Toe,Did Not Participate In Practice,Treylon Burks,OUT
2022,5,TEN,LB,Zach Cunningham,00-0033547,Out,Elbow,Did Not Participate In Practice,Zach Cunningham,OUT
2022,5,TEN,LB,Bud Dupree,00-0032146,Out,Hip,Did Not Participate In Practice,Bud Dupree,OUT
2022,5,TEN,S,Amani Hooker,00-0035632,Out,Concussion,Did Not Participate In Practice,Amani Hooker,OUT
2022,5,TEN,LB,Joseph Jones,00-0033659,Out,Knee,Did Not Participate In Practice,Joseph Jones,OUT
2022,5,TEN,CB,Caleb Farley,00-0036615,Questionable,Knee,Did Not Participate In Practice,Caleb Farley,QUESTIONABLE
2022,5,TEN,CB,Lonnie Johnson,00-0035244,Questionable,Illness,Did Not Participate In Practice,Lonnie Johnson,QUESTIONABLE
2022,5,TEN,G,Nate Davis,00-0035649,Questionable,Knee,Limited Participation in Practice,Nate Davis,QUESTIONABLE
2022,5,WAS,CB,William Jackson,00-0033107,,,Full Participation in Practice,William Jackson,
2022,5,WAS,T,Charles Leno,00-0031095,,,Full Participation in Practice,Charles Leno,
2022,5,WAS,WR,Curtis Samuel,00-0033282,,,Full Participation in Practice,Curtis Samuel,
2022,5,WAS,DE,Daniel Wise,00-0035423,,,Full Participation in Practice,Daniel Wise,
2022,5,WAS,S,Percy Butler,00-0038100,Out,Quadricep,Did Not Participate In Practice,Percy Butler,OUT
2022,5,WAS,T,Samuel Cosmi,00-0036618,Out,Finger,Did Not Participate In Practice,Samuel Cosmi,OUT
2022,5,WAS,WR,Jahan Dotson,00-0037741,Out,Hamstring,Did Not Participate In Practice,Jahan Dotson,OUT
2022,5,WAS,LB,Milo Eifler,00-0036511,Out,Hamstring,Did Not Participate In Practice,Milo Eifler,OUT
2022,5,WAS,TE,Logan Thomas,00-0031260,Questionable,Calf,Did Not Participate In Practice,Logan Thomas,QUESTIONABLE
2022,5,WAS,LB,David Mayo,00-0031596,Questionable,Hamstring,Limited Participation in Practice,David Mayo,QUESTIONABLE
2022,6,ARI,LB,Dennis Gardeck,00-0034473,,,Full Participation in Practice,Dennis Gardeck,
2022,6,ARI,C,Sean Harlow,00-0033511,,,Full Participation in Practice,Sean Harlow,
2022,6,ARI,T,D.J. Humphries,00-0032222,,,Full Participation in Practice,D.J. Humphries,
2022,6,ARI,G,Justin Pugh,00-0030585,,,Full Participation in Practice,Justin Pugh,
2022,6,ARI,DE,J.J. Watt,00-0027949,,,Limited Participation in Practice,J.J. Watt,
2022,6,ARI,RB,James Conner,00-0033553,Out,Ribs,Did Not Participate In Practice,James Conner,OUT
2022,6,ARI,CB,Trayvon Mullen,00-0035695,Out,Hamstring,Did Not Participate In Practice,Trayvon Mullen,OUT
2022,6,ARI,K,Matt Prater,00-0023853,Out,right Hip,Did Not Participate In Practice,Matt Prater,OUT
2022,6,ARI,RB,Darrel Williams,00-0034301,Out,Knee,Did Not Participate In Practice,Darrel Williams,OUT
2022,6,ARI,G,Max Garcia,00-0032132,Questionable,Toe,Limited Participation in Practice,Max Garcia,QUESTIONABLE
2022,6,ARI,C,Rodney Hudson,00-0027993,Questionable,Knee,Limited Participation in Practice,Rodney Hudson,QUESTIONABLE
2022,6,ARI,DT,Rashard Lawrence,00-0036373,Questionable,Hand,Limited Participation in Practice,Rashard Lawrence,QUESTIONABLE
2022,6,ARI,CB,Byron Murphy,00-0035236,Questionable,Groin,Limited Participation in Practice,Byron Murphy,QUESTIONABLE
2022,6,ATL,P,Bradley Pinion,00-0032065,,,Did Not Participate In Practice,Bradley Pinion,
2022,6,ATL,LB,Mykal Walker,00-0036300,Out,Groin,Did Not Participate In Practice,Mykal Walker,OUT
2022,6,ATL,LB,Adetokunbo Ogundeji,00-0036949,Questionable,Shoulder,Limited Participation in Practice,Adetokunbo Ogundeji,QUESTIONABLE
2022,6,ATL,TE,Kyle Pitts,00-0036970,Questionable,Hamstring,Limited Participation in Practice,Kyle Pitts,QUESTIONABLE
2022,6,ATL,G,Elijah Wilkinson,00-0033676,Questionable,Knee,Limited Participation in Practice,Elijah Wilkinson,QUESTIONABLE
2022,6,BAL,TE,Nick Boyle,00-0031598,,,Did Not Participate In Practice,Nick Boyle,
2022,6,BAL,DE,Calais Campbell,00-0026190,,,Did Not Participate In Practice,Calais Campbell,
2022,6,BAL,CB,Marcus Peters,00-0032165,,,Did Not Participate In Practice,Marcus Peters,
2022,6,BAL,DE,Jason Pierre-Paul,00-0027867,,,Did Not Participate In Practice,Jason Pierre-Paul,
2022,6,BAL,G,Kevin Zeitler,00-0029592,,,Did Not Participate In Practice,Kevin Zeitler,
2022,6,BAL,T,Ronnie Stanley,00-0032965,,,Full Participation in Practice,Ronnie Stanley,
2022,6,BAL,WR,Rashod Bateman,00-0036550,Out,Foot,Did Not Participate In Practice,Rashod Bateman,OUT
2022,6,BAL,G,Ben Cleveland,00-0036977,Out,Foot,Did Not Participate In Practice,Ben Cleveland,OUT
2022,6,BAL,LB,Justin Houston,00-0028008,Out,Groin,Did Not Participate In Practice,Justin Houston,OUT
2022,6,BAL,RB,Justice Hill,00-0034975,Doubtful,Hamstring,Limited Participation in Practice,Justice Hill,DOUBTFUL
2022,6,BUF,WR,Stefon Diggs,00-0031588,,,Did Not Participate In Practice,Stefon Diggs,
2022,6,BUF,G,Rodger Saffold,00-0027648,,,Did Not Participate In Practice,Rodger Saffold,
2022,6,BUF,LB,Tremaine Edmunds,00-0034673,,,Full Participation in Practice,Tremaine Edmunds,
2022,6,BUF,CB,Kaiir Elam,00-0037242,,,Full Participation in Practice,Kaiir Elam,
2022,6,BUF,DT,DaQuan Jones,00-0031054,,,Full Participation in Practice,DaQuan Jones,
2022,6,BUF,CB,Cameron Lewis,00-0035357,,,Full Participation in Practice,Cameron Lewis,
2022,6,BUF,WR,Isaiah McKenzie,00-0033466,,,Full Participation in Practice,Isaiah McKenzie,
2022,6,BUF,C,Mitch Morse,00-0031936,,,Full Participation in Practice,Mitch Morse,
2022,6,BUF,DT,Ed Oliver,00-0035230,,,Full Participation in Practice,Ed Oliver,
2022,6,BUF,S,Jordan Poyer,00-0030114,,,Full Participation in Practice,Jordan Poyer,
2022,6,BUF,CB,Christian Benford,00-0037288,,,Limited Participation in Practice,Christian Benford,
2022,6,BUF,RB,Taiwan Jones,00-0028063,,,Limited Participation in Practice,Taiwan Jones,
2022,6,BUF,TE,Dawson Knox,00-0035689,,,Limited Participation in Practice,Dawson Knox,
2022,6,BUF,LB,Von Miller,00-0027940,,,Limited Participation in Practice,Von Miller,
2022,6,BUF,WR,Jake Kumerow,00-0031787,Out,Ankle,Did Not Participate In Practice,Jake Kumerow,OUT
2022,6,BUF,DE,Jordan Phillips,00-0031557,Questionable,Hamstring,Limited Participation in Practice,Jordan Phillips,QUESTIONABLE
2022,6,CAR,RB,Christian McCaffrey,00-0033280,,,Did Not Participate In Practice,Christian McCaffrey,
2022,6,CAR,WR,D.J. Moore,00-0034827,,,Full Participation in Practice,D.J. Moore,
2022,6,CAR,TE,Stephen Sullivan,00-0036438,,,Full Participation in Practice,Stephen Sullivan,
2022,6,CAR,S,Xavier Woods,00-0033579,,,Full Participation in Practice,Xavier Woods,
2022,6,CAR,WR,Laviska Shenault,00-0036268,Out,Hamstring,Did Not Participate In Practice,Laviska Shenault,OUT
2022,6,CAR,CB,Stantley Thomas-Oliver,00-0036315,Out,Thigh,Did Not Participate In Practice,Stantley Thomas-Oliver,OUT
2022,6,CAR,QB,Baker Mayfield,00-0034855,Doubtful,Ankle,Did Not Participate In Practice,Baker Mayfield,DOUBTFUL
2022,6,CAR,WR,Robbie  Chosen,00-0032688,Questionable,Illness,Did Not Participate In Practice,Robbie  Chosen,QUESTIONABLE
2022,6,CAR,T,Cameron Erving,00-0032145,Questionable,Groin,Did Not Participate In Practice,Cameron Erving,QUESTIONABLE
2022,6,CAR,CB,Jaycee Horn,00-0036944,Questionable,Ribs,Did Not Participate In Practice,Jaycee Horn,QUESTIONABLE
2022,6,CAR,CB,Donte Jackson,00-0034356,Questionable,Ankle,Did Not Participate In Practice,Donte Jackson,QUESTIONABLE
2022,6,CAR,CB,C.J. Henderson,00-0036281,Questionable,Knee,Limited Participation in Practice,C.J. Henderson,QUESTIONABLE
2022,6,CAR,LB,Frankie Luvu,00-0034302,Questionable,Shoulder,Limited Participation in Practice,Frankie Luvu,QUESTIONABLE
2022,6,CHI,LB,Matthew Adams,00-0034424,,,Did Not Participate In Practice,Matthew Adams,
2022,6,CHI,WR,N'Keal Harry,00-0035624,,,Full Participation in Practice,N'Keal Harry,
2022,6,CHI,CB,Jaylon Johnson,00-0036292,,,Full Participation in Practice,Jaylon Johnson,
2022,6,CHI,S,Dane Cruikshank,00-0034389,Questionable,Hamstring,Full Participation in Practice,Dane Cruikshank,QUESTIONABLE
2022,6,CIN,T,La'el Collins,00-0031534,,,Full Participation in Practice,La'el Collins,
2022,6,CIN,RB,Samaje Perine,00-0033526,,,Full Participation in Practice,Samaje Perine,
2022,6,CIN,TE,Devin Asiasi,00-0036194,,,Limited Participation in Practice,Devin Asiasi,
2022,6,CIN,WR,Tee Higgins,00-0036410,Questionable,Ankle,Limited Participation in Practice,Tee Higgins,QUESTIONABLE
2022,6,CIN,TE,Hayden Hurst,00-0034830,Questionable,Groin,Limited Participation in Practice,Hayden Hurst,QUESTIONABLE
2022,6,CIN,T,Jonah Williams,00-0035629,Questionable,Knee,Limited Participation in Practice,Jonah Williams,QUESTIONABLE
2022,6,CLE,G,Joel Bitonio,00-0031426,,,Full Participation in Practice,Joel Bitonio,
2022,6,CLE,DT,Taven Bryan,00-0034842,,,Full Participation in Practice,Taven Bryan,
2022,6,CLE,T,Jack Conklin,00-0033057,,,Full Participation in Practice,Jack Conklin,
2022,6,CLE,WR,Amari Cooper,00-0031544,,,Full Participation in Practice,Amari Cooper,
2022,6,CLE,RB,Demetric Felton,00-0036654,,,Full Participation in Practice,Demetric Felton,
2022,6,CLE,S,Ronnie Harrison,00-0034779,,,Full Participation in Practice,Ronnie Harrison,
2022,6,CLE,DT,Perrion Winfrey,00-0038126,,,Full Participation in Practice,Perrion Winfrey,
2022,6,CLE,DE,Myles Garrett,00-0033868,,,Limited Participation in Practice,Myles Garrett,
2022,6,CLE,DE,Jadeveon Clowney,00-0031364,Out,"ankle, knee, elbow",Did Not Participate In Practice,Jadeveon Clowney,OUT
2022,6,CLE,T,Joe Haeg,00-0032419,Out,Concussion,Did Not Participate In Practice,Joe Haeg,OUT
2022,6,CLE,CB,Denzel Ward,00-0034856,Out,Concussion,Did Not Participate In Practice,Denzel Ward,OUT
2022,6,DAL,DT,Quinton Bohanna,00-0036649,,,Full Participation in Practice,Quinton Bohanna,
2022,6,DAL,TE,Jake Ferguson,00-0038041,,,Full Participation in Practice,Jake Ferguson,
2022,6,DAL,S,Jayron Kearse,00-0032454,,,Full Participation in Practice,Jayron Kearse,
2022,6,DAL,DE,Demarcus Lawrence,00-0031411,,,Full Participation in Practice,Demarcus Lawrence,
2022,6,DAL,CB,Jourdan Lewis,00-0033928,,,Full Participation in Practice,Jourdan Lewis,
2022,6,DAL,G,Connor McGovern,00-0035679,,,Full Participation in Practice,Connor McGovern,
2022,6,DAL,LB,Micah Parsons,00-0036932,,,Full Participation in Practice,Micah Parsons,
2022,6,DAL,TE,Dalton Schultz,00-0034383,,,Full Participation in Practice,Dalton Schultz,
2022,6,DAL,S,Donovan Wilson,00-0035301,,,Full Participation in Practice,Donovan Wilson,
2022,6,DAL,RB,Rico Dowdle,00-0036139,Out,Ankle,Did Not Participate In Practice,Rico Dowdle,OUT
2022,6,DAL,WR,CeeDee Lamb,00-0036358,Questionable,Hip,Did Not Participate In Practice,CeeDee Lamb,QUESTIONABLE
2022,6,DAL,T,Jason Peters,00-0022531,Questionable,Chest,Limited Participation in Practice,Jason Peters,QUESTIONABLE
2022,6,DAL,QB,Dak Prescott,00-0033077,Questionable,right Thumb,Limited Participation in Practice,Dak Prescott,QUESTIONABLE
2022,6,DEN,RB,Mike Boone,00-0034208,,,Full Participation in Practice,Mike Boone,
2022,6,DEN,LB,Baron Browning,00-0036995,,,Full Participation in Practice,Baron Browning,
2022,6,DEN,S,P.J. Locke,00-0035227,,,Full Participation in Practice,P.J. Locke,
2022,6,DEN,RB,Latavius Murray,00-0030513,,,Full Participation in Practice,Latavius Murray,
2022,6,DEN,LB,Aaron Patrick,00-0036465,,,Full Participation in Practice,Aaron Patrick,
2022,6,DEN,CB,Darius Phillips,00-0034683,,,Full Participation in Practice,Darius Phillips,
2022,6,DEN,DT,Mike Purcell,00-0029890,,,Full Participation in Practice,Mike Purcell,
2022,6,DEN,CB,K'Waun Williams,00-0031253,,,Full Participation in Practice,K'Waun Williams,
2022,6,DEN,QB,Russell Wilson,00-0029263,,,Full Participation in Practice,Russell Wilson,
2022,6,DEN,LB,Josey Jewell,00-0034368,Out,Knee,Did Not Participate In Practice,Josey Jewell,OUT
2022,6,DEN,S,Caden Sterns,00-0036633,Out,Hip,Did Not Participate In Practice,Caden Sterns,OUT
2022,6,DEN,G,Quinn Meinerz,00-0037001,Questionable,Hamstring,Full Participation in Practice,Quinn Meinerz,QUESTIONABLE
2022,6,DEN,LB,Jonathon Cooper,00-0036952,Questionable,Hamstring,Limited Participation in Practice,Jonathon Cooper,QUESTIONABLE
2022,6,DEN,RB,Melvin Gordon,00-0032144,Questionable,Neck,Limited Participation in Practice,Melvin Gordon,QUESTIONABLE
2022,6,DEN,CB,Damarri Mathis,00-0038105,Questionable,Knee,Limited Participation in Practice,Damarri Mathis,QUESTIONABLE
2022,6,DEN,G,Dalton Risner,00-0035702,Questionable,Back,Limited Participation in Practice,Dalton Risner,QUESTIONABLE
2022,6,DEN,TE,Eric Saubert,00-0033576,Questionable,Thigh,Limited Participation in Practice,Eric Saubert,QUESTIONABLE
2022,6,DEN,T,Billy Turner,00-0031433,Questionable,Knee,Limited Participation in Practice,Billy Turner,QUESTIONABLE
2022,6,GB,TE,Marcedes Lewis,00-0024243,,,Full Participation in Practice,Marcedes Lewis,
2022,6,GB,QB,Aaron Rodgers,00-0023459,,,Full Participation in Practice,Aaron Rodgers,
2022,6,GB,DT,Devonte Wyatt,00-0037075,,,Full Participation in Practice,Devonte Wyatt,
2022,6,GB,T,David Bakhtiari,00-0030074,,,Limited Participation in Practice,David Bakhtiari,
2022,6,GB,G,Elgton Jenkins,00-0035526,,,Limited Participation in Practice,Elgton Jenkins,
2022,6,GB,LB,Tipa Galeai,00-0035965,Out,Hamstring,Did Not Participate In Practice,Tipa Galeai,OUT
2022,6,GB,WR,Christian Watson,00-0038124,Out,Hamstring,Did Not Participate In Practice,Christian Watson,OUT
2022,6,GB,LB,Rashan Gary,00-0034967,Questionable,Toe,Limited Participation in Practice,Rashan Gary,QUESTIONABLE
2022,6,IND,CB,Stephon Gilmore,00-0029542,,,Full Participation in Practice,Stephon Gilmore,
2022,6,IND,DT,Eric Johnson,00-0037269,,,Full Participation in Practice,Eric Johnson,
2022,6,IND,C,Ryan Kelly,00-0032383,,,Full Participation in Practice,Ryan Kelly,
2022,6,IND,DE,Tyquan Lewis,00-0034359,,,Full Participation in Practice,Tyquan Lewis,
2022,6,IND,G,Quenton Nelson,00-0034342,,,Full Participation in Practice,Quenton Nelson,
2022,6,IND,DE,Yannick Ngakoue,00-0033123,,,Full Participation in Practice,Yannick Ngakoue,
2022,6,IND,LB,Shaquille Leonard,00-0034846,Out,Concussion,Did Not Participate In Practice,Shaquille Leonard,OUT
2022,6,IND,DE,Kwity Paye,00-0036479,Out,Ankle,Did Not Participate In Practice,Kwity Paye,OUT
2022,6,IND,CB,Tony Brown,00-0034540,Questionable,Concussion,Full Participation in Practice,Tony Brown,QUESTIONABLE
2022,6,IND,RB,Nyheim Hines,00-0034367,Questionable,Concussion,Full Participation in Practice,Nyheim Hines,QUESTIONABLE
2022,6,IND,S,Julian Blackmon,00-0036253,Questionable,Ankle,Limited Participation in Practice,Julian Blackmon,QUESTIONABLE
2022,6,IND,RB,Jonathan Taylor,00-0036223,Questionable,Ankle,Limited Participation in Practice,Jonathan Taylor,QUESTIONABLE
2022,6,JAX,DT,Folorunso Fatukasi,00-0034275,Questionable,Quadricep,Limited Participation in Practice,Folorunso Fatukasi,QUESTIONABLE
2022,6,JAX,DT,Davon Hamilton,00-0036262,Questionable,Foot,Limited Participation in Practice,Davon Hamilton,QUESTIONABLE
2022,6,JAX,WR,Marvin Jones,00-0029293,Questionable,Hamstring,Limited Participation in Practice,Marvin Jones,QUESTIONABLE
2022,6,JAX,WR,Zay Jones,00-0033891,Questionable,Ankle,Limited Participation in Practice,Zay Jones,QUESTIONABLE
2022,6,JAX,LB,Foyesade Oluokun,00-0034413,Questionable,Calf,Limited Participation in Practice,Foyesade Oluokun,QUESTIONABLE
2022,6,KC,LB,Nick Bolton,00-0036621,,,Full Participation in Practice,Nick Bolton,
2022,6,KC,K,Harrison Butker,00-0033303,,,Full Participation in Practice,Harrison Butker,
2022,6,KC,DE,Frank Clark,00-0032210,,,Full Participation in Practice,Frank Clark,
2022,6,KC,DE,Michael Danna,00-0036378,,,Full Participation in Practice,Michael Danna,
2022,6,KC,WR,Mecole Hardman,00-0035140,,,Full Participation in Practice,Mecole Hardman,
2022,6,KC,TE,Travis Kelce,00-0030506,,,Full Participation in Practice,Travis Kelce,
2022,6,KC,CB,Chris Lammons,00-0034145,,,Full Participation in Practice,Chris Lammons,
2022,6,KC,WR,Skyy Moore,00-0038090,,,Full Participation in Practice,Skyy Moore,
2022,6,KC,S,Justin Reid,00-0034361,,,Full Participation in Practice,Justin Reid,
2022,6,KC,G,Trey Smith,00-0036660,,,Full Participation in Practice,Trey Smith,
2022,6,KC,WR,JuJu Smith-Schuster,00-0033857,,,Full Participation in Practice,JuJu Smith-Schuster,
2022,6,KC,S,Bryan Cook,00-0037193,Out,Concussion,Did Not Participate In Practice,Bryan Cook,OUT
2022,6,KC,CB,Rashad Fenton,00-0035147,Out,Hamstring,Did Not Participate In Practice,Rashad Fenton,OUT
2022,6,KC,DT,Tershawn Wharton,00-0035890,Out,Knee,Did Not Participate In Practice,Tershawn Wharton,OUT
2022,6,LA,CB,David Long,00-0035665,,,Full Participation in Practice,David Long,
2022,6,LA,WR,Brandon Powell,00-0034646,,,Full Participation in Practice,Brandon Powell,
2022,6,LA,S,Taylor Rapp,00-0035663,,,Full Participation in Practice,Taylor Rapp,
2022,6,LA,RB,Cam Akers,00-0036414,Out,Not injury related - personal matter,Did Not Participate In Practice,Cam Akers,OUT
2022,6,LA,C,Brian Allen,00-0034804,Out,Knee,Did Not Participate In Practice,Brian Allen,OUT
2022,6,LA,DT,Aaron Donald,00-0031388,Questionable,Foot,Limited Participation in Practice,Aaron Donald,QUESTIONABLE
2022,6,LA,CB,Cobie Durant,00-0037839,Questionable,Hamstring,Limited Participation in Practice,Cobie Durant,QUESTIONABLE
2022,6,LA,TE,Tyler Higbee,00-0033110,Questionable,Ankle,Limited Participation in Practice,Tyler Higbee,QUESTIONABLE
2022,6,LA,WR,Cooper Kupp,00-0033908,Questionable,Foot,Limited Participation in Practice,Cooper Kupp,QUESTIONABLE
2022,6,LA,QB,John Wolford,00-0034899,Questionable,Neck,Limited Participation in Practice,John Wolford,QUESTIONABLE
2022,6,LAC,QB,Justin Herbert,00-0036355,,,Full Participation in Practice,Justin Herbert,
2022,6,LAC,K,Dustin Hopkins,00-0030098,,,Full Participation in Practice,Dustin Hopkins,
2022,6,LAC,G,Zion Johnson,00-0037818,,,Full Participation in Practice,Zion Johnson,
2022,6,LAC,WR,Josh Palmer,00-0036988,,,Full Participation in Practice,Josh Palmer,
2022,6,LAC,LB,Kyle Van Noy,00-0031360,,,Full Participation in Practice,Kyle Van Noy,
2022,6,LAC,WR,Keenan Allen,00-0030279,Doubtful,Hamstring,Limited Participation in Practice,Keenan Allen,DOUBTFUL
2022,6,LAC,C,Corey Linsley,00-0031019,Questionable,Illness,Did Not Participate In Practice,Corey Linsley,QUESTIONABLE
2022,6,LAC,T,Trey Pipkins,00-0035688,Questionable,Knee,Limited Participation in Practice,Trey Pipkins,QUESTIONABLE
2022,6,MIA,LB,Melvin Ingram,00-0029249,,,Did Not Participate In Practice,Melvin Ingram,
2022,6,MIA,WR,Tanner Conner,00-0037348,,,Full Participation in Practice,Tanner Conner,
2022,6,MIA,WR,Erik Ezukanma,00-0038092,,,Full Participation in Practice,Erik Ezukanma,
2022,6,MIA,S,Clayton Fejedelem,00-0032807,,,Full Participation in Practice,Clayton Fejedelem,
2022,6,MIA,WR,Tyreek Hill,00-0033040,,,Full Participation in Practice,Tyreek Hill,
2022,6,MIA,CB,Xavien Howard,00-0033050,,,Full Participation in Practice,Xavien Howard,
2022,6,MIA,G,Robert Jones,00-0036596,,,Full Participation in Practice,Robert Jones,
2022,6,MIA,S,Brandon Jones,00-0036221,,,Full Participation in Practice,Brandon Jones,
2022,6,MIA,T,Greg Little,00-0035694,,,Full Participation in Practice,Greg Little,
2022,6,MIA,DT,Zach Sieler,00-0034285,,,Full Participation in Practice,Zach Sieler,
2022,6,MIA,WR,Jaylen Waddle,00-0036613,,,Full Participation in Practice,Jaylen Waddle,
2022,6,MIA,DE,Emmanuel Ogbah,00-0033073,,,Limited Participation in Practice,Emmanuel Ogbah,
2022,6,MIA,QB,Tua Tagovailoa,00-0036212,Out,Concussion,Full Participation in Practice,Tua Tagovailoa,OUT
2022,6,MIA,CB,Kader Kohou,00-0037353,Doubtful,Abdomen,Limited Participation in Practice,Kader Kohou,DOUBTFUL
2022,6,MIA,T,Terron Armstead,00-0030067,Questionable,Toe,Did Not Participate In Practice,Terron Armstead,QUESTIONABLE
2022,6,MIA,QB,Teddy Bridgewater,00-0031237,Questionable,Concussion,Full Participation in Practice,Teddy Bridgewater,QUESTIONABLE
2022,6,MIA,CB,Elijah Campbell,00-0034248,Questionable,Foot,Limited Participation in Practice,Elijah Campbell,QUESTIONABLE
2022,6,MIA,RB,Raheem Mostert,00-0031687,Questionable,Knee,Limited Participation in Practice,Raheem Mostert,QUESTIONABLE
2022,6,MIA,TE,Durham Smythe,00-0034798,Questionable,Hamstring,Limited Participation in Practice,Durham Smythe,QUESTIONABLE
2022,6,MIN,CB,Akayleb Evans,00-0038101,,,Full Participation in Practice,Akayleb Evans,
2022,6,MIN,WR,Jalen Nailor,00-0037291,,,Full Participation in Practice,Jalen Nailor,
2022,6,MIN,DE,Za'Darius Smith,00-0031576,,,Full Participation in Practice,Za'Darius Smith,
2022,6,MIN,DE,D.J. Wonnum,00-0036335,Questionable,Illness,Did Not Participate In Practice,D.J. Wonnum,QUESTIONABLE
2022,6,MIN,RB,Alexander Mattison,00-0034972,Questionable,Shoulder,Limited Participation in Practice,Alexander Mattison,QUESTIONABLE
2022,6,NE,C,David Andrews,00-0031852,,,Full Participation in Practice,David Andrews,
2022,6,NE,CB,Jalen Mills,00-0032803,,,Full Participation in Practice,Jalen Mills,
2022,6,NE,DE,DaMarcus Mitchell,00-0037202,,,Full Participation in Practice,DaMarcus Mitchell,
2022,6,NE,LB,Josh Uche,00-0036159,Out,Hamstring,Did Not Participate In Practice,Josh Uche,OUT
2022,6,NE,WR,Nelson Agholor,00-0031549,Questionable,Hamstring,Limited Participation in Practice,Nelson Agholor,QUESTIONABLE
2022,6,NE,DT,Christian Barmore,00-0036981,Questionable,Knee,Limited Participation in Practice,Christian Barmore,QUESTIONABLE
2022,6,NE,DT,Lawrence Guy,00-0028171,Questionable,Shoulder,Limited Participation in Practice,Lawrence Guy,QUESTIONABLE
2022,6,NE,RB,Damien Harris,00-0035657,Questionable,Hamstring,Limited Participation in Practice,Damien Harris,QUESTIONABLE
2022,6,NE,CB,Jonathan Jones,00-0032580,Questionable,Ankle,Limited Participation in Practice,Jonathan Jones,QUESTIONABLE
2022,6,NE,QB,Mac Jones,00-0036972,Questionable,Ankle,Limited Participation in Practice,Mac Jones,QUESTIONABLE
2022,6,NE,LB,Raekwon McMillan,00-0033461,Questionable,Thumb,Limited Participation in Practice,Raekwon McMillan,QUESTIONABLE
2022,6,NE,WR,Jakobi Meyers,00-0034960,Questionable,Knee,Limited Participation in Practice,Jakobi Meyers,QUESTIONABLE
2022,6,NE,TE,Jonnu Smith,00-0033858,Questionable,Ankle,Limited Participation in Practice,Jonnu Smith,QUESTIONABLE
2022,6,NO,S,J.T. Gray,00-0034116,,,Full Participation in Practice,J.T. Gray,
2022,6,NO,TE,Taysom Hill,00-0033357,,,Full Participation in Practice,Taysom Hill,
2022,6,NO,T,Ryan Ramczyk,00-0033888,,,Full Participation in Practice,Ryan Ramczyk,
2022,6,NO,WR,Deonte Harty,00-0035215,Out,Foot,Did Not Participate In Practice,Deonte Harty,OUT
2022,6,NO,WR,Jarvis Landry,00-0031382,Out,Ankle,Did Not Participate In Practice,Jarvis Landry,OUT
2022,6,NO,CB,Marshon Lattimore,00-0033874,Out,Abdomen,Did Not Participate In Practice,Marshon Lattimore,OUT
2022,6,NO,WR,Michael Thomas,00-0032765,Out,Foot,Did Not Participate In Practice,Michael Thomas,OUT
2022,6,NO,DE,Payton Turner,00-0036926,Out,Chest,Did Not Participate In Practice,Payton Turner,OUT
2022,6,NO,WR,Chris Olave,00-0037239,Questionable,Concussion,Full Participation in Practice,Chris Olave,QUESTIONABLE
2022,6,NO,CB,Paulson Adebo,00-0036937,Questionable,Knee,Limited Participation in Practice,Paulson Adebo,QUESTIONABLE
2022,6,NO,S,Marcus Maye,00-0033892,Questionable,Rib,Limited Participation in Practice,Marcus Maye,QUESTIONABLE
2022,6,NO,DT,Malcolm Roach,00-0035763,Questionable,Ankle,Limited Participation in Practice,Malcolm Roach,QUESTIONABLE
2022,6,NO,T,Calvin Throckmorton,00-0035764,Questionable,Hip,Limited Participation in Practice,Calvin Throckmorton,QUESTIONABLE
2022,6,NO,QB,Jameis Winston,00-0031503,Questionable,Back,Limited Participation in Practice,Jameis Winston,QUESTIONABLE
2022,6,NYG,P,Jamie Gillan,00-0035042,,,Full Participation in Practice,Jamie Gillan,
2022,6,NYG,QB,Tyrod Taylor,00-0028118,,,Full Participation in Practice,Tyrod Taylor,
2022,6,NYG,LB,Jihad Ward,00-0033046,,,Full Participation in Practice,Jihad Ward,
2022,6,NYG,RB,Saquon Barkley,00-0034844,,,Limited Participation in Practice,Saquon Barkley,
2022,6,NYG,CB,Darnay Holmes,00-0036394,,,Limited Participation in Practice,Darnay Holmes,
2022,6,NYG,CB,Adoree' Jackson,00-0033878,,,Limited Participation in Practice,Adoree' Jackson,
2022,6,NYG,TE,Chris Myarick,00-0035345,,,Limited Participation in Practice,Chris Myarick,
2022,6,NYG,CB,Cordale Flott,00-0037758,Out,Calf,Did Not Participate In Practice,Cordale Flott,OUT
2022,6,NYG,WR,Kenny Golladay,00-0033932,Out,Knee,Did Not Participate In Practice,Kenny Golladay,OUT
2022,6,NYG,S,Tony Jefferson,00-0030294,Out,Foot,Did Not Participate In Practice,Tony Jefferson,OUT
2022,6,NYG,S,Jason Pinnock,00-0036502,Out,Ankle,Did Not Participate In Practice,Jason Pinnock,OUT
2022,6,NYG,WR,Kadarius Toney,00-0036913,Out,Hamstring,Did Not Participate In Practice,Kadarius Toney,OUT
2022,6,NYG,LB,Azeez Ojulari,00-0036552,Doubtful,Calf,Limited Participation in Practice,Azeez Ojulari,DOUBTFUL
2022,6,NYG,TE,Tanner Hudson,00-0034613,Questionable,Illness,Did Not Participate In Practice,Tanner Hudson,QUESTIONABLE
2022,6,NYG,WR,Wan'Dale Robinson,00-0038117,Questionable,Knee,Limited Participation in Practice,Wan'Dale Robinson,QUESTIONABLE
2022,6,NYG,DT,Leonard Williams,00-0031933,Questionable,Knee,Limited Participation in Practice,Leonard Williams,QUESTIONABLE
2022,6,NYJ,DE,Carl Lawson,00-0033463,,,Full Participation in Practice,Carl Lawson,
2022,6,NYJ,LB,C.J. Mosley,00-0031296,,,Full Participation in Practice,C.J. Mosley,
2022,6,NYJ,LB,Quincy Williams,00-0035680,,,Full Participation in Practice,Quincy Williams,
2022,6,NYJ,DE,Jermaine Johnson,00-0037663,Out,Ankle,Did Not Participate In Practice,Jermaine Johnson,OUT
2022,6,NYJ,T,Duane Brown,00-0026166,Questionable,Shoulder,Full Participation in Practice,Duane Brown,QUESTIONABLE
2022,6,PHI,G,Landon Dickerson,00-0037002,,,Full Participation in Practice,Landon Dickerson,
2022,6,PHI,K,Jake Elliott,00-0033787,,,Full Participation in Practice,Jake Elliott,
2022,6,PHI,RB,Kenneth Gainwell,00-0036919,,,Full Participation in Practice,Kenneth Gainwell,
2022,6,PHI,LB,Patrick Johnson,00-0036922,,,Full Participation in Practice,Patrick Johnson,
2022,6,PHI,C,Jason Kelce,00-0028129,,,Full Participation in Practice,Jason Kelce,
2022,6,PHI,CB,Avonte Maddox,00-0034377,,,Full Participation in Practice,Avonte Maddox,
2022,6,PHI,T,Jordan Mailata,00-0034429,,,Full Participation in Practice,Jordan Mailata,
2022,6,PHI,G,Isaac Seumalo,00-0032954,,,Full Participation in Practice,Isaac Seumalo,
2022,6,PHI,CB,James Bradberry,00-0032890,,,Limited Participation in Practice,James Bradberry,
2022,6,PHI,WR,A.J. Brown,00-0035676,,,Limited Participation in Practice,A.J. Brown,
2022,6,PHI,DT,Fletcher Cox,00-0029653,,,Limited Participation in Practice,Fletcher Cox,
2022,6,PHI,DE,Brandon Graham,00-0027865,,,Limited Participation in Practice,Brandon Graham,
2022,6,PHI,T,Lane Johnson,00-0030561,,,Limited Participation in Practice,Lane Johnson,
2022,6,PHI,CB,Darius Slay,00-0030062,,,Limited Participation in Practice,Darius Slay,
2022,6,PHI,DE,Josh Sweat,00-0034381,,,Limited Participation in Practice,Josh Sweat,
2022,6,PHI,CB,Josh Jobe,00-0037137,Questionable,Shoulder,Limited Participation in Practice,Josh Jobe,QUESTIONABLE
2022,6,PHI,DE,Janarius Robinson,00-0036878,Questionable,Ankle,Limited Participation in Practice,Janarius Robinson,QUESTIONABLE
2022,6,PIT,DT,Montravius Adams,00-0033929,,,Full Participation in Practice,Montravius Adams,
2022,6,PIT,C,Mason Cole,00-0034785,,,Full Participation in Practice,Mason Cole,
2022,6,PIT,S,Terrell Edmunds,00-0034858,,,Full Participation in Practice,Terrell Edmunds,
2022,6,PIT,TE,Zach Gentry,00-0035222,,,Full Participation in Practice,Zach Gentry,
2022,6,PIT,WR,Diontae Johnson,00-0035216,,,Full Participation in Practice,Diontae Johnson,
2022,6,PIT,DT,Larry Ogunjobi,00-0033905,,,Full Participation in Practice,Larry Ogunjobi,
2022,6,PIT,S,Minkah Fitzpatrick,00-0034789,Out,Knee,Did Not Participate In Practice,Minkah Fitzpatrick,OUT
2022,6,PIT,DE,DeMarvin Leal,00-0037759,Out,Knee,Did Not Participate In Practice,DeMarvin Leal,OUT
2022,6,PIT,CB,Cameron Sutton,00-0033930,Out,Hamstring,Did Not Participate In Practice,Cameron Sutton,OUT
2022,6,PIT,CB,Ahkello Witherspoon,00-0033783,Out,Hamstring,Did Not Participate In Practice,Ahkello Witherspoon,OUT
2022,6,PIT,TE,Pat Freiermuth,00-0036894,Out,Concussion,Limited Participation in Practice,Pat Freiermuth,OUT
2022,6,PIT,CB,Levi Wallace,00-0034514,Out,Concussion,Limited Participation in Practice,Levi Wallace,OUT
2022,6,SEA,S,Ryan Neal,00-0034527,,,Did Not Participate In Practice,Ryan Neal,
2022,6,SEA,RB,Rashaad Penny,00-0034750,,,Did Not Participate In Practice,Rashaad Penny,
2022,6,SEA,CB,Justin Coleman,00-0031796,,,Full Participation in Practice,Justin Coleman,
2022,6,SEA,WR,Tyler Lockett,00-0032211,,,Full Participation in Practice,Tyler Lockett,
2022,6,SEA,LB,Darrell Taylor,00-0036413,,,Full Participation in Practice,Darrell Taylor,
2022,6,SEA,RB,Kenneth Walker,00-0038134,,,Full Participation in Practice,Kenneth Walker,
2022,6,SEA,WR,Dareke Young,00-0037093,,,Full Participation in Practice,Dareke Young,
2022,6,SEA,WR,Penny Hart,00-0035022,Out,Hamstring,Did Not Participate In Practice,Penny Hart,OUT
2022,6,SEA,G,Gabe Jackson,00-0031367,Doubtful,Knee,Did Not Participate In Practice,Gabe Jackson,DOUBTFUL
2022,6,SEA,DT,Al Woods,00-0027723,Doubtful,Knee,Did Not Participate In Practice,Al Woods,DOUBTFUL
2022,6,SEA,CB,Artie Burns,00-0033103,Questionable,Groin,Did Not Participate In Practice,Artie Burns,QUESTIONABLE
2022,6,SEA,WR,D'Wayne Eskridge,00-0036620,Questionable,Illness,Full Participation in Practice,D'Wayne Eskridge,QUESTIONABLE
2022,6,SEA,WR,Marquise Goodwin,00-0030068,Questionable,Knee,Full Participation in Practice,Marquise Goodwin,QUESTIONABLE
2022,6,SEA,DE,Shelby Harris,00-0031270,Questionable,Hip,Full Participation in Practice,Shelby Harris,QUESTIONABLE
2022,6,SEA,S,Joey Blount,00-0037141,Questionable,Calf,Limited Participation in Practice,Joey Blount,QUESTIONABLE
2022,6,SF,RB,Tyrion Davis-Price,00-0037827,,,Full Participation in Practice,Tyrion Davis-Price,
2022,6,SF,DE,Samson Ebukam,00-0033945,,,Full Participation in Practice,Samson Ebukam,
2022,6,SF,K,Robbie Gould,00-0023252,,,Full Participation in Practice,Robbie Gould,
2022,6,SF,WR,Danny Gray,00-0037828,,,Full Participation in Practice,Danny Gray,
2022,6,SF,CB,Deommodore Lenoir,00-0036563,,,Full Participation in Practice,Deommodore Lenoir,
2022,6,SF,S,Tarvarius Moore,00-0034263,,,Full Participation in Practice,Tarvarius Moore,
2022,6,SF,RB,Jeffery Wilson,00-0034115,,,Full Participation in Practice,Jeffery Wilson,
2022,6,SF,DT,Arik Armstead,00-0032164,Out,Foot,Did Not Participate In Practice,Arik Armstead,OUT
2022,6,SF,DT,Javon Kinlaw,00-0036260,Out,Knee,Did Not Participate In Practice,Javon Kinlaw,OUT
2022,6,SF,CB,Emmanuel Moseley,00-0034096,Out,Knee,Did Not Participate In Practice,Emmanuel Moseley,OUT
2022,6,SF,S,Jimmie Ward,00-0031298,Out,Hand,Did Not Participate In Practice,Jimmie Ward,OUT
2022,6,SF,T,Trent Williams,00-0027857,Out,Ankle,Did Not Participate In Practice,Trent Williams,OUT
2022,6,SF,G,Aaron Banks,00-0036551,Questionable,Knee,Limited Participation in Practice,Aaron Banks,QUESTIONABLE
2022,6,SF,DE,Nick Bosa,00-0035717,Questionable,Groin,Limited Participation in Practice,Nick Bosa,QUESTIONABLE
2022,6,SF,TE,Tyler Kroft,00-0032214,Questionable,Knee,Limited Participation in Practice,Tyler Kroft,QUESTIONABLE
2022,6,TB,LB,Lavonte David,00-0029562,,,Did Not Participate In Practice,Lavonte David,
2022,6,TB,WR,Mike Evans,00-0031408,,,Did Not Participate In Practice,Mike Evans,
2022,6,TB,TE,Cameron Brate,00-0031273,,,Full Participation in Practice,Cameron Brate,
2022,6,TB,WR,Jaelon Darden,00-0036877,,,Full Participation in Practice,Jaelon Darden,
2022,6,TB,CB,Carlton Davis,00-0034778,,,Full Participation in Practice,Carlton Davis,
2022,6,TB,WR,Russell Gage,00-0034411,,,Full Participation in Practice,Russell Gage,
2022,6,TB,DE,William Gholston,00-0030386,,,Full Participation in Practice,William Gholston,
2022,6,TB,WR,Chris Godwin,00-0033921,,,Full Participation in Practice,Chris Godwin,
2022,6,TB,LB,Carl Nassib,00-0033129,,,Full Participation in Practice,Carl Nassib,
2022,6,TB,WR,Breshad Perriman,00-0032054,,,Full Participation in Practice,Breshad Perriman,
2022,6,TB,T,Donovan Smith,00-0032217,,,Full Participation in Practice,Donovan Smith,
2022,6,TB,DT,Akiem Hicks,00-0029657,Out,Foot,Did Not Participate In Practice,Akiem Hicks,OUT
2022,6,TB,CB,Sean Murphy-Bunting,00-0035239,Out,Quadricep,Did Not Participate In Practice,Sean Murphy-Bunting,OUT
2022,6,TB,S,Logan Ryan,00-0030411,Out,Foot,Did Not Participate In Practice,Logan Ryan,OUT
2022,6,TB,WR,Julio Jones,00-0027944,Doubtful,Knee,Did Not Participate In Practice,Julio Jones,DOUBTFUL
2022,6,TB,LB,Shaquil Barrett,00-0031101,Questionable,Illness,"
    ",Shaquil Barrett,QUESTIONABLE
2022,6,TB,S,Mike Edwards,00-0035681,Questionable,Elbow,Limited Participation in Practice,Mike Edwards,QUESTIONABLE
2022,6,WAS,LB,David Mayo,00-0031596,,,Full Participation in Practice,David Mayo,
2022,6,WAS,QB,Carson Wentz,00-0032950,,,Full Participation in Practice,Carson Wentz,
2022,6,WAS,CB,Christian Holmes,00-0037095,,,Limited Participation in Practice,Christian Holmes,
2022,6,WAS,S,Percy Butler,00-0038100,Out,Quadricep,Did Not Participate In Practice,Percy Butler,OUT
2022,6,WAS,T,Samuel Cosmi,00-0036618,Out,Finger,Did Not Participate In Practice,Samuel Cosmi,OUT
2022,6,WAS,WR,Jahan Dotson,00-0037741,Out,Hamstring,Did Not Participate In Practice,Jahan Dotson,OUT
2022,6,WAS,CB,William Jackson,00-0033107,Out,Back,Did Not Participate In Practice,William Jackson,OUT
2022,6,WAS,TE,Logan Thomas,00-0031260,Out,Calf,Did Not Participate In Practice,Logan Thomas,OUT
2022,6,WAS,RB,Jonathan Williams,00-0032975,Out,Knee,Did Not Participate In Practice,Jonathan Williams,OUT
2022,6,WAS,WR,Dyami Brown,00-0036626,Questionable,Groin,Limited Participation in Practice,Dyami Brown,QUESTIONABLE
2022,7,ARI,RB,Eno Benjamin,00-0036383,,,Full Participation in Practice,Eno Benjamin,
2022,7,ARI,LB,Zaven Collins,00-0036933,,,Full Participation in Practice,Zaven Collins,
2022,7,ARI,DE,Michael Dogbe,00-0035541,,,Full Participation in Practice,Michael Dogbe,
2022,7,ARI,DT,Rashard Lawrence,00-0036373,,,Full Participation in Practice,Rashard Lawrence,
2022,7,ARI,WR,Marquise Brown,00-0035662,Out,Foot,Did Not Participate In Practice,Marquise Brown,OUT
2022,7,ARI,LB,Dennis Gardeck,00-0034473,Out,Ankle,Did Not Participate In Practice,Dennis Gardeck,OUT
2022,7,ARI,C,Rodney Hudson,00-0027993,Out,Knee,Did Not Participate In Practice,Rodney Hudson,OUT
2022,7,ARI,G,Justin Pugh,00-0030585,Out,Knee,Did Not Participate In Practice,Justin Pugh,OUT
2022,7,ARI,RB,Darrel Williams,00-0034301,Out,Knee,Did Not Participate In Practice,Darrel Williams,OUT
2022,7,ARI,RB,James Conner,00-0033553,Questionable,Ribs,Did Not Participate In Practice,James Conner,QUESTIONABLE
2022,7,ARI,K,Matt Prater,00-0023853,Questionable,right Hip,Did Not Participate In Practice,Matt Prater,QUESTIONABLE
2022,7,ARI,CB,Trayvon Mullen,00-0035695,Questionable,Hamstring,Limited Participation in Practice,Trayvon Mullen,QUESTIONABLE
2022,7,ARI,S,Jalen Thompson,00-0035705,Questionable,Hamstring,Limited Participation in Practice,Jalen Thompson,QUESTIONABLE
2022,7,ATL,DE,Ta'Quon Graham,00-0036948,,,Full Participation in Practice,Ta'Quon Graham,
2022,7,ATL,LB,Adetokunbo Ogundeji,00-0036949,,,Full Participation in Practice,Adetokunbo Ogundeji,
2022,7,ATL,CB,Isaiah Oliver,00-0034357,,,Full Participation in Practice,Isaiah Oliver,
2022,7,ATL,CB,A.J. Terrell,00-0036285,,,Full Participation in Practice,A.J. Terrell,
2022,7,ATL,LB,Mykal Walker,00-0036300,,,Full Participation in Practice,Mykal Walker,
2022,7,ATL,CB,Dee Alford,00-0037034,Out,Hamstring,Did Not Participate In Practice,Dee Alford,OUT
2022,7,ATL,WR,Jared Bernhardt,00-0037580,Out,Groin,Did Not Participate In Practice,Jared Bernhardt,OUT
2022,7,BAL,WR,Devin Duvernay,00-0036331,,,Did Not Participate In Practice,Devin Duvernay,
2022,7,BAL,DE,Jason Pierre-Paul,00-0027867,,,Did Not Participate In Practice,Jason Pierre-Paul,
2022,7,BAL,DE,Calais Campbell,00-0026190,,,Full Participation in Practice,Calais Campbell,
2022,7,BAL,RB,Justice Hill,00-0034975,,,Full Participation in Practice,Justice Hill,
2022,7,BAL,QB,Lamar Jackson,00-0034796,,,Full Participation in Practice,Lamar Jackson,
2022,7,BAL,RB,J.K. Dobbins,00-0036158,Out,Knee,Did Not Participate In Practice,J.K. Dobbins,OUT
2022,7,BAL,LB,Justin Houston,00-0028008,Questionable,Groin,Did Not Participate In Practice,Justin Houston,QUESTIONABLE
2022,7,BAL,T,Ronnie Stanley,00-0032965,Questionable,Illness,Did Not Participate In Practice,Ronnie Stanley,QUESTIONABLE
2022,7,BAL,FB,Patrick Ricard,00-0033376,Questionable,Knee,Full Participation in Practice,Patrick Ricard,QUESTIONABLE
2022,7,BAL,TE,Mark Andrews,00-0034753,Questionable,Knee,Limited Participation in Practice,Mark Andrews,QUESTIONABLE
2022,7,BAL,WR,Rashod Bateman,00-0036550,Questionable,Foot,Limited Participation in Practice,Rashod Bateman,QUESTIONABLE
2022,7,BAL,G,Ben Cleveland,00-0036977,Questionable,Foot,Limited Participation in Practice,Ben Cleveland,QUESTIONABLE
2022,7,BAL,T,Morgan Moses,00-0031330,Questionable,Heel,Limited Participation in Practice,Morgan Moses,QUESTIONABLE
2022,7,BAL,CB,Marcus Peters,00-0032165,Questionable,Not injury related - resting player,Limited Participation in Practice,Marcus Peters,QUESTIONABLE
2022,7,CAR,DT,Derrick Brown,00-0036220,,,Did Not Participate In Practice,Derrick Brown,
2022,7,CAR,RB,Christian McCaffrey,00-0033280,,,Did Not Participate In Practice,Christian McCaffrey,
2022,7,CAR,DE,Henry Anderson,00-0032269,,,Full Participation in Practice,Henry Anderson,
2022,7,CAR,RB,Raheem Blackshear,00-0037429,,,Full Participation in Practice,Raheem Blackshear,
2022,7,CAR,LB,Cory Littleton,00-0032677,,,Full Participation in Practice,Cory Littleton,
2022,7,CAR,DT,Matt Ioannidis,00-0032781,Doubtful,Concussion,Did Not Participate In Practice,Matt Ioannidis,DOUBTFUL
2022,7,CAR,QB,Baker Mayfield,00-0034855,Doubtful,Ankle,Limited Participation in Practice,Baker Mayfield,DOUBTFUL
2022,7,CAR,C,Pat Elflein,00-0033909,Questionable,Hip,Did Not Participate In Practice,Pat Elflein,QUESTIONABLE
2022,7,CAR,T,Taylor Moton,00-0033284,Questionable,Knee,Did Not Participate In Practice,Taylor Moton,QUESTIONABLE
2022,7,CAR,CB,C.J. Henderson,00-0036281,Questionable,Concussion,Full Participation in Practice,C.J. Henderson,QUESTIONABLE
2022,7,CAR,CB,Jaycee Horn,00-0036944,Questionable,Ribs,Full Participation in Practice,Jaycee Horn,QUESTIONABLE
2022,7,CAR,CB,Donte Jackson,00-0034356,Questionable,Ankle,Full Participation in Practice,Donte Jackson,QUESTIONABLE
2022,7,CAR,LB,Frankie Luvu,00-0034302,Questionable,Shoulder,Full Participation in Practice,Frankie Luvu,QUESTIONABLE
2022,7,CAR,WR,Laviska Shenault,00-0036268,Questionable,Hamstring,Full Participation in Practice,Laviska Shenault,QUESTIONABLE
2022,7,CAR,S,Sean Chandler,00-0034496,Questionable,Hamstring,Limited Participation in Practice,Sean Chandler,QUESTIONABLE
2022,7,CIN,LB,Markus Bailey,00-0036314,,,Full Participation in Practice,Markus Bailey,
2022,7,CIN,G,Alex Cappa,00-0034678,,,Full Participation in Practice,Alex Cappa,
2022,7,CIN,WR,Ja'Marr Chase,00-0036900,,,Full Participation in Practice,Ja'Marr Chase,
2022,7,CIN,T,La'el Collins,00-0031534,,,Full Participation in Practice,La'el Collins,
2022,7,CIN,WR,Tee Higgins,00-0036410,,,Full Participation in Practice,Tee Higgins,
2022,7,CIN,TE,Hayden Hurst,00-0034830,,,Limited Participation in Practice,Hayden Hurst,
2022,7,CIN,DE,Jeff Gunter,00-0037760,Out,Knee,Did Not Participate In Practice,Jeff Gunter,OUT
2022,7,CIN,DT,Josh Tupou,00-0033347,Out,Calf,Did Not Participate In Practice,Josh Tupou,OUT
2022,7,CIN,LB,Logan Wilson,00-0036294,Out,Shoulder,Did Not Participate In Practice,Logan Wilson,OUT
2022,7,CIN,WR,Stanley Morgan,00-0035399,Doubtful,Hamstring,Did Not Participate In Practice,Stanley Morgan,DOUBTFUL
2022,7,CLE,G,Joel Bitonio,00-0031426,,,Full Participation in Practice,Joel Bitonio,
2022,7,CLE,T,Jack Conklin,00-0033057,,,Full Participation in Practice,Jack Conklin,
2022,7,CLE,WR,Amari Cooper,00-0031544,,,Full Participation in Practice,Amari Cooper,
2022,7,CLE,LB,Tony Fields,00-0036634,,,Full Participation in Practice,Tony Fields,
2022,7,CLE,TE,David Njoku,00-0033885,,,Full Participation in Practice,David Njoku,
2022,7,CLE,DE,Alex Wright,00-0037251,,,Full Participation in Practice,Alex Wright,
2022,7,CLE,DE,Myles Garrett,00-0033868,,,Limited Participation in Practice,Myles Garrett,
2022,7,CLE,T,Joe Haeg,00-0032419,Out,Concussion,Did Not Participate In Practice,Joe Haeg,OUT
2022,7,CLE,G,Wyatt Teller,00-0034399,Out,Calf,Did Not Participate In Practice,Wyatt Teller,OUT
2022,7,CLE,CB,Denzel Ward,00-0034856,Out,Concussion,Did Not Participate In Practice,Denzel Ward,OUT
2022,7,CLE,DE,Jadeveon Clowney,00-0031364,Questionable,Ankle,Limited Participation in Practice,Jadeveon Clowney,QUESTIONABLE
2022,7,CLE,DE,Isaac Rochell,00-0033588,Questionable,Knee,Limited Participation in Practice,Isaac Rochell,QUESTIONABLE
2022,7,DAL,DT,Quinton Bohanna,00-0036649,,,Full Participation in Practice,Quinton Bohanna,
2022,7,DAL,DT,Neville Gallimore,00-0036366,,,Full Participation in Practice,Neville Gallimore,
2022,7,DAL,LB,Devin Harper,00-0037293,,,Full Participation in Practice,Devin Harper,
2022,7,DAL,WR,CeeDee Lamb,00-0036358,,,Full Participation in Practice,CeeDee Lamb,
2022,7,DAL,T,Jason Peters,00-0022531,,,Full Participation in Practice,Jason Peters,
2022,7,DAL,QB,Dak Prescott,00-0033077,,,Full Participation in Practice,Dak Prescott,
2022,7,DAL,TE,Dalton Schultz,00-0034383,,,Full Participation in Practice,Dalton Schultz,
2022,7,DAL,T,Matt Waletzko,00-0037266,Out,Shoulder,Did Not Participate In Practice,Matt Waletzko,OUT
2022,7,DEN,WR,Tyrie Cleveland,00-0036439,,,Full Participation in Practice,Tyrie Cleveland,
2022,7,DEN,RB,Melvin Gordon,00-0032144,,,Full Participation in Practice,Melvin Gordon,
2022,7,DEN,CB,Damarri Mathis,00-0038105,,,Full Participation in Practice,Damarri Mathis,
2022,7,DEN,TE,Eric Saubert,00-0033576,,,Full Participation in Practice,Eric Saubert,
2022,7,DEN,T,Billy Turner,00-0031433,,,Full Participation in Practice,Billy Turner,
2022,7,DEN,CB,K'Waun Williams,00-0031253,,,Full Participation in Practice,K'Waun Williams,
2022,7,DEN,CB,Essang Bassey,00-0035862,Out,Hamstring,Did Not Participate In Practice,Essang Bassey,OUT
2022,7,DEN,S,Caden Sterns,00-0036633,Doubtful,Hip,Did Not Participate In Practice,Caden Sterns,DOUBTFUL
2022,7,DEN,DT,DeShawn Williams,00-0031795,Questionable,Back,Did Not Participate In Practice,DeShawn Williams,QUESTIONABLE
2022,7,DEN,LB,Josey Jewell,00-0034368,Questionable,Knee,Limited Participation in Practice,Josey Jewell,QUESTIONABLE
2022,7,DEN,DT,D.J. Jones,00-0033297,Questionable,Ankle,Limited Participation in Practice,D.J. Jones,QUESTIONABLE
2022,7,DEN,G,Quinn Meinerz,00-0037001,Questionable,Foot,Limited Participation in Practice,Quinn Meinerz,QUESTIONABLE
2022,7,DEN,QB,Russell Wilson,00-0029263,Questionable,Hamstring,Limited Participation in Practice,Russell Wilson,QUESTIONABLE
2022,7,DET,T,Taylor Decker,00-0032381,,,Full Participation in Practice,Taylor Decker,
2022,7,DET,C,Frank Ragnow,00-0034345,,,Full Participation in Practice,Frank Ragnow,
2022,7,DET,WR,Amon-Ra St. Brown,00-0036963,,,Full Participation in Practice,Amon-Ra St. Brown,
2022,7,DET,WR,D.J. Chark,00-0034777,Out,Ankle,Did Not Participate In Practice,D.J. Chark,OUT
2022,7,DET,DE,Charles Harris,00-0033880,Out,Groin,Did Not Participate In Practice,Charles Harris,OUT
2022,7,DET,S,Ifeatu Melifonwu,00-0036993,Out,Ankle,Did Not Participate In Practice,Ifeatu Melifonwu,OUT
2022,7,DET,T,Matt Nelson,00-0035328,Out,Calf,Did Not Participate In Practice,Matt Nelson,OUT
2022,7,DET,CB,Bobby Price,00-0036011,Out,Knee,Did Not Participate In Practice,Bobby Price,OUT
2022,7,DET,LB,Chris Board,00-0034787,Questionable,Knee,Limited Participation in Practice,Chris Board,QUESTIONABLE
2022,7,DET,DT,John Cominsky,00-0035265,Questionable,Wrist,Limited Participation in Practice,John Cominsky,QUESTIONABLE
2022,7,DET,CB,Will Harris,00-0035655,Questionable,Hip,Limited Participation in Practice,Will Harris,QUESTIONABLE
2022,7,DET,WR,Josh Reynolds,00-0033943,Questionable,Knee,Limited Participation in Practice,Josh Reynolds,QUESTIONABLE
2022,7,DET,RB,D'Andre Swift,00-0036275,Questionable,Ankle,Limited Participation in Practice,D'Andre Swift,QUESTIONABLE
2022,7,GB,G,Elgton Jenkins,00-0035526,,,Did Not Participate In Practice,Elgton Jenkins,
2022,7,GB,LB,Rashan Gary,00-0034967,,,Full Participation in Practice,Rashan Gary,
2022,7,GB,TE,Marcedes Lewis,00-0024243,,,Full Participation in Practice,Marcedes Lewis,
2022,7,GB,QB,Aaron Rodgers,00-0023459,,,Limited Participation in Practice,Aaron Rodgers,
2022,7,GB,WR,Randall Cobb,00-0028002,Out,Ankle,Did Not Participate In Practice,Randall Cobb,OUT
2022,7,GB,C,Jake Hanson,00-0036273,Out,Biceps,Did Not Participate In Practice,Jake Hanson,OUT
2022,7,GB,WR,Christian Watson,00-0038124,Out,Hamstring,Did Not Participate In Practice,Christian Watson,OUT
2022,7,GB,WR,Sammy Watkins,00-0031325,Questionable,Hamstring,"
    ",Sammy Watkins,QUESTIONABLE
2022,7,GB,DT,Devonte Wyatt,00-0037075,Questionable,Illness,"
    ",Devonte Wyatt,QUESTIONABLE
2022,7,GB,T,David Bakhtiari,00-0030074,Questionable,Knee,Limited Participation in Practice,David Bakhtiari,QUESTIONABLE
2022,7,HOU,WR,Brandin Cooks,00-0031236,,,Did Not Participate In Practice,Brandin Cooks,
2022,7,HOU,WR,Nico Collins,00-0036554,,,Full Participation in Practice,Nico Collins,
2022,7,HOU,DT,Maliek Collins,00-0033131,,,Full Participation in Practice,Maliek Collins,
2022,7,HOU,DE,Jerry Hughes,00-0027881,,,Full Participation in Practice,Jerry Hughes,
2022,7,HOU,DE,Jonathan Greenard,00-0036224,Out,Calf,Did Not Participate In Practice,Jonathan Greenard,OUT
2022,7,HOU,T,Austin Deculus,00-0037302,Questionable,Ankle,Full Participation in Practice,Austin Deculus,QUESTIONABLE
2022,7,HOU,TE,Brevin Jordan,00-0036556,Questionable,Ankle,Full Participation in Practice,Brevin Jordan,QUESTIONABLE
2022,7,HOU,WR,Chris Moore,00-0032398,Questionable,Hip,Full Participation in Practice,Chris Moore,QUESTIONABLE
2022,7,IND,DT,DeForest Buckner,00-0032378,,,Did Not Participate In Practice,DeForest Buckner,
2022,7,IND,S,Julian Blackmon,00-0036253,,,Full Participation in Practice,Julian Blackmon,
2022,7,IND,CB,Stephon Gilmore,00-0029542,,,Full Participation in Practice,Stephon Gilmore,
2022,7,IND,TE,Kylen Granson,00-0036876,,,Full Participation in Practice,Kylen Granson,
2022,7,IND,RB,Nyheim Hines,00-0034367,,,Full Participation in Practice,Nyheim Hines,
2022,7,IND,RB,Deon Jackson,00-0036493,,,Full Participation in Practice,Deon Jackson,
2022,7,IND,C,Ryan Kelly,00-0032383,,,Full Participation in Practice,Ryan Kelly,
2022,7,IND,DE,Yannick Ngakoue,00-0033123,,,Full Participation in Practice,Yannick Ngakoue,
2022,7,IND,DT,Grover Stewart,00-0033952,,,Full Participation in Practice,Grover Stewart,
2022,7,IND,RB,Jonathan Taylor,00-0036223,,,Full Participation in Practice,Jonathan Taylor,
2022,7,IND,LB,JoJo Domann,00-0037393,Out,Abdomen,Did Not Participate In Practice,JoJo Domann,OUT
2022,7,IND,DE,Kwity Paye,00-0036479,Out,Ankle,Did Not Participate In Practice,Kwity Paye,OUT
2022,7,IND,WR,Keke Coutee,00-0034366,Out,Concussion,Full Participation in Practice,Keke Coutee,OUT
2022,7,IND,LB,Shaquille Leonard,00-0034846,Out,Concussion,Full Participation in Practice,Shaquille Leonard,OUT
2022,7,JAX,WR,Jamal Agnew,00-0033572,Out,Knee,Did Not Participate In Practice,Jamal Agnew,OUT
2022,7,JAX,CB,Shaquill Griffin,00-0033926,Out,Back,Did Not Participate In Practice,Shaquill Griffin,OUT
2022,7,JAX,DT,Folorunso Fatukasi,00-0034275,Questionable,Quadricep,Limited Participation in Practice,Folorunso Fatukasi,QUESTIONABLE
2022,7,JAX,DT,Davon Hamilton,00-0036262,Questionable,Foot,Limited Participation in Practice,Davon Hamilton,QUESTIONABLE
2022,7,JAX,WR,Marvin Jones,00-0029293,Questionable,Hamstring,Limited Participation in Practice,Marvin Jones,QUESTIONABLE
2022,7,JAX,LB,Foyesade Oluokun,00-0034413,Questionable,Calf,Limited Participation in Practice,Foyesade Oluokun,QUESTIONABLE
2022,7,KC,K,Harrison Butker,00-0033303,,,Full Participation in Practice,Harrison Butker,
2022,7,KC,S,Bryan Cook,00-0037193,,,Full Participation in Practice,Bryan Cook,
2022,7,KC,WR,Mecole Hardman,00-0035140,,,Full Participation in Practice,Mecole Hardman,
2022,7,KC,G,Trey Smith,00-0036660,,,Full Participation in Practice,Trey Smith,
2022,7,KC,CB,L'Jarius Sneed,00-0036374,,,Full Participation in Practice,L'Jarius Sneed,
2022,7,KC,CB,Rashad Fenton,00-0035147,Out,Hamstring,Did Not Participate In Practice,Rashad Fenton,OUT
2022,7,KC,G,Joe Thuney,00-0032391,Questionable,Ankle,Full Participation in Practice,Joe Thuney,QUESTIONABLE
2022,7,KC,DE,Michael Danna,00-0036378,Questionable,Calf,Limited Participation in Practice,Michael Danna,QUESTIONABLE
2022,7,LAC,C,Will Clapp,00-0034436,,,Full Participation in Practice,Will Clapp,
2022,7,LAC,TE,Gerald Everett,00-0033895,,,Full Participation in Practice,Gerald Everett,
2022,7,LAC,G,Zion Johnson,00-0037818,,,Full Participation in Practice,Zion Johnson,
2022,7,LAC,C,Corey Linsley,00-0031019,,,Full Participation in Practice,Corey Linsley,
2022,7,LAC,T,Trey Pipkins,00-0035688,,,Full Participation in Practice,Trey Pipkins,
2022,7,LAC,LB,Kyle Van Noy,00-0031360,,,Full Participation in Practice,Kyle Van Noy,
2022,7,LAC,K,Dustin Hopkins,00-0030098,Out,right Hamstring,Did Not Participate In Practice,Dustin Hopkins,OUT
2022,7,LAC,RB,Joshua Kelley,00-0036370,Out,Knee,Did Not Participate In Practice,Joshua Kelley,OUT
2022,7,LAC,WR,Josh Palmer,00-0036988,Out,Concussion,Did Not Participate In Practice,Josh Palmer,OUT
2022,7,LAC,TE,Donald Parham,00-0035329,Out,Concussion,Did Not Participate In Practice,Donald Parham,OUT
2022,7,LAC,WR,Keenan Allen,00-0030279,Questionable,Hamstring,Limited Participation in Practice,Keenan Allen,QUESTIONABLE
2022,7,LAC,DT,Sebastian Joseph,00-0034810,Questionable,Ankle,Limited Participation in Practice,Sebastian Joseph,QUESTIONABLE
2022,7,LV,DE,Chandler Jones,00-0029585,,,Did Not Participate In Practice,Chandler Jones,
2022,7,LV,G,Dylan Parham,00-0037255,,,Did Not Participate In Practice,Dylan Parham,
2022,7,LV,G,Jermaine Eluemunor,00-0033290,,,Full Participation in Practice,Jermaine Eluemunor,
2022,7,LV,TE,Foster Moreau,00-0034981,,,Full Participation in Practice,Foster Moreau,
2022,7,LV,TE,Darren Waller,00-0031610,Out,Hamstring,Did Not Participate In Practice,Darren Waller,OUT
2022,7,LV,LB,Jayon Brown,00-0033954,Questionable,Hamstring,Limited Participation in Practice,Jayon Brown,QUESTIONABLE
2022,7,LV,WR,Mack Hollins,00-0033555,Questionable,Heel,Limited Participation in Practice,Mack Hollins,QUESTIONABLE
2022,7,LV,WR,Hunter Renfrow,00-0034983,Questionable,Hip,Limited Participation in Practice,Hunter Renfrow,QUESTIONABLE
2022,7,MIA,LB,Melvin Ingram,00-0029249,,,Did Not Participate In Practice,Melvin Ingram,
2022,7,MIA,LB,Jerome Baker,00-0034797,,,Full Participation in Practice,Jerome Baker,
2022,7,MIA,CB,Elijah Campbell,00-0034248,,,Full Participation in Practice,Elijah Campbell,
2022,7,MIA,WR,Tanner Conner,00-0037348,,,Full Participation in Practice,Tanner Conner,
2022,7,MIA,LB,Sam Eguavoen,00-0034902,,,Full Participation in Practice,Sam Eguavoen,
2022,7,MIA,RB,Raheem Mostert,00-0031687,,,Full Participation in Practice,Raheem Mostert,
2022,7,MIA,DT,Zach Sieler,00-0034285,,,Full Participation in Practice,Zach Sieler,
2022,7,MIA,CB,Keion Crossen,00-0034435,Doubtful,Knee,Did Not Participate In Practice,Keion Crossen,DOUBTFUL
2022,7,MIA,T,Terron Armstead,00-0030067,Questionable,Toe,Did Not Participate In Practice,Terron Armstead,QUESTIONABLE
2022,7,MIA,CB,Xavien Howard,00-0033050,Questionable,Groin,Limited Participation in Practice,Xavien Howard,QUESTIONABLE
2022,7,MIA,CB,Kader Kohou,00-0037353,Questionable,Abdomen,Limited Participation in Practice,Kader Kohou,QUESTIONABLE
2022,7,MIA,T,Greg Little,00-0035694,Questionable,Achilles,Limited Participation in Practice,Greg Little,QUESTIONABLE
2022,7,MIA,DE,Emmanuel Ogbah,00-0033073,Questionable,Back,Limited Participation in Practice,Emmanuel Ogbah,QUESTIONABLE
2022,7,MIA,TE,Durham Smythe,00-0034798,Questionable,Hamstring,Limited Participation in Practice,Durham Smythe,QUESTIONABLE
2022,7,MIA,QB,Skylar Thompson,00-0037327,Questionable,right Thumb,Limited Participation in Practice,Skylar Thompson,QUESTIONABLE
2022,7,MIA,WR,Jaylen Waddle,00-0036613,Questionable,Shoulder,Limited Participation in Practice,Jaylen Waddle,QUESTIONABLE
2022,7,MIA,DT,Christian Wilkins,00-0035231,Questionable,Hand,Limited Participation in Practice,Christian Wilkins,QUESTIONABLE
2022,7,NE,RB,Damien Harris,00-0035657,,,Full Participation in Practice,Damien Harris,
2022,7,NE,TE,Jonnu Smith,00-0033858,,,Full Participation in Practice,Jonnu Smith,
2022,7,NE,CB,Shaun Wade,00-0036559,Questionable,Illness,Did Not Participate In Practice,Shaun Wade,QUESTIONABLE
2022,7,NE,WR,Nelson Agholor,00-0031549,Questionable,Hamstring,Limited Participation in Practice,Nelson Agholor,QUESTIONABLE
2022,7,NE,DT,Christian Barmore,00-0036981,Questionable,Knee,Limited Participation in Practice,Christian Barmore,QUESTIONABLE
2022,7,NE,WR,Kendrick Bourne,00-0033307,Questionable,Toe,Limited Participation in Practice,Kendrick Bourne,QUESTIONABLE
2022,7,NE,DT,Lawrence Guy,00-0028171,Questionable,Shoulder,Limited Participation in Practice,Lawrence Guy,QUESTIONABLE
2022,7,NE,DT,Anfernee Jennings,00-0036193,Questionable,Calf,Limited Participation in Practice,Anfernee Jennings,QUESTIONABLE
2022,7,NE,CB,Jonathan Jones,00-0032580,Questionable,Ankle,Limited Participation in Practice,Jonathan Jones,QUESTIONABLE
2022,7,NE,QB,Mac Jones,00-0036972,Questionable,Ankle,Limited Participation in Practice,Mac Jones,QUESTIONABLE
2022,7,NE,CB,Jalen Mills,00-0032803,Questionable,Illness,Limited Participation in Practice,Jalen Mills,QUESTIONABLE
2022,7,NE,G,Michael Onwenu,00-0036198,Questionable,Ankle,Limited Participation in Practice,Michael Onwenu,QUESTIONABLE
2022,7,NE,LB,Josh Uche,00-0036159,Questionable,Hamstring,Limited Participation in Practice,Josh Uche,QUESTIONABLE
2022,7,NE,T,Isaiah Wynn,00-0034833,Questionable,Shoulder,Limited Participation in Practice,Isaiah Wynn,QUESTIONABLE
2022,7,NO,QB,Andy Dalton,00-0027973,,,Full Participation in Practice,Andy Dalton,
2022,7,NO,S,Marcus Maye,00-0033892,,,Full Participation in Practice,Marcus Maye,
2022,7,NO,T,Ryan Ramczyk,00-0033888,,,Full Participation in Practice,Ryan Ramczyk,
2022,7,NO,RB,Mark Ingram,00-0027966,,,Limited Participation in Practice,Mark Ingram,
2022,7,NO,QB,Jameis Winston,00-0031503,,,Limited Participation in Practice,Jameis Winston,
2022,7,NO,WR,Jarvis Landry,00-0031382,Out,Ankle,Did Not Participate In Practice,Jarvis Landry,OUT
2022,7,NO,CB,Marshon Lattimore,00-0033874,Out,Abdomen,Did Not Participate In Practice,Marshon Lattimore,OUT
2022,7,NO,G,Andrus Peat,00-0032203,Out,Chest,Did Not Participate In Practice,Andrus Peat,OUT
2022,7,NO,WR,Michael Thomas,00-0032765,Out,Foot,Did Not Participate In Practice,Michael Thomas,OUT
2022,7,NO,TE,Adam Trautman,00-0036422,Out,Ankle,Did Not Participate In Practice,Adam Trautman,OUT
2022,7,NO,CB,Paulson Adebo,00-0036937,Questionable,Knee,Limited Participation in Practice,Paulson Adebo,QUESTIONABLE
2022,7,NO,WR,Keith Kirkwood,00-0034317,Questionable,Ankle,Limited Participation in Practice,Keith Kirkwood,QUESTIONABLE
2022,7,NO,T,Calvin Throckmorton,00-0035764,Questionable,Hip,Limited Participation in Practice,Calvin Throckmorton,QUESTIONABLE
2022,7,NO,DE,Payton Turner,00-0036926,Questionable,Chest,Limited Participation in Practice,Payton Turner,QUESTIONABLE
2022,7,NYG,RB,Saquon Barkley,00-0034844,,,Full Participation in Practice,Saquon Barkley,
2022,7,NYG,S,Xavier McKinney,00-0036388,,,Full Participation in Practice,Xavier McKinney,
2022,7,NYG,T,Andrew Thomas,00-0036386,,,Full Participation in Practice,Andrew Thomas,
2022,7,NYG,CB,Cordale Flott,00-0037758,Out,Calf,Did Not Participate In Practice,Cordale Flott,OUT
2022,7,NYG,WR,Kenny Golladay,00-0033932,Out,Knee,Did Not Participate In Practice,Kenny Golladay,OUT
2022,7,NYG,LB,Azeez Ojulari,00-0036552,Out,Calf,Did Not Participate In Practice,Azeez Ojulari,OUT
2022,7,NYG,WR,Kadarius Toney,00-0036913,Out,Hamstring,Did Not Participate In Practice,Kadarius Toney,OUT
2022,7,NYG,LB,Oshane Ximines,00-0035708,Out,Quadricep,Did Not Participate In Practice,Oshane Ximines,OUT
2022,7,NYG,C,Jon Feliciano,00-0032151,Questionable,Groin,Limited Participation in Practice,Jon Feliciano,QUESTIONABLE
2022,7,NYG,S,Jason Pinnock,00-0036502,Questionable,Ankle,Limited Participation in Practice,Jason Pinnock,QUESTIONABLE
2022,7,NYJ,WR,Braxton Berrios,00-0034419,,,Limited Participation in Practice,Braxton Berrios,
2022,7,NYJ,T,Duane Brown,00-0026166,,,Limited Participation in Practice,Duane Brown,
2022,7,NYJ,LB,Quincy Williams,00-0035680,,,Limited Participation in Practice,Quincy Williams,
2022,7,NYJ,DE,Jermaine Johnson,00-0037663,Out,Ankle,Did Not Participate In Practice,Jermaine Johnson,OUT
2022,7,NYJ,WR,Elijah Moore,00-0036980,Out,Not injury related - personal matter,Did Not Participate In Practice,Elijah Moore,OUT
2022,7,NYJ,S,Ashtyn Davis,00-0036329,Questionable,Hamstring,Limited Participation in Practice,Ashtyn Davis,QUESTIONABLE
2022,7,PIT,C,Mason Cole,00-0034785,,,Full Participation in Practice,Mason Cole,
2022,7,PIT,G,James Daniels,00-0034347,,,Full Participation in Practice,James Daniels,
2022,7,PIT,S,Minkah Fitzpatrick,00-0034789,,,Full Participation in Practice,Minkah Fitzpatrick,
2022,7,PIT,TE,Pat Freiermuth,00-0036894,,,Full Participation in Practice,Pat Freiermuth,
2022,7,PIT,DT,Cameron Heyward,00-0027969,,,Full Participation in Practice,Cameron Heyward,
2022,7,PIT,LB,Myles Jack,00-0032968,,,Full Participation in Practice,Myles Jack,
2022,7,PIT,DT,Larry Ogunjobi,00-0033905,,,Full Participation in Practice,Larry Ogunjobi,
2022,7,PIT,QB,Kenny Pickett,00-0038102,,,Full Participation in Practice,Kenny Pickett,
2022,7,PIT,CB,Cameron Sutton,00-0033930,,,Full Participation in Practice,Cameron Sutton,
2022,7,PIT,CB,Levi Wallace,00-0034514,,,Full Participation in Practice,Levi Wallace,
2022,7,PIT,DE,Chris Wormley,00-0033913,,,Full Participation in Practice,Chris Wormley,
2022,7,PIT,WR,Steven Sims,00-0034928,Out,Hamstring,Did Not Participate In Practice,Steven Sims,OUT
2022,7,PIT,CB,Ahkello Witherspoon,00-0033783,Doubtful,Hamstring,Limited Participation in Practice,Ahkello Witherspoon,DOUBTFUL
2022,7,PIT,CB,James Pierre,00-0035795,Questionable,Hip,Limited Participation in Practice,James Pierre,QUESTIONABLE
2022,7,SEA,WR,D'Wayne Eskridge,00-0036620,,,Did Not Participate In Practice,D'Wayne Eskridge,
2022,7,SEA,TE,Noah Fant,00-0035644,,,Full Participation in Practice,Noah Fant,
2022,7,SEA,WR,Marquise Goodwin,00-0030068,,,Full Participation in Practice,Marquise Goodwin,
2022,7,SEA,DE,Quinton Jefferson,00-0032416,,,Full Participation in Practice,Quinton Jefferson,
2022,7,SEA,T,Abraham Lucas,00-0037812,,,Full Participation in Practice,Abraham Lucas,
2022,7,SEA,S,Ryan Neal,00-0034527,,,Full Participation in Practice,Ryan Neal,
2022,7,SEA,LB,Uchenna Nwosu,00-0034350,,,Full Participation in Practice,Uchenna Nwosu,
2022,7,SEA,RB,Kenneth Walker,00-0038134,,,Full Participation in Practice,Kenneth Walker,
2022,7,SEA,DT,Al Woods,00-0027723,,,Full Participation in Practice,Al Woods,
2022,7,SEA,CB,Isaiah Dunn,00-0036506,Out,Hamstring,Did Not Participate In Practice,Isaiah Dunn,OUT
2022,7,SEA,CB,Artie Burns,00-0033103,Doubtful,Groin,Did Not Participate In Practice,Artie Burns,DOUBTFUL
2022,7,SEA,WR,Penny Hart,00-0035022,Doubtful,Hamstring,Did Not Participate In Practice,Penny Hart,DOUBTFUL
2022,7,SEA,G,Gabe Jackson,00-0031367,Doubtful,Knee,Did Not Participate In Practice,Gabe Jackson,DOUBTFUL
2022,7,SEA,S,Joey Blount,00-0037141,Questionable,Illness,"
    ",Joey Blount,QUESTIONABLE
2022,7,SEA,WR,Tyler Lockett,00-0032211,Questionable,Hamstring,Did Not Participate In Practice,Tyler Lockett,QUESTIONABLE
2022,7,SEA,CB,Sidney Jones,00-0033543,Questionable,Groin,Limited Participation in Practice,Sidney Jones,QUESTIONABLE
2022,7,SF,DE,Nick Bosa,00-0035717,,,Full Participation in Practice,Nick Bosa,
2022,7,SF,DE,Samson Ebukam,00-0033945,,,Full Participation in Practice,Samson Ebukam,
2022,7,SF,LB,Demetrius Flannigan-Fowles,00-0035020,,,Full Participation in Practice,Demetrius Flannigan-Fowles,
2022,7,SF,DE,Drake Jackson,00-0037826,,,Full Participation in Practice,Drake Jackson,
2022,7,SF,TE,Tyler Kroft,00-0032214,,,Full Participation in Practice,Tyler Kroft,
2022,7,SF,T,Mike McGlinchey,00-0034847,,,Full Participation in Practice,Mike McGlinchey,
2022,7,SF,T,Trent Williams,00-0027857,,,Full Participation in Practice,Trent Williams,
2022,7,SF,TE,Charlie Woerner,00-0036429,,,Full Participation in Practice,Charlie Woerner,
2022,7,SF,RB,Christian McCaffrey,00-0033280,,,Limited Participation in Practice,Christian McCaffrey,
2022,7,SF,S,Jimmie Ward,00-0031298,,,Limited Participation in Practice,Jimmie Ward,
2022,7,SF,DT,Arik Armstead,00-0032164,Out,Foot,Did Not Participate In Practice,Arik Armstead,OUT
2022,7,SF,S,Talanoa Hufanga,00-0036564,Questionable,Concussion,Limited Participation in Practice,Talanoa Hufanga,QUESTIONABLE
2022,7,SF,CB,Charvarius Ward,00-0034573,Questionable,Groin,Limited Participation in Practice,Charvarius Ward,QUESTIONABLE
2022,7,TB,LB,Lavonte David,00-0029562,,,Did Not Participate In Practice,Lavonte David,
2022,7,TB,WR,Mike Evans,00-0031408,,,Did Not Participate In Practice,Mike Evans,
2022,7,TB,DE,William Gholston,00-0030386,,,Full Participation in Practice,William Gholston,
2022,7,TB,DE,Logan Hall,00-0038127,,,Full Participation in Practice,Logan Hall,
2022,7,TB,TE,Cameron Brate,00-0031273,Out,Neck,Did Not Participate In Practice,Cameron Brate,OUT
2022,7,TB,DT,Akiem Hicks,00-0029657,Out,Foot,Did Not Participate In Practice,Akiem Hicks,OUT
2022,7,TB,WR,Julio Jones,00-0027944,Out,Knee,Did Not Participate In Practice,Julio Jones,OUT
2022,7,TB,CB,Sean Murphy-Bunting,00-0035239,Out,Quadricep,Did Not Participate In Practice,Sean Murphy-Bunting,OUT
2022,7,TB,S,Mike Edwards,00-0035681,Questionable,Elbow,Full Participation in Practice,Mike Edwards,QUESTIONABLE
2022,7,TB,CB,Carlton Davis,00-0034778,Questionable,Hip,Limited Participation in Practice,Carlton Davis,QUESTIONABLE
2022,7,TB,G,Shaquille Mason,00-0031580,Questionable,Ankle,Limited Participation in Practice,Shaquille Mason,QUESTIONABLE
2022,7,TEN,LB,Bud Dupree,00-0032146,,,Full Participation in Practice,Bud Dupree,
2022,7,TEN,S,Amani Hooker,00-0035632,,,Full Participation in Practice,Amani Hooker,
2022,7,TEN,C,Ben Jones,00-0029413,,,Limited Participation in Practice,Ben Jones,
2022,7,TEN,FB,Tory Carter,00-0036691,Out,Neck,Did Not Participate In Practice,Tory Carter,OUT
2022,7,TEN,LB,Zach Cunningham,00-0033547,Out,Elbow,Did Not Participate In Practice,Zach Cunningham,OUT
2022,7,TEN,G,Nate Davis,00-0035649,Out,Foot,Did Not Participate In Practice,Nate Davis,OUT
2022,7,TEN,LB,Joseph Jones,00-0033659,Out,Knee,Did Not Participate In Practice,Joseph Jones,OUT
2022,7,TEN,WR,Kyle Philips,00-0037273,Questionable,Hamstring,Limited Participation in Practice,Kyle Philips,QUESTIONABLE
2022,7,WAS,CB,Tariq Castro-Fields,00-0037833,,,Did Not Participate In Practice,Tariq Castro-Fields,
2022,7,WAS,S,Percy Butler,00-0038100,,,Full Participation in Practice,Percy Butler,
2022,7,WAS,WR,Dyami Brown,00-0036626,Out,Groin,Did Not Participate In Practice,Dyami Brown,OUT
2022,7,WAS,CB,William Jackson,00-0033107,Out,Back,Did Not Participate In Practice,William Jackson,OUT
2022,7,WAS,TE,Logan Thomas,00-0031260,Out,Calf,Did Not Participate In Practice,Logan Thomas,OUT
2022,7,WAS,QB,Carson Wentz,00-0032950,Out,right Finger,Did Not Participate In Practice,Carson Wentz,OUT
2022,7,WAS,RB,Jonathan Williams,00-0032975,Out,Knee,Did Not Participate In Practice,Jonathan Williams,OUT
2022,7,WAS,WR,Jahan Dotson,00-0037741,Questionable,Hamstring,Did Not Participate In Practice,Jahan Dotson,QUESTIONABLE
2022,7,WAS,TE,John Bates,00-0036628,Questionable,Hamstring,Limited Participation in Practice,John Bates,QUESTIONABLE
2022,7,WAS,T,Samuel Cosmi,00-0036618,Questionable,Finger,Limited Participation in Practice,Samuel Cosmi,QUESTIONABLE
2022,8,ARI,G,Cody Ford,00-0035238,,,Full Participation in Practice,Cody Ford,
2022,8,ARI,CB,Trayvon Mullen,00-0035695,,,Full Participation in Practice,Trayvon Mullen,
2022,8,ARI,LB,Jalen Thompson,00-0035705,,,Full Participation in Practice,Jalen Thompson,
2022,8,ARI,T,Kelvin Beachum,00-0029316,,,Limited Participation in Practice,Kelvin Beachum,
2022,8,ARI,TE,Zach Ertz,00-0030061,,,Limited Participation in Practice,Zach Ertz,
2022,8,ARI,DE,J.J. Watt,00-0027949,,,Limited Participation in Practice,J.J. Watt,
2022,8,ARI,RB,James Conner,00-0033553,Out,Ribs,Did Not Participate In Practice,James Conner,OUT
2022,8,ARI,G,Max Garcia,00-0032132,Out,Shoulder,Did Not Participate In Practice,Max Garcia,OUT
2022,8,ARI,LB,Dennis Gardeck,00-0034473,Out,Ankle,Did Not Participate In Practice,Dennis Gardeck,OUT
2022,8,ARI,C,Rodney Hudson,00-0027993,Out,Knee,Did Not Participate In Practice,Rodney Hudson,OUT
2022,8,ARI,CB,Christian Matthew,00-0037747,Out,Hamstring,Did Not Participate In Practice,Christian Matthew,OUT
2022,8,ARI,T,D.J. Humphries,00-0032222,Questionable,Back,Limited Participation in Practice,D.J. Humphries,QUESTIONABLE
2022,8,ARI,CB,Byron Murphy,00-0035236,Questionable,Back,Limited Participation in Practice,Byron Murphy,QUESTIONABLE
2022,8,ARI,K,Matt Prater,00-0023853,Questionable,right Hip,Limited Participation in Practice,Matt Prater,QUESTIONABLE
2022,8,ARI,RB,Darrel Williams,00-0034301,Questionable,Knee,Limited Participation in Practice,Darrel Williams,QUESTIONABLE
2022,8,ATL,RB,Caleb Huntley,00-0036829,,,Full Participation in Practice,Caleb Huntley,
2022,8,ATL,S,Jaylinn Hawkins,00-0036302,Out,Concussion,Did Not Participate In Practice,Jaylinn Hawkins,OUT
2022,8,ATL,CB,A.J. Terrell,00-0036285,Out,Hamstring,Did Not Participate In Practice,A.J. Terrell,OUT
2022,8,ATL,CB,Dee Alford,00-0037034,Questionable,Hamstring,Limited Participation in Practice,Dee Alford,QUESTIONABLE
2022,8,BAL,G,Ben Cleveland,00-0036977,,,Full Participation in Practice,Ben Cleveland,
2022,8,BAL,DE,Calais Campbell,00-0026190,Out,Illness,Did Not Participate In Practice,Calais Campbell,OUT
2022,8,BAL,TE,Mark Andrews,00-0034753,Questionable,Knee,Did Not Participate In Practice,Mark Andrews,QUESTIONABLE
2022,8,BAL,WR,Rashod Bateman,00-0036550,Questionable,Foot,Full Participation in Practice,Rashod Bateman,QUESTIONABLE
2022,8,BAL,CB,Marlon Humphrey,00-0033281,Questionable,Hamstring,Full Participation in Practice,Marlon Humphrey,QUESTIONABLE
2022,8,BAL,CB,Marcus Peters,00-0032165,Questionable,Quadricep,Full Participation in Practice,Marcus Peters,QUESTIONABLE
2022,8,BAL,T,Ronnie Stanley,00-0032965,Questionable,Ankle,Full Participation in Practice,Ronnie Stanley,QUESTIONABLE
2022,8,BAL,CB,Brandon Stephens,00-0036987,Questionable,Abdomen,Full Participation in Practice,Brandon Stephens,QUESTIONABLE
2022,8,BAL,LB,Josh Bynes,00-0028278,Questionable,Quadricep,Limited Participation in Practice,Josh Bynes,QUESTIONABLE
2022,8,BAL,RB,Gus Edwards,00-0034184,Questionable,Knee,Limited Participation in Practice,Gus Edwards,QUESTIONABLE
2022,8,BUF,WR,Stefon Diggs,00-0031588,,,Did Not Participate In Practice,Stefon Diggs,
2022,8,BUF,LB,Von Miller,00-0027940,,,Did Not Participate In Practice,Von Miller,
2022,8,BUF,WR,Jake Kumerow,00-0031787,,,Full Participation in Practice,Jake Kumerow,
2022,8,BUF,CB,Cameron Lewis,00-0035357,,,Full Participation in Practice,Cameron Lewis,
2022,8,BUF,C,Mitch Morse,00-0031936,,,Full Participation in Practice,Mitch Morse,
2022,8,BUF,DE,Jordan Phillips,00-0031557,,,Full Participation in Practice,Jordan Phillips,
2022,8,BUF,S,Jordan Poyer,00-0030114,,,Limited Participation in Practice,Jordan Poyer,
2022,8,BUF,T,Spencer Brown,00-0036976,Out,Ankle,Did Not Participate In Practice,Spencer Brown,OUT
2022,8,BUF,RB,Taiwan Jones,00-0028063,Questionable,Knee,Full Participation in Practice,Taiwan Jones,QUESTIONABLE
2022,8,CAR,S,Sean Chandler,00-0034496,,,Full Participation in Practice,Sean Chandler,
2022,8,CAR,G,Austin Corbett,00-0034261,,,Full Participation in Practice,Austin Corbett,
2022,8,CAR,S,Myles Hartsfield,00-0035950,,,Full Participation in Practice,Myles Hartsfield,
2022,8,CAR,DT,Matt Ioannidis,00-0032781,,,Full Participation in Practice,Matt Ioannidis,
2022,8,CAR,CB,Donte Jackson,00-0034356,,,Full Participation in Practice,Donte Jackson,
2022,8,CAR,G,Michael Jordan,00-0035266,,,Full Participation in Practice,Michael Jordan,
2022,8,CAR,LB,Cory Littleton,00-0032677,,,Full Participation in Practice,Cory Littleton,
2022,8,CAR,LB,Arron Mosby,00-0037364,,,Full Participation in Practice,Arron Mosby,
2022,8,CAR,T,Taylor Moton,00-0033284,,,Full Participation in Practice,Taylor Moton,
2022,8,CAR,DT,Daviyon Nixon,00-0036558,,,Full Participation in Practice,Daviyon Nixon,
2022,8,CAR,WR,Laviska Shenault,00-0036268,,,Full Participation in Practice,Laviska Shenault,
2022,8,CAR,RB,Chuba Hubbard,00-0036555,Out,Ankle,Did Not Participate In Practice,Chuba Hubbard,OUT
2022,8,CAR,CB,Jaycee Horn,00-0036944,Questionable,Ribs,Full Participation in Practice,Jaycee Horn,QUESTIONABLE
2022,8,CAR,S,Juston Burris,00-0032403,Questionable,Hip,Limited Participation in Practice,Juston Burris,QUESTIONABLE
2022,8,CAR,DE,Marquis Haynes,00-0034382,Questionable,Illness,Limited Participation in Practice,Marquis Haynes,QUESTIONABLE
2022,8,CAR,LB,Frankie Luvu,00-0034302,Questionable,Shoulder,Limited Participation in Practice,Frankie Luvu,QUESTIONABLE
2022,8,CHI,G,Lucas Patrick,00-0033082,,,Did Not Participate In Practice,Lucas Patrick,
2022,8,CHI,DT,Armon Watts,00-0034992,,,Full Participation in Practice,Armon Watts,
2022,8,CHI,T,Larry Borom,00-0036905,Out,Concussion,Did Not Participate In Practice,Larry Borom,OUT
2022,8,CIN,T,La'el Collins,00-0031534,,,Full Participation in Practice,La'el Collins,
2022,8,CIN,DE,Jeff Gunter,00-0037760,,,Full Participation in Practice,Jeff Gunter,
2022,8,CIN,DE,Trey Hendrickson,00-0033935,,,Full Participation in Practice,Trey Hendrickson,
2022,8,CIN,LB,Logan Wilson,00-0036294,,,Full Participation in Practice,Logan Wilson,
2022,8,CIN,TE,Hayden Hurst,00-0034830,,,Limited Participation in Practice,Hayden Hurst,
2022,8,CIN,WR,Ja'Marr Chase,00-0036900,Out,Hip,Did Not Participate In Practice,Ja'Marr Chase,OUT
2022,8,CIN,WR,Stanley Morgan,00-0035399,Out,Hamstring,Did Not Participate In Practice,Stanley Morgan,OUT
2022,8,CIN,DT,Josh Tupou,00-0033347,Out,Calf,Did Not Participate In Practice,Josh Tupou,OUT
2022,8,CIN,CB,Eli Apple,00-0032379,Doubtful,Hamstring,Did Not Participate In Practice,Eli Apple,DOUBTFUL
2022,8,CLE,WR,David Bell,00-0037257,,,Full Participation in Practice,David Bell,
2022,8,CLE,G,Joel Bitonio,00-0031426,,,Full Participation in Practice,Joel Bitonio,
2022,8,CLE,TE,Harrison Bryant,00-0036232,,,Full Participation in Practice,Harrison Bryant,
2022,8,CLE,T,Jack Conklin,00-0033057,,,Full Participation in Practice,Jack Conklin,
2022,8,CLE,WR,Amari Cooper,00-0031544,,,Full Participation in Practice,Amari Cooper,
2022,8,CLE,DE,Myles Garrett,00-0033868,,,Full Participation in Practice,Myles Garrett,
2022,8,CLE,DE,Jadeveon Clowney,00-0031364,,,Limited Participation in Practice,Jadeveon Clowney,
2022,8,CLE,T,Joe Haeg,00-0032419,Out,Concussion,Did Not Participate In Practice,Joe Haeg,OUT
2022,8,CLE,TE,David Njoku,00-0033885,Out,Ankle,Did Not Participate In Practice,David Njoku,OUT
2022,8,CLE,G,Wyatt Teller,00-0034399,Out,Calf,Did Not Participate In Practice,Wyatt Teller,OUT
2022,8,CLE,CB,Denzel Ward,00-0034856,Out,Concussion,Did Not Participate In Practice,Denzel Ward,OUT
2022,8,CLE,LB,Jeremiah Owusu-Koramoah,00-0036915,Questionable,Knee,Did Not Participate In Practice,Jeremiah Owusu-Koramoah,QUESTIONABLE
2022,8,CLE,TE,Pharaoh Brown,00-0033439,Questionable,Concussion,Limited Participation in Practice,Pharaoh Brown,QUESTIONABLE
2022,8,CLE,CB,Greg Newsome,00-0036996,Questionable,Oblique,Limited Participation in Practice,Greg Newsome,QUESTIONABLE
2022,8,CLE,CB,Greedy Williams,00-0035638,Questionable,Illness,Limited Participation in Practice,Greedy Williams,QUESTIONABLE
2022,8,DAL,DT,Quinton Bohanna,00-0036649,,,Full Participation in Practice,Quinton Bohanna,
2022,8,DAL,LB,Damone Clark,00-0037281,,,Full Participation in Practice,Damone Clark,
2022,8,DAL,DT,Neville Gallimore,00-0036366,,,Full Participation in Practice,Neville Gallimore,
2022,8,DAL,DT,Trysten Hill,00-0035247,,,Full Participation in Practice,Trysten Hill,
2022,8,DAL,S,Jayron Kearse,00-0032454,,,Full Participation in Practice,Jayron Kearse,
2022,8,DAL,RB,Ezekiel Elliott,00-0033045,Doubtful,Knee,Did Not Participate In Practice,Ezekiel Elliott,DOUBTFUL
2022,8,DAL,WR,Noah Brown,00-0033591,Questionable,Foot,Did Not Participate In Practice,Noah Brown,QUESTIONABLE
2022,8,DAL,S,Malik Hooker,00-0033877,Questionable,Hamstring,Did Not Participate In Practice,Malik Hooker,QUESTIONABLE
2022,8,DAL,LB,Devin Harper,00-0037293,Questionable,Achilles,Limited Participation in Practice,Devin Harper,QUESTIONABLE
2022,8,DAL,LB,Micah Parsons,00-0036932,Questionable,Shoulder,Limited Participation in Practice,Micah Parsons,QUESTIONABLE
2022,8,DAL,TE,Dalton Schultz,00-0034383,Questionable,Knee,Limited Participation in Practice,Dalton Schultz,QUESTIONABLE
2022,8,DAL,T,Terence Steele,00-0036036,Questionable,Neck,Limited Participation in Practice,Terence Steele,QUESTIONABLE
2022,8,DAL,DE,Sam Williams,00-0037665,Questionable,Knee,Limited Participation in Practice,Sam Williams,QUESTIONABLE
2022,8,DEN,LB,Josey Jewell,00-0034368,,,Full Participation in Practice,Josey Jewell,
2022,8,DEN,DT,Mike Purcell,00-0029890,,,Full Participation in Practice,Mike Purcell,
2022,8,DEN,CB,K'Waun Williams,00-0031253,,,Full Participation in Practice,K'Waun Williams,
2022,8,DEN,QB,Russell Wilson,00-0029263,,,Full Participation in Practice,Russell Wilson,
2022,8,DEN,CB,Essang Bassey,00-0035862,Out,Hamstring,Did Not Participate In Practice,Essang Bassey,OUT
2022,8,DEN,LB,Baron Browning,00-0036995,Out,Hip,Did Not Participate In Practice,Baron Browning,OUT
2022,8,DEN,WR,Tyrie Cleveland,00-0036439,Out,Groin,Did Not Participate In Practice,Tyrie Cleveland,OUT
2022,8,DEN,T,Cameron Fleming,00-0031067,Out,Quadricep,Did Not Participate In Practice,Cameron Fleming,OUT
2022,8,DEN,S,Caden Sterns,00-0036633,Out,Hip,Did Not Participate In Practice,Caden Sterns,OUT
2022,8,DEN,S,P.J. Locke,00-0035227,Questionable,Hamstring,"
    ",P.J. Locke,QUESTIONABLE
2022,8,DET,T,Taylor Decker,00-0032381,,,Full Participation in Practice,Taylor Decker,
2022,8,DET,S,Will Harris,00-0035655,,,Full Participation in Practice,Will Harris,
2022,8,DET,TE,T.J. Hockenson,00-0035229,,,Full Participation in Practice,T.J. Hockenson,
2022,8,DET,C,Frank Ragnow,00-0034345,,,Full Participation in Practice,Frank Ragnow,
2022,8,DET,WR,Josh Reynolds,00-0033943,,,Full Participation in Practice,Josh Reynolds,
2022,8,DET,RB,D'Andre Swift,00-0036275,,,Full Participation in Practice,D'Andre Swift,
2022,8,DET,S,DeShon Elliott,00-0034277,Out,Finger,Did Not Participate In Practice,DeShon Elliott,OUT
2022,8,DET,DE,Charles Harris,00-0033880,Out,Groin,Did Not Participate In Practice,Charles Harris,OUT
2022,8,DET,CB,Mike Hughes,00-0034843,Out,Knee,Did Not Participate In Practice,Mike Hughes,OUT
2022,8,DET,CB,Chase Lucas,00-0037321,Out,Ankle,Did Not Participate In Practice,Chase Lucas,OUT
2022,8,DET,S,Ifeatu Melifonwu,00-0036993,Out,Ankle,Did Not Participate In Practice,Ifeatu Melifonwu,OUT
2022,8,DET,T,Matt Nelson,00-0035328,Out,Calf,Did Not Participate In Practice,Matt Nelson,OUT
2022,8,DET,WR,Amon-Ra St. Brown,00-0036963,Questionable,Concussion,Full Participation in Practice,Amon-Ra St. Brown,QUESTIONABLE
2022,8,DET,G,Jonah Jackson,00-0036258,Questionable,Neck,Limited Participation in Practice,Jonah Jackson,QUESTIONABLE
2022,8,GB,TE,Marcedes Lewis,00-0024243,,,Full Participation in Practice,Marcedes Lewis,
2022,8,GB,QB,Aaron Rodgers,00-0023459,,,Limited Participation in Practice,Aaron Rodgers,
2022,8,GB,WR,Sammy Watkins,00-0031325,,,Limited Participation in Practice,Sammy Watkins,
2022,8,GB,CB,Shemar Jean-Charles,00-0036645,Out,Ankle,Did Not Participate In Practice,Shemar Jean-Charles,OUT
2022,8,GB,WR,Allen Lazard,00-0034521,Out,Shoulder,Did Not Participate In Practice,Allen Lazard,OUT
2022,8,GB,LB,Rashan Gary,00-0034967,Questionable,Concussion,Full Participation in Practice,Rashan Gary,QUESTIONABLE
2022,8,GB,T,David Bakhtiari,00-0030074,Questionable,Knee,Limited Participation in Practice,David Bakhtiari,QUESTIONABLE
2022,8,GB,G,Elgton Jenkins,00-0035526,Questionable,Knee,Limited Participation in Practice,Elgton Jenkins,QUESTIONABLE
2022,8,GB,WR,Christian Watson,00-0038124,Questionable,Hamstring,Limited Participation in Practice,Christian Watson,QUESTIONABLE
2022,8,HOU,DE,Jerry Hughes,00-0027881,,,Did Not Participate In Practice,Jerry Hughes,
2022,8,HOU,G,A.J. Cann,00-0032255,Questionable,Illness,Did Not Participate In Practice,A.J. Cann,QUESTIONABLE
2022,8,HOU,DT,Maliek Collins,00-0033131,Questionable,Chest,Did Not Participate In Practice,Maliek Collins,QUESTIONABLE
2022,8,HOU,WR,Nico Collins,00-0036554,Questionable,Groin,Did Not Participate In Practice,Nico Collins,QUESTIONABLE
2022,8,HOU,WR,Brandin Cooks,00-0031236,Questionable,Wrist,Full Participation in Practice,Brandin Cooks,QUESTIONABLE
2022,8,HOU,G,Kenyon Green,00-0037613,Questionable,Shoulder,Full Participation in Practice,Kenyon Green,QUESTIONABLE
2022,8,HOU,C,Justin McCray,00-0030792,Questionable,Hand,Full Participation in Practice,Justin McCray,QUESTIONABLE
2022,8,HOU,DE,Rasheem Green,00-0034831,Questionable,Knee,Limited Participation in Practice,Rasheem Green,QUESTIONABLE
2022,8,IND,DT,DeForest Buckner,00-0032378,,,Did Not Participate In Practice,DeForest Buckner,
2022,8,IND,WR,Keke Coutee,00-0034366,,,Full Participation in Practice,Keke Coutee,
2022,8,IND,LB,JoJo Domann,00-0037393,,,Full Participation in Practice,JoJo Domann,
2022,8,IND,LB,Zaire Franklin,00-0034431,,,Full Participation in Practice,Zaire Franklin,
2022,8,IND,CB,Stephon Gilmore,00-0029542,,,Full Participation in Practice,Stephon Gilmore,
2022,8,IND,C,Ryan Kelly,00-0032383,,,Full Participation in Practice,Ryan Kelly,
2022,8,IND,LB,Shaquille Leonard,00-0034846,,,Full Participation in Practice,Shaquille Leonard,
2022,8,IND,DE,Yannick Ngakoue,00-0033123,,,Full Participation in Practice,Yannick Ngakoue,
2022,8,IND,LS,Luke Rhodes,00-0032753,,,Full Participation in Practice,Luke Rhodes,
2022,8,IND,DT,Grover Stewart,00-0033952,,,Full Participation in Practice,Grover Stewart,
2022,8,IND,DE,Kwity Paye,00-0036479,Out,Ankle,Did Not Participate In Practice,Kwity Paye,OUT
2022,8,IND,QB,Matt Ryan,00-0026143,Out,right Shoulder,Did Not Participate In Practice,Matt Ryan,OUT
2022,8,IND,LB,Grant Stuard,00-0036672,Out,Pectoral,Did Not Participate In Practice,Grant Stuard,OUT
2022,8,IND,CB,Kenny Moore,00-0033393,Questionable,Finger,Limited Participation in Practice,Kenny Moore,QUESTIONABLE
2022,8,JAX,CB,Tevaughn Campbell,00-0034903,Out,Not injury related - did not travel,Did Not Participate In Practice,Tevaughn Campbell,OUT
2022,8,JAX,S,Tyree Gillespie,00-0036853,Out,Not injury related - did not travel,Did Not Participate In Practice,Tyree Gillespie,OUT
2022,8,JAX,DE,Adam Gotsis,00-0033064,Out,Not injury related - did not travel,Did Not Participate In Practice,Adam Gotsis,OUT
2022,8,JAX,WR,Jamal Agnew,00-0033572,Questionable,Knee,Limited Participation in Practice,Jamal Agnew,QUESTIONABLE
2022,8,LA,LB,Terrell Lewis,00-0036419,,,Did Not Participate In Practice,Terrell Lewis,
2022,8,LA,C,Brian Allen,00-0034804,,,Full Participation in Practice,Brian Allen,
2022,8,LA,CB,Cobie Durant,00-0037839,,,Full Participation in Practice,Cobie Durant,
2022,8,LA,RB,Darrell Henderson,00-0035664,,,Full Participation in Practice,Darrell Henderson,
2022,8,LA,WR,Van Jefferson,00-0036415,,,Limited Participation in Practice,Van Jefferson,
2022,8,LA,RB,Cam Akers,00-0036414,Out,Not injury related - personal matter,Did Not Participate In Practice,Cam Akers,OUT
2022,8,LA,WR,Brandon Powell,00-0034646,Questionable,Ankle,Limited Participation in Practice,Brandon Powell,QUESTIONABLE
2022,8,LV,LB,Jayon Brown,00-0033954,,,Full Participation in Practice,Jayon Brown,
2022,8,LV,QB,Derek Carr,00-0031280,,,Full Participation in Practice,Derek Carr,
2022,8,LV,G,Jermaine Eluemunor,00-0033290,,,Full Participation in Practice,Jermaine Eluemunor,
2022,8,LV,DE,Clelin Ferrell,00-0035692,,,Full Participation in Practice,Clelin Ferrell,
2022,8,LV,RB,Josh Jacobs,00-0035700,,,Full Participation in Practice,Josh Jacobs,
2022,8,LV,WR,Hunter Renfrow,00-0034983,,,Full Participation in Practice,Hunter Renfrow,
2022,8,LV,S,Johnathan Abram,00-0035693,Questionable,Illness,Limited Participation in Practice,Johnathan Abram,QUESTIONABLE
2022,8,LV,WR,Davante Adams,00-0031381,Questionable,Illness,Limited Participation in Practice,Davante Adams,QUESTIONABLE
2022,8,LV,DE,Tashawn Bower,00-0033324,Questionable,Illness,Limited Participation in Practice,Tashawn Bower,QUESTIONABLE
2022,8,LV,LB,Divine Deablo,00-0036990,Questionable,Back,Limited Participation in Practice,Divine Deablo,QUESTIONABLE
2022,8,LV,WR,Mack Hollins,00-0033555,Questionable,Heel,Limited Participation in Practice,Mack Hollins,QUESTIONABLE
2022,8,LV,WR,D.J. Turner,00-0036527,Questionable,Hamstring,Limited Participation in Practice,D.J. Turner,QUESTIONABLE
2022,8,LV,TE,Darren Waller,00-0031610,Questionable,Hamstring,Limited Participation in Practice,Darren Waller,QUESTIONABLE
2022,8,MIA,T,Terron Armstead,00-0030067,,,Did Not Participate In Practice,Terron Armstead,
2022,8,MIA,LB,Melvin Ingram,00-0029249,,,Did Not Participate In Practice,Melvin Ingram,
2022,8,MIA,LB,Jerome Baker,00-0034797,,,Full Participation in Practice,Jerome Baker,
2022,8,MIA,CB,Keion Crossen,00-0034435,,,Full Participation in Practice,Keion Crossen,
2022,8,MIA,T,Liam Eichenberg,00-0037010,,,Full Participation in Practice,Liam Eichenberg,
2022,8,MIA,G,Robert Hunt,00-0036325,,,Full Participation in Practice,Robert Hunt,
2022,8,MIA,CB,Kader Kohou,00-0037353,,,Full Participation in Practice,Kader Kohou,
2022,8,MIA,T,Greg Little,00-0035694,,,Full Participation in Practice,Greg Little,
2022,8,MIA,DT,Zach Sieler,00-0034285,,,Full Participation in Practice,Zach Sieler,
2022,8,MIA,QB,Tua Tagovailoa,00-0036212,,,Full Participation in Practice,Tua Tagovailoa,
2022,8,MIA,QB,Skylar Thompson,00-0037327,,,Full Participation in Practice,Skylar Thompson,
2022,8,MIA,WR,Jaylen Waddle,00-0036613,,,Full Participation in Practice,Jaylen Waddle,
2022,8,MIA,RB,Raheem Mostert,00-0031687,,,Limited Participation in Practice,Raheem Mostert,
2022,8,MIA,DT,Christian Wilkins,00-0035231,,,Limited Participation in Practice,Christian Wilkins,
2022,8,MIA,WR,River Cracraft,00-0034054,Out,Neck,"
    ",River Cracraft,OUT
2022,8,MIA,DE,Emmanuel Ogbah,00-0033073,Questionable,Back,Full Participation in Practice,Emmanuel Ogbah,QUESTIONABLE
2022,8,MIA,WR,Tanner Conner,00-0037348,Questionable,Knee,Limited Participation in Practice,Tanner Conner,QUESTIONABLE
2022,8,MIA,S,Clayton Fejedelem,00-0032807,Questionable,Groin,Limited Participation in Practice,Clayton Fejedelem,QUESTIONABLE
2022,8,MIA,CB,Xavien Howard,00-0033050,Questionable,Groin,Limited Participation in Practice,Xavien Howard,QUESTIONABLE
2022,8,MIA,P,Thomas Morstead,00-0027114,Questionable,Illness,Limited Participation in Practice,Thomas Morstead,QUESTIONABLE
2022,8,MIA,TE,Durham Smythe,00-0034798,Questionable,Hamstring,Limited Participation in Practice,Durham Smythe,QUESTIONABLE
2022,8,MIN,WR,Jalen Nailor,00-0037291,,,Full Participation in Practice,Jalen Nailor,
2022,8,MIN,DE,Jonathan Bullard,00-0033093,Questionable,Illness,Did Not Participate In Practice,Jonathan Bullard,QUESTIONABLE
2022,8,NE,WR,Kendrick Bourne,00-0033307,,,Full Participation in Practice,Kendrick Bourne,
2022,8,NE,G,Michael Onwenu,00-0036198,,,Full Participation in Practice,Michael Onwenu,
2022,8,NE,C,David Andrews,00-0031852,Out,Concussion,Did Not Participate In Practice,David Andrews,OUT
2022,8,NE,DT,Christian Barmore,00-0036981,Out,Knee,Did Not Participate In Practice,Christian Barmore,OUT
2022,8,NE,WR,Nelson Agholor,00-0031549,Questionable,Hamstring,Limited Participation in Practice,Nelson Agholor,QUESTIONABLE
2022,8,NE,S,Kyle Dugger,00-0036231,Questionable,Ankle,Limited Participation in Practice,Kyle Dugger,QUESTIONABLE
2022,8,NE,LB,Anfernee Jennings,00-0036193,Questionable,Calf,Limited Participation in Practice,Anfernee Jennings,QUESTIONABLE
2022,8,NE,CB,Jonathan Jones,00-0032580,Questionable,Ankle,Limited Participation in Practice,Jonathan Jones,QUESTIONABLE
2022,8,NE,LB,Matt Judon,00-0032415,Questionable,Back,Limited Participation in Practice,Matt Judon,QUESTIONABLE
2022,8,NE,S,Adrian Phillips,00-0031404,Questionable,Shoulder,Limited Participation in Practice,Adrian Phillips,QUESTIONABLE
2022,8,NE,LB,Josh Uche,00-0036159,Questionable,Hamstring,Limited Participation in Practice,Josh Uche,QUESTIONABLE
2022,8,NE,T,Isaiah Wynn,00-0034833,Questionable,Shoulder,Limited Participation in Practice,Isaiah Wynn,QUESTIONABLE
2022,8,NO,WR,Keith Kirkwood,00-0034317,,,Full Participation in Practice,Keith Kirkwood,
2022,8,NO,T,Ryan Ramczyk,00-0033888,,,Full Participation in Practice,Ryan Ramczyk,
2022,8,NO,T,Calvin Throckmorton,00-0035764,,,Full Participation in Practice,Calvin Throckmorton,
2022,8,NO,DE,Payton Turner,00-0036926,,,Full Participation in Practice,Payton Turner,
2022,8,NO,QB,Jameis Winston,00-0031503,,,Full Participation in Practice,Jameis Winston,
2022,8,NO,WR,Jarvis Landry,00-0031382,Out,Ankle,Did Not Participate In Practice,Jarvis Landry,OUT
2022,8,NO,CB,Marshon Lattimore,00-0033874,Out,Abdomen,Did Not Participate In Practice,Marshon Lattimore,OUT
2022,8,NO,WR,Michael Thomas,00-0032765,Out,Foot,Did Not Participate In Practice,Michael Thomas,OUT
2022,8,NO,DT,David Onyemata,00-0033051,Questionable,Illness,Did Not Participate In Practice,David Onyemata,QUESTIONABLE
2022,8,NO,CB,Paulson Adebo,00-0036937,Questionable,Knee,Limited Participation in Practice,Paulson Adebo,QUESTIONABLE
2022,8,NO,TE,Juwan Johnson,00-0036040,Questionable,Hamstring,Limited Participation in Practice,Juwan Johnson,QUESTIONABLE
2022,8,NO,G,Andrus Peat,00-0032203,Questionable,Chest,Limited Participation in Practice,Andrus Peat,QUESTIONABLE
2022,8,NO,TE,Adam Trautman,00-0036422,Questionable,Ankle,Limited Participation in Practice,Adam Trautman,QUESTIONABLE
2022,8,NYG,WR,Kadarius Toney,00-0036913,,,Did Not Participate In Practice,Kadarius Toney,
2022,8,NYG,TE,Daniel Bellinger,00-0038115,Out,Eye,Did Not Participate In Practice,Daniel Bellinger,OUT
2022,8,NYG,G,Ben Bredeson,00-0036132,Out,Knee,Did Not Participate In Practice,Ben Bredeson,OUT
2022,8,NYG,CB,Cordale Flott,00-0037758,Out,Calf,Did Not Participate In Practice,Cordale Flott,OUT
2022,8,NYG,WR,Kenny Golladay,00-0033932,Out,Knee,Did Not Participate In Practice,Kenny Golladay,OUT
2022,8,NYG,T,Evan Neal,00-0037612,Out,Knee,Did Not Participate In Practice,Evan Neal,OUT
2022,8,NYG,LB,Oshane Ximines,00-0035708,Out,Quadricep,Did Not Participate In Practice,Oshane Ximines,OUT
2022,8,NYG,T,Tyre Phillips,00-0036214,Questionable,Toe,Limited Participation in Practice,Tyre Phillips,QUESTIONABLE
2022,8,NYG,S,Jason Pinnock,00-0036502,Questionable,Foot,Limited Participation in Practice,Jason Pinnock,QUESTIONABLE
2022,8,NYG,DT,Leonard Williams,00-0031933,Questionable,Elbow,Limited Participation in Practice,Leonard Williams,QUESTIONABLE
2022,8,NYJ,S,Ashtyn Davis,00-0036329,,,Full Participation in Practice,Ashtyn Davis,
2022,8,NYJ,DE,John Franklin-Myers,00-0034805,,,Full Participation in Practice,John Franklin-Myers,
2022,8,NYJ,LB,Quincy Williams,00-0035680,,,Full Participation in Practice,Quincy Williams,
2022,8,NYJ,WR,Corey Davis,00-0033871,Out,Knee,Did Not Participate In Practice,Corey Davis,OUT
2022,8,NYJ,T,Duane Brown,00-0026166,Questionable,Shoulder,Full Participation in Practice,Duane Brown,QUESTIONABLE
2022,8,NYJ,DE,Jermaine Johnson,00-0037663,Questionable,Ankle,Full Participation in Practice,Jermaine Johnson,QUESTIONABLE
2022,8,PHI,CB,Josh Jobe,00-0037137,,,Full Participation in Practice,Josh Jobe,
2022,8,PHI,T,Lane Johnson,00-0030561,,,Full Participation in Practice,Lane Johnson,
2022,8,PHI,G,Isaac Seumalo,00-0032954,,,Full Participation in Practice,Isaac Seumalo,
2022,8,PHI,CB,James Bradberry,00-0032890,,,Limited Participation in Practice,James Bradberry,
2022,8,PHI,WR,A.J. Brown,00-0035676,,,Limited Participation in Practice,A.J. Brown,
2022,8,PHI,DT,Fletcher Cox,00-0029653,,,Limited Participation in Practice,Fletcher Cox,
2022,8,PHI,G,Landon Dickerson,00-0037002,,,Limited Participation in Practice,Landon Dickerson,
2022,8,PHI,DE,Brandon Graham,00-0027865,,,Limited Participation in Practice,Brandon Graham,
2022,8,PHI,QB,Jalen Hurts,00-0036389,,,Limited Participation in Practice,Jalen Hurts,
2022,8,PHI,C,Jason Kelce,00-0028129,,,Limited Participation in Practice,Jason Kelce,
2022,8,PHI,CB,Darius Slay,00-0030062,,,Limited Participation in Practice,Darius Slay,
2022,8,PHI,DE,Josh Sweat,00-0034381,,,Limited Participation in Practice,Josh Sweat,
2022,8,PIT,DT,Montravius Adams,00-0033929,,,Full Participation in Practice,Montravius Adams,
2022,8,PIT,TE,Pat Freiermuth,00-0036894,,,Full Participation in Practice,Pat Freiermuth,
2022,8,PIT,DT,Cameron Heyward,00-0027969,,,Full Participation in Practice,Cameron Heyward,
2022,8,PIT,WR,Steven Sims,00-0034928,,,Full Participation in Practice,Steven Sims,
2022,8,PIT,CB,Ahkello Witherspoon,00-0033783,,,Full Participation in Practice,Ahkello Witherspoon,
2022,8,PIT,DT,Larry Ogunjobi,00-0033905,Out,Knee,Did Not Participate In Practice,Larry Ogunjobi,OUT
2022,8,PIT,CB,Levi Wallace,00-0034514,Out,Shoulder,Did Not Participate In Practice,Levi Wallace,OUT
2022,8,PIT,K,Chris Boswell,00-0031136,Questionable,Groin,Did Not Participate In Practice,Chris Boswell,QUESTIONABLE
2022,8,PIT,CB,Josh Jackson,00-0034751,Questionable,Groin,Limited Participation in Practice,Josh Jackson,QUESTIONABLE
2022,8,SEA,CB,Artie Burns,00-0033103,,,Full Participation in Practice,Artie Burns,
2022,8,SEA,DE,Quinton Jefferson,00-0032416,,,Full Participation in Practice,Quinton Jefferson,
2022,8,SEA,S,Ryan Neal,00-0034527,,,Full Participation in Practice,Ryan Neal,
2022,8,SEA,DT,Al Woods,00-0027723,,,Full Participation in Practice,Al Woods,
2022,8,SEA,LB,Nick Bellore,00-0028292,Out,Concussion,Did Not Participate In Practice,Nick Bellore,OUT
2022,8,SEA,WR,Penny Hart,00-0035022,Doubtful,Hamstring,Did Not Participate In Practice,Penny Hart,DOUBTFUL
2022,8,SEA,G,Phil Haynes,00-0035141,Questionable,Concussion,Full Participation in Practice,Phil Haynes,QUESTIONABLE
2022,8,SEA,CB,Sidney Jones,00-0033543,Questionable,Groin,Full Participation in Practice,Sidney Jones,QUESTIONABLE
2022,8,SEA,DE,Poona Ford,00-0034234,Questionable,Ankle,Limited Participation in Practice,Poona Ford,QUESTIONABLE
2022,8,SEA,G,Gabe Jackson,00-0031367,Questionable,Hip,Limited Participation in Practice,Gabe Jackson,QUESTIONABLE
2022,8,SEA,WR,Tyler Lockett,00-0032211,Questionable,Hamstring,Limited Participation in Practice,Tyler Lockett,QUESTIONABLE
2022,8,SEA,WR,DK Metcalf,00-0035640,Questionable,Knee,Limited Participation in Practice,DK Metcalf,QUESTIONABLE
2022,8,SEA,LB,Darrell Taylor,00-0036413,Questionable,Groin,Limited Participation in Practice,Darrell Taylor,QUESTIONABLE
2022,8,SF,DE,Samson Ebukam,00-0033945,,,Full Participation in Practice,Samson Ebukam,
2022,8,SF,S,Jimmie Ward,00-0031298,,,Full Participation in Practice,Jimmie Ward,
2022,8,SF,T,Trent Williams,00-0027857,,,Full Participation in Practice,Trent Williams,
2022,8,SF,DT,Arik Armstead,00-0032164,Out,Foot,Did Not Participate In Practice,Arik Armstead,OUT
2022,8,SF,LB,Dre Greenlaw,00-0034982,Out,Calf,Did Not Participate In Practice,Dre Greenlaw,OUT
2022,8,SF,FB,Kyle Juszczyk,00-0029892,Out,Finger,Did Not Participate In Practice,Kyle Juszczyk,OUT
2022,8,SF,WR,Deebo Samuel,00-0035719,Out,Hamstring,Did Not Participate In Practice,Deebo Samuel,OUT
2022,8,SF,WR,Jauan Jennings,00-0036259,Questionable,Hamstring,Limited Participation in Practice,Jauan Jennings,QUESTIONABLE
2022,8,SF,CB,Jason Verrett,00-0031334,Questionable,Knee,Limited Participation in Practice,Jason Verrett,QUESTIONABLE
2022,8,TB,LB,K.J. Britt,00-0036643,,,Did Not Participate In Practice,K.J. Britt,
2022,8,TB,QB,Tom Brady,00-0019596,,,Limited Participation in Practice,Tom Brady,
2022,8,TB,WR,Mike Evans,00-0031408,,,Limited Participation in Practice,Mike Evans,
2022,8,TB,TE,Ko Kieft,00-0037311,,,Limited Participation in Practice,Ko Kieft,
2022,8,TB,G,Shaquille Mason,00-0031580,,,Limited Participation in Practice,Shaquille Mason,
2022,8,TB,TE,Cameron Brate,00-0031273,Out,Neck,Did Not Participate In Practice,Cameron Brate,OUT
2022,8,TB,CB,Carlton Davis,00-0034778,Out,Hip,Did Not Participate In Practice,Carlton Davis,OUT
2022,8,TB,WR,Russell Gage,00-0034411,Out,Hamstring,Did Not Participate In Practice,Russell Gage,OUT
2022,8,TB,G,Luke Goedeke,00-0037835,Out,Foot,Did Not Participate In Practice,Luke Goedeke,OUT
2022,8,TB,CB,Sean Murphy-Bunting,00-0035239,Out,Quadricep,Did Not Participate In Practice,Sean Murphy-Bunting,OUT
2022,8,TB,S,Antoine Winfield,00-0036411,Out,Concussion,Did Not Participate In Practice,Antoine Winfield,OUT
2022,8,TB,DT,Akiem Hicks,00-0029657,Questionable,Foot,Limited Participation in Practice,Akiem Hicks,QUESTIONABLE
2022,8,TB,WR,Julio Jones,00-0027944,Questionable,Knee,Limited Participation in Practice,Julio Jones,QUESTIONABLE
2022,8,TEN,S,Kevin Byard,00-0033132,,,Did Not Participate In Practice,Kevin Byard,
2022,8,TEN,G,Aaron Brewer,00-0036171,,,Full Participation in Practice,Aaron Brewer,
2022,8,TEN,LB,Dylan Cole,00-0033765,,,Full Participation in Practice,Dylan Cole,
2022,8,TEN,LS,Morgan Cox,00-0027557,,,Full Participation in Practice,Morgan Cox,
2022,8,TEN,LB,Zach Cunningham,00-0033547,,,Full Participation in Practice,Zach Cunningham,
2022,8,TEN,LB,Bud Dupree,00-0032146,,,Full Participation in Practice,Bud Dupree,
2022,8,TEN,LB,Joseph Jones,00-0033659,,,Full Participation in Practice,Joseph Jones,
2022,8,TEN,LB,David Long,00-0035292,,,Full Participation in Practice,David Long,
2022,8,TEN,G,Nate Davis,00-0035649,,,Limited Participation in Practice,Nate Davis,
2022,8,TEN,C,Ben Jones,00-0029413,,,Limited Participation in Practice,Ben Jones,
2022,8,TEN,FB,Tory Carter,00-0036691,Out,Neck,Did Not Participate In Practice,Tory Carter,OUT
2022,8,TEN,LB,Rashad Weaver,00-0036938,Out,Back,Did Not Participate In Practice,Rashad Weaver,OUT
2022,8,TEN,DT,Jeffery Simmons,00-0035643,Questionable,Ankle,Did Not Participate In Practice,Jeffery Simmons,QUESTIONABLE
2022,8,TEN,QB,Ryan Tannehill,00-0029701,Questionable,Ankle,Did Not Participate In Practice,Ryan Tannehill,QUESTIONABLE
2022,8,WAS,T,Samuel Cosmi,00-0036618,,,Full Participation in Practice,Samuel Cosmi,
2022,8,WAS,QB,Taylor Heinicke,00-0031800,,,Full Participation in Practice,Taylor Heinicke,
2022,8,WAS,RB,Jonathan Williams,00-0032975,,,Full Participation in Practice,Jonathan Williams,
2022,8,WAS,DT,Jonathan Allen,00-0033523,,,Limited Participation in Practice,Jonathan Allen,
2022,8,WAS,WR,Jahan Dotson,00-0037741,Out,Hamstring,Did Not Participate In Practice,Jahan Dotson,OUT
2022,8,WAS,LB,Cole Holcomb,00-0035286,Out,Foot,Did Not Participate In Practice,Cole Holcomb,OUT
2022,8,WAS,CB,William Jackson,00-0033107,Out,Back,Did Not Participate In Practice,William Jackson,OUT
2022,8,WAS,TE,Cole Turner,00-0037078,Out,Concussion,Did Not Participate In Practice,Cole Turner,OUT
2022,8,WAS,WR,Dyami Brown,00-0036626,Questionable,Groin,Limited Participation in Practice,Dyami Brown,QUESTIONABLE
2022,8,WAS,G,Saahdiq Charles,00-0036334,Questionable,Illness,Limited Participation in Practice,Saahdiq Charles,QUESTIONABLE
2022,8,WAS,TE,Logan Thomas,00-0031260,Questionable,Calf,Limited Participation in Practice,Logan Thomas,QUESTIONABLE
2022,9,ARI,RB,Darrel Williams,00-0034301,,,Did Not Participate In Practice,Darrel Williams,
2022,9,ARI,G,Josh Jones,00-0036363,,,Full Participation in Practice,Josh Jones,
2022,9,ARI,CB,Byron Murphy,00-0035236,,,Full Participation in Practice,Byron Murphy,
2022,9,ARI,LB,Cameron Thomas,00-0037815,,,Full Participation in Practice,Cameron Thomas,
2022,9,ARI,K,Matt Prater,00-0023853,,,Limited Participation in Practice,Matt Prater,
2022,9,ARI,G,Max Garcia,00-0032132,Out,Shoulder,Did Not Participate In Practice,Max Garcia,OUT
2022,9,ARI,C,Rodney Hudson,00-0027993,Out,Knee,Did Not Participate In Practice,Rodney Hudson,OUT
2022,9,ARI,CB,Christian Matthew,00-0037747,Out,Hamstring,Did Not Participate In Practice,Christian Matthew,OUT
2022,9,ARI,P,Andy Lee,00-0022824,Questionable,Illness,"
    ",Andy Lee,QUESTIONABLE
2022,9,ARI,DE,Jonathan Ledbetter,00-0035343,Questionable,Ribs,Did Not Participate In Practice,Jonathan Ledbetter,QUESTIONABLE
2022,9,ARI,S,Budda Baker,00-0033890,Questionable,Ankle,Limited Participation in Practice,Budda Baker,QUESTIONABLE
2022,9,ARI,RB,James Conner,00-0033553,Questionable,Ribs,Limited Participation in Practice,James Conner,QUESTIONABLE
2022,9,ARI,LB,Dennis Gardeck,00-0034473,Questionable,Ankle,Limited Participation in Practice,Dennis Gardeck,QUESTIONABLE
2022,9,ARI,T,D.J. Humphries,00-0032222,Questionable,Back,Limited Participation in Practice,D.J. Humphries,QUESTIONABLE
2022,9,ATL,T,Chuma Edoga,00-0035698,,,Did Not Participate In Practice,Chuma Edoga,
2022,9,ATL,S,Jaylinn Hawkins,00-0036302,,,Full Participation in Practice,Jaylinn Hawkins,
2022,9,ATL,CB,A.J. Terrell,00-0036285,Out,Hamstring,Did Not Participate In Practice,A.J. Terrell,OUT
2022,9,ATL,G,Elijah Wilkinson,00-0033676,Out,Knee,Did Not Participate In Practice,Elijah Wilkinson,OUT
2022,9,ATL,S,Erik Harris,00-0032320,Questionable,Ankle,Limited Participation in Practice,Erik Harris,QUESTIONABLE
2022,9,BAL,DE,Calais Campbell,00-0026190,,,Did Not Participate In Practice,Calais Campbell,
2022,9,BAL,LB,Justin Houston,00-0028008,,,Did Not Participate In Practice,Justin Houston,
2022,9,BAL,DE,Jason Pierre-Paul,00-0027867,,,Did Not Participate In Practice,Jason Pierre-Paul,
2022,9,BAL,T,Ronnie Stanley,00-0032965,,,Did Not Participate In Practice,Ronnie Stanley,
2022,9,BAL,LB,Tyus Bowser,00-0033283,,,Full Participation in Practice,Tyus Bowser,
2022,9,BAL,LB,Josh Bynes,00-0028278,,,Full Participation in Practice,Josh Bynes,
2022,9,BAL,CB,Marlon Humphrey,00-0033281,,,Full Participation in Practice,Marlon Humphrey,
2022,9,BAL,LB,David Ojabo,00-0038142,,,Full Participation in Practice,David Ojabo,
2022,9,BAL,WR,Rashod Bateman,00-0036550,Out,Foot,Did Not Participate In Practice,Rashod Bateman,OUT
2022,9,BAL,TE,Mark Andrews,00-0034753,Doubtful,Knee,Did Not Participate In Practice,Mark Andrews,DOUBTFUL
2022,9,BAL,RB,Gus Edwards,00-0034184,Doubtful,Hamstring,Did Not Participate In Practice,Gus Edwards,DOUBTFUL
2022,9,BAL,WR,Demarcus Robinson,00-0032775,Questionable,Groin,Did Not Participate In Practice,Demarcus Robinson,QUESTIONABLE
2022,9,BAL,CB,Marcus Peters,00-0032165,Questionable,Quadricep,Full Participation in Practice,Marcus Peters,QUESTIONABLE
2022,9,BAL,LB,Malik Harrison,00-0036280,Questionable,Foot,Limited Participation in Practice,Malik Harrison,QUESTIONABLE
2022,9,BAL,G,Patrick Mekari,00-0035112,Questionable,Back,Limited Participation in Practice,Patrick Mekari,QUESTIONABLE
2022,9,BUF,WR,Stefon Diggs,00-0031588,,,Did Not Participate In Practice,Stefon Diggs,
2022,9,BUF,G,Rodger Saffold,00-0027648,,,Did Not Participate In Practice,Rodger Saffold,
2022,9,BUF,LB,Tremaine Edmunds,00-0034673,,,Full Participation in Practice,Tremaine Edmunds,
2022,9,BUF,RB,Taiwan Jones,00-0028063,,,Full Participation in Practice,Taiwan Jones,
2022,9,BUF,CB,Cameron Lewis,00-0035357,,,Full Participation in Practice,Cameron Lewis,
2022,9,BUF,LB,Von Miller,00-0027940,,,Full Participation in Practice,Von Miller,
2022,9,BUF,C,Mitch Morse,00-0031936,,,Full Participation in Practice,Mitch Morse,
2022,9,BUF,DT,DaQuan Jones,00-0031054,,,Limited Participation in Practice,DaQuan Jones,
2022,9,BUF,S,Jordan Poyer,00-0030114,Out,Elbow,Did Not Participate In Practice,Jordan Poyer,OUT
2022,9,BUF,T,Spencer Brown,00-0036976,Questionable,Ankle,Limited Participation in Practice,Spencer Brown,QUESTIONABLE
2022,9,BUF,LB,Matt Milano,00-0033571,Questionable,Oblique,Limited Participation in Practice,Matt Milano,QUESTIONABLE
2022,9,CAR,RB,D'Onta Foreman,00-0033925,,,Full Participation in Practice,D'Onta Foreman,
2022,9,CAR,S,Sam Franklin,00-0036037,,,Full Participation in Practice,Sam Franklin,
2022,9,CAR,CB,Jaycee Horn,00-0036944,,,Full Participation in Practice,Jaycee Horn,
2022,9,CAR,LB,Frankie Luvu,00-0034302,,,Full Participation in Practice,Frankie Luvu,
2022,9,CAR,T,Taylor Moton,00-0033284,,,Full Participation in Practice,Taylor Moton,
2022,9,CAR,S,Juston Burris,00-0032403,Out,Concussion,Did Not Participate In Practice,Juston Burris,OUT
2022,9,CAR,WR,Rashard Higgins,00-0032977,Out,Illness,Did Not Participate In Practice,Rashard Higgins,OUT
2022,9,CAR,RB,Chuba Hubbard,00-0036555,Out,Ankle,Did Not Participate In Practice,Chuba Hubbard,OUT
2022,9,CAR,TE,Stephen Sullivan,00-0036438,Doubtful,Illness,Did Not Participate In Practice,Stephen Sullivan,DOUBTFUL
2022,9,CAR,DE,Amare Barno,00-0037043,Questionable,Knee,Full Participation in Practice,Amare Barno,QUESTIONABLE
2022,9,CAR,CB,Donte Jackson,00-0034356,Questionable,Ankle,Limited Participation in Practice,Donte Jackson,QUESTIONABLE
2022,9,CHI,T,Larry Borom,00-0036905,,,Full Participation in Practice,Larry Borom,
2022,9,CHI,CB,Kyler Gordon,00-0038111,,,Full Participation in Practice,Kyler Gordon,
2022,9,CHI,S,Eddie Jackson,00-0033784,,,Full Participation in Practice,Eddie Jackson,
2022,9,CHI,T,Teven Jenkins,00-0036953,,,Full Participation in Practice,Teven Jenkins,
2022,9,CHI,G,Ja'Tyre Carter,00-0037089,Questionable,Illness,Did Not Participate In Practice,Ja'Tyre Carter,QUESTIONABLE
2022,9,CIN,LB,Akeem Davis-Gaither,00-0036298,,,Did Not Participate In Practice,Akeem Davis-Gaither,
2022,9,CIN,CB,Eli Apple,00-0032379,,,Full Participation in Practice,Eli Apple,
2022,9,CIN,DE,Sam Hubbard,00-0034834,,,Full Participation in Practice,Sam Hubbard,
2022,9,CIN,WR,Stanley Morgan,00-0035399,,,Full Participation in Practice,Stanley Morgan,
2022,9,CIN,DE,Joseph Ossai,00-0036902,,,Full Participation in Practice,Joseph Ossai,
2022,9,CIN,RB,Samaje Perine,00-0033526,,,Full Participation in Practice,Samaje Perine,
2022,9,CIN,G,Max Scharping,00-0035245,,,Full Participation in Practice,Max Scharping,
2022,9,CIN,CB,Chidobe Awuzie,00-0033548,Out,Knee,Did Not Participate In Practice,Chidobe Awuzie,OUT
2022,9,CIN,WR,Ja'Marr Chase,00-0036900,Out,Hip,Did Not Participate In Practice,Ja'Marr Chase,OUT
2022,9,CIN,CB,Mike Hilton,00-0032521,Out,Finger,Did Not Participate In Practice,Mike Hilton,OUT
2022,9,CIN,DT,Josh Tupou,00-0033347,Out,Calf,Did Not Participate In Practice,Josh Tupou,OUT
2022,9,CIN,T,La'el Collins,00-0031534,Questionable,Illness,Did Not Participate In Practice,La'el Collins,QUESTIONABLE
2022,9,CIN,CB,Tre Flowers,00-0034756,Questionable,Hamstring,Did Not Participate In Practice,Tre Flowers,QUESTIONABLE
2022,9,DET,LB,Derrick Barnes,00-0036964,,,Full Participation in Practice,Derrick Barnes,
2022,9,DET,S,DeShon Elliott,00-0034277,,,Full Participation in Practice,DeShon Elliott,
2022,9,DET,CB,Mike Hughes,00-0034843,,,Full Participation in Practice,Mike Hughes,
2022,9,DET,C,Frank Ragnow,00-0034345,,,Full Participation in Practice,Frank Ragnow,
2022,9,DET,T,Penei Sewell,00-0036880,,,Full Participation in Practice,Penei Sewell,
2022,9,DET,CB,Chase Lucas,00-0037321,Out,Ankle,Did Not Participate In Practice,Chase Lucas,OUT
2022,9,DET,S,Ifeatu Melifonwu,00-0036993,Out,Ankle,Did Not Participate In Practice,Ifeatu Melifonwu,OUT
2022,9,DET,T,Matt Nelson,00-0035328,Out,Calf,Did Not Participate In Practice,Matt Nelson,OUT
2022,9,DET,CB,A.J. Parker,00-0036752,Out,Hip,Did Not Participate In Practice,A.J. Parker,OUT
2022,9,DET,WR,Josh Reynolds,00-0033943,Doubtful,Back,Did Not Participate In Practice,Josh Reynolds,DOUBTFUL
2022,9,DET,DE,Charles Harris,00-0033880,Questionable,Groin,Full Participation in Practice,Charles Harris,QUESTIONABLE
2022,9,DET,TE,Brock Wright,00-0036754,Questionable,Concussion,Full Participation in Practice,Brock Wright,QUESTIONABLE
2022,9,DET,T,Taylor Decker,00-0032381,Questionable,Groin,Limited Participation in Practice,Taylor Decker,QUESTIONABLE
2022,9,DET,RB,D'Andre Swift,00-0036275,Questionable,Shoulder,Limited Participation in Practice,D'Andre Swift,QUESTIONABLE
2022,9,GB,TE,Marcedes Lewis,00-0024243,,,Full Participation in Practice,Marcedes Lewis,
2022,9,GB,QB,Aaron Rodgers,00-0023459,,,Limited Participation in Practice,Aaron Rodgers,
2022,9,GB,LB,De'Vondre Campbell,00-0032401,Out,Knee,Did Not Participate In Practice,De'Vondre Campbell,OUT
2022,9,GB,CB,Shemar Jean-Charles,00-0036645,Out,Ankle,Did Not Participate In Practice,Shemar Jean-Charles,OUT
2022,9,GB,T,David Bakhtiari,00-0030074,Questionable,Knee,Limited Participation in Practice,David Bakhtiari,QUESTIONABLE
2022,9,GB,G,Elgton Jenkins,00-0035526,Questionable,Knee,Limited Participation in Practice,Elgton Jenkins,QUESTIONABLE
2022,9,GB,WR,Allen Lazard,00-0034521,Questionable,Shoulder,Limited Participation in Practice,Allen Lazard,QUESTIONABLE
2022,9,GB,LB,Preston Smith,00-0031935,Questionable,Shoulder,Limited Participation in Practice,Preston Smith,QUESTIONABLE
2022,9,GB,WR,Christian Watson,00-0038124,Questionable,Concussion,Limited Participation in Practice,Christian Watson,QUESTIONABLE
2022,9,HOU,G,A.J. Cann,00-0032255,,,Full Participation in Practice,A.J. Cann,
2022,9,HOU,DT,Roy Lopez,00-0036568,,,Full Participation in Practice,Roy Lopez,
2022,9,HOU,S,Grayland Arnold,00-0035995,Out,Quadricep,Did Not Participate In Practice,Grayland Arnold,OUT
2022,9,HOU,WR,Nico Collins,00-0036554,Out,Groin,Did Not Participate In Practice,Nico Collins,OUT
2022,9,HOU,DT,Maliek Collins,00-0033131,Out,Chest,Did Not Participate In Practice,Maliek Collins,OUT
2022,9,HOU,LB,Neville Hewitt,00-0031740,Out,Hamstring,Did Not Participate In Practice,Neville Hewitt,OUT
2022,9,HOU,C,Justin McCray,00-0030792,Out,Concussion,Did Not Participate In Practice,Justin McCray,OUT
2022,9,HOU,WR,Brandin Cooks,00-0031236,Questionable,Wrist,Did Not Participate In Practice,Brandin Cooks,QUESTIONABLE
2022,9,HOU,LB,Christian Harris,00-0037823,Questionable,Thigh,Full Participation in Practice,Christian Harris,QUESTIONABLE
2022,9,HOU,CB,Desmond King,00-0033566,Questionable,Knee,Full Participation in Practice,Desmond King,QUESTIONABLE
2022,9,IND,DT,DeForest Buckner,00-0032378,,,Did Not Participate In Practice,DeForest Buckner,
2022,9,IND,CB,Stephon Gilmore,00-0029542,,,Full Participation in Practice,Stephon Gilmore,
2022,9,IND,C,Ryan Kelly,00-0032383,,,Full Participation in Practice,Ryan Kelly,
2022,9,IND,RB,Zack Moss,00-0036251,,,Full Participation in Practice,Zack Moss,
2022,9,IND,DE,Yannick Ngakoue,00-0033123,,,Full Participation in Practice,Yannick Ngakoue,
2022,9,IND,DE,Kwity Paye,00-0036479,,,Full Participation in Practice,Kwity Paye,
2022,9,IND,DT,Grover Stewart,00-0033952,,,Full Participation in Practice,Grover Stewart,
2022,9,IND,CB,Tony Brown,00-0034540,Out,Hamstring,Did Not Participate In Practice,Tony Brown,OUT
2022,9,IND,QB,Matt Ryan,00-0026143,Out,right Shoulder,Did Not Participate In Practice,Matt Ryan,OUT
2022,9,IND,LB,Grant Stuard,00-0036672,Out,Pectoral,Did Not Participate In Practice,Grant Stuard,OUT
2022,9,IND,RB,Jonathan Taylor,00-0036223,Out,Ankle,Did Not Participate In Practice,Jonathan Taylor,OUT
2022,9,IND,LB,E.J. Speed,00-0034987,Questionable,Ankle,Did Not Participate In Practice,E.J. Speed,QUESTIONABLE
2022,9,IND,T,Dennis Kelly,00-0029419,Questionable,Calf,Limited Participation in Practice,Dennis Kelly,QUESTIONABLE
2022,9,JAX,WR,Jamal Agnew,00-0033572,Questionable,Knee,Limited Participation in Practice,Jamal Agnew,QUESTIONABLE
2022,9,KC,DE,Michael Danna,00-0036378,,,Full Participation in Practice,Michael Danna,
2022,9,KC,LB,Willie Gay,00-0036362,,,Full Participation in Practice,Willie Gay,
2022,9,KC,WR,Mecole Hardman,00-0035140,,,Full Participation in Practice,Mecole Hardman,
2022,9,KC,CB,Trent McDuffie,00-0037191,,,Full Participation in Practice,Trent McDuffie,
2022,9,KC,RB,Jerick McKinnon,00-0031376,,,Full Participation in Practice,Jerick McKinnon,
2022,9,KC,DT,Derrick Nnadi,00-0034818,,,Full Participation in Practice,Derrick Nnadi,
2022,9,KC,T,Prince Tega Wanogho,00-0036230,,,Full Participation in Practice,Prince Tega Wanogho,
2022,9,KC,TE,Joe Fortson,00-0035547,Out,Quadricep,Did Not Participate In Practice,Joe Fortson,OUT
2022,9,LA,RB,Cam Akers,00-0036414,,,Full Participation in Practice,Cam Akers,
2022,9,LA,DT,Greg Gaines,00-0035667,,,Full Participation in Practice,Greg Gaines,
2022,9,LA,LB,Ernest Jones,00-0036994,,,Full Participation in Practice,Ernest Jones,
2022,9,LA,WR,Cooper Kupp,00-0033908,,,Full Participation in Practice,Cooper Kupp,
2022,9,LA,LB,Terrell Lewis,00-0036419,,,Full Participation in Practice,Terrell Lewis,
2022,9,LA,LB,Jake Hummel,00-0037633,Out,Hip,Did Not Participate In Practice,Jake Hummel,OUT
2022,9,LA,C,Brian Allen,00-0034804,Questionable,Knee,Limited Participation in Practice,Brian Allen,QUESTIONABLE
2022,9,LA,WR,Van Jefferson,00-0036415,Questionable,Knee,Limited Participation in Practice,Van Jefferson,QUESTIONABLE
2022,9,LAC,RB,Austin Ekeler,00-0033699,,,Full Participation in Practice,Austin Ekeler,
2022,9,LAC,G,Brenden Jaimes,00-0036636,,,Full Participation in Practice,Brenden Jaimes,
2022,9,LAC,WR,Josh Palmer,00-0036988,,,Full Participation in Practice,Josh Palmer,
2022,9,LAC,WR,Keenan Allen,00-0030279,Out,Hamstring,Did Not Participate In Practice,Keenan Allen,OUT
2022,9,LAC,K,Dustin Hopkins,00-0030098,Out,right Hamstring,Did Not Participate In Practice,Dustin Hopkins,OUT
2022,9,LAC,TE,Donald Parham,00-0035329,Out,Hamstring,Did Not Participate In Practice,Donald Parham,OUT
2022,9,LAC,LB,Chris Rumph,00-0036867,Out,Knee,Did Not Participate In Practice,Chris Rumph,OUT
2022,9,LAC,WR,Mike Williams,00-0033536,Out,Ankle,Did Not Participate In Practice,Mike Williams,OUT
2022,9,LAC,DT,Jerry Tillery,00-0035674,Out,Back,Limited Participation in Practice,Jerry Tillery,OUT
2022,9,LAC,WR,DeAndre Carter,00-0031763,Questionable,Illness,Limited Participation in Practice,DeAndre Carter,QUESTIONABLE
2022,9,LAC,LB,Amen Ogbongbemiga,00-0036716,Questionable,Groin,Limited Participation in Practice,Amen Ogbongbemiga,QUESTIONABLE
2022,9,LV,WR,Davante Adams,00-0031381,,,Full Participation in Practice,Davante Adams,
2022,9,LV,QB,Derek Carr,00-0031280,,,Full Participation in Practice,Derek Carr,
2022,9,LV,LS,Trent Sieg,00-0034198,,,Full Participation in Practice,Trent Sieg,
2022,9,LV,G,John Simpson,00-0036369,,,Full Participation in Practice,John Simpson,
2022,9,LV,CB,Sam Webb,00-0037516,,,Full Participation in Practice,Sam Webb,
2022,9,LV,WR,Mack Hollins,00-0033555,,,Limited Participation in Practice,Mack Hollins,
2022,9,LV,LB,Divine Deablo,00-0036990,Questionable,Back,Limited Participation in Practice,Divine Deablo,QUESTIONABLE
2022,9,LV,DT,Neil Farrell,00-0038093,Questionable,Knee,Limited Participation in Practice,Neil Farrell,QUESTIONABLE
2022,9,LV,TE,Darren Waller,00-0031610,Questionable,Hamstring,Limited Participation in Practice,Darren Waller,QUESTIONABLE
2022,9,MIA,CB,Xavien Howard,00-0033050,,,Did Not Participate In Practice,Xavien Howard,
2022,9,MIA,LB,Melvin Ingram,00-0029249,,,Did Not Participate In Practice,Melvin Ingram,
2022,9,MIA,DT,John Jenkins,00-0030070,,,Did Not Participate In Practice,John Jenkins,
2022,9,MIA,LB,Jerome Baker,00-0034797,,,Full Participation in Practice,Jerome Baker,
2022,9,MIA,S,Clayton Fejedelem,00-0032807,,,Full Participation in Practice,Clayton Fejedelem,
2022,9,MIA,S,Jevon Holland,00-0036998,,,Full Participation in Practice,Jevon Holland,
2022,9,MIA,DE,Emmanuel Ogbah,00-0033073,,,Full Participation in Practice,Emmanuel Ogbah,
2022,9,MIA,T,Brandon Shell,00-0032420,,,Full Participation in Practice,Brandon Shell,
2022,9,MIA,DT,Zach Sieler,00-0034285,,,Full Participation in Practice,Zach Sieler,
2022,9,MIA,LB,Andrew Van Ginkel,00-0035272,,,Full Participation in Practice,Andrew Van Ginkel,
2022,9,MIA,WR,Jaylen Waddle,00-0036613,,,Full Participation in Practice,Jaylen Waddle,
2022,9,MIA,DT,Christian Wilkins,00-0035231,,,Full Participation in Practice,Christian Wilkins,
2022,9,MIA,LB,Bradley Chubb,00-0034832,,,Limited Participation in Practice,Bradley Chubb,
2022,9,MIA,DT,Raekwon Davis,00-0036213,,,Limited Participation in Practice,Raekwon Davis,
2022,9,MIA,RB,Raheem Mostert,00-0031687,,,Limited Participation in Practice,Raheem Mostert,
2022,9,MIA,TE,Durham Smythe,00-0034798,,,Limited Participation in Practice,Durham Smythe,
2022,9,MIA,RB,Jeffery Wilson,00-0034115,,,Limited Participation in Practice,Jeffery Wilson,
2022,9,MIA,WR,River Cracraft,00-0034054,Out,Illness,Did Not Participate In Practice,River Cracraft,OUT
2022,9,MIA,T,Austin Jackson,00-0036248,Doubtful,Ankle,Limited Participation in Practice,Austin Jackson,DOUBTFUL
2022,9,MIA,S,Eric Rowe,00-0031555,Questionable,Hip,Full Participation in Practice,Eric Rowe,QUESTIONABLE
2022,9,MIA,T,Terron Armstead,00-0030067,Questionable,Toe,Limited Participation in Practice,Terron Armstead,QUESTIONABLE
2022,9,MIA,TE,Tanner Conner,00-0037348,Questionable,Knee,Limited Participation in Practice,Tanner Conner,QUESTIONABLE
2022,9,MIA,LB,Jaelan Phillips,00-0036934,Questionable,Quadricep,Limited Participation in Practice,Jaelan Phillips,QUESTIONABLE
2022,9,MIN,S,Camryn Bynum,00-0036629,,,Did Not Participate In Practice,Camryn Bynum,
2022,9,MIN,DE,Za'Darius Smith,00-0031576,,,Full Participation in Practice,Za'Darius Smith,
2022,9,MIN,WR,Adam Thielen,00-0030035,,,Full Participation in Practice,Adam Thielen,
2022,9,MIN,DT,Dalvin Tomlinson,00-0033546,Out,Calf,Did Not Participate In Practice,Dalvin Tomlinson,OUT
2022,9,MIN,CB,Cameron Dantzler,00-0036330,Questionable,Neck,Full Participation in Practice,Cameron Dantzler,QUESTIONABLE
2022,9,MIN,WR,Jalen Nailor,00-0037291,Questionable,Illness,Full Participation in Practice,Jalen Nailor,QUESTIONABLE
2022,9,NE,S,Devin McCourty,00-0027647,,,Did Not Participate In Practice,Devin McCourty,
2022,9,NE,S,Adrian Phillips,00-0031404,,,Limited Participation in Practice,Adrian Phillips,
2022,9,NE,WR,Matt Slater,00-0026293,,,Limited Participation in Practice,Matt Slater,
2022,9,NE,C,David Andrews,00-0031852,Out,Concussion,Did Not Participate In Practice,David Andrews,OUT
2022,9,NE,T,Marcus Cannon,00-0028076,Out,Concussion,Did Not Participate In Practice,Marcus Cannon,OUT
2022,9,NE,WR,DeVante Parker,00-0031547,Out,Knee,Did Not Participate In Practice,DeVante Parker,OUT
2022,9,NE,CB,Jack Jones,00-0038039,Questionable,Illness,Did Not Participate In Practice,Jack Jones,QUESTIONABLE
2022,9,NE,DT,Christian Barmore,00-0036981,Questionable,Knee,Limited Participation in Practice,Christian Barmore,QUESTIONABLE
2022,9,NE,S,Kyle Dugger,00-0036231,Questionable,Ankle,Limited Participation in Practice,Kyle Dugger,QUESTIONABLE
2022,9,NE,RB,Damien Harris,00-0035657,Questionable,Illness,Limited Participation in Practice,Damien Harris,QUESTIONABLE
2022,9,NE,RB,Pierre Strong,00-0038098,Questionable,Hamstring,Limited Participation in Practice,Pierre Strong,QUESTIONABLE
2022,9,NE,LB,Josh Uche,00-0036159,Questionable,Hamstring,Limited Participation in Practice,Josh Uche,QUESTIONABLE
2022,9,NE,DE,Deatrich Wise,00-0033947,Questionable,Ankle,Limited Participation in Practice,Deatrich Wise,QUESTIONABLE
2022,9,NO,WR,Michael Thomas,00-0032765,,,Did Not Participate In Practice,Michael Thomas,
2022,9,NO,C,Erik McCoy,00-0035242,,,Full Participation in Practice,Erik McCoy,
2022,9,NO,DT,David Onyemata,00-0033051,,,Full Participation in Practice,David Onyemata,
2022,9,NO,T,Ryan Ramczyk,00-0033888,,,Full Participation in Practice,Ryan Ramczyk,
2022,9,NO,TE,Adam Trautman,00-0036422,,,Full Participation in Practice,Adam Trautman,
2022,9,NO,LB,Chase Hansen,00-0034944,Out,Knee,Did Not Participate In Practice,Chase Hansen,OUT
2022,9,NO,RB,Mark Ingram,00-0027966,Out,Knee,Did Not Participate In Practice,Mark Ingram,OUT
2022,9,NO,CB,Marshon Lattimore,00-0033874,Out,Abdomen,Did Not Participate In Practice,Marshon Lattimore,OUT
2022,9,NO,WR,Jarvis Landry,00-0031382,Questionable,Ankle,Limited Participation in Practice,Jarvis Landry,QUESTIONABLE
2022,9,NYJ,T,Duane Brown,00-0026166,,,Full Participation in Practice,Duane Brown,
2022,9,NYJ,G,Nate Herbig,00-0035383,,,Full Participation in Practice,Nate Herbig,
2022,9,NYJ,S,Lamarcus Joyner,00-0031389,,,Full Participation in Practice,Lamarcus Joyner,
2022,9,NYJ,TE,C.J. Uzomah,00-0032134,,,Full Participation in Practice,C.J. Uzomah,
2022,9,NYJ,WR,Corey Davis,00-0033871,Out,Knee,Did Not Participate In Practice,Corey Davis,OUT
2022,9,NYJ,RB,James Robinson,00-0035831,Questionable,Knee,"
    ",James Robinson,QUESTIONABLE
2022,9,PHI,CB,James Bradberry,00-0032890,,,Limited Participation in Practice,James Bradberry,
2022,9,PHI,WR,A.J. Brown,00-0035676,,,Limited Participation in Practice,A.J. Brown,
2022,9,PHI,DT,Fletcher Cox,00-0029653,,,Limited Participation in Practice,Fletcher Cox,
2022,9,PHI,G,Landon Dickerson,00-0037002,,,Limited Participation in Practice,Landon Dickerson,
2022,9,PHI,DE,Brandon Graham,00-0027865,,,Limited Participation in Practice,Brandon Graham,
2022,9,PHI,T,Lane Johnson,00-0030561,,,Limited Participation in Practice,Lane Johnson,
2022,9,PHI,C,Jason Kelce,00-0028129,,,Limited Participation in Practice,Jason Kelce,
2022,9,PHI,G,Isaac Seumalo,00-0032954,,,Limited Participation in Practice,Isaac Seumalo,
2022,9,PHI,CB,Darius Slay,00-0030062,,,Limited Participation in Practice,Darius Slay,
2022,9,PHI,DE,Josh Sweat,00-0034381,,,Limited Participation in Practice,Josh Sweat,
2022,9,PHI,DT,Jordan Davis,00-0037073,Out,Ankle,Did Not Participate In Practice,Jordan Davis,OUT
2022,9,PHI,CB,Josiah Scott,00-0036303,Out,Ankle,Did Not Participate In Practice,Josiah Scott,OUT
2022,9,SEA,C,Austin Blythe,00-0032455,,,Full Participation in Practice,Austin Blythe,
2022,9,SEA,LB,Jordyn Brooks,00-0036409,,,Full Participation in Practice,Jordyn Brooks,
2022,9,SEA,TE,Noah Fant,00-0035644,,,Full Participation in Practice,Noah Fant,
2022,9,SEA,G,Gabe Jackson,00-0031367,,,Full Participation in Practice,Gabe Jackson,
2022,9,SEA,WR,Tyler Lockett,00-0032211,,,Full Participation in Practice,Tyler Lockett,
2022,9,SEA,WR,DK Metcalf,00-0035640,,,Full Participation in Practice,DK Metcalf,
2022,9,SEA,S,Ryan Neal,00-0034527,,,Full Participation in Practice,Ryan Neal,
2022,9,SEA,DT,Al Woods,00-0027723,,,Full Participation in Practice,Al Woods,
2022,9,SEA,WR,Marquise Goodwin,00-0030068,Out,Groin,Did Not Participate In Practice,Marquise Goodwin,OUT
2022,9,SEA,LB,Darrell Taylor,00-0036413,Out,Groin,Did Not Participate In Practice,Darrell Taylor,OUT
2022,9,SEA,S,Joey Blount,00-0037141,Questionable,Quadricep,Did Not Participate In Practice,Joey Blount,QUESTIONABLE
2022,9,SEA,WR,Penny Hart,00-0035022,Questionable,Hamstring,Limited Participation in Practice,Penny Hart,QUESTIONABLE
2022,9,TB,LB,Lavonte David,00-0029562,,,Did Not Participate In Practice,Lavonte David,
2022,9,TB,WR,Mike Evans,00-0031408,,,Did Not Participate In Practice,Mike Evans,
2022,9,TB,QB,Tom Brady,00-0019596,,,Full Participation in Practice,Tom Brady,
2022,9,TB,DE,William Gholston,00-0030386,,,Full Participation in Practice,William Gholston,
2022,9,TB,WR,Julio Jones,00-0027944,,,Full Participation in Practice,Julio Jones,
2022,9,TB,G,Shaquille Mason,00-0031580,,,Limited Participation in Practice,Shaquille Mason,
2022,9,TB,WR,Russell Gage,00-0034411,Out,Hamstring,Did Not Participate In Practice,Russell Gage,OUT
2022,9,TB,G,Luke Goedeke,00-0037835,Out,Foot,Did Not Participate In Practice,Luke Goedeke,OUT
2022,9,TB,TE,Cameron Brate,00-0031273,Out,Neck,Limited Participation in Practice,Cameron Brate,OUT
2022,9,TB,S,Antoine Winfield,00-0036411,Out,Concussion,Limited Participation in Practice,Antoine Winfield,OUT
2022,9,TB,DT,Akiem Hicks,00-0029657,Questionable,Foot,Did Not Participate In Practice,Akiem Hicks,QUESTIONABLE
2022,9,TB,CB,Carlton Davis,00-0034778,Questionable,Hip,Full Participation in Practice,Carlton Davis,QUESTIONABLE
2022,9,TB,CB,Sean Murphy-Bunting,00-0035239,Questionable,Quadricep,Full Participation in Practice,Sean Murphy-Bunting,QUESTIONABLE
2022,9,TEN,G,Aaron Brewer,00-0036171,,,Full Participation in Practice,Aaron Brewer,
2022,9,TEN,G,Nate Davis,00-0035649,,,Full Participation in Practice,Nate Davis,
2022,9,TEN,RB,Derrick Henry,00-0032764,,,Full Participation in Practice,Derrick Henry,
2022,9,TEN,DT,Naquan Jones,00-0036695,,,Full Participation in Practice,Naquan Jones,
2022,9,TEN,DE,Sam Okuayinonu,00-0037602,,,Full Participation in Practice,Sam Okuayinonu,
2022,9,TEN,DT,Teair Tart,00-0036181,,,Full Participation in Practice,Teair Tart,
2022,9,TEN,LB,Rashad Weaver,00-0036938,,,Full Participation in Practice,Rashad Weaver,
2022,9,TEN,C,Ben Jones,00-0029413,,,Limited Participation in Practice,Ben Jones,
2022,9,TEN,FB,Tory Carter,00-0036691,Out,Neck,Did Not Participate In Practice,Tory Carter,OUT
2022,9,TEN,S,Amani Hooker,00-0035632,Out,Shoulder,Did Not Participate In Practice,Amani Hooker,OUT
2022,9,TEN,LB,Bud Dupree,00-0032146,Questionable,Illness,Did Not Participate In Practice,Bud Dupree,QUESTIONABLE
2022,9,TEN,DT,Jeffery Simmons,00-0035643,Questionable,Ankle,Did Not Participate In Practice,Jeffery Simmons,QUESTIONABLE
2022,9,TEN,DE,Kevin Strong,00-0035334,Questionable,Ankle,Did Not Participate In Practice,Kevin Strong,QUESTIONABLE
2022,9,TEN,QB,Ryan Tannehill,00-0029701,Questionable,Ankle,Limited Participation in Practice,Ryan Tannehill,QUESTIONABLE
2022,9,WAS,DT,Jonathan Allen,00-0033523,,,Full Participation in Practice,Jonathan Allen,
2022,9,WAS,C,Tyler Larsen,00-0030869,,,Full Participation in Practice,Tyler Larsen,
2022,9,WAS,TE,Logan Thomas,00-0031260,,,Full Participation in Practice,Logan Thomas,
2022,9,WAS,TE,Cole Turner,00-0037078,,,Full Participation in Practice,Cole Turner,
2022,9,WAS,WR,Jahan Dotson,00-0037741,Out,Hamstring,Did Not Participate In Practice,Jahan Dotson,OUT
2022,9,WAS,LB,Cole Holcomb,00-0035286,Out,Foot,Did Not Participate In Practice,Cole Holcomb,OUT
2022,9,WAS,LB,David Mayo,00-0031596,Out,Hamstring,Did Not Participate In Practice,David Mayo,OUT
2022,9,WAS,RB,J.D. McKissic,00-0032602,Out,Neck,Did Not Participate In Practice,J.D. McKissic,OUT
2022,9,WAS,T,Samuel Cosmi,00-0036618,Questionable,Illness,"
    ",Samuel Cosmi,QUESTIONABLE
2022,9,WAS,DE,Shaka Toney,00-0036666,Questionable,Calf,Limited Participation in Practice,Shaka Toney,QUESTIONABLE
2022,10,ARI,G,Will Hernandez,00-0034346,,,Did Not Participate In Practice,Will Hernandez,
2022,10,ARI,T,Kelvin Beachum,00-0029316,,,Full Participation in Practice,Kelvin Beachum,
2022,10,ARI,DE,Jonathan Ledbetter,00-0035343,,,Full Participation in Practice,Jonathan Ledbetter,
2022,10,ARI,WR,Rondale Moore,00-0036936,,,Full Participation in Practice,Rondale Moore,
2022,10,ARI,DE,J.J. Watt,00-0027949,,,Full Participation in Practice,J.J. Watt,
2022,10,ARI,G,Max Garcia,00-0032132,Out,Shoulder,Did Not Participate In Practice,Max Garcia,OUT
2022,10,ARI,C,Rodney Hudson,00-0027993,Out,Knee,Did Not Participate In Practice,Rodney Hudson,OUT
2022,10,ARI,CB,Byron Murphy,00-0035236,Questionable,Back,Did Not Participate In Practice,Byron Murphy,QUESTIONABLE
2022,10,ARI,K,Matt Prater,00-0023853,Questionable,right Hip,Did Not Participate In Practice,Matt Prater,QUESTIONABLE
2022,10,ARI,S,Budda Baker,00-0033890,Questionable,Ankle,Limited Participation in Practice,Budda Baker,QUESTIONABLE
2022,10,ARI,WR,Greg Dortch,00-0035500,Questionable,Groin,Limited Participation in Practice,Greg Dortch,QUESTIONABLE
2022,10,ARI,G,Cody Ford,00-0035238,Questionable,Illness,Limited Participation in Practice,Cody Ford,QUESTIONABLE
2022,10,ARI,LB,Dennis Gardeck,00-0034473,Questionable,Ankle,Limited Participation in Practice,Dennis Gardeck,QUESTIONABLE
2022,10,ARI,T,D.J. Humphries,00-0032222,Questionable,Back,Limited Participation in Practice,D.J. Humphries,QUESTIONABLE
2022,10,ARI,CB,Christian Matthew,00-0037747,Questionable,Hamstring,Limited Participation in Practice,Christian Matthew,QUESTIONABLE
2022,10,ARI,QB,Kyler Murray,00-0035228,Questionable,Hamstring,Limited Participation in Practice,Kyler Murray,QUESTIONABLE
2022,10,ATL,C,Matt Hennessy,00-0036295,,,Did Not Participate In Practice,Matt Hennessy,
2022,10,ATL,TE,Feleipe Franks,00-0036825,Out,Calf,Did Not Participate In Practice,Feleipe Franks,OUT
2022,10,ATL,S,Erik Harris,00-0032320,Out,Foot,Did Not Participate In Practice,Erik Harris,OUT
2022,10,ATL,CB,A.J. Terrell,00-0036285,Out,Hamstring,Did Not Participate In Practice,A.J. Terrell,OUT
2022,10,BUF,WR,Stefon Diggs,00-0031588,,,Did Not Participate In Practice,Stefon Diggs,
2022,10,BUF,RB,Taiwan Jones,00-0028063,,,Did Not Participate In Practice,Taiwan Jones,
2022,10,BUF,LB,Von Miller,00-0027940,,,Did Not Participate In Practice,Von Miller,
2022,10,BUF,G,Rodger Saffold,00-0027648,,,Did Not Participate In Practice,Rodger Saffold,
2022,10,BUF,T,Spencer Brown,00-0036976,,,Full Participation in Practice,Spencer Brown,
2022,10,BUF,CB,Dane Jackson,00-0036166,,,Full Participation in Practice,Dane Jackson,
2022,10,BUF,CB,Cameron Lewis,00-0035357,,,Full Participation in Practice,Cameron Lewis,
2022,10,BUF,LB,Matt Milano,00-0033571,,,Full Participation in Practice,Matt Milano,
2022,10,BUF,C,Mitch Morse,00-0031936,,,Full Participation in Practice,Mitch Morse,
2022,10,BUF,G,David Quessenberry,00-0030097,,,Full Participation in Practice,David Quessenberry,
2022,10,BUF,S,Jordan Poyer,00-0030114,Out,Elbow,Did Not Participate In Practice,Jordan Poyer,OUT
2022,10,BUF,DE,Gregory Rousseau,00-0036914,Out,Ankle,Did Not Participate In Practice,Gregory Rousseau,OUT
2022,10,BUF,CB,Kaiir Elam,00-0037242,Doubtful,Ankle,Did Not Participate In Practice,Kaiir Elam,DOUBTFUL
2022,10,BUF,QB,Josh Allen,00-0034857,Questionable,right Elbow,Limited Participation in Practice,Josh Allen,QUESTIONABLE
2022,10,BUF,LB,Tremaine Edmunds,00-0034673,Questionable,Groin,Limited Participation in Practice,Tremaine Edmunds,QUESTIONABLE
2022,10,CAR,DT,Derrick Brown,00-0036220,,,Full Participation in Practice,Derrick Brown,
2022,10,CAR,DE,Brian Burns,00-0035713,,,Full Participation in Practice,Brian Burns,
2022,10,CAR,CB,C.J. Henderson,00-0036281,,,Full Participation in Practice,C.J. Henderson,
2022,10,CAR,LB,Frankie Luvu,00-0034302,,,Full Participation in Practice,Frankie Luvu,
2022,10,CAR,TE,Giovanni Ricci,00-0035956,,,Full Participation in Practice,Giovanni Ricci,
2022,10,CAR,WR,Laviska Shenault,00-0036268,,,Full Participation in Practice,Laviska Shenault,
2022,10,CAR,TE,Stephen Sullivan,00-0036438,,,Full Participation in Practice,Stephen Sullivan,
2022,10,CAR,S,Juston Burris,00-0032403,Out,Concussion,Did Not Participate In Practice,Juston Burris,OUT
2022,10,CAR,WR,Rashard Higgins,00-0032977,Out,Illness,Did Not Participate In Practice,Rashard Higgins,OUT
2022,10,CAR,RB,Chuba Hubbard,00-0036555,Questionable,Ankle,Full Participation in Practice,Chuba Hubbard,QUESTIONABLE
2022,10,CAR,DT,Matt Ioannidis,00-0032781,Questionable,Back,Full Participation in Practice,Matt Ioannidis,QUESTIONABLE
2022,10,CAR,CB,Donte Jackson,00-0034356,Questionable,Ankle,Full Participation in Practice,Donte Jackson,QUESTIONABLE
2022,10,CAR,T,Taylor Moton,00-0033284,Questionable,Elbow,Full Participation in Practice,Taylor Moton,QUESTIONABLE
2022,10,CHI,CB,Josh Blackwell,00-0037129,,,Full Participation in Practice,Josh Blackwell,
2022,10,CHI,S,Dane Cruikshank,00-0034389,,,Full Participation in Practice,Dane Cruikshank,
2022,10,CHI,CB,Kindle Vildor,00-0036307,Out,Ankle,Did Not Participate In Practice,Kindle Vildor,OUT
2022,10,CHI,DE,Al-Quadin Muhammad,00-0033964,Doubtful,Knee,Did Not Participate In Practice,Al-Quadin Muhammad,DOUBTFUL
2022,10,CHI,T,Teven Jenkins,00-0036953,Questionable,Hip,Limited Participation in Practice,Teven Jenkins,QUESTIONABLE
2022,10,CHI,CB,Jaylon Johnson,00-0036292,Questionable,Oblique ,Limited Participation in Practice,Jaylon Johnson,QUESTIONABLE
2022,10,CLE,G,Joel Bitonio,00-0031426,,,Full Participation in Practice,Joel Bitonio,
2022,10,CLE,DE,Jadeveon Clowney,00-0031364,,,Full Participation in Practice,Jadeveon Clowney,
2022,10,CLE,T,Jack Conklin,00-0033057,,,Full Participation in Practice,Jack Conklin,
2022,10,CLE,WR,Amari Cooper,00-0031544,,,Full Participation in Practice,Amari Cooper,
2022,10,CLE,CB,Martin Emerson,00-0037250,,,Full Participation in Practice,Martin Emerson,
2022,10,CLE,DE,Myles Garrett,00-0033868,,,Full Participation in Practice,Myles Garrett,
2022,10,CLE,CB,Greg Newsome,00-0036996,,,Full Participation in Practice,Greg Newsome,
2022,10,CLE,CB,Denzel Ward,00-0034856,,,Full Participation in Practice,Denzel Ward,
2022,10,CLE,DT,Perrion Winfrey,00-0038126,,,Full Participation in Practice,Perrion Winfrey,
2022,10,CLE,G,Wyatt Teller,00-0034399,,,Limited Participation in Practice,Wyatt Teller,
2022,10,CLE,TE,David Njoku,00-0033885,Out,Ankle,Did Not Participate In Practice,David Njoku,OUT
2022,10,CLE,LB,Jeremiah Owusu-Koramoah,00-0036915,Out,Knee,Limited Participation in Practice,Jeremiah Owusu-Koramoah,OUT
2022,10,CLE,G,Michael Dunn,00-0033995,Questionable,Back,Limited Participation in Practice,Michael Dunn,QUESTIONABLE
2022,10,DAL,DE,Dorance Armstrong,00-0034373,,,Full Participation in Practice,Dorance Armstrong,
2022,10,DAL,WR,Noah Brown,00-0033591,,,Full Participation in Practice,Noah Brown,
2022,10,DAL,TE,Jake Ferguson,00-0038041,,,Full Participation in Practice,Jake Ferguson,
2022,10,DAL,WR,Michael Gallup,00-0034764,,,Full Participation in Practice,Michael Gallup,
2022,10,DAL,S,Malik Hooker,00-0033877,,,Full Participation in Practice,Malik Hooker,
2022,10,DAL,LB,Micah Parsons,00-0036932,,,Full Participation in Practice,Micah Parsons,
2022,10,DAL,TE,Dalton Schultz,00-0034383,,,Full Participation in Practice,Dalton Schultz,
2022,10,DAL,WR,Kavontae Turpin,00-0037801,,,Full Participation in Practice,Kavontae Turpin,
2022,10,DAL,DE,Sam Williams,00-0037665,,,Full Participation in Practice,Sam Williams,
2022,10,DAL,S,Donovan Wilson,00-0035301,,,Full Participation in Practice,Donovan Wilson,
2022,10,DAL,LB,Anthony Barr,00-0031256,Out,Hamstring,Did Not Participate In Practice,Anthony Barr,OUT
2022,10,DAL,RB,Ezekiel Elliott,00-0033045,Questionable,Knee,Limited Participation in Practice,Ezekiel Elliott,QUESTIONABLE
2022,10,DEN,CB,Essang Bassey,00-0035862,,,Full Participation in Practice,Essang Bassey,
2022,10,DEN,WR,Tyrie Cleveland,00-0036439,,,Full Participation in Practice,Tyrie Cleveland,
2022,10,DEN,S,P.J. Locke,00-0035227,,,Full Participation in Practice,P.J. Locke,
2022,10,DEN,CB,K'Waun Williams,00-0031253,,,Full Participation in Practice,K'Waun Williams,
2022,10,DEN,TE,Andrew Beck,00-0034959,Out,Hamstring,Did Not Participate In Practice,Andrew Beck,OUT
2022,10,DEN,LB,Baron Browning,00-0036995,Out,Hip,Did Not Participate In Practice,Baron Browning,OUT
2022,10,DEN,WR,K.J. Hamler,00-0036412,Out,Hamstring,Did Not Participate In Practice,K.J. Hamler,OUT
2022,10,DEN,LB,Nik Bonitto,00-0037249,Questionable,Illness,Did Not Participate In Practice,Nik Bonitto,QUESTIONABLE
2022,10,DEN,WR,Kendall Hinton,00-0035864,Questionable,Illness,Did Not Participate In Practice,Kendall Hinton,QUESTIONABLE
2022,10,DEN,CB,Darius Phillips,00-0034683,Questionable,Illness,Did Not Participate In Practice,Darius Phillips,QUESTIONABLE
2022,10,DEN,T,Cameron Fleming,00-0031067,Questionable,Quadricep,Limited Participation in Practice,Cameron Fleming,QUESTIONABLE
2022,10,DEN,S,Justin Simmons,00-0032971,Questionable,Knee,Limited Participation in Practice,Justin Simmons,QUESTIONABLE
2022,10,DET,C,Frank Ragnow,00-0034345,,,Full Participation in Practice,Frank Ragnow,
2022,10,DET,RB,D'Andre Swift,00-0036275,,,Full Participation in Practice,D'Andre Swift,
2022,10,DET,RB,Jamaal Williams,00-0033948,,,Full Participation in Practice,Jamaal Williams,
2022,10,DET,CB,A.J. Parker,00-0036752,,,Limited Participation in Practice,A.J. Parker,
2022,10,DET,WR,Josh Reynolds,00-0033943,Out,Back,Did Not Participate In Practice,Josh Reynolds,OUT
2022,10,DET,T,Matt Nelson,00-0035328,Doubtful,Calf,Limited Participation in Practice,Matt Nelson,DOUBTFUL
2022,10,DET,S,Kerby Joseph,00-0037667,Questionable,Concussion,Full Participation in Practice,Kerby Joseph,QUESTIONABLE
2022,10,DET,CB,Chase Lucas,00-0037321,Questionable,Ankle,Limited Participation in Practice,Chase Lucas,QUESTIONABLE
2022,10,DET,S,Ifeatu Melifonwu,00-0036993,Questionable,Ankle,Limited Participation in Practice,Ifeatu Melifonwu,QUESTIONABLE
2022,10,DET,LB,Malcolm Rodriguez,00-0037289,Questionable,Elbow,Limited Participation in Practice,Malcolm Rodriguez,QUESTIONABLE
2022,10,GB,LB,Rashan Gary,00-0034967,,,Did Not Participate In Practice,Rashan Gary,
2022,10,GB,DT,Devonte Wyatt,00-0037075,,,Did Not Participate In Practice,Devonte Wyatt,
2022,10,GB,TE,Marcedes Lewis,00-0024243,,,Full Participation in Practice,Marcedes Lewis,
2022,10,GB,LB,Preston Smith,00-0031935,,,Full Participation in Practice,Preston Smith,
2022,10,GB,WR,Christian Watson,00-0038124,,,Full Participation in Practice,Christian Watson,
2022,10,GB,K,Mason Crosby,00-0025580,,,Limited Participation in Practice,Mason Crosby,
2022,10,GB,CB,Rasul Douglas,00-0033551,,,Limited Participation in Practice,Rasul Douglas,
2022,10,GB,G,Elgton Jenkins,00-0035526,,,Limited Participation in Practice,Elgton Jenkins,
2022,10,GB,RB,Aaron Jones,00-0033293,,,Limited Participation in Practice,Aaron Jones,
2022,10,GB,WR,Allen Lazard,00-0034521,,,Limited Participation in Practice,Allen Lazard,
2022,10,GB,QB,Aaron Rodgers,00-0023459,,,Limited Participation in Practice,Aaron Rodgers,
2022,10,GB,G,Jon Runyan,00-0036246,,,Limited Participation in Practice,Jon Runyan,
2022,10,GB,WR,Sammy Watkins,00-0031325,,,Limited Participation in Practice,Sammy Watkins,
2022,10,GB,LB,De'Vondre Campbell,00-0032401,Out,Knee,Did Not Participate In Practice,De'Vondre Campbell,OUT
2022,10,GB,WR,Romeo Doubs,00-0037816,Out,Ankle,Did Not Participate In Practice,Romeo Doubs,OUT
2022,10,GB,CB,Eric Stokes,00-0036901,Out,Ankle,Did Not Participate In Practice,Eric Stokes,OUT
2022,10,GB,CB,Shemar Jean-Charles,00-0036645,Out,Ankle,Limited Participation in Practice,Shemar Jean-Charles,OUT
2022,10,GB,LB,Krys Barnes,00-0035961,Doubtful,Concussion,Did Not Participate In Practice,Krys Barnes,DOUBTFUL
2022,10,GB,T,David Bakhtiari,00-0030074,Questionable,Knee,Limited Participation in Practice,David Bakhtiari,QUESTIONABLE
2022,10,GB,WR,Amari Rodgers,00-0036991,Questionable,Hamstring,Limited Participation in Practice,Amari Rodgers,QUESTIONABLE
2022,10,HOU,DE,Jerry Hughes,00-0027881,,,Did Not Participate In Practice,Jerry Hughes,
2022,10,HOU,WR,Phillip Dorsett,00-0032208,,,Full Participation in Practice,Phillip Dorsett,
2022,10,HOU,DT,Jaleel Johnson,00-0033940,,,Full Participation in Practice,Jaleel Johnson,
2022,10,HOU,C,Justin McCray,00-0030792,,,Full Participation in Practice,Justin McCray,
2022,10,HOU,RB,Dameon Pierce,00-0037258,,,Full Participation in Practice,Dameon Pierce,
2022,10,HOU,LB,Neville Hewitt,00-0031740,Out,Hamstring,Did Not Participate In Practice,Neville Hewitt,OUT
2022,10,HOU,LB,Jalen Reeves-Maybin,00-0033557,Questionable,Groin,Full Participation in Practice,Jalen Reeves-Maybin,QUESTIONABLE
2022,10,HOU,DT,Maliek Collins,00-0033131,Questionable,Chest,Limited Participation in Practice,Maliek Collins,QUESTIONABLE
2022,10,HOU,WR,Nico Collins,00-0036554,Questionable,Groin,Limited Participation in Practice,Nico Collins,QUESTIONABLE
2022,10,HOU,WR,Brandin Cooks,00-0031236,Questionable,Wrist,Limited Participation in Practice,Brandin Cooks,QUESTIONABLE
2022,10,IND,DT,DeForest Buckner,00-0032378,,,Did Not Participate In Practice,DeForest Buckner,
2022,10,IND,CB,Tony Brown,00-0034540,,,Full Participation in Practice,Tony Brown,
2022,10,IND,CB,Stephon Gilmore,00-0029542,,,Full Participation in Practice,Stephon Gilmore,
2022,10,IND,C,Ryan Kelly,00-0032383,,,Full Participation in Practice,Ryan Kelly,
2022,10,IND,S,Rodney McLeod,00-0028899,,,Full Participation in Practice,Rodney McLeod,
2022,10,IND,DE,Yannick Ngakoue,00-0033123,,,Full Participation in Practice,Yannick Ngakoue,
2022,10,IND,QB,Matt Ryan,00-0026143,,,Full Participation in Practice,Matt Ryan,
2022,10,IND,DT,Grover Stewart,00-0033952,,,Full Participation in Practice,Grover Stewart,
2022,10,IND,LB,Grant Stuard,00-0036672,,,Full Participation in Practice,Grant Stuard,
2022,10,IND,RB,Jonathan Taylor,00-0036223,,,Full Participation in Practice,Jonathan Taylor,
2022,10,IND,RB,Deon Jackson,00-0036493,Out,Knee,Did Not Participate In Practice,Deon Jackson,OUT
2022,10,IND,LB,Shaquille Leonard,00-0034846,Out,Back,Did Not Participate In Practice,Shaquille Leonard,OUT
2022,10,IND,TE,Jelani Woods,00-0037755,Out,Shoulder,Did Not Participate In Practice,Jelani Woods,OUT
2022,10,IND,DE,Kwity Paye,00-0036479,Questionable,Ankle,Did Not Participate In Practice,Kwity Paye,QUESTIONABLE
2022,10,IND,TE,Mo Alie-Cox,00-0033217,Questionable,Ankle,Limited Participation in Practice,Mo Alie-Cox,QUESTIONABLE
2022,10,JAX,TE,Evan Engram,00-0033881,,,Full Participation in Practice,Evan Engram,
2022,10,JAX,S,Rayshawn Jenkins,00-0033941,Questionable,Concussion,Limited Participation in Practice,Rayshawn Jenkins,QUESTIONABLE
2022,10,KC,DT,Khalen Saunders,00-0035656,,,Did Not Participate In Practice,Khalen Saunders,
2022,10,KC,S,Deon Bush,00-0032774,,,Full Participation in Practice,Deon Bush,
2022,10,KC,TE,Joe Fortson,00-0035547,,,Full Participation in Practice,Joe Fortson,
2022,10,KC,TE,Travis Kelce,00-0030506,,,Full Participation in Practice,Travis Kelce,
2022,10,KC,DT,Derrick Nnadi,00-0034818,,,Full Participation in Practice,Derrick Nnadi,
2022,10,KC,CB,L'Jarius Sneed,00-0036374,,,Full Participation in Practice,L'Jarius Sneed,
2022,10,KC,WR,Mecole Hardman,00-0035140,Out,Abdomen,Did Not Participate In Practice,Mecole Hardman,OUT
2022,10,KC,RB,Jerick McKinnon,00-0031376,Questionable,Shoulder,Limited Participation in Practice,Jerick McKinnon,QUESTIONABLE
2022,10,LA,DT,Aaron Donald,00-0031388,,,Did Not Participate In Practice,Aaron Donald,
2022,10,LA,RB,Malcolm Brown,00-0031806,Out,Hamstring,Did Not Participate In Practice,Malcolm Brown,OUT
2022,10,LA,LB,Travin Howard,00-0034812,Out,Hip,Did Not Participate In Practice,Travin Howard,OUT
2022,10,LA,T,Greg Gaines,00-0035667,Doubtful,Elbow,Did Not Participate In Practice,Greg Gaines,DOUBTFUL
2022,10,LA,T,Alaric Jackson,00-0036603,Doubtful,Knee,Did Not Participate In Practice,Alaric Jackson,DOUBTFUL
2022,10,LA,C,Brian Allen,00-0034804,Questionable,Knee,Limited Participation in Practice,Brian Allen,QUESTIONABLE
2022,10,LA,CB,Robert Rochell,00-0036904,Questionable,Illness,Limited Participation in Practice,Robert Rochell,QUESTIONABLE
2022,10,LA,QB,Matthew Stafford,00-0026498,Questionable,Concussion,Limited Participation in Practice,Matthew Stafford,QUESTIONABLE
2022,10,LAC,DT,Jerry Tillery,00-0035674,,,Did Not Participate In Practice,Jerry Tillery,
2022,10,LAC,WR,DeAndre Carter,00-0031763,,,Full Participation in Practice,DeAndre Carter,
2022,10,LAC,LB,Khalil Mack,00-0031040,,,Full Participation in Practice,Khalil Mack,
2022,10,LAC,TE,Tre' McKitty,00-0037011,,,Full Participation in Practice,Tre' McKitty,
2022,10,LAC,LB,Amen Ogbongbemiga,00-0036716,,,Full Participation in Practice,Amen Ogbongbemiga,
2022,10,LAC,LB,Troy Reeder,00-0035617,,,Full Participation in Practice,Troy Reeder,
2022,10,LAC,G,Jamaree Salyer,00-0037295,,,Full Participation in Practice,Jamaree Salyer,
2022,10,LAC,WR,Keenan Allen,00-0030279,Out,Hamstring,Did Not Participate In Practice,Keenan Allen,OUT
2022,10,LAC,K,Dustin Hopkins,00-0030098,Out,right Hamstring,Did Not Participate In Practice,Dustin Hopkins,OUT
2022,10,LAC,WR,Mike Williams,00-0033536,Out,Ankle,Did Not Participate In Practice,Mike Williams,OUT
2022,10,LAC,LB,Chris Rumph,00-0036867,Doubtful,Knee,Limited Participation in Practice,Chris Rumph,DOUBTFUL
2022,10,LAC,T,Trey Pipkins,00-0035688,Questionable,Knee,Did Not Participate In Practice,Trey Pipkins,QUESTIONABLE
2022,10,LAC,G,Brenden Jaimes,00-0036636,Questionable,Shoulder,Limited Participation in Practice,Brenden Jaimes,QUESTIONABLE
2022,10,LV,LB,Blake Martinez,00-0032408,,,Did Not Participate In Practice,Blake Martinez,
2022,10,LV,LB,Darien Butler,00-0037503,,,Full Participation in Practice,Darien Butler,
2022,10,LV,QB,Derek Carr,00-0031280,,,Full Participation in Practice,Derek Carr,
2022,10,LV,WR,Keelan Cole,00-0033681,,,Full Participation in Practice,Keelan Cole,
2022,10,LV,WR,Hunter Renfrow,00-0034983,,,Limited Participation in Practice,Hunter Renfrow,
2022,10,LV,TE,Darren Waller,00-0031610,,,Limited Participation in Practice,Darren Waller,
2022,10,LV,LB,Denzel Perryman,00-0032103,Questionable,Hip,Limited Participation in Practice,Denzel Perryman,QUESTIONABLE
2022,10,MIA,CB,Xavien Howard,00-0033050,,,Did Not Participate In Practice,Xavien Howard,
2022,10,MIA,WR,River Cracraft,00-0034054,,,Full Participation in Practice,River Cracraft,
2022,10,MIA,DT,Zach Sieler,00-0034285,,,Full Participation in Practice,Zach Sieler,
2022,10,MIA,WR,Jaylen Waddle,00-0036613,,,Full Participation in Practice,Jaylen Waddle,
2022,10,MIA,DT,Christian Wilkins,00-0035231,,,Full Participation in Practice,Christian Wilkins,
2022,10,MIA,DT,Raekwon Davis,00-0036213,,,Limited Participation in Practice,Raekwon Davis,
2022,10,MIA,TE,Durham Smythe,00-0034798,,,Limited Participation in Practice,Durham Smythe,
2022,10,MIA,TE,Hunter Long,00-0037004,Out,Concussion,Did Not Participate In Practice,Hunter Long,OUT
2022,10,MIA,WR,Trent Sherfield,00-0034487,Questionable,Toe,"
    ",Trent Sherfield,QUESTIONABLE
2022,10,MIA,T,Terron Armstead,00-0030067,Questionable,Toe,Did Not Participate In Practice,Terron Armstead,QUESTIONABLE
2022,10,MIA,QB,Teddy Bridgewater,00-0031237,Questionable,Knee,Limited Participation in Practice,Teddy Bridgewater,QUESTIONABLE
2022,10,MIA,TE,Tanner Conner,00-0037348,Questionable,Knee,Limited Participation in Practice,Tanner Conner,QUESTIONABLE
2022,10,MIA,T,Austin Jackson,00-0036248,Questionable,Ankle,Limited Participation in Practice,Austin Jackson,QUESTIONABLE
2022,10,MIN,C,Garrett Bradbury,00-0035588,,,Full Participation in Practice,Garrett Bradbury,
2022,10,MIN,WR,Adam Thielen,00-0030035,,,Full Participation in Practice,Adam Thielen,
2022,10,MIN,CB,Cameron Dantzler,00-0036330,Out,Ankle,Did Not Participate In Practice,Cameron Dantzler,OUT
2022,10,MIN,DT,Dalvin Tomlinson,00-0033546,Out,Calf,Did Not Participate In Practice,Dalvin Tomlinson,OUT
2022,10,NO,DE,Cameron Jordan,00-0027962,,,Full Participation in Practice,Cameron Jordan,
2022,10,NO,T,Ryan Ramczyk,00-0033888,,,Full Participation in Practice,Ryan Ramczyk,
2022,10,NO,WR,Jarvis Landry,00-0031382,,,Limited Participation in Practice,Jarvis Landry,
2022,10,NO,RB,Mark Ingram,00-0027966,Out,Knee,Did Not Participate In Practice,Mark Ingram,OUT
2022,10,NO,CB,Marshon Lattimore,00-0033874,Out,Abdomen,Did Not Participate In Practice,Marshon Lattimore,OUT
2022,10,NO,C,Erik McCoy,00-0035242,Out,Calf,Did Not Participate In Practice,Erik McCoy,OUT
2022,10,NO,G,Andrus Peat,00-0032203,Out,Triceps,Did Not Participate In Practice,Andrus Peat,OUT
2022,10,NO,LB,Pete Werner,00-0036927,Out,Ankle,Did Not Participate In Practice,Pete Werner,OUT
2022,10,NO,DE,Tanoh Kpassagnon,00-0033902,Questionable,Illness,Did Not Participate In Practice,Tanoh Kpassagnon,QUESTIONABLE
2022,10,NO,S,Marcus Maye,00-0033892,Questionable,Abdomen,Did Not Participate In Practice,Marcus Maye,QUESTIONABLE
2022,10,NO,CB,P.J. Williams,00-0032059,Questionable,Illness,Did Not Participate In Practice,P.J. Williams,QUESTIONABLE
2022,10,NO,DE,Marcus Davenport,00-0034344,Questionable,Calf,Limited Participation in Practice,Marcus Davenport,QUESTIONABLE
2022,10,NYG,WR,Richie James,00-0034286,,,Full Participation in Practice,Richie James,
2022,10,NYG,WR,Marcus Johnson,00-0032980,,,Limited Participation in Practice,Marcus Johnson,
2022,10,NYG,TE,Daniel Bellinger,00-0038115,Out,Eye,Did Not Participate In Practice,Daniel Bellinger,OUT
2022,10,NYG,T,Evan Neal,00-0037612,Out,Knee,Did Not Participate In Practice,Evan Neal,OUT
2022,10,NYG,CB,Cordale Flott,00-0037758,Questionable,Calf,Limited Participation in Practice,Cordale Flott,QUESTIONABLE
2022,10,NYG,WR,Kenny Golladay,00-0033932,Questionable,Knee,Limited Participation in Practice,Kenny Golladay,QUESTIONABLE
2022,10,NYG,LB,Oshane Ximines,00-0035708,Questionable,Quadricep,Limited Participation in Practice,Oshane Ximines,QUESTIONABLE
2022,10,PHI,CB,Josiah Scott,00-0036303,,,Full Participation in Practice,Josiah Scott,
2022,10,PHI,CB,James Bradberry,00-0032890,,,Limited Participation in Practice,James Bradberry,
2022,10,PHI,WR,A.J. Brown,00-0035676,,,Limited Participation in Practice,A.J. Brown,
2022,10,PHI,DT,Fletcher Cox,00-0029653,,,Limited Participation in Practice,Fletcher Cox,
2022,10,PHI,G,Landon Dickerson,00-0037002,,,Limited Participation in Practice,Landon Dickerson,
2022,10,PHI,DE,Brandon Graham,00-0027865,,,Limited Participation in Practice,Brandon Graham,
2022,10,PHI,T,Lane Johnson,00-0030561,,,Limited Participation in Practice,Lane Johnson,
2022,10,PHI,C,Jason Kelce,00-0028129,,,Limited Participation in Practice,Jason Kelce,
2022,10,PHI,DE,Robert Quinn,00-0027952,,,Limited Participation in Practice,Robert Quinn,
2022,10,PHI,G,Isaac Seumalo,00-0032954,,,Limited Participation in Practice,Isaac Seumalo,
2022,10,PHI,CB,Darius Slay,00-0030062,,,Limited Participation in Practice,Darius Slay,
2022,10,PHI,DE,Josh Sweat,00-0034381,,,Limited Participation in Practice,Josh Sweat,
2022,10,PHI,CB,Josh Jobe,00-0037137,Out,Hamstring,Did Not Participate In Practice,Josh Jobe,OUT
2022,10,PHI,CB,Avonte Maddox,00-0034377,Out,Hamstring,Did Not Participate In Practice,Avonte Maddox,OUT
2022,10,PIT,K,Chris Boswell,00-0031136,,,Did Not Participate In Practice,Chris Boswell,
2022,10,PIT,DT,Cameron Heyward,00-0027969,,,Full Participation in Practice,Cameron Heyward,
2022,10,PIT,LB,Myles Jack,00-0032968,,,Full Participation in Practice,Myles Jack,
2022,10,PIT,S,Damontae Kazee,00-0033512,,,Full Participation in Practice,Damontae Kazee,
2022,10,PIT,LS,Christian Kuntz,00-0034051,,,Full Participation in Practice,Christian Kuntz,
2022,10,PIT,DT,Larry Ogunjobi,00-0033905,,,Full Participation in Practice,Larry Ogunjobi,
2022,10,PIT,CB,Levi Wallace,00-0034514,,,Full Participation in Practice,Levi Wallace,
2022,10,PIT,S,Minkah Fitzpatrick,00-0034789,Out,appendix,"
    ",Minkah Fitzpatrick,OUT
2022,10,PIT,CB,William Jackson,00-0033107,Out,Back,Did Not Participate In Practice,William Jackson,OUT
2022,10,PIT,CB,Ahkello Witherspoon,00-0033783,Out,Hamstring,Did Not Participate In Practice,Ahkello Witherspoon,OUT
2022,10,PIT,G,Kevin Dotson,00-0036339,Questionable,Abdomen,Limited Participation in Practice,Kevin Dotson,QUESTIONABLE
2022,10,PIT,LB,Malik Reed,00-0034954,Questionable,Not injury related - personal matter,Limited Participation in Practice,Malik Reed,QUESTIONABLE
2022,10,SEA,DE,Shelby Harris,00-0031270,,,Did Not Participate In Practice,Shelby Harris,
2022,10,SEA,S,Joey Blount,00-0037141,,,Full Participation in Practice,Joey Blount,
2022,10,SEA,RB,DeeJay Dallas,00-0036425,,,Full Participation in Practice,DeeJay Dallas,
2022,10,SEA,TE,Will Dissly,00-0034159,,,Full Participation in Practice,Will Dissly,
2022,10,SEA,TE,Noah Fant,00-0035644,,,Full Participation in Practice,Noah Fant,
2022,10,SEA,DE,Poona Ford,00-0034234,,,Full Participation in Practice,Poona Ford,
2022,10,SEA,WR,Penny Hart,00-0035022,,,Full Participation in Practice,Penny Hart,
2022,10,SEA,WR,Tyler Lockett,00-0032211,,,Full Participation in Practice,Tyler Lockett,
2022,10,SEA,WR,DK Metcalf,00-0035640,,,Full Participation in Practice,DK Metcalf,
2022,10,SEA,S,Ryan Neal,00-0034527,,,Full Participation in Practice,Ryan Neal,
2022,10,SEA,LB,Darrell Taylor,00-0036413,,,Full Participation in Practice,Darrell Taylor,
2022,10,SEA,DT,Al Woods,00-0027723,,,Full Participation in Practice,Al Woods,
2022,10,SEA,LB,Cullen Gillaspia,00-0035304,Out,Knee,Did Not Participate In Practice,Cullen Gillaspia,OUT
2022,10,SEA,WR,Marquise Goodwin,00-0030068,Questionable,Groin,Full Participation in Practice,Marquise Goodwin,QUESTIONABLE
2022,10,SF,TE,Tyler Kroft,00-0032214,,,Did Not Participate In Practice,Tyler Kroft,
2022,10,SF,G,Aaron Banks,00-0036551,,,Full Participation in Practice,Aaron Banks,
2022,10,SF,LB,Dre Greenlaw,00-0034982,,,Full Participation in Practice,Dre Greenlaw,
2022,10,SF,WR,Jauan Jennings,00-0036259,,,Full Participation in Practice,Jauan Jennings,
2022,10,SF,FB,Kyle Juszczyk,00-0029892,,,Full Participation in Practice,Kyle Juszczyk,
2022,10,SF,WR,Deebo Samuel,00-0035719,,,Full Participation in Practice,Deebo Samuel,
2022,10,SF,S,Jimmie Ward,00-0031298,,,Full Participation in Practice,Jimmie Ward,
2022,10,SF,T,Trent Williams,00-0027857,,,Full Participation in Practice,Trent Williams,
2022,10,SF,DT,Arik Armstead,00-0032164,Out,Foot,Did Not Participate In Practice,Arik Armstead,OUT
2022,10,SF,CB,Jason Verrett,00-0031334,Out,Knee,Did Not Participate In Practice,Jason Verrett,OUT
2022,10,SF,DE,Samson Ebukam,00-0033945,Doubtful,Quadricep,Did Not Participate In Practice,Samson Ebukam,DOUBTFUL
2022,10,TB,QB,Tom Brady,00-0019596,,,Full Participation in Practice,Tom Brady,
2022,10,TB,WR,Julio Jones,00-0027944,,,Full Participation in Practice,Julio Jones,
2022,10,TB,G,Nick Leverett,00-0036105,,,Full Participation in Practice,Nick Leverett,
2022,10,TB,G,Shaquille Mason,00-0031580,,,Full Participation in Practice,Shaquille Mason,
2022,10,TB,S,Antoine Winfield,00-0036411,,,Full Participation in Practice,Antoine Winfield,
2022,10,TB,WR,Mike Evans,00-0031408,,,Limited Participation in Practice,Mike Evans,
2022,10,TB,WR,Russell Gage,00-0034411,Out,Hamstring,Did Not Participate In Practice,Russell Gage,OUT
2022,10,TB,G,Luke Goedeke,00-0037835,Out,Foot,Did Not Participate In Practice,Luke Goedeke,OUT
2022,10,TB,LB,J.J. Russell,00-0037491,Out,Hamstring,Did Not Participate In Practice,J.J. Russell,OUT
2022,10,TB,TE,Cameron Brate,00-0031273,Questionable,Neck,Full Participation in Practice,Cameron Brate,QUESTIONABLE
2022,10,TEN,G,Nate Davis,00-0035649,,,Did Not Participate In Practice,Nate Davis,
2022,10,TEN,DE,Denico Autry,00-0031254,,,Full Participation in Practice,Denico Autry,
2022,10,TEN,FB,Tory Carter,00-0036691,,,Full Participation in Practice,Tory Carter,
2022,10,TEN,RB,Derrick Henry,00-0032764,,,Full Participation in Practice,Derrick Henry,
2022,10,TEN,RB,Dontrell Hilliard,00-0034253,,,Full Participation in Practice,Dontrell Hilliard,
2022,10,TEN,CB,Lonnie Johnson,00-0035244,,,Full Participation in Practice,Lonnie Johnson,
2022,10,TEN,S,Joshua Kalu,00-0034662,,,Full Participation in Practice,Joshua Kalu,
2022,10,TEN,LB,David Long,00-0035292,,,Full Participation in Practice,David Long,
2022,10,TEN,DT,Teair Tart,00-0036181,,,Full Participation in Practice,Teair Tart,
2022,10,TEN,G,Aaron Brewer,00-0036171,,,Limited Participation in Practice,Aaron Brewer,
2022,10,TEN,C,Ben Jones,00-0029413,,,Limited Participation in Practice,Ben Jones,
2022,10,TEN,LB,Zach Cunningham,00-0033547,Out,Elbow,Did Not Participate In Practice,Zach Cunningham,OUT
2022,10,TEN,LB,Bud Dupree,00-0032146,Out,Hip,Did Not Participate In Practice,Bud Dupree,OUT
2022,10,TEN,S,Amani Hooker,00-0035632,Out,Shoulder,Did Not Participate In Practice,Amani Hooker,OUT
2022,10,TEN,DT,Jeffery Simmons,00-0035643,Out,Ankle,Did Not Participate In Practice,Jeffery Simmons,OUT
2022,10,TEN,CB,Josh Thompson,00-0037070,Out,Knee,Did Not Participate In Practice,Josh Thompson,OUT
2022,10,TEN,CB,Kristian Fulton,00-0036416,Questionable,Hamstring,Limited Participation in Practice,Kristian Fulton,QUESTIONABLE
2022,10,TEN,DE,Kevin Strong,00-0035334,Questionable,Ankle,Limited Participation in Practice,Kevin Strong,QUESTIONABLE
2022,10,TEN,QB,Ryan Tannehill,00-0029701,Questionable,Ankle,Limited Participation in Practice,Ryan Tannehill,QUESTIONABLE
2022,10,WAS,WR,Jahan Dotson,00-0037741,,,Full Participation in Practice,Jahan Dotson,
2022,10,WAS,LB,Cole Holcomb,00-0035286,Out,Foot,Did Not Participate In Practice,Cole Holcomb,OUT
2022,10,WAS,LB,David Mayo,00-0031596,Out,Hamstring,Did Not Participate In Practice,David Mayo,OUT
2022,10,WAS,RB,J.D. McKissic,00-0032602,Out,Neck,Did Not Participate In Practice,J.D. McKissic,OUT
2022,10,WAS,G,Andrew Norwell,00-0031122,Questionable,Groin,Did Not Participate In Practice,Andrew Norwell,QUESTIONABLE
2022,10,WAS,C,Tyler Larsen,00-0030869,Questionable,Back,Limited Participation in Practice,Tyler Larsen,QUESTIONABLE
2022,11,ARI,S,Budda Baker,00-0033890,,,Full Participation in Practice,Budda Baker,
2022,11,ARI,LB,Markus Golden,00-0032127,,,Full Participation in Practice,Markus Golden,
2022,11,ARI,QB,Colt McCoy,00-0027688,,,Full Participation in Practice,Colt McCoy,
2022,11,ARI,K,Matt Prater,00-0023853,,,Full Participation in Practice,Matt Prater,
2022,11,ARI,TE,Zach Ertz,00-0030061,Out,Knee,Did Not Participate In Practice,Zach Ertz,OUT
2022,11,ARI,T,D.J. Humphries,00-0032222,Out,Back,Did Not Participate In Practice,D.J. Humphries,OUT
2022,11,ARI,CB,Byron Murphy,00-0035236,Out,Back,Did Not Participate In Practice,Byron Murphy,OUT
2022,11,ARI,G,Max Garcia,00-0032132,Questionable,Shoulder,Limited Participation in Practice,Max Garcia,QUESTIONABLE
2022,11,ARI,WR,DeAndre Hopkins,00-0030564,Questionable,Hamstring,Limited Participation in Practice,DeAndre Hopkins,QUESTIONABLE
2022,11,ARI,QB,Kyler Murray,00-0035228,Questionable,Hamstring,Limited Participation in Practice,Kyler Murray,QUESTIONABLE
2022,11,ATL,G,Colby Gossett,00-0034165,,,Did Not Participate In Practice,Colby Gossett,
2022,11,ATL,TE,Feleipe Franks,00-0036825,Out,Calf,Did Not Participate In Practice,Feleipe Franks,OUT
2022,11,ATL,S,Erik Harris,00-0032320,Questionable,Foot,Limited Participation in Practice,Erik Harris,QUESTIONABLE
2022,11,ATL,CB,A.J. Terrell,00-0036285,Questionable,Hamstring,Limited Participation in Practice,A.J. Terrell,QUESTIONABLE
2022,11,BAL,DE,Calais Campbell,00-0026190,,,Did Not Participate In Practice,Calais Campbell,
2022,11,BAL,LB,Justin Houston,00-0028008,,,Did Not Participate In Practice,Justin Houston,
2022,11,BAL,CB,Marcus Peters,00-0032165,,,Did Not Participate In Practice,Marcus Peters,
2022,11,BAL,LB,Jason Pierre-Paul,00-0027867,,,Did Not Participate In Practice,Jason Pierre-Paul,
2022,11,BAL,T,Ronnie Stanley,00-0032965,,,Did Not Participate In Practice,Ronnie Stanley,
2022,11,BAL,CB,Jalyn Armour-Davis,00-0038119,Doubtful,Hip,Did Not Participate In Practice,Jalyn Armour-Davis,DOUBTFUL
2022,11,BAL,QB,Lamar Jackson,00-0034796,Questionable,Illness,Did Not Participate In Practice,Lamar Jackson,QUESTIONABLE
2022,11,BAL,TE,Mark Andrews,00-0034753,Questionable,Knee,Full Participation in Practice,Mark Andrews,QUESTIONABLE
2022,11,BAL,RB,Gus Edwards,00-0034184,Questionable,Hamstring,Limited Participation in Practice,Gus Edwards,QUESTIONABLE
2022,11,BUF,LB,Von Miller,00-0027940,,,Did Not Participate In Practice,Von Miller,
2022,11,BUF,CB,Cameron Lewis,00-0035357,,,Full Participation in Practice,Cameron Lewis,
2022,11,BUF,WR,Isaiah McKenzie,00-0033466,,,Full Participation in Practice,Isaiah McKenzie,
2022,11,BUF,LB,Matt Milano,00-0033571,,,Full Participation in Practice,Matt Milano,
2022,11,BUF,DT,Jordan Phillips,00-0031557,,,Full Participation in Practice,Jordan Phillips,
2022,11,BUF,DT,Tim Settle,00-0034397,,,Full Participation in Practice,Tim Settle,
2022,11,BUF,QB,Josh Allen,00-0034857,,,Limited Participation in Practice,Josh Allen,
2022,11,BUF,G,Rodger Saffold,00-0027648,,,Limited Participation in Practice,Rodger Saffold,
2022,11,BUF,LB,Tremaine Edmunds,00-0034673,Out,Groin,Did Not Participate In Practice,Tremaine Edmunds,OUT
2022,11,BUF,WR,Jake Kumerow,00-0031787,Out,Ankle,Did Not Participate In Practice,Jake Kumerow,OUT
2022,11,BUF,DE,Gregory Rousseau,00-0036914,Out,Ankle,Did Not Participate In Practice,Gregory Rousseau,OUT
2022,11,BUF,CB,Kaiir Elam,00-0037242,Questionable,Ankle,Full Participation in Practice,Kaiir Elam,QUESTIONABLE
2022,11,BUF,S,Jordan Poyer,00-0030114,Questionable,Elbow,Full Participation in Practice,Jordan Poyer,QUESTIONABLE
2022,11,BUF,FB,Reggie Gilliam,00-0036187,Questionable,Illness,Limited Participation in Practice,Reggie Gilliam,QUESTIONABLE
2022,11,CAR,LB,Frankie Luvu,00-0034302,,,Full Participation in Practice,Frankie Luvu,
2022,11,CAR,DT,Marquan McCall,00-0037363,,,Full Participation in Practice,Marquan McCall,
2022,11,CAR,T,Taylor Moton,00-0033284,,,Full Participation in Practice,Taylor Moton,
2022,11,CAR,DT,Daviyon Nixon,00-0036558,,,Full Participation in Practice,Daviyon Nixon,
2022,11,CAR,S,Juston Burris,00-0032403,Out,Illness,Did Not Participate In Practice,Juston Burris,OUT
2022,11,CAR,DT,Matt Ioannidis,00-0032781,Out,Calf,Did Not Participate In Practice,Matt Ioannidis,OUT
2022,11,CAR,QB,Phillip Walker,00-0033275,Out,Ankle,Did Not Participate In Practice,Phillip Walker,OUT
2022,11,CAR,S,Myles Hartsfield,00-0035950,Doubtful,Ankle,Did Not Participate In Practice,Myles Hartsfield,DOUBTFUL
2022,11,CAR,CB,Jaycee Horn,00-0036944,Questionable,Foot,Full Participation in Practice,Jaycee Horn,QUESTIONABLE
2022,11,CAR,TE,Giovanni Ricci,00-0035956,Questionable,Neck,Full Participation in Practice,Giovanni Ricci,QUESTIONABLE
2022,11,CHI,CB,Kyler Gordon,00-0038111,,,Full Participation in Practice,Kyler Gordon,
2022,11,CHI,TE,Cole Kmet,00-0036290,,,Full Participation in Practice,Cole Kmet,
2022,11,CHI,RB,David Montgomery,00-0035685,,,Full Participation in Practice,David Montgomery,
2022,11,CHI,WR,N'Keal Harry,00-0035624,Out,Illness,Did Not Participate In Practice,N'Keal Harry,OUT
2022,11,CHI,S,Dane Cruikshank,00-0034389,Out,Hamstring,Limited Participation in Practice,Dane Cruikshank,OUT
2022,11,CHI,T,Teven Jenkins,00-0036953,Questionable,Hip,Full Participation in Practice,Teven Jenkins,QUESTIONABLE
2022,11,CHI,DE,Al-Quadin Muhammad,00-0033964,Questionable,Knee,Full Participation in Practice,Al-Quadin Muhammad,QUESTIONABLE
2022,11,CHI,CB,Kindle Vildor,00-0036307,Questionable,Ankle,Full Participation in Practice,Kindle Vildor,QUESTIONABLE
2022,11,CIN,WR,Stanley Morgan,00-0035399,,,Did Not Participate In Practice,Stanley Morgan,
2022,11,CIN,T,La'el Collins,00-0031534,,,Full Participation in Practice,La'el Collins,
2022,11,CIN,CB,Mike Hilton,00-0032521,,,Full Participation in Practice,Mike Hilton,
2022,11,CIN,G,D'Ante Smith,00-0036852,,,Full Participation in Practice,D'Ante Smith,
2022,11,CIN,CB,Eli Apple,00-0032379,,,Limited Participation in Practice,Eli Apple,
2022,11,CIN,WR,Ja'Marr Chase,00-0036900,Out,Hip,Did Not Participate In Practice,Ja'Marr Chase,OUT
2022,11,CIN,S,Dax Hill,00-0037743,Out,Shoulder,Did Not Participate In Practice,Dax Hill,OUT
2022,11,CIN,DT,Josh Tupou,00-0033347,Out,Calf,Did Not Participate In Practice,Josh Tupou,OUT
2022,11,CIN,RB,Chris Evans,00-0036857,Questionable,Knee,Limited Participation in Practice,Chris Evans,QUESTIONABLE
2022,11,CIN,CB,Tre Flowers,00-0034756,Questionable,Hamstring,Limited Participation in Practice,Tre Flowers,QUESTIONABLE
2022,11,CLE,G,Joel Bitonio,00-0031426,,,Did Not Participate In Practice,Joel Bitonio,
2022,11,CLE,DE,Jadeveon Clowney,00-0031364,,,Did Not Participate In Practice,Jadeveon Clowney,
2022,11,CLE,WR,Amari Cooper,00-0031544,,,Did Not Participate In Practice,Amari Cooper,
2022,11,CLE,DE,Myles Garrett,00-0033868,,,Did Not Participate In Practice,Myles Garrett,
2022,11,CLE,T,Jack Conklin,00-0033057,,,Full Participation in Practice,Jack Conklin,
2022,11,CLE,DT,Jordan Elliott,00-0036266,,,Full Participation in Practice,Jordan Elliott,
2022,11,CLE,LB,Jeremiah Owusu-Koramoah,00-0036915,,,Full Participation in Practice,Jeremiah Owusu-Koramoah,
2022,11,CLE,C,Ethan Pocic,00-0033901,,,Full Participation in Practice,Ethan Pocic,
2022,11,CLE,G,Wyatt Teller,00-0034399,,,Full Participation in Practice,Wyatt Teller,
2022,11,CLE,S,D'Anthony Bell,00-0037332,Out,Concussion,Did Not Participate In Practice,D'Anthony Bell,OUT
2022,11,CLE,G,Michael Dunn,00-0033995,Out,Back,Did Not Participate In Practice,Michael Dunn,OUT
2022,11,CLE,DT,Perrion Winfrey,00-0038126,Out,Concussion,Did Not Participate In Practice,Perrion Winfrey,OUT
2022,11,CLE,CB,Greg Newsome,00-0036996,Out,Concussion,Limited Participation in Practice,Greg Newsome,OUT
2022,11,CLE,TE,David Njoku,00-0033885,Questionable,Ankle,Limited Participation in Practice,David Njoku,QUESTIONABLE
2022,11,DAL,WR,Michael Gallup,00-0034764,,,Full Participation in Practice,Michael Gallup,
2022,11,DAL,T,Tyler Smith,00-0037243,,,Full Participation in Practice,Tyler Smith,
2022,11,DAL,P,Bryan Anger,00-0029692,Questionable,Illness,Did Not Participate In Practice,Bryan Anger,QUESTIONABLE
2022,11,DAL,DT,Quinton Bohanna,00-0036649,Questionable,Illness,Did Not Participate In Practice,Quinton Bohanna,QUESTIONABLE
2022,11,DAL,CB,Anthony Brown,00-0033047,Questionable,Concussion,Full Participation in Practice,Anthony Brown,QUESTIONABLE
2022,11,DAL,LB,Anthony Barr,00-0031256,Questionable,Hamstring,Limited Participation in Practice,Anthony Barr,QUESTIONABLE
2022,11,DAL,RB,Ezekiel Elliott,00-0033045,Questionable,Knee,Limited Participation in Practice,Ezekiel Elliott,QUESTIONABLE
2022,11,DAL,DE,Demarcus Lawrence,00-0031411,Questionable,Foot,Limited Participation in Practice,Demarcus Lawrence,QUESTIONABLE
2022,11,DEN,S,Kareem Jackson,00-0027872,,,Full Participation in Practice,Kareem Jackson,
2022,11,DEN,RB,Latavius Murray,00-0030513,,,Full Participation in Practice,Latavius Murray,
2022,11,DEN,CB,Darius Phillips,00-0034683,,,Full Participation in Practice,Darius Phillips,
2022,11,DEN,DT,Mike Purcell,00-0029890,,,Full Participation in Practice,Mike Purcell,
2022,11,DEN,S,Justin Simmons,00-0032971,,,Full Participation in Practice,Justin Simmons,
2022,11,DEN,DE,Eyioma Uwazurike,00-0038106,,,Full Participation in Practice,Eyioma Uwazurike,
2022,11,DEN,TE,Andrew Beck,00-0034959,Out,Hamstring,Did Not Participate In Practice,Andrew Beck,OUT
2022,11,DEN,LB,Jonas Griffith,00-0035804,Out,Ankle,Did Not Participate In Practice,Jonas Griffith,OUT
2022,11,DEN,WR,K.J. Hamler,00-0036412,Out,Hamstring,Did Not Participate In Practice,K.J. Hamler,OUT
2022,11,DEN,WR,Jerry Jeudy,00-0036407,Out,Ankle,Did Not Participate In Practice,Jerry Jeudy,OUT
2022,11,DEN,CB,K'Waun Williams,00-0031253,Out,Wrist,Did Not Participate In Practice,K'Waun Williams,OUT
2022,11,DEN,LB,Baron Browning,00-0036995,Questionable,Hip,Limited Participation in Practice,Baron Browning,QUESTIONABLE
2022,11,DEN,T,Tom Compton,00-0029144,Questionable,Back,Limited Participation in Practice,Tom Compton,QUESTIONABLE
2022,11,DEN,T,Cameron Fleming,00-0031067,Questionable,Quadricep,Limited Participation in Practice,Cameron Fleming,QUESTIONABLE
2022,11,DEN,G,Graham Glasgow,00-0032395,Questionable,Shoulder,Limited Participation in Practice,Graham Glasgow,QUESTIONABLE
2022,11,DEN,WR,Kendall Hinton,00-0035864,Questionable,Shoulder,Limited Participation in Practice,Kendall Hinton,QUESTIONABLE
2022,11,DET,WR,Trinity Benson,00-0034930,,,Did Not Participate In Practice,Trinity Benson,
2022,11,DET,T,Taylor Decker,00-0032381,,,Full Participation in Practice,Taylor Decker,
2022,11,DET,CB,Chase Lucas,00-0037321,,,Full Participation in Practice,Chase Lucas,
2022,11,DET,S,Ifeatu Melifonwu,00-0036993,,,Full Participation in Practice,Ifeatu Melifonwu,
2022,11,DET,T,Matt Nelson,00-0035328,,,Full Participation in Practice,Matt Nelson,
2022,11,DET,RB,D'Andre Swift,00-0036275,,,Full Participation in Practice,D'Andre Swift,
2022,11,DET,RB,Jamaal Williams,00-0033948,,,Full Participation in Practice,Jamaal Williams,
2022,11,DET,DE,Charles Harris,00-0033880,Out,Groin,Did Not Participate In Practice,Charles Harris,OUT
2022,11,DET,DE,Josh Paschal,00-0038096,Out,Knee,Did Not Participate In Practice,Josh Paschal,OUT
2022,11,DET,WR,Josh Reynolds,00-0033943,Questionable,Back,Did Not Participate In Practice,Josh Reynolds,QUESTIONABLE
2022,11,DET,LB,Malcolm Rodriguez,00-0037289,Questionable,Elbow,Full Participation in Practice,Malcolm Rodriguez,QUESTIONABLE
2022,11,DET,S,DeShon Elliott,00-0034277,Questionable,Concussion,Limited Participation in Practice,DeShon Elliott,QUESTIONABLE
2022,11,DET,C,Frank Ragnow,00-0034345,Questionable,Foot,Limited Participation in Practice,Frank Ragnow,QUESTIONABLE
2022,11,GB,LB,Krys Barnes,00-0035961,,,Full Participation in Practice,Krys Barnes,
2022,11,GB,K,Mason Crosby,00-0025580,,,Full Participation in Practice,Mason Crosby,
2022,11,GB,CB,Rasul Douglas,00-0033551,,,Full Participation in Practice,Rasul Douglas,
2022,11,GB,LB,Kingsley Enagbare,00-0037083,,,Full Participation in Practice,Kingsley Enagbare,
2022,11,GB,CB,Keisean Nixon,00-0035133,,,Full Participation in Practice,Keisean Nixon,
2022,11,GB,WR,Christian Watson,00-0038124,,,Full Participation in Practice,Christian Watson,
2022,11,GB,DT,Devonte Wyatt,00-0037075,,,Full Participation in Practice,Devonte Wyatt,
2022,11,GB,RB,Aaron Jones,00-0033293,,,Limited Participation in Practice,Aaron Jones,
2022,11,GB,WR,Allen Lazard,00-0034521,,,Limited Participation in Practice,Allen Lazard,
2022,11,GB,QB,Aaron Rodgers,00-0023459,,,Limited Participation in Practice,Aaron Rodgers,
2022,11,GB,G,Jon Runyan,00-0036246,,,Limited Participation in Practice,Jon Runyan,
2022,11,GB,LB,Preston Smith,00-0031935,,,Limited Participation in Practice,Preston Smith,
2022,11,GB,LB,De'Vondre Campbell,00-0032401,Out,Knee,Did Not Participate In Practice,De'Vondre Campbell,OUT
2022,11,GB,WR,Romeo Doubs,00-0037816,Out,Ankle,Did Not Participate In Practice,Romeo Doubs,OUT
2022,11,GB,CB,Shemar Jean-Charles,00-0036645,Doubtful,Ankle,Limited Participation in Practice,Shemar Jean-Charles,DOUBTFUL
2022,11,GB,T,David Bakhtiari,00-0030074,Questionable,Knee,Did Not Participate In Practice,David Bakhtiari,QUESTIONABLE
2022,11,GB,G,Elgton Jenkins,00-0035526,Questionable,Knee,Did Not Participate In Practice,Elgton Jenkins,QUESTIONABLE
2022,11,HOU,DE,Mario Addison,00-0028339,,,Did Not Participate In Practice,Mario Addison,
2022,11,HOU,DE,Jerry Hughes,00-0027881,,,Did Not Participate In Practice,Jerry Hughes,
2022,11,HOU,DT,Maliek Collins,00-0033131,,,Full Participation in Practice,Maliek Collins,
2022,11,HOU,WR,Nico Collins,00-0036554,,,Full Participation in Practice,Nico Collins,
2022,11,HOU,WR,Brandin Cooks,00-0031236,,,Full Participation in Practice,Brandin Cooks,
2022,11,HOU,G,Kenyon Green,00-0037613,,,Full Participation in Practice,Kenyon Green,
2022,11,HOU,LB,Christian Kirksey,00-0031361,,,Full Participation in Practice,Christian Kirksey,
2022,11,HOU,RB,Dare Ogunbowale,00-0033854,,,Full Participation in Practice,Dare Ogunbowale,
2022,11,HOU,LB,Jalen Reeves-Maybin,00-0033557,,,Full Participation in Practice,Jalen Reeves-Maybin,
2022,11,HOU,CB,Derek Stingley,00-0037237,Out,Hamstring,Did Not Participate In Practice,Derek Stingley,OUT
2022,11,HOU,LB,Neville Hewitt,00-0031740,Out,Hamstring,Limited Participation in Practice,Neville Hewitt,OUT
2022,11,HOU,DE,Rasheem Green,00-0034831,Questionable,Illness,Did Not Participate In Practice,Rasheem Green,QUESTIONABLE
2022,11,IND,DT,DeForest Buckner,00-0032378,,,Full Participation in Practice,DeForest Buckner,
2022,11,IND,LB,JoJo Domann,00-0037393,,,Full Participation in Practice,JoJo Domann,
2022,11,IND,CB,Stephon Gilmore,00-0029542,,,Full Participation in Practice,Stephon Gilmore,
2022,11,IND,RB,Deon Jackson,00-0036493,,,Full Participation in Practice,Deon Jackson,
2022,11,IND,C,Ryan Kelly,00-0032383,,,Full Participation in Practice,Ryan Kelly,
2022,11,IND,S,Rodney McLeod,00-0028899,,,Full Participation in Practice,Rodney McLeod,
2022,11,IND,CB,Kenny Moore,00-0033393,,,Full Participation in Practice,Kenny Moore,
2022,11,IND,DE,Yannick Ngakoue,00-0033123,,,Full Participation in Practice,Yannick Ngakoue,
2022,11,IND,LS,Luke Rhodes,00-0032753,,,Full Participation in Practice,Luke Rhodes,
2022,11,IND,DT,Grover Stewart,00-0033952,,,Full Participation in Practice,Grover Stewart,
2022,11,IND,DE,Kwity Paye,00-0036479,Out,Ankle,Did Not Participate In Practice,Kwity Paye,OUT
2022,11,IND,TE,Jelani Woods,00-0037755,Out,Shoulder,Did Not Participate In Practice,Jelani Woods,OUT
2022,11,IND,LB,Zaire Franklin,00-0034431,Questionable,Illness,Did Not Participate In Practice,Zaire Franklin,QUESTIONABLE
2022,11,IND,CB,Isaiah Rodgers,00-0036222,Questionable,Illness,Did Not Participate In Practice,Isaiah Rodgers,QUESTIONABLE
2022,11,IND,T,Braden Smith,00-0034836,Questionable,Back,Did Not Participate In Practice,Braden Smith,QUESTIONABLE
2022,11,KC,WR,Mecole Hardman,00-0035140,,,Did Not Participate In Practice,Mecole Hardman,
2022,11,KC,RB,Isiah Pacheco,00-0037197,,,Full Participation in Practice,Isiah Pacheco,
2022,11,KC,WR,Marquez Valdes-Scantling,00-0034272,,,Full Participation in Practice,Marquez Valdes-Scantling,
2022,11,KC,G,Andrew Wylie,00-0033831,,,Full Participation in Practice,Andrew Wylie,
2022,11,KC,RB,Jerick McKinnon,00-0031376,,,Limited Participation in Practice,Jerick McKinnon,
2022,11,KC,CB,L'Jarius Sneed,00-0036374,,,Limited Participation in Practice,L'Jarius Sneed,
2022,11,KC,WR,JuJu Smith-Schuster,00-0033857,Out,Concussion,Did Not Participate In Practice,JuJu Smith-Schuster,OUT
2022,11,KC,CB,Chris Lammons,00-0034145,Out,Concussion,Limited Participation in Practice,Chris Lammons,OUT
2022,11,LA,DT,Aaron Donald,00-0031388,,,Did Not Participate In Practice,Aaron Donald,
2022,11,LA,DT,Greg Gaines,00-0035667,,,Full Participation in Practice,Greg Gaines,
2022,11,LA,QB,Matthew Stafford,00-0026498,,,Full Participation in Practice,Matthew Stafford,
2022,11,LA,C,Brian Allen,00-0034804,Out,Thumb,Did Not Participate In Practice,Brian Allen,OUT
2022,11,LA,LB,Travin Howard,00-0034812,Out,Hip,Did Not Participate In Practice,Travin Howard,OUT
2022,11,LA,DT,A'Shawn Robinson,00-0032889,Questionable,Illness,Did Not Participate In Practice,A'Shawn Robinson,QUESTIONABLE
2022,11,LA,QB,John Wolford,00-0034899,Questionable,Neck,Full Participation in Practice,John Wolford,QUESTIONABLE
2022,11,LAC,WR,DeAndre Carter,00-0031763,,,Full Participation in Practice,DeAndre Carter,
2022,11,LAC,LB,Khalil Mack,00-0031040,,,Full Participation in Practice,Khalil Mack,
2022,11,LAC,T,Trey Pipkins,00-0035688,,,Full Participation in Practice,Trey Pipkins,
2022,11,LAC,LB,Chris Rumph,00-0036867,,,Full Participation in Practice,Chris Rumph,
2022,11,LAC,P,J.K. Scott,00-0034162,,,Full Participation in Practice,J.K. Scott,
2022,11,LAC,K,Dustin Hopkins,00-0030098,Doubtful,right Hamstring,Limited Participation in Practice,Dustin Hopkins,DOUBTFUL
2022,11,LAC,WR,Keenan Allen,00-0030279,Questionable,Hamstring,Full Participation in Practice,Keenan Allen,QUESTIONABLE
2022,11,LAC,TE,Gerald Everett,00-0033895,Questionable,Groin,Full Participation in Practice,Gerald Everett,QUESTIONABLE
2022,11,LAC,WR,Mike Williams,00-0033536,Questionable,Ankle,Full Participation in Practice,Mike Williams,QUESTIONABLE
2022,11,LV,RB,Ameer Abdullah,00-0032104,,,Full Participation in Practice,Ameer Abdullah,
2022,11,LV,RB,Brandon Bolden,00-0029239,,,Full Participation in Practice,Brandon Bolden,
2022,11,LV,QB,Derek Carr,00-0031280,,,Full Participation in Practice,Derek Carr,
2022,11,LV,G,Jermaine Eluemunor,00-0033290,,,Full Participation in Practice,Jermaine Eluemunor,
2022,11,LV,CB,Sam Webb,00-0037516,,,Full Participation in Practice,Sam Webb,
2022,11,LV,CB,Rock Ya-Sin,00-0035637,,,Full Participation in Practice,Rock Ya-Sin,
2022,11,LV,LB,Denzel Perryman,00-0032103,Questionable,Ribs,Full Participation in Practice,Denzel Perryman,QUESTIONABLE
2022,11,LV,WR,Davante Adams,00-0031381,Questionable,Abdomen,Limited Participation in Practice,Davante Adams,QUESTIONABLE
2022,11,LV,LB,Luke Masterson,00-0037517,Questionable,Ribs,Limited Participation in Practice,Luke Masterson,QUESTIONABLE
2022,11,LV,T,Kolton Miller,00-0034759,Questionable,Shoulder,Limited Participation in Practice,Kolton Miller,QUESTIONABLE
2022,11,MIN,T,Christian Darrisaw,00-0036616,,,Full Participation in Practice,Christian Darrisaw,
2022,11,MIN,WR,Justin Jefferson,00-0036322,,,Full Participation in Practice,Justin Jefferson,
2022,11,MIN,CB,Akayleb Evans,00-0038101,Out,Concussion,Did Not Participate In Practice,Akayleb Evans,OUT
2022,11,MIN,DT,Dalvin Tomlinson,00-0033546,Out,Calf,Did Not Participate In Practice,Dalvin Tomlinson,OUT
2022,11,MIN,DE,Za'Darius Smith,00-0031576,Questionable,Knee,Limited Participation in Practice,Za'Darius Smith,QUESTIONABLE
2022,11,NE,CB,Jonathan Jones,00-0032580,,,Did Not Participate In Practice,Jonathan Jones,
2022,11,NE,S,Kyle Dugger,00-0036231,,,Limited Participation in Practice,Kyle Dugger,
2022,11,NE,DE,DaMarcus Mitchell,00-0037202,,,Limited Participation in Practice,DaMarcus Mitchell,
2022,11,NE,DT,Christian Barmore,00-0036981,Out,Knee,Did Not Participate In Practice,Christian Barmore,OUT
2022,11,NE,P,Jake Bailey,00-0035280,Doubtful,Back,Did Not Participate In Practice,Jake Bailey,DOUBTFUL
2022,11,NE,LB,Anfernee Jennings,00-0036193,Questionable,Back,Limited Participation in Practice,Anfernee Jennings,QUESTIONABLE
2022,11,NE,WR,DeVante Parker,00-0031547,Questionable,Knee,Limited Participation in Practice,DeVante Parker,QUESTIONABLE
2022,11,NE,LB,Josh Uche,00-0036159,Questionable,Hamstring,Limited Participation in Practice,Josh Uche,QUESTIONABLE
2022,11,NO,C,Josh Andrews,00-0030706,,,Full Participation in Practice,Josh Andrews,
2022,11,NO,WR,Jarvis Landry,00-0031382,,,Limited Participation in Practice,Jarvis Landry,
2022,11,NO,S,Marcus Maye,00-0033892,,,Limited Participation in Practice,Marcus Maye,
2022,11,NO,T,Ryan Ramczyk,00-0033888,,,Limited Participation in Practice,Ryan Ramczyk,
2022,11,NO,DT,Malcolm Roach,00-0035763,,,Limited Participation in Practice,Malcolm Roach,
2022,11,NO,DE,Marcus Davenport,00-0034344,Out,Calf,Did Not Participate In Practice,Marcus Davenport,OUT
2022,11,NO,S,J.T. Gray,00-0034116,Out,Hamstring,Did Not Participate In Practice,J.T. Gray,OUT
2022,11,NO,T,James Hurst,00-0030694,Out,Concussion,Did Not Participate In Practice,James Hurst,OUT
2022,11,NO,RB,Mark Ingram,00-0027966,Out,Knee,Did Not Participate In Practice,Mark Ingram,OUT
2022,11,NO,DE,Cameron Jordan,00-0027962,Out,Eye,Did Not Participate In Practice,Cameron Jordan,OUT
2022,11,NO,CB,Marshon Lattimore,00-0033874,Out,Abdomen,Did Not Participate In Practice,Marshon Lattimore,OUT
2022,11,NO,LB,Pete Werner,00-0036927,Out,Ankle,Did Not Participate In Practice,Pete Werner,OUT
2022,11,NO,G,Andrus Peat,00-0032203,Questionable,Triceps,Limited Participation in Practice,Andrus Peat,QUESTIONABLE
2022,11,NYG,K,Graham Gano,00-0026858,,,Did Not Participate In Practice,Graham Gano,
2022,11,NYG,LB,Kayvon Thibodeaux,00-0037611,,,Full Participation in Practice,Kayvon Thibodeaux,
2022,11,NYG,LB,Jihad Ward,00-0033046,,,Full Participation in Practice,Jihad Ward,
2022,11,NYG,TE,Daniel Bellinger,00-0038115,Out,Eye,Did Not Participate In Practice,Daniel Bellinger,OUT
2022,11,NYG,T,Evan Neal,00-0037612,Doubtful,Knee,Limited Participation in Practice,Evan Neal,DOUBTFUL
2022,11,NYG,S,Dane Belton,00-0038123,Questionable,Collarbone,Limited Participation in Practice,Dane Belton,QUESTIONABLE
2022,11,NYG,G,Joshua Ezeudu,00-0037807,Questionable,Neck,Limited Participation in Practice,Joshua Ezeudu,QUESTIONABLE
2022,11,NYG,WR,Kenny Golladay,00-0033932,Questionable,Hamstring,Limited Participation in Practice,Kenny Golladay,QUESTIONABLE
2022,11,NYG,DT,Dexter Lawrence,00-0035683,Questionable,Back,Limited Participation in Practice,Dexter Lawrence,QUESTIONABLE
2022,11,NYG,WR,Wan'Dale Robinson,00-0038117,Questionable,Hamstring,Limited Participation in Practice,Wan'Dale Robinson,QUESTIONABLE
2022,11,NYJ,T,Duane Brown,00-0026166,,,Full Participation in Practice,Duane Brown,
2022,11,NYJ,WR,Corey Davis,00-0033871,Out,Knee,Did Not Participate In Practice,Corey Davis,OUT
2022,11,NYJ,DT,Sheldon Rankins,00-0032759,Out,Elbow,Did Not Participate In Practice,Sheldon Rankins,OUT
2022,11,NYJ,TE,Kenny Yeboah,00-0036510,Doubtful,Calf,Did Not Participate In Practice,Kenny Yeboah,DOUBTFUL
2022,11,NYJ,G,Nate Herbig,00-0035383,Questionable,Shin,Limited Participation in Practice,Nate Herbig,QUESTIONABLE
2022,11,PHI,WR,A.J. Brown,00-0035676,,,Full Participation in Practice,A.J. Brown,
2022,11,PHI,WR,Britain Covey,00-0037132,,,Full Participation in Practice,Britain Covey,
2022,11,PHI,DT,Fletcher Cox,00-0029653,,,Full Participation in Practice,Fletcher Cox,
2022,11,PHI,C,Jason Kelce,00-0028129,,,Full Participation in Practice,Jason Kelce,
2022,11,PHI,DE,Robert Quinn,00-0027952,,,Full Participation in Practice,Robert Quinn,
2022,11,PHI,LB,Haason Reddick,00-0033875,,,Full Participation in Practice,Haason Reddick,
2022,11,PHI,WR,DeVonta Smith,00-0036912,,,Full Participation in Practice,DeVonta Smith,
2022,11,PHI,CB,James Bradberry,00-0032890,,,Limited Participation in Practice,James Bradberry,
2022,11,PHI,G,Landon Dickerson,00-0037002,,,Limited Participation in Practice,Landon Dickerson,
2022,11,PHI,DE,Brandon Graham,00-0027865,,,Limited Participation in Practice,Brandon Graham,
2022,11,PHI,T,Lane Johnson,00-0030561,,,Limited Participation in Practice,Lane Johnson,
2022,11,PHI,G,Isaac Seumalo,00-0032954,,,Limited Participation in Practice,Isaac Seumalo,
2022,11,PHI,CB,Darius Slay,00-0030062,,,Limited Participation in Practice,Darius Slay,
2022,11,PHI,DE,Josh Sweat,00-0034381,,,Limited Participation in Practice,Josh Sweat,
2022,11,PHI,CB,Josh Jobe,00-0037137,Out,Hamstring,Did Not Participate In Practice,Josh Jobe,OUT
2022,11,PIT,LB,Marcus Allen,00-0034335,,,Full Participation in Practice,Marcus Allen,
2022,11,PIT,LB,Devin Bush,00-0035525,,,Full Participation in Practice,Devin Bush,
2022,11,PIT,T,Jesse Davis,00-0031893,,,Full Participation in Practice,Jesse Davis,
2022,11,PIT,G,Kevin Dotson,00-0036339,,,Full Participation in Practice,Kevin Dotson,
2022,11,PIT,S,Minkah Fitzpatrick,00-0034789,,,Full Participation in Practice,Minkah Fitzpatrick,
2022,11,PIT,RB,Najee Harris,00-0036893,,,Full Participation in Practice,Najee Harris,
2022,11,PIT,DT,Cameron Heyward,00-0027969,,,Full Participation in Practice,Cameron Heyward,
2022,11,PIT,DT,Larry Ogunjobi,00-0033905,,,Full Participation in Practice,Larry Ogunjobi,
2022,11,PIT,T,Trenton Scott,00-0034571,,,Full Participation in Practice,Trenton Scott,
2022,11,PIT,LB,T.J. Watt,00-0033886,,,Full Participation in Practice,T.J. Watt,
2022,11,PIT,CB,Ahkello Witherspoon,00-0033783,Out,Hamstring,Did Not Participate In Practice,Ahkello Witherspoon,OUT
2022,11,SF,DE,Nick Bosa,00-0035717,,,Full Participation in Practice,Nick Bosa,
2022,11,SF,WR,Danny Gray,00-0037828,,,Full Participation in Practice,Danny Gray,
2022,11,SF,CB,Charvarius Ward,00-0034573,,,Full Participation in Practice,Charvarius Ward,
2022,11,SF,T,Trent Williams,00-0027857,,,Full Participation in Practice,Trent Williams,
2022,11,SF,DT,Arik Armstead,00-0032164,Out,Foot,Did Not Participate In Practice,Arik Armstead,OUT
2022,11,SF,DE,Samson Ebukam,00-0033945,Questionable,Quadricep,Limited Participation in Practice,Samson Ebukam,QUESTIONABLE
2022,11,TEN,CB,Caleb Farley,00-0036615,,,Did Not Participate In Practice,Caleb Farley,
2022,11,TEN,DE,Denico Autry,00-0031254,,,Full Participation in Practice,Denico Autry,
2022,11,TEN,G,Aaron Brewer,00-0036171,,,Full Participation in Practice,Aaron Brewer,
2022,11,TEN,CB,Kristian Fulton,00-0036416,,,Full Participation in Practice,Kristian Fulton,
2022,11,TEN,RB,Derrick Henry,00-0032764,,,Full Participation in Practice,Derrick Henry,
2022,11,TEN,WR,Cody Hollister,00-0033386,,,Full Participation in Practice,Cody Hollister,
2022,11,TEN,LB,David Long,00-0035292,,,Full Participation in Practice,David Long,
2022,11,TEN,CB,Roger McCreary,00-0038125,,,Full Participation in Practice,Roger McCreary,
2022,11,TEN,DE,Kevin Strong,00-0035334,,,Full Participation in Practice,Kevin Strong,
2022,11,TEN,QB,Ryan Tannehill,00-0029701,,,Full Participation in Practice,Ryan Tannehill,
2022,11,TEN,K,Randy Bullock,00-0029421,Out,right Calf,Did Not Participate In Practice,Randy Bullock,OUT
2022,11,TEN,LB,Bud Dupree,00-0032146,Out,Hip,Did Not Participate In Practice,Bud Dupree,OUT
2022,11,TEN,CB,Lonnie Johnson,00-0035244,Out,Hamstring,Did Not Participate In Practice,Lonnie Johnson,OUT
2022,11,TEN,C,Ben Jones,00-0029413,Out,Concussion,Did Not Participate In Practice,Ben Jones,OUT
2022,11,TEN,S,Amani Hooker,00-0035632,Out,Shoulder,Limited Participation in Practice,Amani Hooker,OUT
2022,11,TEN,DT,Jeffery Simmons,00-0035643,Questionable,Ankle,Did Not Participate In Practice,Jeffery Simmons,QUESTIONABLE
2022,11,TEN,CB,Elijah Molden,00-0036992,Questionable,Groin,Limited Participation in Practice,Elijah Molden,QUESTIONABLE
2022,11,WAS,RB,Antonio Gibson,00-0036328,,,Full Participation in Practice,Antonio Gibson,
2022,11,WAS,WR,Curtis Samuel,00-0033282,,,Full Participation in Practice,Curtis Samuel,
2022,11,WAS,TE,Logan Thomas,00-0031260,,,Full Participation in Practice,Logan Thomas,
2022,11,WAS,C,Tyler Larsen,00-0030869,,,Limited Participation in Practice,Tyler Larsen,
2022,11,WAS,LB,Cole Holcomb,00-0035286,Out,Foot,Did Not Participate In Practice,Cole Holcomb,OUT
2022,11,WAS,RB,J.D. McKissic,00-0032602,Out,Neck,Did Not Participate In Practice,J.D. McKissic,OUT
2022,11,WAS,TE,Armani Rogers,00-0037168,Out,Knee,Did Not Participate In Practice,Armani Rogers,OUT
2022,11,WAS,CB,Christian Holmes,00-0037095,Questionable,Hamstring,Limited Participation in Practice,Christian Holmes,QUESTIONABLE
2022,11,WAS,LB,David Mayo,00-0031596,Questionable,Hamstring,Limited Participation in Practice,David Mayo,QUESTIONABLE
2022,11,WAS,RB,Jonathan Williams,00-0032975,Questionable,Knee,Limited Participation in Practice,Jonathan Williams,QUESTIONABLE
2022,12,ARI,G,Max Garcia,00-0032132,,,Full Participation in Practice,Max Garcia,
2022,12,ARI,DT,Trysten Hill,00-0035247,,,Full Participation in Practice,Trysten Hill,
2022,12,ARI,QB,Colt McCoy,00-0027688,,,Full Participation in Practice,Colt McCoy,
2022,12,ARI,QB,Kyler Murray,00-0035228,,,Full Participation in Practice,Kyler Murray,
2022,12,ARI,TE,Zach Ertz,00-0030061,Out,Knee,Did Not Participate In Practice,Zach Ertz,OUT
2022,12,ARI,T,D.J. Humphries,00-0032222,Out,Back,Did Not Participate In Practice,D.J. Humphries,OUT
2022,12,ARI,WR,Rondale Moore,00-0036936,Out,Groin,Did Not Participate In Practice,Rondale Moore,OUT
2022,12,ARI,CB,Byron Murphy,00-0035236,Out,Back,Did Not Participate In Practice,Byron Murphy,OUT
2022,12,ARI,S,Charles Washington,00-0032560,Out,Chest,Did Not Participate In Practice,Charles Washington,OUT
2022,12,ARI,WR,Greg Dortch,00-0035500,Questionable,Thumb,Did Not Participate In Practice,Greg Dortch,QUESTIONABLE
2022,12,ARI,QB,Trace McSorley,00-0035146,Questionable,Illness,Did Not Participate In Practice,Trace McSorley,QUESTIONABLE
2022,12,ATL,RB,Cordarrelle Patterson,00-0030578,,,Limited Participation in Practice,Cordarrelle Patterson,
2022,12,ATL,DT,Jalen Dalton,00-0035179,Doubtful,Toe,Did Not Participate In Practice,Jalen Dalton,DOUBTFUL
2022,12,ATL,LB,Arnold Ebiketie,00-0038116,Questionable,Forearm,Limited Participation in Practice,Arnold Ebiketie,QUESTIONABLE
2022,12,ATL,T,Chuma Edoga,00-0035698,Questionable,Knee,Limited Participation in Practice,Chuma Edoga,QUESTIONABLE
2022,12,ATL,TE,Feleipe Franks,00-0036825,Questionable,Calf,Limited Participation in Practice,Feleipe Franks,QUESTIONABLE
2022,12,ATL,RB,Caleb Huntley,00-0036829,Questionable,Ankle,Limited Participation in Practice,Caleb Huntley,QUESTIONABLE
2022,12,BAL,DE,Calais Campbell,00-0026190,,,Did Not Participate In Practice,Calais Campbell,
2022,12,BAL,LB,Justin Houston,00-0028008,,,Did Not Participate In Practice,Justin Houston,
2022,12,BAL,CB,Marcus Peters,00-0032165,,,Did Not Participate In Practice,Marcus Peters,
2022,12,BAL,DE,Jason Pierre-Paul,00-0027867,,,Did Not Participate In Practice,Jason Pierre-Paul,
2022,12,BAL,QB,Lamar Jackson,00-0034796,,,Full Participation in Practice,Lamar Jackson,
2022,12,BAL,G,Kevin Zeitler,00-0029592,,,Full Participation in Practice,Kevin Zeitler,
2022,12,BAL,CB,Jalyn Armour-Davis,00-0038119,Out,Hip,Did Not Participate In Practice,Jalyn Armour-Davis,OUT
2022,12,BAL,T,Ronnie Stanley,00-0032965,Out,Ankle,Did Not Participate In Practice,Ronnie Stanley,OUT
2022,12,BAL,S,Kyle Hamilton,00-0038038,Questionable,Knee,Did Not Participate In Practice,Kyle Hamilton,QUESTIONABLE
2022,12,BAL,RB,Gus Edwards,00-0034184,Questionable,Hamstring,Full Participation in Practice,Gus Edwards,QUESTIONABLE
2022,12,BAL,WR,Demarcus Robinson,00-0032775,Questionable,Hip,Full Participation in Practice,Demarcus Robinson,QUESTIONABLE
2022,12,BAL,WR,Devin Duvernay,00-0036331,Questionable,Hamstring,Limited Participation in Practice,Devin Duvernay,QUESTIONABLE
2022,12,BAL,TE,Isaiah Likely,00-0037838,Questionable,Ankle,Limited Participation in Practice,Isaiah Likely,QUESTIONABLE
2022,12,BUF,CB,Kaiir Elam,00-0037242,,,Full Participation in Practice,Kaiir Elam,
2022,12,BUF,S,Damar Hamlin,00-0036888,,,Full Participation in Practice,Damar Hamlin,
2022,12,BUF,CB,Cameron Lewis,00-0035357,,,Full Participation in Practice,Cameron Lewis,
2022,12,BUF,S,Jordan Poyer,00-0030114,,,Full Participation in Practice,Jordan Poyer,
2022,12,BUF,G,David Quessenberry,00-0030097,,,Full Participation in Practice,David Quessenberry,
2022,12,BUF,QB,Josh Allen,00-0034857,,,Limited Participation in Practice,Josh Allen,
2022,12,BUF,LB,Tremaine Edmunds,00-0034673,Out,Groin,Did Not Participate In Practice,Tremaine Edmunds,OUT
2022,12,BUF,DE,Gregory Rousseau,00-0036914,Out,Ankle,Did Not Participate In Practice,Gregory Rousseau,OUT
2022,12,BUF,DE,A.J. Epenesa,00-0036192,Doubtful,Ankle,Did Not Participate In Practice,A.J. Epenesa,DOUBTFUL
2022,12,BUF,C,Mitch Morse,00-0031936,Questionable,Elbow,Did Not Participate In Practice,Mitch Morse,QUESTIONABLE
2022,12,CAR,RB,D'Onta Foreman,00-0033925,,,Did Not Participate In Practice,D'Onta Foreman,
2022,12,CAR,T,Taylor Moton,00-0033284,,,Did Not Participate In Practice,Taylor Moton,
2022,12,CAR,S,Juston Burris,00-0032403,,,Full Participation in Practice,Juston Burris,
2022,12,CAR,T,Larnel Coleman,00-0036575,,,Full Participation in Practice,Larnel Coleman,
2022,12,CAR,T,Cameron Erving,00-0032145,,,Full Participation in Practice,Cameron Erving,
2022,12,CAR,WR,Shi Smith,00-0036572,,,Full Participation in Practice,Shi Smith,
2022,12,CAR,S,Myles Hartsfield,00-0035950,Out,Ankle,Did Not Participate In Practice,Myles Hartsfield,OUT
2022,12,CAR,DT,Matt Ioannidis,00-0032781,Out,Calf,Did Not Participate In Practice,Matt Ioannidis,OUT
2022,12,CAR,LB,Cory Littleton,00-0032677,Out,Ankle,Did Not Participate In Practice,Cory Littleton,OUT
2022,12,CAR,TE,Giovanni Ricci,00-0035956,Doubtful,Neck,Did Not Participate In Practice,Giovanni Ricci,DOUBTFUL
2022,12,CAR,QB,Phillip Walker,00-0033275,Doubtful,Ankle,Limited Participation in Practice,Phillip Walker,DOUBTFUL
2022,12,CAR,TE,Stephen Sullivan,00-0036438,Questionable,Illness,Did Not Participate In Practice,Stephen Sullivan,QUESTIONABLE
2022,12,CAR,TE,Ian Thomas,00-0034365,Questionable,Illness,Did Not Participate In Practice,Ian Thomas,QUESTIONABLE
2022,12,CAR,WR,Terrace Marshall,00-0036955,Questionable,Shoulder,Full Participation in Practice,Terrace Marshall,QUESTIONABLE
2022,12,CHI,S,Dane Cruikshank,00-0034389,,,Full Participation in Practice,Dane Cruikshank,
2022,12,CHI,T,Teven Jenkins,00-0036953,,,Full Participation in Practice,Teven Jenkins,
2022,12,CHI,S,Jaquan Brisker,00-0038135,Out,Concussion,Did Not Participate In Practice,Jaquan Brisker,OUT
2022,12,CHI,CB,Kyler Gordon,00-0038111,Out,Concussion,Did Not Participate In Practice,Kyler Gordon,OUT
2022,12,CHI,LB,Sterling Weatherford,00-0037406,Out,Concussion,Did Not Participate In Practice,Sterling Weatherford,OUT
2022,12,CHI,QB,Justin Fields,00-0036945,Questionable,left Shoulder,Limited Participation in Practice,Justin Fields,QUESTIONABLE
2022,12,CIN,T,La'el Collins,00-0031534,,,Full Participation in Practice,La'el Collins,
2022,12,CIN,RB,Chris Evans,00-0036857,,,Full Participation in Practice,Chris Evans,
2022,12,CIN,DE,Trey Hendrickson,00-0033935,,,Full Participation in Practice,Trey Hendrickson,
2022,12,CIN,DT,D.J. Reader,00-0032424,,,Full Participation in Practice,D.J. Reader,
2022,12,CIN,DT,Jay Tufele,00-0036881,,,Full Participation in Practice,Jay Tufele,
2022,12,CIN,RB,Joe Mixon,00-0033897,Out,Concussion,Did Not Participate In Practice,Joe Mixon,OUT
2022,12,CIN,S,Dax Hill,00-0037743,Questionable,Shoulder,Full Participation in Practice,Dax Hill,QUESTIONABLE
2022,12,CIN,DT,Josh Tupou,00-0033347,Questionable,Calf,Full Participation in Practice,Josh Tupou,QUESTIONABLE
2022,12,CIN,LB,Joe Bachie,00-0035895,Questionable,Knee,Limited Participation in Practice,Joe Bachie,QUESTIONABLE
2022,12,CIN,WR,Ja'Marr Chase,00-0036900,Questionable,Hip,Limited Participation in Practice,Ja'Marr Chase,QUESTIONABLE
2022,12,CLE,S,D'Anthony Bell,00-0037332,,,Full Participation in Practice,D'Anthony Bell,
2022,12,CLE,G,Joel Bitonio,00-0031426,,,Full Participation in Practice,Joel Bitonio,
2022,12,CLE,DE,Jadeveon Clowney,00-0031364,,,Full Participation in Practice,Jadeveon Clowney,
2022,12,CLE,T,Jack Conklin,00-0033057,,,Full Participation in Practice,Jack Conklin,
2022,12,CLE,WR,Amari Cooper,00-0031544,,,Full Participation in Practice,Amari Cooper,
2022,12,CLE,DE,Myles Garrett,00-0033868,,,Full Participation in Practice,Myles Garrett,
2022,12,CLE,S,Ronnie Harrison,00-0034779,,,Full Participation in Practice,Ronnie Harrison,
2022,12,CLE,T,Jedrick Wills,00-0036267,,,Full Participation in Practice,Jedrick Wills,
2022,12,CLE,DT,Perrion Winfrey,00-0038126,,,Full Participation in Practice,Perrion Winfrey,
2022,12,CLE,G,Hjalte Froholdt,00-0035258,,,Limited Participation in Practice,Hjalte Froholdt,
2022,12,CLE,TE,David Njoku,00-0033885,,,Limited Participation in Practice,David Njoku,
2022,12,CLE,G,Wyatt Teller,00-0034399,,,Limited Participation in Practice,Wyatt Teller,
2022,12,CLE,CB,Denzel Ward,00-0034856,,,Limited Participation in Practice,Denzel Ward,
2022,12,CLE,CB,Greg Newsome,00-0036996,Out,Concussion,Did Not Participate In Practice,Greg Newsome,OUT
2022,12,DAL,CB,Trevon Diggs,00-0036361,,,Full Participation in Practice,Trevon Diggs,
2022,12,DAL,RB,Ezekiel Elliott,00-0033045,,,Full Participation in Practice,Ezekiel Elliott,
2022,12,DAL,LB,Anthony Barr,00-0031256,Out,Hamstring,Did Not Participate In Practice,Anthony Barr,OUT
2022,12,DAL,DE,Tarell Basham,00-0033917,Doubtful,Illness,Did Not Participate In Practice,Tarell Basham,DOUBTFUL
2022,12,DAL,DT,Johnathan Hankins,00-0030063,Doubtful,Illness,Did Not Participate In Practice,Johnathan Hankins,DOUBTFUL
2022,12,DAL,DE,Dante Fowler,00-0032052,Questionable,Illness,Did Not Participate In Practice,Dante Fowler,QUESTIONABLE
2022,12,DAL,S,Donovan Wilson,00-0035301,Questionable,Illness,Did Not Participate In Practice,Donovan Wilson,QUESTIONABLE
2022,12,DAL,DT,Neville Gallimore,00-0036366,Questionable,Illness,Limited Participation in Practice,Neville Gallimore,QUESTIONABLE
2022,12,DAL,CB,Kelvin Joseph,00-0036935,Questionable,Illness,Limited Participation in Practice,Kelvin Joseph,QUESTIONABLE
2022,12,DAL,DE,Demarcus Lawrence,00-0031411,Questionable,Foot,Limited Participation in Practice,Demarcus Lawrence,QUESTIONABLE
2022,12,DAL,DT,Osa Odighizuwa,00-0036942,Questionable,Knee,Limited Participation in Practice,Osa Odighizuwa,QUESTIONABLE
2022,12,DAL,LB,Micah Parsons,00-0036932,Questionable,Knee,Limited Participation in Practice,Micah Parsons,QUESTIONABLE
2022,12,DEN,LS,Jacob Bobenmoyer,00-0035757,,,Full Participation in Practice,Jacob Bobenmoyer,
2022,12,DEN,LB,Jonathon Cooper,00-0036952,,,Full Participation in Practice,Jonathon Cooper,
2022,12,DEN,DT,D.J. Jones,00-0033297,,,Full Participation in Practice,D.J. Jones,
2022,12,DEN,RB,Latavius Murray,00-0030513,,,Full Participation in Practice,Latavius Murray,
2022,12,DEN,DT,Mike Purcell,00-0029890,,,Full Participation in Practice,Mike Purcell,
2022,12,DEN,S,Justin Simmons,00-0032971,,,Full Participation in Practice,Justin Simmons,
2022,12,DEN,WR,K.J. Hamler,00-0036412,Out,Hamstring,Did Not Participate In Practice,K.J. Hamler,OUT
2022,12,DEN,DE,Jonathan Harris,00-0035073,Out,Knee,Did Not Participate In Practice,Jonathan Harris,OUT
2022,12,DEN,WR,Jerry Jeudy,00-0036407,Out,Ankle,Did Not Participate In Practice,Jerry Jeudy,OUT
2022,12,DEN,CB,K'Waun Williams,00-0031253,Out,Wrist,Did Not Participate In Practice,K'Waun Williams,OUT
2022,12,DEN,TE,Andrew Beck,00-0034959,Questionable,Hamstring,Limited Participation in Practice,Andrew Beck,QUESTIONABLE
2022,12,DEN,DE,Jake Martin,00-0034163,Questionable,Knee,Limited Participation in Practice,Jake Martin,QUESTIONABLE
2022,12,DET,WR,D.J. Chark,00-0034777,,,Full Participation in Practice,D.J. Chark,
2022,12,DET,C,Frank Ragnow,00-0034345,,,Full Participation in Practice,Frank Ragnow,
2022,12,DET,LB,Malcolm Rodriguez,00-0037289,,,Full Participation in Practice,Malcolm Rodriguez,
2022,12,DET,RB,D'Andre Swift,00-0036275,,,Full Participation in Practice,D'Andre Swift,
2022,12,DET,G,Evan Brown,00-0034495,Out,Ankle,Did Not Participate In Practice,Evan Brown,OUT
2022,12,DET,DE,Charles Harris,00-0033880,Out,Groin,Did Not Participate In Practice,Charles Harris,OUT
2022,12,DET,G,Jonah Jackson,00-0036258,Out,Concussion,Did Not Participate In Practice,Jonah Jackson,OUT
2022,12,DET,CB,Jeff Okudah,00-0036274,Out,Concussion,Did Not Participate In Practice,Jeff Okudah,OUT
2022,12,DET,DE,Josh Paschal,00-0038096,Out,Knee,Did Not Participate In Practice,Josh Paschal,OUT
2022,12,DET,WR,Josh Reynolds,00-0033943,Questionable,Back,Limited Participation in Practice,Josh Reynolds,QUESTIONABLE
2022,12,GB,CB,Jaire Alexander,00-0034728,,,Full Participation in Practice,Jaire Alexander,
2022,12,GB,LB,Krys Barnes,00-0035961,,,Full Participation in Practice,Krys Barnes,
2022,12,GB,S,Tariq Carpenter,00-0037090,,,Full Participation in Practice,Tariq Carpenter,
2022,12,GB,K,Mason Crosby,00-0025580,,,Full Participation in Practice,Mason Crosby,
2022,12,GB,S,Rudy Ford,00-0033792,,,Full Participation in Practice,Rudy Ford,
2022,12,GB,TE,Marcedes Lewis,00-0024243,,,Full Participation in Practice,Marcedes Lewis,
2022,12,GB,QB,Aaron Rodgers,00-0023459,,,Full Participation in Practice,Aaron Rodgers,
2022,12,GB,TE,Robert Tonyan,00-0033757,,,Full Participation in Practice,Robert Tonyan,
2022,12,GB,LB,Quay Walker,00-0037074,,,Full Participation in Practice,Quay Walker,
2022,12,GB,T,Rasheed Walker,00-0037196,,,Full Participation in Practice,Rasheed Walker,
2022,12,GB,WR,Randall Cobb,00-0028002,,,Limited Participation in Practice,Randall Cobb,
2022,12,GB,G,Elgton Jenkins,00-0035526,,,Limited Participation in Practice,Elgton Jenkins,
2022,12,GB,RB,Aaron Jones,00-0033293,,,Limited Participation in Practice,Aaron Jones,
2022,12,GB,WR,Allen Lazard,00-0034521,,,Limited Participation in Practice,Allen Lazard,
2022,12,GB,WR,Romeo Doubs,00-0037816,Out,Ankle,Did Not Participate In Practice,Romeo Doubs,OUT
2022,12,GB,LB,De'Vondre Campbell,00-0032401,Doubtful,Knee,Limited Participation in Practice,De'Vondre Campbell,DOUBTFUL
2022,12,GB,T,David Bakhtiari,00-0030074,Questionable,Knee,Limited Participation in Practice,David Bakhtiari,QUESTIONABLE
2022,12,GB,CB,Shemar Jean-Charles,00-0036645,Questionable,Ankle,Limited Participation in Practice,Shemar Jean-Charles,QUESTIONABLE
2022,12,HOU,LS,Jonathan Weeks,00-0027224,,,Did Not Participate In Practice,Jonathan Weeks,
2022,12,HOU,DT,Maliek Collins,00-0033131,,,Full Participation in Practice,Maliek Collins,
2022,12,HOU,LB,Neville Hewitt,00-0031740,,,Full Participation in Practice,Neville Hewitt,
2022,12,HOU,CB,Derek Stingley,00-0037237,Out,Hamstring,Did Not Participate In Practice,Derek Stingley,OUT
2022,12,IND,WR,Parris Campbell,00-0035639,,,Full Participation in Practice,Parris Campbell,
2022,12,IND,C,Ryan Kelly,00-0032383,,,Full Participation in Practice,Ryan Kelly,
2022,12,IND,T,Dennis Kelly,00-0029419,,,Full Participation in Practice,Dennis Kelly,
2022,12,IND,G,Matt Pryor,00-0034417,,,Full Participation in Practice,Matt Pryor,
2022,12,IND,DT,Grover Stewart,00-0033952,,,Full Participation in Practice,Grover Stewart,
2022,12,IND,TE,Jelani Woods,00-0037755,,,Full Participation in Practice,Jelani Woods,
2022,12,IND,LB,Zaire Franklin,00-0034431,Questionable,Illness,Did Not Participate In Practice,Zaire Franklin,QUESTIONABLE
2022,12,IND,TE,Kylen Granson,00-0036876,Questionable,Illness,Did Not Participate In Practice,Kylen Granson,QUESTIONABLE
2022,12,IND,DE,Yannick Ngakoue,00-0033123,Questionable,Back,Did Not Participate In Practice,Yannick Ngakoue,QUESTIONABLE
2022,12,IND,DE,Kwity Paye,00-0036479,Questionable,Ankle,Did Not Participate In Practice,Kwity Paye,QUESTIONABLE
2022,12,IND,DT,DeForest Buckner,00-0032378,Questionable,Ribs,Full Participation in Practice,DeForest Buckner,QUESTIONABLE
2022,12,KC,DT,Chris Jones,00-0032762,,,Did Not Participate In Practice,Chris Jones,
2022,12,KC,LB,Nick Bolton,00-0036621,,,Full Participation in Practice,Nick Bolton,
2022,12,KC,FB,Michael Burton,00-0031595,,,Full Participation in Practice,Michael Burton,
2022,12,KC,RB,Jerick McKinnon,00-0031376,,,Full Participation in Practice,Jerick McKinnon,
2022,12,KC,T,Lucas Niang,00-0036367,,,Full Participation in Practice,Lucas Niang,
2022,12,KC,WR,JuJu Smith-Schuster,00-0033857,,,Full Participation in Practice,JuJu Smith-Schuster,
2022,12,KC,CB,L'Jarius Sneed,00-0036374,,,Full Participation in Practice,L'Jarius Sneed,
2022,12,KC,CB,Jaylen Watson,00-0037195,,,Full Participation in Practice,Jaylen Watson,
2022,12,KC,WR,Kadarius Toney,00-0036913,Out,Hamstring,Did Not Participate In Practice,Kadarius Toney,OUT
2022,12,KC,CB,Chris Lammons,00-0034145,Questionable,Concussion,Did Not Participate In Practice,Chris Lammons,QUESTIONABLE
2022,12,KC,S,Juan Thornhill,00-0035625,Questionable,Calf,Did Not Participate In Practice,Juan Thornhill,QUESTIONABLE
2022,12,KC,G,Joe Thuney,00-0032391,Questionable,Ankle,Limited Participation in Practice,Joe Thuney,QUESTIONABLE
2022,12,LA,DT,Aaron Donald,00-0031388,,,Did Not Participate In Practice,Aaron Donald,
2022,12,LA,QB,John Wolford,00-0034899,,,Full Participation in Practice,John Wolford,
2022,12,LA,C,Brian Allen,00-0034804,Out,Thumb,Did Not Participate In Practice,Brian Allen,OUT
2022,12,LA,LB,Travin Howard,00-0034812,Out,Hip,Did Not Participate In Practice,Travin Howard,OUT
2022,12,LA,DT,A'Shawn Robinson,00-0032889,Out,Knee,Did Not Participate In Practice,A'Shawn Robinson,OUT
2022,12,LA,QB,Matthew Stafford,00-0026498,Out,Concussion,Did Not Participate In Practice,Matthew Stafford,OUT
2022,12,LA,T,Ty Nsekhe,00-0029709,Questionable,Ankle,Did Not Participate In Practice,Ty Nsekhe,QUESTIONABLE
2022,12,LA,TE,Tyler Higbee,00-0033110,Questionable,Knee,Limited Participation in Practice,Tyler Higbee,QUESTIONABLE
2022,12,LA,WR,Allen Robinson,00-0031428,Questionable,Ankle,Limited Participation in Practice,Allen Robinson,QUESTIONABLE
2022,12,LA,C,Matt Skura,00-0032575,Questionable,Knee,Limited Participation in Practice,Matt Skura,QUESTIONABLE
2022,12,LAC,WR,Keenan Allen,00-0030279,,,Full Participation in Practice,Keenan Allen,
2022,12,LAC,CB,Bryce Callahan,00-0031904,,,Full Participation in Practice,Bryce Callahan,
2022,12,LAC,TE,Gerald Everett,00-0033895,,,Full Participation in Practice,Gerald Everett,
2022,12,LAC,LB,Khalil Mack,00-0031040,,,Full Participation in Practice,Khalil Mack,
2022,12,LAC,LB,Kenneth Murray,00-0036441,,,Full Participation in Practice,Kenneth Murray,
2022,12,LAC,T,Trey Pipkins,00-0035688,,,Full Participation in Practice,Trey Pipkins,
2022,12,LAC,G,Jamaree Salyer,00-0037295,,,Full Participation in Practice,Jamaree Salyer,
2022,12,LAC,P,J.K. Scott,00-0034162,,,Full Participation in Practice,J.K. Scott,
2022,12,LAC,WR,Mike Williams,00-0033536,Out,Ankle,Did Not Participate In Practice,Mike Williams,OUT
2022,12,LAC,S,Nasir Adderley,00-0035677,Doubtful,Thumb,Did Not Participate In Practice,Nasir Adderley,DOUBTFUL
2022,12,LAC,CB,Michael Davis,00-0033697,Questionable,Knee,Limited Participation in Practice,Michael Davis,QUESTIONABLE
2022,12,LV,S,Roderic Teamer,00-0035437,,,Full Participation in Practice,Roderic Teamer,
2022,12,LV,RB,Josh Jacobs,00-0035700,Questionable,Calf,Limited Participation in Practice,Josh Jacobs,QUESTIONABLE
2022,12,LV,LB,Luke Masterson,00-0037517,Questionable,Ribs,Limited Participation in Practice,Luke Masterson,QUESTIONABLE
2022,12,LV,T,Kolton Miller,00-0034759,Questionable,Shoulder,Limited Participation in Practice,Kolton Miller,QUESTIONABLE
2022,12,LV,DT,Kendal Vickers,00-0034125,Questionable,Back,Limited Participation in Practice,Kendal Vickers,QUESTIONABLE
2022,12,MIA,LB,Melvin Ingram,00-0029249,,,Did Not Participate In Practice,Melvin Ingram,
2022,12,MIA,LB,Jerome Baker,00-0034797,,,Full Participation in Practice,Jerome Baker,
2022,12,MIA,TE,Tanner Conner,00-0037348,,,Full Participation in Practice,Tanner Conner,
2022,12,MIA,CB,Keion Crossen,00-0034435,,,Full Participation in Practice,Keion Crossen,
2022,12,MIA,CB,Kader Kohou,00-0037353,,,Full Participation in Practice,Kader Kohou,
2022,12,MIA,TE,Hunter Long,00-0037004,,,Full Participation in Practice,Hunter Long,
2022,12,MIA,P,Thomas Morstead,00-0027114,,,Full Participation in Practice,Thomas Morstead,
2022,12,MIA,TE,Durham Smythe,00-0034798,,,Full Participation in Practice,Durham Smythe,
2022,12,MIA,WR,Jaylen Waddle,00-0036613,,,Full Participation in Practice,Jaylen Waddle,
2022,12,MIA,T,Terron Armstead,00-0030067,,,Limited Participation in Practice,Terron Armstead,
2022,12,MIA,DT,Raekwon Davis,00-0036213,,,Limited Participation in Practice,Raekwon Davis,
2022,12,MIA,RB,Raheem Mostert,00-0031687,Doubtful,Knee,Limited Participation in Practice,Raheem Mostert,DOUBTFUL
2022,12,MIA,QB,Teddy Bridgewater,00-0031237,Questionable,Knee,Limited Participation in Practice,Teddy Bridgewater,QUESTIONABLE
2022,12,MIN,WR,Justin Jefferson,00-0036322,,,Full Participation in Practice,Justin Jefferson,
2022,12,MIN,DE,Za'Darius Smith,00-0031576,,,Full Participation in Practice,Za'Darius Smith,
2022,12,MIN,CB,Andrew Booth,00-0038130,Out,Knee,Did Not Participate In Practice,Andrew Booth,OUT
2022,12,MIN,T,Christian Darrisaw,00-0036616,Out,Concussion,Did Not Participate In Practice,Christian Darrisaw,OUT
2022,12,MIN,CB,Akayleb Evans,00-0038101,Out,Concussion,Limited Participation in Practice,Akayleb Evans,OUT
2022,12,MIN,DT,Dalvin Tomlinson,00-0033546,Questionable,Calf,Limited Participation in Practice,Dalvin Tomlinson,QUESTIONABLE
2022,12,NE,LB,Anfernee Jennings,00-0036193,,,Limited Participation in Practice,Anfernee Jennings,
2022,12,NE,LB,Josh Uche,00-0036159,,,Limited Participation in Practice,Josh Uche,
2022,12,NE,T,Isaiah Wynn,00-0034833,Out,Foot,Did Not Participate In Practice,Isaiah Wynn,OUT
2022,12,NE,C,David Andrews,00-0031852,Questionable,Thigh,Limited Participation in Practice,David Andrews,QUESTIONABLE
2022,12,NE,T,Yodny Cajuste,00-0035252,Questionable,Calf,Limited Participation in Practice,Yodny Cajuste,QUESTIONABLE
2022,12,NE,CB,Marcus Jones,00-0037253,Questionable,Ankle,Limited Participation in Practice,Marcus Jones,QUESTIONABLE
2022,12,NE,WR,DeVante Parker,00-0031547,Questionable,Knee,Limited Participation in Practice,DeVante Parker,QUESTIONABLE
2022,12,NO,T,James Hurst,00-0030694,,,Full Participation in Practice,James Hurst,
2022,12,NO,T,Ryan Ramczyk,00-0033888,,,Full Participation in Practice,Ryan Ramczyk,
2022,12,NO,WR,Jarvis Landry,00-0031382,,,Limited Participation in Practice,Jarvis Landry,
2022,12,NO,S,J.T. Gray,00-0034116,Out,Hamstring,Did Not Participate In Practice,J.T. Gray,OUT
2022,12,NO,DE,Payton Turner,00-0036926,Out,Ankle,Did Not Participate In Practice,Payton Turner,OUT
2022,12,NO,LB,Pete Werner,00-0036927,Out,Ankle,Did Not Participate In Practice,Pete Werner,OUT
2022,12,NO,RB,Alvin Kamara,00-0033906,Questionable,Illness,Full Participation in Practice,Alvin Kamara,QUESTIONABLE
2022,12,NO,DE,Marcus Davenport,00-0034344,Questionable,Calf,Limited Participation in Practice,Marcus Davenport,QUESTIONABLE
2022,12,NO,RB,Mark Ingram,00-0027966,Questionable,Knee,Limited Participation in Practice,Mark Ingram,QUESTIONABLE
2022,12,NO,DE,Cameron Jordan,00-0027962,Questionable,Eye,Limited Participation in Practice,Cameron Jordan,QUESTIONABLE
2022,12,NO,CB,Marshon Lattimore,00-0033874,Questionable,Abdomen,Limited Participation in Practice,Marshon Lattimore,QUESTIONABLE
2022,12,NO,G,Andrus Peat,00-0032203,Questionable,Triceps,Limited Participation in Practice,Andrus Peat,QUESTIONABLE
2022,12,NYG,TE,Daniel Bellinger,00-0038115,Out,Eye,Did Not Participate In Practice,Daniel Bellinger,OUT
2022,12,NYG,G,Joshua Ezeudu,00-0037807,Out,Neck,Did Not Participate In Practice,Joshua Ezeudu,OUT
2022,12,NYG,C,Jon Feliciano,00-0032151,Out,Neck,Did Not Participate In Practice,Jon Feliciano,OUT
2022,12,NYG,CB,Adoree' Jackson,00-0033878,Out,Knee,Did Not Participate In Practice,Adoree' Jackson,OUT
2022,12,NYG,G,Shane Lemieux,00-0036397,Out,Toe,Did Not Participate In Practice,Shane Lemieux,OUT
2022,12,NYG,CB,Fabian Moreau,00-0033918,Out,Oblique,Did Not Participate In Practice,Fabian Moreau,OUT
2022,12,NYG,T,Evan Neal,00-0037612,Out,Knee,Did Not Participate In Practice,Evan Neal,OUT
2022,12,NYG,S,Dane Belton,00-0038123,Questionable,Collarbone,Limited Participation in Practice,Dane Belton,QUESTIONABLE
2022,12,NYG,WR,Richie James,00-0034286,Questionable,Knee,Limited Participation in Practice,Richie James,QUESTIONABLE
2022,12,NYG,T,Tyre Phillips,00-0036214,Questionable,Neck,Limited Participation in Practice,Tyre Phillips,QUESTIONABLE
2022,12,NYG,S,Jason Pinnock,00-0036502,Questionable,Jaw,Limited Participation in Practice,Jason Pinnock,QUESTIONABLE
2022,12,NYG,T,Andrew Thomas,00-0036386,Questionable,Illness,Limited Participation in Practice,Andrew Thomas,QUESTIONABLE
2022,12,NYJ,WR,Corey Davis,00-0033871,,,Full Participation in Practice,Corey Davis,
2022,12,NYJ,CB,Ahmad Gardner,00-0037190,,,Full Participation in Practice,Ahmad Gardner,
2022,12,NYJ,G,Nate Herbig,00-0035383,,,Full Participation in Practice,Nate Herbig,
2022,12,NYJ,LB,Quincy Williams,00-0035680,,,Full Participation in Practice,Quincy Williams,
2022,12,NYJ,DT,Sheldon Rankins,00-0032759,Out,Elbow,Did Not Participate In Practice,Sheldon Rankins,OUT
2022,12,NYJ,TE,Kenny Yeboah,00-0036510,Doubtful,Calf,Did Not Participate In Practice,Kenny Yeboah,DOUBTFUL
2022,12,NYJ,T,Duane Brown,00-0026166,Questionable,Shoulder,Full Participation in Practice,Duane Brown,QUESTIONABLE
2022,12,PHI,WR,A.J. Brown,00-0035676,,,Full Participation in Practice,A.J. Brown,
2022,12,PHI,CB,Josh Jobe,00-0037137,,,Full Participation in Practice,Josh Jobe,
2022,12,PHI,WR,DeVonta Smith,00-0036912,,,Full Participation in Practice,DeVonta Smith,
2022,12,PHI,CB,James Bradberry,00-0032890,,,Limited Participation in Practice,James Bradberry,
2022,12,PHI,G,Landon Dickerson,00-0037002,,,Limited Participation in Practice,Landon Dickerson,
2022,12,PHI,DE,Brandon Graham,00-0027865,,,Limited Participation in Practice,Brandon Graham,
2022,12,PHI,T,Lane Johnson,00-0030561,,,Limited Participation in Practice,Lane Johnson,
2022,12,PHI,C,Jason Kelce,00-0028129,,,Limited Participation in Practice,Jason Kelce,
2022,12,PHI,G,Isaac Seumalo,00-0032954,,,Limited Participation in Practice,Isaac Seumalo,
2022,12,PHI,CB,Darius Slay,00-0030062,,,Limited Participation in Practice,Darius Slay,
2022,12,PHI,DE,Josh Sweat,00-0034381,,,Limited Participation in Practice,Josh Sweat,
2022,12,PIT,C,Mason Cole,00-0034785,,,Full Participation in Practice,Mason Cole,
2022,12,PIT,G,James Daniels,00-0034347,,,Full Participation in Practice,James Daniels,
2022,12,PIT,TE,Connor Heyward,00-0037304,,,Full Participation in Practice,Connor Heyward,
2022,12,PIT,DT,Cameron Heyward,00-0027969,,,Full Participation in Practice,Cameron Heyward,
2022,12,PIT,LB,T.J. Watt,00-0033886,,,Full Participation in Practice,T.J. Watt,
2022,12,PIT,DT,Larry Ogunjobi,00-0033905,,,Limited Participation in Practice,Larry Ogunjobi,
2022,12,PIT,RB,Jaylen Warren,00-0037228,Out,Hamstring,Did Not Participate In Practice,Jaylen Warren,OUT
2022,12,PIT,CB,Ahkello Witherspoon,00-0033783,Out,Hamstring,Did Not Participate In Practice,Ahkello Witherspoon,OUT
2022,12,PIT,WR,Miles Boykin,00-0035703,Questionable,Oblique,Limited Participation in Practice,Miles Boykin,QUESTIONABLE
2022,12,PIT,LB,Robert Spillane,00-0034720,Questionable,Back,Limited Participation in Practice,Robert Spillane,QUESTIONABLE
2022,12,SEA,S,Joey Blount,00-0037141,,,Did Not Participate In Practice,Joey Blount,
2022,12,SEA,RB,DeeJay Dallas,00-0036425,,,Did Not Participate In Practice,DeeJay Dallas,
2022,12,SEA,LB,Cody Barton,00-0035672,,,Full Participation in Practice,Cody Barton,
2022,12,SEA,DE,L.J. Collier,00-0035636,,,Full Participation in Practice,L.J. Collier,
2022,12,SEA,G,Damien Lewis,00-0036417,,,Full Participation in Practice,Damien Lewis,
2022,12,SEA,S,Ryan Neal,00-0034527,,,Full Participation in Practice,Ryan Neal,
2022,12,SEA,WR,D'Wayne Eskridge,00-0036620,Out,Hand,Did Not Participate In Practice,D'Wayne Eskridge,OUT
2022,12,SEA,T,Abraham Lucas,00-0037812,Questionable,Illness,"
    ",Abraham Lucas,QUESTIONABLE
2022,12,SF,DE,Samson Ebukam,00-0033945,,,Full Participation in Practice,Samson Ebukam,
2022,12,SF,T,Trent Williams,00-0027857,,,Full Participation in Practice,Trent Williams,
2022,12,SF,DT,Arik Armstead,00-0032164,Doubtful,Foot,Limited Participation in Practice,Arik Armstead,DOUBTFUL
2022,12,SF,WR,Deebo Samuel,00-0035719,Questionable,Hamstring,Limited Participation in Practice,Deebo Samuel,QUESTIONABLE
2022,12,TB,LB,Lavonte David,00-0029562,,,Did Not Participate In Practice,Lavonte David,
2022,12,TB,WR,Mike Evans,00-0031408,,,Did Not Participate In Practice,Mike Evans,
2022,12,TB,DT,Akiem Hicks,00-0029657,,,Did Not Participate In Practice,Akiem Hicks,
2022,12,TB,QB,Tom Brady,00-0019596,,,Full Participation in Practice,Tom Brady,
2022,12,TB,WR,Julio Jones,00-0027944,,,Full Participation in Practice,Julio Jones,
2022,12,TB,CB,Zyon McCollum,00-0037268,,,Full Participation in Practice,Zyon McCollum,
2022,12,TB,LB,J.J. Russell,00-0037491,,,Full Participation in Practice,J.J. Russell,
2022,12,TB,WR,Russell Gage,00-0034411,Out,Hamstring,Did Not Participate In Practice,Russell Gage,OUT
2022,12,TB,G,Luke Goedeke,00-0037835,Out,Foot,Limited Participation in Practice,Luke Goedeke,OUT
2022,12,TB,RB,Leonard Fournette,00-0033856,Doubtful,Hip,Limited Participation in Practice,Leonard Fournette,DOUBTFUL
2022,12,TB,DT,Vita Vea,00-0034773,Questionable,Foot,Limited Participation in Practice,Vita Vea,QUESTIONABLE
2022,12,TEN,LB,Bud Dupree,00-0032146,,,Full Participation in Practice,Bud Dupree,
2022,12,TEN,RB,Derrick Henry,00-0032764,,,Full Participation in Practice,Derrick Henry,
2022,12,TEN,S,Amani Hooker,00-0035632,,,Full Participation in Practice,Amani Hooker,
2022,12,TEN,CB,Elijah Molden,00-0036992,,,Full Participation in Practice,Elijah Molden,
2022,12,TEN,QB,Ryan Tannehill,00-0029701,,,Full Participation in Practice,Ryan Tannehill,
2022,12,TEN,DE,Denico Autry,00-0031254,Out,Knee,Did Not Participate In Practice,Denico Autry,OUT
2022,12,TEN,K,Randy Bullock,00-0029421,Questionable,right Calf,Did Not Participate In Practice,Randy Bullock,QUESTIONABLE
2022,12,TEN,C,Ben Jones,00-0029413,Questionable,Concussion,Full Participation in Practice,Ben Jones,QUESTIONABLE
2022,12,TEN,CB,Kristian Fulton,00-0036416,Questionable,Hamstring,Limited Participation in Practice,Kristian Fulton,QUESTIONABLE
2022,12,TEN,RB,Hassan Haskins,00-0037617,Questionable,Hip,Limited Participation in Practice,Hassan Haskins,QUESTIONABLE
2022,12,TEN,DT,Jeffery Simmons,00-0035643,Questionable,Ankle,Limited Participation in Practice,Jeffery Simmons,QUESTIONABLE
2022,12,WAS,QB,Taylor Heinicke,00-0031800,,,Full Participation in Practice,Taylor Heinicke,
2022,12,WAS,C,Tyler Larsen,00-0030869,,,Full Participation in Practice,Tyler Larsen,
2022,12,WAS,LB,David Mayo,00-0031596,,,Full Participation in Practice,David Mayo,
2022,12,WAS,DE,James Smith-Williams,00-0036351,,,Full Participation in Practice,James Smith-Williams,
2022,12,WAS,LB,Cole Holcomb,00-0035286,Out,Foot,Did Not Participate In Practice,Cole Holcomb,OUT
2022,12,WAS,WR,Dax Milne,00-0036671,Out,Foot,Did Not Participate In Practice,Dax Milne,OUT
2022,12,WAS,CB,Benjamin St-Juste,00-0036625,Out,Ankle,Did Not Participate In Practice,Benjamin St-Juste,OUT
2022,12,WAS,TE,Logan Thomas,00-0031260,Questionable,Rib,Did Not Participate In Practice,Logan Thomas,QUESTIONABLE
2022,12,WAS,DE,Chase Young,00-0036321,Questionable,Knee,Limited Participation in Practice,Chase Young,QUESTIONABLE
2022,13,ATL,RB,Cordarrelle Patterson,00-0030578,,,Did Not Participate In Practice,Cordarrelle Patterson,
2022,13,ATL,G,Chuma Edoga,00-0035698,Questionable,Knee,Did Not Participate In Practice,Chuma Edoga,QUESTIONABLE
2022,13,ATL,DT,Jalen Dalton,00-0035179,Questionable,Toe,Limited Participation in Practice,Jalen Dalton,QUESTIONABLE
2022,13,ATL,LB,Arnold Ebiketie,00-0038116,Questionable,Forearm,Limited Participation in Practice,Arnold Ebiketie,QUESTIONABLE
2022,13,BAL,DE,Calais Campbell,00-0026190,,,Did Not Participate In Practice,Calais Campbell,
2022,13,BAL,LB,Justin Houston,00-0028008,,,Did Not Participate In Practice,Justin Houston,
2022,13,BAL,DE,Jason Pierre-Paul,00-0027867,,,Did Not Participate In Practice,Jason Pierre-Paul,
2022,13,BAL,TE,Nick Boyle,00-0031598,,,Full Participation in Practice,Nick Boyle,
2022,13,BAL,G,Ben Cleveland,00-0036977,,,Full Participation in Practice,Ben Cleveland,
2022,13,BAL,T,Daniel Faalele,00-0038118,,,Full Participation in Practice,Daniel Faalele,
2022,13,BAL,QB,Lamar Jackson,00-0034796,,,Full Participation in Practice,Lamar Jackson,
2022,13,BAL,TE,Isaiah Likely,00-0037838,,,Full Participation in Practice,Isaiah Likely,
2022,13,BAL,G,Patrick Mekari,00-0035112,,,Full Participation in Practice,Patrick Mekari,
2022,13,BAL,CB,Marcus Peters,00-0032165,,,Limited Participation in Practice,Marcus Peters,
2022,13,BAL,WR,Tylan Wallace,00-0036630,Out,Hamstring,Did Not Participate In Practice,Tylan Wallace,OUT
2022,13,BAL,LB,Del'Shawn Phillips,00-0035202,Questionable,Quadricep,Did Not Participate In Practice,Del'Shawn Phillips,QUESTIONABLE
2022,13,BAL,T,Ronnie Stanley,00-0032965,Questionable,Ankle,Did Not Participate In Practice,Ronnie Stanley,QUESTIONABLE
2022,13,BAL,S,Kyle Hamilton,00-0038038,Questionable,Knee,Full Participation in Practice,Kyle Hamilton,QUESTIONABLE
2022,13,BAL,CB,Marlon Humphrey,00-0033281,Questionable,Ankle,Full Participation in Practice,Marlon Humphrey,QUESTIONABLE
2022,13,BUF,WR,Stefon Diggs,00-0031588,,,Did Not Participate In Practice,Stefon Diggs,
2022,13,BUF,RB,Taiwan Jones,00-0028063,,,Did Not Participate In Practice,Taiwan Jones,
2022,13,BUF,QB,Josh Allen,00-0034857,,,Full Participation in Practice,Josh Allen,
2022,13,BUF,LB,Tremaine Edmunds,00-0034673,,,Full Participation in Practice,Tremaine Edmunds,
2022,13,BUF,DE,A.J. Epenesa,00-0036192,,,Full Participation in Practice,A.J. Epenesa,
2022,13,BUF,S,Damar Hamlin,00-0036888,,,Full Participation in Practice,Damar Hamlin,
2022,13,BUF,CB,Dane Jackson,00-0036166,,,Full Participation in Practice,Dane Jackson,
2022,13,BUF,S,Jaquan Johnson,00-0035290,,,Full Participation in Practice,Jaquan Johnson,
2022,13,BUF,CB,Cameron Lewis,00-0035357,,,Full Participation in Practice,Cameron Lewis,
2022,13,BUF,C,Mitch Morse,00-0031936,,,Full Participation in Practice,Mitch Morse,
2022,13,BUF,DE,Jordan Phillips,00-0031557,,,Full Participation in Practice,Jordan Phillips,
2022,13,BUF,DE,Gregory Rousseau,00-0036914,,,Full Participation in Practice,Gregory Rousseau,
2022,13,BUF,WR,Khalil Shakir,00-0037261,,,Full Participation in Practice,Khalil Shakir,
2022,13,BUF,T,Dion Dawkins,00-0033904,Out,Ankle,Did Not Participate In Practice,Dion Dawkins,OUT
2022,13,BUF,LB,Von Miller,00-0027940,Out,Knee,Did Not Participate In Practice,Von Miller,OUT
2022,13,BUF,TE,Quintin Morris,00-0036590,Questionable,Illness,Full Participation in Practice,Quintin Morris,QUESTIONABLE
2022,13,CHI,WR,Chase Claypool,00-0036326,,,Full Participation in Practice,Chase Claypool,
2022,13,CHI,QB,Justin Fields,00-0036945,,,Full Participation in Practice,Justin Fields,
2022,13,CHI,WR,Dante Pettis,00-0034860,,,Full Participation in Practice,Dante Pettis,
2022,13,CHI,LB,Sterling Weatherford,00-0037406,,,Full Participation in Practice,Sterling Weatherford,
2022,13,CHI,T,Larry Borom,00-0036905,Out,Ankle,Did Not Participate In Practice,Larry Borom,OUT
2022,13,CHI,S,Jaquan Brisker,00-0038135,Out,Concussion,Did Not Participate In Practice,Jaquan Brisker,OUT
2022,13,CHI,CB,Kyler Gordon,00-0038111,Out,Concussion,Did Not Participate In Practice,Kyler Gordon,OUT
2022,13,CHI,QB,Trevor Siemian,00-0032156,Out,Oblique,Did Not Participate In Practice,Trevor Siemian,OUT
2022,13,CHI,T,Riley Reiff,00-0029672,Questionable,Back,Full Participation in Practice,Riley Reiff,QUESTIONABLE
2022,13,CHI,CB,Kindle Vildor,00-0036307,Questionable,Ankle,Full Participation in Practice,Kindle Vildor,QUESTIONABLE
2022,13,CIN,T,La'el Collins,00-0031534,,,Full Participation in Practice,La'el Collins,
2022,13,CIN,DT,Josh Tupou,00-0033347,,,Full Participation in Practice,Josh Tupou,
2022,13,CIN,S,Vonn Bell,00-0032939,,,Limited Participation in Practice,Vonn Bell,
2022,13,CIN,DT,D.J. Reader,00-0032424,,,Limited Participation in Practice,D.J. Reader,
2022,13,CIN,LB,Logan Wilson,00-0036294,Questionable,Illness,Did Not Participate In Practice,Logan Wilson,QUESTIONABLE
2022,13,CIN,WR,Ja'Marr Chase,00-0036900,Questionable,Hip,Full Participation in Practice,Ja'Marr Chase,QUESTIONABLE
2022,13,CIN,RB,Joe Mixon,00-0033897,Questionable,Concussion,Limited Participation in Practice,Joe Mixon,QUESTIONABLE
2022,13,CLE,G,Joel Bitonio,00-0031426,,,Did Not Participate In Practice,Joel Bitonio,
2022,13,CLE,RB,Nick Chubb,00-0034791,,,Did Not Participate In Practice,Nick Chubb,
2022,13,CLE,DE,Jadeveon Clowney,00-0031364,,,Did Not Participate In Practice,Jadeveon Clowney,
2022,13,CLE,WR,Amari Cooper,00-0031544,,,Did Not Participate In Practice,Amari Cooper,
2022,13,CLE,DE,Myles Garrett,00-0033868,,,Full Participation in Practice,Myles Garrett,
2022,13,CLE,CB,A.J. Green,00-0036114,,,Full Participation in Practice,A.J. Green,
2022,13,CLE,S,Ronnie Harrison,00-0034779,,,Full Participation in Practice,Ronnie Harrison,
2022,13,CLE,CB,Greg Newsome,00-0036996,,,Full Participation in Practice,Greg Newsome,
2022,13,CLE,LS,Charley Hughlett,00-0029008,,,Limited Participation in Practice,Charley Hughlett,
2022,13,CLE,CB,Denzel Ward,00-0034856,,,Limited Participation in Practice,Denzel Ward,
2022,13,CLE,DE,Alex Wright,00-0037251,,,Limited Participation in Practice,Alex Wright,
2022,13,CLE,TE,David Njoku,00-0033885,Out,Knee,Did Not Participate In Practice,David Njoku,OUT
2022,13,DAL,DE,Demarcus Lawrence,00-0031411,,,Full Participation in Practice,Demarcus Lawrence,
2022,13,DAL,T,Terence Steele,00-0036036,,,Full Participation in Practice,Terence Steele,
2022,13,DAL,LB,Anthony Barr,00-0031256,Questionable,Hamstring,Limited Participation in Practice,Anthony Barr,QUESTIONABLE
2022,13,DAL,DT,Quinton Bohanna,00-0036649,Questionable,Knee,Limited Participation in Practice,Quinton Bohanna,QUESTIONABLE
2022,13,DAL,CB,Trevon Diggs,00-0036361,Questionable,Illness,Limited Participation in Practice,Trevon Diggs,QUESTIONABLE
2022,13,DAL,WR,Michael Gallup,00-0034764,Questionable,Illness,Limited Participation in Practice,Michael Gallup,QUESTIONABLE
2022,13,DAL,S,Jayron Kearse,00-0032454,Questionable,Shoulder,Limited Participation in Practice,Jayron Kearse,QUESTIONABLE
2022,13,DEN,WR,Kendall Hinton,00-0035864,,,Full Participation in Practice,Kendall Hinton,
2022,13,DEN,S,Kareem Jackson,00-0027872,,,Full Participation in Practice,Kareem Jackson,
2022,13,DEN,DE,Dre'Mont Jones,00-0035678,,,Full Participation in Practice,Dre'Mont Jones,
2022,13,DEN,K,Brandon McManus,00-0029822,,,Full Participation in Practice,Brandon McManus,
2022,13,DEN,G,Dalton Risner,00-0035702,,,Full Participation in Practice,Dalton Risner,
2022,13,DEN,WR,Jalen Virgil,00-0037387,,,Full Participation in Practice,Jalen Virgil,
2022,13,DEN,LS,Jacob Bobenmoyer,00-0035757,,,Limited Participation in Practice,Jacob Bobenmoyer,
2022,13,DEN,LB,Dakota Allen,00-0035670,Out,Hamstring,Did Not Participate In Practice,Dakota Allen,OUT
2022,13,DEN,TE,Andrew Beck,00-0034959,Out,Hamstring,Did Not Participate In Practice,Andrew Beck,OUT
2022,13,DEN,WR,K.J. Hamler,00-0036412,Out,Hamstring,Did Not Participate In Practice,K.J. Hamler,OUT
2022,13,DEN,DE,Jonathan Harris,00-0035073,Out,Knee,Did Not Participate In Practice,Jonathan Harris,OUT
2022,13,DEN,WR,Courtland Sutton,00-0034348,Questionable,Illness,Did Not Participate In Practice,Courtland Sutton,QUESTIONABLE
2022,13,DEN,WR,Jerry Jeudy,00-0036407,Questionable,Ankle,Limited Participation in Practice,Jerry Jeudy,QUESTIONABLE
2022,13,DEN,CB,K'Waun Williams,00-0031253,Questionable,Wrist,Limited Participation in Practice,K'Waun Williams,QUESTIONABLE
2022,13,DET,G,Jonah Jackson,00-0036258,,,Full Participation in Practice,Jonah Jackson,
2022,13,DET,CB,Chase Lucas,00-0037321,,,Full Participation in Practice,Chase Lucas,
2022,13,DET,S,Ifeatu Melifonwu,00-0036993,,,Full Participation in Practice,Ifeatu Melifonwu,
2022,13,DET,CB,Jeff Okudah,00-0036274,,,Full Participation in Practice,Jeff Okudah,
2022,13,DET,DE,Josh Paschal,00-0038096,,,Full Participation in Practice,Josh Paschal,
2022,13,DET,C,Frank Ragnow,00-0034345,,,Full Participation in Practice,Frank Ragnow,
2022,13,DET,T,Penei Sewell,00-0036880,,,Full Participation in Practice,Penei Sewell,
2022,13,DET,G,Evan Brown,00-0034495,Out,Ankle,Did Not Participate In Practice,Evan Brown,OUT
2022,13,DET,LB,Julian Okwara,00-0036249,Out,Elbow,Did Not Participate In Practice,Julian Okwara,OUT
2022,13,GB,LB,Krys Barnes,00-0035961,,,Full Participation in Practice,Krys Barnes,
2022,13,GB,S,Rudy Ford,00-0033792,,,Full Participation in Practice,Rudy Ford,
2022,13,GB,CB,Shemar Jean-Charles,00-0036645,,,Full Participation in Practice,Shemar Jean-Charles,
2022,13,GB,TE,Marcedes Lewis,00-0024243,,,Full Participation in Practice,Marcedes Lewis,
2022,13,GB,RB,A.J. Dillon,00-0036265,,,Limited Participation in Practice,A.J. Dillon,
2022,13,GB,G,Elgton Jenkins,00-0035526,,,Limited Participation in Practice,Elgton Jenkins,
2022,13,GB,RB,Aaron Jones,00-0033293,,,Limited Participation in Practice,Aaron Jones,
2022,13,GB,QB,Aaron Rodgers,00-0023459,,,Limited Participation in Practice,Aaron Rodgers,
2022,13,GB,T,David Bakhtiari,00-0030074,Out,Knee,Limited Participation in Practice,David Bakhtiari,OUT
2022,13,GB,S,Darnell Savage,00-0034968,Doubtful,Foot,Did Not Participate In Practice,Darnell Savage,DOUBTFUL
2022,13,GB,LB,De'Vondre Campbell,00-0032401,Questionable,Knee,Limited Participation in Practice,De'Vondre Campbell,QUESTIONABLE
2022,13,GB,WR,Romeo Doubs,00-0037816,Questionable,Ankle,Limited Participation in Practice,Romeo Doubs,QUESTIONABLE
2022,13,HOU,DE,Mario Addison,00-0028339,,,Did Not Participate In Practice,Mario Addison,
2022,13,HOU,T,Austin Deculus,00-0037302,,,Did Not Participate In Practice,Austin Deculus,
2022,13,HOU,DE,Jerry Hughes,00-0027881,,,Did Not Participate In Practice,Jerry Hughes,
2022,13,HOU,LB,Blake Cashman,00-0035276,,,Full Participation in Practice,Blake Cashman,
2022,13,HOU,DT,Maliek Collins,00-0033131,,,Full Participation in Practice,Maliek Collins,
2022,13,HOU,G,Kenyon Green,00-0037613,,,Full Participation in Practice,Kenyon Green,
2022,13,HOU,LB,Christian Harris,00-0037823,,,Full Participation in Practice,Christian Harris,
2022,13,HOU,WR,Brandin Cooks,00-0031236,Out,Calf,Did Not Participate In Practice,Brandin Cooks,OUT
2022,13,HOU,CB,Derek Stingley,00-0037237,Out,Hamstring,Did Not Participate In Practice,Derek Stingley,OUT
2022,13,HOU,RB,Rex Burkhead,00-0030288,Questionable,Concussion,Full Participation in Practice,Rex Burkhead,QUESTIONABLE
2022,13,IND,DE,Ben Banogu,00-0034969,,,Full Participation in Practice,Ben Banogu,
2022,13,IND,WR,Keke Coutee,00-0034366,,,Full Participation in Practice,Keke Coutee,
2022,13,IND,TE,Kylen Granson,00-0036876,,,Full Participation in Practice,Kylen Granson,
2022,13,IND,C,Ryan Kelly,00-0032383,,,Full Participation in Practice,Ryan Kelly,
2022,13,IND,DE,Kwity Paye,00-0036479,,,Full Participation in Practice,Kwity Paye,
2022,13,IND,CB,Kenny Moore,00-0033393,Out,Ankle,Did Not Participate In Practice,Kenny Moore,OUT
2022,13,IND,T,Braden Smith,00-0034836,Out,Illness,Did Not Participate In Practice,Braden Smith,OUT
2022,13,IND,CB,Isaiah Rodgers,00-0036222,Questionable,Knee,Full Participation in Practice,Isaiah Rodgers,QUESTIONABLE
2022,13,IND,TE,Jelani Woods,00-0037755,Questionable,Shoulder,Full Participation in Practice,Jelani Woods,QUESTIONABLE
2022,13,JAX,DE,Roy Robertson-Harris,00-0032667,,,Full Participation in Practice,Roy Robertson-Harris,
2022,13,JAX,RB,Darrell Henderson,00-0035664,Questionable,Illness,Did Not Participate In Practice,Darrell Henderson,QUESTIONABLE
2022,13,JAX,S,Andre Cisco,00-0036941,Questionable,Shoulder,Limited Participation in Practice,Andre Cisco,QUESTIONABLE
2022,13,JAX,RB,Travis Etienne,00-0036973,Questionable,Foot,Limited Participation in Practice,Travis Etienne,QUESTIONABLE
2022,13,JAX,WR,Zay Jones,00-0033891,Questionable,Chest,Limited Participation in Practice,Zay Jones,QUESTIONABLE
2022,13,KC,S,Bryan Cook,00-0037193,,,Full Participation in Practice,Bryan Cook,
2022,13,KC,DE,Carlos Dunlap,00-0027662,,,Full Participation in Practice,Carlos Dunlap,
2022,13,KC,RB,Jerick McKinnon,00-0031376,,,Full Participation in Practice,Jerick McKinnon,
2022,13,KC,T,Lucas Niang,00-0036367,,,Full Participation in Practice,Lucas Niang,
2022,13,KC,G,Trey Smith,00-0036660,,,Full Participation in Practice,Trey Smith,
2022,13,KC,WR,JuJu Smith-Schuster,00-0033857,,,Full Participation in Practice,JuJu Smith-Schuster,
2022,13,KC,CB,L'Jarius Sneed,00-0036374,,,Full Participation in Practice,L'Jarius Sneed,
2022,13,KC,S,Juan Thornhill,00-0035625,,,Full Participation in Practice,Juan Thornhill,
2022,13,KC,WR,Marquez Valdes-Scantling,00-0034272,,,Full Participation in Practice,Marquez Valdes-Scantling,
2022,13,KC,CB,Jaylen Watson,00-0037195,,,Full Participation in Practice,Jaylen Watson,
2022,13,KC,WR,Justin Watson,00-0034386,,,Full Participation in Practice,Justin Watson,
2022,13,KC,WR,Kadarius Toney,00-0036913,Out,Hamstring,Did Not Participate In Practice,Kadarius Toney,OUT
2022,13,KC,G,Joe Thuney,00-0032391,Questionable,Ankle,Full Participation in Practice,Joe Thuney,QUESTIONABLE
2022,13,KC,S,Deon Bush,00-0032774,Questionable,Elbow,Limited Participation in Practice,Deon Bush,QUESTIONABLE
2022,13,LA,TE,Tyler Higbee,00-0033110,,,Did Not Participate In Practice,Tyler Higbee,
2022,13,LA,RB,Cam Akers,00-0036414,,,Full Participation in Practice,Cam Akers,
2022,13,LA,T,Ty Nsekhe,00-0029709,,,Full Participation in Practice,Ty Nsekhe,
2022,13,LA,G,Oday Aboushi,00-0030083,,,Limited Participation in Practice,Oday Aboushi,
2022,13,LA,DT,Aaron Donald,00-0031388,Out,Ankle,Did Not Participate In Practice,Aaron Donald,OUT
2022,13,LA,LB,Travin Howard,00-0034812,Out,Hip,Did Not Participate In Practice,Travin Howard,OUT
2022,13,LA,LB,Terrell Lewis,00-0036419,Out,Back,Did Not Participate In Practice,Terrell Lewis,OUT
2022,13,LA,WR,Lance McCutcheon,00-0037055,Out,Shoulder,Did Not Participate In Practice,Lance McCutcheon,OUT
2022,13,LA,QB,Matthew Stafford,00-0026498,Out,Concussion,Did Not Participate In Practice,Matthew Stafford,OUT
2022,13,LA,CB,Troy Hill,00-0031785,Questionable,Groin,Did Not Participate In Practice,Troy Hill,QUESTIONABLE
2022,13,LA,C,Brian Allen,00-0034804,Questionable,Thumb,Limited Participation in Practice,Brian Allen,QUESTIONABLE
2022,13,LA,LB,Ernest Jones,00-0036994,Questionable,Back,Limited Participation in Practice,Ernest Jones,QUESTIONABLE
2022,13,LAC,CB,Bryce Callahan,00-0031904,,,Full Participation in Practice,Bryce Callahan,
2022,13,LAC,CB,Michael Davis,00-0033697,,,Full Participation in Practice,Michael Davis,
2022,13,LAC,S,Derwin James,00-0034790,,,Full Participation in Practice,Derwin James,
2022,13,LAC,LB,Khalil Mack,00-0031040,,,Full Participation in Practice,Khalil Mack,
2022,13,LAC,LB,Kenneth Murray,00-0036441,,,Full Participation in Practice,Kenneth Murray,
2022,13,LAC,G,Jamaree Salyer,00-0037295,,,Full Participation in Practice,Jamaree Salyer,
2022,13,LAC,C,Corey Linsley,00-0031019,Out,Concussion,Did Not Participate In Practice,Corey Linsley,OUT
2022,13,LAC,T,Trey Pipkins,00-0035688,Out,Knee,Did Not Participate In Practice,Trey Pipkins,OUT
2022,13,LAC,WR,Mike Williams,00-0033536,Out,Ankle,Did Not Participate In Practice,Mike Williams,OUT
2022,13,LAC,DT,Breiden Fehoko,00-0035927,Questionable,Illness,Did Not Participate In Practice,Breiden Fehoko,QUESTIONABLE
2022,13,LAC,LB,Drue Tranquill,00-0035262,Questionable,Illness,Did Not Participate In Practice,Drue Tranquill,QUESTIONABLE
2022,13,LAC,S,Nasir Adderley,00-0035677,Questionable,Thumb,Full Participation in Practice,Nasir Adderley,QUESTIONABLE
2022,13,LV,G,Alex Bars,00-0035061,,,Full Participation in Practice,Alex Bars,
2022,13,LV,LB,Darien Butler,00-0037503,,,Full Participation in Practice,Darien Butler,
2022,13,LV,QB,Derek Carr,00-0031280,,,Full Participation in Practice,Derek Carr,
2022,13,LV,S,Duron Harmon,00-0030383,,,Full Participation in Practice,Duron Harmon,
2022,13,LV,T,Kolton Miller,00-0034759,,,Full Participation in Practice,Kolton Miller,
2022,13,LV,TE,Jesper Horsted,00-0035562,Out,Concussion,Did Not Participate In Practice,Jesper Horsted,OUT
2022,13,LV,DT,Kendal Vickers,00-0034125,Out,Back,Did Not Participate In Practice,Kendal Vickers,OUT
2022,13,LV,DT,Andrew Billings,00-0033066,Questionable,Fibula,Limited Participation in Practice,Andrew Billings,QUESTIONABLE
2022,13,LV,RB,Brandon Bolden,00-0029239,Questionable,Calf,Limited Participation in Practice,Brandon Bolden,QUESTIONABLE
2022,13,LV,G,Lester Cotton,00-0035117,Questionable,Calf,Limited Participation in Practice,Lester Cotton,QUESTIONABLE
2022,13,LV,RB,Josh Jacobs,00-0035700,Questionable,Calf,Limited Participation in Practice,Josh Jacobs,QUESTIONABLE
2022,13,LV,LB,Denzel Perryman,00-0032103,Questionable,Wrist,Limited Participation in Practice,Denzel Perryman,QUESTIONABLE
2022,13,MIA,LB,Melvin Ingram,00-0029249,,,Did Not Participate In Practice,Melvin Ingram,
2022,13,MIA,LB,Jerome Baker,00-0034797,,,Full Participation in Practice,Jerome Baker,
2022,13,MIA,TE,Tanner Conner,00-0037348,,,Full Participation in Practice,Tanner Conner,
2022,13,MIA,CB,Keion Crossen,00-0034435,,,Full Participation in Practice,Keion Crossen,
2022,13,MIA,DT,Raekwon Davis,00-0036213,,,Full Participation in Practice,Raekwon Davis,
2022,13,MIA,G,Robert Jones,00-0036596,,,Full Participation in Practice,Robert Jones,
2022,13,MIA,CB,Kader Kohou,00-0037353,,,Full Participation in Practice,Kader Kohou,
2022,13,MIA,RB,Raheem Mostert,00-0031687,,,Full Participation in Practice,Raheem Mostert,
2022,13,MIA,QB,Tua Tagovailoa,00-0036212,,,Full Participation in Practice,Tua Tagovailoa,
2022,13,MIA,T,Austin Jackson,00-0036248,Out,Ankle,Did Not Participate In Practice,Austin Jackson,OUT
2022,13,MIA,T,Terron Armstead,00-0030067,Doubtful,Toe,Limited Participation in Practice,Terron Armstead,DOUBTFUL
2022,13,MIA,QB,Teddy Bridgewater,00-0031237,Questionable,Knee,Limited Participation in Practice,Teddy Bridgewater,QUESTIONABLE
2022,13,MIA,RB,Myles Gaskin,00-0035311,Questionable,Shoulder,Limited Participation in Practice,Myles Gaskin,QUESTIONABLE
2022,13,MIN,CB,Akayleb Evans,00-0038101,,,Full Participation in Practice,Akayleb Evans,
2022,13,MIN,S,Harrison Smith,00-0029606,,,Full Participation in Practice,Harrison Smith,
2022,13,MIN,DT,Dalvin Tomlinson,00-0033546,,,Full Participation in Practice,Dalvin Tomlinson,
2022,13,MIN,TE,Ben Ellefson,00-0035823,Out,Groin,Did Not Participate In Practice,Ben Ellefson,OUT
2022,13,MIN,T,Christian Darrisaw,00-0036616,Out,Concussion,Limited Participation in Practice,Christian Darrisaw,OUT
2022,13,MIN,DT,Ross Blacklock,00-0036289,Questionable,Illness,Did Not Participate In Practice,Ross Blacklock,QUESTIONABLE
2022,13,NE,WR,DeVante Parker,00-0031547,,,Full Participation in Practice,DeVante Parker,
2022,13,NE,RB,Damien Harris,00-0035657,Out,Thigh,Did Not Participate In Practice,Damien Harris,OUT
2022,13,NE,T,Isaiah Wynn,00-0034833,Out,Foot,Did Not Participate In Practice,Isaiah Wynn,OUT
2022,13,NE,T,Trenton Brown,00-0032071,Questionable,Illness,"
    ",Trenton Brown,QUESTIONABLE
2022,13,NE,C,David Andrews,00-0031852,Questionable,Thigh,Limited Participation in Practice,David Andrews,QUESTIONABLE
2022,13,NE,T,Yodny Cajuste,00-0035252,Questionable,Calf,Limited Participation in Practice,Yodny Cajuste,QUESTIONABLE
2022,13,NE,CB,Marcus Jones,00-0037253,Questionable,Ankle,Limited Participation in Practice,Marcus Jones,QUESTIONABLE
2022,13,NE,WR,Jakobi Meyers,00-0034960,Questionable,Shoulder,Limited Participation in Practice,Jakobi Meyers,QUESTIONABLE
2022,13,NE,CB,Jalen Mills,00-0032803,Questionable,Groin,Limited Participation in Practice,Jalen Mills,QUESTIONABLE
2022,13,NE,S,Jabrill Peppers,00-0033883,Questionable,Illness,Limited Participation in Practice,Jabrill Peppers,QUESTIONABLE
2022,13,NO,G,Josh Andrews,00-0030706,,,Full Participation in Practice,Josh Andrews,
2022,13,NO,RB,Mark Ingram,00-0027966,,,Full Participation in Practice,Mark Ingram,
2022,13,NO,T,Ryan Ramczyk,00-0033888,,,Full Participation in Practice,Ryan Ramczyk,
2022,13,NO,WR,Jarvis Landry,00-0031382,,,Limited Participation in Practice,Jarvis Landry,
2022,13,NO,WR,Rashid Shaheed,00-0037545,,,Limited Participation in Practice,Rashid Shaheed,
2022,13,NO,S,J.T. Gray,00-0034116,Out,Hamstring,Did Not Participate In Practice,J.T. Gray,OUT
2022,13,NO,TE,Juwan Johnson,00-0036040,Out,Ankle,Did Not Participate In Practice,Juwan Johnson,OUT
2022,13,NO,DE,Payton Turner,00-0036926,Out,Ankle,Did Not Participate In Practice,Payton Turner,OUT
2022,13,NO,CB,P.J. Williams,00-0032059,Out,Knee,Did Not Participate In Practice,P.J. Williams,OUT
2022,13,NO,DT,Kentavius Street,00-0034320,Questionable,Illness,Did Not Participate In Practice,Kentavius Street,QUESTIONABLE
2022,13,NO,CB,Marshon Lattimore,00-0033874,Questionable,Abdomen,Limited Participation in Practice,Marshon Lattimore,QUESTIONABLE
2022,13,NO,DT,Malcolm Roach,00-0035763,Questionable,Illness,Limited Participation in Practice,Malcolm Roach,QUESTIONABLE
2022,13,NO,CB,Bradley Roby,00-0031372,Questionable,Concussion,Limited Participation in Practice,Bradley Roby,QUESTIONABLE
2022,13,NO,LB,Pete Werner,00-0036927,Questionable,Ankle,Limited Participation in Practice,Pete Werner,QUESTIONABLE
2022,13,NO,WR,Kevin White,00-0031545,Questionable,Illness,Limited Participation in Practice,Kevin White,QUESTIONABLE
2022,13,NYG,CB,Cordale Flott,00-0037758,,,Full Participation in Practice,Cordale Flott,
2022,13,NYG,T,Evan Neal,00-0037612,,,Full Participation in Practice,Evan Neal,
2022,13,NYG,T,Tyre Phillips,00-0036214,,,Full Participation in Practice,Tyre Phillips,
2022,13,NYG,DT,Leonard Williams,00-0031933,,,Full Participation in Practice,Leonard Williams,
2022,13,NYG,G,Joshua Ezeudu,00-0037807,Out,Neck,Did Not Participate In Practice,Joshua Ezeudu,OUT
2022,13,NYG,CB,Adoree' Jackson,00-0033878,Out,Knee,Did Not Participate In Practice,Adoree' Jackson,OUT
2022,13,NYG,G,Shane Lemieux,00-0036397,Out,Toe,Did Not Participate In Practice,Shane Lemieux,OUT
2022,13,NYG,G,Mark Glowinski,00-0031581,Questionable,Back,"
    ",Mark Glowinski,QUESTIONABLE
2022,13,NYG,WR,Kenny Golladay,00-0033932,Questionable,Illness,"
    ",Kenny Golladay,QUESTIONABLE
2022,13,NYG,WR,Darius Slayton,00-0035535,Questionable,Illness,Did Not Participate In Practice,Darius Slayton,QUESTIONABLE
2022,13,NYG,TE,Daniel Bellinger,00-0038115,Questionable,Eye,Limited Participation in Practice,Daniel Bellinger,QUESTIONABLE
2022,13,NYG,S,Dane Belton,00-0038123,Questionable,Collarbone,Limited Participation in Practice,Dane Belton,QUESTIONABLE
2022,13,NYG,RB,Gary Brightwell,00-0036569,Questionable,Illness,Limited Participation in Practice,Gary Brightwell,QUESTIONABLE
2022,13,NYG,LB,Carter Coughlin,00-0036402,Questionable,Thigh,Limited Participation in Practice,Carter Coughlin,QUESTIONABLE
2022,13,NYG,C,Jon Feliciano,00-0032151,Questionable,Neck,Limited Participation in Practice,Jon Feliciano,QUESTIONABLE
2022,13,NYG,CB,Darnay Holmes,00-0036394,Questionable,Shoulder,Limited Participation in Practice,Darnay Holmes,QUESTIONABLE
2022,13,NYG,WR,Richie James,00-0034286,Questionable,Knee,Limited Participation in Practice,Richie James,QUESTIONABLE
2022,13,NYG,CB,Fabian Moreau,00-0033918,Questionable,Oblique,Limited Participation in Practice,Fabian Moreau,QUESTIONABLE
2022,13,NYJ,DT,Sheldon Rankins,00-0032759,,,Full Participation in Practice,Sheldon Rankins,
2022,13,NYJ,CB,D.J. Reed,00-0034384,,,Full Participation in Practice,D.J. Reed,
2022,13,NYJ,TE,Kenny Yeboah,00-0036510,,,Full Participation in Practice,Kenny Yeboah,
2022,13,NYJ,S,Ashtyn Davis,00-0036329,Out,Hamstring,Did Not Participate In Practice,Ashtyn Davis,OUT
2022,13,NYJ,RB,Michael Carter,00-0036924,Doubtful,Ankle,Did Not Participate In Practice,Michael Carter,DOUBTFUL
2022,13,NYJ,T,Cedric Ogbuehi,00-0032233,Doubtful,Groin,Did Not Participate In Practice,Cedric Ogbuehi,DOUBTFUL
2022,13,NYJ,T,Duane Brown,00-0026166,Questionable,Shoulder,Full Participation in Practice,Duane Brown,QUESTIONABLE
2022,13,PHI,LB,Patrick Johnson,00-0036922,,,Full Participation in Practice,Patrick Johnson,
2022,13,PHI,WR,Zach Pascal,00-0033251,,,Full Participation in Practice,Zach Pascal,
2022,13,PHI,WR,DeVonta Smith,00-0036912,,,Full Participation in Practice,DeVonta Smith,
2022,13,PHI,CB,James Bradberry,00-0032890,,,Limited Participation in Practice,James Bradberry,
2022,13,PHI,WR,A.J. Brown,00-0035676,,,Limited Participation in Practice,A.J. Brown,
2022,13,PHI,DT,Fletcher Cox,00-0029653,,,Limited Participation in Practice,Fletcher Cox,
2022,13,PHI,G,Landon Dickerson,00-0037002,,,Limited Participation in Practice,Landon Dickerson,
2022,13,PHI,DE,Brandon Graham,00-0027865,,,Limited Participation in Practice,Brandon Graham,
2022,13,PHI,T,Lane Johnson,00-0030561,,,Limited Participation in Practice,Lane Johnson,
2022,13,PHI,C,Jason Kelce,00-0028129,,,Limited Participation in Practice,Jason Kelce,
2022,13,PHI,G,Isaac Seumalo,00-0032954,,,Limited Participation in Practice,Isaac Seumalo,
2022,13,PHI,CB,Darius Slay,00-0030062,,,Limited Participation in Practice,Darius Slay,
2022,13,PHI,DE,Josh Sweat,00-0034381,,,Limited Participation in Practice,Josh Sweat,
2022,13,PHI,S,Chauncey Gardner-Johnson,00-0035253,Out,kidney,Did Not Participate In Practice,Chauncey Gardner-Johnson,OUT
2022,13,PHI,DE,Robert Quinn,00-0027952,Out,Knee,Did Not Participate In Practice,Robert Quinn,OUT
2022,13,PIT,DT,Cameron Heyward,00-0027969,,,Did Not Participate In Practice,Cameron Heyward,
2022,13,PIT,DE,Isaiahh Loudermilk,00-0036843,,,Did Not Participate In Practice,Isaiahh Loudermilk,
2022,13,PIT,WR,Miles Boykin,00-0035703,,,Full Participation in Practice,Miles Boykin,
2022,13,PIT,C,Mason Cole,00-0034785,,,Full Participation in Practice,Mason Cole,
2022,13,PIT,S,Minkah Fitzpatrick,00-0034789,,,Full Participation in Practice,Minkah Fitzpatrick,
2022,13,PIT,LB,Myles Jack,00-0032968,,,Full Participation in Practice,Myles Jack,
2022,13,PIT,DT,Larry Ogunjobi,00-0033905,,,Full Participation in Practice,Larry Ogunjobi,
2022,13,PIT,RB,Benny Snell,00-0035217,,,Full Participation in Practice,Benny Snell,
2022,13,PIT,LB,Robert Spillane,00-0034720,,,Full Participation in Practice,Robert Spillane,
2022,13,PIT,RB,Najee Harris,00-0036893,,,Limited Participation in Practice,Najee Harris,
2022,13,PIT,CB,Ahkello Witherspoon,00-0033783,Out,Hamstring,Did Not Participate In Practice,Ahkello Witherspoon,OUT
2022,13,PIT,LB,Malik Reed,00-0034954,Questionable,Back,"
    ",Malik Reed,QUESTIONABLE
2022,13,PIT,RB,Jaylen Warren,00-0037228,Questionable,Hamstring,Full Participation in Practice,Jaylen Warren,QUESTIONABLE
2022,13,PIT,LB,T.J. Watt,00-0033886,Questionable,Ribs,Limited Participation in Practice,T.J. Watt,QUESTIONABLE
2022,13,SEA,DE,Myles Adams,00-0035946,,,Full Participation in Practice,Myles Adams,
2022,13,SEA,LB,Jordyn Brooks,00-0036409,,,Full Participation in Practice,Jordyn Brooks,
2022,13,SEA,WR,Marquise Goodwin,00-0030068,,,Full Participation in Practice,Marquise Goodwin,
2022,13,SEA,G,Phil Haynes,00-0035141,,,Full Participation in Practice,Phil Haynes,
2022,13,SEA,LB,Bruce Irvin,00-0029193,,,Full Participation in Practice,Bruce Irvin,
2022,13,SEA,G,Gabe Jackson,00-0031367,,,Full Participation in Practice,Gabe Jackson,
2022,13,SEA,DE,Quinton Jefferson,00-0032416,,,Full Participation in Practice,Quinton Jefferson,
2022,13,SEA,RB,Tony Jones,00-0035860,,,Full Participation in Practice,Tony Jones,
2022,13,SEA,G,Damien Lewis,00-0036417,,,Full Participation in Practice,Damien Lewis,
2022,13,SEA,T,Abraham Lucas,00-0037812,,,Full Participation in Practice,Abraham Lucas,
2022,13,SEA,DT,Al Woods,00-0027723,,,Full Participation in Practice,Al Woods,
2022,13,SEA,S,Josh Jones,00-0033903,Questionable,Illness,Did Not Participate In Practice,Josh Jones,QUESTIONABLE
2022,13,SEA,S,Ryan Neal,00-0034527,Questionable,Elbow,Full Participation in Practice,Ryan Neal,QUESTIONABLE
2022,13,SEA,RB,Travis Homer,00-0035594,Questionable,Illness,Limited Participation in Practice,Travis Homer,QUESTIONABLE
2022,13,SF,DT,Arik Armstead,00-0032164,,,Full Participation in Practice,Arik Armstead,
2022,13,SF,QB,Jimmy Garoppolo,00-0031345,,,Full Participation in Practice,Jimmy Garoppolo,
2022,13,SF,RB,Christian McCaffrey,00-0033280,,,Full Participation in Practice,Christian McCaffrey,
2022,13,SF,RB,Elijah Mitchell,00-0036567,Out,Knee,Did Not Participate In Practice,Elijah Mitchell,OUT
2022,13,SF,T,Trent Williams,00-0027857,Questionable,Back,Did Not Participate In Practice,Trent Williams,QUESTIONABLE
2022,13,SF,G,Spencer Burford,00-0037829,Questionable,Ankle,Limited Participation in Practice,Spencer Burford,QUESTIONABLE
2022,13,SF,DE,Charles Omenihu,00-0035279,Questionable,Knee,Limited Participation in Practice,Charles Omenihu,QUESTIONABLE
2022,13,SF,WR,Deebo Samuel,00-0035719,Questionable,Quadricep,Limited Participation in Practice,Deebo Samuel,QUESTIONABLE
2022,13,TB,LB,Lavonte David,00-0029562,,,Did Not Participate In Practice,Lavonte David,
2022,13,TB,QB,Tom Brady,00-0019596,,,Full Participation in Practice,Tom Brady,
2022,13,TB,WR,Mike Evans,00-0031408,,,Full Participation in Practice,Mike Evans,
2022,13,TB,WR,Julio Jones,00-0027944,,,Full Participation in Practice,Julio Jones,
2022,13,TB,G,Nick Leverett,00-0036105,,,Full Participation in Practice,Nick Leverett,
2022,13,TB,T,Tristan Wirfs,00-0036406,Out,Ankle,Did Not Participate In Practice,Tristan Wirfs,OUT
2022,13,TB,S,Mike Edwards,00-0035681,Doubtful,Hamstring,Did Not Participate In Practice,Mike Edwards,DOUBTFUL
2022,13,TB,S,Antoine Winfield,00-0036411,Doubtful,Ankle,Did Not Participate In Practice,Antoine Winfield,DOUBTFUL
2022,13,TB,CB,Sean Murphy-Bunting,00-0035239,Doubtful,Quadricep,Limited Participation in Practice,Sean Murphy-Bunting,DOUBTFUL
2022,13,TB,TE,Cameron Brate,00-0031273,Questionable,Illness,Full Participation in Practice,Cameron Brate,QUESTIONABLE
2022,13,TB,RB,Leonard Fournette,00-0033856,Questionable,Hip,Full Participation in Practice,Leonard Fournette,QUESTIONABLE
2022,13,TB,WR,Russell Gage,00-0034411,Questionable,Hamstring,Full Participation in Practice,Russell Gage,QUESTIONABLE
2022,13,TB,G,Luke Goedeke,00-0037835,Questionable,Foot,Full Participation in Practice,Luke Goedeke,QUESTIONABLE
2022,13,TB,DT,Akiem Hicks,00-0029657,Questionable,Foot,Limited Participation in Practice,Akiem Hicks,QUESTIONABLE
2022,13,TB,DT,Vita Vea,00-0034773,Questionable,Foot,Limited Participation in Practice,Vita Vea,QUESTIONABLE
2022,13,TEN,K,Randy Bullock,00-0029421,,,Full Participation in Practice,Randy Bullock,
2022,13,TEN,WR,Treylon Burks,00-0037742,,,Full Participation in Practice,Treylon Burks,
2022,13,TEN,RB,Derrick Henry,00-0032764,,,Full Participation in Practice,Derrick Henry,
2022,13,TEN,QB,Ryan Tannehill,00-0029701,,,Full Participation in Practice,Ryan Tannehill,
2022,13,TEN,G,Nate Davis,00-0035649,,,Limited Participation in Practice,Nate Davis,
2022,13,TEN,C,Ben Jones,00-0029413,,,Limited Participation in Practice,Ben Jones,
2022,13,TEN,DE,Denico Autry,00-0031254,Out,Knee,Did Not Participate In Practice,Denico Autry,OUT
2022,13,TEN,WR,Cody Hollister,00-0033386,Out,Neck,Did Not Participate In Practice,Cody Hollister,OUT
2022,13,TEN,CB,Elijah Molden,00-0036992,Out,Groin,Did Not Participate In Practice,Elijah Molden,OUT
2022,13,TEN,RB,Hassan Haskins,00-0037617,Questionable,Hip,Limited Participation in Practice,Hassan Haskins,QUESTIONABLE
2022,13,TEN,DT,Jeffery Simmons,00-0035643,Questionable,Ankle,Limited Participation in Practice,Jeffery Simmons,QUESTIONABLE
2022,13,WAS,C,Tyler Larsen,00-0030869,,,Full Participation in Practice,Tyler Larsen,
2022,13,WAS,TE,Logan Thomas,00-0031260,,,Full Participation in Practice,Logan Thomas,
2022,13,WAS,WR,Dax Milne,00-0036671,Out,Foot,Did Not Participate In Practice,Dax Milne,OUT
2022,13,WAS,CB,Benjamin St-Juste,00-0036625,Out,Ankle,Did Not Participate In Practice,Benjamin St-Juste,OUT
2022,13,WAS,G,Trai Turner,00-0031362,Out,Ankle,Did Not Participate In Practice,Trai Turner,OUT
2022,13,WAS,RB,Antonio Gibson,00-0036328,Questionable,Foot,Limited Participation in Practice,Antonio Gibson,QUESTIONABLE
2022,13,WAS,DE,Chase Young,00-0036321,Questionable,Knee,Limited Participation in Practice,Chase Young,QUESTIONABLE
2022,14,ARI,WR,Greg Dortch,00-0035500,,,Full Participation in Practice,Greg Dortch,
2022,14,ARI,DT,Trysten Hill,00-0035247,,,Full Participation in Practice,Trysten Hill,
2022,14,ARI,WR,DeAndre Hopkins,00-0030564,,,Full Participation in Practice,DeAndre Hopkins,
2022,14,ARI,T,Rashaad Coward,00-0033631,Out,Chest,Did Not Participate In Practice,Rashaad Coward,OUT
2022,14,ARI,WR,Rondale Moore,00-0036936,Out,Groin,Did Not Participate In Practice,Rondale Moore,OUT
2022,14,ARI,CB,Byron Murphy,00-0035236,Out,Back,Did Not Participate In Practice,Byron Murphy,OUT
2022,14,ARI,DE,Zach Allen,00-0035248,Questionable,Illness,Did Not Participate In Practice,Zach Allen,QUESTIONABLE
2022,14,ARI,DE,Jonathan Ledbetter,00-0035343,Questionable,Back,Limited Participation in Practice,Jonathan Ledbetter,QUESTIONABLE
2022,14,ARI,S,Charles Washington,00-0032560,Questionable,Chest,Limited Participation in Practice,Charles Washington,QUESTIONABLE
2022,14,BAL,DE,Calais Campbell,00-0026190,,,Did Not Participate In Practice,Calais Campbell,
2022,14,BAL,WR,Devin Duvernay,00-0036331,,,Did Not Participate In Practice,Devin Duvernay,
2022,14,BAL,LB,Justin Houston,00-0028008,,,Did Not Participate In Practice,Justin Houston,
2022,14,BAL,T,Morgan Moses,00-0031330,,,Did Not Participate In Practice,Morgan Moses,
2022,14,BAL,DE,Jason Pierre-Paul,00-0027867,,,Did Not Participate In Practice,Jason Pierre-Paul,
2022,14,BAL,T,Ronnie Stanley,00-0032965,,,Did Not Participate In Practice,Ronnie Stanley,
2022,14,BAL,C,Trystan Colon,00-0035992,,,Full Participation in Practice,Trystan Colon,
2022,14,BAL,CB,Marcus Peters,00-0032165,,,Full Participation in Practice,Marcus Peters,
2022,14,BAL,CB,Daryl Worley,00-0032891,Out,Hamstring,Did Not Participate In Practice,Daryl Worley,OUT
2022,14,BAL,QB,Lamar Jackson,00-0034796,Doubtful,Knee,Did Not Participate In Practice,Lamar Jackson,DOUBTFUL
2022,14,BAL,G,Patrick Mekari,00-0035112,Questionable,Toe,Full Participation in Practice,Patrick Mekari,QUESTIONABLE
2022,14,BAL,LB,Del'Shawn Phillips,00-0035202,Questionable,Quadricep,Full Participation in Practice,Del'Shawn Phillips,QUESTIONABLE
2022,14,BAL,LB,Patrick Queen,00-0036323,Questionable,Thigh,Full Participation in Practice,Patrick Queen,QUESTIONABLE
2022,14,BAL,LB,Kristian Welch,00-0036157,Questionable,Concussion,Full Participation in Practice,Kristian Welch,QUESTIONABLE
2022,14,BAL,G,Kevin Zeitler,00-0029592,Questionable,Knee,Limited Participation in Practice,Kevin Zeitler,QUESTIONABLE
2022,14,BUF,WR,Stefon Diggs,00-0031588,,,Did Not Participate In Practice,Stefon Diggs,
2022,14,BUF,RB,Taiwan Jones,00-0028063,,,Did Not Participate In Practice,Taiwan Jones,
2022,14,BUF,S,Jordan Poyer,00-0030114,,,Did Not Participate In Practice,Jordan Poyer,
2022,14,BUF,QB,Josh Allen,00-0034857,,,Full Participation in Practice,Josh Allen,
2022,14,BUF,CB,Cameron Lewis,00-0035357,,,Full Participation in Practice,Cameron Lewis,
2022,14,BUF,C,Mitch Morse,00-0031936,,,Full Participation in Practice,Mitch Morse,
2022,14,BUF,G,David Quessenberry,00-0030097,,,Full Participation in Practice,David Quessenberry,
2022,14,BUF,G,Rodger Saffold,00-0027648,,,Full Participation in Practice,Rodger Saffold,
2022,14,BUF,FB,Reggie Gilliam,00-0036187,Out,Ankle,Did Not Participate In Practice,Reggie Gilliam,OUT
2022,14,BUF,DE,Jordan Phillips,00-0031557,Out,Shoulder,Did Not Participate In Practice,Jordan Phillips,OUT
2022,14,BUF,T,Dion Dawkins,00-0033904,Questionable,Ankle,Full Participation in Practice,Dion Dawkins,QUESTIONABLE
2022,14,BUF,LB,Matt Milano,00-0033571,Questionable,Knee,Limited Participation in Practice,Matt Milano,QUESTIONABLE
2022,14,CAR,T,Taylor Moton,00-0033284,,,Did Not Participate In Practice,Taylor Moton,
2022,14,CAR,DE,Brian Burns,00-0035713,,,Full Participation in Practice,Brian Burns,
2022,14,CAR,T,Ikem Ekwonu,00-0037229,,,Full Participation in Practice,Ikem Ekwonu,
2022,14,CAR,RB,D'Onta Foreman,00-0033925,,,Full Participation in Practice,D'Onta Foreman,
2022,14,CAR,TE,Giovanni Ricci,00-0035956,,,Full Participation in Practice,Giovanni Ricci,
2022,14,CAR,LB,Chandler Wooten,00-0037560,,,Full Participation in Practice,Chandler Wooten,
2022,14,CAR,S,Myles Hartsfield,00-0035950,Questionable,Ankle,Full Participation in Practice,Myles Hartsfield,QUESTIONABLE
2022,14,CAR,DT,Matt Ioannidis,00-0032781,Questionable,Calf,Full Participation in Practice,Matt Ioannidis,QUESTIONABLE
2022,14,CAR,LB,Cory Littleton,00-0032677,Questionable,Ankle,Limited Participation in Practice,Cory Littleton,QUESTIONABLE
2022,14,CAR,S,Xavier Woods,00-0033579,Questionable,Knee,Limited Participation in Practice,Xavier Woods,QUESTIONABLE
2022,14,CIN,S,Jessie Bates,00-0034675,,,Full Participation in Practice,Jessie Bates,
2022,14,CIN,S,Vonn Bell,00-0032939,,,Full Participation in Practice,Vonn Bell,
2022,14,CIN,T,La'el Collins,00-0031534,,,Full Participation in Practice,La'el Collins,
2022,14,CIN,RB,Joe Mixon,00-0033897,,,Full Participation in Practice,Joe Mixon,
2022,14,CIN,DT,D.J. Reader,00-0032424,,,Full Participation in Practice,D.J. Reader,
2022,14,CIN,WR,Tee Higgins,00-0036410,,,Limited Participation in Practice,Tee Higgins,
2022,14,CIN,DE,Sam Hubbard,00-0034834,,,Limited Participation in Practice,Sam Hubbard,
2022,14,CIN,CB,Cam Taylor-Britt,00-0037753,,,Limited Participation in Practice,Cam Taylor-Britt,
2022,14,CIN,TE,Hayden Hurst,00-0034830,Out,Calf,Did Not Participate In Practice,Hayden Hurst,OUT
2022,14,CLE,WR,David Bell,00-0037257,,,Did Not Participate In Practice,David Bell,
2022,14,CLE,G,Joel Bitonio,00-0031426,,,Did Not Participate In Practice,Joel Bitonio,
2022,14,CLE,DE,Jadeveon Clowney,00-0031364,,,Did Not Participate In Practice,Jadeveon Clowney,
2022,14,CLE,T,Jack Conklin,00-0033057,,,Did Not Participate In Practice,Jack Conklin,
2022,14,CLE,WR,Anthony Schwartz,00-0036999,,,Did Not Participate In Practice,Anthony Schwartz,
2022,14,CLE,DE,Alex Wright,00-0037251,,,Did Not Participate In Practice,Alex Wright,
2022,14,CLE,TE,Pharaoh Brown,00-0033439,,,Full Participation in Practice,Pharaoh Brown,
2022,14,CLE,DE,Myles Garrett,00-0033868,,,Full Participation in Practice,Myles Garrett,
2022,14,CLE,CB,A.J. Green,00-0036114,,,Full Participation in Practice,A.J. Green,
2022,14,CLE,T,James Hudson,00-0036866,,,Full Participation in Practice,James Hudson,
2022,14,CLE,TE,David Njoku,00-0033885,,,Limited Participation in Practice,David Njoku,
2022,14,CLE,CB,Denzel Ward,00-0034856,,,Limited Participation in Practice,Denzel Ward,
2022,14,CLE,DE,Chase Winovich,00-0035654,,,Limited Participation in Practice,Chase Winovich,
2022,14,CLE,WR,Amari Cooper,00-0031544,Questionable,Not injury related - resting player,Did Not Participate In Practice,Amari Cooper,QUESTIONABLE
2022,14,DAL,DT,Quinton Bohanna,00-0036649,,,Full Participation in Practice,Quinton Bohanna,
2022,14,DAL,DT,Johnathan Hankins,00-0030063,,,Full Participation in Practice,Johnathan Hankins,
2022,14,DAL,CB,Kelvin Joseph,00-0036935,,,Full Participation in Practice,Kelvin Joseph,
2022,14,DAL,S,Jayron Kearse,00-0032454,,,Full Participation in Practice,Jayron Kearse,
2022,14,DAL,DE,Demarcus Lawrence,00-0031411,,,Full Participation in Practice,Demarcus Lawrence,
2022,14,DAL,DE,Sam Williams,00-0037665,,,Full Participation in Practice,Sam Williams,
2022,14,DAL,CB,Anthony Brown,00-0033047,Out,Achilles,Did Not Participate In Practice,Anthony Brown,OUT
2022,14,DAL,LB,Leighton Vander Esch,00-0034674,Questionable,Illness,Did Not Participate In Practice,Leighton Vander Esch,QUESTIONABLE
2022,14,DEN,LS,Jacob Bobenmoyer,00-0035757,,,Full Participation in Practice,Jacob Bobenmoyer,
2022,14,DEN,LB,Baron Browning,00-0036995,,,Full Participation in Practice,Baron Browning,
2022,14,DEN,T,Tom Compton,00-0029144,,,Full Participation in Practice,Tom Compton,
2022,14,DEN,LB,Jonathon Cooper,00-0036952,,,Full Participation in Practice,Jonathon Cooper,
2022,14,DEN,DE,Jonathan Harris,00-0035073,,,Full Participation in Practice,Jonathan Harris,
2022,14,DEN,S,Kareem Jackson,00-0027872,,,Full Participation in Practice,Kareem Jackson,
2022,14,DEN,WR,Jerry Jeudy,00-0036407,,,Full Participation in Practice,Jerry Jeudy,
2022,14,DEN,K,Brandon McManus,00-0029822,,,Full Participation in Practice,Brandon McManus,
2022,14,DEN,TE,Albert Okwuegbunam,00-0036423,,,Full Participation in Practice,Albert Okwuegbunam,
2022,14,DEN,DT,DeShawn Williams,00-0031795,,,Full Participation in Practice,DeShawn Williams,
2022,14,DEN,CB,K'Waun Williams,00-0031253,,,Full Participation in Practice,K'Waun Williams,
2022,14,DEN,LB,Dakota Allen,00-0035670,Out,Hamstring,Did Not Participate In Practice,Dakota Allen,OUT
2022,14,DEN,TE,Andrew Beck,00-0034959,Out,Hamstring,Did Not Participate In Practice,Andrew Beck,OUT
2022,14,DEN,WR,Courtland Sutton,00-0034348,Out,Hamstring,Did Not Participate In Practice,Courtland Sutton,OUT
2022,14,DEN,DE,Eyioma Uwazurike,00-0038106,Questionable,Illness,"
    ",Eyioma Uwazurike,QUESTIONABLE
2022,14,DEN,LB,Justin Strnad,00-0036428,Questionable,Knee,Did Not Participate In Practice,Justin Strnad,QUESTIONABLE
2022,14,DEN,DT,D.J. Jones,00-0033297,Questionable,Shoulder,Limited Participation in Practice,D.J. Jones,QUESTIONABLE
2022,14,DEN,G,Dalton Risner,00-0035702,Questionable,Shoulder,Limited Participation in Practice,Dalton Risner,QUESTIONABLE
2022,14,DET,T,Taylor Decker,00-0032381,,,Full Participation in Practice,Taylor Decker,
2022,14,DET,S,DeShon Elliott,00-0034277,,,Full Participation in Practice,DeShon Elliott,
2022,14,DET,C,Frank Ragnow,00-0034345,,,Full Participation in Practice,Frank Ragnow,
2022,14,DET,RB,D'Andre Swift,00-0036275,,,Full Participation in Practice,D'Andre Swift,
2022,14,DET,RB,Jamaal Williams,00-0033948,,,Full Participation in Practice,Jamaal Williams,
2022,14,DET,G,Kayode Awosika,00-0036736,Out,Ankle,Did Not Participate In Practice,Kayode Awosika,OUT
2022,14,DET,LB,Derrick Barnes,00-0036964,Out,Knee,Did Not Participate In Practice,Derrick Barnes,OUT
2022,14,DET,CB,Chase Lucas,00-0037321,Out,Hamstring,Did Not Participate In Practice,Chase Lucas,OUT
2022,14,DET,G,Evan Brown,00-0034495,Doubtful,Ankle,Limited Participation in Practice,Evan Brown,DOUBTFUL
2022,14,DET,CB,Will Harris,00-0035655,Questionable,Hip,Did Not Participate In Practice,Will Harris,QUESTIONABLE
2022,14,DET,QB,Nate Sudfeld,00-0032792,Questionable,Illness,Did Not Participate In Practice,Nate Sudfeld,QUESTIONABLE
2022,14,DET,CB,Jeff Okudah,00-0036274,Questionable,Illness,Limited Participation in Practice,Jeff Okudah,QUESTIONABLE
2022,14,DET,WR,Kalif Raymond,00-0032464,Questionable,Illness,Limited Participation in Practice,Kalif Raymond,QUESTIONABLE
2022,14,HOU,DT,Maliek Collins,00-0033131,,,Did Not Participate In Practice,Maliek Collins,
2022,14,HOU,DE,Jerry Hughes,00-0027881,,,Did Not Participate In Practice,Jerry Hughes,
2022,14,HOU,DE,Mario Addison,00-0028339,,,Full Participation in Practice,Mario Addison,
2022,14,HOU,K,Ka'imi Fairbairn,00-0032726,,,Full Participation in Practice,Ka'imi Fairbairn,
2022,14,HOU,LB,Garret Wallow,00-0036844,,,Full Participation in Practice,Garret Wallow,
2022,14,HOU,WR,Nico Collins,00-0036554,Out,Foot,Did Not Participate In Practice,Nico Collins,OUT
2022,14,HOU,WR,Brandin Cooks,00-0031236,Out,Calf,Did Not Participate In Practice,Brandin Cooks,OUT
2022,14,HOU,DT,Kurt Hinish,00-0037459,Out,Shoulder,Did Not Participate In Practice,Kurt Hinish,OUT
2022,14,HOU,CB,Derek Stingley,00-0037237,Out,Hamstring,Did Not Participate In Practice,Derek Stingley,OUT
2022,14,HOU,C,Justin McCray,00-0030792,Questionable,Hamstring,Full Participation in Practice,Justin McCray,QUESTIONABLE
2022,14,HOU,FB,Troy Hairston,00-0037456,Questionable,Chest,Limited Participation in Practice,Troy Hairston,QUESTIONABLE
2022,14,JAX,LB,Chad Muma,00-0037811,Out,Ankle,Did Not Participate In Practice,Chad Muma,OUT
2022,14,JAX,S,Andre Cisco,00-0036941,Questionable,Shoulder,Limited Participation in Practice,Andre Cisco,QUESTIONABLE
2022,14,JAX,WR,Zay Jones,00-0033891,Questionable,Chest,Limited Participation in Practice,Zay Jones,QUESTIONABLE
2022,14,JAX,QB,Trevor Lawrence,00-0036971,Questionable,Toe,Limited Participation in Practice,Trevor Lawrence,QUESTIONABLE
2022,14,KC,LB,Nick Bolton,00-0036621,,,Full Participation in Practice,Nick Bolton,
2022,14,KC,S,Deon Bush,00-0032774,,,Full Participation in Practice,Deon Bush,
2022,14,KC,LB,Willie Gay,00-0036362,,,Full Participation in Practice,Willie Gay,
2022,14,KC,QB,Patrick Mahomes,00-0033873,,,Full Participation in Practice,Patrick Mahomes,
2022,14,KC,RB,Jerick McKinnon,00-0031376,,,Full Participation in Practice,Jerick McKinnon,
2022,14,KC,T,Lucas Niang,00-0036367,,,Full Participation in Practice,Lucas Niang,
2022,14,KC,RB,Isiah Pacheco,00-0037197,,,Full Participation in Practice,Isiah Pacheco,
2022,14,KC,G,Trey Smith,00-0036660,,,Full Participation in Practice,Trey Smith,
2022,14,KC,CB,L'Jarius Sneed,00-0036374,,,Full Participation in Practice,L'Jarius Sneed,
2022,14,KC,CB,Jaylen Watson,00-0037195,,,Full Participation in Practice,Jaylen Watson,
2022,14,KC,CB,Joshua Williams,00-0038043,,,Full Participation in Practice,Joshua Williams,
2022,14,KC,G,Joe Thuney,00-0032391,Questionable,Ankle,Full Participation in Practice,Joe Thuney,QUESTIONABLE
2022,14,KC,WR,Kadarius Toney,00-0036913,Questionable,Hamstring,Limited Participation in Practice,Kadarius Toney,QUESTIONABLE
2022,14,LA,C,Brian Allen,00-0034804,,,Full Participation in Practice,Brian Allen,
2022,14,LA,TE,Tyler Higbee,00-0033110,,,Full Participation in Practice,Tyler Higbee,
2022,14,LA,T,Ty Nsekhe,00-0029709,,,Full Participation in Practice,Ty Nsekhe,
2022,14,LA,WR,Ben Skowronek,00-0036862,,,Full Participation in Practice,Ben Skowronek,
2022,14,LA,DT,Aaron Donald,00-0031388,Out,Ankle,Did Not Participate In Practice,Aaron Donald,OUT
2022,14,LA,LB,Travin Howard,00-0034812,Out,Hip,Did Not Participate In Practice,Travin Howard,OUT
2022,14,LA,LB,Terrell Lewis,00-0036419,Out,Back,Did Not Participate In Practice,Terrell Lewis,OUT
2022,14,LA,CB,David Long,00-0035665,Out,Groin,Did Not Participate In Practice,David Long,OUT
2022,14,LA,WR,Brandon Powell,00-0034646,Questionable,Illness,Did Not Participate In Practice,Brandon Powell,QUESTIONABLE
2022,14,LA,CB,Troy Hill,00-0031785,Questionable,Groin,Limited Participation in Practice,Troy Hill,QUESTIONABLE
2022,14,LA,WR,Lance McCutcheon,00-0037055,Questionable,Shoulder,Limited Participation in Practice,Lance McCutcheon,QUESTIONABLE
2022,14,LA,QB,John Wolford,00-0034899,Questionable,Neck,Limited Participation in Practice,John Wolford,QUESTIONABLE
2022,14,LAC,WR,DeAndre Carter,00-0031763,,,Full Participation in Practice,DeAndre Carter,
2022,14,LAC,C,Will Clapp,00-0034436,,,Full Participation in Practice,Will Clapp,
2022,14,LAC,CB,Michael Davis,00-0033697,,,Full Participation in Practice,Michael Davis,
2022,14,LAC,G,Zion Johnson,00-0037818,,,Full Participation in Practice,Zion Johnson,
2022,14,LAC,C,Corey Linsley,00-0031019,,,Full Participation in Practice,Corey Linsley,
2022,14,LAC,LB,Kenneth Murray,00-0036441,,,Full Participation in Practice,Kenneth Murray,
2022,14,LAC,G,Jamaree Salyer,00-0037295,,,Full Participation in Practice,Jamaree Salyer,
2022,14,LAC,WR,Mike Williams,00-0033536,,,Full Participation in Practice,Mike Williams,
2022,14,LAC,CB,Bryce Callahan,00-0031904,Doubtful,Groin,Did Not Participate In Practice,Bryce Callahan,DOUBTFUL
2022,14,LAC,S,Derwin James,00-0034790,Doubtful,Quadricep,Did Not Participate In Practice,Derwin James,DOUBTFUL
2022,14,LAC,DT,Sebastian Joseph,00-0034810,Doubtful,Knee,Did Not Participate In Practice,Sebastian Joseph,DOUBTFUL
2022,14,LAC,T,Trey Pipkins,00-0035688,Doubtful,Knee,Did Not Participate In Practice,Trey Pipkins,DOUBTFUL
2022,14,LAC,TE,Richard Rodgers,00-0031384,Questionable,Knee,Did Not Participate In Practice,Richard Rodgers,QUESTIONABLE
2022,14,LV,RB,Ameer Abdullah,00-0032104,,,Full Participation in Practice,Ameer Abdullah,
2022,14,LV,RB,Brandon Bolden,00-0029239,,,Full Participation in Practice,Brandon Bolden,
2022,14,LV,LB,Curtis Bolton,00-0035076,,,Full Participation in Practice,Curtis Bolton,
2022,14,LV,S,Duron Harmon,00-0030383,,,Full Participation in Practice,Duron Harmon,
2022,14,LV,C,Andre James,00-0035127,,,Full Participation in Practice,Andre James,
2022,14,LV,LB,Denzel Perryman,00-0032103,,,Full Participation in Practice,Denzel Perryman,
2022,14,LV,S,Isaiah Pola-Mao,00-0037512,,,Full Participation in Practice,Isaiah Pola-Mao,
2022,14,LV,LS,Trent Sieg,00-0034198,,,Full Participation in Practice,Trent Sieg,
2022,14,LV,DT,Kendal Vickers,00-0034125,,,Limited Participation in Practice,Kendal Vickers,
2022,14,LV,DT,Andrew Billings,00-0033066,Out,Fibula,Did Not Participate In Practice,Andrew Billings,OUT
2022,14,LV,LB,Jayon Brown,00-0033954,Out,Hand,Did Not Participate In Practice,Jayon Brown,OUT
2022,14,LV,TE,Jesper Horsted,00-0035562,Out,Concussion,Did Not Participate In Practice,Jesper Horsted,OUT
2022,14,LV,CB,Rock Ya-Sin,00-0035637,Out,Knee,Did Not Participate In Practice,Rock Ya-Sin,OUT
2022,14,LV,CB,Tyler Hall,00-0035783,Questionable,Back,Limited Participation in Practice,Tyler Hall,QUESTIONABLE
2022,14,LV,RB,Josh Jacobs,00-0035700,Questionable,Quadricep,Limited Participation in Practice,Josh Jacobs,QUESTIONABLE
2022,14,MIA,LB,Melvin Ingram,00-0029249,,,Did Not Participate In Practice,Melvin Ingram,
2022,14,MIA,LB,Jerome Baker,00-0034797,,,Full Participation in Practice,Jerome Baker,
2022,14,MIA,RB,Myles Gaskin,00-0035311,,,Full Participation in Practice,Myles Gaskin,
2022,14,MIA,WR,Tyreek Hill,00-0033040,,,Full Participation in Practice,Tyreek Hill,
2022,14,MIA,G,Robert Jones,00-0036596,,,Full Participation in Practice,Robert Jones,
2022,14,MIA,CB,Kader Kohou,00-0037353,,,Full Participation in Practice,Kader Kohou,
2022,14,MIA,S,Eric Rowe,00-0031555,,,Full Participation in Practice,Eric Rowe,
2022,14,MIA,QB,Tua Tagovailoa,00-0036212,,,Full Participation in Practice,Tua Tagovailoa,
2022,14,MIA,WR,Jaylen Waddle,00-0036613,,,Full Participation in Practice,Jaylen Waddle,
2022,14,MIA,DT,Raekwon Davis,00-0036213,,,Limited Participation in Practice,Raekwon Davis,
2022,14,MIA,WR,River Cracraft,00-0034054,Doubtful,Calf,Did Not Participate In Practice,River Cracraft,DOUBTFUL
2022,14,MIA,T,Terron Armstead,00-0030067,Questionable,Toe,Limited Participation in Practice,Terron Armstead,QUESTIONABLE
2022,14,MIA,QB,Teddy Bridgewater,00-0031237,Questionable,Knee,Limited Participation in Practice,Teddy Bridgewater,QUESTIONABLE
2022,14,MIA,TE,Durham Smythe,00-0034798,Questionable,Quadricep,Limited Participation in Practice,Durham Smythe,QUESTIONABLE
2022,14,MIA,DT,Justin Zimmer,00-0032518,Questionable,Back,Limited Participation in Practice,Justin Zimmer,QUESTIONABLE
2022,14,MIN,FB,C.J. Ham,00-0032918,,,Full Participation in Practice,C.J. Ham,
2022,14,MIN,DE,Danielle Hunter,00-0031565,,,Full Participation in Practice,Danielle Hunter,
2022,14,MIN,S,Theo Jackson,00-0037301,,,Full Participation in Practice,Theo Jackson,
2022,14,MIN,LB,Eric Kendricks,00-0031554,,,Full Participation in Practice,Eric Kendricks,
2022,14,MIN,CB,Patrick Peterson,00-0027943,,,Full Participation in Practice,Patrick Peterson,
2022,14,MIN,DE,Jonathan Bullard,00-0033093,Out,Biceps,Did Not Participate In Practice,Jonathan Bullard,OUT
2022,14,MIN,T,Christian Darrisaw,00-0036616,Questionable,Concussion,Full Participation in Practice,Christian Darrisaw,QUESTIONABLE
2022,14,MIN,C,Garrett Bradbury,00-0035588,Questionable,Back,Limited Participation in Practice,Garrett Bradbury,QUESTIONABLE
2022,14,MIN,S,Harrison Smith,00-0029606,Questionable,Neck,Limited Participation in Practice,Harrison Smith,QUESTIONABLE
2022,14,NE,WR,Jakobi Meyers,00-0034960,Out,Concussion,Did Not Participate In Practice,Jakobi Meyers,OUT
2022,14,NE,CB,Jalen Mills,00-0032803,Out,Groin,Did Not Participate In Practice,Jalen Mills,OUT
2022,14,NE,T,Isaiah Wynn,00-0034833,Out,Foot,Did Not Participate In Practice,Isaiah Wynn,OUT
2022,14,NE,RB,Damien Harris,00-0035657,Doubtful,Thigh,Did Not Participate In Practice,Damien Harris,DOUBTFUL
2022,14,NE,T,Trenton Brown,00-0032071,Questionable,Illness,Limited Participation in Practice,Trenton Brown,QUESTIONABLE
2022,14,NE,T,Yodny Cajuste,00-0035252,Questionable,Calf,Limited Participation in Practice,Yodny Cajuste,QUESTIONABLE
2022,14,NYG,WR,Marcus Johnson,00-0032980,,,Did Not Participate In Practice,Marcus Johnson,
2022,14,NYG,G,Mark Glowinski,00-0031581,,,Full Participation in Practice,Mark Glowinski,
2022,14,NYG,WR,Kenny Golladay,00-0033932,,,Full Participation in Practice,Kenny Golladay,
2022,14,NYG,CB,Darnay Holmes,00-0036394,,,Full Participation in Practice,Darnay Holmes,
2022,14,NYG,WR,Richie James,00-0034286,,,Full Participation in Practice,Richie James,
2022,14,NYG,DT,Dexter Lawrence,00-0035683,,,Full Participation in Practice,Dexter Lawrence,
2022,14,NYG,S,Julian Love,00-0034974,,,Full Participation in Practice,Julian Love,
2022,14,NYG,CB,Nick McCloud,00-0036589,,,Full Participation in Practice,Nick McCloud,
2022,14,NYG,DT,Henry Mondeaux,00-0034318,,,Full Participation in Practice,Henry Mondeaux,
2022,14,NYG,G,Joshua Ezeudu,00-0037807,Out,Neck,Did Not Participate In Practice,Joshua Ezeudu,OUT
2022,14,NYG,CB,Adoree' Jackson,00-0033878,Out,Knee,Did Not Participate In Practice,Adoree' Jackson,OUT
2022,14,NYG,G,Shane Lemieux,00-0036397,Out,Toe,Did Not Participate In Practice,Shane Lemieux,OUT
2022,14,NYG,DT,Leonard Williams,00-0031933,Doubtful,Neck,Did Not Participate In Practice,Leonard Williams,DOUBTFUL
2022,14,NYG,RB,Saquon Barkley,00-0034844,Questionable,Neck,Limited Participation in Practice,Saquon Barkley,QUESTIONABLE
2022,14,NYJ,T,Duane Brown,00-0026166,,,Full Participation in Practice,Duane Brown,
2022,14,NYJ,S,Ashtyn Davis,00-0036329,,,Full Participation in Practice,Ashtyn Davis,
2022,14,NYJ,WR,Corey Davis,00-0033871,,,Full Participation in Practice,Corey Davis,
2022,14,NYJ,T,George Fant,00-0032466,,,Full Participation in Practice,George Fant,
2022,14,NYJ,S,Lamarcus Joyner,00-0031389,,,Full Participation in Practice,Lamarcus Joyner,
2022,14,NYJ,CB,D.J. Reed,00-0034384,,,Full Participation in Practice,D.J. Reed,
2022,14,NYJ,DE,Micheal Clemons,00-0038107,Questionable,Illness,Did Not Participate In Practice,Micheal Clemons,QUESTIONABLE
2022,14,PHI,WR,Quez Watkins,00-0036271,,,Full Participation in Practice,Quez Watkins,
2022,14,PHI,LB,Kyzir White,00-0034375,,,Full Participation in Practice,Kyzir White,
2022,14,PHI,CB,James Bradberry,00-0032890,,,Limited Participation in Practice,James Bradberry,
2022,14,PHI,WR,A.J. Brown,00-0035676,,,Limited Participation in Practice,A.J. Brown,
2022,14,PHI,DT,Fletcher Cox,00-0029653,,,Limited Participation in Practice,Fletcher Cox,
2022,14,PHI,G,Landon Dickerson,00-0037002,,,Limited Participation in Practice,Landon Dickerson,
2022,14,PHI,DE,Brandon Graham,00-0027865,,,Limited Participation in Practice,Brandon Graham,
2022,14,PHI,T,Lane Johnson,00-0030561,,,Limited Participation in Practice,Lane Johnson,
2022,14,PHI,C,Jason Kelce,00-0028129,,,Limited Participation in Practice,Jason Kelce,
2022,14,PHI,G,Isaac Seumalo,00-0032954,,,Limited Participation in Practice,Isaac Seumalo,
2022,14,PHI,CB,Darius Slay,00-0030062,,,Limited Participation in Practice,Darius Slay,
2022,14,PHI,DE,Josh Sweat,00-0034381,,,Limited Participation in Practice,Josh Sweat,
2022,14,PHI,LB,Shaun Bradley,00-0036401,Out,Hamstring,Did Not Participate In Practice,Shaun Bradley,OUT
2022,14,PHI,RB,Trey Sermon,00-0036984,Questionable,Illness,"
    ",Trey Sermon,QUESTIONABLE
2022,14,PIT,RB,Najee Harris,00-0036893,,,Full Participation in Practice,Najee Harris,
2022,14,PIT,DT,Cameron Heyward,00-0027969,,,Full Participation in Practice,Cameron Heyward,
2022,14,PIT,DT,Larry Ogunjobi,00-0033905,,,Full Participation in Practice,Larry Ogunjobi,
2022,14,PIT,T,Chukwuma Okorafor,00-0034768,,,Full Participation in Practice,Chukwuma Okorafor,
2022,14,PIT,LB,Malik Reed,00-0034954,Questionable,Back,Full Participation in Practice,Malik Reed,QUESTIONABLE
2022,14,PIT,WR,Diontae Johnson,00-0035216,Questionable,Hip,Limited Participation in Practice,Diontae Johnson,QUESTIONABLE
2022,14,PIT,LB,T.J. Watt,00-0033886,Questionable,Ribs,Limited Participation in Practice,T.J. Watt,QUESTIONABLE
2022,14,SEA,LB,Cody Barton,00-0035672,,,Full Participation in Practice,Cody Barton,
2022,14,SEA,LB,Jordyn Brooks,00-0036409,,,Full Participation in Practice,Jordyn Brooks,
2022,14,SEA,DE,Poona Ford,00-0034234,,,Full Participation in Practice,Poona Ford,
2022,14,SEA,WR,Marquise Goodwin,00-0030068,,,Full Participation in Practice,Marquise Goodwin,
2022,14,SEA,RB,Travis Homer,00-0035594,,,Full Participation in Practice,Travis Homer,
2022,14,SEA,LB,Bruce Irvin,00-0029193,,,Full Participation in Practice,Bruce Irvin,
2022,14,SEA,T,Abraham Lucas,00-0037812,,,Full Participation in Practice,Abraham Lucas,
2022,14,SEA,QB,Geno Smith,00-0030565,,,Full Participation in Practice,Geno Smith,
2022,14,SEA,DT,Al Woods,00-0027723,,,Full Participation in Practice,Al Woods,
2022,14,SEA,RB,DeeJay Dallas,00-0036425,Questionable,Ankle,Did Not Participate In Practice,DeeJay Dallas,QUESTIONABLE
2022,14,SEA,WR,DK Metcalf,00-0035640,Questionable,Hip,Did Not Participate In Practice,DK Metcalf,QUESTIONABLE
2022,14,SEA,RB,Kenneth Walker,00-0038134,Questionable,Ankle,Did Not Participate In Practice,Kenneth Walker,QUESTIONABLE
2022,14,SEA,S,Ryan Neal,00-0034527,Questionable,Knee,Full Participation in Practice,Ryan Neal,QUESTIONABLE
2022,14,SEA,TE,Will Dissly,00-0034159,Questionable,Calf,Limited Participation in Practice,Will Dissly,QUESTIONABLE
2022,14,SF,DT,Arik Armstead,00-0032164,,,Full Participation in Practice,Arik Armstead,
2022,14,SF,G,Spencer Burford,00-0037829,,,Full Participation in Practice,Spencer Burford,
2022,14,SF,RB,Christian McCaffrey,00-0033280,,,Full Participation in Practice,Christian McCaffrey,
2022,14,SF,WR,Deebo Samuel,00-0035719,,,Full Participation in Practice,Deebo Samuel,
2022,14,SF,T,Trent Williams,00-0027857,,,Full Participation in Practice,Trent Williams,
2022,14,SF,QB,Jimmy Garoppolo,00-0031345,Out,Foot,Did Not Participate In Practice,Jimmy Garoppolo,OUT
2022,14,SF,S,Tarvarius Moore,00-0034263,Out,Knee,Did Not Participate In Practice,Tarvarius Moore,OUT
2022,14,SF,DT,Hassan Ridgeway,00-0032402,Out,Pectoral,Did Not Participate In Practice,Hassan Ridgeway,OUT
2022,14,SF,DE,Nick Bosa,00-0035717,Questionable,Hamstring,Did Not Participate In Practice,Nick Bosa,QUESTIONABLE
2022,14,TB,TE,Cameron Brate,00-0031273,,,Full Participation in Practice,Cameron Brate,
2022,14,TB,DT,Vita Vea,00-0034773,,,Limited Participation in Practice,Vita Vea,
2022,14,TB,S,Mike Edwards,00-0035681,Doubtful,Hamstring,Did Not Participate In Practice,Mike Edwards,DOUBTFUL
2022,14,TB,S,Antoine Winfield,00-0036411,Doubtful,Ankle,Did Not Participate In Practice,Antoine Winfield,DOUBTFUL
2022,14,TB,T,Tristan Wirfs,00-0036406,Doubtful,Ankle,Did Not Participate In Practice,Tristan Wirfs,DOUBTFUL
2022,14,TB,RB,Leonard Fournette,00-0033856,Questionable,Foot,Did Not Participate In Practice,Leonard Fournette,QUESTIONABLE
2022,14,TB,DT,Akiem Hicks,00-0029657,Questionable,Foot,Did Not Participate In Practice,Akiem Hicks,QUESTIONABLE
2022,14,TB,CB,Sean Murphy-Bunting,00-0035239,Questionable,Quadricep,Full Participation in Practice,Sean Murphy-Bunting,QUESTIONABLE
2022,14,TEN,RB,Derrick Henry,00-0032764,,,Full Participation in Practice,Derrick Henry,
2022,14,TEN,QB,Ryan Tannehill,00-0029701,,,Full Participation in Practice,Ryan Tannehill,
2022,14,TEN,G,Nate Davis,00-0035649,,,Limited Participation in Practice,Nate Davis,
2022,14,TEN,C,Ben Jones,00-0029413,,,Limited Participation in Practice,Ben Jones,
2022,14,TEN,DE,Denico Autry,00-0031254,Out,Knee,Did Not Participate In Practice,Denico Autry,OUT
2022,14,TEN,CB,Tre Avery,00-0037593,Out,Concussion,Did Not Participate In Practice,Tre Avery,OUT
2022,14,TEN,WR,C.J. Board,00-0033367,Out,Rib,Did Not Participate In Practice,C.J. Board,OUT
2022,14,TEN,WR,Treylon Burks,00-0037742,Out,Concussion,Did Not Participate In Practice,Treylon Burks,OUT
2022,14,TEN,CB,Kristian Fulton,00-0036416,Out,Groin,Did Not Participate In Practice,Kristian Fulton,OUT
2022,14,TEN,LB,David Long,00-0035292,Out,Hamstring,Did Not Participate In Practice,David Long,OUT
2022,14,TEN,RB,Hassan Haskins,00-0037617,Questionable,Hip,Limited Participation in Practice,Hassan Haskins,QUESTIONABLE
2022,14,TEN,DT,Jeffery Simmons,00-0035643,Questionable,Ankle,Limited Participation in Practice,Jeffery Simmons,QUESTIONABLE
2022,14,TEN,DT,Teair Tart,00-0036181,Questionable,Ankle,Limited Participation in Practice,Teair Tart,QUESTIONABLE
2022,15,ARI,QB,Colt McCoy,00-0027688,,,Full Participation in Practice,Colt McCoy,
2022,15,ARI,C,Lecitus Smith,00-0037308,,,Full Participation in Practice,Lecitus Smith,
2022,15,ARI,DE,Zach Allen,00-0035248,Out,Hand,Did Not Participate In Practice,Zach Allen,OUT
2022,15,ARI,CB,Byron Murphy,00-0035236,Out,Back,Did Not Participate In Practice,Byron Murphy,OUT
2022,15,ARI,CB,Antonio Hamilton,00-0032933,Questionable,Back,Did Not Participate In Practice,Antonio Hamilton,QUESTIONABLE
2022,15,ARI,WR,Marquise Brown,00-0035662,Questionable,Illness,Limited Participation in Practice,Marquise Brown,QUESTIONABLE
2022,15,ARI,T,Rashaad Coward,00-0033631,Questionable,Chest,Limited Participation in Practice,Rashaad Coward,QUESTIONABLE
2022,15,ARI,S,Charles Washington,00-0032560,Questionable,Chest,Limited Participation in Practice,Charles Washington,QUESTIONABLE
2022,15,ARI,CB,Marco Wilson,00-0036884,Questionable,Neck,Limited Participation in Practice,Marco Wilson,QUESTIONABLE
2022,15,ATL,RB,Cordarrelle Patterson,00-0030578,,,Did Not Participate In Practice,Cordarrelle Patterson,
2022,15,ATL,WR,KhaDarel Hodge,00-0034854,,,Full Participation in Practice,KhaDarel Hodge,
2022,15,ATL,G,Chuma Edoga,00-0035698,Out,Knee,Did Not Participate In Practice,Chuma Edoga,OUT
2022,15,BAL,DE,Calais Campbell,00-0026190,,,Did Not Participate In Practice,Calais Campbell,
2022,15,BAL,LB,Justin Houston,00-0028008,,,Did Not Participate In Practice,Justin Houston,
2022,15,BAL,CB,Marcus Peters,00-0032165,,,Did Not Participate In Practice,Marcus Peters,
2022,15,BAL,DE,Jason Pierre-Paul,00-0027867,,,Did Not Participate In Practice,Jason Pierre-Paul,
2022,15,BAL,T,Ronnie Stanley,00-0032965,,,Did Not Participate In Practice,Ronnie Stanley,
2022,15,BAL,QB,Tyler Huntley,00-0035993,,,Full Participation in Practice,Tyler Huntley,
2022,15,BAL,WR,Demarcus Robinson,00-0032775,,,Full Participation in Practice,Demarcus Robinson,
2022,15,BAL,QB,Lamar Jackson,00-0034796,Out,Knee,Did Not Participate In Practice,Lamar Jackson,OUT
2022,15,BAL,T,Morgan Moses,00-0031330,Questionable,Knee,Full Participation in Practice,Morgan Moses,QUESTIONABLE
2022,15,BAL,P,Jordan Stout,00-0038094,Questionable,right Knee,Full Participation in Practice,Jordan Stout,QUESTIONABLE
2022,15,BAL,G,Kevin Zeitler,00-0029592,Questionable,Knee,Full Participation in Practice,Kevin Zeitler,QUESTIONABLE
2022,15,BUF,WR,Stefon Diggs,00-0031588,,,Did Not Participate In Practice,Stefon Diggs,
2022,15,BUF,RB,Taiwan Jones,00-0028063,,,Did Not Participate In Practice,Taiwan Jones,
2022,15,BUF,G,Rodger Saffold,00-0027648,,,Did Not Participate In Practice,Rodger Saffold,
2022,15,BUF,QB,Josh Allen,00-0034857,,,Full Participation in Practice,Josh Allen,
2022,15,BUF,FB,Reggie Gilliam,00-0036187,,,Full Participation in Practice,Reggie Gilliam,
2022,15,BUF,CB,Cameron Lewis,00-0035357,,,Full Participation in Practice,Cameron Lewis,
2022,15,BUF,C,Mitch Morse,00-0031936,,,Full Participation in Practice,Mitch Morse,
2022,15,BUF,DT,Ed Oliver,00-0035230,,,Full Participation in Practice,Ed Oliver,
2022,15,BUF,LB,Matt Milano,00-0033571,,,Limited Participation in Practice,Matt Milano,
2022,15,BUF,C,Ryan Bates,00-0035382,Out,Ankle,Did Not Participate In Practice,Ryan Bates,OUT
2022,15,BUF,DE,Jordan Phillips,00-0031557,Out,Shoulder,Did Not Participate In Practice,Jordan Phillips,OUT
2022,15,CAR,RB,D'Onta Foreman,00-0033925,,,Did Not Participate In Practice,D'Onta Foreman,
2022,15,CAR,T,Taylor Moton,00-0033284,,,Did Not Participate In Practice,Taylor Moton,
2022,15,CAR,LB,Damien Wilson,00-0032215,,,Did Not Participate In Practice,Damien Wilson,
2022,15,CAR,LB,Joel Iyiegbuniwe,00-0034372,,,Full Participation in Practice,Joel Iyiegbuniwe,
2022,15,CAR,LB,Cory Littleton,00-0032677,,,Full Participation in Practice,Cory Littleton,
2022,15,CAR,LB,Brandon Smith,00-0038113,Out,Ankle,Did Not Participate In Practice,Brandon Smith,OUT
2022,15,CAR,S,Xavier Woods,00-0033579,Questionable,Knee,Full Participation in Practice,Xavier Woods,QUESTIONABLE
2022,15,CAR,WR,D.J. Moore,00-0034827,Questionable,Ankle,Limited Participation in Practice,D.J. Moore,QUESTIONABLE
2022,15,CAR,WR,Laviska Shenault,00-0036268,Questionable,Shoulder,Limited Participation in Practice,Laviska Shenault,QUESTIONABLE
2022,15,CHI,S,Jaquan Brisker,00-0038135,,,Full Participation in Practice,Jaquan Brisker,
2022,15,CHI,QB,Justin Fields,00-0036945,,,Full Participation in Practice,Justin Fields,
2022,15,CHI,CB,Kyler Gordon,00-0038111,,,Full Participation in Practice,Kyler Gordon,
2022,15,CHI,RB,David Montgomery,00-0035685,,,Full Participation in Practice,David Montgomery,
2022,15,CHI,WR,Chase Claypool,00-0036326,Out,Knee,Did Not Participate In Practice,Chase Claypool,OUT
2022,15,CHI,TE,Trevon Wesco,00-0035259,Out,Calf,Did Not Participate In Practice,Trevon Wesco,OUT
2022,15,CHI,T,Larry Borom,00-0036905,Doubtful,Knee,Limited Participation in Practice,Larry Borom,DOUBTFUL
2022,15,CHI,WR,N'Keal Harry,00-0035624,Questionable,Back,Full Participation in Practice,N'Keal Harry,QUESTIONABLE
2022,15,CHI,CB,Kindle Vildor,00-0036307,Questionable,Ankle,Full Participation in Practice,Kindle Vildor,QUESTIONABLE
2022,15,CIN,QB,Joe Burrow,00-0036442,,,Full Participation in Practice,Joe Burrow,
2022,15,CIN,T,La'el Collins,00-0031534,,,Full Participation in Practice,La'el Collins,
2022,15,CIN,S,Dax Hill,00-0037743,,,Full Participation in Practice,Dax Hill,
2022,15,CIN,DE,Joseph Ossai,00-0036902,,,Full Participation in Practice,Joseph Ossai,
2022,15,CIN,DT,D.J. Reader,00-0032424,,,Full Participation in Practice,D.J. Reader,
2022,15,CIN,DE,Trey Hendrickson,00-0033935,Out,Wrist,Did Not Participate In Practice,Trey Hendrickson,OUT
2022,15,CIN,CB,Mike Hilton,00-0032521,Out,Knee,Did Not Participate In Practice,Mike Hilton,OUT
2022,15,CIN,TE,Hayden Hurst,00-0034830,Out,Calf,Did Not Participate In Practice,Hayden Hurst,OUT
2022,15,CIN,CB,Jalen Davis,00-0034446,Doubtful,Thumb,Did Not Participate In Practice,Jalen Davis,DOUBTFUL
2022,15,CIN,WR,Tyler Boyd,00-0033009,Questionable,Finger,Full Participation in Practice,Tyler Boyd,QUESTIONABLE
2022,15,CIN,WR,Tee Higgins,00-0036410,Questionable,Hamstring,Full Participation in Practice,Tee Higgins,QUESTIONABLE
2022,15,CIN,WR,Trent Taylor,00-0033292,Questionable,Hamstring,Limited Participation in Practice,Trent Taylor,QUESTIONABLE
2022,15,CLE,G,Joel Bitonio,00-0031426,,,Full Participation in Practice,Joel Bitonio,
2022,15,CLE,DE,Jadeveon Clowney,00-0031364,,,Full Participation in Practice,Jadeveon Clowney,
2022,15,CLE,T,Jack Conklin,00-0033057,,,Full Participation in Practice,Jack Conklin,
2022,15,CLE,G,Hjalte Froholdt,00-0035258,,,Full Participation in Practice,Hjalte Froholdt,
2022,15,CLE,DE,Myles Garrett,00-0033868,,,Full Participation in Practice,Myles Garrett,
2022,15,CLE,CB,A.J. Green,00-0036114,,,Full Participation in Practice,A.J. Green,
2022,15,CLE,S,John Johnson,00-0033927,,,Full Participation in Practice,John Johnson,
2022,15,CLE,TE,David Njoku,00-0033885,,,Full Participation in Practice,David Njoku,
2022,15,CLE,CB,Denzel Ward,00-0034856,,,Full Participation in Practice,Denzel Ward,
2022,15,CLE,DE,Chase Winovich,00-0035654,,,Full Participation in Practice,Chase Winovich,
2022,15,CLE,WR,Amari Cooper,00-0031544,,,Limited Participation in Practice,Amari Cooper,
2022,15,CLE,WR,David Bell,00-0037257,Questionable,Thumb,Did Not Participate In Practice,David Bell,QUESTIONABLE
2022,15,DAL,LB,Micah Parsons,00-0036932,,,Did Not Participate In Practice,Micah Parsons,
2022,15,DAL,LB,Dante Fowler,00-0032052,,,Full Participation in Practice,Dante Fowler,
2022,15,DAL,S,Jayron Kearse,00-0032454,,,Full Participation in Practice,Jayron Kearse,
2022,15,DAL,DE,Demarcus Lawrence,00-0031411,,,Full Participation in Practice,Demarcus Lawrence,
2022,15,DAL,TE,Jake Ferguson,00-0038041,Out,Concussion,Did Not Participate In Practice,Jake Ferguson,OUT
2022,15,DAL,DE,Dorance Armstrong,00-0034373,Questionable,Ankle,Limited Participation in Practice,Dorance Armstrong,QUESTIONABLE
2022,15,DEN,LS,Jacob Bobenmoyer,00-0035757,,,Full Participation in Practice,Jacob Bobenmoyer,
2022,15,DEN,S,Kareem Jackson,00-0027872,,,Full Participation in Practice,Kareem Jackson,
2022,15,DEN,WR,Brandon Johnson,00-0037382,,,Full Participation in Practice,Brandon Johnson,
2022,15,DEN,K,Brandon McManus,00-0029822,,,Full Participation in Practice,Brandon McManus,
2022,15,DEN,CB,K'Waun Williams,00-0031253,,,Full Participation in Practice,K'Waun Williams,
2022,15,DEN,WR,Kendall Hinton,00-0035864,Out,Hamstring,Did Not Participate In Practice,Kendall Hinton,OUT
2022,15,DEN,WR,Courtland Sutton,00-0034348,Out,Hamstring,Did Not Participate In Practice,Courtland Sutton,OUT
2022,15,DEN,QB,Russell Wilson,00-0029263,Out,Concussion,Full Participation in Practice,Russell Wilson,OUT
2022,15,DEN,DE,Dre'Mont Jones,00-0035678,Questionable,Hip,Did Not Participate In Practice,Dre'Mont Jones,QUESTIONABLE
2022,15,DEN,DT,D.J. Jones,00-0033297,Questionable,Shoulder,Did Not Participate In Practice,D.J. Jones,QUESTIONABLE
2022,15,DEN,LB,Dakota Allen,00-0035670,Questionable,Hamstring,Limited Participation in Practice,Dakota Allen,QUESTIONABLE
2022,15,DEN,TE,Andrew Beck,00-0034959,Questionable,Hamstring,Limited Participation in Practice,Andrew Beck,QUESTIONABLE
2022,15,DEN,G,Dalton Risner,00-0035702,Questionable,Shoulder,Limited Participation in Practice,Dalton Risner,QUESTIONABLE
2022,15,DET,G,Evan Brown,00-0034495,,,Full Participation in Practice,Evan Brown,
2022,15,DET,T,Taylor Decker,00-0032381,,,Full Participation in Practice,Taylor Decker,
2022,15,DET,CB,Will Harris,00-0035655,,,Full Participation in Practice,Will Harris,
2022,15,DET,S,C.J. Moore,00-0035327,,,Full Participation in Practice,C.J. Moore,
2022,15,DET,G,Kayode Awosika,00-0036736,Out,Ankle,Did Not Participate In Practice,Kayode Awosika,OUT
2022,15,DET,LB,Derrick Barnes,00-0036964,Out,Knee,Did Not Participate In Practice,Derrick Barnes,OUT
2022,15,DET,DE,Michael Brockers,00-0029630,Doubtful,Illness,Did Not Participate In Practice,Michael Brockers,DOUBTFUL
2022,15,DET,RB,Justin Jackson,00-0034440,Questionable,Illness,"
    ",Justin Jackson,QUESTIONABLE
2022,15,DET,CB,Mike Hughes,00-0034843,Questionable,Illness,Did Not Participate In Practice,Mike Hughes,QUESTIONABLE
2022,15,DET,FB,Jason Cabinda,00-0034171,Questionable,Ankle,Limited Participation in Practice,Jason Cabinda,QUESTIONABLE
2022,15,DET,DE,Aidan Hutchinson,00-0037236,Questionable,Illness,Limited Participation in Practice,Aidan Hutchinson,QUESTIONABLE
2022,15,DET,C,Frank Ragnow,00-0034345,Questionable,Foot,Limited Participation in Practice,Frank Ragnow,QUESTIONABLE
2022,15,GB,LB,Krys Barnes,00-0035961,,,Full Participation in Practice,Krys Barnes,
2022,15,GB,WR,Romeo Doubs,00-0037816,,,Full Participation in Practice,Romeo Doubs,
2022,15,GB,LB,Kingsley Enagbare,00-0037083,,,Full Participation in Practice,Kingsley Enagbare,
2022,15,GB,S,Rudy Ford,00-0033792,,,Full Participation in Practice,Rudy Ford,
2022,15,GB,TE,Marcedes Lewis,00-0024243,,,Full Participation in Practice,Marcedes Lewis,
2022,15,GB,QB,Aaron Rodgers,00-0023459,,,Full Participation in Practice,Aaron Rodgers,
2022,15,GB,S,Darnell Savage,00-0034968,,,Full Participation in Practice,Darnell Savage,
2022,15,GB,G,Elgton Jenkins,00-0035526,,,Limited Participation in Practice,Elgton Jenkins,
2022,15,GB,RB,Aaron Jones,00-0033293,,,Limited Participation in Practice,Aaron Jones,
2022,15,GB,T,David Bakhtiari,00-0030074,Out,Knee,Did Not Participate In Practice,David Bakhtiari,OUT
2022,15,HOU,DE,Mario Addison,00-0028339,,,Did Not Participate In Practice,Mario Addison,
2022,15,HOU,DT,Maliek Collins,00-0033131,,,Did Not Participate In Practice,Maliek Collins,
2022,15,HOU,DE,Jerry Hughes,00-0027881,,,Did Not Participate In Practice,Jerry Hughes,
2022,15,HOU,FB,Troy Hairston,00-0037456,,,Full Participation in Practice,Troy Hairston,
2022,15,HOU,DT,Kurt Hinish,00-0037459,,,Full Participation in Practice,Kurt Hinish,
2022,15,HOU,DT,Roy Lopez,00-0036568,,,Full Participation in Practice,Roy Lopez,
2022,15,HOU,T,Laremy Tunsil,00-0032380,,,Full Participation in Practice,Laremy Tunsil,
2022,15,HOU,WR,Nico Collins,00-0036554,Out,Foot,Did Not Participate In Practice,Nico Collins,OUT
2022,15,HOU,CB,Steven Nelson,00-0032150,Out,Foot,Did Not Participate In Practice,Steven Nelson,OUT
2022,15,HOU,RB,Dameon Pierce,00-0037258,Out,Ankle,Did Not Participate In Practice,Dameon Pierce,OUT
2022,15,HOU,DT,Taylor Stallworth,00-0034325,Out,Calf,Did Not Participate In Practice,Taylor Stallworth,OUT
2022,15,HOU,CB,Derek Stingley,00-0037237,Out,Hamstring,Did Not Participate In Practice,Derek Stingley,OUT
2022,15,HOU,WR,Brandin Cooks,00-0031236,Out,Calf,Limited Participation in Practice,Brandin Cooks,OUT
2022,15,HOU,G,Kenyon Green,00-0037613,Out,Ankle,Limited Participation in Practice,Kenyon Green,OUT
2022,15,HOU,C,Justin McCray,00-0030792,Questionable,Hamstring,Limited Participation in Practice,Justin McCray,QUESTIONABLE
2022,15,IND,T,Braden Smith,00-0034836,,,Full Participation in Practice,Braden Smith,
2022,15,IND,CB,Kenny Moore,00-0033393,Out,Ankle,Did Not Participate In Practice,Kenny Moore,OUT
2022,15,IND,WR,Mike Strachan,00-0036482,Out,Concussion,Did Not Participate In Practice,Mike Strachan,OUT
2022,15,IND,CB,Brandon Facyson,00-0034545,Doubtful,Illness,Did Not Participate In Practice,Brandon Facyson,DOUBTFUL
2022,15,JAX,S,Andre Cisco,00-0036941,,,Full Participation in Practice,Andre Cisco,
2022,15,JAX,LB,Travon Walker,00-0037235,Questionable,Ankle,Did Not Participate In Practice,Travon Walker,QUESTIONABLE
2022,15,JAX,QB,Trevor Lawrence,00-0036971,Questionable,Toe,Limited Participation in Practice,Trevor Lawrence,QUESTIONABLE
2022,15,JAX,LB,Chad Muma,00-0037811,Questionable,Ankle,Limited Participation in Practice,Chad Muma,QUESTIONABLE
2022,15,JAX,G,Brandon Scherff,00-0032053,Questionable,Abdomen,Limited Participation in Practice,Brandon Scherff,QUESTIONABLE
2022,15,JAX,CB,Darious Williams,00-0034203,Questionable,Abdomen,Limited Participation in Practice,Darious Williams,QUESTIONABLE
2022,15,JAX,S,Andrew Wingard,00-0035378,Questionable,Shoulder,Limited Participation in Practice,Andrew Wingard,QUESTIONABLE
2022,15,KC,LB,Nick Bolton,00-0036621,,,Full Participation in Practice,Nick Bolton,
2022,15,KC,S,Deon Bush,00-0032774,,,Full Participation in Practice,Deon Bush,
2022,15,KC,S,Nazeeh Johnson,00-0037198,,,Full Participation in Practice,Nazeeh Johnson,
2022,15,KC,QB,Patrick Mahomes,00-0033873,,,Full Participation in Practice,Patrick Mahomes,
2022,15,KC,T,Lucas Niang,00-0036367,,,Full Participation in Practice,Lucas Niang,
2022,15,KC,DT,Derrick Nnadi,00-0034818,,,Full Participation in Practice,Derrick Nnadi,
2022,15,KC,RB,Isiah Pacheco,00-0037197,,,Full Participation in Practice,Isiah Pacheco,
2022,15,KC,S,Justin Reid,00-0034361,,,Full Participation in Practice,Justin Reid,
2022,15,KC,G,Trey Smith,00-0036660,,,Full Participation in Practice,Trey Smith,
2022,15,KC,WR,JuJu Smith-Schuster,00-0033857,,,Full Participation in Practice,JuJu Smith-Schuster,
2022,15,KC,CB,L'Jarius Sneed,00-0036374,,,Full Participation in Practice,L'Jarius Sneed,
2022,15,KC,CB,Jaylen Watson,00-0037195,,,Full Participation in Practice,Jaylen Watson,
2022,15,KC,DT,Chris Jones,00-0032762,Questionable,Illness,Did Not Participate In Practice,Chris Jones,QUESTIONABLE
2022,15,KC,WR,Kadarius Toney,00-0036913,Questionable,Hamstring,Limited Participation in Practice,Kadarius Toney,QUESTIONABLE
2022,15,LA,LB,Leonard Floyd,00-0033072,,,Did Not Participate In Practice,Leonard Floyd,
2022,15,LA,LB,Ernest Jones,00-0036994,,,Full Participation in Practice,Ernest Jones,
2022,15,LA,CB,Robert Rochell,00-0036904,,,Full Participation in Practice,Robert Rochell,
2022,15,LA,LB,Terrell Lewis,00-0036419,,,Limited Participation in Practice,Terrell Lewis,
2022,15,LA,T,Ty Nsekhe,00-0029709,,,Limited Participation in Practice,Ty Nsekhe,
2022,15,LA,DT,Marquise Copeland,00-0035607,Out,Ankle,Did Not Participate In Practice,Marquise Copeland,OUT
2022,15,LA,DT,Aaron Donald,00-0031388,Out,Ankle,Did Not Participate In Practice,Aaron Donald,OUT
2022,15,LA,LB,Travin Howard,00-0034812,Out,Hip,Did Not Participate In Practice,Travin Howard,OUT
2022,15,LA,CB,David Long,00-0035665,Out,Groin,Did Not Participate In Practice,David Long,OUT
2022,15,LA,QB,John Wolford,00-0034899,Out,Neck,Did Not Participate In Practice,John Wolford,OUT
2022,15,LA,C,Brian Allen,00-0034804,Questionable,Knee,Limited Participation in Practice,Brian Allen,QUESTIONABLE
2022,15,LAC,G,Zion Johnson,00-0037818,,,Full Participation in Practice,Zion Johnson,
2022,15,LAC,G,Jamaree Salyer,00-0037295,,,Full Participation in Practice,Jamaree Salyer,
2022,15,LAC,WR,Mike Williams,00-0033536,,,Full Participation in Practice,Mike Williams,
2022,15,LAC,S,Derwin James,00-0034790,Doubtful,Quadricep,Did Not Participate In Practice,Derwin James,DOUBTFUL
2022,15,LAC,CB,Bryce Callahan,00-0031904,Questionable,Groin,Full Participation in Practice,Bryce Callahan,QUESTIONABLE
2022,15,LAC,T,Trey Pipkins,00-0035688,Questionable,Knee,Full Participation in Practice,Trey Pipkins,QUESTIONABLE
2022,15,LAC,DT,Sebastian Joseph,00-0034810,Questionable,Knee,Limited Participation in Practice,Sebastian Joseph,QUESTIONABLE
2022,15,LV,DE,Malcolm Koonce,00-0036989,,,Full Participation in Practice,Malcolm Koonce,
2022,15,LV,G,Dylan Parham,00-0037255,,,Full Participation in Practice,Dylan Parham,
2022,15,LV,CB,Sam Webb,00-0037516,,,Full Participation in Practice,Sam Webb,
2022,15,LV,G,Alex Bars,00-0035061,Out,Knee,Did Not Participate In Practice,Alex Bars,OUT
2022,15,LV,CB,Rock Ya-Sin,00-0035637,Out,Knee,Did Not Participate In Practice,Rock Ya-Sin,OUT
2022,15,LV,T,Jackson Barton,00-0035003,Questionable,Back,Limited Participation in Practice,Jackson Barton,QUESTIONABLE
2022,15,LV,DT,Andrew Billings,00-0033066,Questionable,Fibula,Limited Participation in Practice,Andrew Billings,QUESTIONABLE
2022,15,LV,G,Jermaine Eluemunor,00-0033290,Questionable,Oblique,Limited Participation in Practice,Jermaine Eluemunor,QUESTIONABLE
2022,15,LV,RB,Josh Jacobs,00-0035700,Questionable,Quadricep,Limited Participation in Practice,Josh Jacobs,QUESTIONABLE
2022,15,LV,LB,Denzel Perryman,00-0032103,Questionable,Hip,Limited Participation in Practice,Denzel Perryman,QUESTIONABLE
2022,15,MIA,LB,Melvin Ingram,00-0029249,,,Did Not Participate In Practice,Melvin Ingram,
2022,15,MIA,WR,Tyreek Hill,00-0033040,,,Full Participation in Practice,Tyreek Hill,
2022,15,MIA,CB,Kader Kohou,00-0037353,,,Full Participation in Practice,Kader Kohou,
2022,15,MIA,LB,Elandon Roberts,00-0032442,,,Full Participation in Practice,Elandon Roberts,
2022,15,MIA,TE,Durham Smythe,00-0034798,,,Full Participation in Practice,Durham Smythe,
2022,15,MIA,DT,Justin Zimmer,00-0032518,,,Full Participation in Practice,Justin Zimmer,
2022,15,MIA,S,Eric Rowe,00-0031555,Out,Hamstring,Did Not Participate In Practice,Eric Rowe,OUT
2022,15,MIA,CB,Elijah Campbell,00-0034248,Out,Concussion,Limited Participation in Practice,Elijah Campbell,OUT
2022,15,MIA,WR,River Cracraft,00-0034054,Doubtful,Calf,Did Not Participate In Practice,River Cracraft,DOUBTFUL
2022,15,MIA,T,Terron Armstead,00-0030067,Questionable,Toe,Limited Participation in Practice,Terron Armstead,QUESTIONABLE
2022,15,MIA,QB,Teddy Bridgewater,00-0031237,Questionable,Knee,Limited Participation in Practice,Teddy Bridgewater,QUESTIONABLE
2022,15,MIA,RB,Jeffery Wilson,00-0034115,Questionable,Hip,Limited Participation in Practice,Jeffery Wilson,QUESTIONABLE
2022,15,MIN,T,Blake Brandel,00-0036347,,,Did Not Participate In Practice,Blake Brandel,
2022,15,MIN,LB,Jordan Hicks,00-0032129,,,Full Participation in Practice,Jordan Hicks,
2022,15,MIN,DT,James Lynch,00-0036337,,,Full Participation in Practice,James Lynch,
2022,15,MIN,S,Harrison Smith,00-0029606,,,Full Participation in Practice,Harrison Smith,
2022,15,MIN,WR,Adam Thielen,00-0030035,,,Full Participation in Practice,Adam Thielen,
2022,15,MIN,DE,Patrick Jones,00-0037007,Questionable,Illness,Did Not Participate In Practice,Patrick Jones,QUESTIONABLE
2022,15,MIN,C,Garrett Bradbury,00-0035588,Questionable,Back,Limited Participation in Practice,Garrett Bradbury,QUESTIONABLE
2022,15,MIN,CB,Cameron Dantzler,00-0036330,Questionable,Illness,Limited Participation in Practice,Cameron Dantzler,QUESTIONABLE
2022,15,MIN,DE,Danielle Hunter,00-0031565,Questionable,Neck,Limited Participation in Practice,Danielle Hunter,QUESTIONABLE
2022,15,MIN,DT,Harrison Phillips,00-0034782,Questionable,Back,Limited Participation in Practice,Harrison Phillips,QUESTIONABLE
2022,15,NE,DT,Christian Barmore,00-0036981,,,Limited Participation in Practice,Christian Barmore,
2022,15,NE,CB,Jalen Mills,00-0032803,Out,Groin,Did Not Participate In Practice,Jalen Mills,OUT
2022,15,NE,WR,DeVante Parker,00-0031547,Out,Concussion,Did Not Participate In Practice,DeVante Parker,OUT
2022,15,NE,T,Isaiah Wynn,00-0034833,Out,Foot,Did Not Participate In Practice,Isaiah Wynn,OUT
2022,15,NE,LS,Joe Cardona,00-0032228,Questionable,Ankle,Full Participation in Practice,Joe Cardona,QUESTIONABLE
2022,15,NE,T,Yodny Cajuste,00-0035252,Questionable,Calf,Limited Participation in Practice,Yodny Cajuste,QUESTIONABLE
2022,15,NE,RB,Damien Harris,00-0035657,Questionable,Thigh,Limited Participation in Practice,Damien Harris,QUESTIONABLE
2022,15,NE,CB,Jack Jones,00-0038039,Questionable,Knee,Limited Participation in Practice,Jack Jones,QUESTIONABLE
2022,15,NE,WR,Jakobi Meyers,00-0034960,Questionable,Concussion,Limited Participation in Practice,Jakobi Meyers,QUESTIONABLE
2022,15,NE,RB,Rhamondre Stevenson,00-0036875,Questionable,Ankle,Limited Participation in Practice,Rhamondre Stevenson,QUESTIONABLE
2022,15,NO,RB,Mark Ingram,00-0027966,,,Did Not Participate In Practice,Mark Ingram,
2022,15,NO,DE,Cameron Jordan,00-0027962,,,Full Participation in Practice,Cameron Jordan,
2022,15,NO,K,Wil Lutz,00-0032569,,,Full Participation in Practice,Wil Lutz,
2022,15,NO,T,Ryan Ramczyk,00-0033888,,,Full Participation in Practice,Ryan Ramczyk,
2022,15,NO,LB,Zack Baun,00-0036418,Out,Ankle,Did Not Participate In Practice,Zack Baun,OUT
2022,15,NO,CB,P.J. Williams,00-0032059,Out,Knee,Did Not Participate In Practice,P.J. Williams,OUT
2022,15,NO,S,J.T. Gray,00-0034116,Questionable,Hamstring,Did Not Participate In Practice,J.T. Gray,QUESTIONABLE
2022,15,NO,RB,Dwayne Washington,00-0032450,Questionable,Illness,Did Not Participate In Practice,Dwayne Washington,QUESTIONABLE
2022,15,NO,TE,Juwan Johnson,00-0036040,Questionable,Ankle,Limited Participation in Practice,Juwan Johnson,QUESTIONABLE
2022,15,NO,CB,Marshon Lattimore,00-0033874,Questionable,Abdomen,Limited Participation in Practice,Marshon Lattimore,QUESTIONABLE
2022,15,NO,TE,Adam Trautman,00-0036422,Questionable,Ankle,Limited Participation in Practice,Adam Trautman,QUESTIONABLE
2022,15,NO,DE,Payton Turner,00-0036926,Questionable,Ankle,Limited Participation in Practice,Payton Turner,QUESTIONABLE
2022,15,NYG,LB,Elerson Smith,00-0036895,,,Did Not Participate In Practice,Elerson Smith,
2022,15,NYG,DT,Dexter Lawrence,00-0035683,,,Full Participation in Practice,Dexter Lawrence,
2022,15,NYG,S,Julian Love,00-0034974,,,Full Participation in Practice,Julian Love,
2022,15,NYG,LB,Micah McFadden,00-0037259,,,Full Participation in Practice,Micah McFadden,
2022,15,NYG,G,Joshua Ezeudu,00-0037807,Out,Neck,Did Not Participate In Practice,Joshua Ezeudu,OUT
2022,15,NYG,CB,Adoree' Jackson,00-0033878,Out,Knee,Did Not Participate In Practice,Adoree' Jackson,OUT
2022,15,NYG,G,Shane Lemieux,00-0036397,Out,Toe,Did Not Participate In Practice,Shane Lemieux,OUT
2022,15,NYG,WR,Richie James,00-0034286,Questionable,Concussion,Full Participation in Practice,Richie James,QUESTIONABLE
2022,15,NYG,LB,Jihad Ward,00-0033046,Questionable,Concussion,Full Participation in Practice,Jihad Ward,QUESTIONABLE
2022,15,NYG,TE,Daniel Bellinger,00-0038115,Questionable,Rib,Limited Participation in Practice,Daniel Bellinger,QUESTIONABLE
2022,15,NYG,CB,Nick McCloud,00-0036589,Questionable,Illness,Limited Participation in Practice,Nick McCloud,QUESTIONABLE
2022,15,NYG,DT,Leonard Williams,00-0031933,Questionable,Neck,Limited Participation in Practice,Leonard Williams,QUESTIONABLE
2022,15,NYJ,S,Will Parks,00-0032958,,,Did Not Participate In Practice,Will Parks,
2022,15,NYJ,T,Duane Brown,00-0026166,,,Full Participation in Practice,Duane Brown,
2022,15,NYJ,DE,Micheal Clemons,00-0038107,,,Full Participation in Practice,Micheal Clemons,
2022,15,NYJ,T,George Fant,00-0032466,,,Full Participation in Practice,George Fant,
2022,15,NYJ,DE,John Franklin-Myers,00-0034805,,,Full Participation in Practice,John Franklin-Myers,
2022,15,NYJ,WR,Corey Davis,00-0033871,Out,Concussion,Did Not Participate In Practice,Corey Davis,OUT
2022,15,NYJ,CB,Brandin Echols,00-0036504,Out,Quadricep,Did Not Participate In Practice,Brandin Echols,OUT
2022,15,NYJ,QB,Mike White,00-0034401,Out,Ribs,Did Not Participate In Practice,Mike White,OUT
2022,15,NYJ,S,Lamarcus Joyner,00-0031389,Questionable,Hip,"
    ",Lamarcus Joyner,QUESTIONABLE
2022,15,NYJ,DT,Quinnen Williams,00-0035718,Questionable,Calf,Did Not Participate In Practice,Quinnen Williams,QUESTIONABLE
2022,15,PHI,LB,Shaun Bradley,00-0036401,,,Full Participation in Practice,Shaun Bradley,
2022,15,PHI,G,Landon Dickerson,00-0037002,,,Full Participation in Practice,Landon Dickerson,
2022,15,PHI,T,Lane Johnson,00-0030561,,,Full Participation in Practice,Lane Johnson,
2022,15,PHI,LB,Kyron Johnson,00-0037084,,,Full Participation in Practice,Kyron Johnson,
2022,15,PHI,WR,Quez Watkins,00-0036271,,,Full Participation in Practice,Quez Watkins,
2022,15,PHI,CB,James Bradberry,00-0032890,,,Limited Participation in Practice,James Bradberry,
2022,15,PHI,WR,A.J. Brown,00-0035676,,,Limited Participation in Practice,A.J. Brown,
2022,15,PHI,DT,Fletcher Cox,00-0029653,,,Limited Participation in Practice,Fletcher Cox,
2022,15,PHI,DE,Brandon Graham,00-0027865,,,Limited Participation in Practice,Brandon Graham,
2022,15,PHI,C,Jason Kelce,00-0028129,,,Limited Participation in Practice,Jason Kelce,
2022,15,PHI,G,Isaac Seumalo,00-0032954,,,Limited Participation in Practice,Isaac Seumalo,
2022,15,PHI,CB,Darius Slay,00-0030062,,,Limited Participation in Practice,Darius Slay,
2022,15,PHI,DE,Josh Sweat,00-0034381,,,Limited Participation in Practice,Josh Sweat,
2022,15,PHI,S,Reed Blankenship,00-0037130,Out,Knee,Did Not Participate In Practice,Reed Blankenship,OUT
2022,15,PIT,RB,Najee Harris,00-0036893,,,Full Participation in Practice,Najee Harris,
2022,15,PIT,DT,Cameron Heyward,00-0027969,,,Full Participation in Practice,Cameron Heyward,
2022,15,PIT,DT,Larry Ogunjobi,00-0033905,,,Full Participation in Practice,Larry Ogunjobi,
2022,15,PIT,CB,Cameron Sutton,00-0033930,,,Full Participation in Practice,Cameron Sutton,
2022,15,PIT,TE,Pat Freiermuth,00-0036894,,,Limited Participation in Practice,Pat Freiermuth,
2022,15,PIT,CB,Josh Jackson,00-0034751,,,Limited Participation in Practice,Josh Jackson,
2022,15,PIT,WR,Diontae Johnson,00-0035216,,,Limited Participation in Practice,Diontae Johnson,
2022,15,PIT,LB,Myles Jack,00-0032968,Doubtful,Groin,Limited Participation in Practice,Myles Jack,DOUBTFUL
2022,15,PIT,QB,Kenny Pickett,00-0038102,Doubtful,Concussion,Limited Participation in Practice,Kenny Pickett,DOUBTFUL
2022,15,SEA,G,Kyle Fuller,00-0033592,,,Did Not Participate In Practice,Kyle Fuller,
2022,15,SEA,S,Quandre Diggs,00-0031608,,,Full Participation in Practice,Quandre Diggs,
2022,15,SEA,TE,Will Dissly,00-0034159,,,Full Participation in Practice,Will Dissly,
2022,15,SEA,DE,Shelby Harris,00-0031270,,,Full Participation in Practice,Shelby Harris,
2022,15,SEA,LB,Bruce Irvin,00-0029193,,,Full Participation in Practice,Bruce Irvin,
2022,15,SEA,WR,DK Metcalf,00-0035640,,,Full Participation in Practice,DK Metcalf,
2022,15,SEA,RB,Kenneth Walker,00-0038134,,,Full Participation in Practice,Kenneth Walker,
2022,15,SEA,CB,Tre Brown,00-0036885,Questionable,Illness,Did Not Participate In Practice,Tre Brown,QUESTIONABLE
2022,15,SEA,RB,DeeJay Dallas,00-0036425,Questionable,Ankle,Did Not Participate In Practice,DeeJay Dallas,QUESTIONABLE
2022,15,SEA,S,Ryan Neal,00-0034527,Questionable,Knee,Did Not Participate In Practice,Ryan Neal,QUESTIONABLE
2022,15,SEA,DT,Al Woods,00-0027723,Questionable,Achilles,Did Not Participate In Practice,Al Woods,QUESTIONABLE
2022,15,SEA,S,Joey Blount,00-0037141,Questionable,Back,Limited Participation in Practice,Joey Blount,QUESTIONABLE
2022,15,SF,DT,Arik Armstead,00-0032164,,,Full Participation in Practice,Arik Armstead,
2022,15,SF,RB,Christian McCaffrey,00-0033280,,,Full Participation in Practice,Christian McCaffrey,
2022,15,SF,QB,Jimmy Garoppolo,00-0031345,Out,Foot,Did Not Participate In Practice,Jimmy Garoppolo,OUT
2022,15,SF,DT,Kevin Givens,00-0035026,Out,Knee,Did Not Participate In Practice,Kevin Givens,OUT
2022,15,SF,S,Tarvarius Moore,00-0034263,Out,Knee,Did Not Participate In Practice,Tarvarius Moore,OUT
2022,15,SF,DT,Hassan Ridgeway,00-0032402,Out,Pectoral,Did Not Participate In Practice,Hassan Ridgeway,OUT
2022,15,SF,WR,Deebo Samuel,00-0035719,Out,Ankle,Did Not Participate In Practice,Deebo Samuel,OUT
2022,15,SF,CB,Samuel Womack,00-0037830,Out,Concussion,Did Not Participate In Practice,Samuel Womack,OUT
2022,15,SF,DE,Kerry Hyder,00-0030946,Questionable,Ankle,Limited Participation in Practice,Kerry Hyder,QUESTIONABLE
2022,15,SF,QB,Brock Purdy,00-0037834,Questionable,Oblique,Limited Participation in Practice,Brock Purdy,QUESTIONABLE
2022,15,SF,CB,Ambry Thomas,00-0037008,Questionable,Ankle,Limited Participation in Practice,Ambry Thomas,QUESTIONABLE
2022,15,TB,LB,Lavonte David,00-0029562,,,Did Not Participate In Practice,Lavonte David,
2022,15,TB,DT,Akiem Hicks,00-0029657,,,Did Not Participate In Practice,Akiem Hicks,
2022,15,TB,LB,Genard Avery,00-0034682,Out,Abdomen,Did Not Participate In Practice,Genard Avery,OUT
2022,15,TB,CB,Jamel Dean,00-0035699,Out,Toe,Did Not Participate In Practice,Jamel Dean,OUT
2022,15,TB,LB,Carl Nassib,00-0033129,Out,Pectoral,Did Not Participate In Practice,Carl Nassib,OUT
2022,15,TB,DT,Vita Vea,00-0034773,Out,Calf,Did Not Participate In Practice,Vita Vea,OUT
2022,15,TB,S,Mike Edwards,00-0035681,Questionable,Hamstring,Full Participation in Practice,Mike Edwards,QUESTIONABLE
2022,15,TB,CB,Sean Murphy-Bunting,00-0035239,Questionable,Quadricep,Full Participation in Practice,Sean Murphy-Bunting,QUESTIONABLE
2022,15,TB,LB,Joe Tryon,00-0036967,Questionable,Hip,Full Participation in Practice,Joe Tryon,QUESTIONABLE
2022,15,TB,WR,Julio Jones,00-0027944,Questionable,Knee,Limited Participation in Practice,Julio Jones,QUESTIONABLE
2022,15,TB,S,Antoine Winfield,00-0036411,Questionable,Ankle,Limited Participation in Practice,Antoine Winfield,QUESTIONABLE
2022,15,TB,T,Tristan Wirfs,00-0036406,Questionable,Ankle,Limited Participation in Practice,Tristan Wirfs,QUESTIONABLE
2022,15,TEN,RB,Hassan Haskins,00-0037617,,,Full Participation in Practice,Hassan Haskins,
2022,15,TEN,RB,Derrick Henry,00-0032764,,,Full Participation in Practice,Derrick Henry,
2022,15,TEN,QB,Ryan Tannehill,00-0029701,,,Full Participation in Practice,Ryan Tannehill,
2022,15,TEN,WR,Robert Woods,00-0030431,,,Full Participation in Practice,Robert Woods,
2022,15,TEN,G,Nate Davis,00-0035649,,,Limited Participation in Practice,Nate Davis,
2022,15,TEN,C,Ben Jones,00-0029413,,,Limited Participation in Practice,Ben Jones,
2022,15,TEN,CB,Terrance Mitchell,00-0031097,,,Limited Participation in Practice,Terrance Mitchell,
2022,15,TEN,DT,Jeffery Simmons,00-0035643,,,Limited Participation in Practice,Jeffery Simmons,
2022,15,TEN,DE,Denico Autry,00-0031254,Out,Knee,Did Not Participate In Practice,Denico Autry,OUT
2022,15,TEN,CB,Tre Avery,00-0037593,Out,Concussion,Did Not Participate In Practice,Tre Avery,OUT
2022,15,TEN,WR,C.J. Board,00-0033367,Out,Rib,Did Not Participate In Practice,C.J. Board,OUT
2022,15,TEN,WR,Treylon Burks,00-0037742,Out,Concussion,Did Not Participate In Practice,Treylon Burks,OUT
2022,15,TEN,CB,Kristian Fulton,00-0036416,Out,Groin,Did Not Participate In Practice,Kristian Fulton,OUT
2022,15,TEN,RB,Dontrell Hilliard,00-0034253,Out,Neck,Did Not Participate In Practice,Dontrell Hilliard,OUT
2022,15,TEN,S,Amani Hooker,00-0035632,Out,Knee,Did Not Participate In Practice,Amani Hooker,OUT
2022,15,WAS,T,Samuel Cosmi,00-0036618,,,Full Participation in Practice,Samuel Cosmi,
2022,15,WAS,LB,Jamin Davis,00-0036614,,,Full Participation in Practice,Jamin Davis,
2022,15,WAS,WR,Dax Milne,00-0036671,,,Full Participation in Practice,Dax Milne,
2022,15,WAS,DE,James Smith-Williams,00-0036351,,,Full Participation in Practice,James Smith-Williams,
2022,15,WAS,DE,Montez Sweat,00-0035647,,,Full Participation in Practice,Montez Sweat,
2022,15,WAS,G,Trai Turner,00-0031362,,,Full Participation in Practice,Trai Turner,
2022,15,WAS,RB,Antonio Gibson,00-0036328,,,Limited Participation in Practice,Antonio Gibson,
2022,15,WAS,G,Andrew Norwell,00-0031122,,,Limited Participation in Practice,Andrew Norwell,
2022,15,WAS,RB,Brian Robinson,00-0037746,,,Limited Participation in Practice,Brian Robinson,
2022,15,WAS,T,Saahdiq Charles,00-0036334,Out,Concussion,Did Not Participate In Practice,Saahdiq Charles,OUT
2022,15,WAS,DE,Efe Obada,00-0031500,Questionable,Finger,Limited Participation in Practice,Efe Obada,QUESTIONABLE
2022,15,WAS,WR,Cam Sims,00-0034104,Questionable,Back,Limited Participation in Practice,Cam Sims,QUESTIONABLE
2022,15,WAS,CB,Benjamin St-Juste,00-0036625,Questionable,Ankle,Limited Participation in Practice,Benjamin St-Juste,QUESTIONABLE
2022,15,WAS,DE,Chase Young,00-0036321,Questionable,Knee,Limited Participation in Practice,Chase Young,QUESTIONABLE
2022,16,ARI,T,Rashaad Coward,00-0033631,,,Full Participation in Practice,Rashaad Coward,
2022,16,ARI,WR,Greg Dortch,00-0035500,,,Full Participation in Practice,Greg Dortch,
2022,16,ARI,LB,Markus Golden,00-0032127,,,Full Participation in Practice,Markus Golden,
2022,16,ARI,CB,Christian Matthew,00-0037747,,,Full Participation in Practice,Christian Matthew,
2022,16,ARI,LB,Ezekiel Turner,00-0034490,,,Full Participation in Practice,Ezekiel Turner,
2022,16,ARI,CB,Marco Wilson,00-0036884,,,Full Participation in Practice,Marco Wilson,
2022,16,ARI,DE,Zach Allen,00-0035248,Out,Hand,Did Not Participate In Practice,Zach Allen,OUT
2022,16,ARI,CB,Byron Murphy,00-0035236,Out,Back,Did Not Participate In Practice,Byron Murphy,OUT
2022,16,ARI,QB,Colt McCoy,00-0027688,Out,Concussion,Limited Participation in Practice,Colt McCoy,OUT
2022,16,ARI,T,Kelvin Beachum,00-0029316,Questionable,Knee,Limited Participation in Practice,Kelvin Beachum,QUESTIONABLE
2022,16,ARI,WR,Marquise Brown,00-0035662,Questionable,Groin,Limited Participation in Practice,Marquise Brown,QUESTIONABLE
2022,16,ARI,G,Max Garcia,00-0032132,Questionable,Shoulder,Limited Participation in Practice,Max Garcia,QUESTIONABLE
2022,16,ARI,CB,Antonio Hamilton,00-0032933,Questionable,Back,Limited Participation in Practice,Antonio Hamilton,QUESTIONABLE
2022,16,ARI,S,Charles Washington,00-0032560,Questionable,Chest,Limited Participation in Practice,Charles Washington,QUESTIONABLE
2022,16,ATL,RB,Cordarrelle Patterson,00-0030578,,,Did Not Participate In Practice,Cordarrelle Patterson,
2022,16,ATL,T,Chuma Edoga,00-0035698,Out,Knee,Did Not Participate In Practice,Chuma Edoga,OUT
2022,16,BAL,RB,J.K. Dobbins,00-0036158,,,Did Not Participate In Practice,J.K. Dobbins,
2022,16,BAL,LB,Justin Houston,00-0028008,,,Did Not Participate In Practice,Justin Houston,
2022,16,BAL,T,Morgan Moses,00-0031330,,,Did Not Participate In Practice,Morgan Moses,
2022,16,BAL,DE,Jason Pierre-Paul,00-0027867,,,Did Not Participate In Practice,Jason Pierre-Paul,
2022,16,BAL,T,Ronnie Stanley,00-0032965,,,Did Not Participate In Practice,Ronnie Stanley,
2022,16,BAL,G,Kevin Zeitler,00-0029592,,,Did Not Participate In Practice,Kevin Zeitler,
2022,16,BAL,WR,Devin Duvernay,00-0036331,,,Limited Participation in Practice,Devin Duvernay,
2022,16,BAL,DE,Calais Campbell,00-0026190,Out,Knee,Did Not Participate In Practice,Calais Campbell,OUT
2022,16,BAL,QB,Lamar Jackson,00-0034796,Out,Knee,Did Not Participate In Practice,Lamar Jackson,OUT
2022,16,BAL,CB,Marcus Peters,00-0032165,Out,Calf,Did Not Participate In Practice,Marcus Peters,OUT
2022,16,BAL,QB,Tyler Huntley,00-0035993,Questionable,right Shoulder,Limited Participation in Practice,Tyler Huntley,QUESTIONABLE
2022,16,BUF,WR,Stefon Diggs,00-0031588,,,Did Not Participate In Practice,Stefon Diggs,
2022,16,BUF,RB,Taiwan Jones,00-0028063,,,Did Not Participate In Practice,Taiwan Jones,
2022,16,BUF,QB,Josh Allen,00-0034857,,,Full Participation in Practice,Josh Allen,
2022,16,BUF,C,Ryan Bates,00-0035382,,,Full Participation in Practice,Ryan Bates,
2022,16,BUF,DE,A.J. Epenesa,00-0036192,,,Full Participation in Practice,A.J. Epenesa,
2022,16,BUF,CB,Cameron Lewis,00-0035357,,,Full Participation in Practice,Cameron Lewis,
2022,16,BUF,LB,Matt Milano,00-0033571,,,Full Participation in Practice,Matt Milano,
2022,16,BUF,S,Jordan Poyer,00-0030114,,,Full Participation in Practice,Jordan Poyer,
2022,16,BUF,G,Rodger Saffold,00-0027648,,,Full Participation in Practice,Rodger Saffold,
2022,16,BUF,DE,Carlos Basham,00-0036553,Out,Calf,Did Not Participate In Practice,Carlos Basham,OUT
2022,16,BUF,C,Mitch Morse,00-0031936,Out,Concussion,Did Not Participate In Practice,Mitch Morse,OUT
2022,16,BUF,DT,Ed Oliver,00-0035230,Questionable,Calf,Did Not Participate In Practice,Ed Oliver,QUESTIONABLE
2022,16,BUF,DE,Jordan Phillips,00-0031557,Questionable,Shoulder,Limited Participation in Practice,Jordan Phillips,QUESTIONABLE
2022,16,CAR,T,Taylor Moton,00-0033284,,,Did Not Participate In Practice,Taylor Moton,
2022,16,CAR,S,Myles Hartsfield,00-0035950,,,Full Participation in Practice,Myles Hartsfield,
2022,16,CAR,CB,C.J. Henderson,00-0036281,,,Full Participation in Practice,C.J. Henderson,
2022,16,CAR,CB,Jaycee Horn,00-0036944,,,Full Participation in Practice,Jaycee Horn,
2022,16,CAR,LB,Joel Iyiegbuniwe,00-0034372,,,Full Participation in Practice,Joel Iyiegbuniwe,
2022,16,CAR,TE,Ian Thomas,00-0034365,,,Full Participation in Practice,Ian Thomas,
2022,16,CHI,CB,Josh Blackwell,00-0037129,,,Full Participation in Practice,Josh Blackwell,
2022,16,CHI,T,Larry Borom,00-0036905,,,Full Participation in Practice,Larry Borom,
2022,16,CHI,WR,N'Keal Harry,00-0035624,,,Full Participation in Practice,N'Keal Harry,
2022,16,CHI,DT,Justin Jones,00-0034677,,,Full Participation in Practice,Justin Jones,
2022,16,CHI,T,Riley Reiff,00-0029672,,,Full Participation in Practice,Riley Reiff,
2022,16,CHI,DT,Armon Watts,00-0034992,,,Full Participation in Practice,Armon Watts,
2022,16,CHI,WR,Equanimeous St. Brown,00-0034279,Out,Concussion,Did Not Participate In Practice,Equanimeous St. Brown,OUT
2022,16,CHI,CB,Kindle Vildor,00-0036307,Out,Ankle,Did Not Participate In Practice,Kindle Vildor,OUT
2022,16,CHI,TE,Trevon Wesco,00-0035259,Out,Calf,Did Not Participate In Practice,Trevon Wesco,OUT
2022,16,CHI,WR,Chase Claypool,00-0036326,Doubtful,Knee,Did Not Participate In Practice,Chase Claypool,DOUBTFUL
2022,16,CHI,T,Teven Jenkins,00-0036953,Doubtful,Neck,Did Not Participate In Practice,Teven Jenkins,DOUBTFUL
2022,16,CHI,G,Cody Whitehair,00-0032768,Doubtful,Knee,Did Not Participate In Practice,Cody Whitehair,DOUBTFUL
2022,16,CHI,CB,Jaylon Johnson,00-0036292,Questionable,Finger,Limited Participation in Practice,Jaylon Johnson,QUESTIONABLE
2022,16,CIN,T,La'el Collins,00-0031534,,,Full Participation in Practice,La'el Collins,
2022,16,CIN,DE,Trey Hendrickson,00-0033935,,,Full Participation in Practice,Trey Hendrickson,
2022,16,CIN,WR,Tee Higgins,00-0036410,,,Full Participation in Practice,Tee Higgins,
2022,16,CIN,CB,Mike Hilton,00-0032521,,,Full Participation in Practice,Mike Hilton,
2022,16,CIN,DT,D.J. Reader,00-0032424,,,Full Participation in Practice,D.J. Reader,
2022,16,CIN,CB,Eli Apple,00-0032379,,,Limited Participation in Practice,Eli Apple,
2022,16,CIN,WR,Trent Taylor,00-0033292,,,Limited Participation in Practice,Trent Taylor,
2022,16,CIN,DE,Sam Hubbard,00-0034834,Out,Calf,Did Not Participate In Practice,Sam Hubbard,OUT
2022,16,CIN,CB,Cam Taylor-Britt,00-0037753,Questionable,Shoulder,Full Participation in Practice,Cam Taylor-Britt,QUESTIONABLE
2022,16,CIN,DT,Jay Tufele,00-0036881,Questionable,Illness,Full Participation in Practice,Jay Tufele,QUESTIONABLE
2022,16,CIN,CB,Jalen Davis,00-0034446,Questionable,Thumb,Limited Participation in Practice,Jalen Davis,QUESTIONABLE
2022,16,CIN,TE,Hayden Hurst,00-0034830,Questionable,Calf,Limited Participation in Practice,Hayden Hurst,QUESTIONABLE
2022,16,CLE,WR,David Bell,00-0037257,,,Full Participation in Practice,David Bell,
2022,16,CLE,G,Joel Bitonio,00-0031426,,,Full Participation in Practice,Joel Bitonio,
2022,16,CLE,T,Jack Conklin,00-0033057,,,Full Participation in Practice,Jack Conklin,
2022,16,CLE,CB,A.J. Green,00-0036114,,,Full Participation in Practice,A.J. Green,
2022,16,CLE,LB,Jordan Kunaszyk,00-0035444,,,Full Participation in Practice,Jordan Kunaszyk,
2022,16,CLE,TE,David Njoku,00-0033885,,,Full Participation in Practice,David Njoku,
2022,16,CLE,WR,Donovan Peoples-Jones,00-0036233,,,Full Participation in Practice,Donovan Peoples-Jones,
2022,16,CLE,CB,Denzel Ward,00-0034856,,,Full Participation in Practice,Denzel Ward,
2022,16,CLE,RB,Nick Chubb,00-0034791,,,Limited Participation in Practice,Nick Chubb,
2022,16,CLE,WR,Amari Cooper,00-0031544,,,Limited Participation in Practice,Amari Cooper,
2022,16,CLE,DE,Myles Garrett,00-0033868,,,Limited Participation in Practice,Myles Garrett,
2022,16,CLE,G,Wyatt Teller,00-0034399,,,Limited Participation in Practice,Wyatt Teller,
2022,16,CLE,DE,Jadeveon Clowney,00-0031364,Out,Concussion,Did Not Participate In Practice,Jadeveon Clowney,OUT
2022,16,CLE,S,John Johnson,00-0033927,Questionable,Thigh,Limited Participation in Practice,John Johnson,QUESTIONABLE
2022,16,DAL,WR,Noah Brown,00-0033591,,,Full Participation in Practice,Noah Brown,
2022,16,DAL,S,Jayron Kearse,00-0032454,,,Full Participation in Practice,Jayron Kearse,
2022,16,DAL,DE,Demarcus Lawrence,00-0031411,,,Full Participation in Practice,Demarcus Lawrence,
2022,16,DAL,DE,Sam Williams,00-0037665,Out,Concussion,"
    ",Sam Williams,OUT
2022,16,DAL,LB,Leighton Vander Esch,00-0034674,Out,Neck,Did Not Participate In Practice,Leighton Vander Esch,OUT
2022,16,DAL,CB,Trevon Diggs,00-0036361,Questionable,Illness,Did Not Participate In Practice,Trevon Diggs,QUESTIONABLE
2022,16,DAL,DE,Dorance Armstrong,00-0034373,Questionable,Knee,Limited Participation in Practice,Dorance Armstrong,QUESTIONABLE
2022,16,DAL,TE,Jake Ferguson,00-0038041,Questionable,Concussion,Limited Participation in Practice,Jake Ferguson,QUESTIONABLE
2022,16,DAL,LB,Micah Parsons,00-0036932,Questionable,Illness,Limited Participation in Practice,Micah Parsons,QUESTIONABLE
2022,16,DEN,LS,Jacob Bobenmoyer,00-0035757,,,Full Participation in Practice,Jacob Bobenmoyer,
2022,16,DEN,S,Kareem Jackson,00-0027872,,,Full Participation in Practice,Kareem Jackson,
2022,16,DEN,WR,Kendall Hinton,00-0035864,Out,Hamstring,Did Not Participate In Practice,Kendall Hinton,OUT
2022,16,DEN,T,Calvin Anderson,00-0034957,Questionable,Ankle,Did Not Participate In Practice,Calvin Anderson,QUESTIONABLE
2022,16,DEN,DE,Randy Gregory,00-0032197,Questionable,Knee,Did Not Participate In Practice,Randy Gregory,QUESTIONABLE
2022,16,DEN,RB,Latavius Murray,00-0030513,Questionable,Foot,Limited Participation in Practice,Latavius Murray,QUESTIONABLE
2022,16,DEN,G,Dalton Risner,00-0035702,Questionable,Shoulder,Limited Participation in Practice,Dalton Risner,QUESTIONABLE
2022,16,DEN,WR,Courtland Sutton,00-0034348,Questionable,Hamstring,Limited Participation in Practice,Courtland Sutton,QUESTIONABLE
2022,16,DEN,CB,K'Waun Williams,00-0031253,Questionable,Wrist,Limited Participation in Practice,K'Waun Williams,QUESTIONABLE
2022,16,DET,DE,Michael Brockers,00-0029630,,,Full Participation in Practice,Michael Brockers,
2022,16,DET,G,Evan Brown,00-0034495,,,Full Participation in Practice,Evan Brown,
2022,16,DET,T,Taylor Decker,00-0032381,,,Full Participation in Practice,Taylor Decker,
2022,16,DET,T,Matt Nelson,00-0035328,,,Full Participation in Practice,Matt Nelson,
2022,16,DET,G,Kayode Awosika,00-0036736,Out,Ankle,Did Not Participate In Practice,Kayode Awosika,OUT
2022,16,DET,FB,Jason Cabinda,00-0034171,Out,Illness,Did Not Participate In Practice,Jason Cabinda,OUT
2022,16,DET,CB,DeShon Elliott,00-0034277,Out,Shoulder,Did Not Participate In Practice,DeShon Elliott,OUT
2022,16,DET,LB,Derrick Barnes,00-0036964,Questionable,Knee,Limited Participation in Practice,Derrick Barnes,QUESTIONABLE
2022,16,DET,C,Frank Ragnow,00-0034345,Questionable,Foot,Limited Participation in Practice,Frank Ragnow,QUESTIONABLE
2022,16,GB,LB,Krys Barnes,00-0035961,,,Full Participation in Practice,Krys Barnes,
2022,16,GB,RB,A.J. Dillon,00-0036265,,,Full Participation in Practice,A.J. Dillon,
2022,16,GB,S,Rudy Ford,00-0033792,,,Full Participation in Practice,Rudy Ford,
2022,16,GB,TE,Marcedes Lewis,00-0024243,,,Full Participation in Practice,Marcedes Lewis,
2022,16,GB,CB,Keisean Nixon,00-0035133,,,Full Participation in Practice,Keisean Nixon,
2022,16,GB,QB,Aaron Rodgers,00-0023459,,,Full Participation in Practice,Aaron Rodgers,
2022,16,GB,G,Elgton Jenkins,00-0035526,,,Limited Participation in Practice,Elgton Jenkins,
2022,16,GB,RB,Aaron Jones,00-0033293,,,Limited Participation in Practice,Aaron Jones,
2022,16,GB,T,David Bakhtiari,00-0030074,Doubtful,Knee,Did Not Participate In Practice,David Bakhtiari,DOUBTFUL
2022,16,HOU,DE,Mario Addison,00-0028339,,,Did Not Participate In Practice,Mario Addison,
2022,16,HOU,DT,Maliek Collins,00-0033131,,,Did Not Participate In Practice,Maliek Collins,
2022,16,HOU,DE,Jerry Hughes,00-0027881,,,Did Not Participate In Practice,Jerry Hughes,
2022,16,HOU,LB,Christian Kirksey,00-0031361,,,Full Participation in Practice,Christian Kirksey,
2022,16,HOU,DE,Ogbonnia Okoronkwo,00-0034807,,,Full Participation in Practice,Ogbonnia Okoronkwo,
2022,16,HOU,T,Laremy Tunsil,00-0032380,,,Full Participation in Practice,Laremy Tunsil,
2022,16,HOU,WR,Nico Collins,00-0036554,Out,Foot,Did Not Participate In Practice,Nico Collins,OUT
2022,16,HOU,G,Kenyon Green,00-0037613,Out,Ankle,Did Not Participate In Practice,Kenyon Green,OUT
2022,16,HOU,WR,Brandin Cooks,00-0031236,Questionable,Calf,Full Participation in Practice,Brandin Cooks,QUESTIONABLE
2022,16,HOU,CB,Steven Nelson,00-0032150,Questionable,Foot,Full Participation in Practice,Steven Nelson,QUESTIONABLE
2022,16,HOU,C,Justin McCray,00-0030792,Questionable,Hamstring,Limited Participation in Practice,Justin McCray,QUESTIONABLE
2022,16,HOU,WR,Chris Moore,00-0032398,Questionable,Foot,Limited Participation in Practice,Chris Moore,QUESTIONABLE
2022,16,IND,CB,Brandon Facyson,00-0034545,,,Full Participation in Practice,Brandon Facyson,
2022,16,IND,WR,Mike Strachan,00-0036482,,,Full Participation in Practice,Mike Strachan,
2022,16,IND,TE,Kylen Granson,00-0036876,Out,Ankle,Did Not Participate In Practice,Kylen Granson,OUT
2022,16,IND,CB,Kenny Moore,00-0033393,Out,Ankle,Did Not Participate In Practice,Kenny Moore,OUT
2022,16,JAX,DT,Folorunso Fatukasi,00-0034275,Out,Ankle,Did Not Participate In Practice,Folorunso Fatukasi,OUT
2022,16,JAX,T,Cam Robinson,00-0033889,Out,Knee,Did Not Participate In Practice,Cam Robinson,OUT
2022,16,JAX,LB,Travon Walker,00-0037235,Out,Ankle,Did Not Participate In Practice,Travon Walker,OUT
2022,16,JAX,QB,Trevor Lawrence,00-0036971,Questionable,Toe,Limited Participation in Practice,Trevor Lawrence,QUESTIONABLE
2022,16,JAX,LB,Chad Muma,00-0037811,Questionable,Ankle,Limited Participation in Practice,Chad Muma,QUESTIONABLE
2022,16,JAX,G,Brandon Scherff,00-0032053,Questionable,Abdomen,Limited Participation in Practice,Brandon Scherff,QUESTIONABLE
2022,16,JAX,T,Jawaan Taylor,00-0035237,Questionable,Hamstring,Limited Participation in Practice,Jawaan Taylor,QUESTIONABLE
2022,16,JAX,S,Andrew Wingard,00-0035378,Questionable,Shoulder,Limited Participation in Practice,Andrew Wingard,QUESTIONABLE
2022,16,KC,TE,Noah Gray,00-0036637,,,Full Participation in Practice,Noah Gray,
2022,16,KC,S,Nazeeh Johnson,00-0037198,,,Full Participation in Practice,Nazeeh Johnson,
2022,16,KC,DT,Chris Jones,00-0032762,,,Full Participation in Practice,Chris Jones,
2022,16,KC,T,Lucas Niang,00-0036367,,,Full Participation in Practice,Lucas Niang,
2022,16,KC,DT,Derrick Nnadi,00-0034818,,,Full Participation in Practice,Derrick Nnadi,
2022,16,KC,RB,Isiah Pacheco,00-0037197,,,Full Participation in Practice,Isiah Pacheco,
2022,16,KC,CB,L'Jarius Sneed,00-0036374,,,Full Participation in Practice,L'Jarius Sneed,
2022,16,KC,WR,Kadarius Toney,00-0036913,,,Full Participation in Practice,Kadarius Toney,
2022,16,KC,TE,Joe Fortson,00-0035547,Out,Elbow,Did Not Participate In Practice,Joe Fortson,OUT
2022,16,KC,DT,Khalen Saunders,00-0035656,Doubtful,Illness,Did Not Participate In Practice,Khalen Saunders,DOUBTFUL
2022,16,KC,S,Deon Bush,00-0032774,Questionable,Illness,Full Participation in Practice,Deon Bush,QUESTIONABLE
2022,16,KC,DE,Michael Danna,00-0036378,Questionable,Illness,Full Participation in Practice,Michael Danna,QUESTIONABLE
2022,16,LA,CB,David Long,00-0035665,,,Full Participation in Practice,David Long,
2022,16,LA,C,Brian Allen,00-0034804,Out,Calf,Did Not Participate In Practice,Brian Allen,OUT
2022,16,LA,DT,Marquise Copeland,00-0035607,Out,Ankle,Did Not Participate In Practice,Marquise Copeland,OUT
2022,16,LA,DT,Aaron Donald,00-0031388,Out,Ankle,Did Not Participate In Practice,Aaron Donald,OUT
2022,16,LA,LB,Jake Gervase,00-0035609,Out,Ankle,Did Not Participate In Practice,Jake Gervase,OUT
2022,16,LA,LB,Travin Howard,00-0034812,Out,Hip,Did Not Participate In Practice,Travin Howard,OUT
2022,16,LA,WR,Ben Skowronek,00-0036862,Out,Calf,Did Not Participate In Practice,Ben Skowronek,OUT
2022,16,LA,QB,John Wolford,00-0034899,Out,Neck,Did Not Participate In Practice,John Wolford,OUT
2022,16,LAC,CB,Bryce Callahan,00-0031904,,,Full Participation in Practice,Bryce Callahan,
2022,16,LAC,S,Derwin James,00-0034790,,,Full Participation in Practice,Derwin James,
2022,16,LAC,DT,Sebastian Joseph,00-0034810,,,Full Participation in Practice,Sebastian Joseph,
2022,16,LAC,T,Trey Pipkins,00-0035688,,,Full Participation in Practice,Trey Pipkins,
2022,16,LAC,LB,Chris Rumph,00-0036867,,,Full Participation in Practice,Chris Rumph,
2022,16,LAC,G,Jamaree Salyer,00-0037295,,,Full Participation in Practice,Jamaree Salyer,
2022,16,LAC,CB,Kemon Hall,00-0035542,Out,Hamstring,Did Not Participate In Practice,Kemon Hall,OUT
2022,16,LV,G,Jermaine Eluemunor,00-0033290,,,Full Participation in Practice,Jermaine Eluemunor,
2022,16,LV,S,Duron Harmon,00-0030383,,,Full Participation in Practice,Duron Harmon,
2022,16,LV,CB,Rock Ya-Sin,00-0035637,Out,Knee,Did Not Participate In Practice,Rock Ya-Sin,OUT
2022,16,LV,G,Alex Bars,00-0035061,Questionable,Knee,Limited Participation in Practice,Alex Bars,QUESTIONABLE
2022,16,LV,T,Jackson Barton,00-0035003,Questionable,Back,Limited Participation in Practice,Jackson Barton,QUESTIONABLE
2022,16,LV,DT,Andrew Billings,00-0033066,Questionable,Fibula,Limited Participation in Practice,Andrew Billings,QUESTIONABLE
2022,16,LV,LB,Darien Butler,00-0037503,Questionable,Quadricep,Limited Participation in Practice,Darien Butler,QUESTIONABLE
2022,16,LV,G,Dylan Parham,00-0037255,Questionable,Knee,Limited Participation in Practice,Dylan Parham,QUESTIONABLE
2022,16,LV,RB,Zamir White,00-0038040,Questionable,Ankle,Limited Participation in Practice,Zamir White,QUESTIONABLE
2022,16,MIA,LB,Melvin Ingram,00-0029249,,,Did Not Participate In Practice,Melvin Ingram,
2022,16,MIA,QB,Teddy Bridgewater,00-0031237,,,Full Participation in Practice,Teddy Bridgewater,
2022,16,MIA,CB,Elijah Campbell,00-0034248,,,Full Participation in Practice,Elijah Campbell,
2022,16,MIA,CB,Keion Crossen,00-0034435,,,Full Participation in Practice,Keion Crossen,
2022,16,MIA,S,Jevon Holland,00-0036998,,,Full Participation in Practice,Jevon Holland,
2022,16,MIA,CB,Kader Kohou,00-0037353,,,Full Participation in Practice,Kader Kohou,
2022,16,MIA,LB,Duke Riley,00-0033549,,,Full Participation in Practice,Duke Riley,
2022,16,MIA,TE,Durham Smythe,00-0034798,,,Full Participation in Practice,Durham Smythe,
2022,16,MIA,RB,Raheem Mostert,00-0031687,,,Limited Participation in Practice,Raheem Mostert,
2022,16,MIA,WR,River Cracraft,00-0034054,Doubtful,Calf,Did Not Participate In Practice,River Cracraft,DOUBTFUL
2022,16,MIA,T,Eric Fisher,00-0030584,Doubtful,Calf,Did Not Participate In Practice,Eric Fisher,DOUBTFUL
2022,16,MIA,RB,Myles Gaskin,00-0035311,Questionable,Illness,Did Not Participate In Practice,Myles Gaskin,QUESTIONABLE
2022,16,MIA,T,Terron Armstead,00-0030067,Questionable,Toe,Limited Participation in Practice,Terron Armstead,QUESTIONABLE
2022,16,MIA,LB,Bradley Chubb,00-0034832,Questionable,Knee,Limited Participation in Practice,Bradley Chubb,QUESTIONABLE
2022,16,MIA,LB,Jaelan Phillips,00-0036934,Questionable,Knee,Limited Participation in Practice,Jaelan Phillips,QUESTIONABLE
2022,16,MIA,S,Eric Rowe,00-0031555,Questionable,Hamstring,Limited Participation in Practice,Eric Rowe,QUESTIONABLE
2022,16,MIA,RB,Jeffery Wilson,00-0034115,Questionable,Hip,Limited Participation in Practice,Jeffery Wilson,QUESTIONABLE
2022,16,MIN,LB,Brian Asamoah,00-0037822,,,Full Participation in Practice,Brian Asamoah,
2022,16,MIN,DE,Patrick Jones,00-0037007,,,Full Participation in Practice,Patrick Jones,
2022,16,MIN,WR,Adam Thielen,00-0030035,,,Limited Participation in Practice,Adam Thielen,
2022,16,MIN,C,Garrett Bradbury,00-0035588,Out,Back,Did Not Participate In Practice,Garrett Bradbury,OUT
2022,16,MIN,LB,Eric Kendricks,00-0031554,Questionable,Hip,Full Participation in Practice,Eric Kendricks,QUESTIONABLE
2022,16,MIN,CB,Cameron Dantzler,00-0036330,Questionable,Ankle,Limited Participation in Practice,Cameron Dantzler,QUESTIONABLE
2022,16,NE,T,Yodny Cajuste,00-0035252,,,Full Participation in Practice,Yodny Cajuste,
2022,16,NE,LS,Joe Cardona,00-0032228,Out,Ankle,Did Not Participate In Practice,Joe Cardona,OUT
2022,16,NE,CB,Jalen Mills,00-0032803,Out,Groin,Did Not Participate In Practice,Jalen Mills,OUT
2022,16,NE,WR,DeVante Parker,00-0031547,Out,Concussion,Did Not Participate In Practice,DeVante Parker,OUT
2022,16,NE,RB,Damien Harris,00-0035657,Questionable,Thigh,Limited Participation in Practice,Damien Harris,QUESTIONABLE
2022,16,NE,CB,Jack Jones,00-0038039,Questionable,Knee,Limited Participation in Practice,Jack Jones,QUESTIONABLE
2022,16,NE,CB,Jonathan Jones,00-0032580,Questionable,Chest,Limited Participation in Practice,Jonathan Jones,QUESTIONABLE
2022,16,NE,WR,Jakobi Meyers,00-0034960,Questionable,Shoulder,Limited Participation in Practice,Jakobi Meyers,QUESTIONABLE
2022,16,NE,RB,Rhamondre Stevenson,00-0036875,Questionable,Ankle,Limited Participation in Practice,Rhamondre Stevenson,QUESTIONABLE
2022,16,NE,WR,Tyquan Thornton,00-0038104,Questionable,Knee,Limited Participation in Practice,Tyquan Thornton,QUESTIONABLE
2022,16,NO,G,Cesar Ruiz,00-0036408,,,Did Not Participate In Practice,Cesar Ruiz,
2022,16,NO,T,Ryan Ramczyk,00-0033888,,,Full Participation in Practice,Ryan Ramczyk,
2022,16,NO,WR,Jarvis Landry,00-0031382,Out,Ankle,Did Not Participate In Practice,Jarvis Landry,OUT
2022,16,NO,WR,Chris Olave,00-0037239,Out,Hamstring,Did Not Participate In Practice,Chris Olave,OUT
2022,16,NO,RB,Dwayne Washington,00-0032450,Out,Illness,Did Not Participate In Practice,Dwayne Washington,OUT
2022,16,NO,LB,Pete Werner,00-0036927,Out,Hamstring,Did Not Participate In Practice,Pete Werner,OUT
2022,16,NO,G,Andrus Peat,00-0032203,Questionable,Illness,Did Not Participate In Practice,Andrus Peat,QUESTIONABLE
2022,16,NO,CB,Marshon Lattimore,00-0033874,Questionable,Abdomen,Limited Participation in Practice,Marshon Lattimore,QUESTIONABLE
2022,16,NO,S,Marcus Maye,00-0033892,Questionable,Shoulder,Limited Participation in Practice,Marcus Maye,QUESTIONABLE
2022,16,NO,TE,Adam Trautman,00-0036422,Questionable,Ankle,Limited Participation in Practice,Adam Trautman,QUESTIONABLE
2022,16,NO,CB,P.J. Williams,00-0032059,Questionable,Knee,Limited Participation in Practice,P.J. Williams,QUESTIONABLE
2022,16,NYG,WR,Isaiah Hodgins,00-0036165,,,Full Participation in Practice,Isaiah Hodgins,
2022,16,NYG,T,Evan Neal,00-0037612,,,Limited Participation in Practice,Evan Neal,
2022,16,NYG,LB,Kayvon Thibodeaux,00-0037611,,,Limited Participation in Practice,Kayvon Thibodeaux,
2022,16,NYG,TE,Nick Vannett,00-0032394,,,Limited Participation in Practice,Nick Vannett,
2022,16,NYG,DT,Leonard Williams,00-0031933,,,Limited Participation in Practice,Leonard Williams,
2022,16,NYG,CB,Adoree' Jackson,00-0033878,Out,Knee,Did Not Participate In Practice,Adoree' Jackson,OUT
2022,16,NYG,G,Shane Lemieux,00-0036397,Out,Toe,Did Not Participate In Practice,Shane Lemieux,OUT
2022,16,NYJ,T,Duane Brown,00-0026166,,,Full Participation in Practice,Duane Brown,
2022,16,NYJ,WR,Corey Davis,00-0033871,,,Full Participation in Practice,Corey Davis,
2022,16,NYJ,T,George Fant,00-0032466,,,Full Participation in Practice,George Fant,
2022,16,NYJ,CB,Brandin Echols,00-0036504,Out,Quadricep,Did Not Participate In Practice,Brandin Echols,OUT
2022,16,NYJ,WR,Denzel Mims,00-0036255,Out,Concussion,Did Not Participate In Practice,Denzel Mims,OUT
2022,16,NYJ,WR,Jeff Smith,00-0035510,Out,Knee,Did Not Participate In Practice,Jeff Smith,OUT
2022,16,NYJ,QB,Mike White,00-0034401,Out,Rib,Limited Participation in Practice,Mike White,OUT
2022,16,NYJ,RB,Zonovan Knight,00-0037157,Questionable,Ankle,Full Participation in Practice,Zonovan Knight,QUESTIONABLE
2022,16,NYJ,DT,Quinnen Williams,00-0035718,Questionable,Calf,Full Participation in Practice,Quinnen Williams,QUESTIONABLE
2022,16,NYJ,S,Lamarcus Joyner,00-0031389,Questionable,Hip,Limited Participation in Practice,Lamarcus Joyner,QUESTIONABLE
2022,16,PHI,T,Andre Dillard,00-0035233,,,Did Not Participate In Practice,Andre Dillard,
2022,16,PHI,QB,Gardner Minshew,00-0035289,,,Did Not Participate In Practice,Gardner Minshew,
2022,16,PHI,S,Reed Blankenship,00-0037130,,,Full Participation in Practice,Reed Blankenship,
2022,16,PHI,S,K'Von Wallace,00-0036395,,,Full Participation in Practice,K'Von Wallace,
2022,16,PHI,CB,James Bradberry,00-0032890,,,Limited Participation in Practice,James Bradberry,
2022,16,PHI,WR,A.J. Brown,00-0035676,,,Limited Participation in Practice,A.J. Brown,
2022,16,PHI,DT,Fletcher Cox,00-0029653,,,Limited Participation in Practice,Fletcher Cox,
2022,16,PHI,G,Landon Dickerson,00-0037002,,,Limited Participation in Practice,Landon Dickerson,
2022,16,PHI,DE,Brandon Graham,00-0027865,,,Limited Participation in Practice,Brandon Graham,
2022,16,PHI,T,Lane Johnson,00-0030561,,,Limited Participation in Practice,Lane Johnson,
2022,16,PHI,C,Jason Kelce,00-0028129,,,Limited Participation in Practice,Jason Kelce,
2022,16,PHI,G,Isaac Seumalo,00-0032954,,,Limited Participation in Practice,Isaac Seumalo,
2022,16,PHI,CB,Darius Slay,00-0030062,,,Limited Participation in Practice,Darius Slay,
2022,16,PHI,DE,Josh Sweat,00-0034381,,,Limited Participation in Practice,Josh Sweat,
2022,16,PHI,QB,Jalen Hurts,00-0036389,Out,right Shoulder,Did Not Participate In Practice,Jalen Hurts,OUT
2022,16,PHI,TE,Tyree Jackson,00-0035356,Out,Knee,Did Not Participate In Practice,Tyree Jackson,OUT
2022,16,PHI,WR,Zach Pascal,00-0033251,Questionable,Concussion,Limited Participation in Practice,Zach Pascal,QUESTIONABLE
2022,16,PIT,C,J.C. Hassenauer,00-0034142,,,Did Not Participate In Practice,J.C. Hassenauer,
2022,16,PIT,DT,Cameron Heyward,00-0027969,,,Did Not Participate In Practice,Cameron Heyward,
2022,16,PIT,CB,Josh Jackson,00-0034751,,,Did Not Participate In Practice,Josh Jackson,
2022,16,PIT,DT,Larry Ogunjobi,00-0033905,,,Did Not Participate In Practice,Larry Ogunjobi,
2022,16,PIT,TE,Pat Freiermuth,00-0036894,,,Full Participation in Practice,Pat Freiermuth,
2022,16,PIT,RB,Najee Harris,00-0036893,,,Full Participation in Practice,Najee Harris,
2022,16,PIT,QB,Kenny Pickett,00-0038102,,,Full Participation in Practice,Kenny Pickett,
2022,16,PIT,FB,Derek Watt,00-0032897,,,Full Participation in Practice,Derek Watt,
2022,16,PIT,S,Terrell Edmunds,00-0034858,Questionable,Hamstring,Did Not Participate In Practice,Terrell Edmunds,QUESTIONABLE
2022,16,PIT,WR,Diontae Johnson,00-0035216,Questionable,Toe,Did Not Participate In Practice,Diontae Johnson,QUESTIONABLE
2022,16,PIT,LB,Myles Jack,00-0032968,Questionable,Groin,Full Participation in Practice,Myles Jack,QUESTIONABLE
2022,16,SEA,LB,Jordyn Brooks,00-0036409,,,Full Participation in Practice,Jordyn Brooks,
2022,16,SEA,S,Quandre Diggs,00-0031608,,,Full Participation in Practice,Quandre Diggs,
2022,16,SEA,LB,Bruce Irvin,00-0029193,,,Full Participation in Practice,Bruce Irvin,
2022,16,SEA,DE,Quinton Jefferson,00-0032416,,,Full Participation in Practice,Quinton Jefferson,
2022,16,SEA,T,Abraham Lucas,00-0037812,,,Full Participation in Practice,Abraham Lucas,
2022,16,SEA,LB,Tanner Muse,00-0036368,,,Full Participation in Practice,Tanner Muse,
2022,16,SEA,LB,Uchenna Nwosu,00-0034350,,,Full Participation in Practice,Uchenna Nwosu,
2022,16,SEA,LB,Darrell Taylor,00-0036413,,,Full Participation in Practice,Darrell Taylor,
2022,16,SEA,WR,Tyler Lockett,00-0032211,Out,Hand,Did Not Participate In Practice,Tyler Lockett,OUT
2022,16,SEA,S,Ryan Neal,00-0034527,Out,Knee,Did Not Participate In Practice,Ryan Neal,OUT
2022,16,SEA,DT,Al Woods,00-0027723,Out,Achilles,Did Not Participate In Practice,Al Woods,OUT
2022,16,SEA,WR,Marquise Goodwin,00-0030068,Questionable,Wrist,Did Not Participate In Practice,Marquise Goodwin,QUESTIONABLE
2022,16,SEA,RB,Kenneth Walker,00-0038134,Questionable,Ankle,Did Not Participate In Practice,Kenneth Walker,QUESTIONABLE
2022,16,SEA,RB,DeeJay Dallas,00-0036425,Questionable,Ankle,Limited Participation in Practice,DeeJay Dallas,QUESTIONABLE
2022,16,SEA,TE,Noah Fant,00-0035644,Questionable,Knee,Limited Participation in Practice,Noah Fant,QUESTIONABLE
2022,16,SF,DT,Arik Armstead,00-0032164,,,Full Participation in Practice,Arik Armstead,
2022,16,SF,WR,Danny Gray,00-0037828,,,Full Participation in Practice,Danny Gray,
2022,16,SF,RB,Christian McCaffrey,00-0033280,,,Full Participation in Practice,Christian McCaffrey,
2022,16,SF,T,Trent Williams,00-0027857,,,Full Participation in Practice,Trent Williams,
2022,16,SF,CB,Samuel Womack,00-0037830,,,Full Participation in Practice,Samuel Womack,
2022,16,SF,QB,Brock Purdy,00-0037834,,,Limited Participation in Practice,Brock Purdy,
2022,16,SF,QB,Jimmy Garoppolo,00-0031345,Out,Foot,Did Not Participate In Practice,Jimmy Garoppolo,OUT
2022,16,SF,DT,Kevin Givens,00-0035026,Out,Knee,Did Not Participate In Practice,Kevin Givens,OUT
2022,16,SF,WR,Deebo Samuel,00-0035719,Out,Ankle,Did Not Participate In Practice,Deebo Samuel,OUT
2022,16,SF,S,Tarvarius Moore,00-0034263,Questionable,Illness,Did Not Participate In Practice,Tarvarius Moore,QUESTIONABLE
2022,16,SF,DE,Kerry Hyder,00-0030946,Questionable,Ankle,Limited Participation in Practice,Kerry Hyder,QUESTIONABLE
2022,16,SF,RB,Jordan Mason,00-0037525,Questionable,Hamstring,Limited Participation in Practice,Jordan Mason,QUESTIONABLE
2022,16,SF,CB,Ambry Thomas,00-0037008,Questionable,Ankle,Limited Participation in Practice,Ambry Thomas,QUESTIONABLE
2022,16,SF,CB,Charvarius Ward,00-0034573,Questionable,Concussion,Limited Participation in Practice,Charvarius Ward,QUESTIONABLE
2022,16,TB,LB,Lavonte David,00-0029562,,,Did Not Participate In Practice,Lavonte David,
2022,16,TB,DT,Akiem Hicks,00-0029657,,,Did Not Participate In Practice,Akiem Hicks,
2022,16,TB,QB,Tom Brady,00-0019596,,,Full Participation in Practice,Tom Brady,
2022,16,TB,WR,Mike Evans,00-0031408,,,Full Participation in Practice,Mike Evans,
2022,16,TB,LB,Genard Avery,00-0034682,Out,Abdomen,Did Not Participate In Practice,Genard Avery,OUT
2022,16,TB,CB,Jamel Dean,00-0035699,Out,Toe,Did Not Participate In Practice,Jamel Dean,OUT
2022,16,TB,LB,Carl Nassib,00-0033129,Out,Pectoral,Did Not Participate In Practice,Carl Nassib,OUT
2022,16,TB,T,Donovan Smith,00-0032217,Out,Foot,Did Not Participate In Practice,Donovan Smith,OUT
2022,16,TB,DT,Vita Vea,00-0034773,Out,Calf,Did Not Participate In Practice,Vita Vea,OUT
2022,16,TB,S,Antoine Winfield,00-0036411,Questionable,Ankle,Did Not Participate In Practice,Antoine Winfield,QUESTIONABLE
2022,16,TB,T,Josh Wells,00-0030829,Questionable,Back,Full Participation in Practice,Josh Wells,QUESTIONABLE
2022,16,TB,T,Tristan Wirfs,00-0036406,Questionable,Ankle,Full Participation in Practice,Tristan Wirfs,QUESTIONABLE
2022,16,TB,S,Mike Edwards,00-0035681,Questionable,Hamstring,Limited Participation in Practice,Mike Edwards,QUESTIONABLE
2022,16,TB,WR,Julio Jones,00-0027944,Questionable,Knee,Limited Participation in Practice,Julio Jones,QUESTIONABLE
2022,16,TB,S,Keanu Neal,00-0032382,Questionable,Toe,Limited Participation in Practice,Keanu Neal,QUESTIONABLE
2022,16,TEN,T,Dillon Radunz,00-0036619,,,Did Not Participate In Practice,Dillon Radunz,
2022,16,TEN,S,Andrew Adams,00-0032637,,,Full Participation in Practice,Andrew Adams,
2022,16,TEN,DE,Denico Autry,00-0031254,,,Full Participation in Practice,Denico Autry,
2022,16,TEN,T,Dennis Daley,00-0035300,,,Full Participation in Practice,Dennis Daley,
2022,16,TEN,RB,Derrick Henry,00-0032764,,,Full Participation in Practice,Derrick Henry,
2022,16,TEN,DT,Jeffery Simmons,00-0035643,,,Full Participation in Practice,Jeffery Simmons,
2022,16,TEN,LB,Dylan Cole,00-0033765,Out,Ankle,Did Not Participate In Practice,Dylan Cole,OUT
2022,16,TEN,G,Nate Davis,00-0035649,Out,Ankle,Did Not Participate In Practice,Nate Davis,OUT
2022,16,TEN,CB,Kristian Fulton,00-0036416,Out,Groin,Did Not Participate In Practice,Kristian Fulton,OUT
2022,16,TEN,C,Ben Jones,00-0029413,Out,Concussion,Did Not Participate In Practice,Ben Jones,OUT
2022,16,TEN,CB,Terrance Mitchell,00-0031097,Out,Hamstring,Did Not Participate In Practice,Terrance Mitchell,OUT
2022,16,TEN,QB,Ryan Tannehill,00-0029701,Out,Ankle,Did Not Participate In Practice,Ryan Tannehill,OUT
2022,16,TEN,CB,Josh Thompson,00-0037070,Out,Concussion,Did Not Participate In Practice,Josh Thompson,OUT
2022,16,TEN,CB,Tre Avery,00-0037593,Questionable,Concussion,Full Participation in Practice,Tre Avery,QUESTIONABLE
2022,16,TEN,WR,Treylon Burks,00-0037742,Questionable,Concussion,Full Participation in Practice,Treylon Burks,QUESTIONABLE
2022,16,TEN,G,Aaron Brewer,00-0036171,Questionable,Rib,Limited Participation in Practice,Aaron Brewer,QUESTIONABLE
2022,16,TEN,S,Amani Hooker,00-0035632,Questionable,Knee,Limited Participation in Practice,Amani Hooker,QUESTIONABLE
2022,16,TEN,T,Nicholas Petit-Frere,00-0037754,Questionable,Ankle,Limited Participation in Practice,Nicholas Petit-Frere,QUESTIONABLE
2022,16,WAS,RB,Antonio Gibson,00-0036328,,,Full Participation in Practice,Antonio Gibson,
2022,16,WAS,G,Andrew Norwell,00-0031122,,,Full Participation in Practice,Andrew Norwell,
2022,16,WAS,RB,Brian Robinson,00-0037746,,,Full Participation in Practice,Brian Robinson,
2022,16,WAS,DE,Chase Young,00-0036321,,,Limited Participation in Practice,Chase Young,
2022,16,WAS,T,Saahdiq Charles,00-0036334,Out,Concussion,Did Not Participate In Practice,Saahdiq Charles,OUT
2022,16,WAS,S,Kamren Curl,00-0036349,Questionable,Ankle,Did Not Participate In Practice,Kamren Curl,QUESTIONABLE
2022,16,WAS,CB,Benjamin St-Juste,00-0036625,Questionable,Ankle,Limited Participation in Practice,Benjamin St-Juste,QUESTIONABLE
2022,17,ARI,RB,James Conner,00-0033553,,,Full Participation in Practice,James Conner,
2022,17,ARI,G,Max Garcia,00-0032132,,,Full Participation in Practice,Max Garcia,
2022,17,ARI,WR,A.J. Green,00-0027942,,,Full Participation in Practice,A.J. Green,
2022,17,ARI,CB,Josh Jackson,00-0034751,,,Full Participation in Practice,Josh Jackson,
2022,17,ARI,C,Billy Price,00-0034762,,,Full Participation in Practice,Billy Price,
2022,17,ARI,S,Charles Washington,00-0032560,,,Full Participation in Practice,Charles Washington,
2022,17,ARI,DE,Zach Allen,00-0035248,Out,Hand,Did Not Participate In Practice,Zach Allen,OUT
2022,17,ARI,CB,Antonio Hamilton,00-0032933,Out,Hip,Did Not Participate In Practice,Antonio Hamilton,OUT
2022,17,ARI,QB,Colt McCoy,00-0027688,Out,Concussion,Did Not Participate In Practice,Colt McCoy,OUT
2022,17,ARI,WR,DeAndre Hopkins,00-0030564,Questionable,Knee,Did Not Participate In Practice,DeAndre Hopkins,QUESTIONABLE
2022,17,ARI,CB,Marco Wilson,00-0036884,Questionable,Neck,Did Not Participate In Practice,Marco Wilson,QUESTIONABLE
2022,17,ARI,T,Kelvin Beachum,00-0029316,Questionable,Knee,Limited Participation in Practice,Kelvin Beachum,QUESTIONABLE
2022,17,ARI,LB,Tanner Vallejo,00-0033580,Questionable,Knee,Limited Participation in Practice,Tanner Vallejo,QUESTIONABLE
2022,17,ATL,RB,Cordarrelle Patterson,00-0030578,,,Did Not Participate In Practice,Cordarrelle Patterson,
2022,17,ATL,G,Chuma Edoga,00-0035698,Out,Knee,Did Not Participate In Practice,Chuma Edoga,OUT
2022,17,ATL,TE,Feleipe Franks,00-0036825,Out,Concussion,Did Not Participate In Practice,Feleipe Franks,OUT
2022,17,ATL,S,Jovante Moffatt,00-0036118,Out,Calf,Did Not Participate In Practice,Jovante Moffatt,OUT
2022,17,ATL,G,Elijah Wilkinson,00-0033676,Questionable,Calf,Did Not Participate In Practice,Elijah Wilkinson,QUESTIONABLE
2022,17,BAL,C,Trystan Colon,00-0035992,,,Did Not Participate In Practice,Trystan Colon,
2022,17,BAL,RB,J.K. Dobbins,00-0036158,,,Did Not Participate In Practice,J.K. Dobbins,
2022,17,BAL,LB,Justin Houston,00-0028008,,,Did Not Participate In Practice,Justin Houston,
2022,17,BAL,T,Morgan Moses,00-0031330,,,Did Not Participate In Practice,Morgan Moses,
2022,17,BAL,DE,Jason Pierre-Paul,00-0027867,,,Did Not Participate In Practice,Jason Pierre-Paul,
2022,17,BAL,T,Ronnie Stanley,00-0032965,,,Did Not Participate In Practice,Ronnie Stanley,
2022,17,BAL,G,Kevin Zeitler,00-0029592,,,Did Not Participate In Practice,Kevin Zeitler,
2022,17,BAL,WR,DeSean Jackson,00-0026189,,,Full Participation in Practice,DeSean Jackson,
2022,17,BAL,WR,Demarcus Robinson,00-0032775,,,Full Participation in Practice,Demarcus Robinson,
2022,17,BAL,CB,Kevon Seymour,00-0032942,,,Full Participation in Practice,Kevon Seymour,
2022,17,BAL,QB,Lamar Jackson,00-0034796,Out,Knee,Did Not Participate In Practice,Lamar Jackson,OUT
2022,17,BAL,CB,Marcus Peters,00-0032165,Out,Calf,Did Not Participate In Practice,Marcus Peters,OUT
2022,17,BAL,TE,Nick Boyle,00-0031598,Questionable,Illness,Did Not Participate In Practice,Nick Boyle,QUESTIONABLE
2022,17,BAL,DE,Calais Campbell,00-0026190,Questionable,Knee,Limited Participation in Practice,Calais Campbell,QUESTIONABLE
2022,17,BAL,S,Geno Stone,00-0036199,Questionable,Hamstring,Limited Participation in Practice,Geno Stone,QUESTIONABLE
2022,17,BUF,WR,Stefon Diggs,00-0031588,,,Did Not Participate In Practice,Stefon Diggs,
2022,17,BUF,G,Rodger Saffold,00-0027648,,,Did Not Participate In Practice,Rodger Saffold,
2022,17,BUF,QB,Josh Allen,00-0034857,,,Full Participation in Practice,Josh Allen,
2022,17,BUF,DE,Carlos Basham,00-0036553,,,Full Participation in Practice,Carlos Basham,
2022,17,BUF,RB,Taiwan Jones,00-0028063,,,Full Participation in Practice,Taiwan Jones,
2022,17,BUF,TE,Dawson Knox,00-0035689,,,Full Participation in Practice,Dawson Knox,
2022,17,BUF,CB,Cameron Lewis,00-0035357,,,Full Participation in Practice,Cameron Lewis,
2022,17,BUF,LB,Matt Milano,00-0033571,,,Full Participation in Practice,Matt Milano,
2022,17,BUF,C,Mitch Morse,00-0031936,,,Full Participation in Practice,Mitch Morse,
2022,17,BUF,DE,Jordan Phillips,00-0031557,,,Full Participation in Practice,Jordan Phillips,
2022,17,BUF,S,Jordan Poyer,00-0030114,Questionable,Knee,Limited Participation in Practice,Jordan Poyer,QUESTIONABLE
2022,17,CAR,RB,D'Onta Foreman,00-0033925,,,Did Not Participate In Practice,D'Onta Foreman,
2022,17,CAR,T,Taylor Moton,00-0033284,,,Did Not Participate In Practice,Taylor Moton,
2022,17,CAR,WR,Shi Smith,00-0036572,,,Full Participation in Practice,Shi Smith,
2022,17,CAR,TE,Stephen Sullivan,00-0036438,,,Full Participation in Practice,Stephen Sullivan,
2022,17,CAR,LB,Shaq Thompson,00-0031550,,,Full Participation in Practice,Shaq Thompson,
2022,17,CAR,CB,Jaycee Horn,00-0036944,Out,Wrist,Did Not Participate In Practice,Jaycee Horn,OUT
2022,17,CAR,WR,Andre Roberts,00-0027691,Questionable,Knee,"
    ",Andre Roberts,QUESTIONABLE
2022,17,CAR,TE,Tommy Tremble,00-0037005,Questionable,Hip,Full Participation in Practice,Tommy Tremble,QUESTIONABLE
2022,17,CAR,DE,Marquis Haynes,00-0034382,Questionable,Ankle,Limited Participation in Practice,Marquis Haynes,QUESTIONABLE
2022,17,CAR,G,Cade Mays,00-0037297,Questionable,Knee,Limited Participation in Practice,Cade Mays,QUESTIONABLE
2022,17,CHI,G,Ja'Tyre Carter,00-0037089,,,Did Not Participate In Practice,Ja'Tyre Carter,
2022,17,CHI,WR,Dante Pettis,00-0034860,,,Did Not Participate In Practice,Dante Pettis,
2022,17,CHI,LB,Sterling Weatherford,00-0037406,,,Did Not Participate In Practice,Sterling Weatherford,
2022,17,CHI,DT,Andrew Brown,00-0034394,,,Full Participation in Practice,Andrew Brown,
2022,17,CHI,T,Teven Jenkins,00-0036953,,,Full Participation in Practice,Teven Jenkins,
2022,17,CHI,DT,Justin Jones,00-0034677,,,Full Participation in Practice,Justin Jones,
2022,17,CHI,G,Cody Whitehair,00-0032768,,,Full Participation in Practice,Cody Whitehair,
2022,17,CHI,WR,Chase Claypool,00-0036326,,,Limited Participation in Practice,Chase Claypool,
2022,17,CHI,WR,Equanimeous St. Brown,00-0034279,,,Limited Participation in Practice,Equanimeous St. Brown,
2022,17,CHI,TE,Trevon Wesco,00-0035259,,,Limited Participation in Practice,Trevon Wesco,
2022,17,CIN,T,La'el Collins,00-0031534,,,Did Not Participate In Practice,La'el Collins,
2022,17,CIN,CB,Jalen Davis,00-0034446,,,Full Participation in Practice,Jalen Davis,
2022,17,CIN,TE,Hayden Hurst,00-0034830,,,Full Participation in Practice,Hayden Hurst,
2022,17,CIN,DT,D.J. Reader,00-0032424,,,Full Participation in Practice,D.J. Reader,
2022,17,CIN,WR,Trent Taylor,00-0033292,,,Full Participation in Practice,Trent Taylor,
2022,17,CIN,DE,Sam Hubbard,00-0034834,Questionable,Calf,Limited Participation in Practice,Sam Hubbard,QUESTIONABLE
2022,17,CLE,G,Joel Bitonio,00-0031426,,,Did Not Participate In Practice,Joel Bitonio,
2022,17,CLE,T,Jack Conklin,00-0033057,,,Did Not Participate In Practice,Jack Conklin,
2022,17,CLE,DE,Myles Garrett,00-0033868,,,Did Not Participate In Practice,Myles Garrett,
2022,17,CLE,DT,Jordan Elliott,00-0036266,,,Full Participation in Practice,Jordan Elliott,
2022,17,CLE,RB,Demetric Felton,00-0036654,,,Full Participation in Practice,Demetric Felton,
2022,17,CLE,RB,Kareem Hunt,00-0033923,,,Full Participation in Practice,Kareem Hunt,
2022,17,CLE,S,John Johnson,00-0033927,,,Full Participation in Practice,John Johnson,
2022,17,CLE,G,Wyatt Teller,00-0034399,,,Full Participation in Practice,Wyatt Teller,
2022,17,CLE,CB,Denzel Ward,00-0034856,,,Full Participation in Practice,Denzel Ward,
2022,17,CLE,WR,Amari Cooper,00-0031544,,,Limited Participation in Practice,Amari Cooper,
2022,17,CLE,T,Jedrick Wills,00-0036267,,,Limited Participation in Practice,Jedrick Wills,
2022,17,CLE,DE,Jadeveon Clowney,00-0031364,Questionable,Concussion,Limited Participation in Practice,Jadeveon Clowney,QUESTIONABLE
2022,17,DAL,DE,Dorance Armstrong,00-0034373,,,Did Not Participate In Practice,Dorance Armstrong,
2022,17,DAL,WR,Noah Brown,00-0033591,,,Full Participation in Practice,Noah Brown,
2022,17,DAL,S,Jayron Kearse,00-0032454,,,Full Participation in Practice,Jayron Kearse,
2022,17,DAL,DE,Demarcus Lawrence,00-0031411,,,Full Participation in Practice,Demarcus Lawrence,
2022,17,DAL,G,Zack Martin,00-0031402,,,Full Participation in Practice,Zack Martin,
2022,17,DAL,DE,Sam Williams,00-0037665,,,Full Participation in Practice,Sam Williams,
2022,17,DAL,LB,Leighton Vander Esch,00-0034674,Out,Neck,Did Not Participate In Practice,Leighton Vander Esch,OUT
2022,17,DAL,RB,Tony Pollard,00-0035261,Questionable,Thigh,Did Not Participate In Practice,Tony Pollard,QUESTIONABLE
2022,17,DAL,LB,Micah Parsons,00-0036932,Questionable,Hand,Limited Participation in Practice,Micah Parsons,QUESTIONABLE
2022,17,DEN,S,Kareem Jackson,00-0027872,,,Full Participation in Practice,Kareem Jackson,
2022,17,DEN,G,Quinn Meinerz,00-0037001,,,Full Participation in Practice,Quinn Meinerz,
2022,17,DEN,RB,Latavius Murray,00-0030513,,,Full Participation in Practice,Latavius Murray,
2022,17,DEN,DT,Mike Purcell,00-0029890,,,Full Participation in Practice,Mike Purcell,
2022,17,DEN,G,Dalton Risner,00-0035702,,,Full Participation in Practice,Dalton Risner,
2022,17,DEN,WR,Courtland Sutton,00-0034348,,,Full Participation in Practice,Courtland Sutton,
2022,17,DEN,T,Billy Turner,00-0031433,,,Full Participation in Practice,Billy Turner,
2022,17,DEN,DT,DeShawn Williams,00-0031795,,,Full Participation in Practice,DeShawn Williams,
2022,17,DEN,CB,K'Waun Williams,00-0031253,,,Full Participation in Practice,K'Waun Williams,
2022,17,DEN,CB,Damarri Mathis,00-0038105,,,Limited Participation in Practice,Damarri Mathis,
2022,17,DEN,T,Calvin Anderson,00-0034957,Out,Ankle,Did Not Participate In Practice,Calvin Anderson,OUT
2022,17,DEN,TE,Greg Dulcich,00-0037252,Out,Hamstring,Did Not Participate In Practice,Greg Dulcich,OUT
2022,17,DEN,LB,Randy Gregory,00-0032197,Out,Knee,Did Not Participate In Practice,Randy Gregory,OUT
2022,17,DEN,LB,Baron Browning,00-0036995,Questionable,Back,Limited Participation in Practice,Baron Browning,QUESTIONABLE
2022,17,DEN,WR,Kendall Hinton,00-0035864,Questionable,Hamstring,Limited Participation in Practice,Kendall Hinton,QUESTIONABLE
2022,17,DEN,WR,Jerry Jeudy,00-0036407,Questionable,Ankle,Limited Participation in Practice,Jerry Jeudy,QUESTIONABLE
2022,17,DEN,DT,D.J. Jones,00-0033297,Questionable,Knee,Limited Participation in Practice,D.J. Jones,QUESTIONABLE
2022,17,DET,FB,Jason Cabinda,00-0034171,,,Full Participation in Practice,Jason Cabinda,
2022,17,DET,S,Kerby Joseph,00-0037667,,,Full Participation in Practice,Kerby Joseph,
2022,17,DET,WR,Josh Reynolds,00-0033943,,,Full Participation in Practice,Josh Reynolds,
2022,17,DET,G,Logan Stenberg,00-0036234,,,Full Participation in Practice,Logan Stenberg,
2022,17,DET,G,Kayode Awosika,00-0036736,Out,Ankle,Did Not Participate In Practice,Kayode Awosika,OUT
2022,17,DET,S,DeShon Elliott,00-0034277,Out,Shoulder,Did Not Participate In Practice,DeShon Elliott,OUT
2022,17,DET,RB,Justin Jackson,00-0034440,Questionable,Hip,Limited Participation in Practice,Justin Jackson,QUESTIONABLE
2022,17,DET,C,Frank Ragnow,00-0034345,Questionable,Foot,Limited Participation in Practice,Frank Ragnow,QUESTIONABLE
2022,17,DET,LB,Josh Woods,00-0034801,Questionable,Biceps,Limited Participation in Practice,Josh Woods,QUESTIONABLE
2022,17,GB,CB,Jaire Alexander,00-0034728,,,Full Participation in Practice,Jaire Alexander,
2022,17,GB,LB,Krys Barnes,00-0035961,,,Full Participation in Practice,Krys Barnes,
2022,17,GB,S,Rudy Ford,00-0033792,,,Full Participation in Practice,Rudy Ford,
2022,17,GB,TE,Marcedes Lewis,00-0024243,,,Full Participation in Practice,Marcedes Lewis,
2022,17,GB,T,Yosuah Nijman,00-0035084,,,Full Participation in Practice,Yosuah Nijman,
2022,17,GB,QB,Aaron Rodgers,00-0023459,,,Full Participation in Practice,Aaron Rodgers,
2022,17,GB,T,David Bakhtiari,00-0030074,,,Limited Participation in Practice,David Bakhtiari,
2022,17,GB,G,Elgton Jenkins,00-0035526,,,Limited Participation in Practice,Elgton Jenkins,
2022,17,GB,RB,Aaron Jones,00-0033293,,,Limited Participation in Practice,Aaron Jones,
2022,17,GB,CB,Keisean Nixon,00-0035133,Questionable,Groin,Did Not Participate In Practice,Keisean Nixon,QUESTIONABLE
2022,17,GB,WR,Christian Watson,00-0038124,Questionable,Hip,Limited Participation in Practice,Christian Watson,QUESTIONABLE
2022,17,HOU,WR,Brandin Cooks,00-0031236,,,Did Not Participate In Practice,Brandin Cooks,
2022,17,HOU,G,Kenyon Green,00-0037613,,,Full Participation in Practice,Kenyon Green,
2022,17,HOU,T,Tytus Howard,00-0035234,,,Full Participation in Practice,Tytus Howard,
2022,17,HOU,C,Justin McCray,00-0030792,,,Full Participation in Practice,Justin McCray,
2022,17,HOU,S,M.J. Stewart,00-0034355,,,Full Participation in Practice,M.J. Stewart,
2022,17,HOU,C,Jimmy Morrissey,00-0036859,Out,Concussion,Did Not Participate In Practice,Jimmy Morrissey,OUT
2022,17,HOU,TE,Teagan Quitoriano,00-0037277,Out,Thigh,Did Not Participate In Practice,Teagan Quitoriano,OUT
2022,17,HOU,RB,Dare Ogunbowale,00-0033854,Questionable,Knee,Limited Participation in Practice,Dare Ogunbowale,QUESTIONABLE
2022,17,IND,S,Rodney McLeod,00-0028899,,,Full Participation in Practice,Rodney McLeod,
2022,17,IND,WR,Ashton Dulin,00-0035021,Out,Concussion,Did Not Participate In Practice,Ashton Dulin,OUT
2022,17,IND,TE,Kylen Granson,00-0036876,Out,Ankle,Did Not Participate In Practice,Kylen Granson,OUT
2022,17,IND,CB,Kenny Moore,00-0033393,Out,Ankle,Did Not Participate In Practice,Kenny Moore,OUT
2022,17,IND,DE,Yannick Ngakoue,00-0033123,Questionable,Throat,Full Participation in Practice,Yannick Ngakoue,QUESTIONABLE
2022,17,JAX,DT,Folorunso Fatukasi,00-0034275,Questionable,Ankle,Limited Participation in Practice,Folorunso Fatukasi,QUESTIONABLE
2022,17,JAX,QB,Trevor Lawrence,00-0036971,Questionable,Toe,Limited Participation in Practice,Trevor Lawrence,QUESTIONABLE
2022,17,JAX,LS,Ross Matiscik,00-0035827,Questionable,Back,Limited Participation in Practice,Ross Matiscik,QUESTIONABLE
2022,17,JAX,G,Brandon Scherff,00-0032053,Questionable,Abdomen,Limited Participation in Practice,Brandon Scherff,QUESTIONABLE
2022,17,JAX,LB,Travon Walker,00-0037235,Questionable,Ankle,Limited Participation in Practice,Travon Walker,QUESTIONABLE
2022,17,JAX,S,Andrew Wingard,00-0035378,Questionable,Shoulder,Limited Participation in Practice,Andrew Wingard,QUESTIONABLE
2022,17,KC,FB,Michael Burton,00-0031595,,,Full Participation in Practice,Michael Burton,
2022,17,KC,TE,Noah Gray,00-0036637,,,Full Participation in Practice,Noah Gray,
2022,17,KC,DT,Derrick Nnadi,00-0034818,,,Full Participation in Practice,Derrick Nnadi,
2022,17,KC,DT,Khalen Saunders,00-0035656,,,Full Participation in Practice,Khalen Saunders,
2022,17,KC,T,Prince Tega Wanogho,00-0036230,,,Full Participation in Practice,Prince Tega Wanogho,
2022,17,KC,G,Andrew Wylie,00-0033831,,,Full Participation in Practice,Andrew Wylie,
2022,17,LA,DT,Marquise Copeland,00-0035607,,,Full Participation in Practice,Marquise Copeland,
2022,17,LA,DT,Greg Gaines,00-0035667,,,Full Participation in Practice,Greg Gaines,
2022,17,LA,LB,Travin Howard,00-0034812,,,Full Participation in Practice,Travin Howard,
2022,17,LA,T,Ty Nsekhe,00-0029709,,,Full Participation in Practice,Ty Nsekhe,
2022,17,LA,C,Brian Allen,00-0034804,Out,Calf,Did Not Participate In Practice,Brian Allen,OUT
2022,17,LA,DT,Aaron Donald,00-0031388,Out,Ankle,Did Not Participate In Practice,Aaron Donald,OUT
2022,17,LA,WR,Ben Skowronek,00-0036862,Out,Calf,Did Not Participate In Practice,Ben Skowronek,OUT
2022,17,LA,QB,John Wolford,00-0034899,Out,Neck,Did Not Participate In Practice,John Wolford,OUT
2022,17,LA,LB,Leonard Floyd,00-0033072,Questionable,Not injury related - resting player,Did Not Participate In Practice,Leonard Floyd,QUESTIONABLE
2022,17,LA,TE,Tyler Higbee,00-0033110,Questionable,Not injury related - resting player,Limited Participation in Practice,Tyler Higbee,QUESTIONABLE
2022,17,LAC,RB,Austin Ekeler,00-0033699,,,Full Participation in Practice,Austin Ekeler,
2022,17,LAC,DT,Sebastian Joseph,00-0034810,,,Full Participation in Practice,Sebastian Joseph,
2022,17,LAC,T,Trey Pipkins,00-0035688,,,Full Participation in Practice,Trey Pipkins,
2022,17,LAC,S,Derwin James,00-0034790,Out,Concussion,Limited Participation in Practice,Derwin James,OUT
2022,17,LAC,FB,Zander Horvath,00-0037331,Questionable,Ankle,Limited Participation in Practice,Zander Horvath,QUESTIONABLE
2022,17,LV,QB,Derek Carr,00-0031280,,,Did Not Participate In Practice,Derek Carr,
2022,17,LV,G,Alex Bars,00-0035061,,,Full Participation in Practice,Alex Bars,
2022,17,LV,LB,Curtis Bolton,00-0035076,,,Full Participation in Practice,Curtis Bolton,
2022,17,LV,CB,Nate Hobbs,00-0036871,,,Full Participation in Practice,Nate Hobbs,
2022,17,LV,CB,Amik Robertson,00-0036375,,,Full Participation in Practice,Amik Robertson,
2022,17,LV,CB,Rock Ya-Sin,00-0035637,,,Limited Participation in Practice,Rock Ya-Sin,
2022,17,LV,T,Jackson Barton,00-0035003,Questionable,Back,Limited Participation in Practice,Jackson Barton,QUESTIONABLE
2022,17,LV,RB,Zamir White,00-0038040,Questionable,Ankle,Limited Participation in Practice,Zamir White,QUESTIONABLE
2022,17,MIA,LB,Melvin Ingram,00-0029249,,,Did Not Participate In Practice,Melvin Ingram,
2022,17,MIA,QB,Teddy Bridgewater,00-0031237,,,Full Participation in Practice,Teddy Bridgewater,
2022,17,MIA,S,Clayton Fejedelem,00-0032807,,,Full Participation in Practice,Clayton Fejedelem,
2022,17,MIA,CB,Kader Kohou,00-0037353,,,Full Participation in Practice,Kader Kohou,
2022,17,MIA,LB,Jaelan Phillips,00-0036934,,,Full Participation in Practice,Jaelan Phillips,
2022,17,MIA,S,Eric Rowe,00-0031555,,,Full Participation in Practice,Eric Rowe,
2022,17,MIA,T,Brandon Shell,00-0032420,,,Full Participation in Practice,Brandon Shell,
2022,17,MIA,RB,Raheem Mostert,00-0031687,,,Limited Participation in Practice,Raheem Mostert,
2022,17,MIA,QB,Tua Tagovailoa,00-0036212,Out,Concussion,Did Not Participate In Practice,Tua Tagovailoa,OUT
2022,17,MIA,T,Eric Fisher,00-0030584,Doubtful,Calf,Did Not Participate In Practice,Eric Fisher,DOUBTFUL
2022,17,MIA,T,Terron Armstead,00-0030067,Questionable,"Toe, Pec, Knee, Hip",Did Not Participate In Practice,Terron Armstead,QUESTIONABLE
2022,17,MIA,CB,Xavien Howard,00-0033050,Questionable,Knee,Did Not Participate In Practice,Xavien Howard,QUESTIONABLE
2022,17,MIA,LB,Bradley Chubb,00-0034832,Questionable,Ankle,Limited Participation in Practice,Bradley Chubb,QUESTIONABLE
2022,17,MIA,WR,River Cracraft,00-0034054,Questionable,Calf,Limited Participation in Practice,River Cracraft,QUESTIONABLE
2022,17,MIA,FB,Alec Ingold,00-0035125,Questionable,Thumb,Limited Participation in Practice,Alec Ingold,QUESTIONABLE
2022,17,MIA,T,Greg Little,00-0035694,Questionable,Foot,Limited Participation in Practice,Greg Little,QUESTIONABLE
2022,17,MIN,G,Ezra Cleveland,00-0036327,,,Full Participation in Practice,Ezra Cleveland,
2022,17,MIN,CB,Cameron Dantzler,00-0036330,,,Full Participation in Practice,Cameron Dantzler,
2022,17,MIN,C,Garrett Bradbury,00-0035588,Out,Back,Did Not Participate In Practice,Garrett Bradbury,OUT
2022,17,MIN,DT,James Lynch,00-0036337,Out,Shoulder,Did Not Participate In Practice,James Lynch,OUT
2022,17,NE,T,Yodny Cajuste,00-0035252,,,Full Participation in Practice,Yodny Cajuste,
2022,17,NE,RB,Damien Harris,00-0035657,,,Full Participation in Practice,Damien Harris,
2022,17,NE,S,Adrian Phillips,00-0031404,,,Full Participation in Practice,Adrian Phillips,
2022,17,NE,WR,Matt Slater,00-0026293,,,Full Participation in Practice,Matt Slater,
2022,17,NE,CB,Jack Jones,00-0038039,Out,Knee,Did Not Participate In Practice,Jack Jones,OUT
2022,17,NE,CB,Marcus Jones,00-0037253,Out,Concussion,Did Not Participate In Practice,Marcus Jones,OUT
2022,17,NE,WR,DeVante Parker,00-0031547,Out,Concussion,Did Not Participate In Practice,DeVante Parker,OUT
2022,17,NE,TE,Jonnu Smith,00-0033858,Out,Concussion,Did Not Participate In Practice,Jonnu Smith,OUT
2022,17,NE,TE,Hunter Henry,00-0033090,Questionable,Knee,Limited Participation in Practice,Hunter Henry,QUESTIONABLE
2022,17,NE,CB,Jonathan Jones,00-0032580,Questionable,Chest,Limited Participation in Practice,Jonathan Jones,QUESTIONABLE
2022,17,NE,CB,Jalen Mills,00-0032803,Questionable,Groin,Limited Participation in Practice,Jalen Mills,QUESTIONABLE
2022,17,NE,RB,Rhamondre Stevenson,00-0036875,Questionable,Ankle,Limited Participation in Practice,Rhamondre Stevenson,QUESTIONABLE
2022,17,NE,WR,Tyquan Thornton,00-0038104,Questionable,Knee,Limited Participation in Practice,Tyquan Thornton,QUESTIONABLE
2022,17,NO,LB,Kaden Elliss,00-0035316,,,Full Participation in Practice,Kaden Elliss,
2022,17,NO,RB,Alvin Kamara,00-0033906,,,Full Participation in Practice,Alvin Kamara,
2022,17,NO,T,Ryan Ramczyk,00-0033888,,,Full Participation in Practice,Ryan Ramczyk,
2022,17,NO,S,Marcus Maye,00-0033892,Out,Shoulder,Did Not Participate In Practice,Marcus Maye,OUT
2022,17,NO,G,Andrus Peat,00-0032203,Out,Ankle,Did Not Participate In Practice,Andrus Peat,OUT
2022,17,NO,RB,Dwayne Washington,00-0032450,Out,Illness,Did Not Participate In Practice,Dwayne Washington,OUT
2022,17,NO,LB,Chase Hansen,00-0034944,Questionable,Knee,Full Participation in Practice,Chase Hansen,QUESTIONABLE
2022,17,NO,S,Justin Evans,00-0033898,Questionable,Shoulder,Limited Participation in Practice,Justin Evans,QUESTIONABLE
2022,17,NO,CB,Marshon Lattimore,00-0033874,Questionable,Abdomen,Limited Participation in Practice,Marshon Lattimore,QUESTIONABLE
2022,17,NO,WR,Chris Olave,00-0037239,Questionable,Hamstring,Limited Participation in Practice,Chris Olave,QUESTIONABLE
2022,17,NO,LB,Pete Werner,00-0036927,Questionable,Hamstring,Limited Participation in Practice,Pete Werner,QUESTIONABLE
2022,17,NYG,DT,Dexter Lawrence,00-0035683,,,Full Participation in Practice,Dexter Lawrence,
2022,17,NYG,DT,Leonard Williams,00-0031933,,,Limited Participation in Practice,Leonard Williams,
2022,17,NYG,CB,Adoree' Jackson,00-0033878,Doubtful,Knee,Limited Participation in Practice,Adoree' Jackson,DOUBTFUL
2022,17,NYG,LB,Azeez Ojulari,00-0036552,Questionable,Ankle,Limited Participation in Practice,Azeez Ojulari,QUESTIONABLE
2022,17,NYJ,T,Duane Brown,00-0026166,,,Full Participation in Practice,Duane Brown,
2022,17,NYJ,T,George Fant,00-0032466,,,Full Participation in Practice,George Fant,
2022,17,NYJ,WR,Denzel Mims,00-0036255,,,Full Participation in Practice,Denzel Mims,
2022,17,NYJ,QB,Mike White,00-0034401,,,Full Participation in Practice,Mike White,
2022,17,NYJ,CB,Brandin Echols,00-0036504,Out,Quadricep,Did Not Participate In Practice,Brandin Echols,OUT
2022,17,NYJ,WR,Jeff Smith,00-0035510,Out,Knee,Did Not Participate In Practice,Jeff Smith,OUT
2022,17,NYJ,S,Lamarcus Joyner,00-0031389,Questionable,Hip,Full Participation in Practice,Lamarcus Joyner,QUESTIONABLE
2022,17,NYJ,DE,Vinny Curry,00-0029412,Questionable,Elbow,Limited Participation in Practice,Vinny Curry,QUESTIONABLE
2022,17,NYJ,G,Nate Herbig,00-0035383,Questionable,Ankle,Limited Participation in Practice,Nate Herbig,QUESTIONABLE
2022,17,PHI,WR,A.J. Brown,00-0035676,,,Full Participation in Practice,A.J. Brown,
2022,17,PHI,DT,Jordan Davis,00-0037073,,,Full Participation in Practice,Jordan Davis,
2022,17,PHI,DT,Linval Joseph,00-0027885,,,Full Participation in Practice,Linval Joseph,
2022,17,PHI,RB,Miles Sanders,00-0035243,,,Full Participation in Practice,Miles Sanders,
2022,17,PHI,CB,James Bradberry,00-0032890,,,Limited Participation in Practice,James Bradberry,
2022,17,PHI,DT,Fletcher Cox,00-0029653,,,Limited Participation in Practice,Fletcher Cox,
2022,17,PHI,G,Landon Dickerson,00-0037002,,,Limited Participation in Practice,Landon Dickerson,
2022,17,PHI,DE,Brandon Graham,00-0027865,,,Limited Participation in Practice,Brandon Graham,
2022,17,PHI,C,Jason Kelce,00-0028129,,,Limited Participation in Practice,Jason Kelce,
2022,17,PHI,G,Isaac Seumalo,00-0032954,,,Limited Participation in Practice,Isaac Seumalo,
2022,17,PHI,CB,Darius Slay,00-0030062,,,Limited Participation in Practice,Darius Slay,
2022,17,PHI,DE,Josh Sweat,00-0034381,,,Limited Participation in Practice,Josh Sweat,
2022,17,PHI,T,Lane Johnson,00-0030561,Out,Groin,Did Not Participate In Practice,Lane Johnson,OUT
2022,17,PHI,CB,Avonte Maddox,00-0034377,Out,Toe,Did Not Participate In Practice,Avonte Maddox,OUT
2022,17,PHI,QB,Jalen Hurts,00-0036389,Doubtful,right Shoulder,Limited Participation in Practice,Jalen Hurts,DOUBTFUL
2022,17,PIT,CB,Terrell Edmunds,00-0034858,,,Full Participation in Practice,Terrell Edmunds,
2022,17,PIT,TE,Pat Freiermuth,00-0036894,,,Full Participation in Practice,Pat Freiermuth,
2022,17,PIT,RB,Najee Harris,00-0036893,,,Full Participation in Practice,Najee Harris,
2022,17,PIT,DT,Cameron Heyward,00-0027969,,,Full Participation in Practice,Cameron Heyward,
2022,17,PIT,WR,Diontae Johnson,00-0035216,,,Full Participation in Practice,Diontae Johnson,
2022,17,PIT,S,Tre Norwood,00-0036846,Out,Hamstring,Did Not Participate In Practice,Tre Norwood,OUT
2022,17,PIT,LB,Myles Jack,00-0032968,Questionable,Groin,Limited Participation in Practice,Myles Jack,QUESTIONABLE
2022,17,PIT,DT,Larry Ogunjobi,00-0033905,Questionable,Toe,Limited Participation in Practice,Larry Ogunjobi,QUESTIONABLE
2022,17,SEA,LB,Nick Bellore,00-0028292,,,Full Participation in Practice,Nick Bellore,
2022,17,SEA,LB,Bruce Irvin,00-0029193,,,Full Participation in Practice,Bruce Irvin,
2022,17,SEA,G,Gabe Jackson,00-0031367,,,Full Participation in Practice,Gabe Jackson,
2022,17,SEA,LB,Darrell Taylor,00-0036413,,,Full Participation in Practice,Darrell Taylor,
2022,17,SEA,RB,DeeJay Dallas,00-0036425,,,Limited Participation in Practice,DeeJay Dallas,
2022,17,SEA,TE,Noah Fant,00-0035644,,,Limited Participation in Practice,Noah Fant,
2022,17,SEA,WR,DK Metcalf,00-0035640,,,Limited Participation in Practice,DK Metcalf,
2022,17,SEA,WR,Marquise Goodwin,00-0030068,Doubtful,Shoulder,Did Not Participate In Practice,Marquise Goodwin,DOUBTFUL
2022,17,SEA,RB,Travis Homer,00-0035594,Questionable,Ankle,Did Not Participate In Practice,Travis Homer,QUESTIONABLE
2022,17,SEA,T,Abraham Lucas,00-0037812,Questionable,Knee,Did Not Participate In Practice,Abraham Lucas,QUESTIONABLE
2022,17,SEA,S,Ryan Neal,00-0034527,Questionable,Knee,Did Not Participate In Practice,Ryan Neal,QUESTIONABLE
2022,17,SEA,WR,Tyler Lockett,00-0032211,Questionable,Hand,Full Participation in Practice,Tyler Lockett,QUESTIONABLE
2022,17,SEA,DT,Al Woods,00-0027723,Questionable,Achilles,Full Participation in Practice,Al Woods,QUESTIONABLE
2022,17,SEA,RB,Kenneth Walker,00-0038134,Questionable,Ankle,Limited Participation in Practice,Kenneth Walker,QUESTIONABLE
2022,17,SF,DT,Arik Armstead,00-0032164,,,Full Participation in Practice,Arik Armstead,
2022,17,SF,DE,Nick Bosa,00-0035717,,,Full Participation in Practice,Nick Bosa,
2022,17,SF,RB,Jordan Mason,00-0037525,,,Full Participation in Practice,Jordan Mason,
2022,17,SF,RB,Christian McCaffrey,00-0033280,,,Full Participation in Practice,Christian McCaffrey,
2022,17,SF,QB,Brock Purdy,00-0037834,,,Full Participation in Practice,Brock Purdy,
2022,17,SF,T,Trent Williams,00-0027857,,,Full Participation in Practice,Trent Williams,
2022,17,SF,P,Mitch Wishnowsky,00-0034941,,,Full Participation in Practice,Mitch Wishnowsky,
2022,17,SF,DT,Javon Kinlaw,00-0036260,,,Limited Participation in Practice,Javon Kinlaw,
2022,17,SF,QB,Jimmy Garoppolo,00-0031345,Out,Foot,Did Not Participate In Practice,Jimmy Garoppolo,OUT
2022,17,SF,DT,Kevin Givens,00-0035026,Out,Knee,Did Not Participate In Practice,Kevin Givens,OUT
2022,17,SF,WR,Deebo Samuel,00-0035719,Out,Ankle,Limited Participation in Practice,Deebo Samuel,OUT
2022,17,SF,DE,Kerry Hyder,00-0030946,Questionable,Ankle,Limited Participation in Practice,Kerry Hyder,QUESTIONABLE
2022,17,SF,CB,Ambry Thomas,00-0037008,Questionable,Ankle,Limited Participation in Practice,Ambry Thomas,QUESTIONABLE
2022,17,TB,DT,Akiem Hicks,00-0029657,,,Did Not Participate In Practice,Akiem Hicks,
2022,17,TB,QB,Tom Brady,00-0019596,,,Full Participation in Practice,Tom Brady,
2022,17,TB,LB,Lavonte David,00-0029562,,,Full Participation in Practice,Lavonte David,
2022,17,TB,LB,Anthony Nelson,00-0035254,,,Full Participation in Practice,Anthony Nelson,
2022,17,TB,DE,Rakeem Nunez-Roches,00-0031957,,,Full Participation in Practice,Rakeem Nunez-Roches,
2022,17,TB,TE,Cade Otton,00-0038129,,,Full Participation in Practice,Cade Otton,
2022,17,TB,T,Tristan Wirfs,00-0036406,,,Full Participation in Practice,Tristan Wirfs,
2022,17,TB,CB,Carlton Davis,00-0034778,Doubtful,Shoulder,Did Not Participate In Practice,Carlton Davis,DOUBTFUL
2022,17,TB,LB,Carl Nassib,00-0033129,Doubtful,Pectoral,Limited Participation in Practice,Carl Nassib,DOUBTFUL
2022,17,TB,CB,Jamel Dean,00-0035699,Questionable,Toe,Full Participation in Practice,Jamel Dean,QUESTIONABLE
2022,17,TB,S,Mike Edwards,00-0035681,Questionable,Hamstring,Limited Participation in Practice,Mike Edwards,QUESTIONABLE
2022,17,TB,WR,Julio Jones,00-0027944,Questionable,Knee,Limited Participation in Practice,Julio Jones,QUESTIONABLE
2022,17,TB,T,Donovan Smith,00-0032217,Questionable,Foot,Limited Participation in Practice,Donovan Smith,QUESTIONABLE
2022,17,TB,DT,Vita Vea,00-0034773,Questionable,Calf,Limited Participation in Practice,Vita Vea,QUESTIONABLE
2022,17,TB,S,Antoine Winfield,00-0036411,Questionable,Ankle,Limited Participation in Practice,Antoine Winfield,QUESTIONABLE
2022,17,TEN,G,Aaron Brewer,00-0036171,,,Full Participation in Practice,Aaron Brewer,
2022,17,TEN,LB,Dylan Cole,00-0033765,Out,Ankle,Did Not Participate In Practice,Dylan Cole,OUT
2022,17,TEN,LB,Zach Cunningham,00-0033547,Out,Elbow,Did Not Participate In Practice,Zach Cunningham,OUT
2022,17,TEN,LB,Bud Dupree,00-0032146,Out,Pectoral,Did Not Participate In Practice,Bud Dupree,OUT
2022,17,TEN,S,Amani Hooker,00-0035632,Out,Knee,Did Not Participate In Practice,Amani Hooker,OUT
2022,17,TEN,T,Nicholas Petit-Frere,00-0037754,Out,Ankle,Did Not Participate In Practice,Nicholas Petit-Frere,OUT
2022,17,TEN,DT,Jeffery Simmons,00-0035643,Out,Ankle,Did Not Participate In Practice,Jeffery Simmons,OUT
2022,17,TEN,QB,Ryan Tannehill,00-0029701,Out,Ankle,Did Not Participate In Practice,Ryan Tannehill,OUT
2022,17,TEN,CB,Josh Thompson,00-0037070,Out,Concussion,Did Not Participate In Practice,Josh Thompson,OUT
2022,17,TEN,DE,Denico Autry,00-0031254,Doubtful,Biceps,Limited Participation in Practice,Denico Autry,DOUBTFUL
2022,17,TEN,CB,Kristian Fulton,00-0036416,Doubtful,Groin,Limited Participation in Practice,Kristian Fulton,DOUBTFUL
2022,17,TEN,RB,Derrick Henry,00-0032764,Doubtful,Hip,Limited Participation in Practice,Derrick Henry,DOUBTFUL
2022,17,WAS,LB,Jon Bostic,00-0030064,,,Did Not Participate In Practice,Jon Bostic,
2022,17,WAS,S,Darrick Forrest,00-0036638,,,Full Participation in Practice,Darrick Forrest,
2022,17,WAS,G,Andrew Norwell,00-0031122,,,Full Participation in Practice,Andrew Norwell,
2022,17,WAS,RB,Brian Robinson,00-0037746,,,Full Participation in Practice,Brian Robinson,
2022,17,WAS,G,Wes Schweitzer,00-0032432,,,Full Participation in Practice,Wes Schweitzer,
2022,17,WAS,DE,Shaka Toney,00-0036666,,,Full Participation in Practice,Shaka Toney,
2022,17,WAS,DE,Chase Young,00-0036321,,,Full Participation in Practice,Chase Young,
2022,17,WAS,T,Saahdiq Charles,00-0036334,Out,Concussion,Did Not Participate In Practice,Saahdiq Charles,OUT
2022,17,WAS,RB,Antonio Gibson,00-0036328,Out,Knee,Did Not Participate In Practice,Antonio Gibson,OUT
2022,17,WAS,DE,James Smith-Williams,00-0036351,Out,Concussion,Did Not Participate In Practice,James Smith-Williams,OUT
2022,17,WAS,CB,Benjamin St-Juste,00-0036625,Questionable,Ankle,Did Not Participate In Practice,Benjamin St-Juste,QUESTIONABLE
2022,17,WAS,S,Percy Butler,00-0038100,Questionable,Hip,Limited Participation in Practice,Percy Butler,QUESTIONABLE
2022,17,WAS,S,Kamren Curl,00-0036349,Questionable,Ankle,Limited Participation in Practice,Kamren Curl,QUESTIONABLE
2022,17,WAS,CB,Christian Holmes,00-0037095,Questionable,Ankle,Limited Participation in Practice,Christian Holmes,QUESTIONABLE
2022,18,ARI,S,Chris Banjo,00-0029747,,,Did Not Participate In Practice,Chris Banjo,
2022,18,ARI,DE,Jonathan Ledbetter,00-0035343,,,Did Not Participate In Practice,Jonathan Ledbetter,
2022,18,ARI,T,Kelvin Beachum,00-0029316,,,Full Participation in Practice,Kelvin Beachum,
2022,18,ARI,WR,Marquise Brown,00-0035662,,,Full Participation in Practice,Marquise Brown,
2022,18,ARI,C,Billy Price,00-0034762,,,Full Participation in Practice,Billy Price,
2022,18,ARI,LB,Isaiah Simmons,00-0036356,,,Full Participation in Practice,Isaiah Simmons,
2022,18,ARI,DE,J.J. Watt,00-0027949,,,Full Participation in Practice,J.J. Watt,
2022,18,ARI,DE,Zach Allen,00-0035248,Out,Hand,Did Not Participate In Practice,Zach Allen,OUT
2022,18,ARI,WR,Robbie  Chosen,00-0032688,Out,Back,Did Not Participate In Practice,Robbie  Chosen,OUT
2022,18,ARI,LB,Zaven Collins,00-0036933,Out,Calf,Did Not Participate In Practice,Zaven Collins,OUT
2022,18,ARI,RB,James Conner,00-0033553,Out,Knee,Did Not Participate In Practice,James Conner,OUT
2022,18,ARI,CB,Antonio Hamilton,00-0032933,Out,Hip,Did Not Participate In Practice,Antonio Hamilton,OUT
2022,18,ARI,WR,DeAndre Hopkins,00-0030564,Out,Knee,Did Not Participate In Practice,DeAndre Hopkins,OUT
2022,18,ARI,QB,Colt McCoy,00-0027688,Out,Concussion,Did Not Participate In Practice,Colt McCoy,OUT
2022,18,ARI,CB,Marco Wilson,00-0036884,Out,Neck,Did Not Participate In Practice,Marco Wilson,OUT
2022,18,ARI,LB,Victor Dimukeje,00-0036896,Questionable,Illness,Did Not Participate In Practice,Victor Dimukeje,QUESTIONABLE
2022,18,ARI,DT,Leki Fotu,00-0036371,Questionable,Shoulder,Limited Participation in Practice,Leki Fotu,QUESTIONABLE
2022,18,ARI,CB,Josh Jackson,00-0034751,Questionable,Hamstring,Limited Participation in Practice,Josh Jackson,QUESTIONABLE
2022,18,ARI,LB,Tanner Vallejo,00-0033580,Questionable,Knee,Limited Participation in Practice,Tanner Vallejo,QUESTIONABLE
2022,18,ATL,RB,Cordarrelle Patterson,00-0030578,,,Did Not Participate In Practice,Cordarrelle Patterson,
2022,18,ATL,TE,Feleipe Franks,00-0036825,,,Full Participation in Practice,Feleipe Franks,
2022,18,ATL,RB,Avery Williams,00-0036950,,,Full Participation in Practice,Avery Williams,
2022,18,ATL,G,Elijah Wilkinson,00-0033676,Out,Calf,Did Not Participate In Practice,Elijah Wilkinson,OUT
2022,18,BAL,RB,J.K. Dobbins,00-0036158,,,Did Not Participate In Practice,J.K. Dobbins,
2022,18,BAL,LB,Justin Houston,00-0028008,,,Did Not Participate In Practice,Justin Houston,
2022,18,BAL,DE,Jason Pierre-Paul,00-0027867,,,Did Not Participate In Practice,Jason Pierre-Paul,
2022,18,BAL,T,Ronnie Stanley,00-0032965,,,Did Not Participate In Practice,Ronnie Stanley,
2022,18,BAL,G,Kevin Zeitler,00-0029592,,,Did Not Participate In Practice,Kevin Zeitler,
2022,18,BAL,TE,Nick Boyle,00-0031598,,,Full Participation in Practice,Nick Boyle,
2022,18,BAL,QB,Lamar Jackson,00-0034796,Out,Knee,Did Not Participate In Practice,Lamar Jackson,OUT
2022,18,BAL,DE,Calais Campbell,00-0026190,Questionable,Not injury related - resting player,Did Not Participate In Practice,Calais Campbell,QUESTIONABLE
2022,18,BAL,WR,DeSean Jackson,00-0026189,Questionable,Illness,Did Not Participate In Practice,DeSean Jackson,QUESTIONABLE
2022,18,BAL,CB,Kevon Seymour,00-0032942,Questionable,Finger,Did Not Participate In Practice,Kevon Seymour,QUESTIONABLE
2022,18,BAL,CB,Brandon Stephens,00-0036987,Questionable,Illness,Did Not Participate In Practice,Brandon Stephens,QUESTIONABLE
2022,18,BAL,QB,Tyler Huntley,00-0035993,Questionable,right Shoulder,Limited Participation in Practice,Tyler Huntley,QUESTIONABLE
2022,18,BAL,CB,Marcus Peters,00-0032165,Questionable,Calf,Limited Participation in Practice,Marcus Peters,QUESTIONABLE
2022,18,BUF,WR,Stefon Diggs,00-0031588,,,Did Not Participate In Practice,Stefon Diggs,
2022,18,BUF,G,Rodger Saffold,00-0027648,,,Did Not Participate In Practice,Rodger Saffold,
2022,18,BUF,QB,Josh Allen,00-0034857,,,Full Participation in Practice,Josh Allen,
2022,18,BUF,LB,Tyrel Dodson,00-0035352,,,Full Participation in Practice,Tyrel Dodson,
2022,18,BUF,CB,Taron Johnson,00-0034376,,,Full Participation in Practice,Taron Johnson,
2022,18,BUF,TE,Dawson Knox,00-0035689,,,Full Participation in Practice,Dawson Knox,
2022,18,BUF,CB,Cameron Lewis,00-0035357,,,Full Participation in Practice,Cameron Lewis,
2022,18,BUF,LB,Matt Milano,00-0033571,,,Full Participation in Practice,Matt Milano,
2022,18,BUF,DE,Jordan Phillips,00-0031557,,,Full Participation in Practice,Jordan Phillips,
2022,18,BUF,S,Jordan Poyer,00-0030114,,,Full Participation in Practice,Jordan Poyer,
2022,18,CAR,T,Taylor Moton,00-0033284,,,Did Not Participate In Practice,Taylor Moton,
2022,18,CAR,TE,Ian Thomas,00-0034365,,,Did Not Participate In Practice,Ian Thomas,
2022,18,CAR,TE,Stephen Sullivan,00-0036438,,,Full Participation in Practice,Stephen Sullivan,
2022,18,CAR,LB,Chandler Wooten,00-0037560,,,Full Participation in Practice,Chandler Wooten,
2022,18,CAR,DE,Yetur Gross-Matos,00-0036288,Questionable,Hamstring,"
    ",Yetur Gross-Matos,QUESTIONABLE
2022,18,CAR,DE,Brian Burns,00-0035713,Questionable,Ankle,Did Not Participate In Practice,Brian Burns,QUESTIONABLE
2022,18,CAR,DT,Matt Ioannidis,00-0032781,Questionable,Back,Did Not Participate In Practice,Matt Ioannidis,QUESTIONABLE
2022,18,CAR,RB,D'Onta Foreman,00-0033925,Questionable,Knee,Limited Participation in Practice,D'Onta Foreman,QUESTIONABLE
2022,18,CAR,LB,Joel Iyiegbuniwe,00-0034372,Questionable,Hamstring,Limited Participation in Practice,Joel Iyiegbuniwe,QUESTIONABLE
2022,18,CHI,S,Jaquan Brisker,00-0038135,,,Full Participation in Practice,Jaquan Brisker,
2022,18,CHI,T,Ja'Tyre Carter,00-0037089,,,Full Participation in Practice,Ja'Tyre Carter,
2022,18,CHI,WR,Dante Pettis,00-0034860,,,Full Participation in Practice,Dante Pettis,
2022,18,CHI,LS,Patrick Scales,00-0028284,,,Full Participation in Practice,Patrick Scales,
2022,18,CHI,TE,Trevon Wesco,00-0035259,,,Full Participation in Practice,Trevon Wesco,
2022,18,CHI,QB,Justin Fields,00-0036945,Out,Hip,Did Not Participate In Practice,Justin Fields,OUT
2022,18,CHI,CB,Jaylon Jones,00-0037106,Out,Concussion,Did Not Participate In Practice,Jaylon Jones,OUT
2022,18,CHI,LB,Sterling Weatherford,00-0037406,Out,Illness,Did Not Participate In Practice,Sterling Weatherford,OUT
2022,18,CHI,DT,Angelo Blackson,00-0032107,Questionable,Illness,Did Not Participate In Practice,Angelo Blackson,QUESTIONABLE
2022,18,CHI,DE,Terrell Lewis,00-0036419,Questionable,Not injury related - personal matter,Did Not Participate In Practice,Terrell Lewis,QUESTIONABLE
2022,18,CHI,CB,Kyler Gordon,00-0038111,Questionable,Groin,Limited Participation in Practice,Kyler Gordon,QUESTIONABLE
2022,18,CIN,DE,Sam Hubbard,00-0034834,,,Full Participation in Practice,Sam Hubbard,
2022,18,CIN,CB,Eli Apple,00-0032379,Questionable,Neck,Full Participation in Practice,Eli Apple,QUESTIONABLE
2022,18,CLE,G,Joel Bitonio,00-0031426,,,Did Not Participate In Practice,Joel Bitonio,
2022,18,CLE,G,Drew Forbes,00-0034991,,,Full Participation in Practice,Drew Forbes,
2022,18,CLE,DE,Myles Garrett,00-0033868,,,Full Participation in Practice,Myles Garrett,
2022,18,CLE,C,Ethan Pocic,00-0033901,,,Full Participation in Practice,Ethan Pocic,
2022,18,CLE,WR,Amari Cooper,00-0031544,,,Limited Participation in Practice,Amari Cooper,
2022,18,CLE,RB,D'Ernest Johnson,00-0035628,,,Limited Participation in Practice,D'Ernest Johnson,
2022,18,CLE,DE,Jadeveon Clowney,00-0031364,Out,Not injury related - other,Did Not Participate In Practice,Jadeveon Clowney,OUT
2022,18,CLE,T,Jack Conklin,00-0033057,Out,Ankle,Did Not Participate In Practice,Jack Conklin,OUT
2022,18,CLE,DE,Isaiah Thomas,00-0037314,Out,Foot,Did Not Participate In Practice,Isaiah Thomas,OUT
2022,18,CLE,CB,Denzel Ward,00-0034856,Questionable,Shoulder,Did Not Participate In Practice,Denzel Ward,QUESTIONABLE
2022,18,DAL,CB,Kelvin Joseph,00-0036935,,,Full Participation in Practice,Kelvin Joseph,
2022,18,DAL,DE,Demarcus Lawrence,00-0031411,,,Full Participation in Practice,Demarcus Lawrence,
2022,18,DAL,RB,Tony Pollard,00-0035261,,,Full Participation in Practice,Tony Pollard,
2022,18,DAL,C,Tyler Biadasz,00-0036376,Out,Ankle,Did Not Participate In Practice,Tyler Biadasz,OUT
2022,18,DAL,LB,Leighton Vander Esch,00-0034674,Out,Neck,Limited Participation in Practice,Leighton Vander Esch,OUT
2022,18,DAL,G,Connor McGovern,00-0035679,Questionable,Illness,"
    ",Connor McGovern,QUESTIONABLE
2022,18,DAL,WR,Kavontae Turpin,00-0037801,Questionable,Illness,Did Not Participate In Practice,Kavontae Turpin,QUESTIONABLE
2022,18,DEN,TE,Andrew Beck,00-0034959,,,Full Participation in Practice,Andrew Beck,
2022,18,DEN,LB,Nik Bonitto,00-0037249,,,Full Participation in Practice,Nik Bonitto,
2022,18,DEN,LB,Baron Browning,00-0036995,,,Full Participation in Practice,Baron Browning,
2022,18,DEN,S,Kareem Jackson,00-0027872,,,Full Participation in Practice,Kareem Jackson,
2022,18,DEN,WR,Jerry Jeudy,00-0036407,,,Full Participation in Practice,Jerry Jeudy,
2022,18,DEN,G,Quinn Meinerz,00-0037001,,,Full Participation in Practice,Quinn Meinerz,
2022,18,DEN,DT,Mike Purcell,00-0029890,,,Full Participation in Practice,Mike Purcell,
2022,18,DEN,CB,K'Waun Williams,00-0031253,,,Full Participation in Practice,K'Waun Williams,
2022,18,DEN,T,Calvin Anderson,00-0034957,Out,Ankle,Did Not Participate In Practice,Calvin Anderson,OUT
2022,18,DEN,WR,Kendall Hinton,00-0035864,Out,Chest,Did Not Participate In Practice,Kendall Hinton,OUT
2022,18,DEN,DT,D.J. Jones,00-0033297,Out,Knee,Did Not Participate In Practice,D.J. Jones,OUT
2022,18,DEN,DE,Jonathan Kongbo,00-0035754,Questionable,Illness,Limited Participation in Practice,Jonathan Kongbo,QUESTIONABLE
2022,18,DEN,CB,Damarri Mathis,00-0038105,Questionable,Concussion,Limited Participation in Practice,Damarri Mathis,QUESTIONABLE
2022,18,DEN,TE,Eric Saubert,00-0033576,Questionable,Knee,Limited Participation in Practice,Eric Saubert,QUESTIONABLE
2022,18,DEN,TE,Eric Tomlinson,00-0031690,Questionable,Ankle,Limited Participation in Practice,Eric Tomlinson,QUESTIONABLE
2022,18,DEN,T,Billy Turner,00-0031433,Questionable,Back,Limited Participation in Practice,Billy Turner,QUESTIONABLE
2022,18,DET,C,Evan Brown,00-0034495,,,Full Participation in Practice,Evan Brown,
2022,18,DET,RB,Justin Jackson,00-0034440,,,Full Participation in Practice,Justin Jackson,
2022,18,DET,G,Kayode Awosika,00-0036736,Out,Ankle,Did Not Participate In Practice,Kayode Awosika,OUT
2022,18,DET,DE,Michael Brockers,00-0029630,Questionable,Ankle,Did Not Participate In Practice,Michael Brockers,QUESTIONABLE
2022,18,DET,FB,Jason Cabinda,00-0034171,Questionable,Knee,Limited Participation in Practice,Jason Cabinda,QUESTIONABLE
2022,18,DET,S,DeShon Elliott,00-0034277,Questionable,Shoulder,Limited Participation in Practice,DeShon Elliott,QUESTIONABLE
2022,18,DET,CB,Jeff Okudah,00-0036274,Questionable,Elbow,Limited Participation in Practice,Jeff Okudah,QUESTIONABLE
2022,18,DET,C,Frank Ragnow,00-0034345,Questionable,Foot,Limited Participation in Practice,Frank Ragnow,QUESTIONABLE
2022,18,GB,LB,Krys Barnes,00-0035961,,,Full Participation in Practice,Krys Barnes,
2022,18,GB,S,Rudy Ford,00-0033792,,,Full Participation in Practice,Rudy Ford,
2022,18,GB,TE,Marcedes Lewis,00-0024243,,,Full Participation in Practice,Marcedes Lewis,
2022,18,GB,T,Yosuah Nijman,00-0035084,,,Full Participation in Practice,Yosuah Nijman,
2022,18,GB,QB,Aaron Rodgers,00-0023459,,,Full Participation in Practice,Aaron Rodgers,
2022,18,GB,T,David Bakhtiari,00-0030074,,,Limited Participation in Practice,David Bakhtiari,
2022,18,GB,G,Elgton Jenkins,00-0035526,,,Limited Participation in Practice,Elgton Jenkins,
2022,18,GB,RB,Aaron Jones,00-0033293,,,Limited Participation in Practice,Aaron Jones,
2022,18,GB,CB,Keisean Nixon,00-0035133,,,Limited Participation in Practice,Keisean Nixon,
2022,18,GB,WR,Christian Watson,00-0038124,,,Limited Participation in Practice,Christian Watson,
2022,18,GB,TE,Josiah Deguara,00-0036332,Questionable,Calf,Limited Participation in Practice,Josiah Deguara,QUESTIONABLE
2022,18,HOU,TE,Teagan Quitoriano,00-0037277,,,Full Participation in Practice,Teagan Quitoriano,
2022,18,HOU,WR,Phillip Dorsett,00-0032208,Out,Hamstring,Did Not Participate In Practice,Phillip Dorsett,OUT
2022,18,HOU,C,Jimmy Morrissey,00-0036859,Out,Concussion,Did Not Participate In Practice,Jimmy Morrissey,OUT
2022,18,HOU,CB,Steven Nelson,00-0032150,Questionable,Illness,Did Not Participate In Practice,Steven Nelson,QUESTIONABLE
2022,18,HOU,TE,O.J. Howard,00-0033879,Questionable,Hip,Full Participation in Practice,O.J. Howard,QUESTIONABLE
2022,18,HOU,DE,Ogbonnia Okoronkwo,00-0034807,Questionable,Illness,Limited Participation in Practice,Ogbonnia Okoronkwo,QUESTIONABLE
2022,18,IND,DE,Rashod Berry,00-0036086,,,Full Participation in Practice,Rashod Berry,
2022,18,IND,WR,Ashton Dulin,00-0035021,,,Full Participation in Practice,Ashton Dulin,
2022,18,IND,S,Rodney McLeod,00-0028899,,,Full Participation in Practice,Rodney McLeod,
2022,18,IND,QB,Nick Foles,00-0029567,Out,Ribs,Did Not Participate In Practice,Nick Foles,OUT
2022,18,IND,TE,Kylen Granson,00-0036876,Out,Ankle,Did Not Participate In Practice,Kylen Granson,OUT
2022,18,IND,CB,Stephon Gilmore,00-0029542,Questionable,Wrist,Did Not Participate In Practice,Stephon Gilmore,QUESTIONABLE
2022,18,IND,CB,Brandon Facyson,00-0034545,Questionable,Concussion,Full Participation in Practice,Brandon Facyson,QUESTIONABLE
2022,18,JAX,DT,Folorunso Fatukasi,00-0034275,Questionable,Ankle,Limited Participation in Practice,Folorunso Fatukasi,QUESTIONABLE
2022,18,JAX,S,Rayshawn Jenkins,00-0033941,Questionable,Shoulder,Limited Participation in Practice,Rayshawn Jenkins,QUESTIONABLE
2022,18,JAX,QB,Trevor Lawrence,00-0036971,Questionable,Toe,Limited Participation in Practice,Trevor Lawrence,QUESTIONABLE
2022,18,JAX,LS,Ross Matiscik,00-0035827,Questionable,Back,Limited Participation in Practice,Ross Matiscik,QUESTIONABLE
2022,18,JAX,G,Brandon Scherff,00-0032053,Questionable,Abdomen,Limited Participation in Practice,Brandon Scherff,QUESTIONABLE
2022,18,JAX,LB,Travon Walker,00-0037235,Questionable,Ankle,Limited Participation in Practice,Travon Walker,QUESTIONABLE
2022,18,JAX,S,Andrew Wingard,00-0035378,Questionable,Shoulder,Limited Participation in Practice,Andrew Wingard,QUESTIONABLE
2022,18,KC,LB,Nick Bolton,00-0036621,,,Full Participation in Practice,Nick Bolton,
2022,18,KC,WR,Skyy Moore,00-0038090,Out,Hand,Did Not Participate In Practice,Skyy Moore,OUT
2022,18,KC,K,Harrison Butker,00-0033303,Questionable,Back,Limited Participation in Practice,Harrison Butker,QUESTIONABLE
2022,18,KC,WR,Mecole Hardman,00-0035140,Questionable,Pelvis,Limited Participation in Practice,Mecole Hardman,QUESTIONABLE
2022,18,KC,CB,L'Jarius Sneed,00-0036374,Questionable,Hip,Limited Participation in Practice,L'Jarius Sneed,QUESTIONABLE
2022,18,KC,G,Joe Thuney,00-0032391,Questionable,Ankle,Limited Participation in Practice,Joe Thuney,QUESTIONABLE
2022,18,LA,DT,Greg Gaines,00-0035667,,,Full Participation in Practice,Greg Gaines,
2022,18,LA,T,Rob Havenstein,00-0032242,,,Full Participation in Practice,Rob Havenstein,
2022,18,LA,TE,Tyler Higbee,00-0033110,,,Full Participation in Practice,Tyler Higbee,
2022,18,LA,CB,Jalen Ramsey,00-0033055,,,Full Participation in Practice,Jalen Ramsey,
2022,18,LA,LB,Bobby Wagner,00-0029255,,,Full Participation in Practice,Bobby Wagner,
2022,18,LA,C,Brian Allen,00-0034804,Out,Calf,Did Not Participate In Practice,Brian Allen,OUT
2022,18,LA,DT,Aaron Donald,00-0031388,Out,Ankle,Did Not Participate In Practice,Aaron Donald,OUT
2022,18,LA,S,Nick Scott,00-0035669,Out,Shoulder,Did Not Participate In Practice,Nick Scott,OUT
2022,18,LA,WR,Ben Skowronek,00-0036862,Out,Calf,Did Not Participate In Practice,Ben Skowronek,OUT
2022,18,LAC,CB,Bryce Callahan,00-0031904,,,Full Participation in Practice,Bryce Callahan,
2022,18,LAC,QB,Justin Herbert,00-0036355,,,Full Participation in Practice,Justin Herbert,
2022,18,LAC,S,Derwin James,00-0034790,,,Full Participation in Practice,Derwin James,
2022,18,LAC,LB,Amen Ogbongbemiga,00-0036716,,,Full Participation in Practice,Amen Ogbongbemiga,
2022,18,LAC,T,Trey Pipkins,00-0035688,,,Full Participation in Practice,Trey Pipkins,
2022,18,LAC,LB,Troy Reeder,00-0035617,,,Full Participation in Practice,Troy Reeder,
2022,18,LAC,G,Jamaree Salyer,00-0037295,,,Full Participation in Practice,Jamaree Salyer,
2022,18,LAC,FB,Zander Horvath,00-0037331,Questionable,Ankle,Limited Participation in Practice,Zander Horvath,QUESTIONABLE
2022,18,LV,WR,Davante Adams,00-0031381,,,Full Participation in Practice,Davante Adams,
2022,18,LV,LB,Curtis Bolton,00-0035076,,,Full Participation in Practice,Curtis Bolton,
2022,18,LV,P,A.J. Cole,00-0035190,,,Full Participation in Practice,A.J. Cole,
2022,18,LV,CB,Tyler Hall,00-0035783,,,Full Participation in Practice,Tyler Hall,
2022,18,LV,QB,Jarrett Stidham,00-0035264,,,Full Participation in Practice,Jarrett Stidham,
2022,18,LV,RB,Zamir White,00-0038040,,,Full Participation in Practice,Zamir White,
2022,18,LV,LB,Darien Butler,00-0037503,Out,Concussion,Did Not Participate In Practice,Darien Butler,OUT
2022,18,LV,RB,Josh Jacobs,00-0035700,Questionable,Hip,Did Not Participate In Practice,Josh Jacobs,QUESTIONABLE
2022,18,MIA,T,Eric Fisher,00-0030584,,,Did Not Participate In Practice,Eric Fisher,
2022,18,MIA,LB,Melvin Ingram,00-0029249,,,Did Not Participate In Practice,Melvin Ingram,
2022,18,MIA,S,Jevon Holland,00-0036998,,,Full Participation in Practice,Jevon Holland,
2022,18,MIA,CB,Kader Kohou,00-0037353,,,Full Participation in Practice,Kader Kohou,
2022,18,MIA,LB,Jaelan Phillips,00-0036934,,,Full Participation in Practice,Jaelan Phillips,
2022,18,MIA,WR,Jaylen Waddle,00-0036613,,,Full Participation in Practice,Jaylen Waddle,
2022,18,MIA,RB,Raheem Mostert,00-0031687,,,Limited Participation in Practice,Raheem Mostert,
2022,18,MIA,QB,Tua Tagovailoa,00-0036212,Out,Concussion,Did Not Participate In Practice,Tua Tagovailoa,OUT
2022,18,MIA,T,Terron Armstead,00-0030067,Doubtful,"Toe, Pec, Knee, Hip",Did Not Participate In Practice,Terron Armstead,DOUBTFUL
2022,18,MIA,T,Kendall Lamm,00-0031921,Doubtful,Ankle,Did Not Participate In Practice,Kendall Lamm,DOUBTFUL
2022,18,MIA,WR,Cedrick Wilson,00-0034418,Doubtful,Hip,Did Not Participate In Practice,Cedrick Wilson,DOUBTFUL
2022,18,MIA,QB,Teddy Bridgewater,00-0031237,Questionable,Knee,Limited Participation in Practice,Teddy Bridgewater,QUESTIONABLE
2022,18,MIA,LB,Bradley Chubb,00-0034832,Questionable,Ankle,Limited Participation in Practice,Bradley Chubb,QUESTIONABLE
2022,18,MIA,CB,Xavien Howard,00-0033050,Questionable,Knee,Limited Participation in Practice,Xavien Howard,QUESTIONABLE
2022,18,MIA,FB,Alec Ingold,00-0035125,Questionable,Thumb,Limited Participation in Practice,Alec Ingold,QUESTIONABLE
2022,18,MIA,S,Eric Rowe,00-0031555,Questionable,Quadricep,Limited Participation in Practice,Eric Rowe,QUESTIONABLE
2022,18,MIN,S,Josh Metellus,00-0036348,,,Full Participation in Practice,Josh Metellus,
2022,18,MIN,S,Harrison Smith,00-0029606,Out,Knee,"
    ",Harrison Smith,OUT
2022,18,MIN,C,Garrett Bradbury,00-0035588,Out,Back,Did Not Participate In Practice,Garrett Bradbury,OUT
2022,18,MIN,DT,James Lynch,00-0036337,Out,Shoulder,Did Not Participate In Practice,James Lynch,OUT
2022,18,MIN,DE,Za'Darius Smith,00-0031576,Questionable,Not injury related - personal matter,Did Not Participate In Practice,Za'Darius Smith,QUESTIONABLE
2022,18,MIN,LB,Brian Asamoah,00-0037822,Questionable,Knee,Limited Participation in Practice,Brian Asamoah,QUESTIONABLE
2022,18,MIN,CB,Cameron Dantzler,00-0036330,Questionable,Ankle,Limited Participation in Practice,Cameron Dantzler,QUESTIONABLE
2022,18,NE,CB,Myles Bryant,00-0036087,,,Full Participation in Practice,Myles Bryant,
2022,18,NE,DT,Davon Godchaux,00-0033860,,,Full Participation in Practice,Davon Godchaux,
2022,18,NE,CB,Marcus Jones,00-0037253,,,Full Participation in Practice,Marcus Jones,
2022,18,NE,WR,DeVante Parker,00-0031547,,,Full Participation in Practice,DeVante Parker,
2022,18,NE,CB,Jonathan Jones,00-0032580,Questionable,Chest,Limited Participation in Practice,Jonathan Jones,QUESTIONABLE
2022,18,NE,WR,Jakobi Meyers,00-0034960,Questionable,Shoulder,Limited Participation in Practice,Jakobi Meyers,QUESTIONABLE
2022,18,NE,CB,Jalen Mills,00-0032803,Questionable,Groin,Limited Participation in Practice,Jalen Mills,QUESTIONABLE
2022,18,NE,S,Brenden Schooler,00-0037205,Questionable,Hip,Limited Participation in Practice,Brenden Schooler,QUESTIONABLE
2022,18,NE,TE,Jonnu Smith,00-0033858,Questionable,Concussion,Limited Participation in Practice,Jonnu Smith,QUESTIONABLE
2022,18,NO,RB,Dwayne Washington,00-0032450,,,Did Not Participate In Practice,Dwayne Washington,
2022,18,NO,LB,Chase Hansen,00-0034944,,,Full Participation in Practice,Chase Hansen,
2022,18,NO,CB,Paulson Adebo,00-0036937,Out,Hamstring,Did Not Participate In Practice,Paulson Adebo,OUT
2022,18,NO,G,Andrus Peat,00-0032203,Out,Ankle,Did Not Participate In Practice,Andrus Peat,OUT
2022,18,NO,S,Justin Evans,00-0033898,Questionable,Shoulder,Limited Participation in Practice,Justin Evans,QUESTIONABLE
2022,18,NO,TE,Taysom Hill,00-0033357,Questionable,Back,Limited Participation in Practice,Taysom Hill,QUESTIONABLE
2022,18,NO,T,James Hurst,00-0030694,Questionable,Foot,Limited Participation in Practice,James Hurst,QUESTIONABLE
2022,18,NO,TE,Juwan Johnson,00-0036040,Questionable,Quadricep,Limited Participation in Practice,Juwan Johnson,QUESTIONABLE
2022,18,NO,S,Marcus Maye,00-0033892,Questionable,Shoulder,Limited Participation in Practice,Marcus Maye,QUESTIONABLE
2022,18,NO,T,Ryan Ramczyk,00-0033888,Questionable,Not injury related - resting player,Limited Participation in Practice,Ryan Ramczyk,QUESTIONABLE
2022,18,NO,LB,Ty Summers,00-0034999,Questionable,Oblique,Limited Participation in Practice,Ty Summers,QUESTIONABLE
2022,18,NYG,DT,Dexter Lawrence,00-0035683,,,Full Participation in Practice,Dexter Lawrence,
2022,18,NYG,S,Xavier McKinney,00-0036388,,,Full Participation in Practice,Xavier McKinney,
2022,18,NYG,LB,Azeez Ojulari,00-0036552,Out,Ankle,Did Not Participate In Practice,Azeez Ojulari,OUT
2022,18,NYG,DT,Leonard Williams,00-0031933,Out,Neck,Did Not Participate In Practice,Leonard Williams,OUT
2022,18,NYG,CB,Adoree' Jackson,00-0033878,Doubtful,Knee,Limited Participation in Practice,Adoree' Jackson,DOUBTFUL
2022,18,NYG,C,Jon Feliciano,00-0032151,Questionable,Back,Limited Participation in Practice,Jon Feliciano,QUESTIONABLE
2022,18,NYJ,DE,Vinny Curry,00-0029412,,,Full Participation in Practice,Vinny Curry,
2022,18,NYJ,LB,C.J. Mosley,00-0031296,,,Full Participation in Practice,C.J. Mosley,
2022,18,NYJ,T,Duane Brown,00-0026166,Out,Shoulder,Did Not Participate In Practice,Duane Brown,OUT
2022,18,NYJ,CB,Brandin Echols,00-0036504,Out,Quadricep,Did Not Participate In Practice,Brandin Echols,OUT
2022,18,NYJ,T,George Fant,00-0032466,Out,Knee,Did Not Participate In Practice,George Fant,OUT
2022,18,NYJ,G,Nate Herbig,00-0035383,Out,Calf,Did Not Participate In Practice,Nate Herbig,OUT
2022,18,NYJ,S,Lamarcus Joyner,00-0031389,Out,Hip,Did Not Participate In Practice,Lamarcus Joyner,OUT
2022,18,NYJ,TE,C.J. Uzomah,00-0032134,Questionable,Ankle,Did Not Participate In Practice,C.J. Uzomah,QUESTIONABLE
2022,18,NYJ,S,Ashtyn Davis,00-0036329,Questionable,Ankle,Limited Participation in Practice,Ashtyn Davis,QUESTIONABLE
2022,18,NYJ,G,Laurent Duvernay-Tardif,00-0031022,Questionable,Knee,Limited Participation in Practice,Laurent Duvernay-Tardif,QUESTIONABLE
2022,18,NYJ,QB,Mike White,00-0034401,Questionable,Rib,Limited Participation in Practice,Mike White,QUESTIONABLE
2022,18,NYJ,S,Jordan Whitehead,00-0034374,Questionable,Hamstring,Limited Participation in Practice,Jordan Whitehead,QUESTIONABLE
2022,18,PHI,CB,Zech McPhearson,00-0036917,,,Full Participation in Practice,Zech McPhearson,
2022,18,PHI,RB,Miles Sanders,00-0035243,,,Full Participation in Practice,Miles Sanders,
2022,18,PHI,CB,James Bradberry,00-0032890,,,Limited Participation in Practice,James Bradberry,
2022,18,PHI,WR,A.J. Brown,00-0035676,,,Limited Participation in Practice,A.J. Brown,
2022,18,PHI,DT,Fletcher Cox,00-0029653,,,Limited Participation in Practice,Fletcher Cox,
2022,18,PHI,G,Landon Dickerson,00-0037002,,,Limited Participation in Practice,Landon Dickerson,
2022,18,PHI,DE,Brandon Graham,00-0027865,,,Limited Participation in Practice,Brandon Graham,
2022,18,PHI,C,Jason Kelce,00-0028129,,,Limited Participation in Practice,Jason Kelce,
2022,18,PHI,G,Isaac Seumalo,00-0032954,,,Limited Participation in Practice,Isaac Seumalo,
2022,18,PHI,CB,Darius Slay,00-0030062,,,Limited Participation in Practice,Darius Slay,
2022,18,PHI,LB,Shaun Bradley,00-0036401,Out,Wrist,Did Not Participate In Practice,Shaun Bradley,OUT
2022,18,PHI,T,Lane Johnson,00-0030561,Out,Groin,Did Not Participate In Practice,Lane Johnson,OUT
2022,18,PHI,CB,Avonte Maddox,00-0034377,Out,Toe,Did Not Participate In Practice,Avonte Maddox,OUT
2022,18,PHI,DE,Janarius Robinson,00-0036878,Out,Ankle,Did Not Participate In Practice,Janarius Robinson,OUT
2022,18,PHI,DE,Josh Sweat,00-0034381,Out,Neck,Did Not Participate In Practice,Josh Sweat,OUT
2022,18,PHI,QB,Jalen Hurts,00-0036389,Questionable,right Shoulder,Limited Participation in Practice,Jalen Hurts,QUESTIONABLE
2022,18,PIT,G,Kevin Dotson,00-0036339,,,Full Participation in Practice,Kevin Dotson,
2022,18,PIT,RB,Najee Harris,00-0036893,,,Full Participation in Practice,Najee Harris,
2022,18,PIT,DT,Cameron Heyward,00-0027969,,,Full Participation in Practice,Cameron Heyward,
2022,18,PIT,LB,Alex Highsmith,00-0036333,,,Full Participation in Practice,Alex Highsmith,
2022,18,PIT,WR,Diontae Johnson,00-0035216,,,Full Participation in Practice,Diontae Johnson,
2022,18,PIT,CB,Arthur Maulet,00-0033503,,,Full Participation in Practice,Arthur Maulet,
2022,18,PIT,DT,Larry Ogunjobi,00-0033905,,,Full Participation in Practice,Larry Ogunjobi,
2022,18,PIT,CB,James Pierre,00-0035795,,,Full Participation in Practice,James Pierre,
2022,18,PIT,S,Tre Norwood,00-0036846,Out,Hamstring,Did Not Participate In Practice,Tre Norwood,OUT
2022,18,PIT,S,Minkah Fitzpatrick,00-0034789,Questionable,Ankle,Limited Participation in Practice,Minkah Fitzpatrick,QUESTIONABLE
2022,18,PIT,LB,Myles Jack,00-0032968,Questionable,Groin,Limited Participation in Practice,Myles Jack,QUESTIONABLE
2022,18,SEA,C,Austin Blythe,00-0032455,,,Full Participation in Practice,Austin Blythe,
2022,18,SEA,DE,Poona Ford,00-0034234,,,Full Participation in Practice,Poona Ford,
2022,18,SEA,LB,Bruce Irvin,00-0029193,,,Full Participation in Practice,Bruce Irvin,
2022,18,SEA,G,Gabe Jackson,00-0031367,,,Full Participation in Practice,Gabe Jackson,
2022,18,SEA,T,Abraham Lucas,00-0037812,,,Full Participation in Practice,Abraham Lucas,
2022,18,SEA,WR,DK Metcalf,00-0035640,,,Full Participation in Practice,DK Metcalf,
2022,18,SEA,LB,Uchenna Nwosu,00-0034350,,,Full Participation in Practice,Uchenna Nwosu,
2022,18,SEA,RB,Kenneth Walker,00-0038134,,,Full Participation in Practice,Kenneth Walker,
2022,18,SEA,DT,Al Woods,00-0027723,,,Full Participation in Practice,Al Woods,
2022,18,SEA,RB,DeeJay Dallas,00-0036425,,,Limited Participation in Practice,DeeJay Dallas,
2022,18,SEA,TE,Noah Fant,00-0035644,,,Limited Participation in Practice,Noah Fant,
2022,18,SEA,RB,Travis Homer,00-0035594,Doubtful,Ankle,Did Not Participate In Practice,Travis Homer,DOUBTFUL
2022,18,SEA,G,Phil Haynes,00-0035141,Questionable,Ankle,Did Not Participate In Practice,Phil Haynes,QUESTIONABLE
2022,18,SEA,DE,Quinton Jefferson,00-0032416,Questionable,Illness,Did Not Participate In Practice,Quinton Jefferson,QUESTIONABLE
2022,18,SEA,G,Damien Lewis,00-0036417,Questionable,Ankle,Did Not Participate In Practice,Damien Lewis,QUESTIONABLE
2022,18,SEA,S,Ryan Neal,00-0034527,Questionable,Knee,Did Not Participate In Practice,Ryan Neal,QUESTIONABLE
2022,18,SEA,WR,Tyler Lockett,00-0032211,Questionable,Shin,Limited Participation in Practice,Tyler Lockett,QUESTIONABLE
2022,18,SF,DE,Nick Bosa,00-0035717,,,Full Participation in Practice,Nick Bosa,
2022,18,SF,RB,Christian McCaffrey,00-0033280,,,Full Participation in Practice,Christian McCaffrey,
2022,18,SF,QB,Brock Purdy,00-0037834,,,Full Participation in Practice,Brock Purdy,
2022,18,SF,WR,Deebo Samuel,00-0035719,,,Full Participation in Practice,Deebo Samuel,
2022,18,SF,T,Trent Williams,00-0027857,,,Full Participation in Practice,Trent Williams,
2022,18,SF,G,Aaron Banks,00-0036551,Out,Ankle,Did Not Participate In Practice,Aaron Banks,OUT
2022,18,SF,QB,Jimmy Garoppolo,00-0031345,Out,Foot,Did Not Participate In Practice,Jimmy Garoppolo,OUT
2022,18,SF,LB,Dre Greenlaw,00-0034982,Out,Back,Did Not Participate In Practice,Dre Greenlaw,OUT
2022,18,SF,CB,Ambry Thomas,00-0037008,Out,Ankle,Did Not Participate In Practice,Ambry Thomas,OUT
2022,18,SF,DT,Kevin Givens,00-0035026,Out,Knee,Limited Participation in Practice,Kevin Givens,OUT
2022,18,SF,DT,Arik Armstead,00-0032164,Questionable,Foot,Did Not Participate In Practice,Arik Armstead,QUESTIONABLE
2022,18,SF,DT,Javon Kinlaw,00-0036260,Questionable,Illness,Limited Participation in Practice,Javon Kinlaw,QUESTIONABLE
2022,18,TB,LB,Lavonte David,00-0029562,,,Did Not Participate In Practice,Lavonte David,
2022,18,TB,DT,Akiem Hicks,00-0029657,,,Did Not Participate In Practice,Akiem Hicks,
2022,18,TB,QB,Tom Brady,00-0019596,,,Full Participation in Practice,Tom Brady,
2022,18,TB,T,Tristan Wirfs,00-0036406,,,Full Participation in Practice,Tristan Wirfs,
2022,18,TB,CB,Carlton Davis,00-0034778,Out,Shoulder,Did Not Participate In Practice,Carlton Davis,OUT
2022,18,TB,S,Logan Ryan,00-0030411,Out,Knee,Did Not Participate In Practice,Logan Ryan,OUT
2022,18,TB,T,Donovan Smith,00-0032217,Out,Foot,Did Not Participate In Practice,Donovan Smith,OUT
2022,18,TB,DT,Vita Vea,00-0034773,Out,Calf,Did Not Participate In Practice,Vita Vea,OUT
2022,18,TB,LB,Carl Nassib,00-0033129,Out,Pectoral,Limited Participation in Practice,Carl Nassib,OUT
2022,18,TB,CB,Jamel Dean,00-0035699,Questionable,Toe,Full Participation in Practice,Jamel Dean,QUESTIONABLE
2022,18,TB,S,Mike Edwards,00-0035681,Questionable,Hamstring,Limited Participation in Practice,Mike Edwards,QUESTIONABLE
2022,18,TB,WR,Julio Jones,00-0027944,Questionable,Knee,Limited Participation in Practice,Julio Jones,QUESTIONABLE
2022,18,TEN,DE,Denico Autry,00-0031254,,,Full Participation in Practice,Denico Autry,
2022,18,TEN,DE,Tarell Basham,00-0033917,,,Full Participation in Practice,Tarell Basham,
2022,18,TEN,RB,Derrick Henry,00-0032764,,,Full Participation in Practice,Derrick Henry,
2022,18,TEN,S,Josh Thompson,00-0037070,,,Full Participation in Practice,Josh Thompson,
2022,18,TEN,DT,Jeffery Simmons,00-0035643,,,Limited Participation in Practice,Jeffery Simmons,
2022,18,TEN,CB,Davontae Harris,00-0034388,Out,Hamstring,Did Not Participate In Practice,Davontae Harris,OUT
2022,18,TEN,WR,Treylon Burks,00-0037742,Questionable,Groin,Did Not Participate In Practice,Treylon Burks,QUESTIONABLE
2022,18,TEN,S,Amani Hooker,00-0035632,Questionable,Knee,Did Not Participate In Practice,Amani Hooker,QUESTIONABLE
2022,18,TEN,LB,Dylan Cole,00-0033765,Questionable,Ankle,Limited Participation in Practice,Dylan Cole,QUESTIONABLE
2022,18,TEN,CB,Kristian Fulton,00-0036416,Questionable,Groin,Limited Participation in Practice,Kristian Fulton,QUESTIONABLE
2022,18,TEN,T,Nicholas Petit-Frere,00-0037754,Questionable,Ankle,Limited Participation in Practice,Nicholas Petit-Frere,QUESTIONABLE
2022,18,WAS,RB,Antonio Gibson,00-0036328,,,Did Not Participate In Practice,Antonio Gibson,
2022,18,WAS,DE,Montez Sweat,00-0035647,,,Full Participation in Practice,Montez Sweat,
2022,18,WAS,DT,Jonathan Allen,00-0033523,Out,Knee,Did Not Participate In Practice,Jonathan Allen,OUT
2022,18,WAS,T,Saahdiq Charles,00-0036334,Out,Concussion,Did Not Participate In Practice,Saahdiq Charles,OUT
2022,18,WAS,T,Cornelius Lucas,00-0030725,Out,Ankle,Did Not Participate In Practice,Cornelius Lucas,OUT
2022,18,WAS,RB,Brian Robinson,00-0037746,Out,Knee,Did Not Participate In Practice,Brian Robinson,OUT
2022,18,WAS,DE,James Smith-Williams,00-0036351,Out,Concussion,Did Not Participate In Practice,James Smith-Williams,OUT
2022,18,WAS,CB,Benjamin St-Juste,00-0036625,Out,Ankle,Did Not Participate In Practice,Benjamin St-Juste,OUT
2022,18,WAS,S,Kamren Curl,00-0036349,Questionable,Ankle,Did Not Participate In Practice,Kamren Curl,QUESTIONABLE
2022,18,WAS,LB,Jamin Davis,00-0036614,Questionable,Knee,Did Not Participate In Practice,Jamin Davis,QUESTIONABLE
2022,18,WAS,G,Andrew Norwell,00-0031122,Questionable,Hip,Did Not Participate In Practice,Andrew Norwell,QUESTIONABLE
2022,18,WAS,LB,Nathan Gerry,00-0033577,Questionable,Illness,Limited Participation in Practice,Nathan Gerry,QUESTIONABLE
2022,19,BAL,DE,Calais Campbell,00-0026190,,,Did Not Participate In Practice,Calais Campbell,
2022,19,BAL,LB,Justin Houston,00-0028008,,,Did Not Participate In Practice,Justin Houston,
2022,19,BAL,CB,Marcus Peters,00-0032165,,,Did Not Participate In Practice,Marcus Peters,
2022,19,BAL,DE,Jason Pierre-Paul,00-0027867,,,Did Not Participate In Practice,Jason Pierre-Paul,
2022,19,BAL,G,Ben Powers,00-0034978,,,Did Not Participate In Practice,Ben Powers,
2022,19,BAL,T,Ronnie Stanley,00-0032965,,,Did Not Participate In Practice,Ronnie Stanley,
2022,19,BAL,RB,Gus Edwards,00-0034184,,,Full Participation in Practice,Gus Edwards,
2022,19,BAL,CB,Marlon Humphrey,00-0033281,,,Full Participation in Practice,Marlon Humphrey,
2022,19,BAL,LS,Nick Moore,00-0035408,,,Full Participation in Practice,Nick Moore,
2022,19,BAL,QB,Lamar Jackson,00-0034796,Out,Knee,Did Not Participate In Practice,Lamar Jackson,OUT
2022,19,BAL,CB,Brandon Stephens,00-0036987,Out,Illness,Did Not Participate In Practice,Brandon Stephens,OUT
2022,19,BAL,WR,Tylan Wallace,00-0036630,Out,Hamstring,Did Not Participate In Practice,Tylan Wallace,OUT
2022,19,BAL,C,Trystan Colon,00-0035992,Out,Illness,Full Participation in Practice,Trystan Colon,OUT
2022,19,BAL,QB,Tyler Huntley,00-0035993,Questionable,right Shoulder,Full Participation in Practice,Tyler Huntley,QUESTIONABLE
2022,19,BUF,WR,Stefon Diggs,00-0031588,,,Did Not Participate In Practice,Stefon Diggs,
2022,19,BUF,RB,Taiwan Jones,00-0028063,,,Did Not Participate In Practice,Taiwan Jones,
2022,19,BUF,QB,Case Keenum,00-0028986,,,Did Not Participate In Practice,Case Keenum,
2022,19,BUF,G,Rodger Saffold,00-0027648,,,Did Not Participate In Practice,Rodger Saffold,
2022,19,BUF,QB,Josh Allen,00-0034857,,,Full Participation in Practice,Josh Allen,
2022,19,BUF,CB,Cameron Lewis,00-0035357,,,Full Participation in Practice,Cameron Lewis,
2022,19,BUF,S,Jordan Poyer,00-0030114,,,Full Participation in Practice,Jordan Poyer,
2022,19,BUF,WR,Isaiah McKenzie,00-0033466,Questionable,Hamstring,Did Not Participate In Practice,Isaiah McKenzie,QUESTIONABLE
2022,19,BUF,DE,Jordan Phillips,00-0031557,Questionable,Shoulder,Did Not Participate In Practice,Jordan Phillips,QUESTIONABLE
2022,19,CIN,WR,Tee Higgins,00-0036410,,,Full Participation in Practice,Tee Higgins,
2022,19,CIN,CB,Cam Taylor-Britt,00-0037753,,,Full Participation in Practice,Cam Taylor-Britt,
2022,19,CIN,G,Alex Cappa,00-0034678,Out,Ankle,Did Not Participate In Practice,Alex Cappa,OUT
2022,19,DAL,LB,Micah Parsons,00-0036932,,,Did Not Participate In Practice,Micah Parsons,
2022,19,DAL,C,Tyler Biadasz,00-0036376,,,Full Participation in Practice,Tyler Biadasz,
2022,19,DAL,DE,Demarcus Lawrence,00-0031411,,,Full Participation in Practice,Demarcus Lawrence,
2022,19,DAL,T,Tyron Smith,00-0027947,,,Full Participation in Practice,Tyron Smith,
2022,19,DAL,LB,Leighton Vander Esch,00-0034674,,,Full Participation in Practice,Leighton Vander Esch,
2022,19,DAL,CB,Trayvon Mullen,00-0035695,Out,Illness,Did Not Participate In Practice,Trayvon Mullen,OUT
2022,19,JAX,K,Riley Patterson,00-0036816,,,Full Participation in Practice,Riley Patterson,
2022,19,JAX,WR,Jamal Agnew,00-0033572,Questionable,Shoulder,Limited Participation in Practice,Jamal Agnew,QUESTIONABLE
2022,19,JAX,QB,Trevor Lawrence,00-0036971,Questionable,Toe,Limited Participation in Practice,Trevor Lawrence,QUESTIONABLE
2022,19,JAX,LS,Ross Matiscik,00-0035827,Questionable,Back,Limited Participation in Practice,Ross Matiscik,QUESTIONABLE
2022,19,JAX,WR,Kendric Pryor,00-0037422,Questionable,Shoulder,Limited Participation in Practice,Kendric Pryor,QUESTIONABLE
2022,19,JAX,G,Brandon Scherff,00-0032053,Questionable,Abdomen,Limited Participation in Practice,Brandon Scherff,QUESTIONABLE
2022,19,LAC,LB,Joey Bosa,00-0033156,,,Full Participation in Practice,Joey Bosa,
2022,19,LAC,CB,Bryce Callahan,00-0031904,,,Full Participation in Practice,Bryce Callahan,
2022,19,LAC,FB,Zander Horvath,00-0037331,,,Full Participation in Practice,Zander Horvath,
2022,19,LAC,S,Raheem Layne,00-0037468,,,Full Participation in Practice,Raheem Layne,
2022,19,LAC,LB,Kenneth Murray,00-0036441,,,Full Participation in Practice,Kenneth Murray,
2022,19,LAC,LB,Amen Ogbongbemiga,00-0036716,,,Full Participation in Practice,Amen Ogbongbemiga,
2022,19,LAC,T,Trey Pipkins,00-0035688,,,Full Participation in Practice,Trey Pipkins,
2022,19,LAC,WR,Mike Williams,00-0033536,Questionable,Back,Did Not Participate In Practice,Mike Williams,QUESTIONABLE
2022,19,MIA,LB,Melvin Ingram,00-0029249,,,Did Not Participate In Practice,Melvin Ingram,
2022,19,MIA,CB,Kader Kohou,00-0037353,,,Full Participation in Practice,Kader Kohou,
2022,19,MIA,T,Greg Little,00-0035694,,,Full Participation in Practice,Greg Little,
2022,19,MIA,LB,Jaelan Phillips,00-0036934,,,Full Participation in Practice,Jaelan Phillips,
2022,19,MIA,QB,Skylar Thompson,00-0037327,,,Full Participation in Practice,Skylar Thompson,
2022,19,MIA,WR,Jaylen Waddle,00-0036613,,,Full Participation in Practice,Jaylen Waddle,
2022,19,MIA,RB,Jeffery Wilson,00-0034115,,,Full Participation in Practice,Jeffery Wilson,
2022,19,MIA,RB,Raheem Mostert,00-0031687,Out,Thumb,Did Not Participate In Practice,Raheem Mostert,OUT
2022,19,MIA,QB,Tua Tagovailoa,00-0036212,Out,Concussion,Did Not Participate In Practice,Tua Tagovailoa,OUT
2022,19,MIA,T,Liam Eichenberg,00-0037010,Doubtful,Hand,Did Not Participate In Practice,Liam Eichenberg,DOUBTFUL
2022,19,MIA,T,Brandon Shell,00-0032420,Questionable,Knee,Did Not Participate In Practice,Brandon Shell,QUESTIONABLE
2022,19,MIA,WR,Cedrick Wilson,00-0034418,Questionable,Hip,Full Participation in Practice,Cedrick Wilson,QUESTIONABLE
2022,19,MIA,T,Terron Armstead,00-0030067,Questionable,"toe, pec, knee, hip",Limited Participation in Practice,Terron Armstead,QUESTIONABLE
2022,19,MIA,QB,Teddy Bridgewater,00-0031237,Questionable,Knee,Limited Participation in Practice,Teddy Bridgewater,QUESTIONABLE
2022,19,MIA,LB,Bradley Chubb,00-0034832,Questionable,Ankle,Limited Participation in Practice,Bradley Chubb,QUESTIONABLE
2022,19,MIA,FB,Alec Ingold,00-0035125,Questionable,Thumb,Limited Participation in Practice,Alec Ingold,QUESTIONABLE
2022,19,MIA,T,Kendall Lamm,00-0031921,Questionable,Ankle,Limited Participation in Practice,Kendall Lamm,QUESTIONABLE
2022,19,MIN,LB,Brian Asamoah,00-0037822,,,Full Participation in Practice,Brian Asamoah,
2022,19,MIN,C,Garrett Bradbury,00-0035588,,,Full Participation in Practice,Garrett Bradbury,
2022,19,MIN,DT,James Lynch,00-0036337,,,Full Participation in Practice,James Lynch,
2022,19,MIN,CB,Cameron Dantzler,00-0036330,Questionable,Ankle,Did Not Participate In Practice,Cameron Dantzler,QUESTIONABLE
2022,19,MIN,RB,Kene Nwangwu,00-0036842,Questionable,Illness,Did Not Participate In Practice,Kene Nwangwu,QUESTIONABLE
2022,19,MIN,S,Harrison Smith,00-0029606,Questionable,Knee,Limited Participation in Practice,Harrison Smith,QUESTIONABLE
2022,19,NYG,C,Jon Feliciano,00-0032151,,,Full Participation in Practice,Jon Feliciano,
2022,19,NYG,CB,Adoree' Jackson,00-0033878,,,Full Participation in Practice,Adoree' Jackson,
2022,19,NYG,WR,Marcus Johnson,00-0032980,,,Full Participation in Practice,Marcus Johnson,
2022,19,NYG,S,Xavier McKinney,00-0036388,,,Full Participation in Practice,Xavier McKinney,
2022,19,NYG,T,Evan Neal,00-0037612,,,Full Participation in Practice,Evan Neal,
2022,19,NYG,LB,Azeez Ojulari,00-0036552,,,Full Participation in Practice,Azeez Ojulari,
2022,19,NYG,S,Jason Pinnock,00-0036502,,,Full Participation in Practice,Jason Pinnock,
2022,19,NYG,DT,Leonard Williams,00-0031933,,,Full Participation in Practice,Leonard Williams,
2022,19,SEA,LB,Bruce Irvin,00-0029193,,,Full Participation in Practice,Bruce Irvin,
2022,19,SEA,G,Gabe Jackson,00-0031367,,,Full Participation in Practice,Gabe Jackson,
2022,19,SEA,G,Damien Lewis,00-0036417,,,Full Participation in Practice,Damien Lewis,
2022,19,SEA,T,Abraham Lucas,00-0037812,,,Full Participation in Practice,Abraham Lucas,
2022,19,SEA,DT,Al Woods,00-0027723,,,Full Participation in Practice,Al Woods,
2022,19,SEA,CB,Tariq Woolen,00-0037079,,,Full Participation in Practice,Tariq Woolen,
2022,19,SEA,TE,Noah Fant,00-0035644,,,Limited Participation in Practice,Noah Fant,
2022,19,SEA,WR,Tyler Lockett,00-0032211,,,Limited Participation in Practice,Tyler Lockett,
2022,19,SEA,S,Ryan Neal,00-0034527,,,Limited Participation in Practice,Ryan Neal,
2022,19,SEA,RB,Kenneth Walker,00-0038134,,,Limited Participation in Practice,Kenneth Walker,
2022,19,SEA,CB,Xavier Crawford,00-0035293,Questionable,Hamstring,Did Not Participate In Practice,Xavier Crawford,QUESTIONABLE
2022,19,SEA,G,Phil Haynes,00-0035141,Questionable,Ankle,Did Not Participate In Practice,Phil Haynes,QUESTIONABLE
2022,19,SEA,RB,DeeJay Dallas,00-0036425,Questionable,Ankle,Limited Participation in Practice,DeeJay Dallas,QUESTIONABLE
2022,19,SEA,DE,Shelby Harris,00-0031270,Questionable,Knee,Limited Participation in Practice,Shelby Harris,QUESTIONABLE
2022,19,SF,DT,Arik Armstead,00-0032164,,,Full Participation in Practice,Arik Armstead,
2022,19,SF,G,Aaron Banks,00-0036551,,,Full Participation in Practice,Aaron Banks,
2022,19,SF,DE,Nick Bosa,00-0035717,,,Full Participation in Practice,Nick Bosa,
2022,19,SF,LB,Demetrius Flannigan-Fowles,00-0035020,,,Full Participation in Practice,Demetrius Flannigan-Fowles,
2022,19,SF,DT,Kevin Givens,00-0035026,,,Full Participation in Practice,Kevin Givens,
2022,19,SF,LB,Dre Greenlaw,00-0034982,,,Full Participation in Practice,Dre Greenlaw,
2022,19,SF,DT,Javon Kinlaw,00-0036260,,,Full Participation in Practice,Javon Kinlaw,
2022,19,SF,RB,Christian McCaffrey,00-0033280,,,Full Participation in Practice,Christian McCaffrey,
2022,19,SF,QB,Jimmy Garoppolo,00-0031345,Out,Foot,Did Not Participate In Practice,Jimmy Garoppolo,OUT
2022,19,SF,CB,Ambry Thomas,00-0037008,Out,Ankle,Did Not Participate In Practice,Ambry Thomas,OUT
2022,19,TB,WR,Mike Evans,00-0031408,,,Full Participation in Practice,Mike Evans,
2022,19,TB,WR,Julio Jones,00-0027944,,,Full Participation in Practice,Julio Jones,
2022,19,TB,CB,Sean Murphy-Bunting,00-0035239,,,Full Participation in Practice,Sean Murphy-Bunting,
2022,19,TB,G,Nick Leverett,00-0036105,Doubtful,Knee,Did Not Participate In Practice,Nick Leverett,DOUBTFUL
2022,19,TB,TE,Kyle Rudolph,00-0027981,Doubtful,Knee,Did Not Participate In Practice,Kyle Rudolph,DOUBTFUL
2022,19,TB,CB,Carlton Davis,00-0034778,Questionable,Shoulder,Full Participation in Practice,Carlton Davis,QUESTIONABLE
2022,19,TB,S,Mike Edwards,00-0035681,Questionable,Hip,Full Participation in Practice,Mike Edwards,QUESTIONABLE
2022,19,TB,G,John Molchon,00-0036048,Questionable,Ankle,Full Participation in Practice,John Molchon,QUESTIONABLE
2022,19,TB,LB,Carl Nassib,00-0033129,Questionable,Pectoral,Full Participation in Practice,Carl Nassib,QUESTIONABLE
2022,19,TB,S,Keanu Neal,00-0032382,Questionable,Hip,Full Participation in Practice,Keanu Neal,QUESTIONABLE
2022,19,TB,S,Logan Ryan,00-0030411,Questionable,Knee,Full Participation in Practice,Logan Ryan,QUESTIONABLE
2022,19,TB,T,Donovan Smith,00-0032217,Questionable,Foot,Full Participation in Practice,Donovan Smith,QUESTIONABLE
2022,19,TB,C,Robert Hainsey,00-0036985,Questionable,Hamstring,Limited Participation in Practice,Robert Hainsey,QUESTIONABLE
2022,19,TB,DT,Vita Vea,00-0034773,Questionable,Calf,Limited Participation in Practice,Vita Vea,QUESTIONABLE
2022,20,BUF,WR,Stefon Diggs,00-0031588,,,Did Not Participate In Practice,Stefon Diggs,
2022,20,BUF,RB,Taiwan Jones,00-0028063,,,Did Not Participate In Practice,Taiwan Jones,
2022,20,BUF,QB,Josh Allen,00-0034857,,,Full Participation in Practice,Josh Allen,
2022,20,BUF,CB,Dane Jackson,00-0036166,,,Full Participation in Practice,Dane Jackson,
2022,20,BUF,CB,Cameron Lewis,00-0035357,,,Full Participation in Practice,Cameron Lewis,
2022,20,BUF,WR,Isaiah McKenzie,00-0033466,,,Full Participation in Practice,Isaiah McKenzie,
2022,20,BUF,S,Jordan Poyer,00-0030114,,,Full Participation in Practice,Jordan Poyer,
2022,20,BUF,DT,DaQuan Jones,00-0031054,Questionable,Calf,Limited Participation in Practice,DaQuan Jones,QUESTIONABLE
2022,20,BUF,DE,Jordan Phillips,00-0031557,Questionable,Shoulder,Limited Participation in Practice,Jordan Phillips,QUESTIONABLE
2022,20,CIN,CB,Eli Apple,00-0032379,,,Full Participation in Practice,Eli Apple,
2022,20,CIN,DE,Joseph Ossai,00-0036902,,,Full Participation in Practice,Joseph Ossai,
2022,20,CIN,DT,D.J. Reader,00-0032424,,,Full Participation in Practice,D.J. Reader,
2022,20,CIN,S,Michael Thomas,00-0028908,,,Full Participation in Practice,Michael Thomas,
2022,20,CIN,G,Alex Cappa,00-0034678,Out,Ankle,Did Not Participate In Practice,Alex Cappa,OUT
2022,20,CIN,T,Jonah Williams,00-0035629,Out,Knee,Did Not Participate In Practice,Jonah Williams,OUT
2022,20,CIN,CB,Tre Flowers,00-0034756,Doubtful,Hamstring,Limited Participation in Practice,Tre Flowers,DOUBTFUL
2022,20,DAL,DT,Quinton Bohanna,00-0036649,,,Full Participation in Practice,Quinton Bohanna,
2022,20,DAL,DE,Demarcus Lawrence,00-0031411,,,Full Participation in Practice,Demarcus Lawrence,
2022,20,DAL,S,Israel Mukuamu,00-0036661,,,Full Participation in Practice,Israel Mukuamu,
2022,20,DAL,CB,Trayvon Mullen,00-0035695,,,Full Participation in Practice,Trayvon Mullen,
2022,20,DAL,T,Tyron Smith,00-0027947,,,Full Participation in Practice,Tyron Smith,
2022,20,DAL,T,Jason Peters,00-0022531,Out,Hip,Did Not Participate In Practice,Jason Peters,OUT
2022,20,DAL,S,Jayron Kearse,00-0032454,Questionable,Knee,Limited Participation in Practice,Jayron Kearse,QUESTIONABLE
2022,20,JAX,WR,Jamal Agnew,00-0033572,Questionable,Shoulder,Limited Participation in Practice,Jamal Agnew,QUESTIONABLE
2022,20,JAX,C,Luke Fortner,00-0037814,Questionable,Back,Limited Participation in Practice,Luke Fortner,QUESTIONABLE
2022,20,JAX,QB,Trevor Lawrence,00-0036971,Questionable,Toe,Limited Participation in Practice,Trevor Lawrence,QUESTIONABLE
2022,20,JAX,LS,Ross Matiscik,00-0035827,Questionable,Back,Limited Participation in Practice,Ross Matiscik,QUESTIONABLE
2022,20,JAX,WR,Kendric Pryor,00-0037422,Questionable,Shoulder,Limited Participation in Practice,Kendric Pryor,QUESTIONABLE
2022,20,JAX,G,Brandon Scherff,00-0032053,Questionable,Abdomen,Limited Participation in Practice,Brandon Scherff,QUESTIONABLE
2022,20,KC,DE,Frank Clark,00-0032210,,,Full Participation in Practice,Frank Clark,
2022,20,KC,WR,Skyy Moore,00-0038090,,,Full Participation in Practice,Skyy Moore,
2022,20,KC,CB,L'Jarius Sneed,00-0036374,,,Full Participation in Practice,L'Jarius Sneed,
2022,20,KC,WR,Mecole Hardman,00-0035140,Out,Pelvis,Did Not Participate In Practice,Mecole Hardman,OUT
2022,20,NYG,CB,Adoree' Jackson,00-0033878,,,Full Participation in Practice,Adoree' Jackson,
2022,20,NYG,S,Jason Pinnock,00-0036502,,,Full Participation in Practice,Jason Pinnock,
2022,20,NYG,LB,Landon Collins,00-0032262,,,Limited Participation in Practice,Landon Collins,
2022,20,NYG,WR,Isaiah Hodgins,00-0036165,,,Limited Participation in Practice,Isaiah Hodgins,
2022,20,NYG,S,Julian Love,00-0034974,,,Limited Participation in Practice,Julian Love,
2022,20,NYG,CB,Fabian Moreau,00-0033918,,,Limited Participation in Practice,Fabian Moreau,
2022,20,NYG,LB,Azeez Ojulari,00-0036552,Questionable,Quadricep,Limited Participation in Practice,Azeez Ojulari,QUESTIONABLE
2022,20,PHI,T,Lane Johnson,00-0030561,,,Full Participation in Practice,Lane Johnson,
2022,20,PHI,DT,Linval Joseph,00-0027885,,,Full Participation in Practice,Linval Joseph,
2022,20,PHI,DE,Robert Quinn,00-0027952,,,Full Participation in Practice,Robert Quinn,
2022,20,PHI,CB,James Bradberry,00-0032890,,,Limited Participation in Practice,James Bradberry,
2022,20,PHI,WR,A.J. Brown,00-0035676,,,Limited Participation in Practice,A.J. Brown,
2022,20,PHI,DT,Fletcher Cox,00-0029653,,,Limited Participation in Practice,Fletcher Cox,
2022,20,PHI,G,Landon Dickerson,00-0037002,,,Limited Participation in Practice,Landon Dickerson,
2022,20,PHI,DE,Brandon Graham,00-0027865,,,Limited Participation in Practice,Brandon Graham,
2022,20,PHI,C,Jason Kelce,00-0028129,,,Limited Participation in Practice,Jason Kelce,
2022,20,PHI,G,Isaac Seumalo,00-0032954,,,Limited Participation in Practice,Isaac Seumalo,
2022,20,PHI,CB,Darius Slay,00-0030062,,,Limited Participation in Practice,Darius Slay,
2022,20,PHI,DE,Josh Sweat,00-0034381,,,Limited Participation in Practice,Josh Sweat,
2022,20,PHI,CB,Avonte Maddox,00-0034377,Out,Toe,Did Not Participate In Practice,Avonte Maddox,OUT
2022,20,SF,DE,Samson Ebukam,00-0033945,,,Full Participation in Practice,Samson Ebukam,
2022,20,SF,WR,Jauan Jennings,00-0036259,,,Full Participation in Practice,Jauan Jennings,
2022,20,SF,DT,Javon Kinlaw,00-0036260,,,Full Participation in Practice,Javon Kinlaw,
2022,20,SF,T,Trent Williams,00-0027857,,,Full Participation in Practice,Trent Williams,
2022,20,SF,QB,Jimmy Garoppolo,00-0031345,Out,Foot,Did Not Participate In Practice,Jimmy Garoppolo,OUT
2022,20,SF,CB,Ambry Thomas,00-0037008,Out,Ankle,Did Not Participate In Practice,Ambry Thomas,OUT
2022,21,CIN,LB,Joe Bachie,00-0035895,,,Full Participation in Practice,Joe Bachie,
2022,21,CIN,CB,Tre Flowers,00-0034756,,,Full Participation in Practice,Tre Flowers,
2022,21,CIN,DE,Sam Hubbard,00-0034834,,,Full Participation in Practice,Sam Hubbard,
2022,21,CIN,TE,Hayden Hurst,00-0034830,,,Full Participation in Practice,Hayden Hurst,
2022,21,CIN,C,Ted Karras,00-0032445,,,Full Participation in Practice,Ted Karras,
2022,21,CIN,DT,D.J. Reader,00-0032424,,,Full Participation in Practice,D.J. Reader,
2022,21,CIN,G,Alex Cappa,00-0034678,Out,Ankle,Did Not Participate In Practice,Alex Cappa,OUT
2022,21,CIN,T,Jonah Williams,00-0035629,Out,Knee,Did Not Participate In Practice,Jonah Williams,OUT
2022,21,KC,LB,Willie Gay,00-0036362,,,Full Participation in Practice,Willie Gay,
2022,21,KC,QB,Patrick Mahomes,00-0033873,,,Full Participation in Practice,Patrick Mahomes,
2022,21,KC,RB,Jerick McKinnon,00-0031376,,,Full Participation in Practice,Jerick McKinnon,
2022,21,KC,LB,Nick Bolton,00-0036621,,,Limited Participation in Practice,Nick Bolton,
2022,21,KC,WR,JuJu Smith-Schuster,00-0033857,,,Limited Participation in Practice,JuJu Smith-Schuster,
2022,21,KC,WR,Justin Watson,00-0034386,Questionable,Illness,Did Not Participate In Practice,Justin Watson,QUESTIONABLE
2022,21,KC,TE,Travis Kelce,00-0030506,Questionable,Back,Full Participation in Practice,Travis Kelce,QUESTIONABLE
2022,21,KC,WR,Mecole Hardman,00-0035140,Questionable,Pelvis,Limited Participation in Practice,Mecole Hardman,QUESTIONABLE
2022,21,PHI,T,Lane Johnson,00-0030561,,,Full Participation in Practice,Lane Johnson,
2022,21,PHI,CB,Avonte Maddox,00-0034377,,,Full Participation in Practice,Avonte Maddox,
2022,21,PHI,CB,James Bradberry,00-0032890,,,Limited Participation in Practice,James Bradberry,
2022,21,PHI,WR,A.J. Brown,00-0035676,,,Limited Participation in Practice,A.J. Brown,
2022,21,PHI,DT,Fletcher Cox,00-0029653,,,Limited Participation in Practice,Fletcher Cox,
2022,21,PHI,G,Landon Dickerson,00-0037002,,,Limited Participation in Practice,Landon Dickerson,
2022,21,PHI,LB,T.J. Edwards,00-0035386,,,Limited Participation in Practice,T.J. Edwards,
2022,21,PHI,DE,Brandon Graham,00-0027865,,,Limited Participation in Practice,Brandon Graham,
2022,21,PHI,C,Jason Kelce,00-0028129,,,Limited Participation in Practice,Jason Kelce,
2022,21,PHI,DE,Robert Quinn,00-0027952,,,Limited Participation in Practice,Robert Quinn,
2022,21,PHI,G,Isaac Seumalo,00-0032954,,,Limited Participation in Practice,Isaac Seumalo,
2022,21,PHI,CB,Darius Slay,00-0030062,,,Limited Participation in Practice,Darius Slay,
2022,21,PHI,DE,Josh Sweat,00-0034381,,,Limited Participation in Practice,Josh Sweat,
2022,21,SF,RB,Christian McCaffrey,00-0033280,,,Full Participation in Practice,Christian McCaffrey,
2022,21,SF,DE,Charles Omenihu,00-0035279,,,Full Participation in Practice,Charles Omenihu,
2022,21,SF,WR,Deebo Samuel,00-0035719,,,Full Participation in Practice,Deebo Samuel,
2022,21,SF,T,Trent Williams,00-0027857,,,Full Participation in Practice,Trent Williams,
2022,21,SF,QB,Jimmy Garoppolo,00-0031345,Out,Foot,Did Not Participate In Practice,Jimmy Garoppolo,OUT
2022,21,SF,RB,Elijah Mitchell,00-0036567,Questionable,Groin,Did Not Participate In Practice,Elijah Mitchell,QUESTIONABLE
2022,21,SF,CB,Ambry Thomas,00-0037008,Questionable,Ankle,Limited Participation in Practice,Ambry Thomas,QUESTIONABLE
2022,22,KC,LB,Willie Gay,00-0036362,,,Full Participation in Practice,Willie Gay,
2022,22,KC,QB,Patrick Mahomes,00-0033873,,,Full Participation in Practice,Patrick Mahomes,
2022,22,KC,RB,Jerick McKinnon,00-0031376,,,Full Participation in Practice,Jerick McKinnon,
2022,22,KC,RB,Isiah Pacheco,00-0037197,,,Full Participation in Practice,Isiah Pacheco,
2022,22,KC,G,Trey Smith,00-0036660,,,Full Participation in Practice,Trey Smith,
2022,22,KC,WR,JuJu Smith-Schuster,00-0033857,,,Full Participation in Practice,JuJu Smith-Schuster,
2022,22,KC,CB,L'Jarius Sneed,00-0036374,,,Full Participation in Practice,L'Jarius Sneed,
2022,22,KC,WR,Kadarius Toney,00-0036913,,,Full Participation in Practice,Kadarius Toney,
2022,22,PHI,G,Landon Dickerson,00-0037002,,,Full Participation in Practice,Landon Dickerson,
2022,22,PHI,T,Lane Johnson,00-0030561,,,Full Participation in Practice,Lane Johnson,
2022,22,PHI,C,Cam Jurgens,00-0038112,,,Full Participation in Practice,Cam Jurgens,
2022,22,PHI,CB,Avonte Maddox,00-0034377,,,Full Participation in Practice,Avonte Maddox,
2022,22,PHI,DE,Robert Quinn,00-0027952,,,Full Participation in Practice,Robert Quinn,
2022,22,PHI,CB,James Bradberry,00-0032890,,,Limited Participation in Practice,James Bradberry,
2022,22,PHI,WR,A.J. Brown,00-0035676,,,Limited Participation in Practice,A.J. Brown,
2022,22,PHI,DT,Fletcher Cox,00-0029653,,,Limited Participation in Practice,Fletcher Cox,
2022,22,PHI,DE,Brandon Graham,00-0027865,,,Limited Participation in Practice,Brandon Graham,
2022,22,PHI,C,Jason Kelce,00-0028129,,,Limited Participation in Practice,Jason Kelce,
2022,22,PHI,G,Isaac Seumalo,00-0032954,,,Limited Participation in Practice,Isaac Seumalo,
2022,22,PHI,CB,Darius Slay,00-0030062,,,Limited Participation in Practice,Darius Slay,
2022,22,PHI,DE,Josh Sweat,00-0034381,,,Limited Participation in Practice,Josh Sweat,
2022,22,PHI,WR,Britain Covey,00-0037132,Questionable,Hamstring,Limited Participation in Practice,Britain Covey,QUESTIONABLE
