season,week,team,position,full_name,gsis_id,report_status,report_primary_injury,practice_status,player,injury_status
2024,1,ARI,WR,Xavier Weaver,00-0039521,Out,Oblique,Did Not Participate In Practice,Xavier Weaver,OUT
2024,1,ARI,S,Joey Blount,00-0037141,Questionable,Back,Limited Participation in Practice,Joey Blount,QUESTIONABLE
2024,1,ARI,TE,Tip Reiman,00-0039737,Questionable,Ankle,Limited Participation in Practice,Tip Reiman,QUESTIONABLE
2024,1,ATL,DT,Grady Jarrett,00-0031583,,,Did Not Participate In Practice,Grady Jarrett,
2024,1,ATL,DT,David Onyemata,00-0033051,,,Did Not Participate In Practice,David Onyemata,
2024,1,ATL,LB,Nate Landman,00-0037587,,,Full Participation in Practice,Nate Landman,
2024,1,ATL,TE,Kyle Pitts,00-0036970,,,Full Participation in Practice,Kyle Pitts,
2024,1,ATL,DE,Ta'Quon Graham,00-0036948,,,Limited Participation in Practice,Ta'Quon Graham,
2024,1,ATL,T,Jake Matthews,00-0031279,,,Limited Participation in Practice,Jake Matthews,
2024,1,ATL,CB,Antonio Hamilton,00-0032933,Out,Groin,Did Not Participate In Practice,Antonio Hamilton,OUT
2024,1,BAL,LB,Kyle Van Noy,00-0031360,Out,gameday concussion protocol evaluation,"
    ",Kyle Van Noy,OUT
2024,1,BAL,LB,Adisa Isaac,00-0039791,Out,Hamstring,Did Not Participate In Practice,Adisa Isaac,OUT
2024,1,BAL,RB,Rasheen Ali,00-0039796,Doubtful,Neck,Limited Participation in Practice,Rasheen Ali,DOUBTFUL
2024,1,BUF,S,Cole Bishop,00-0039872,,,Full Participation in Practice,Cole Bishop,
2024,1,BUF,TE,Quintin Morris,00-0036590,,,Full Participation in Practice,Quintin Morris,
2024,1,BUF,WR,Curtis Samuel,00-0033282,,,Full Participation in Practice,Curtis Samuel,
2024,1,BUF,QB,Mitchell Trubisky,00-0033869,,,Full Participation in Practice,Mitchell Trubisky,
2024,1,BUF,DE,Javon Solomon,00-0039879,Out,Oblique,Did Not Participate In Practice,Javon Solomon,OUT
2024,1,BUF,DE,Dawuane Smoot,00-0033907,Questionable,Toe,Did Not Participate In Practice,Dawuane Smoot,QUESTIONABLE
2024,1,CAR,CB,Troy Hill,00-0031785,,,Full Participation in Practice,Troy Hill,
2024,1,CAR,RB,Miles Sanders,00-0035243,,,Full Participation in Practice,Miles Sanders,
2024,1,CAR,TE,Ian Thomas,00-0034365,Out,Calf,Did Not Participate In Practice,Ian Thomas,OUT
2024,1,CAR,TE,Tommy Tremble,00-0037005,Out,Hamstring,Did Not Participate In Practice,Tommy Tremble,OUT
2024,1,CAR,T,Yosuah Nijman,00-0035084,Questionable,Tibia,Limited Participation in Practice,Yosuah Nijman,QUESTIONABLE
2024,1,CHI,T,Kiran Amegadjie,00-0039822,,,Full Participation in Practice,Kiran Amegadjie,
2024,1,CHI,C,Ryan Bates,00-0035382,,,Full Participation in Practice,Ryan Bates,
2024,1,CHI,RB,Roschon Johnson,00-0039021,,,Full Participation in Practice,Roschon Johnson,
2024,1,CHI,TE,Marcedes Lewis,00-0024243,,,Full Participation in Practice,Marcedes Lewis,
2024,1,CHI,DT,Zacch Pickens,00-0038937,Out,Groin,Did Not Participate In Practice,Zacch Pickens,OUT
2024,1,CHI,DE,Darrell Taylor,00-0036413,Questionable,Foot,Did Not Participate In Practice,Darrell Taylor,QUESTIONABLE
2024,1,CHI,WR,Keenan Allen,00-0030279,Questionable,Heel,Full Participation in Practice,Keenan Allen,QUESTIONABLE
2024,1,CHI,DE,Montez Sweat,00-0035647,Questionable,Toe,Full Participation in Practice,Montez Sweat,QUESTIONABLE
2024,1,CHI,DE,DeMarcus Walker,00-0033782,Questionable,Groin,Limited Participation in Practice,DeMarcus Walker,QUESTIONABLE
2024,1,CIN,QB,Joe Burrow,00-0036442,,,Full Participation in Practice,Joe Burrow,
2024,1,CIN,WR,Jermaine Burton,00-0039810,,,Full Participation in Practice,Jermaine Burton,
2024,1,CIN,LB,Akeem Davis-Gaither,00-0036298,,,Full Participation in Practice,Akeem Davis-Gaither,
2024,1,CIN,DT,Kris Jenkins,00-0039908,Out,Thumb,Did Not Participate In Practice,Kris Jenkins,OUT
2024,1,CIN,T,Amarius Mims,00-0039925,Out,Pectoral,Did Not Participate In Practice,Amarius Mims,OUT
2024,1,CIN,WR,Tee Higgins,00-0036410,Doubtful,Hamstring,Did Not Participate In Practice,Tee Higgins,DOUBTFUL
2024,1,CIN,WR,Ja'Marr Chase,00-0036900,Questionable,Not injury related - resting player,Full Participation in Practice,Ja'Marr Chase,QUESTIONABLE
2024,1,CLE,LB,Jordan Hicks,00-0032129,,,Full Participation in Practice,Jordan Hicks,
2024,1,CLE,DT,Maurice Hurst,00-0034746,,,Full Participation in Practice,Maurice Hurst,
2024,1,CLE,DE,Quinton Jefferson,00-0032416,,,Full Participation in Practice,Quinton Jefferson,
2024,1,CLE,WR,Jerry Jeudy,00-0036407,,,Full Participation in Practice,Jerry Jeudy,
2024,1,CLE,"
    ",Jeremiah Owusu-Koramoah,00-0036915,,,Full Participation in Practice,Jeremiah Owusu-Koramoah,
2024,1,CLE,LB,Nathaniel Watson,00-0039406,,,Full Participation in Practice,Nathaniel Watson,
2024,1,CLE,DE,Alex Wright,00-0037251,,,Full Participation in Practice,Alex Wright,
2024,1,CLE,WR,David Bell,00-0037257,,,Limited Participation in Practice,David Bell,
2024,1,CLE,DT,Dalvin Tomlinson,00-0033546,,,Limited Participation in Practice,Dalvin Tomlinson,
2024,1,CLE,T,Jedrick Wills,00-0036267,Out,Knee,Limited Participation in Practice,Jedrick Wills,OUT
2024,1,CLE,T,Jack Conklin,00-0033057,Questionable,Knee,Limited Participation in Practice,Jack Conklin,QUESTIONABLE
2024,1,DAL,CB,Caelen Carson,00-0039387,,,Full Participation in Practice,Caelen Carson,
2024,1,DAL,LB,Damone Clark,00-0037281,,,Full Participation in Practice,Damone Clark,
2024,1,DAL,DE,Marshawn Kneeland,00-0039900,,,Full Participation in Practice,Marshawn Kneeland,
2024,1,DAL,S,Israel Mukuamu,00-0036661,,,Full Participation in Practice,Israel Mukuamu,
2024,1,DAL,DT,Mazi Smith,00-0038545,,,Full Participation in Practice,Mazi Smith,
2024,1,DAL,S,Juanyeh Thomas,00-0037578,,,Full Participation in Practice,Juanyeh Thomas,
2024,1,DAL,TE,John Stephens,00-0038741,Out,Hamstring,Did Not Participate In Practice,John Stephens,OUT
2024,1,DET,S,Loren Strickland,00-0039448,Out,Thumb,Did Not Participate In Practice,Loren Strickland,OUT
2024,1,DET,S,Ifeatu Melifonwu,00-0036993,Doubtful,Ankle,Limited Participation in Practice,Ifeatu Melifonwu,DOUBTFUL
2024,1,DET,DT,D.J. Reader,00-0032424,Questionable,Quadricep,Limited Participation in Practice,D.J. Reader,QUESTIONABLE
2024,1,GB,LB,Edgerrin Cooper,00-0039850,,,Full Participation in Practice,Edgerrin Cooper,
2024,1,GB,WR,Romeo Doubs,00-0037816,,,Full Participation in Practice,Romeo Doubs,
2024,1,GB,CB,Carrington Valentine,00-0038408,,,Full Participation in Practice,Carrington Valentine,
2024,1,GB,DE,Arron Mosby,00-0037364,Out,Not injury related - personal matter,Note,Arron Mosby,OUT
2024,1,GB,TE,Tucker Kraft,00-0038996,Questionable,Back,Limited Participation in Practice,Tucker Kraft,QUESTIONABLE
2024,1,GB,RB,MarShawn Lloyd,00-0039811,Questionable,Hamstring,Limited Participation in Practice,MarShawn Lloyd,QUESTIONABLE
2024,1,GB,RB,Emanuel Wilson,00-0038797,Questionable,Hip,Limited Participation in Practice,Emanuel Wilson,QUESTIONABLE
2024,1,HOU,S,M.J. Stewart,00-0034355,Out,Knee,Did Not Participate In Practice,M.J. Stewart,OUT
2024,1,IND,WR,Josh Downs,00-0038997,Out,Ankle,Did Not Participate In Practice,Josh Downs,OUT
2024,1,IND,K,Matt Gay,00-0035269,Questionable,Hernia,Did Not Participate In Practice,Matt Gay,QUESTIONABLE
2024,1,JAX,DE,Arik Armstead,00-0032164,,,Did Not Participate In Practice,Arik Armstead,
2024,1,JAX,S,Daniel Thomas,00-0036306,Questionable,Achilles,Limited Participation in Practice,Daniel Thomas,QUESTIONABLE
2024,1,KC,LB,Nick Bolton,00-0036621,,,Full Participation in Practice,Nick Bolton,
2024,1,KC,"
    ",Nazeeh Johnson,00-0037198,,,Full Participation in Practice,Nazeeh Johnson,
2024,1,KC,DT,Chris Jones,00-0032762,,,Full Participation in Practice,Chris Jones,
2024,1,KC,T,Wanya Morris,00-0038981,,,Full Participation in Practice,Wanya Morris,
2024,1,KC,DT,Derrick Nnadi,00-0034818,,,Full Participation in Practice,Derrick Nnadi,
2024,1,KC,G,Joe Thuney,00-0032391,,,Full Participation in Practice,Joe Thuney,
2024,1,KC,CB,Joshua Williams,00-0038043,,,Full Participation in Practice,Joshua Williams,
2024,1,KC,LS,James Winchester,00-0030615,,,Full Participation in Practice,James Winchester,
2024,1,KC,WR,Marquise Brown,00-0035662,Out,Shoulder,Did Not Participate In Practice,Marquise Brown,OUT
2024,1,LA,CB,Tre'Davious White,00-0033884,,,Did Not Participate In Practice,Tre'Davious White,
2024,1,LA,CB,Cobie Durant,00-0037839,,,Full Participation in Practice,Cobie Durant,
2024,1,LA,G,Jonah Jackson,00-0036258,,,Full Participation in Practice,Jonah Jackson,
2024,1,LA,WR,Puka Nacua,00-0039075,,,Full Participation in Practice,Puka Nacua,
2024,1,LA,CB,Darious Williams,00-0034203,,,Limited Participation in Practice,Darious Williams,
2024,1,LA,T,Rob Havenstein,00-0032242,Questionable,Ankle,Limited Participation in Practice,Rob Havenstein,QUESTIONABLE
2024,1,LAC,QB,Justin Herbert,00-0036355,,,Full Participation in Practice,Justin Herbert,
2024,1,LAC,WR,Josh Palmer,00-0036988,,,Full Participation in Practice,Josh Palmer,
2024,1,LAC,WR,D.J. Chark,00-0034777,Out,Hip,Did Not Participate In Practice,D.J. Chark,OUT
2024,1,LAC,CB,Tarheeb Still,00-0039366,Questionable,Hip,Full Participation in Practice,Tarheeb Still,QUESTIONABLE
2024,1,LAC,CB,Asante Samuel,00-0036617,Questionable,Shoulder,Limited Participation in Practice,Asante Samuel,QUESTIONABLE
2024,1,LV,LS,Jacob Bobenmoyer,00-0035757,,,Full Participation in Practice,Jacob Bobenmoyer,
2024,1,LV,TE,Brock Bowers,00-0039338,,,Full Participation in Practice,Brock Bowers,
2024,1,LV,T,Kolton Miller,00-0034759,,,Full Participation in Practice,Kolton Miller,
2024,1,LV,LB,Robert Spillane,00-0034720,,,Full Participation in Practice,Robert Spillane,
2024,1,LV,DE,Tyree Wilson,00-0038541,,,Full Participation in Practice,Tyree Wilson,
2024,1,LV,DE,Malcolm Koonce,00-0036989,Out,Knee,Did Not Participate In Practice,Malcolm Koonce,OUT
2024,1,LV,G,Jackson Powers-Johnson,00-0039735,Out,Illness,Did Not Participate In Practice,Jackson Powers-Johnson,OUT
2024,1,LV,CB,Decamerion Richardson,00-0039357,Out,Hamstring,Did Not Participate In Practice,Decamerion Richardson,OUT
2024,1,LV,LB,Tommy Eichenberg,00-0039374,Questionable,Knee,Limited Participation in Practice,Tommy Eichenberg,QUESTIONABLE
2024,1,MIA,T,Terron Armstead,00-0030067,,,Did Not Participate In Practice,Terron Armstead,
2024,1,MIA,DE,Calais Campbell,00-0026190,,,Did Not Participate In Practice,Calais Campbell,
2024,1,MIA,LB,Quinton Bell,00-0035000,,,Full Participation in Practice,Quinton Bell,
2024,1,MIA,G,Aaron Brewer,00-0036171,,,Full Participation in Practice,Aaron Brewer,
2024,1,MIA,S,Jevon Holland,00-0036998,,,Full Participation in Practice,Jevon Holland,
2024,1,MIA,DT,Benito Jones,00-0035841,,,Full Participation in Practice,Benito Jones,
2024,1,MIA,LB,Jaelan Phillips,00-0036934,,,Full Participation in Practice,Jaelan Phillips,
2024,1,MIA,S,Jordan Poyer,00-0030114,,,Full Participation in Practice,Jordan Poyer,
2024,1,MIA,LB,Anthony Walker,00-0033570,,,Full Participation in Practice,Anthony Walker,
2024,1,MIA,CB,Kendall Fuller,00-0033084,,,Limited Participation in Practice,Kendall Fuller,
2024,1,MIA,LB,David Long,00-0035292,,,Limited Participation in Practice,David Long,
2024,1,MIA,WR,Malik Washington,00-0039880,Out,Quadricep,Did Not Participate In Practice,Malik Washington,OUT
2024,1,MIA,CB,Jalen Ramsey,00-0033055,Questionable,Hamstring,Limited Participation in Practice,Jalen Ramsey,QUESTIONABLE
2024,1,MIN,CB,Stephon Gilmore,00-0029542,,,Did Not Participate In Practice,Stephon Gilmore,
2024,1,MIN,"
    ",Harrison Smith,00-0029606,,,Did Not Participate In Practice,Harrison Smith,
2024,1,MIN,WR,Jordan Addison,00-0038994,,,Full Participation in Practice,Jordan Addison,
2024,1,MIN,WR,Jalen Nailor,00-0037291,,,Full Participation in Practice,Jalen Nailor,
2024,1,NE,LB,Christian Elliss,00-0036813,,,Full Participation in Practice,Christian Elliss,
2024,1,NE,TE,Hunter Henry,00-0033090,,,Full Participation in Practice,Hunter Henry,
2024,1,NE,LB,Anfernee Jennings,00-0036193,,,Full Participation in Practice,Anfernee Jennings,
2024,1,NE,CB,Jonathan Jones,00-0032580,,,Full Participation in Practice,Jonathan Jones,
2024,1,NE,DE,Deatrich Wise,00-0033947,,,Full Participation in Practice,Deatrich Wise,
2024,1,NE,LB,Oshane Ximines,00-0035708,,,Full Participation in Practice,Oshane Ximines,
2024,1,NE,G,Sidy Sow,00-0038569,Out,Ankle,Did Not Participate In Practice,Sidy Sow,OUT
2024,1,NE,S,Jabrill Peppers,00-0033883,Questionable,Hip,"
    ",Jabrill Peppers,QUESTIONABLE
2024,1,NE,LB,Joshua Uche,00-0036159,Questionable,Foot,Full Participation in Practice,Joshua Uche,QUESTIONABLE
2024,1,NE,RB,Antonio Gibson,00-0036328,Questionable,Hip,Limited Participation in Practice,Antonio Gibson,QUESTIONABLE
2024,1,NE,T,Vederian Lowe,00-0037287,Questionable,Abdomen,Limited Participation in Practice,Vederian Lowe,QUESTIONABLE
2024,1,NO,CB,Marshon Lattimore,00-0033874,,,Full Participation in Practice,Marshon Lattimore,
2024,1,NO,LB,Pete Werner,00-0036927,,,Full Participation in Practice,Pete Werner,
2024,1,NO,LB,Jaylan Ford,00-0039388,Out,Hamstring,Did Not Participate In Practice,Jaylan Ford,OUT
2024,1,NO,TE,Dallin Holker,00-0039613,Out,Ankle,Did Not Participate In Practice,Dallin Holker,OUT
2024,1,NO,LB,D'Marco Jackson,00-0037271,Out,Calf,Did Not Participate In Practice,D'Marco Jackson,OUT
2024,1,NO,DT,Khalen Saunders,00-0035656,Out,Calf,Did Not Participate In Practice,Khalen Saunders,OUT
2024,1,NO,WR,A.T. Perry,00-0038612,Questionable,Hand,Did Not Participate In Practice,A.T. Perry,QUESTIONABLE
2024,1,NO,LB,Willie Gay,00-0036362,Questionable,Back,Limited Participation in Practice,Willie Gay,QUESTIONABLE
2024,1,NO,G,Nick Saldiveri,00-0038566,Questionable,Calf,Limited Participation in Practice,Nick Saldiveri,QUESTIONABLE
2024,1,NYG,S,Dane Belton,00-0038123,,,Limited Participation in Practice,Dane Belton,
2024,1,NYG,LB,Brian Burns,00-0035713,,,Limited Participation in Practice,Brian Burns,
2024,1,NYG,QB,Drew Lock,00-0035704,,,Limited Participation in Practice,Drew Lock,
2024,1,NYG,LB,Micah McFadden,00-0037259,,,Limited Participation in Practice,Micah McFadden,
2024,1,NYG,WR,Gunner Olszewski,00-0035645,,,Limited Participation in Practice,Gunner Olszewski,
2024,1,NYJ,CB,Jarrick Bernard-Converse,00-0038401,,,Full Participation in Practice,Jarrick Bernard-Converse,
2024,1,NYJ,T,Max Mitchell,00-0038114,,,Full Participation in Practice,Max Mitchell,
2024,1,NYJ,G,Xavier Newman-Johnson,00-0037601,,,Full Participation in Practice,Xavier Newman-Johnson,
2024,1,NYJ,T,Tyron Smith,00-0027947,,,Full Participation in Practice,Tyron Smith,
2024,1,NYJ,WR,Mike Williams,00-0033536,,,Full Participation in Practice,Mike Williams,
2024,1,NYJ,LB,Zaire Barnes,00-0038399,Out,Ankle,Did Not Participate In Practice,Zaire Barnes,OUT
2024,1,NYJ,G,Wes Schweitzer,00-0032432,Out,Hand,Did Not Participate In Practice,Wes Schweitzer,OUT
2024,1,PHI,WR,A.J. Brown,00-0035676,,,Full Participation in Practice,A.J. Brown,
2024,1,PHI,G,Landon Dickerson,00-0037002,,,Full Participation in Practice,Landon Dickerson,
2024,1,PHI,LB,Devin White,00-0035707,Out,Ankle,Did Not Participate In Practice,Devin White,OUT
2024,1,PHI,CB,Isaiah Rodgers,00-0036222,Out,Hand,Limited Participation in Practice,Isaiah Rodgers,OUT
2024,1,PIT,T,Troy Fautanu,00-0039871,,,Full Participation in Practice,Troy Fautanu,
2024,1,PIT,CB,Cory Trice,00-0038639,,,Full Participation in Practice,Cory Trice,
2024,1,PIT,RB,Jaylen Warren,00-0037228,,,Full Participation in Practice,Jaylen Warren,
2024,1,PIT,TE,Darnell Washington,00-0038558,,,Full Participation in Practice,Darnell Washington,
2024,1,PIT,DE,Logan Lee,00-0039389,Out,Calf,Did Not Participate In Practice,Logan Lee,OUT
2024,1,PIT,G,Isaac Seumalo,00-0032954,Out,Pectoral,Did Not Participate In Practice,Isaac Seumalo,OUT
2024,1,PIT,WR,Roman Wilson,00-0039739,Out,Ankle,Limited Participation in Practice,Roman Wilson,OUT
2024,1,PIT,QB,Russell Wilson,00-0029263,Questionable,Calf,Limited Participation in Practice,Russell Wilson,QUESTIONABLE
2024,1,SEA,TE,Noah Fant,00-0035644,,,Full Participation in Practice,Noah Fant,
2024,1,SEA,S,Rayshawn Jenkins,00-0033941,,,Full Participation in Practice,Rayshawn Jenkins,
2024,1,SEA,LB,Dre'Mont Jones,00-0035678,,,Full Participation in Practice,Dre'Mont Jones,
2024,1,SEA,TE,Pharaoh Brown,00-0033439,Out,Foot,Did Not Participate In Practice,Pharaoh Brown,OUT
2024,1,SEA,LB,Uchenna Nwosu,00-0034350,Out,Knee,Did Not Participate In Practice,Uchenna Nwosu,OUT
2024,1,SEA,WR,Tyler Lockett,00-0032211,Questionable,Thigh,Full Participation in Practice,Tyler Lockett,QUESTIONABLE
2024,1,SF,LB,Tatum Bethune,00-0039435,,,Full Participation in Practice,Tatum Bethune,
2024,1,SF,G,Spencer Burford,00-0037829,,,Full Participation in Practice,Spencer Burford,
2024,1,SF,RB,Isaac Guerendo,00-0039363,,,Full Participation in Practice,Isaac Guerendo,
2024,1,SF,WR,Jauan Jennings,00-0036259,,,Full Participation in Practice,Jauan Jennings,
2024,1,SF,P,Mitch Wishnowsky,00-0034941,,,Full Participation in Practice,Mitch Wishnowsky,
2024,1,SF,DE,Yetur Gross-Matos,00-0036288,Out,Knee,Did Not Participate In Practice,Yetur Gross-Matos,OUT
2024,1,SF,LB,Dee Winters,00-0038625,Out,Ankle,Did Not Participate In Practice,Dee Winters,OUT
2024,1,SF,S,Talanoa Hufanga,00-0036564,Doubtful,Knee,Limited Participation in Practice,Talanoa Hufanga,DOUBTFUL
2024,1,SF,G,Aaron Banks,00-0036551,Questionable,Finger,Limited Participation in Practice,Aaron Banks,QUESTIONABLE
2024,1,SF,RB,Christian McCaffrey,00-0033280,Questionable,Calf,Limited Participation in Practice,Christian McCaffrey,QUESTIONABLE
2024,1,TB,DE,Earnest Brown,00-0036855,,,Did Not Participate In Practice,Earnest Brown,
2024,1,TB,LB,SirVocea Dennis,00-0039049,,,Full Participation in Practice,SirVocea Dennis,
2024,1,TB,LB,YaYa Diaby,00-0039068,,,Full Participation in Practice,YaYa Diaby,
2024,1,TB,CB,Tyrek Funderburk,00-0039586,,,Full Participation in Practice,Tyrek Funderburk,
2024,1,TB,CB,Josh Hayes,00-0039051,,,Full Participation in Practice,Josh Hayes,
2024,1,TB,K,Chase McLaughlin,00-0035358,,,Full Participation in Practice,Chase McLaughlin,
2024,1,TB,S,Kaevon Merriweather,00-0038823,,,Full Participation in Practice,Kaevon Merriweather,
2024,1,TB,LB,J.J. Russell,00-0037491,,,Full Participation in Practice,J.J. Russell,
2024,1,TB,T,Justin Skule,00-0034989,,,Full Participation in Practice,Justin Skule,
2024,1,TB,LB,Joe Tryon,00-0036967,,,Full Participation in Practice,Joe Tryon,
2024,1,TB,S,Jordan Whitehead,00-0034374,,,Full Participation in Practice,Jordan Whitehead,
2024,1,TB,LB,Lavonte David,00-0029562,,,Limited Participation in Practice,Lavonte David,
2024,1,TB,WR,Mike Evans,00-0031408,,,Limited Participation in Practice,Mike Evans,
2024,1,TB,DE,Logan Hall,00-0038127,Out,Foot,Did Not Participate In Practice,Logan Hall,OUT
2024,1,TB,WR,Trey Palmer,00-0039052,Questionable,Concussion,Full Participation in Practice,Trey Palmer,QUESTIONABLE
2024,1,TB,DT,Calijah Kancey,00-0039063,Questionable,Calf,Limited Participation in Practice,Calijah Kancey,QUESTIONABLE
2024,1,TEN,S,Jamal Adams,00-0033872,Out,Hip,Did Not Participate In Practice,Jamal Adams,OUT
2024,1,TEN,LB,Otis Reese,00-0038853,Out,Concussion,Limited Participation in Practice,Otis Reese,OUT
2024,1,TEN,CB,Chidobe Awuzie,00-0033548,Questionable,Calf,Limited Participation in Practice,Chidobe Awuzie,QUESTIONABLE
2024,1,TEN,WR,DeAndre Hopkins,00-0030564,Questionable,Knee,Limited Participation in Practice,DeAndre Hopkins,QUESTIONABLE
2024,1,WAS,T,Brandon Coleman,00-0039913,,,Full Participation in Practice,Brandon Coleman,
2024,1,WAS,DE,Clelin Ferrell,00-0035692,,,Full Participation in Practice,Clelin Ferrell,
2024,1,WAS,LB,Dante Fowler,00-0032052,,,Full Participation in Practice,Dante Fowler,
2024,1,WAS,DT,Daron Payne,00-0034333,,,Full Participation in Practice,Daron Payne,
2024,1,WAS,T,Trenton Scott,00-0034571,,,Full Participation in Practice,Trenton Scott,
2024,1,WAS,QB,Marcus Mariota,00-0032268,Out,Chest,Did Not Participate In Practice,Marcus Mariota,OUT
2024,1,WAS,DT,Jer'Zhan Newton,00-0039906,Doubtful,Foot,Limited Participation in Practice,Jer'Zhan Newton,DOUBTFUL
2024,2,ARI,QB,Kyler Murray,00-0035228,,,Full Participation in Practice,Kyler Murray,
2024,2,ARI,CB,Max Melton,00-0039807,Questionable,Concussion,Full Participation in Practice,Max Melton,QUESTIONABLE
2024,2,ARI,WR,Xavier Weaver,00-0039521,Questionable,Oblique,Limited Participation in Practice,Xavier Weaver,QUESTIONABLE
2024,2,ATL,RB,Jase McClellan,00-0039393,,,Full Participation in Practice,Jase McClellan,
2024,2,ATL,T,Kaleb McGary,00-0035235,,,Full Participation in Practice,Kaleb McGary,
2024,2,ATL,LB,Nate Landman,00-0037587,Out,Calf,Did Not Participate In Practice,Nate Landman,OUT
2024,2,ATL,CB,Antonio Hamilton,00-0032933,Out,Groin,Limited Participation in Practice,Antonio Hamilton,OUT
2024,2,BAL,LB,Roquan Smith,00-0034874,,,Full Participation in Practice,Roquan Smith,
2024,2,BAL,CB,Nate Wiggins,00-0039232,Out,Neck,Did Not Participate In Practice,Nate Wiggins,OUT
2024,2,BAL,LB,Adisa Isaac,00-0039791,Doubtful,Hamstring,Limited Participation in Practice,Adisa Isaac,DOUBTFUL
2024,2,BAL,LB,Kyle Van Noy,00-0031360,Questionable,Eye,Limited Participation in Practice,Kyle Van Noy,QUESTIONABLE
2024,2,BUF,QB,Josh Allen,00-0034857,,,Full Participation in Practice,Josh Allen,
2024,2,BUF,RB,Ty Johnson,00-0035537,,,Full Participation in Practice,Ty Johnson,
2024,2,BUF,TE,Quintin Morris,00-0036590,,,Full Participation in Practice,Quintin Morris,
2024,2,BUF,QB,Mitchell Trubisky,00-0033869,,,Full Participation in Practice,Mitchell Trubisky,
2024,2,BUF,CB,Taron Johnson,00-0034376,Out,Forearm,Did Not Participate In Practice,Taron Johnson,OUT
2024,2,BUF,DE,Dawuane Smoot,00-0033907,Out,Toe,Did Not Participate In Practice,Dawuane Smoot,OUT
2024,2,BUF,DE,Javon Solomon,00-0039879,Doubtful,Oblique,Limited Participation in Practice,Javon Solomon,DOUBTFUL
2024,2,CAR,LB,Jadeveon Clowney,00-0031364,,,Full Participation in Practice,Jadeveon Clowney,
2024,2,CAR,WR,Adam Thielen,00-0030035,,,Full Participation in Practice,Adam Thielen,
2024,2,CAR,G,Robert Hunt,00-0036325,,,Limited Participation in Practice,Robert Hunt,
2024,2,CAR,LB,Josey Jewell,00-0034368,,,Limited Participation in Practice,Josey Jewell,
2024,2,CAR,T,Yosuah Nijman,00-0035084,,,Limited Participation in Practice,Yosuah Nijman,
2024,2,CAR,RB,Raheem Blackshear,00-0037429,Questionable,Not injury related - personal matter,Did Not Participate In Practice,Raheem Blackshear,QUESTIONABLE
2024,2,CAR,P,Johnny Hekker,00-0028872,Questionable,Back,Full Participation in Practice,Johnny Hekker,QUESTIONABLE
2024,2,CAR,G,Damien Lewis,00-0036417,Questionable,Groin,Limited Participation in Practice,Damien Lewis,QUESTIONABLE
2024,2,CAR,T,Taylor Moton,00-0033284,Questionable,Back,Limited Participation in Practice,Taylor Moton,QUESTIONABLE
2024,2,CAR,TE,Tommy Tremble,00-0037005,Questionable,Hamstring,Limited Participation in Practice,Tommy Tremble,QUESTIONABLE
2024,2,CHI,TE,Marcedes Lewis,00-0024243,,,Full Participation in Practice,Marcedes Lewis,
2024,2,CHI,DT,Zacch Pickens,00-0038937,,,Full Participation in Practice,Zacch Pickens,
2024,2,CHI,T,Kiran Amegadjie,00-0039822,,,Limited Participation in Practice,Kiran Amegadjie,
2024,2,CHI,C,Ryan Bates,00-0035382,Out,Shoulder,Did Not Participate In Practice,Ryan Bates,OUT
2024,2,CHI,FB,Khari Blasingame,00-0035099,Out,Hand,Did Not Participate In Practice,Khari Blasingame,OUT
2024,2,CHI,WR,Keenan Allen,00-0030279,Questionable,Heel,Did Not Participate In Practice,Keenan Allen,QUESTIONABLE
2024,2,CHI,DE,DeMarcus Walker,00-0033782,Questionable,Foot,Full Participation in Practice,DeMarcus Walker,QUESTIONABLE
2024,2,CHI,WR,Rome Odunze,00-0039919,Questionable,Knee,Limited Participation in Practice,Rome Odunze,QUESTIONABLE
2024,2,CIN,QB,Joe Burrow,00-0036442,,,Full Participation in Practice,Joe Burrow,
2024,2,CIN,DT,B.J. Hill,00-0034800,,,Full Participation in Practice,B.J. Hill,
2024,2,CIN,RB,Zack Moss,00-0036251,,,Full Participation in Practice,Zack Moss,
2024,2,CIN,TE,Drew Sample,00-0035631,,,Full Participation in Practice,Drew Sample,
2024,2,CIN,LB,Logan Wilson,00-0036294,,,Full Participation in Practice,Logan Wilson,
2024,2,CIN,S,Geno Stone,00-0036199,,,Limited Participation in Practice,Geno Stone,
2024,2,CIN,DT,Kris Jenkins,00-0039908,Out,Thumb,Did Not Participate In Practice,Kris Jenkins,OUT
2024,2,CIN,WR,Tee Higgins,00-0036410,Doubtful,Hamstring,Did Not Participate In Practice,Tee Higgins,DOUBTFUL
2024,2,CIN,TE,Tanner Hudson,00-0034613,Doubtful,Knee,Did Not Participate In Practice,Tanner Hudson,DOUBTFUL
2024,2,CIN,T,Amarius Mims,00-0039925,Doubtful,Pectoral,Limited Participation in Practice,Amarius Mims,DOUBTFUL
2024,2,CLE,CB,Myles Harden,00-0039417,,,Did Not Participate In Practice,Myles Harden,
2024,2,CLE,C,Nick Harris,00-0036236,,,Full Participation in Practice,Nick Harris,
2024,2,CLE,WR,Jerry Jeudy,00-0036407,,,Full Participation in Practice,Jerry Jeudy,
2024,2,CLE,"
    ",Jeremiah Owusu-Koramoah,00-0036915,,,Full Participation in Practice,Jeremiah Owusu-Koramoah,
2024,2,CLE,CB,Denzel Ward,00-0034856,,,Full Participation in Practice,Denzel Ward,
2024,2,CLE,DE,Alex Wright,00-0037251,,,Full Participation in Practice,Alex Wright,
2024,2,CLE,G,Joel Bitonio,00-0031426,,,Limited Participation in Practice,Joel Bitonio,
2024,2,CLE,DE,Myles Garrett,00-0033868,,,Limited Participation in Practice,Myles Garrett,
2024,2,CLE,LS,Charley Hughlett,00-0029008,,,Limited Participation in Practice,Charley Hughlett,
2024,2,CLE,DE,Za'Darius Smith,00-0031576,,,Limited Participation in Practice,Za'Darius Smith,
2024,2,CLE,DT,Dalvin Tomlinson,00-0033546,,,Limited Participation in Practice,Dalvin Tomlinson,
2024,2,CLE,TE,David Njoku,00-0033885,Out,Ankle,Did Not Participate In Practice,David Njoku,OUT
2024,2,CLE,T,Jedrick Wills,00-0036267,Out,Knee,Limited Participation in Practice,Jedrick Wills,OUT
2024,2,CLE,T,Jack Conklin,00-0033057,Questionable,Knee,Limited Participation in Practice,Jack Conklin,QUESTIONABLE
2024,2,DAL,WR,Brandin Cooks,00-0031236,,,Full Participation in Practice,Brandin Cooks,
2024,2,DAL,CB,C.J. Goodwin,00-0031357,,,Full Participation in Practice,C.J. Goodwin,
2024,2,DAL,LB,Eric Kendricks,00-0031554,,,Full Participation in Practice,Eric Kendricks,
2024,2,DAL,DE,Marshawn Kneeland,00-0039900,,,Full Participation in Practice,Marshawn Kneeland,
2024,2,DAL,DE,Demarcus Lawrence,00-0031411,,,Full Participation in Practice,Demarcus Lawrence,
2024,2,DAL,G,Zack Martin,00-0031402,,,Full Participation in Practice,Zack Martin,
2024,2,DAL,WR,John Stephens,00-0038741,Out,Hamstring,Did Not Participate In Practice,John Stephens,OUT
2024,2,DAL,TE,Jake Ferguson,00-0038041,Doubtful,Knee,Did Not Participate In Practice,Jake Ferguson,DOUBTFUL
2024,2,DEN,T,Garett Bolles,00-0033538,,,Full Participation in Practice,Garett Bolles,
2024,2,DEN,LB,Jonah Elliss,00-0039809,,,Full Participation in Practice,Jonah Elliss,
2024,2,DEN,WR,Josh Reynolds,00-0033943,,,Full Participation in Practice,Josh Reynolds,
2024,2,DEN,C,Luke Wattenberg,00-0037278,,,Full Participation in Practice,Luke Wattenberg,
2024,2,DEN,WR,Devaughn Vele,00-0039424,Out,Ribs,Did Not Participate In Practice,Devaughn Vele,OUT
2024,2,DET,CB,Carlton Davis,00-0034778,,,Full Participation in Practice,Carlton Davis,
2024,2,DET,DT,D.J. Reader,00-0032424,,,Full Participation in Practice,D.J. Reader,
2024,2,DET,"
    ",Loren Strickland,00-0039448,,,Full Participation in Practice,Loren Strickland,
2024,2,DET,S,Ifeatu Melifonwu,00-0036993,Out,Ankle,Did Not Participate In Practice,Ifeatu Melifonwu,OUT
2024,2,DET,WR,Isaiah Williams,00-0039451,Out,Abdomen,Did Not Participate In Practice,Isaiah Williams,OUT
2024,2,DET,DE,Marcus Davenport,00-0034344,Doubtful,Groin,Did Not Participate In Practice,Marcus Davenport,DOUBTFUL
2024,2,DET,S,Kerby Joseph,00-0037667,Questionable,Hamstring,Limited Participation in Practice,Kerby Joseph,QUESTIONABLE
2024,2,DET,T,Penei Sewell,00-0036880,Questionable,Ankle,Limited Participation in Practice,Penei Sewell,QUESTIONABLE
2024,2,DET,WR,Jameson Williams,00-0037240,Questionable,Ankle,Limited Participation in Practice,Jameson Williams,QUESTIONABLE
2024,2,GB,DT,Kenny Clark,00-0033120,,,Full Participation in Practice,Kenny Clark,
2024,2,GB,LB,Edgerrin Cooper,00-0039850,,,Full Participation in Practice,Edgerrin Cooper,
2024,2,GB,CB,Corey Ballentine,00-0035633,,,Limited Participation in Practice,Corey Ballentine,
2024,2,GB,RB,Josh Jacobs,00-0035700,,,Limited Participation in Practice,Josh Jacobs,
2024,2,GB,LB,Quay Walker,00-0037074,,,Limited Participation in Practice,Quay Walker,
2024,2,GB,QB,Jordan Love,00-0036264,Questionable,Knee,Did Not Participate In Practice,Jordan Love,QUESTIONABLE
2024,2,GB,RB,MarShawn Lloyd,00-0039811,Questionable,Hamstring,Limited Participation in Practice,MarShawn Lloyd,QUESTIONABLE
2024,2,GB,WR,Jayden Reed,00-0039146,Questionable,Calf,Limited Participation in Practice,Jayden Reed,QUESTIONABLE
2024,2,HOU,WR,Nico Collins,00-0036554,,,Full Participation in Practice,Nico Collins,
2024,2,HOU,TE,Dalton Schultz,00-0034383,,,Full Participation in Practice,Dalton Schultz,
2024,2,HOU,S,M.J. Stewart,00-0034355,Out,Knee,Did Not Participate In Practice,M.J. Stewart,OUT
2024,2,HOU,RB,Dameon Pierce,00-0037258,Questionable,Hamstring,Did Not Participate In Practice,Dameon Pierce,QUESTIONABLE
2024,2,HOU,C,Juice Scruggs,00-0038936,Questionable,Groin,Did Not Participate In Practice,Juice Scruggs,QUESTIONABLE
2024,2,IND,K,Matt Gay,00-0035269,,,Full Participation in Practice,Matt Gay,
2024,2,IND,S,Julian Blackmon,00-0036253,Out,Shoulder,Did Not Participate In Practice,Julian Blackmon,OUT
2024,2,IND,DT,DeForest Buckner,00-0032378,Questionable,Back,Did Not Participate In Practice,DeForest Buckner,QUESTIONABLE
2024,2,IND,WR,Josh Downs,00-0038997,Questionable,Ankle,Full Participation in Practice,Josh Downs,QUESTIONABLE
2024,2,IND,DE,Kwity Paye,00-0036479,Questionable,Hamstring,Limited Participation in Practice,Kwity Paye,QUESTIONABLE
2024,2,JAX,DE,Arik Armstead,00-0032164,,,Did Not Participate In Practice,Arik Armstead,
2024,2,JAX,CB,Tyson Campbell,00-0036974,,,Did Not Participate In Practice,Tyson Campbell,
2024,2,JAX,T,Cam Robinson,00-0033889,,,Full Participation in Practice,Cam Robinson,
2024,2,JAX,S,Daniel Thomas,00-0036306,,,Full Participation in Practice,Daniel Thomas,
2024,2,JAX,S,Darnell Savage,00-0034968,Out,Quadricep,Did Not Participate In Practice,Darnell Savage,OUT
2024,2,JAX,LB,Caleb Johnson,00-0036704,Questionable,Back,Limited Participation in Practice,Caleb Johnson,QUESTIONABLE
2024,2,JAX,DT,Tyler Lacy,00-0038940,Questionable,Toe,Limited Participation in Practice,Tyler Lacy,QUESTIONABLE
2024,2,KC,WR,Marquise Brown,00-0035662,,,Did Not Participate In Practice,Marquise Brown,
2024,2,KC,"
    ",Nick Bolton,00-0036621,,,Full Participation in Practice,Nick Bolton,
2024,2,KC,DE,Michael Danna,00-0036378,,,Full Participation in Practice,Michael Danna,
2024,2,KC,CB,Nazeeh Johnson,00-0037198,,,Full Participation in Practice,Nazeeh Johnson,
2024,2,KC,DT,Derrick Nnadi,00-0034818,,,Full Participation in Practice,Derrick Nnadi,
2024,2,KC,"
    ",Mike Pennel,00-0030757,,,Full Participation in Practice,Mike Pennel,
2024,2,LA,CB,Tre'Davious White,00-0033884,,,Did Not Participate In Practice,Tre'Davious White,
2024,2,LA,T,Rob Havenstein,00-0032242,,,Limited Participation in Practice,Rob Havenstein,
2024,2,LA,LB,Christian Rozeboom,00-0035942,,,Limited Participation in Practice,Christian Rozeboom,
2024,2,LA,TE,Davis Allen,00-0039074,Out,Back,Did Not Participate In Practice,Davis Allen,OUT
2024,2,LA,G,Kevin Dotson,00-0036339,Questionable,Foot,Did Not Participate In Practice,Kevin Dotson,QUESTIONABLE
2024,2,LA,CB,Cobie Durant,00-0037839,Questionable,Toe,Did Not Participate In Practice,Cobie Durant,QUESTIONABLE
2024,2,LA,S,Quentin Lake,00-0037841,Questionable,Hip,Limited Participation in Practice,Quentin Lake,QUESTIONABLE
2024,2,LAC,LB,Junior Colson,00-0039346,,,Full Participation in Practice,Junior Colson,
2024,2,LAC,DE,Khalil Mack,00-0031040,,,Full Participation in Practice,Khalil Mack,
2024,2,LAC,LB,Denzel Perryman,00-0032103,,,Full Participation in Practice,Denzel Perryman,
2024,2,LAC,CB,Asante Samuel,00-0036617,,,Full Participation in Practice,Asante Samuel,
2024,2,LAC,CB,Tarheeb Still,00-0039366,,,Full Participation in Practice,Tarheeb Still,
2024,2,LAC,S,Alohi Gilman,00-0036380,Doubtful,Knee,Did Not Participate In Practice,Alohi Gilman,DOUBTFUL
2024,2,LAC,DE,Joey Bosa,00-0033156,Questionable,Back,Did Not Participate In Practice,Joey Bosa,QUESTIONABLE
2024,2,LAC,WR,Josh Palmer,00-0036988,Questionable,Knee,Did Not Participate In Practice,Josh Palmer,QUESTIONABLE
2024,2,LAC,RB,Hassan Haskins,00-0037617,Questionable,Toe,Limited Participation in Practice,Hassan Haskins,QUESTIONABLE
2024,2,LAC,CB,Ja'Sir Taylor,00-0037307,Questionable,Fibula,Limited Participation in Practice,Ja'Sir Taylor,QUESTIONABLE
2024,2,LV,TE,Brock Bowers,00-0039338,,,Full Participation in Practice,Brock Bowers,
2024,2,LV,"
    ",Divine Deablo,00-0036990,,,Full Participation in Practice,Divine Deablo,
2024,2,LV,"
    ",Tommy Eichenberg,00-0039374,,,Full Participation in Practice,Tommy Eichenberg,
2024,2,LV,C,Andre James,00-0035127,,,Full Participation in Practice,Andre James,
2024,2,LV,T,Kolton Miller,00-0034759,,,Full Participation in Practice,Kolton Miller,
2024,2,LV,CB,Decamerion Richardson,00-0039357,Out,Hamstring,Did Not Participate In Practice,Decamerion Richardson,OUT
2024,2,LV,DE,Tyree Wilson,00-0038541,Out,Knee,Did Not Participate In Practice,Tyree Wilson,OUT
2024,2,LV,G,Jackson Powers-Johnson,00-0039735,Questionable,Illness,Limited Participation in Practice,Jackson Powers-Johnson,QUESTIONABLE
2024,2,MIA,G,Liam Eichenberg,00-0037010,,,Full Participation in Practice,Liam Eichenberg,
2024,2,MIA,LB,David Long,00-0035292,,,Full Participation in Practice,David Long,
2024,2,MIA,CB,Jalen Ramsey,00-0033055,,,Full Participation in Practice,Jalen Ramsey,
2024,2,MIA,LB,Jaelan Phillips,00-0036934,,,Limited Participation in Practice,Jaelan Phillips,
2024,2,MIA,RB,Raheem Mostert,00-0031687,Out,Chest,Did Not Participate In Practice,Raheem Mostert,OUT
2024,2,MIA,WR,Malik Washington,00-0039880,Out,Quadricep,Did Not Participate In Practice,Malik Washington,OUT
2024,2,MIA,RB,Devon Achane,00-0039040,Questionable,Ankle,Limited Participation in Practice,Devon Achane,QUESTIONABLE
2024,2,MIA,S,Elijah Campbell,00-0034248,Questionable,Achilles,Limited Participation in Practice,Elijah Campbell,QUESTIONABLE
2024,2,MIN,CB,Stephon Gilmore,00-0029542,,,Did Not Participate In Practice,Stephon Gilmore,
2024,2,MIN,C,Garrett Bradbury,00-0035588,,,Full Participation in Practice,Garrett Bradbury,
2024,2,MIN,WR,Jalen Nailor,00-0037291,,,Full Participation in Practice,Jalen Nailor,
2024,2,MIN,LB,Andrew Van Ginkel,00-0035272,,,Full Participation in Practice,Andrew Van Ginkel,
2024,2,MIN,WR,Jordan Addison,00-0038994,Out,Ankle,Did Not Participate In Practice,Jordan Addison,OUT
2024,2,MIN,G,Ed Ingram,00-0038131,Questionable,Triceps,Limited Participation in Practice,Ed Ingram,QUESTIONABLE
2024,2,MIN,T,Brian O'Neill,00-0034158,Questionable,Elbow,Limited Participation in Practice,Brian O'Neill,QUESTIONABLE
2024,2,MIN,S,Harrison Smith,00-0029606,Questionable,Hip,Limited Participation in Practice,Harrison Smith,QUESTIONABLE
2024,2,NE,LB,Anfernee Jennings,00-0036193,,,Full Participation in Practice,Anfernee Jennings,
2024,2,NE,T,Vederian Lowe,00-0037287,,,Full Participation in Practice,Vederian Lowe,
2024,2,NE,C,David Andrews,00-0031852,,,Limited Participation in Practice,David Andrews,
2024,2,NE,RB,Antonio Gibson,00-0036328,,,Limited Participation in Practice,Antonio Gibson,
2024,2,NE,"
    ",Jabrill Peppers,00-0033883,,,Limited Participation in Practice,Jabrill Peppers,
2024,2,NE,RB,Rhamondre Stevenson,00-0036875,,,Limited Participation in Practice,Rhamondre Stevenson,
2024,2,NE,"
    ",Joshua Uche,00-0036159,,,Limited Participation in Practice,Joshua Uche,
2024,2,NE,T,Sidy Sow,00-0038569,Out,Ankle,Did Not Participate In Practice,Sidy Sow,OUT
2024,2,NE,G,Layden Robinson,00-0039887,Questionable,Shoulder,Full Participation in Practice,Layden Robinson,QUESTIONABLE
2024,2,NE,S,Kyle Dugger,00-0036231,Questionable,Ankle,Limited Participation in Practice,Kyle Dugger,QUESTIONABLE
2024,2,NE,RB,Jamycal Hasty,00-0035806,Questionable,Knee,Limited Participation in Practice,Jamycal Hasty,QUESTIONABLE
2024,2,NE,DE,Deatrich Wise,00-0033947,Questionable,Shoulder,Limited Participation in Practice,Deatrich Wise,QUESTIONABLE
2024,2,NO,TE,Dallin Holker,00-0039613,,,Full Participation in Practice,Dallin Holker,
2024,2,NO,TE,Foster Moreau,00-0034981,,,Full Participation in Practice,Foster Moreau,
2024,2,NO,WR,A.T. Perry,00-0038612,,,Full Participation in Practice,A.T. Perry,
2024,2,NO,G,Nick Saldiveri,00-0038566,,,Full Participation in Practice,Nick Saldiveri,
2024,2,NO,RB,Jamaal Williams,00-0033948,,,Full Participation in Practice,Jamaal Williams,
2024,2,NO,S,Tyrann Mathieu,00-0030459,,,Limited Participation in Practice,Tyrann Mathieu,
2024,2,NO,G,Lucas Patrick,00-0033082,,,Limited Participation in Practice,Lucas Patrick,
2024,2,NO,WR,Rashid Shaheed,00-0037545,,,Limited Participation in Practice,Rashid Shaheed,
2024,2,NO,QB,Derek Carr,00-0031280,Note,Player was ill this morning. Fully expected to play. No game status. ,"
    ",Derek Carr,
2024,2,NO,LB,D'Marco Jackson,00-0037271,Out,Calf,Did Not Participate In Practice,D'Marco Jackson,OUT
2024,2,NO,DT,Khalen Saunders,00-0035656,Out,Calf,Did Not Participate In Practice,Khalen Saunders,OUT
2024,2,NO,DT,Bryan Bresee,00-0038995,Questionable,Illness,Did Not Participate In Practice,Bryan Bresee,QUESTIONABLE
2024,2,NO,DE,Isaiah Foskey,00-0039143,Questionable,Back,Did Not Participate In Practice,Isaiah Foskey,QUESTIONABLE
2024,2,NO,T,Taliese Fuaga,00-0039339,Questionable,Back,Did Not Participate In Practice,Taliese Fuaga,QUESTIONABLE
2024,2,NO,CB,Marshon Lattimore,00-0033874,Questionable,Hamstring,Did Not Participate In Practice,Marshon Lattimore,QUESTIONABLE
2024,2,NO,LB,Jaylan Ford,00-0039388,Questionable,Hamstring,Limited Participation in Practice,Jaylan Ford,QUESTIONABLE
2024,2,NYG,LB,Micah McFadden,00-0037259,,,Full Participation in Practice,Micah McFadden,
2024,2,NYG,WR,Malik Nabers,00-0039337,,,Full Participation in Practice,Malik Nabers,
2024,2,NYG,WR,Darius Slayton,00-0035535,,,Full Participation in Practice,Darius Slayton,
2024,2,NYG,K,Graham Gano,00-0026858,,,Limited Participation in Practice,Graham Gano,
2024,2,NYG,CB,Nick McCloud,00-0036589,Out,Knee,Did Not Participate In Practice,Nick McCloud,OUT
2024,2,NYG,LB,Darius Muasau,00-0039829,Out,Knee,Did Not Participate In Practice,Darius Muasau,OUT
2024,2,NYG,WR,Gunner Olszewski,00-0035645,Out,Groin,Did Not Participate In Practice,Gunner Olszewski,OUT
2024,2,NYJ,CB,Michael Carter,00-0036501,,,Full Participation in Practice,Michael Carter,
2024,2,NYJ,S,Ashtyn Davis,00-0036329,,,Full Participation in Practice,Ashtyn Davis,
2024,2,NYJ,T,Tyron Smith,00-0027947,,,Full Participation in Practice,Tyron Smith,
2024,2,NYJ,WR,Mike Williams,00-0033536,,,Full Participation in Practice,Mike Williams,
2024,2,NYJ,DT,Javon Kinlaw,00-0036260,,,Limited Participation in Practice,Javon Kinlaw,
2024,2,NYJ,CB,D.J. Reed,00-0034384,Questionable,Knee,Did Not Participate In Practice,D.J. Reed,QUESTIONABLE
2024,2,NYJ,DE,Micheal Clemons,00-0038107,Questionable,Triceps,Full Participation in Practice,Micheal Clemons,QUESTIONABLE
2024,2,PHI,T,Fred Johnson,00-0034951,,,Full Participation in Practice,Fred Johnson,
2024,2,PHI,CB,Isaiah Rodgers,00-0036222,,,Full Participation in Practice,Isaiah Rodgers,
2024,2,PHI,G,Tyler Steen,00-0039001,,,Full Participation in Practice,Tyler Steen,
2024,2,PHI,LB,Devin White,00-0035707,,,Full Participation in Practice,Devin White,
2024,2,PHI,DT,Milton Williams,00-0036916,,,Full Participation in Practice,Milton Williams,
2024,2,PHI,WR,A.J. Brown,00-0035676,Questionable,Hamstring,Did Not Participate In Practice,A.J. Brown,QUESTIONABLE
2024,2,PHI,WR,Johnny Wilson,00-0039236,Questionable,Hamstring,Did Not Participate In Practice,Johnny Wilson,QUESTIONABLE
2024,2,PIT,DT,Cameron Heyward,00-0027969,,,Full Participation in Practice,Cameron Heyward,
2024,2,PIT,T,Dan Moore,00-0036869,,,Full Participation in Practice,Dan Moore,
2024,2,PIT,DT,Larry Ogunjobi,00-0033905,,,Full Participation in Practice,Larry Ogunjobi,
2024,2,PIT,LB,Patrick Queen,00-0036323,,,Full Participation in Practice,Patrick Queen,
2024,2,PIT,CB,Darius Rush,00-0038388,,,Full Participation in Practice,Darius Rush,
2024,2,PIT,G,Isaac Seumalo,00-0032954,Out,Pectoral,Did Not Participate In Practice,Isaac Seumalo,OUT
2024,2,PIT,WR,Roman Wilson,00-0039739,Questionable,Ankle,Limited Participation in Practice,Roman Wilson,QUESTIONABLE
2024,2,PIT,QB,Russell Wilson,00-0029263,Questionable,Calf,Limited Participation in Practice,Russell Wilson,QUESTIONABLE
2024,2,SEA,G,Anthony Bradford,00-0039020,,,Full Participation in Practice,Anthony Bradford,
2024,2,SEA,CB,Tre Brown,00-0036885,,,Full Participation in Practice,Tre Brown,
2024,2,SEA,TE,Noah Fant,00-0035644,,,Full Participation in Practice,Noah Fant,
2024,2,SEA,WR,Tyler Lockett,00-0032211,,,Full Participation in Practice,Tyler Lockett,
2024,2,SEA,G,Laken Tomlinson,00-0032234,,,Full Participation in Practice,Laken Tomlinson,
2024,2,SEA,CB,Tariq Woolen,00-0037079,,,Full Participation in Practice,Tariq Woolen,
2024,2,SEA,LB,Dre'Mont Jones,00-0035678,,,Limited Participation in Practice,Dre'Mont Jones,
2024,2,SEA,TE,Pharaoh Brown,00-0033439,Out,Foot,Did Not Participate In Practice,Pharaoh Brown,OUT
2024,2,SEA,LB,Uchenna Nwosu,00-0034350,Out,Knee,Did Not Participate In Practice,Uchenna Nwosu,OUT
2024,2,SEA,T,George Fant,00-0032466,Doubtful,Knee,Did Not Participate In Practice,George Fant,DOUBTFUL
2024,2,SEA,RB,Kenneth Walker,00-0038134,Doubtful,Oblique,Did Not Participate In Practice,Kenneth Walker,DOUBTFUL
2024,2,SEA,LB,Tyrel Dodson,00-0035352,Questionable,Shoulder,Full Participation in Practice,Tyrel Dodson,QUESTIONABLE
2024,2,SEA,LB,Jerome Baker,00-0034797,Questionable,Hamstring,Limited Participation in Practice,Jerome Baker,QUESTIONABLE
2024,2,SF,G,Aaron Banks,00-0036551,,,Full Participation in Practice,Aaron Banks,
2024,2,SF,DE,Yetur Gross-Matos,00-0036288,,,Full Participation in Practice,Yetur Gross-Matos,
2024,2,SF,WR,Jauan Jennings,00-0036259,,,Full Participation in Practice,Jauan Jennings,
2024,2,SF,RB,Christian McCaffrey,00-0033280,Out,Calf,Did Not Participate In Practice,Christian McCaffrey,OUT
2024,2,SF,S,Talanoa Hufanga,00-0036564,Doubtful,Knee,Limited Participation in Practice,Talanoa Hufanga,DOUBTFUL
2024,2,SF,LB,Dee Winters,00-0038625,Questionable,Ankle,Limited Participation in Practice,Dee Winters,QUESTIONABLE
2024,2,TB,LB,K.J. Britt,00-0036643,,,Full Participation in Practice,K.J. Britt,
2024,2,TB,DE,William Gholston,00-0030386,,,Full Participation in Practice,William Gholston,
2024,2,TB,LB,Lavonte David,00-0029562,,,Limited Participation in Practice,Lavonte David,
2024,2,TB,WR,Mike Evans,00-0031408,,,Limited Participation in Practice,Mike Evans,
2024,2,TB,T,Luke Goedeke,00-0037835,Out,Concussion,Did Not Participate In Practice,Luke Goedeke,OUT
2024,2,TB,CB,Josh Hayes,00-0039051,Out,Ankle,Did Not Participate In Practice,Josh Hayes,OUT
2024,2,TB,DT,Calijah Kancey,00-0039063,Out,Calf,Did Not Participate In Practice,Calijah Kancey,OUT
2024,2,TB,S,Antoine Winfield,00-0036411,Out,Foot,Did Not Participate In Practice,Antoine Winfield,OUT
2024,2,TB,S,Tykee Smith,00-0039846,Questionable,Illness,Did Not Participate In Practice,Tykee Smith,QUESTIONABLE
2024,2,TB,DE,Logan Hall,00-0038127,Questionable,Foot,Full Participation in Practice,Logan Hall,QUESTIONABLE
2024,2,TB,CB,Zyon McCollum,00-0037268,Questionable,Concussion,Full Participation in Practice,Zyon McCollum,QUESTIONABLE
2024,2,TEN,S,Jamal Adams,00-0033872,,,Full Participation in Practice,Jamal Adams,
2024,2,TEN,G,Dillon Radunz,00-0036619,,,Full Participation in Practice,Dillon Radunz,
2024,2,TEN,"
    ",Otis Reese,00-0038853,,,Full Participation in Practice,Otis Reese,
2024,2,TEN,G,Peter Skoronski,00-0039034,,,Full Participation in Practice,Peter Skoronski,
2024,2,TEN,CB,Chidobe Awuzie,00-0033548,,,Limited Participation in Practice,Chidobe Awuzie,
2024,2,TEN,CB,L'Jarius Sneed,00-0036374,,,Limited Participation in Practice,L'Jarius Sneed,
2024,2,WAS,TE,Zach Ertz,00-0030061,,,Did Not Participate In Practice,Zach Ertz,
2024,2,WAS,T,Brandon Coleman,00-0039913,,,Full Participation in Practice,Brandon Coleman,
2024,2,WAS,S,Tyler Owens,00-0039681,,,Full Participation in Practice,Tyler Owens,
2024,2,WAS,RB,Brian Robinson,00-0037746,,,Full Participation in Practice,Brian Robinson,
2024,2,WAS,T,Trenton Scott,00-0034571,,,Full Participation in Practice,Trenton Scott,
2024,2,WAS,CB,Emmanuel Forbes,00-0039151,Out,Thumb,Did Not Participate In Practice,Emmanuel Forbes,OUT
2024,2,WAS,DE,Clelin Ferrell,00-0035692,Questionable,Knee,Did Not Participate In Practice,Clelin Ferrell,QUESTIONABLE
2024,2,WAS,S,Quan Martin,00-0039149,Questionable,Hamstring,Limited Participation in Practice,Quan Martin,QUESTIONABLE
2024,2,WAS,DT,Jer'Zhan Newton,00-0039906,Questionable,Foot,Limited Participation in Practice,Jer'Zhan Newton,QUESTIONABLE
2024,3,ARI,G,Will Hernandez,00-0034346,,,Full Participation in Practice,Will Hernandez,
2024,3,ARI,LB,Xavier Thomas,00-0039367,,,Full Participation in Practice,Xavier Thomas,
2024,3,ARI,WR,Xavier Weaver,00-0039521,,,Full Participation in Practice,Xavier Weaver,
2024,3,ARI,T,Kelvin Beachum,00-0029316,Questionable,Hamstring,Did Not Participate In Practice,Kelvin Beachum,QUESTIONABLE
2024,3,ARI,WR,Greg Dortch,00-0035500,Questionable,Hamstring,Limited Participation in Practice,Greg Dortch,QUESTIONABLE
2024,3,ARI,DT,Dante Stills,00-0038623,Questionable,Shoulder,Limited Participation in Practice,Dante Stills,QUESTIONABLE
2024,3,ATL,DT,Grady Jarrett,00-0031583,,,Did Not Participate In Practice,Grady Jarrett,
2024,3,ATL,DT,David Onyemata,00-0033051,,,Did Not Participate In Practice,David Onyemata,
2024,3,ATL,RB,Tyler Allgeier,00-0037263,,,Full Participation in Practice,Tyler Allgeier,
2024,3,ATL,CB,Antonio Hamilton,00-0032933,,,Full Participation in Practice,Antonio Hamilton,
2024,3,ATL,DE,James Smith-Williams,00-0036351,,,Full Participation in Practice,James Smith-Williams,
2024,3,ATL,DE,Ta'Quon Graham,00-0036948,,,Limited Participation in Practice,Ta'Quon Graham,
2024,3,ATL,T,Jake Matthews,00-0031279,,,Limited Participation in Practice,Jake Matthews,
2024,3,BAL,CB,Jalyn Armour-Davis,00-0038119,,,Full Participation in Practice,Jalyn Armour-Davis,
2024,3,BAL,S,Kyle Hamilton,00-0038038,,,Full Participation in Practice,Kyle Hamilton,
2024,3,BAL,LB,Adisa Isaac,00-0039791,,,Full Participation in Practice,Adisa Isaac,
2024,3,BAL,T,Ronnie Stanley,00-0032965,,,Full Participation in Practice,Ronnie Stanley,
2024,3,BAL,LB,Kyle Van Noy,00-0031360,,,Full Participation in Practice,Kyle Van Noy,
2024,3,BAL,G,Sala Aumavae-Laulu,00-0038382,Out,Not injury related - personal matter,Did Not Participate In Practice,Sala Aumavae-Laulu,OUT
2024,3,BAL,WR,Deonte Harty,00-0035215,Questionable,Calf,Full Participation in Practice,Deonte Harty,QUESTIONABLE
2024,3,BAL,LB,David Ojabo,00-0038142,Questionable,Quadricep,Full Participation in Practice,David Ojabo,QUESTIONABLE
2024,3,BAL,CB,Nate Wiggins,00-0039232,Questionable,Neck,Limited Participation in Practice,Nate Wiggins,QUESTIONABLE
2024,3,BUF,QB,Josh Allen,00-0034857,,,Full Participation in Practice,Josh Allen,
2024,3,BUF,RB,Ty Johnson,00-0035537,,,Full Participation in Practice,Ty Johnson,
2024,3,BUF,TE,Quintin Morris,00-0036590,,,Full Participation in Practice,Quintin Morris,
2024,3,BUF,DE,Dawuane Smoot,00-0033907,,,Full Participation in Practice,Dawuane Smoot,
2024,3,BUF,DE,Javon Solomon,00-0039879,,,Full Participation in Practice,Javon Solomon,
2024,3,BUF,DE,Casey Toohill,00-0036403,,,Full Participation in Practice,Casey Toohill,
2024,3,BUF,QB,Mitchell Trubisky,00-0033869,,,Full Participation in Practice,Mitchell Trubisky,
2024,3,BUF,LB,Terrel Bernard,00-0037254,Out,Pectoral,Did Not Participate In Practice,Terrel Bernard,OUT
2024,3,BUF,CB,Taron Johnson,00-0034376,Out,Forearm,Did Not Participate In Practice,Taron Johnson,OUT
2024,3,CAR,LB,Jadeveon Clowney,00-0031364,,,Full Participation in Practice,Jadeveon Clowney,
2024,3,CAR,TE,Feleipe Franks,00-0036825,,,Full Participation in Practice,Feleipe Franks,
2024,3,CAR,G,Robert Hunt,00-0036325,,,Full Participation in Practice,Robert Hunt,
2024,3,CAR,G,Damien Lewis,00-0036417,,,Full Participation in Practice,Damien Lewis,
2024,3,CAR,T,Taylor Moton,00-0033284,,,Full Participation in Practice,Taylor Moton,
2024,3,CAR,TE,Tommy Tremble,00-0037005,,,Limited Participation in Practice,Tommy Tremble,
2024,3,CAR,DT,Shy Tuttle,00-0035409,Doubtful,Foot,Did Not Participate In Practice,Shy Tuttle,DOUBTFUL
2024,3,CAR,S,Lonnie Johnson,00-0035244,Questionable,Thigh,Limited Participation in Practice,Lonnie Johnson,QUESTIONABLE
2024,3,CAR,DE,A'Shawn Robinson,00-0032889,Questionable,Knee,Limited Participation in Practice,A'Shawn Robinson,QUESTIONABLE
2024,3,CAR,S,Nick Scott,00-0035669,Questionable,Neck,Limited Participation in Practice,Nick Scott,QUESTIONABLE
2024,3,CHI,T,Kiran Amegadjie,00-0039822,,,Full Participation in Practice,Kiran Amegadjie,
2024,3,CHI,DT,Andrew Billings,00-0033066,,,Full Participation in Practice,Andrew Billings,
2024,3,CHI,T,Teven Jenkins,00-0036953,,,Full Participation in Practice,Teven Jenkins,
2024,3,CHI,TE,Marcedes Lewis,00-0024243,,,Full Participation in Practice,Marcedes Lewis,
2024,3,CHI,WR,Rome Odunze,00-0039919,,,Full Participation in Practice,Rome Odunze,
2024,3,CHI,DE,Montez Sweat,00-0035647,,,Full Participation in Practice,Montez Sweat,
2024,3,CHI,DE,DeMarcus Walker,00-0033782,,,Full Participation in Practice,DeMarcus Walker,
2024,3,CHI,WR,Keenan Allen,00-0030279,Out,Heel,Did Not Participate In Practice,Keenan Allen,OUT
2024,3,CHI,FB,Khari Blasingame,00-0035099,Out,Hand,Did Not Participate In Practice,Khari Blasingame,OUT
2024,3,CHI,RB,Travis Homer,00-0035594,Out,Finger,Did Not Participate In Practice,Travis Homer,OUT
2024,3,CHI,DT,Zacch Pickens,00-0038937,Out,Groin,Did Not Participate In Practice,Zacch Pickens,OUT
2024,3,CHI,G,Nate Davis,00-0035649,Questionable,Groin,Limited Participation in Practice,Nate Davis,QUESTIONABLE
2024,3,CIN,QB,Joe Burrow,00-0036442,,,Full Participation in Practice,Joe Burrow,
2024,3,CIN,TE,Mike Gesicki,00-0034829,,,Full Participation in Practice,Mike Gesicki,
2024,3,CIN,WR,Tee Higgins,00-0036410,,,Full Participation in Practice,Tee Higgins,
2024,3,CIN,T,Amarius Mims,00-0039925,,,Full Participation in Practice,Amarius Mims,
2024,3,CIN,TE,Tanner Hudson,00-0034613,Out,Knee,Did Not Participate In Practice,Tanner Hudson,OUT
2024,3,CIN,DT,Sheldon Rankins,00-0032759,Out,Hamstring,Did Not Participate In Practice,Sheldon Rankins,OUT
2024,3,CIN,DT,B.J. Hill,00-0034800,Doubtful,Hamstring,Did Not Participate In Practice,B.J. Hill,DOUBTFUL
2024,3,CIN,S,Vonn Bell,00-0032939,Questionable,Back,Did Not Participate In Practice,Vonn Bell,QUESTIONABLE
2024,3,CIN,DT,Kris Jenkins,00-0039908,Questionable,Thumb,Full Participation in Practice,Kris Jenkins,QUESTIONABLE
2024,3,CLE,CB,Martin Emerson,00-0037250,,,Full Participation in Practice,Martin Emerson,
2024,3,CLE,WR,Jerry Jeudy,00-0036407,,,Full Participation in Practice,Jerry Jeudy,
2024,3,CLE,DE,Ogbonnia Okoronkwo,00-0034807,,,Full Participation in Practice,Ogbonnia Okoronkwo,
2024,3,CLE,LB,Jeremiah Owusu-Koramoah,00-0036915,,,Full Participation in Practice,Jeremiah Owusu-Koramoah,
2024,3,CLE,WR,Jamari Thrash,00-0039379,,,Full Participation in Practice,Jamari Thrash,
2024,3,CLE,DT,Dalvin Tomlinson,00-0033546,,,Full Participation in Practice,Dalvin Tomlinson,
2024,3,CLE,DE,Myles Garrett,00-0033868,,,Limited Participation in Practice,Myles Garrett,
2024,3,CLE,LS,Charley Hughlett,00-0029008,,,Limited Participation in Practice,Charley Hughlett,
2024,3,CLE,T,Dawand Jones,00-0039014,,,Limited Participation in Practice,Dawand Jones,
2024,3,CLE,DE,Za'Darius Smith,00-0031576,,,Limited Participation in Practice,Za'Darius Smith,
2024,3,CLE,CB,Denzel Ward,00-0034856,,,Limited Participation in Practice,Denzel Ward,
2024,3,CLE,DE,Alex Wright,00-0037251,,,Limited Participation in Practice,Alex Wright,
2024,3,CLE,TE,David Njoku,00-0033885,Out,Ankle,Did Not Participate In Practice,David Njoku,OUT
2024,3,CLE,RB,Pierre Strong,00-0038098,Out,Hamstring,Did Not Participate In Practice,Pierre Strong,OUT
2024,3,CLE,T,Jack Conklin,00-0033057,Questionable,Knee,Limited Participation in Practice,Jack Conklin,QUESTIONABLE
2024,3,CLE,T,Jedrick Wills,00-0036267,Questionable,Knee,Limited Participation in Practice,Jedrick Wills,QUESTIONABLE
2024,3,DAL,WR,Brandin Cooks,00-0031236,,,Full Participation in Practice,Brandin Cooks,
2024,3,DAL,CB,Trevon Diggs,00-0036361,,,Full Participation in Practice,Trevon Diggs,
2024,3,DAL,TE,Jake Ferguson,00-0038041,,,Full Participation in Practice,Jake Ferguson,
2024,3,DAL,S,Malik Hooker,00-0033877,,,Full Participation in Practice,Malik Hooker,
2024,3,DAL,LB,Eric Kendricks,00-0031554,,,Full Participation in Practice,Eric Kendricks,
2024,3,DAL,DE,Marshawn Kneeland,00-0039900,,,Full Participation in Practice,Marshawn Kneeland,
2024,3,DAL,WR,CeeDee Lamb,00-0036358,,,Full Participation in Practice,CeeDee Lamb,
2024,3,DAL,DE,Demarcus Lawrence,00-0031411,,,Full Participation in Practice,Demarcus Lawrence,
2024,3,DAL,CB,Jourdan Lewis,00-0033928,,,Full Participation in Practice,Jourdan Lewis,
2024,3,DAL,G,Zack Martin,00-0031402,,,Full Participation in Practice,Zack Martin,
2024,3,DAL,DE,Tyrus Wheat,00-0038742,,,Full Participation in Practice,Tyrus Wheat,
2024,3,DAL,WR,Jalen Brooks,00-0038640,Questionable,Ankle,Limited Participation in Practice,Jalen Brooks,QUESTIONABLE
2024,3,DAL,DT,Mazi Smith,00-0038545,Questionable,Back,Limited Participation in Practice,Mazi Smith,QUESTIONABLE
2024,3,DAL,WR,John Stephens,00-0038741,Questionable,Hamstring,Limited Participation in Practice,John Stephens,QUESTIONABLE
2024,3,DEN,DE,Zach Allen,00-0035248,,,Full Participation in Practice,Zach Allen,
2024,3,DEN,TE,Greg Dulcich,00-0037252,,,Full Participation in Practice,Greg Dulcich,
2024,3,DEN,DE,John Franklin-Myers,00-0034805,,,Full Participation in Practice,John Franklin-Myers,
2024,3,DEN,S,Brandon Jones,00-0036221,,,Full Participation in Practice,Brandon Jones,
2024,3,DEN,WR,Josh Reynolds,00-0033943,,,Full Participation in Practice,Josh Reynolds,
2024,3,DEN,TE,Adam Trautman,00-0036422,,,Full Participation in Practice,Adam Trautman,
2024,3,DEN,WR,Devaughn Vele,00-0039424,,,Full Participation in Practice,Devaughn Vele,
2024,3,DEN,LB,Baron Browning,00-0036995,Out,Foot,Did Not Participate In Practice,Baron Browning,OUT
2024,3,DEN,S,J.L. Skinner,00-0038605,Out,Ankle,Did Not Participate In Practice,J.L. Skinner,OUT
2024,3,DET,DE,Marcus Davenport,00-0034344,,,Full Participation in Practice,Marcus Davenport,
2024,3,DET,S,Kerby Joseph,00-0037667,,,Full Participation in Practice,Kerby Joseph,
2024,3,DET,WR,Amon-Ra St. Brown,00-0036963,,,Full Participation in Practice,Amon-Ra St. Brown,
2024,3,DET,S,Ifeatu Melifonwu,00-0036993,Out,Ankle,Did Not Participate In Practice,Ifeatu Melifonwu,OUT
2024,3,DET,CB,Ennis Rakestraw,00-0039862,Out,Hamstring,Did Not Participate In Practice,Ennis Rakestraw,OUT
2024,3,DET,LB,Alex Anzalone,00-0033914,Questionable,Concussion,Limited Participation in Practice,Alex Anzalone,QUESTIONABLE
2024,3,DET,CB,Terrion Arnold,00-0039903,Questionable,Illness,Limited Participation in Practice,Terrion Arnold,QUESTIONABLE
2024,3,DET,G,Graham Glasgow,00-0032395,Questionable,Knee,Limited Participation in Practice,Graham Glasgow,QUESTIONABLE
2024,3,DET,WR,Isaiah Williams,00-0039451,Questionable,Abdomen,Limited Participation in Practice,Isaiah Williams,QUESTIONABLE
2024,3,GB,DE,Kingsley Enagbare,00-0037083,,,Full Participation in Practice,Kingsley Enagbare,
2024,3,GB,K,Brayden Narveson,00-0039649,,,Full Participation in Practice,Brayden Narveson,
2024,3,GB,DT,Kenny Clark,00-0033120,,,Limited Participation in Practice,Kenny Clark,
2024,3,GB,RB,Josh Jacobs,00-0035700,,,Limited Participation in Practice,Josh Jacobs,
2024,3,GB,G,Elgton Jenkins,00-0035526,,,Limited Participation in Practice,Elgton Jenkins,
2024,3,GB,TE,Tucker Kraft,00-0038996,,,Limited Participation in Practice,Tucker Kraft,
2024,3,GB,C,Josh Myers,00-0036622,,,Limited Participation in Practice,Josh Myers,
2024,3,GB,WR,Jayden Reed,00-0039146,,,Limited Participation in Practice,Jayden Reed,
2024,3,GB,T,Zach Tom,00-0037817,,,Limited Participation in Practice,Zach Tom,
2024,3,GB,T,Rasheed Walker,00-0037196,,,Limited Participation in Practice,Rasheed Walker,
2024,3,GB,T,Jordan Morgan,00-0039904,Out,Shoulder,Did Not Participate In Practice,Jordan Morgan,OUT
2024,3,GB,CB,Carrington Valentine,00-0038408,Doubtful,Ankle,Did Not Participate In Practice,Carrington Valentine,DOUBTFUL
2024,3,GB,QB,Jordan Love,00-0036264,Questionable,Knee,Limited Participation in Practice,Jordan Love,QUESTIONABLE
2024,3,HOU,LB,Azeez Al-Shaair,00-0035166,,,Full Participation in Practice,Azeez Al-Shaair,
2024,3,HOU,CB,Kris Boyd,00-0035150,,,Full Participation in Practice,Kris Boyd,
2024,3,HOU,WR,Nico Collins,00-0036554,,,Full Participation in Practice,Nico Collins,
2024,3,HOU,DT,Folorunso Fatukasi,00-0034275,,,Full Participation in Practice,Folorunso Fatukasi,
2024,3,HOU,CB,Kamari Lassiter,00-0039343,,,Full Participation in Practice,Kamari Lassiter,
2024,3,HOU,TE,Dalton Schultz,00-0034383,,,Full Participation in Practice,Dalton Schultz,
2024,3,HOU,RB,Dameon Pierce,00-0037258,Out,Hamstring,Did Not Participate In Practice,Dameon Pierce,OUT
2024,3,HOU,RB,Joe Mixon,00-0033897,Doubtful,Ankle,Did Not Participate In Practice,Joe Mixon,DOUBTFUL
2024,3,HOU,C,Jarrett Patterson,00-0038615,Questionable,Calf,Did Not Participate In Practice,Jarrett Patterson,QUESTIONABLE
2024,3,HOU,C,Juice Scruggs,00-0038936,Questionable,Groin,Limited Participation in Practice,Juice Scruggs,QUESTIONABLE
2024,3,HOU,S,M.J. Stewart,00-0034355,Questionable,Knee,Limited Participation in Practice,M.J. Stewart,QUESTIONABLE
2024,3,IND,C,Ryan Kelly,00-0032383,,,Did Not Participate In Practice,Ryan Kelly,
2024,3,IND,T,Braden Smith,00-0034836,,,Did Not Participate In Practice,Braden Smith,
2024,3,IND,S,Julian Blackmon,00-0036253,,,Full Participation in Practice,Julian Blackmon,
2024,3,IND,WR,Josh Downs,00-0038997,,,Full Participation in Practice,Josh Downs,
2024,3,IND,K,Matt Gay,00-0035269,,,Full Participation in Practice,Matt Gay,
2024,3,IND,CB,Kenny Moore,00-0033393,,,Full Participation in Practice,Kenny Moore,
2024,3,IND,S,Rodney Thomas,00-0037323,,,Full Participation in Practice,Rodney Thomas,
2024,3,IND,WR,Michael Pittman,00-0036252,Questionable,Back,Did Not Participate In Practice,Michael Pittman,QUESTIONABLE
2024,3,IND,DE,Laiatu Latu,00-0039340,Questionable,Hip,Limited Participation in Practice,Laiatu Latu,QUESTIONABLE
2024,3,JAX,DE,Arik Armstead,00-0032164,,,Did Not Participate In Practice,Arik Armstead,
2024,3,JAX,T,Cam Robinson,00-0033889,,,Full Participation in Practice,Cam Robinson,
2024,3,JAX,TE,Evan Engram,00-0033881,Out,Hamstring,Did Not Participate In Practice,Evan Engram,OUT
2024,3,JAX,RB,Tank Bigsby,00-0038555,Questionable,Shoulder,Limited Participation in Practice,Tank Bigsby,QUESTIONABLE
2024,3,JAX,WR,Tim Jones,00-0036497,Questionable,Foot,Limited Participation in Practice,Tim Jones,QUESTIONABLE
2024,3,JAX,S,Darnell Savage,00-0034968,Questionable,Quadricep,Limited Participation in Practice,Darnell Savage,QUESTIONABLE
2024,3,KC,DE,Michael Danna,00-0036378,,,Full Participation in Practice,Michael Danna,
2024,3,KC,CB,Nazeeh Johnson,00-0037198,,,Full Participation in Practice,Nazeeh Johnson,
2024,3,KC,DT,Derrick Nnadi,00-0034818,,,Full Participation in Practice,Derrick Nnadi,
2024,3,KC,DT,Mike Pennel,00-0030757,,,Full Participation in Practice,Mike Pennel,
2024,3,KC,WR,Xavier Worthy,00-0039894,,,Full Participation in Practice,Xavier Worthy,
2024,3,LA,CB,Tre'Davious White,00-0033884,,,Did Not Participate In Practice,Tre'Davious White,
2024,3,LA,G,Kevin Dotson,00-0036339,,,Full Participation in Practice,Kevin Dotson,
2024,3,LA,TE,Davis Allen,00-0039074,Out,Back,Did Not Participate In Practice,Davis Allen,OUT
2024,3,LA,WR,Cooper Kupp,00-0033908,Out,Ankle,Did Not Participate In Practice,Cooper Kupp,OUT
2024,3,LA,DT,Bobby Brown,00-0036903,Questionable,Ankle,Limited Participation in Practice,Bobby Brown,QUESTIONABLE
2024,3,LA,CB,Cobie Durant,00-0037839,Questionable,Toe,Limited Participation in Practice,Cobie Durant,QUESTIONABLE
2024,3,LA,K,Joshua Karty,00-0039750,Questionable,Groin,Limited Participation in Practice,Joshua Karty,QUESTIONABLE
2024,3,LAC,DE,Joey Bosa,00-0033156,,,Full Participation in Practice,Joey Bosa,
2024,3,LAC,TE,Hayden Hurst,00-0034830,,,Full Participation in Practice,Hayden Hurst,
2024,3,LAC,DE,Khalil Mack,00-0031040,,,Full Participation in Practice,Khalil Mack,
2024,3,LAC,LB,Junior Colson,00-0039346,Out,Hamstring,Did Not Participate In Practice,Junior Colson,OUT
2024,3,LAC,QB,Justin Herbert,00-0036355,Questionable,Ankle,Did Not Participate In Practice,Justin Herbert,QUESTIONABLE
2024,3,LAC,WR,Josh Palmer,00-0036988,Questionable,Elbow,Did Not Participate In Practice,Josh Palmer,QUESTIONABLE
2024,3,LAC,S,Alohi Gilman,00-0036380,Questionable,Knee,Full Participation in Practice,Alohi Gilman,QUESTIONABLE
2024,3,LAC,DE,Bud Dupree,00-0032146,Questionable,Illness,Limited Participation in Practice,Bud Dupree,QUESTIONABLE
2024,3,LAC,CB,Ja'Sir Taylor,00-0037307,Questionable,Fibula,Limited Participation in Practice,Ja'Sir Taylor,QUESTIONABLE
2024,3,LV,LB,Tommy Eichenberg,00-0039374,,,Full Participation in Practice,Tommy Eichenberg,
2024,3,LV,T,Kolton Miller,00-0034759,,,Full Participation in Practice,Kolton Miller,
2024,3,LV,G,Dylan Parham,00-0037255,,,Full Participation in Practice,Dylan Parham,
2024,3,LV,DE,Janarius Robinson,00-0036878,,,Full Participation in Practice,Janarius Robinson,
2024,3,LV,S,Christopher Smith,00-0038602,,,Full Participation in Practice,Christopher Smith,
2024,3,LV,LB,Divine Deablo,00-0036990,Out,Oblique,Did Not Participate In Practice,Divine Deablo,OUT
2024,3,LV,CB,Decamerion Richardson,00-0039357,Doubtful,Hamstring,Did Not Participate In Practice,Decamerion Richardson,DOUBTFUL
2024,3,LV,DE,Tyree Wilson,00-0038541,Questionable,Knee,Full Participation in Practice,Tyree Wilson,QUESTIONABLE
2024,3,LV,DE,Maxx Crosby,00-0034973,Questionable,Ankle,Limited Participation in Practice,Maxx Crosby,QUESTIONABLE
2024,3,LV,DT,Christian Wilkins,00-0035231,Questionable,Knee,Limited Participation in Practice,Christian Wilkins,QUESTIONABLE
2024,3,MIA,DE,Calais Campbell,00-0026190,,,Did Not Participate In Practice,Calais Campbell,
2024,3,MIA,G,Liam Eichenberg,00-0037010,,,Full Participation in Practice,Liam Eichenberg,
2024,3,MIA,G,Robert Jones,00-0036596,,,Full Participation in Practice,Robert Jones,
2024,3,MIA,LB,Jaelan Phillips,00-0036934,,,Full Participation in Practice,Jaelan Phillips,
2024,3,MIA,RB,Jeffery Wilson,00-0034115,,,Full Participation in Practice,Jeffery Wilson,
2024,3,MIA,T,Terron Armstead,00-0030067,,,Limited Participation in Practice,Terron Armstead,
2024,3,MIA,WR,Grant DuBose,00-0038507,Out,Shoulder,Did Not Participate In Practice,Grant DuBose,OUT
2024,3,MIA,RB,Raheem Mostert,00-0031687,Doubtful,Chest,Limited Participation in Practice,Raheem Mostert,DOUBTFUL
2024,3,MIA,WR,Malik Washington,00-0039880,Doubtful,Quadricep,Limited Participation in Practice,Malik Washington,DOUBTFUL
2024,3,MIN,C,Garrett Bradbury,00-0035588,,,Full Participation in Practice,Garrett Bradbury,
2024,3,MIN,G,Ed Ingram,00-0038131,,,Full Participation in Practice,Ed Ingram,
2024,3,MIN,WR,Justin Jefferson,00-0036322,,,Full Participation in Practice,Justin Jefferson,
2024,3,MIN,RB,Aaron Jones,00-0033293,,,Full Participation in Practice,Aaron Jones,
2024,3,MIN,WR,Jalen Nailor,00-0037291,,,Full Participation in Practice,Jalen Nailor,
2024,3,MIN,T,Brian O'Neill,00-0034158,,,Full Participation in Practice,Brian O'Neill,
2024,3,MIN,DE,Andrew Van Ginkel,00-0035272,,,Full Participation in Practice,Andrew Van Ginkel,
2024,3,MIN,WR,Jordan Addison,00-0038994,Out,Ankle,Did Not Participate In Practice,Jordan Addison,OUT
2024,3,MIN,LB,Ivan Pace,00-0038807,Out,Quadricep,Did Not Participate In Practice,Ivan Pace,OUT
2024,3,MIN,DE,Dallas Turner,00-0039924,Out,Knee,Did Not Participate In Practice,Dallas Turner,OUT
2024,3,NE,LB,Anfernee Jennings,00-0036193,,,Full Participation in Practice,Anfernee Jennings,
2024,3,NE,CB,Marcus Jones,00-0037253,,,Full Participation in Practice,Marcus Jones,
2024,3,NE,G,Layden Robinson,00-0039887,,,Full Participation in Practice,Layden Robinson,
2024,3,NE,LB,Ja'Whaun Bentley,00-0034385,Out,Shoulder,Did Not Participate In Practice,Ja'Whaun Bentley,OUT
2024,3,NE,T,Vederian Lowe,00-0037287,Out,Knee,Did Not Participate In Practice,Vederian Lowe,OUT
2024,3,NE,G,Sidy Sow,00-0038569,Out,Ankle,Did Not Participate In Practice,Sidy Sow,OUT
2024,3,NE,LB,Oshane Ximines,00-0035708,Out,Knee,Did Not Participate In Practice,Oshane Ximines,OUT
2024,3,NE,C,David Andrews,00-0031852,Questionable,Hip,Limited Participation in Practice,David Andrews,QUESTIONABLE
2024,3,NE,T,Michael Onwenu,00-0036198,Questionable,Wrist,Limited Participation in Practice,Michael Onwenu,QUESTIONABLE
2024,3,NE,S,Jabrill Peppers,00-0033883,Questionable,Shoulder,Limited Participation in Practice,Jabrill Peppers,QUESTIONABLE
2024,3,NE,DE,Deatrich Wise,00-0033947,Questionable,Shoulder,Limited Participation in Practice,Deatrich Wise,QUESTIONABLE
2024,3,NO,LB,Jaylan Ford,00-0039388,,,Full Participation in Practice,Jaylan Ford,
2024,3,NO,T,Taliese Fuaga,00-0039339,,,Full Participation in Practice,Taliese Fuaga,
2024,3,NO,CB,Marshon Lattimore,00-0033874,,,Full Participation in Practice,Marshon Lattimore,
2024,3,NO,WR,Rashid Shaheed,00-0037545,,,Full Participation in Practice,Rashid Shaheed,
2024,3,NO,S,Tyrann Mathieu,00-0030459,,,Limited Participation in Practice,Tyrann Mathieu,
2024,3,NO,WR,Cedrick Wilson,00-0034418,,,Limited Participation in Practice,Cedrick Wilson,
2024,3,NO,DT,Khalen Saunders,00-0035656,Out,Calf,Did Not Participate In Practice,Khalen Saunders,OUT
2024,3,NO,T,Landon Young,00-0036930,Questionable,Foot,Did Not Participate In Practice,Landon Young,QUESTIONABLE
2024,3,NO,WR,A.T. Perry,00-0038612,Questionable,Illness,Full Participation in Practice,A.T. Perry,QUESTIONABLE
2024,3,NO,S,Will Harris,00-0035655,Questionable,Shin,Limited Participation in Practice,Will Harris,QUESTIONABLE
2024,3,NO,TE,Taysom Hill,00-0033357,Questionable,Chest,Limited Participation in Practice,Taysom Hill,QUESTIONABLE
2024,3,NO,LB,D'Marco Jackson,00-0037271,Questionable,Calf,Limited Participation in Practice,D'Marco Jackson,QUESTIONABLE
2024,3,NYG,T,Jermaine Eluemunor,00-0033290,,,Full Participation in Practice,Jermaine Eluemunor,
2024,3,NYG,LB,Isaiah Simmons,00-0036356,,,Full Participation in Practice,Isaiah Simmons,
2024,3,NYG,DT,Rakeem Nunez-Roches,00-0031957,,,Limited Participation in Practice,Rakeem Nunez-Roches,
2024,3,NYG,LB,Kayvon Thibodeaux,00-0037611,,,Limited Participation in Practice,Kayvon Thibodeaux,
2024,3,NYG,CB,Nick McCloud,00-0036589,Out,Knee,Did Not Participate In Practice,Nick McCloud,OUT
2024,3,NYG,LB,Brian Burns,00-0035713,Questionable,Groin,Limited Participation in Practice,Brian Burns,QUESTIONABLE
2024,3,NYG,LB,Darius Muasau,00-0039829,Questionable,Knee,Limited Participation in Practice,Darius Muasau,QUESTIONABLE
2024,3,NYJ,CB,Michael Carter,00-0036501,,,Full Participation in Practice,Michael Carter,
2024,3,NYJ,RB,Breece Hall,00-0038120,,,Full Participation in Practice,Breece Hall,
2024,3,NYJ,CB,D.J. Reed,00-0034384,,,Full Participation in Practice,D.J. Reed,
2024,3,NYJ,T,Tyron Smith,00-0027947,,,Full Participation in Practice,Tyron Smith,
2024,3,NYJ,LB,Jermaine Johnson,00-0037663,Out,Achilles,Did Not Participate In Practice,Jermaine Johnson,OUT
2024,3,NYJ,LB,C.J. Mosley,00-0031296,Questionable,Toe,Did Not Participate In Practice,C.J. Mosley,QUESTIONABLE
2024,3,PHI,WR,Johnny Wilson,00-0039236,,,Full Participation in Practice,Johnny Wilson,
2024,3,PHI,WR,A.J. Brown,00-0035676,Out,Hamstring,Did Not Participate In Practice,A.J. Brown,OUT
2024,3,PHI,S,Chauncey Gardner-Johnson,00-0035253,Questionable,Foot,Did Not Participate In Practice,Chauncey Gardner-Johnson,QUESTIONABLE
2024,3,PIT,RB,Najee Harris,00-0036893,,,Full Participation in Practice,Najee Harris,
2024,3,PIT,DT,Cameron Heyward,00-0027969,,,Full Participation in Practice,Cameron Heyward,
2024,3,PIT,DT,Larry Ogunjobi,00-0033905,,,Full Participation in Practice,Larry Ogunjobi,
2024,3,PIT,LB,T.J. Watt,00-0033886,,,Full Participation in Practice,T.J. Watt,
2024,3,PIT,WR,Roman Wilson,00-0039739,,,Full Participation in Practice,Roman Wilson,
2024,3,PIT,TE,MyCole Pruitt,00-0031585,Out,Knee,Did Not Participate In Practice,MyCole Pruitt,OUT
2024,3,PIT,G,Isaac Seumalo,00-0032954,Out,Pectoral,Did Not Participate In Practice,Isaac Seumalo,OUT
2024,3,PIT,T,Troy Fautanu,00-0039871,Questionable,Knee,Limited Participation in Practice,Troy Fautanu,QUESTIONABLE
2024,3,PIT,QB,Russell Wilson,00-0029263,Questionable,Calf,Limited Participation in Practice,Russell Wilson,QUESTIONABLE
2024,3,SEA,G,Anthony Bradford,00-0039020,,,Full Participation in Practice,Anthony Bradford,
2024,3,SEA,LB,Tyrel Dodson,00-0035352,,,Full Participation in Practice,Tyrel Dodson,
2024,3,SEA,DT,Johnathan Hankins,00-0030063,,,Full Participation in Practice,Johnathan Hankins,
2024,3,SEA,WR,Tyler Lockett,00-0032211,,,Full Participation in Practice,Tyler Lockett,
2024,3,SEA,WR,DK Metcalf,00-0035640,,,Full Participation in Practice,DK Metcalf,
2024,3,SEA,DT,Jarran Reed,00-0032387,,,Full Participation in Practice,Jarran Reed,
2024,3,SEA,TE,Brady Russell,00-0038488,,,Full Participation in Practice,Brady Russell,
2024,3,SEA,G,Laken Tomlinson,00-0032234,,,Full Participation in Practice,Laken Tomlinson,
2024,3,SEA,DT,Leonard Williams,00-0031933,,,Full Participation in Practice,Leonard Williams,
2024,3,SEA,CB,Devon Witherspoon,00-0039169,,,Full Participation in Practice,Devon Witherspoon,
2024,3,SEA,TE,Noah Fant,00-0035644,,,Limited Participation in Practice,Noah Fant,
2024,3,SEA,LB,Uchenna Nwosu,00-0034350,Out,Knee,Did Not Participate In Practice,Uchenna Nwosu,OUT
2024,3,SEA,T,George Fant,00-0032466,Out,Knee,Limited Participation in Practice,George Fant,OUT
2024,3,SEA,LB,Jerome Baker,00-0034797,Doubtful,Hamstring,Did Not Participate In Practice,Jerome Baker,DOUBTFUL
2024,3,SEA,RB,Kenneth Walker,00-0038134,Doubtful,Oblique,Limited Participation in Practice,Kenneth Walker,DOUBTFUL
2024,3,SEA,WR,Laviska Shenault,00-0036268,Questionable,Foot,Did Not Participate In Practice,Laviska Shenault,QUESTIONABLE
2024,3,SEA,TE,Pharaoh Brown,00-0033439,Questionable,Foot,Limited Participation in Practice,Pharaoh Brown,QUESTIONABLE
2024,3,SEA,LB,Derick Hall,00-0039047,Questionable,Hip,Limited Participation in Practice,Derick Hall,QUESTIONABLE
2024,3,SEA,LB,Boye Mafe,00-0038133,Questionable,Knee,Limited Participation in Practice,Boye Mafe,QUESTIONABLE
2024,3,SEA,S,K'Von Wallace,00-0036395,Questionable,Shoulder,Limited Participation in Practice,K'Von Wallace,QUESTIONABLE
2024,3,SF,S,Talanoa Hufanga,00-0036564,,,Full Participation in Practice,Talanoa Hufanga,
2024,3,SF,LB,Dee Winters,00-0038625,,,Full Participation in Practice,Dee Winters,
2024,3,SF,WR,Deebo Samuel,00-0035719,Out,Calf,Did Not Participate In Practice,Deebo Samuel,OUT
2024,3,SF,TE,George Kittle,00-0033288,Doubtful,Hamstring,Did Not Participate In Practice,George Kittle,DOUBTFUL
2024,3,SF,DE,Nick Bosa,00-0035717,Questionable,Rib,Limited Participation in Practice,Nick Bosa,QUESTIONABLE
2024,3,SF,CB,Charvarius Ward,00-0034573,Questionable,Hamstring,Limited Participation in Practice,Charvarius Ward,QUESTIONABLE
2024,3,TB,CB,Jamel Dean,00-0035699,,,Full Participation in Practice,Jamel Dean,
2024,3,TB,DE,Logan Hall,00-0038127,,,Full Participation in Practice,Logan Hall,
2024,3,TB,RB,Rachaad White,00-0037256,,,Full Participation in Practice,Rachaad White,
2024,3,TB,LB,Lavonte David,00-0029562,,,Limited Participation in Practice,Lavonte David,
2024,3,TB,WR,Mike Evans,00-0031408,,,Limited Participation in Practice,Mike Evans,
2024,3,TB,T,Luke Goedeke,00-0037835,Out,Concussion,Did Not Participate In Practice,Luke Goedeke,OUT
2024,3,TB,DT,Calijah Kancey,00-0039063,Out,Calf,Did Not Participate In Practice,Calijah Kancey,OUT
2024,3,TB,S,Antoine Winfield,00-0036411,Out,Foot,Did Not Participate In Practice,Antoine Winfield,OUT
2024,3,TB,WR,Kameron Johnson,00-0039589,Doubtful,Ankle,Did Not Participate In Practice,Kameron Johnson,DOUBTFUL
2024,3,TB,DT,Vita Vea,00-0034773,Doubtful,Knee,Limited Participation in Practice,Vita Vea,DOUBTFUL
2024,3,TB,CB,Josh Hayes,00-0039051,Questionable,Ankle,Full Participation in Practice,Josh Hayes,QUESTIONABLE
2024,3,TB,DE,William Gholston,00-0030386,Questionable,Knee,Limited Participation in Practice,William Gholston,QUESTIONABLE
2024,3,TEN,LB,Luke Gifford,00-0035413,,,Did Not Participate In Practice,Luke Gifford,
2024,3,TEN,LS,Morgan Cox,00-0027557,,,Full Participation in Practice,Morgan Cox,
2024,3,TEN,DT,Jeffery Simmons,00-0035643,,,Full Participation in Practice,Jeffery Simmons,
2024,3,TEN,CB,L'Jarius Sneed,00-0036374,,,Full Participation in Practice,L'Jarius Sneed,
2024,3,TEN,RB,Tyjae Spears,00-0039032,Questionable,Ankle,Full Participation in Practice,Tyjae Spears,QUESTIONABLE
2024,3,WAS,DE,Dorance Armstrong,00-0034373,,,Full Participation in Practice,Dorance Armstrong,
2024,3,WAS,T,Brandon Coleman,00-0039913,,,Full Participation in Practice,Brandon Coleman,
2024,3,WAS,S,Quan Martin,00-0039149,,,Full Participation in Practice,Quan Martin,
2024,3,WAS,CB,Benjamin St-Juste,00-0036625,,,Full Participation in Practice,Benjamin St-Juste,
2024,3,WAS,TE,Zach Ertz,00-0030061,,,Limited Participation in Practice,Zach Ertz,
2024,3,WAS,DT,Jer'Zhan Newton,00-0039906,,,Limited Participation in Practice,Jer'Zhan Newton,
2024,3,WAS,DE,Clelin Ferrell,00-0035692,Out,Knee,Did Not Participate In Practice,Clelin Ferrell,OUT
2024,3,WAS,CB,Emmanuel Forbes,00-0039151,Questionable,Thumb,Limited Participation in Practice,Emmanuel Forbes,QUESTIONABLE
2024,4,ARI,S,Budda Baker,00-0033890,,,Full Participation in Practice,Budda Baker,
2024,4,ARI,LB,Dennis Gardeck,00-0034473,,,Full Participation in Practice,Dennis Gardeck,
2024,4,ARI,WR,Marvin Harrison,00-0039849,,,Full Participation in Practice,Marvin Harrison,
2024,4,ARI,DT,Dante Stills,00-0038623,,,Full Participation in Practice,Dante Stills,
2024,4,ARI,TE,Trey McBride,00-0037744,Out,Concussion,Did Not Participate In Practice,Trey McBride,OUT
2024,4,ARI,DT,Khyiris Tonga,00-0036909,Out,Knee,Did Not Participate In Practice,Khyiris Tonga,OUT
2024,4,ARI,G,Isaiah Adams,00-0039808,Questionable,Thumb,Limited Participation in Practice,Isaiah Adams,QUESTIONABLE
2024,4,ARI,T,Kelvin Beachum,00-0029316,Questionable,Hamstring,Limited Participation in Practice,Kelvin Beachum,QUESTIONABLE
2024,4,ATL,DT,Grady Jarrett,00-0031583,,,Did Not Participate In Practice,Grady Jarrett,
2024,4,ATL,T,Jake Matthews,00-0031279,,,Did Not Participate In Practice,Jake Matthews,
2024,4,ATL,DT,David Onyemata,00-0033051,,,Did Not Participate In Practice,David Onyemata,
2024,4,ATL,LB,Matt Judon,00-0032415,,,Full Participation in Practice,Matt Judon,
2024,4,ATL,RB,Bijan Robinson,00-0038542,,,Full Participation in Practice,Bijan Robinson,
2024,4,ATL,DE,Ta'Quon Graham,00-0036948,,,Limited Participation in Practice,Ta'Quon Graham,
2024,4,ATL,T,Kaleb McGary,00-0035235,Out,Knee,Limited Participation in Practice,Kaleb McGary,OUT
2024,4,BAL,G,Daniel Faalele,00-0038118,,,Full Participation in Practice,Daniel Faalele,
2024,4,BAL,T,Patrick Mekari,00-0035112,,,Full Participation in Practice,Patrick Mekari,
2024,4,BAL,LB,Josh Ross,00-0037184,,,Full Participation in Practice,Josh Ross,
2024,4,BAL,LB,Roquan Smith,00-0034874,,,Full Participation in Practice,Roquan Smith,
2024,4,BAL,S,Ar'Darius Washington,00-0036587,,,Full Participation in Practice,Ar'Darius Washington,
2024,4,BAL,CB,Jalyn Armour-Davis,00-0038119,Out,Hamstring,Did Not Participate In Practice,Jalyn Armour-Davis,OUT
2024,4,BAL,G,Andrew Vorhees,00-0038383,Doubtful,Ankle,Did Not Participate In Practice,Andrew Vorhees,DOUBTFUL
2024,4,BAL,DT,Michael Pierce,00-0032574,Doubtful,Shoulder,Full Participation in Practice,Michael Pierce,DOUBTFUL
2024,4,BAL,C,Tyler Linderbaum,00-0037825,Questionable,Knee,Full Participation in Practice,Tyler Linderbaum,QUESTIONABLE
2024,4,BUF,QB,Josh Allen,00-0034857,,,Full Participation in Practice,Josh Allen,
2024,4,BUF,CB,Kaiir Elam,00-0037242,,,Full Participation in Practice,Kaiir Elam,
2024,4,BUF,TE,Quintin Morris,00-0036590,,,Full Participation in Practice,Quintin Morris,
2024,4,BUF,QB,Mitchell Trubisky,00-0033869,,,Full Participation in Practice,Mitchell Trubisky,
2024,4,BUF,T,Tylan Grable,00-0039882,Out,Groin,Did Not Participate In Practice,Tylan Grable,OUT
2024,4,BUF,CB,Taron Johnson,00-0034376,Out,Forearm,Did Not Participate In Practice,Taron Johnson,OUT
2024,4,BUF,LB,Terrel Bernard,00-0037254,Out,Pectoral,Limited Participation in Practice,Terrel Bernard,OUT
2024,4,CAR,LB,Jadeveon Clowney,00-0031364,,,Full Participation in Practice,Jadeveon Clowney,
2024,4,CAR,QB,Andy Dalton,00-0027973,,,Full Participation in Practice,Andy Dalton,
2024,4,CAR,RB,Chuba Hubbard,00-0036555,,,Full Participation in Practice,Chuba Hubbard,
2024,4,CAR,T,Taylor Moton,00-0033284,,,Full Participation in Practice,Taylor Moton,
2024,4,CAR,S,Nick Scott,00-0035669,,,Limited Participation in Practice,Nick Scott,
2024,4,CAR,S,Lonnie Johnson,00-0035244,Out,Hip,Did Not Participate In Practice,Lonnie Johnson,OUT
2024,4,CAR,G,Damien Lewis,00-0036417,Out,Elbow,Did Not Participate In Practice,Damien Lewis,OUT
2024,4,CAR,DT,Shy Tuttle,00-0035409,Out,Foot,Did Not Participate In Practice,Shy Tuttle,OUT
2024,4,CAR,G,Robert Hunt,00-0036325,Questionable,Hip,Limited Participation in Practice,Robert Hunt,QUESTIONABLE
2024,4,CAR,WR,Diontae Johnson,00-0035216,Questionable,Groin,Limited Participation in Practice,Diontae Johnson,QUESTIONABLE
2024,4,CAR,DE,A'Shawn Robinson,00-0032889,Questionable,Knee,Limited Participation in Practice,A'Shawn Robinson,QUESTIONABLE
2024,4,CHI,FB,Khari Blasingame,00-0035099,,,Full Participation in Practice,Khari Blasingame,
2024,4,CHI,G,Nate Davis,00-0035649,,,Full Participation in Practice,Nate Davis,
2024,4,CHI,T,Braxton Jones,00-0037081,,,Full Participation in Practice,Braxton Jones,
2024,4,CHI,TE,Marcedes Lewis,00-0024243,,,Full Participation in Practice,Marcedes Lewis,
2024,4,CHI,WR,Rome Odunze,00-0039919,,,Full Participation in Practice,Rome Odunze,
2024,4,CHI,DE,Montez Sweat,00-0035647,,,Full Participation in Practice,Montez Sweat,
2024,4,CHI,DE,Darrell Taylor,00-0036413,,,Full Participation in Practice,Darrell Taylor,
2024,4,CHI,T,Darnell Wright,00-0038932,,,Full Participation in Practice,Darnell Wright,
2024,4,CHI,TE,Stephen Carlson,00-0035039,Out,Collarbone,Did Not Participate In Practice,Stephen Carlson,OUT
2024,4,CHI,DT,Zacch Pickens,00-0038937,Out,Groin,Did Not Participate In Practice,Zacch Pickens,OUT
2024,4,CHI,CB,Terell Smith,00-0038395,Out,Hip,Did Not Participate In Practice,Terell Smith,OUT
2024,4,CHI,WR,Keenan Allen,00-0030279,Questionable,Heel,Full Participation in Practice,Keenan Allen,QUESTIONABLE
2024,4,CHI,DT,Andrew Billings,00-0033066,Questionable,Knee,Limited Participation in Practice,Andrew Billings,QUESTIONABLE
2024,4,CHI,S,Kevin Byard,00-0033132,Questionable,Back,Limited Participation in Practice,Kevin Byard,QUESTIONABLE
2024,4,CIN,LB,Joe Bachie,00-0035895,,,Full Participation in Practice,Joe Bachie,
2024,4,CIN,QB,Joe Burrow,00-0036442,,,Full Participation in Practice,Joe Burrow,
2024,4,CIN,WR,Ja'Marr Chase,00-0036900,,,Full Participation in Practice,Ja'Marr Chase,
2024,4,CIN,DE,Trey Hendrickson,00-0033935,,,Full Participation in Practice,Trey Hendrickson,
2024,4,CIN,DT,Kris Jenkins,00-0039908,,,Full Participation in Practice,Kris Jenkins,
2024,4,CIN,T,Trenton Brown,00-0032071,Out,Knee,Did Not Participate In Practice,Trenton Brown,OUT
2024,4,CIN,DT,Sheldon Rankins,00-0032759,Out,Hamstring,Did Not Participate In Practice,Sheldon Rankins,OUT
2024,4,CIN,DT,B.J. Hill,00-0034800,Doubtful,Hamstring,Did Not Participate In Practice,B.J. Hill,DOUBTFUL
2024,4,CIN,S,Daijahn Anthony,00-0039414,Questionable,Illness,Limited Participation in Practice,Daijahn Anthony,QUESTIONABLE
2024,4,CIN,TE,Tanner Hudson,00-0034613,Questionable,Knee,Limited Participation in Practice,Tanner Hudson,QUESTIONABLE
2024,4,CLE,G,Joel Bitonio,00-0031426,,,Full Participation in Practice,Joel Bitonio,
2024,4,CLE,G,Javion Cohen,00-0039512,,,Full Participation in Practice,Javion Cohen,
2024,4,CLE,RB,Jerome Ford,00-0037267,,,Full Participation in Practice,Jerome Ford,
2024,4,CLE,CB,Mike Ford,00-0034639,,,Full Participation in Practice,Mike Ford,
2024,4,CLE,DE,Myles Garrett,00-0033868,,,Full Participation in Practice,Myles Garrett,
2024,4,CLE,WR,Jerry Jeudy,00-0036407,,,Full Participation in Practice,Jerry Jeudy,
2024,4,CLE,LB,Jeremiah Owusu-Koramoah,00-0036915,,,Full Participation in Practice,Jeremiah Owusu-Koramoah,
2024,4,CLE,DT,Dalvin Tomlinson,00-0033546,,,Full Participation in Practice,Dalvin Tomlinson,
2024,4,CLE,CB,Denzel Ward,00-0034856,,,Full Participation in Practice,Denzel Ward,
2024,4,CLE,T,James Hudson,00-0036866,,,Limited Participation in Practice,James Hudson,
2024,4,CLE,T,Dawand Jones,00-0039014,,,Limited Participation in Practice,Dawand Jones,
2024,4,CLE,DE,Alex Wright,00-0037251,,,Limited Participation in Practice,Alex Wright,
2024,4,CLE,T,Jack Conklin,00-0033057,Out,Hamstring,Did Not Participate In Practice,Jack Conklin,OUT
2024,4,CLE,TE,David Njoku,00-0033885,Out,Ankle,Did Not Participate In Practice,David Njoku,OUT
2024,4,CLE,RB,Pierre Strong,00-0038098,Out,Hamstring,Did Not Participate In Practice,Pierre Strong,OUT
2024,4,CLE,T,Jedrick Wills,00-0036267,Out,Knee,Did Not Participate In Practice,Jedrick Wills,OUT
2024,4,CLE,LB,Jordan Hicks,00-0032129,Questionable,Ribs,Limited Participation in Practice,Jordan Hicks,QUESTIONABLE
2024,4,DAL,CB,C.J. Goodwin,00-0031357,,,Did Not Participate In Practice,C.J. Goodwin,
2024,4,DAL,CB,Trevon Diggs,00-0036361,,,Full Participation in Practice,Trevon Diggs,
2024,4,DAL,WR,CeeDee Lamb,00-0036358,,,Full Participation in Practice,CeeDee Lamb,
2024,4,DAL,DE,Demarcus Lawrence,00-0031411,,,Full Participation in Practice,Demarcus Lawrence,
2024,4,DAL,DT,Mazi Smith,00-0038545,,,Full Participation in Practice,Mazi Smith,
2024,4,DAL,TE,John Stephens,00-0038741,,,Full Participation in Practice,John Stephens,
2024,4,DAL,S,Markquese Bell,00-0037561,Doubtful,Ankle,Did Not Participate In Practice,Markquese Bell,DOUBTFUL
2024,4,DAL,CB,Caelen Carson,00-0039387,Doubtful,Shoulder,Did Not Participate In Practice,Caelen Carson,DOUBTFUL
2024,4,DEN,TE,Nate Adkins,00-0038783,,,Full Participation in Practice,Nate Adkins,
2024,4,DEN,WR,Josh Reynolds,00-0033943,,,Full Participation in Practice,Josh Reynolds,
2024,4,DEN,S,J.L. Skinner,00-0038605,Out,Ankle,Did Not Participate In Practice,J.L. Skinner,OUT
2024,4,DET,S,Ifeatu Melifonwu,00-0036993,,,Did Not Participate In Practice,Ifeatu Melifonwu,
2024,4,DET,LB,Alex Anzalone,00-0033914,,,Full Participation in Practice,Alex Anzalone,
2024,4,DET,LS,Hogan Hatten,00-0039445,,,Full Participation in Practice,Hogan Hatten,
2024,4,DET,TE,Sam LaPorta,00-0039065,,,Full Participation in Practice,Sam LaPorta,
2024,4,DET,DT,Alim McNeill,00-0036624,,,Full Participation in Practice,Alim McNeill,
2024,4,DET,DT,Levi Onwuzurike,00-0036954,,,Full Participation in Practice,Levi Onwuzurike,
2024,4,DET,T,Dan Skipper,00-0033863,,,Full Participation in Practice,Dan Skipper,
2024,4,DET,C,Frank Ragnow,00-0034345,Out,Pectoral,Did Not Participate In Practice,Frank Ragnow,OUT
2024,4,DET,S,Brian Branch,00-0039141,Doubtful,Illness,Full Participation in Practice,Brian Branch,DOUBTFUL
2024,4,DET,CB,Ennis Rakestraw,00-0039862,Questionable,Hamstring,Full Participation in Practice,Ennis Rakestraw,QUESTIONABLE
2024,4,GB,DT,Kenny Clark,00-0033120,,,Full Participation in Practice,Kenny Clark,
2024,4,GB,G,Elgton Jenkins,00-0035526,,,Full Participation in Practice,Elgton Jenkins,
2024,4,GB,TE,Tucker Kraft,00-0038996,,,Full Participation in Practice,Tucker Kraft,
2024,4,GB,TE,Luke Musgrave,00-0039144,,,Full Participation in Practice,Luke Musgrave,
2024,4,GB,C,Josh Myers,00-0036622,,,Full Participation in Practice,Josh Myers,
2024,4,GB,WR,Jayden Reed,00-0039146,,,Full Participation in Practice,Jayden Reed,
2024,4,GB,T,Zach Tom,00-0037817,,,Full Participation in Practice,Zach Tom,
2024,4,GB,DT,Devonte Wyatt,00-0037075,,,Full Participation in Practice,Devonte Wyatt,
2024,4,GB,T,Jordan Morgan,00-0039904,Out,Shoulder,Did Not Participate In Practice,Jordan Morgan,OUT
2024,4,GB,CB,Carrington Valentine,00-0038408,Doubtful,Ankle,Did Not Participate In Practice,Carrington Valentine,DOUBTFUL
2024,4,GB,CB,Jaire Alexander,00-0034728,Questionable,Quadricep,Did Not Participate In Practice,Jaire Alexander,QUESTIONABLE
2024,4,GB,QB,Jordan Love,00-0036264,Questionable,Knee,Limited Participation in Practice,Jordan Love,QUESTIONABLE
2024,4,HOU,WR,Nico Collins,00-0036554,,,Full Participation in Practice,Nico Collins,
2024,4,HOU,G,Kenyon Green,00-0037613,,,Full Participation in Practice,Kenyon Green,
2024,4,HOU,C,Jarrett Patterson,00-0038615,,,Full Participation in Practice,Jarrett Patterson,
2024,4,HOU,TE,Dalton Schultz,00-0034383,,,Full Participation in Practice,Dalton Schultz,
2024,4,HOU,WR,Tank Dell,00-0038977,Out,Chest,Did Not Participate In Practice,Tank Dell,OUT
2024,4,HOU,RB,Dameon Pierce,00-0037258,Out,Hamstring,Did Not Participate In Practice,Dameon Pierce,OUT
2024,4,HOU,S,Jimmie Ward,00-0031298,Out,Groin,Did Not Participate In Practice,Jimmie Ward,OUT
2024,4,HOU,DT,Folorunso Fatukasi,00-0034275,Questionable,Shoulder,Limited Participation in Practice,Folorunso Fatukasi,QUESTIONABLE
2024,4,HOU,RB,Joe Mixon,00-0033897,Questionable,Ankle,Limited Participation in Practice,Joe Mixon,QUESTIONABLE
2024,4,IND,LB,Grant Stuard,00-0036672,,,Full Participation in Practice,Grant Stuard,
2024,4,IND,CB,Kenny Moore,00-0033393,Out,Hip,Did Not Participate In Practice,Kenny Moore,OUT
2024,4,IND,DE,Kwity Paye,00-0036479,Out,Quadricep,Did Not Participate In Practice,Kwity Paye,OUT
2024,4,IND,C,Ryan Kelly,00-0032383,Questionable,Neck,Did Not Participate In Practice,Ryan Kelly,QUESTIONABLE
2024,4,IND,DE,Tyquan Lewis,00-0034359,Questionable,Calf,Did Not Participate In Practice,Tyquan Lewis,QUESTIONABLE
2024,4,IND,T,Braden Smith,00-0034836,Questionable,Knee,Did Not Participate In Practice,Braden Smith,QUESTIONABLE
2024,4,IND,CB,Chris Lammons,00-0034145,Questionable,Knee,Full Participation in Practice,Chris Lammons,QUESTIONABLE
2024,4,JAX,DE,Arik Armstead,00-0032164,,,Did Not Participate In Practice,Arik Armstead,
2024,4,JAX,CB,Montaric Brown,00-0037313,,,Full Participation in Practice,Montaric Brown,
2024,4,JAX,T,Anton Harrison,00-0038934,,,Full Participation in Practice,Anton Harrison,
2024,4,JAX,T,Cam Robinson,00-0033889,,,Full Participation in Practice,Cam Robinson,
2024,4,JAX,RB,Tank Bigsby,00-0038555,,,Limited Participation in Practice,Tank Bigsby,
2024,4,JAX,TE,Evan Engram,00-0033881,Out,Hamstring,Did Not Participate In Practice,Evan Engram,OUT
2024,4,JAX,LB,Foyesade Oluokun,00-0034413,Out,Foot,Did Not Participate In Practice,Foyesade Oluokun,OUT
2024,4,JAX,WR,Gabe Davis,00-0036196,Questionable,Shoulder,Limited Participation in Practice,Gabe Davis,QUESTIONABLE
2024,4,JAX,CB,Jarrian Jones,00-0039353,Questionable,Shoulder,Limited Participation in Practice,Jarrian Jones,QUESTIONABLE
2024,4,JAX,LB,Devin Lloyd,00-0037244,Questionable,Knee,Limited Participation in Practice,Devin Lloyd,QUESTIONABLE
2024,4,JAX,S,Darnell Savage,00-0034968,Questionable,Quadricep,Limited Participation in Practice,Darnell Savage,QUESTIONABLE
2024,4,KC,LB,Nick Bolton,00-0036621,,,Full Participation in Practice,Nick Bolton,
2024,4,KC,S,Chamarri Conner,00-0038982,,,Full Participation in Practice,Chamarri Conner,
2024,4,KC,DT,Derrick Nnadi,00-0034818,,,Full Participation in Practice,Derrick Nnadi,
2024,4,KC,WR,Rashee Rice,00-0039067,,,Full Participation in Practice,Rashee Rice,
2024,4,KC,CB,Jaylen Watson,00-0037195,,,Full Participation in Practice,Jaylen Watson,
2024,4,KC,DE,Michael Danna,00-0036378,Out,Calf,Limited Participation in Practice,Michael Danna,OUT
2024,4,LA,T,Rob Havenstein,00-0032242,,,Did Not Participate In Practice,Rob Havenstein,
2024,4,LA,CB,Tre'Davious White,00-0033884,,,Did Not Participate In Practice,Tre'Davious White,
2024,4,LA,G,Logan Bruss,00-0037836,,,Full Participation in Practice,Logan Bruss,
2024,4,LA,T,Alaric Jackson,00-0036603,,,Limited Participation in Practice,Alaric Jackson,
2024,4,LA,WR,Cooper Kupp,00-0033908,Out,Ankle,Did Not Participate In Practice,Cooper Kupp,OUT
2024,4,LA,TE,Davis Allen,00-0039074,Questionable,Back,Full Participation in Practice,Davis Allen,QUESTIONABLE
2024,4,LAC,TE,Hayden Hurst,00-0034830,,,Full Participation in Practice,Hayden Hurst,
2024,4,LAC,DE,Khalil Mack,00-0031040,,,Full Participation in Practice,Khalil Mack,
2024,4,LAC,DT,Otito Ogbonnia,00-0037270,,,Full Participation in Practice,Otito Ogbonnia,
2024,4,LAC,WR,Josh Palmer,00-0036988,,,Full Participation in Practice,Josh Palmer,
2024,4,LAC,T,Trey Pipkins,00-0035688,,,Full Participation in Practice,Trey Pipkins,
2024,4,LAC,TE,Stone Smartt,00-0037475,,,Full Participation in Practice,Stone Smartt,
2024,4,LAC,DE,Joey Bosa,00-0033156,Out,Hip,Did Not Participate In Practice,Joey Bosa,OUT
2024,4,LAC,LB,Junior Colson,00-0039346,Out,Hamstring,Did Not Participate In Practice,Junior Colson,OUT
2024,4,LAC,T,Rashawn Slater,00-0037009,Out,Pectoral,Did Not Participate In Practice,Rashawn Slater,OUT
2024,4,LAC,T,Joe Alt,00-0039897,Questionable,Knee,Did Not Participate In Practice,Joe Alt,QUESTIONABLE
2024,4,LAC,WR,Derius Davis,00-0038573,Questionable,Hamstring,Did Not Participate In Practice,Derius Davis,QUESTIONABLE
2024,4,LAC,CB,Ja'Sir Taylor,00-0037307,Questionable,Fibula,Did Not Participate In Practice,Ja'Sir Taylor,QUESTIONABLE
2024,4,LAC,CB,Kristian Fulton,00-0036416,Questionable,Knee,Full Participation in Practice,Kristian Fulton,QUESTIONABLE
2024,4,LAC,QB,Justin Herbert,00-0036355,Questionable,Ankle,Limited Participation in Practice,Justin Herbert,QUESTIONABLE
2024,4,LAC,CB,Deane Leonard,00-0037320,Questionable,Hamstring,Limited Participation in Practice,Deane Leonard,QUESTIONABLE
2024,4,LV,T,Kolton Miller,00-0034759,,,Full Participation in Practice,Kolton Miller,
2024,4,LV,DT,Christian Wilkins,00-0035231,,,Full Participation in Practice,Christian Wilkins,
2024,4,LV,DE,Tyree Wilson,00-0038541,,,Full Participation in Practice,Tyree Wilson,
2024,4,LV,WR,Davante Adams,00-0031381,Out,Hamstring,Did Not Participate In Practice,Davante Adams,OUT
2024,4,LV,LB,Divine Deablo,00-0036990,Out,Oblique,Did Not Participate In Practice,Divine Deablo,OUT
2024,4,LV,TE,Michael Mayer,00-0039066,Out,Not injury related - personal matter,Did Not Participate In Practice,Michael Mayer,OUT
2024,4,LV,CB,Decamerion Richardson,00-0039357,Out,Hamstring,Did Not Participate In Practice,Decamerion Richardson,OUT
2024,4,LV,DE,Maxx Crosby,00-0034973,Doubtful,Ankle,Did Not Participate In Practice,Maxx Crosby,DOUBTFUL
2024,4,LV,T,Thayer Munford,00-0037322,Doubtful,Knee,Did Not Participate In Practice,Thayer Munford,DOUBTFUL
2024,4,LV,RB,Ameer Abdullah,00-0032104,Questionable,Back,Did Not Participate In Practice,Ameer Abdullah,QUESTIONABLE
2024,4,LV,LB,Kana'i Mauga,00-0037383,Questionable,Calf,Did Not Participate In Practice,Kana'i Mauga,QUESTIONABLE
2024,4,MIA,DE,Calais Campbell,00-0026190,,,Did Not Participate In Practice,Calais Campbell,
2024,4,MIA,CB,Storm Duck,00-0039481,,,Full Participation in Practice,Storm Duck,
2024,4,MIA,FB,Alec Ingold,00-0035125,,,Full Participation in Practice,Alec Ingold,
2024,4,MIA,CB,Siran Neal,00-0034391,,,Full Participation in Practice,Siran Neal,
2024,4,MIA,LB,Jaelan Phillips,00-0036934,,,Full Participation in Practice,Jaelan Phillips,
2024,4,MIA,WR,Tyreek Hill,00-0033040,,,Limited Participation in Practice,Tyreek Hill,
2024,4,MIA,T,Terron Armstead,00-0030067,Out,Concussion,Did Not Participate In Practice,Terron Armstead,OUT
2024,4,MIA,CB,Kendall Fuller,00-0033084,Out,Concussion,Did Not Participate In Practice,Kendall Fuller,OUT
2024,4,MIA,LB,David Long,00-0035292,Doubtful,Hamstring,Did Not Participate In Practice,David Long,DOUBTFUL
2024,4,MIA,RB,Raheem Mostert,00-0031687,Questionable,Chest,Limited Participation in Practice,Raheem Mostert,QUESTIONABLE
2024,4,MIA,QB,Skylar Thompson,00-0037327,Questionable,Ribs,Limited Participation in Practice,Skylar Thompson,QUESTIONABLE
2024,4,MIA,WR,Malik Washington,00-0039880,Questionable,Quadricep,Limited Participation in Practice,Malik Washington,QUESTIONABLE
2024,4,MIN,CB,Stephon Gilmore,00-0029542,,,Did Not Participate In Practice,Stephon Gilmore,
2024,4,MIN,S,Harrison Smith,00-0029606,,,Did Not Participate In Practice,Harrison Smith,
2024,4,MIN,WR,Jordan Addison,00-0038994,,,Full Participation in Practice,Jordan Addison,
2024,4,MIN,C,Garrett Bradbury,00-0035588,,,Full Participation in Practice,Garrett Bradbury,
2024,4,MIN,DT,Jonathan Bullard,00-0033093,,,Full Participation in Practice,Jonathan Bullard,
2024,4,MIN,QB,Sam Darnold,00-0034869,,,Full Participation in Practice,Sam Darnold,
2024,4,MIN,T,Christian Darrisaw,00-0036616,,,Full Participation in Practice,Christian Darrisaw,
2024,4,MIN,LB,Kamu Grugier-Hill,00-0032437,,,Full Participation in Practice,Kamu Grugier-Hill,
2024,4,MIN,TE,Josh Oliver,00-0035249,,,Full Participation in Practice,Josh Oliver,
2024,4,MIN,DE,Dallas Turner,00-0039924,,,Full Participation in Practice,Dallas Turner,
2024,4,MIN,S,Jay Ward,00-0038578,,,Full Participation in Practice,Jay Ward,
2024,4,MIN,WR,Trent Sherfield,00-0034487,Note,Trent Sherfield Sr. did not travel with the team today for personal reasons. He is traveling separately and is expected to be available for Sunday’s game.,"
    ",Trent Sherfield,
2024,4,MIN,LB,Ivan Pace,00-0038807,Out,Ankle,Did Not Participate In Practice,Ivan Pace,OUT
2024,4,NE,CB,Christian Gonzalez,00-0039147,,,Full Participation in Practice,Christian Gonzalez,
2024,4,NE,TE,Hunter Henry,00-0033090,,,Full Participation in Practice,Hunter Henry,
2024,4,NE,G,Michael Onwenu,00-0036198,,,Full Participation in Practice,Michael Onwenu,
2024,4,NE,S,Jabrill Peppers,00-0033883,,,Full Participation in Practice,Jabrill Peppers,
2024,4,NE,C,David Andrews,00-0031852,,,Limited Participation in Practice,David Andrews,
2024,4,NE,CB,Alex Austin,00-0038646,Out,Ankle,Did Not Participate In Practice,Alex Austin,OUT
2024,4,NE,G,Michael Jordan,00-0035266,Out,Ankle,Did Not Participate In Practice,Michael Jordan,OUT
2024,4,NE,T,Vederian Lowe,00-0037287,Out,Knee,Did Not Participate In Practice,Vederian Lowe,OUT
2024,4,NE,LB,Anfernee Jennings,00-0036193,Questionable,Shoulder,Limited Participation in Practice,Anfernee Jennings,QUESTIONABLE
2024,4,NE,CB,Jonathan Jones,00-0032580,Questionable,Shoulder,Limited Participation in Practice,Jonathan Jones,QUESTIONABLE
2024,4,NE,G,Sidy Sow,00-0038569,Questionable,Ankle,Limited Participation in Practice,Sidy Sow,QUESTIONABLE
2024,4,NE,T,Caedan Wallace,00-0039863,Questionable,Knee,Limited Participation in Practice,Caedan Wallace,QUESTIONABLE
2024,4,NO,QB,Derek Carr,00-0031280,,,Full Participation in Practice,Derek Carr,
2024,4,NO,TE,Taysom Hill,00-0033357,,,Full Participation in Practice,Taysom Hill,
2024,4,NO,DT,Khalen Saunders,00-0035656,,,Full Participation in Practice,Khalen Saunders,
2024,4,NO,CB,Alontae Taylor,00-0038121,,,Full Participation in Practice,Alontae Taylor,
2024,4,NO,T,Landon Young,00-0036930,,,Full Participation in Practice,Landon Young,
2024,4,NO,LB,D'Marco Jackson,00-0037271,,,Limited Participation in Practice,D'Marco Jackson,
2024,4,NO,LB,Demario Davis,00-0029607,Out,Hamstring,Did Not Participate In Practice,Demario Davis,OUT
2024,4,NO,WR,A.T. Perry,00-0038612,Out,Hamstring,Did Not Participate In Practice,A.T. Perry,OUT
2024,4,NO,C,Cesar Ruiz,00-0036408,Out,Knee,Did Not Participate In Practice,Cesar Ruiz,OUT
2024,4,NO,WR,Cedrick Wilson,00-0034418,Questionable,Ankle,Did Not Participate In Practice,Cedrick Wilson,QUESTIONABLE
2024,4,NO,RB,Alvin Kamara,00-0033906,Questionable,Hip,Limited Participation in Practice,Alvin Kamara,QUESTIONABLE
2024,4,NO,WR,Chris Olave,00-0037239,Questionable,Hamstring,Limited Participation in Practice,Chris Olave,QUESTIONABLE
2024,4,NYG,T,Jermaine Eluemunor,00-0033290,,,Full Participation in Practice,Jermaine Eluemunor,
2024,4,NYG,C,John Michael Schmitz,00-0039019,,,Full Participation in Practice,John Michael Schmitz,
2024,4,NYG,DT,Dexter Lawrence,00-0035683,,,Limited Participation in Practice,Dexter Lawrence,
2024,4,NYG,CB,Nick McCloud,00-0036589,,,Limited Participation in Practice,Nick McCloud,
2024,4,NYG,LB,Micah McFadden,00-0037259,,,Limited Participation in Practice,Micah McFadden,
2024,4,NYG,CB,Adoree' Jackson,00-0033878,Out,Calf,Did Not Participate In Practice,Adoree' Jackson,OUT
2024,4,NYG,CB,Andru Phillips,00-0039821,Out,Calf,Did Not Participate In Practice,Andru Phillips,OUT
2024,4,NYG,WR,Darius Slayton,00-0035535,Questionable,Thumb,Limited Participation in Practice,Darius Slayton,QUESTIONABLE
2024,4,NYJ,T,Tyron Smith,00-0027947,,,Full Participation in Practice,Tyron Smith,
2024,4,NYJ,T,Morgan Moses,00-0031330,Out,Knee,Did Not Participate In Practice,Morgan Moses,OUT
2024,4,NYJ,LB,C.J. Mosley,00-0031296,Doubtful,Toe,Did Not Participate In Practice,C.J. Mosley,DOUBTFUL
2024,4,PHI,G,Mekhi Becton,00-0036284,,,Full Participation in Practice,Mekhi Becton,
2024,4,PHI,G,Landon Dickerson,00-0037002,,,Full Participation in Practice,Landon Dickerson,
2024,4,PHI,CB,Darius Slay,00-0030062,,,Full Participation in Practice,Darius Slay,
2024,4,PHI,DT,Milton Williams,00-0036916,,,Full Participation in Practice,Milton Williams,
2024,4,PHI,LB,Devin White,00-0035707,Out,personal matter,"
    ",Devin White,OUT
2024,4,PHI,WR,DeVonta Smith,00-0036912,Out,Concussion,Did Not Participate In Practice,DeVonta Smith,OUT
2024,4,PHI,WR,A.J. Brown,00-0035676,Questionable,Hamstring,Limited Participation in Practice,A.J. Brown,QUESTIONABLE
2024,4,PHI,T,Lane Johnson,00-0030561,Questionable,Concussion,Limited Participation in Practice,Lane Johnson,QUESTIONABLE
2024,4,PIT,S,DeShon Elliott,00-0034277,,,Full Participation in Practice,DeShon Elliott,
2024,4,PIT,RB,Najee Harris,00-0036893,,,Full Participation in Practice,Najee Harris,
2024,4,PIT,DT,Cameron Heyward,00-0027969,,,Full Participation in Practice,Cameron Heyward,
2024,4,PIT,CB,Donte Jackson,00-0034356,,,Full Participation in Practice,Donte Jackson,
2024,4,PIT,WR,Van Jefferson,00-0036415,,,Full Participation in Practice,Van Jefferson,
2024,4,PIT,S,Miles Killebrew,00-0032399,,,Full Participation in Practice,Miles Killebrew,
2024,4,PIT,DT,Larry Ogunjobi,00-0033905,,,Full Participation in Practice,Larry Ogunjobi,
2024,4,PIT,RB,Cordarrelle Patterson,00-0030578,,,Full Participation in Practice,Cordarrelle Patterson,
2024,4,PIT,LB,T.J. Watt,00-0033886,,,Full Participation in Practice,T.J. Watt,
2024,4,PIT,WR,Roman Wilson,00-0039739,,,Full Participation in Practice,Roman Wilson,
2024,4,PIT,LB,Alex Highsmith,00-0036333,Out,Groin,Did Not Participate In Practice,Alex Highsmith,OUT
2024,4,PIT,TE,MyCole Pruitt,00-0031585,Out,Knee,Did Not Participate In Practice,MyCole Pruitt,OUT
2024,4,PIT,RB,Jaylen Warren,00-0037228,Out,Knee,Did Not Participate In Practice,Jaylen Warren,OUT
2024,4,PIT,G,Isaac Seumalo,00-0032954,Doubtful,Pectoral,Limited Participation in Practice,Isaac Seumalo,DOUBTFUL
2024,4,PIT,QB,Russell Wilson,00-0029263,Questionable,Calf,Limited Participation in Practice,Russell Wilson,QUESTIONABLE
2024,4,SEA,WR,Jake Bobo,00-0038752,,,Full Participation in Practice,Jake Bobo,
2024,4,SEA,G,Anthony Bradford,00-0039020,,,Full Participation in Practice,Anthony Bradford,
2024,4,SEA,LB,Tyrel Dodson,00-0035352,,,Full Participation in Practice,Tyrel Dodson,
2024,4,SEA,LB,Derick Hall,00-0039047,,,Full Participation in Practice,Derick Hall,
2024,4,SEA,DT,Johnathan Hankins,00-0030063,,,Full Participation in Practice,Johnathan Hankins,
2024,4,SEA,WR,Tyler Lockett,00-0032211,,,Full Participation in Practice,Tyler Lockett,
2024,4,SEA,RB,Kenny McIntosh,00-0038636,,,Full Participation in Practice,Kenny McIntosh,
2024,4,SEA,WR,DK Metcalf,00-0035640,,,Full Participation in Practice,DK Metcalf,
2024,4,SEA,TE,Brady Russell,00-0038488,,,Full Participation in Practice,Brady Russell,
2024,4,SEA,G,Laken Tomlinson,00-0032234,,,Full Participation in Practice,Laken Tomlinson,
2024,4,SEA,RB,Kenneth Walker,00-0038134,,,Full Participation in Practice,Kenneth Walker,
2024,4,SEA,S,K'Von Wallace,00-0036395,,,Full Participation in Practice,K'Von Wallace,
2024,4,SEA,TE,Pharaoh Brown,00-0033439,,,Limited Participation in Practice,Pharaoh Brown,
2024,4,SEA,TE,Noah Fant,00-0035644,,,Limited Participation in Practice,Noah Fant,
2024,4,SEA,LB,Boye Mafe,00-0038133,Out,Knee,Did Not Participate In Practice,Boye Mafe,OUT
2024,4,SEA,DT,Byron Murphy,00-0039309,Out,Hamstring,Did Not Participate In Practice,Byron Murphy,OUT
2024,4,SEA,DT,Leonard Williams,00-0031933,Out,Ribs,Did Not Participate In Practice,Leonard Williams,OUT
2024,4,SEA,LB,Uchenna Nwosu,00-0034350,Out,Knee,Limited Participation in Practice,Uchenna Nwosu,OUT
2024,4,SEA,LB,Jerome Baker,00-0034797,Questionable,Hamstring,Limited Participation in Practice,Jerome Baker,QUESTIONABLE
2024,4,SF,CB,Charvarius Ward,00-0034573,,,Did Not Participate In Practice,Charvarius Ward,
2024,4,SF,WR,Jacob Cowing,00-0039365,,,Full Participation in Practice,Jacob Cowing,
2024,4,SF,TE,George Kittle,00-0033288,,,Full Participation in Practice,George Kittle,
2024,4,SF,QB,Brock Purdy,00-0037834,,,Full Participation in Practice,Brock Purdy,
2024,4,SF,DT,Javon Hargrave,00-0033109,Out,Triceps,Did Not Participate In Practice,Javon Hargrave,OUT
2024,4,SF,LB,Curtis Robinson,00-0036728,Out,Knee,Did Not Participate In Practice,Curtis Robinson,OUT
2024,4,SF,S,Talanoa Hufanga,00-0036564,Questionable,Ankle,Did Not Participate In Practice,Talanoa Hufanga,QUESTIONABLE
2024,4,SF,T,Trent Williams,00-0027857,Questionable,Illness,Did Not Participate In Practice,Trent Williams,QUESTIONABLE
2024,4,SF,DT,Jordan Elliott,00-0036266,Questionable,Foot,Limited Participation in Practice,Jordan Elliott,QUESTIONABLE
2024,4,SF,WR,Deebo Samuel,00-0035719,Questionable,Calf,Limited Participation in Practice,Deebo Samuel,QUESTIONABLE
2024,4,SF,LB,Dee Winters,00-0038625,Questionable,Ankle,Limited Participation in Practice,Dee Winters,QUESTIONABLE
2024,4,TB,LB,Lavonte David,00-0029562,,,Did Not Participate In Practice,Lavonte David,
2024,4,TB,WR,Mike Evans,00-0031408,,,Did Not Participate In Practice,Mike Evans,
2024,4,TB,C,Graham Barton,00-0039905,,,Full Participation in Practice,Graham Barton,
2024,4,TB,LB,K.J. Britt,00-0036643,,,Full Participation in Practice,K.J. Britt,
2024,4,TB,CB,Jamel Dean,00-0035699,,,Full Participation in Practice,Jamel Dean,
2024,4,TB,LB,YaYa Diaby,00-0039068,,,Full Participation in Practice,YaYa Diaby,
2024,4,TB,DE,Logan Hall,00-0038127,,,Full Participation in Practice,Logan Hall,
2024,4,TB,DT,Greg Gaines,00-0035667,,,Limited Participation in Practice,Greg Gaines,
2024,4,TB,DE,William Gholston,00-0030386,,,Limited Participation in Practice,William Gholston,
2024,4,TB,WR,Chris Godwin,00-0033921,,,Limited Participation in Practice,Chris Godwin,
2024,4,TB,T,Tristan Wirfs,00-0036406,,,Limited Participation in Practice,Tristan Wirfs,
2024,4,TB,DT,Calijah Kancey,00-0039063,Out,Calf,Did Not Participate In Practice,Calijah Kancey,OUT
2024,4,TB,S,Antoine Winfield,00-0036411,Out,Foot,Did Not Participate In Practice,Antoine Winfield,OUT
2024,4,TB,WR,Jalen McMillan,00-0039855,Doubtful,Hamstring,Limited Participation in Practice,Jalen McMillan,DOUBTFUL
2024,4,TB,RB,Rachaad White,00-0037256,Questionable,Illness,"
    ",Rachaad White,QUESTIONABLE
2024,4,TB,T,Luke Goedeke,00-0037835,Questionable,Concussion,Limited Participation in Practice,Luke Goedeke,QUESTIONABLE
2024,4,TB,RB,Bucky Irving,00-0039361,Questionable,Hamstring,Limited Participation in Practice,Bucky Irving,QUESTIONABLE
2024,4,TB,WR,Kameron Johnson,00-0039589,Questionable,Ankle,Limited Participation in Practice,Kameron Johnson,QUESTIONABLE
2024,4,TB,TE,Ko Kieft,00-0037311,Questionable,Ankle,Limited Participation in Practice,Ko Kieft,QUESTIONABLE
2024,4,TB,DT,Vita Vea,00-0034773,Questionable,Knee,Limited Participation in Practice,Vita Vea,QUESTIONABLE
2024,4,TEN,CB,Chidobe Awuzie,00-0033548,,,Did Not Participate In Practice,Chidobe Awuzie,
2024,4,TEN,T,Jaelyn Duncan,00-0038607,,,Full Participation in Practice,Jaelyn Duncan,
2024,4,TEN,WR,DeAndre Hopkins,00-0030564,,,Full Participation in Practice,DeAndre Hopkins,
2024,4,TEN,DT,Jeffery Simmons,00-0035643,Doubtful,Elbow,Did Not Participate In Practice,Jeffery Simmons,DOUBTFUL
2024,4,TEN,S,Amani Hooker,00-0035632,Questionable,Head,Limited Participation in Practice,Amani Hooker,QUESTIONABLE
2024,4,TEN,CB,L'Jarius Sneed,00-0036374,Questionable,Hamstring,Limited Participation in Practice,L'Jarius Sneed,QUESTIONABLE
2024,4,WAS,TE,Zach Ertz,00-0030061,,,Did Not Participate In Practice,Zach Ertz,
2024,4,WAS,G,Samuel Cosmi,00-0036618,,,Full Participation in Practice,Samuel Cosmi,
2024,4,WAS,CB,Emmanuel Forbes,00-0039151,,,Full Participation in Practice,Emmanuel Forbes,
2024,4,WAS,S,Quan Martin,00-0039149,,,Full Participation in Practice,Quan Martin,
2024,4,WAS,DT,Jer'Zhan Newton,00-0039906,,,Full Participation in Practice,Jer'Zhan Newton,
2024,4,WAS,CB,Benjamin St-Juste,00-0036625,,,Full Participation in Practice,Benjamin St-Juste,
2024,4,WAS,WR,Jamison Crowder,00-0031941,Out,Calf,Did Not Participate In Practice,Jamison Crowder,OUT
2024,4,WAS,RB,Austin Ekeler,00-0033699,Out,Concussion,Did Not Participate In Practice,Austin Ekeler,OUT
2024,4,WAS,DE,Clelin Ferrell,00-0035692,Out,Knee,Did Not Participate In Practice,Clelin Ferrell,OUT
2024,5,ARI,G,Isaiah Adams,00-0039808,Out,Thumb,Did Not Participate In Practice,Isaiah Adams,OUT
2024,5,ARI,CB,Garrett Williams,00-0039007,Out,Groin,Did Not Participate In Practice,Garrett Williams,OUT
2024,5,ARI,TE,Trey McBride,00-0037744,Questionable,Ribs,Full Participation in Practice,Trey McBride,QUESTIONABLE
2024,5,ARI,T,Kelvin Beachum,00-0029316,Questionable,Hamstring,Limited Participation in Practice,Kelvin Beachum,QUESTIONABLE
2024,5,ARI,T,Christian Jones,00-0039382,Questionable,Ankle,Limited Participation in Practice,Christian Jones,QUESTIONABLE
2024,5,ARI,K,Matt Prater,00-0023853,Questionable,Left Knee,Limited Participation in Practice,Matt Prater,QUESTIONABLE
2024,5,ARI,DT,Khyiris Tonga,00-0036909,Questionable,Knee,Limited Participation in Practice,Khyiris Tonga,QUESTIONABLE
2024,5,ATL,WR,Ray-Ray McCloud,00-0034407,,,Full Participation in Practice,Ray-Ray McCloud,
2024,5,ATL,T,Kaleb McGary,00-0035235,,,Full Participation in Practice,Kaleb McGary,
2024,5,ATL,RB,Bijan Robinson,00-0038542,,,Full Participation in Practice,Bijan Robinson,
2024,5,ATL,LB,Troy Andersen,00-0037810,Out,Knee,Did Not Participate In Practice,Troy Andersen,OUT
2024,5,ATL,RB,Jase McClellan,00-0039393,Questionable,Illness,Limited Participation in Practice,Jase McClellan,QUESTIONABLE
2024,5,BAL,LB,Chris Board,00-0034787,,,Full Participation in Practice,Chris Board,
2024,5,BAL,DT,Michael Pierce,00-0032574,,,Full Participation in Practice,Michael Pierce,
2024,5,BAL,DE,Brent Urban,00-0031177,,,Full Participation in Practice,Brent Urban,
2024,5,BAL,CB,Arthur Maulet,00-0033503,Out,Knee,Did Not Participate In Practice,Arthur Maulet,OUT
2024,5,BAL,RB,Rasheen Ali,00-0039796,Questionable,Neck,Full Participation in Practice,Rasheen Ali,QUESTIONABLE
2024,5,BAL,WR,Deonte Harty,00-0035215,Questionable,Knee,Full Participation in Practice,Deonte Harty,QUESTIONABLE
2024,5,BAL,G,Andrew Vorhees,00-0038383,Questionable,Ankle,Full Participation in Practice,Andrew Vorhees,QUESTIONABLE
2024,5,BUF,DT,DaQuan Jones,00-0031054,,,Did Not Participate In Practice,DaQuan Jones,
2024,5,BUF,QB,Josh Allen,00-0034857,,,Full Participation in Practice,Josh Allen,
2024,5,BUF,T,Dion Dawkins,00-0033904,,,Full Participation in Practice,Dion Dawkins,
2024,5,BUF,TE,Quintin Morris,00-0036590,,,Full Participation in Practice,Quintin Morris,
2024,5,BUF,QB,Mitchell Trubisky,00-0033869,,,Full Participation in Practice,Mitchell Trubisky,
2024,5,BUF,DT,Austin Johnson,00-0032763,Out,Oblique,Did Not Participate In Practice,Austin Johnson,OUT
2024,5,BUF,DT,Ed Oliver,00-0035230,Out,Hamstring,Did Not Participate In Practice,Ed Oliver,OUT
2024,5,BUF,S,Taylor Rapp,00-0035663,Out,Concussion,Did Not Participate In Practice,Taylor Rapp,OUT
2024,5,BUF,WR,Khalil Shakir,00-0037261,Out,Ankle,Did Not Participate In Practice,Khalil Shakir,OUT
2024,5,BUF,LB,Terrel Bernard,00-0037254,Questionable,Pectoral,Limited Participation in Practice,Terrel Bernard,QUESTIONABLE
2024,5,BUF,CB,Taron Johnson,00-0034376,Questionable,Forearm,Limited Participation in Practice,Taron Johnson,QUESTIONABLE
2024,5,CAR,LB,Jadeveon Clowney,00-0031364,,,Full Participation in Practice,Jadeveon Clowney,
2024,5,CAR,CB,Troy Hill,00-0031785,,,Full Participation in Practice,Troy Hill,
2024,5,CAR,G,Damien Lewis,00-0036417,,,Full Participation in Practice,Damien Lewis,
2024,5,CAR,T,Taylor Moton,00-0033284,,,Full Participation in Practice,Taylor Moton,
2024,5,CAR,DE,A'Shawn Robinson,00-0032889,,,Full Participation in Practice,A'Shawn Robinson,
2024,5,CAR,RB,Miles Sanders,00-0035243,,,Full Participation in Practice,Miles Sanders,
2024,5,CAR,S,Lonnie Johnson,00-0035244,,,Limited Participation in Practice,Lonnie Johnson,
2024,5,CAR,WR,Diontae Johnson,00-0035216,,,Limited Participation in Practice,Diontae Johnson,
2024,5,CAR,S,Nick Scott,00-0035669,,,Limited Participation in Practice,Nick Scott,
2024,5,CAR,TE,Tommy Tremble,00-0037005,,,Limited Participation in Practice,Tommy Tremble,
2024,5,CAR,LB,Josey Jewell,00-0034368,Out,Hamstring,Did Not Participate In Practice,Josey Jewell,OUT
2024,5,CAR,C,Andrew Raym,00-0039502,Out,Concussion,Did Not Participate In Practice,Andrew Raym,OUT
2024,5,CAR,LB,Shaq Thompson,00-0031550,Out,Achilles,Did Not Participate In Practice,Shaq Thompson,OUT
2024,5,CAR,WR,Jalen Coker,00-0039491,Questionable,Foot,Full Participation in Practice,Jalen Coker,QUESTIONABLE
2024,5,CAR,DE,Charles Harris,00-0033880,Questionable,Shoulder,Full Participation in Practice,Charles Harris,QUESTIONABLE
2024,5,CAR,G,Robert Hunt,00-0036325,Questionable,Hip,Limited Participation in Practice,Robert Hunt,QUESTIONABLE
2024,5,CAR,CB,Dane Jackson,00-0036166,Questionable,Hamstring,Limited Participation in Practice,Dane Jackson,QUESTIONABLE
2024,5,CAR,TE,Ian Thomas,00-0034365,Questionable,Calf,Limited Participation in Practice,Ian Thomas,QUESTIONABLE
2024,5,CAR,DT,Shy Tuttle,00-0035409,Questionable,Foot,Limited Participation in Practice,Shy Tuttle,QUESTIONABLE
2024,5,CHI,DT,Gervon Dexter,00-0039070,,,Full Participation in Practice,Gervon Dexter,
2024,5,CHI,TE,Cole Kmet,00-0036290,,,Full Participation in Practice,Cole Kmet,
2024,5,CHI,TE,Marcedes Lewis,00-0024243,,,Full Participation in Practice,Marcedes Lewis,
2024,5,CHI,DE,Montez Sweat,00-0035647,,,Full Participation in Practice,Montez Sweat,
2024,5,CHI,DT,Zacch Pickens,00-0038937,Out,Groin,Did Not Participate In Practice,Zacch Pickens,OUT
2024,5,CHI,CB,Terell Smith,00-0038395,Out,Hip,Did Not Participate In Practice,Terell Smith,OUT
2024,5,CHI,WR,DeAndre Carter,00-0031763,Questionable,Ribs,Limited Participation in Practice,DeAndre Carter,QUESTIONABLE
2024,5,CHI,T,Teven Jenkins,00-0036953,Questionable,Ribs,Limited Participation in Practice,Teven Jenkins,QUESTIONABLE
2024,5,CIN,QB,Joe Burrow,00-0036442,,,Full Participation in Practice,Joe Burrow,
2024,5,CIN,DE,Trey Hendrickson,00-0033935,,,Full Participation in Practice,Trey Hendrickson,
2024,5,CIN,DT,B.J. Hill,00-0034800,,,Full Participation in Practice,B.J. Hill,
2024,5,CIN,TE,Tanner Hudson,00-0034613,,,Full Participation in Practice,Tanner Hudson,
2024,5,CIN,DT,Kris Jenkins,00-0039908,,,Full Participation in Practice,Kris Jenkins,
2024,5,CIN,LB,Germaine Pratt,00-0035697,,,Full Participation in Practice,Germaine Pratt,
2024,5,CIN,G,Cordell Volson,00-0038095,,,Full Participation in Practice,Cordell Volson,
2024,5,CIN,DT,Sheldon Rankins,00-0032759,Doubtful,Hamstring,Did Not Participate In Practice,Sheldon Rankins,DOUBTFUL
2024,5,CIN,CB,Mike Hilton,00-0032521,Questionable,Knee,Did Not Participate In Practice,Mike Hilton,QUESTIONABLE
2024,5,CIN,DT,McKinnley Jackson,00-0039354,Questionable,Knee,Full Participation in Practice,McKinnley Jackson,QUESTIONABLE
2024,5,CIN,DE,Myles Murphy,00-0038546,Questionable,Knee,Full Participation in Practice,Myles Murphy,QUESTIONABLE
2024,5,CLE,CB,Martin Emerson,00-0037250,,,Full Participation in Practice,Martin Emerson,
2024,5,CLE,DE,Myles Garrett,00-0033868,,,Full Participation in Practice,Myles Garrett,
2024,5,CLE,WR,Jerry Jeudy,00-0036407,,,Full Participation in Practice,Jerry Jeudy,
2024,5,CLE,T,Dawand Jones,00-0039014,,,Full Participation in Practice,Dawand Jones,
2024,5,CLE,CB,Greg Newsome,00-0036996,,,Full Participation in Practice,Greg Newsome,
2024,5,CLE,DE,Ogbonnia Okoronkwo,00-0034807,,,Full Participation in Practice,Ogbonnia Okoronkwo,
2024,5,CLE,LB,Jeremiah Owusu-Koramoah,00-0036915,,,Full Participation in Practice,Jeremiah Owusu-Koramoah,
2024,5,CLE,C,Ethan Pocic,00-0033901,,,Limited Participation in Practice,Ethan Pocic,
2024,5,CLE,DE,Za'Darius Smith,00-0031576,,,Limited Participation in Practice,Za'Darius Smith,
2024,5,CLE,LB,Jordan Hicks,00-0032129,Out,Ribs,Did Not Participate In Practice,Jordan Hicks,OUT
2024,5,CLE,T,James Hudson,00-0036866,Out,Shoulder,Did Not Participate In Practice,James Hudson,OUT
2024,5,CLE,DE,Alex Wright,00-0037251,Out,Triceps,Did Not Participate In Practice,Alex Wright,OUT
2024,5,CLE,RB,Nick Chubb,00-0034791,Out,Knee,Limited Participation in Practice,Nick Chubb,OUT
2024,5,CLE,RB,Nyheim Miller-Hines,00-0034367,Out,Knee,Limited Participation in Practice,Nyheim Miller-Hines,OUT
2024,5,CLE,T,Jack Conklin,00-0033057,Questionable,Hamstring,Limited Participation in Practice,Jack Conklin,QUESTIONABLE
2024,5,CLE,G,Michael Dunn,00-0033995,Questionable,Illness,Limited Participation in Practice,Michael Dunn,QUESTIONABLE
2024,5,CLE,TE,David Njoku,00-0033885,Questionable,Ankle,Limited Participation in Practice,David Njoku,QUESTIONABLE
2024,5,CLE,RB,Pierre Strong,00-0038098,Questionable,Hamstring,Limited Participation in Practice,Pierre Strong,QUESTIONABLE
2024,5,CLE,T,Jedrick Wills,00-0036267,Questionable,Knee,Limited Participation in Practice,Jedrick Wills,QUESTIONABLE
2024,5,DAL,S,Markquese Bell,00-0037561,,,Full Participation in Practice,Markquese Bell,
2024,5,DAL,RB,Rico Dowdle,00-0036139,,,Full Participation in Practice,Rico Dowdle,
2024,5,DAL,RB,Ezekiel Elliott,00-0033045,,,Full Participation in Practice,Ezekiel Elliott,
2024,5,DAL,WR,Ryan Flournoy,00-0039410,,,Full Participation in Practice,Ryan Flournoy,
2024,5,DAL,T,Tyler Guyton,00-0039341,,,Full Participation in Practice,Tyler Guyton,
2024,5,DAL,S,Malik Hooker,00-0033877,,,Limited Participation in Practice,Malik Hooker,
2024,5,DAL,LB,Eric Kendricks,00-0031554,,,Limited Participation in Practice,Eric Kendricks,
2024,5,DAL,CB,Jourdan Lewis,00-0033928,,,Limited Participation in Practice,Jourdan Lewis,
2024,5,DAL,G,Zack Martin,00-0031402,,,Limited Participation in Practice,Zack Martin,
2024,5,DAL,WR,Brandin Cooks,00-0031236,Out,Knee,Did Not Participate In Practice,Brandin Cooks,OUT
2024,5,DAL,DE,Micah Parsons,00-0036932,Out,Ankle,Did Not Participate In Practice,Micah Parsons,OUT
2024,5,DAL,CB,Trevon Diggs,00-0036361,Questionable,Ankle,Did Not Participate In Practice,Trevon Diggs,QUESTIONABLE
2024,5,DAL,CB,Caelen Carson,00-0039387,Questionable,Shoulder,Limited Participation in Practice,Caelen Carson,QUESTIONABLE
2024,5,DAL,LB,Marist Liufau,00-0039352,Questionable,Quadricep,Limited Participation in Practice,Marist Liufau,QUESTIONABLE
2024,5,DEN,WR,Josh Reynolds,00-0033943,,,Full Participation in Practice,Josh Reynolds,
2024,5,DEN,S,J.L. Skinner,00-0038605,,,Full Participation in Practice,J.L. Skinner,
2024,5,DEN,CB,Tremon Smith,00-0034278,,,Full Participation in Practice,Tremon Smith,
2024,5,DEN,RB,Tyler Badie,00-0037085,Out,Back,Did Not Participate In Practice,Tyler Badie,OUT
2024,5,GB,QB,Jordan Love,00-0036264,,,Full Participation in Practice,Jordan Love,
2024,5,GB,DT,Kenny Clark,00-0033120,,,Limited Participation in Practice,Kenny Clark,
2024,5,GB,DT,Devonte Wyatt,00-0037075,Out,Ankle,Did Not Participate In Practice,Devonte Wyatt,OUT
2024,5,GB,WR,Romeo Doubs,00-0037816,Doubtful,Not injury related - personal matter,Did Not Participate In Practice,Romeo Doubs,DOUBTFUL
2024,5,GB,WR,Christian Watson,00-0038124,Doubtful,Ankle,Did Not Participate In Practice,Christian Watson,DOUBTFUL
2024,5,GB,TE,Luke Musgrave,00-0039144,Questionable,Ankle,Did Not Participate In Practice,Luke Musgrave,QUESTIONABLE
2024,5,GB,CB,Jaire Alexander,00-0034728,Questionable,Groin,Limited Participation in Practice,Jaire Alexander,QUESTIONABLE
2024,5,GB,LB,Edgerrin Cooper,00-0039850,Questionable,Hip,Limited Participation in Practice,Edgerrin Cooper,QUESTIONABLE
2024,5,GB,DT,Jonathan Ford,00-0037094,Questionable,Calf,Limited Participation in Practice,Jonathan Ford,QUESTIONABLE
2024,5,GB,G,Elgton Jenkins,00-0035526,Questionable,Knee,Limited Participation in Practice,Elgton Jenkins,QUESTIONABLE
2024,5,GB,T,Jordan Morgan,00-0039904,Questionable,Shoulder,Limited Participation in Practice,Jordan Morgan,QUESTIONABLE
2024,5,GB,CB,Carrington Valentine,00-0038408,Questionable,Ankle,Limited Participation in Practice,Carrington Valentine,QUESTIONABLE
2024,5,HOU,WR,Tank Dell,00-0038977,,,Full Participation in Practice,Tank Dell,
2024,5,HOU,T,Blake Fisher,00-0039857,,,Full Participation in Practice,Blake Fisher,
2024,5,HOU,C,Juice Scruggs,00-0038936,,,Full Participation in Practice,Juice Scruggs,
2024,5,HOU,T,Laremy Tunsil,00-0032380,,,Full Participation in Practice,Laremy Tunsil,
2024,5,HOU,S,Jimmie Ward,00-0031298,,,Full Participation in Practice,Jimmie Ward,
2024,5,HOU,DE,Derek Barnett,00-0033876,Out,Shoulder,Did Not Participate In Practice,Derek Barnett,OUT
2024,5,HOU,DE,Jerry Hughes,00-0027881,Out,Hip,Did Not Participate In Practice,Jerry Hughes,OUT
2024,5,HOU,RB,Joe Mixon,00-0033897,Out,Ankle,Did Not Participate In Practice,Joe Mixon,OUT
2024,5,HOU,LB,Azeez Al-Shaair,00-0035166,Questionable,Illness,"
    ",Azeez Al-Shaair,QUESTIONABLE
2024,5,HOU,LB,Jake Hansen,00-0037457,Questionable,Back,Did Not Participate In Practice,Jake Hansen,QUESTIONABLE
2024,5,HOU,T,Tytus Howard,00-0035234,Questionable,Hamstring,Did Not Participate In Practice,Tytus Howard,QUESTIONABLE
2024,5,HOU,DT,Kurt Hinish,00-0037459,Questionable,Calf,Full Participation in Practice,Kurt Hinish,QUESTIONABLE
2024,5,HOU,DE,Dylan Horton,00-0039009,Questionable,Illness,Full Participation in Practice,Dylan Horton,QUESTIONABLE
2024,5,HOU,RB,Dameon Pierce,00-0037258,Questionable,Hamstring,Limited Participation in Practice,Dameon Pierce,QUESTIONABLE
2024,5,HOU,WR,Robert Woods,00-0030431,Questionable,Foot,Limited Participation in Practice,Robert Woods,QUESTIONABLE
2024,5,IND,DT,Grover Stewart,00-0033952,,,Did Not Participate In Practice,Grover Stewart,
2024,5,IND,LB,Zaire Franklin,00-0034431,,,Full Participation in Practice,Zaire Franklin,
2024,5,IND,LB,Grant Stuard,00-0036672,,,Full Participation in Practice,Grant Stuard,
2024,5,IND,CB,Kenny Moore,00-0033393,Out,Hip,Did Not Participate In Practice,Kenny Moore,OUT
2024,5,IND,DE,Kwity Paye,00-0036479,Out,Quadricep,Did Not Participate In Practice,Kwity Paye,OUT
2024,5,IND,RB,Jonathan Taylor,00-0036223,Out,Ankle,Did Not Participate In Practice,Jonathan Taylor,OUT
2024,5,IND,CB,Samuel Womack,00-0037830,Questionable,Illness,"
    ",Samuel Womack,QUESTIONABLE
2024,5,IND,C,Ryan Kelly,00-0032383,Questionable,Neck,Did Not Participate In Practice,Ryan Kelly,QUESTIONABLE
2024,5,IND,T,Braden Smith,00-0034836,Questionable,Knee,Did Not Participate In Practice,Braden Smith,QUESTIONABLE
2024,5,IND,QB,Anthony Richardson,00-0039164,Questionable,Oblique,Limited Participation in Practice,Anthony Richardson,QUESTIONABLE
2024,5,JAX,DE,Arik Armstead,00-0032164,,,Did Not Participate In Practice,Arik Armstead,
2024,5,JAX,RB,Tank Bigsby,00-0038555,,,Limited Participation in Practice,Tank Bigsby,
2024,5,JAX,WR,Gabe Davis,00-0036196,,,Limited Participation in Practice,Gabe Davis,
2024,5,JAX,RB,Travis Etienne,00-0036973,,,Limited Participation in Practice,Travis Etienne,
2024,5,JAX,DE,Josh Hines-Allen,00-0035642,,,Limited Participation in Practice,Josh Hines-Allen,
2024,5,JAX,CB,Jarrian Jones,00-0039353,,,Limited Participation in Practice,Jarrian Jones,
2024,5,JAX,LB,Yasir Abdullah,00-0038580,Questionable,Neck,Limited Participation in Practice,Yasir Abdullah,QUESTIONABLE
2024,5,JAX,TE,Evan Engram,00-0033881,Questionable,Hamstring,Limited Participation in Practice,Evan Engram,QUESTIONABLE
2024,5,JAX,LB,Devin Lloyd,00-0037244,Questionable,Knee,Limited Participation in Practice,Devin Lloyd,QUESTIONABLE
2024,5,JAX,S,Darnell Savage,00-0034968,Questionable,Quadricep,Limited Participation in Practice,Darnell Savage,QUESTIONABLE
2024,5,JAX,S,Daniel Thomas,00-0036306,Questionable,Hamstring,Limited Participation in Practice,Daniel Thomas,QUESTIONABLE
2024,5,KC,LB,Nick Bolton,00-0036621,,,Full Participation in Practice,Nick Bolton,
2024,5,KC,DE,Michael Danna,00-0036378,,,Full Participation in Practice,Michael Danna,
2024,5,KC,RB,Kareem Hunt,00-0033923,,,Full Participation in Practice,Kareem Hunt,
2024,5,KC,DT,Derrick Nnadi,00-0034818,,,Full Participation in Practice,Derrick Nnadi,
2024,5,KC,RB,Clyde Edwards-Helaire,00-0036360,Doubtful,Illness,Limited Participation in Practice,Clyde Edwards-Helaire,DOUBTFUL
2024,5,KC,WR,Mecole Hardman,00-0035140,Questionable,Knee,Full Participation in Practice,Mecole Hardman,QUESTIONABLE
2024,5,LA,T,Rob Havenstein,00-0032242,,,Did Not Participate In Practice,Rob Havenstein,
2024,5,LA,CB,Tre'Davious White,00-0033884,,,Did Not Participate In Practice,Tre'Davious White,
2024,5,LA,WR,Demarcus Robinson,00-0032775,,,Full Participation in Practice,Demarcus Robinson,
2024,5,LA,CB,Darious Williams,00-0034203,,,Full Participation in Practice,Darious Williams,
2024,5,LA,T,Alaric Jackson,00-0036603,,,Limited Participation in Practice,Alaric Jackson,
2024,5,LA,WR,Cooper Kupp,00-0033908,Out,Ankle,Did Not Participate In Practice,Cooper Kupp,OUT
2024,5,LA,DT,Larrell Murchison,00-0036237,Out,Forearm,Did Not Participate In Practice,Larrell Murchison,OUT
2024,5,LV,CB,Jakorian Bennett,00-0039072,,,Full Participation in Practice,Jakorian Bennett,
2024,5,LV,T,Kolton Miller,00-0034759,,,Full Participation in Practice,Kolton Miller,
2024,5,LV,S,Isaiah Pola-Mao,00-0037512,,,Full Participation in Practice,Isaiah Pola-Mao,
2024,5,LV,G,Cody Whitehair,00-0032768,,,Full Participation in Practice,Cody Whitehair,
2024,5,LV,TE,Brock Bowers,00-0039338,,,Limited Participation in Practice,Brock Bowers,
2024,5,LV,QB,Aidan O'Connell,00-0038579,,,Limited Participation in Practice,Aidan O'Connell,
2024,5,LV,WR,Davante Adams,00-0031381,Out,Hamstring,Did Not Participate In Practice,Davante Adams,OUT
2024,5,LV,LB,Luke Masterson,00-0037517,Out,Knee,Did Not Participate In Practice,Luke Masterson,OUT
2024,5,LV,TE,Michael Mayer,00-0039066,Out,Not injury related - personal matter,Did Not Participate In Practice,Michael Mayer,OUT
2024,5,LV,T,Thayer Munford,00-0037322,Out,Knee,Did Not Participate In Practice,Thayer Munford,OUT
2024,5,LV,CB,Decamerion Richardson,00-0039357,Out,Hamstring,Did Not Participate In Practice,Decamerion Richardson,OUT
2024,5,LV,RB,Zamir White,00-0038040,Out,Groin,Did Not Participate In Practice,Zamir White,OUT
2024,5,LV,S,Trey Taylor,00-0039413,Out,Knee,Limited Participation in Practice,Trey Taylor,OUT
2024,5,LV,DE,Maxx Crosby,00-0034973,Questionable,Ankle,Limited Participation in Practice,Maxx Crosby,QUESTIONABLE
2024,5,LV,LB,Divine Deablo,00-0036990,Questionable,Oblique,Limited Participation in Practice,Divine Deablo,QUESTIONABLE
2024,5,LV,LB,Kana'i Mauga,00-0037383,Questionable,Calf,Limited Participation in Practice,Kana'i Mauga,QUESTIONABLE
2024,5,LV,RB,Tyreik McAllister,00-0037450,Questionable,Shoulder,Limited Participation in Practice,Tyreik McAllister,QUESTIONABLE
2024,5,LV,G,Dylan Parham,00-0037255,Questionable,Achilles,Limited Participation in Practice,Dylan Parham,QUESTIONABLE
2024,5,MIA,LB,Jaelan Phillips,00-0036934,,,Did Not Participate In Practice,Jaelan Phillips,
2024,5,MIA,T,Terron Armstead,00-0030067,,,Full Participation in Practice,Terron Armstead,
2024,5,MIA,WR,Braxton Berrios,00-0034419,,,Full Participation in Practice,Braxton Berrios,
2024,5,MIA,LB,Tyus Bowser,00-0033283,,,Full Participation in Practice,Tyus Bowser,
2024,5,MIA,CB,Kendall Fuller,00-0033084,,,Full Participation in Practice,Kendall Fuller,
2024,5,MIA,LB,David Long,00-0035292,,,Full Participation in Practice,David Long,
2024,5,MIA,RB,Raheem Mostert,00-0031687,,,Full Participation in Practice,Raheem Mostert,
2024,5,MIA,LB,Duke Riley,00-0033549,,,Full Participation in Practice,Duke Riley,
2024,5,MIA,RB,Jeffery Wilson,00-0034115,,,Full Participation in Practice,Jeffery Wilson,
2024,5,MIA,WR,Tyreek Hill,00-0033040,,,Limited Participation in Practice,Tyreek Hill,
2024,5,MIA,DE,Emmanuel Ogbah,00-0033073,,,Limited Participation in Practice,Emmanuel Ogbah,
2024,5,MIA,CB,Jalen Ramsey,00-0033055,,,Limited Participation in Practice,Jalen Ramsey,
2024,5,MIA,WR,Malik Washington,00-0039880,,,Limited Participation in Practice,Malik Washington,
2024,5,MIA,S,Jordan Poyer,00-0030114,Out,Shin,Did Not Participate In Practice,Jordan Poyer,OUT
2024,5,MIA,WR,Odell Beckham,00-0031235,Questionable,Knee,Full Participation in Practice,Odell Beckham,QUESTIONABLE
2024,5,MIA,CB,Cam Smith,00-0039133,Questionable,Hamstring,Full Participation in Practice,Cam Smith,QUESTIONABLE
2024,5,MIA,QB,Skylar Thompson,00-0037327,Questionable,Ribs,Limited Participation in Practice,Skylar Thompson,QUESTIONABLE
2024,5,MIN,CB,Stephon Gilmore,00-0029542,,,Did Not Participate In Practice,Stephon Gilmore,
2024,5,MIN,S,Harrison Smith,00-0029606,,,Did Not Participate In Practice,Harrison Smith,
2024,5,MIN,QB,Sam Darnold,00-0034869,,,Full Participation in Practice,Sam Darnold,
2024,5,MIN,CB,Akayleb Evans,00-0038101,,,Full Participation in Practice,Akayleb Evans,
2024,5,MIN,TE,Josh Oliver,00-0035249,,,Full Participation in Practice,Josh Oliver,
2024,5,MIN,LB,Ivan Pace,00-0038807,,,Full Participation in Practice,Ivan Pace,
2024,5,MIN,WR,Brandon Powell,00-0034646,,,Full Participation in Practice,Brandon Powell,
2024,5,MIN,TE,T.J. Hockenson,00-0035229,Out,Knee,Limited Participation in Practice,T.J. Hockenson,OUT
2024,5,NE,C,David Andrews,00-0031852,,,Did Not Participate In Practice,David Andrews,
2024,5,NE,T,Caedan Wallace,00-0039863,,,Did Not Participate In Practice,Caedan Wallace,
2024,5,NE,TE,Jaheim Bell,00-0039420,,,Full Participation in Practice,Jaheim Bell,
2024,5,NE,LB,Sione Takitaki,00-0035646,Doubtful,Knee,Limited Participation in Practice,Sione Takitaki,DOUBTFUL
2024,5,NE,S,Kyle Dugger,00-0036231,Questionable,Ankle,Did Not Participate In Practice,Kyle Dugger,QUESTIONABLE
2024,5,NE,WR,K.J. Osborn,00-0036345,Questionable,Shoulder,Did Not Participate In Practice,K.J. Osborn,QUESTIONABLE
2024,5,NE,WR,Kendrick Bourne,00-0033307,Questionable,Knee,Limited Participation in Practice,Kendrick Bourne,QUESTIONABLE
2024,5,NE,LB,Anfernee Jennings,00-0036193,Questionable,Shoulder,Limited Participation in Practice,Anfernee Jennings,QUESTIONABLE
2024,5,NE,CB,Jonathan Jones,00-0032580,Questionable,Shoulder,Limited Participation in Practice,Jonathan Jones,QUESTIONABLE
2024,5,NE,CB,Marcus Jones,00-0037253,Questionable,Groin,Limited Participation in Practice,Marcus Jones,QUESTIONABLE
2024,5,NE,G,Michael Jordan,00-0035266,Questionable,Ankle,Limited Participation in Practice,Michael Jordan,QUESTIONABLE
2024,5,NE,C,Nick Leverett,00-0036105,Questionable,Ankle,Limited Participation in Practice,Nick Leverett,QUESTIONABLE
2024,5,NE,T,Vederian Lowe,00-0037287,Questionable,Knee,Limited Participation in Practice,Vederian Lowe,QUESTIONABLE
2024,5,NE,S,Marte Mapu,00-0039054,Questionable,Calf,Limited Participation in Practice,Marte Mapu,QUESTIONABLE
2024,5,NE,S,Jabrill Peppers,00-0033883,Questionable,Shoulder,Limited Participation in Practice,Jabrill Peppers,QUESTIONABLE
2024,5,NE,G,Layden Robinson,00-0039887,Questionable,Ankle,Limited Participation in Practice,Layden Robinson,QUESTIONABLE
2024,5,NO,DT,Bryan Bresee,00-0038995,,,Full Participation in Practice,Bryan Bresee,
2024,5,NO,LB,Demario Davis,00-0029607,,,Full Participation in Practice,Demario Davis,
2024,5,NO,K,Blake Grupe,00-0038905,,,Full Participation in Practice,Blake Grupe,
2024,5,NO,TE,Juwan Johnson,00-0036040,,,Full Participation in Practice,Juwan Johnson,
2024,5,NO,RB,Alvin Kamara,00-0033906,,,Full Participation in Practice,Alvin Kamara,
2024,5,NO,WR,Chris Olave,00-0037239,,,Full Participation in Practice,Chris Olave,
2024,5,NO,WR,Cedrick Wilson,00-0034418,,,Full Participation in Practice,Cedrick Wilson,
2024,5,NO,T,Taliese Fuaga,00-0039339,,,Limited Participation in Practice,Taliese Fuaga,
2024,5,NO,WR,A.T. Perry,00-0038612,,,Limited Participation in Practice,A.T. Perry,
2024,5,NO,LB,Willie Gay,00-0036362,Out,Hand,Did Not Participate In Practice,Willie Gay,OUT
2024,5,NO,TE,Taysom Hill,00-0033357,Out,Rib,Did Not Participate In Practice,Taysom Hill,OUT
2024,5,NO,G,Shane Lemieux,00-0036397,Out,Ankle,Did Not Participate In Practice,Shane Lemieux,OUT
2024,5,NO,C,Cesar Ruiz,00-0036408,Out,Knee,Did Not Participate In Practice,Cesar Ruiz,OUT
2024,5,NO,DE,Payton Turner,00-0036926,Out,Knee,Did Not Participate In Practice,Payton Turner,OUT
2024,5,NO,RB,Kendre Miller,00-0038551,Doubtful,Hamstring,Full Participation in Practice,Kendre Miller,DOUBTFUL
2024,5,NO,G,Lucas Patrick,00-0033082,Questionable,Groin,Did Not Participate In Practice,Lucas Patrick,QUESTIONABLE
2024,5,NO,LB,Pete Werner,00-0036927,Questionable,Hamstring,Limited Participation in Practice,Pete Werner,QUESTIONABLE
2024,5,NYG,LB,Brian Burns,00-0035713,,,Limited Participation in Practice,Brian Burns,
2024,5,NYG,WR,Wan'Dale Robinson,00-0038117,,,Limited Participation in Practice,Wan'Dale Robinson,
2024,5,NYG,WR,Malik Nabers,00-0039337,Out,Concussion,Did Not Participate In Practice,Malik Nabers,OUT
2024,5,NYG,RB,Devin Singletary,00-0035250,Doubtful,Groin,Limited Participation in Practice,Devin Singletary,DOUBTFUL
2024,5,NYG,LB,Matthew Adams,00-0034424,Questionable,Quadricep,Full Participation in Practice,Matthew Adams,QUESTIONABLE
2024,5,NYG,CB,Adoree' Jackson,00-0033878,Questionable,Calf,Limited Participation in Practice,Adoree' Jackson,QUESTIONABLE
2024,5,NYG,CB,Andru Phillips,00-0039821,Questionable,Calf,Limited Participation in Practice,Andru Phillips,QUESTIONABLE
2024,5,NYJ,QB,Aaron Rodgers,00-0023459,,,Full Participation in Practice,Aaron Rodgers,
2024,5,NYJ,T,Tyron Smith,00-0027947,,,Full Participation in Practice,Tyron Smith,
2024,5,NYJ,G,Alijah Vera-Tucker,00-0036979,,,Full Participation in Practice,Alijah Vera-Tucker,
2024,5,NYJ,T,Morgan Moses,00-0031330,Out,Knee,Did Not Participate In Practice,Morgan Moses,OUT
2024,5,NYJ,DT,Leki Fotu,00-0036371,Doubtful,Hamstring,Limited Participation in Practice,Leki Fotu,DOUBTFUL
2024,5,NYJ,LB,C.J. Mosley,00-0031296,Doubtful,Toe,Limited Participation in Practice,C.J. Mosley,DOUBTFUL
2024,5,PIT,DT,Keeanu Benton,00-0039110,,,Full Participation in Practice,Keeanu Benton,
2024,5,PIT,LB,Nick Herbig,00-0038577,,,Full Participation in Practice,Nick Herbig,
2024,5,PIT,DT,Cameron Heyward,00-0027969,,,Full Participation in Practice,Cameron Heyward,
2024,5,PIT,G,Isaac Seumalo,00-0032954,,,Limited Participation in Practice,Isaac Seumalo,
2024,5,PIT,LB,Alex Highsmith,00-0036333,Out,Groin,Did Not Participate In Practice,Alex Highsmith,OUT
2024,5,PIT,RB,Cordarrelle Patterson,00-0030578,Out,Ankle,Did Not Participate In Practice,Cordarrelle Patterson,OUT
2024,5,PIT,TE,MyCole Pruitt,00-0031585,Out,Knee,Did Not Participate In Practice,MyCole Pruitt,OUT
2024,5,PIT,RB,Jaylen Warren,00-0037228,Out,Knee,Did Not Participate In Practice,Jaylen Warren,OUT
2024,5,PIT,LB,Jeremiah Moon,00-0037179,Questionable,Ankle,Full Participation in Practice,Jeremiah Moon,QUESTIONABLE
2024,5,PIT,DT,Larry Ogunjobi,00-0033905,Questionable,Groin,Limited Participation in Practice,Larry Ogunjobi,QUESTIONABLE
2024,5,PIT,QB,Russell Wilson,00-0029263,Questionable,Calf,Limited Participation in Practice,Russell Wilson,QUESTIONABLE
2024,5,SEA,LB,Tyrice Knight,00-0039815,,,Did Not Participate In Practice,Tyrice Knight,
2024,5,SEA,LB,Jerome Baker,00-0034797,,,Full Participation in Practice,Jerome Baker,
2024,5,SEA,G,Anthony Bradford,00-0039020,,,Full Participation in Practice,Anthony Bradford,
2024,5,SEA,LB,Tyrel Dodson,00-0035352,,,Full Participation in Practice,Tyrel Dodson,
2024,5,SEA,LB,Derick Hall,00-0039047,,,Full Participation in Practice,Derick Hall,
2024,5,SEA,DT,Johnathan Hankins,00-0030063,,,Full Participation in Practice,Johnathan Hankins,
2024,5,SEA,S,Rayshawn Jenkins,00-0033941,,,Full Participation in Practice,Rayshawn Jenkins,
2024,5,SEA,WR,Tyler Lockett,00-0032211,,,Full Participation in Practice,Tyler Lockett,
2024,5,SEA,WR,DK Metcalf,00-0035640,,,Full Participation in Practice,DK Metcalf,
2024,5,SEA,TE,Brady Russell,00-0038488,,,Full Participation in Practice,Brady Russell,
2024,5,SEA,RB,Kenneth Walker,00-0038134,,,Full Participation in Practice,Kenneth Walker,
2024,5,SEA,S,K'Von Wallace,00-0036395,,,Full Participation in Practice,K'Von Wallace,
2024,5,SEA,TE,Pharaoh Brown,00-0033439,,,Limited Participation in Practice,Pharaoh Brown,
2024,5,SEA,TE,Noah Fant,00-0035644,,,Limited Participation in Practice,Noah Fant,
2024,5,SEA,LB,Uchenna Nwosu,00-0034350,,,Limited Participation in Practice,Uchenna Nwosu,
2024,5,SEA,DT,Leonard Williams,00-0031933,,,Limited Participation in Practice,Leonard Williams,
2024,5,SEA,DT,Byron Murphy,00-0039309,Out,Hamstring,Did Not Participate In Practice,Byron Murphy,OUT
2024,5,SEA,DT,Cameron Young,00-0038572,Out,Knee,Limited Participation in Practice,Cameron Young,OUT
2024,5,SEA,S,Julian Love,00-0034974,Questionable,Thigh,Full Participation in Practice,Julian Love,QUESTIONABLE
2024,5,SEA,LB,Boye Mafe,00-0038133,Questionable,Knee,Limited Participation in Practice,Boye Mafe,QUESTIONABLE
2024,5,SF,DT,Jordan Elliott,00-0036266,,,Full Participation in Practice,Jordan Elliott,
2024,5,SF,DT,Kevin Givens,00-0035026,,,Full Participation in Practice,Kevin Givens,
2024,5,SF,S,Talanoa Hufanga,00-0036564,,,Full Participation in Practice,Talanoa Hufanga,
2024,5,SF,FB,Kyle Juszczyk,00-0029892,,,Full Participation in Practice,Kyle Juszczyk,
2024,5,SF,T,Trent Williams,00-0027857,,,Full Participation in Practice,Trent Williams,
2024,5,SF,LB,Dee Winters,00-0038625,,,Full Participation in Practice,Dee Winters,
2024,5,SF,LB,Demetrius Flannigan-Fowles,00-0035020,Out,Calf,Did Not Participate In Practice,Demetrius Flannigan-Fowles,OUT
2024,5,SF,DE,Yetur Gross-Matos,00-0036288,Out,Knee,Did Not Participate In Practice,Yetur Gross-Matos,OUT
2024,5,SF,WR,Chris Conley,00-0032128,Doubtful,Oblique,Did Not Participate In Practice,Chris Conley,DOUBTFUL
2024,5,SF,CB,Isaac Yiadom,00-0034780,Questionable,Thigh,Did Not Participate In Practice,Isaac Yiadom,QUESTIONABLE
2024,5,SF,DT,Kalia Davis,00-0037832,Questionable,Knee,Full Participation in Practice,Kalia Davis,QUESTIONABLE
2024,5,SF,WR,Jacob Cowing,00-0039365,Questionable,Shoulder,Limited Participation in Practice,Jacob Cowing,QUESTIONABLE
2024,5,SF,TE,George Kittle,00-0033288,Questionable,Ribs,Limited Participation in Practice,George Kittle,QUESTIONABLE
2024,5,SF,LB,Fred Warner,00-0034815,Questionable,Ankle,Limited Participation in Practice,Fred Warner,QUESTIONABLE
2024,5,TB,LB,SirVocea Dennis,00-0039049,,,Did Not Participate In Practice,SirVocea Dennis,
2024,5,TB,C,Graham Barton,00-0039905,,,Full Participation in Practice,Graham Barton,
2024,5,TB,DT,Greg Gaines,00-0035667,,,Full Participation in Practice,Greg Gaines,
2024,5,TB,DE,Logan Hall,00-0038127,,,Full Participation in Practice,Logan Hall,
2024,5,TB,WR,Kameron Johnson,00-0039589,,,Full Participation in Practice,Kameron Johnson,
2024,5,TB,TE,Ko Kieft,00-0037311,,,Full Participation in Practice,Ko Kieft,
2024,5,TB,DT,Vita Vea,00-0034773,,,Full Participation in Practice,Vita Vea,
2024,5,TB,WR,Mike Evans,00-0031408,,,Limited Participation in Practice,Mike Evans,
2024,5,TB,DE,William Gholston,00-0030386,,,Limited Participation in Practice,William Gholston,
2024,5,TB,T,Tristan Wirfs,00-0036406,,,Limited Participation in Practice,Tristan Wirfs,
2024,5,TB,DT,Calijah Kancey,00-0039063,Out,Calf,Did Not Participate In Practice,Calijah Kancey,OUT
2024,5,TB,WR,Jalen McMillan,00-0039855,Out,Hamstring,Did Not Participate In Practice,Jalen McMillan,OUT
2024,5,TB,WR,Trey Palmer,00-0039052,Out,Concussion,Did Not Participate In Practice,Trey Palmer,OUT
2024,5,TB,G,Luke Goedeke,00-0037835,Out,Concussion,Limited Participation in Practice,Luke Goedeke,OUT
2024,5,TB,S,Antoine Winfield,00-0036411,Out,Foot,Limited Participation in Practice,Antoine Winfield,OUT
2024,5,WAS,TE,Zach Ertz,00-0030061,,,Did Not Participate In Practice,Zach Ertz,
2024,5,WAS,RB,Austin Ekeler,00-0033699,,,Full Participation in Practice,Austin Ekeler,
2024,5,WAS,CB,Emmanuel Forbes,00-0039151,,,Full Participation in Practice,Emmanuel Forbes,
2024,5,WAS,LB,Dominique Hampton,00-0039381,,,Full Participation in Practice,Dominique Hampton,
2024,5,WAS,S,Quan Martin,00-0039149,,,Full Participation in Practice,Quan Martin,
2024,5,WAS,DT,Jer'Zhan Newton,00-0039906,,,Full Participation in Practice,Jer'Zhan Newton,
2024,5,WAS,WR,Noah Brown,00-0033591,Out,Groin,Did Not Participate In Practice,Noah Brown,OUT
2024,5,WAS,DE,Clelin Ferrell,00-0035692,Out,Knee,Did Not Participate In Practice,Clelin Ferrell,OUT
2024,5,WAS,LB,Jordan Magee,00-0039368,Doubtful,Knee,Full Participation in Practice,Jordan Magee,DOUBTFUL
2024,5,WAS,DE,Efe Obada,00-0031500,Doubtful,Tibia,Full Participation in Practice,Efe Obada,DOUBTFUL
2024,5,WAS,S,Tyler Owens,00-0039681,Questionable,Shin,Did Not Participate In Practice,Tyler Owens,QUESTIONABLE
2024,5,WAS,QB,Marcus Mariota,00-0032268,Questionable,Pectoral,Full Participation in Practice,Marcus Mariota,QUESTIONABLE
2024,5,WAS,G,Nick Allegretti,00-0035149,Questionable,Ankle,Limited Participation in Practice,Nick Allegretti,QUESTIONABLE
2024,5,WAS,S,Percy Butler,00-0038100,Questionable,Groin,Limited Participation in Practice,Percy Butler,QUESTIONABLE
2024,5,WAS,RB,Brian Robinson,00-0037746,Questionable,Knee,Limited Participation in Practice,Brian Robinson,QUESTIONABLE
2024,6,ARI,G,Isaiah Adams,00-0039808,,,Full Participation in Practice,Isaiah Adams,
2024,6,ARI,G,Evan Brown,00-0034495,,,Full Participation in Practice,Evan Brown,
2024,6,ARI,LB,Jesse Luketa,00-0037330,,,Full Participation in Practice,Jesse Luketa,
2024,6,ARI,DT,Bilal Nichols,00-0034387,,,Full Participation in Practice,Bilal Nichols,
2024,6,ARI,DT,Darius Robinson,00-0039854,Out,Calf,Did Not Participate In Practice,Darius Robinson,OUT
2024,6,ARI,WR,Zay Jones,00-0033891,Out,Not injury related - other,Limited Participation in Practice,Zay Jones,OUT
2024,6,ARI,T,Christian Jones,00-0039382,Questionable,Ankle,Full Participation in Practice,Christian Jones,QUESTIONABLE
2024,6,ARI,T,Kelvin Beachum,00-0029316,Questionable,Hamstring,Limited Participation in Practice,Kelvin Beachum,QUESTIONABLE
2024,6,ARI,K,Matt Prater,00-0023853,Questionable,Left Knee,Limited Participation in Practice,Matt Prater,QUESTIONABLE
2024,6,ARI,CB,Garrett Williams,00-0039007,Questionable,Groin,Limited Participation in Practice,Garrett Williams,QUESTIONABLE
2024,6,ATL,CB,Dee Alford,00-0037034,,,Full Participation in Practice,Dee Alford,
2024,6,ATL,WR,Darnell Mooney,00-0036309,,,Full Participation in Practice,Darnell Mooney,
2024,6,ATL,RB,Bijan Robinson,00-0038542,,,Full Participation in Practice,Bijan Robinson,
2024,6,ATL,DE,Ta'Quon Graham,00-0036948,,,Limited Participation in Practice,Ta'Quon Graham,
2024,6,ATL,DT,Grady Jarrett,00-0031583,,,Limited Participation in Practice,Grady Jarrett,
2024,6,ATL,LB,Matt Judon,00-0032415,,,Limited Participation in Practice,Matt Judon,
2024,6,ATL,T,Jake Matthews,00-0031279,,,Limited Participation in Practice,Jake Matthews,
2024,6,ATL,T,Kaleb McGary,00-0035235,,,Limited Participation in Practice,Kaleb McGary,
2024,6,ATL,DT,David Onyemata,00-0033051,,,Limited Participation in Practice,David Onyemata,
2024,6,ATL,LB,Troy Andersen,00-0037810,Out,Knee,Did Not Participate In Practice,Troy Andersen,OUT
2024,6,ATL,LB,Nate Landman,00-0037587,Questionable,Calf,Limited Participation in Practice,Nate Landman,QUESTIONABLE
2024,6,BAL,WR,Rashod Bateman,00-0036550,,,Full Participation in Practice,Rashod Bateman,
2024,6,BAL,TE,Charlie Kolar,00-0038046,,,Full Participation in Practice,Charlie Kolar,
2024,6,BAL,T,Roger Rosengarten,00-0039233,,,Full Participation in Practice,Roger Rosengarten,
2024,6,BAL,G,Andrew Vorhees,00-0038383,,,Full Participation in Practice,Andrew Vorhees,
2024,6,BAL,LB,Malik Harrison,00-0036280,Out,Groin,Did Not Participate In Practice,Malik Harrison,OUT
2024,6,BAL,CB,Arthur Maulet,00-0033503,Out,Knee,Did Not Participate In Practice,Arthur Maulet,OUT
2024,6,BAL,DE,Broderick Washington,00-0036081,Out,Knee,Did Not Participate In Practice,Broderick Washington,OUT
2024,6,BAL,RB,Rasheen Ali,00-0039796,Questionable,Neck,Full Participation in Practice,Rasheen Ali,QUESTIONABLE
2024,6,BAL,WR,Deonte Harty,00-0035215,Questionable,Knee,Full Participation in Practice,Deonte Harty,QUESTIONABLE
2024,6,BAL,G,Sala Aumavae-Laulu,00-0038382,Questionable,Back,Limited Participation in Practice,Sala Aumavae-Laulu,QUESTIONABLE
2024,6,BAL,CB,Marlon Humphrey,00-0033281,Questionable,Ankle,Limited Participation in Practice,Marlon Humphrey,QUESTIONABLE
2024,6,BAL,T,Ronnie Stanley,00-0032965,Questionable,Toe,Limited Participation in Practice,Ronnie Stanley,QUESTIONABLE
2024,6,BUF,QB,Josh Allen,00-0034857,,,Full Participation in Practice,Josh Allen,
2024,6,BUF,LB,Terrel Bernard,00-0037254,,,Full Participation in Practice,Terrel Bernard,
2024,6,BUF,LS,Reid Ferguson,00-0032497,,,Full Participation in Practice,Reid Ferguson,
2024,6,BUF,WR,Mack Hollins,00-0033555,,,Full Participation in Practice,Mack Hollins,
2024,6,BUF,DT,DaQuan Jones,00-0031054,,,Full Participation in Practice,DaQuan Jones,
2024,6,BUF,TE,Quintin Morris,00-0036590,,,Full Participation in Practice,Quintin Morris,
2024,6,BUF,S,Taylor Rapp,00-0035663,,,Full Participation in Practice,Taylor Rapp,
2024,6,BUF,WR,Curtis Samuel,00-0033282,,,Full Participation in Practice,Curtis Samuel,
2024,6,BUF,DE,Javon Solomon,00-0039879,,,Full Participation in Practice,Javon Solomon,
2024,6,BUF,QB,Mitchell Trubisky,00-0033869,,,Full Participation in Practice,Mitchell Trubisky,
2024,6,BUF,DT,Ed Oliver,00-0035230,Out,Hamstring,Did Not Participate In Practice,Ed Oliver,OUT
2024,6,BUF,RB,Darrynton Evans,00-0036297,Out,Hamstring,Full Participation in Practice,Darrynton Evans,OUT
2024,6,BUF,RB,James Cook,00-0037248,Questionable,Toe,Limited Participation in Practice,James Cook,QUESTIONABLE
2024,6,BUF,CB,Taron Johnson,00-0034376,Questionable,Forearm,Limited Participation in Practice,Taron Johnson,QUESTIONABLE
2024,6,BUF,DT,Austin Johnson,00-0032763,Questionable,Oblique,Limited Participation in Practice,Austin Johnson,QUESTIONABLE
2024,6,BUF,WR,Khalil Shakir,00-0037261,Questionable,Ankle,Limited Participation in Practice,Khalil Shakir,QUESTIONABLE
2024,6,CAR,T,Ikem Ekwonu,00-0037229,,,Full Participation in Practice,Ikem Ekwonu,
2024,6,CAR,WR,Xavier Legette,00-0039342,,,Full Participation in Practice,Xavier Legette,
2024,6,CAR,C,Austin Corbett,00-0034261,Out,Biceps,Did Not Participate In Practice,Austin Corbett,OUT
2024,6,CAR,LB,Josey Jewell,00-0034368,Out,Hamstring,Did Not Participate In Practice,Josey Jewell,OUT
2024,6,CAR,T,Taylor Moton,00-0033284,Out,Elbow,Did Not Participate In Practice,Taylor Moton,OUT
2024,6,CAR,C,Andrew Raym,00-0039502,Out,Concussion,Did Not Participate In Practice,Andrew Raym,OUT
2024,6,CAR,TE,Tommy Tremble,00-0037005,Out,Concussion,Did Not Participate In Practice,Tommy Tremble,OUT
2024,6,CAR,LB,Jadeveon Clowney,00-0031364,Doubtful,Shoulder,Did Not Participate In Practice,Jadeveon Clowney,DOUBTFUL
2024,6,CAR,CB,Dane Jackson,00-0036166,Questionable,Hamstring,Limited Participation in Practice,Dane Jackson,QUESTIONABLE
2024,6,CAR,WR,Diontae Johnson,00-0035216,Questionable,Ankle,Limited Participation in Practice,Diontae Johnson,QUESTIONABLE
2024,6,CAR,DE,A'Shawn Robinson,00-0032889,Questionable,Ankle,Limited Participation in Practice,A'Shawn Robinson,QUESTIONABLE
2024,6,CAR,TE,Ian Thomas,00-0034365,Questionable,Calf,Limited Participation in Practice,Ian Thomas,QUESTIONABLE
2024,6,CHI,CB,Kyler Gordon,00-0038111,,,Full Participation in Practice,Kyler Gordon,
2024,6,CHI,TE,Marcedes Lewis,00-0024243,,,Full Participation in Practice,Marcedes Lewis,
2024,6,CHI,S,Jaquan Brisker,00-0038135,Out,Concussion,Did Not Participate In Practice,Jaquan Brisker,OUT
2024,6,CHI,DT,Zacch Pickens,00-0038937,Out,Groin,Did Not Participate In Practice,Zacch Pickens,OUT
2024,6,CHI,CB,Terell Smith,00-0038395,Out,Hip,Did Not Participate In Practice,Terell Smith,OUT
2024,6,CHI,CB,Tyrique Stevenson,00-0039071,Doubtful,Calf,Did Not Participate In Practice,Tyrique Stevenson,DOUBTFUL
2024,6,CHI,DE,Jake Martin,00-0034163,Questionable,Toe,Full Participation in Practice,Jake Martin,QUESTIONABLE
2024,6,CHI,T,Teven Jenkins,00-0036953,Questionable,Ankle,Limited Participation in Practice,Teven Jenkins,QUESTIONABLE
2024,6,CIN,QB,Joe Burrow,00-0036442,,,Full Participation in Practice,Joe Burrow,
2024,6,CIN,TE,Mike Gesicki,00-0034829,,,Full Participation in Practice,Mike Gesicki,
2024,6,CIN,DT,Kris Jenkins,00-0039908,,,Full Participation in Practice,Kris Jenkins,
2024,6,CIN,T,Amarius Mims,00-0039925,,,Full Participation in Practice,Amarius Mims,
2024,6,CIN,RB,Zack Moss,00-0036251,,,Full Participation in Practice,Zack Moss,
2024,6,CIN,DE,Joseph Ossai,00-0036902,,,Full Participation in Practice,Joseph Ossai,
2024,6,CIN,DT,Sheldon Rankins,00-0032759,,,Full Participation in Practice,Sheldon Rankins,
2024,6,CIN,CB,D.J. Ivey,00-0038642,Doubtful,Knee,Full Participation in Practice,D.J. Ivey,DOUBTFUL
2024,6,CIN,CB,Mike Hilton,00-0032521,Questionable,Knee,Full Participation in Practice,Mike Hilton,QUESTIONABLE
2024,6,CIN,RB,Chase Brown,00-0038597,Questionable,Quadricep,Limited Participation in Practice,Chase Brown,QUESTIONABLE
2024,6,CLE,T,Jack Conklin,00-0033057,,,Full Participation in Practice,Jack Conklin,
2024,6,CLE,WR,Amari Cooper,00-0031544,,,Full Participation in Practice,Amari Cooper,
2024,6,CLE,RB,D'Onta Foreman,00-0033925,,,Full Participation in Practice,D'Onta Foreman,
2024,6,CLE,DE,Myles Garrett,00-0033868,,,Full Participation in Practice,Myles Garrett,
2024,6,CLE,WR,Jerry Jeudy,00-0036407,,,Full Participation in Practice,Jerry Jeudy,
2024,6,CLE,DE,Ogbonnia Okoronkwo,00-0034807,,,Full Participation in Practice,Ogbonnia Okoronkwo,
2024,6,CLE,RB,Pierre Strong,00-0038098,,,Full Participation in Practice,Pierre Strong,
2024,6,CLE,T,Jedrick Wills,00-0036267,,,Full Participation in Practice,Jedrick Wills,
2024,6,CLE,G,Zak Zinter,00-0039350,,,Full Participation in Practice,Zak Zinter,
2024,6,CLE,TE,David Njoku,00-0033885,,,Limited Participation in Practice,David Njoku,
2024,6,CLE,DE,Za'Darius Smith,00-0031576,,,Limited Participation in Practice,Za'Darius Smith,
2024,6,CLE,S,Grant Delpit,00-0036282,Out,Concussion,Did Not Participate In Practice,Grant Delpit,OUT
2024,6,CLE,S,Ronnie Hickman,00-0038715,Out,Ankle,Did Not Participate In Practice,Ronnie Hickman,OUT
2024,6,CLE,T,James Hudson,00-0036866,Out,Shoulder,Did Not Participate In Practice,James Hudson,OUT
2024,6,CLE,C,Ethan Pocic,00-0033901,Out,Knee,Did Not Participate In Practice,Ethan Pocic,OUT
2024,6,CLE,RB,Nick Chubb,00-0034791,Out,Knee,Limited Participation in Practice,Nick Chubb,OUT
2024,6,CLE,RB,Nyheim Miller-Hines,00-0034367,Out,Knee,Limited Participation in Practice,Nyheim Miller-Hines,OUT
2024,6,CLE,LB,Mohamoud Diabate,00-0038711,Questionable,Hip,Full Participation in Practice,Mohamoud Diabate,QUESTIONABLE
2024,6,CLE,DT,Maurice Hurst,00-0034746,Questionable,Ankle,Full Participation in Practice,Maurice Hurst,QUESTIONABLE
2024,6,CLE,LB,Jordan Hicks,00-0032129,Questionable,Elbow,Limited Participation in Practice,Jordan Hicks,QUESTIONABLE
2024,6,CLE,CB,Denzel Ward,00-0034856,Questionable,Hamstring,Limited Participation in Practice,Denzel Ward,QUESTIONABLE
2024,6,DAL,S,Markquese Bell,00-0037561,,,Full Participation in Practice,Markquese Bell,
2024,6,DAL,CB,Trevon Diggs,00-0036361,,,Full Participation in Practice,Trevon Diggs,
2024,6,DAL,T,Tyler Guyton,00-0039341,,,Full Participation in Practice,Tyler Guyton,
2024,6,DAL,S,Malik Hooker,00-0033877,,,Full Participation in Practice,Malik Hooker,
2024,6,DAL,LB,Marist Liufau,00-0039352,,,Full Participation in Practice,Marist Liufau,
2024,6,DAL,G,Zack Martin,00-0031402,,,Full Participation in Practice,Zack Martin,
2024,6,DAL,LB,Eric Kendricks,00-0031554,Out,Calf,Did Not Participate In Practice,Eric Kendricks,OUT
2024,6,DAL,DE,Micah Parsons,00-0036932,Out,Ankle,Did Not Participate In Practice,Micah Parsons,OUT
2024,6,DAL,CB,Daron Bland,00-0037275,Questionable,Foot,Did Not Participate In Practice,Daron Bland,QUESTIONABLE
2024,6,DAL,LB,Nick Vigil,00-0032892,Questionable,Foot,Did Not Participate In Practice,Nick Vigil,QUESTIONABLE
2024,6,DAL,CB,Caelen Carson,00-0039387,Questionable,Shoulder,Full Participation in Practice,Caelen Carson,QUESTIONABLE
2024,6,DEN,DE,Zach Allen,00-0035248,,,Full Participation in Practice,Zach Allen,
2024,6,DEN,DE,John Franklin-Myers,00-0034805,,,Full Participation in Practice,John Franklin-Myers,
2024,6,DEN,T,Alex Palczewski,00-0038796,Out,Ankle,Did Not Participate In Practice,Alex Palczewski,OUT
2024,6,DEN,WR,Josh Reynolds,00-0033943,Out,Hand,Did Not Participate In Practice,Josh Reynolds,OUT
2024,6,DEN,C,Luke Wattenberg,00-0037278,Out,Ankle,Did Not Participate In Practice,Luke Wattenberg,OUT
2024,6,DEN,RB,Audric Estime,00-0039373,Questionable,Ankle,Full Participation in Practice,Audric Estime,QUESTIONABLE
2024,6,DEN,CB,Damarri Mathis,00-0038105,Questionable,Ankle,Full Participation in Practice,Damarri Mathis,QUESTIONABLE
2024,6,DET,S,Brian Branch,00-0039141,,,Full Participation in Practice,Brian Branch,
2024,6,DET,S,Kerby Joseph,00-0037667,,,Full Participation in Practice,Kerby Joseph,
2024,6,DET,C,Frank Ragnow,00-0034345,,,Full Participation in Practice,Frank Ragnow,
2024,6,DET,G,Christian Mahogany,00-0039408,Out,Illness,Full Participation in Practice,Christian Mahogany,OUT
2024,6,GB,TE,Luke Musgrave,00-0039144,,,Did Not Participate In Practice,Luke Musgrave,
2024,6,GB,S,Zayne Anderson,00-0036677,,,Full Participation in Practice,Zayne Anderson,
2024,6,GB,LB,Edgerrin Cooper,00-0039850,,,Full Participation in Practice,Edgerrin Cooper,
2024,6,GB,DT,Jonathan Ford,00-0037094,,,Full Participation in Practice,Jonathan Ford,
2024,6,GB,G,Elgton Jenkins,00-0035526,,,Full Participation in Practice,Elgton Jenkins,
2024,6,GB,T,Zach Tom,00-0037817,,,Full Participation in Practice,Zach Tom,
2024,6,GB,DT,Kenny Clark,00-0033120,,,Limited Participation in Practice,Kenny Clark,
2024,6,GB,TE,Tucker Kraft,00-0038996,,,Limited Participation in Practice,Tucker Kraft,
2024,6,GB,CB,Carrington Valentine,00-0038408,,,Limited Participation in Practice,Carrington Valentine,
2024,6,GB,DT,Devonte Wyatt,00-0037075,Out,Ankle,Did Not Participate In Practice,Devonte Wyatt,OUT
2024,6,GB,DE,Arron Mosby,00-0037364,Questionable,Shoulder,Full Participation in Practice,Arron Mosby,QUESTIONABLE
2024,6,GB,CB,Jaire Alexander,00-0034728,Questionable,Groin,Limited Participation in Practice,Jaire Alexander,QUESTIONABLE
2024,6,GB,T,Jordan Morgan,00-0039904,Questionable,Shoulder,Limited Participation in Practice,Jordan Morgan,QUESTIONABLE
2024,6,GB,T,Rasheed Walker,00-0037196,Questionable,Knee,Limited Participation in Practice,Rasheed Walker,QUESTIONABLE
2024,6,GB,WR,Christian Watson,00-0038124,Questionable,Ankle,Limited Participation in Practice,Christian Watson,QUESTIONABLE
2024,6,HOU,G,Kenyon Green,00-0037613,,,Full Participation in Practice,Kenyon Green,
2024,6,HOU,LB,Jake Hansen,00-0037457,,,Full Participation in Practice,Jake Hansen,
2024,6,HOU,T,Tytus Howard,00-0035234,,,Full Participation in Practice,Tytus Howard,
2024,6,HOU,LB,Del'Shawn Phillips,00-0035202,,,Full Participation in Practice,Del'Shawn Phillips,
2024,6,HOU,RB,Dameon Pierce,00-0037258,,,Full Participation in Practice,Dameon Pierce,
2024,6,HOU,T,Laremy Tunsil,00-0032380,,,Full Participation in Practice,Laremy Tunsil,
2024,6,HOU,WR,Stefon Diggs,00-0031588,,,Limited Participation in Practice,Stefon Diggs,
2024,6,HOU,DT,Mario Edwards,00-0032265,,,Limited Participation in Practice,Mario Edwards,
2024,6,HOU,CB,Kamari Lassiter,00-0039343,Out,Shoulder,Did Not Participate In Practice,Kamari Lassiter,OUT
2024,6,HOU,S,Jimmie Ward,00-0031298,Out,Groin,Did Not Participate In Practice,Jimmie Ward,OUT
2024,6,HOU,WR,Robert Woods,00-0030431,Out,Foot,Did Not Participate In Practice,Robert Woods,OUT
2024,6,HOU,DE,Derek Barnett,00-0033876,Questionable,Shoulder,Full Participation in Practice,Derek Barnett,QUESTIONABLE
2024,6,HOU,DT,Kurt Hinish,00-0037459,Questionable,Calf,Full Participation in Practice,Kurt Hinish,QUESTIONABLE
2024,6,HOU,RB,Joe Mixon,00-0033897,Questionable,Ankle,Limited Participation in Practice,Joe Mixon,QUESTIONABLE
2024,6,IND,C,Ryan Kelly,00-0032383,,,Did Not Participate In Practice,Ryan Kelly,
2024,6,IND,DT,Grover Stewart,00-0033952,,,Did Not Participate In Practice,Grover Stewart,
2024,6,IND,DE,Kwity Paye,00-0036479,,,Full Participation in Practice,Kwity Paye,
2024,6,IND,RB,Trey Sermon,00-0036984,,,Full Participation in Practice,Trey Sermon,
2024,6,IND,DE,Dayo Odeyingbo,00-0036480,,,Limited Participation in Practice,Dayo Odeyingbo,
2024,6,IND,RB,Jonathan Taylor,00-0036223,Out,Ankle,Did Not Participate In Practice,Jonathan Taylor,OUT
2024,6,IND,T,Braden Smith,00-0034836,Questionable,Knee,Did Not Participate In Practice,Braden Smith,QUESTIONABLE
2024,6,IND,WR,Josh Downs,00-0038997,Questionable,Toe,Full Participation in Practice,Josh Downs,QUESTIONABLE
2024,6,IND,CB,Kenny Moore,00-0033393,Questionable,Hip,Full Participation in Practice,Kenny Moore,QUESTIONABLE
2024,6,IND,WR,Michael Pittman,00-0036252,Questionable,Back,Full Participation in Practice,Michael Pittman,QUESTIONABLE
2024,6,IND,QB,Anthony Richardson,00-0039164,Questionable,Oblique,Limited Participation in Practice,Anthony Richardson,QUESTIONABLE
2024,6,JAX,RB,Travis Etienne,00-0036973,,,Limited Participation in Practice,Travis Etienne,
2024,6,JAX,LB,Devin Lloyd,00-0037244,,,Limited Participation in Practice,Devin Lloyd,
2024,6,JAX,S,Darnell Savage,00-0034968,,,Limited Participation in Practice,Darnell Savage,
2024,6,JAX,CB,Tyson Campbell,00-0036974,Out,Hamstring,Limited Participation in Practice,Tyson Campbell,OUT
2024,6,JAX,LB,Yasir Abdullah,00-0038580,Questionable,Neck,Limited Participation in Practice,Yasir Abdullah,QUESTIONABLE
2024,6,JAX,WR,Gabe Davis,00-0036196,Questionable,Knee,Limited Participation in Practice,Gabe Davis,QUESTIONABLE
2024,6,JAX,TE,Evan Engram,00-0033881,Questionable,Hamstring,Limited Participation in Practice,Evan Engram,QUESTIONABLE
2024,6,JAX,S,Daniel Thomas,00-0036306,Questionable,Hamstring,Limited Participation in Practice,Daniel Thomas,QUESTIONABLE
2024,6,LAC,T,Joe Alt,00-0039897,,,Full Participation in Practice,Joe Alt,
2024,6,LAC,LB,Junior Colson,00-0039346,,,Full Participation in Practice,Junior Colson,
2024,6,LAC,K,Cameron Dicker,00-0037224,,,Full Participation in Practice,Cameron Dicker,
2024,6,LAC,LB,Daiyan Henley,00-0038553,,,Full Participation in Practice,Daiyan Henley,
2024,6,LAC,QB,Justin Herbert,00-0036355,,,Full Participation in Practice,Justin Herbert,
2024,6,LAC,TE,Hayden Hurst,00-0034830,,,Full Participation in Practice,Hayden Hurst,
2024,6,LAC,S,Derwin James,00-0034790,,,Full Participation in Practice,Derwin James,
2024,6,LAC,DE,Khalil Mack,00-0031040,,,Full Participation in Practice,Khalil Mack,
2024,6,LAC,LB,Denzel Perryman,00-0032103,,,Full Participation in Practice,Denzel Perryman,
2024,6,LAC,RB,Gus Edwards,00-0034184,Out,Ankle,Did Not Participate In Practice,Gus Edwards,OUT
2024,6,LAC,CB,Asante Samuel,00-0036617,Out,Shoulder,Did Not Participate In Practice,Asante Samuel,OUT
2024,6,LAC,CB,Ja'Sir Taylor,00-0037307,Out,Fibula,Did Not Participate In Practice,Ja'Sir Taylor,OUT
2024,6,LAC,CB,Kristian Fulton,00-0036416,Questionable,Knee,Full Participation in Practice,Kristian Fulton,QUESTIONABLE
2024,6,LAC,LB,Nick Niemann,00-0036648,Questionable,Hamstring,Full Participation in Practice,Nick Niemann,QUESTIONABLE
2024,6,LAC,DE,Joey Bosa,00-0033156,Questionable,Hip,Limited Participation in Practice,Joey Bosa,QUESTIONABLE
2024,6,LAC,CB,Deane Leonard,00-0037320,Questionable,Hamstring,Limited Participation in Practice,Deane Leonard,QUESTIONABLE
2024,6,LAC,T,Rashawn Slater,00-0037009,Questionable,Pectoral,Limited Participation in Practice,Rashawn Slater,QUESTIONABLE
2024,6,LV,LB,Divine Deablo,00-0036990,,,Full Participation in Practice,Divine Deablo,
2024,6,LV,RB,Tyreik McAllister,00-0037450,,,Full Participation in Practice,Tyreik McAllister,
2024,6,LV,T,Kolton Miller,00-0034759,,,Full Participation in Practice,Kolton Miller,
2024,6,LV,S,Trevon Moehrig,00-0036962,,,Full Participation in Practice,Trevon Moehrig,
2024,6,LV,G,Dylan Parham,00-0037255,,,Full Participation in Practice,Dylan Parham,
2024,6,LV,CB,Decamerion Richardson,00-0039357,,,Full Participation in Practice,Decamerion Richardson,
2024,6,LV,WR,D.J. Turner,00-0036527,,,Full Participation in Practice,D.J. Turner,
2024,6,LV,DE,Maxx Crosby,00-0034973,,,Limited Participation in Practice,Maxx Crosby,
2024,6,LV,WR,Davante Adams,00-0031381,Out,Hamstring,Did Not Participate In Practice,Davante Adams,OUT
2024,6,LV,TE,Michael Mayer,00-0039066,Out,Not injury related - personal matter,Did Not Participate In Practice,Michael Mayer,OUT
2024,6,LV,LB,Tommy Eichenberg,00-0039374,Questionable,Hamstring,Did Not Participate In Practice,Tommy Eichenberg,QUESTIONABLE
2024,6,LV,S,Trey Taylor,00-0039413,Questionable,Knee,Full Participation in Practice,Trey Taylor,QUESTIONABLE
2024,6,LV,WR,Jakobi Meyers,00-0034960,Questionable,Ankle,Limited Participation in Practice,Jakobi Meyers,QUESTIONABLE
2024,6,LV,T,Thayer Munford,00-0037322,Questionable,Knee,Limited Participation in Practice,Thayer Munford,QUESTIONABLE
2024,6,LV,G,Jackson Powers-Johnson,00-0039735,Questionable,Knee,Limited Participation in Practice,Jackson Powers-Johnson,QUESTIONABLE
2024,6,LV,RB,Zamir White,00-0038040,Questionable,Groin,Limited Participation in Practice,Zamir White,QUESTIONABLE
2024,6,NE,DT,Davon Godchaux,00-0033860,,,Full Participation in Practice,Davon Godchaux,
2024,6,NE,CB,Jonathan Jones,00-0032580,,,Full Participation in Practice,Jonathan Jones,
2024,6,NE,T,Vederian Lowe,00-0037287,,,Full Participation in Practice,Vederian Lowe,
2024,6,NE,RB,Rhamondre Stevenson,00-0036875,Out,Foot,Did Not Participate In Practice,Rhamondre Stevenson,OUT
2024,6,NE,LB,Anfernee Jennings,00-0036193,Questionable,Shoulder,Full Participation in Practice,Anfernee Jennings,QUESTIONABLE
2024,6,NE,CB,Isaiah Bolden,00-0038641,Questionable,Hamstring,Limited Participation in Practice,Isaiah Bolden,QUESTIONABLE
2024,6,NE,WR,Kendrick Bourne,00-0033307,Questionable,Knee,Limited Participation in Practice,Kendrick Bourne,QUESTIONABLE
2024,6,NE,LS,Joe Cardona,00-0032228,Questionable,Calf,Limited Participation in Practice,Joe Cardona,QUESTIONABLE
2024,6,NE,S,Kyle Dugger,00-0036231,Questionable,Ankle,Limited Participation in Practice,Kyle Dugger,QUESTIONABLE
2024,6,NE,CB,Marcus Jones,00-0037253,Questionable,Groin,Limited Participation in Practice,Marcus Jones,QUESTIONABLE
2024,6,NE,C,Nick Leverett,00-0036105,Questionable,Ankle,Limited Participation in Practice,Nick Leverett,QUESTIONABLE
2024,6,NE,WR,K.J. Osborn,00-0036345,Questionable,Shoulder,Limited Participation in Practice,K.J. Osborn,QUESTIONABLE
2024,6,NE,G,Layden Robinson,00-0039887,Questionable,Ankle,Limited Participation in Practice,Layden Robinson,QUESTIONABLE
2024,6,NE,LB,Sione Takitaki,00-0035646,Questionable,Knee,Limited Participation in Practice,Sione Takitaki,QUESTIONABLE
2024,6,NE,CB,Marco Wilson,00-0036884,Questionable,Groin,Limited Participation in Practice,Marco Wilson,QUESTIONABLE
2024,6,NO,LB,Willie Gay,00-0036362,,,Full Participation in Practice,Willie Gay,
2024,6,NO,RB,Alvin Kamara,00-0033906,,,Limited Participation in Practice,Alvin Kamara,
2024,6,NO,WR,Rashid Shaheed,00-0037545,,,Limited Participation in Practice,Rashid Shaheed,
2024,6,NO,QB,Derek Carr,00-0031280,Out,Oblique,Did Not Participate In Practice,Derek Carr,OUT
2024,6,NO,S,Will Harris,00-0035655,Out,Hamstring,Did Not Participate In Practice,Will Harris,OUT
2024,6,NO,TE,Taysom Hill,00-0033357,Out,Rib,Did Not Participate In Practice,Taysom Hill,OUT
2024,6,NO,G,Cesar Ruiz,00-0036408,Out,Knee,Did Not Participate In Practice,Cesar Ruiz,OUT
2024,6,NO,LB,Pete Werner,00-0036927,Out,Hamstring,Did Not Participate In Practice,Pete Werner,OUT
2024,6,NO,G,Lucas Patrick,00-0033082,Questionable,Chest,Did Not Participate In Practice,Lucas Patrick,QUESTIONABLE
2024,6,NO,RB,Kendre Miller,00-0038551,Questionable,Hamstring,Full Participation in Practice,Kendre Miller,QUESTIONABLE
2024,6,NO,DE,Payton Turner,00-0036926,Questionable,Knee,Limited Participation in Practice,Payton Turner,QUESTIONABLE
2024,6,NYG,DT,D.J. Davidson,00-0037260,,,Full Participation in Practice,D.J. Davidson,
2024,6,NYG,CB,Adoree' Jackson,00-0033878,,,Full Participation in Practice,Adoree' Jackson,
2024,6,NYG,G,Greg Van Roten,00-0029685,,,Full Participation in Practice,Greg Van Roten,
2024,6,NYG,LB,Brian Burns,00-0035713,,,Limited Participation in Practice,Brian Burns,
2024,6,NYG,CB,Andru Phillips,00-0039821,,,Limited Participation in Practice,Andru Phillips,
2024,6,NYG,G,Jon Runyan,00-0036246,,,Limited Participation in Practice,Jon Runyan,
2024,6,NYG,LB,Ty Summers,00-0034999,,,Limited Participation in Practice,Ty Summers,
2024,6,NYG,WR,Malik Nabers,00-0039337,Out,Concussion,Did Not Participate In Practice,Malik Nabers,OUT
2024,6,NYG,LB,Kayvon Thibodeaux,00-0037611,Out,Wrist,Did Not Participate In Practice,Kayvon Thibodeaux,OUT
2024,6,NYG,WR,Bryce Ford-Wheaton,00-0038477,Questionable,Shoulder,Did Not Participate In Practice,Bryce Ford-Wheaton,QUESTIONABLE
2024,6,NYG,P,Jamie Gillan,00-0035042,Questionable,Left Hamstring,Did Not Participate In Practice,Jamie Gillan,QUESTIONABLE
2024,6,NYG,RB,Devin Singletary,00-0035250,Questionable,Groin,Did Not Participate In Practice,Devin Singletary,QUESTIONABLE
2024,6,NYJ,DT,Leki Fotu,00-0036371,,,Full Participation in Practice,Leki Fotu,
2024,6,NYJ,T,Morgan Moses,00-0031330,,,Full Participation in Practice,Morgan Moses,
2024,6,NYJ,QB,Aaron Rodgers,00-0023459,,,Full Participation in Practice,Aaron Rodgers,
2024,6,NYJ,LB,Jamien Sherwood,00-0036500,,,Full Participation in Practice,Jamien Sherwood,
2024,6,NYJ,T,Tyron Smith,00-0027947,,,Full Participation in Practice,Tyron Smith,
2024,6,NYJ,CB,Michael Carter,00-0036501,Out,Back,Did Not Participate In Practice,Michael Carter,OUT
2024,6,NYJ,TE,Tyler Conklin,00-0034270,Questionable,Hip,Limited Participation in Practice,Tyler Conklin,QUESTIONABLE
2024,6,NYJ,LB,C.J. Mosley,00-0031296,Questionable,Toe,Limited Participation in Practice,C.J. Mosley,QUESTIONABLE
2024,6,PHI,S,Reed Blankenship,00-0037130,,,Full Participation in Practice,Reed Blankenship,
2024,6,PHI,S,Sydney Brown,00-0039002,,,Full Participation in Practice,Sydney Brown,
2024,6,PHI,WR,A.J. Brown,00-0035676,,,Full Participation in Practice,A.J. Brown,
2024,6,PHI,LB,Nakobe Dean,00-0037615,,,Full Participation in Practice,Nakobe Dean,
2024,6,PHI,T,Lane Johnson,00-0030561,,,Full Participation in Practice,Lane Johnson,
2024,6,PHI,WR,DeVonta Smith,00-0036912,,,Full Participation in Practice,DeVonta Smith,
2024,6,PHI,WR,Ainias Smith,00-0039747,,,Full Participation in Practice,Ainias Smith,
2024,6,PHI,WR,Johnny Wilson,00-0039236,,,Full Participation in Practice,Johnny Wilson,
2024,6,PIT,S,Minkah Fitzpatrick,00-0034789,,,Full Participation in Practice,Minkah Fitzpatrick,
2024,6,PIT,TE,Pat Freiermuth,00-0036894,,,Full Participation in Practice,Pat Freiermuth,
2024,6,PIT,RB,Najee Harris,00-0036893,,,Full Participation in Practice,Najee Harris,
2024,6,PIT,DT,Cameron Heyward,00-0027969,,,Full Participation in Practice,Cameron Heyward,
2024,6,PIT,DT,Larry Ogunjobi,00-0033905,,,Full Participation in Practice,Larry Ogunjobi,
2024,6,PIT,G,Isaac Seumalo,00-0032954,,,Full Participation in Practice,Isaac Seumalo,
2024,6,PIT,LB,T.J. Watt,00-0033886,,,Full Participation in Practice,T.J. Watt,
2024,6,PIT,QB,Russell Wilson,00-0029263,,,Full Participation in Practice,Russell Wilson,
2024,6,PIT,LB,Nick Herbig,00-0038577,Out,Hamstring,Did Not Participate In Practice,Nick Herbig,OUT
2024,6,PIT,S,Damontae Kazee,00-0033512,Out,Ankle,Did Not Participate In Practice,Damontae Kazee,OUT
2024,6,PIT,DE,DeMarvin Leal,00-0037759,Out,Neck,Did Not Participate In Practice,DeMarvin Leal,OUT
2024,6,PIT,RB,Cordarrelle Patterson,00-0030578,Out,Ankle,Did Not Participate In Practice,Cordarrelle Patterson,OUT
2024,6,PIT,LB,Alex Highsmith,00-0036333,Out,Groin,Limited Participation in Practice,Alex Highsmith,OUT
2024,6,PIT,TE,MyCole Pruitt,00-0031585,Out,Knee,Limited Participation in Practice,MyCole Pruitt,OUT
2024,6,PIT,RB,Jaylen Warren,00-0037228,Questionable,Knee,Full Participation in Practice,Jaylen Warren,QUESTIONABLE
2024,6,SEA,TE,Pharaoh Brown,00-0033439,,,Full Participation in Practice,Pharaoh Brown,
2024,6,SEA,TE,Noah Fant,00-0035644,,,Full Participation in Practice,Noah Fant,
2024,6,SEA,DT,Johnathan Hankins,00-0030063,,,Full Participation in Practice,Johnathan Hankins,
2024,6,SEA,S,Rayshawn Jenkins,00-0033941,,,Full Participation in Practice,Rayshawn Jenkins,
2024,6,SEA,WR,DK Metcalf,00-0035640,,,Full Participation in Practice,DK Metcalf,
2024,6,SEA,TE,Brady Russell,00-0038488,,,Full Participation in Practice,Brady Russell,
2024,6,SEA,WR,Laviska Shenault,00-0036268,,,Full Participation in Practice,Laviska Shenault,
2024,6,SEA,DT,Leonard Williams,00-0031933,,,Full Participation in Practice,Leonard Williams,
2024,6,SEA,DT,Cameron Young,00-0038572,,,Full Participation in Practice,Cameron Young,
2024,6,SEA,DT,Byron Murphy,00-0039309,Out,Hamstring,Did Not Participate In Practice,Byron Murphy,OUT
2024,6,SEA,LB,Uchenna Nwosu,00-0034350,Out,Thigh,Did Not Participate In Practice,Uchenna Nwosu,OUT
2024,6,SEA,CB,Tariq Woolen,00-0037079,Out,Ankle,Did Not Participate In Practice,Tariq Woolen,OUT
2024,6,SEA,LB,Derick Hall,00-0039047,Questionable,Foot,Full Participation in Practice,Derick Hall,QUESTIONABLE
2024,6,SEA,LB,Boye Mafe,00-0038133,Questionable,Knee,Full Participation in Practice,Boye Mafe,QUESTIONABLE
2024,6,SEA,S,Julian Love,00-0034974,Questionable,Hamstring,Limited Participation in Practice,Julian Love,QUESTIONABLE
2024,6,SF,S,Ji'Ayir Brown,00-0038554,,,Full Participation in Practice,Ji'Ayir Brown,
2024,6,SF,WR,Jacob Cowing,00-0039365,,,Full Participation in Practice,Jacob Cowing,
2024,6,SF,TE,George Kittle,00-0033288,,,Full Participation in Practice,George Kittle,
2024,6,SF,LB,Fred Warner,00-0034815,,,Full Participation in Practice,Fred Warner,
2024,6,SF,DT,Jordan Elliott,00-0036266,Out,Knee,Did Not Participate In Practice,Jordan Elliott,OUT
2024,6,SF,LB,Demetrius Flannigan-Fowles,00-0035020,Out,Calf,Did Not Participate In Practice,Demetrius Flannigan-Fowles,OUT
2024,6,SF,S,Talanoa Hufanga,00-0036564,Out,Wrist,Did Not Participate In Practice,Talanoa Hufanga,OUT
2024,6,SF,K,Jake Moody,00-0038562,Out,Right Ankle,Did Not Participate In Practice,Jake Moody,OUT
2024,6,SF,WR,Chris Conley,00-0032128,Questionable,Oblique,Limited Participation in Practice,Chris Conley,QUESTIONABLE
2024,6,SF,CB,Charvarius Ward,00-0034573,Questionable,Knee,Limited Participation in Practice,Charvarius Ward,QUESTIONABLE
2024,6,TB,LB,Lavonte David,00-0029562,,,Did Not Participate In Practice,Lavonte David,
2024,6,TB,WR,Mike Evans,00-0031408,,,Limited Participation in Practice,Mike Evans,
2024,6,TB,DE,William Gholston,00-0030386,,,Limited Participation in Practice,William Gholston,
2024,6,TB,C,Graham Barton,00-0039905,Out,Hamstring,Did Not Participate In Practice,Graham Barton,OUT
2024,6,TB,S,Christian Izien,00-0038820,Out,Elbow,Did Not Participate In Practice,Christian Izien,OUT
2024,6,TB,WR,Kameron Johnson,00-0039589,Out,Ankle,Did Not Participate In Practice,Kameron Johnson,OUT
2024,6,TB,WR,Trey Palmer,00-0039052,Out,Concussion,Did Not Participate In Practice,Trey Palmer,OUT
2024,6,TB,DE,Earnest Brown,00-0036855,Out,Ribs,Full Participation in Practice,Earnest Brown,OUT
2024,6,TB,RB,Rachaad White,00-0037256,Doubtful,Foot,Did Not Participate In Practice,Rachaad White,DOUBTFUL
2024,6,TB,T,Luke Goedeke,00-0037835,Questionable,Concussion,Full Participation in Practice,Luke Goedeke,QUESTIONABLE
2024,6,TB,DT,Calijah Kancey,00-0039063,Questionable,Calf,Full Participation in Practice,Calijah Kancey,QUESTIONABLE
2024,6,TB,WR,Jalen McMillan,00-0039855,Questionable,Hamstring,Full Participation in Practice,Jalen McMillan,QUESTIONABLE
2024,6,TB,S,Jordan Whitehead,00-0034374,Questionable,Groin,Full Participation in Practice,Jordan Whitehead,QUESTIONABLE
2024,6,TB,S,Antoine Winfield,00-0036411,Questionable,Foot,Limited Participation in Practice,Antoine Winfield,QUESTIONABLE
2024,6,TEN,WR,Treylon Burks,00-0037742,,,Full Participation in Practice,Treylon Burks,
2024,6,TEN,WR,DeAndre Hopkins,00-0030564,,,Full Participation in Practice,DeAndre Hopkins,
2024,6,TEN,LB,Ernest Jones,00-0036994,,,Full Participation in Practice,Ernest Jones,
2024,6,TEN,QB,Will Levis,00-0039152,,,Full Participation in Practice,Will Levis,
2024,6,TEN,DT,Jeffery Simmons,00-0035643,,,Full Participation in Practice,Jeffery Simmons,
2024,6,TEN,CB,L'Jarius Sneed,00-0036374,,,Full Participation in Practice,L'Jarius Sneed,
2024,6,TEN,S,Jamal Adams,00-0033872,Out,Hip,Did Not Participate In Practice,Jamal Adams,OUT
2024,6,TEN,DT,Keondre Coburn,00-0038985,Out,Knee,Did Not Participate In Practice,Keondre Coburn,OUT
2024,6,TEN,LB,Cedric Gray,00-0039858,Out,Shoulder,Full Participation in Practice,Cedric Gray,OUT
2024,6,WAS,TE,Zach Ertz,00-0030061,,,Did Not Participate In Practice,Zach Ertz,
2024,6,WAS,S,Percy Butler,00-0038100,,,Full Participation in Practice,Percy Butler,
2024,6,WAS,RB,Austin Ekeler,00-0033699,,,Full Participation in Practice,Austin Ekeler,
2024,6,WAS,CB,Emmanuel Forbes,00-0039151,,,Full Participation in Practice,Emmanuel Forbes,
2024,6,WAS,LB,Dante Fowler,00-0032052,,,Full Participation in Practice,Dante Fowler,
2024,6,WAS,S,Quan Martin,00-0039149,,,Full Participation in Practice,Quan Martin,
2024,6,WAS,DT,Phidarian Mathis,00-0038099,,,Full Participation in Practice,Phidarian Mathis,
2024,6,WAS,G,Nick Allegretti,00-0035149,,,Limited Participation in Practice,Nick Allegretti,
2024,6,WAS,WR,Noah Brown,00-0033591,,,Limited Participation in Practice,Noah Brown,
2024,6,WAS,DE,Clelin Ferrell,00-0035692,,,Limited Participation in Practice,Clelin Ferrell,
2024,6,WAS,S,Tyler Owens,00-0039681,Out,Shin,Did Not Participate In Practice,Tyler Owens,OUT
2024,6,WAS,RB,Brian Robinson,00-0037746,Questionable,Knee,Did Not Participate In Practice,Brian Robinson,QUESTIONABLE
2024,6,WAS,LB,Jordan Magee,00-0039368,Questionable,Knee,Full Participation in Practice,Jordan Magee,QUESTIONABLE
2024,6,WAS,DE,Efe Obada,00-0031500,Questionable,Tibia,Full Participation in Practice,Efe Obada,QUESTIONABLE
2024,7,ARI,G,Isaiah Adams,00-0039808,,,Full Participation in Practice,Isaiah Adams,
2024,7,ARI,T,Kelvin Beachum,00-0029316,,,Full Participation in Practice,Kelvin Beachum,
2024,7,ARI,G,Evan Brown,00-0034495,,,Full Participation in Practice,Evan Brown,
2024,7,ARI,WR,Marvin Harrison,00-0039849,,,Full Participation in Practice,Marvin Harrison,
2024,7,ARI,WR,Zay Jones,00-0033891,,,Full Participation in Practice,Zay Jones,
2024,7,ARI,WR,Michael Wilson,00-0038559,,,Full Participation in Practice,Michael Wilson,
2024,7,ARI,LB,Owen Pappoe,00-0038600,Out,Hip,Did Not Participate In Practice,Owen Pappoe,OUT
2024,7,ARI,DT,Darius Robinson,00-0039854,Out,Calf,Did Not Participate In Practice,Darius Robinson,OUT
2024,7,ARI,RB,Trey Benson,00-0039921,Questionable,Illness,Did Not Participate In Practice,Trey Benson,QUESTIONABLE
2024,7,ARI,T,Christian Jones,00-0039382,Questionable,Ankle,Full Participation in Practice,Christian Jones,QUESTIONABLE
2024,7,ARI,DT,Roy Lopez,00-0036568,Questionable,Ankle,Limited Participation in Practice,Roy Lopez,QUESTIONABLE
2024,7,ARI,CB,Sean Murphy-Bunting,00-0035239,Questionable,Neck,Limited Participation in Practice,Sean Murphy-Bunting,QUESTIONABLE
2024,7,ARI,LB,Kyzir White,00-0034375,Questionable,Knee,Limited Participation in Practice,Kyzir White,QUESTIONABLE
2024,7,ARI,CB,Garrett Williams,00-0039007,Questionable,Groin,Limited Participation in Practice,Garrett Williams,QUESTIONABLE
2024,7,ATL,WR,KhaDarel Hodge,00-0034854,,,Did Not Participate In Practice,KhaDarel Hodge,
2024,7,ATL,DT,Grady Jarrett,00-0031583,,,Did Not Participate In Practice,Grady Jarrett,
2024,7,ATL,DT,David Onyemata,00-0033051,,,Did Not Participate In Practice,David Onyemata,
2024,7,ATL,DE,Ta'Quon Graham,00-0036948,,,Limited Participation in Practice,Ta'Quon Graham,
2024,7,ATL,LB,Matt Judon,00-0032415,,,Limited Participation in Practice,Matt Judon,
2024,7,ATL,LB,Nate Landman,00-0037587,,,Limited Participation in Practice,Nate Landman,
2024,7,ATL,T,Jake Matthews,00-0031279,,,Limited Participation in Practice,Jake Matthews,
2024,7,ATL,T,Kaleb McGary,00-0035235,,,Limited Participation in Practice,Kaleb McGary,
2024,7,ATL,RB,Bijan Robinson,00-0038542,,,Limited Participation in Practice,Bijan Robinson,
2024,7,ATL,LB,Lorenzo Carter,00-0034360,Out,Concussion,Did Not Participate In Practice,Lorenzo Carter,OUT
2024,7,ATL,LB,Troy Andersen,00-0037810,Out,Knee,Limited Participation in Practice,Troy Andersen,OUT
2024,7,ATL,CB,Antonio Hamilton,00-0032933,Questionable,Back,Limited Participation in Practice,Antonio Hamilton,QUESTIONABLE
2024,7,ATL,S,Justin Simmons,00-0032971,Questionable,Hamstring,Limited Participation in Practice,Justin Simmons,QUESTIONABLE
2024,7,BAL,WR,Deonte Harty,00-0035215,,,Did Not Participate In Practice,Deonte Harty,
2024,7,BAL,DE,Brent Urban,00-0031177,,,Full Participation in Practice,Brent Urban,
2024,7,BAL,RB,Rasheen Ali,00-0039796,Out,Ankle,Did Not Participate In Practice,Rasheen Ali,OUT
2024,7,BAL,LB,Malik Harrison,00-0036280,Out,Groin,Did Not Participate In Practice,Malik Harrison,OUT
2024,7,BAL,DE,Broderick Washington,00-0036081,Out,Knee,Limited Participation in Practice,Broderick Washington,OUT
2024,7,BAL,CB,Arthur Maulet,00-0033503,Questionable,Knee,Full Participation in Practice,Arthur Maulet,QUESTIONABLE
2024,7,BUF,QB,Josh Allen,00-0034857,,,Full Participation in Practice,Josh Allen,
2024,7,BUF,LB,Terrel Bernard,00-0037254,,,Full Participation in Practice,Terrel Bernard,
2024,7,BUF,RB,James Cook,00-0037248,,,Full Participation in Practice,James Cook,
2024,7,BUF,FB,Reggie Gilliam,00-0036187,,,Full Participation in Practice,Reggie Gilliam,
2024,7,BUF,WR,Mack Hollins,00-0033555,,,Full Participation in Practice,Mack Hollins,
2024,7,BUF,DT,Austin Johnson,00-0032763,,,Full Participation in Practice,Austin Johnson,
2024,7,BUF,CB,Taron Johnson,00-0034376,,,Full Participation in Practice,Taron Johnson,
2024,7,BUF,DT,DaQuan Jones,00-0031054,,,Full Participation in Practice,DaQuan Jones,
2024,7,BUF,TE,Dalton Kincaid,00-0038933,,,Full Participation in Practice,Dalton Kincaid,
2024,7,BUF,C,Connor McGovern,00-0035679,,,Full Participation in Practice,Connor McGovern,
2024,7,BUF,TE,Quintin Morris,00-0036590,,,Full Participation in Practice,Quintin Morris,
2024,7,BUF,DT,Ed Oliver,00-0035230,,,Full Participation in Practice,Ed Oliver,
2024,7,BUF,WR,Khalil Shakir,00-0037261,,,Full Participation in Practice,Khalil Shakir,
2024,7,BUF,QB,Mitchell Trubisky,00-0033869,,,Full Participation in Practice,Mitchell Trubisky,
2024,7,BUF,RB,Darrynton Evans,00-0036297,Doubtful,Hamstring,Full Participation in Practice,Darrynton Evans,DOUBTFUL
2024,7,BUF,S,Mike Edwards,00-0035681,Questionable,Illness,Did Not Participate In Practice,Mike Edwards,QUESTIONABLE
2024,7,BUF,RB,Ray Davis,00-0039875,Questionable,Calf,Limited Participation in Practice,Ray Davis,QUESTIONABLE
2024,7,CAR,T,Ikem Ekwonu,00-0037229,,,Full Participation in Practice,Ikem Ekwonu,
2024,7,CAR,LB,Marquis Haynes,00-0034382,,,Full Participation in Practice,Marquis Haynes,
2024,7,CAR,CB,Troy Hill,00-0031785,,,Full Participation in Practice,Troy Hill,
2024,7,CAR,RB,Chuba Hubbard,00-0036555,,,Full Participation in Practice,Chuba Hubbard,
2024,7,CAR,TE,Ian Thomas,00-0034365,,,Full Participation in Practice,Ian Thomas,
2024,7,CAR,S,Nick Scott,00-0035669,,,Limited Participation in Practice,Nick Scott,
2024,7,CAR,C,Andrew Raym,00-0039502,Note,"Raym, Andrew has cleared concussion protocol and does not have a game status. ",Full Participation in Practice,Andrew Raym,
2024,7,CAR,LB,Claudin Cherelus,00-0038493,Out,Hamstring,Did Not Participate In Practice,Claudin Cherelus,OUT
2024,7,CAR,LB,Josey Jewell,00-0034368,Out,Hamstring,Did Not Participate In Practice,Josey Jewell,OUT
2024,7,CAR,T,Taylor Moton,00-0033284,Out,Elbow,Did Not Participate In Practice,Taylor Moton,OUT
2024,7,CAR,LB,Jon Rhattigan,00-0036802,Out,Knee,Did Not Participate In Practice,Jon Rhattigan,OUT
2024,7,CAR,DE,A'Shawn Robinson,00-0032889,Out,Knee,Did Not Participate In Practice,A'Shawn Robinson,OUT
2024,7,CAR,RB,Jonathon Brooks,00-0039344,Out,Knee,Limited Participation in Practice,Jonathon Brooks,OUT
2024,7,CAR,DT,Jaden Crumedy,00-0039402,Doubtful,Ankle,Full Participation in Practice,Jaden Crumedy,DOUBTFUL
2024,7,CAR,S,Sam Franklin,00-0036037,Doubtful,Foot,Full Participation in Practice,Sam Franklin,DOUBTFUL
2024,7,CAR,LB,Jadeveon Clowney,00-0031364,Doubtful,Shoulder,Limited Participation in Practice,Jadeveon Clowney,DOUBTFUL
2024,7,CAR,TE,Tommy Tremble,00-0037005,Questionable,Back,Did Not Participate In Practice,Tommy Tremble,QUESTIONABLE
2024,7,CAR,CB,Dane Jackson,00-0036166,Questionable,Hamstring,Full Participation in Practice,Dane Jackson,QUESTIONABLE
2024,7,CAR,WR,Diontae Johnson,00-0035216,Questionable,Ribs,Limited Participation in Practice,Diontae Johnson,QUESTIONABLE
2024,7,CAR,WR,David Moore,00-0033589,Questionable,Knee,Limited Participation in Practice,David Moore,QUESTIONABLE
2024,7,CAR,T,Yosuah Nijman,00-0035084,Questionable,Knee,Limited Participation in Practice,Yosuah Nijman,QUESTIONABLE
2024,7,CAR,DE,LaBryan Ray,00-0037203,Questionable,Ankle,Limited Participation in Practice,LaBryan Ray,QUESTIONABLE
2024,7,CIN,QB,Joe Burrow,00-0036442,,,Full Participation in Practice,Joe Burrow,
2024,7,CIN,DT,Kris Jenkins,00-0039908,,,Full Participation in Practice,Kris Jenkins,
2024,7,CIN,CB,D.J. Turner,00-0038549,,,Full Participation in Practice,D.J. Turner,
2024,7,CIN,CB,D.J. Ivey,00-0038642,Questionable,Knee,Full Participation in Practice,D.J. Ivey,QUESTIONABLE
2024,7,CLE,S,Grant Delpit,00-0036282,,,Full Participation in Practice,Grant Delpit,
2024,7,CLE,CB,Martin Emerson,00-0037250,,,Full Participation in Practice,Martin Emerson,
2024,7,CLE,RB,D'Onta Foreman,00-0033925,,,Full Participation in Practice,D'Onta Foreman,
2024,7,CLE,DE,Myles Garrett,00-0033868,,,Full Participation in Practice,Myles Garrett,
2024,7,CLE,WR,Jerry Jeudy,00-0036407,,,Full Participation in Practice,Jerry Jeudy,
2024,7,CLE,TE,David Njoku,00-0033885,,,Full Participation in Practice,David Njoku,
2024,7,CLE,DE,Za'Darius Smith,00-0031576,,,Full Participation in Practice,Za'Darius Smith,
2024,7,CLE,T,Jedrick Wills,00-0036267,,,Full Participation in Practice,Jedrick Wills,
2024,7,CLE,CB,Denzel Ward,00-0034856,,,Limited Participation in Practice,Denzel Ward,
2024,7,CLE,RB,Jerome Ford,00-0037267,Out,Hamstring,Did Not Participate In Practice,Jerome Ford,OUT
2024,7,CLE,S,Ronnie Hickman,00-0038715,Out,Ankle,Did Not Participate In Practice,Ronnie Hickman,OUT
2024,7,CLE,RB,Nick Chubb,00-0034791,Questionable,Knee,Full Participation in Practice,Nick Chubb,QUESTIONABLE
2024,7,CLE,LB,Jordan Hicks,00-0032129,Questionable,Elbow,Full Participation in Practice,Jordan Hicks,QUESTIONABLE
2024,7,CLE,RB,Nyheim Miller-Hines,00-0034367,Questionable,Knee,Full Participation in Practice,Nyheim Miller-Hines,QUESTIONABLE
2024,7,CLE,C,Ethan Pocic,00-0033901,Questionable,Knee,Limited Participation in Practice,Ethan Pocic,QUESTIONABLE
2024,7,CLE,S,Juan Thornhill,00-0035625,Questionable,Calf,Limited Participation in Practice,Juan Thornhill,QUESTIONABLE
2024,7,DEN,CB,Ja'Quan McMillian,00-0037384,,,Full Participation in Practice,Ja'Quan McMillian,
2024,7,DEN,CB,Riley Moss,00-0038552,,,Full Participation in Practice,Riley Moss,
2024,7,DEN,LB,Justin Strnad,00-0036428,,,Full Participation in Practice,Justin Strnad,
2024,7,DEN,T,Alex Palczewski,00-0038796,Out,Ankle,Did Not Participate In Practice,Alex Palczewski,OUT
2024,7,DEN,CB,Patrick Surtain,00-0036874,Out,Concussion,Did Not Participate In Practice,Patrick Surtain,OUT
2024,7,DEN,LB,Baron Browning,00-0036995,Questionable,Foot,Full Participation in Practice,Baron Browning,QUESTIONABLE
2024,7,DEN,CB,Damarri Mathis,00-0038105,Questionable,Ankle,Full Participation in Practice,Damarri Mathis,QUESTIONABLE
2024,7,DEN,T,Mike McGlinchey,00-0034847,Questionable,Knee,Full Participation in Practice,Mike McGlinchey,QUESTIONABLE
2024,7,DET,S,Brian Branch,00-0039141,,,Full Participation in Practice,Brian Branch,
2024,7,DET,C,Frank Ragnow,00-0034345,,,Full Participation in Practice,Frank Ragnow,
2024,7,DET,T,Dan Skipper,00-0033863,,,Full Participation in Practice,Dan Skipper,
2024,7,DET,G,Christian Mahogany,00-0039408,Out,Illness,Full Participation in Practice,Christian Mahogany,OUT
2024,7,DET,G,Kevin Zeitler,00-0029592,Questionable,Groin,Did Not Participate In Practice,Kevin Zeitler,QUESTIONABLE
2024,7,DET,CB,Carlton Davis,00-0034778,Questionable,Quadricep,Full Participation in Practice,Carlton Davis,QUESTIONABLE
2024,7,GB,DT,Kenny Clark,00-0033120,,,Full Participation in Practice,Kenny Clark,
2024,7,GB,DT,Jonathan Ford,00-0037094,,,Full Participation in Practice,Jonathan Ford,
2024,7,GB,G,Elgton Jenkins,00-0035526,,,Full Participation in Practice,Elgton Jenkins,
2024,7,GB,C,Josh Myers,00-0036622,,,Full Participation in Practice,Josh Myers,
2024,7,GB,CB,Jaire Alexander,00-0034728,,,Limited Participation in Practice,Jaire Alexander,
2024,7,GB,TE,Tucker Kraft,00-0038996,,,Limited Participation in Practice,Tucker Kraft,
2024,7,GB,WR,Jayden Reed,00-0039146,,,Limited Participation in Practice,Jayden Reed,
2024,7,GB,WR,Christian Watson,00-0038124,,,Limited Participation in Practice,Christian Watson,
2024,7,GB,DT,Devonte Wyatt,00-0037075,Out,Ankle,Did Not Participate In Practice,Devonte Wyatt,OUT
2024,7,GB,WR,Dontayvion Wicks,00-0038393,Questionable,Shoulder,Limited Participation in Practice,Dontayvion Wicks,QUESTIONABLE
2024,7,GB,DT,Colby Wooden,00-0038387,Questionable,Knee,Limited Participation in Practice,Colby Wooden,QUESTIONABLE
2024,7,HOU,RB,Joe Mixon,00-0033897,,,Full Participation in Practice,Joe Mixon,
2024,7,HOU,LB,Del'Shawn Phillips,00-0035202,,,Full Participation in Practice,Del'Shawn Phillips,
2024,7,HOU,T,Laremy Tunsil,00-0032380,,,Full Participation in Practice,Laremy Tunsil,
2024,7,HOU,LB,Azeez Al-Shaair,00-0035166,Out,Knee,Did Not Participate In Practice,Azeez Al-Shaair,OUT
2024,7,HOU,CB,Kamari Lassiter,00-0039343,Out,Shoulder,Did Not Participate In Practice,Kamari Lassiter,OUT
2024,7,HOU,LB,Henry To'oTo'o,00-0038599,Out,Concussion,Did Not Participate In Practice,Henry To'oTo'o,OUT
2024,7,HOU,S,Jimmie Ward,00-0031298,Out,Groin,Did Not Participate In Practice,Jimmie Ward,OUT
2024,7,HOU,WR,Robert Woods,00-0030431,Out,Foot,Did Not Participate In Practice,Robert Woods,OUT
2024,7,HOU,WR,Steven Sims,00-0034928,Questionable,Back,Did Not Participate In Practice,Steven Sims,QUESTIONABLE
2024,7,HOU,DT,Folorunso Fatukasi,00-0034275,Questionable,Shoulder,Limited Participation in Practice,Folorunso Fatukasi,QUESTIONABLE
2024,7,IND,DT,Grover Stewart,00-0033952,,,Did Not Participate In Practice,Grover Stewart,
2024,7,IND,C,Ryan Kelly,00-0032383,,,Full Participation in Practice,Ryan Kelly,
2024,7,IND,QB,Anthony Richardson,00-0039164,,,Full Participation in Practice,Anthony Richardson,
2024,7,IND,RB,Trey Sermon,00-0036984,,,Full Participation in Practice,Trey Sermon,
2024,7,IND,CB,Chris Lammons,00-0034145,Out,Ankle,Did Not Participate In Practice,Chris Lammons,OUT
2024,7,IND,RB,Jonathan Taylor,00-0036223,Out,Ankle,Did Not Participate In Practice,Jonathan Taylor,OUT
2024,7,IND,DE,Dayo Odeyingbo,00-0036480,Questionable,Hamstring,Did Not Participate In Practice,Dayo Odeyingbo,QUESTIONABLE
2024,7,IND,WR,Michael Pittman,00-0036252,Questionable,Back,Did Not Participate In Practice,Michael Pittman,QUESTIONABLE
2024,7,IND,T,Braden Smith,00-0034836,Questionable,Knee,Did Not Participate In Practice,Braden Smith,QUESTIONABLE
2024,7,IND,WR,Alec Pierce,00-0037664,Questionable,Shoulder,Full Participation in Practice,Alec Pierce,QUESTIONABLE
2024,7,IND,LB,E.J. Speed,00-0034987,Questionable,Knee,Full Participation in Practice,E.J. Speed,QUESTIONABLE
2024,7,IND,WR,Josh Downs,00-0038997,Questionable,Toe,Limited Participation in Practice,Josh Downs,QUESTIONABLE
2024,7,JAX,DE,Arik Armstead,00-0032164,,,Full Participation in Practice,Arik Armstead,
2024,7,JAX,WR,Gabe Davis,00-0036196,,,Full Participation in Practice,Gabe Davis,
2024,7,JAX,TE,Evan Engram,00-0033881,,,Full Participation in Practice,Evan Engram,
2024,7,JAX,T,Anton Harrison,00-0038934,,,Full Participation in Practice,Anton Harrison,
2024,7,JAX,CB,Tyson Campbell,00-0036974,Questionable,Hamstring,Limited Participation in Practice,Tyson Campbell,QUESTIONABLE
2024,7,JAX,RB,Travis Etienne,00-0036973,Questionable,Hamstring,Limited Participation in Practice,Travis Etienne,QUESTIONABLE
2024,7,KC,RB,Clyde Edwards-Helaire,00-0036360,,,Full Participation in Practice,Clyde Edwards-Helaire,
2024,7,KC,WR,Mecole Hardman,00-0035140,,,Full Participation in Practice,Mecole Hardman,
2024,7,KC,DT,Derrick Nnadi,00-0034818,,,Full Participation in Practice,Derrick Nnadi,
2024,7,KC,DE,Michael Danna,00-0036378,Out,Pectoral,Did Not Participate In Practice,Michael Danna,OUT
2024,7,KC,WR,JuJu Smith-Schuster,00-0033857,Questionable,Hamstring,Limited Participation in Practice,JuJu Smith-Schuster,QUESTIONABLE
2024,7,LA,T,Rob Havenstein,00-0032242,,,Did Not Participate In Practice,Rob Havenstein,
2024,7,LA,CB,Tre'Davious White,00-0033884,,,Did Not Participate In Practice,Tre'Davious White,
2024,7,LA,G,Logan Bruss,00-0037836,,,Full Participation in Practice,Logan Bruss,
2024,7,LA,LS,Alex Ward,00-0038360,,,Full Participation in Practice,Alex Ward,
2024,7,LA,WR,Cooper Kupp,00-0033908,Questionable,Ankle,Limited Participation in Practice,Cooper Kupp,QUESTIONABLE
2024,7,LA,T,Joseph Noteboom,00-0034803,Questionable,Ankle,Limited Participation in Practice,Joseph Noteboom,QUESTIONABLE
2024,7,LA,WR,Jordan Whittington,00-0039751,Questionable,Shoulder,Limited Participation in Practice,Jordan Whittington,QUESTIONABLE
2024,7,LAC,TE,Will Dissly,00-0034159,,,Full Participation in Practice,Will Dissly,
2024,7,LAC,G,Zion Johnson,00-0037818,,,Full Participation in Practice,Zion Johnson,
2024,7,LAC,T,Trey Pipkins,00-0035688,,,Full Participation in Practice,Trey Pipkins,
2024,7,LAC,CB,Deane Leonard,00-0037320,Out,Hamstring,Did Not Participate In Practice,Deane Leonard,OUT
2024,7,LAC,DE,Joey Bosa,00-0033156,Doubtful,Hip,Did Not Participate In Practice,Joey Bosa,DOUBTFUL
2024,7,LAC,TE,Hayden Hurst,00-0034830,Doubtful,Groin,Did Not Participate In Practice,Hayden Hurst,DOUBTFUL
2024,7,LAC,WR,Quentin Johnston,00-0038544,Doubtful,Ankle,Did Not Participate In Practice,Quentin Johnston,DOUBTFUL
2024,7,LAC,WR,Simi Fehoko,00-0036646,Questionable,Shoulder,Full Participation in Practice,Simi Fehoko,QUESTIONABLE
2024,7,LAC,WR,D.J. Chark,00-0034777,Questionable,Groin,Limited Participation in Practice,D.J. Chark,QUESTIONABLE
2024,7,LAC,WR,Derius Davis,00-0038573,Questionable,Hamstring,Limited Participation in Practice,Derius Davis,QUESTIONABLE
2024,7,LAC,CB,Kristian Fulton,00-0036416,Questionable,Hamstring,Limited Participation in Practice,Kristian Fulton,QUESTIONABLE
2024,7,LAC,WR,Ladd McConkey,00-0039915,Questionable,Hips,Limited Participation in Practice,Ladd McConkey,QUESTIONABLE
2024,7,LAC,CB,Ja'Sir Taylor,00-0037307,Questionable,Fibula,Limited Participation in Practice,Ja'Sir Taylor,QUESTIONABLE
2024,7,LV,CB,Nate Hobbs,00-0036871,,,Did Not Participate In Practice,Nate Hobbs,
2024,7,LV,CB,Jack Jones,00-0038039,,,Full Participation in Practice,Jack Jones,
2024,7,LV,RB,Tyreik McAllister,00-0037450,,,Full Participation in Practice,Tyreik McAllister,
2024,7,LV,T,Kolton Miller,00-0034759,,,Full Participation in Practice,Kolton Miller,
2024,7,LV,T,Thayer Munford,00-0037322,,,Full Participation in Practice,Thayer Munford,
2024,7,LV,G,Jackson Powers-Johnson,00-0039735,,,Full Participation in Practice,Jackson Powers-Johnson,
2024,7,LV,DE,Maxx Crosby,00-0034973,,,Limited Participation in Practice,Maxx Crosby,
2024,7,LV,LB,Tommy Eichenberg,00-0039374,Out,Quadricep,Did Not Participate In Practice,Tommy Eichenberg,OUT
2024,7,LV,LB,Kana'i Mauga,00-0037383,Out,Knee,Did Not Participate In Practice,Kana'i Mauga,OUT
2024,7,LV,G,Dylan Parham,00-0037255,Out,Foot,Did Not Participate In Practice,Dylan Parham,OUT
2024,7,LV,WR,Jakobi Meyers,00-0034960,Doubtful,Ankle,Did Not Participate In Practice,Jakobi Meyers,DOUBTFUL
2024,7,LV,DT,Adam Butler,00-0033381,Questionable,Knee,Did Not Participate In Practice,Adam Butler,QUESTIONABLE
2024,7,LV,DT,John Jenkins,00-0030070,Questionable,Illness,Full Participation in Practice,John Jenkins,QUESTIONABLE
2024,7,LV,RB,Zamir White,00-0038040,Questionable,Groin,Full Participation in Practice,Zamir White,QUESTIONABLE
2024,7,MIA,T,Terron Armstead,00-0030067,,,Did Not Participate In Practice,Terron Armstead,
2024,7,MIA,DT,Calais Campbell,00-0026190,,,Did Not Participate In Practice,Calais Campbell,
2024,7,MIA,RB,Devon Achane,00-0039040,,,Full Participation in Practice,Devon Achane,
2024,7,MIA,LB,Mohamed Kamara,00-0039877,,,Full Participation in Practice,Mohamed Kamara,
2024,7,MIA,T,Kendall Lamm,00-0031921,,,Full Participation in Practice,Kendall Lamm,
2024,7,MIA,S,Jordan Poyer,00-0030114,,,Full Participation in Practice,Jordan Poyer,
2024,7,MIA,S,Jevon Holland,00-0036998,Doubtful,Hand,Limited Participation in Practice,Jevon Holland,DOUBTFUL
2024,7,MIA,WR,Odell Beckham,00-0031235,Questionable,,Did Not Participate In Practice,Odell Beckham,QUESTIONABLE
2024,7,MIA,CB,Cam Smith,00-0039133,Questionable,Hamstring,Full Participation in Practice,Cam Smith,QUESTIONABLE
2024,7,MIA,QB,Skylar Thompson,00-0037327,Questionable,Ribs,Full Participation in Practice,Skylar Thompson,QUESTIONABLE
2024,7,MIA,LS,Blake Ferguson,00-0036217,Questionable,Not injury related - personal matter,Limited Participation in Practice,Blake Ferguson,QUESTIONABLE
2024,7,MIA,T,Austin Jackson,00-0036248,Questionable,Back,Limited Participation in Practice,Austin Jackson,QUESTIONABLE
2024,7,MIA,LB,David Long,00-0035292,Questionable,Knee,Limited Participation in Practice,David Long,QUESTIONABLE
2024,7,MIA,DE,Emmanuel Ogbah,00-0033073,Questionable,Biceps,Limited Participation in Practice,Emmanuel Ogbah,QUESTIONABLE
2024,7,MIN,CB,Stephon Gilmore,00-0029542,,,Did Not Participate In Practice,Stephon Gilmore,
2024,7,MIN,S,Harrison Smith,00-0029606,,,Did Not Participate In Practice,Harrison Smith,
2024,7,MIN,S,Theo Jackson,00-0037301,,,Full Participation in Practice,Theo Jackson,
2024,7,MIN,TE,Josh Oliver,00-0035249,,,Full Participation in Practice,Josh Oliver,
2024,7,MIN,LB,Blake Cashman,00-0035276,Out,Toe,Did Not Participate In Practice,Blake Cashman,OUT
2024,7,MIN,CB,Akayleb Evans,00-0038101,Out,Hip,Did Not Participate In Practice,Akayleb Evans,OUT
2024,7,MIN,DE,Patrick Jones,00-0037007,Questionable,Shoulder,Full Participation in Practice,Patrick Jones,QUESTIONABLE
2024,7,MIN,DT,Harrison Phillips,00-0034782,Questionable,Shoulder,Full Participation in Practice,Harrison Phillips,QUESTIONABLE
2024,7,MIN,TE,T.J. Hockenson,00-0035229,Questionable,Knee,Limited Participation in Practice,T.J. Hockenson,QUESTIONABLE
2024,7,MIN,RB,Aaron Jones,00-0033293,Questionable,,Limited Participation in Practice,Aaron Jones,QUESTIONABLE
2024,7,MIN,G,Dalton Risner,00-0035702,Questionable,Back,Limited Participation in Practice,Dalton Risner,QUESTIONABLE
2024,7,NE,CB,Isaiah Bolden,00-0038641,,,Full Participation in Practice,Isaiah Bolden,
2024,7,NE,WR,Kendrick Bourne,00-0033307,,,Full Participation in Practice,Kendrick Bourne,
2024,7,NE,LS,Joe Cardona,00-0032228,,,Full Participation in Practice,Joe Cardona,
2024,7,NE,S,Kyle Dugger,00-0036231,,,Full Participation in Practice,Kyle Dugger,
2024,7,NE,DT,Davon Godchaux,00-0033860,,,Full Participation in Practice,Davon Godchaux,
2024,7,NE,LB,Anfernee Jennings,00-0036193,,,Full Participation in Practice,Anfernee Jennings,
2024,7,NE,CB,Marcus Jones,00-0037253,,,Full Participation in Practice,Marcus Jones,
2024,7,NE,S,Marte Mapu,00-0039054,,,Full Participation in Practice,Marte Mapu,
2024,7,NE,QB,Drake Maye,00-0039851,,,Full Participation in Practice,Drake Maye,
2024,7,NE,WR,K.J. Osborn,00-0036345,,,Full Participation in Practice,K.J. Osborn,
2024,7,NE,T,Vederian Lowe,00-0037287,Out,Ankle,Did Not Participate In Practice,Vederian Lowe,OUT
2024,7,NE,WR,Javon Baker,00-0039853,Questionable,Illness,Did Not Participate In Practice,Javon Baker,QUESTIONABLE
2024,7,NE,G,Michael Jordan,00-0035266,Questionable,Ankle,Full Participation in Practice,Michael Jordan,QUESTIONABLE
2024,7,NE,RB,Rhamondre Stevenson,00-0036875,Questionable,Foot,Full Participation in Practice,Rhamondre Stevenson,QUESTIONABLE
2024,7,NE,LB,Curtis Jacobs,00-0039318,Questionable,Knee,Limited Participation in Practice,Curtis Jacobs,QUESTIONABLE
2024,7,NE,CB,Jonathan Jones,00-0032580,Questionable,Shoulder,Limited Participation in Practice,Jonathan Jones,QUESTIONABLE
2024,7,NE,LB,Sione Takitaki,00-0035646,Questionable,Knee,Limited Participation in Practice,Sione Takitaki,QUESTIONABLE
2024,7,NE,CB,Marco Wilson,00-0036884,Questionable,Groin,Limited Participation in Practice,Marco Wilson,QUESTIONABLE
2024,7,NO,LB,Willie Gay,00-0036362,,,Full Participation in Practice,Willie Gay,
2024,7,NO,DE,Carl Granderson,00-0035402,,,Full Participation in Practice,Carl Granderson,
2024,7,NO,S,Tyrann Mathieu,00-0030459,,,Full Participation in Practice,Tyrann Mathieu,
2024,7,NO,WR,Bub Means,00-0039386,,,Full Participation in Practice,Bub Means,
2024,7,NO,WR,Cedrick Wilson,00-0034418,,,Full Participation in Practice,Cedrick Wilson,
2024,7,NO,S,J.T. Gray,00-0034116,,,Limited Participation in Practice,J.T. Gray,
2024,7,NO,RB,Alvin Kamara,00-0033906,,,Limited Participation in Practice,Alvin Kamara,
2024,7,NO,DT,Nathan Shepherd,00-0034760,,,Limited Participation in Practice,Nathan Shepherd,
2024,7,NO,CB,Alontae Taylor,00-0038121,,,Limited Participation in Practice,Alontae Taylor,
2024,7,NO,DE,Payton Turner,00-0036926,,,Limited Participation in Practice,Payton Turner,
2024,7,NO,WR,Chris Olave,00-0037239,Out,Concussion,Did Not Participate In Practice,Chris Olave,OUT
2024,7,NO,G,Cesar Ruiz,00-0036408,Out,Knee,Did Not Participate In Practice,Cesar Ruiz,OUT
2024,7,NO,WR,Rashid Shaheed,00-0037545,Out,Knee,Did Not Participate In Practice,Rashid Shaheed,OUT
2024,7,NO,LB,Pete Werner,00-0036927,Out,Hamstring,Did Not Participate In Practice,Pete Werner,OUT
2024,7,NO,QB,Derek Carr,00-0031280,Doubtful,Oblique,Did Not Participate In Practice,Derek Carr,DOUBTFUL
2024,7,NO,TE,Taysom Hill,00-0033357,Doubtful,Rib,Limited Participation in Practice,Taysom Hill,DOUBTFUL
2024,7,NO,DT,Khalen Saunders,00-0035656,Questionable,Back,Did Not Participate In Practice,Khalen Saunders,QUESTIONABLE
2024,7,NO,G,Lucas Patrick,00-0033082,Questionable,Chest,Limited Participation in Practice,Lucas Patrick,QUESTIONABLE
2024,7,NYG,T,Andrew Thomas,00-0036386,,,Did Not Participate In Practice,Andrew Thomas,
2024,7,NYG,WR,Bryce Ford-Wheaton,00-0038477,,,Full Participation in Practice,Bryce Ford-Wheaton,
2024,7,NYG,WR,Wan'Dale Robinson,00-0038117,,,Full Participation in Practice,Wan'Dale Robinson,
2024,7,NYG,DT,D.J. Davidson,00-0037260,,,Limited Participation in Practice,D.J. Davidson,
2024,7,NYG,WR,Malik Nabers,00-0039337,,,Limited Participation in Practice,Malik Nabers,
2024,7,NYG,RB,Devin Singletary,00-0035250,,,Limited Participation in Practice,Devin Singletary,
2024,7,NYG,WR,Darius Slayton,00-0035535,,,Limited Participation in Practice,Darius Slayton,
2024,7,NYG,LB,Ty Summers,00-0034999,,,Limited Participation in Practice,Ty Summers,
2024,7,NYG,P,Jamie Gillan,00-0035042,Out,Right Hamstring,Did Not Participate In Practice,Jamie Gillan,OUT
2024,7,NYG,CB,Adoree' Jackson,00-0033878,Out,Neck,Did Not Participate In Practice,Adoree' Jackson,OUT
2024,7,NYG,S,Dane Belton,00-0038123,Questionable,Illness,Did Not Participate In Practice,Dane Belton,QUESTIONABLE
2024,7,NYG,LB,Brian Burns,00-0035713,Questionable,Groin,Limited Participation in Practice,Brian Burns,QUESTIONABLE
2024,7,NYG,DT,Dexter Lawrence,00-0035683,Questionable,Hip,Limited Participation in Practice,Dexter Lawrence,QUESTIONABLE
2024,7,NYJ,WR,Davante Adams,00-0031381,,,Full Participation in Practice,Davante Adams,
2024,7,NYJ,DE,Will McDonald,00-0039142,,,Full Participation in Practice,Will McDonald,
2024,7,NYJ,T,Morgan Moses,00-0031330,,,Full Participation in Practice,Morgan Moses,
2024,7,NYJ,QB,Aaron Rodgers,00-0023459,,,Full Participation in Practice,Aaron Rodgers,
2024,7,NYJ,T,Tyron Smith,00-0027947,,,Full Participation in Practice,Tyron Smith,
2024,7,NYJ,WR,Mike Williams,00-0033536,,,Full Participation in Practice,Mike Williams,
2024,7,NYJ,CB,Michael Carter,00-0036501,Out,Back,Did Not Participate In Practice,Michael Carter,OUT
2024,7,NYJ,CB,D.J. Reed,00-0034384,Questionable,Groin,Did Not Participate In Practice,D.J. Reed,QUESTIONABLE
2024,7,NYJ,TE,Tyler Conklin,00-0034270,Questionable,Hip,Full Participation in Practice,Tyler Conklin,QUESTIONABLE
2024,7,NYJ,LB,Chazz Surratt,00-0037003,Questionable,Heel,Full Participation in Practice,Chazz Surratt,QUESTIONABLE
2024,7,PHI,S,Sydney Brown,00-0039002,,,Full Participation in Practice,Sydney Brown,
2024,7,PHI,LB,Oren Burks,00-0034754,,,Full Participation in Practice,Oren Burks,
2024,7,PHI,DT,Jalen Carter,00-0038386,,,Full Participation in Practice,Jalen Carter,
2024,7,PHI,LB,Jalyx Hunt,00-0039740,,,Full Participation in Practice,Jalyx Hunt,
2024,7,PHI,TE,Albert Okwuegbunam,00-0036423,,,Full Participation in Practice,Albert Okwuegbunam,
2024,7,PHI,WR,Ainias Smith,00-0039747,,,Full Participation in Practice,Ainias Smith,
2024,7,PHI,DT,Milton Williams,00-0036916,,,Full Participation in Practice,Milton Williams,
2024,7,PHI,TE,Dallas Goedert,00-0034351,Out,Hamstring,Did Not Participate In Practice,Dallas Goedert,OUT
2024,7,PHI,T,Jordan Mailata,00-0034429,Out,Hamstring,Did Not Participate In Practice,Jordan Mailata,OUT
2024,7,PHI,DT,Byron Young,00-0038978,Out,Hamstring,Did Not Participate In Practice,Byron Young,OUT
2024,7,PHI,CB,Eli Ricks,00-0038487,Questionable,Groin,Did Not Participate In Practice,Eli Ricks,QUESTIONABLE
2024,7,PHI,CB,Darius Slay,00-0030062,Questionable,Knee,Full Participation in Practice,Darius Slay,QUESTIONABLE
2024,7,PIT,RB,Najee Harris,00-0036893,,,Full Participation in Practice,Najee Harris,
2024,7,PIT,DT,Cameron Heyward,00-0027969,,,Full Participation in Practice,Cameron Heyward,
2024,7,PIT,LB,Alex Highsmith,00-0036333,,,Full Participation in Practice,Alex Highsmith,
2024,7,PIT,DT,Larry Ogunjobi,00-0033905,,,Full Participation in Practice,Larry Ogunjobi,
2024,7,PIT,TE,MyCole Pruitt,00-0031585,,,Full Participation in Practice,MyCole Pruitt,
2024,7,PIT,G,Isaac Seumalo,00-0032954,,,Full Participation in Practice,Isaac Seumalo,
2024,7,PIT,LB,T.J. Watt,00-0033886,,,Full Participation in Practice,T.J. Watt,
2024,7,PIT,C,Zach Frazier,00-0039896,Out,Ankle,Did Not Participate In Practice,Zach Frazier,OUT
2024,7,PIT,LB,Nick Herbig,00-0038577,Out,Hamstring,Did Not Participate In Practice,Nick Herbig,OUT
2024,7,PIT,RB,Cordarrelle Patterson,00-0030578,Out,Knee,Did Not Participate In Practice,Cordarrelle Patterson,OUT
2024,7,PIT,T,Dylan Cook,00-0037480,Out,Foot,Full Participation in Practice,Dylan Cook,OUT
2024,7,PIT,S,Damontae Kazee,00-0033512,Questionable,Ankle,Full Participation in Practice,Damontae Kazee,QUESTIONABLE
2024,7,PIT,DT,Montravius Adams,00-0033929,Questionable,Knee,Limited Participation in Practice,Montravius Adams,QUESTIONABLE
2024,7,PIT,WR,Roman Wilson,00-0039739,Questionable,Hamstring,Limited Participation in Practice,Roman Wilson,QUESTIONABLE
2024,7,SEA,G,Anthony Bradford,00-0039020,,,Full Participation in Practice,Anthony Bradford,
2024,7,SEA,WR,Tyler Lockett,00-0032211,,,Full Participation in Practice,Tyler Lockett,
2024,7,SEA,S,Julian Love,00-0034974,,,Full Participation in Practice,Julian Love,
2024,7,SEA,LB,Boye Mafe,00-0038133,,,Full Participation in Practice,Boye Mafe,
2024,7,SEA,RB,Kenny McIntosh,00-0038636,,,Full Participation in Practice,Kenny McIntosh,
2024,7,SEA,DT,Byron Murphy,00-0039309,,,Full Participation in Practice,Byron Murphy,
2024,7,SEA,WR,Laviska Shenault,00-0036268,,,Full Participation in Practice,Laviska Shenault,
2024,7,SEA,C,Connor Williams,00-0034352,,,Full Participation in Practice,Connor Williams,
2024,7,SEA,DT,Leonard Williams,00-0031933,,,Full Participation in Practice,Leonard Williams,
2024,7,SEA,CB,Tre Brown,00-0036885,Out,Ankle,Did Not Participate In Practice,Tre Brown,OUT
2024,7,SEA,T,Stone Forsythe,00-0036653,Out,Hand,Did Not Participate In Practice,Stone Forsythe,OUT
2024,7,SEA,CB,Tariq Woolen,00-0037079,Out,Ankle,Did Not Participate In Practice,Tariq Woolen,OUT
2024,7,SEA,S,Jerrick Reed,00-0038613,Out,Knee,Full Participation in Practice,Jerrick Reed,OUT
2024,7,SEA,RB,Kenneth Walker,00-0038134,Questionable,Illness,"
    ",Kenneth Walker,QUESTIONABLE
2024,7,SF,DT,Maliek Collins,00-0033131,,,Full Participation in Practice,Maliek Collins,
2024,7,SF,DT,Jordan Elliott,00-0036266,,,Full Participation in Practice,Jordan Elliott,
2024,7,SF,LB,Demetrius Flannigan-Fowles,00-0035020,,,Full Participation in Practice,Demetrius Flannigan-Fowles,
2024,7,SF,DE,Leonard Floyd,00-0033072,,,Full Participation in Practice,Leonard Floyd,
2024,7,SF,RB,Jordan Mason,00-0037525,,,Full Participation in Practice,Jordan Mason,
2024,7,SF,S,Malik Mustapha,00-0039360,,,Full Participation in Practice,Malik Mustapha,
2024,7,SF,WR,Deebo Samuel,00-0035719,,,Full Participation in Practice,Deebo Samuel,
2024,7,SF,CB,Charvarius Ward,00-0034573,,,Full Participation in Practice,Charvarius Ward,
2024,7,SF,T,Trent Williams,00-0027857,,,Full Participation in Practice,Trent Williams,
2024,7,SF,WR,Jauan Jennings,00-0036259,Out,Hip,Did Not Participate In Practice,Jauan Jennings,OUT
2024,7,SF,K,Jake Moody,00-0038562,Out,Right Ankle,Did Not Participate In Practice,Jake Moody,OUT
2024,7,SF,K,Matthew Wright,00-0035189,Out,Shoulder,Did Not Participate In Practice,Matthew Wright,OUT
2024,7,SF,WR,Ricky Pearsall,00-0039916,Questionable,Chest,Full Participation in Practice,Ricky Pearsall,QUESTIONABLE
2024,7,SF,DT,Kevin Givens,00-0035026,Questionable,Groin,Limited Participation in Practice,Kevin Givens,QUESTIONABLE
2024,7,SF,CB,Darrell Luter,00-0038594,Questionable,Pelvis,Limited Participation in Practice,Darrell Luter,QUESTIONABLE
2024,7,TB,LB,Lavonte David,00-0029562,,,Did Not Participate In Practice,Lavonte David,
2024,7,TB,DE,William Gholston,00-0030386,,,Did Not Participate In Practice,William Gholston,
2024,7,TB,C,Graham Barton,00-0039905,,,Full Participation in Practice,Graham Barton,
2024,7,TB,LB,Chris Braswell,00-0039902,,,Full Participation in Practice,Chris Braswell,
2024,7,TB,S,Christian Izien,00-0038820,,,Full Participation in Practice,Christian Izien,
2024,7,TB,WR,Mike Evans,00-0031408,,,Limited Participation in Practice,Mike Evans,
2024,7,TB,S,Antoine Winfield,00-0036411,,,Limited Participation in Practice,Antoine Winfield,
2024,7,TB,CB,Jamel Dean,00-0035699,Out,Hamstring,Did Not Participate In Practice,Jamel Dean,OUT
2024,7,TB,TE,Payne Durham,00-0039050,Out,Calf,Did Not Participate In Practice,Payne Durham,OUT
2024,7,TB,WR,Kameron Johnson,00-0039589,Out,Ankle,Did Not Participate In Practice,Kameron Johnson,OUT
2024,7,TB,WR,Rakim Jarrett,00-0038821,Out,Knee,Full Participation in Practice,Rakim Jarrett,OUT
2024,7,TB,DT,Vita Vea,00-0034773,Questionable,Hamstring,Did Not Participate In Practice,Vita Vea,QUESTIONABLE
2024,7,TB,DE,Earnest Brown,00-0036855,Questionable,Ribs,Full Participation in Practice,Earnest Brown,QUESTIONABLE
2024,7,TB,WR,Trey Palmer,00-0039052,Questionable,Concussion,Full Participation in Practice,Trey Palmer,QUESTIONABLE
2024,7,TB,RB,Rachaad White,00-0037256,Questionable,Foot,Full Participation in Practice,Rachaad White,QUESTIONABLE
2024,7,TEN,WR,DeAndre Hopkins,00-0030564,,,Full Participation in Practice,DeAndre Hopkins,
2024,7,TEN,LB,Ernest Jones,00-0036994,,,Full Participation in Practice,Ernest Jones,
2024,7,TEN,LB,Kenneth Murray,00-0036441,,,Full Participation in Practice,Kenneth Murray,
2024,7,TEN,DT,Jeffery Simmons,00-0035643,,,Full Participation in Practice,Jeffery Simmons,
2024,7,TEN,DT,T'Vondre Sweat,00-0039886,,,Full Participation in Practice,T'Vondre Sweat,
2024,7,TEN,WR,Treylon Burks,00-0037742,Out,Knee,Did Not Participate In Practice,Treylon Burks,OUT
2024,7,TEN,DT,Keondre Coburn,00-0038985,Out,Knee,Did Not Participate In Practice,Keondre Coburn,OUT
2024,7,TEN,RB,Tyjae Spears,00-0039032,Out,Hamstring,Did Not Participate In Practice,Tyjae Spears,OUT
2024,7,TEN,LB,Cedric Gray,00-0039858,Out,Shoulder,Full Participation in Practice,Cedric Gray,OUT
2024,7,TEN,CB,L'Jarius Sneed,00-0036374,Questionable,Quadricep,Did Not Participate In Practice,L'Jarius Sneed,QUESTIONABLE
2024,7,TEN,QB,Will Levis,00-0039152,Questionable,Right Shoulder,Limited Participation in Practice,Will Levis,QUESTIONABLE
2024,7,WAS,TE,Zach Ertz,00-0030061,,,Did Not Participate In Practice,Zach Ertz,
2024,7,WAS,LB,Bobby Wagner,00-0029255,,,Did Not Participate In Practice,Bobby Wagner,
2024,7,WAS,G,Nick Allegretti,00-0035149,,,Full Participation in Practice,Nick Allegretti,
2024,7,WAS,C,Tyler Biadasz,00-0036376,,,Full Participation in Practice,Tyler Biadasz,
2024,7,WAS,WR,Noah Brown,00-0033591,,,Full Participation in Practice,Noah Brown,
2024,7,WAS,S,Percy Butler,00-0038100,,,Full Participation in Practice,Percy Butler,
2024,7,WAS,CB,Emmanuel Forbes,00-0039151,,,Full Participation in Practice,Emmanuel Forbes,
2024,7,WAS,LB,Frankie Luvu,00-0034302,,,Full Participation in Practice,Frankie Luvu,
2024,7,WAS,S,Quan Martin,00-0039149,,,Full Participation in Practice,Quan Martin,
2024,7,WAS,DT,Daron Payne,00-0034333,,,Full Participation in Practice,Daron Payne,
2024,7,WAS,WR,Terry McLaurin,00-0035659,,,Limited Participation in Practice,Terry McLaurin,
2024,7,WAS,DE,Dorance Armstrong,00-0034373,Out,Rib,Did Not Participate In Practice,Dorance Armstrong,OUT
2024,7,WAS,S,Tyler Owens,00-0039681,Out,Shin,Did Not Participate In Practice,Tyler Owens,OUT
2024,7,WAS,LB,Jordan Magee,00-0039368,Questionable,Knee,Full Participation in Practice,Jordan Magee,QUESTIONABLE
2024,7,WAS,DE,Clelin Ferrell,00-0035692,Questionable,Knee,Limited Participation in Practice,Clelin Ferrell,QUESTIONABLE
2024,7,WAS,RB,Brian Robinson,00-0037746,Questionable,Knee,Limited Participation in Practice,Brian Robinson,QUESTIONABLE
2024,8,ARI,LB,Dennis Gardeck,00-0034473,,,Did Not Participate In Practice,Dennis Gardeck,
2024,8,ARI,G,Isaiah Adams,00-0039808,,,Full Participation in Practice,Isaiah Adams,
2024,8,ARI,WR,Marvin Harrison,00-0039849,,,Full Participation in Practice,Marvin Harrison,
2024,8,ARI,T,Christian Jones,00-0039382,,,Full Participation in Practice,Christian Jones,
2024,8,ARI,CB,Max Melton,00-0039807,,,Full Participation in Practice,Max Melton,
2024,8,ARI,LB,Owen Pappoe,00-0038600,,,Full Participation in Practice,Owen Pappoe,
2024,8,ARI,DT,Roy Lopez,00-0036568,Out,Ankle,Did Not Participate In Practice,Roy Lopez,OUT
2024,8,ARI,CB,Sean Murphy-Bunting,00-0035239,Out,Neck,Did Not Participate In Practice,Sean Murphy-Bunting,OUT
2024,8,ARI,DT,Darius Robinson,00-0039854,Out,Not injury related - personal matter,Did Not Participate In Practice,Darius Robinson,OUT
2024,8,ARI,T,Kelvin Beachum,00-0029316,Questionable,Groin,Full Participation in Practice,Kelvin Beachum,QUESTIONABLE
2024,8,ATL,DT,Grady Jarrett,00-0031583,,,Did Not Participate In Practice,Grady Jarrett,
2024,8,ATL,DT,David Onyemata,00-0033051,,,Did Not Participate In Practice,David Onyemata,
2024,8,ATL,G,Matthew Bergeron,00-0039048,,,Full Participation in Practice,Matthew Bergeron,
2024,8,ATL,LB,Nate Landman,00-0037587,,,Full Participation in Practice,Nate Landman,
2024,8,ATL,LB,Matt Judon,00-0032415,,,Limited Participation in Practice,Matt Judon,
2024,8,ATL,T,Jake Matthews,00-0031279,,,Limited Participation in Practice,Jake Matthews,
2024,8,ATL,T,Kaleb McGary,00-0035235,,,Limited Participation in Practice,Kaleb McGary,
2024,8,ATL,RB,Bijan Robinson,00-0038542,,,Limited Participation in Practice,Bijan Robinson,
2024,8,ATL,LB,Troy Andersen,00-0037810,Out,Knee,Limited Participation in Practice,Troy Andersen,OUT
2024,8,ATL,S,Justin Simmons,00-0032971,Doubtful,Hamstring,Did Not Participate In Practice,Justin Simmons,DOUBTFUL
2024,8,ATL,CB,Antonio Hamilton,00-0032933,Questionable,Back,Limited Participation in Practice,Antonio Hamilton,QUESTIONABLE
2024,8,ATL,C,Ryan Neuzil,00-0036833,Questionable,Knee,Limited Participation in Practice,Ryan Neuzil,QUESTIONABLE
2024,8,BAL,LB,Malik Harrison,00-0036280,,,Full Participation in Practice,Malik Harrison,
2024,8,BAL,CB,Arthur Maulet,00-0033503,,,Full Participation in Practice,Arthur Maulet,
2024,8,BAL,DE,Broderick Washington,00-0036081,,,Full Participation in Practice,Broderick Washington,
2024,8,BAL,RB,Rasheen Ali,00-0039796,Out,Ankle,Did Not Participate In Practice,Rasheen Ali,OUT
2024,8,BAL,CB,T.J. Tampa,00-0039234,Out,Ankle,Did Not Participate In Practice,T.J. Tampa,OUT
2024,8,BAL,RB,Keaton Mitchell,00-0038454,Out,Knee,Limited Participation in Practice,Keaton Mitchell,OUT
2024,8,BAL,CB,Marlon Humphrey,00-0033281,Doubtful,Knee,Did Not Participate In Practice,Marlon Humphrey,DOUBTFUL
2024,8,BAL,CB,Jalyn Armour-Davis,00-0038119,Questionable,Hamstring,Full Participation in Practice,Jalyn Armour-Davis,QUESTIONABLE
2024,8,BAL,WR,Zay Flowers,00-0039064,Questionable,Ankle,Limited Participation in Practice,Zay Flowers,QUESTIONABLE
2024,8,BAL,DT,Travis Jones,00-0037756,Questionable,Ankle,Limited Participation in Practice,Travis Jones,QUESTIONABLE
2024,8,BAL,CB,Nate Wiggins,00-0039232,Questionable,Shoulder,Limited Participation in Practice,Nate Wiggins,QUESTIONABLE
2024,8,BUF,QB,Josh Allen,00-0034857,,,Full Participation in Practice,Josh Allen,
2024,8,BUF,S,Damar Hamlin,00-0036888,,,Full Participation in Practice,Damar Hamlin,
2024,8,BUF,WR,Mack Hollins,00-0033555,,,Full Participation in Practice,Mack Hollins,
2024,8,BUF,CB,Taron Johnson,00-0034376,,,Full Participation in Practice,Taron Johnson,
2024,8,BUF,TE,Dalton Kincaid,00-0038933,,,Full Participation in Practice,Dalton Kincaid,
2024,8,BUF,TE,Dawson Knox,00-0035689,,,Full Participation in Practice,Dawson Knox,
2024,8,BUF,TE,Quintin Morris,00-0036590,,,Full Participation in Practice,Quintin Morris,
2024,8,BUF,DE,Dawuane Smoot,00-0033907,,,Full Participation in Practice,Dawuane Smoot,
2024,8,BUF,QB,Mitchell Trubisky,00-0033869,,,Full Participation in Practice,Mitchell Trubisky,
2024,8,BUF,LB,Dorian Williams,00-0038557,,,Full Participation in Practice,Dorian Williams,
2024,8,BUF,DT,DaQuan Jones,00-0031054,,,Limited Participation in Practice,DaQuan Jones,
2024,8,BUF,LB,Terrel Bernard,00-0037254,Out,Ankle,Did Not Participate In Practice,Terrel Bernard,OUT
2024,8,BUF,WR,Curtis Samuel,00-0033282,Out,Pectoral,Did Not Participate In Practice,Curtis Samuel,OUT
2024,8,BUF,DT,DeWayne Carter,00-0039873,Out,Wrist,Limited Participation in Practice,DeWayne Carter,OUT
2024,8,BUF,RB,Darrynton Evans,00-0036297,Doubtful,Hamstring,Full Participation in Practice,Darrynton Evans,DOUBTFUL
2024,8,CAR,K,Eddy Pineiro,00-0034173,,,Did Not Participate In Practice,Eddy Pineiro,
2024,8,CAR,RB,Raheem Blackshear,00-0037429,,,Full Participation in Practice,Raheem Blackshear,
2024,8,CAR,LB,Jon Rhattigan,00-0036802,,,Full Participation in Practice,Jon Rhattigan,
2024,8,CAR,TE,Ja'Tavion Sanders,00-0039356,,,Full Participation in Practice,Ja'Tavion Sanders,
2024,8,CAR,WR,Diontae Johnson,00-0035216,Out,Rib,Did Not Participate In Practice,Diontae Johnson,OUT
2024,8,CAR,S,Jammie Robinson,00-0038587,Out,Knee,Did Not Participate In Practice,Jammie Robinson,OUT
2024,8,CAR,S,Nick Scott,00-0035669,Out,Hamstring,Did Not Participate In Practice,Nick Scott,OUT
2024,8,CAR,WR,Adam Thielen,00-0030035,Out,Hamstring,Did Not Participate In Practice,Adam Thielen,OUT
2024,8,CAR,S,Jordan Fuller,00-0036431,Out,Hamstring,Limited Participation in Practice,Jordan Fuller,OUT
2024,8,CAR,LB,D.J. Wonnum,00-0036335,Out,Quadricep,Limited Participation in Practice,D.J. Wonnum,OUT
2024,8,CAR,QB,Andy Dalton,00-0027973,Doubtful,Right Thumb,Did Not Participate In Practice,Andy Dalton,DOUBTFUL
2024,8,CAR,RB,Jonathon Brooks,00-0039344,Doubtful,Knee,Limited Participation in Practice,Jonathon Brooks,DOUBTFUL
2024,8,CAR,CB,Dane Jackson,00-0036166,Doubtful,Hamstring,Limited Participation in Practice,Dane Jackson,DOUBTFUL
2024,8,CAR,LB,Jadeveon Clowney,00-0031364,Questionable,Shoulder,Full Participation in Practice,Jadeveon Clowney,QUESTIONABLE
2024,8,CAR,DT,Jaden Crumedy,00-0039402,Questionable,Ankle,Full Participation in Practice,Jaden Crumedy,QUESTIONABLE
2024,8,CAR,S,Sam Franklin,00-0036037,Questionable,Foot,Full Participation in Practice,Sam Franklin,QUESTIONABLE
2024,8,CAR,TE,Tommy Tremble,00-0037005,Questionable,Back,Full Participation in Practice,Tommy Tremble,QUESTIONABLE
2024,8,CAR,LB,Claudin Cherelus,00-0038493,Questionable,Hamstring,Limited Participation in Practice,Claudin Cherelus,QUESTIONABLE
2024,8,CAR,LB,Josey Jewell,00-0034368,Questionable,Hamstring,Limited Participation in Practice,Josey Jewell,QUESTIONABLE
2024,8,CAR,T,Taylor Moton,00-0033284,Questionable,Elbow,Limited Participation in Practice,Taylor Moton,QUESTIONABLE
2024,8,CAR,T,Yosuah Nijman,00-0035084,Questionable,Knee,Limited Participation in Practice,Yosuah Nijman,QUESTIONABLE
2024,8,CAR,DE,A'Shawn Robinson,00-0032889,Questionable,Knee,Limited Participation in Practice,A'Shawn Robinson,QUESTIONABLE
2024,8,CHI,LS,Scott Daly,00-0034067,,,Full Participation in Practice,Scott Daly,
2024,8,CHI,TE,Marcedes Lewis,00-0024243,,,Full Participation in Practice,Marcedes Lewis,
2024,8,CHI,DT,Zacch Pickens,00-0038937,,,Full Participation in Practice,Zacch Pickens,
2024,8,CHI,CB,Terell Smith,00-0038395,,,Full Participation in Practice,Terell Smith,
2024,8,CHI,CB,Tyrique Stevenson,00-0039071,,,Full Participation in Practice,Tyrique Stevenson,
2024,8,CHI,S,Jaquan Brisker,00-0038135,Out,Concussion,Did Not Participate In Practice,Jaquan Brisker,OUT
2024,8,CHI,CB,Kyler Gordon,00-0038111,Out,Hamstring,Did Not Participate In Practice,Kyler Gordon,OUT
2024,8,CHI,T,Larry Borom,00-0036905,Questionable,Ankle,Full Participation in Practice,Larry Borom,QUESTIONABLE
2024,8,CHI,RB,Travis Homer,00-0035594,Questionable,Finger,Full Participation in Practice,Travis Homer,QUESTIONABLE
2024,8,CHI,DE,Jake Martin,00-0034163,Questionable,Toe,Full Participation in Practice,Jake Martin,QUESTIONABLE
2024,8,CIN,T,Orlando Brown,00-0034752,,,Full Participation in Practice,Orlando Brown,
2024,8,CIN,QB,Joe Burrow,00-0036442,,,Full Participation in Practice,Joe Burrow,
2024,8,CIN,DE,Trey Hendrickson,00-0033935,,,Full Participation in Practice,Trey Hendrickson,
2024,8,CIN,DT,Kris Jenkins,00-0039908,,,Full Participation in Practice,Kris Jenkins,
2024,8,CIN,S,Geno Stone,00-0036199,,,Full Participation in Practice,Geno Stone,
2024,8,CIN,WR,Tee Higgins,00-0036410,Questionable,Quadricep,Limited Participation in Practice,Tee Higgins,QUESTIONABLE
2024,8,CLE,CB,Tony Brown,00-0034540,,,Full Participation in Practice,Tony Brown,
2024,8,CLE,T,Jack Conklin,00-0033057,,,Full Participation in Practice,Jack Conklin,
2024,8,CLE,S,Grant Delpit,00-0036282,,,Full Participation in Practice,Grant Delpit,
2024,8,CLE,DE,Myles Garrett,00-0033868,,,Full Participation in Practice,Myles Garrett,
2024,8,CLE,DE,Quinton Jefferson,00-0032416,,,Full Participation in Practice,Quinton Jefferson,
2024,8,CLE,WR,Jerry Jeudy,00-0036407,,,Full Participation in Practice,Jerry Jeudy,
2024,8,CLE,C,Ethan Pocic,00-0033901,,,Full Participation in Practice,Ethan Pocic,
2024,8,CLE,QB,Dorian Thompson-Robinson,00-0038583,,,Full Participation in Practice,Dorian Thompson-Robinson,
2024,8,CLE,DT,Shelby Harris,00-0031270,,,Limited Participation in Practice,Shelby Harris,
2024,8,CLE,S,Ronnie Hickman,00-0038715,Out,Ankle,Did Not Participate In Practice,Ronnie Hickman,OUT
2024,8,CLE,LB,Jordan Hicks,00-0032129,Out,Elbow,Did Not Participate In Practice,Jordan Hicks,OUT
2024,8,CLE,T,Jedrick Wills,00-0036267,Out,Knee,Did Not Participate In Practice,Jedrick Wills,OUT
2024,8,CLE,RB,Jerome Ford,00-0037267,Out,Hamstring,Limited Participation in Practice,Jerome Ford,OUT
2024,8,CLE,G,Wyatt Teller,00-0034399,Questionable,Knee,Full Participation in Practice,Wyatt Teller,QUESTIONABLE
2024,8,DAL,K,Brandon Aubrey,00-0037692,,,Did Not Participate In Practice,Brandon Aubrey,
2024,8,DAL,WR,Ryan Flournoy,00-0039410,,,Full Participation in Practice,Ryan Flournoy,
2024,8,DAL,LB,Marist Liufau,00-0039352,,,Full Participation in Practice,Marist Liufau,
2024,8,DAL,CB,Daron Bland,00-0037275,Out,Foot,Did Not Participate In Practice,Daron Bland,OUT
2024,8,DAL,DE,Micah Parsons,00-0036932,Out,Ankle,Did Not Participate In Practice,Micah Parsons,OUT
2024,8,DAL,TE,John Stephens,00-0038741,Out,Knee,Did Not Participate In Practice,John Stephens,OUT
2024,8,DAL,DT,Jordan Phillips,00-0031557,Out,Wrist,Full Participation in Practice,Jordan Phillips,OUT
2024,8,DAL,LB,Nick Vigil,00-0032892,Questionable,Foot,Did Not Participate In Practice,Nick Vigil,QUESTIONABLE
2024,8,DAL,CB,Caelen Carson,00-0039387,Questionable,Shoulder,Full Participation in Practice,Caelen Carson,QUESTIONABLE
2024,8,DAL,LB,Eric Kendricks,00-0031554,Questionable,Shoulder,Limited Participation in Practice,Eric Kendricks,QUESTIONABLE
2024,8,DEN,T,Mike McGlinchey,00-0034847,,,Full Participation in Practice,Mike McGlinchey,
2024,8,DEN,DT,Malcolm Roach,00-0035763,,,Full Participation in Practice,Malcolm Roach,
2024,8,DEN,CB,Patrick Surtain,00-0036874,,,Full Participation in Practice,Patrick Surtain,
2024,8,DEN,S,P.J. Locke,00-0035227,Doubtful,,Did Not Participate In Practice,P.J. Locke,DOUBTFUL
2024,8,DEN,T,Alex Palczewski,00-0038796,Questionable,Ankle,Limited Participation in Practice,Alex Palczewski,QUESTIONABLE
2024,8,DET,T,Taylor Decker,00-0032381,,,Full Participation in Practice,Taylor Decker,
2024,8,DET,G,Graham Glasgow,00-0032395,,,Full Participation in Practice,Graham Glasgow,
2024,8,DET,DE,Levi Onwuzurike,00-0036954,,,Full Participation in Practice,Levi Onwuzurike,
2024,8,DET,C,Frank Ragnow,00-0034345,,,Full Participation in Practice,Frank Ragnow,
2024,8,DET,G,Kevin Zeitler,00-0029592,,,Full Participation in Practice,Kevin Zeitler,
2024,8,DET,DE,Josh Paschal,00-0038096,Out,Illness,Did Not Participate In Practice,Josh Paschal,OUT
2024,8,DET,G,Christian Mahogany,00-0039408,Out,Illness,Full Participation in Practice,Christian Mahogany,OUT
2024,8,GB,CB,Jaire Alexander,00-0034728,,,Full Participation in Practice,Jaire Alexander,
2024,8,GB,DT,Kenny Clark,00-0033120,,,Full Participation in Practice,Kenny Clark,
2024,8,GB,CB,Keisean Nixon,00-0035133,,,Full Participation in Practice,Keisean Nixon,
2024,8,GB,WR,Jayden Reed,00-0039146,,,Full Participation in Practice,Jayden Reed,
2024,8,GB,WR,Christian Watson,00-0038124,,,Full Participation in Practice,Christian Watson,
2024,8,GB,DT,Colby Wooden,00-0038387,,,Full Participation in Practice,Colby Wooden,
2024,8,GB,G,Elgton Jenkins,00-0035526,,,Limited Participation in Practice,Elgton Jenkins,
2024,8,GB,CB,Corey Ballentine,00-0035633,Doubtful,Ankle,Did Not Participate In Practice,Corey Ballentine,DOUBTFUL
2024,8,GB,C,Josh Myers,00-0036622,Questionable,Wrist,Limited Participation in Practice,Josh Myers,QUESTIONABLE
2024,8,GB,LB,Quay Walker,00-0037074,Questionable,Concussion,Limited Participation in Practice,Quay Walker,QUESTIONABLE
2024,8,GB,DT,Devonte Wyatt,00-0037075,Questionable,Ankle,Limited Participation in Practice,Devonte Wyatt,QUESTIONABLE
2024,8,HOU,DE,Will Anderson,00-0039108,,,Full Participation in Practice,Will Anderson,
2024,8,HOU,DT,Folorunso Fatukasi,00-0034275,,,Full Participation in Practice,Folorunso Fatukasi,
2024,8,HOU,T,Tytus Howard,00-0035234,,,Full Participation in Practice,Tytus Howard,
2024,8,HOU,CB,Kamari Lassiter,00-0039343,,,Full Participation in Practice,Kamari Lassiter,
2024,8,HOU,CB,D'Angelo Ross,00-0034966,,,Full Participation in Practice,D'Angelo Ross,
2024,8,HOU,WR,Steven Sims,00-0034928,,,Full Participation in Practice,Steven Sims,
2024,8,HOU,T,Laremy Tunsil,00-0032380,,,Full Participation in Practice,Laremy Tunsil,
2024,8,HOU,WR,Robert Woods,00-0030431,,,Full Participation in Practice,Robert Woods,
2024,8,HOU,WR,Stefon Diggs,00-0031588,,,Limited Participation in Practice,Stefon Diggs,
2024,8,HOU,LB,Azeez Al-Shaair,00-0035166,Out,Knee,Did Not Participate In Practice,Azeez Al-Shaair,OUT
2024,8,HOU,S,Jimmie Ward,00-0031298,Out,Groin,Did Not Participate In Practice,Jimmie Ward,OUT
2024,8,HOU,LB,Henry To'oTo'o,00-0038599,Questionable,Concussion,Limited Participation in Practice,Henry To'oTo'o,QUESTIONABLE
2024,8,IND,DT,DeForest Buckner,00-0032378,,,Did Not Participate In Practice,DeForest Buckner,
2024,8,IND,WR,Michael Pittman,00-0036252,,,Did Not Participate In Practice,Michael Pittman,
2024,8,IND,T,Braden Smith,00-0034836,,,Did Not Participate In Practice,Braden Smith,
2024,8,IND,DT,Grover Stewart,00-0033952,,,Did Not Participate In Practice,Grover Stewart,
2024,8,IND,WR,Josh Downs,00-0038997,,,Full Participation in Practice,Josh Downs,
2024,8,IND,WR,Ashton Dulin,00-0035021,,,Full Participation in Practice,Ashton Dulin,
2024,8,IND,C,Ryan Kelly,00-0032383,,,Full Participation in Practice,Ryan Kelly,
2024,8,IND,CB,Chris Lammons,00-0034145,,,Full Participation in Practice,Chris Lammons,
2024,8,IND,LB,Cameron McGrone,00-0036644,,,Full Participation in Practice,Cameron McGrone,
2024,8,IND,LB,E.J. Speed,00-0034987,,,Full Participation in Practice,E.J. Speed,
2024,8,IND,RB,Jonathan Taylor,00-0036223,,,Full Participation in Practice,Jonathan Taylor,
2024,8,IND,DE,Genard Avery,00-0034682,Out,Foot,Did Not Participate In Practice,Genard Avery,OUT
2024,8,IND,LB,Jaylon Carlies,00-0039377,Out,Fibula,Did Not Participate In Practice,Jaylon Carlies,OUT
2024,8,JAX,DE,Arik Armstead,00-0032164,,,Full Participation in Practice,Arik Armstead,
2024,8,JAX,TE,Evan Engram,00-0033881,,,Full Participation in Practice,Evan Engram,
2024,8,JAX,WR,Gabe Davis,00-0036196,,,Limited Participation in Practice,Gabe Davis,
2024,8,JAX,DT,Maason Smith,00-0039889,Questionable,Ankle,Did Not Participate In Practice,Maason Smith,QUESTIONABLE
2024,8,JAX,RB,Travis Etienne,00-0036973,Questionable,Hamstring,Limited Participation in Practice,Travis Etienne,QUESTIONABLE
2024,8,JAX,LB,Foyesade Oluokun,00-0034413,Questionable,Foot,Limited Participation in Practice,Foyesade Oluokun,QUESTIONABLE
2024,8,JAX,DE,Esezi Otomewo,00-0037274,Questionable,Calf,Limited Participation in Practice,Esezi Otomewo,QUESTIONABLE
2024,8,JAX,T,Cam Robinson,00-0033889,Questionable,Concussion,Limited Participation in Practice,Cam Robinson,QUESTIONABLE
2024,8,JAX,S,Andrew Wingard,00-0035378,Questionable,Knee,Limited Participation in Practice,Andrew Wingard,QUESTIONABLE
2024,8,KC,LB,Leo Chenal,00-0037819,,,Full Participation in Practice,Leo Chenal,
2024,8,KC,WR,Mecole Hardman,00-0035140,,,Full Participation in Practice,Mecole Hardman,
2024,8,KC,S,Jaden Hicks,00-0039825,,,Full Participation in Practice,Jaden Hicks,
2024,8,KC,RB,Kareem Hunt,00-0033923,,,Full Participation in Practice,Kareem Hunt,
2024,8,KC,DT,Derrick Nnadi,00-0034818,,,Full Participation in Practice,Derrick Nnadi,
2024,8,KC,S,Justin Reid,00-0034361,,,Full Participation in Practice,Justin Reid,
2024,8,KC,TE,Jared Wiley,00-0039824,,,Full Participation in Practice,Jared Wiley,
2024,8,KC,DE,Michael Danna,00-0036378,Out,Pectoral,Did Not Participate In Practice,Michael Danna,OUT
2024,8,KC,WR,JuJu Smith-Schuster,00-0033857,Out,Hamstring,Did Not Participate In Practice,JuJu Smith-Schuster,OUT
2024,8,LA,CB,Tre'Davious White,00-0033884,,,Did Not Participate In Practice,Tre'Davious White,
2024,8,LA,WR,Cooper Kupp,00-0033908,,,Full Participation in Practice,Cooper Kupp,
2024,8,LA,LB,Troy Reeder,00-0035617,Out,Hamstring,Did Not Participate In Practice,Troy Reeder,OUT
2024,8,LA,WR,Jordan Whittington,00-0039751,Out,Shoulder,Did Not Participate In Practice,Jordan Whittington,OUT
2024,8,LA,T,Joseph Noteboom,00-0034803,Out,Ankle,Full Participation in Practice,Joseph Noteboom,OUT
2024,8,LA,DE,Braden Fiske,00-0039734,Questionable,Back,Limited Participation in Practice,Braden Fiske,QUESTIONABLE
2024,8,LA,DT,Neville Gallimore,00-0036366,Questionable,Shoulder,Limited Participation in Practice,Neville Gallimore,QUESTIONABLE
2024,8,LA,WR,Puka Nacua,00-0039075,Questionable,Knee,Limited Participation in Practice,Puka Nacua,QUESTIONABLE
2024,8,LAC,CB,Kristian Fulton,00-0036416,Note,-- ,Full Participation in Practice,Kristian Fulton,
2024,8,LAC,DE,Khalil Mack,00-0031040,Note,-- ,Full Participation in Practice,Khalil Mack,
2024,8,LAC,CB,Ja'Sir Taylor,00-0037307,Note,-- ,Full Participation in Practice,Ja'Sir Taylor,
2024,8,LAC,WR,Derius Davis,00-0038573,Doubtful,Hamstring,Did Not Participate In Practice,Derius Davis,DOUBTFUL
2024,8,LAC,WR,Quentin Johnston,00-0038544,Doubtful,Ankle,Limited Participation in Practice,Quentin Johnston,DOUBTFUL
2024,8,LAC,DE,Joey Bosa,00-0033156,Questionable,Hip,Limited Participation in Practice,Joey Bosa,QUESTIONABLE
2024,8,LAC,WR,D.J. Chark,00-0034777,Questionable,Groin,Limited Participation in Practice,D.J. Chark,QUESTIONABLE
2024,8,LAC,TE,Will Dissly,00-0034159,Questionable,Shoulder,Limited Participation in Practice,Will Dissly,QUESTIONABLE
2024,8,LAC,TE,Hayden Hurst,00-0034830,Questionable,Groin,Limited Participation in Practice,Hayden Hurst,QUESTIONABLE
2024,8,LAC,WR,Ladd McConkey,00-0039915,Questionable,Hip,Limited Participation in Practice,Ladd McConkey,QUESTIONABLE
2024,8,LAC,LB,Denzel Perryman,00-0032103,Questionable,Toe,Limited Participation in Practice,Denzel Perryman,QUESTIONABLE
2024,8,LV,CB,Jakorian Bennett,00-0039072,,,Full Participation in Practice,Jakorian Bennett,
2024,8,LV,DT,Adam Butler,00-0033381,,,Full Participation in Practice,Adam Butler,
2024,8,LV,DE,Maxx Crosby,00-0034973,,,Full Participation in Practice,Maxx Crosby,
2024,8,LV,T,Kolton Miller,00-0034759,,,Full Participation in Practice,Kolton Miller,
2024,8,LV,QB,Gardner Minshew,00-0035289,,,Full Participation in Practice,Gardner Minshew,
2024,8,LV,G,Dylan Parham,00-0037255,Out,Foot,Did Not Participate In Practice,Dylan Parham,OUT
2024,8,LV,TE,Harrison Bryant,00-0036232,Questionable,Elbow,Did Not Participate In Practice,Harrison Bryant,QUESTIONABLE
2024,8,LV,LB,Tommy Eichenberg,00-0039374,Questionable,Quadricep,Full Participation in Practice,Tommy Eichenberg,QUESTIONABLE
2024,8,LV,LB,Kana'i Mauga,00-0037383,Questionable,Knee,Full Participation in Practice,Kana'i Mauga,QUESTIONABLE
2024,8,LV,WR,Jakobi Meyers,00-0034960,Questionable,Abdomen,Full Participation in Practice,Jakobi Meyers,QUESTIONABLE
2024,8,MIA,T,Terron Armstead,00-0030067,,,Did Not Participate In Practice,Terron Armstead,
2024,8,MIA,DT,Calais Campbell,00-0026190,,,Did Not Participate In Practice,Calais Campbell,
2024,8,MIA,QB,Tyler Huntley,00-0035993,,,Did Not Participate In Practice,Tyler Huntley,
2024,8,MIA,G,Liam Eichenberg,00-0037010,,,Full Participation in Practice,Liam Eichenberg,
2024,8,MIA,S,Jevon Holland,00-0036998,,,Full Participation in Practice,Jevon Holland,
2024,8,MIA,LB,Emmanuel Ogbah,00-0033073,,,Full Participation in Practice,Emmanuel Ogbah,
2024,8,MIA,WR,Jaylen Waddle,00-0036613,,,Full Participation in Practice,Jaylen Waddle,
2024,8,MIA,CB,Kader Kohou,00-0037353,Out,Neck,Did Not Participate In Practice,Kader Kohou,OUT
2024,8,MIA,DT,Zach Sieler,00-0034285,Out,Eye,Did Not Participate In Practice,Zach Sieler,OUT
2024,8,MIA,CB,Storm Duck,00-0039481,Doubtful,Ankle,Did Not Participate In Practice,Storm Duck,DOUBTFUL
2024,8,MIA,WR,Tyreek Hill,00-0033040,Questionable,Foot,Did Not Participate In Practice,Tyreek Hill,QUESTIONABLE
2024,8,MIA,QB,Tua Tagovailoa,00-0036212,Questionable,Concussion,Full Participation in Practice,Tua Tagovailoa,QUESTIONABLE
2024,8,MIN,S,Theo Jackson,00-0037301,,,Full Participation in Practice,Theo Jackson,
2024,8,MIN,DE,Patrick Jones,00-0037007,,,Full Participation in Practice,Patrick Jones,
2024,8,MIN,RB,Aaron Jones,00-0033293,,,Full Participation in Practice,Aaron Jones,
2024,8,MIN,TE,Josh Oliver,00-0035249,,,Full Participation in Practice,Josh Oliver,
2024,8,MIN,DT,Harrison Phillips,00-0034782,,,Full Participation in Practice,Harrison Phillips,
2024,8,MIN,LB,Blake Cashman,00-0035276,Out,Toe,Did Not Participate In Practice,Blake Cashman,OUT
2024,8,MIN,G,Dalton Risner,00-0035702,Questionable,Back,Full Participation in Practice,Dalton Risner,QUESTIONABLE
2024,8,MIN,CB,Akayleb Evans,00-0038101,Questionable,Hip,Limited Participation in Practice,Akayleb Evans,QUESTIONABLE
2024,8,MIN,TE,T.J. Hockenson,00-0035229,Questionable,Knee,Limited Participation in Practice,T.J. Hockenson,QUESTIONABLE
2024,8,NE,WR,Kendrick Bourne,00-0033307,,,Full Participation in Practice,Kendrick Bourne,
2024,8,NE,LB,Curtis Jacobs,00-0039318,,,Full Participation in Practice,Curtis Jacobs,
2024,8,NE,LB,Anfernee Jennings,00-0036193,,,Full Participation in Practice,Anfernee Jennings,
2024,8,NE,S,Marte Mapu,00-0039054,,,Full Participation in Practice,Marte Mapu,
2024,8,NE,QB,Drake Maye,00-0039851,,,Full Participation in Practice,Drake Maye,
2024,8,NE,RB,Rhamondre Stevenson,00-0036875,,,Full Participation in Practice,Rhamondre Stevenson,
2024,8,NE,WR,Ja'Lynn Polk,00-0039907,Out,Concussion,Did Not Participate In Practice,Ja'Lynn Polk,OUT
2024,8,NE,G,Layden Robinson,00-0039887,Out,Ankle,Did Not Participate In Practice,Layden Robinson,OUT
2024,8,NE,S,Brenden Schooler,00-0037205,Questionable,Illness,"
    ",Brenden Schooler,QUESTIONABLE
2024,8,NE,DT,Daniel Ekuale,00-0034251,Questionable,Abdomen,Did Not Participate In Practice,Daniel Ekuale,QUESTIONABLE
2024,8,NE,CB,Jonathan Jones,00-0032580,Questionable,Shoulder,Did Not Participate In Practice,Jonathan Jones,QUESTIONABLE
2024,8,NE,S,Kyle Dugger,00-0036231,Questionable,Ankle,Full Participation in Practice,Kyle Dugger,QUESTIONABLE
2024,8,NE,G,Michael Jordan,00-0035266,Questionable,Ankle,Limited Participation in Practice,Michael Jordan,QUESTIONABLE
2024,8,NE,T,Vederian Lowe,00-0037287,Questionable,Ankle,Limited Participation in Practice,Vederian Lowe,QUESTIONABLE
2024,8,NE,LB,Raekwon McMillan,00-0033461,Questionable,Back,Limited Participation in Practice,Raekwon McMillan,QUESTIONABLE
2024,8,NE,G,Sidy Sow,00-0038569,Questionable,Illness,Limited Participation in Practice,Sidy Sow,QUESTIONABLE
2024,8,NE,LB,Sione Takitaki,00-0035646,Questionable,Knee,Limited Participation in Practice,Sione Takitaki,QUESTIONABLE
2024,8,NE,DE,Keion White,00-0039148,Questionable,Knee,Limited Participation in Practice,Keion White,QUESTIONABLE
2024,8,NO,TE,Taysom Hill,00-0033357,,,Full Participation in Practice,Taysom Hill,
2024,8,NO,CB,Marshon Lattimore,00-0033874,,,Full Participation in Practice,Marshon Lattimore,
2024,8,NO,C,Connor McGovern,00-0033011,,,Full Participation in Practice,Connor McGovern,
2024,8,NO,WR,Chris Olave,00-0037239,,,Full Participation in Practice,Chris Olave,
2024,8,NO,G,Lucas Patrick,00-0033082,,,Full Participation in Practice,Lucas Patrick,
2024,8,NO,QB,Spencer Rattler,00-0039376,,,Full Participation in Practice,Spencer Rattler,
2024,8,NO,C,Cesar Ruiz,00-0036408,,,Full Participation in Practice,Cesar Ruiz,
2024,8,NO,DT,Khalen Saunders,00-0035656,,,Full Participation in Practice,Khalen Saunders,
2024,8,NO,LB,Pete Werner,00-0036927,,,Full Participation in Practice,Pete Werner,
2024,8,NO,TE,Juwan Johnson,00-0036040,,,Limited Participation in Practice,Juwan Johnson,
2024,8,NO,RB,Alvin Kamara,00-0033906,,,Limited Participation in Practice,Alvin Kamara,
2024,8,NO,G,Nick Saldiveri,00-0038566,Out,Shoulder,Did Not Participate In Practice,Nick Saldiveri,OUT
2024,8,NO,WR,Cedrick Wilson,00-0034418,Out,Hip,Did Not Participate In Practice,Cedrick Wilson,OUT
2024,8,NO,QB,Derek Carr,00-0031280,Doubtful,Oblique,Did Not Participate In Practice,Derek Carr,DOUBTFUL
2024,8,NYG,WR,Bryce Ford-Wheaton,00-0038477,,,Full Participation in Practice,Bryce Ford-Wheaton,
2024,8,NYG,WR,Jalin Hyatt,00-0038938,,,Full Participation in Practice,Jalin Hyatt,
2024,8,NYG,S,Dane Belton,00-0038123,,,Limited Participation in Practice,Dane Belton,
2024,8,NYG,LB,Brian Burns,00-0035713,,,Limited Participation in Practice,Brian Burns,
2024,8,NYG,G,Jake Kubas,00-0039508,,,Limited Participation in Practice,Jake Kubas,
2024,8,NYG,DT,Dexter Lawrence,00-0035683,,,Limited Participation in Practice,Dexter Lawrence,
2024,8,NYG,P,Jamie Gillan,00-0035042,Out,Right Hamstring,Did Not Participate In Practice,Jamie Gillan,OUT
2024,8,NYG,CB,Adoree' Jackson,00-0033878,Out,Neck,Did Not Participate In Practice,Adoree' Jackson,OUT
2024,8,NYG,LB,Ty Summers,00-0034999,Out,Ankle,Did Not Participate In Practice,Ty Summers,OUT
2024,8,NYG,CB,Cordale Flott,00-0037758,Doubtful,Groin,Limited Participation in Practice,Cordale Flott,DOUBTFUL
2024,8,NYG,T,Jermaine Eluemunor,00-0033290,Questionable,Hip,Did Not Participate In Practice,Jermaine Eluemunor,QUESTIONABLE
2024,8,NYG,CB,Tre Hawkins,00-0038403,Questionable,Ankle,Limited Participation in Practice,Tre Hawkins,QUESTIONABLE
2024,8,NYJ,CB,Michael Carter,00-0036501,,,Full Participation in Practice,Michael Carter,
2024,8,NYJ,TE,Tyler Conklin,00-0034270,,,Full Participation in Practice,Tyler Conklin,
2024,8,NYJ,DE,Will McDonald,00-0039142,,,Full Participation in Practice,Will McDonald,
2024,8,NYJ,CB,D.J. Reed,00-0034384,,,Full Participation in Practice,D.J. Reed,
2024,8,NYJ,QB,Aaron Rodgers,00-0023459,,,Full Participation in Practice,Aaron Rodgers,
2024,8,NYJ,T,Tyron Smith,00-0027947,,,Full Participation in Practice,Tyron Smith,
2024,8,NYJ,LB,Chazz Surratt,00-0037003,,,Full Participation in Practice,Chazz Surratt,
2024,8,NYJ,LB,Quincy Williams,00-0035680,,,Full Participation in Practice,Quincy Williams,
2024,8,NYJ,S,Ashtyn Davis,00-0036329,Out,Concussion,Did Not Participate In Practice,Ashtyn Davis,OUT
2024,8,NYJ,DT,Leki Fotu,00-0036371,Out,Knee,Did Not Participate In Practice,Leki Fotu,OUT
2024,8,NYJ,G,Alijah Vera-Tucker,00-0036979,Out,Ankle,Did Not Participate In Practice,Alijah Vera-Tucker,OUT
2024,8,NYJ,S,Tony Adams,00-0037155,Doubtful,Hamstring,Did Not Participate In Practice,Tony Adams,DOUBTFUL
2024,8,NYJ,WR,Allen Lazard,00-0034521,Doubtful,Chest,Did Not Participate In Practice,Allen Lazard,DOUBTFUL
2024,8,NYJ,TE,Kenny Yeboah,00-0036510,Questionable,Abdomen,Full Participation in Practice,Kenny Yeboah,QUESTIONABLE
2024,8,NYJ,T,Morgan Moses,00-0031330,Questionable,Knee,Limited Participation in Practice,Morgan Moses,QUESTIONABLE
2024,8,PHI,RB,Saquon Barkley,00-0034844,,,Full Participation in Practice,Saquon Barkley,
2024,8,PHI,LB,Zack Baun,00-0036418,,,Full Participation in Practice,Zack Baun,
2024,8,PHI,DE,Brandon Graham,00-0027865,,,Full Participation in Practice,Brandon Graham,
2024,8,PHI,TE,Albert Okwuegbunam,00-0036423,,,Full Participation in Practice,Albert Okwuegbunam,
2024,8,PHI,CB,Eli Ricks,00-0038487,,,Full Participation in Practice,Eli Ricks,
2024,8,PHI,CB,Darius Slay,00-0030062,,,Full Participation in Practice,Darius Slay,
2024,8,PHI,WR,Ainias Smith,00-0039747,,,Full Participation in Practice,Ainias Smith,
2024,8,PHI,LB,Josh Sweat,00-0034381,,,Full Participation in Practice,Josh Sweat,
2024,8,PHI,T,Mekhi Becton,00-0036284,Out,Concussion,Did Not Participate In Practice,Mekhi Becton,OUT
2024,8,PHI,TE,Dallas Goedert,00-0034351,Out,Hamstring,Did Not Participate In Practice,Dallas Goedert,OUT
2024,8,PHI,DT,Byron Young,00-0038978,Out,Hamstring,Did Not Participate In Practice,Byron Young,OUT
2024,8,PIT,RB,Najee Harris,00-0036893,,,Did Not Participate In Practice,Najee Harris,
2024,8,PIT,TE,MyCole Pruitt,00-0031585,,,Did Not Participate In Practice,MyCole Pruitt,
2024,8,PIT,DT,Keeanu Benton,00-0039110,,,Full Participation in Practice,Keeanu Benton,
2024,8,PIT,S,DeShon Elliott,00-0034277,,,Full Participation in Practice,DeShon Elliott,
2024,8,PIT,DT,Cameron Heyward,00-0027969,,,Full Participation in Practice,Cameron Heyward,
2024,8,PIT,CB,Donte Jackson,00-0034356,,,Full Participation in Practice,Donte Jackson,
2024,8,PIT,S,Damontae Kazee,00-0033512,,,Full Participation in Practice,Damontae Kazee,
2024,8,PIT,G,Isaac Seumalo,00-0032954,,,Full Participation in Practice,Isaac Seumalo,
2024,8,PIT,C,Zach Frazier,00-0039896,Out,Ankle,Did Not Participate In Practice,Zach Frazier,OUT
2024,8,PIT,LB,Nick Herbig,00-0038577,Out,Hamstring,Did Not Participate In Practice,Nick Herbig,OUT
2024,8,PIT,WR,Roman Wilson,00-0039739,Out,Hamstring,Did Not Participate In Practice,Roman Wilson,OUT
2024,8,PIT,T,Dylan Cook,00-0037480,Out,Foot,Full Participation in Practice,Dylan Cook,OUT
2024,8,PIT,LB,Tyler Matakevich,00-0032366,Out,Hamstring,Limited Participation in Practice,Tyler Matakevich,OUT
2024,8,PIT,RB,Cordarrelle Patterson,00-0030578,Doubtful,Ankle,Limited Participation in Practice,Cordarrelle Patterson,DOUBTFUL
2024,8,PIT,QB,Justin Fields,00-0036945,Questionable,Hamstring,"
    ",Justin Fields,QUESTIONABLE
2024,8,SEA,LB,Boye Mafe,00-0038133,,,Did Not Participate In Practice,Boye Mafe,
2024,8,SEA,S,Julian Love,00-0034974,,,Full Participation in Practice,Julian Love,
2024,8,SEA,S,Jerrick Reed,00-0038613,,,Full Participation in Practice,Jerrick Reed,
2024,8,SEA,TE,Brady Russell,00-0038488,,,Full Participation in Practice,Brady Russell,
2024,8,SEA,RB,Kenneth Walker,00-0038134,,,Full Participation in Practice,Kenneth Walker,
2024,8,SEA,DT,Leonard Williams,00-0031933,,,Full Participation in Practice,Leonard Williams,
2024,8,SEA,CB,Tariq Woolen,00-0037079,,,Full Participation in Practice,Tariq Woolen,
2024,8,SEA,T,Abraham Lucas,00-0037812,Out,Knee,Limited Participation in Practice,Abraham Lucas,OUT
2024,8,SEA,WR,DK Metcalf,00-0035640,Doubtful,Knee,Did Not Participate In Practice,DK Metcalf,DOUBTFUL
2024,8,SEA,DT,Cameron Young,00-0038572,Doubtful,Knee,Limited Participation in Practice,Cameron Young,DOUBTFUL
2024,8,SEA,CB,Nehemiah Pritchett,00-0039795,Questionable,Ankle,Did Not Participate In Practice,Nehemiah Pritchett,QUESTIONABLE
2024,8,SEA,CB,Tre Brown,00-0036885,Questionable,Ankle,Full Participation in Practice,Tre Brown,QUESTIONABLE
2024,8,SEA,T,George Fant,00-0032466,Questionable,Knee,Full Participation in Practice,George Fant,QUESTIONABLE
2024,8,SEA,DE,Mike Morris,00-0038591,Questionable,Ankle,Full Participation in Practice,Mike Morris,QUESTIONABLE
2024,8,SF,DE,Nick Bosa,00-0035717,,,Full Participation in Practice,Nick Bosa,
2024,8,SF,WR,Chris Conley,00-0032128,,,Full Participation in Practice,Chris Conley,
2024,8,SF,RB,Jordan Mason,00-0037525,,,Full Participation in Practice,Jordan Mason,
2024,8,SF,T,Trent Williams,00-0027857,,,Full Participation in Practice,Trent Williams,
2024,8,SF,DT,Kevin Givens,00-0035026,Out,Groin,Did Not Participate In Practice,Kevin Givens,OUT
2024,8,SF,WR,Jauan Jennings,00-0036259,Out,Hip,Did Not Participate In Practice,Jauan Jennings,OUT
2024,8,SF,K,Jake Moody,00-0038562,Out,Right Ankle,Did Not Participate In Practice,Jake Moody,OUT
2024,8,SF,TE,George Kittle,00-0033288,Questionable,Foot,Limited Participation in Practice,George Kittle,QUESTIONABLE
2024,8,SF,CB,Deommodore Lenoir,00-0036563,Questionable,Illness,Limited Participation in Practice,Deommodore Lenoir,QUESTIONABLE
2024,8,SF,S,George Odum,00-0034091,Questionable,Knee,Limited Participation in Practice,George Odum,QUESTIONABLE
2024,8,SF,WR,Deebo Samuel,00-0035719,Questionable,Wrist,Limited Participation in Practice,Deebo Samuel,QUESTIONABLE
2024,8,TB,DE,William Gholston,00-0030386,,,Full Participation in Practice,William Gholston,
2024,8,TB,WR,Mike Evans,00-0031408,Out,Hamstring,Did Not Participate In Practice,Mike Evans,OUT
2024,8,TB,DT,Greg Gaines,00-0035667,Out,Calf,Did Not Participate In Practice,Greg Gaines,OUT
2024,8,TB,S,Tykee Smith,00-0039846,Out,Concussion,Did Not Participate In Practice,Tykee Smith,OUT
2024,8,TB,TE,Payne Durham,00-0039050,Questionable,Calf,Full Participation in Practice,Payne Durham,QUESTIONABLE
2024,8,TB,WR,Rakim Jarrett,00-0038821,Questionable,Knee,Full Participation in Practice,Rakim Jarrett,QUESTIONABLE
2024,8,TB,RB,Bucky Irving,00-0039361,Questionable,Toe,Limited Participation in Practice,Bucky Irving,QUESTIONABLE
2024,8,TEN,DT,Keondre Coburn,00-0038985,,,Did Not Participate In Practice,Keondre Coburn,
2024,8,TEN,WR,DeAndre Hopkins,00-0030564,,,Did Not Participate In Practice,DeAndre Hopkins,
2024,8,TEN,LB,Ernest Jones,00-0036994,,,Did Not Participate In Practice,Ernest Jones,
2024,8,TEN,RB,Julius Chestnut,00-0037594,,,Full Participation in Practice,Julius Chestnut,
2024,8,TEN,LB,Kenneth Murray,00-0036441,,,Full Participation in Practice,Kenneth Murray,
2024,8,TEN,WR,Calvin Ridley,00-0034837,,,Full Participation in Practice,Calvin Ridley,
2024,8,TEN,DT,Jeffery Simmons,00-0035643,,,Full Participation in Practice,Jeffery Simmons,
2024,8,TEN,T,Jaelyn Duncan,00-0038607,Out,Hamstring,Did Not Participate In Practice,Jaelyn Duncan,OUT
2024,8,TEN,CB,L'Jarius Sneed,00-0036374,Out,Quadricep,Did Not Participate In Practice,L'Jarius Sneed,OUT
2024,8,TEN,LB,Cedric Gray,00-0039858,Out,Shoulder,Full Participation in Practice,Cedric Gray,OUT
2024,8,TEN,DT,T'Vondre Sweat,00-0039886,Questionable,Hip,Did Not Participate In Practice,T'Vondre Sweat,QUESTIONABLE
2024,8,TEN,LB,Jerome Baker,00-0034797,Questionable,Not injury related - resting player,Limited Participation in Practice,Jerome Baker,QUESTIONABLE
2024,8,TEN,CB,Jarvis Brownlee,00-0039372,Questionable,Ankle,Limited Participation in Practice,Jarvis Brownlee,QUESTIONABLE
2024,8,TEN,QB,Will Levis,00-0039152,Questionable,Right Shoulder,Limited Participation in Practice,Will Levis,QUESTIONABLE
2024,8,TEN,RB,Tyjae Spears,00-0039032,Questionable,Hamstring,Limited Participation in Practice,Tyjae Spears,QUESTIONABLE
2024,8,WAS,TE,Zach Ertz,00-0030061,,,Did Not Participate In Practice,Zach Ertz,
2024,8,WAS,G,Nick Allegretti,00-0035149,,,Full Participation in Practice,Nick Allegretti,
2024,8,WAS,WR,Dyami Brown,00-0036626,,,Full Participation in Practice,Dyami Brown,
2024,8,WAS,CB,Emmanuel Forbes,00-0039151,,,Full Participation in Practice,Emmanuel Forbes,
2024,8,WAS,S,Darrick Forrest,00-0036638,,,Full Participation in Practice,Darrick Forrest,
2024,8,WAS,T,Cornelius Lucas,00-0030725,,,Full Participation in Practice,Cornelius Lucas,
2024,8,WAS,S,Tyler Owens,00-0039681,,,Full Participation in Practice,Tyler Owens,
2024,8,WAS,C,Tyler Biadasz,00-0036376,,,Limited Participation in Practice,Tyler Biadasz,
2024,8,WAS,DE,Clelin Ferrell,00-0035692,,,Limited Participation in Practice,Clelin Ferrell,
2024,8,WAS,LB,Dante Fowler,00-0032052,,,Limited Participation in Practice,Dante Fowler,
2024,8,WAS,T,Brandon Coleman,00-0039913,Out,Concussion,Did Not Participate In Practice,Brandon Coleman,OUT
2024,8,WAS,DE,Dorance Armstrong,00-0034373,Questionable,Rib,Limited Participation in Practice,Dorance Armstrong,QUESTIONABLE
2024,8,WAS,QB,Jayden Daniels,00-0039910,Questionable,Rib,Limited Participation in Practice,Jayden Daniels,QUESTIONABLE
2024,9,ARI,T,Kelvin Beachum,00-0029316,,,Full Participation in Practice,Kelvin Beachum,
2024,9,ARI,DT,Darius Robinson,00-0039854,Out,Calf,Did Not Participate In Practice,Darius Robinson,OUT
2024,9,ARI,T,Jonah Williams,00-0035629,Out,Knee,Limited Participation in Practice,Jonah Williams,OUT
2024,9,ARI,CB,Sean Murphy-Bunting,00-0035239,Questionable,Neck,Full Participation in Practice,Sean Murphy-Bunting,QUESTIONABLE
2024,9,ARI,DT,Naquan Jones,00-0036695,Questionable,Thigh,Limited Participation in Practice,Naquan Jones,QUESTIONABLE
2024,9,ARI,DT,Roy Lopez,00-0036568,Questionable,Ankle,Limited Participation in Practice,Roy Lopez,QUESTIONABLE
2024,9,ATL,WR,KhaDarel Hodge,00-0034854,,,Did Not Participate In Practice,KhaDarel Hodge,
2024,9,ATL,DT,Grady Jarrett,00-0031583,,,Did Not Participate In Practice,Grady Jarrett,
2024,9,ATL,DT,David Onyemata,00-0033051,,,Did Not Participate In Practice,David Onyemata,
2024,9,ATL,LB,Kaden Elliss,00-0035316,,,Full Participation in Practice,Kaden Elliss,
2024,9,ATL,CB,Antonio Hamilton,00-0032933,,,Limited Participation in Practice,Antonio Hamilton,
2024,9,ATL,LB,Matt Judon,00-0032415,,,Limited Participation in Practice,Matt Judon,
2024,9,ATL,LB,Nate Landman,00-0037587,,,Limited Participation in Practice,Nate Landman,
2024,9,ATL,T,Jake Matthews,00-0031279,,,Limited Participation in Practice,Jake Matthews,
2024,9,ATL,T,Kaleb McGary,00-0035235,,,Limited Participation in Practice,Kaleb McGary,
2024,9,ATL,S,Justin Simmons,00-0032971,,,Limited Participation in Practice,Justin Simmons,
2024,9,ATL,DE,James Smith-Williams,00-0036351,,,Limited Participation in Practice,James Smith-Williams,
2024,9,ATL,TE,Charlie Woerner,00-0036429,,,Limited Participation in Practice,Charlie Woerner,
2024,9,ATL,LB,J.D. Bertrand,00-0039370,Out,Concussion,Did Not Participate In Practice,J.D. Bertrand,OUT
2024,9,ATL,DE,Ruke Orhorhoro,00-0039733,Out,Ankle,Did Not Participate In Practice,Ruke Orhorhoro,OUT
2024,9,ATL,LB,Troy Andersen,00-0037810,Questionable,Knee,Full Participation in Practice,Troy Andersen,QUESTIONABLE
2024,9,ATL,C,Drew Dalman,00-0036957,Questionable,Ankle,Full Participation in Practice,Drew Dalman,QUESTIONABLE
2024,9,ATL,G,Chris Lindstrom,00-0035630,Questionable,Knee,Full Participation in Practice,Chris Lindstrom,QUESTIONABLE
2024,9,BAL,QB,Lamar Jackson,00-0034796,,,Full Participation in Practice,Lamar Jackson,
2024,9,BAL,CB,Arthur Maulet,00-0033503,,,Full Participation in Practice,Arthur Maulet,
2024,9,BAL,DE,Broderick Washington,00-0036081,,,Full Participation in Practice,Broderick Washington,
2024,9,BAL,CB,Nate Wiggins,00-0039232,,,Full Participation in Practice,Nate Wiggins,
2024,9,BAL,DE,Brent Urban,00-0031177,Out,Concussion,Did Not Participate In Practice,Brent Urban,OUT
2024,9,BAL,RB,Rasheen Ali,00-0039796,Out,Ankle,Limited Participation in Practice,Rasheen Ali,OUT
2024,9,BAL,CB,Jalyn Armour-Davis,00-0038119,Questionable,Knee,Did Not Participate In Practice,Jalyn Armour-Davis,QUESTIONABLE
2024,9,BAL,RB,Keaton Mitchell,00-0038454,Questionable,Knee,Full Participation in Practice,Keaton Mitchell,QUESTIONABLE
2024,9,BAL,CB,Marlon Humphrey,00-0033281,Questionable,Knee,Limited Participation in Practice,Marlon Humphrey,QUESTIONABLE
2024,9,BAL,DT,Travis Jones,00-0037756,Questionable,Ankle,Limited Participation in Practice,Travis Jones,QUESTIONABLE
2024,9,BUF,QB,Josh Allen,00-0034857,,,Full Participation in Practice,Josh Allen,
2024,9,BUF,G,Alec Anderson,00-0037428,,,Full Participation in Practice,Alec Anderson,
2024,9,BUF,LB,Terrel Bernard,00-0037254,,,Full Participation in Practice,Terrel Bernard,
2024,9,BUF,T,Spencer Brown,00-0036976,,,Full Participation in Practice,Spencer Brown,
2024,9,BUF,CB,Brandon Codrington,00-0039333,,,Full Participation in Practice,Brandon Codrington,
2024,9,BUF,S,Damar Hamlin,00-0036888,,,Full Participation in Practice,Damar Hamlin,
2024,9,BUF,WR,Mack Hollins,00-0033555,,,Full Participation in Practice,Mack Hollins,
2024,9,BUF,CB,Taron Johnson,00-0034376,,,Full Participation in Practice,Taron Johnson,
2024,9,BUF,DT,DaQuan Jones,00-0031054,,,Full Participation in Practice,DaQuan Jones,
2024,9,BUF,TE,Dalton Kincaid,00-0038933,,,Full Participation in Practice,Dalton Kincaid,
2024,9,BUF,TE,Dawson Knox,00-0035689,,,Full Participation in Practice,Dawson Knox,
2024,9,BUF,TE,Quintin Morris,00-0036590,,,Full Participation in Practice,Quintin Morris,
2024,9,BUF,S,Taylor Rapp,00-0035663,,,Full Participation in Practice,Taylor Rapp,
2024,9,BUF,DE,Dawuane Smoot,00-0033907,,,Full Participation in Practice,Dawuane Smoot,
2024,9,BUF,LB,Dorian Williams,00-0038557,,,Full Participation in Practice,Dorian Williams,
2024,9,BUF,FB,Reggie Gilliam,00-0036187,Out,Hip,Did Not Participate In Practice,Reggie Gilliam,OUT
2024,9,BUF,CB,Christian Benford,00-0037288,Questionable,Wrist,Limited Participation in Practice,Christian Benford,QUESTIONABLE
2024,9,BUF,WR,Amari Cooper,00-0031544,Questionable,Wrist,Limited Participation in Practice,Amari Cooper,QUESTIONABLE
2024,9,BUF,WR,Curtis Samuel,00-0033282,Questionable,Pectoral,Limited Participation in Practice,Curtis Samuel,QUESTIONABLE
2024,9,CAR,LB,Jadeveon Clowney,00-0031364,,,Full Participation in Practice,Jadeveon Clowney,
2024,9,CAR,QB,Andy Dalton,00-0027973,,,Full Participation in Practice,Andy Dalton,
2024,9,CAR,LB,Josey Jewell,00-0034368,,,Full Participation in Practice,Josey Jewell,
2024,9,CAR,T,Taylor Moton,00-0033284,,,Full Participation in Practice,Taylor Moton,
2024,9,CAR,T,Yosuah Nijman,00-0035084,,,Full Participation in Practice,Yosuah Nijman,
2024,9,CAR,DE,A'Shawn Robinson,00-0032889,,,Full Participation in Practice,A'Shawn Robinson,
2024,9,CAR,T,Ikem Ekwonu,00-0037229,Out,Ankle,Did Not Participate In Practice,Ikem Ekwonu,OUT
2024,9,CAR,TE,Feleipe Franks,00-0036825,Out,Concussion,Did Not Participate In Practice,Feleipe Franks,OUT
2024,9,CAR,S,Jammie Robinson,00-0038587,Out,Knee,Did Not Participate In Practice,Jammie Robinson,OUT
2024,9,CAR,WR,Adam Thielen,00-0030035,Doubtful,Hamstring,Did Not Participate In Practice,Adam Thielen,DOUBTFUL
2024,9,CAR,DT,Jaden Crumedy,00-0039402,Doubtful,Ankle,Full Participation in Practice,Jaden Crumedy,DOUBTFUL
2024,9,CAR,S,Jordan Fuller,00-0036431,Doubtful,Hamstring,Full Participation in Practice,Jordan Fuller,DOUBTFUL
2024,9,CAR,RB,Jonathon Brooks,00-0039344,Questionable,Knee,Full Participation in Practice,Jonathon Brooks,QUESTIONABLE
2024,9,CAR,TE,Tommy Tremble,00-0037005,Questionable,Back,Full Participation in Practice,Tommy Tremble,QUESTIONABLE
2024,9,CAR,LB,D.J. Wonnum,00-0036335,Questionable,Quadricep,Full Participation in Practice,D.J. Wonnum,QUESTIONABLE
2024,9,CAR,LB,D.J. Johnson,00-0038535,Questionable,Ankle,Limited Participation in Practice,D.J. Johnson,QUESTIONABLE
2024,9,CAR,WR,Xavier Legette,00-0039342,Questionable,Toe,Limited Participation in Practice,Xavier Legette,QUESTIONABLE
2024,9,CHI,TE,Marcedes Lewis,00-0024243,,,Full Participation in Practice,Marcedes Lewis,
2024,9,CHI,T,Kiran Amegadjie,00-0039822,Out,Calf,Did Not Participate In Practice,Kiran Amegadjie,OUT
2024,9,CHI,S,Jaquan Brisker,00-0038135,Out,Concussion,Did Not Participate In Practice,Jaquan Brisker,OUT
2024,9,CHI,T,Braxton Jones,00-0037081,Out,Knee,Did Not Participate In Practice,Braxton Jones,OUT
2024,9,CHI,DE,Montez Sweat,00-0035647,Questionable,Shin,Did Not Participate In Practice,Montez Sweat,QUESTIONABLE
2024,9,CHI,T,Larry Borom,00-0036905,Questionable,Ankle,Full Participation in Practice,Larry Borom,QUESTIONABLE
2024,9,CHI,C,Ryan Bates,00-0035382,Questionable,Shoulder,Limited Participation in Practice,Ryan Bates,QUESTIONABLE
2024,9,CHI,CB,Kyler Gordon,00-0038111,Questionable,Hamstring,Limited Participation in Practice,Kyler Gordon,QUESTIONABLE
2024,9,CHI,T,Teven Jenkins,00-0036953,Questionable,Knee,Limited Participation in Practice,Teven Jenkins,QUESTIONABLE
2024,9,CIN,QB,Joe Burrow,00-0036442,,,Full Participation in Practice,Joe Burrow,
2024,9,CIN,DE,Sam Hubbard,00-0034834,,,Full Participation in Practice,Sam Hubbard,
2024,9,CIN,DT,Kris Jenkins,00-0039908,,,Full Participation in Practice,Kris Jenkins,
2024,9,CIN,T,Amarius Mims,00-0039925,,,Full Participation in Practice,Amarius Mims,
2024,9,CIN,T,Orlando Brown,00-0034752,Doubtful,Knee,Did Not Participate In Practice,Orlando Brown,DOUBTFUL
2024,9,CIN,WR,Tee Higgins,00-0036410,Doubtful,Quadricep,Did Not Participate In Practice,Tee Higgins,DOUBTFUL
2024,9,CIN,RB,Zack Moss,00-0036251,Doubtful,Neck,Did Not Participate In Practice,Zack Moss,DOUBTFUL
2024,9,CIN,WR,Charlie Jones,00-0038576,Questionable,Groin,Did Not Participate In Practice,Charlie Jones,QUESTIONABLE
2024,9,CIN,S,Geno Stone,00-0036199,Questionable,Shin,Did Not Participate In Practice,Geno Stone,QUESTIONABLE
2024,9,CLE,S,Grant Delpit,00-0036282,,,Full Participation in Practice,Grant Delpit,
2024,9,CLE,LB,Mohamoud Diabate,00-0038711,,,Full Participation in Practice,Mohamoud Diabate,
2024,9,CLE,RB,Jerome Ford,00-0037267,,,Full Participation in Practice,Jerome Ford,
2024,9,CLE,DE,Myles Garrett,00-0033868,,,Full Participation in Practice,Myles Garrett,
2024,9,CLE,DT,Shelby Harris,00-0031270,,,Full Participation in Practice,Shelby Harris,
2024,9,CLE,S,Ronnie Hickman,00-0038715,,,Full Participation in Practice,Ronnie Hickman,
2024,9,CLE,DE,Ogbonnia Okoronkwo,00-0034807,,,Full Participation in Practice,Ogbonnia Okoronkwo,
2024,9,CLE,DE,Za'Darius Smith,00-0031576,,,Full Participation in Practice,Za'Darius Smith,
2024,9,CLE,QB,Dorian Thompson-Robinson,00-0038583,,,Full Participation in Practice,Dorian Thompson-Robinson,
2024,9,CLE,S,Juan Thornhill,00-0035625,,,Full Participation in Practice,Juan Thornhill,
2024,9,CLE,T,Jedrick Wills,00-0036267,,,Full Participation in Practice,Jedrick Wills,
2024,9,CLE,G,Joel Bitonio,00-0031426,,,Limited Participation in Practice,Joel Bitonio,
2024,9,CLE,WR,Jerry Jeudy,00-0036407,,,Limited Participation in Practice,Jerry Jeudy,
2024,9,CLE,TE,David Njoku,00-0033885,,,Limited Participation in Practice,David Njoku,
2024,9,CLE,C,Ethan Pocic,00-0033901,,,Limited Participation in Practice,Ethan Pocic,
2024,9,CLE,LB,Jordan Hicks,00-0032129,Out,Elbow,Did Not Participate In Practice,Jordan Hicks,OUT
2024,9,CLE,LB,Jeremiah Owusu-Koramoah,00-0036915,Out,Neck,Did Not Participate In Practice,Jeremiah Owusu-Koramoah,OUT
2024,9,CLE,LB,Khaleke Hudson,00-0036343,Questionable,Ankle,Limited Participation in Practice,Khaleke Hudson,QUESTIONABLE
2024,9,CLE,CB,Denzel Ward,00-0034856,Questionable,Concussion,Limited Participation in Practice,Denzel Ward,QUESTIONABLE
2024,9,DAL,K,Brandon Aubrey,00-0037692,,,Full Participation in Practice,Brandon Aubrey,
2024,9,DAL,CB,Caelen Carson,00-0039387,,,Full Participation in Practice,Caelen Carson,
2024,9,DAL,CB,Daron Bland,00-0037275,Out,Foot,Did Not Participate In Practice,Daron Bland,OUT
2024,9,DAL,DE,Micah Parsons,00-0036932,Out,Ankle,Did Not Participate In Practice,Micah Parsons,OUT
2024,9,DAL,DT,Jordan Phillips,00-0031557,Out,Wrist,Full Participation in Practice,Jordan Phillips,OUT
2024,9,DAL,CB,Trevon Diggs,00-0036361,Questionable,Calf,Did Not Participate In Practice,Trevon Diggs,QUESTIONABLE
2024,9,DAL,LB,Nick Vigil,00-0032892,Questionable,Foot,Did Not Participate In Practice,Nick Vigil,QUESTIONABLE
2024,9,DAL,DT,Linval Joseph,00-0027885,Questionable,Back,Limited Participation in Practice,Linval Joseph,QUESTIONABLE
2024,9,DAL,LB,Eric Kendricks,00-0031554,Questionable,Shoulder,Limited Participation in Practice,Eric Kendricks,QUESTIONABLE
2024,9,DAL,G,Zack Martin,00-0031402,Questionable,Shoulder,Limited Participation in Practice,Zack Martin,QUESTIONABLE
2024,9,DEN,DE,Zach Allen,00-0035248,,,Full Participation in Practice,Zach Allen,
2024,9,DEN,T,Mike McGlinchey,00-0034847,,,Full Participation in Practice,Mike McGlinchey,
2024,9,DEN,T,Alex Palczewski,00-0038796,,,Full Participation in Practice,Alex Palczewski,
2024,9,DEN,CB,Patrick Surtain,00-0036874,,,Full Participation in Practice,Patrick Surtain,
2024,9,DEN,FB,Michael Burton,00-0031595,,,Limited Participation in Practice,Michael Burton,
2024,9,DEN,S,P.J. Locke,00-0035227,Out,Thumb,Did Not Participate In Practice,P.J. Locke,OUT
2024,9,DEN,S,Delarrin Turner-Yell,00-0037264,Out,Knee,Full Participation in Practice,Delarrin Turner-Yell,OUT
2024,9,DET,T,Taylor Decker,00-0032381,,,Full Participation in Practice,Taylor Decker,
2024,9,DET,G,Graham Glasgow,00-0032395,,,Full Participation in Practice,Graham Glasgow,
2024,9,DET,QB,Jared Goff,00-0033106,,,Full Participation in Practice,Jared Goff,
2024,9,DET,DE,Levi Onwuzurike,00-0036954,,,Full Participation in Practice,Levi Onwuzurike,
2024,9,DET,C,Frank Ragnow,00-0034345,,,Full Participation in Practice,Frank Ragnow,
2024,9,DET,DT,D.J. Reader,00-0032424,,,Full Participation in Practice,D.J. Reader,
2024,9,DET,G,Kevin Zeitler,00-0029592,,,Full Participation in Practice,Kevin Zeitler,
2024,9,DET,DE,Josh Paschal,00-0038096,Out,Illness,Did Not Participate In Practice,Josh Paschal,OUT
2024,9,DET,LB,Malcolm Rodriguez,00-0037289,Out,Ankle,Did Not Participate In Practice,Malcolm Rodriguez,OUT
2024,9,DET,DT,Brodric Martin,00-0038939,Out,Knee,Full Participation in Practice,Brodric Martin,OUT
2024,9,DET,RB,Sione Vaki,00-0039364,Doubtful,Knee,Did Not Participate In Practice,Sione Vaki,DOUBTFUL
2024,9,DET,DT,Mekhi Wingo,00-0039396,Doubtful,Ankle,Did Not Participate In Practice,Mekhi Wingo,DOUBTFUL
2024,9,GB,LB,Quay Walker,00-0037074,,,Full Participation in Practice,Quay Walker,
2024,9,GB,DT,Kenny Clark,00-0033120,,,Limited Participation in Practice,Kenny Clark,
2024,9,GB,G,Elgton Jenkins,00-0035526,,,Limited Participation in Practice,Elgton Jenkins,
2024,9,GB,DE,Lukas Van Ness,00-0039112,,,Limited Participation in Practice,Lukas Van Ness,
2024,9,GB,T,Rasheed Walker,00-0037196,,,Limited Participation in Practice,Rasheed Walker,
2024,9,GB,DT,Devonte Wyatt,00-0037075,,,Limited Participation in Practice,Devonte Wyatt,
2024,9,GB,S,Evan Williams,00-0039813,Out,Hamstring,Did Not Participate In Practice,Evan Williams,OUT
2024,9,GB,C,Josh Myers,00-0036622,Doubtful,Wrist,Did Not Participate In Practice,Josh Myers,DOUBTFUL
2024,9,GB,CB,Jaire Alexander,00-0034728,Questionable,Knee,Did Not Participate In Practice,Jaire Alexander,QUESTIONABLE
2024,9,GB,CB,Corey Ballentine,00-0035633,Questionable,Ankle,Limited Participation in Practice,Corey Ballentine,QUESTIONABLE
2024,9,GB,RB,Josh Jacobs,00-0035700,Questionable,Ankle,Limited Participation in Practice,Josh Jacobs,QUESTIONABLE
2024,9,GB,QB,Jordan Love,00-0036264,Questionable,Groin,Limited Participation in Practice,Jordan Love,QUESTIONABLE
2024,9,HOU,WR,Stefon Diggs,00-0031588,,,Did Not Participate In Practice,Stefon Diggs,
2024,9,HOU,S,Calen Bullock,00-0039838,,,Full Participation in Practice,Calen Bullock,
2024,9,HOU,CB,Kamari Lassiter,00-0039343,,,Full Participation in Practice,Kamari Lassiter,
2024,9,HOU,LB,Henry To'oTo'o,00-0038599,,,Full Participation in Practice,Henry To'oTo'o,
2024,9,HOU,LB,Azeez Al-Shaair,00-0035166,Out,Knee,Did Not Participate In Practice,Azeez Al-Shaair,OUT
2024,9,HOU,C,Jarrett Patterson,00-0038615,Out,Concussion,Did Not Participate In Practice,Jarrett Patterson,OUT
2024,9,HOU,RB,Dameon Pierce,00-0037258,Out,Groin,Did Not Participate In Practice,Dameon Pierce,OUT
2024,9,HOU,S,Jimmie Ward,00-0031298,Out,Groin,Did Not Participate In Practice,Jimmie Ward,OUT
2024,9,IND,DT,DeForest Buckner,00-0032378,,,Did Not Participate In Practice,DeForest Buckner,
2024,9,IND,T,Braden Smith,00-0034836,,,Did Not Participate In Practice,Braden Smith,
2024,9,IND,DT,Grover Stewart,00-0033952,,,Did Not Participate In Practice,Grover Stewart,
2024,9,IND,DE,Genard Avery,00-0034682,,,Full Participation in Practice,Genard Avery,
2024,9,IND,WR,Josh Downs,00-0038997,,,Full Participation in Practice,Josh Downs,
2024,9,IND,C,Ryan Kelly,00-0032383,,,Full Participation in Practice,Ryan Kelly,
2024,9,IND,CB,Chris Lammons,00-0034145,,,Full Participation in Practice,Chris Lammons,
2024,9,IND,QB,Anthony Richardson,00-0039164,,,Full Participation in Practice,Anthony Richardson,
2024,9,IND,WR,Michael Pittman,00-0036252,,,Limited Participation in Practice,Michael Pittman,
2024,9,IND,T,Bernhard Raimann,00-0037757,Out,Concussion,Did Not Participate In Practice,Bernhard Raimann,OUT
2024,9,IND,DE,Kwity Paye,00-0036479,Questionable,Hamstring,Limited Participation in Practice,Kwity Paye,QUESTIONABLE
2024,9,JAX,CB,Ronald Darby,00-0032195,,,Full Participation in Practice,Ronald Darby,
2024,9,JAX,G,Ezra Cleveland,00-0036327,Out,Ankle,Did Not Participate In Practice,Ezra Cleveland,OUT
2024,9,JAX,WR,Christian Kirk,00-0034775,Out,Collarbone,Did Not Participate In Practice,Christian Kirk,OUT
2024,9,JAX,DT,Maason Smith,00-0039889,Out,Ankle,Limited Participation in Practice,Maason Smith,OUT
2024,9,JAX,RB,Keilan Robinson,00-0039385,Questionable,Toe,Full Participation in Practice,Keilan Robinson,QUESTIONABLE
2024,9,JAX,RB,Tank Bigsby,00-0038555,Questionable,Ankle,Limited Participation in Practice,Tank Bigsby,QUESTIONABLE
2024,9,JAX,WR,Gabe Davis,00-0036196,Questionable,Shoulder,Limited Participation in Practice,Gabe Davis,QUESTIONABLE
2024,9,JAX,RB,Travis Etienne,00-0036973,Questionable,Hamstring,Limited Participation in Practice,Travis Etienne,QUESTIONABLE
2024,9,JAX,G,Brandon Scherff,00-0032053,Questionable,Knee,Limited Participation in Practice,Brandon Scherff,QUESTIONABLE
2024,9,JAX,WR,Brian Thomas,00-0039893,Questionable,Chest,Limited Participation in Practice,Brian Thomas,QUESTIONABLE
2024,9,JAX,S,Andrew Wingard,00-0035378,Questionable,Knee,Limited Participation in Practice,Andrew Wingard,QUESTIONABLE
2024,9,KC,T,Ethan Driskell,00-0039317,,,Full Participation in Practice,Ethan Driskell,
2024,9,KC,WR,Mecole Hardman,00-0035140,,,Full Participation in Practice,Mecole Hardman,
2024,9,KC,RB,Kareem Hunt,00-0033923,,,Full Participation in Practice,Kareem Hunt,
2024,9,KC,QB,Patrick Mahomes,00-0033873,,,Full Participation in Practice,Patrick Mahomes,
2024,9,KC,CB,Trent McDuffie,00-0037191,,,Full Participation in Practice,Trent McDuffie,
2024,9,KC,DT,Derrick Nnadi,00-0034818,,,Full Participation in Practice,Derrick Nnadi,
2024,9,KC,LB,Drue Tranquill,00-0035262,,,Full Participation in Practice,Drue Tranquill,
2024,9,KC,WR,JuJu Smith-Schuster,00-0033857,Out,Hamstring,Did Not Participate In Practice,JuJu Smith-Schuster,OUT
2024,9,KC,TE,Jared Wiley,00-0039824,Out,Knee,Did Not Participate In Practice,Jared Wiley,OUT
2024,9,KC,DE,Michael Danna,00-0036378,Out,Pectoral,Limited Participation in Practice,Michael Danna,OUT
2024,9,KC,CB,Nazeeh Johnson,00-0037198,Out,Concussion,Limited Participation in Practice,Nazeeh Johnson,OUT
2024,9,LA,T,Rob Havenstein,00-0032242,,,Did Not Participate In Practice,Rob Havenstein,
2024,9,LA,CB,Tre'Davious White,00-0033884,,,Did Not Participate In Practice,Tre'Davious White,
2024,9,LA,P,Ethan Evans,00-0039059,Out,Illness,Did Not Participate In Practice,Ethan Evans,OUT
2024,9,LA,DT,Neville Gallimore,00-0036366,Out,Shoulder,Did Not Participate In Practice,Neville Gallimore,OUT
2024,9,LA,T,Joseph Noteboom,00-0034803,Out,Ankle,Full Participation in Practice,Joseph Noteboom,OUT
2024,9,LA,WR,Puka Nacua,00-0039075,Questionable,Knee,Did Not Participate In Practice,Puka Nacua,QUESTIONABLE
2024,9,LA,CB,Charles Woods,00-0039770,Questionable,Toe,Did Not Participate In Practice,Charles Woods,QUESTIONABLE
2024,9,LA,S,Kamren Curl,00-0036349,Questionable,Knee,Limited Participation in Practice,Kamren Curl,QUESTIONABLE
2024,9,LA,WR,Jordan Whittington,00-0039751,Questionable,Shoulder,Limited Participation in Practice,Jordan Whittington,QUESTIONABLE
2024,9,LAC,WR,Derius Davis,00-0038573,,,Full Participation in Practice,Derius Davis,
2024,9,LAC,TE,Will Dissly,00-0034159,,,Full Participation in Practice,Will Dissly,
2024,9,LAC,RB,J.K. Dobbins,00-0036158,,,Full Participation in Practice,J.K. Dobbins,
2024,9,LAC,DT,Morgan Fox,00-0032671,,,Full Participation in Practice,Morgan Fox,
2024,9,LAC,TE,Hayden Hurst,00-0034830,,,Full Participation in Practice,Hayden Hurst,
2024,9,LAC,WR,Quentin Johnston,00-0038544,,,Full Participation in Practice,Quentin Johnston,
2024,9,LAC,DE,Khalil Mack,00-0031040,,,Full Participation in Practice,Khalil Mack,
2024,9,LAC,WR,Ladd McConkey,00-0039915,,,Full Participation in Practice,Ladd McConkey,
2024,9,LAC,CB,Ja'Sir Taylor,00-0037307,,,Full Participation in Practice,Ja'Sir Taylor,
2024,9,LAC,CB,Kristian Fulton,00-0036416,Out,Hamstring,Did Not Participate In Practice,Kristian Fulton,OUT
2024,9,LAC,WR,Brenden Rice,00-0039415,Out,Shoulder,Did Not Participate In Practice,Brenden Rice,OUT
2024,9,LAC,TE,Stone Smartt,00-0037475,Doubtful,Ankle,Did Not Participate In Practice,Stone Smartt,DOUBTFUL
2024,9,LAC,WR,D.J. Chark,00-0034777,Questionable,Groin,Full Participation in Practice,D.J. Chark,QUESTIONABLE
2024,9,LAC,DE,Joey Bosa,00-0033156,Questionable,Hip,Limited Participation in Practice,Joey Bosa,QUESTIONABLE
2024,9,LAC,LB,Denzel Perryman,00-0032103,Questionable,Toe,Limited Participation in Practice,Denzel Perryman,QUESTIONABLE
2024,9,LV,DE,Maxx Crosby,00-0034973,,,Did Not Participate In Practice,Maxx Crosby,
2024,9,LV,TE,Brock Bowers,00-0039338,,,Full Participation in Practice,Brock Bowers,
2024,9,LV,TE,Harrison Bryant,00-0036232,,,Full Participation in Practice,Harrison Bryant,
2024,9,LV,CB,Jack Jones,00-0038039,,,Full Participation in Practice,Jack Jones,
2024,9,LV,WR,Jakobi Meyers,00-0034960,,,Full Participation in Practice,Jakobi Meyers,
2024,9,LV,T,Kolton Miller,00-0034759,,,Full Participation in Practice,Kolton Miller,
2024,9,LV,S,Trevon Moehrig,00-0036962,,,Full Participation in Practice,Trevon Moehrig,
2024,9,LV,C,Andre James,00-0035127,Out,Ankle,Did Not Participate In Practice,Andre James,OUT
2024,9,LV,LB,Robert Spillane,00-0034720,Questionable,Knee,Did Not Participate In Practice,Robert Spillane,QUESTIONABLE
2024,9,LV,RB,Zamir White,00-0038040,Questionable,Quadricep,Full Participation in Practice,Zamir White,QUESTIONABLE
2024,9,LV,G,Dylan Parham,00-0037255,Questionable,Foot,Limited Participation in Practice,Dylan Parham,QUESTIONABLE
2024,9,MIA,DT,Calais Campbell,00-0026190,,,Did Not Participate In Practice,Calais Campbell,
2024,9,MIA,WR,D'Wayne Eskridge,00-0036620,,,Did Not Participate In Practice,D'Wayne Eskridge,
2024,9,MIA,S,Jordan Poyer,00-0030114,,,Did Not Participate In Practice,Jordan Poyer,
2024,9,MIA,T,Terron Armstead,00-0030067,,,Full Participation in Practice,Terron Armstead,
2024,9,MIA,LB,Tyus Bowser,00-0033283,,,Full Participation in Practice,Tyus Bowser,
2024,9,MIA,LB,Jordyn Brooks,00-0036409,,,Full Participation in Practice,Jordyn Brooks,
2024,9,MIA,WR,Tyreek Hill,00-0033040,,,Full Participation in Practice,Tyreek Hill,
2024,9,MIA,DT,Benito Jones,00-0035841,,,Full Participation in Practice,Benito Jones,
2024,9,MIA,G,Robert Jones,00-0036596,,,Full Participation in Practice,Robert Jones,
2024,9,MIA,LB,Emmanuel Ogbah,00-0033073,,,Full Participation in Practice,Emmanuel Ogbah,
2024,9,MIA,TE,Jonnu Smith,00-0033858,,,Full Participation in Practice,Jonnu Smith,
2024,9,MIA,TE,Julian Hill,00-0038720,Out,Shoulder,Did Not Participate In Practice,Julian Hill,OUT
2024,9,MIA,CB,Kader Kohou,00-0037353,Out,Neck,Did Not Participate In Practice,Kader Kohou,OUT
2024,9,MIA,DT,Zach Sieler,00-0034285,Out,Eye,Did Not Participate In Practice,Zach Sieler,OUT
2024,9,MIA,S,Jevon Holland,00-0036998,Doubtful,Hand,Did Not Participate In Practice,Jevon Holland,DOUBTFUL
2024,9,MIA,WR,River Cracraft,00-0034054,Questionable,Shoulder,Limited Participation in Practice,River Cracraft,QUESTIONABLE
2024,9,MIA,CB,Storm Duck,00-0039481,Questionable,Ankle,Limited Participation in Practice,Storm Duck,QUESTIONABLE
2024,9,MIA,FB,Alec Ingold,00-0035125,Questionable,Calf,Limited Participation in Practice,Alec Ingold,QUESTIONABLE
2024,9,MIN,CB,Stephon Gilmore,00-0029542,,,Did Not Participate In Practice,Stephon Gilmore,
2024,9,MIN,S,Harrison Smith,00-0029606,,,Did Not Participate In Practice,Harrison Smith,
2024,9,MIN,TE,T.J. Hockenson,00-0035229,,,Full Participation in Practice,T.J. Hockenson,
2024,9,MIN,S,Theo Jackson,00-0037301,,,Full Participation in Practice,Theo Jackson,
2024,9,MIN,TE,Josh Oliver,00-0035249,,,Full Participation in Practice,Josh Oliver,
2024,9,MIN,T,David Quessenberry,00-0030097,,,Full Participation in Practice,David Quessenberry,
2024,9,MIN,LB,Blake Cashman,00-0035276,Out,Toe,Did Not Participate In Practice,Blake Cashman,OUT
2024,9,MIN,DT,Taki Taimani,00-0039720,Out,Ankle,Did Not Participate In Practice,Taki Taimani,OUT
2024,9,MIN,G,Dalton Risner,00-0035702,Questionable,Back,Full Participation in Practice,Dalton Risner,QUESTIONABLE
2024,9,MIN,CB,Akayleb Evans,00-0038101,Questionable,Hip,Limited Participation in Practice,Akayleb Evans,QUESTIONABLE
2024,9,NE,K,Joey Slye,00-0035192,,,Did Not Participate In Practice,Joey Slye,
2024,9,NE,DT,Daniel Ekuale,00-0034251,,,Full Participation in Practice,Daniel Ekuale,
2024,9,NE,RB,Antonio Gibson,00-0036328,,,Full Participation in Practice,Antonio Gibson,
2024,9,NE,CB,Jonathan Jones,00-0032580,,,Full Participation in Practice,Jonathan Jones,
2024,9,NE,LB,Marte Mapu,00-0039054,,,Full Participation in Practice,Marte Mapu,
2024,9,NE,WR,Ja'Lynn Polk,00-0039907,,,Full Participation in Practice,Ja'Lynn Polk,
2024,9,NE,G,Layden Robinson,00-0039887,,,Full Participation in Practice,Layden Robinson,
2024,9,NE,LB,Jahlani Tavai,00-0035240,,,Full Participation in Practice,Jahlani Tavai,
2024,9,NE,WR,Tyquan Thornton,00-0038104,,,Full Participation in Practice,Tyquan Thornton,
2024,9,NE,DE,Keion White,00-0039148,,,Full Participation in Practice,Keion White,
2024,9,NE,CB,Alex Austin,00-0038646,Questionable,Ankle,Limited Participation in Practice,Alex Austin,QUESTIONABLE
2024,9,NE,S,Kyle Dugger,00-0036231,Questionable,Ankle,Limited Participation in Practice,Kyle Dugger,QUESTIONABLE
2024,9,NE,LB,Christian Elliss,00-0036813,Questionable,Abdomen,Limited Participation in Practice,Christian Elliss,QUESTIONABLE
2024,9,NE,G,Michael Jordan,00-0035266,Questionable,Ankle,Limited Participation in Practice,Michael Jordan,QUESTIONABLE
2024,9,NE,T,Vederian Lowe,00-0037287,Questionable,Ankle,Limited Participation in Practice,Vederian Lowe,QUESTIONABLE
2024,9,NE,QB,Drake Maye,00-0039851,Questionable,Concussion,Limited Participation in Practice,Drake Maye,QUESTIONABLE
2024,9,NE,DT,Jaquelin Roy,00-0038584,Questionable,Neck,Limited Participation in Practice,Jaquelin Roy,QUESTIONABLE
2024,9,NE,LB,Sione Takitaki,00-0035646,Questionable,Knee,Limited Participation in Practice,Sione Takitaki,QUESTIONABLE
2024,9,NO,TE,Juwan Johnson,00-0036040,,,Full Participation in Practice,Juwan Johnson,
2024,9,NO,S,Tyrann Mathieu,00-0030459,,,Full Participation in Practice,Tyrann Mathieu,
2024,9,NO,QB,Derek Carr,00-0031280,,,Limited Participation in Practice,Derek Carr,
2024,9,NO,RB,Alvin Kamara,00-0033906,,,Limited Participation in Practice,Alvin Kamara,
2024,9,NO,WR,Cedrick Wilson,00-0034418,,,Limited Participation in Practice,Cedrick Wilson,
2024,9,NO,CB,Marshon Lattimore,00-0033874,Out,Hamstring,Did Not Participate In Practice,Marshon Lattimore,OUT
2024,9,NO,CB,Kool-Aid McKinstry,00-0039860,Out,Hamstring,Did Not Participate In Practice,Kool-Aid McKinstry,OUT
2024,9,NO,WR,Bub Means,00-0039386,Out,Ankle,Did Not Participate In Practice,Bub Means,OUT
2024,9,NO,RB,Kendre Miller,00-0038551,Out,Hamstring,Did Not Participate In Practice,Kendre Miller,OUT
2024,9,NO,RB,Jamaal Williams,00-0033948,Doubtful,Groin,Limited Participation in Practice,Jamaal Williams,DOUBTFUL
2024,9,NO,CB,Rico Payton,00-0039620,Questionable,Back,Did Not Participate In Practice,Rico Payton,QUESTIONABLE
2024,9,NO,G,Shane Lemieux,00-0036397,Questionable,Knee,Full Participation in Practice,Shane Lemieux,QUESTIONABLE
2024,9,NO,LB,Nephi Sewell,00-0037544,Questionable,Knee,Full Participation in Practice,Nephi Sewell,QUESTIONABLE
2024,9,NO,DT,John Ridgeway,00-0037283,Questionable,Oblique,Limited Participation in Practice,John Ridgeway,QUESTIONABLE
2024,9,NO,G,Nick Saldiveri,00-0038566,Questionable,Shoulder,Limited Participation in Practice,Nick Saldiveri,QUESTIONABLE
2024,9,NYG,LB,Matthew Adams,00-0034424,,,Full Participation in Practice,Matthew Adams,
2024,9,NYG,LB,Brian Burns,00-0035713,,,Full Participation in Practice,Brian Burns,
2024,9,NYG,T,Jermaine Eluemunor,00-0033290,,,Full Participation in Practice,Jermaine Eluemunor,
2024,9,NYG,G,Joshua Ezeudu,00-0037807,,,Full Participation in Practice,Joshua Ezeudu,
2024,9,NYG,DT,Dexter Lawrence,00-0035683,,,Full Participation in Practice,Dexter Lawrence,
2024,9,NYG,RB,Tyrone Tracy,00-0039384,,,Full Participation in Practice,Tyrone Tracy,
2024,9,NYG,CB,Cordale Flott,00-0037758,,,Limited Participation in Practice,Cordale Flott,
2024,9,NYG,CB,Tre Hawkins,00-0038403,,,Limited Participation in Practice,Tre Hawkins,
2024,9,NYG,CB,Adoree' Jackson,00-0033878,,,Limited Participation in Practice,Adoree' Jackson,
2024,9,NYG,G,Jake Kubas,00-0039508,,,Limited Participation in Practice,Jake Kubas,
2024,9,NYG,G,Jon Runyan,00-0036246,,,Limited Participation in Practice,Jon Runyan,
2024,9,NYG,C,John Michael Schmitz,00-0039019,,,Limited Participation in Practice,John Michael Schmitz,
2024,9,NYG,WR,Ihmir Smith-Marsette,00-0036635,,,Limited Participation in Practice,Ihmir Smith-Marsette,
2024,9,NYG,P,Jamie Gillan,00-0035042,Out,Right Hamstring,Did Not Participate In Practice,Jamie Gillan,OUT
2024,9,NYG,K,Greg Joseph,00-0034450,Out,Abdomen,Did Not Participate In Practice,Greg Joseph,OUT
2024,9,NYG,WR,Bryce Ford-Wheaton,00-0038477,Doubtful,Achilles,Limited Participation in Practice,Bryce Ford-Wheaton,DOUBTFUL
2024,9,NYG,LB,Ty Summers,00-0034999,Questionable,Ankle,Limited Participation in Practice,Ty Summers,QUESTIONABLE
2024,9,NYJ,CB,Michael Carter,00-0036501,,,Full Participation in Practice,Michael Carter,
2024,9,NYJ,G,Jake Hanson,00-0036273,,,Full Participation in Practice,Jake Hanson,
2024,9,NYJ,DE,Will McDonald,00-0039142,,,Full Participation in Practice,Will McDonald,
2024,9,NYJ,DE,Haason Reddick,00-0033875,,,Full Participation in Practice,Haason Reddick,
2024,9,NYJ,QB,Aaron Rodgers,00-0023459,,,Full Participation in Practice,Aaron Rodgers,
2024,9,NYJ,LB,Jamien Sherwood,00-0036500,,,Full Participation in Practice,Jamien Sherwood,
2024,9,NYJ,T,Tyron Smith,00-0027947,,,Full Participation in Practice,Tyron Smith,
2024,9,NYJ,DT,Quinnen Williams,00-0035718,,,Full Participation in Practice,Quinnen Williams,
2024,9,NYJ,K,Greg Zuerlein,00-0029621,,,Limited Participation in Practice,Greg Zuerlein,
2024,9,NYJ,S,Tony Adams,00-0037155,Out,Hamstring,Did Not Participate In Practice,Tony Adams,OUT
2024,9,NYJ,S,Ashtyn Davis,00-0036329,Out,Concussion,Did Not Participate In Practice,Ashtyn Davis,OUT
2024,9,NYJ,DT,Leki Fotu,00-0036371,Out,Knee,Did Not Participate In Practice,Leki Fotu,OUT
2024,9,NYJ,WR,Allen Lazard,00-0034521,Out,Chest,Did Not Participate In Practice,Allen Lazard,OUT
2024,9,NYJ,LB,C.J. Mosley,00-0031296,Out,Neck,Did Not Participate In Practice,C.J. Mosley,OUT
2024,9,NYJ,G,Alijah Vera-Tucker,00-0036979,Out,Ankle,Did Not Participate In Practice,Alijah Vera-Tucker,OUT
2024,9,NYJ,TE,Kenny Yeboah,00-0036510,Questionable,Achilles,Full Participation in Practice,Kenny Yeboah,QUESTIONABLE
2024,9,NYJ,T,Morgan Moses,00-0031330,Questionable,Knee,Limited Participation in Practice,Morgan Moses,QUESTIONABLE
2024,9,NYJ,LB,Chazz Surratt,00-0037003,Questionable,Heel,Limited Participation in Practice,Chazz Surratt,QUESTIONABLE
2024,9,PHI,WR,DeVonta Smith,00-0036912,,,Did Not Participate In Practice,DeVonta Smith,
2024,9,PHI,T,Mekhi Becton,00-0036284,,,Full Participation in Practice,Mekhi Becton,
2024,9,PHI,DT,Jalen Carter,00-0038386,,,Full Participation in Practice,Jalen Carter,
2024,9,PHI,G,Landon Dickerson,00-0037002,,,Full Participation in Practice,Landon Dickerson,
2024,9,PHI,TE,Albert Okwuegbunam,00-0036423,,,Full Participation in Practice,Albert Okwuegbunam,
2024,9,PHI,TE,Dallas Goedert,00-0034351,Out,Hamstring,Did Not Participate In Practice,Dallas Goedert,OUT
2024,9,PHI,CB,Darius Slay,00-0030062,Out,Groin,Did Not Participate In Practice,Darius Slay,OUT
2024,9,SEA,LB,Boye Mafe,00-0038133,,,Did Not Participate In Practice,Boye Mafe,
2024,9,SEA,CB,Tre Brown,00-0036885,,,Full Participation in Practice,Tre Brown,
2024,9,SEA,LB,Tyrel Dodson,00-0035352,,,Full Participation in Practice,Tyrel Dodson,
2024,9,SEA,T,George Fant,00-0032466,,,Full Participation in Practice,George Fant,
2024,9,SEA,DT,Johnathan Hankins,00-0030063,,,Full Participation in Practice,Johnathan Hankins,
2024,9,SEA,T,Michael Jerrell,00-0039842,,,Full Participation in Practice,Michael Jerrell,
2024,9,SEA,WR,Tyler Lockett,00-0032211,,,Full Participation in Practice,Tyler Lockett,
2024,9,SEA,DT,Jarran Reed,00-0032387,,,Full Participation in Practice,Jarran Reed,
2024,9,SEA,WR,Laviska Shenault,00-0036268,,,Full Participation in Practice,Laviska Shenault,
2024,9,SEA,G,Laken Tomlinson,00-0032234,,,Full Participation in Practice,Laken Tomlinson,
2024,9,SEA,DT,Leonard Williams,00-0031933,,,Full Participation in Practice,Leonard Williams,
2024,9,SEA,CB,Devon Witherspoon,00-0039169,,,Full Participation in Practice,Devon Witherspoon,
2024,9,SEA,CB,Tariq Woolen,00-0037079,,,Full Participation in Practice,Tariq Woolen,
2024,9,SEA,DE,Dre'Mont Jones,00-0035678,,,Limited Participation in Practice,Dre'Mont Jones,
2024,9,SEA,CB,Nehemiah Pritchett,00-0039795,,,Limited Participation in Practice,Nehemiah Pritchett,
2024,9,SEA,TE,Noah Fant,00-0035644,Out,Groin,Did Not Participate In Practice,Noah Fant,OUT
2024,9,SEA,T,Abraham Lucas,00-0037812,Out,Knee,Did Not Participate In Practice,Abraham Lucas,OUT
2024,9,SEA,WR,DK Metcalf,00-0035640,Out,Knee,Did Not Participate In Practice,DK Metcalf,OUT
2024,9,SEA,DT,Cameron Young,00-0038572,Out,Knee,Did Not Participate In Practice,Cameron Young,OUT
2024,9,SEA,LB,Ernest Jones,00-0036994,Questionable,Neck,Did Not Participate In Practice,Ernest Jones,QUESTIONABLE
2024,9,TB,G,Ben Bredeson,00-0036132,,,Did Not Participate In Practice,Ben Bredeson,
2024,9,TB,DE,William Gholston,00-0030386,,,Did Not Participate In Practice,William Gholston,
2024,9,TB,LB,Lavonte David,00-0029562,,,Full Participation in Practice,Lavonte David,
2024,9,TB,WR,Mike Evans,00-0031408,Out,Hamstring,Did Not Participate In Practice,Mike Evans,OUT
2024,9,TB,DT,Greg Gaines,00-0035667,Out,Calf,Did Not Participate In Practice,Greg Gaines,OUT
2024,9,TB,LS,Evan Deckers,00-0038817,Out,Hamstring,Full Participation in Practice,Evan Deckers,OUT
2024,9,TB,S,Antoine Winfield,00-0036411,Questionable,Foot,Did Not Participate In Practice,Antoine Winfield,QUESTIONABLE
2024,9,TB,S,Tykee Smith,00-0039846,Questionable,Concussion,Full Participation in Practice,Tykee Smith,QUESTIONABLE
2024,9,TB,RB,Bucky Irving,00-0039361,Questionable,Toe,Limited Participation in Practice,Bucky Irving,QUESTIONABLE
2024,9,TB,WR,Jalen McMillan,00-0039855,Questionable,Hamstring,Limited Participation in Practice,Jalen McMillan,QUESTIONABLE
2024,9,TB,WR,Sterling Shepard,00-0032385,Questionable,Hamstring,Limited Participation in Practice,Sterling Shepard,QUESTIONABLE
2024,9,TEN,WR,Calvin Ridley,00-0034837,,,Did Not Participate In Practice,Calvin Ridley,
2024,9,TEN,DT,Jeffery Simmons,00-0035643,,,Full Participation in Practice,Jeffery Simmons,
2024,9,TEN,T,Andrew Rupcich,00-0037605,Out,Triceps,Did Not Participate In Practice,Andrew Rupcich,OUT
2024,9,TEN,CB,L'Jarius Sneed,00-0036374,Out,Quadricep,Did Not Participate In Practice,L'Jarius Sneed,OUT
2024,9,TEN,RB,Tyjae Spears,00-0039032,Out,Hamstring,Did Not Participate In Practice,Tyjae Spears,OUT
2024,9,TEN,CB,Tre Avery,00-0037593,Questionable,Hamstring,Did Not Participate In Practice,Tre Avery,QUESTIONABLE
2024,9,TEN,WR,Tyler Boyd,00-0033009,Questionable,Shoulder,Did Not Participate In Practice,Tyler Boyd,QUESTIONABLE
2024,9,TEN,RB,Tony Pollard,00-0035261,Questionable,Foot,Did Not Participate In Practice,Tony Pollard,QUESTIONABLE
2024,9,TEN,T,Dillon Radunz,00-0036619,Questionable,Foot,Did Not Participate In Practice,Dillon Radunz,QUESTIONABLE
2024,9,TEN,DT,T'Vondre Sweat,00-0039886,Questionable,Hip,Did Not Participate In Practice,T'Vondre Sweat,QUESTIONABLE
2024,9,TEN,S,Amani Hooker,00-0035632,Questionable,Groin,Limited Participation in Practice,Amani Hooker,QUESTIONABLE
2024,9,TEN,QB,Will Levis,00-0039152,Questionable,Right Shoulder,Limited Participation in Practice,Will Levis,QUESTIONABLE
2024,9,WAS,TE,Zach Ertz,00-0030061,,,Did Not Participate In Practice,Zach Ertz,
2024,9,WAS,C,Tyler Biadasz,00-0036376,,,Full Participation in Practice,Tyler Biadasz,
2024,9,WAS,T,Brandon Coleman,00-0039913,,,Full Participation in Practice,Brandon Coleman,
2024,9,WAS,QB,Jayden Daniels,00-0039910,,,Full Participation in Practice,Jayden Daniels,
2024,9,WAS,WR,Terry McLaurin,00-0035659,,,Full Participation in Practice,Terry McLaurin,
2024,9,WAS,WR,Olamide Zaccheaus,00-0035208,,,Full Participation in Practice,Olamide Zaccheaus,
2024,9,WAS,DE,Clelin Ferrell,00-0035692,,,Limited Participation in Practice,Clelin Ferrell,
2024,9,WAS,LB,Frankie Luvu,00-0034302,,,Limited Participation in Practice,Frankie Luvu,
2024,9,WAS,T,Cornelius Lucas,00-0030725,Out,Ankle,Did Not Participate In Practice,Cornelius Lucas,OUT
2024,9,WAS,RB,Brian Robinson,00-0037746,Questionable,Hamstring,Limited Participation in Practice,Brian Robinson,QUESTIONABLE
2024,10,ARI,T,Kelvin Beachum,00-0029316,,,Full Participation in Practice,Kelvin Beachum,
2024,10,ARI,DT,L.J. Collier,00-0035636,,,Full Participation in Practice,L.J. Collier,
2024,10,ARI,RB,James Conner,00-0033553,,,Full Participation in Practice,James Conner,
2024,10,ARI,DT,Naquan Jones,00-0036695,,,Full Participation in Practice,Naquan Jones,
2024,10,ARI,DT,Roy Lopez,00-0036568,,,Full Participation in Practice,Roy Lopez,
2024,10,ARI,CB,Sean Murphy-Bunting,00-0035239,,,Full Participation in Practice,Sean Murphy-Bunting,
2024,10,ARI,DT,Darius Robinson,00-0039854,Out,Calf,Did Not Participate In Practice,Darius Robinson,OUT
2024,10,ARI,S,Jalen Thompson,00-0035705,Questionable,Ankle,Did Not Participate In Practice,Jalen Thompson,QUESTIONABLE
2024,10,ARI,T,Jonah Williams,00-0035629,Questionable,Knee,Limited Participation in Practice,Jonah Williams,QUESTIONABLE
2024,10,ATL,DE,James Smith-Williams,00-0036351,,,Did Not Participate In Practice,James Smith-Williams,
2024,10,ATL,LB,Troy Andersen,00-0037810,,,Full Participation in Practice,Troy Andersen,
2024,10,ATL,DT,Grady Jarrett,00-0031583,,,Full Participation in Practice,Grady Jarrett,
2024,10,ATL,LB,Matt Judon,00-0032415,,,Full Participation in Practice,Matt Judon,
2024,10,ATL,G,Chris Lindstrom,00-0035630,,,Full Participation in Practice,Chris Lindstrom,
2024,10,ATL,TE,Kyle Pitts,00-0036970,,,Full Participation in Practice,Kyle Pitts,
2024,10,ATL,LB,J.D. Bertrand,00-0039370,Out,Concussion,Did Not Participate In Practice,J.D. Bertrand,OUT
2024,10,ATL,C,Drew Dalman,00-0036957,Questionable,Ankle,Full Participation in Practice,Drew Dalman,QUESTIONABLE
2024,10,ATL,WR,Drake London,00-0037238,Questionable,Hip,Limited Participation in Practice,Drake London,QUESTIONABLE
2024,10,BAL,LB,Adisa Isaac,00-0039791,,,Full Participation in Practice,Adisa Isaac,
2024,10,BAL,QB,Lamar Jackson,00-0034796,,,Full Participation in Practice,Lamar Jackson,
2024,10,BAL,DT,Travis Jones,00-0037756,,,Full Participation in Practice,Travis Jones,
2024,10,BAL,G,Patrick Mekari,00-0035112,,,Full Participation in Practice,Patrick Mekari,
2024,10,BAL,WR,Tylan Wallace,00-0036630,,,Full Participation in Practice,Tylan Wallace,
2024,10,BAL,DE,Broderick Washington,00-0036081,,,Full Participation in Practice,Broderick Washington,
2024,10,BAL,TE,Isaiah Likely,00-0037838,Out,Hamstring,Did Not Participate In Practice,Isaiah Likely,OUT
2024,10,BAL,DE,Brent Urban,00-0031177,Out,Concussion,Did Not Participate In Practice,Brent Urban,OUT
2024,10,BAL,CB,Jalyn Armour-Davis,00-0038119,Doubtful,Knee,Limited Participation in Practice,Jalyn Armour-Davis,DOUBTFUL
2024,10,BAL,RB,Rasheen Ali,00-0039796,Questionable,Ankle,Full Participation in Practice,Rasheen Ali,QUESTIONABLE
2024,10,BAL,RB,Keaton Mitchell,00-0038454,Questionable,Knee,Full Participation in Practice,Keaton Mitchell,QUESTIONABLE
2024,10,BUF,QB,Josh Allen,00-0034857,,,Full Participation in Practice,Josh Allen,
2024,10,BUF,CB,Christian Benford,00-0037288,,,Full Participation in Practice,Christian Benford,
2024,10,BUF,LB,Terrel Bernard,00-0037254,,,Full Participation in Practice,Terrel Bernard,
2024,10,BUF,T,Spencer Brown,00-0036976,,,Full Participation in Practice,Spencer Brown,
2024,10,BUF,CB,Kaiir Elam,00-0037242,,,Full Participation in Practice,Kaiir Elam,
2024,10,BUF,CB,Taron Johnson,00-0034376,,,Full Participation in Practice,Taron Johnson,
2024,10,BUF,DT,DaQuan Jones,00-0031054,,,Full Participation in Practice,DaQuan Jones,
2024,10,BUF,TE,Dalton Kincaid,00-0038933,,,Full Participation in Practice,Dalton Kincaid,
2024,10,BUF,TE,Dawson Knox,00-0035689,,,Full Participation in Practice,Dawson Knox,
2024,10,BUF,S,Cameron Lewis,00-0035357,,,Full Participation in Practice,Cameron Lewis,
2024,10,BUF,TE,Quintin Morris,00-0036590,,,Full Participation in Practice,Quintin Morris,
2024,10,BUF,S,Taylor Rapp,00-0035663,,,Full Participation in Practice,Taylor Rapp,
2024,10,BUF,DE,Casey Toohill,00-0036403,,,Full Participation in Practice,Casey Toohill,
2024,10,BUF,LB,Dorian Williams,00-0038557,,,Full Participation in Practice,Dorian Williams,
2024,10,BUF,WR,Mack Hollins,00-0033555,,,Limited Participation in Practice,Mack Hollins,
2024,10,BUF,WR,Curtis Samuel,00-0033282,,,Limited Participation in Practice,Curtis Samuel,
2024,10,BUF,WR,Keon Coleman,00-0039901,Out,Wrist,Did Not Participate In Practice,Keon Coleman,OUT
2024,10,BUF,WR,Amari Cooper,00-0031544,Questionable,Wrist,Limited Participation in Practice,Amari Cooper,QUESTIONABLE
2024,10,BUF,FB,Reggie Gilliam,00-0036187,Questionable,Hip,Limited Participation in Practice,Reggie Gilliam,QUESTIONABLE
2024,10,BUF,LB,Baylon Spector,00-0037318,Questionable,Calf,Limited Participation in Practice,Baylon Spector,QUESTIONABLE
2024,10,CAR,T,Taylor Moton,00-0033284,,,Did Not Participate In Practice,Taylor Moton,
2024,10,CAR,DT,Jaden Crumedy,00-0039402,,,Full Participation in Practice,Jaden Crumedy,
2024,10,CAR,TE,Feleipe Franks,00-0036825,,,Full Participation in Practice,Feleipe Franks,
2024,10,CAR,CB,Jaycee Horn,00-0036944,,,Full Participation in Practice,Jaycee Horn,
2024,10,CAR,RB,Chuba Hubbard,00-0036555,,,Full Participation in Practice,Chuba Hubbard,
2024,10,CAR,LB,Josey Jewell,00-0034368,,,Full Participation in Practice,Josey Jewell,
2024,10,CAR,DE,A'Shawn Robinson,00-0032889,,,Full Participation in Practice,A'Shawn Robinson,
2024,10,CAR,TE,Ja'Tavion Sanders,00-0039356,,,Full Participation in Practice,Ja'Tavion Sanders,
2024,10,CAR,DE,DeShawn Williams,00-0031795,,,Full Participation in Practice,DeShawn Williams,
2024,10,CAR,S,Xavier Woods,00-0033579,,,Full Participation in Practice,Xavier Woods,
2024,10,CAR,T,Ikem Ekwonu,00-0037229,Out,Ankle,Did Not Participate In Practice,Ikem Ekwonu,OUT
2024,10,CAR,WR,Adam Thielen,00-0030035,Out,Hamstring,Did Not Participate In Practice,Adam Thielen,OUT
2024,10,CAR,S,Jammie Robinson,00-0038587,Doubtful,Knee,Limited Participation in Practice,Jammie Robinson,DOUBTFUL
2024,10,CAR,RB,Jonathon Brooks,00-0039344,Questionable,Knee,Full Participation in Practice,Jonathon Brooks,QUESTIONABLE
2024,10,CAR,LB,Jadeveon Clowney,00-0031364,Questionable,Knee,Full Participation in Practice,Jadeveon Clowney,QUESTIONABLE
2024,10,CAR,S,Jordan Fuller,00-0036431,Questionable,Hamstring,Full Participation in Practice,Jordan Fuller,QUESTIONABLE
2024,10,CAR,S,Lonnie Johnson,00-0035244,Questionable,Quadricep,Full Participation in Practice,Lonnie Johnson,QUESTIONABLE
2024,10,CAR,TE,Tommy Tremble,00-0037005,Questionable,Back,Full Participation in Practice,Tommy Tremble,QUESTIONABLE
2024,10,CAR,LB,D.J. Wonnum,00-0036335,Questionable,Quadricep,Full Participation in Practice,D.J. Wonnum,QUESTIONABLE
2024,10,CHI,DT,Andrew Billings,00-0033066,,,Did Not Participate In Practice,Andrew Billings,
2024,10,CHI,CB,Jaylon Jones,00-0037106,,,Did Not Participate In Practice,Jaylon Jones,
2024,10,CHI,CB,Kyler Gordon,00-0038111,,,Full Participation in Practice,Kyler Gordon,
2024,10,CHI,T,Teven Jenkins,00-0036953,,,Full Participation in Practice,Teven Jenkins,
2024,10,CHI,TE,Marcedes Lewis,00-0024243,,,Full Participation in Practice,Marcedes Lewis,
2024,10,CHI,CB,Terell Smith,00-0038395,,,Full Participation in Practice,Terell Smith,
2024,10,CHI,DE,Montez Sweat,00-0035647,,,Full Participation in Practice,Montez Sweat,
2024,10,CHI,T,Kiran Amegadjie,00-0039822,Out,Calf,Did Not Participate In Practice,Kiran Amegadjie,OUT
2024,10,CHI,S,Jaquan Brisker,00-0038135,Out,Concussion,Did Not Participate In Practice,Jaquan Brisker,OUT
2024,10,CHI,T,Braxton Jones,00-0037081,Out,Knee,Did Not Participate In Practice,Braxton Jones,OUT
2024,10,CHI,T,Darnell Wright,00-0038932,Out,Knee,Did Not Participate In Practice,Darnell Wright,OUT
2024,10,CHI,DE,Darrell Taylor,00-0036413,Questionable,Knee,Did Not Participate In Practice,Darrell Taylor,QUESTIONABLE
2024,10,CHI,C,Ryan Bates,00-0035382,Questionable,Shoulder,Full Participation in Practice,Ryan Bates,QUESTIONABLE
2024,10,CHI,LB,Noah Sewell,00-0038390,Questionable,Knee,Limited Participation in Practice,Noah Sewell,QUESTIONABLE
2024,10,CIN,TE,Erick All,00-0039814,,,Did Not Participate In Practice,Erick All,
2024,10,CIN,RB,Zack Moss,00-0036251,,,Did Not Participate In Practice,Zack Moss,
2024,10,CIN,S,Jordan Battle,00-0038560,,,Full Participation in Practice,Jordan Battle,
2024,10,CIN,RB,Chase Brown,00-0038597,,,Full Participation in Practice,Chase Brown,
2024,10,CIN,QB,Joe Burrow,00-0036442,,,Full Participation in Practice,Joe Burrow,
2024,10,CIN,DE,Sam Hubbard,00-0034834,,,Full Participation in Practice,Sam Hubbard,
2024,10,CIN,S,Geno Stone,00-0036199,,,Limited Participation in Practice,Geno Stone,
2024,10,CIN,WR,Tee Higgins,00-0036410,Doubtful,Quadricep,Did Not Participate In Practice,Tee Higgins,DOUBTFUL
2024,10,CIN,WR,Charlie Jones,00-0038576,Doubtful,Groin,Did Not Participate In Practice,Charlie Jones,DOUBTFUL
2024,10,CIN,T,Orlando Brown,00-0034752,Questionable,Knee,Limited Participation in Practice,Orlando Brown,QUESTIONABLE
2024,10,CIN,DT,B.J. Hill,00-0034800,Questionable,Rib,Limited Participation in Practice,B.J. Hill,QUESTIONABLE
2024,10,DAL,CB,Caelen Carson,00-0039387,,,Full Participation in Practice,Caelen Carson,
2024,10,DAL,DT,Linval Joseph,00-0027885,,,Full Participation in Practice,Linval Joseph,
2024,10,DAL,WR,CeeDee Lamb,00-0036358,,,Full Participation in Practice,CeeDee Lamb,
2024,10,DAL,G,Zack Martin,00-0031402,,,Full Participation in Practice,Zack Martin,
2024,10,DAL,CB,Daron Bland,00-0037275,Out,Foot,Did Not Participate In Practice,Daron Bland,OUT
2024,10,DAL,QB,Dak Prescott,00-0033077,Out,Hamstring,Did Not Participate In Practice,Dak Prescott,OUT
2024,10,DAL,S,Juanyeh Thomas,00-0037578,Out,Concussion,Did Not Participate In Practice,Juanyeh Thomas,OUT
2024,10,DAL,CB,Trevon Diggs,00-0036361,Questionable,Calf,Did Not Participate In Practice,Trevon Diggs,QUESTIONABLE
2024,10,DAL,LB,Nick Vigil,00-0032892,Questionable,Foot,Did Not Participate In Practice,Nick Vigil,QUESTIONABLE
2024,10,DAL,T,Tyler Guyton,00-0039341,Questionable,Neck,Limited Participation in Practice,Tyler Guyton,QUESTIONABLE
2024,10,DAL,LB,Eric Kendricks,00-0031554,Questionable,Shoulder,Limited Participation in Practice,Eric Kendricks,QUESTIONABLE
2024,10,DAL,DE,Micah Parsons,00-0036932,Questionable,Ankle,Limited Participation in Practice,Micah Parsons,QUESTIONABLE
2024,10,DEN,DE,Zach Allen,00-0035248,,,Full Participation in Practice,Zach Allen,
2024,10,DEN,DT,D.J. Jones,00-0033297,,,Full Participation in Practice,D.J. Jones,
2024,10,DEN,S,P.J. Locke,00-0035227,,,Full Participation in Practice,P.J. Locke,
2024,10,DEN,T,Mike McGlinchey,00-0034847,,,Full Participation in Practice,Mike McGlinchey,
2024,10,DEN,S,Delarrin Turner-Yell,00-0037264,Out,Knee,Full Participation in Practice,Delarrin Turner-Yell,OUT
2024,10,DEN,LB,Drew Sanders,00-0039003,Out,Achilles,Limited Participation in Practice,Drew Sanders,OUT
2024,10,DEN,C,Luke Wattenberg,00-0037278,Questionable,Ankle,Full Participation in Practice,Luke Wattenberg,QUESTIONABLE
2024,10,DET,DE,Josh Paschal,00-0038096,,,Full Participation in Practice,Josh Paschal,
2024,10,DET,RB,Sione Vaki,00-0039364,,,Full Participation in Practice,Sione Vaki,
2024,10,DET,DT,Mekhi Wingo,00-0039396,,,Full Participation in Practice,Mekhi Wingo,
2024,10,DET,T,Taylor Decker,00-0032381,Out,Shoulder,Did Not Participate In Practice,Taylor Decker,OUT
2024,10,DET,LB,Jalen Reeves-Maybin,00-0033557,Out,Neck,Did Not Participate In Practice,Jalen Reeves-Maybin,OUT
2024,10,DET,LB,Malcolm Rodriguez,00-0037289,Out,Ankle,Did Not Participate In Practice,Malcolm Rodriguez,OUT
2024,10,DET,DT,Brodric Martin,00-0038939,Out,Knee,Full Participation in Practice,Brodric Martin,OUT
2024,10,DET,S,Ifeatu Melifonwu,00-0036993,Out,Ankle,Full Participation in Practice,Ifeatu Melifonwu,OUT
2024,10,DET,CB,Emmanuel Moseley,00-0034096,Out,Pectoral,Full Participation in Practice,Emmanuel Moseley,OUT
2024,10,DET,DE,Za'Darius Smith,00-0031576,Questionable,Not injury related - personal matter,Full Participation in Practice,Za'Darius Smith,QUESTIONABLE
2024,10,HOU,DE,Denico Autry,00-0031254,,,Did Not Participate In Practice,Denico Autry,
2024,10,HOU,G,Kenyon Green,00-0037613,,,Did Not Participate In Practice,Kenyon Green,
2024,10,HOU,LB,Azeez Al-Shaair,00-0035166,,,Full Participation in Practice,Azeez Al-Shaair,
2024,10,HOU,DE,Derek Barnett,00-0033876,,,Full Participation in Practice,Derek Barnett,
2024,10,HOU,DE,Dylan Horton,00-0039009,,,Full Participation in Practice,Dylan Horton,
2024,10,HOU,G,Shaquille Mason,00-0031580,,,Full Participation in Practice,Shaquille Mason,
2024,10,HOU,C,Jarrett Patterson,00-0038615,,,Full Participation in Practice,Jarrett Patterson,
2024,10,HOU,S,Jimmie Ward,00-0031298,,,Full Participation in Practice,Jimmie Ward,
2024,10,HOU,T,Laremy Tunsil,00-0032380,,,Limited Participation in Practice,Laremy Tunsil,
2024,10,HOU,DE,Will Anderson,00-0039108,Out,Ankle,Did Not Participate In Practice,Will Anderson,OUT
2024,10,HOU,RB,Dameon Pierce,00-0037258,Out,Groin,Did Not Participate In Practice,Dameon Pierce,OUT
2024,10,HOU,DT,Folorunso Fatukasi,00-0034275,Questionable,Groin,Did Not Participate In Practice,Folorunso Fatukasi,QUESTIONABLE
2024,10,HOU,LB,Jake Hansen,00-0037457,Questionable,Ankle,Did Not Participate In Practice,Jake Hansen,QUESTIONABLE
2024,10,HOU,DE,Jerry Hughes,00-0027881,Questionable,Hip,Full Participation in Practice,Jerry Hughes,QUESTIONABLE
2024,10,HOU,CB,Jeff Okudah,00-0036274,Questionable,Quadricep,Full Participation in Practice,Jeff Okudah,QUESTIONABLE
2024,10,HOU,WR,Nico Collins,00-0036554,Questionable,Hamstring,Limited Participation in Practice,Nico Collins,QUESTIONABLE
2024,10,HOU,WR,Tank Dell,00-0038977,Questionable,Back,Limited Participation in Practice,Tank Dell,QUESTIONABLE
2024,10,IND,DT,DeForest Buckner,00-0032378,,,Did Not Participate In Practice,DeForest Buckner,
2024,10,IND,T,Braden Smith,00-0034836,,,Did Not Participate In Practice,Braden Smith,
2024,10,IND,DT,Grover Stewart,00-0033952,,,Did Not Participate In Practice,Grover Stewart,
2024,10,IND,LB,Zaire Franklin,00-0034431,,,Full Participation in Practice,Zaire Franklin,
2024,10,IND,T,Matt Goncalves,00-0039736,,,Full Participation in Practice,Matt Goncalves,
2024,10,IND,DE,Dayo Odeyingbo,00-0036480,,,Full Participation in Practice,Dayo Odeyingbo,
2024,10,IND,T,Bernhard Raimann,00-0037757,,,Full Participation in Practice,Bernhard Raimann,
2024,10,IND,WR,Michael Pittman,00-0036252,Out,Back,Did Not Participate In Practice,Michael Pittman,OUT
2024,10,JAX,RB,Tank Bigsby,00-0038555,,,Limited Participation in Practice,Tank Bigsby,
2024,10,JAX,RB,Travis Etienne,00-0036973,,,Limited Participation in Practice,Travis Etienne,
2024,10,JAX,G,Brandon Scherff,00-0032053,,,Limited Participation in Practice,Brandon Scherff,
2024,10,JAX,G,Ezra Cleveland,00-0036327,Out,Ankle,Did Not Participate In Practice,Ezra Cleveland,OUT
2024,10,JAX,DT,Maason Smith,00-0039889,Out,Ankle,Limited Participation in Practice,Maason Smith,OUT
2024,10,JAX,WR,Devin Duvernay,00-0036331,Questionable,Hamstring,Full Participation in Practice,Devin Duvernay,QUESTIONABLE
2024,10,JAX,RB,Keilan Robinson,00-0039385,Questionable,Toe,Full Participation in Practice,Keilan Robinson,QUESTIONABLE
2024,10,JAX,S,Andrew Wingard,00-0035378,Questionable,Knee,Full Participation in Practice,Andrew Wingard,QUESTIONABLE
2024,10,JAX,WR,Gabe Davis,00-0036196,Questionable,Shoulder,Limited Participation in Practice,Gabe Davis,QUESTIONABLE
2024,10,JAX,RB,D'Ernest Johnson,00-0035628,Questionable,Hamstring,Limited Participation in Practice,D'Ernest Johnson,QUESTIONABLE
2024,10,JAX,QB,Trevor Lawrence,00-0036971,Questionable,Left Shoulder,Limited Participation in Practice,Trevor Lawrence,QUESTIONABLE
2024,10,JAX,WR,Brian Thomas,00-0039893,Questionable,Chest,Limited Participation in Practice,Brian Thomas,QUESTIONABLE
2024,10,JAX,S,Daniel Thomas,00-0036306,Questionable,Hamstring,Limited Participation in Practice,Daniel Thomas,QUESTIONABLE
2024,10,KC,DE,Michael Danna,00-0036378,,,Full Participation in Practice,Michael Danna,
2024,10,KC,WR,Mecole Hardman,00-0035140,,,Full Participation in Practice,Mecole Hardman,
2024,10,KC,RB,Kareem Hunt,00-0033923,,,Full Participation in Practice,Kareem Hunt,
2024,10,KC,CB,Nazeeh Johnson,00-0037198,,,Full Participation in Practice,Nazeeh Johnson,
2024,10,KC,DE,George Karlaftis,00-0037192,,,Full Participation in Practice,George Karlaftis,
2024,10,KC,QB,Patrick Mahomes,00-0033873,,,Full Participation in Practice,Patrick Mahomes,
2024,10,KC,DT,Derrick Nnadi,00-0034818,,,Full Participation in Practice,Derrick Nnadi,
2024,10,KC,WR,JuJu Smith-Schuster,00-0033857,Out,Hamstring,Did Not Participate In Practice,JuJu Smith-Schuster,OUT
2024,10,KC,DT,Tershawn Wharton,00-0035890,Questionable,Knee,Limited Participation in Practice,Tershawn Wharton,QUESTIONABLE
2024,10,LA,G,Steve Avila,00-0039058,,,Full Participation in Practice,Steve Avila,
2024,10,LA,P,Ethan Evans,00-0039059,,,Full Participation in Practice,Ethan Evans,
2024,10,LA,C,Jonah Jackson,00-0036258,,,Full Participation in Practice,Jonah Jackson,
2024,10,LA,WR,Demarcus Robinson,00-0032775,,,Full Participation in Practice,Demarcus Robinson,
2024,10,LA,CB,Josh Wallace,00-0039772,,,Full Participation in Practice,Josh Wallace,
2024,10,LA,WR,Jordan Whittington,00-0039751,,,Full Participation in Practice,Jordan Whittington,
2024,10,LA,CB,Charles Woods,00-0039770,,,Full Participation in Practice,Charles Woods,
2024,10,LA,DT,Neville Gallimore,00-0036366,Out,Shoulder,Did Not Participate In Practice,Neville Gallimore,OUT
2024,10,LA,T,Rob Havenstein,00-0032242,Out,Ankle,Did Not Participate In Practice,Rob Havenstein,OUT
2024,10,LA,S,Kamren Curl,00-0036349,Questionable,Knee,Limited Participation in Practice,Kamren Curl,QUESTIONABLE
2024,10,LA,G,Kevin Dotson,00-0036339,Questionable,Ankle,Limited Participation in Practice,Kevin Dotson,QUESTIONABLE
2024,10,LA,LB,Christian Rozeboom,00-0035942,Questionable,Neck,Limited Participation in Practice,Christian Rozeboom,QUESTIONABLE
2024,10,LAC,RB,J.K. Dobbins,00-0036158,,,Full Participation in Practice,J.K. Dobbins,
2024,10,LAC,P,J.K. Scott,00-0034162,,,Full Participation in Practice,J.K. Scott,
2024,10,LAC,CB,Ja'Sir Taylor,00-0037307,,,Full Participation in Practice,Ja'Sir Taylor,
2024,10,LAC,CB,Kristian Fulton,00-0036416,Doubtful,Hamstring,Did Not Participate In Practice,Kristian Fulton,DOUBTFUL
2024,10,LAC,DE,Khalil Mack,00-0031040,Questionable,Groin,Did Not Participate In Practice,Khalil Mack,QUESTIONABLE
2024,10,LAC,T,Trey Pipkins,00-0035688,Questionable,Ankle,Did Not Participate In Practice,Trey Pipkins,QUESTIONABLE
2024,10,LAC,RB,Gus Edwards,00-0034184,Questionable,Ankle,Full Participation in Practice,Gus Edwards,QUESTIONABLE
2024,10,LAC,LB,Denzel Perryman,00-0032103,Questionable,Toe,Full Participation in Practice,Denzel Perryman,QUESTIONABLE
2024,10,LAC,DE,Joey Bosa,00-0033156,Questionable,Hip,Limited Participation in Practice,Joey Bosa,QUESTIONABLE
2024,10,LAC,TE,Stone Smartt,00-0037475,Questionable,Ankle,Limited Participation in Practice,Stone Smartt,QUESTIONABLE
2024,10,MIA,DT,Calais Campbell,00-0026190,,,Did Not Participate In Practice,Calais Campbell,
2024,10,MIA,WR,D'Wayne Eskridge,00-0036620,,,Did Not Participate In Practice,D'Wayne Eskridge,
2024,10,MIA,S,Jordan Poyer,00-0030114,,,Did Not Participate In Practice,Jordan Poyer,
2024,10,MIA,T,Terron Armstead,00-0030067,,,Full Participation in Practice,Terron Armstead,
2024,10,MIA,LB,Tyus Bowser,00-0033283,,,Full Participation in Practice,Tyus Bowser,
2024,10,MIA,CB,Storm Duck,00-0039481,,,Full Participation in Practice,Storm Duck,
2024,10,MIA,TE,Julian Hill,00-0038720,,,Full Participation in Practice,Julian Hill,
2024,10,MIA,G,Robert Jones,00-0036596,,,Full Participation in Practice,Robert Jones,
2024,10,MIA,CB,Kader Kohou,00-0037353,,,Full Participation in Practice,Kader Kohou,
2024,10,MIA,LB,Emmanuel Ogbah,00-0033073,,,Full Participation in Practice,Emmanuel Ogbah,
2024,10,MIA,DT,Zach Sieler,00-0034285,,,Full Participation in Practice,Zach Sieler,
2024,10,MIA,CB,Cam Smith,00-0039133,,,Full Participation in Practice,Cam Smith,
2024,10,MIA,T,Austin Jackson,00-0036248,Out,Knee,Did Not Participate In Practice,Austin Jackson,OUT
2024,10,MIA,WR,Tyreek Hill,00-0033040,Questionable,Wrist,Did Not Participate In Practice,Tyreek Hill,QUESTIONABLE
2024,10,MIA,WR,River Cracraft,00-0034054,Questionable,Shoulder,Full Participation in Practice,River Cracraft,QUESTIONABLE
2024,10,MIA,S,Patrick McMorris,00-0039881,Questionable,Calf,Full Participation in Practice,Patrick McMorris,QUESTIONABLE
2024,10,MIA,S,Jevon Holland,00-0036998,Questionable,Hand,Limited Participation in Practice,Jevon Holland,QUESTIONABLE
2024,10,MIA,FB,Alec Ingold,00-0035125,Questionable,Calf,Limited Participation in Practice,Alec Ingold,QUESTIONABLE
2024,10,MIN,CB,Stephon Gilmore,00-0029542,,,Did Not Participate In Practice,Stephon Gilmore,
2024,10,MIN,S,Harrison Smith,00-0029606,,,Did Not Participate In Practice,Harrison Smith,
2024,10,MIN,C,Garrett Bradbury,00-0035588,,,Full Participation in Practice,Garrett Bradbury,
2024,10,MIN,CB,Akayleb Evans,00-0038101,,,Full Participation in Practice,Akayleb Evans,
2024,10,MIN,S,Theo Jackson,00-0037301,,,Full Participation in Practice,Theo Jackson,
2024,10,MIN,TE,Josh Oliver,00-0035249,,,Full Participation in Practice,Josh Oliver,
2024,10,MIN,DE,Andrew Van Ginkel,00-0035272,,,Full Participation in Practice,Andrew Van Ginkel,
2024,10,MIN,LB,Blake Cashman,00-0035276,Questionable,Toe,Full Participation in Practice,Blake Cashman,QUESTIONABLE
2024,10,MIN,LB,Ivan Pace,00-0038807,Questionable,Knee,Full Participation in Practice,Ivan Pace,QUESTIONABLE
2024,10,MIN,DE,Gabriel Murphy,00-0039715,Questionable,Knee,Limited Participation in Practice,Gabriel Murphy,QUESTIONABLE
2024,10,NE,RB,Jamycal Hasty,00-0035806,,,Did Not Participate In Practice,Jamycal Hasty,
2024,10,NE,LB,Jahlani Tavai,00-0035240,,,Did Not Participate In Practice,Jahlani Tavai,
2024,10,NE,LB,Sione Takitaki,00-0035646,,,Full Participation in Practice,Sione Takitaki,
2024,10,NE,DE,Keion White,00-0039148,,,Full Participation in Practice,Keion White,
2024,10,NE,DE,Yannick Ngakoue,00-0033123,Out,Not injury related - other,"
    ",Yannick Ngakoue,OUT
2024,10,NE,S,Kyle Dugger,00-0036231,Out,Ankle,Did Not Participate In Practice,Kyle Dugger,OUT
2024,10,NE,LB,Christian Elliss,00-0036813,Out,Abdomen,Did Not Participate In Practice,Christian Elliss,OUT
2024,10,NE,CB,Alex Austin,00-0038646,Questionable,Ankle,Full Participation in Practice,Alex Austin,QUESTIONABLE
2024,10,NE,DT,Daniel Ekuale,00-0034251,Questionable,Abdomen,Full Participation in Practice,Daniel Ekuale,QUESTIONABLE
2024,10,NE,G,Michael Jordan,00-0035266,Questionable,Ankle,Full Participation in Practice,Michael Jordan,QUESTIONABLE
2024,10,NE,G,Layden Robinson,00-0039887,Questionable,Ankle,Full Participation in Practice,Layden Robinson,QUESTIONABLE
2024,10,NE,T,Vederian Lowe,00-0037287,Questionable,Shoulder,Limited Participation in Practice,Vederian Lowe,QUESTIONABLE
2024,10,NE,S,Marte Mapu,00-0039054,Questionable,Neck,Limited Participation in Practice,Marte Mapu,QUESTIONABLE
2024,10,NE,DT,Jaquelin Roy,00-0038584,Questionable,Neck,Limited Participation in Practice,Jaquelin Roy,QUESTIONABLE
2024,10,NO,QB,Derek Carr,00-0031280,,,Full Participation in Practice,Derek Carr,
2024,10,NO,RB,Alvin Kamara,00-0033906,,,Full Participation in Practice,Alvin Kamara,
2024,10,NO,CB,Kool-Aid McKinstry,00-0039860,Out,Hamstring,Did Not Participate In Practice,Kool-Aid McKinstry,OUT
2024,10,NO,WR,Chris Olave,00-0037239,Out,Concussion,Did Not Participate In Practice,Chris Olave,OUT
2024,10,NO,G,Lucas Patrick,00-0033082,Out,Ankle,Did Not Participate In Practice,Lucas Patrick,OUT
2024,10,NO,WR,Cedrick Wilson,00-0034418,Out,Shoulder,Did Not Participate In Practice,Cedrick Wilson,OUT
2024,10,NO,C,Erik McCoy,00-0035242,Doubtful,Groin,Limited Participation in Practice,Erik McCoy,DOUBTFUL
2024,10,NO,RB,Jamaal Williams,00-0033948,Questionable,Groin,Did Not Participate In Practice,Jamaal Williams,QUESTIONABLE
2024,10,NO,S,Will Harris,00-0035655,Questionable,Hamstring,Full Participation in Practice,Will Harris,QUESTIONABLE
2024,10,NO,G,Shane Lemieux,00-0036397,Questionable,Knee,Full Participation in Practice,Shane Lemieux,QUESTIONABLE
2024,10,NO,LB,Nephi Sewell,00-0037544,Questionable,Knee,Full Participation in Practice,Nephi Sewell,QUESTIONABLE
2024,10,NO,S,J.T. Gray,00-0034116,Questionable,Back,Limited Participation in Practice,J.T. Gray,QUESTIONABLE
2024,10,NO,CB,Rico Payton,00-0039620,Questionable,Back,Limited Participation in Practice,Rico Payton,QUESTIONABLE
2024,10,NO,DT,John Ridgeway,00-0037283,Questionable,Oblique,Limited Participation in Practice,John Ridgeway,QUESTIONABLE
2024,10,NYG,P,Jamie Gillan,00-0035042,,,Limited Participation in Practice,Jamie Gillan,
2024,10,NYG,T,Christopher Hubbard,00-0029963,,,Limited Participation in Practice,Christopher Hubbard,
2024,10,NYG,TE,Theo Johnson,00-0039847,,,Limited Participation in Practice,Theo Johnson,
2024,10,NYG,DT,Dexter Lawrence,00-0035683,,,Limited Participation in Practice,Dexter Lawrence,
2024,10,NYG,LB,Ty Summers,00-0034999,,,Limited Participation in Practice,Ty Summers,
2024,10,NYG,G,Greg Van Roten,00-0029685,,,Limited Participation in Practice,Greg Van Roten,
2024,10,NYG,WR,Bryce Ford-Wheaton,00-0038477,Out,Achilles,Did Not Participate In Practice,Bryce Ford-Wheaton,OUT
2024,10,NYG,WR,Darius Slayton,00-0035535,Out,Concussion,Did Not Participate In Practice,Darius Slayton,OUT
2024,10,NYG,S,Jason Pinnock,00-0036502,Questionable,Abdomen,Did Not Participate In Practice,Jason Pinnock,QUESTIONABLE
2024,10,NYG,LB,Matthew Adams,00-0034424,Questionable,Calf,Limited Participation in Practice,Matthew Adams,QUESTIONABLE
2024,10,NYG,K,Graham Gano,00-0026858,Questionable,Right Hamstring,Limited Participation in Practice,Graham Gano,QUESTIONABLE
2024,10,NYG,LB,Darius Muasau,00-0039829,Questionable,Hamstring,Limited Participation in Practice,Darius Muasau,QUESTIONABLE
2024,10,NYJ,S,Tony Adams,00-0037155,,,Full Participation in Practice,Tony Adams,
2024,10,NYJ,S,Ashtyn Davis,00-0036329,,,Full Participation in Practice,Ashtyn Davis,
2024,10,NYJ,QB,Aaron Rodgers,00-0023459,,,Full Participation in Practice,Aaron Rodgers,
2024,10,NYJ,G,John Simpson,00-0036369,,,Full Participation in Practice,John Simpson,
2024,10,NYJ,T,Tyron Smith,00-0027947,,,Full Participation in Practice,Tyron Smith,
2024,10,NYJ,G,Jake Hanson,00-0036273,Out,Hamstring,Did Not Participate In Practice,Jake Hanson,OUT
2024,10,NYJ,LB,C.J. Mosley,00-0031296,Out,Neck,Did Not Participate In Practice,C.J. Mosley,OUT
2024,10,NYJ,DT,Solomon Thomas,00-0033870,Questionable,Knee,Did Not Participate In Practice,Solomon Thomas,QUESTIONABLE
2024,10,NYJ,CB,Michael Carter,00-0036501,Questionable,Back,Full Participation in Practice,Michael Carter,QUESTIONABLE
2024,10,NYJ,TE,Tyler Conklin,00-0034270,Questionable,Ankle,Full Participation in Practice,Tyler Conklin,QUESTIONABLE
2024,10,NYJ,T,Morgan Moses,00-0031330,Questionable,Knee,Full Participation in Practice,Morgan Moses,QUESTIONABLE
2024,10,NYJ,G,Alijah Vera-Tucker,00-0036979,Questionable,"Ankle [Not Injury Related - Personal, Thursday Only]",Full Participation in Practice,Alijah Vera-Tucker,QUESTIONABLE
2024,10,NYJ,LB,Chazz Surratt,00-0037003,Questionable,Heel,Limited Participation in Practice,Chazz Surratt,QUESTIONABLE
2024,10,PHI,RB,Saquon Barkley,00-0034844,,,Full Participation in Practice,Saquon Barkley,
2024,10,PHI,T,Mekhi Becton,00-0036284,,,Full Participation in Practice,Mekhi Becton,
2024,10,PHI,WR,A.J. Brown,00-0035676,,,Full Participation in Practice,A.J. Brown,
2024,10,PHI,TE,Dallas Goedert,00-0034351,,,Full Participation in Practice,Dallas Goedert,
2024,10,PHI,DE,Bryce Huff,00-0036151,,,Full Participation in Practice,Bryce Huff,
2024,10,PHI,QB,Jalen Hurts,00-0036389,,,Full Participation in Practice,Jalen Hurts,
2024,10,PHI,T,Fred Johnson,00-0034951,,,Full Participation in Practice,Fred Johnson,
2024,10,PHI,G,Cam Jurgens,00-0038112,,,Full Participation in Practice,Cam Jurgens,
2024,10,PHI,CB,Darius Slay,00-0030062,,,Full Participation in Practice,Darius Slay,
2024,10,PHI,LB,Nolan Smith,00-0039013,,,Full Participation in Practice,Nolan Smith,
2024,10,PHI,WR,DeVonta Smith,00-0036912,,,Full Participation in Practice,DeVonta Smith,
2024,10,PHI,WR,Ainias Smith,00-0039747,,,Full Participation in Practice,Ainias Smith,
2024,10,PHI,LB,Josh Sweat,00-0034381,,,Full Participation in Practice,Josh Sweat,
2024,10,PHI,LB,Jeremiah Trotter,00-0039826,,,Full Participation in Practice,Jeremiah Trotter,
2024,10,PHI,LB,Ben VanSumeren,00-0038489,Questionable,Concussion,Full Participation in Practice,Ben VanSumeren,QUESTIONABLE
2024,10,PIT,QB,Justin Fields,00-0036945,,,Full Participation in Practice,Justin Fields,
2024,10,PIT,C,Zach Frazier,00-0039896,,,Full Participation in Practice,Zach Frazier,
2024,10,PIT,DT,Cameron Heyward,00-0027969,,,Full Participation in Practice,Cameron Heyward,
2024,10,PIT,RB,Cordarrelle Patterson,00-0030578,,,Full Participation in Practice,Cordarrelle Patterson,
2024,10,PIT,TE,MyCole Pruitt,00-0031585,,,Full Participation in Practice,MyCole Pruitt,
2024,10,PIT,G,Isaac Seumalo,00-0032954,,,Full Participation in Practice,Isaac Seumalo,
2024,10,PIT,S,Terrell Edmunds,00-0034858,Out,Illness,Did Not Participate In Practice,Terrell Edmunds,OUT
2024,10,PIT,LB,Nick Herbig,00-0038577,Out,Hamstring,Did Not Participate In Practice,Nick Herbig,OUT
2024,10,PIT,LB,Tyler Matakevich,00-0032366,Questionable,Hamstring,Full Participation in Practice,Tyler Matakevich,QUESTIONABLE
2024,10,PIT,WR,Ben Skowronek,00-0036862,Questionable,Shoulder,Full Participation in Practice,Ben Skowronek,QUESTIONABLE
2024,10,SF,QB,Brandon Allen,00-0032434,,,Full Participation in Practice,Brandon Allen,
2024,10,SF,CB,Renardo Green,00-0039345,,,Full Participation in Practice,Renardo Green,
2024,10,SF,WR,Jauan Jennings,00-0036259,,,Full Participation in Practice,Jauan Jennings,
2024,10,SF,RB,Jordan Mason,00-0037525,,,Full Participation in Practice,Jordan Mason,
2024,10,SF,K,Jake Moody,00-0038562,,,Full Participation in Practice,Jake Moody,
2024,10,SF,T,Trent Williams,00-0027857,,,Full Participation in Practice,Trent Williams,
2024,10,SF,LB,Dee Winters,00-0038625,,,Full Participation in Practice,Dee Winters,
2024,10,SF,P,Mitch Wishnowsky,00-0034941,,,Full Participation in Practice,Mitch Wishnowsky,
2024,10,SF,WR,Chris Conley,00-0032128,Out,Hamstring,Did Not Participate In Practice,Chris Conley,OUT
2024,10,SF,DT,Kevin Givens,00-0035026,Out,Groin,Did Not Participate In Practice,Kevin Givens,OUT
2024,10,SF,CB,Charvarius Ward,00-0034573,Out,Not injury related - personal matter,Did Not Participate In Practice,Charvarius Ward,OUT
2024,10,SF,DE,Yetur Gross-Matos,00-0036288,Out,Knee,Limited Participation in Practice,Yetur Gross-Matos,OUT
2024,10,SF,RB,Christian McCaffrey,00-0033280,Questionable,Achilles,Full Participation in Practice,Christian McCaffrey,QUESTIONABLE
2024,10,SF,DE,Nick Bosa,00-0035717,Questionable,Hip,Limited Participation in Practice,Nick Bosa,QUESTIONABLE
2024,10,SF,C,Jon Feliciano,00-0032151,Questionable,Knee,Limited Participation in Practice,Jon Feliciano,QUESTIONABLE
2024,10,SF,S,Malik Mustapha,00-0039360,Questionable,Calf,Limited Participation in Practice,Malik Mustapha,QUESTIONABLE
2024,10,SF,WR,Deebo Samuel,00-0035719,Questionable,Rib,Limited Participation in Practice,Deebo Samuel,QUESTIONABLE
2024,10,TB,G,Ben Bredeson,00-0036132,,,Full Participation in Practice,Ben Bredeson,
2024,10,TB,RB,Bucky Irving,00-0039361,,,Full Participation in Practice,Bucky Irving,
2024,10,TB,LB,J.J. Russell,00-0037491,,,Full Participation in Practice,J.J. Russell,
2024,10,TB,DE,William Gholston,00-0030386,,,Limited Participation in Practice,William Gholston,
2024,10,TB,QB,Baker Mayfield,00-0034855,,,Limited Participation in Practice,Baker Mayfield,
2024,10,TB,WR,Sterling Shepard,00-0032385,,,Limited Participation in Practice,Sterling Shepard,
2024,10,TB,DT,Vita Vea,00-0034773,,,Limited Participation in Practice,Vita Vea,
2024,10,TB,WR,Mike Evans,00-0031408,Out,Hamstring,Did Not Participate In Practice,Mike Evans,OUT
2024,10,TB,LS,Evan Deckers,00-0038817,Questionable,Hamstring,Full Participation in Practice,Evan Deckers,QUESTIONABLE
2024,10,TB,DT,Greg Gaines,00-0035667,Questionable,Calf,Full Participation in Practice,Greg Gaines,QUESTIONABLE
2024,10,TB,WR,Jalen McMillan,00-0039855,Questionable,Hamstring,Limited Participation in Practice,Jalen McMillan,QUESTIONABLE
2024,10,TB,S,Tykee Smith,00-0039846,Questionable,Knee,Limited Participation in Practice,Tykee Smith,QUESTIONABLE
2024,10,TB,S,Jordan Whitehead,00-0034374,Questionable,Quadricep,Limited Participation in Practice,Jordan Whitehead,QUESTIONABLE
2024,10,TEN,C,Lloyd Cushenberry,00-0036391,,,Did Not Participate In Practice,Lloyd Cushenberry,
2024,10,TEN,S,Quandre Diggs,00-0031608,,,Did Not Participate In Practice,Quandre Diggs,
2024,10,TEN,CB,Tre Avery,00-0037593,,,Full Participation in Practice,Tre Avery,
2024,10,TEN,WR,Tyler Boyd,00-0033009,,,Full Participation in Practice,Tyler Boyd,
2024,10,TEN,S,Amani Hooker,00-0035632,,,Full Participation in Practice,Amani Hooker,
2024,10,TEN,QB,Will Levis,00-0039152,,,Full Participation in Practice,Will Levis,
2024,10,TEN,WR,Calvin Ridley,00-0034837,,,Full Participation in Practice,Calvin Ridley,
2024,10,TEN,RB,Tyjae Spears,00-0039032,,,Full Participation in Practice,Tyjae Spears,
2024,10,TEN,TE,Nick Vannett,00-0032394,,,Full Participation in Practice,Nick Vannett,
2024,10,TEN,RB,Tony Pollard,00-0035261,,,Limited Participation in Practice,Tony Pollard,
2024,10,TEN,DT,Jeffery Simmons,00-0035643,,,Limited Participation in Practice,Jeffery Simmons,
2024,10,TEN,CB,L'Jarius Sneed,00-0036374,Out,Quadricep,Did Not Participate In Practice,L'Jarius Sneed,OUT
2024,10,TEN,RB,Julius Chestnut,00-0037594,Questionable,Foot,Limited Participation in Practice,Julius Chestnut,QUESTIONABLE
2024,10,TEN,T,Dillon Radunz,00-0036619,Questionable,Toe,Limited Participation in Practice,Dillon Radunz,QUESTIONABLE
2024,10,WAS,TE,Zach Ertz,00-0030061,,,Did Not Participate In Practice,Zach Ertz,
2024,10,WAS,C,Tyler Biadasz,00-0036376,,,Full Participation in Practice,Tyler Biadasz,
2024,10,WAS,LB,Dante Fowler,00-0032052,,,Full Participation in Practice,Dante Fowler,
2024,10,WAS,CB,Noah Igbinoghene,00-0036287,,,Full Participation in Practice,Noah Igbinoghene,
2024,10,WAS,DT,Phidarian Mathis,00-0038099,,,Full Participation in Practice,Phidarian Mathis,
2024,10,WAS,DE,Dorance Armstrong,00-0034373,,,Limited Participation in Practice,Dorance Armstrong,
2024,10,WAS,DE,Clelin Ferrell,00-0035692,,,Limited Participation in Practice,Clelin Ferrell,
2024,10,WAS,CB,Marshon Lattimore,00-0033874,Out,Hamstring,Did Not Participate In Practice,Marshon Lattimore,OUT
2024,10,WAS,T,Cornelius Lucas,00-0030725,Out,Ankle,Did Not Participate In Practice,Cornelius Lucas,OUT
2024,10,WAS,RB,Brian Robinson,00-0037746,Out,Hamstring,Did Not Participate In Practice,Brian Robinson,OUT
2024,10,WAS,TE,Colson Yankoff,00-0039686,Out,Hamstring,Did Not Participate In Practice,Colson Yankoff,OUT
2024,10,WAS,LS,Tyler Ott,00-0031156,Questionable,Illness,"
    ",Tyler Ott,QUESTIONABLE
2024,10,WAS,K,Austin Seibert,00-0035145,Questionable,Right Hip,Limited Participation in Practice,Austin Seibert,QUESTIONABLE
2024,10,WAS,T,Andrew Wylie,00-0033831,Questionable,Shoulder,Limited Participation in Practice,Andrew Wylie,QUESTIONABLE
2024,11,ATL,RB,Tyler Allgeier,00-0037263,,,Full Participation in Practice,Tyler Allgeier,
2024,11,ATL,QB,Kirk Cousins,00-0029604,,,Full Participation in Practice,Kirk Cousins,
2024,11,ATL,DE,Zach Harrison,00-0038980,,,Full Participation in Practice,Zach Harrison,
2024,11,ATL,DT,Grady Jarrett,00-0031583,,,Full Participation in Practice,Grady Jarrett,
2024,11,ATL,G,Chris Lindstrom,00-0035630,,,Full Participation in Practice,Chris Lindstrom,
2024,11,ATL,WR,Drake London,00-0037238,,,Full Participation in Practice,Drake London,
2024,11,ATL,C,Ryan Neuzil,00-0036833,,,Full Participation in Practice,Ryan Neuzil,
2024,11,ATL,WR,Darnell Mooney,00-0036309,,,Limited Participation in Practice,Darnell Mooney,
2024,11,ATL,CB,Dee Alford,00-0037034,Out,Hamstring,Did Not Participate In Practice,Dee Alford,OUT
2024,11,ATL,LB,J.D. Bertrand,00-0039370,Out,Concussion,Did Not Participate In Practice,J.D. Bertrand,OUT
2024,11,ATL,DE,Ta'Quon Graham,00-0036948,Out,Pectoral,Did Not Participate In Practice,Ta'Quon Graham,OUT
2024,11,ATL,CB,Antonio Hamilton,00-0032933,Out,Pectoral,Did Not Participate In Practice,Antonio Hamilton,OUT
2024,11,ATL,CB,Mike Hughes,00-0034843,Out,Neck,Did Not Participate In Practice,Mike Hughes,OUT
2024,11,ATL,DE,James Smith-Williams,00-0036351,Out,Tibia,Did Not Participate In Practice,James Smith-Williams,OUT
2024,11,ATL,TE,Charlie Woerner,00-0036429,Out,Concussion,Did Not Participate In Practice,Charlie Woerner,OUT
2024,11,ATL,LB,Troy Andersen,00-0037810,Out,Knee,Limited Participation in Practice,Troy Andersen,OUT
2024,11,ATL,LB,Lorenzo Carter,00-0034360,Questionable,Concussion,Full Participation in Practice,Lorenzo Carter,QUESTIONABLE
2024,11,ATL,C,Drew Dalman,00-0036957,Questionable,Ankle,Full Participation in Practice,Drew Dalman,QUESTIONABLE
2024,11,BAL,CB,Jalyn Armour-Davis,00-0038119,,,Full Participation in Practice,Jalyn Armour-Davis,
2024,11,BAL,S,Kyle Hamilton,00-0038038,,,Full Participation in Practice,Kyle Hamilton,
2024,11,BAL,QB,Lamar Jackson,00-0034796,,,Full Participation in Practice,Lamar Jackson,
2024,11,BAL,TE,Isaiah Likely,00-0037838,,,Full Participation in Practice,Isaiah Likely,
2024,11,BAL,DE,Brent Urban,00-0031177,,,Full Participation in Practice,Brent Urban,
2024,11,BAL,LB,Kyle Van Noy,00-0031360,,,Full Participation in Practice,Kyle Van Noy,
2024,11,BAL,S,Eddie Jackson,00-0033784,Out,Not injury related - other,"
    ",Eddie Jackson,OUT
2024,11,BAL,CB,Arthur Maulet,00-0033503,Out,Calf,Did Not Participate In Practice,Arthur Maulet,OUT
2024,11,BAL,DT,Travis Jones,00-0037756,Questionable,Ankle,Limited Participation in Practice,Travis Jones,QUESTIONABLE
2024,11,BUF,QB,Josh Allen,00-0034857,,,Full Participation in Practice,Josh Allen,
2024,11,BUF,CB,Christian Benford,00-0037288,,,Full Participation in Practice,Christian Benford,
2024,11,BUF,LB,Terrel Bernard,00-0037254,,,Full Participation in Practice,Terrel Bernard,
2024,11,BUF,CB,Kaiir Elam,00-0037242,,,Full Participation in Practice,Kaiir Elam,
2024,11,BUF,FB,Reggie Gilliam,00-0036187,,,Full Participation in Practice,Reggie Gilliam,
2024,11,BUF,WR,Mack Hollins,00-0033555,,,Full Participation in Practice,Mack Hollins,
2024,11,BUF,DT,DaQuan Jones,00-0031054,,,Full Participation in Practice,DaQuan Jones,
2024,11,BUF,TE,Quintin Morris,00-0036590,,,Full Participation in Practice,Quintin Morris,
2024,11,BUF,S,Taylor Rapp,00-0035663,,,Full Participation in Practice,Taylor Rapp,
2024,11,BUF,WR,Curtis Samuel,00-0033282,,,Full Participation in Practice,Curtis Samuel,
2024,11,BUF,DE,Casey Toohill,00-0036403,,,Full Participation in Practice,Casey Toohill,
2024,11,BUF,LB,Dorian Williams,00-0038557,,,Full Participation in Practice,Dorian Williams,
2024,11,BUF,WR,Keon Coleman,00-0039901,Out,Wrist,Did Not Participate In Practice,Keon Coleman,OUT
2024,11,BUF,TE,Dalton Kincaid,00-0038933,Out,Knee,Did Not Participate In Practice,Dalton Kincaid,OUT
2024,11,BUF,LB,Matt Milano,00-0033571,Out,Biceps,Limited Participation in Practice,Matt Milano,OUT
2024,11,BUF,T,Spencer Brown,00-0036976,Questionable,Ankle,Limited Participation in Practice,Spencer Brown,QUESTIONABLE
2024,11,BUF,WR,Amari Cooper,00-0031544,Questionable,Wrist,Limited Participation in Practice,Amari Cooper,QUESTIONABLE
2024,11,CHI,S,Jaquan Brisker,00-0038135,,,Did Not Participate In Practice,Jaquan Brisker,
2024,11,CHI,T,Braxton Jones,00-0037081,,,Full Participation in Practice,Braxton Jones,
2024,11,CHI,TE,Marcedes Lewis,00-0024243,,,Full Participation in Practice,Marcedes Lewis,
2024,11,CHI,LB,Noah Sewell,00-0038390,,,Full Participation in Practice,Noah Sewell,
2024,11,CHI,DE,Darrell Taylor,00-0036413,,,Full Participation in Practice,Darrell Taylor,
2024,11,CHI,T,Darnell Wright,00-0038932,,,Full Participation in Practice,Darnell Wright,
2024,11,CHI,T,Kiran Amegadjie,00-0039822,Out,Calf,Did Not Participate In Practice,Kiran Amegadjie,OUT
2024,11,CHI,T,Teven Jenkins,00-0036953,Out,Ankle,Did Not Participate In Practice,Teven Jenkins,OUT
2024,11,CHI,S,Tarvarius Moore,00-0034263,Questionable,Concussion,Full Participation in Practice,Tarvarius Moore,QUESTIONABLE
2024,11,CHI,DE,Montez Sweat,00-0035647,Questionable,Ankle,Full Participation in Practice,Montez Sweat,QUESTIONABLE
2024,11,CIN,QB,Joe Burrow,00-0036442,,,Full Participation in Practice,Joe Burrow,
2024,11,CIN,G,Alex Cappa,00-0034678,,,Full Participation in Practice,Alex Cappa,
2024,11,CIN,LB,Logan Wilson,00-0036294,,,Full Participation in Practice,Logan Wilson,
2024,11,CIN,WR,Tee Higgins,00-0036410,,,Limited Participation in Practice,Tee Higgins,
2024,11,CIN,LB,Joe Bachie,00-0035895,Out,Hip,Did Not Participate In Practice,Joe Bachie,OUT
2024,11,CIN,WR,Charlie Jones,00-0038576,Out,Groin,Did Not Participate In Practice,Charlie Jones,OUT
2024,11,CIN,DT,Sheldon Rankins,00-0032759,Questionable,Illness,"
    ",Sheldon Rankins,QUESTIONABLE
2024,11,CIN,T,Orlando Brown,00-0034752,Questionable,Knee,Did Not Participate In Practice,Orlando Brown,QUESTIONABLE
2024,11,CIN,DE,Trey Hendrickson,00-0033935,Questionable,Neck,Did Not Participate In Practice,Trey Hendrickson,QUESTIONABLE
2024,11,CIN,DT,B.J. Hill,00-0034800,Questionable,Knee,Limited Participation in Practice,B.J. Hill,QUESTIONABLE
2024,11,CLE,G,Joel Bitonio,00-0031426,,,Full Participation in Practice,Joel Bitonio,
2024,11,CLE,LB,Jordan Hicks,00-0032129,,,Full Participation in Practice,Jordan Hicks,
2024,11,CLE,WR,Jerry Jeudy,00-0036407,,,Full Participation in Practice,Jerry Jeudy,
2024,11,CLE,QB,Dorian Thompson-Robinson,00-0038583,,,Full Participation in Practice,Dorian Thompson-Robinson,
2024,11,CLE,DT,Michael Hall,00-0039895,Out,Knee,Did Not Participate In Practice,Michael Hall,OUT
2024,11,CLE,T,Jedrick Wills,00-0036267,Out,Knee,Full Participation in Practice,Jedrick Wills,OUT
2024,11,DAL,CB,Caelen Carson,00-0039387,,,Full Participation in Practice,Caelen Carson,
2024,11,DAL,CB,Trevon Diggs,00-0036361,,,Full Participation in Practice,Trevon Diggs,
2024,11,DAL,TE,Jake Ferguson,00-0038041,,,Full Participation in Practice,Jake Ferguson,
2024,11,DAL,T,Tyler Guyton,00-0039341,,,Full Participation in Practice,Tyler Guyton,
2024,11,DAL,LB,Eric Kendricks,00-0031554,,,Full Participation in Practice,Eric Kendricks,
2024,11,DAL,LB,DeMarvion Overshown,00-0038556,,,Full Participation in Practice,DeMarvion Overshown,
2024,11,DAL,DE,Micah Parsons,00-0036932,,,Full Participation in Practice,Micah Parsons,
2024,11,DAL,QB,Cooper Rush,00-0033662,,,Full Participation in Practice,Cooper Rush,
2024,11,DAL,G,Tyler Smith,00-0037243,,,Full Participation in Practice,Tyler Smith,
2024,11,DAL,S,Juanyeh Thomas,00-0037578,,,Full Participation in Practice,Juanyeh Thomas,
2024,11,DAL,S,Donovan Wilson,00-0035301,,,Full Participation in Practice,Donovan Wilson,
2024,11,DAL,CB,Daron Bland,00-0037275,Out,Foot,Did Not Participate In Practice,Daron Bland,OUT
2024,11,DAL,CB,Jourdan Lewis,00-0033928,Out,Neck,Did Not Participate In Practice,Jourdan Lewis,OUT
2024,11,DAL,QB,Dak Prescott,00-0033077,Out,Hamstring,Did Not Participate In Practice,Dak Prescott,OUT
2024,11,DAL,FB,Hunter Luepke,00-0038738,Doubtful,Calf,Did Not Participate In Practice,Hunter Luepke,DOUBTFUL
2024,11,DAL,LB,Nick Vigil,00-0032892,Questionable,Foot,Did Not Participate In Practice,Nick Vigil,QUESTIONABLE
2024,11,DAL,T,Chuma Edoga,00-0035698,Questionable,Toe,Limited Participation in Practice,Chuma Edoga,QUESTIONABLE
2024,11,DAL,WR,CeeDee Lamb,00-0036358,Questionable,Back,Limited Participation in Practice,CeeDee Lamb,QUESTIONABLE
2024,11,DAL,G,Zack Martin,00-0031402,Questionable,Shoulder,Limited Participation in Practice,Zack Martin,QUESTIONABLE
2024,11,DEN,DE,Zach Allen,00-0035248,,,Full Participation in Practice,Zach Allen,
2024,11,DEN,S,P.J. Locke,00-0035227,,,Full Participation in Practice,P.J. Locke,
2024,11,DEN,WR,Josh Reynolds,00-0033943,Out,Hand,Full Participation in Practice,Josh Reynolds,OUT
2024,11,DEN,LB,Drew Sanders,00-0039003,Out,Achilles,Full Participation in Practice,Drew Sanders,OUT
2024,11,DEN,S,Delarrin Turner-Yell,00-0037264,Out,Knee,Full Participation in Practice,Delarrin Turner-Yell,OUT
2024,11,DEN,S,Brandon Jones,00-0036221,Questionable,Abdomen,Limited Participation in Practice,Brandon Jones,QUESTIONABLE
2024,11,DET,S,Carlton Davis,00-0034778,,,Full Participation in Practice,Carlton Davis,
2024,11,DET,T,Taylor Decker,00-0032381,,,Full Participation in Practice,Taylor Decker,
2024,11,DET,LB,Malcolm Rodriguez,00-0037289,,,Full Participation in Practice,Malcolm Rodriguez,
2024,11,DET,TE,Sam LaPorta,00-0039065,Out,Shoulder,Did Not Participate In Practice,Sam LaPorta,OUT
2024,11,DET,S,Ifeatu Melifonwu,00-0036993,Out,Ankle,Did Not Participate In Practice,Ifeatu Melifonwu,OUT
2024,11,DET,DT,Brodric Martin,00-0038939,Out,Knee,Full Participation in Practice,Brodric Martin,OUT
2024,11,DET,CB,Emmanuel Moseley,00-0034096,Out,Pectoral,Full Participation in Practice,Emmanuel Moseley,OUT
2024,11,DET,LB,Ben Niemann,00-0034296,Questionable,Ankle,Did Not Participate In Practice,Ben Niemann,QUESTIONABLE
2024,11,GB,DT,Kenny Clark,00-0033120,,,Full Participation in Practice,Kenny Clark,
2024,11,GB,DE,Kingsley Enagbare,00-0037083,,,Full Participation in Practice,Kingsley Enagbare,
2024,11,GB,RB,Josh Jacobs,00-0035700,,,Full Participation in Practice,Josh Jacobs,
2024,11,GB,G,Elgton Jenkins,00-0035526,,,Full Participation in Practice,Elgton Jenkins,
2024,11,GB,QB,Jordan Love,00-0036264,,,Full Participation in Practice,Jordan Love,
2024,11,GB,T,Rasheed Walker,00-0037196,,,Full Participation in Practice,Rasheed Walker,
2024,11,GB,C,Josh Myers,00-0036622,,,Limited Participation in Practice,Josh Myers,
2024,11,GB,RB,MarShawn Lloyd,00-0039811,Out,Ankle,Did Not Participate In Practice,MarShawn Lloyd,OUT
2024,11,GB,T,Jordan Morgan,00-0039904,Out,Shoulder,Did Not Participate In Practice,Jordan Morgan,OUT
2024,11,GB,DT,Colby Wooden,00-0038387,Doubtful,Shoulder,Did Not Participate In Practice,Colby Wooden,DOUBTFUL
2024,11,GB,CB,Jaire Alexander,00-0034728,Questionable,Knee,Limited Participation in Practice,Jaire Alexander,QUESTIONABLE
2024,11,GB,S,Evan Williams,00-0039813,Questionable,Hamstring,Limited Participation in Practice,Evan Williams,QUESTIONABLE
2024,11,HOU,DE,Denico Autry,00-0031254,,,Did Not Participate In Practice,Denico Autry,
2024,11,HOU,LB,Azeez Al-Shaair,00-0035166,,,Full Participation in Practice,Azeez Al-Shaair,
2024,11,HOU,WR,Nico Collins,00-0036554,,,Full Participation in Practice,Nico Collins,
2024,11,HOU,LB,Jake Hansen,00-0037457,,,Full Participation in Practice,Jake Hansen,
2024,11,HOU,DE,Dylan Horton,00-0039009,,,Full Participation in Practice,Dylan Horton,
2024,11,HOU,RB,Dameon Pierce,00-0037258,,,Full Participation in Practice,Dameon Pierce,
2024,11,HOU,CB,Derek Stingley,00-0037237,,,Full Participation in Practice,Derek Stingley,
2024,11,HOU,QB,C.J. Stroud,00-0039163,,,Full Participation in Practice,C.J. Stroud,
2024,11,HOU,T,Laremy Tunsil,00-0032380,,,Full Participation in Practice,Laremy Tunsil,
2024,11,HOU,DE,Will Anderson,00-0039108,Out,Ankle,Did Not Participate In Practice,Will Anderson,OUT
2024,11,HOU,DT,Folorunso Fatukasi,00-0034275,Out,Foot,Did Not Participate In Practice,Folorunso Fatukasi,OUT
2024,11,HOU,T,Blake Fisher,00-0039857,Out,Concussion,Did Not Participate In Practice,Blake Fisher,OUT
2024,11,HOU,CB,Jeff Okudah,00-0036274,Questionable,Quadricep,Full Participation in Practice,Jeff Okudah,QUESTIONABLE
2024,11,HOU,CB,Kamari Lassiter,00-0039343,Questionable,Concussion,Limited Participation in Practice,Kamari Lassiter,QUESTIONABLE
2024,11,IND,DT,DeForest Buckner,00-0032378,,,Did Not Participate In Practice,DeForest Buckner,
2024,11,IND,DT,Grover Stewart,00-0033952,,,Did Not Participate In Practice,Grover Stewart,
2024,11,IND,S,Julian Blackmon,00-0036253,,,Full Participation in Practice,Julian Blackmon,
2024,11,IND,WR,Michael Pittman,00-0036252,,,Full Participation in Practice,Michael Pittman,
2024,11,IND,T,Bernhard Raimann,00-0037757,Out,Knee,Did Not Participate In Practice,Bernhard Raimann,OUT
2024,11,IND,T,Braden Smith,00-0034836,Questionable,Not injury related - personal matter,Did Not Participate In Practice,Braden Smith,QUESTIONABLE
2024,11,IND,LB,E.J. Speed,00-0034987,Questionable,Knee,Full Participation in Practice,E.J. Speed,QUESTIONABLE
2024,11,JAX,CB,Tyson Campbell,00-0036974,,,Limited Participation in Practice,Tyson Campbell,
2024,11,JAX,WR,Gabe Davis,00-0036196,,,Limited Participation in Practice,Gabe Davis,
2024,11,JAX,G,Blake Hance,00-0035355,,,Limited Participation in Practice,Blake Hance,
2024,11,JAX,DE,Josh Hines-Allen,00-0035642,,,Limited Participation in Practice,Josh Hines-Allen,
2024,11,JAX,RB,D'Ernest Johnson,00-0035628,,,Limited Participation in Practice,D'Ernest Johnson,
2024,11,JAX,G,Brandon Scherff,00-0032053,,,Limited Participation in Practice,Brandon Scherff,
2024,11,JAX,S,Daniel Thomas,00-0036306,,,Limited Participation in Practice,Daniel Thomas,
2024,11,JAX,WR,Brian Thomas,00-0039893,,,Limited Participation in Practice,Brian Thomas,
2024,11,JAX,LB,Yasir Abdullah,00-0038580,Out,Hamstring,"
    ",Yasir Abdullah,OUT
2024,11,JAX,RB,Tank Bigsby,00-0038555,Out,Ankle,Did Not Participate In Practice,Tank Bigsby,OUT
2024,11,JAX,QB,Trevor Lawrence,00-0036971,Out,Left Shoulder,Did Not Participate In Practice,Trevor Lawrence,OUT
2024,11,JAX,RB,Keilan Robinson,00-0039385,Questionable,Toe,Full Participation in Practice,Keilan Robinson,QUESTIONABLE
2024,11,JAX,G,Ezra Cleveland,00-0036327,Questionable,Ankle,Limited Participation in Practice,Ezra Cleveland,QUESTIONABLE
2024,11,JAX,DT,Maason Smith,00-0039889,Questionable,Ankle,Limited Participation in Practice,Maason Smith,QUESTIONABLE
2024,11,KC,DE,Michael Danna,00-0036378,,,Full Participation in Practice,Michael Danna,
2024,11,KC,WR,Mecole Hardman,00-0035140,,,Full Participation in Practice,Mecole Hardman,
2024,11,KC,WR,DeAndre Hopkins,00-0030564,,,Full Participation in Practice,DeAndre Hopkins,
2024,11,KC,RB,Kareem Hunt,00-0033923,,,Full Participation in Practice,Kareem Hunt,
2024,11,KC,DE,George Karlaftis,00-0037192,,,Full Participation in Practice,George Karlaftis,
2024,11,KC,QB,Patrick Mahomes,00-0033873,,,Full Participation in Practice,Patrick Mahomes,
2024,11,KC,T,Wanya Morris,00-0038981,,,Full Participation in Practice,Wanya Morris,
2024,11,KC,DT,Derrick Nnadi,00-0034818,,,Full Participation in Practice,Derrick Nnadi,
2024,11,KC,WR,JuJu Smith-Schuster,00-0033857,,,Full Participation in Practice,JuJu Smith-Schuster,
2024,11,KC,K,Harrison Butker,00-0033303,,,Limited Participation in Practice,Harrison Butker,
2024,11,KC,DE,Charles Omenihu,00-0035279,Out,Knee,Limited Participation in Practice,Charles Omenihu,OUT
2024,11,KC,RB,Isiah Pacheco,00-0037197,Out,Ankle,Limited Participation in Practice,Isiah Pacheco,OUT
2024,11,LA,S,Kamren Curl,00-0036349,,,Full Participation in Practice,Kamren Curl,
2024,11,LA,S,Quentin Lake,00-0037841,,,Full Participation in Practice,Quentin Lake,
2024,11,LA,DE,Kobie Turner,00-0039138,,,Full Participation in Practice,Kobie Turner,
2024,11,LA,DT,Neville Gallimore,00-0036366,Out,Neck,Did Not Participate In Practice,Neville Gallimore,OUT
2024,11,LA,T,Rob Havenstein,00-0032242,Out,Ankle,Did Not Participate In Practice,Rob Havenstein,OUT
2024,11,LA,CB,Charles Woods,00-0039770,Out,Ankle,Did Not Participate In Practice,Charles Woods,OUT
2024,11,LA,T,Joseph Noteboom,00-0034803,Doubtful,Ankle,Did Not Participate In Practice,Joseph Noteboom,DOUBTFUL
2024,11,LA,CB,Josh Wallace,00-0039772,Questionable,Hip,Limited Participation in Practice,Josh Wallace,QUESTIONABLE
2024,11,LA,LB,Byron Young,00-0039137,Questionable,Knee,Limited Participation in Practice,Byron Young,QUESTIONABLE
2024,11,LAC,DE,Joey Bosa,00-0033156,,,Full Participation in Practice,Joey Bosa,
2024,11,LAC,RB,J.K. Dobbins,00-0036158,,,Full Participation in Practice,J.K. Dobbins,
2024,11,LAC,RB,Gus Edwards,00-0034184,,,Full Participation in Practice,Gus Edwards,
2024,11,LAC,CB,Kristian Fulton,00-0036416,,,Full Participation in Practice,Kristian Fulton,
2024,11,LAC,LB,Daiyan Henley,00-0038553,,,Full Participation in Practice,Daiyan Henley,
2024,11,LAC,TE,Hayden Hurst,00-0034830,,,Full Participation in Practice,Hayden Hurst,
2024,11,LAC,T,Trey Pipkins,00-0035688,,,Full Participation in Practice,Trey Pipkins,
2024,11,LAC,TE,Stone Smartt,00-0037475,,,Full Participation in Practice,Stone Smartt,
2024,11,LAC,DE,Khalil Mack,00-0031040,Questionable,Groin,Did Not Participate In Practice,Khalil Mack,QUESTIONABLE
2024,11,LAC,CB,Deane Leonard,00-0037320,Questionable,Hamstring,Limited Participation in Practice,Deane Leonard,QUESTIONABLE
2024,11,LV,CB,Jakorian Bennett,00-0039072,,,Full Participation in Practice,Jakorian Bennett,
2024,11,LV,DE,Maxx Crosby,00-0034973,,,Full Participation in Practice,Maxx Crosby,
2024,11,LV,WR,Jakobi Meyers,00-0034960,,,Full Participation in Practice,Jakobi Meyers,
2024,11,LV,T,Kolton Miller,00-0034759,,,Full Participation in Practice,Kolton Miller,
2024,11,LV,G,Dylan Parham,00-0037255,,,Full Participation in Practice,Dylan Parham,
2024,11,LV,G,Andrus Peat,00-0032203,,,Full Participation in Practice,Andrus Peat,
2024,11,LV,LB,Robert Spillane,00-0034720,,,Full Participation in Practice,Robert Spillane,
2024,11,LV,TE,Harrison Bryant,00-0036232,Out,Ankle,Did Not Participate In Practice,Harrison Bryant,OUT
2024,11,LV,CB,Nate Hobbs,00-0036871,Out,Ankle,Did Not Participate In Practice,Nate Hobbs,OUT
2024,11,LV,C,Andre James,00-0035127,Out,Ankle,Did Not Participate In Practice,Andre James,OUT
2024,11,LV,G,Cody Whitehair,00-0032768,Out,Ankle,Did Not Participate In Practice,Cody Whitehair,OUT
2024,11,LV,TE,Michael Mayer,00-0039066,Questionable,Not injury related - personal matter,Full Participation in Practice,Michael Mayer,QUESTIONABLE
2024,11,MIA,DT,Calais Campbell,00-0026190,,,Did Not Participate In Practice,Calais Campbell,
2024,11,MIA,WR,Odell Beckham,00-0031235,,,Full Participation in Practice,Odell Beckham,
2024,11,MIA,LB,Tyus Bowser,00-0033283,,,Full Participation in Practice,Tyus Bowser,
2024,11,MIA,WR,Tyreek Hill,00-0033040,,,Full Participation in Practice,Tyreek Hill,
2024,11,MIA,TE,Julian Hill,00-0038720,,,Full Participation in Practice,Julian Hill,
2024,11,MIA,S,Jevon Holland,00-0036998,,,Full Participation in Practice,Jevon Holland,
2024,11,MIA,CB,Kader Kohou,00-0037353,,,Full Participation in Practice,Kader Kohou,
2024,11,MIA,TE,Jack Stoll,00-0036741,,,Full Participation in Practice,Jack Stoll,
2024,11,MIA,S,Jordan Poyer,00-0030114,,,Limited Participation in Practice,Jordan Poyer,
2024,11,MIA,CB,Jalen Ramsey,00-0033055,,,Limited Participation in Practice,Jalen Ramsey,
2024,11,MIA,CB,Kendall Fuller,00-0033084,Out,Concussion,Did Not Participate In Practice,Kendall Fuller,OUT
2024,11,MIA,T,Terron Armstead,00-0030067,Questionable,Not injury related - resting player,Did Not Participate In Practice,Terron Armstead,QUESTIONABLE
2024,11,MIA,S,Patrick McMorris,00-0039881,Questionable,Calf,Full Participation in Practice,Patrick McMorris,QUESTIONABLE
2024,11,MIA,FB,Alec Ingold,00-0035125,Questionable,Calf,Limited Participation in Practice,Alec Ingold,QUESTIONABLE
2024,11,MIA,G,Robert Jones,00-0036596,Questionable,Knee,Limited Participation in Practice,Robert Jones,QUESTIONABLE
2024,11,MIA,G,Isaiah Wynn,00-0034833,Questionable,Quadricep,Limited Participation in Practice,Isaiah Wynn,QUESTIONABLE
2024,11,MIN,CB,Stephon Gilmore,00-0029542,,,Did Not Participate In Practice,Stephon Gilmore,
2024,11,MIN,S,Harrison Smith,00-0029606,,,Did Not Participate In Practice,Harrison Smith,
2024,11,MIN,LB,Blake Cashman,00-0035276,,,Full Participation in Practice,Blake Cashman,
2024,11,MIN,QB,Sam Darnold,00-0034869,,,Full Participation in Practice,Sam Darnold,
2024,11,MIN,S,Theo Jackson,00-0037301,,,Full Participation in Practice,Theo Jackson,
2024,11,MIN,RB,Aaron Jones,00-0033293,,,Full Participation in Practice,Aaron Jones,
2024,11,MIN,TE,Josh Oliver,00-0035249,,,Full Participation in Practice,Josh Oliver,
2024,11,MIN,LB,Ivan Pace,00-0038807,,,Full Participation in Practice,Ivan Pace,
2024,11,MIN,T,Cam Robinson,00-0033889,,,Full Participation in Practice,Cam Robinson,
2024,11,MIN,DE,Andrew Van Ginkel,00-0035272,,,Full Participation in Practice,Andrew Van Ginkel,
2024,11,MIN,DE,Gabriel Murphy,00-0039715,Out,Knee,Full Participation in Practice,Gabriel Murphy,OUT
2024,11,NE,CB,Isaiah Bolden,00-0038641,,,Full Participation in Practice,Isaiah Bolden,
2024,11,NE,CB,Marcellas Dial,00-0039390,,,Full Participation in Practice,Marcellas Dial,
2024,11,NE,TE,Hunter Henry,00-0033090,,,Full Participation in Practice,Hunter Henry,
2024,11,NE,WR,Tyquan Thornton,00-0038104,,,Full Participation in Practice,Tyquan Thornton,
2024,11,NE,DT,Christian Barmore,00-0036981,Questionable,Not injury related - other,Did Not Participate In Practice,Christian Barmore,QUESTIONABLE
2024,11,NE,DT,Jaquelin Roy,00-0038584,Questionable,Neck,Did Not Participate In Practice,Jaquelin Roy,QUESTIONABLE
2024,11,NE,DE,Deatrich Wise,00-0033947,Questionable,Foot,Did Not Participate In Practice,Deatrich Wise,QUESTIONABLE
2024,11,NE,CB,Alex Austin,00-0038646,Questionable,Ankle,Full Participation in Practice,Alex Austin,QUESTIONABLE
2024,11,NE,S,Kyle Dugger,00-0036231,Questionable,Ankle,Limited Participation in Practice,Kyle Dugger,QUESTIONABLE
2024,11,NE,DT,Daniel Ekuale,00-0034251,Questionable,Abdomen,Limited Participation in Practice,Daniel Ekuale,QUESTIONABLE
2024,11,NE,LB,Christian Elliss,00-0036813,Questionable,Abdomen,Limited Participation in Practice,Christian Elliss,QUESTIONABLE
2024,11,NE,T,Vederian Lowe,00-0037287,Questionable,Shoulder,Limited Participation in Practice,Vederian Lowe,QUESTIONABLE
2024,11,NE,S,Marte Mapu,00-0039054,Questionable,Neck,Limited Participation in Practice,Marte Mapu,QUESTIONABLE
2024,11,NE,LB,Sione Takitaki,00-0035646,Questionable,Knee,Limited Participation in Practice,Sione Takitaki,QUESTIONABLE
2024,11,NO,S,Jordan Howden,00-0038588,,,Full Participation in Practice,Jordan Howden,
2024,11,NO,G,Lucas Patrick,00-0033082,Out,Ankle,Did Not Participate In Practice,Lucas Patrick,OUT
2024,11,NO,RB,Jamaal Williams,00-0033948,Out,Groin,Did Not Participate In Practice,Jamaal Williams,OUT
2024,11,NO,C,Erik McCoy,00-0035242,Questionable,Groin,Full Participation in Practice,Erik McCoy,QUESTIONABLE
2024,11,NO,CB,Kool-Aid McKinstry,00-0039860,Questionable,Hamstring,Full Participation in Practice,Kool-Aid McKinstry,QUESTIONABLE
2024,11,NO,LB,Nephi Sewell,00-0037544,Questionable,Knee,Full Participation in Practice,Nephi Sewell,QUESTIONABLE
2024,11,NO,S,J.T. Gray,00-0034116,Questionable,Hip,Limited Participation in Practice,J.T. Gray,QUESTIONABLE
2024,11,NO,LB,Pete Werner,00-0036927,Questionable,Hand,Limited Participation in Practice,Pete Werner,QUESTIONABLE
2024,11,NO,WR,Cedrick Wilson,00-0034418,Questionable,Shoulder,Limited Participation in Practice,Cedrick Wilson,QUESTIONABLE
2024,11,NYJ,CB,Michael Carter,00-0036501,,,Full Participation in Practice,Michael Carter,
2024,11,NYJ,S,Chuck Clark,00-0033294,,,Full Participation in Practice,Chuck Clark,
2024,11,NYJ,CB,Brandin Echols,00-0036504,,,Full Participation in Practice,Brandin Echols,
2024,11,NYJ,T,Morgan Moses,00-0031330,,,Full Participation in Practice,Morgan Moses,
2024,11,NYJ,CB,D.J. Reed,00-0034384,,,Full Participation in Practice,D.J. Reed,
2024,11,NYJ,QB,Aaron Rodgers,00-0023459,,,Full Participation in Practice,Aaron Rodgers,
2024,11,NYJ,LB,Chazz Surratt,00-0037003,,,Full Participation in Practice,Chazz Surratt,
2024,11,NYJ,G,Alijah Vera-Tucker,00-0036979,,,Full Participation in Practice,Alijah Vera-Tucker,
2024,11,NYJ,G,Jake Hanson,00-0036273,Out,Hamstring,Did Not Participate In Practice,Jake Hanson,OUT
2024,11,NYJ,LB,C.J. Mosley,00-0031296,Out,Neck,Did Not Participate In Practice,C.J. Mosley,OUT
2024,11,NYJ,T,Tyron Smith,00-0027947,Out,Neck,Did Not Participate In Practice,Tyron Smith,OUT
2024,11,NYJ,WR,Davante Adams,00-0031381,Questionable,Wrist,Full Participation in Practice,Davante Adams,QUESTIONABLE
2024,11,NYJ,DT,Solomon Thomas,00-0033870,Questionable,Knee,Limited Participation in Practice,Solomon Thomas,QUESTIONABLE
2024,11,PHI,LB,Nakobe Dean,00-0037615,,,Full Participation in Practice,Nakobe Dean,
2024,11,PHI,TE,Dallas Goedert,00-0034351,,,Full Participation in Practice,Dallas Goedert,
2024,11,PHI,DE,Bryce Huff,00-0036151,,,Full Participation in Practice,Bryce Huff,
2024,11,PHI,T,Jordan Mailata,00-0034429,,,Full Participation in Practice,Jordan Mailata,
2024,11,PHI,CB,Darius Slay,00-0030062,,,Full Participation in Practice,Darius Slay,
2024,11,PHI,WR,DeVonta Smith,00-0036912,,,Limited Participation in Practice,DeVonta Smith,
2024,11,PIT,RB,Najee Harris,00-0036893,,,Full Participation in Practice,Najee Harris,
2024,11,PIT,LB,Nick Herbig,00-0038577,,,Full Participation in Practice,Nick Herbig,
2024,11,PIT,DT,Cameron Heyward,00-0027969,,,Full Participation in Practice,Cameron Heyward,
2024,11,PIT,CB,Donte Jackson,00-0034356,,,Full Participation in Practice,Donte Jackson,
2024,11,PIT,WR,Van Jefferson,00-0036415,,,Full Participation in Practice,Van Jefferson,
2024,11,PIT,G,Isaac Seumalo,00-0032954,,,Full Participation in Practice,Isaac Seumalo,
2024,11,PIT,CB,C.J. Henderson,00-0036281,Out,Neck,Did Not Participate In Practice,C.J. Henderson,OUT
2024,11,PIT,LB,Alex Highsmith,00-0036333,Out,Ankle,Did Not Participate In Practice,Alex Highsmith,OUT
2024,11,PIT,TE,MyCole Pruitt,00-0031585,Doubtful,Knee,Did Not Participate In Practice,MyCole Pruitt,DOUBTFUL
2024,11,PIT,CB,Cory Trice,00-0038639,Questionable,,Full Participation in Practice,Cory Trice,QUESTIONABLE
2024,11,PIT,RB,Jaylen Warren,00-0037228,Questionable,Back,Limited Participation in Practice,Jaylen Warren,QUESTIONABLE
2024,11,SEA,S,Coby Bryant,00-0038136,,,Full Participation in Practice,Coby Bryant,
2024,11,SEA,DT,Johnathan Hankins,00-0030063,,,Full Participation in Practice,Johnathan Hankins,
2024,11,SEA,LB,Dre'Mont Jones,00-0035678,,,Full Participation in Practice,Dre'Mont Jones,
2024,11,SEA,T,Abraham Lucas,00-0037812,,,Full Participation in Practice,Abraham Lucas,
2024,11,SEA,LB,Boye Mafe,00-0038133,,,Full Participation in Practice,Boye Mafe,
2024,11,SEA,WR,DK Metcalf,00-0035640,,,Full Participation in Practice,DK Metcalf,
2024,11,SEA,DT,Jarran Reed,00-0032387,,,Limited Participation in Practice,Jarran Reed,
2024,11,SEA,DE,Leonard Williams,00-0031933,,,Limited Participation in Practice,Leonard Williams,
2024,11,SEA,TE,Noah Fant,00-0035644,Out,Groin,Did Not Participate In Practice,Noah Fant,OUT
2024,11,SEA,TE,Brady Russell,00-0038488,Out,Foot,Did Not Participate In Practice,Brady Russell,OUT
2024,11,SEA,C,Connor Williams,00-0034352,Out,Not injury related - personal matter,Did Not Participate In Practice,Connor Williams,OUT
2024,11,SF,WR,Chris Conley,00-0032128,,,Full Participation in Practice,Chris Conley,
2024,11,SF,CB,Renardo Green,00-0039345,,,Full Participation in Practice,Renardo Green,
2024,11,SF,WR,Jauan Jennings,00-0036259,,,Full Participation in Practice,Jauan Jennings,
2024,11,SF,RB,Christian McCaffrey,00-0033280,,,Full Participation in Practice,Christian McCaffrey,
2024,11,SF,DT,Kevin Givens,00-0035026,Out,Groin,Did Not Participate In Practice,Kevin Givens,OUT
2024,11,SF,CB,Charvarius Ward,00-0034573,Out,Not injury related - personal matter,Did Not Participate In Practice,Charvarius Ward,OUT
2024,11,SF,P,Mitch Wishnowsky,00-0034941,Out,Back,Did Not Participate In Practice,Mitch Wishnowsky,OUT
2024,11,SF,CB,Darrell Luter,00-0038594,Doubtful,Pelvis,Did Not Participate In Practice,Darrell Luter,DOUBTFUL
2024,11,SF,T,Trent Williams,00-0027857,Questionable,Ankle,Did Not Participate In Practice,Trent Williams,QUESTIONABLE
2024,11,SF,DE,Yetur Gross-Matos,00-0036288,Questionable,Knee,Full Participation in Practice,Yetur Gross-Matos,QUESTIONABLE
2024,11,SF,G,Aaron Banks,00-0036551,Questionable,Thigh,Limited Participation in Practice,Aaron Banks,QUESTIONABLE
2024,11,SF,DE,Nick Bosa,00-0035717,Questionable,Hip,Limited Participation in Practice,Nick Bosa,QUESTIONABLE
2024,11,SF,C,Jon Feliciano,00-0032151,Questionable,Knee,Limited Participation in Practice,Jon Feliciano,QUESTIONABLE
2024,11,SF,TE,George Kittle,00-0033288,Questionable,Hamstring,Limited Participation in Practice,George Kittle,QUESTIONABLE
2024,11,TEN,LB,Arden Key,00-0034825,,,Full Participation in Practice,Arden Key,
2024,11,TEN,RB,Tony Pollard,00-0035261,,,Full Participation in Practice,Tony Pollard,
2024,11,TEN,DT,Jeffery Simmons,00-0035643,,,Full Participation in Practice,Jeffery Simmons,
2024,11,TEN,CB,Jarvis Brownlee,00-0039372,,,Limited Participation in Practice,Jarvis Brownlee,
2024,11,TEN,CB,Roger McCreary,00-0038125,,,Limited Participation in Practice,Roger McCreary,
2024,11,TEN,CB,L'Jarius Sneed,00-0036374,Out,Quadricep,Did Not Participate In Practice,L'Jarius Sneed,OUT
2024,11,TEN,T,Leroy Watson,00-0037591,Out,Back,Did Not Participate In Practice,Leroy Watson,OUT
2024,11,TEN,WR,Tyler Boyd,00-0033009,Questionable,Back,"
    ",Tyler Boyd,QUESTIONABLE
2024,11,TEN,CB,Justin Hardee,00-0033770,Questionable,Groin,Limited Participation in Practice,Justin Hardee,QUESTIONABLE
2024,11,WAS,DE,Clelin Ferrell,00-0035692,,,Did Not Participate In Practice,Clelin Ferrell,
2024,11,WAS,C,Tyler Biadasz,00-0036376,,,Full Participation in Practice,Tyler Biadasz,
2024,11,WAS,LB,Dante Fowler,00-0032052,,,Full Participation in Practice,Dante Fowler,
2024,11,WAS,CB,Noah Igbinoghene,00-0036287,,,Full Participation in Practice,Noah Igbinoghene,
2024,11,WAS,LB,Jordan Magee,00-0039368,,,Full Participation in Practice,Jordan Magee,
2024,11,WAS,RB,Brian Robinson,00-0037746,,,Full Participation in Practice,Brian Robinson,
2024,11,WAS,LB,Nick Bellore,00-0028292,Out,Knee,Did Not Participate In Practice,Nick Bellore,OUT
2024,11,WAS,CB,Marshon Lattimore,00-0033874,Out,Hamstring,Did Not Participate In Practice,Marshon Lattimore,OUT
2024,11,WAS,K,Austin Seibert,00-0035145,Out,Right Hip,Did Not Participate In Practice,Austin Seibert,OUT
2024,11,WAS,T,Brandon Coleman,00-0039913,Questionable,Shoulder,Limited Participation in Practice,Brandon Coleman,QUESTIONABLE
2024,11,WAS,T,Cornelius Lucas,00-0030725,Questionable,Ankle,Limited Participation in Practice,Cornelius Lucas,QUESTIONABLE
2024,11,WAS,T,Andrew Wylie,00-0033831,Questionable,Shoulder,Limited Participation in Practice,Andrew Wylie,QUESTIONABLE
2024,12,ARI,G,Isaiah Adams,00-0039808,,,Full Participation in Practice,Isaiah Adams,
2024,12,ARI,T,Kelvin Beachum,00-0029316,,,Full Participation in Practice,Kelvin Beachum,
2024,12,ARI,RB,Emari Demercado,00-0038705,,,Full Participation in Practice,Emari Demercado,
2024,12,ARI,CB,Max Melton,00-0039807,,,Full Participation in Practice,Max Melton,
2024,12,ARI,S,Dadrion Taylor-Demerson,00-0039864,,,Full Participation in Practice,Dadrion Taylor-Demerson,
2024,12,ARI,S,Jalen Thompson,00-0035705,Out,Ankle,Did Not Participate In Practice,Jalen Thompson,OUT
2024,12,ARI,DT,Darius Robinson,00-0039854,Questionable,Calf,Limited Participation in Practice,Darius Robinson,QUESTIONABLE
2024,12,ARI,LB,Xavier Thomas,00-0039367,Questionable,Back,Limited Participation in Practice,Xavier Thomas,QUESTIONABLE
2024,12,ARI,T,Jonah Williams,00-0035629,Questionable,Knee,Limited Participation in Practice,Jonah Williams,QUESTIONABLE
2024,12,BAL,WR,Nelson Agholor,00-0031549,,,Full Participation in Practice,Nelson Agholor,
2024,12,BAL,WR,Rashod Bateman,00-0036550,,,Full Participation in Practice,Rashod Bateman,
2024,12,BAL,S,Kyle Hamilton,00-0038038,,,Full Participation in Practice,Kyle Hamilton,
2024,12,BAL,RB,Justice Hill,00-0034975,,,Full Participation in Practice,Justice Hill,
2024,12,BAL,LB,Odafe Oweh,00-0036940,,,Full Participation in Practice,Odafe Oweh,
2024,12,BAL,C,Nick Samac,00-0039237,,,Full Participation in Practice,Nick Samac,
2024,12,BAL,S,Sanoussi Kane,00-0039235,Out,Ankle,Did Not Participate In Practice,Sanoussi Kane,OUT
2024,12,BAL,CB,Arthur Maulet,00-0033503,Out,Calf,Did Not Participate In Practice,Arthur Maulet,OUT
2024,12,BAL,LB,Roquan Smith,00-0034874,Questionable,Hamstring,Did Not Participate In Practice,Roquan Smith,QUESTIONABLE
2024,12,BAL,DT,Travis Jones,00-0037756,Questionable,Ankle,Limited Participation in Practice,Travis Jones,QUESTIONABLE
2024,12,BAL,C,Tyler Linderbaum,00-0037825,Questionable,Back,Limited Participation in Practice,Tyler Linderbaum,QUESTIONABLE
2024,12,CAR,T,Ikem Ekwonu,00-0037229,,,Full Participation in Practice,Ikem Ekwonu,
2024,12,CAR,G,Damien Lewis,00-0036417,,,Full Participation in Practice,Damien Lewis,
2024,12,CAR,T,Taylor Moton,00-0033284,,,Full Participation in Practice,Taylor Moton,
2024,12,CAR,DE,A'Shawn Robinson,00-0032889,,,Full Participation in Practice,A'Shawn Robinson,
2024,12,CAR,S,Xavier Woods,00-0033579,,,Full Participation in Practice,Xavier Woods,
2024,12,CAR,CB,Jaycee Horn,00-0036944,,,Limited Participation in Practice,Jaycee Horn,
2024,12,CAR,RB,Miles Sanders,00-0035243,Out,Ankle,Did Not Participate In Practice,Miles Sanders,OUT
2024,12,CAR,LB,Amare Barno,00-0037043,Doubtful,Knee,Limited Participation in Practice,Amare Barno,DOUBTFUL
2024,12,CAR,WR,Jalen Coker,00-0039491,Questionable,Quadricep,Did Not Participate In Practice,Jalen Coker,QUESTIONABLE
2024,12,CAR,K,Eddy Pineiro,00-0034173,Questionable,Left Knee,Did Not Participate In Practice,Eddy Pineiro,QUESTIONABLE
2024,12,CAR,RB,Jonathon Brooks,00-0039344,Questionable,Knee,Full Participation in Practice,Jonathon Brooks,QUESTIONABLE
2024,12,CAR,LB,Jadeveon Clowney,00-0031364,Questionable,Knee,Full Participation in Practice,Jadeveon Clowney,QUESTIONABLE
2024,12,CAR,LB,D.J. Johnson,00-0038535,Questionable,Concussion,Full Participation in Practice,D.J. Johnson,QUESTIONABLE
2024,12,CAR,DE,LaBryan Ray,00-0037203,Questionable,Hand,Full Participation in Practice,LaBryan Ray,QUESTIONABLE
2024,12,CAR,LB,D.J. Wonnum,00-0036335,Questionable,Quadricep,Full Participation in Practice,D.J. Wonnum,QUESTIONABLE
2024,12,CAR,WR,Adam Thielen,00-0030035,Questionable,Hamstring,Limited Participation in Practice,Adam Thielen,QUESTIONABLE
2024,12,CHI,T,Teven Jenkins,00-0036953,,,Full Participation in Practice,Teven Jenkins,
2024,12,CHI,TE,Marcedes Lewis,00-0024243,,,Full Participation in Practice,Marcedes Lewis,
2024,12,CHI,C,Ryan Bates,00-0035382,Out,Concussion,Did Not Participate In Practice,Ryan Bates,OUT
2024,12,CHI,S,Elijah Hicks,00-0037096,Out,Ankle,Did Not Participate In Practice,Elijah Hicks,OUT
2024,12,CHI,RB,D'Andre Swift,00-0036275,Questionable,Groin,Full Participation in Practice,D'Andre Swift,QUESTIONABLE
2024,12,CHI,WR,Keenan Allen,00-0030279,Questionable,Ankle,Limited Participation in Practice,Keenan Allen,QUESTIONABLE
2024,12,CHI,T,Kiran Amegadjie,00-0039822,Questionable,Calf,Limited Participation in Practice,Kiran Amegadjie,QUESTIONABLE
2024,12,CLE,T,Dawand Jones,00-0039014,,,Did Not Participate In Practice,Dawand Jones,
2024,12,CLE,G,Joel Bitonio,00-0031426,,,Full Participation in Practice,Joel Bitonio,
2024,12,CLE,LB,Jordan Hicks,00-0032129,,,Full Participation in Practice,Jordan Hicks,
2024,12,CLE,DT,Maurice Hurst,00-0034746,,,Full Participation in Practice,Maurice Hurst,
2024,12,CLE,WR,Jerry Jeudy,00-0036407,,,Full Participation in Practice,Jerry Jeudy,
2024,12,CLE,WR,Elijah Moore,00-0036980,,,Full Participation in Practice,Elijah Moore,
2024,12,CLE,CB,Greg Newsome,00-0036996,,,Full Participation in Practice,Greg Newsome,
2024,12,CLE,TE,David Njoku,00-0033885,,,Full Participation in Practice,David Njoku,
2024,12,CLE,QB,Dorian Thompson-Robinson,00-0038583,,,Full Participation in Practice,Dorian Thompson-Robinson,
2024,12,CLE,CB,Denzel Ward,00-0034856,,,Full Participation in Practice,Denzel Ward,
2024,12,CLE,DE,Myles Garrett,00-0033868,,,Limited Participation in Practice,Myles Garrett,
2024,12,CLE,TE,Geoff Swaim,00-0032141,Out,Concussion,Did Not Participate In Practice,Geoff Swaim,OUT
2024,12,CLE,T,Jedrick Wills,00-0036267,Out,Knee,Limited Participation in Practice,Jedrick Wills,OUT
2024,12,DAL,CB,Daron Bland,00-0037275,,,Full Participation in Practice,Daron Bland,
2024,12,DAL,T,Tyler Guyton,00-0039341,,,Full Participation in Practice,Tyler Guyton,
2024,12,DAL,LB,Eric Kendricks,00-0031554,,,Full Participation in Practice,Eric Kendricks,
2024,12,DAL,WR,CeeDee Lamb,00-0036358,,,Full Participation in Practice,CeeDee Lamb,
2024,12,DAL,CB,Jourdan Lewis,00-0033928,,,Full Participation in Practice,Jourdan Lewis,
2024,12,DAL,FB,Hunter Luepke,00-0038738,,,Full Participation in Practice,Hunter Luepke,
2024,12,DAL,S,Markquese Bell,00-0037561,Out,Shoulder,Did Not Participate In Practice,Markquese Bell,OUT
2024,12,DAL,TE,Jake Ferguson,00-0038041,Out,Concussion,Did Not Participate In Practice,Jake Ferguson,OUT
2024,12,DAL,G,Zack Martin,00-0031402,Doubtful,Ankle,Did Not Participate In Practice,Zack Martin,DOUBTFUL
2024,12,DAL,LB,Nick Vigil,00-0032892,Questionable,Foot,Did Not Participate In Practice,Nick Vigil,QUESTIONABLE
2024,12,DAL,T,Chuma Edoga,00-0035698,Questionable,Toe,Full Participation in Practice,Chuma Edoga,QUESTIONABLE
2024,12,DAL,WR,Brandin Cooks,00-0031236,Questionable,Knee,Limited Participation in Practice,Brandin Cooks,QUESTIONABLE
2024,12,DAL,CB,Trevon Diggs,00-0036361,Questionable,Groin,Limited Participation in Practice,Trevon Diggs,QUESTIONABLE
2024,12,DAL,DE,Marshawn Kneeland,00-0039900,Questionable,Knee,Limited Participation in Practice,Marshawn Kneeland,QUESTIONABLE
2024,12,DAL,G,Tyler Smith,00-0037243,Questionable,Ankle,Limited Participation in Practice,Tyler Smith,QUESTIONABLE
2024,12,DEN,S,P.J. Locke,00-0035227,,,Full Participation in Practice,P.J. Locke,
2024,12,DEN,G,Ben Powers,00-0034978,,,Full Participation in Practice,Ben Powers,
2024,12,DEN,WR,Josh Reynolds,00-0033943,Out,Hand,Full Participation in Practice,Josh Reynolds,OUT
2024,12,DEN,LB,Drew Sanders,00-0039003,Out,Achilles,Full Participation in Practice,Drew Sanders,OUT
2024,12,DEN,S,Brandon Jones,00-0036221,Questionable,Illness,Full Participation in Practice,Brandon Jones,QUESTIONABLE
2024,12,DEN,DE,Zach Allen,00-0035248,Questionable,Not injury related - resting player,Limited Participation in Practice,Zach Allen,QUESTIONABLE
2024,12,DET,CB,Carlton Davis,00-0034778,,,Full Participation in Practice,Carlton Davis,
2024,12,DET,TE,Sam LaPorta,00-0039065,,,Full Participation in Practice,Sam LaPorta,
2024,12,DET,WR,Allen Robinson,00-0031428,,,Full Participation in Practice,Allen Robinson,
2024,12,DET,TE,Shane Zylstra,00-0036534,,,Full Participation in Practice,Shane Zylstra,
2024,12,DET,CB,Ennis Rakestraw,00-0039862,Out,Hamstring,Did Not Participate In Practice,Ennis Rakestraw,OUT
2024,12,DET,CB,Terrion Arnold,00-0039903,Questionable,Groin,Full Participation in Practice,Terrion Arnold,QUESTIONABLE
2024,12,DET,CB,Emmanuel Moseley,00-0034096,Questionable,Pectoral,Full Participation in Practice,Emmanuel Moseley,QUESTIONABLE
2024,12,GB,DT,Kenny Clark,00-0033120,,,Full Participation in Practice,Kenny Clark,
2024,12,GB,G,Elgton Jenkins,00-0035526,,,Full Participation in Practice,Elgton Jenkins,
2024,12,GB,C,Josh Myers,00-0036622,,,Full Participation in Practice,Josh Myers,
2024,12,GB,T,Rasheed Walker,00-0037196,,,Full Participation in Practice,Rasheed Walker,
2024,12,GB,S,Evan Williams,00-0039813,,,Full Participation in Practice,Evan Williams,
2024,12,GB,RB,Josh Jacobs,00-0035700,,,Limited Participation in Practice,Josh Jacobs,
2024,12,GB,CB,Jaire Alexander,00-0034728,Out,Knee,Did Not Participate In Practice,Jaire Alexander,OUT
2024,12,GB,LB,Edgerrin Cooper,00-0039850,Out,Hamstring,Did Not Participate In Practice,Edgerrin Cooper,OUT
2024,12,GB,DT,Colby Wooden,00-0038387,Questionable,Shoulder,Full Participation in Practice,Colby Wooden,QUESTIONABLE
2024,12,HOU,LB,Azeez Al-Shaair,00-0035166,,,Full Participation in Practice,Azeez Al-Shaair,
2024,12,HOU,DE,Will Anderson,00-0039108,,,Full Participation in Practice,Will Anderson,
2024,12,HOU,CB,Kamari Lassiter,00-0039343,,,Full Participation in Practice,Kamari Lassiter,
2024,12,HOU,CB,Derek Stingley,00-0037237,,,Full Participation in Practice,Derek Stingley,
2024,12,HOU,DT,Folorunso Fatukasi,00-0034275,Out,Foot,Did Not Participate In Practice,Folorunso Fatukasi,OUT
2024,12,HOU,T,Blake Fisher,00-0039857,Out,Concussion,Did Not Participate In Practice,Blake Fisher,OUT
2024,12,HOU,DE,Denico Autry,00-0031254,Questionable,Knee,Did Not Participate In Practice,Denico Autry,QUESTIONABLE
2024,12,IND,DT,DeForest Buckner,00-0032378,,,Did Not Participate In Practice,DeForest Buckner,
2024,12,IND,LB,Zaire Franklin,00-0034431,,,Did Not Participate In Practice,Zaire Franklin,
2024,12,IND,T,Braden Smith,00-0034836,,,Did Not Participate In Practice,Braden Smith,
2024,12,IND,DT,Grover Stewart,00-0033952,,,Did Not Participate In Practice,Grover Stewart,
2024,12,IND,WR,Josh Downs,00-0038997,,,Full Participation in Practice,Josh Downs,
2024,12,IND,CB,Kenny Moore,00-0033393,,,Full Participation in Practice,Kenny Moore,
2024,12,IND,WR,Michael Pittman,00-0036252,,,Full Participation in Practice,Michael Pittman,
2024,12,IND,T,Bernhard Raimann,00-0037757,Out,Knee,Did Not Participate In Practice,Bernhard Raimann,OUT
2024,12,IND,DE,Tyquan Lewis,00-0034359,Questionable,Elbow,Full Participation in Practice,Tyquan Lewis,QUESTIONABLE
2024,12,KC,S,Chamarri Conner,00-0038982,,,Full Participation in Practice,Chamarri Conner,
2024,12,KC,S,Bryan Cook,00-0037193,,,Full Participation in Practice,Bryan Cook,
2024,12,KC,RB,Kareem Hunt,00-0033923,,,Full Participation in Practice,Kareem Hunt,
2024,12,KC,WR,JuJu Smith-Schuster,00-0033857,,,Full Participation in Practice,JuJu Smith-Schuster,
2024,12,KC,DE,Charles Omenihu,00-0035279,Out,Knee,Limited Participation in Practice,Charles Omenihu,OUT
2024,12,KC,RB,Isiah Pacheco,00-0037197,Out,Ankle,Limited Participation in Practice,Isiah Pacheco,OUT
2024,12,LA,G,Kevin Dotson,00-0036339,,,Full Participation in Practice,Kevin Dotson,
2024,12,LA,CB,Cobie Durant,00-0037839,,,Full Participation in Practice,Cobie Durant,
2024,12,LA,DT,Neville Gallimore,00-0036366,,,Full Participation in Practice,Neville Gallimore,
2024,12,LA,T,Joseph Noteboom,00-0034803,,,Full Participation in Practice,Joseph Noteboom,
2024,12,LA,CB,Charles Woods,00-0039770,Out,Ankle,Did Not Participate In Practice,Charles Woods,OUT
2024,12,LA,T,K.T. Leveston,00-0039755,Out,Ankle,Full Participation in Practice,K.T. Leveston,OUT
2024,12,LA,T,Rob Havenstein,00-0032242,Doubtful,Ankle,Limited Participation in Practice,Rob Havenstein,DOUBTFUL
2024,12,LAC,RB,J.K. Dobbins,00-0036158,,,Full Participation in Practice,J.K. Dobbins,
2024,12,LAC,S,Derwin James,00-0034790,,,Full Participation in Practice,Derwin James,
2024,12,LAC,T,Trey Pipkins,00-0035688,,,Full Participation in Practice,Trey Pipkins,
2024,12,LAC,DE,Joey Bosa,00-0033156,,,Limited Participation in Practice,Joey Bosa,
2024,12,LAC,TE,Hayden Hurst,00-0034830,Out,Hip,Did Not Participate In Practice,Hayden Hurst,OUT
2024,12,LAC,LB,Denzel Perryman,00-0032103,Out,Groin,Did Not Participate In Practice,Denzel Perryman,OUT
2024,12,LAC,CB,Cam Hart,00-0039369,Questionable,Concussion,Full Participation in Practice,Cam Hart,QUESTIONABLE
2024,12,LAC,CB,Deane Leonard,00-0037320,Questionable,Hamstring,Full Participation in Practice,Deane Leonard,QUESTIONABLE
2024,12,LAC,DE,Bud Dupree,00-0032146,Questionable,Foot,Limited Participation in Practice,Bud Dupree,QUESTIONABLE
2024,12,LAC,S,A.J. Finley,00-0038866,Questionable,Ankle,Limited Participation in Practice,A.J. Finley,QUESTIONABLE
2024,12,LAC,DE,Khalil Mack,00-0031040,Questionable,Groin,Limited Participation in Practice,Khalil Mack,QUESTIONABLE
2024,12,LAC,WR,Ladd McConkey,00-0039915,Questionable,Shoulder,Limited Participation in Practice,Ladd McConkey,QUESTIONABLE
2024,12,LV,TE,Justin Shorter,00-0038590,,,Full Participation in Practice,Justin Shorter,
2024,12,LV,CB,Jakorian Bennett,00-0039072,Out,Shoulder,Did Not Participate In Practice,Jakorian Bennett,OUT
2024,12,LV,CB,Nate Hobbs,00-0036871,Out,Ankle,Did Not Participate In Practice,Nate Hobbs,OUT
2024,12,LV,RB,Alexander Mattison,00-0034972,Doubtful,Ankle,Did Not Participate In Practice,Alexander Mattison,DOUBTFUL
2024,12,LV,RB,Zamir White,00-0038040,Doubtful,Quadricep,Did Not Participate In Practice,Zamir White,DOUBTFUL
2024,12,LV,TE,Harrison Bryant,00-0036232,Questionable,Ankle,Limited Participation in Practice,Harrison Bryant,QUESTIONABLE
2024,12,LV,C,Andre James,00-0035127,Questionable,Ankle,Limited Participation in Practice,Andre James,QUESTIONABLE
2024,12,LV,CB,Jack Jones,00-0038039,Questionable,Back,Limited Participation in Practice,Jack Jones,QUESTIONABLE
2024,12,LV,G,Cody Whitehair,00-0032768,Questionable,Ankle,Limited Participation in Practice,Cody Whitehair,QUESTIONABLE
2024,12,MIA,LB,Tyus Bowser,00-0033283,,,Full Participation in Practice,Tyus Bowser,
2024,12,MIA,G,Aaron Brewer,00-0036171,,,Full Participation in Practice,Aaron Brewer,
2024,12,MIA,LB,Jordyn Brooks,00-0036409,,,Full Participation in Practice,Jordyn Brooks,
2024,12,MIA,DT,Calais Campbell,00-0026190,,,Full Participation in Practice,Calais Campbell,
2024,12,MIA,TE,Julian Hill,00-0038720,,,Full Participation in Practice,Julian Hill,
2024,12,MIA,S,Jevon Holland,00-0036998,,,Full Participation in Practice,Jevon Holland,
2024,12,MIA,G,Robert Jones,00-0036596,,,Full Participation in Practice,Robert Jones,
2024,12,MIA,DT,Benito Jones,00-0035841,,,Full Participation in Practice,Benito Jones,
2024,12,MIA,RB,Raheem Mostert,00-0031687,,,Full Participation in Practice,Raheem Mostert,
2024,12,MIA,S,Jordan Poyer,00-0030114,,,Full Participation in Practice,Jordan Poyer,
2024,12,MIA,CB,Jalen Ramsey,00-0033055,,,Full Participation in Practice,Jalen Ramsey,
2024,12,MIA,WR,Tyreek Hill,00-0033040,,,Limited Participation in Practice,Tyreek Hill,
2024,12,MIA,CB,Kendall Fuller,00-0033084,Out,Concussion,Did Not Participate In Practice,Kendall Fuller,OUT
2024,12,MIA,T,Terron Armstead,00-0030067,Questionable,Knee,Did Not Participate In Practice,Terron Armstead,QUESTIONABLE
2024,12,MIA,S,Patrick McMorris,00-0039881,Questionable,Calf,Full Participation in Practice,Patrick McMorris,QUESTIONABLE
2024,12,MIA,FB,Alec Ingold,00-0035125,Questionable,Calf,Limited Participation in Practice,Alec Ingold,QUESTIONABLE
2024,12,MIA,G,Isaiah Wynn,00-0034833,Questionable,Quadricep,Limited Participation in Practice,Isaiah Wynn,QUESTIONABLE
2024,12,MIN,CB,Stephon Gilmore,00-0029542,,,Did Not Participate In Practice,Stephon Gilmore,
2024,12,MIN,S,Harrison Smith,00-0029606,,,Did Not Participate In Practice,Harrison Smith,
2024,12,MIN,DT,Jonathan Bullard,00-0033093,,,Full Participation in Practice,Jonathan Bullard,
2024,12,MIN,QB,Sam Darnold,00-0034869,,,Full Participation in Practice,Sam Darnold,
2024,12,MIN,RB,Aaron Jones,00-0033293,,,Full Participation in Practice,Aaron Jones,
2024,12,MIN,TE,Josh Oliver,00-0035249,Out,Ankle,Did Not Participate In Practice,Josh Oliver,OUT
2024,12,MIN,DE,Gabriel Murphy,00-0039715,Questionable,Knee,Full Participation in Practice,Gabriel Murphy,QUESTIONABLE
2024,12,MIN,TE,Nick Muse,00-0037317,Questionable,Hand,Full Participation in Practice,Nick Muse,QUESTIONABLE
2024,12,NE,DT,Daniel Ekuale,00-0034251,,,Full Participation in Practice,Daniel Ekuale,
2024,12,NE,LB,Christian Elliss,00-0036813,,,Full Participation in Practice,Christian Elliss,
2024,12,NE,DT,Davon Godchaux,00-0033860,,,Full Participation in Practice,Davon Godchaux,
2024,12,NE,TE,Austin Hooper,00-0032392,,,Limited Participation in Practice,Austin Hooper,
2024,12,NE,DT,Jaquelin Roy,00-0038584,Out,Neck,Did Not Participate In Practice,Jaquelin Roy,OUT
2024,12,NE,DT,Christian Barmore,00-0036981,Questionable,Not injury related - other,Did Not Participate In Practice,Christian Barmore,QUESTIONABLE
2024,12,NE,LB,Sione Takitaki,00-0035646,Questionable,Knee,Full Participation in Practice,Sione Takitaki,QUESTIONABLE
2024,12,NE,S,Kyle Dugger,00-0036231,Questionable,Ankle,Limited Participation in Practice,Kyle Dugger,QUESTIONABLE
2024,12,NE,CB,Christian Gonzalez,00-0039147,Questionable,Hip,Limited Participation in Practice,Christian Gonzalez,QUESTIONABLE
2024,12,NE,LB,Anfernee Jennings,00-0036193,Questionable,Knee,Limited Participation in Practice,Anfernee Jennings,QUESTIONABLE
2024,12,NE,T,Vederian Lowe,00-0037287,Questionable,Shoulder,Limited Participation in Practice,Vederian Lowe,QUESTIONABLE
2024,12,NE,LB,Marte Mapu,00-0039054,Questionable,Neck,Limited Participation in Practice,Marte Mapu,QUESTIONABLE
2024,12,NE,G,Cole Strange,00-0038103,Questionable,Knee,Limited Participation in Practice,Cole Strange,QUESTIONABLE
2024,12,NE,DE,Keion White,00-0039148,Questionable,Knee,Limited Participation in Practice,Keion White,QUESTIONABLE
2024,12,NE,DE,Deatrich Wise,00-0033947,Questionable,Foot,Limited Participation in Practice,Deatrich Wise,QUESTIONABLE
2024,12,NYG,LB,Matthew Adams,00-0034424,,,Full Participation in Practice,Matthew Adams,
2024,12,NYG,TE,Theo Johnson,00-0039847,,,Full Participation in Practice,Theo Johnson,
2024,12,NYG,CB,Andru Phillips,00-0039821,,,Full Participation in Practice,Andru Phillips,
2024,12,NYG,WR,Darius Slayton,00-0035535,,,Full Participation in Practice,Darius Slayton,
2024,12,NYG,G,Greg Van Roten,00-0029685,,,Full Participation in Practice,Greg Van Roten,
2024,12,NYG,DT,Dexter Lawrence,00-0035683,,,Limited Participation in Practice,Dexter Lawrence,
2024,12,NYG,S,Tyler Nubin,00-0039861,,,Limited Participation in Practice,Tyler Nubin,
2024,12,NYG,LB,Micah McFadden,00-0037259,Questionable,Heel,Did Not Participate In Practice,Micah McFadden,QUESTIONABLE
2024,12,NYG,WR,Malik Nabers,00-0039337,Questionable,Groin,Did Not Participate In Practice,Malik Nabers,QUESTIONABLE
2024,12,NYG,LB,Kayvon Thibodeaux,00-0037611,Questionable,Wrist,Full Participation in Practice,Kayvon Thibodeaux,QUESTIONABLE
2024,12,NYG,WR,Bryce Ford-Wheaton,00-0038477,Questionable,Achilles,Limited Participation in Practice,Bryce Ford-Wheaton,QUESTIONABLE
2024,12,NYG,LB,Darius Muasau,00-0039829,Questionable,Hamstring,Limited Participation in Practice,Darius Muasau,QUESTIONABLE
2024,12,PHI,DE,Bryce Huff,00-0036151,,,Did Not Participate In Practice,Bryce Huff,
2024,12,PHI,LB,Nakobe Dean,00-0037615,,,Full Participation in Practice,Nakobe Dean,
2024,12,PHI,LB,Jalyx Hunt,00-0039740,,,Full Participation in Practice,Jalyx Hunt,
2024,12,PHI,QB,Jalen Hurts,00-0036389,,,Full Participation in Practice,Jalen Hurts,
2024,12,PHI,DT,Milton Williams,00-0036916,,,Full Participation in Practice,Milton Williams,
2024,12,PHI,WR,DeVonta Smith,00-0036912,Out,Hamstring,Did Not Participate In Practice,DeVonta Smith,OUT
2024,12,PHI,WR,Britain Covey,00-0037132,Questionable,Shoulder,Full Participation in Practice,Britain Covey,QUESTIONABLE
2024,12,PIT,DT,Cameron Heyward,00-0027969,,,Did Not Participate In Practice,Cameron Heyward,
2024,12,PIT,DT,Larry Ogunjobi,00-0033905,,,Did Not Participate In Practice,Larry Ogunjobi,
2024,12,PIT,G,Isaac Seumalo,00-0032954,,,Did Not Participate In Practice,Isaac Seumalo,
2024,12,PIT,RB,Najee Harris,00-0036893,,,Full Participation in Practice,Najee Harris,
2024,12,PIT,TE,MyCole Pruitt,00-0031585,,,Full Participation in Practice,MyCole Pruitt,
2024,12,PIT,LB,T.J. Watt,00-0033886,,,Full Participation in Practice,T.J. Watt,
2024,12,PIT,LB,Alex Highsmith,00-0036333,Out,Ankle,Did Not Participate In Practice,Alex Highsmith,OUT
2024,12,PIT,CB,Cory Trice,00-0038639,Out,Hamstring,Full Participation in Practice,Cory Trice,OUT
2024,12,SEA,TE,Pharaoh Brown,00-0033439,,,Full Participation in Practice,Pharaoh Brown,
2024,12,SEA,DT,Johnathan Hankins,00-0030063,,,Full Participation in Practice,Johnathan Hankins,
2024,12,SEA,S,Rayshawn Jenkins,00-0033941,,,Full Participation in Practice,Rayshawn Jenkins,
2024,12,SEA,DE,Dre'Mont Jones,00-0035678,,,Full Participation in Practice,Dre'Mont Jones,
2024,12,SEA,T,Abraham Lucas,00-0037812,,,Full Participation in Practice,Abraham Lucas,
2024,12,SEA,DT,Jarran Reed,00-0032387,,,Full Participation in Practice,Jarran Reed,
2024,12,SEA,G,Laken Tomlinson,00-0032234,,,Full Participation in Practice,Laken Tomlinson,
2024,12,SEA,DT,Leonard Williams,00-0031933,,,Full Participation in Practice,Leonard Williams,
2024,12,SEA,CB,Dee Williams,00-0039306,,,Full Participation in Practice,Dee Williams,
2024,12,SEA,WR,Tyler Lockett,00-0032211,,,Limited Participation in Practice,Tyler Lockett,
2024,12,SEA,TE,Brady Russell,00-0038488,Out,Foot,Did Not Participate In Practice,Brady Russell,OUT
2024,12,SEA,TE,Noah Fant,00-0035644,Questionable,Groin,Full Participation in Practice,Noah Fant,QUESTIONABLE
2024,12,SEA,WR,Laviska Shenault,00-0036268,Questionable,Back,Full Participation in Practice,Laviska Shenault,QUESTIONABLE
2024,12,SF,TE,George Kittle,00-0033288,,,Full Participation in Practice,George Kittle,
2024,12,SF,RB,Christian McCaffrey,00-0033280,,,Full Participation in Practice,Christian McCaffrey,
2024,12,SF,LB,Tatum Bethune,00-0039435,Out,Knee,Did Not Participate In Practice,Tatum Bethune,OUT
2024,12,SF,DE,Nick Bosa,00-0035717,Out,Hip,Did Not Participate In Practice,Nick Bosa,OUT
2024,12,SF,WR,Jacob Cowing,00-0039365,Out,Concussion,Did Not Participate In Practice,Jacob Cowing,OUT
2024,12,SF,DT,Kevin Givens,00-0035026,Out,Groin,Did Not Participate In Practice,Kevin Givens,OUT
2024,12,SF,QB,Brock Purdy,00-0037834,Out,Right Shoulder,Did Not Participate In Practice,Brock Purdy,OUT
2024,12,SF,CB,Charvarius Ward,00-0034573,Out,Not injury related - personal matter,Limited Participation in Practice,Charvarius Ward,OUT
2024,12,SF,T,Trent Williams,00-0027857,Questionable,Ankle,Did Not Participate In Practice,Trent Williams,QUESTIONABLE
2024,12,SF,C,Jon Feliciano,00-0032151,Questionable,Knee,Limited Participation in Practice,Jon Feliciano,QUESTIONABLE
2024,12,TB,LB,Lavonte David,00-0029562,,,Did Not Participate In Practice,Lavonte David,
2024,12,TB,DE,William Gholston,00-0030386,,,Did Not Participate In Practice,William Gholston,
2024,12,TB,G,Ben Bredeson,00-0036132,,,Full Participation in Practice,Ben Bredeson,
2024,12,TB,RB,Bucky Irving,00-0039361,,,Full Participation in Practice,Bucky Irving,
2024,12,TB,WR,Jalen McMillan,00-0039855,,,Full Participation in Practice,Jalen McMillan,
2024,12,TB,S,Tykee Smith,00-0039846,Doubtful,Knee,Did Not Participate In Practice,Tykee Smith,DOUBTFUL
2024,12,TB,CB,Jamel Dean,00-0035699,Questionable,Hamstring,Full Participation in Practice,Jamel Dean,QUESTIONABLE
2024,12,TB,CB,Zyon McCollum,00-0037268,Questionable,Hamstring,Full Participation in Practice,Zyon McCollum,QUESTIONABLE
2024,12,TB,WR,Mike Evans,00-0031408,Questionable,Hamstring,Limited Participation in Practice,Mike Evans,QUESTIONABLE
2024,12,TB,DT,Greg Gaines,00-0035667,Questionable,Foot,Limited Participation in Practice,Greg Gaines,QUESTIONABLE
2024,12,TB,CB,Troy Hill,00-0031785,Questionable,Ankle,Limited Participation in Practice,Troy Hill,QUESTIONABLE
2024,12,TB,T,Tristan Wirfs,00-0036406,Questionable,Knee,Limited Participation in Practice,Tristan Wirfs,QUESTIONABLE
2024,12,TEN,DT,Sebastian Joseph,00-0034810,,,Full Participation in Practice,Sebastian Joseph,
2024,12,TEN,LB,Kenneth Murray,00-0036441,,,Full Participation in Practice,Kenneth Murray,
2024,12,TEN,WR,Calvin Ridley,00-0034837,,,Full Participation in Practice,Calvin Ridley,
2024,12,TEN,DT,Jeffery Simmons,00-0035643,,,Full Participation in Practice,Jeffery Simmons,
2024,12,TEN,LB,Jack Gibbens,00-0037596,Out,Ankle,Did Not Participate In Practice,Jack Gibbens,OUT
2024,12,TEN,CB,L'Jarius Sneed,00-0036374,Out,Quadricep,Did Not Participate In Practice,L'Jarius Sneed,OUT
2024,12,TEN,T,Leroy Watson,00-0037591,Out,Back,Did Not Participate In Practice,Leroy Watson,OUT
2024,12,TEN,RB,Tyjae Spears,00-0039032,Out,Concussion,Limited Participation in Practice,Tyjae Spears,OUT
2024,12,TEN,CB,Justin Hardee,00-0033770,Questionable,Groin,Limited Participation in Practice,Justin Hardee,QUESTIONABLE
2024,12,TEN,CB,Roger McCreary,00-0038125,Questionable,Knee,Limited Participation in Practice,Roger McCreary,QUESTIONABLE
2024,12,WAS,CB,Michael Davis,00-0033697,,,Did Not Participate In Practice,Michael Davis,
2024,12,WAS,TE,Zach Ertz,00-0030061,,,Did Not Participate In Practice,Zach Ertz,
2024,12,WAS,DE,Dorance Armstrong,00-0034373,,,Full Participation in Practice,Dorance Armstrong,
2024,12,WAS,T,Brandon Coleman,00-0039913,,,Full Participation in Practice,Brandon Coleman,
2024,12,WAS,LB,Dante Fowler,00-0032052,,,Full Participation in Practice,Dante Fowler,
2024,12,WAS,CB,Noah Igbinoghene,00-0036287,,,Full Participation in Practice,Noah Igbinoghene,
2024,12,WAS,LB,Jordan Magee,00-0039368,,,Full Participation in Practice,Jordan Magee,
2024,12,WAS,TE,Ben Sinnott,00-0039912,,,Full Participation in Practice,Ben Sinnott,
2024,12,WAS,DE,Clelin Ferrell,00-0035692,,,Limited Participation in Practice,Clelin Ferrell,
2024,12,WAS,CB,Marshon Lattimore,00-0033874,Out,Hamstring,Did Not Participate In Practice,Marshon Lattimore,OUT
2024,12,WAS,LB,Nick Bellore,00-0028292,Questionable,Knee,Full Participation in Practice,Nick Bellore,QUESTIONABLE
2024,12,WAS,DE,Javontae Jean-Baptiste,00-0039412,Questionable,Ankle,Full Participation in Practice,Javontae Jean-Baptiste,QUESTIONABLE
2024,12,WAS,K,Austin Seibert,00-0035145,Questionable,Right Hip,Full Participation in Practice,Austin Seibert,QUESTIONABLE
2024,13,ARI,T,Kelvin Beachum,00-0029316,,,Full Participation in Practice,Kelvin Beachum,
2024,13,ARI,T,Jonah Williams,00-0035629,,,Full Participation in Practice,Jonah Williams,
2024,13,ARI,S,Joey Blount,00-0037141,Questionable,Hip,Limited Participation in Practice,Joey Blount,QUESTIONABLE
2024,13,ARI,RB,Emari Demercado,00-0038705,Questionable,Back,Limited Participation in Practice,Emari Demercado,QUESTIONABLE
2024,13,ARI,DT,Darius Robinson,00-0039854,Questionable,Calf,Limited Participation in Practice,Darius Robinson,QUESTIONABLE
2024,13,ARI,S,Jalen Thompson,00-0035705,Questionable,Ankle,Limited Participation in Practice,Jalen Thompson,QUESTIONABLE
2024,13,ATL,DT,Grady Jarrett,00-0031583,,,Did Not Participate In Practice,Grady Jarrett,
2024,13,ATL,WR,Darnell Mooney,00-0036309,,,Did Not Participate In Practice,Darnell Mooney,
2024,13,ATL,DT,David Onyemata,00-0033051,,,Did Not Participate In Practice,David Onyemata,
2024,13,ATL,CB,Dee Alford,00-0037034,,,Full Participation in Practice,Dee Alford,
2024,13,ATL,LB,Troy Andersen,00-0037810,,,Full Participation in Practice,Troy Andersen,
2024,13,ATL,LB,J.D. Bertrand,00-0039370,,,Full Participation in Practice,J.D. Bertrand,
2024,13,ATL,CB,Antonio Hamilton,00-0032933,,,Full Participation in Practice,Antonio Hamilton,
2024,13,ATL,DE,Zach Harrison,00-0038980,,,Full Participation in Practice,Zach Harrison,
2024,13,ATL,WR,KhaDarel Hodge,00-0034854,,,Full Participation in Practice,KhaDarel Hodge,
2024,13,ATL,CB,Kevin King,00-0033524,,,Full Participation in Practice,Kevin King,
2024,13,ATL,K,Younghoe Koo,00-0033702,,,Full Participation in Practice,Younghoe Koo,
2024,13,ATL,LB,Nate Landman,00-0037587,,,Full Participation in Practice,Nate Landman,
2024,13,ATL,G,Chris Lindstrom,00-0035630,,,Full Participation in Practice,Chris Lindstrom,
2024,13,ATL,WR,Drake London,00-0037238,,,Full Participation in Practice,Drake London,
2024,13,ATL,WR,Casey Washington,00-0039394,,,Full Participation in Practice,Casey Washington,
2024,13,ATL,TE,Charlie Woerner,00-0036429,,,Full Participation in Practice,Charlie Woerner,
2024,13,ATL,LB,Matt Judon,00-0032415,,,Limited Participation in Practice,Matt Judon,
2024,13,ATL,T,Jake Matthews,00-0031279,,,Limited Participation in Practice,Jake Matthews,
2024,13,ATL,T,Kaleb McGary,00-0035235,,,Limited Participation in Practice,Kaleb McGary,
2024,13,ATL,CB,Clark Phillips,00-0038568,,,Limited Participation in Practice,Clark Phillips,
2024,13,ATL,RB,Jase McClellan,00-0039393,Out,Knee,Did Not Participate In Practice,Jase McClellan,OUT
2024,13,ATL,CB,Mike Hughes,00-0034843,Out,Neck,Full Participation in Practice,Mike Hughes,OUT
2024,13,BAL,DT,Travis Jones,00-0037756,,,Full Participation in Practice,Travis Jones,
2024,13,BAL,S,Sanoussi Kane,00-0039235,,,Full Participation in Practice,Sanoussi Kane,
2024,13,BAL,LB,Roquan Smith,00-0034874,,,Full Participation in Practice,Roquan Smith,
2024,13,BAL,DE,Broderick Washington,00-0036081,,,Full Participation in Practice,Broderick Washington,
2024,13,BAL,TE,Charlie Kolar,00-0038046,Out,Forearm,Did Not Participate In Practice,Charlie Kolar,OUT
2024,13,BAL,CB,Arthur Maulet,00-0033503,Out,Calf,Did Not Participate In Practice,Arthur Maulet,OUT
2024,13,BAL,LB,Kyle Van Noy,00-0031360,Doubtful,Hamstring,Did Not Participate In Practice,Kyle Van Noy,DOUBTFUL
2024,13,BAL,DT,Michael Pierce,00-0032574,Questionable,Calf,Full Participation in Practice,Michael Pierce,QUESTIONABLE
2024,13,BAL,CB,T.J. Tampa,00-0039234,Questionable,Ankle,Limited Participation in Practice,T.J. Tampa,QUESTIONABLE
2024,13,BUF,LB,Terrel Bernard,00-0037254,,,Full Participation in Practice,Terrel Bernard,
2024,13,BUF,T,Spencer Brown,00-0036976,,,Full Participation in Practice,Spencer Brown,
2024,13,BUF,WR,Amari Cooper,00-0031544,,,Full Participation in Practice,Amari Cooper,
2024,13,BUF,CB,Kaiir Elam,00-0037242,,,Full Participation in Practice,Kaiir Elam,
2024,13,BUF,FB,Reggie Gilliam,00-0036187,,,Full Participation in Practice,Reggie Gilliam,
2024,13,BUF,WR,Mack Hollins,00-0033555,,,Full Participation in Practice,Mack Hollins,
2024,13,BUF,DT,DaQuan Jones,00-0031054,,,Full Participation in Practice,DaQuan Jones,
2024,13,BUF,TE,Quintin Morris,00-0036590,,,Full Participation in Practice,Quintin Morris,
2024,13,BUF,S,Taylor Rapp,00-0035663,,,Full Participation in Practice,Taylor Rapp,
2024,13,BUF,WR,Curtis Samuel,00-0033282,,,Full Participation in Practice,Curtis Samuel,
2024,13,BUF,DE,Casey Toohill,00-0036403,,,Full Participation in Practice,Casey Toohill,
2024,13,BUF,LB,Dorian Williams,00-0038557,,,Full Participation in Practice,Dorian Williams,
2024,13,BUF,TE,Dalton Kincaid,00-0038933,Out,Knee,Did Not Participate In Practice,Dalton Kincaid,OUT
2024,13,BUF,T,Tylan Grable,00-0039882,Out,Groin,Full Participation in Practice,Tylan Grable,OUT
2024,13,BUF,DT,DeWayne Carter,00-0039873,Questionable,Wrist,Full Participation in Practice,DeWayne Carter,QUESTIONABLE
2024,13,BUF,LB,Matt Milano,00-0033571,Questionable,Biceps,Full Participation in Practice,Matt Milano,QUESTIONABLE
2024,13,BUF,WR,Keon Coleman,00-0039901,Questionable,Wrist,Limited Participation in Practice,Keon Coleman,QUESTIONABLE
2024,13,CAR,LB,Josey Jewell,00-0034368,,,Full Participation in Practice,Josey Jewell,
2024,13,CAR,S,Lonnie Johnson,00-0035244,,,Full Participation in Practice,Lonnie Johnson,
2024,13,CAR,T,Taylor Moton,00-0033284,,,Full Participation in Practice,Taylor Moton,
2024,13,CAR,DE,LaBryan Ray,00-0037203,,,Full Participation in Practice,LaBryan Ray,
2024,13,CAR,DE,A'Shawn Robinson,00-0032889,,,Full Participation in Practice,A'Shawn Robinson,
2024,13,CAR,LB,D.J. Wonnum,00-0036335,,,Full Participation in Practice,D.J. Wonnum,
2024,13,CAR,WR,Adam Thielen,00-0030035,,,Limited Participation in Practice,Adam Thielen,
2024,13,CAR,WR,Jalen Coker,00-0039491,Out,Quadricep,Did Not Participate In Practice,Jalen Coker,OUT
2024,13,CAR,TE,Ja'Tavion Sanders,00-0039356,Out,Neck,Did Not Participate In Practice,Ja'Tavion Sanders,OUT
2024,13,CAR,LB,Amare Barno,00-0037043,Questionable,Knee,Full Participation in Practice,Amare Barno,QUESTIONABLE
2024,13,CAR,S,Nick Scott,00-0035669,Questionable,Hamstring,Full Participation in Practice,Nick Scott,QUESTIONABLE
2024,13,CAR,LB,Jadeveon Clowney,00-0031364,Questionable,Knee,Limited Participation in Practice,Jadeveon Clowney,QUESTIONABLE
2024,13,CAR,CB,Caleb Farley,00-0036615,Questionable,Shoulder,Limited Participation in Practice,Caleb Farley,QUESTIONABLE
2024,13,CHI,G,Ryan Bates,00-0035382,Out,Concussion,Did Not Participate In Practice,Ryan Bates,OUT
2024,13,CHI,S,Elijah Hicks,00-0037096,Out,Ankle,Did Not Participate In Practice,Elijah Hicks,OUT
2024,13,CIN,LB,Joe Bachie,00-0035895,,,Full Participation in Practice,Joe Bachie,
2024,13,CIN,QB,Joe Burrow,00-0036442,,,Full Participation in Practice,Joe Burrow,
2024,13,CIN,DT,B.J. Hill,00-0034800,,,Full Participation in Practice,B.J. Hill,
2024,13,CIN,T,Amarius Mims,00-0039925,,,Full Participation in Practice,Amarius Mims,
2024,13,CIN,WR,Tee Higgins,00-0036410,,,Limited Participation in Practice,Tee Higgins,
2024,13,CIN,DT,Sheldon Rankins,00-0032759,Out,Illness,Did Not Participate In Practice,Sheldon Rankins,OUT
2024,13,CIN,WR,Charlie Jones,00-0038576,Doubtful,Groin,Did Not Participate In Practice,Charlie Jones,DOUBTFUL
2024,13,CIN,LB,Logan Wilson,00-0036294,Questionable,Knee,Did Not Participate In Practice,Logan Wilson,QUESTIONABLE
2024,13,CIN,T,Orlando Brown,00-0034752,Questionable,Fibula,Full Participation in Practice,Orlando Brown,QUESTIONABLE
2024,13,CLE,TE,Geoff Swaim,00-0032141,,,Did Not Participate In Practice,Geoff Swaim,
2024,13,CLE,G,Joel Bitonio,00-0031426,,,Full Participation in Practice,Joel Bitonio,
2024,13,CLE,DT,Maurice Hurst,00-0034746,,,Full Participation in Practice,Maurice Hurst,
2024,13,CLE,G,Germain Ifedi,00-0032384,,,Full Participation in Practice,Germain Ifedi,
2024,13,CLE,WR,Jerry Jeudy,00-0036407,,,Full Participation in Practice,Jerry Jeudy,
2024,13,CLE,CB,Greg Newsome,00-0036996,,,Limited Participation in Practice,Greg Newsome,
2024,13,CLE,DT,Sam Kamara,00-0036705,Out,Head,Did Not Participate In Practice,Sam Kamara,OUT
2024,13,CLE,S,Juan Thornhill,00-0035625,Out,Calf,Did Not Participate In Practice,Juan Thornhill,OUT
2024,13,CLE,WR,Cedric Tillman,00-0038979,Out,Concussion,Did Not Participate In Practice,Cedric Tillman,OUT
2024,13,CLE,T,Jedrick Wills,00-0036267,Out,Knee,Did Not Participate In Practice,Jedrick Wills,OUT
2024,13,CLE,CB,Myles Harden,00-0039417,Out,Tibia,Limited Participation in Practice,Myles Harden,OUT
2024,13,DAL,CB,Daron Bland,00-0037275,,,Full Participation in Practice,Daron Bland,
2024,13,DAL,WR,Brandin Cooks,00-0031236,,,Full Participation in Practice,Brandin Cooks,
2024,13,DAL,T,Chuma Edoga,00-0035698,,,Full Participation in Practice,Chuma Edoga,
2024,13,DAL,T,Tyler Guyton,00-0039341,,,Full Participation in Practice,Tyler Guyton,
2024,13,DAL,WR,CeeDee Lamb,00-0036358,,,Full Participation in Practice,CeeDee Lamb,
2024,13,DAL,CB,Jourdan Lewis,00-0033928,,,Full Participation in Practice,Jourdan Lewis,
2024,13,DAL,FB,Hunter Luepke,00-0038738,,,Full Participation in Practice,Hunter Luepke,
2024,13,DAL,QB,Cooper Rush,00-0033662,,,Full Participation in Practice,Cooper Rush,
2024,13,DAL,G,Tyler Smith,00-0037243,,,Full Participation in Practice,Tyler Smith,
2024,13,DAL,CB,Caelen Carson,00-0039387,Out,Shoulder,Did Not Participate In Practice,Caelen Carson,OUT
2024,13,DAL,TE,Jake Ferguson,00-0038041,Out,Concussion,Did Not Participate In Practice,Jake Ferguson,OUT
2024,13,DAL,G,Zack Martin,00-0031402,Out,Ankle,Did Not Participate In Practice,Zack Martin,OUT
2024,13,DAL,T,Asim Richards,00-0038601,Out,Ankle,Did Not Participate In Practice,Asim Richards,OUT
2024,13,DAL,DE,Marshawn Kneeland,00-0039900,Doubtful,Knee,Did Not Participate In Practice,Marshawn Kneeland,DOUBTFUL
2024,13,DAL,LB,Eric Kendricks,00-0031554,Questionable,Groin,Did Not Participate In Practice,Eric Kendricks,QUESTIONABLE
2024,13,DAL,CB,Trevon Diggs,00-0036361,Questionable,Groin,Limited Participation in Practice,Trevon Diggs,QUESTIONABLE
2024,13,DAL,LB,Nick Vigil,00-0032892,Questionable,Foot,Limited Participation in Practice,Nick Vigil,QUESTIONABLE
2024,13,DEN,DE,Zach Allen,00-0035248,,,Full Participation in Practice,Zach Allen,
2024,13,DEN,DE,John Franklin-Myers,00-0034805,,,Full Participation in Practice,John Franklin-Myers,
2024,13,DEN,S,Brandon Jones,00-0036221,,,Full Participation in Practice,Brandon Jones,
2024,13,DEN,S,P.J. Locke,00-0035227,,,Full Participation in Practice,P.J. Locke,
2024,13,DEN,QB,Bo Nix,00-0039732,,,Full Participation in Practice,Bo Nix,
2024,13,DEN,CB,Riley Moss,00-0038552,Out,Knee,Did Not Participate In Practice,Riley Moss,OUT
2024,13,DEN,WR,Josh Reynolds,00-0033943,Questionable,Hand,Full Participation in Practice,Josh Reynolds,QUESTIONABLE
2024,13,DET,CB,Terrion Arnold,00-0039903,,,Full Participation in Practice,Terrion Arnold,
2024,13,DET,DT,D.J. Reader,00-0032424,,,Full Participation in Practice,D.J. Reader,
2024,13,DET,CB,Carlton Davis,00-0034778,Out,Knee,Did Not Participate In Practice,Carlton Davis,OUT
2024,13,DET,T,Taylor Decker,00-0032381,Out,Knee,Did Not Participate In Practice,Taylor Decker,OUT
2024,13,DET,WR,Kalif Raymond,00-0032464,Out,Foot,Did Not Participate In Practice,Kalif Raymond,OUT
2024,13,DET,RB,David Montgomery,00-0035685,Questionable,Shoulder,Full Participation in Practice,David Montgomery,QUESTIONABLE
2024,13,DET,WR,Amon-Ra St. Brown,00-0036963,Questionable,Knee,Full Participation in Practice,Amon-Ra St. Brown,QUESTIONABLE
2024,13,GB,DT,Kenny Clark,00-0033120,,,Full Participation in Practice,Kenny Clark,
2024,13,GB,RB,Josh Jacobs,00-0035700,,,Full Participation in Practice,Josh Jacobs,
2024,13,GB,G,Elgton Jenkins,00-0035526,,,Full Participation in Practice,Elgton Jenkins,
2024,13,GB,S,Xavier McKinney,00-0036388,,,Full Participation in Practice,Xavier McKinney,
2024,13,GB,T,Rasheed Walker,00-0037196,,,Full Participation in Practice,Rasheed Walker,
2024,13,GB,CB,Jaire Alexander,00-0034728,Out,Knee,Did Not Participate In Practice,Jaire Alexander,OUT
2024,13,GB,LB,Edgerrin Cooper,00-0039850,Out,Hamstring,Did Not Participate In Practice,Edgerrin Cooper,OUT
2024,13,GB,WR,Romeo Doubs,00-0037816,Out,Concussion,Did Not Participate In Practice,Romeo Doubs,OUT
2024,13,GB,C,Josh Myers,00-0036622,Questionable,Pectoral,Full Participation in Practice,Josh Myers,QUESTIONABLE
2024,13,GB,TE,John FitzPatrick,00-0037306,Questionable,Back,Limited Participation in Practice,John FitzPatrick,QUESTIONABLE
2024,13,GB,LB,Isaiah McDuffie,00-0036658,Questionable,Ankle,Limited Participation in Practice,Isaiah McDuffie,QUESTIONABLE
2024,13,HOU,LB,Azeez Al-Shaair,00-0035166,,,Full Participation in Practice,Azeez Al-Shaair,
2024,13,HOU,DE,Will Anderson,00-0039108,,,Full Participation in Practice,Will Anderson,
2024,13,HOU,DE,Denico Autry,00-0031254,,,Full Participation in Practice,Denico Autry,
2024,13,HOU,T,Blake Fisher,00-0039857,,,Full Participation in Practice,Blake Fisher,
2024,13,HOU,S,Jimmie Ward,00-0031298,,,Full Participation in Practice,Jimmie Ward,
2024,13,HOU,WR,Nico Collins,00-0036554,,,Limited Participation in Practice,Nico Collins,
2024,13,HOU,G,Shaquille Mason,00-0031580,,,Limited Participation in Practice,Shaquille Mason,
2024,13,HOU,TE,Teagan Quitoriano,00-0037277,,,Limited Participation in Practice,Teagan Quitoriano,
2024,13,HOU,T,Laremy Tunsil,00-0032380,,,Limited Participation in Practice,Laremy Tunsil,
2024,13,HOU,DT,Folorunso Fatukasi,00-0034275,Out,Foot,Did Not Participate In Practice,Folorunso Fatukasi,OUT
2024,13,HOU,S,Jalen Pitre,00-0037246,Out,Shoulder,Did Not Participate In Practice,Jalen Pitre,OUT
2024,13,HOU,WR,Xavier Hutchinson,00-0038618,Questionable,Shoulder,Limited Participation in Practice,Xavier Hutchinson,QUESTIONABLE
2024,13,IND,DT,DeForest Buckner,00-0032378,,,Did Not Participate In Practice,DeForest Buckner,
2024,13,IND,LB,Zaire Franklin,00-0034431,,,Did Not Participate In Practice,Zaire Franklin,
2024,13,IND,DT,Grover Stewart,00-0033952,,,Did Not Participate In Practice,Grover Stewart,
2024,13,IND,TE,Mo Alie-Cox,00-0033217,,,Full Participation in Practice,Mo Alie-Cox,
2024,13,IND,WR,Michael Pittman,00-0036252,,,Full Participation in Practice,Michael Pittman,
2024,13,IND,T,Bernhard Raimann,00-0037757,,,Full Participation in Practice,Bernhard Raimann,
2024,13,IND,G,Dalton Tucker,00-0039578,,,Full Participation in Practice,Dalton Tucker,
2024,13,IND,C,Tanor Bortolini,00-0039744,Out,Concussion,Did Not Participate In Practice,Tanor Bortolini,OUT
2024,13,IND,WR,Josh Downs,00-0038997,Out,Shoulder,Did Not Participate In Practice,Josh Downs,OUT
2024,13,IND,WR,Ashton Dulin,00-0035021,Out,Ankle,Did Not Participate In Practice,Ashton Dulin,OUT
2024,13,IND,T,Braden Smith,00-0034836,Out,Not injury related - personal matter,Did Not Participate In Practice,Braden Smith,OUT
2024,13,IND,WR,Alec Pierce,00-0037664,Questionable,Foot,Full Participation in Practice,Alec Pierce,QUESTIONABLE
2024,13,JAX,RB,Tank Bigsby,00-0038555,,,Full Participation in Practice,Tank Bigsby,
2024,13,JAX,G,Brandon Scherff,00-0032053,,,Full Participation in Practice,Brandon Scherff,
2024,13,JAX,CB,Tyson Campbell,00-0036974,,,Limited Participation in Practice,Tyson Campbell,
2024,13,JAX,LB,Yasir Abdullah,00-0038580,Out,Hamstring,Did Not Participate In Practice,Yasir Abdullah,OUT
2024,13,JAX,QB,Trevor Lawrence,00-0036971,Questionable,Left Shoulder,Limited Participation in Practice,Trevor Lawrence,QUESTIONABLE
2024,13,KC,LB,Leo Chenal,00-0037819,,,Full Participation in Practice,Leo Chenal,
2024,13,KC,S,Chamarri Conner,00-0038982,,,Full Participation in Practice,Chamarri Conner,
2024,13,KC,RB,Kareem Hunt,00-0033923,,,Full Participation in Practice,Kareem Hunt,
2024,13,KC,DE,Charles Omenihu,00-0035279,,,Full Participation in Practice,Charles Omenihu,
2024,13,KC,RB,Isiah Pacheco,00-0037197,,,Full Participation in Practice,Isiah Pacheco,
2024,13,KC,CB,Christian Roland-Wallace,00-0039324,,,Full Participation in Practice,Christian Roland-Wallace,
2024,13,KC,WR,JuJu Smith-Schuster,00-0033857,,,Full Participation in Practice,JuJu Smith-Schuster,
2024,13,KC,T,Jawaan Taylor,00-0035237,,,Full Participation in Practice,Jawaan Taylor,
2024,13,KC,K,Spencer Shrader,00-0039576,Out,Right Hamstring,Did Not Participate In Practice,Spencer Shrader,OUT
2024,13,KC,LB,Cam Jones,00-0038513,Questionable,Illness,Full Participation in Practice,Cam Jones,QUESTIONABLE
2024,13,LA,T,Rob Havenstein,00-0032242,,,Full Participation in Practice,Rob Havenstein,
2024,13,LA,CB,Charles Woods,00-0039770,,,Full Participation in Practice,Charles Woods,
2024,13,LA,TE,Tyler Higbee,00-0033110,Out,Knee,Full Participation in Practice,Tyler Higbee,OUT
2024,13,LA,T,K.T. Leveston,00-0039755,Out,Ankle,Full Participation in Practice,K.T. Leveston,OUT
2024,13,LA,T,Alaric Jackson,00-0036603,Questionable,Foot,Did Not Participate In Practice,Alaric Jackson,QUESTIONABLE
2024,13,LA,LB,Nick Hampton,00-0039076,Questionable,Triceps,Limited Participation in Practice,Nick Hampton,QUESTIONABLE
2024,13,LAC,TE,Will Dissly,00-0034159,,,Full Participation in Practice,Will Dissly,
2024,13,LAC,DE,Khalil Mack,00-0031040,,,Full Participation in Practice,Khalil Mack,
2024,13,LAC,RB,J.K. Dobbins,00-0036158,Out,Knee,Did Not Participate In Practice,J.K. Dobbins,OUT
2024,13,LAC,S,Alohi Gilman,00-0036380,Out,Hamstring,Did Not Participate In Practice,Alohi Gilman,OUT
2024,13,LAC,CB,Cam Hart,00-0039369,Out,Ankle,Did Not Participate In Practice,Cam Hart,OUT
2024,13,LAC,LB,Denzel Perryman,00-0032103,Out,Groin,Did Not Participate In Practice,Denzel Perryman,OUT
2024,13,LAC,LB,Daiyan Henley,00-0038553,Questionable,Calf,Did Not Participate In Practice,Daiyan Henley,QUESTIONABLE
2024,13,LV,CB,Jakorian Bennett,00-0039072,,,Did Not Participate In Practice,Jakorian Bennett,
2024,13,LV,QB,Gardner Minshew,00-0035289,,,Did Not Participate In Practice,Gardner Minshew,
2024,13,LV,TE,Harrison Bryant,00-0036232,,,Full Participation in Practice,Harrison Bryant,
2024,13,LV,C,Andre James,00-0035127,,,Full Participation in Practice,Andre James,
2024,13,LV,G,Jordan Meredith,00-0036604,,,Full Participation in Practice,Jordan Meredith,
2024,13,LV,QB,Aidan O'Connell,00-0038579,,,Full Participation in Practice,Aidan O'Connell,
2024,13,LV,G,Cody Whitehair,00-0032768,,,Full Participation in Practice,Cody Whitehair,
2024,13,LV,WR,Tre Tucker,00-0038563,,,Limited Participation in Practice,Tre Tucker,
2024,13,LV,CB,Nate Hobbs,00-0036871,Out,Ankle,Did Not Participate In Practice,Nate Hobbs,OUT
2024,13,LV,RB,Zamir White,00-0038040,Out,Quadricep,Did Not Participate In Practice,Zamir White,OUT
2024,13,LV,RB,Alexander Mattison,00-0034972,Questionable,Ankle,Limited Participation in Practice,Alexander Mattison,QUESTIONABLE
2024,13,MIA,DE,Calais Campbell,00-0026190,,,Full Participation in Practice,Calais Campbell,
2024,13,MIA,WR,Tyreek Hill,00-0033040,,,Full Participation in Practice,Tyreek Hill,
2024,13,MIA,TE,Julian Hill,00-0038720,,,Full Participation in Practice,Julian Hill,
2024,13,MIA,S,Jevon Holland,00-0036998,,,Full Participation in Practice,Jevon Holland,
2024,13,MIA,FB,Alec Ingold,00-0035125,,,Full Participation in Practice,Alec Ingold,
2024,13,MIA,DT,Benito Jones,00-0035841,,,Full Participation in Practice,Benito Jones,
2024,13,MIA,G,Robert Jones,00-0036596,,,Full Participation in Practice,Robert Jones,
2024,13,MIA,S,Patrick McMorris,00-0039881,,,Full Participation in Practice,Patrick McMorris,
2024,13,MIA,S,Jordan Poyer,00-0030114,,,Full Participation in Practice,Jordan Poyer,
2024,13,MIA,CB,Jalen Ramsey,00-0033055,,,Full Participation in Practice,Jalen Ramsey,
2024,13,MIA,G,Isaiah Wynn,00-0034833,,,Full Participation in Practice,Isaiah Wynn,
2024,13,MIA,LB,Tyus Bowser,00-0033283,Out,Knee,Did Not Participate In Practice,Tyus Bowser,OUT
2024,13,MIA,CB,Kendall Fuller,00-0033084,Out,Concussion,Did Not Participate In Practice,Kendall Fuller,OUT
2024,13,MIA,LB,Anthony Walker,00-0033570,Out,Hamstring,Did Not Participate In Practice,Anthony Walker,OUT
2024,13,MIA,T,Terron Armstead,00-0030067,Questionable,Knee,Limited Participation in Practice,Terron Armstead,QUESTIONABLE
2024,13,MIN,CB,Stephon Gilmore,00-0029542,,,Did Not Participate In Practice,Stephon Gilmore,
2024,13,MIN,S,Harrison Smith,00-0029606,,,Did Not Participate In Practice,Harrison Smith,
2024,13,MIN,DT,Jonathan Bullard,00-0033093,,,Full Participation in Practice,Jonathan Bullard,
2024,13,MIN,LB,Kamu Grugier-Hill,00-0032437,,,Full Participation in Practice,Kamu Grugier-Hill,
2024,13,MIN,DE,Patrick Jones,00-0037007,,,Full Participation in Practice,Patrick Jones,
2024,13,MIN,DT,Harrison Phillips,00-0034782,,,Full Participation in Practice,Harrison Phillips,
2024,13,MIN,WR,Brandon Powell,00-0034646,,,Full Participation in Practice,Brandon Powell,
2024,13,MIN,DE,Andrew Van Ginkel,00-0035272,,,Full Participation in Practice,Andrew Van Ginkel,
2024,13,MIN,TE,Josh Oliver,00-0035249,Out,Ankle,Did Not Participate In Practice,Josh Oliver,OUT
2024,13,MIN,S,Jay Ward,00-0038578,Out,Elbow,Did Not Participate In Practice,Jay Ward,OUT
2024,13,MIN,T,Cam Robinson,00-0033889,Questionable,Foot,Full Participation in Practice,Cam Robinson,QUESTIONABLE
2024,13,NE,DT,Daniel Ekuale,00-0034251,,,Full Participation in Practice,Daniel Ekuale,
2024,13,NE,CB,Christian Gonzalez,00-0039147,,,Full Participation in Practice,Christian Gonzalez,
2024,13,NE,LB,Marte Mapu,00-0039054,,,Full Participation in Practice,Marte Mapu,
2024,13,NE,DE,Keion White,00-0039148,,,Full Participation in Practice,Keion White,
2024,13,NE,DT,Christian Barmore,00-0036981,,,Limited Participation in Practice,Christian Barmore,
2024,13,NE,G,Cole Strange,00-0038103,Out,Knee,Limited Participation in Practice,Cole Strange,OUT
2024,13,NE,WR,Demario Douglas,00-0038621,Questionable,Ankle,Limited Participation in Practice,Demario Douglas,QUESTIONABLE
2024,13,NE,S,Kyle Dugger,00-0036231,Questionable,Ankle,Limited Participation in Practice,Kyle Dugger,QUESTIONABLE
2024,13,NE,LB,Christian Elliss,00-0036813,Questionable,Knee,Limited Participation in Practice,Christian Elliss,QUESTIONABLE
2024,13,NE,LB,Anfernee Jennings,00-0036193,Questionable,Knee,Limited Participation in Practice,Anfernee Jennings,QUESTIONABLE
2024,13,NE,T,Vederian Lowe,00-0037287,Questionable,Shoulder,Limited Participation in Practice,Vederian Lowe,QUESTIONABLE
2024,13,NE,S,Jabrill Peppers,00-0033883,Questionable,Knee,Limited Participation in Practice,Jabrill Peppers,QUESTIONABLE
2024,13,NE,DT,Jaquelin Roy,00-0038584,Questionable,Neck,Limited Participation in Practice,Jaquelin Roy,QUESTIONABLE
2024,13,NE,LB,Sione Takitaki,00-0035646,Questionable,Knee,Limited Participation in Practice,Sione Takitaki,QUESTIONABLE
2024,13,NE,DE,Deatrich Wise,00-0033947,Questionable,Foot,Limited Participation in Practice,Deatrich Wise,QUESTIONABLE
2024,13,NO,LB,Pete Werner,00-0036927,,,Full Participation in Practice,Pete Werner,
2024,13,NO,TE,Foster Moreau,00-0034981,,,Limited Participation in Practice,Foster Moreau,
2024,13,NO,G,Lucas Patrick,00-0033082,Out,Calf,Did Not Participate In Practice,Lucas Patrick,OUT
2024,13,NO,C,Erik McCoy,00-0035242,Questionable,Groin,Did Not Participate In Practice,Erik McCoy,QUESTIONABLE
2024,13,NO,DE,Tanoh Kpassagnon,00-0033902,Questionable,Achilles,Full Participation in Practice,Tanoh Kpassagnon,QUESTIONABLE
2024,13,NO,RB,Jamaal Williams,00-0033948,Questionable,Groin,Full Participation in Practice,Jamaal Williams,QUESTIONABLE
2024,13,NYG,DE,Azeez Ojulari,00-0036552,,,Did Not Participate In Practice,Azeez Ojulari,
2024,13,NYG,DT,Dexter Lawrence,00-0035683,,,Full Participation in Practice,Dexter Lawrence,
2024,13,NYG,DT,D.J. Davidson,00-0037260,,,Limited Participation in Practice,D.J. Davidson,
2024,13,NYG,TE,Theo Johnson,00-0039847,,,Limited Participation in Practice,Theo Johnson,
2024,13,NYG,LB,Micah McFadden,00-0037259,,,Limited Participation in Practice,Micah McFadden,
2024,13,NYG,T,Evan Neal,00-0037612,,,Limited Participation in Practice,Evan Neal,
2024,13,NYG,S,Tyler Nubin,00-0039861,,,Limited Participation in Practice,Tyler Nubin,
2024,13,NYG,T,Jermaine Eluemunor,00-0033290,Out,Quadricep,Did Not Participate In Practice,Jermaine Eluemunor,OUT
2024,13,NYG,DT,Armon Watts,00-0034992,Out,Shoulder,Did Not Participate In Practice,Armon Watts,OUT
2024,13,NYG,QB,Tommy DeVito,00-0038476,Questionable,Right Forearm,Did Not Participate In Practice,Tommy DeVito,QUESTIONABLE
2024,13,NYG,CB,Deonte Banks,00-0039000,Questionable,Rib,Limited Participation in Practice,Deonte Banks,QUESTIONABLE
2024,13,NYJ,WR,Malachi Corley,00-0039920,,,Full Participation in Practice,Malachi Corley,
2024,13,NYJ,T,Morgan Moses,00-0031330,,,Full Participation in Practice,Morgan Moses,
2024,13,NYJ,CB,D.J. Reed,00-0034384,,,Full Participation in Practice,D.J. Reed,
2024,13,NYJ,CB,Qwan'tez Stiggers,00-0039789,,,Full Participation in Practice,Qwan'tez Stiggers,
2024,13,NYJ,G,Alijah Vera-Tucker,00-0036979,,,Full Participation in Practice,Alijah Vera-Tucker,
2024,13,NYJ,T,Tyron Smith,00-0027947,Out,Neck,Did Not Participate In Practice,Tyron Smith,OUT
2024,13,NYJ,RB,Breece Hall,00-0038120,Questionable,Knee,Full Participation in Practice,Breece Hall,QUESTIONABLE
2024,13,NYJ,G,Xavier Newman-Johnson,00-0037601,Questionable,Concussion,Full Participation in Practice,Xavier Newman-Johnson,QUESTIONABLE
2024,13,NYJ,S,Chuck Clark,00-0033294,Questionable,Shin,Limited Participation in Practice,Chuck Clark,QUESTIONABLE
2024,13,NYJ,G,Jake Hanson,00-0036273,Questionable,Hamstring,Limited Participation in Practice,Jake Hanson,QUESTIONABLE
2024,13,NYJ,LB,C.J. Mosley,00-0031296,Questionable,Neck,Limited Participation in Practice,C.J. Mosley,QUESTIONABLE
2024,13,PHI,RB,Saquon Barkley,00-0034844,,,Full Participation in Practice,Saquon Barkley,
2024,13,PHI,T,Mekhi Becton,00-0036284,,,Full Participation in Practice,Mekhi Becton,
2024,13,PHI,G,Landon Dickerson,00-0037002,,,Full Participation in Practice,Landon Dickerson,
2024,13,PHI,T,Lane Johnson,00-0030561,,,Full Participation in Practice,Lane Johnson,
2024,13,PHI,G,Cam Jurgens,00-0038112,,,Full Participation in Practice,Cam Jurgens,
2024,13,PHI,T,Jordan Mailata,00-0034429,,,Full Participation in Practice,Jordan Mailata,
2024,13,PHI,CB,Kelee Ringo,00-0039140,,,Full Participation in Practice,Kelee Ringo,
2024,13,PHI,LB,Josh Sweat,00-0034381,,,Full Participation in Practice,Josh Sweat,
2024,13,PHI,DT,Moro Ojomo,00-0038412,,,Limited Participation in Practice,Moro Ojomo,
2024,13,PHI,CB,Darius Slay,00-0030062,Out,Concussion,Did Not Participate In Practice,Darius Slay,OUT
2024,13,PHI,LB,Ben VanSumeren,00-0038489,Out,Knee,Limited Participation in Practice,Ben VanSumeren,OUT
2024,13,PHI,WR,Johnny Wilson,00-0039236,Questionable,Hamstring,Did Not Participate In Practice,Johnny Wilson,QUESTIONABLE
2024,13,PHI,S,Sydney Brown,00-0039002,Questionable,Knee,Limited Participation in Practice,Sydney Brown,QUESTIONABLE
2024,13,PHI,WR,DeVonta Smith,00-0036912,Questionable,Hamstring,Limited Participation in Practice,DeVonta Smith,QUESTIONABLE
2024,13,PIT,DT,Keeanu Benton,00-0039110,,,Full Participation in Practice,Keeanu Benton,
2024,13,PIT,DT,Cameron Heyward,00-0027969,,,Full Participation in Practice,Cameron Heyward,
2024,13,PIT,S,Damontae Kazee,00-0033512,,,Full Participation in Practice,Damontae Kazee,
2024,13,PIT,DT,Larry Ogunjobi,00-0033905,,,Full Participation in Practice,Larry Ogunjobi,
2024,13,PIT,G,Isaac Seumalo,00-0032954,,,Full Participation in Practice,Isaac Seumalo,
2024,13,PIT,DT,Montravius Adams,00-0033929,Out,Knee,Limited Participation in Practice,Montravius Adams,OUT
2024,13,PIT,CB,Cory Trice,00-0038639,Out,Hamstring,Limited Participation in Practice,Cory Trice,OUT
2024,13,PIT,LB,Alex Highsmith,00-0036333,Doubtful,Ankle,Limited Participation in Practice,Alex Highsmith,DOUBTFUL
2024,13,SEA,TE,Pharaoh Brown,00-0033439,,,Full Participation in Practice,Pharaoh Brown,
2024,13,SEA,TE,Noah Fant,00-0035644,,,Full Participation in Practice,Noah Fant,
2024,13,SEA,DT,Johnathan Hankins,00-0030063,,,Full Participation in Practice,Johnathan Hankins,
2024,13,SEA,S,Rayshawn Jenkins,00-0033941,,,Full Participation in Practice,Rayshawn Jenkins,
2024,13,SEA,LB,Dre'Mont Jones,00-0035678,,,Full Participation in Practice,Dre'Mont Jones,
2024,13,SEA,LB,Ernest Jones,00-0036994,,,Full Participation in Practice,Ernest Jones,
2024,13,SEA,WR,Tyler Lockett,00-0032211,,,Full Participation in Practice,Tyler Lockett,
2024,13,SEA,T,Abraham Lucas,00-0037812,,,Full Participation in Practice,Abraham Lucas,
2024,13,SEA,WR,DK Metcalf,00-0035640,,,Full Participation in Practice,DK Metcalf,
2024,13,SEA,DT,Jarran Reed,00-0032387,,,Full Participation in Practice,Jarran Reed,
2024,13,SEA,WR,Laviska Shenault,00-0036268,,,Full Participation in Practice,Laviska Shenault,
2024,13,SEA,G,Laken Tomlinson,00-0032234,,,Full Participation in Practice,Laken Tomlinson,
2024,13,SEA,DT,Leonard Williams,00-0031933,,,Full Participation in Practice,Leonard Williams,
2024,13,SEA,T,Stone Forsythe,00-0036653,Out,Hand,Full Participation in Practice,Stone Forsythe,OUT
2024,13,SEA,LB,Uchenna Nwosu,00-0034350,Out,Thigh,Full Participation in Practice,Uchenna Nwosu,OUT
2024,13,SEA,S,A.J. Finley,00-0038866,Questionable,Ankle,Full Participation in Practice,A.J. Finley,QUESTIONABLE
2024,13,SEA,TE,Brady Russell,00-0038488,Questionable,Foot,Full Participation in Practice,Brady Russell,QUESTIONABLE
2024,13,SF,WR,Jacob Cowing,00-0039365,,,Full Participation in Practice,Jacob Cowing,
2024,13,SF,RB,Christian McCaffrey,00-0033280,,,Full Participation in Practice,Christian McCaffrey,
2024,13,SF,G,Dominick Puni,00-0039351,,,Full Participation in Practice,Dominick Puni,
2024,13,SF,CB,Charvarius Ward,00-0034573,,,Full Participation in Practice,Charvarius Ward,
2024,13,SF,G,Aaron Banks,00-0036551,Out,Concussion,Did Not Participate In Practice,Aaron Banks,OUT
2024,13,SF,DE,Nick Bosa,00-0035717,Out,Hip,Did Not Participate In Practice,Nick Bosa,OUT
2024,13,SF,DT,Jordan Elliott,00-0036266,Out,Concussion,Did Not Participate In Practice,Jordan Elliott,OUT
2024,13,SF,CB,Deommodore Lenoir,00-0036563,Out,Knee,Did Not Participate In Practice,Deommodore Lenoir,OUT
2024,13,SF,T,Trent Williams,00-0027857,Out,Ankle,Did Not Participate In Practice,Trent Williams,OUT
2024,13,SF,LB,Dre Greenlaw,00-0034982,Out,Achilles,Limited Participation in Practice,Dre Greenlaw,OUT
2024,13,SF,QB,Brock Purdy,00-0037834,Questionable,Right Shoulder,Full Participation in Practice,Brock Purdy,QUESTIONABLE
2024,13,SF,WR,Chris Conley,00-0032128,Questionable,Knee,Limited Participation in Practice,Chris Conley,QUESTIONABLE
2024,13,SF,LB,Demetrius Flannigan-Fowles,00-0035020,Questionable,Knee,Limited Participation in Practice,Demetrius Flannigan-Fowles,QUESTIONABLE
2024,13,SF,DT,Kevin Givens,00-0035026,Questionable,Groin,Limited Participation in Practice,Kevin Givens,QUESTIONABLE
2024,13,SF,CB,Renardo Green,00-0039345,Questionable,Neck,Limited Participation in Practice,Renardo Green,QUESTIONABLE
2024,13,TB,DE,William Gholston,00-0030386,,,Full Participation in Practice,William Gholston,
2024,13,TB,WR,Mike Evans,00-0031408,,,Limited Participation in Practice,Mike Evans,
2024,13,TB,S,Tykee Smith,00-0039846,Out,Knee,Did Not Participate In Practice,Tykee Smith,OUT
2024,13,TB,S,Jordan Whitehead,00-0034374,Out,Pectoral,Did Not Participate In Practice,Jordan Whitehead,OUT
2024,13,TB,LB,Markees Watts,00-0038958,Out,Knee,Full Participation in Practice,Markees Watts,OUT
2024,13,TB,LB,Joe Tryon,00-0036967,Doubtful,Ankle,Limited Participation in Practice,Joe Tryon,DOUBTFUL
2024,13,TB,LB,Anthony Nelson,00-0035254,Questionable,Not injury related - personal matter,Did Not Participate In Practice,Anthony Nelson,QUESTIONABLE
2024,13,TB,CB,Troy Hill,00-0031785,Questionable,Ankle,Limited Participation in Practice,Troy Hill,QUESTIONABLE
2024,13,TB,T,Tristan Wirfs,00-0036406,Questionable,Knee,Limited Participation in Practice,Tristan Wirfs,QUESTIONABLE
2024,13,TEN,CB,Jarvis Brownlee,00-0039372,,,Full Participation in Practice,Jarvis Brownlee,
2024,13,TEN,LB,Luke Gifford,00-0035413,,,Full Participation in Practice,Luke Gifford,
2024,13,TEN,CB,Justin Hardee,00-0033770,,,Full Participation in Practice,Justin Hardee,
2024,13,TEN,S,Amani Hooker,00-0035632,,,Full Participation in Practice,Amani Hooker,
2024,13,TEN,LB,Arden Key,00-0034825,,,Full Participation in Practice,Arden Key,
2024,13,TEN,LB,Harold Landry,00-0034828,,,Full Participation in Practice,Harold Landry,
2024,13,TEN,CB,Roger McCreary,00-0038125,,,Full Participation in Practice,Roger McCreary,
2024,13,TEN,WR,Calvin Ridley,00-0034837,,,Full Participation in Practice,Calvin Ridley,
2024,13,TEN,DT,Jeffery Simmons,00-0035643,,,Full Participation in Practice,Jeffery Simmons,
2024,13,TEN,T,Leroy Watson,00-0037591,Out,Back,Did Not Participate In Practice,Leroy Watson,OUT
2024,13,TEN,CB,Chidobe Awuzie,00-0033548,Out,Groin,Limited Participation in Practice,Chidobe Awuzie,OUT
2024,13,TEN,RB,Tyjae Spears,00-0039032,Questionable,Concussion,Full Participation in Practice,Tyjae Spears,QUESTIONABLE
2024,13,WAS,TE,Zach Ertz,00-0030061,,,Did Not Participate In Practice,Zach Ertz,
2024,13,WAS,G,Nick Allegretti,00-0035149,,,Full Participation in Practice,Nick Allegretti,
2024,13,WAS,WR,Noah Brown,00-0033591,,,Full Participation in Practice,Noah Brown,
2024,13,WAS,LB,Dante Fowler,00-0032052,,,Full Participation in Practice,Dante Fowler,
2024,13,WAS,CB,Noah Igbinoghene,00-0036287,,,Full Participation in Practice,Noah Igbinoghene,
2024,13,WAS,LB,Jordan Magee,00-0039368,,,Full Participation in Practice,Jordan Magee,
2024,13,WAS,RB,Brian Robinson,00-0037746,,,Full Participation in Practice,Brian Robinson,
2024,13,WAS,DE,Clelin Ferrell,00-0035692,,,Limited Participation in Practice,Clelin Ferrell,
2024,13,WAS,RB,Austin Ekeler,00-0033699,Out,Concussion,Did Not Participate In Practice,Austin Ekeler,OUT
2024,13,WAS,T,Andrew Wylie,00-0033831,Out,Concussion,Limited Participation in Practice,Andrew Wylie,OUT
2024,13,WAS,CB,Marshon Lattimore,00-0033874,Doubtful,Hamstring,Limited Participation in Practice,Marshon Lattimore,DOUBTFUL
2024,14,ARI,T,Kelvin Beachum,00-0029316,,,Full Participation in Practice,Kelvin Beachum,
2024,14,ARI,CB,Kei'Trel Clark,00-0038984,,,Full Participation in Practice,Kei'Trel Clark,
2024,14,ARI,DT,Darius Robinson,00-0039854,,,Limited Participation in Practice,Darius Robinson,
2024,14,ARI,CB,Elijah Jones,00-0039823,Out,Ankle,Limited Participation in Practice,Elijah Jones,OUT
2024,14,ARI,DT,Naquan Jones,00-0036695,Questionable,Elbow,Limited Participation in Practice,Naquan Jones,QUESTIONABLE
2024,14,ARI,DT,Dante Stills,00-0038623,Questionable,Back,Limited Participation in Practice,Dante Stills,QUESTIONABLE
2024,14,ATL,DT,Grady Jarrett,00-0031583,,,Did Not Participate In Practice,Grady Jarrett,
2024,14,ATL,DT,David Onyemata,00-0033051,,,Did Not Participate In Practice,David Onyemata,
2024,14,ATL,LB,Troy Andersen,00-0037810,,,Full Participation in Practice,Troy Andersen,
2024,14,ATL,DE,Zach Harrison,00-0038980,,,Full Participation in Practice,Zach Harrison,
2024,14,ATL,LB,Nate Landman,00-0037587,,,Full Participation in Practice,Nate Landman,
2024,14,ATL,LB,Matt Judon,00-0032415,,,Limited Participation in Practice,Matt Judon,
2024,14,ATL,CB,Kevin King,00-0033524,,,Limited Participation in Practice,Kevin King,
2024,14,ATL,G,Chris Lindstrom,00-0035630,,,Limited Participation in Practice,Chris Lindstrom,
2024,14,ATL,WR,Drake London,00-0037238,,,Limited Participation in Practice,Drake London,
2024,14,ATL,T,Jake Matthews,00-0031279,,,Limited Participation in Practice,Jake Matthews,
2024,14,ATL,T,Kaleb McGary,00-0035235,,,Limited Participation in Practice,Kaleb McGary,
2024,14,ATL,WR,Darnell Mooney,00-0036309,,,Limited Participation in Practice,Darnell Mooney,
2024,14,ATL,WR,Casey Washington,00-0039394,Out,Concussion,"
    ",Casey Washington,OUT
2024,14,ATL,RB,Jase McClellan,00-0039393,Out,Knee,Did Not Participate In Practice,Jase McClellan,OUT
2024,14,ATL,CB,Mike Hughes,00-0034843,Questionable,Neck,Full Participation in Practice,Mike Hughes,QUESTIONABLE
2024,14,ATL,DE,Ruke Orhorhoro,00-0039733,Questionable,Ankle,Full Participation in Practice,Ruke Orhorhoro,QUESTIONABLE
2024,14,BUF,T,Spencer Brown,00-0036976,,,Full Participation in Practice,Spencer Brown,
2024,14,BUF,WR,Amari Cooper,00-0031544,,,Full Participation in Practice,Amari Cooper,
2024,14,BUF,FB,Reggie Gilliam,00-0036187,,,Full Participation in Practice,Reggie Gilliam,
2024,14,BUF,LB,Matt Milano,00-0033571,,,Full Participation in Practice,Matt Milano,
2024,14,BUF,WR,Curtis Samuel,00-0033282,,,Full Participation in Practice,Curtis Samuel,
2024,14,BUF,DE,Casey Toohill,00-0036403,,,Full Participation in Practice,Casey Toohill,
2024,14,BUF,S,Taylor Rapp,00-0035663,,,Limited Participation in Practice,Taylor Rapp,
2024,14,BUF,DT,DeWayne Carter,00-0039873,Questionable,Wrist,Full Participation in Practice,DeWayne Carter,QUESTIONABLE
2024,14,BUF,T,Tylan Grable,00-0039882,Questionable,Groin,Full Participation in Practice,Tylan Grable,QUESTIONABLE
2024,14,BUF,TE,Quintin Morris,00-0036590,Questionable,Shoulder,Full Participation in Practice,Quintin Morris,QUESTIONABLE
2024,14,BUF,WR,Keon Coleman,00-0039901,Questionable,Wrist,Limited Participation in Practice,Keon Coleman,QUESTIONABLE
2024,14,BUF,TE,Dalton Kincaid,00-0038933,Questionable,Knee,Limited Participation in Practice,Dalton Kincaid,QUESTIONABLE
2024,14,CAR,T,Taylor Moton,00-0033284,,,Full Participation in Practice,Taylor Moton,
2024,14,CAR,WR,Jalen Coker,00-0039491,Doubtful,Quadricep,Did Not Participate In Practice,Jalen Coker,DOUBTFUL
2024,14,CAR,LB,Jadeveon Clowney,00-0031364,Questionable,Knee,Did Not Participate In Practice,Jadeveon Clowney,QUESTIONABLE
2024,14,CAR,S,Nick Scott,00-0035669,Questionable,Not injury related - personal matter,Did Not Participate In Practice,Nick Scott,QUESTIONABLE
2024,14,CAR,CB,Caleb Farley,00-0036615,Questionable,Shoulder,Full Participation in Practice,Caleb Farley,QUESTIONABLE
2024,14,CAR,G,Robert Hunt,00-0036325,Questionable,Back,Full Participation in Practice,Robert Hunt,QUESTIONABLE
2024,14,CAR,TE,Ja'Tavion Sanders,00-0039356,Questionable,Neck,Full Participation in Practice,Ja'Tavion Sanders,QUESTIONABLE
2024,14,CAR,LB,D.J. Wonnum,00-0036335,Questionable,Knee,Full Participation in Practice,D.J. Wonnum,QUESTIONABLE
2024,14,CAR,LB,Josey Jewell,00-0034368,Questionable,Hamstring,Limited Participation in Practice,Josey Jewell,QUESTIONABLE
2024,14,CHI,WR,Keenan Allen,00-0030279,,,Full Participation in Practice,Keenan Allen,
2024,14,CHI,S,Kevin Byard,00-0033132,,,Full Participation in Practice,Kevin Byard,
2024,14,CHI,TE,Marcedes Lewis,00-0024243,,,Full Participation in Practice,Marcedes Lewis,
2024,14,CHI,C,Coleman Shelton,00-0034114,,,Full Participation in Practice,Coleman Shelton,
2024,14,CHI,T,Darnell Wright,00-0038932,,,Full Participation in Practice,Darnell Wright,
2024,14,CHI,G,Ryan Bates,00-0035382,Out,Concussion,Did Not Participate In Practice,Ryan Bates,OUT
2024,14,CHI,S,Elijah Hicks,00-0037096,Out,Ankle,Did Not Participate In Practice,Elijah Hicks,OUT
2024,14,CHI,RB,Roschon Johnson,00-0039021,Out,Concussion,Did Not Participate In Practice,Roschon Johnson,OUT
2024,14,CHI,WR,D.J. Moore,00-0034827,Questionable,Quadricep,Limited Participation in Practice,D.J. Moore,QUESTIONABLE
2024,14,CHI,RB,D'Andre Swift,00-0036275,Questionable,Quadricep,Limited Participation in Practice,D'Andre Swift,QUESTIONABLE
2024,14,CIN,LB,Logan Wilson,00-0036294,,,Did Not Participate In Practice,Logan Wilson,
2024,14,CIN,QB,Joe Burrow,00-0036442,,,Full Participation in Practice,Joe Burrow,
2024,14,CIN,WR,Ja'Marr Chase,00-0036900,,,Full Participation in Practice,Ja'Marr Chase,
2024,14,CIN,G,Cody Ford,00-0035238,,,Full Participation in Practice,Cody Ford,
2024,14,CIN,T,Amarius Mims,00-0039925,,,Full Participation in Practice,Amarius Mims,
2024,14,CIN,CB,Josh Newton,00-0039375,,,Full Participation in Practice,Josh Newton,
2024,14,CIN,DE,Joseph Ossai,00-0036902,,,Full Participation in Practice,Joseph Ossai,
2024,14,CIN,TE,Drew Sample,00-0035631,,,Full Participation in Practice,Drew Sample,
2024,14,CIN,WR,Tee Higgins,00-0036410,,,Limited Participation in Practice,Tee Higgins,
2024,14,CIN,T,Orlando Brown,00-0034752,Out,Fibula,Did Not Participate In Practice,Orlando Brown,OUT
2024,14,CIN,DT,Sheldon Rankins,00-0032759,Out,Illness,Did Not Participate In Practice,Sheldon Rankins,OUT
2024,14,CIN,WR,Charlie Jones,00-0038576,Questionable,Groin,Limited Participation in Practice,Charlie Jones,QUESTIONABLE
2024,14,CLE,G,Joel Bitonio,00-0031426,,,Full Participation in Practice,Joel Bitonio,
2024,14,CLE,WR,Jerry Jeudy,00-0036407,,,Full Participation in Practice,Jerry Jeudy,
2024,14,CLE,WR,Elijah Moore,00-0036980,,,Full Participation in Practice,Elijah Moore,
2024,14,CLE,CB,Greg Newsome,00-0036996,,,Limited Participation in Practice,Greg Newsome,
2024,14,CLE,DT,Maurice Hurst,00-0034746,Out,Ankle,Did Not Participate In Practice,Maurice Hurst,OUT
2024,14,CLE,DT,Sam Kamara,00-0036705,Out,Concussion,Did Not Participate In Practice,Sam Kamara,OUT
2024,14,CLE,WR,Cedric Tillman,00-0038979,Out,Concussion,Did Not Participate In Practice,Cedric Tillman,OUT
2024,14,CLE,T,Jedrick Wills,00-0036267,Out,Knee,Did Not Participate In Practice,Jedrick Wills,OUT
2024,14,CLE,CB,Myles Harden,00-0039417,Questionable,Tibia,Limited Participation in Practice,Myles Harden,QUESTIONABLE
2024,14,CLE,S,Juan Thornhill,00-0035625,Questionable,Calf,Limited Participation in Practice,Juan Thornhill,QUESTIONABLE
2024,14,CLE,WR,Jamari Thrash,00-0039379,Questionable,Shoulder,Limited Participation in Practice,Jamari Thrash,QUESTIONABLE
2024,14,DAL,CB,Daron Bland,00-0037275,,,Full Participation in Practice,Daron Bland,
2024,14,DAL,WR,Brandin Cooks,00-0031236,,,Full Participation in Practice,Brandin Cooks,
2024,14,DAL,TE,Jake Ferguson,00-0038041,,,Full Participation in Practice,Jake Ferguson,
2024,14,DAL,S,Malik Hooker,00-0033877,,,Full Participation in Practice,Malik Hooker,
2024,14,DAL,LB,Eric Kendricks,00-0031554,,,Full Participation in Practice,Eric Kendricks,
2024,14,DAL,DE,Marshawn Kneeland,00-0039900,,,Full Participation in Practice,Marshawn Kneeland,
2024,14,DAL,CB,Jourdan Lewis,00-0033928,,,Full Participation in Practice,Jourdan Lewis,
2024,14,DAL,DT,Osa Odighizuwa,00-0036942,,,Full Participation in Practice,Osa Odighizuwa,
2024,14,DAL,LB,DeMarvion Overshown,00-0038556,,,Full Participation in Practice,DeMarvion Overshown,
2024,14,DAL,QB,Cooper Rush,00-0033662,,,Full Participation in Practice,Cooper Rush,
2024,14,DAL,G,Tyler Smith,00-0037243,,,Full Participation in Practice,Tyler Smith,
2024,14,DAL,WR,CeeDee Lamb,00-0036358,,,Limited Participation in Practice,CeeDee Lamb,
2024,14,DAL,G,Zack Martin,00-0031402,Out,Ankle,Did Not Participate In Practice,Zack Martin,OUT
2024,14,DAL,S,Juanyeh Thomas,00-0037578,Out,Knee,Did Not Participate In Practice,Juanyeh Thomas,OUT
2024,14,DAL,T,Tyler Guyton,00-0039341,Questionable,Ankle,Did Not Participate In Practice,Tyler Guyton,QUESTIONABLE
2024,14,DAL,LB,Nick Vigil,00-0032892,Questionable,Foot,Did Not Participate In Practice,Nick Vigil,QUESTIONABLE
2024,14,DAL,CB,Trevon Diggs,00-0036361,Questionable,Knee,Limited Participation in Practice,Trevon Diggs,QUESTIONABLE
2024,14,DET,CB,Carlton Davis,00-0034778,,,Full Participation in Practice,Carlton Davis,
2024,14,DET,CB,Emmanuel Moseley,00-0034096,,,Full Participation in Practice,Emmanuel Moseley,
2024,14,DET,T,Taylor Decker,00-0032381,Out,Knee,Did Not Participate In Practice,Taylor Decker,OUT
2024,14,DET,DE,Levi Onwuzurike,00-0036954,Out,Hamstring,Did Not Participate In Practice,Levi Onwuzurike,OUT
2024,14,DET,DE,Josh Paschal,00-0038096,Out,Knee,Did Not Participate In Practice,Josh Paschal,OUT
2024,14,DET,DT,D.J. Reader,00-0032424,Out,Shoulder,Did Not Participate In Practice,D.J. Reader,OUT
2024,14,GB,DT,Kenny Clark,00-0033120,,,Full Participation in Practice,Kenny Clark,
2024,14,GB,TE,John FitzPatrick,00-0037306,,,Full Participation in Practice,John FitzPatrick,
2024,14,GB,LB,Isaiah McDuffie,00-0036658,,,Full Participation in Practice,Isaiah McDuffie,
2024,14,GB,DE,Arron Mosby,00-0037364,,,Full Participation in Practice,Arron Mosby,
2024,14,GB,C,Josh Myers,00-0036622,,,Full Participation in Practice,Josh Myers,
2024,14,GB,T,Rasheed Walker,00-0037196,,,Full Participation in Practice,Rasheed Walker,
2024,14,GB,RB,Josh Jacobs,00-0035700,,,Limited Participation in Practice,Josh Jacobs,
2024,14,GB,G,Elgton Jenkins,00-0035526,,,Limited Participation in Practice,Elgton Jenkins,
2024,14,GB,DT,Colby Wooden,00-0038387,,,Limited Participation in Practice,Colby Wooden,
2024,14,GB,CB,Jaire Alexander,00-0034728,Out,Knee,Did Not Participate In Practice,Jaire Alexander,OUT
2024,14,GB,CB,Corey Ballentine,00-0035633,Out,Knee,Did Not Participate In Practice,Corey Ballentine,OUT
2024,14,GB,LB,Edgerrin Cooper,00-0039850,Out,Hamstring,Did Not Participate In Practice,Edgerrin Cooper,OUT
2024,14,GB,WR,Romeo Doubs,00-0037816,Out,Concussion,Limited Participation in Practice,Romeo Doubs,OUT
2024,14,JAX,G,Brandon Scherff,00-0032053,,,Limited Participation in Practice,Brandon Scherff,
2024,14,JAX,WR,Parker Washington,00-0038606,,,Limited Participation in Practice,Parker Washington,
2024,14,JAX,P,Logan Cooke,00-0034437,Questionable,Left Knee,Did Not Participate In Practice,Logan Cooke,QUESTIONABLE
2024,14,JAX,LB,Yasir Abdullah,00-0038580,Questionable,Hamstring,Limited Participation in Practice,Yasir Abdullah,QUESTIONABLE
2024,14,JAX,CB,Tyson Campbell,00-0036974,Questionable,Thigh,Limited Participation in Practice,Tyson Campbell,QUESTIONABLE
2024,14,JAX,LS,Ross Matiscik,00-0035827,Questionable,Hamstring,Limited Participation in Practice,Ross Matiscik,QUESTIONABLE
2024,14,KC,TE,Noah Gray,00-0036637,,,Full Participation in Practice,Noah Gray,
2024,14,KC,DE,Charles Omenihu,00-0035279,,,Full Participation in Practice,Charles Omenihu,
2024,14,KC,T,Jawaan Taylor,00-0035237,,,Full Participation in Practice,Jawaan Taylor,
2024,14,KC,WR,Mecole Hardman,00-0035140,Questionable,Knee,Did Not Participate In Practice,Mecole Hardman,QUESTIONABLE
2024,14,LA,T,Rob Havenstein,00-0032242,,,Did Not Participate In Practice,Rob Havenstein,
2024,14,LA,DE,Tyler Davis,00-0039749,,,Full Participation in Practice,Tyler Davis,
2024,14,LA,WR,Cooper Kupp,00-0033908,,,Full Participation in Practice,Cooper Kupp,
2024,14,LA,WR,Demarcus Robinson,00-0032775,,,Full Participation in Practice,Demarcus Robinson,
2024,14,LA,QB,Matthew Stafford,00-0026498,,,Full Participation in Practice,Matthew Stafford,
2024,14,LA,TE,Tyler Higbee,00-0033110,Out,Knee,Full Participation in Practice,Tyler Higbee,OUT
2024,14,LA,T,K.T. Leveston,00-0039755,Out,Ankle,Full Participation in Practice,K.T. Leveston,OUT
2024,14,LA,T,Alaric Jackson,00-0036603,Questionable,Foot,Limited Participation in Practice,Alaric Jackson,QUESTIONABLE
2024,14,LA,LB,Jared Verse,00-0039852,Questionable,Ankle,Limited Participation in Practice,Jared Verse,QUESTIONABLE
2024,14,LAC,DE,Bud Dupree,00-0032146,,,Full Participation in Practice,Bud Dupree,
2024,14,LAC,CB,Cam Hart,00-0039369,,,Full Participation in Practice,Cam Hart,
2024,14,LAC,LB,Daiyan Henley,00-0038553,,,Full Participation in Practice,Daiyan Henley,
2024,14,LAC,DE,Khalil Mack,00-0031040,,,Full Participation in Practice,Khalil Mack,
2024,14,LAC,CB,Elijah Molden,00-0036992,,,Full Participation in Practice,Elijah Molden,
2024,14,LAC,LB,Denzel Perryman,00-0032103,Doubtful,Groin,Limited Participation in Practice,Denzel Perryman,DOUBTFUL
2024,14,LAC,S,Tony Jefferson,00-0030294,Questionable,Hamstring,Did Not Participate In Practice,Tony Jefferson,QUESTIONABLE
2024,14,LAC,LB,Junior Colson,00-0039346,Questionable,Ankle,Full Participation in Practice,Junior Colson,QUESTIONABLE
2024,14,LAC,WR,Ladd McConkey,00-0039915,Questionable,Knee,Limited Participation in Practice,Ladd McConkey,QUESTIONABLE
2024,14,LV,RB,Ameer Abdullah,00-0032104,,,Full Participation in Practice,Ameer Abdullah,
2024,14,LV,G,Jordan Meredith,00-0036604,,,Full Participation in Practice,Jordan Meredith,
2024,14,LV,QB,Aidan O'Connell,00-0038579,,,Full Participation in Practice,Aidan O'Connell,
2024,14,LV,CB,Nate Hobbs,00-0036871,Out,Ankle,Did Not Participate In Practice,Nate Hobbs,OUT
2024,14,LV,RB,Zamir White,00-0038040,Out,Quadricep,Did Not Participate In Practice,Zamir White,OUT
2024,14,LV,TE,Justin Shorter,00-0038590,Doubtful,Back,Did Not Participate In Practice,Justin Shorter,DOUBTFUL
2024,14,LV,RB,Alexander Mattison,00-0034972,Questionable,Ankle,Limited Participation in Practice,Alexander Mattison,QUESTIONABLE
2024,14,LV,WR,Jakobi Meyers,00-0034960,Questionable,Ankle,Limited Participation in Practice,Jakobi Meyers,QUESTIONABLE
2024,14,MIA,DE,Calais Campbell,00-0026190,,,Did Not Participate In Practice,Calais Campbell,
2024,14,MIA,CB,Kendall Fuller,00-0033084,,,Full Participation in Practice,Kendall Fuller,
2024,14,MIA,WR,Tyreek Hill,00-0033040,,,Full Participation in Practice,Tyreek Hill,
2024,14,MIA,FB,Alec Ingold,00-0035125,,,Full Participation in Practice,Alec Ingold,
2024,14,MIA,DT,Benito Jones,00-0035841,,,Full Participation in Practice,Benito Jones,
2024,14,MIA,T,Kendall Lamm,00-0031921,,,Full Participation in Practice,Kendall Lamm,
2024,14,MIA,S,Jordan Poyer,00-0030114,,,Full Participation in Practice,Jordan Poyer,
2024,14,MIA,G,Isaiah Wynn,00-0034833,,,Full Participation in Practice,Isaiah Wynn,
2024,14,MIA,T,Terron Armstead,00-0030067,Questionable,Knee,Did Not Participate In Practice,Terron Armstead,QUESTIONABLE
2024,14,MIA,LS,Blake Ferguson,00-0036217,Questionable,Illness,Full Participation in Practice,Blake Ferguson,QUESTIONABLE
2024,14,MIA,LB,Anthony Walker,00-0033570,Questionable,Hamstring,Full Participation in Practice,Anthony Walker,QUESTIONABLE
2024,14,MIA,LB,Bradley Chubb,00-0034832,Questionable,Knee,Limited Participation in Practice,Bradley Chubb,QUESTIONABLE
2024,14,MIA,LB,Cameron Goode,00-0037315,Questionable,Knee,Limited Participation in Practice,Cameron Goode,QUESTIONABLE
2024,14,MIA,CB,Kader Kohou,00-0037353,Questionable,Back,Limited Participation in Practice,Kader Kohou,QUESTIONABLE
2024,14,MIA,RB,Raheem Mostert,00-0031687,Questionable,Hip,Limited Participation in Practice,Raheem Mostert,QUESTIONABLE
2024,14,MIN,S,Harrison Smith,00-0029606,,,Did Not Participate In Practice,Harrison Smith,
2024,14,MIN,DT,Jonathan Bullard,00-0033093,,,Full Participation in Practice,Jonathan Bullard,
2024,14,MIN,LB,Blake Cashman,00-0035276,,,Full Participation in Practice,Blake Cashman,
2024,14,MIN,TE,Josh Oliver,00-0035249,,,Full Participation in Practice,Josh Oliver,
2024,14,MIN,S,Jay Ward,00-0038578,,,Full Participation in Practice,Jay Ward,
2024,14,MIN,CB,Stephon Gilmore,00-0029542,Out,Hamstring,Did Not Participate In Practice,Stephon Gilmore,OUT
2024,14,MIN,LS,Andrew DePaola,00-0029714,Questionable,Hand,Full Participation in Practice,Andrew DePaola,QUESTIONABLE
2024,14,MIN,K,Will Reichard,00-0039404,Questionable,Right Quadricep,Full Participation in Practice,Will Reichard,QUESTIONABLE
2024,14,MIN,G,Dalton Risner,00-0035702,Questionable,Back,Full Participation in Practice,Dalton Risner,QUESTIONABLE
2024,14,MIN,DE,Patrick Jones,00-0037007,Questionable,Knee,Limited Participation in Practice,Patrick Jones,QUESTIONABLE
2024,14,MIN,DT,Harrison Phillips,00-0034782,Questionable,Back,Limited Participation in Practice,Harrison Phillips,QUESTIONABLE
2024,14,MIN,DE,Andrew Van Ginkel,00-0035272,Questionable,Thigh,Limited Participation in Practice,Andrew Van Ginkel,QUESTIONABLE
2024,14,NO,S,Tyrann Mathieu,00-0030459,,,Full Participation in Practice,Tyrann Mathieu,
2024,14,NO,C,Erik McCoy,00-0035242,,,Full Participation in Practice,Erik McCoy,
2024,14,NO,TE,Foster Moreau,00-0034981,,,Full Participation in Practice,Foster Moreau,
2024,14,NO,G,Lucas Patrick,00-0033082,,,Full Participation in Practice,Lucas Patrick,
2024,14,NO,C,Cesar Ruiz,00-0036408,,,Full Participation in Practice,Cesar Ruiz,
2024,14,NO,LB,Pete Werner,00-0036927,,,Full Participation in Practice,Pete Werner,
2024,14,NO,TE,Juwan Johnson,00-0036040,,,Limited Participation in Practice,Juwan Johnson,
2024,14,NO,TE,Taysom Hill,00-0033357,Out,Knee,Did Not Participate In Practice,Taysom Hill,OUT
2024,14,NO,WR,Bub Means,00-0039386,Out,Ankle,Did Not Participate In Practice,Bub Means,OUT
2024,14,NO,G,Nick Saldiveri,00-0038566,Out,Knee,Did Not Participate In Practice,Nick Saldiveri,OUT
2024,14,NO,DE,Tanoh Kpassagnon,00-0033902,Questionable,Achilles,Full Participation in Practice,Tanoh Kpassagnon,QUESTIONABLE
2024,14,NO,RB,Kendre Miller,00-0038551,Questionable,Hamstring,Full Participation in Practice,Kendre Miller,QUESTIONABLE
2024,14,NYG,QB,Tommy DeVito,00-0038476,,,Full Participation in Practice,Tommy DeVito,
2024,14,NYG,WR,Bryce Ford-Wheaton,00-0038477,,,Full Participation in Practice,Bryce Ford-Wheaton,
2024,14,NYG,S,Dane Belton,00-0038123,,,Limited Participation in Practice,Dane Belton,
2024,14,NYG,S,Tyler Nubin,00-0039861,,,Limited Participation in Practice,Tyler Nubin,
2024,14,NYG,CB,Deonte Banks,00-0039000,Out,Rib,Did Not Participate In Practice,Deonte Banks,OUT
2024,14,NYG,DT,Rakeem Nunez-Roches,00-0031957,Out,Neck,Did Not Participate In Practice,Rakeem Nunez-Roches,OUT
2024,14,NYG,LB,Bobby Okereke,00-0035687,Out,Back,Did Not Participate In Practice,Bobby Okereke,OUT
2024,14,NYG,DT,D.J. Davidson,00-0037260,Doubtful,Shoulder,Limited Participation in Practice,D.J. Davidson,DOUBTFUL
2024,14,NYG,T,Jermaine Eluemunor,00-0033290,Doubtful,Quadricep,Limited Participation in Practice,Jermaine Eluemunor,DOUBTFUL
2024,14,NYG,CB,Cordale Flott,00-0037758,Questionable,Quadricep,"
    ",Cordale Flott,QUESTIONABLE
2024,14,NYG,T,Christopher Hubbard,00-0029963,Questionable,Knee,Did Not Participate In Practice,Christopher Hubbard,QUESTIONABLE
2024,14,NYG,WR,Malik Nabers,00-0039337,Questionable,Hip,Did Not Participate In Practice,Malik Nabers,QUESTIONABLE
2024,14,NYG,CB,Andru Phillips,00-0039821,Questionable,Shoulder,Did Not Participate In Practice,Andru Phillips,QUESTIONABLE
2024,14,NYG,LB,Dyontae Johnson,00-0038479,Questionable,Ankle,Full Participation in Practice,Dyontae Johnson,QUESTIONABLE
2024,14,NYG,T,Evan Neal,00-0037612,Questionable,Hip,Limited Participation in Practice,Evan Neal,QUESTIONABLE
2024,14,NYG,DT,Jordon Riley,00-0038506,Questionable,Knee,Limited Participation in Practice,Jordon Riley,QUESTIONABLE
2024,14,NYJ,WR,Allen Lazard,00-0034521,,,Full Participation in Practice,Allen Lazard,
2024,14,NYJ,G,Wes Schweitzer,00-0032432,,,Full Participation in Practice,Wes Schweitzer,
2024,14,NYJ,G,John Simpson,00-0036369,,,Full Participation in Practice,John Simpson,
2024,14,NYJ,LB,C.J. Mosley,00-0031296,Out,Neck,Did Not Participate In Practice,C.J. Mosley,OUT
2024,14,NYJ,CB,Ahmad Gardner,00-0037190,Doubtful,Hamstring,Did Not Participate In Practice,Ahmad Gardner,DOUBTFUL
2024,14,NYJ,RB,Breece Hall,00-0038120,Doubtful,Knee,Did Not Participate In Practice,Breece Hall,DOUBTFUL
2024,14,NYJ,CB,Qwan'tez Stiggers,00-0039789,Questionable,Illness,Full Participation in Practice,Qwan'tez Stiggers,QUESTIONABLE
2024,14,NYJ,T,Olu Fashanu,00-0039790,Questionable,Toe,Limited Participation in Practice,Olu Fashanu,QUESTIONABLE
2024,14,NYJ,T,Morgan Moses,00-0031330,Questionable,Knee,Limited Participation in Practice,Morgan Moses,QUESTIONABLE
2024,14,NYJ,G,Xavier Newman-Johnson,00-0037601,Questionable,Groin,Limited Participation in Practice,Xavier Newman-Johnson,QUESTIONABLE
2024,14,NYJ,G,Alijah Vera-Tucker,00-0036979,Questionable,Ankle,Limited Participation in Practice,Alijah Vera-Tucker,QUESTIONABLE
2024,14,PHI,RB,Saquon Barkley,00-0034844,,,Full Participation in Practice,Saquon Barkley,
2024,14,PHI,T,Mekhi Becton,00-0036284,,,Full Participation in Practice,Mekhi Becton,
2024,14,PHI,DT,Jalen Carter,00-0038386,,,Full Participation in Practice,Jalen Carter,
2024,14,PHI,CB,Darius Slay,00-0030062,,,Full Participation in Practice,Darius Slay,
2024,14,PHI,WR,DeVonta Smith,00-0036912,,,Full Participation in Practice,DeVonta Smith,
2024,14,PHI,LB,Josh Sweat,00-0034381,,,Full Participation in Practice,Josh Sweat,
2024,14,PHI,WR,Johnny Wilson,00-0039236,,,Full Participation in Practice,Johnny Wilson,
2024,14,PHI,S,Reed Blankenship,00-0037130,Out,Concussion,Did Not Participate In Practice,Reed Blankenship,OUT
2024,14,PHI,S,Sydney Brown,00-0039002,Out,Knee,Did Not Participate In Practice,Sydney Brown,OUT
2024,14,PHI,TE,Dallas Goedert,00-0034351,Out,Knee,Did Not Participate In Practice,Dallas Goedert,OUT
2024,14,PHI,WR,Britain Covey,00-0037132,Out,Neck,Limited Participation in Practice,Britain Covey,OUT
2024,14,PIT,WR,Calvin Austin,00-0037837,,,Full Participation in Practice,Calvin Austin,
2024,14,PIT,S,Minkah Fitzpatrick,00-0034789,,,Full Participation in Practice,Minkah Fitzpatrick,
2024,14,PIT,RB,Najee Harris,00-0036893,,,Full Participation in Practice,Najee Harris,
2024,14,PIT,DT,Cameron Heyward,00-0027969,,,Full Participation in Practice,Cameron Heyward,
2024,14,PIT,LB,Alex Highsmith,00-0036333,,,Full Participation in Practice,Alex Highsmith,
2024,14,PIT,DT,Larry Ogunjobi,00-0033905,,,Full Participation in Practice,Larry Ogunjobi,
2024,14,PIT,TE,MyCole Pruitt,00-0031585,,,Full Participation in Practice,MyCole Pruitt,
2024,14,PIT,G,Isaac Seumalo,00-0032954,,,Full Participation in Practice,Isaac Seumalo,
2024,14,PIT,CB,Cory Trice,00-0038639,,,Full Participation in Practice,Cory Trice,
2024,14,PIT,LB,T.J. Watt,00-0033886,,,Full Participation in Practice,T.J. Watt,
2024,14,PIT,WR,Mike Williams,00-0033536,,,Full Participation in Practice,Mike Williams,
2024,14,PIT,DT,Montravius Adams,00-0033929,Out,Knee,Full Participation in Practice,Montravius Adams,OUT
2024,14,PIT,WR,George Pickens,00-0037247,Questionable,Hamstring,Limited Participation in Practice,George Pickens,QUESTIONABLE
2024,14,SEA,WR,Jaelon Darden,00-0036877,,,Did Not Participate In Practice,Jaelon Darden,
2024,14,SEA,CB,Coby Bryant,00-0038136,,,Full Participation in Practice,Coby Bryant,
2024,14,SEA,RB,Zach Charbonnet,00-0039165,,,Full Participation in Practice,Zach Charbonnet,
2024,14,SEA,TE,Noah Fant,00-0035644,,,Full Participation in Practice,Noah Fant,
2024,14,SEA,S,A.J. Finley,00-0038866,,,Full Participation in Practice,A.J. Finley,
2024,14,SEA,DT,Johnathan Hankins,00-0030063,,,Full Participation in Practice,Johnathan Hankins,
2024,14,SEA,LB,Ernest Jones,00-0036994,,,Full Participation in Practice,Ernest Jones,
2024,14,SEA,WR,Tyler Lockett,00-0032211,,,Full Participation in Practice,Tyler Lockett,
2024,14,SEA,WR,DK Metcalf,00-0035640,,,Full Participation in Practice,DK Metcalf,
2024,14,SEA,LB,Uchenna Nwosu,00-0034350,,,Full Participation in Practice,Uchenna Nwosu,
2024,14,SEA,DT,Jarran Reed,00-0032387,,,Full Participation in Practice,Jarran Reed,
2024,14,SEA,G,Laken Tomlinson,00-0032234,,,Full Participation in Practice,Laken Tomlinson,
2024,14,SEA,CB,Tariq Woolen,00-0037079,,,Full Participation in Practice,Tariq Woolen,
2024,14,SEA,T,Abraham Lucas,00-0037812,,,Limited Participation in Practice,Abraham Lucas,
2024,14,SEA,TE,Brady Russell,00-0038488,,,Limited Participation in Practice,Brady Russell,
2024,14,SEA,DT,Leonard Williams,00-0031933,,,Limited Participation in Practice,Leonard Williams,
2024,14,SEA,T,Stone Forsythe,00-0036653,Out,Hand,Full Participation in Practice,Stone Forsythe,OUT
2024,14,SEA,CB,Tre Brown,00-0036885,Doubtful,Hamstring,Limited Participation in Practice,Tre Brown,DOUBTFUL
2024,14,SEA,RB,Kenneth Walker,00-0038134,Questionable,Ankle,Did Not Participate In Practice,Kenneth Walker,QUESTIONABLE
2024,14,SEA,P,Michael Dickson,00-0034160,Questionable,Back,Full Participation in Practice,Michael Dickson,QUESTIONABLE
2024,14,SF,CB,Charvarius Ward,00-0034573,,,Did Not Participate In Practice,Charvarius Ward,
2024,14,SF,DT,Jordan Elliott,00-0036266,,,Full Participation in Practice,Jordan Elliott,
2024,14,SF,DE,Yetur Gross-Matos,00-0036288,,,Full Participation in Practice,Yetur Gross-Matos,
2024,14,SF,CB,Deommodore Lenoir,00-0036563,,,Full Participation in Practice,Deommodore Lenoir,
2024,14,SF,DE,Sam Okuayinonu,00-0037602,,,Full Participation in Practice,Sam Okuayinonu,
2024,14,SF,G,Dominick Puni,00-0039351,,,Full Participation in Practice,Dominick Puni,
2024,14,SF,QB,Brock Purdy,00-0037834,,,Full Participation in Practice,Brock Purdy,
2024,14,SF,RB,Jordan Mason,00-0037525,Out,Ankle,Did Not Participate In Practice,Jordan Mason,OUT
2024,14,SF,S,George Odum,00-0034091,Out,Knee,Did Not Participate In Practice,George Odum,OUT
2024,14,SF,T,Trent Williams,00-0027857,Out,Ankle,Did Not Participate In Practice,Trent Williams,OUT
2024,14,SF,LB,Dre Greenlaw,00-0034982,Out,Achilles,Limited Participation in Practice,Dre Greenlaw,OUT
2024,14,SF,DE,Nick Bosa,00-0035717,Doubtful,Hip,Did Not Participate In Practice,Nick Bosa,DOUBTFUL
2024,14,SF,G,Aaron Banks,00-0036551,Questionable,Concussion,Did Not Participate In Practice,Aaron Banks,QUESTIONABLE
2024,14,SF,LB,Demetrius Flannigan-Fowles,00-0035020,Questionable,Knee,Limited Participation in Practice,Demetrius Flannigan-Fowles,QUESTIONABLE
2024,14,SF,S,Talanoa Hufanga,00-0036564,Questionable,Wrist,Limited Participation in Practice,Talanoa Hufanga,QUESTIONABLE
2024,14,TB,DT,Greg Gaines,00-0035667,,,Full Participation in Practice,Greg Gaines,
2024,14,TB,DE,William Gholston,00-0030386,,,Full Participation in Practice,William Gholston,
2024,14,TB,QB,Baker Mayfield,00-0034855,,,Full Participation in Practice,Baker Mayfield,
2024,14,TB,LB,Anthony Nelson,00-0035254,,,Full Participation in Practice,Anthony Nelson,
2024,14,TB,LB,Lavonte David,00-0029562,,,Limited Participation in Practice,Lavonte David,
2024,14,TB,WR,Mike Evans,00-0031408,,,Limited Participation in Practice,Mike Evans,
2024,14,TB,T,Tristan Wirfs,00-0036406,,,Limited Participation in Practice,Tristan Wirfs,
2024,14,TB,LB,K.J. Britt,00-0036643,Out,Ankle,Did Not Participate In Practice,K.J. Britt,OUT
2024,14,TB,S,Mike Edwards,00-0035681,Out,Hamstring,Did Not Participate In Practice,Mike Edwards,OUT
2024,14,TB,CB,Troy Hill,00-0031785,Out,Foot,Did Not Participate In Practice,Troy Hill,OUT
2024,14,TB,LB,Markees Watts,00-0038958,Out,Knee,Full Participation in Practice,Markees Watts,OUT
2024,14,TB,LB,J.J. Russell,00-0037491,Questionable,Hamstring,Full Participation in Practice,J.J. Russell,QUESTIONABLE
2024,14,TB,S,Tykee Smith,00-0039846,Questionable,Knee,Full Participation in Practice,Tykee Smith,QUESTIONABLE
2024,14,TB,LB,Joe Tryon,00-0036967,Questionable,Ankle,Full Participation in Practice,Joe Tryon,QUESTIONABLE
2024,14,TB,CB,Josh Hayes,00-0039051,Questionable,Hamstring,Limited Participation in Practice,Josh Hayes,QUESTIONABLE
2024,14,TB,RB,Bucky Irving,00-0039361,Questionable,Hip,Limited Participation in Practice,Bucky Irving,QUESTIONABLE
2024,14,TB,WR,Trey Palmer,00-0039052,Questionable,Hip,Limited Participation in Practice,Trey Palmer,QUESTIONABLE
2024,14,TEN,CB,Chidobe Awuzie,00-0033548,,,Full Participation in Practice,Chidobe Awuzie,
2024,14,TEN,WR,Tyler Boyd,00-0033009,,,Full Participation in Practice,Tyler Boyd,
2024,14,TEN,DT,James Lynch,00-0036337,,,Full Participation in Practice,James Lynch,
2024,14,TEN,DT,Jeffery Simmons,00-0035643,,,Full Participation in Practice,Jeffery Simmons,
2024,14,TEN,G,Peter Skoronski,00-0039034,,,Full Participation in Practice,Peter Skoronski,
2024,14,TEN,G,Logan Bruss,00-0037836,Out,Knee,Did Not Participate In Practice,Logan Bruss,OUT
2024,14,TEN,T,Jaelyn Duncan,00-0038607,Out,Hamstring,Full Participation in Practice,Jaelyn Duncan,OUT
2024,14,TEN,LB,Jerome Baker,00-0034797,Questionable,Neck,Did Not Participate In Practice,Jerome Baker,QUESTIONABLE
2024,14,TEN,CB,Jarvis Brownlee,00-0039372,Questionable,Hip,Did Not Participate In Practice,Jarvis Brownlee,QUESTIONABLE
2024,14,TEN,CB,Roger McCreary,00-0038125,Questionable,Shoulder,Did Not Participate In Practice,Roger McCreary,QUESTIONABLE
2024,14,TEN,LB,Kenneth Murray,00-0036441,Questionable,Hamstring,Did Not Participate In Practice,Kenneth Murray,QUESTIONABLE
2024,14,TEN,DT,T'Vondre Sweat,00-0039886,Questionable,Shoulder,Did Not Participate In Practice,T'Vondre Sweat,QUESTIONABLE
2024,14,TEN,T,Leroy Watson,00-0037591,Questionable,Back,Full Participation in Practice,Leroy Watson,QUESTIONABLE
2024,14,TEN,LB,James Williams,00-0039430,Questionable,Knee,Full Participation in Practice,James Williams,QUESTIONABLE
2024,15,ARI,T,Kelvin Beachum,00-0029316,,,Full Participation in Practice,Kelvin Beachum,
2024,15,ARI,TE,Trey McBride,00-0037744,,,Full Participation in Practice,Trey McBride,
2024,15,ARI,QB,Kyler Murray,00-0035228,,,Full Participation in Practice,Kyler Murray,
2024,15,ARI,DT,Darius Robinson,00-0039854,,,Limited Participation in Practice,Darius Robinson,
2024,15,ARI,RB,Emari Demercado,00-0038705,Out,Back,Did Not Participate In Practice,Emari Demercado,OUT
2024,15,ARI,P,Blake Gillikin,00-0035859,Out,Right Foot,Did Not Participate In Practice,Blake Gillikin,OUT
2024,15,ARI,CB,Elijah Jones,00-0039823,Out,Ankle,Limited Participation in Practice,Elijah Jones,OUT
2024,15,ARI,T,Jonah Williams,00-0035629,Questionable,Illness,"
    ",Jonah Williams,QUESTIONABLE
2024,15,ARI,DT,Naquan Jones,00-0036695,Questionable,Shoulder,Limited Participation in Practice,Naquan Jones,QUESTIONABLE
2024,15,ARI,DT,Roy Lopez,00-0036568,Questionable,Ankle,Limited Participation in Practice,Roy Lopez,QUESTIONABLE
2024,15,ATL,DT,Grady Jarrett,00-0031583,,,Did Not Participate In Practice,Grady Jarrett,
2024,15,ATL,DT,David Onyemata,00-0033051,,,Did Not Participate In Practice,David Onyemata,
2024,15,ATL,S,Jessie Bates,00-0034675,,,Full Participation in Practice,Jessie Bates,
2024,15,ATL,DE,Zach Harrison,00-0038980,,,Full Participation in Practice,Zach Harrison,
2024,15,ATL,DE,Ruke Orhorhoro,00-0039733,,,Full Participation in Practice,Ruke Orhorhoro,
2024,15,ATL,TE,Charlie Woerner,00-0036429,,,Full Participation in Practice,Charlie Woerner,
2024,15,ATL,LB,Matt Judon,00-0032415,,,Limited Participation in Practice,Matt Judon,
2024,15,ATL,LB,Nate Landman,00-0037587,,,Limited Participation in Practice,Nate Landman,
2024,15,ATL,G,Chris Lindstrom,00-0035630,,,Limited Participation in Practice,Chris Lindstrom,
2024,15,ATL,T,Jake Matthews,00-0031279,,,Limited Participation in Practice,Jake Matthews,
2024,15,ATL,T,Kaleb McGary,00-0035235,,,Limited Participation in Practice,Kaleb McGary,
2024,15,ATL,WR,Darnell Mooney,00-0036309,,,Limited Participation in Practice,Darnell Mooney,
2024,15,ATL,LB,Troy Andersen,00-0037810,Out,Knee,Did Not Participate In Practice,Troy Andersen,OUT
2024,15,ATL,WR,Casey Washington,00-0039394,Out,Concussion,Did Not Participate In Practice,Casey Washington,OUT
2024,15,BAL,WR,Rashod Bateman,00-0036550,,,Full Participation in Practice,Rashod Bateman,
2024,15,BAL,LB,Kyle Van Noy,00-0031360,,,Full Participation in Practice,Kyle Van Noy,
2024,15,BAL,S,Ar'Darius Washington,00-0036587,Questionable,Not injury related - personal matter,"
    ",Ar'Darius Washington,QUESTIONABLE
2024,15,BAL,DT,Michael Pierce,00-0032574,Questionable,Calf,Full Participation in Practice,Michael Pierce,QUESTIONABLE
2024,15,BAL,CB,T.J. Tampa,00-0039234,Questionable,Ankle,Full Participation in Practice,T.J. Tampa,QUESTIONABLE
2024,15,BAL,LB,Adisa Isaac,00-0039791,Questionable,Hamstring,Limited Participation in Practice,Adisa Isaac,QUESTIONABLE
2024,15,BAL,S,Sanoussi Kane,00-0039235,Questionable,Hamstring,Limited Participation in Practice,Sanoussi Kane,QUESTIONABLE
2024,15,BUF,DT,DeWayne Carter,00-0039873,,,Full Participation in Practice,DeWayne Carter,
2024,15,BUF,WR,Keon Coleman,00-0039901,,,Full Participation in Practice,Keon Coleman,
2024,15,BUF,WR,Amari Cooper,00-0031544,,,Full Participation in Practice,Amari Cooper,
2024,15,BUF,LB,Matt Milano,00-0033571,,,Full Participation in Practice,Matt Milano,
2024,15,BUF,WR,Curtis Samuel,00-0033282,,,Full Participation in Practice,Curtis Samuel,
2024,15,BUF,CB,Rasul Douglas,00-0033551,Out,Knee,Did Not Participate In Practice,Rasul Douglas,OUT
2024,15,BUF,T,Tylan Grable,00-0039882,Questionable,Groin,Full Participation in Practice,Tylan Grable,QUESTIONABLE
2024,15,BUF,TE,Dalton Kincaid,00-0038933,Questionable,Knee,Full Participation in Practice,Dalton Kincaid,QUESTIONABLE
2024,15,BUF,TE,Quintin Morris,00-0036590,Questionable,Shoulder,Full Participation in Practice,Quintin Morris,QUESTIONABLE
2024,15,BUF,DE,Dawuane Smoot,00-0033907,Questionable,Wrist,Full Participation in Practice,Dawuane Smoot,QUESTIONABLE
2024,15,BUF,LB,Baylon Spector,00-0037318,Questionable,Calf,Full Participation in Practice,Baylon Spector,QUESTIONABLE
2024,15,BUF,S,Damar Hamlin,00-0036888,Questionable,Back,Limited Participation in Practice,Damar Hamlin,QUESTIONABLE
2024,15,BUF,S,Taylor Rapp,00-0035663,Questionable,Neck,Limited Participation in Practice,Taylor Rapp,QUESTIONABLE
2024,15,BUF,DE,Casey Toohill,00-0036403,Questionable,Ribs,Limited Participation in Practice,Casey Toohill,QUESTIONABLE
2024,15,CAR,T,Taylor Moton,00-0033284,,,Did Not Participate In Practice,Taylor Moton,
2024,15,CAR,WR,Jalen Coker,00-0039491,,,Full Participation in Practice,Jalen Coker,
2024,15,CAR,CB,Caleb Farley,00-0036615,,,Full Participation in Practice,Caleb Farley,
2024,15,CAR,RB,Chuba Hubbard,00-0036555,,,Full Participation in Practice,Chuba Hubbard,
2024,15,CAR,S,Lonnie Johnson,00-0035244,,,Full Participation in Practice,Lonnie Johnson,
2024,15,CAR,DE,A'Shawn Robinson,00-0032889,,,Full Participation in Practice,A'Shawn Robinson,
2024,15,CAR,LB,D.J. Wonnum,00-0036335,,,Full Participation in Practice,D.J. Wonnum,
2024,15,CAR,LB,Trevin Wallace,00-0039347,Out,Shoulder,Did Not Participate In Practice,Trevin Wallace,OUT
2024,15,CAR,LB,Jadeveon Clowney,00-0031364,Questionable,Knee,Full Participation in Practice,Jadeveon Clowney,QUESTIONABLE
2024,15,CAR,LB,Josey Jewell,00-0034368,Questionable,Hamstring,Full Participation in Practice,Josey Jewell,QUESTIONABLE
2024,15,CAR,S,Nick Scott,00-0035669,Questionable,Hamstring,Full Participation in Practice,Nick Scott,QUESTIONABLE
2024,15,CAR,RB,Raheem Blackshear,00-0037429,Questionable,Chest,Limited Participation in Practice,Raheem Blackshear,QUESTIONABLE
2024,15,CAR,CB,Jaycee Horn,00-0036944,Questionable,Groin,Limited Participation in Practice,Jaycee Horn,QUESTIONABLE
2024,15,CHI,CB,Josh Blackwell,00-0037129,,,Full Participation in Practice,Josh Blackwell,
2024,15,CHI,S,Elijah Hicks,00-0037096,,,Full Participation in Practice,Elijah Hicks,
2024,15,CHI,RB,Travis Homer,00-0035594,,,Full Participation in Practice,Travis Homer,
2024,15,CHI,TE,Marcedes Lewis,00-0024243,,,Full Participation in Practice,Marcedes Lewis,
2024,15,CHI,G,Ryan Bates,00-0035382,Out,Concussion,Did Not Participate In Practice,Ryan Bates,OUT
2024,15,CHI,DT,Gervon Dexter,00-0039070,Out,Knee,Did Not Participate In Practice,Gervon Dexter,OUT
2024,15,CHI,RB,Roschon Johnson,00-0039021,Out,Concussion,Did Not Participate In Practice,Roschon Johnson,OUT
2024,15,CHI,RB,D'Andre Swift,00-0036275,Questionable,Groin,Limited Participation in Practice,D'Andre Swift,QUESTIONABLE
2024,15,CIN,QB,Joe Burrow,00-0036442,,,Full Participation in Practice,Joe Burrow,
2024,15,CIN,DE,Trey Hendrickson,00-0033935,,,Full Participation in Practice,Trey Hendrickson,
2024,15,CIN,DT,B.J. Hill,00-0034800,,,Full Participation in Practice,B.J. Hill,
2024,15,CIN,T,Amarius Mims,00-0039925,,,Full Participation in Practice,Amarius Mims,
2024,15,CIN,DE,Joseph Ossai,00-0036902,,,Full Participation in Practice,Joseph Ossai,
2024,15,CIN,DT,Jay Tufele,00-0036881,,,Full Participation in Practice,Jay Tufele,
2024,15,CIN,WR,Tee Higgins,00-0036410,,,Limited Participation in Practice,Tee Higgins,
2024,15,CIN,LB,Joe Bachie,00-0035895,Out,Groin,Did Not Participate In Practice,Joe Bachie,OUT
2024,15,CIN,T,Orlando Brown,00-0034752,Out,Fibula,Did Not Participate In Practice,Orlando Brown,OUT
2024,15,CIN,DT,Sheldon Rankins,00-0032759,Out,Illness,Did Not Participate In Practice,Sheldon Rankins,OUT
2024,15,CIN,G,Cody Ford,00-0035238,Questionable,Illness,"
    ",Cody Ford,QUESTIONABLE
2024,15,CIN,WR,Charlie Jones,00-0038576,Questionable,Groin,Limited Participation in Practice,Charlie Jones,QUESTIONABLE
2024,15,CLE,LB,Mohamoud Diabate,00-0038711,,,Full Participation in Practice,Mohamoud Diabate,
2024,15,CLE,CB,Martin Emerson,00-0037250,,,Full Participation in Practice,Martin Emerson,
2024,15,CLE,CB,Mike Ford,00-0034639,,,Full Participation in Practice,Mike Ford,
2024,15,CLE,DE,Myles Garrett,00-0033868,,,Full Participation in Practice,Myles Garrett,
2024,15,CLE,LB,Jordan Hicks,00-0032129,,,Full Participation in Practice,Jordan Hicks,
2024,15,CLE,WR,Jerry Jeudy,00-0036407,,,Full Participation in Practice,Jerry Jeudy,
2024,15,CLE,DT,Sam Kamara,00-0036705,,,Full Participation in Practice,Sam Kamara,
2024,15,CLE,G,Wyatt Teller,00-0034399,,,Full Participation in Practice,Wyatt Teller,
2024,15,CLE,WR,Jamari Thrash,00-0039379,,,Full Participation in Practice,Jamari Thrash,
2024,15,CLE,WR,Cedric Tillman,00-0038979,Out,Concussion,Limited Participation in Practice,Cedric Tillman,OUT
2024,15,CLE,TE,David Njoku,00-0033885,Questionable,Hamstring,Did Not Participate In Practice,David Njoku,QUESTIONABLE
2024,15,CLE,DT,Michael Hall,00-0039895,Questionable,Knee,Full Participation in Practice,Michael Hall,QUESTIONABLE
2024,15,CLE,CB,Myles Harden,00-0039417,Questionable,Tibia,Full Participation in Practice,Myles Harden,QUESTIONABLE
2024,15,CLE,G,Joel Bitonio,00-0031426,Questionable,Back,Limited Participation in Practice,Joel Bitonio,QUESTIONABLE
2024,15,CLE,LB,Khaleke Hudson,00-0036343,Questionable,Abdomen,Limited Participation in Practice,Khaleke Hudson,QUESTIONABLE
2024,15,DAL,LB,Nick Vigil,00-0032892,,,Did Not Participate In Practice,Nick Vigil,
2024,15,DAL,CB,Daron Bland,00-0037275,,,Full Participation in Practice,Daron Bland,
2024,15,DAL,RB,Rico Dowdle,00-0036139,,,Full Participation in Practice,Rico Dowdle,
2024,15,DAL,T,Tyler Guyton,00-0039341,,,Full Participation in Practice,Tyler Guyton,
2024,15,DAL,DE,Marshawn Kneeland,00-0039900,,,Full Participation in Practice,Marshawn Kneeland,
2024,15,DAL,WR,CeeDee Lamb,00-0036358,,,Full Participation in Practice,CeeDee Lamb,
2024,15,DAL,G,Tyler Smith,00-0037243,,,Full Participation in Practice,Tyler Smith,
2024,15,DAL,DT,Mazi Smith,00-0038545,,,Full Participation in Practice,Mazi Smith,
2024,15,DAL,C,Cooper Beebe,00-0039348,Out,Concussion,Did Not Participate In Practice,Cooper Beebe,OUT
2024,15,DAL,LB,DeMarvion Overshown,00-0038556,Out,Knee,Did Not Participate In Practice,DeMarvion Overshown,OUT
2024,15,DAL,S,Juanyeh Thomas,00-0037578,Out,Knee,Did Not Participate In Practice,Juanyeh Thomas,OUT
2024,15,DAL,CB,Trevon Diggs,00-0036361,Questionable,Knee,Did Not Participate In Practice,Trevon Diggs,QUESTIONABLE
2024,15,DAL,LB,Eric Kendricks,00-0031554,Questionable,Not injury related - personal matter,Did Not Participate In Practice,Eric Kendricks,QUESTIONABLE
2024,15,DAL,CB,C.J. Goodwin,00-0031357,Questionable,Hamstring,Limited Participation in Practice,C.J. Goodwin,QUESTIONABLE
2024,15,DAL,LB,Buddy Johnson,00-0036870,Questionable,Illness,Limited Participation in Practice,Buddy Johnson,QUESTIONABLE
2024,15,DAL,CB,Jourdan Lewis,00-0033928,Questionable,Hamstring,Limited Participation in Practice,Jourdan Lewis,QUESTIONABLE
2024,15,DEN,S,Brandon Jones,00-0036221,,,Full Participation in Practice,Brandon Jones,
2024,15,DEN,CB,Tremon Smith,00-0034278,,,Limited Participation in Practice,Tremon Smith,
2024,15,DEN,CB,Riley Moss,00-0038552,Out,Knee,Did Not Participate In Practice,Riley Moss,OUT
2024,15,DET,T,Taylor Decker,00-0032381,,,Full Participation in Practice,Taylor Decker,
2024,15,DET,DT,Alim McNeill,00-0036624,,,Full Participation in Practice,Alim McNeill,
2024,15,DET,DE,Levi Onwuzurike,00-0036954,,,Full Participation in Practice,Levi Onwuzurike,
2024,15,DET,DE,Josh Paschal,00-0038096,,,Full Participation in Practice,Josh Paschal,
2024,15,DET,DT,D.J. Reader,00-0032424,,,Full Participation in Practice,D.J. Reader,
2024,15,DET,LB,Trevor Nowaske,00-0038660,Out,Concussion,Did Not Participate In Practice,Trevor Nowaske,OUT
2024,15,GB,DT,Kenny Clark,00-0033120,,,Full Participation in Practice,Kenny Clark,
2024,15,GB,LB,Edgerrin Cooper,00-0039850,,,Full Participation in Practice,Edgerrin Cooper,
2024,15,GB,WR,Romeo Doubs,00-0037816,,,Full Participation in Practice,Romeo Doubs,
2024,15,GB,T,Travis Glover,00-0039819,,,Full Participation in Practice,Travis Glover,
2024,15,GB,G,Elgton Jenkins,00-0035526,,,Full Participation in Practice,Elgton Jenkins,
2024,15,GB,LB,Isaiah McDuffie,00-0036658,,,Full Participation in Practice,Isaiah McDuffie,
2024,15,GB,C,Josh Myers,00-0036622,,,Full Participation in Practice,Josh Myers,
2024,15,GB,DE,Lukas Van Ness,00-0039112,,,Full Participation in Practice,Lukas Van Ness,
2024,15,GB,T,Rasheed Walker,00-0037196,,,Full Participation in Practice,Rasheed Walker,
2024,15,GB,S,Evan Williams,00-0039813,,,Full Participation in Practice,Evan Williams,
2024,15,GB,CB,Jaire Alexander,00-0034728,Out,Knee,Did Not Participate In Practice,Jaire Alexander,OUT
2024,15,GB,S,Javon Bullard,00-0039867,Out,Ankle,Did Not Participate In Practice,Javon Bullard,OUT
2024,15,GB,TE,Luke Musgrave,00-0039144,Out,Ankle,Limited Participation in Practice,Luke Musgrave,OUT
2024,15,GB,CB,Corey Ballentine,00-0035633,Questionable,Knee,Full Participation in Practice,Corey Ballentine,QUESTIONABLE
2024,15,HOU,S,Jalen Pitre,00-0037246,,,Did Not Participate In Practice,Jalen Pitre,
2024,15,HOU,WR,Robert Woods,00-0030431,,,Did Not Participate In Practice,Robert Woods,
2024,15,HOU,DE,Denico Autry,00-0031254,,,Full Participation in Practice,Denico Autry,
2024,15,HOU,DT,Folorunso Fatukasi,00-0034275,,,Full Participation in Practice,Folorunso Fatukasi,
2024,15,HOU,WR,Xavier Hutchinson,00-0038618,,,Full Participation in Practice,Xavier Hutchinson,
2024,15,HOU,WR,Nico Collins,00-0036554,,,Limited Participation in Practice,Nico Collins,
2024,15,HOU,RB,Joe Mixon,00-0033897,,,Limited Participation in Practice,Joe Mixon,
2024,15,HOU,T,Laremy Tunsil,00-0032380,,,Limited Participation in Practice,Laremy Tunsil,
2024,15,HOU,TE,Cade Stover,00-0039359,Out,Illness,"
    ",Cade Stover,OUT
2024,15,HOU,C,Juice Scruggs,00-0038936,Out,Foot,Did Not Participate In Practice,Juice Scruggs,OUT
2024,15,HOU,TE,Cade Stover,00-0039359,Questionable,Illness,"
    ",Cade Stover,QUESTIONABLE
2024,15,HOU,G,Nick Broeker,00-0038633,Questionable,Hand,Full Participation in Practice,Nick Broeker,QUESTIONABLE
2024,15,HOU,G,Kenyon Green,00-0037613,Questionable,Shoulder,Full Participation in Practice,Kenyon Green,QUESTIONABLE
2024,15,HOU,LB,Christian Harris,00-0037823,Questionable,Calf,Full Participation in Practice,Christian Harris,QUESTIONABLE
2024,15,HOU,LB,Jamal Hill,00-0039395,Questionable,Knee,Full Participation in Practice,Jamal Hill,QUESTIONABLE
2024,15,IND,DT,DeForest Buckner,00-0032378,,,Did Not Participate In Practice,DeForest Buckner,
2024,15,IND,DT,Grover Stewart,00-0033952,,,Did Not Participate In Practice,Grover Stewart,
2024,15,IND,C,Tanor Bortolini,00-0039744,,,Full Participation in Practice,Tanor Bortolini,
2024,15,IND,WR,Michael Pittman,00-0036252,,,Full Participation in Practice,Michael Pittman,
2024,15,IND,WR,Ashton Dulin,00-0035021,Out,Ankle,Did Not Participate In Practice,Ashton Dulin,OUT
2024,15,IND,T,Braden Smith,00-0034836,Out,Not injury related - personal matter,Did Not Participate In Practice,Braden Smith,OUT
2024,15,IND,DE,Tyquan Lewis,00-0034359,Questionable,Rib,"
    ",Tyquan Lewis,QUESTIONABLE
2024,15,IND,TE,Mo Alie-Cox,00-0033217,Questionable,Hip,Did Not Participate In Practice,Mo Alie-Cox,QUESTIONABLE
2024,15,IND,LB,Jaylon Carlies,00-0039377,Questionable,Fibula,Full Participation in Practice,Jaylon Carlies,QUESTIONABLE
2024,15,IND,WR,Josh Downs,00-0038997,Questionable,Shoulder,Full Participation in Practice,Josh Downs,QUESTIONABLE
2024,15,IND,C,Ryan Kelly,00-0032383,Questionable,Knee,Limited Participation in Practice,Ryan Kelly,QUESTIONABLE
2024,15,JAX,G,Ezra Cleveland,00-0036327,,,Limited Participation in Practice,Ezra Cleveland,
2024,15,JAX,TE,Josiah Deguara,00-0036332,,,Limited Participation in Practice,Josiah Deguara,
2024,15,JAX,G,Brandon Scherff,00-0032053,,,Limited Participation in Practice,Brandon Scherff,
2024,15,JAX,TE,Evan Engram,00-0033881,Out,,Did Not Participate In Practice,Evan Engram,OUT
2024,15,KC,DE,Charles Omenihu,00-0035279,,,Full Participation in Practice,Charles Omenihu,
2024,15,KC,G,Trey Smith,00-0036660,,,Full Participation in Practice,Trey Smith,
2024,15,KC,T,Jawaan Taylor,00-0035237,,,Full Participation in Practice,Jawaan Taylor,
2024,15,KC,CB,Joshua Williams,00-0038043,,,Full Participation in Practice,Joshua Williams,
2024,15,KC,WR,Marquise Brown,00-0035662,Out,Shoulder,Limited Participation in Practice,Marquise Brown,OUT
2024,15,KC,T,D.J. Humphries,00-0032222,Doubtful,Hamstring,Did Not Participate In Practice,D.J. Humphries,DOUBTFUL
2024,15,KC,K,Harrison Butker,00-0033303,Questionable,Left Knee,Limited Participation in Practice,Harrison Butker,QUESTIONABLE
2024,15,LA,T,K.T. Leveston,00-0039755,,,Did Not Participate In Practice,K.T. Leveston,
2024,15,LA,CB,Cobie Durant,00-0037839,Out,Chest,Did Not Participate In Practice,Cobie Durant,OUT
2024,15,LA,TE,Tyler Higbee,00-0033110,Out,Knee,Full Participation in Practice,Tyler Higbee,OUT
2024,15,LA,T,Alaric Jackson,00-0036603,Questionable,Knee,Did Not Participate In Practice,Alaric Jackson,QUESTIONABLE
2024,15,LA,C,Beaux Limmer,00-0039753,Questionable,Knee,Full Participation in Practice,Beaux Limmer,QUESTIONABLE
2024,15,LA,TE,Davis Allen,00-0039074,Questionable,Shoulder,Limited Participation in Practice,Davis Allen,QUESTIONABLE
2024,15,LA,DE,Tyler Davis,00-0039749,Questionable,Calf,Limited Participation in Practice,Tyler Davis,QUESTIONABLE
2024,15,LA,WR,Demarcus Robinson,00-0032775,Questionable,Shoulder,Limited Participation in Practice,Demarcus Robinson,QUESTIONABLE
2024,15,LA,WR,Jordan Whittington,00-0039751,Questionable,Shoulder,Limited Participation in Practice,Jordan Whittington,QUESTIONABLE
2024,15,LAC,DE,Joey Bosa,00-0033156,,,Full Participation in Practice,Joey Bosa,
2024,15,LAC,WR,Derius Davis,00-0038573,,,Full Participation in Practice,Derius Davis,
2024,15,LAC,QB,Justin Herbert,00-0036355,,,Full Participation in Practice,Justin Herbert,
2024,15,LAC,S,Tony Jefferson,00-0030294,,,Full Participation in Practice,Tony Jefferson,
2024,15,LAC,DE,Khalil Mack,00-0031040,,,Full Participation in Practice,Khalil Mack,
2024,15,LAC,T,Trey Pipkins,00-0035688,,,Full Participation in Practice,Trey Pipkins,
2024,15,LAC,TE,Will Dissly,00-0034159,Out,Shoulder,Did Not Participate In Practice,Will Dissly,OUT
2024,15,LAC,WR,Jalen Reagor,00-0036387,Out,Finger,Did Not Participate In Practice,Jalen Reagor,OUT
2024,15,LAC,WR,Ladd McConkey,00-0039915,Questionable,Knee,Limited Participation in Practice,Ladd McConkey,QUESTIONABLE
2024,15,LAC,LB,Denzel Perryman,00-0032103,Questionable,Groin,Limited Participation in Practice,Denzel Perryman,QUESTIONABLE
2024,15,LV,CB,Nate Hobbs,00-0036871,,,Full Participation in Practice,Nate Hobbs,
2024,15,LV,RB,Alexander Mattison,00-0034972,,,Full Participation in Practice,Alexander Mattison,
2024,15,LV,WR,Jakobi Meyers,00-0034960,,,Full Participation in Practice,Jakobi Meyers,
2024,15,LV,TE,Justin Shorter,00-0038590,,,Full Participation in Practice,Justin Shorter,
2024,15,LV,DE,Maxx Crosby,00-0034973,Out,Ankle,Did Not Participate In Practice,Maxx Crosby,OUT
2024,15,LV,CB,Sam Webb,00-0037516,Doubtful,Back,Did Not Participate In Practice,Sam Webb,DOUBTFUL
2024,15,LV,QB,Aidan O'Connell,00-0038579,Questionable,Knee,Did Not Participate In Practice,Aidan O'Connell,QUESTIONABLE
2024,15,LV,DT,Adam Butler,00-0033381,Questionable,Concussion,Full Participation in Practice,Adam Butler,QUESTIONABLE
2024,15,MIA,WR,Odell Beckham,00-0031235,,,Did Not Participate In Practice,Odell Beckham,
2024,15,MIA,DT,Calais Campbell,00-0026190,,,Did Not Participate In Practice,Calais Campbell,
2024,15,MIA,S,Jordan Poyer,00-0030114,,,Did Not Participate In Practice,Jordan Poyer,
2024,15,MIA,LB,Jordyn Brooks,00-0036409,,,Full Participation in Practice,Jordyn Brooks,
2024,15,MIA,WR,Tyreek Hill,00-0033040,,,Full Participation in Practice,Tyreek Hill,
2024,15,MIA,RB,Raheem Mostert,00-0031687,,,Full Participation in Practice,Raheem Mostert,
2024,15,MIA,LB,Anthony Walker,00-0033570,,,Full Participation in Practice,Anthony Walker,
2024,15,MIA,FB,Alec Ingold,00-0035125,,,Limited Participation in Practice,Alec Ingold,
2024,15,MIA,WR,Jaylen Waddle,00-0036613,,,Limited Participation in Practice,Jaylen Waddle,
2024,15,MIA,WR,D'Wayne Eskridge,00-0036620,Out,Knee,Did Not Participate In Practice,D'Wayne Eskridge,OUT
2024,15,MIA,T,Terron Armstead,00-0030067,Doubtful,Knee,Did Not Participate In Practice,Terron Armstead,DOUBTFUL
2024,15,MIA,LS,Blake Ferguson,00-0036217,Questionable,Illness,Full Participation in Practice,Blake Ferguson,QUESTIONABLE
2024,15,MIA,LB,Bradley Chubb,00-0034832,Questionable,Knee,Limited Participation in Practice,Bradley Chubb,QUESTIONABLE
2024,15,MIA,WR,Grant DuBose,00-0038507,Questionable,Shoulder,Limited Participation in Practice,Grant DuBose,QUESTIONABLE
2024,15,MIA,LB,Cameron Goode,00-0037315,Questionable,Knee,Limited Participation in Practice,Cameron Goode,QUESTIONABLE
2024,15,MIA,T,Kendall Lamm,00-0031921,Questionable,Back,Limited Participation in Practice,Kendall Lamm,QUESTIONABLE
2024,15,MIN,S,Harrison Smith,00-0029606,,,Did Not Participate In Practice,Harrison Smith,
2024,15,MIN,RB,Aaron Jones,00-0033293,,,Full Participation in Practice,Aaron Jones,
2024,15,MIN,DE,Patrick Jones,00-0037007,,,Full Participation in Practice,Patrick Jones,
2024,15,MIN,TE,Josh Oliver,00-0035249,,,Full Participation in Practice,Josh Oliver,
2024,15,MIN,DE,Andrew Van Ginkel,00-0035272,,,Full Participation in Practice,Andrew Van Ginkel,
2024,15,MIN,CB,Stephon Gilmore,00-0029542,Questionable,Hamstring,Limited Participation in Practice,Stephon Gilmore,QUESTIONABLE
2024,15,NE,S,Jaylinn Hawkins,00-0036302,,,Full Participation in Practice,Jaylinn Hawkins,
2024,15,NE,LB,Anfernee Jennings,00-0036193,,,Full Participation in Practice,Anfernee Jennings,
2024,15,NE,CB,Marcus Jones,00-0037253,,,Limited Participation in Practice,Marcus Jones,
2024,15,NE,S,Jabrill Peppers,00-0033883,,,Limited Participation in Practice,Jabrill Peppers,
2024,15,NE,LB,Sione Takitaki,00-0035646,,,Limited Participation in Practice,Sione Takitaki,
2024,15,NE,DE,Deatrich Wise,00-0033947,,,Limited Participation in Practice,Deatrich Wise,
2024,15,NE,WR,Javon Baker,00-0039853,Out,Concussion,Did Not Participate In Practice,Javon Baker,OUT
2024,15,NE,DT,Jaquelin Roy,00-0038584,Out,Foot,Did Not Participate In Practice,Jaquelin Roy,OUT
2024,15,NE,T,Caedan Wallace,00-0039863,Out,Ankle,Limited Participation in Practice,Caedan Wallace,OUT
2024,15,NE,DT,Christian Barmore,00-0036981,Questionable,Not injury related - other,Limited Participation in Practice,Christian Barmore,QUESTIONABLE
2024,15,NE,S,Kyle Dugger,00-0036231,Questionable,Ankle,Limited Participation in Practice,Kyle Dugger,QUESTIONABLE
2024,15,NE,CB,Christian Gonzalez,00-0039147,Questionable,Shoulder,Limited Participation in Practice,Christian Gonzalez,QUESTIONABLE
2024,15,NE,T,Vederian Lowe,00-0037287,Questionable,Shoulder,Limited Participation in Practice,Vederian Lowe,QUESTIONABLE
2024,15,NE,G,Cole Strange,00-0038103,Questionable,Knee,Limited Participation in Practice,Cole Strange,QUESTIONABLE
2024,15,NO,TE,Juwan Johnson,00-0036040,,,Full Participation in Practice,Juwan Johnson,
2024,15,NO,RB,Alvin Kamara,00-0033906,,,Full Participation in Practice,Alvin Kamara,
2024,15,NO,LB,D'Marco Jackson,00-0037271,Out,Ankle,Did Not Participate In Practice,D'Marco Jackson,OUT
2024,15,NO,WR,Bub Means,00-0039386,Out,Ankle,Did Not Participate In Practice,Bub Means,OUT
2024,15,NO,QB,Derek Carr,00-0031280,Doubtful,Left Hand,Did Not Participate In Practice,Derek Carr,DOUBTFUL
2024,15,NO,DE,Tanoh Kpassagnon,00-0033902,Questionable,Achilles,Full Participation in Practice,Tanoh Kpassagnon,QUESTIONABLE
2024,15,NYG,CB,Art Green,00-0038788,,,Full Participation in Practice,Art Green,
2024,15,NYG,S,Dane Belton,00-0038123,,,Limited Participation in Practice,Dane Belton,
2024,15,NYG,T,Jermaine Eluemunor,00-0033290,,,Limited Participation in Practice,Jermaine Eluemunor,
2024,15,NYG,G,Joshua Ezeudu,00-0037807,,,Limited Participation in Practice,Joshua Ezeudu,
2024,15,NYG,WR,Bryce Ford-Wheaton,00-0038477,,,Limited Participation in Practice,Bryce Ford-Wheaton,
2024,15,NYG,WR,Malik Nabers,00-0039337,,,Limited Participation in Practice,Malik Nabers,
2024,15,NYG,T,Evan Neal,00-0037612,,,Limited Participation in Practice,Evan Neal,
2024,15,NYG,DT,Jordon Riley,00-0038506,,,Limited Participation in Practice,Jordon Riley,
2024,15,NYG,C,John Michael Schmitz,00-0039019,,,Limited Participation in Practice,John Michael Schmitz,
2024,15,NYG,DT,Rakeem Nunez-Roches,00-0031957,Out,Neck,Did Not Participate In Practice,Rakeem Nunez-Roches,OUT
2024,15,NYG,LB,Bobby Okereke,00-0035687,Out,Back,Did Not Participate In Practice,Bobby Okereke,OUT
2024,15,NYG,CB,Andru Phillips,00-0039821,Out,Shoulder,Did Not Participate In Practice,Andru Phillips,OUT
2024,15,NYG,G,Jon Runyan,00-0036246,Out,Ankle,Did Not Participate In Practice,Jon Runyan,OUT
2024,15,NYG,QB,Drew Lock,00-0035704,Doubtful,Heel,Did Not Participate In Practice,Drew Lock,DOUBTFUL
2024,15,NYG,CB,Cordale Flott,00-0037758,Doubtful,Quadricep,Limited Participation in Practice,Cordale Flott,DOUBTFUL
2024,15,NYG,LB,Dyontae Johnson,00-0038479,Questionable,Ankle,Full Participation in Practice,Dyontae Johnson,QUESTIONABLE
2024,15,NYG,CB,Deonte Banks,00-0039000,Questionable,Rib,Limited Participation in Practice,Deonte Banks,QUESTIONABLE
2024,15,NYG,T,Christopher Hubbard,00-0029963,Questionable,Knee,Limited Participation in Practice,Christopher Hubbard,QUESTIONABLE
2024,15,NYG,C,Austin Schlottmann,00-0034112,Questionable,Fibula,Limited Participation in Practice,Austin Schlottmann,QUESTIONABLE
2024,15,NYJ,WR,Davante Adams,00-0031381,,,Full Participation in Practice,Davante Adams,
2024,15,NYJ,CB,Michael Carter,00-0036501,,,Full Participation in Practice,Michael Carter,
2024,15,NYJ,T,Olu Fashanu,00-0039790,,,Full Participation in Practice,Olu Fashanu,
2024,15,NYJ,CB,Ahmad Gardner,00-0037190,,,Full Participation in Practice,Ahmad Gardner,
2024,15,NYJ,DE,Haason Reddick,00-0033875,,,Full Participation in Practice,Haason Reddick,
2024,15,NYJ,TE,Tyler Conklin,00-0034270,Out,Not injury related - personal matter,"
    ",Tyler Conklin,OUT
2024,15,NYJ,CB,Brandin Echols,00-0036504,Out,Shoulder,Did Not Participate In Practice,Brandin Echols,OUT
2024,15,NYJ,RB,Kene Nwangwu,00-0036842,Out,Hand,Did Not Participate In Practice,Kene Nwangwu,OUT
2024,15,NYJ,G,Xavier Newman-Johnson,00-0037601,Doubtful,Groin,Did Not Participate In Practice,Xavier Newman-Johnson,DOUBTFUL
2024,15,NYJ,CB,D.J. Reed,00-0034384,Doubtful,Groin,Did Not Participate In Practice,D.J. Reed,DOUBTFUL
2024,15,NYJ,TE,Tyler Conklin,00-0034270,Questionable,Not injury related - personal matter,"
    ",Tyler Conklin,QUESTIONABLE
2024,15,NYJ,RB,Breece Hall,00-0038120,Questionable,Knee,Full Participation in Practice,Breece Hall,QUESTIONABLE
2024,15,NYJ,T,Morgan Moses,00-0031330,Questionable,Wrist,Limited Participation in Practice,Morgan Moses,QUESTIONABLE
2024,15,NYJ,G,Alijah Vera-Tucker,00-0036979,Questionable,Ankle,Limited Participation in Practice,Alijah Vera-Tucker,QUESTIONABLE
2024,15,PHI,T,Mekhi Becton,00-0036284,,,Full Participation in Practice,Mekhi Becton,
2024,15,PHI,S,Reed Blankenship,00-0037130,,,Full Participation in Practice,Reed Blankenship,
2024,15,PHI,S,Sydney Brown,00-0039002,,,Full Participation in Practice,Sydney Brown,
2024,15,PHI,WR,A.J. Brown,00-0035676,,,Full Participation in Practice,A.J. Brown,
2024,15,PHI,DT,Jalen Carter,00-0038386,,,Full Participation in Practice,Jalen Carter,
2024,15,PHI,LB,Nakobe Dean,00-0037615,,,Full Participation in Practice,Nakobe Dean,
2024,15,PHI,CB,Cooper DeJean,00-0039841,,,Full Participation in Practice,Cooper DeJean,
2024,15,PHI,G,Landon Dickerson,00-0037002,,,Full Participation in Practice,Landon Dickerson,
2024,15,PHI,S,Chauncey Gardner-Johnson,00-0035253,,,Full Participation in Practice,Chauncey Gardner-Johnson,
2024,15,PHI,QB,Jalen Hurts,00-0036389,,,Full Participation in Practice,Jalen Hurts,
2024,15,PHI,T,Lane Johnson,00-0030561,,,Full Participation in Practice,Lane Johnson,
2024,15,PHI,CB,Darius Slay,00-0030062,,,Full Participation in Practice,Darius Slay,
2024,15,PHI,LB,Josh Sweat,00-0034381,,,Full Participation in Practice,Josh Sweat,
2024,15,PHI,WR,Britain Covey,00-0037132,Out,Neck,Full Participation in Practice,Britain Covey,OUT
2024,15,PHI,WR,Johnny Wilson,00-0039236,Questionable,Illness,Did Not Participate In Practice,Johnny Wilson,QUESTIONABLE
2024,15,PIT,RB,Najee Harris,00-0036893,,,Full Participation in Practice,Najee Harris,
2024,15,PIT,DT,Cameron Heyward,00-0027969,,,Full Participation in Practice,Cameron Heyward,
2024,15,PIT,RB,Cordarrelle Patterson,00-0030578,,,Full Participation in Practice,Cordarrelle Patterson,
2024,15,PIT,TE,MyCole Pruitt,00-0031585,,,Full Participation in Practice,MyCole Pruitt,
2024,15,PIT,LB,Patrick Queen,00-0036323,,,Full Participation in Practice,Patrick Queen,
2024,15,PIT,LB,Elandon Roberts,00-0032442,,,Full Participation in Practice,Elandon Roberts,
2024,15,PIT,G,Isaac Seumalo,00-0032954,,,Full Participation in Practice,Isaac Seumalo,
2024,15,PIT,WR,Mike Williams,00-0033536,,,Full Participation in Practice,Mike Williams,
2024,15,PIT,LB,T.J. Watt,00-0033886,,,Limited Participation in Practice,T.J. Watt,
2024,15,PIT,S,DeShon Elliott,00-0034277,Out,Hamstring,Did Not Participate In Practice,DeShon Elliott,OUT
2024,15,PIT,DT,Larry Ogunjobi,00-0033905,Out,Groin,Did Not Participate In Practice,Larry Ogunjobi,OUT
2024,15,PIT,WR,George Pickens,00-0037247,Out,Hamstring,Did Not Participate In Practice,George Pickens,OUT
2024,15,PIT,DT,Montravius Adams,00-0033929,Questionable,Knee,Full Participation in Practice,Montravius Adams,QUESTIONABLE
2024,15,PIT,T,Calvin Anderson,00-0034957,Questionable,Groin,Limited Participation in Practice,Calvin Anderson,QUESTIONABLE
2024,15,SEA,DT,Johnathan Hankins,00-0030063,,,Full Participation in Practice,Johnathan Hankins,
2024,15,SEA,LB,Ernest Jones,00-0036994,,,Full Participation in Practice,Ernest Jones,
2024,15,SEA,WR,Tyler Lockett,00-0032211,,,Full Participation in Practice,Tyler Lockett,
2024,15,SEA,T,Abraham Lucas,00-0037812,,,Full Participation in Practice,Abraham Lucas,
2024,15,SEA,LB,Boye Mafe,00-0038133,,,Full Participation in Practice,Boye Mafe,
2024,15,SEA,WR,DK Metcalf,00-0035640,,,Full Participation in Practice,DK Metcalf,
2024,15,SEA,LB,Uchenna Nwosu,00-0034350,,,Full Participation in Practice,Uchenna Nwosu,
2024,15,SEA,DT,Jarran Reed,00-0032387,,,Full Participation in Practice,Jarran Reed,
2024,15,SEA,G,Laken Tomlinson,00-0032234,,,Full Participation in Practice,Laken Tomlinson,
2024,15,SEA,DT,Leonard Williams,00-0031933,,,Full Participation in Practice,Leonard Williams,
2024,15,SEA,P,Michael Dickson,00-0034160,,,Limited Participation in Practice,Michael Dickson,
2024,15,SEA,CB,Tre Brown,00-0036885,Out,Hamstring,Did Not Participate In Practice,Tre Brown,OUT
2024,15,SEA,S,Jerrick Reed,00-0038613,Out,Quadricep,Did Not Participate In Practice,Jerrick Reed,OUT
2024,15,SEA,TE,Brady Russell,00-0038488,Out,Foot,Did Not Participate In Practice,Brady Russell,OUT
2024,15,SEA,S,K'Von Wallace,00-0036395,Out,Ankle,Full Participation in Practice,K'Von Wallace,OUT
2024,15,SEA,RB,Kenneth Walker,00-0038134,Doubtful,Calf,Did Not Participate In Practice,Kenneth Walker,DOUBTFUL
2024,15,SEA,CB,Artie Burns,00-0033103,Doubtful,Toe,Full Participation in Practice,Artie Burns,DOUBTFUL
2024,15,SEA,T,Stone Forsythe,00-0036653,Doubtful,Hand,Full Participation in Practice,Stone Forsythe,DOUBTFUL
2024,15,SF,G,Aaron Banks,00-0036551,,,Full Participation in Practice,Aaron Banks,
2024,15,SF,LB,Demetrius Flannigan-Fowles,00-0035020,,,Full Participation in Practice,Demetrius Flannigan-Fowles,
2024,15,SF,DE,Yetur Gross-Matos,00-0036288,,,Full Participation in Practice,Yetur Gross-Matos,
2024,15,SF,S,Talanoa Hufanga,00-0036564,,,Full Participation in Practice,Talanoa Hufanga,
2024,15,SF,DE,Sam Okuayinonu,00-0037602,,,Full Participation in Practice,Sam Okuayinonu,
2024,15,SF,LB,Dee Winters,00-0038625,,,Full Participation in Practice,Dee Winters,
2024,15,SF,G,Ben Bartch,00-0036272,Out,Ankle,Did Not Participate In Practice,Ben Bartch,OUT
2024,15,SF,S,Malik Mustapha,00-0039360,Out,Chest,Did Not Participate In Practice,Malik Mustapha,OUT
2024,15,SF,T,Trent Williams,00-0027857,Out,Ankle,Did Not Participate In Practice,Trent Williams,OUT
2024,15,SF,LB,Dre Greenlaw,00-0034982,Questionable,Achilles,Full Participation in Practice,Dre Greenlaw,QUESTIONABLE
2024,15,SF,DE,Nick Bosa,00-0035717,Questionable,Hip,Limited Participation in Practice,Nick Bosa,QUESTIONABLE
2024,15,SF,DT,Khalil Davis,00-0036430,Questionable,Knee,Limited Participation in Practice,Khalil Davis,QUESTIONABLE
2024,15,SF,RB,Isaac Guerendo,00-0039363,Questionable,Foot,Limited Participation in Practice,Isaac Guerendo,QUESTIONABLE
2024,15,TB,G,Ben Bredeson,00-0036132,,,Did Not Participate In Practice,Ben Bredeson,
2024,15,TB,DE,William Gholston,00-0030386,,,Did Not Participate In Practice,William Gholston,
2024,15,TB,DT,Greg Gaines,00-0035667,,,Full Participation in Practice,Greg Gaines,
2024,15,TB,DE,Logan Hall,00-0038127,,,Full Participation in Practice,Logan Hall,
2024,15,TB,WR,Rakim Jarrett,00-0038821,,,Full Participation in Practice,Rakim Jarrett,
2024,15,TB,TE,Ko Kieft,00-0037311,,,Full Participation in Practice,Ko Kieft,
2024,15,TB,S,Tykee Smith,00-0039846,,,Full Participation in Practice,Tykee Smith,
2024,15,TB,LB,Lavonte David,00-0029562,,,Limited Participation in Practice,Lavonte David,
2024,15,TB,WR,Mike Evans,00-0031408,,,Limited Participation in Practice,Mike Evans,
2024,15,TB,T,Tristan Wirfs,00-0036406,,,Limited Participation in Practice,Tristan Wirfs,
2024,15,TB,LB,K.J. Britt,00-0036643,Out,Ankle,Did Not Participate In Practice,K.J. Britt,OUT
2024,15,TB,S,Mike Edwards,00-0035681,Out,Hamstring,Did Not Participate In Practice,Mike Edwards,OUT
2024,15,TB,S,Antoine Winfield,00-0036411,Out,Knee,Did Not Participate In Practice,Antoine Winfield,OUT
2024,15,TB,WR,Kameron Johnson,00-0039589,Out,Ankle,Full Participation in Practice,Kameron Johnson,OUT
2024,15,TB,LB,Markees Watts,00-0038958,Out,Knee,Full Participation in Practice,Markees Watts,OUT
2024,15,TB,CB,Josh Hayes,00-0039051,Questionable,Hamstring,Full Participation in Practice,Josh Hayes,QUESTIONABLE
2024,15,TB,LB,J.J. Russell,00-0037491,Questionable,Hamstring,Full Participation in Practice,J.J. Russell,QUESTIONABLE
2024,15,TB,LB,Joe Tryon,00-0036967,Questionable,Ankle,Full Participation in Practice,Joe Tryon,QUESTIONABLE
2024,15,TB,RB,Bucky Irving,00-0039361,Questionable,Back,Limited Participation in Practice,Bucky Irving,QUESTIONABLE
2024,15,TB,S,Christian Izien,00-0038820,Questionable,Groin,Limited Participation in Practice,Christian Izien,QUESTIONABLE
2024,15,TB,WR,Sterling Shepard,00-0032385,Questionable,Foot,Limited Participation in Practice,Sterling Shepard,QUESTIONABLE
2024,15,TEN,LB,Jerome Baker,00-0034797,,,Full Participation in Practice,Jerome Baker,
2024,15,TEN,WR,Tyler Boyd,00-0033009,,,Full Participation in Practice,Tyler Boyd,
2024,15,TEN,K,Nick Folk,00-0025565,,,Full Participation in Practice,Nick Folk,
2024,15,TEN,LB,Luke Gifford,00-0035413,,,Full Participation in Practice,Luke Gifford,
2024,15,TEN,T,J.C. Latham,00-0039731,,,Full Participation in Practice,J.C. Latham,
2024,15,TEN,QB,Will Levis,00-0039152,,,Full Participation in Practice,Will Levis,
2024,15,TEN,LB,Kenneth Murray,00-0036441,,,Full Participation in Practice,Kenneth Murray,
2024,15,TEN,DT,Jeffery Simmons,00-0035643,,,Full Participation in Practice,Jeffery Simmons,
2024,15,TEN,G,Peter Skoronski,00-0039034,,,Full Participation in Practice,Peter Skoronski,
2024,15,TEN,DT,T'Vondre Sweat,00-0039886,,,Full Participation in Practice,T'Vondre Sweat,
2024,15,TEN,LB,Otis Reese,00-0038853,Questionable,Ankle,Did Not Participate In Practice,Otis Reese,QUESTIONABLE
2024,15,TEN,T,Jaelyn Duncan,00-0038607,Questionable,Hamstring,Full Participation in Practice,Jaelyn Duncan,QUESTIONABLE
2024,15,TEN,CB,Roger McCreary,00-0038125,Questionable,Shoulder,Limited Participation in Practice,Roger McCreary,QUESTIONABLE
2024,15,TEN,RB,Tony Pollard,00-0035261,Questionable,Ankle,Limited Participation in Practice,Tony Pollard,QUESTIONABLE
2024,15,WAS,TE,Zach Ertz,00-0030061,,,Full Participation in Practice,Zach Ertz,
2024,15,WAS,LB,Dante Fowler,00-0032052,,,Full Participation in Practice,Dante Fowler,
2024,15,WAS,CB,Noah Igbinoghene,00-0036287,,,Full Participation in Practice,Noah Igbinoghene,
2024,15,WAS,CB,Marshon Lattimore,00-0033874,,,Full Participation in Practice,Marshon Lattimore,
2024,15,WAS,LB,Jordan Magee,00-0039368,,,Full Participation in Practice,Jordan Magee,
2024,15,WAS,S,Quan Martin,00-0039149,,,Full Participation in Practice,Quan Martin,
2024,15,WAS,T,Andrew Wylie,00-0033831,,,Full Participation in Practice,Andrew Wylie,
2024,15,WAS,DE,Clelin Ferrell,00-0035692,,,Limited Participation in Practice,Clelin Ferrell,
2024,15,WAS,WR,Noah Brown,00-0033591,Out,kidney,Did Not Participate In Practice,Noah Brown,OUT
2024,15,WAS,C,Tyler Biadasz,00-0036376,Questionable,Illness,"
    ",Tyler Biadasz,QUESTIONABLE
2024,15,WAS,DT,Daron Payne,00-0034333,Questionable,Back,Did Not Participate In Practice,Daron Payne,QUESTIONABLE
2024,15,WAS,WR,Jamison Crowder,00-0031941,Questionable,Calf,Full Participation in Practice,Jamison Crowder,QUESTIONABLE
2024,15,WAS,K,Zane Gonzalez,00-0033862,Questionable,Left Foot,Full Participation in Practice,Zane Gonzalez,QUESTIONABLE
2024,16,ARI,T,Kelvin Beachum,00-0029316,,,Full Participation in Practice,Kelvin Beachum,
2024,16,ARI,S,Joey Blount,00-0037141,,,Full Participation in Practice,Joey Blount,
2024,16,ARI,LB,Zaven Collins,00-0036933,,,Full Participation in Practice,Zaven Collins,
2024,16,ARI,CB,Max Melton,00-0039807,,,Full Participation in Practice,Max Melton,
2024,16,ARI,LB,Kyzir White,00-0034375,,,Full Participation in Practice,Kyzir White,
2024,16,ARI,DT,Darius Robinson,00-0039854,,,Limited Participation in Practice,Darius Robinson,
2024,16,ARI,RB,Trey Benson,00-0039921,Out,Ankle,Did Not Participate In Practice,Trey Benson,OUT
2024,16,ARI,T,Paris Johnson,00-0038540,Out,Knee,Did Not Participate In Practice,Paris Johnson,OUT
2024,16,ARI,LB,Jesse Luketa,00-0037330,Out,Thigh,Did Not Participate In Practice,Jesse Luketa,OUT
2024,16,ARI,LB,Mack Wilson,00-0035144,Out,Concussion,Did Not Participate In Practice,Mack Wilson,OUT
2024,16,ARI,CB,Elijah Jones,00-0039823,Out,Ankle,Limited Participation in Practice,Elijah Jones,OUT
2024,16,ARI,K,Matt Prater,00-0023853,Out,Left Knee,Limited Participation in Practice,Matt Prater,OUT
2024,16,ARI,C,Hjalte Froholdt,00-0035258,Questionable,Illness,"
    ",Hjalte Froholdt,QUESTIONABLE
2024,16,ARI,G,Evan Brown,00-0034495,Questionable,Neck,Did Not Participate In Practice,Evan Brown,QUESTIONABLE
2024,16,ARI,RB,DeeJay Dallas,00-0036425,Questionable,Illness,Did Not Participate In Practice,DeeJay Dallas,QUESTIONABLE
2024,16,ARI,DT,Roy Lopez,00-0036568,Questionable,Ankle,Limited Participation in Practice,Roy Lopez,QUESTIONABLE
2024,16,ARI,CB,Sean Murphy-Bunting,00-0035239,Questionable,Hand,Limited Participation in Practice,Sean Murphy-Bunting,QUESTIONABLE
2024,16,ATL,TE,Charlie Woerner,00-0036429,,,Did Not Participate In Practice,Charlie Woerner,
2024,16,ATL,TE,Ross Dwelley,00-0034073,,,Full Participation in Practice,Ross Dwelley,
2024,16,ATL,S,Richie Grant,00-0036961,,,Full Participation in Practice,Richie Grant,
2024,16,ATL,DE,Demone Harris,00-0034612,,,Full Participation in Practice,Demone Harris,
2024,16,ATL,T,Kaleb McGary,00-0035235,,,Full Participation in Practice,Kaleb McGary,
2024,16,ATL,DE,Zach Harrison,00-0038980,,,Limited Participation in Practice,Zach Harrison,
2024,16,ATL,LB,Nate Landman,00-0037587,,,Limited Participation in Practice,Nate Landman,
2024,16,ATL,G,Chris Lindstrom,00-0035630,,,Limited Participation in Practice,Chris Lindstrom,
2024,16,ATL,WR,Drake London,00-0037238,,,Limited Participation in Practice,Drake London,
2024,16,ATL,WR,Darnell Mooney,00-0036309,,,Limited Participation in Practice,Darnell Mooney,
2024,16,ATL,DE,Ruke Orhorhoro,00-0039733,,,Limited Participation in Practice,Ruke Orhorhoro,
2024,16,ATL,WR,Casey Washington,00-0039394,Out,Concussion,Limited Participation in Practice,Casey Washington,OUT
2024,16,ATL,LB,Lorenzo Carter,00-0034360,Questionable,Groin,Limited Participation in Practice,Lorenzo Carter,QUESTIONABLE
2024,16,ATL,WR,KhaDarel Hodge,00-0034854,Questionable,Ribs,Limited Participation in Practice,KhaDarel Hodge,QUESTIONABLE
2024,16,BAL,RB,Justice Hill,00-0034975,,,Full Participation in Practice,Justice Hill,
2024,16,BAL,LB,Adisa Isaac,00-0039791,,,Full Participation in Practice,Adisa Isaac,
2024,16,BAL,S,Sanoussi Kane,00-0039235,,,Full Participation in Practice,Sanoussi Kane,
2024,16,BAL,CB,T.J. Tampa,00-0039234,,,Full Participation in Practice,T.J. Tampa,
2024,16,BAL,S,Ar'Darius Washington,00-0036587,,,Full Participation in Practice,Ar'Darius Washington,
2024,16,BAL,CB,Jalyn Armour-Davis,00-0038119,Out,Hamstring,Did Not Participate In Practice,Jalyn Armour-Davis,OUT
2024,16,BAL,WR,Diontae Johnson,00-0035216,Out,Not injury related - personal matter,Did Not Participate In Practice,Diontae Johnson,OUT
2024,16,BAL,WR,Nelson Agholor,00-0031549,Questionable,Concussion,Did Not Participate In Practice,Nelson Agholor,QUESTIONABLE
2024,16,BAL,WR,Rashod Bateman,00-0036550,Questionable,Foot,Did Not Participate In Practice,Rashod Bateman,QUESTIONABLE
2024,16,BAL,G,Daniel Faalele,00-0038118,Questionable,Knee,Limited Participation in Practice,Daniel Faalele,QUESTIONABLE
2024,16,BAL,LB,Odafe Oweh,00-0036940,Questionable,Ankle,Limited Participation in Practice,Odafe Oweh,QUESTIONABLE
2024,16,BUF,T,Spencer Brown,00-0036976,,,Full Participation in Practice,Spencer Brown,
2024,16,BUF,DT,DeWayne Carter,00-0039873,,,Full Participation in Practice,DeWayne Carter,
2024,16,BUF,WR,Amari Cooper,00-0031544,,,Full Participation in Practice,Amari Cooper,
2024,16,BUF,T,Dion Dawkins,00-0033904,,,Full Participation in Practice,Dion Dawkins,
2024,16,BUF,TE,Dalton Kincaid,00-0038933,,,Full Participation in Practice,Dalton Kincaid,
2024,16,BUF,TE,Quintin Morris,00-0036590,,,Full Participation in Practice,Quintin Morris,
2024,16,BUF,DE,Dawuane Smoot,00-0033907,,,Full Participation in Practice,Dawuane Smoot,
2024,16,BUF,CB,Rasul Douglas,00-0033551,Questionable,Knee,Limited Participation in Practice,Rasul Douglas,QUESTIONABLE
2024,16,BUF,S,Damar Hamlin,00-0036888,Questionable,Rib,Limited Participation in Practice,Damar Hamlin,QUESTIONABLE
2024,16,BUF,LB,Matt Milano,00-0033571,Questionable,Biceps,Limited Participation in Practice,Matt Milano,QUESTIONABLE
2024,16,BUF,S,Taylor Rapp,00-0035663,Questionable,Neck,Limited Participation in Practice,Taylor Rapp,QUESTIONABLE
2024,16,BUF,WR,Curtis Samuel,00-0033282,Questionable,Rib,Limited Participation in Practice,Curtis Samuel,QUESTIONABLE
2024,16,BUF,LB,Baylon Spector,00-0037318,Questionable,Calf,Limited Participation in Practice,Baylon Spector,QUESTIONABLE
2024,16,BUF,LB,Dorian Williams,00-0038557,Questionable,Elbow,Limited Participation in Practice,Dorian Williams,QUESTIONABLE
2024,16,CAR,RB,Raheem Blackshear,00-0037429,,,Full Participation in Practice,Raheem Blackshear,
2024,16,CAR,S,Sam Franklin,00-0036037,,,Full Participation in Practice,Sam Franklin,
2024,16,CAR,CB,Jaycee Horn,00-0036944,,,Full Participation in Practice,Jaycee Horn,
2024,16,CAR,RB,Chuba Hubbard,00-0036555,,,Full Participation in Practice,Chuba Hubbard,
2024,16,CAR,LB,Josey Jewell,00-0034368,,,Full Participation in Practice,Josey Jewell,
2024,16,CAR,T,Taylor Moton,00-0033284,,,Full Participation in Practice,Taylor Moton,
2024,16,CAR,WR,Adam Thielen,00-0030035,,,Full Participation in Practice,Adam Thielen,
2024,16,CAR,LB,D.J. Wonnum,00-0036335,,,Full Participation in Practice,D.J. Wonnum,
2024,16,CAR,S,Xavier Woods,00-0033579,,,Full Participation in Practice,Xavier Woods,
2024,16,CAR,WR,Xavier Legette,00-0039342,Out,Hip,Did Not Participate In Practice,Xavier Legette,OUT
2024,16,CAR,T,Ikem Ekwonu,00-0037229,Questionable,Illness,Did Not Participate In Practice,Ikem Ekwonu,QUESTIONABLE
2024,16,CAR,G,Robert Hunt,00-0036325,Questionable,Illness,Did Not Participate In Practice,Robert Hunt,QUESTIONABLE
2024,16,CAR,DE,A'Shawn Robinson,00-0032889,Questionable,Knee,Did Not Participate In Practice,A'Shawn Robinson,QUESTIONABLE
2024,16,CAR,LB,Jadeveon Clowney,00-0031364,Questionable,Knee,Full Participation in Practice,Jadeveon Clowney,QUESTIONABLE
2024,16,CAR,WR,David Moore,00-0033589,Questionable,Concussion,Full Participation in Practice,David Moore,QUESTIONABLE
2024,16,CAR,WR,Jalen Coker,00-0039491,Questionable,Quadricep,Limited Participation in Practice,Jalen Coker,QUESTIONABLE
2024,16,CHI,RB,Roschon Johnson,00-0039021,,,Full Participation in Practice,Roschon Johnson,
2024,16,CHI,TE,Marcedes Lewis,00-0024243,,,Full Participation in Practice,Marcedes Lewis,
2024,16,CHI,DE,Darrell Taylor,00-0036413,,,Full Participation in Practice,Darrell Taylor,
2024,16,CHI,G,Ryan Bates,00-0035382,Out,Concussion,Did Not Participate In Practice,Ryan Bates,OUT
2024,16,CHI,RB,Travis Homer,00-0035594,Doubtful,Hamstring,Limited Participation in Practice,Travis Homer,DOUBTFUL
2024,16,CHI,CB,Jaylon Johnson,00-0036292,Questionable,Illness,Did Not Participate In Practice,Jaylon Johnson,QUESTIONABLE
2024,16,CHI,T,Braxton Jones,00-0037081,Questionable,Concussion,Full Participation in Practice,Braxton Jones,QUESTIONABLE
2024,16,CHI,DT,Gervon Dexter,00-0039070,Questionable,Knee,Limited Participation in Practice,Gervon Dexter,QUESTIONABLE
2024,16,CHI,G,Teven Jenkins,00-0036953,Questionable,Calf,Limited Participation in Practice,Teven Jenkins,QUESTIONABLE
2024,16,CIN,G,Cody Ford,00-0035238,,,Full Participation in Practice,Cody Ford,
2024,16,CIN,DE,Trey Hendrickson,00-0033935,,,Full Participation in Practice,Trey Hendrickson,
2024,16,CIN,DT,Kris Jenkins,00-0039908,,,Full Participation in Practice,Kris Jenkins,
2024,16,CIN,S,Geno Stone,00-0036199,,,Full Participation in Practice,Geno Stone,
2024,16,CIN,QB,Joe Burrow,00-0036442,,,Limited Participation in Practice,Joe Burrow,
2024,16,CIN,WR,Tee Higgins,00-0036410,,,Limited Participation in Practice,Tee Higgins,
2024,16,CIN,DE,Sam Hubbard,00-0034834,Out,Knee,Did Not Participate In Practice,Sam Hubbard,OUT
2024,16,CIN,TE,Tanner Hudson,00-0034613,Out,Knee,Did Not Participate In Practice,Tanner Hudson,OUT
2024,16,CIN,DT,Sheldon Rankins,00-0032759,Out,Illness,Did Not Participate In Practice,Sheldon Rankins,OUT
2024,16,CIN,G,Alex Cappa,00-0034678,Questionable,Concussion,Full Participation in Practice,Alex Cappa,QUESTIONABLE
2024,16,CIN,T,Orlando Brown,00-0034752,Questionable,Fibula,Limited Participation in Practice,Orlando Brown,QUESTIONABLE
2024,16,CIN,WR,Charlie Jones,00-0038576,Questionable,Groin,Limited Participation in Practice,Charlie Jones,QUESTIONABLE
2024,16,CLE,WR,Jerry Jeudy,00-0036407,,,Full Participation in Practice,Jerry Jeudy,
2024,16,CLE,CB,Cameron Mitchell,00-0038585,,,Full Participation in Practice,Cameron Mitchell,
2024,16,CLE,DE,Myles Garrett,00-0033868,,,Limited Participation in Practice,Myles Garrett,
2024,16,CLE,DT,Shelby Harris,00-0031270,Out,Elbow,Did Not Participate In Practice,Shelby Harris,OUT
2024,16,CLE,CB,Martin Emerson,00-0037250,Questionable,Concussion,Limited Participation in Practice,Martin Emerson,QUESTIONABLE
2024,16,CLE,TE,David Njoku,00-0033885,Questionable,Hamstring,Limited Participation in Practice,David Njoku,QUESTIONABLE
2024,16,CLE,WR,Cedric Tillman,00-0038979,Questionable,Concussion,Limited Participation in Practice,Cedric Tillman,QUESTIONABLE
2024,16,CLE,QB,Jameis Winston,00-0031503,Questionable,Right Shoulder,Limited Participation in Practice,Jameis Winston,QUESTIONABLE
2024,16,DAL,C,Cooper Beebe,00-0039348,,,Full Participation in Practice,Cooper Beebe,
2024,16,DAL,RB,Rico Dowdle,00-0036139,,,Full Participation in Practice,Rico Dowdle,
2024,16,DAL,T,Chuma Edoga,00-0035698,,,Full Participation in Practice,Chuma Edoga,
2024,16,DAL,S,Malik Hooker,00-0033877,,,Full Participation in Practice,Malik Hooker,
2024,16,DAL,WR,CeeDee Lamb,00-0036358,,,Full Participation in Practice,CeeDee Lamb,
2024,16,DAL,G,Tyler Smith,00-0037243,,,Full Participation in Practice,Tyler Smith,
2024,16,DAL,DT,Mazi Smith,00-0038545,,,Full Participation in Practice,Mazi Smith,
2024,16,DAL,S,Donovan Wilson,00-0035301,,,Full Participation in Practice,Donovan Wilson,
2024,16,DAL,WR,Jalen Brooks,00-0038640,Out,Knee,Did Not Participate In Practice,Jalen Brooks,OUT
2024,16,DAL,CB,Trevon Diggs,00-0036361,Out,Knee,Did Not Participate In Practice,Trevon Diggs,OUT
2024,16,DAL,G,T.J. Bass,00-0038731,Questionable,Thigh,Did Not Participate In Practice,T.J. Bass,QUESTIONABLE
2024,16,DAL,DE,Micah Parsons,00-0036932,Questionable,Illness,Did Not Participate In Practice,Micah Parsons,QUESTIONABLE
2024,16,DAL,LB,Eric Kendricks,00-0031554,Questionable,Not injury related - personal matter,Limited Participation in Practice,Eric Kendricks,QUESTIONABLE
2024,16,DAL,CB,Jourdan Lewis,00-0033928,Questionable,Elbow,Limited Participation in Practice,Jourdan Lewis,QUESTIONABLE
2024,16,DAL,S,Juanyeh Thomas,00-0037578,Questionable,Knee,Limited Participation in Practice,Juanyeh Thomas,QUESTIONABLE
2024,16,DAL,LB,Nick Vigil,00-0032892,Questionable,Foot,Limited Participation in Practice,Nick Vigil,QUESTIONABLE
2024,16,DEN,DE,John Franklin-Myers,00-0034805,,,Full Participation in Practice,John Franklin-Myers,
2024,16,DEN,DT,D.J. Jones,00-0033297,,,Full Participation in Practice,D.J. Jones,
2024,16,DEN,CB,Patrick Surtain,00-0036874,,,Full Participation in Practice,Patrick Surtain,
2024,16,DEN,RB,Jaleel McLaughlin,00-0038794,Out,Quadricep,Did Not Participate In Practice,Jaleel McLaughlin,OUT
2024,16,DEN,CB,Riley Moss,00-0038552,Out,Knee,Limited Participation in Practice,Riley Moss,OUT
2024,16,DET,T,Taylor Decker,00-0032381,,,Full Participation in Practice,Taylor Decker,
2024,16,DET,LB,Trevor Nowaske,00-0038660,,,Full Participation in Practice,Trevor Nowaske,
2024,16,DET,C,Frank Ragnow,00-0034345,,,Full Participation in Practice,Frank Ragnow,
2024,16,DET,DT,D.J. Reader,00-0032424,,,Full Participation in Practice,D.J. Reader,
2024,16,DET,DE,Za'Darius Smith,00-0031576,,,Full Participation in Practice,Za'Darius Smith,
2024,16,DET,WR,Amon-Ra St. Brown,00-0036963,,,Full Participation in Practice,Amon-Ra St. Brown,
2024,16,DET,G,Kevin Zeitler,00-0029592,,,Full Participation in Practice,Kevin Zeitler,
2024,16,DET,RB,David Montgomery,00-0035685,Out,Knee,Did Not Participate In Practice,David Montgomery,OUT
2024,16,DET,LB,Jalen Reeves-Maybin,00-0033557,Out,Neck,Limited Participation in Practice,Jalen Reeves-Maybin,OUT
2024,16,DET,S,Ifeatu Melifonwu,00-0036993,Questionable,Hand,Full Participation in Practice,Ifeatu Melifonwu,QUESTIONABLE
2024,16,DET,S,Brian Branch,00-0039141,Questionable,Calf,Limited Participation in Practice,Brian Branch,QUESTIONABLE
2024,16,DET,G,Graham Glasgow,00-0032395,Questionable,Knee,Limited Participation in Practice,Graham Glasgow,QUESTIONABLE
2024,16,GB,S,Javon Bullard,00-0039867,Out,Ankle,Did Not Participate In Practice,Javon Bullard,OUT
2024,16,GB,LB,Quay Walker,00-0037074,Out,Ankle,Did Not Participate In Practice,Quay Walker,OUT
2024,16,GB,CB,Jaire Alexander,00-0034728,Questionable,Knee,Full Participation in Practice,Jaire Alexander,QUESTIONABLE
2024,16,GB,CB,Corey Ballentine,00-0035633,Questionable,Knee,Full Participation in Practice,Corey Ballentine,QUESTIONABLE
2024,16,GB,TE,Luke Musgrave,00-0039144,Questionable,Ankle,Limited Participation in Practice,Luke Musgrave,QUESTIONABLE
2024,16,GB,S,Evan Williams,00-0039813,Questionable,Quadricep,Limited Participation in Practice,Evan Williams,QUESTIONABLE
2024,16,HOU,G,Nick Broeker,00-0038633,,,Full Participation in Practice,Nick Broeker,
2024,16,HOU,G,Kenyon Green,00-0037613,,,Full Participation in Practice,Kenyon Green,
2024,16,HOU,QB,Davis Mills,00-0036898,,,Full Participation in Practice,Davis Mills,
2024,16,HOU,LB,Del'Shawn Phillips,00-0035202,,,Full Participation in Practice,Del'Shawn Phillips,
2024,16,HOU,RB,Joe Mixon,00-0033897,,,Limited Participation in Practice,Joe Mixon,
2024,16,HOU,DT,Folorunso Fatukasi,00-0034275,Out,Ankle,Did Not Participate In Practice,Folorunso Fatukasi,OUT
2024,16,HOU,WR,John Metchie,00-0037614,Out,Shoulder,Did Not Participate In Practice,John Metchie,OUT
2024,16,HOU,C,Juice Scruggs,00-0038936,Out,Foot,Did Not Participate In Practice,Juice Scruggs,OUT
2024,16,HOU,TE,Cade Stover,00-0039359,Out,Illness,Did Not Participate In Practice,Cade Stover,OUT
2024,16,HOU,LB,Christian Harris,00-0037823,Questionable,Ankle,Did Not Participate In Practice,Christian Harris,QUESTIONABLE
2024,16,IND,DT,DeForest Buckner,00-0032378,,,Did Not Participate In Practice,DeForest Buckner,
2024,16,IND,LB,Zaire Franklin,00-0034431,,,Did Not Participate In Practice,Zaire Franklin,
2024,16,IND,C,Ryan Kelly,00-0032383,,,Did Not Participate In Practice,Ryan Kelly,
2024,16,IND,DT,Grover Stewart,00-0033952,,,Did Not Participate In Practice,Grover Stewart,
2024,16,IND,LB,Jaylon Carlies,00-0039377,,,Full Participation in Practice,Jaylon Carlies,
2024,16,IND,DE,Laiatu Latu,00-0039340,,,Full Participation in Practice,Laiatu Latu,
2024,16,IND,DE,Tyquan Lewis,00-0034359,,,Full Participation in Practice,Tyquan Lewis,
2024,16,IND,WR,Michael Pittman,00-0036252,,,Full Participation in Practice,Michael Pittman,
2024,16,IND,LB,E.J. Speed,00-0034987,Out,Knee,Did Not Participate In Practice,E.J. Speed,OUT
2024,16,IND,WR,Alec Pierce,00-0037664,Out,Concussion,Limited Participation in Practice,Alec Pierce,OUT
2024,16,IND,TE,Mo Alie-Cox,00-0033217,Questionable,Hip,Full Participation in Practice,Mo Alie-Cox,QUESTIONABLE
2024,16,IND,WR,Ashton Dulin,00-0035021,Questionable,Ankle,Full Participation in Practice,Ashton Dulin,QUESTIONABLE
2024,16,IND,K,Matt Gay,00-0035269,Questionable,Neck,Full Participation in Practice,Matt Gay,QUESTIONABLE
2024,16,IND,CB,Julius Brents,00-0039156,Questionable,Knee,Limited Participation in Practice,Julius Brents,QUESTIONABLE
2024,16,JAX,G,Ezra Cleveland,00-0036327,,,Limited Participation in Practice,Ezra Cleveland,
2024,16,JAX,T,Walker Little,00-0036975,,,Limited Participation in Practice,Walker Little,
2024,16,JAX,G,Brandon Scherff,00-0032053,,,Limited Participation in Practice,Brandon Scherff,
2024,16,JAX,TE,Brenton Strange,00-0038935,,,Limited Participation in Practice,Brenton Strange,
2024,16,KC,WR,Marquise Brown,00-0035662,,,Full Participation in Practice,Marquise Brown,
2024,16,KC,K,Harrison Butker,00-0033303,,,Full Participation in Practice,Harrison Butker,
2024,16,KC,C,Creed Humphrey,00-0036623,,,Full Participation in Practice,Creed Humphrey,
2024,16,KC,QB,Patrick Mahomes,00-0033873,,,Full Participation in Practice,Patrick Mahomes,
2024,16,KC,T,Jawaan Taylor,00-0035237,,,Full Participation in Practice,Jawaan Taylor,
2024,16,KC,CB,Chamarri Conner,00-0038982,Out,Concussion,Did Not Participate In Practice,Chamarri Conner,OUT
2024,16,KC,T,D.J. Humphries,00-0032222,Out,Hamstring,Did Not Participate In Practice,D.J. Humphries,OUT
2024,16,KC,LB,Leo Chenal,00-0037819,Questionable,Illness,"
    ",Leo Chenal,QUESTIONABLE
2024,16,LA,T,Rob Havenstein,00-0032242,,,Did Not Participate In Practice,Rob Havenstein,
2024,16,LA,T,Alaric Jackson,00-0036603,,,Did Not Participate In Practice,Alaric Jackson,
2024,16,LA,TE,Davis Allen,00-0039074,,,Full Participation in Practice,Davis Allen,
2024,16,LA,CB,Cobie Durant,00-0037839,,,Full Participation in Practice,Cobie Durant,
2024,16,LA,TE,Tyler Higbee,00-0033110,,,Full Participation in Practice,Tyler Higbee,
2024,16,LA,WR,Demarcus Robinson,00-0032775,,,Full Participation in Practice,Demarcus Robinson,
2024,16,LA,WR,Jordan Whittington,00-0039751,,,Full Participation in Practice,Jordan Whittington,
2024,16,LAC,CB,Kristian Fulton,00-0036416,,,Full Participation in Practice,Kristian Fulton,
2024,16,LAC,QB,Justin Herbert,00-0036355,,,Full Participation in Practice,Justin Herbert,
2024,16,LAC,TE,Will Dissly,00-0034159,Out,Shoulder,Did Not Participate In Practice,Will Dissly,OUT
2024,16,LAC,CB,Cam Hart,00-0039369,Out,Concussion,Did Not Participate In Practice,Cam Hart,OUT
2024,16,LAC,CB,Elijah Molden,00-0036992,Doubtful,Knee,Did Not Participate In Practice,Elijah Molden,DOUBTFUL
2024,16,LAC,TE,Hayden Hurst,00-0034830,Questionable,Hip,Full Participation in Practice,Hayden Hurst,QUESTIONABLE
2024,16,LAC,G,Zion Johnson,00-0037818,Questionable,Ankle,Full Participation in Practice,Zion Johnson,QUESTIONABLE
2024,16,LAC,LB,Denzel Perryman,00-0032103,Questionable,Groin,Full Participation in Practice,Denzel Perryman,QUESTIONABLE
2024,16,LAC,DT,Otito Ogbonnia,00-0037270,Questionable,Pelvis,Limited Participation in Practice,Otito Ogbonnia,QUESTIONABLE
2024,16,LV,RB,Alexander Mattison,00-0034972,,,Full Participation in Practice,Alexander Mattison,
2024,16,LV,WR,Jakobi Meyers,00-0034960,,,Full Participation in Practice,Jakobi Meyers,
2024,16,LV,QB,Aidan O'Connell,00-0038579,,,Full Participation in Practice,Aidan O'Connell,
2024,16,LV,QB,Desmond Ridder,00-0038122,,,Full Participation in Practice,Desmond Ridder,
2024,16,LV,G,Jordan Meredith,00-0036604,Doubtful,Ankle,Did Not Participate In Practice,Jordan Meredith,DOUBTFUL
2024,16,LV,CB,Nate Hobbs,00-0036871,Questionable,Illness,Did Not Participate In Practice,Nate Hobbs,QUESTIONABLE
2024,16,LV,LB,Kana'i Mauga,00-0037383,Questionable,Illness,Did Not Participate In Practice,Kana'i Mauga,QUESTIONABLE
2024,16,LV,CB,Sam Webb,00-0037516,Questionable,Back,Did Not Participate In Practice,Sam Webb,QUESTIONABLE
2024,16,MIA,DT,Calais Campbell,00-0026190,,,Did Not Participate In Practice,Calais Campbell,
2024,16,MIA,S,Jordan Poyer,00-0030114,,,Did Not Participate In Practice,Jordan Poyer,
2024,16,MIA,RB,Devon Achane,00-0039040,,,Full Participation in Practice,Devon Achane,
2024,16,MIA,FB,Alec Ingold,00-0035125,,,Full Participation in Practice,Alec Ingold,
2024,16,MIA,QB,Tua Tagovailoa,00-0036212,,,Full Participation in Practice,Tua Tagovailoa,
2024,16,MIA,LS,Blake Ferguson,00-0036217,Out,Illness,Did Not Participate In Practice,Blake Ferguson,OUT
2024,16,MIA,WR,D'Wayne Eskridge,00-0036620,Doubtful,Knee,Did Not Participate In Practice,D'Wayne Eskridge,DOUBTFUL
2024,16,MIA,WR,Jaylen Waddle,00-0036613,Doubtful,Knee,Did Not Participate In Practice,Jaylen Waddle,DOUBTFUL
2024,16,MIA,LB,Cameron Goode,00-0037315,Questionable,Knee,Full Participation in Practice,Cameron Goode,QUESTIONABLE
2024,16,MIA,T,Kendall Lamm,00-0031921,Questionable,Back,Full Participation in Practice,Kendall Lamm,QUESTIONABLE
2024,16,MIA,T,Terron Armstead,00-0030067,Questionable,Knee,Limited Participation in Practice,Terron Armstead,QUESTIONABLE
2024,16,MIA,LB,Bradley Chubb,00-0034832,Questionable,Knee,Limited Participation in Practice,Bradley Chubb,QUESTIONABLE
2024,16,MIA,WR,Tyreek Hill,00-0033040,Questionable,Wrist,Limited Participation in Practice,Tyreek Hill,QUESTIONABLE
2024,16,MIN,CB,Stephon Gilmore,00-0029542,,,Full Participation in Practice,Stephon Gilmore,
2024,16,MIN,DE,Patrick Jones,00-0037007,,,Full Participation in Practice,Patrick Jones,
2024,16,MIN,T,Brian O'Neill,00-0034158,,,Full Participation in Practice,Brian O'Neill,
2024,16,MIN,TE,Josh Oliver,00-0035249,,,Full Participation in Practice,Josh Oliver,
2024,16,MIN,DT,Harrison Phillips,00-0034782,,,Full Participation in Practice,Harrison Phillips,
2024,16,MIN,T,David Quessenberry,00-0030097,,,Full Participation in Practice,David Quessenberry,
2024,16,MIN,DE,Dallas Turner,00-0039924,,,Full Participation in Practice,Dallas Turner,
2024,16,MIN,CB,Fabian Moreau,00-0033918,Out,Hip,Did Not Participate In Practice,Fabian Moreau,OUT
2024,16,MIN,DT,Jalen Redmond,00-0038778,Out,Concussion,Did Not Participate In Practice,Jalen Redmond,OUT
2024,16,MIN,FB,C.J. Ham,00-0032918,Questionable,Ankle,Limited Participation in Practice,C.J. Ham,QUESTIONABLE
2024,16,MIN,S,Harrison Smith,00-0029606,Questionable,Foot,Limited Participation in Practice,Harrison Smith,QUESTIONABLE
2024,16,NE,DT,Christian Barmore,00-0036981,,,Did Not Participate In Practice,Christian Barmore,
2024,16,NE,WR,Javon Baker,00-0039853,,,Full Participation in Practice,Javon Baker,
2024,16,NE,CB,Christian Gonzalez,00-0039147,,,Full Participation in Practice,Christian Gonzalez,
2024,16,NE,LB,Anfernee Jennings,00-0036193,,,Full Participation in Practice,Anfernee Jennings,
2024,16,NE,T,Vederian Lowe,00-0037287,,,Full Participation in Practice,Vederian Lowe,
2024,16,NE,LB,Jahlani Tavai,00-0035240,,,Limited Participation in Practice,Jahlani Tavai,
2024,16,NE,DE,Deatrich Wise,00-0033947,,,Limited Participation in Practice,Deatrich Wise,
2024,16,NE,RB,Jamycal Hasty,00-0035806,Out,Ankle,Did Not Participate In Practice,Jamycal Hasty,OUT
2024,16,NE,CB,Marcus Jones,00-0037253,Out,Hip,Did Not Participate In Practice,Marcus Jones,OUT
2024,16,NE,S,Kyle Dugger,00-0036231,Questionable,Ankle,Limited Participation in Practice,Kyle Dugger,QUESTIONABLE
2024,16,NE,S,Jabrill Peppers,00-0033883,Questionable,Hamstring,Limited Participation in Practice,Jabrill Peppers,QUESTIONABLE
2024,16,NE,G,Cole Strange,00-0038103,Questionable,Knee,Limited Participation in Practice,Cole Strange,QUESTIONABLE
2024,16,NE,T,Caedan Wallace,00-0039863,Questionable,Ankle,Limited Participation in Practice,Caedan Wallace,QUESTIONABLE
2024,16,NE,DE,Keion White,00-0039148,Questionable,Groin,Limited Participation in Practice,Keion White,QUESTIONABLE
2024,16,NO,TE,Juwan Johnson,00-0036040,,,Full Participation in Practice,Juwan Johnson,
2024,16,NO,CB,Kool-Aid McKinstry,00-0039860,,,Full Participation in Practice,Kool-Aid McKinstry,
2024,16,NO,DE,Chase Young,00-0036321,,,Full Participation in Practice,Chase Young,
2024,16,NO,QB,Derek Carr,00-0031280,Out,Left Hand,Did Not Participate In Practice,Derek Carr,OUT
2024,16,NO,RB,Alvin Kamara,00-0033906,Out,Groin,Did Not Participate In Practice,Alvin Kamara,OUT
2024,16,NO,WR,Bub Means,00-0039386,Out,Ankle,Did Not Participate In Practice,Bub Means,OUT
2024,16,NO,WR,Chris Olave,00-0037239,Out,Head,Limited Participation in Practice,Chris Olave,OUT
2024,16,NO,WR,Marquez Valdes-Scantling,00-0034272,Questionable,Chest,Did Not Participate In Practice,Marquez Valdes-Scantling,QUESTIONABLE
2024,16,NYG,S,Dane Belton,00-0038123,,,Full Participation in Practice,Dane Belton,
2024,16,NYG,QB,Tommy DeVito,00-0038476,,,Full Participation in Practice,Tommy DeVito,
2024,16,NYG,DT,Cory Durden,00-0038653,,,Full Participation in Practice,Cory Durden,
2024,16,NYG,CB,Art Green,00-0038788,,,Full Participation in Practice,Art Green,
2024,16,NYG,QB,Drew Lock,00-0035704,,,Full Participation in Practice,Drew Lock,
2024,16,NYG,TE,Chris Manhertz,00-0031484,,,Full Participation in Practice,Chris Manhertz,
2024,16,NYG,WR,Wan'Dale Robinson,00-0038117,,,Full Participation in Practice,Wan'Dale Robinson,
2024,16,NYG,C,John Michael Schmitz,00-0039019,,,Full Participation in Practice,John Michael Schmitz,
2024,16,NYG,CB,Cordale Flott,00-0037758,,,Limited Participation in Practice,Cordale Flott,
2024,16,NYG,WR,Malik Nabers,00-0039337,,,Limited Participation in Practice,Malik Nabers,
2024,16,NYG,DT,Rakeem Nunez-Roches,00-0031957,,,Limited Participation in Practice,Rakeem Nunez-Roches,
2024,16,NYG,CB,Andru Phillips,00-0039821,,,Limited Participation in Practice,Andru Phillips,
2024,16,NYG,LB,Patrick Johnson,00-0036922,Out,Knee,Did Not Participate In Practice,Patrick Johnson,OUT
2024,16,NYG,LB,Bobby Okereke,00-0035687,Out,Back,Did Not Participate In Practice,Bobby Okereke,OUT
2024,16,NYG,G,Aaron Stinnie,00-0034668,Out,Concussion,Did Not Participate In Practice,Aaron Stinnie,OUT
2024,16,NYG,CB,Greg Stroman,00-0034337,Doubtful,Shoulder,Did Not Participate In Practice,Greg Stroman,DOUBTFUL
2024,16,NYG,LB,Dyontae Johnson,00-0038479,Questionable,Ankle,Full Participation in Practice,Dyontae Johnson,QUESTIONABLE
2024,16,NYG,C,Austin Schlottmann,00-0034112,Questionable,Fibula,Full Participation in Practice,Austin Schlottmann,QUESTIONABLE
2024,16,NYG,CB,Deonte Banks,00-0039000,Questionable,Rib,Limited Participation in Practice,Deonte Banks,QUESTIONABLE
2024,16,NYG,LB,Brian Burns,00-0035713,Questionable,Ankle,Limited Participation in Practice,Brian Burns,QUESTIONABLE
2024,16,NYG,RB,Tyrone Tracy,00-0039384,Questionable,Ankle,Limited Participation in Practice,Tyrone Tracy,QUESTIONABLE
2024,16,NYJ,RB,Isaiah Davis,00-0039798,,,Full Participation in Practice,Isaiah Davis,
2024,16,NYJ,CB,Brandin Echols,00-0036504,,,Full Participation in Practice,Brandin Echols,
2024,16,NYJ,T,Morgan Moses,00-0031330,,,Full Participation in Practice,Morgan Moses,
2024,16,NYJ,G,Xavier Newman-Johnson,00-0037601,,,Full Participation in Practice,Xavier Newman-Johnson,
2024,16,NYJ,CB,D.J. Reed,00-0034384,,,Full Participation in Practice,D.J. Reed,
2024,16,NYJ,LB,Quincy Williams,00-0035680,,,Full Participation in Practice,Quincy Williams,
2024,16,NYJ,CB,Michael Carter,00-0036501,Out,Back,Did Not Participate In Practice,Michael Carter,OUT
2024,16,NYJ,DT,Quinnen Williams,00-0035718,Questionable,Hamstring,Did Not Participate In Practice,Quinnen Williams,QUESTIONABLE
2024,16,NYJ,RB,Braelon Allen,00-0039794,Questionable,Back,Full Participation in Practice,Braelon Allen,QUESTIONABLE
2024,16,NYJ,DT,Leki Fotu,00-0036371,Questionable,Knee,Full Participation in Practice,Leki Fotu,QUESTIONABLE
2024,16,NYJ,G,Alijah Vera-Tucker,00-0036979,Questionable,Ankle,Full Participation in Practice,Alijah Vera-Tucker,QUESTIONABLE
2024,16,PHI,RB,Saquon Barkley,00-0034844,,,Full Participation in Practice,Saquon Barkley,
2024,16,PHI,T,Mekhi Becton,00-0036284,,,Full Participation in Practice,Mekhi Becton,
2024,16,PHI,QB,Jalen Hurts,00-0036389,,,Full Participation in Practice,Jalen Hurts,
2024,16,PHI,T,Lane Johnson,00-0030561,,,Full Participation in Practice,Lane Johnson,
2024,16,PHI,G,Cam Jurgens,00-0038112,,,Full Participation in Practice,Cam Jurgens,
2024,16,PHI,T,Jordan Mailata,00-0034429,,,Full Participation in Practice,Jordan Mailata,
2024,16,PHI,WR,DeVonta Smith,00-0036912,,,Full Participation in Practice,DeVonta Smith,
2024,16,PHI,WR,A.J. Brown,00-0035676,,,Limited Participation in Practice,A.J. Brown,
2024,16,PHI,G,Landon Dickerson,00-0037002,,,Limited Participation in Practice,Landon Dickerson,
2024,16,PHI,WR,Britain Covey,00-0037132,Out,Neck,Full Participation in Practice,Britain Covey,OUT
2024,16,PHI,DE,Bryce Huff,00-0036151,Out,Wrist,Limited Participation in Practice,Bryce Huff,OUT
2024,16,PHI,S,Sydney Brown,00-0039002,Questionable,Concussion,Full Participation in Practice,Sydney Brown,QUESTIONABLE
2024,16,PIT,DT,Cameron Heyward,00-0027969,,,Full Participation in Practice,Cameron Heyward,
2024,16,PIT,LB,Patrick Queen,00-0036323,,,Full Participation in Practice,Patrick Queen,
2024,16,PIT,LB,Elandon Roberts,00-0032442,,,Full Participation in Practice,Elandon Roberts,
2024,16,PIT,LB,T.J. Watt,00-0033886,,,Full Participation in Practice,T.J. Watt,
2024,16,PIT,QB,Justin Fields,00-0036945,Out,Abdomen,Did Not Participate In Practice,Justin Fields,OUT
2024,16,PIT,WR,George Pickens,00-0037247,Out,Hamstring,Did Not Participate In Practice,George Pickens,OUT
2024,16,PIT,S,DeShon Elliott,00-0034277,Doubtful,Hamstring,Limited Participation in Practice,DeShon Elliott,DOUBTFUL
2024,16,PIT,CB,Donte Jackson,00-0034356,Questionable,Back,Limited Participation in Practice,Donte Jackson,QUESTIONABLE
2024,16,PIT,DT,Larry Ogunjobi,00-0033905,Questionable,Groin,Limited Participation in Practice,Larry Ogunjobi,QUESTIONABLE
2024,16,SEA,DT,Johnathan Hankins,00-0030063,,,Did Not Participate In Practice,Johnathan Hankins,
2024,16,SEA,TE,A.J. Barner,00-0039793,,,Full Participation in Practice,A.J. Barner,
2024,16,SEA,CB,Tre Brown,00-0036885,,,Full Participation in Practice,Tre Brown,
2024,16,SEA,RB,Zach Charbonnet,00-0039165,,,Full Participation in Practice,Zach Charbonnet,
2024,16,SEA,TE,Noah Fant,00-0035644,,,Full Participation in Practice,Noah Fant,
2024,16,SEA,LB,Ernest Jones,00-0036994,,,Full Participation in Practice,Ernest Jones,
2024,16,SEA,WR,Tyler Lockett,00-0032211,,,Full Participation in Practice,Tyler Lockett,
2024,16,SEA,T,Abraham Lucas,00-0037812,,,Full Participation in Practice,Abraham Lucas,
2024,16,SEA,WR,DK Metcalf,00-0035640,,,Full Participation in Practice,DK Metcalf,
2024,16,SEA,C,Olusegun Oluwatimi,00-0038593,,,Full Participation in Practice,Olusegun Oluwatimi,
2024,16,SEA,DT,Jarran Reed,00-0032387,,,Full Participation in Practice,Jarran Reed,
2024,16,SEA,QB,Geno Smith,00-0030565,,,Full Participation in Practice,Geno Smith,
2024,16,SEA,G,Laken Tomlinson,00-0032234,,,Full Participation in Practice,Laken Tomlinson,
2024,16,SEA,RB,Kenneth Walker,00-0038134,,,Full Participation in Practice,Kenneth Walker,
2024,16,SEA,DT,Leonard Williams,00-0031933,,,Full Participation in Practice,Leonard Williams,
2024,16,SEA,LB,Trevis Gipson,00-0036305,Out,Ankle,Did Not Participate In Practice,Trevis Gipson,OUT
2024,16,SEA,TE,Brady Russell,00-0038488,Out,Foot,Did Not Participate In Practice,Brady Russell,OUT
2024,16,SEA,S,K'Von Wallace,00-0036395,Out,Ankle,Full Participation in Practice,K'Von Wallace,OUT
2024,16,SF,G,Aaron Banks,00-0036551,,,Full Participation in Practice,Aaron Banks,
2024,16,SF,S,Ji'Ayir Brown,00-0038554,,,Full Participation in Practice,Ji'Ayir Brown,
2024,16,SF,DT,Maliek Collins,00-0033131,,,Full Participation in Practice,Maliek Collins,
2024,16,SF,LB,Demetrius Flannigan-Fowles,00-0035020,,,Full Participation in Practice,Demetrius Flannigan-Fowles,
2024,16,SF,S,Talanoa Hufanga,00-0036564,,,Full Participation in Practice,Talanoa Hufanga,
2024,16,SF,T,Jaylon Moore,00-0036557,,,Full Participation in Practice,Jaylon Moore,
2024,16,SF,S,Malik Mustapha,00-0039360,,,Full Participation in Practice,Malik Mustapha,
2024,16,SF,LB,Dee Winters,00-0038625,,,Full Participation in Practice,Dee Winters,
2024,16,SF,G,Nick Zakelj,00-0037831,,,Full Participation in Practice,Nick Zakelj,
2024,16,SF,RB,Isaac Guerendo,00-0039363,Out,Foot,Did Not Participate In Practice,Isaac Guerendo,OUT
2024,16,SF,T,Trent Williams,00-0027857,Out,Ankle,Did Not Participate In Practice,Trent Williams,OUT
2024,16,SF,DE,Robert Beal,00-0038603,Questionable,Ankle,Limited Participation in Practice,Robert Beal,QUESTIONABLE
2024,16,SF,DE,Nick Bosa,00-0035717,Questionable,Hip,Limited Participation in Practice,Nick Bosa,QUESTIONABLE
2024,16,SF,LB,Dre Greenlaw,00-0034982,Questionable,Achilles,Limited Participation in Practice,Dre Greenlaw,QUESTIONABLE
2024,16,TB,DE,William Gholston,00-0030386,,,Full Participation in Practice,William Gholston,
2024,16,TB,DE,Logan Hall,00-0038127,,,Full Participation in Practice,Logan Hall,
2024,16,TB,RB,Bucky Irving,00-0039361,,,Full Participation in Practice,Bucky Irving,
2024,16,TB,S,Christian Izien,00-0038820,,,Full Participation in Practice,Christian Izien,
2024,16,TB,QB,Baker Mayfield,00-0034855,,,Full Participation in Practice,Baker Mayfield,
2024,16,TB,WR,Trey Palmer,00-0039052,,,Full Participation in Practice,Trey Palmer,
2024,16,TB,S,Tykee Smith,00-0039846,,,Full Participation in Practice,Tykee Smith,
2024,16,TB,LB,Lavonte David,00-0029562,,,Limited Participation in Practice,Lavonte David,
2024,16,TB,WR,Mike Evans,00-0031408,,,Limited Participation in Practice,Mike Evans,
2024,16,TB,WR,Sterling Shepard,00-0032385,,,Limited Participation in Practice,Sterling Shepard,
2024,16,TB,T,Tristan Wirfs,00-0036406,,,Limited Participation in Practice,Tristan Wirfs,
2024,16,TB,S,Antoine Winfield,00-0036411,Out,Knee,Did Not Participate In Practice,Antoine Winfield,OUT
2024,16,TB,WR,Kameron Johnson,00-0039589,Out,Ankle,Full Participation in Practice,Kameron Johnson,OUT
2024,16,TB,LB,K.J. Britt,00-0036643,Doubtful,Ankle,Limited Participation in Practice,K.J. Britt,DOUBTFUL
2024,16,TB,TE,Cade Otton,00-0038129,Doubtful,Knee,Limited Participation in Practice,Cade Otton,DOUBTFUL
2024,16,TB,S,Mike Edwards,00-0035681,Questionable,Hamstring,Full Participation in Practice,Mike Edwards,QUESTIONABLE
2024,16,TEN,WR,Tyler Boyd,00-0033009,,,Full Participation in Practice,Tyler Boyd,
2024,16,TEN,CB,Roger McCreary,00-0038125,,,Full Participation in Practice,Roger McCreary,
2024,16,TEN,DT,Jeffery Simmons,00-0035643,,,Full Participation in Practice,Jeffery Simmons,
2024,16,TEN,DT,T'Vondre Sweat,00-0039886,,,Full Participation in Practice,T'Vondre Sweat,
2024,16,TEN,WR,Nick Westbrook-Ikhine,00-0036182,,,Full Participation in Practice,Nick Westbrook-Ikhine,
2024,16,TEN,S,Daryl Worley,00-0032891,,,Full Participation in Practice,Daryl Worley,
2024,16,TEN,LB,Luke Gifford,00-0035413,Out,Concussion,Did Not Participate In Practice,Luke Gifford,OUT
2024,16,TEN,WR,Colton Dowell,00-0038632,Out,Knee,Limited Participation in Practice,Colton Dowell,OUT
2024,16,TEN,LB,Kenneth Murray,00-0036441,Questionable,Hamstring,Did Not Participate In Practice,Kenneth Murray,QUESTIONABLE
2024,16,TEN,RB,Tony Pollard,00-0035261,Questionable,Ankle,Did Not Participate In Practice,Tony Pollard,QUESTIONABLE
2024,16,TEN,T,Jaelyn Duncan,00-0038607,Questionable,Hamstring,Full Participation in Practice,Jaelyn Duncan,QUESTIONABLE
2024,16,TEN,K,Nick Folk,00-0025565,Questionable,Abdomen,Limited Participation in Practice,Nick Folk,QUESTIONABLE
2024,16,TEN,QB,Will Levis,00-0039152,Questionable,Right Shoulder,Limited Participation in Practice,Will Levis,QUESTIONABLE
2024,16,TEN,LB,Otis Reese,00-0038853,Questionable,Ankle,Limited Participation in Practice,Otis Reese,QUESTIONABLE
2024,16,WAS,TE,John Bates,00-0036628,,,Full Participation in Practice,John Bates,
2024,16,WAS,G,Samuel Cosmi,00-0036618,,,Full Participation in Practice,Samuel Cosmi,
2024,16,WAS,C,Michael Deiter,00-0035686,,,Full Participation in Practice,Michael Deiter,
2024,16,WAS,LB,Dante Fowler,00-0032052,,,Full Participation in Practice,Dante Fowler,
2024,16,WAS,K,Zane Gonzalez,00-0033862,,,Full Participation in Practice,Zane Gonzalez,
2024,16,WAS,WR,Luke McCaffrey,00-0039355,,,Full Participation in Practice,Luke McCaffrey,
2024,16,WAS,DT,Daron Payne,00-0034333,,,Full Participation in Practice,Daron Payne,
2024,16,WAS,DE,Clelin Ferrell,00-0035692,,,Limited Participation in Practice,Clelin Ferrell,
2024,16,WAS,LB,Frankie Luvu,00-0034302,,,Limited Participation in Practice,Frankie Luvu,
2024,16,WAS,WR,Terry McLaurin,00-0035659,,,Limited Participation in Practice,Terry McLaurin,
2024,16,WAS,DT,Jonathan Allen,00-0033523,Out,Pectoral,Limited Participation in Practice,Jonathan Allen,OUT
2024,16,WAS,S,Jeremy Chinn,00-0036293,Questionable,Concussion,Full Participation in Practice,Jeremy Chinn,QUESTIONABLE
2024,16,WAS,TE,Zach Ertz,00-0030061,Questionable,Concussion,Limited Participation in Practice,Zach Ertz,QUESTIONABLE
2024,17,ARI,T,Kelvin Beachum,00-0029316,,,Full Participation in Practice,Kelvin Beachum,
2024,17,ARI,P,Michael Palardy,00-0031363,,,Full Participation in Practice,Michael Palardy,
2024,17,ARI,LB,Mack Wilson,00-0035144,,,Full Participation in Practice,Mack Wilson,
2024,17,ARI,DT,Darius Robinson,00-0039854,,,Limited Participation in Practice,Darius Robinson,
2024,17,ARI,S,Joey Blount,00-0037141,Out,Ribs,Did Not Participate In Practice,Joey Blount,OUT
2024,17,ARI,CB,Elijah Jones,00-0039823,Out,Ankle,Did Not Participate In Practice,Elijah Jones,OUT
2024,17,ARI,K,Matt Prater,00-0023853,Out,Left Knee,Limited Participation in Practice,Matt Prater,OUT
2024,17,ARI,RB,Trey Benson,00-0039921,Questionable,Ankle,Limited Participation in Practice,Trey Benson,QUESTIONABLE
2024,17,ARI,G,Evan Brown,00-0034495,Questionable,Neck,Limited Participation in Practice,Evan Brown,QUESTIONABLE
2024,17,ARI,LB,Baron Browning,00-0036995,Questionable,Neck,Limited Participation in Practice,Baron Browning,QUESTIONABLE
2024,17,ARI,RB,James Conner,00-0033553,Questionable,Knee,Limited Participation in Practice,James Conner,QUESTIONABLE
2024,17,ATL,TE,Charlie Woerner,00-0036429,,,Did Not Participate In Practice,Charlie Woerner,
2024,17,ATL,LB,Lorenzo Carter,00-0034360,,,Full Participation in Practice,Lorenzo Carter,
2024,17,ATL,TE,Ross Dwelley,00-0034073,,,Full Participation in Practice,Ross Dwelley,
2024,17,ATL,DE,Zach Harrison,00-0038980,,,Full Participation in Practice,Zach Harrison,
2024,17,ATL,WR,Drake London,00-0037238,,,Full Participation in Practice,Drake London,
2024,17,ATL,WR,Casey Washington,00-0039394,,,Full Participation in Practice,Casey Washington,
2024,17,ATL,WR,KhaDarel Hodge,00-0034854,,,Limited Participation in Practice,KhaDarel Hodge,
2024,17,ATL,LB,Matt Judon,00-0032415,,,Limited Participation in Practice,Matt Judon,
2024,17,ATL,LB,Nate Landman,00-0037587,,,Limited Participation in Practice,Nate Landman,
2024,17,ATL,CB,Antonio Hamilton,00-0032933,Out,Quadricep,Did Not Participate In Practice,Antonio Hamilton,OUT
2024,17,ATL,CB,Kevin King,00-0033524,Out,Concussion,Did Not Participate In Practice,Kevin King,OUT
2024,17,BAL,S,Beau Brade,00-0039241,,,Full Participation in Practice,Beau Brade,
2024,17,BAL,G,Daniel Faalele,00-0038118,,,Full Participation in Practice,Daniel Faalele,
2024,17,BAL,C,Tyler Linderbaum,00-0037825,,,Full Participation in Practice,Tyler Linderbaum,
2024,17,BAL,WR,Nelson Agholor,00-0031549,Out,Concussion,Did Not Participate In Practice,Nelson Agholor,OUT
2024,17,BAL,CB,Jalyn Armour-Davis,00-0038119,Out,Hamstring,Did Not Participate In Practice,Jalyn Armour-Davis,OUT
2024,17,BAL,RB,Justice Hill,00-0034975,Out,Concussion,Did Not Participate In Practice,Justice Hill,OUT
2024,17,BAL,WR,Zay Flowers,00-0039064,Questionable,Shoulder,Limited Participation in Practice,Zay Flowers,QUESTIONABLE
2024,17,BAL,CB,Tre'Davious White,00-0033884,Questionable,Shoulder,Limited Participation in Practice,Tre'Davious White,QUESTIONABLE
2024,17,BUF,QB,Josh Allen,00-0034857,,,Full Participation in Practice,Josh Allen,
2024,17,BUF,T,Spencer Brown,00-0036976,,,Full Participation in Practice,Spencer Brown,
2024,17,BUF,DT,DeWayne Carter,00-0039873,,,Full Participation in Practice,DeWayne Carter,
2024,17,BUF,CB,Rasul Douglas,00-0033551,,,Full Participation in Practice,Rasul Douglas,
2024,17,BUF,T,Tylan Grable,00-0039882,,,Full Participation in Practice,Tylan Grable,
2024,17,BUF,TE,Dalton Kincaid,00-0038933,,,Full Participation in Practice,Dalton Kincaid,
2024,17,BUF,P,Sam Martin,00-0030092,,,Full Participation in Practice,Sam Martin,
2024,17,BUF,LB,Matt Milano,00-0033571,,,Full Participation in Practice,Matt Milano,
2024,17,BUF,TE,Quintin Morris,00-0036590,,,Full Participation in Practice,Quintin Morris,
2024,17,BUF,DT,Jordan Phillips,00-0031557,,,Full Participation in Practice,Jordan Phillips,
2024,17,BUF,DE,Dawuane Smoot,00-0033907,,,Full Participation in Practice,Dawuane Smoot,
2024,17,BUF,LB,Dorian Williams,00-0038557,,,Full Participation in Practice,Dorian Williams,
2024,17,BUF,S,Damar Hamlin,00-0036888,Questionable,Rib,Limited Participation in Practice,Damar Hamlin,QUESTIONABLE
2024,17,BUF,S,Cameron Lewis,00-0035357,Questionable,Shoulder,Limited Participation in Practice,Cameron Lewis,QUESTIONABLE
2024,17,BUF,S,Taylor Rapp,00-0035663,Questionable,Neck,Limited Participation in Practice,Taylor Rapp,QUESTIONABLE
2024,17,BUF,WR,Curtis Samuel,00-0033282,Questionable,Rib,Limited Participation in Practice,Curtis Samuel,QUESTIONABLE
2024,17,CAR,T,Ikem Ekwonu,00-0037229,,,Full Participation in Practice,Ikem Ekwonu,
2024,17,CAR,G,Cade Mays,00-0037297,,,Full Participation in Practice,Cade Mays,
2024,17,CAR,QB,Bryce Young,00-0039150,,,Full Participation in Practice,Bryce Young,
2024,17,CAR,LB,Amare Barno,00-0037043,,,Limited Participation in Practice,Amare Barno,
2024,17,CAR,WR,Adam Thielen,00-0030035,,,Limited Participation in Practice,Adam Thielen,
2024,17,CAR,TE,Tommy Tremble,00-0037005,,,Limited Participation in Practice,Tommy Tremble,
2024,17,CAR,LB,Josey Jewell,00-0034368,Out,Concussion,Did Not Participate In Practice,Josey Jewell,OUT
2024,17,CAR,CB,Chau Smith-Wade,00-0039380,Out,Illness,Did Not Participate In Practice,Chau Smith-Wade,OUT
2024,17,CAR,CB,Jaycee Horn,00-0036944,Doubtful,Hip,Did Not Participate In Practice,Jaycee Horn,DOUBTFUL
2024,17,CAR,T,Taylor Moton,00-0033284,Doubtful,Knee,Did Not Participate In Practice,Taylor Moton,DOUBTFUL
2024,17,CAR,DE,A'Shawn Robinson,00-0032889,Questionable,Knee,Did Not Participate In Practice,A'Shawn Robinson,QUESTIONABLE
2024,17,CAR,LB,Jadeveon Clowney,00-0031364,Questionable,Knee,Limited Participation in Practice,Jadeveon Clowney,QUESTIONABLE
2024,17,CAR,LB,Cam Gill,00-0036045,Questionable,Illness,Limited Participation in Practice,Cam Gill,QUESTIONABLE
2024,17,CAR,RB,Chuba Hubbard,00-0036555,Questionable,Knee,Limited Participation in Practice,Chuba Hubbard,QUESTIONABLE
2024,17,CAR,WR,Xavier Legette,00-0039342,Questionable,Hip,Limited Participation in Practice,Xavier Legette,QUESTIONABLE
2024,17,CAR,G,Damien Lewis,00-0036417,Questionable,Illness,Limited Participation in Practice,Damien Lewis,QUESTIONABLE
2024,17,CAR,LB,D.J. Wonnum,00-0036335,Questionable,Shoulder,Limited Participation in Practice,D.J. Wonnum,QUESTIONABLE
2024,17,CHI,TE,Marcedes Lewis,00-0024243,,,Full Participation in Practice,Marcedes Lewis,
2024,17,CHI,S,Elijah Hicks,00-0037096,Out,Ankle,Did Not Participate In Practice,Elijah Hicks,OUT
2024,17,CHI,RB,Travis Homer,00-0035594,Out,Hamstring,Did Not Participate In Practice,Travis Homer,OUT
2024,17,CHI,T,Teven Jenkins,00-0036953,Out,Calf,Did Not Participate In Practice,Teven Jenkins,OUT
2024,17,CHI,S,Tarvarius Moore,00-0034263,Out,Knee,Did Not Participate In Practice,Tarvarius Moore,OUT
2024,17,CHI,DT,Gervon Dexter,00-0039070,Questionable,Knee,Limited Participation in Practice,Gervon Dexter,QUESTIONABLE
2024,17,CHI,C,Doug Kramer,00-0037088,Questionable,Shoulder,Limited Participation in Practice,Doug Kramer,QUESTIONABLE
2024,17,CHI,LB,Amen Ogbongbemiga,00-0036716,Questionable,Hip,Limited Participation in Practice,Amen Ogbongbemiga,QUESTIONABLE
2024,17,CIN,S,Jordan Battle,00-0038560,,,Full Participation in Practice,Jordan Battle,
2024,17,CIN,T,Orlando Brown,00-0034752,,,Full Participation in Practice,Orlando Brown,
2024,17,CIN,QB,Joe Burrow,00-0036442,,,Limited Participation in Practice,Joe Burrow,
2024,17,CIN,DE,Sam Hubbard,00-0034834,Out,Knee,Did Not Participate In Practice,Sam Hubbard,OUT
2024,17,CIN,DT,Sheldon Rankins,00-0032759,Out,Illness,Did Not Participate In Practice,Sheldon Rankins,OUT
2024,17,CIN,TE,Tanner Hudson,00-0034613,Doubtful,Knee,Did Not Participate In Practice,Tanner Hudson,DOUBTFUL
2024,17,CIN,DE,Joseph Ossai,00-0036902,Questionable,Illness,Did Not Participate In Practice,Joseph Ossai,QUESTIONABLE
2024,17,CIN,S,Geno Stone,00-0036199,Questionable,Illness,Did Not Participate In Practice,Geno Stone,QUESTIONABLE
2024,17,CIN,T,Amarius Mims,00-0039925,Questionable,Ankle,Full Participation in Practice,Amarius Mims,QUESTIONABLE
2024,17,CIN,WR,Tee Higgins,00-0036410,Questionable,Ankle,Limited Participation in Practice,Tee Higgins,QUESTIONABLE
2024,17,CIN,WR,Charlie Jones,00-0038576,Questionable,Groin,Limited Participation in Practice,Charlie Jones,QUESTIONABLE
2024,17,CLE,DT,Shelby Harris,00-0031270,,,Did Not Participate In Practice,Shelby Harris,
2024,17,CLE,LB,Devin Bush,00-0035525,,,Full Participation in Practice,Devin Bush,
2024,17,CLE,LB,Khaleke Hudson,00-0036343,,,Full Participation in Practice,Khaleke Hudson,
2024,17,CLE,G,Germain Ifedi,00-0032384,,,Full Participation in Practice,Germain Ifedi,
2024,17,CLE,QB,Dorian Thompson-Robinson,00-0038583,,,Full Participation in Practice,Dorian Thompson-Robinson,
2024,17,CLE,CB,Martin Emerson,00-0037250,,,Limited Participation in Practice,Martin Emerson,
2024,17,CLE,WR,Jerry Jeudy,00-0036407,,,Limited Participation in Practice,Jerry Jeudy,
2024,17,CLE,TE,David Njoku,00-0033885,Out,Knee,Did Not Participate In Practice,David Njoku,OUT
2024,17,CLE,DE,Ogbonnia Okoronkwo,00-0034807,Out,Knee,Did Not Participate In Practice,Ogbonnia Okoronkwo,OUT
2024,17,CLE,WR,Cedric Tillman,00-0038979,Out,Concussion,Limited Participation in Practice,Cedric Tillman,OUT
2024,17,CLE,QB,Jameis Winston,00-0031503,Questionable,Right Shoulder,Limited Participation in Practice,Jameis Winston,QUESTIONABLE
2024,17,DAL,S,Malik Hooker,00-0033877,,,Full Participation in Practice,Malik Hooker,
2024,17,DAL,CB,Jourdan Lewis,00-0033928,,,Full Participation in Practice,Jourdan Lewis,
2024,17,DAL,DT,Mazi Smith,00-0038545,,,Full Participation in Practice,Mazi Smith,
2024,17,DAL,S,Juanyeh Thomas,00-0037578,,,Full Participation in Practice,Juanyeh Thomas,
2024,17,DAL,T,Matt Waletzko,00-0037266,,,Full Participation in Practice,Matt Waletzko,
2024,17,DAL,CB,Kemon Hall,00-0035542,Out,Hamstring,Did Not Participate In Practice,Kemon Hall,OUT
2024,17,DAL,WR,CeeDee Lamb,00-0036358,Out,Shoulder,Did Not Participate In Practice,CeeDee Lamb,OUT
2024,17,DAL,CB,Amani Oruwariye,00-0035270,Out,Foot,Did Not Participate In Practice,Amani Oruwariye,OUT
2024,17,DAL,G,T.J. Bass,00-0038731,Doubtful,Thigh,Did Not Participate In Practice,T.J. Bass,DOUBTFUL
2024,17,DAL,T,Asim Richards,00-0038601,Questionable,Ankle,Full Participation in Practice,Asim Richards,QUESTIONABLE
2024,17,DAL,WR,Jalen Brooks,00-0038640,Questionable,Knee,Limited Participation in Practice,Jalen Brooks,QUESTIONABLE
2024,17,DAL,T,Chuma Edoga,00-0035698,Questionable,Toe,Limited Participation in Practice,Chuma Edoga,QUESTIONABLE
2024,17,DAL,LB,Eric Kendricks,00-0031554,Questionable,Calf,Limited Participation in Practice,Eric Kendricks,QUESTIONABLE
2024,17,DAL,WR,Jalen Tolbert,00-0037666,Questionable,Finger,Limited Participation in Practice,Jalen Tolbert,QUESTIONABLE
2024,17,DAL,LB,Nick Vigil,00-0032892,Questionable,Foot,Limited Participation in Practice,Nick Vigil,QUESTIONABLE
2024,17,DAL,S,Donovan Wilson,00-0035301,Questionable,Knee,Limited Participation in Practice,Donovan Wilson,QUESTIONABLE
2024,17,DEN,WR,Troy Franklin,00-0039868,,,Full Participation in Practice,Troy Franklin,
2024,17,DEN,RB,Jaleel McLaughlin,00-0038794,,,Full Participation in Practice,Jaleel McLaughlin,
2024,17,DEN,CB,Riley Moss,00-0038552,,,Full Participation in Practice,Riley Moss,
2024,17,DEN,RB,Tyler Badie,00-0037085,Questionable,Back,Full Participation in Practice,Tyler Badie,QUESTIONABLE
2024,17,DET,CB,Terrion Arnold,00-0039903,,,Full Participation in Practice,Terrion Arnold,
2024,17,DET,G,Graham Glasgow,00-0032395,,,Full Participation in Practice,Graham Glasgow,
2024,17,DET,RB,David Montgomery,00-0035685,Out,Knee,Did Not Participate In Practice,David Montgomery,OUT
2024,17,DET,WR,Kalif Raymond,00-0032464,Out,Foot,Full Participation in Practice,Kalif Raymond,OUT
2024,17,DET,LB,Jalen Reeves-Maybin,00-0033557,Questionable,Neck,Full Participation in Practice,Jalen Reeves-Maybin,QUESTIONABLE
2024,17,GB,CB,Corey Ballentine,00-0035633,,,Full Participation in Practice,Corey Ballentine,
2024,17,GB,TE,Tucker Kraft,00-0038996,,,Full Participation in Practice,Tucker Kraft,
2024,17,GB,G,Elgton Jenkins,00-0035526,,,Limited Participation in Practice,Elgton Jenkins,
2024,17,GB,TE,Luke Musgrave,00-0039144,,,Limited Participation in Practice,Luke Musgrave,
2024,17,GB,CB,Jaire Alexander,00-0034728,Out,Knee,Did Not Participate In Practice,Jaire Alexander,OUT
2024,17,GB,T,Andre Dillard,00-0035233,Out,,Did Not Participate In Practice,Andre Dillard,OUT
2024,17,GB,LB,Quay Walker,00-0037074,Out,Ankle,Did Not Participate In Practice,Quay Walker,OUT
2024,17,GB,S,Evan Williams,00-0039813,Out,Quadricep,Did Not Participate In Practice,Evan Williams,OUT
2024,17,GB,WR,Christian Watson,00-0038124,Questionable,Knee,Did Not Participate In Practice,Christian Watson,QUESTIONABLE
2024,17,GB,S,Javon Bullard,00-0039867,Questionable,Ankle,Limited Participation in Practice,Javon Bullard,QUESTIONABLE
2024,17,GB,LB,Ty'Ron Hopper,00-0039812,Questionable,Ankle,Limited Participation in Practice,Ty'Ron Hopper,QUESTIONABLE
2024,17,HOU,WR,Tank Dell,00-0038977,,,Did Not Participate In Practice,Tank Dell,
2024,17,HOU,S,Jimmie Ward,00-0031298,,,Did Not Participate In Practice,Jimmie Ward,
2024,17,HOU,DE,Will Anderson,00-0039108,,,Full Participation in Practice,Will Anderson,
2024,17,HOU,G,Nick Broeker,00-0038633,,,Full Participation in Practice,Nick Broeker,
2024,17,HOU,LB,Christian Harris,00-0037823,,,Full Participation in Practice,Christian Harris,
2024,17,HOU,WR,John Metchie,00-0037614,,,Full Participation in Practice,John Metchie,
2024,17,HOU,TE,Cade Stover,00-0039359,,,Full Participation in Practice,Cade Stover,
2024,17,HOU,DT,Folorunso Fatukasi,00-0034275,Out,Foot,Did Not Participate In Practice,Folorunso Fatukasi,OUT
2024,17,HOU,G,Shaquille Mason,00-0031580,Out,Knee,Did Not Participate In Practice,Shaquille Mason,OUT
2024,17,HOU,C,Juice Scruggs,00-0038936,Out,Foot,Did Not Participate In Practice,Juice Scruggs,OUT
2024,17,HOU,DE,Denico Autry,00-0031254,Questionable,Knee,Limited Participation in Practice,Denico Autry,QUESTIONABLE
2024,17,IND,DT,DeForest Buckner,00-0032378,,,Did Not Participate In Practice,DeForest Buckner,
2024,17,IND,C,Ryan Kelly,00-0032383,,,Did Not Participate In Practice,Ryan Kelly,
2024,17,IND,DT,Grover Stewart,00-0033952,,,Did Not Participate In Practice,Grover Stewart,
2024,17,IND,CB,Jaylon Jones,00-0038407,,,Full Participation in Practice,Jaylon Jones,
2024,17,IND,WR,Alec Pierce,00-0037664,,,Full Participation in Practice,Alec Pierce,
2024,17,IND,WR,Michael Pittman,00-0036252,,,Full Participation in Practice,Michael Pittman,
2024,17,IND,QB,Anthony Richardson,00-0039164,Questionable,Back,Did Not Participate In Practice,Anthony Richardson,QUESTIONABLE
2024,17,IND,TE,Mo Alie-Cox,00-0033217,Questionable,Toe,Full Participation in Practice,Mo Alie-Cox,QUESTIONABLE
2024,17,IND,CB,Julius Brents,00-0039156,Questionable,Knee,Full Participation in Practice,Julius Brents,QUESTIONABLE
2024,17,IND,LB,Jaylon Carlies,00-0039377,Questionable,Shoulder,Full Participation in Practice,Jaylon Carlies,QUESTIONABLE
2024,17,IND,LB,E.J. Speed,00-0034987,Questionable,Knee,Full Participation in Practice,E.J. Speed,QUESTIONABLE
2024,17,IND,G,Quenton Nelson,00-0034342,Questionable,Ankle,Limited Participation in Practice,Quenton Nelson,QUESTIONABLE
2024,17,JAX,G,Ezra Cleveland,00-0036327,,,Full Participation in Practice,Ezra Cleveland,
2024,17,JAX,DT,Davon Hamilton,00-0036262,,,Full Participation in Practice,Davon Hamilton,
2024,17,JAX,G,Brandon Scherff,00-0032053,,,Full Participation in Practice,Brandon Scherff,
2024,17,JAX,TE,Brenton Strange,00-0038935,,,Full Participation in Practice,Brenton Strange,
2024,17,JAX,T,Walker Little,00-0036975,Out,Ankle,Did Not Participate In Practice,Walker Little,OUT
2024,17,JAX,LB,Ventrell Miller,00-0038570,Out,Ankle,Did Not Participate In Practice,Ventrell Miller,OUT
2024,17,JAX,S,Darnell Savage,00-0034968,Out,Concussion,Did Not Participate In Practice,Darnell Savage,OUT
2024,17,JAX,LB,Yasir Abdullah,00-0038580,Questionable,Illness,Did Not Participate In Practice,Yasir Abdullah,QUESTIONABLE
2024,17,KC,LB,Jack Cochrane,00-0037208,,,Did Not Participate In Practice,Jack Cochrane,
2024,17,KC,TE,Peyton Hendershot,00-0037569,,,Full Participation in Practice,Peyton Hendershot,
2024,17,KC,C,Creed Humphrey,00-0036623,,,Full Participation in Practice,Creed Humphrey,
2024,17,KC,QB,Patrick Mahomes,00-0033873,,,Full Participation in Practice,Patrick Mahomes,
2024,17,KC,S,Justin Reid,00-0034361,,,Full Participation in Practice,Justin Reid,
2024,17,KC,WR,Nikko Remigio,00-0038519,,,Full Participation in Practice,Nikko Remigio,
2024,17,KC,CB,Joshua Williams,00-0038043,,,Full Participation in Practice,Joshua Williams,
2024,17,KC,WR,Xavier Worthy,00-0039894,,,Full Participation in Practice,Xavier Worthy,
2024,17,KC,S,Chamarri Conner,00-0038982,Out,Concussion,Did Not Participate In Practice,Chamarri Conner,OUT
2024,17,KC,T,D.J. Humphries,00-0032222,Out,Hamstring,Did Not Participate In Practice,D.J. Humphries,OUT
2024,17,KC,DT,Chris Jones,00-0032762,Questionable,Calf,Limited Participation in Practice,Chris Jones,QUESTIONABLE
2024,17,KC,T,Jawaan Taylor,00-0035237,Questionable,Knee,Limited Participation in Practice,Jawaan Taylor,QUESTIONABLE
2024,17,LA,T,Alaric Jackson,00-0036603,,,Did Not Participate In Practice,Alaric Jackson,
2024,17,LA,T,Rob Havenstein,00-0032242,Questionable,Shoulder,Did Not Participate In Practice,Rob Havenstein,QUESTIONABLE
2024,17,LAC,CB,Cam Hart,00-0039369,,,Full Participation in Practice,Cam Hart,
2024,17,LAC,S,Tony Jefferson,00-0030294,,,Full Participation in Practice,Tony Jefferson,
2024,17,LAC,DT,Otito Ogbonnia,00-0037270,,,Full Participation in Practice,Otito Ogbonnia,
2024,17,LAC,P,J.K. Scott,00-0034162,,,Full Participation in Practice,J.K. Scott,
2024,17,LAC,RB,Gus Edwards,00-0034184,Out,Ankle,Did Not Participate In Practice,Gus Edwards,OUT
2024,17,LAC,LB,Denzel Perryman,00-0032103,Out,Groin,Did Not Participate In Practice,Denzel Perryman,OUT
2024,17,LAC,T,Trey Pipkins,00-0035688,Out,Hip,Limited Participation in Practice,Trey Pipkins,OUT
2024,17,LAC,TE,Hayden Hurst,00-0034830,Questionable,Illness,Did Not Participate In Practice,Hayden Hurst,QUESTIONABLE
2024,17,LAC,TE,Will Dissly,00-0034159,Questionable,Shoulder,Full Participation in Practice,Will Dissly,QUESTIONABLE
2024,17,LAC,RB,J.K. Dobbins,00-0036158,Questionable,Knee,Full Participation in Practice,J.K. Dobbins,QUESTIONABLE
2024,17,LAC,CB,Elijah Molden,00-0036992,Questionable,Knee,Limited Participation in Practice,Elijah Molden,QUESTIONABLE
2024,17,LV,DE,K'Lavon Chaisson,00-0036286,,,Full Participation in Practice,K'Lavon Chaisson,
2024,17,LV,LB,Kana'i Mauga,00-0037383,,,Full Participation in Practice,Kana'i Mauga,
2024,17,LV,G,Jackson Powers-Johnson,00-0039735,,,Full Participation in Practice,Jackson Powers-Johnson,
2024,17,LV,CB,Nate Hobbs,00-0036871,,,Limited Participation in Practice,Nate Hobbs,
2024,17,LV,RB,Dylan Laube,00-0039407,,,Limited Participation in Practice,Dylan Laube,
2024,17,LV,G,Jordan Meredith,00-0036604,Out,Ankle,Did Not Participate In Practice,Jordan Meredith,OUT
2024,17,MIA,DE,Calais Campbell,00-0026190,,,Did Not Participate In Practice,Calais Campbell,
2024,17,MIA,FB,Alec Ingold,00-0035125,,,Full Participation in Practice,Alec Ingold,
2024,17,MIA,WR,Malik Washington,00-0039880,,,Full Participation in Practice,Malik Washington,
2024,17,MIA,LB,Jordyn Brooks,00-0036409,,,Limited Participation in Practice,Jordyn Brooks,
2024,17,MIA,CB,Kendall Fuller,00-0033084,Out,Knee,Did Not Participate In Practice,Kendall Fuller,OUT
2024,17,MIA,LB,Anthony Walker,00-0033570,Out,Knee,Did Not Participate In Practice,Anthony Walker,OUT
2024,17,MIA,T,Terron Armstead,00-0030067,Questionable,Knee,Limited Participation in Practice,Terron Armstead,QUESTIONABLE
2024,17,MIA,WR,D'Wayne Eskridge,00-0036620,Questionable,Knee,Limited Participation in Practice,D'Wayne Eskridge,QUESTIONABLE
2024,17,MIA,WR,Tyreek Hill,00-0033040,Questionable,Wrist,Limited Participation in Practice,Tyreek Hill,QUESTIONABLE
2024,17,MIA,S,Jordan Poyer,00-0030114,Questionable,Knee,Limited Participation in Practice,Jordan Poyer,QUESTIONABLE
2024,17,MIA,QB,Tua Tagovailoa,00-0036212,Questionable,Hip,Limited Participation in Practice,Tua Tagovailoa,QUESTIONABLE
2024,17,MIA,WR,Jaylen Waddle,00-0036613,Questionable,Knee,Limited Participation in Practice,Jaylen Waddle,QUESTIONABLE
2024,17,MIN,CB,Stephon Gilmore,00-0029542,,,Did Not Participate In Practice,Stephon Gilmore,
2024,17,MIN,LB,Blake Cashman,00-0035276,,,Full Participation in Practice,Blake Cashman,
2024,17,MIN,FB,C.J. Ham,00-0032918,,,Full Participation in Practice,C.J. Ham,
2024,17,MIN,DE,Patrick Jones,00-0037007,,,Full Participation in Practice,Patrick Jones,
2024,17,MIN,TE,Josh Oliver,00-0035249,,,Full Participation in Practice,Josh Oliver,
2024,17,MIN,DT,Jalen Redmond,00-0038778,,,Full Participation in Practice,Jalen Redmond,
2024,17,MIN,S,Harrison Smith,00-0029606,,,Full Participation in Practice,Harrison Smith,
2024,17,MIN,CB,Fabian Moreau,00-0033918,Out,Hip,Did Not Participate In Practice,Fabian Moreau,OUT
2024,17,MIN,LB,Ivan Pace,00-0038807,Questionable,Hamstring,Full Participation in Practice,Ivan Pace,QUESTIONABLE
2024,17,NE,RB,Jamycal Hasty,00-0035806,,,Full Participation in Practice,Jamycal Hasty,
2024,17,NE,CB,Marcus Jones,00-0037253,Out,Hip,Did Not Participate In Practice,Marcus Jones,OUT
2024,17,NE,C,Ben Brown,00-0037413,Questionable,Concussion,Did Not Participate In Practice,Ben Brown,QUESTIONABLE
2024,17,NE,S,Kyle Dugger,00-0036231,Questionable,Ankle,Limited Participation in Practice,Kyle Dugger,QUESTIONABLE
2024,17,NE,LB,Curtis Jacobs,00-0039318,Questionable,Concussion,Limited Participation in Practice,Curtis Jacobs,QUESTIONABLE
2024,17,NE,LB,Anfernee Jennings,00-0036193,Questionable,Knee,Limited Participation in Practice,Anfernee Jennings,QUESTIONABLE
2024,17,NE,LB,Titus Leo,00-0038404,Questionable,Ankle,Limited Participation in Practice,Titus Leo,QUESTIONABLE
2024,17,NE,S,Jabrill Peppers,00-0033883,Questionable,Hamstring,Limited Participation in Practice,Jabrill Peppers,QUESTIONABLE
2024,17,NE,G,Cole Strange,00-0038103,Questionable,Knee,Limited Participation in Practice,Cole Strange,QUESTIONABLE
2024,17,NE,LB,Sione Takitaki,00-0035646,Questionable,Knee,Limited Participation in Practice,Sione Takitaki,QUESTIONABLE
2024,17,NE,LB,Jahlani Tavai,00-0035240,Questionable,Groin,Limited Participation in Practice,Jahlani Tavai,QUESTIONABLE
2024,17,NE,T,Caedan Wallace,00-0039863,Questionable,Ankle,Limited Participation in Practice,Caedan Wallace,QUESTIONABLE
2024,17,NO,TE,Juwan Johnson,00-0036040,,,Full Participation in Practice,Juwan Johnson,
2024,17,NO,DE,Payton Turner,00-0036926,,,Full Participation in Practice,Payton Turner,
2024,17,NO,QB,Derek Carr,00-0031280,Out,Left Hand,Did Not Participate In Practice,Derek Carr,OUT
2024,17,NO,RB,Alvin Kamara,00-0033906,Out,Groin,Did Not Participate In Practice,Alvin Kamara,OUT
2024,17,NO,C,Erik McCoy,00-0035242,Out,Elbow,Did Not Participate In Practice,Erik McCoy,OUT
2024,17,NO,G,Lucas Patrick,00-0033082,Out,Knee,Did Not Participate In Practice,Lucas Patrick,OUT
2024,17,NO,CB,Rico Payton,00-0039620,Questionable,Illness,Did Not Participate In Practice,Rico Payton,QUESTIONABLE
2024,17,NO,WR,Chris Olave,00-0037239,Questionable,Head,Full Participation in Practice,Chris Olave,QUESTIONABLE
2024,17,NO,DT,Nathan Shepherd,00-0034760,Questionable,Eye,Full Participation in Practice,Nathan Shepherd,QUESTIONABLE
2024,17,NO,WR,Marquez Valdes-Scantling,00-0034272,Questionable,Chest,Limited Participation in Practice,Marquez Valdes-Scantling,QUESTIONABLE
2024,17,NYG,S,Dane Belton,00-0038123,,,Full Participation in Practice,Dane Belton,
2024,17,NYG,T,Jermaine Eluemunor,00-0033290,,,Full Participation in Practice,Jermaine Eluemunor,
2024,17,NYG,QB,Drew Lock,00-0035704,,,Full Participation in Practice,Drew Lock,
2024,17,NYG,CB,Andru Phillips,00-0039821,,,Full Participation in Practice,Andru Phillips,
2024,17,NYG,DT,Jordon Riley,00-0038506,,,Full Participation in Practice,Jordon Riley,
2024,17,NYG,G,Aaron Stinnie,00-0034668,,,Full Participation in Practice,Aaron Stinnie,
2024,17,NYG,DT,Cory Durden,00-0038653,,,Limited Participation in Practice,Cory Durden,
2024,17,NYG,RB,Tyrone Tracy,00-0039384,,,Limited Participation in Practice,Tyrone Tracy,
2024,17,NYG,G,Greg Van Roten,00-0029685,,,Limited Participation in Practice,Greg Van Roten,
2024,17,NYG,S,Raheem Layne,00-0037468,Out,Knee,Did Not Participate In Practice,Raheem Layne,OUT
2024,17,NYG,LB,Micah McFadden,00-0037259,Out,Neck,Did Not Participate In Practice,Micah McFadden,OUT
2024,17,NYG,C,John Michael Schmitz,00-0039019,Out,Ankle,Did Not Participate In Practice,John Michael Schmitz,OUT
2024,17,NYG,CB,Greg Stroman,00-0034337,Out,Shoulder,Did Not Participate In Practice,Greg Stroman,OUT
2024,17,NYG,C,Austin Schlottmann,00-0034112,Questionable,Fibula,Full Participation in Practice,Austin Schlottmann,QUESTIONABLE
2024,17,NYG,DT,Armon Watts,00-0034992,Questionable,Shoulder,Full Participation in Practice,Armon Watts,QUESTIONABLE
2024,17,NYG,WR,Malik Nabers,00-0039337,Questionable,Toe,Limited Participation in Practice,Malik Nabers,QUESTIONABLE
2024,17,NYG,WR,Dee Williams,00-0039306,Questionable,Toe,Limited Participation in Practice,Dee Williams,QUESTIONABLE
2024,17,NYJ,QB,Aaron Rodgers,00-0023459,,,Full Participation in Practice,Aaron Rodgers,
2024,17,NYJ,G,John Simpson,00-0036369,,,Full Participation in Practice,John Simpson,
2024,17,NYJ,G,Alijah Vera-Tucker,00-0036979,,,Full Participation in Practice,Alijah Vera-Tucker,
2024,17,NYJ,DT,Leki Fotu,00-0036371,Out,Knee,Limited Participation in Practice,Leki Fotu,OUT
2024,17,NYJ,S,Tony Adams,00-0037155,Questionable,Ankle,Full Participation in Practice,Tony Adams,QUESTIONABLE
2024,17,NYJ,DE,Braiden McGregor,00-0039284,Questionable,Ankle,Full Participation in Practice,Braiden McGregor,QUESTIONABLE
2024,17,NYJ,DT,Haason Reddick,00-0033875,Questionable,Neck,Full Participation in Practice,Haason Reddick,QUESTIONABLE
2024,17,NYJ,K,Greg Zuerlein,00-0029621,Questionable,Left Knee,Full Participation in Practice,Greg Zuerlein,QUESTIONABLE
2024,17,NYJ,WR,Davante Adams,00-0031381,Questionable,Hip,Limited Participation in Practice,Davante Adams,QUESTIONABLE
2024,17,NYJ,CB,Michael Carter,00-0036501,Questionable,Back,Limited Participation in Practice,Michael Carter,QUESTIONABLE
2024,17,NYJ,CB,Ahmad Gardner,00-0037190,Questionable,Hamstring,Limited Participation in Practice,Ahmad Gardner,QUESTIONABLE
2024,17,NYJ,T,Morgan Moses,00-0031330,Questionable,Knee,Limited Participation in Practice,Morgan Moses,QUESTIONABLE
2024,17,NYJ,DT,Quinnen Williams,00-0035718,Questionable,Hamstring,Limited Participation in Practice,Quinnen Williams,QUESTIONABLE
2024,17,PHI,RB,Saquon Barkley,00-0034844,,,Full Participation in Practice,Saquon Barkley,
2024,17,PHI,T,Mekhi Becton,00-0036284,,,Full Participation in Practice,Mekhi Becton,
2024,17,PHI,WR,A.J. Brown,00-0035676,,,Full Participation in Practice,A.J. Brown,
2024,17,PHI,G,Landon Dickerson,00-0037002,,,Full Participation in Practice,Landon Dickerson,
2024,17,PHI,T,Lane Johnson,00-0030561,,,Full Participation in Practice,Lane Johnson,
2024,17,PHI,CB,Darius Slay,00-0030062,,,Full Participation in Practice,Darius Slay,
2024,17,PHI,LB,Josh Sweat,00-0034381,,,Full Participation in Practice,Josh Sweat,
2024,17,PHI,QB,Kenny Pickett,00-0038102,,,Limited Participation in Practice,Kenny Pickett,
2024,17,PHI,WR,Britain Covey,00-0037132,Out,Neck,Did Not Participate In Practice,Britain Covey,OUT
2024,17,PHI,QB,Jalen Hurts,00-0036389,Out,Concussion,Did Not Participate In Practice,Jalen Hurts,OUT
2024,17,PHI,RB,Will Shipley,00-0039746,Out,Concussion,Did Not Participate In Practice,Will Shipley,OUT
2024,17,PHI,LB,Nakobe Dean,00-0037615,Doubtful,Abdomen,Limited Participation in Practice,Nakobe Dean,DOUBTFUL
2024,17,PHI,DE,Bryce Huff,00-0036151,Questionable,Wrist,Full Participation in Practice,Bryce Huff,QUESTIONABLE
2024,17,PIT,S,DeShon Elliott,00-0034277,,,Full Participation in Practice,DeShon Elliott,
2024,17,PIT,DT,Cameron Heyward,00-0027969,,,Full Participation in Practice,Cameron Heyward,
2024,17,PIT,CB,Donte Jackson,00-0034356,,,Full Participation in Practice,Donte Jackson,
2024,17,PIT,LB,Tyler Matakevich,00-0032366,,,Full Participation in Practice,Tyler Matakevich,
2024,17,PIT,DT,Larry Ogunjobi,00-0033905,,,Full Participation in Practice,Larry Ogunjobi,
2024,17,PIT,WR,George Pickens,00-0037247,,,Full Participation in Practice,George Pickens,
2024,17,PIT,LB,Elandon Roberts,00-0032442,,,Full Participation in Practice,Elandon Roberts,
2024,17,PIT,G,Isaac Seumalo,00-0032954,,,Full Participation in Practice,Isaac Seumalo,
2024,17,PIT,LB,T.J. Watt,00-0033886,,,Full Participation in Practice,T.J. Watt,
2024,17,PIT,WR,Mike Williams,00-0033536,,,Full Participation in Practice,Mike Williams,
2024,17,PIT,CB,Joey Porter,00-0039167,Out,Knee,Did Not Participate In Practice,Joey Porter,OUT
2024,17,PIT,WR,Ben Skowronek,00-0036862,Out,Hip,Did Not Participate In Practice,Ben Skowronek,OUT
2024,17,PIT,QB,Justin Fields,00-0036945,Questionable,Abdomen,Limited Participation in Practice,Justin Fields,QUESTIONABLE
2024,17,SEA,RB,Zach Charbonnet,00-0039165,,,Full Participation in Practice,Zach Charbonnet,
2024,17,SEA,TE,Noah Fant,00-0035644,,,Full Participation in Practice,Noah Fant,
2024,17,SEA,LB,Derick Hall,00-0039047,,,Full Participation in Practice,Derick Hall,
2024,17,SEA,LB,Ernest Jones,00-0036994,,,Full Participation in Practice,Ernest Jones,
2024,17,SEA,T,Abraham Lucas,00-0037812,,,Full Participation in Practice,Abraham Lucas,
2024,17,SEA,LB,Uchenna Nwosu,00-0034350,,,Full Participation in Practice,Uchenna Nwosu,
2024,17,SEA,C,Olusegun Oluwatimi,00-0038593,,,Full Participation in Practice,Olusegun Oluwatimi,
2024,17,SEA,DT,Leonard Williams,00-0031933,,,Full Participation in Practice,Leonard Williams,
2024,17,SEA,TE,Brady Russell,00-0038488,Out,Foot,Did Not Participate In Practice,Brady Russell,OUT
2024,17,SEA,RB,Kenneth Walker,00-0038134,Out,Ankle,Did Not Participate In Practice,Kenneth Walker,OUT
2024,17,SEA,S,K'Von Wallace,00-0036395,Out,Ankle,Full Participation in Practice,K'Von Wallace,OUT
2024,17,SF,DE,Nick Bosa,00-0035717,,,Full Participation in Practice,Nick Bosa,
2024,17,SF,DT,Jordan Elliott,00-0036266,,,Full Participation in Practice,Jordan Elliott,
2024,17,SF,DE,Leonard Floyd,00-0033072,,,Full Participation in Practice,Leonard Floyd,
2024,17,SF,RB,Isaac Guerendo,00-0039363,,,Full Participation in Practice,Isaac Guerendo,
2024,17,SF,S,Talanoa Hufanga,00-0036564,,,Full Participation in Practice,Talanoa Hufanga,
2024,17,SF,FB,Kyle Juszczyk,00-0029892,,,Full Participation in Practice,Kyle Juszczyk,
2024,17,SF,LB,Dee Winters,00-0038625,,,Full Participation in Practice,Dee Winters,
2024,17,SF,G,Aaron Banks,00-0036551,Out,Knee,Did Not Participate In Practice,Aaron Banks,OUT
2024,17,SF,DE,Robert Beal,00-0038603,Out,Ankle,Did Not Participate In Practice,Robert Beal,OUT
2024,17,SF,G,Spencer Burford,00-0037829,Out,Calf,Did Not Participate In Practice,Spencer Burford,OUT
2024,17,SF,LB,Dre Greenlaw,00-0034982,Out,Calf,Did Not Participate In Practice,Dre Greenlaw,OUT
2024,17,SF,S,Ji'Ayir Brown,00-0038554,Questionable,Ankle,Did Not Participate In Practice,Ji'Ayir Brown,QUESTIONABLE
2024,17,SF,T,Colton McKivitz,00-0036256,Questionable,Knee,Did Not Participate In Practice,Colton McKivitz,QUESTIONABLE
2024,17,SF,CB,Charvarius Ward,00-0034573,Questionable,Not injury related - personal matter,Did Not Participate In Practice,Charvarius Ward,QUESTIONABLE
2024,17,SF,LB,Tatum Bethune,00-0039435,Questionable,Knee,Full Participation in Practice,Tatum Bethune,QUESTIONABLE
2024,17,TB,DE,William Gholston,00-0030386,,,Did Not Participate In Practice,William Gholston,
2024,17,TB,S,Christian Izien,00-0038820,,,Did Not Participate In Practice,Christian Izien,
2024,17,TB,C,Graham Barton,00-0039905,,,Full Participation in Practice,Graham Barton,
2024,17,TB,S,Mike Edwards,00-0035681,,,Full Participation in Practice,Mike Edwards,
2024,17,TB,DE,Logan Hall,00-0038127,,,Full Participation in Practice,Logan Hall,
2024,17,TB,S,Kaevon Merriweather,00-0038823,,,Full Participation in Practice,Kaevon Merriweather,
2024,17,TB,LB,Lavonte David,00-0029562,,,Limited Participation in Practice,Lavonte David,
2024,17,TB,CB,Jamel Dean,00-0035699,,,Limited Participation in Practice,Jamel Dean,
2024,17,TB,WR,Mike Evans,00-0031408,,,Limited Participation in Practice,Mike Evans,
2024,17,TB,T,Tristan Wirfs,00-0036406,,,Limited Participation in Practice,Tristan Wirfs,
2024,17,TB,TE,Cade Otton,00-0038129,Out,Knee,Did Not Participate In Practice,Cade Otton,OUT
2024,17,TB,WR,Sterling Shepard,00-0032385,Out,Hamstring,Did Not Participate In Practice,Sterling Shepard,OUT
2024,17,TB,S,Antoine Winfield,00-0036411,Out,Knee,Did Not Participate In Practice,Antoine Winfield,OUT
2024,17,TB,LB,K.J. Britt,00-0036643,Questionable,Ankle,Full Participation in Practice,K.J. Britt,QUESTIONABLE
2024,17,TB,WR,Kameron Johnson,00-0039589,Questionable,Ankle,Full Participation in Practice,Kameron Johnson,QUESTIONABLE
2024,17,TB,S,Jordan Whitehead,00-0034374,Questionable,Pectoral,Full Participation in Practice,Jordan Whitehead,QUESTIONABLE
2024,17,TEN,LB,Kenneth Murray,00-0036441,,,Did Not Participate In Practice,Kenneth Murray,
2024,17,TEN,LB,Luke Gifford,00-0035413,,,Full Participation in Practice,Luke Gifford,
2024,17,TEN,K,Nick Folk,00-0025565,Out,Abdomen,Did Not Participate In Practice,Nick Folk,OUT
2024,17,TEN,T,Dillon Radunz,00-0036619,Out,Shoulder,Did Not Participate In Practice,Dillon Radunz,OUT
2024,17,TEN,LB,Otis Reese,00-0038853,Out,Ankle,Did Not Participate In Practice,Otis Reese,OUT
2024,17,TEN,WR,Colton Dowell,00-0038632,Out,Knee,Limited Participation in Practice,Colton Dowell,OUT
2024,17,TEN,WR,Tyler Boyd,00-0033009,Questionable,Foot,Did Not Participate In Practice,Tyler Boyd,QUESTIONABLE
2024,17,TEN,S,Amani Hooker,00-0035632,Questionable,Shoulder,Did Not Participate In Practice,Amani Hooker,QUESTIONABLE
2024,17,TEN,WR,Bryce Oliver,00-0039650,Questionable,Knee,Did Not Participate In Practice,Bryce Oliver,QUESTIONABLE
2024,17,TEN,RB,Tony Pollard,00-0035261,Questionable,Ankle,Did Not Participate In Practice,Tony Pollard,QUESTIONABLE
2024,17,WAS,TE,Zach Ertz,00-0030061,,,Full Participation in Practice,Zach Ertz,
2024,17,WAS,LB,Dante Fowler,00-0032052,,,Full Participation in Practice,Dante Fowler,
2024,17,WAS,WR,Terry McLaurin,00-0035659,,,Full Participation in Practice,Terry McLaurin,
2024,17,WAS,DE,Clelin Ferrell,00-0035692,,,Limited Participation in Practice,Clelin Ferrell,
2024,17,WAS,WR,Dyami Brown,00-0036626,Out,Hamstring,Did Not Participate In Practice,Dyami Brown,OUT
2024,17,WAS,CB,Marshon Lattimore,00-0033874,Out,Hamstring,Did Not Participate In Practice,Marshon Lattimore,OUT
2024,17,WAS,LB,Jordan Magee,00-0039368,Out,Hamstring,Did Not Participate In Practice,Jordan Magee,OUT
2024,17,WAS,S,Tyler Owens,00-0039681,Out,Ankle,Did Not Participate In Practice,Tyler Owens,OUT
2024,17,WAS,T,Andrew Wylie,00-0033831,Out,Groin,Did Not Participate In Practice,Andrew Wylie,OUT
2024,17,WAS,QB,Marcus Mariota,00-0032268,Questionable,Not injury related - personal matter,Did Not Participate In Practice,Marcus Mariota,QUESTIONABLE
2024,17,WAS,DT,Jonathan Allen,00-0033523,Questionable,Pectoral,Full Participation in Practice,Jonathan Allen,QUESTIONABLE
2024,18,ARI,C,Hjalte Froholdt,00-0035258,,,Full Participation in Practice,Hjalte Froholdt,
2024,18,ARI,T,Kelvin Beachum,00-0029316,,,Limited Participation in Practice,Kelvin Beachum,
2024,18,ARI,DT,Darius Robinson,00-0039854,,,Limited Participation in Practice,Darius Robinson,
2024,18,ARI,K,Matt Prater,00-0023853,Out,Left Knee,Limited Participation in Practice,Matt Prater,OUT
2024,18,ARI,LB,Victor Dimukeje,00-0036896,Questionable,Eye,"
    ",Victor Dimukeje,QUESTIONABLE
2024,18,ARI,T,Jackson Barton,00-0035003,Questionable,Ankle,Limited Participation in Practice,Jackson Barton,QUESTIONABLE
2024,18,ARI,CB,Sean Murphy-Bunting,00-0035239,Questionable,Toe,Limited Participation in Practice,Sean Murphy-Bunting,QUESTIONABLE
2024,18,ARI,LB,Mack Wilson,00-0035144,Questionable,Ankle,Limited Participation in Practice,Mack Wilson,QUESTIONABLE
2024,18,ARI,WR,Michael Wilson,00-0038559,Questionable,Hamstring,Limited Participation in Practice,Michael Wilson,QUESTIONABLE
2024,18,ATL,DT,Grady Jarrett,00-0031583,,,Did Not Participate In Practice,Grady Jarrett,
2024,18,ATL,CB,Kevin King,00-0033524,,,Did Not Participate In Practice,Kevin King,
2024,18,ATL,DT,David Onyemata,00-0033051,,,Did Not Participate In Practice,David Onyemata,
2024,18,ATL,CB,Dee Alford,00-0037034,,,Full Participation in Practice,Dee Alford,
2024,18,ATL,G,Matthew Bergeron,00-0039048,,,Full Participation in Practice,Matthew Bergeron,
2024,18,ATL,LB,Lorenzo Carter,00-0034360,,,Full Participation in Practice,Lorenzo Carter,
2024,18,ATL,TE,Ross Dwelley,00-0034073,,,Full Participation in Practice,Ross Dwelley,
2024,18,ATL,DE,Zach Harrison,00-0038980,,,Full Participation in Practice,Zach Harrison,
2024,18,ATL,WR,KhaDarel Hodge,00-0034854,,,Full Participation in Practice,KhaDarel Hodge,
2024,18,ATL,LB,Nate Landman,00-0037587,,,Full Participation in Practice,Nate Landman,
2024,18,ATL,WR,Drake London,00-0037238,,,Full Participation in Practice,Drake London,
2024,18,ATL,T,Jake Matthews,00-0031279,,,Limited Participation in Practice,Jake Matthews,
2024,18,ATL,T,Kaleb McGary,00-0035235,,,Limited Participation in Practice,Kaleb McGary,
2024,18,ATL,TE,Charlie Woerner,00-0036429,,,Limited Participation in Practice,Charlie Woerner,
2024,18,ATL,DE,Brandon Dorlus,00-0039859,Questionable,Abdomen,Did Not Participate In Practice,Brandon Dorlus,QUESTIONABLE
2024,18,ATL,WR,Darnell Mooney,00-0036309,Questionable,Shoulder,Did Not Participate In Practice,Darnell Mooney,QUESTIONABLE
2024,18,ATL,LB,J.D. Bertrand,00-0039370,Questionable,Eye,Limited Participation in Practice,J.D. Bertrand,QUESTIONABLE
2024,18,BAL,WR,Nelson Agholor,00-0031549,,,Full Participation in Practice,Nelson Agholor,
2024,18,BAL,RB,Rasheen Ali,00-0039796,,,Full Participation in Practice,Rasheen Ali,
2024,18,BAL,DT,Nnamdi Madubuike,00-0036130,,,Full Participation in Practice,Nnamdi Madubuike,
2024,18,BAL,T,Ronnie Stanley,00-0032965,,,Full Participation in Practice,Ronnie Stanley,
2024,18,BAL,RB,Justice Hill,00-0034975,Out,Concussion,Did Not Participate In Practice,Justice Hill,OUT
2024,18,BAL,CB,Jalyn Armour-Davis,00-0038119,Out,Hamstring,Limited Participation in Practice,Jalyn Armour-Davis,OUT
2024,18,BAL,TE,Charlie Kolar,00-0038046,Questionable,Forearm,Full Participation in Practice,Charlie Kolar,QUESTIONABLE
2024,18,BAL,G,Patrick Mekari,00-0035112,Questionable,Illness,Limited Participation in Practice,Patrick Mekari,QUESTIONABLE
2024,18,BUF,QB,Josh Allen,00-0034857,,,Full Participation in Practice,Josh Allen,
2024,18,BUF,T,Spencer Brown,00-0036976,,,Full Participation in Practice,Spencer Brown,
2024,18,BUF,DT,DeWayne Carter,00-0039873,,,Full Participation in Practice,DeWayne Carter,
2024,18,BUF,WR,Amari Cooper,00-0031544,,,Full Participation in Practice,Amari Cooper,
2024,18,BUF,CB,Rasul Douglas,00-0033551,,,Full Participation in Practice,Rasul Douglas,
2024,18,BUF,TE,Dalton Kincaid,00-0038933,,,Full Participation in Practice,Dalton Kincaid,
2024,18,BUF,P,Sam Martin,00-0030092,,,Full Participation in Practice,Sam Martin,
2024,18,BUF,LB,Matt Milano,00-0033571,,,Full Participation in Practice,Matt Milano,
2024,18,BUF,TE,Quintin Morris,00-0036590,,,Full Participation in Practice,Quintin Morris,
2024,18,BUF,DT,Jordan Phillips,00-0031557,,,Full Participation in Practice,Jordan Phillips,
2024,18,BUF,DE,Dawuane Smoot,00-0033907,,,Full Participation in Practice,Dawuane Smoot,
2024,18,BUF,LB,Dorian Williams,00-0038557,,,Full Participation in Practice,Dorian Williams,
2024,18,BUF,S,Damar Hamlin,00-0036888,,,Limited Participation in Practice,Damar Hamlin,
2024,18,BUF,S,Cameron Lewis,00-0035357,,,Limited Participation in Practice,Cameron Lewis,
2024,18,BUF,S,Taylor Rapp,00-0035663,,,Limited Participation in Practice,Taylor Rapp,
2024,18,BUF,LB,Terrel Bernard,00-0037254,Out,Quadricep,Limited Participation in Practice,Terrel Bernard,OUT
2024,18,BUF,WR,Curtis Samuel,00-0033282,Questionable,Rib,Limited Participation in Practice,Curtis Samuel,QUESTIONABLE
2024,18,CAR,LB,Jadeveon Clowney,00-0031364,,,Full Participation in Practice,Jadeveon Clowney,
2024,18,CAR,CB,Michael Jackson,00-0035277,,,Full Participation in Practice,Michael Jackson,
2024,18,CAR,S,Nick Scott,00-0035669,,,Full Participation in Practice,Nick Scott,
2024,18,CAR,LB,D.J. Wonnum,00-0036335,,,Full Participation in Practice,D.J. Wonnum,
2024,18,CAR,LB,Amare Barno,00-0037043,Out,Shoulder,Did Not Participate In Practice,Amare Barno,OUT
2024,18,CAR,CB,Jaycee Horn,00-0036944,Out,Hip,Did Not Participate In Practice,Jaycee Horn,OUT
2024,18,CAR,LB,Josey Jewell,00-0034368,Out,Concussion,Did Not Participate In Practice,Josey Jewell,OUT
2024,18,CAR,S,Lonnie Johnson,00-0035244,Out,Shoulder,Did Not Participate In Practice,Lonnie Johnson,OUT
2024,18,CAR,G,Robert Hunt,00-0036325,Questionable,Knee,Did Not Participate In Practice,Robert Hunt,QUESTIONABLE
2024,18,CAR,RB,Miles Sanders,00-0035243,Questionable,Ankle,Full Participation in Practice,Miles Sanders,QUESTIONABLE
2024,18,CAR,WR,Xavier Legette,00-0039342,Questionable,Hip,Limited Participation in Practice,Xavier Legette,QUESTIONABLE
2024,18,CAR,T,Taylor Moton,00-0033284,Questionable,Not injury related - resting player,Limited Participation in Practice,Taylor Moton,QUESTIONABLE
2024,18,CAR,DE,A'Shawn Robinson,00-0032889,Questionable,Neck,Limited Participation in Practice,A'Shawn Robinson,QUESTIONABLE
2024,18,CHI,T,Larry Borom,00-0036905,,,Full Participation in Practice,Larry Borom,
2024,18,CHI,LS,Scott Daly,00-0034067,,,Full Participation in Practice,Scott Daly,
2024,18,CHI,CB,Kyler Gordon,00-0038111,,,Full Participation in Practice,Kyler Gordon,
2024,18,CHI,TE,Marcedes Lewis,00-0024243,,,Full Participation in Practice,Marcedes Lewis,
2024,18,CHI,S,Tarvarius Moore,00-0034263,,,Full Participation in Practice,Tarvarius Moore,
2024,18,CHI,WR,Rome Odunze,00-0039919,,,Full Participation in Practice,Rome Odunze,
2024,18,CHI,S,Elijah Hicks,00-0037096,Questionable,Ankle,Did Not Participate In Practice,Elijah Hicks,QUESTIONABLE
2024,18,CHI,RB,Travis Homer,00-0035594,Questionable,Hamstring,Did Not Participate In Practice,Travis Homer,QUESTIONABLE
2024,18,CHI,G,Teven Jenkins,00-0036953,Questionable,Calf,Did Not Participate In Practice,Teven Jenkins,QUESTIONABLE
2024,18,CIN,T,Orlando Brown,00-0034752,,,Full Participation in Practice,Orlando Brown,
2024,18,CIN,QB,Joe Burrow,00-0036442,,,Full Participation in Practice,Joe Burrow,
2024,18,CIN,T,Devin Cochran,00-0037414,,,Full Participation in Practice,Devin Cochran,
2024,18,CIN,DE,Trey Hendrickson,00-0033935,,,Full Participation in Practice,Trey Hendrickson,
2024,18,CIN,TE,Tanner Hudson,00-0034613,,,Full Participation in Practice,Tanner Hudson,
2024,18,CIN,DT,McKinnley Jackson,00-0039354,,,Full Participation in Practice,McKinnley Jackson,
2024,18,CIN,DT,Kris Jenkins,00-0039908,,,Full Participation in Practice,Kris Jenkins,
2024,18,CIN,WR,Jermaine Burton,00-0039810,Out,Not injury related - other,"
    ",Jermaine Burton,OUT
2024,18,CIN,DE,Sam Hubbard,00-0034834,Out,Knee,Did Not Participate In Practice,Sam Hubbard,OUT
2024,18,CIN,RB,Chase Brown,00-0038597,Questionable,Ankle,Did Not Participate In Practice,Chase Brown,QUESTIONABLE
2024,18,CIN,T,Amarius Mims,00-0039925,Questionable,Ankle,Did Not Participate In Practice,Amarius Mims,QUESTIONABLE
2024,18,CIN,TE,Drew Sample,00-0035631,Questionable,Groin,Did Not Participate In Practice,Drew Sample,QUESTIONABLE
2024,18,CIN,WR,Tee Higgins,00-0036410,Questionable,Ankle,Limited Participation in Practice,Tee Higgins,QUESTIONABLE
2024,18,CIN,WR,Charlie Jones,00-0038576,Questionable,Groin,Limited Participation in Practice,Charlie Jones,QUESTIONABLE
2024,18,CIN,CB,Cam Taylor-Britt,00-0037753,Questionable,Ankle,Limited Participation in Practice,Cam Taylor-Britt,QUESTIONABLE
2024,18,CLE,T,Germain Ifedi,00-0032384,,,Full Participation in Practice,Germain Ifedi,
2024,18,CLE,WR,Jerry Jeudy,00-0036407,,,Full Participation in Practice,Jerry Jeudy,
2024,18,CLE,DE,Cameron Thomas,00-0037815,,,Full Participation in Practice,Cameron Thomas,
2024,18,CLE,QB,Dorian Thompson-Robinson,00-0038583,,,Full Participation in Practice,Dorian Thompson-Robinson,
2024,18,CLE,S,Grant Delpit,00-0036282,,,Limited Participation in Practice,Grant Delpit,
2024,18,CLE,DE,Myles Garrett,00-0033868,,,Limited Participation in Practice,Myles Garrett,
2024,18,CLE,LB,Jordan Hicks,00-0032129,Out,Concussion,Did Not Participate In Practice,Jordan Hicks,OUT
2024,18,CLE,TE,David Njoku,00-0033885,Out,Knee,Did Not Participate In Practice,David Njoku,OUT
2024,18,CLE,RB,Pierre Strong,00-0038098,Out,Concussion,Did Not Participate In Practice,Pierre Strong,OUT
2024,18,CLE,CB,Denzel Ward,00-0034856,Out,Shoulder,Did Not Participate In Practice,Denzel Ward,OUT
2024,18,CLE,RB,Jerome Ford,00-0037267,Out,Ankle,Full Participation in Practice,Jerome Ford,OUT
2024,18,CLE,DT,Dalvin Tomlinson,00-0033546,Questionable,Knee,Did Not Participate In Practice,Dalvin Tomlinson,QUESTIONABLE
2024,18,CLE,LB,Devin Bush,00-0035525,Questionable,Thigh,Full Participation in Practice,Devin Bush,QUESTIONABLE
2024,18,CLE,CB,Cameron Mitchell,00-0038585,Questionable,Knee,Limited Participation in Practice,Cameron Mitchell,QUESTIONABLE
2024,18,CLE,DE,Ogbonnia Okoronkwo,00-0034807,Questionable,Knee,Limited Participation in Practice,Ogbonnia Okoronkwo,QUESTIONABLE
2024,18,CLE,TE,Blake Whiteheart,00-0038710,Questionable,Knee,Limited Participation in Practice,Blake Whiteheart,QUESTIONABLE
2024,18,CLE,QB,Jameis Winston,00-0031503,Questionable,Right Shoulder,Limited Participation in Practice,Jameis Winston,QUESTIONABLE
2024,18,CLE,WR,Mike Woods,00-0037300,Questionable,Knee,Limited Participation in Practice,Mike Woods,QUESTIONABLE
2024,18,DAL,CB,Kemon Hall,00-0035542,,,Did Not Participate In Practice,Kemon Hall,
2024,18,DAL,LB,Nick Vigil,00-0032892,,,Did Not Participate In Practice,Nick Vigil,
2024,18,DAL,WR,Jalen Brooks,00-0038640,,,Full Participation in Practice,Jalen Brooks,
2024,18,DAL,TE,Princeton Fant,00-0038735,,,Full Participation in Practice,Princeton Fant,
2024,18,DAL,LB,Eric Kendricks,00-0031554,,,Full Participation in Practice,Eric Kendricks,
2024,18,DAL,CB,Jourdan Lewis,00-0033928,,,Full Participation in Practice,Jourdan Lewis,
2024,18,DAL,WR,Jalen Tolbert,00-0037666,,,Full Participation in Practice,Jalen Tolbert,
2024,18,DAL,T,Matt Waletzko,00-0037266,,,Full Participation in Practice,Matt Waletzko,
2024,18,DAL,G,T.J. Bass,00-0038731,,,Limited Participation in Practice,T.J. Bass,
2024,18,DAL,T,Chuma Edoga,00-0035698,,,Limited Participation in Practice,Chuma Edoga,
2024,18,DAL,DE,Micah Parsons,00-0036932,,,Limited Participation in Practice,Micah Parsons,
2024,18,DAL,DT,Mazi Smith,00-0038545,,,Limited Participation in Practice,Mazi Smith,
2024,18,DAL,S,Donovan Wilson,00-0035301,,,Limited Participation in Practice,Donovan Wilson,
2024,18,DEN,DE,Zach Allen,00-0035248,,,Full Participation in Practice,Zach Allen,
2024,18,DEN,LB,Nik Bonitto,00-0037249,,,Full Participation in Practice,Nik Bonitto,
2024,18,DEN,G,Ben Powers,00-0034978,,,Full Participation in Practice,Ben Powers,
2024,18,DEN,LB,Justin Strnad,00-0036428,,,Full Participation in Practice,Justin Strnad,
2024,18,DEN,T,Frank Crum,00-0039568,Out,Illness,Did Not Participate In Practice,Frank Crum,OUT
2024,18,DEN,RB,Tyler Badie,00-0037085,Questionable,Back,Full Participation in Practice,Tyler Badie,QUESTIONABLE
2024,18,DET,LB,Jack Campbell,00-0039018,,,Full Participation in Practice,Jack Campbell,
2024,18,DET,G,Christian Mahogany,00-0039408,,,Full Participation in Practice,Christian Mahogany,
2024,18,DET,CB,Amik Robertson,00-0036375,,,Full Participation in Practice,Amik Robertson,
2024,18,DET,RB,David Montgomery,00-0035685,Out,Knee,Did Not Participate In Practice,David Montgomery,OUT
2024,18,DET,CB,Emmanuel Moseley,00-0034096,Out,Illness,Did Not Participate In Practice,Emmanuel Moseley,OUT
2024,18,DET,RB,Craig Reynolds,00-0035567,Questionable,Back,Did Not Participate In Practice,Craig Reynolds,QUESTIONABLE
2024,18,DET,LB,Alex Anzalone,00-0033914,Questionable,Forearm,Full Participation in Practice,Alex Anzalone,QUESTIONABLE
2024,18,DET,WR,Kalif Raymond,00-0032464,Questionable,Foot,Full Participation in Practice,Kalif Raymond,QUESTIONABLE
2024,18,GB,RB,Christopher Brooks,00-0038685,,,Full Participation in Practice,Christopher Brooks,
2024,18,GB,RB,Josh Jacobs,00-0035700,,,Full Participation in Practice,Josh Jacobs,
2024,18,GB,G,Elgton Jenkins,00-0035526,,,Full Participation in Practice,Elgton Jenkins,
2024,18,GB,TE,Tucker Kraft,00-0038996,,,Full Participation in Practice,Tucker Kraft,
2024,18,GB,DT,Devonte Wyatt,00-0037075,,,Full Participation in Practice,Devonte Wyatt,
2024,18,GB,S,Javon Bullard,00-0039867,,,Limited Participation in Practice,Javon Bullard,
2024,18,GB,CB,Jaire Alexander,00-0034728,Out,Knee,Did Not Participate In Practice,Jaire Alexander,OUT
2024,18,GB,S,Zayne Anderson,00-0036677,Out,Concussion,Did Not Participate In Practice,Zayne Anderson,OUT
2024,18,GB,T,Andre Dillard,00-0035233,Out,Concussion,Did Not Participate In Practice,Andre Dillard,OUT
2024,18,GB,LB,Quay Walker,00-0037074,Out,Ankle,Did Not Participate In Practice,Quay Walker,OUT
2024,18,GB,S,Evan Williams,00-0039813,Out,Quadricep,Did Not Participate In Practice,Evan Williams,OUT
2024,18,GB,WR,Romeo Doubs,00-0037816,Questionable,Illness,"
    ",Romeo Doubs,QUESTIONABLE
2024,18,GB,DE,Brenton Cox,00-0038463,Questionable,Foot,Did Not Participate In Practice,Brenton Cox,QUESTIONABLE
2024,18,GB,WR,Christian Watson,00-0038124,Questionable,Knee,Limited Participation in Practice,Christian Watson,QUESTIONABLE
2024,18,HOU,DE,Will Anderson,00-0039108,,,Full Participation in Practice,Will Anderson,
2024,18,HOU,G,Nick Broeker,00-0038633,,,Full Participation in Practice,Nick Broeker,
2024,18,HOU,CB,Kamari Lassiter,00-0039343,,,Full Participation in Practice,Kamari Lassiter,
2024,18,HOU,C,Juice Scruggs,00-0038936,,,Full Participation in Practice,Juice Scruggs,
2024,18,HOU,WR,Nico Collins,00-0036554,,,Limited Participation in Practice,Nico Collins,
2024,18,HOU,RB,Joe Mixon,00-0033897,,,Limited Participation in Practice,Joe Mixon,
2024,18,HOU,T,Laremy Tunsil,00-0032380,,,Limited Participation in Practice,Laremy Tunsil,
2024,18,HOU,DE,Denico Autry,00-0031254,Out,Knee,Did Not Participate In Practice,Denico Autry,OUT
2024,18,HOU,DT,Folorunso Fatukasi,00-0034275,Out,Ankle,Did Not Participate In Practice,Folorunso Fatukasi,OUT
2024,18,HOU,G,Shaquille Mason,00-0031580,Out,Knee,Did Not Participate In Practice,Shaquille Mason,OUT
2024,18,HOU,CB,Jeff Okudah,00-0036274,Out,Concussion,Did Not Participate In Practice,Jeff Okudah,OUT
2024,18,HOU,LB,Christian Harris,00-0037823,Questionable,Ankle,Limited Participation in Practice,Christian Harris,QUESTIONABLE
2024,18,HOU,LB,Jamal Hill,00-0039395,Questionable,Hamstring,Limited Participation in Practice,Jamal Hill,QUESTIONABLE
2024,18,IND,DT,DeForest Buckner,00-0032378,,,Did Not Participate In Practice,DeForest Buckner,
2024,18,IND,C,Ryan Kelly,00-0032383,,,Did Not Participate In Practice,Ryan Kelly,
2024,18,IND,DT,Grover Stewart,00-0033952,,,Did Not Participate In Practice,Grover Stewart,
2024,18,IND,WR,Josh Downs,00-0038997,,,Full Participation in Practice,Josh Downs,
2024,18,IND,G,Quenton Nelson,00-0034342,,,Full Participation in Practice,Quenton Nelson,
2024,18,IND,WR,Michael Pittman,00-0036252,,,Full Participation in Practice,Michael Pittman,
2024,18,IND,QB,Anthony Richardson,00-0039164,Out,Back,Did Not Participate In Practice,Anthony Richardson,OUT
2024,18,IND,CB,Julius Brents,00-0039156,Questionable,Knee,Full Participation in Practice,Julius Brents,QUESTIONABLE
2024,18,JAX,S,Darnell Savage,00-0034968,,,Full Participation in Practice,Darnell Savage,
2024,18,JAX,G,Ezra Cleveland,00-0036327,,,Limited Participation in Practice,Ezra Cleveland,
2024,18,JAX,G,Brandon Scherff,00-0032053,,,Limited Participation in Practice,Brandon Scherff,
2024,18,JAX,T,Walker Little,00-0036975,Out,Ankle,Did Not Participate In Practice,Walker Little,OUT
2024,18,JAX,LB,Ventrell Miller,00-0038570,Questionable,Ankle,Limited Participation in Practice,Ventrell Miller,QUESTIONABLE
2024,18,KC,CB,Chamarri Conner,00-0038982,,,Full Participation in Practice,Chamarri Conner,
2024,18,KC,T,D.J. Humphries,00-0032222,,,Full Participation in Practice,D.J. Humphries,
2024,18,KC,DT,Mike Pennel,00-0030757,,,Full Participation in Practice,Mike Pennel,
2024,18,KC,WR,Nikko Remigio,00-0038519,,,Full Participation in Practice,Nikko Remigio,
2024,18,KC,CB,Christian Roland-Wallace,00-0039324,,,Full Participation in Practice,Christian Roland-Wallace,
2024,18,KC,RB,Isiah Pacheco,00-0037197,Out,Rib,Did Not Participate In Practice,Isiah Pacheco,OUT
2024,18,KC,T,Jawaan Taylor,00-0035237,Out,Knee,Did Not Participate In Practice,Jawaan Taylor,OUT
2024,18,KC,WR,Mecole Hardman,00-0035140,Out,Knee,Limited Participation in Practice,Mecole Hardman,OUT
2024,18,KC,CB,Jaylen Watson,00-0037195,Out,Ankle,Limited Participation in Practice,Jaylen Watson,OUT
2024,18,KC,DT,Chris Jones,00-0032762,Doubtful,Calf,Did Not Participate In Practice,Chris Jones,DOUBTFUL
2024,18,KC,LB,Nick Bolton,00-0036621,Doubtful,Not injury related - other,Full Participation in Practice,Nick Bolton,DOUBTFUL
2024,18,KC,RB,Kareem Hunt,00-0033923,Doubtful,Coaching Decision ,Full Participation in Practice,Kareem Hunt,DOUBTFUL
2024,18,KC,DE,George Karlaftis,00-0037192,Doubtful,Coaching Decision ,Full Participation in Practice,George Karlaftis,DOUBTFUL
2024,18,KC,TE,Travis Kelce,00-0030506,Doubtful,Coaching Decision ,Full Participation in Practice,Travis Kelce,DOUBTFUL
2024,18,KC,S,Justin Reid,00-0034361,Doubtful,Coaching Decision ,Full Participation in Practice,Justin Reid,DOUBTFUL
2024,18,KC,LB,Drue Tranquill,00-0035262,Doubtful,Coaching Decision ,Full Participation in Practice,Drue Tranquill,DOUBTFUL
2024,18,KC,QB,Patrick Mahomes,00-0033873,Doubtful,Ankle,Limited Participation in Practice,Patrick Mahomes,DOUBTFUL
2024,18,KC,CB,Trent McDuffie,00-0037191,Doubtful,Knee,Limited Participation in Practice,Trent McDuffie,DOUBTFUL
2024,18,LA,WR,Tutu Atwell,00-0036849,,,Full Participation in Practice,Tutu Atwell,
2024,18,LA,WR,Jordan Whittington,00-0039751,,,Full Participation in Practice,Jordan Whittington,
2024,18,LA,T,Rob Havenstein,00-0032242,Out,Shoulder,Did Not Participate In Practice,Rob Havenstein,OUT
2024,18,LA,G,Kevin Dotson,00-0036339,Doubtful,Coach's Decision,Full Participation in Practice,Kevin Dotson,DOUBTFUL
2024,18,LA,T,Alaric Jackson,00-0036603,Doubtful,Coach's Decision,Full Participation in Practice,Alaric Jackson,DOUBTFUL
2024,18,LA,WR,Cooper Kupp,00-0033908,Doubtful,Coach's Decision,Full Participation in Practice,Cooper Kupp,DOUBTFUL
2024,18,LA,WR,Puka Nacua,00-0039075,Doubtful,Not injury related - other,Full Participation in Practice,Puka Nacua,DOUBTFUL
2024,18,LA,QB,Matthew Stafford,00-0026498,Doubtful,Coach's Decision,Full Participation in Practice,Matthew Stafford,DOUBTFUL
2024,18,LA,RB,Kyren Williams,00-0037840,Doubtful,Coach's Decision,Full Participation in Practice,Kyren Williams,DOUBTFUL
2024,18,LAC,DE,Poona Ford,00-0034234,,,Full Participation in Practice,Poona Ford,
2024,18,LAC,DE,Khalil Mack,00-0031040,,,Full Participation in Practice,Khalil Mack,
2024,18,LAC,WR,Ladd McConkey,00-0039915,,,Full Participation in Practice,Ladd McConkey,
2024,18,LAC,T,Trey Pipkins,00-0035688,,,Full Participation in Practice,Trey Pipkins,
2024,18,LAC,RB,Gus Edwards,00-0034184,Out,Ankle,Did Not Participate In Practice,Gus Edwards,OUT
2024,18,LAC,WR,Josh Palmer,00-0036988,Out,Foot,Did Not Participate In Practice,Josh Palmer,OUT
2024,18,LAC,LB,Denzel Perryman,00-0032103,Doubtful,Groin,Limited Participation in Practice,Denzel Perryman,DOUBTFUL
2024,18,LAC,S,Alohi Gilman,00-0036380,Questionable,Hamstring,Full Participation in Practice,Alohi Gilman,QUESTIONABLE
2024,18,LV,S,Trey Taylor,00-0039413,,,Full Participation in Practice,Trey Taylor,
2024,18,LV,DE,K'Lavon Chaisson,00-0036286,,,Limited Participation in Practice,K'Lavon Chaisson,
2024,18,LV,DT,John Jenkins,00-0030070,,,Limited Participation in Practice,John Jenkins,
2024,18,LV,T,Kolton Miller,00-0034759,,,Limited Participation in Practice,Kolton Miller,
2024,18,LV,S,Isaiah Pola-Mao,00-0037512,,,Limited Participation in Practice,Isaiah Pola-Mao,
2024,18,LV,RB,Ameer Abdullah,00-0032104,Out,Foot,Did Not Participate In Practice,Ameer Abdullah,OUT
2024,18,LV,CB,Nate Hobbs,00-0036871,Questionable,Illness,Did Not Participate In Practice,Nate Hobbs,QUESTIONABLE
2024,18,LV,G,Jordan Meredith,00-0036604,Questionable,Ankle,Limited Participation in Practice,Jordan Meredith,QUESTIONABLE
2024,18,MIA,P,Jake Bailey,00-0035280,,,Full Participation in Practice,Jake Bailey,
2024,18,MIA,LB,Duke Riley,00-0033549,,,Full Participation in Practice,Duke Riley,
2024,18,MIA,S,Jordan Poyer,00-0030114,,,Limited Participation in Practice,Jordan Poyer,
2024,18,MIA,LB,Anthony Walker,00-0033570,Out,Knee,Did Not Participate In Practice,Anthony Walker,OUT
2024,18,MIA,QB,Tua Tagovailoa,00-0036212,Doubtful,Hip,Limited Participation in Practice,Tua Tagovailoa,DOUBTFUL
2024,18,MIA,WR,Tyreek Hill,00-0033040,Questionable,Wrist,Did Not Participate In Practice,Tyreek Hill,QUESTIONABLE
2024,18,MIA,WR,Jaylen Waddle,00-0036613,Questionable,Knee,Full Participation in Practice,Jaylen Waddle,QUESTIONABLE
2024,18,MIA,T,Terron Armstead,00-0030067,Questionable,Knee,Limited Participation in Practice,Terron Armstead,QUESTIONABLE
2024,18,MIA,DE,Calais Campbell,00-0026190,Questionable,Neck,Limited Participation in Practice,Calais Campbell,QUESTIONABLE
2024,18,MIA,WR,D'Wayne Eskridge,00-0036620,Questionable,Finger,Limited Participation in Practice,D'Wayne Eskridge,QUESTIONABLE
2024,18,MIA,S,Jevon Holland,00-0036998,Questionable,Wrist,Limited Participation in Practice,Jevon Holland,QUESTIONABLE
2024,18,MIN,CB,Stephon Gilmore,00-0029542,,,Did Not Participate In Practice,Stephon Gilmore,
2024,18,MIN,S,Harrison Smith,00-0029606,,,Did Not Participate In Practice,Harrison Smith,
2024,18,MIN,FB,C.J. Ham,00-0032918,,,Full Participation in Practice,C.J. Ham,
2024,18,MIN,G,Ed Ingram,00-0038131,,,Full Participation in Practice,Ed Ingram,
2024,18,MIN,RB,Aaron Jones,00-0033293,,,Full Participation in Practice,Aaron Jones,
2024,18,MIN,TE,Josh Oliver,00-0035249,,,Full Participation in Practice,Josh Oliver,
2024,18,MIN,DE,Patrick Jones,00-0037007,Out,Knee,Did Not Participate In Practice,Patrick Jones,OUT
2024,18,MIN,LB,Kamu Grugier-Hill,00-0032437,Questionable,Illness,Did Not Participate In Practice,Kamu Grugier-Hill,QUESTIONABLE
2024,18,MIN,CB,Fabian Moreau,00-0033918,Questionable,Hip,Limited Participation in Practice,Fabian Moreau,QUESTIONABLE
2024,18,NE,WR,Kayshon Boutte,00-0038608,,,Full Participation in Practice,Kayshon Boutte,
2024,18,NE,LB,Curtis Jacobs,00-0039318,,,Full Participation in Practice,Curtis Jacobs,
2024,18,NE,S,Brenden Schooler,00-0037205,,,Limited Participation in Practice,Brenden Schooler,
2024,18,NE,LB,Jahlani Tavai,00-0035240,,,Limited Participation in Practice,Jahlani Tavai,
2024,18,NE,T,Caedan Wallace,00-0039863,,,Limited Participation in Practice,Caedan Wallace,
2024,18,NE,C,Ben Brown,00-0037413,Out,Concussion,Did Not Participate In Practice,Ben Brown,OUT
2024,18,NE,CB,Christian Gonzalez,00-0039147,Out,Concussion,Did Not Participate In Practice,Christian Gonzalez,OUT
2024,18,NE,WR,Ja'Lynn Polk,00-0039907,Out,Shoulder,Did Not Participate In Practice,Ja'Lynn Polk,OUT
2024,18,NE,S,Jabrill Peppers,00-0033883,Out,Hamstring,Limited Participation in Practice,Jabrill Peppers,OUT
2024,18,NE,LB,Sione Takitaki,00-0035646,Questionable,Knee,Did Not Participate In Practice,Sione Takitaki,QUESTIONABLE
2024,18,NE,S,Kyle Dugger,00-0036231,Questionable,Ankle,Limited Participation in Practice,Kyle Dugger,QUESTIONABLE
2024,18,NE,TE,Hunter Henry,00-0033090,Questionable,Foot,Limited Participation in Practice,Hunter Henry,QUESTIONABLE
2024,18,NE,LB,Anfernee Jennings,00-0036193,Questionable,Knee,Limited Participation in Practice,Anfernee Jennings,QUESTIONABLE
2024,18,NE,DE,Titus Leo,00-0038404,Questionable,Ankle,Limited Participation in Practice,Titus Leo,QUESTIONABLE
2024,18,NE,QB,Drake Maye,00-0039851,Questionable,Right Hand,Limited Participation in Practice,Drake Maye,QUESTIONABLE
2024,18,NO,WR,Marquez Valdes-Scantling,00-0034272,,,Full Participation in Practice,Marquez Valdes-Scantling,
2024,18,NO,QB,Derek Carr,00-0031280,Out,Left Hand,Did Not Participate In Practice,Derek Carr,OUT
2024,18,NO,RB,Kendre Miller,00-0038551,Out,Concussion,Did Not Participate In Practice,Kendre Miller,OUT
2024,18,NO,RB,Alvin Kamara,00-0033906,Doubtful,Groin,Did Not Participate In Practice,Alvin Kamara,DOUBTFUL
2024,18,NO,WR,Chris Olave,00-0037239,Questionable,Head,Full Participation in Practice,Chris Olave,QUESTIONABLE
2024,18,NO,LB,Pete Werner,00-0036927,Questionable,Concussion,Full Participation in Practice,Pete Werner,QUESTIONABLE
2024,18,NO,LB,Willie Gay,00-0036362,Questionable,Shoulder,Limited Participation in Practice,Willie Gay,QUESTIONABLE
2024,18,NO,TE,Juwan Johnson,00-0036040,Questionable,Knee,Limited Participation in Practice,Juwan Johnson,QUESTIONABLE
2024,18,NO,DE,Payton Turner,00-0036926,Questionable,Ankle,Limited Participation in Practice,Payton Turner,QUESTIONABLE
2024,18,NYG,LB,Brian Burns,00-0035713,,,Full Participation in Practice,Brian Burns,
2024,18,NYG,DT,Cory Durden,00-0038653,,,Full Participation in Practice,Cory Durden,
2024,18,NYG,WR,Bryce Ford-Wheaton,00-0038477,,,Full Participation in Practice,Bryce Ford-Wheaton,
2024,18,NYG,G,Jake Kubas,00-0039508,,,Full Participation in Practice,Jake Kubas,
2024,18,NYG,LB,Kayvon Thibodeaux,00-0037611,,,Full Participation in Practice,Kayvon Thibodeaux,
2024,18,NYG,WR,Dee Williams,00-0039306,,,Full Participation in Practice,Dee Williams,
2024,18,NYG,WR,Malik Nabers,00-0039337,,,Limited Participation in Practice,Malik Nabers,
2024,18,NYG,LB,Ty Summers,00-0034999,,,Limited Participation in Practice,Ty Summers,
2024,18,NYG,LB,Micah McFadden,00-0037259,Out,Neck,Did Not Participate In Practice,Micah McFadden,OUT
2024,18,NYG,T,Evan Neal,00-0037612,Out,Rib,Did Not Participate In Practice,Evan Neal,OUT
2024,18,NYG,C,John Michael Schmitz,00-0039019,Out,Ankle,Did Not Participate In Practice,John Michael Schmitz,OUT
2024,18,NYG,DT,Armon Watts,00-0034992,Out,Knee,Did Not Participate In Practice,Armon Watts,OUT
2024,18,NYG,CB,Greg Stroman,00-0034337,Out,Shin,Limited Participation in Practice,Greg Stroman,OUT
2024,18,NYJ,WR,Malachi Corley,00-0039920,,,Full Participation in Practice,Malachi Corley,
2024,18,NYJ,DE,Haason Reddick,00-0033875,,,Full Participation in Practice,Haason Reddick,
2024,18,NYJ,G,John Simpson,00-0036369,,,Full Participation in Practice,John Simpson,
2024,18,NYJ,LB,Chazz Surratt,00-0037003,,,Full Participation in Practice,Chazz Surratt,
2024,18,NYJ,CB,Ahmad Gardner,00-0037190,Out,Hamstring,Did Not Participate In Practice,Ahmad Gardner,OUT
2024,18,NYJ,DT,Leki Fotu,00-0036371,Doubtful,Knee,Full Participation in Practice,Leki Fotu,DOUBTFUL
2024,18,NYJ,T,Morgan Moses,00-0031330,Questionable,Knee,Did Not Participate In Practice,Morgan Moses,QUESTIONABLE
2024,18,NYJ,DT,Quinnen Williams,00-0035718,Questionable,Hamstring,Did Not Participate In Practice,Quinnen Williams,QUESTIONABLE
2024,18,NYJ,TE,Tyler Conklin,00-0034270,Questionable,Calf,Limited Participation in Practice,Tyler Conklin,QUESTIONABLE
2024,18,NYJ,G,Alijah Vera-Tucker,00-0036979,Questionable,Ankle,Limited Participation in Practice,Alijah Vera-Tucker,QUESTIONABLE
2024,18,PHI,TE,Dallas Goedert,00-0034351,,,Full Participation in Practice,Dallas Goedert,
2024,18,PHI,DE,Bryce Huff,00-0036151,,,Full Participation in Practice,Bryce Huff,
2024,18,PHI,T,Mekhi Becton,00-0036284,,,Limited Participation in Practice,Mekhi Becton,
2024,18,PHI,S,Reed Blankenship,00-0037130,,,Limited Participation in Practice,Reed Blankenship,
2024,18,PHI,CB,Cooper DeJean,00-0039841,,,Limited Participation in Practice,Cooper DeJean,
2024,18,PHI,S,Chauncey Gardner-Johnson,00-0035253,,,Limited Participation in Practice,Chauncey Gardner-Johnson,
2024,18,PHI,G,Cam Jurgens,00-0038112,,,Limited Participation in Practice,Cam Jurgens,
2024,18,PHI,CB,Quinyon Mitchell,00-0039888,,,Limited Participation in Practice,Quinyon Mitchell,
2024,18,PHI,LB,Nolan Smith,00-0039013,,,Limited Participation in Practice,Nolan Smith,
2024,18,PHI,LB,Josh Sweat,00-0034381,,,Limited Participation in Practice,Josh Sweat,
2024,18,PHI,QB,Jalen Hurts,00-0036389,Out,Concussion,Did Not Participate In Practice,Jalen Hurts,OUT
2024,18,PHI,WR,A.J. Brown,00-0035676,Doubtful,Knee,Did Not Participate In Practice,A.J. Brown,DOUBTFUL
2024,18,PHI,WR,DeVonta Smith,00-0036912,Doubtful,Wrist,Did Not Participate In Practice,DeVonta Smith,DOUBTFUL
2024,18,PHI,LB,Nakobe Dean,00-0037615,Doubtful,Abdomen,Full Participation in Practice,Nakobe Dean,DOUBTFUL
2024,18,PHI,RB,Saquon Barkley,00-0034844,Doubtful,Not injury related - coach's decision,Limited Participation in Practice,Saquon Barkley,DOUBTFUL
2024,18,PHI,LB,Zack Baun,00-0036418,Doubtful,Not injury related - coach's decision,Limited Participation in Practice,Zack Baun,DOUBTFUL
2024,18,PHI,DT,Jalen Carter,00-0038386,Doubtful,Not injury related - coach's decision,Limited Participation in Practice,Jalen Carter,DOUBTFUL
2024,18,PHI,G,Landon Dickerson,00-0037002,Doubtful,Not injury related - coach's decision,Limited Participation in Practice,Landon Dickerson,DOUBTFUL
2024,18,PHI,T,Lane Johnson,00-0030561,Doubtful,Not injury related - coach's decision,Limited Participation in Practice,Lane Johnson,DOUBTFUL
2024,18,PHI,T,Jordan Mailata,00-0034429,Doubtful,Not injury related - coach's decision,Limited Participation in Practice,Jordan Mailata,DOUBTFUL
2024,18,PHI,CB,Darius Slay,00-0030062,Doubtful,Not injury related - coach's decision,Limited Participation in Practice,Darius Slay,DOUBTFUL
2024,18,PHI,QB,Kenny Pickett,00-0038102,Questionable,Ribs,Did Not Participate In Practice,Kenny Pickett,QUESTIONABLE
2024,18,PHI,RB,Will Shipley,00-0039746,Questionable,Concussion,Full Participation in Practice,Will Shipley,QUESTIONABLE
2024,18,PIT,QB,Justin Fields,00-0036945,,,Full Participation in Practice,Justin Fields,
2024,18,PIT,CB,Joey Porter,00-0039167,,,Full Participation in Practice,Joey Porter,
2024,18,PIT,G,Isaac Seumalo,00-0032954,,,Full Participation in Practice,Isaac Seumalo,
2024,18,PIT,WR,Ben Skowronek,00-0036862,,,Full Participation in Practice,Ben Skowronek,
2024,18,PIT,RB,Jaylen Warren,00-0037228,,,Full Participation in Practice,Jaylen Warren,
2024,18,PIT,QB,Russell Wilson,00-0029263,,,Full Participation in Practice,Russell Wilson,
2024,18,PIT,WR,Roman Wilson,00-0039739,Out,Hamstring,Full Participation in Practice,Roman Wilson,OUT
2024,18,PIT,LB,Cole Holcomb,00-0035286,Out,Knee,Limited Participation in Practice,Cole Holcomb,OUT
2024,18,PIT,DE,Logan Lee,00-0039389,Out,Calf,Limited Participation in Practice,Logan Lee,OUT
2024,18,PIT,CB,Donte Jackson,00-0034356,Questionable,Back,Limited Participation in Practice,Donte Jackson,QUESTIONABLE
2024,18,SEA,TE,Brady Russell,00-0038488,,,Did Not Participate In Practice,Brady Russell,
2024,18,SEA,T,Stone Forsythe,00-0036653,,,Full Participation in Practice,Stone Forsythe,
2024,18,SEA,DT,Johnathan Hankins,00-0030063,,,Full Participation in Practice,Johnathan Hankins,
2024,18,SEA,LB,Ernest Jones,00-0036994,,,Full Participation in Practice,Ernest Jones,
2024,18,SEA,WR,Tyler Lockett,00-0032211,,,Full Participation in Practice,Tyler Lockett,
2024,18,SEA,DT,Jarran Reed,00-0032387,,,Full Participation in Practice,Jarran Reed,
2024,18,SEA,DT,Roy Robertson-Harris,00-0032667,,,Full Participation in Practice,Roy Robertson-Harris,
2024,18,SEA,G,Laken Tomlinson,00-0032234,,,Full Participation in Practice,Laken Tomlinson,
2024,18,SEA,DT,Leonard Williams,00-0031933,,,Full Participation in Practice,Leonard Williams,
2024,18,SEA,QB,Geno Smith,00-0030565,,,Limited Participation in Practice,Geno Smith,
2024,18,SEA,DT,Brandon Pili,00-0038694,Out,Illness,"
    ",Brandon Pili,OUT
2024,18,SEA,CB,Josh Jobe,00-0037137,Out,Knee,Did Not Participate In Practice,Josh Jobe,OUT
2024,18,SEA,T,Abraham Lucas,00-0037812,Out,Abdomen,Did Not Participate In Practice,Abraham Lucas,OUT
2024,18,SEA,DT,Byron Murphy,00-0039309,Questionable,Back,Limited Participation in Practice,Byron Murphy,QUESTIONABLE
2024,18,SF,DE,Nick Bosa,00-0035717,,,Full Participation in Practice,Nick Bosa,
2024,18,SF,DE,Leonard Floyd,00-0033072,,,Full Participation in Practice,Leonard Floyd,
2024,18,SF,RB,Isaac Guerendo,00-0039363,,,Full Participation in Practice,Isaac Guerendo,
2024,18,SF,S,Talanoa Hufanga,00-0036564,,,Full Participation in Practice,Talanoa Hufanga,
2024,18,SF,WR,Ricky Pearsall,00-0039916,,,Full Participation in Practice,Ricky Pearsall,
2024,18,SF,DE,Robert Beal,00-0038603,Out,Ankle,Did Not Participate In Practice,Robert Beal,OUT
2024,18,SF,G,Spencer Burford,00-0037829,Out,Calf,Did Not Participate In Practice,Spencer Burford,OUT
2024,18,SF,CB,Deommodore Lenoir,00-0036563,Out,Shoulder,Did Not Participate In Practice,Deommodore Lenoir,OUT
2024,18,SF,QB,Brock Purdy,00-0037834,Out,Right Elbow,Did Not Participate In Practice,Brock Purdy,OUT
2024,18,SF,WR,Deebo Samuel,00-0035719,Out,Ribs,Did Not Participate In Practice,Deebo Samuel,OUT
2024,18,SF,LB,Demetrius Flannigan-Fowles,00-0035020,Doubtful,Calf,Did Not Participate In Practice,Demetrius Flannigan-Fowles,DOUBTFUL
2024,18,SF,S,Ji'Ayir Brown,00-0038554,Questionable,Ankle,Limited Participation in Practice,Ji'Ayir Brown,QUESTIONABLE
2024,18,SF,TE,George Kittle,00-0033288,Questionable,Ankle,Limited Participation in Practice,George Kittle,QUESTIONABLE
2024,18,SF,T,Colton McKivitz,00-0036256,Questionable,Knee,Limited Participation in Practice,Colton McKivitz,QUESTIONABLE
2024,18,SF,CB,Isaac Yiadom,00-0034780,Questionable,Pelvis,Limited Participation in Practice,Isaac Yiadom,QUESTIONABLE
2024,18,TB,LB,Lavonte David,00-0029562,,,Did Not Participate In Practice,Lavonte David,
2024,18,TB,TE,Devin Culp,00-0039754,,,Full Participation in Practice,Devin Culp,
2024,18,TB,TE,Payne Durham,00-0039050,,,Full Participation in Practice,Payne Durham,
2024,18,TB,RB,Bucky Irving,00-0039361,,,Full Participation in Practice,Bucky Irving,
2024,18,TB,WR,Mike Evans,00-0031408,,,Limited Participation in Practice,Mike Evans,
2024,18,TB,T,Tristan Wirfs,00-0036406,,,Limited Participation in Practice,Tristan Wirfs,
2024,18,TB,S,Jordan Whitehead,00-0034374,Out,Neck,"
    ",Jordan Whitehead,OUT
2024,18,TB,CB,Jamel Dean,00-0035699,Out,Knee,Did Not Participate In Practice,Jamel Dean,OUT
2024,18,TB,S,Antoine Winfield,00-0036411,Out,Knee,Limited Participation in Practice,Antoine Winfield,OUT
2024,18,TB,TE,Cade Otton,00-0038129,Doubtful,Knee,Limited Participation in Practice,Cade Otton,DOUBTFUL
2024,18,TB,DE,William Gholston,00-0030386,Questionable,Knee,Did Not Participate In Practice,William Gholston,QUESTIONABLE
2024,18,TB,WR,Sterling Shepard,00-0032385,Questionable,Hamstring,Limited Participation in Practice,Sterling Shepard,QUESTIONABLE
2024,18,TEN,T,Dillon Radunz,00-0036619,,,Full Participation in Practice,Dillon Radunz,
2024,18,TEN,WR,Tyler Boyd,00-0033009,Out,Foot,Did Not Participate In Practice,Tyler Boyd,OUT
2024,18,TEN,T,Jaelyn Duncan,00-0038607,Out,Shoulder,Did Not Participate In Practice,Jaelyn Duncan,OUT
2024,18,TEN,K,Nick Folk,00-0025565,Out,Abdomen,Did Not Participate In Practice,Nick Folk,OUT
2024,18,TEN,S,Amani Hooker,00-0035632,Out,Shoulder,Did Not Participate In Practice,Amani Hooker,OUT
2024,18,TEN,LB,Arden Key,00-0034825,Out,Hand,Did Not Participate In Practice,Arden Key,OUT
2024,18,TEN,LB,Otis Reese,00-0038853,Out,Ankle,Did Not Participate In Practice,Otis Reese,OUT
2024,18,TEN,RB,Tyjae Spears,00-0039032,Out,Concussion,Did Not Participate In Practice,Tyjae Spears,OUT
2024,18,TEN,WR,Colton Dowell,00-0038632,Out,Knee,Limited Participation in Practice,Colton Dowell,OUT
2024,18,TEN,TE,Chigoziem Okonkwo,00-0037809,Questionable,Abdomen,Did Not Participate In Practice,Chigoziem Okonkwo,QUESTIONABLE
2024,18,TEN,RB,Tony Pollard,00-0035261,Questionable,Ankle,Did Not Participate In Practice,Tony Pollard,QUESTIONABLE
2024,18,WAS,DT,Jonathan Allen,00-0033523,,,Did Not Participate In Practice,Jonathan Allen,
2024,18,WAS,WR,Jamison Crowder,00-0031941,,,Did Not Participate In Practice,Jamison Crowder,
2024,18,WAS,TE,Zach Ertz,00-0030061,,,Did Not Participate In Practice,Zach Ertz,
2024,18,WAS,LB,Dante Fowler,00-0032052,,,Did Not Participate In Practice,Dante Fowler,
2024,18,WAS,WR,Dyami Brown,00-0036626,,,Full Participation in Practice,Dyami Brown,
2024,18,WAS,DE,Clelin Ferrell,00-0035692,,,Full Participation in Practice,Clelin Ferrell,
2024,18,WAS,WR,Terry McLaurin,00-0035659,,,Full Participation in Practice,Terry McLaurin,
2024,18,WAS,T,Andrew Wylie,00-0033831,,,Full Participation in Practice,Andrew Wylie,
2024,18,WAS,CB,Marshon Lattimore,00-0033874,Out,Hamstring,Did Not Participate In Practice,Marshon Lattimore,OUT
2024,18,WAS,LB,Jordan Magee,00-0039368,Out,Hamstring,Did Not Participate In Practice,Jordan Magee,OUT
2024,18,WAS,S,Tyler Owens,00-0039681,Out,Ankle,Did Not Participate In Practice,Tyler Owens,OUT
2024,18,WAS,C,Tyler Biadasz,00-0036376,Doubtful,Ankle,Limited Participation in Practice,Tyler Biadasz,DOUBTFUL
2024,18,WAS,T,Cornelius Lucas,00-0030725,Doubtful,Groin,Limited Participation in Practice,Cornelius Lucas,DOUBTFUL
2024,18,WAS,S,Quan Martin,00-0039149,Questionable,Illness,"
    ",Quan Martin,QUESTIONABLE
2024,18,WAS,WR,K.J. Osborn,00-0036345,Questionable,Illness,Did Not Participate In Practice,K.J. Osborn,QUESTIONABLE
2024,18,WAS,LS,Tyler Ott,00-0031156,Questionable,Not injury related - personal matter,Did Not Participate In Practice,Tyler Ott,QUESTIONABLE
2024,18,WAS,RB,Austin Ekeler,00-0033699,Questionable,Concussion,Full Participation in Practice,Austin Ekeler,QUESTIONABLE
2024,19,BAL,S,Kyle Hamilton,00-0038038,,,Full Participation in Practice,Kyle Hamilton,
2024,19,BAL,RB,Justice Hill,00-0034975,,,Full Participation in Practice,Justice Hill,
2024,19,BAL,WR,Zay Flowers,00-0039064,Out,Knee,Did Not Participate In Practice,Zay Flowers,OUT
2024,19,BAL,WR,Deonte Harty,00-0035215,Questionable,Knee,Full Participation in Practice,Deonte Harty,QUESTIONABLE
2024,19,BUF,LB,Terrel Bernard,00-0037254,,,Full Participation in Practice,Terrel Bernard,
2024,19,BUF,DT,DeWayne Carter,00-0039873,,,Full Participation in Practice,DeWayne Carter,
2024,19,BUF,WR,Amari Cooper,00-0031544,,,Full Participation in Practice,Amari Cooper,
2024,19,BUF,CB,Rasul Douglas,00-0033551,,,Full Participation in Practice,Rasul Douglas,
2024,19,BUF,S,Damar Hamlin,00-0036888,,,Full Participation in Practice,Damar Hamlin,
2024,19,BUF,CB,Ja'Marcus Ingram,00-0037661,,,Full Participation in Practice,Ja'Marcus Ingram,
2024,19,BUF,RB,Ty Johnson,00-0035537,,,Full Participation in Practice,Ty Johnson,
2024,19,BUF,TE,Dalton Kincaid,00-0038933,,,Full Participation in Practice,Dalton Kincaid,
2024,19,BUF,S,Cameron Lewis,00-0035357,,,Full Participation in Practice,Cameron Lewis,
2024,19,BUF,LB,Matt Milano,00-0033571,,,Full Participation in Practice,Matt Milano,
2024,19,BUF,DT,Jordan Phillips,00-0031557,,,Full Participation in Practice,Jordan Phillips,
2024,19,BUF,S,Taylor Rapp,00-0035663,,,Full Participation in Practice,Taylor Rapp,
2024,19,BUF,WR,Curtis Samuel,00-0033282,,,Full Participation in Practice,Curtis Samuel,
2024,19,BUF,DE,Dawuane Smoot,00-0033907,,,Full Participation in Practice,Dawuane Smoot,
2024,19,BUF,LB,Dorian Williams,00-0038557,,,Full Participation in Practice,Dorian Williams,
2024,19,BUF,CB,Brandon Codrington,00-0039333,Questionable,Hamstring,Limited Participation in Practice,Brandon Codrington,QUESTIONABLE
2024,19,DEN,TE,Nate Adkins,00-0038783,,,Full Participation in Practice,Nate Adkins,
2024,19,DEN,CB,Damarri Mathis,00-0038105,,,Full Participation in Practice,Damarri Mathis,
2024,19,DEN,G,Ben Powers,00-0034978,,,Full Participation in Practice,Ben Powers,
2024,19,DEN,T,Frank Crum,00-0039568,Out,Illness,Did Not Participate In Practice,Frank Crum,OUT
2024,19,DEN,RB,Tyler Badie,00-0037085,Questionable,Back,Full Participation in Practice,Tyler Badie,QUESTIONABLE
2024,19,GB,WR,Romeo Doubs,00-0037816,,,Full Participation in Practice,Romeo Doubs,
2024,19,GB,QB,Jordan Love,00-0036264,,,Full Participation in Practice,Jordan Love,
2024,19,GB,QB,Malik Willis,00-0038128,,,Full Participation in Practice,Malik Willis,
2024,19,GB,S,Javon Bullard,00-0039867,,,Limited Participation in Practice,Javon Bullard,
2024,19,GB,LB,Edgerrin Cooper,00-0039850,,,Limited Participation in Practice,Edgerrin Cooper,
2024,19,GB,S,Zayne Anderson,00-0036677,Out,Concussion,Did Not Participate In Practice,Zayne Anderson,OUT
2024,19,GB,WR,Christian Watson,00-0038124,Out,Knee,Did Not Participate In Practice,Christian Watson,OUT
2024,19,GB,T,Andre Dillard,00-0035233,Questionable,Concussion,Full Participation in Practice,Andre Dillard,QUESTIONABLE
2024,19,GB,DE,Brenton Cox,00-0038463,Questionable,Foot,Limited Participation in Practice,Brenton Cox,QUESTIONABLE
2024,19,GB,DT,Tedarrell Slaton,00-0036642,Questionable,Ankle,Limited Participation in Practice,Tedarrell Slaton,QUESTIONABLE
2024,19,GB,LB,Quay Walker,00-0037074,Questionable,Ankle,Limited Participation in Practice,Quay Walker,QUESTIONABLE
2024,19,GB,S,Evan Williams,00-0039813,Questionable,Quadricep,Limited Participation in Practice,Evan Williams,QUESTIONABLE
2024,19,HOU,DE,Will Anderson,00-0039108,,,Full Participation in Practice,Will Anderson,
2024,19,HOU,DE,Denico Autry,00-0031254,,,Full Participation in Practice,Denico Autry,
2024,19,HOU,G,Nick Broeker,00-0038633,,,Full Participation in Practice,Nick Broeker,
2024,19,HOU,DT,Folorunso Fatukasi,00-0034275,,,Full Participation in Practice,Folorunso Fatukasi,
2024,19,HOU,LB,Jake Hansen,00-0037457,,,Full Participation in Practice,Jake Hansen,
2024,19,HOU,LB,Christian Harris,00-0037823,,,Full Participation in Practice,Christian Harris,
2024,19,HOU,CB,Jeff Okudah,00-0036274,,,Full Participation in Practice,Jeff Okudah,
2024,19,HOU,CB,D'Angelo Ross,00-0034966,,,Full Participation in Practice,D'Angelo Ross,
2024,19,HOU,G,Shaquille Mason,00-0031580,Out,Knee,Did Not Participate In Practice,Shaquille Mason,OUT
2024,19,HOU,WR,John Metchie,00-0037614,Questionable,Shoulder,Full Participation in Practice,John Metchie,QUESTIONABLE
2024,19,HOU,TE,Teagan Quitoriano,00-0037277,Questionable,Calf,Full Participation in Practice,Teagan Quitoriano,QUESTIONABLE
2024,19,LA,T,Rob Havenstein,00-0032242,,,Full Participation in Practice,Rob Havenstein,
2024,19,LA,TE,Hunter Long,00-0037004,,,Full Participation in Practice,Hunter Long,
2024,19,LAC,RB,Gus Edwards,00-0034184,,,Full Participation in Practice,Gus Edwards,
2024,19,LAC,G,Zion Johnson,00-0037818,,,Full Participation in Practice,Zion Johnson,
2024,19,LAC,T,Rashawn Slater,00-0037009,,,Full Participation in Practice,Rashawn Slater,
2024,19,LAC,WR,Josh Palmer,00-0036988,Out,Foot,Did Not Participate In Practice,Josh Palmer,OUT
2024,19,LAC,CB,Ja'Sir Taylor,00-0037307,Doubtful,Rib,Limited Participation in Practice,Ja'Sir Taylor,DOUBTFUL
2024,19,LAC,CB,Eli Apple,00-0032379,Questionable,Hamstring,Full Participation in Practice,Eli Apple,QUESTIONABLE
2024,19,LAC,WR,Simi Fehoko,00-0036646,Questionable,Elbow,Full Participation in Practice,Simi Fehoko,QUESTIONABLE
2024,19,LAC,LB,Denzel Perryman,00-0032103,Questionable,Groin,Full Participation in Practice,Denzel Perryman,QUESTIONABLE
2024,19,LAC,RB,J.K. Dobbins,00-0036158,Questionable,Ankle,Limited Participation in Practice,J.K. Dobbins,QUESTIONABLE
2024,19,LAC,WR,Quentin Johnston,00-0038544,Questionable,Thigh,Limited Participation in Practice,Quentin Johnston,QUESTIONABLE
2024,19,LAC,T,Trey Pipkins,00-0035688,Questionable,Oblique,Limited Participation in Practice,Trey Pipkins,QUESTIONABLE
2024,19,MIN,CB,Stephon Gilmore,00-0029542,,,Did Not Participate In Practice,Stephon Gilmore,
2024,19,MIN,S,Harrison Smith,00-0029606,,,Did Not Participate In Practice,Harrison Smith,
2024,19,MIN,RB,Ty Chandler,00-0037276,,,Full Participation in Practice,Ty Chandler,
2024,19,MIN,QB,Sam Darnold,00-0034869,,,Full Participation in Practice,Sam Darnold,
2024,19,MIN,RB,Aaron Jones,00-0033293,,,Full Participation in Practice,Aaron Jones,
2024,19,MIN,CB,Fabian Moreau,00-0033918,,,Full Participation in Practice,Fabian Moreau,
2024,19,MIN,TE,Josh Oliver,00-0035249,,,Full Participation in Practice,Josh Oliver,
2024,19,MIN,DE,Patrick Jones,00-0037007,Out,Knee,Did Not Participate In Practice,Patrick Jones,OUT
2024,19,MIN,RB,Cam Akers,00-0036414,Questionable,Illness,Did Not Participate In Practice,Cam Akers,QUESTIONABLE
2024,19,MIN,DT,Taki Taimani,00-0039720,Questionable,Ankle,Full Participation in Practice,Taki Taimani,QUESTIONABLE
2024,19,PHI,WR,DeVonta Smith,00-0036912,,,Did Not Participate In Practice,DeVonta Smith,
2024,19,PHI,WR,A.J. Brown,00-0035676,,,Full Participation in Practice,A.J. Brown,
2024,19,PHI,TE,Grant Calcaterra,00-0037086,,,Full Participation in Practice,Grant Calcaterra,
2024,19,PHI,LB,Nakobe Dean,00-0037615,,,Full Participation in Practice,Nakobe Dean,
2024,19,PHI,TE,Dallas Goedert,00-0034351,,,Full Participation in Practice,Dallas Goedert,
2024,19,PHI,DE,Bryce Huff,00-0036151,,,Full Participation in Practice,Bryce Huff,
2024,19,PHI,QB,Jalen Hurts,00-0036389,,,Full Participation in Practice,Jalen Hurts,
2024,19,PHI,T,Lane Johnson,00-0030561,,,Full Participation in Practice,Lane Johnson,
2024,19,PHI,RB,Will Shipley,00-0039746,,,Full Participation in Practice,Will Shipley,
2024,19,PHI,T,Jack Driscoll,00-0036396,,,Limited Participation in Practice,Jack Driscoll,
2024,19,PHI,QB,Kenny Pickett,00-0038102,,,Limited Participation in Practice,Kenny Pickett,
2024,19,PHI,G,Trevor Keegan,00-0039310,Out,Illness,Did Not Participate In Practice,Trevor Keegan,OUT
2024,19,PHI,DT,Byron Young,00-0038978,Out,Hamstring,Full Participation in Practice,Byron Young,OUT
2024,19,PIT,K,Chris Boswell,00-0031136,,,Did Not Participate In Practice,Chris Boswell,
2024,19,PIT,DT,Cameron Heyward,00-0027969,,,Full Participation in Practice,Cameron Heyward,
2024,19,PIT,CB,Donte Jackson,00-0034356,,,Full Participation in Practice,Donte Jackson,
2024,19,PIT,TE,MyCole Pruitt,00-0031585,,,Full Participation in Practice,MyCole Pruitt,
2024,19,PIT,G,Isaac Seumalo,00-0032954,,,Full Participation in Practice,Isaac Seumalo,
2024,19,PIT,LB,Cole Holcomb,00-0035286,Out,Knee,Full Participation in Practice,Cole Holcomb,OUT
2024,19,PIT,DE,Logan Lee,00-0039389,Out,Calf,Full Participation in Practice,Logan Lee,OUT
2024,19,PIT,WR,Roman Wilson,00-0039739,Out,Hamstring,Full Participation in Practice,Roman Wilson,OUT
2024,19,PIT,T,Calvin Anderson,00-0034957,Questionable,Groin,Full Participation in Practice,Calvin Anderson,QUESTIONABLE
2024,19,PIT,G,Mason McCormick,00-0039358,Questionable,Hand,Limited Participation in Practice,Mason McCormick,QUESTIONABLE
2024,19,TB,DE,William Gholston,00-0030386,,,Did Not Participate In Practice,William Gholston,
2024,19,TB,C,Graham Barton,00-0039905,,,Full Participation in Practice,Graham Barton,
2024,19,TB,TE,Devin Culp,00-0039754,,,Full Participation in Practice,Devin Culp,
2024,19,TB,LB,Lavonte David,00-0029562,,,Full Participation in Practice,Lavonte David,
2024,19,TB,CB,Josh Hayes,00-0039051,,,Full Participation in Practice,Josh Hayes,
2024,19,TB,RB,Bucky Irving,00-0039361,,,Full Participation in Practice,Bucky Irving,
2024,19,TB,WR,Jalen McMillan,00-0039855,,,Full Participation in Practice,Jalen McMillan,
2024,19,TB,WR,Sterling Shepard,00-0032385,,,Full Participation in Practice,Sterling Shepard,
2024,19,TB,S,Tykee Smith,00-0039846,,,Full Participation in Practice,Tykee Smith,
2024,19,TB,WR,Mike Evans,00-0031408,,,Limited Participation in Practice,Mike Evans,
2024,19,TB,T,Tristan Wirfs,00-0036406,,,Limited Participation in Practice,Tristan Wirfs,
2024,19,TB,CB,Troy Hill,00-0031785,Out,Knee,Full Participation in Practice,Troy Hill,OUT
2024,19,TB,CB,Jamel Dean,00-0035699,Questionable,Knee,Full Participation in Practice,Jamel Dean,QUESTIONABLE
2024,19,TB,S,Mike Edwards,00-0035681,Questionable,Quadricep,Full Participation in Practice,Mike Edwards,QUESTIONABLE
2024,19,TB,TE,Cade Otton,00-0038129,Questionable,Knee,Full Participation in Practice,Cade Otton,QUESTIONABLE
2024,19,TB,S,Antoine Winfield,00-0036411,Questionable,Knee,Full Participation in Practice,Antoine Winfield,QUESTIONABLE
2024,19,TB,DE,Logan Hall,00-0038127,Questionable,Groin,Limited Participation in Practice,Logan Hall,QUESTIONABLE
2024,19,WAS,TE,Zach Ertz,00-0030061,,,Did Not Participate In Practice,Zach Ertz,
2024,19,WAS,LB,Dante Fowler,00-0032052,,,Did Not Participate In Practice,Dante Fowler,
2024,19,WAS,CB,Marshon Lattimore,00-0033874,,,Did Not Participate In Practice,Marshon Lattimore,
2024,19,WAS,WR,Terry McLaurin,00-0035659,,,Did Not Participate In Practice,Terry McLaurin,
2024,19,WAS,C,Tyler Biadasz,00-0036376,,,Full Participation in Practice,Tyler Biadasz,
2024,19,WAS,S,Jeremy Chinn,00-0036293,,,Full Participation in Practice,Jeremy Chinn,
2024,19,WAS,T,Brandon Coleman,00-0039913,,,Full Participation in Practice,Brandon Coleman,
2024,19,WAS,QB,Jayden Daniels,00-0039910,,,Full Participation in Practice,Jayden Daniels,
2024,19,WAS,T,Cornelius Lucas,00-0030725,,,Full Participation in Practice,Cornelius Lucas,
2024,19,WAS,LB,Jordan Magee,00-0039368,,,Full Participation in Practice,Jordan Magee,
2024,19,WAS,S,Quan Martin,00-0039149,,,Full Participation in Practice,Quan Martin,
2024,19,WAS,TE,John Bates,00-0036628,,,Limited Participation in Practice,John Bates,
2024,19,WAS,DE,Clelin Ferrell,00-0035692,,,Limited Participation in Practice,Clelin Ferrell,
2024,19,WAS,LB,Frankie Luvu,00-0034302,,,Limited Participation in Practice,Frankie Luvu,
2024,19,WAS,TE,Colson Yankoff,00-0039686,Out,Hamstring,Full Participation in Practice,Colson Yankoff,OUT
2024,19,WAS,WR,Jamison Crowder,00-0031941,Questionable,Hamstring,Limited Participation in Practice,Jamison Crowder,QUESTIONABLE
2024,20,BAL,WR,Zay Flowers,00-0039064,Doubtful,Knee,Did Not Participate In Practice,Zay Flowers,DOUBTFUL
2024,20,BAL,WR,Deonte Harty,00-0035215,Questionable,Knee,Full Participation in Practice,Deonte Harty,QUESTIONABLE
2024,20,BUF,G,Alec Anderson,00-0037428,,,Full Participation in Practice,Alec Anderson,
2024,20,BUF,CB,Christian Benford,00-0037288,,,Full Participation in Practice,Christian Benford,
2024,20,BUF,CB,Brandon Codrington,00-0039333,,,Full Participation in Practice,Brandon Codrington,
2024,20,BUF,WR,Amari Cooper,00-0031544,,,Full Participation in Practice,Amari Cooper,
2024,20,BUF,CB,Taron Johnson,00-0034376,,,Full Participation in Practice,Taron Johnson,
2024,20,BUF,TE,Dalton Kincaid,00-0038933,,,Full Participation in Practice,Dalton Kincaid,
2024,20,BUF,CB,Cameron Lewis,00-0035357,,,Full Participation in Practice,Cameron Lewis,
2024,20,BUF,LB,Matt Milano,00-0033571,,,Full Participation in Practice,Matt Milano,
2024,20,BUF,TE,Quintin Morris,00-0036590,,,Full Participation in Practice,Quintin Morris,
2024,20,BUF,DE,Gregory Rousseau,00-0036914,,,Full Participation in Practice,Gregory Rousseau,
2024,20,BUF,LB,Dorian Williams,00-0038557,,,Full Participation in Practice,Dorian Williams,
2024,20,BUF,RB,Ray Davis,00-0039875,Questionable,Concussion,Limited Participation in Practice,Ray Davis,QUESTIONABLE
2024,20,DET,CB,Terrion Arnold,00-0039903,,,Full Participation in Practice,Terrion Arnold,
2024,20,DET,T,Taylor Decker,00-0032381,,,Full Participation in Practice,Taylor Decker,
2024,20,DET,RB,David Montgomery,00-0035685,,,Full Participation in Practice,David Montgomery,
2024,20,DET,DE,Pat O'Connor,00-0033595,Out,Calf,Did Not Participate In Practice,Pat O'Connor,OUT
2024,20,DET,G,Kevin Zeitler,00-0029592,Out,Hamstring,Did Not Participate In Practice,Kevin Zeitler,OUT
2024,20,DET,CB,Ennis Rakestraw,00-0039862,Questionable,Hamstring,Limited Participation in Practice,Ennis Rakestraw,QUESTIONABLE
2024,20,HOU,DE,Will Anderson,00-0039108,,,Full Participation in Practice,Will Anderson,
2024,20,HOU,DE,Denico Autry,00-0031254,,,Full Participation in Practice,Denico Autry,
2024,20,HOU,G,Nick Broeker,00-0038633,,,Full Participation in Practice,Nick Broeker,
2024,20,HOU,G,Shaquille Mason,00-0031580,,,Full Participation in Practice,Shaquille Mason,
2024,20,HOU,TE,Dalton Schultz,00-0034383,,,Full Participation in Practice,Dalton Schultz,
2024,20,HOU,C,Juice Scruggs,00-0038936,,,Full Participation in Practice,Juice Scruggs,
2024,20,HOU,WR,Nico Collins,00-0036554,,,Limited Participation in Practice,Nico Collins,
2024,20,HOU,RB,Joe Mixon,00-0033897,Questionable,Ankle,Did Not Participate In Practice,Joe Mixon,QUESTIONABLE
2024,20,HOU,WR,Robert Woods,00-0030431,Questionable,Hip,Did Not Participate In Practice,Robert Woods,QUESTIONABLE
2024,20,HOU,TE,Teagan Quitoriano,00-0037277,Questionable,Calf,Full Participation in Practice,Teagan Quitoriano,QUESTIONABLE
2024,20,HOU,LB,Azeez Al-Shaair,00-0035166,Questionable,Knee,Limited Participation in Practice,Azeez Al-Shaair,QUESTIONABLE
2024,20,KC,S,Chamarri Conner,00-0038982,,,Full Participation in Practice,Chamarri Conner,
2024,20,KC,T,D.J. Humphries,00-0032222,,,Full Participation in Practice,D.J. Humphries,
2024,20,KC,DT,Chris Jones,00-0032762,,,Full Participation in Practice,Chris Jones,
2024,20,KC,QB,Patrick Mahomes,00-0033873,,,Full Participation in Practice,Patrick Mahomes,
2024,20,KC,CB,Trent McDuffie,00-0037191,,,Full Participation in Practice,Trent McDuffie,
2024,20,KC,RB,Isiah Pacheco,00-0037197,,,Full Participation in Practice,Isiah Pacheco,
2024,20,KC,WR,Nikko Remigio,00-0038519,,,Full Participation in Practice,Nikko Remigio,
2024,20,KC,RB,Carson Steele,00-0039325,,,Full Participation in Practice,Carson Steele,
2024,20,KC,T,Jawaan Taylor,00-0035237,,,Full Participation in Practice,Jawaan Taylor,
2024,20,KC,WR,Mecole Hardman,00-0035140,Doubtful,Knee,Limited Participation in Practice,Mecole Hardman,DOUBTFUL
2024,20,KC,CB,Jaylen Watson,00-0037195,Questionable,Ankle,Full Participation in Practice,Jaylen Watson,QUESTIONABLE
2024,20,LA,TE,Tyler Higbee,00-0033110,,,Full Participation in Practice,Tyler Higbee,
2024,20,LA,DE,Larrell Murchison,00-0036237,Out,Foot,Full Participation in Practice,Larrell Murchison,OUT
2024,20,LA,LB,Troy Reeder,00-0035617,Out,Hamstring,Full Participation in Practice,Troy Reeder,OUT
2024,20,LA,DT,Bobby Brown,00-0036903,Questionable,Shoulder,Did Not Participate In Practice,Bobby Brown,QUESTIONABLE
2024,20,LA,G,Justin Dedich,00-0039784,Questionable,Illness,Did Not Participate In Practice,Justin Dedich,QUESTIONABLE
2024,20,LA,T,Alaric Jackson,00-0036603,Questionable,Chest,Did Not Participate In Practice,Alaric Jackson,QUESTIONABLE
2024,20,LA,CB,Ahkello Witherspoon,00-0033783,Questionable,Thigh,Limited Participation in Practice,Ahkello Witherspoon,QUESTIONABLE
2024,20,PHI,RB,Saquon Barkley,00-0034844,,,Full Participation in Practice,Saquon Barkley,
2024,20,PHI,WR,A.J. Brown,00-0035676,,,Full Participation in Practice,A.J. Brown,
2024,20,PHI,G,Cam Jurgens,00-0038112,,,Full Participation in Practice,Cam Jurgens,
2024,20,PHI,T,Jordan Mailata,00-0034429,,,Full Participation in Practice,Jordan Mailata,
2024,20,PHI,QB,Kenny Pickett,00-0038102,,,Full Participation in Practice,Kenny Pickett,
2024,20,PHI,LB,Josh Sweat,00-0034381,,,Full Participation in Practice,Josh Sweat,
2024,20,PHI,TE,Dallas Goedert,00-0034351,,,Limited Participation in Practice,Dallas Goedert,
2024,20,PHI,DT,Byron Young,00-0038978,Out,Hamstring,Full Participation in Practice,Byron Young,OUT
2024,20,WAS,LB,Dante Fowler,00-0032052,,,Did Not Participate In Practice,Dante Fowler,
2024,20,WAS,T,Brandon Coleman,00-0039913,,,Full Participation in Practice,Brandon Coleman,
2024,20,WAS,TE,Zach Ertz,00-0030061,,,Full Participation in Practice,Zach Ertz,
2024,20,WAS,K,Zane Gonzalez,00-0033862,,,Full Participation in Practice,Zane Gonzalez,
2024,20,WAS,LB,Dominique Hampton,00-0039381,,,Full Participation in Practice,Dominique Hampton,
2024,20,WAS,CB,Marshon Lattimore,00-0033874,,,Full Participation in Practice,Marshon Lattimore,
2024,20,WAS,WR,K.J. Osborn,00-0036345,,,Full Participation in Practice,K.J. Osborn,
2024,20,WAS,DT,Daron Payne,00-0034333,,,Full Participation in Practice,Daron Payne,
2024,20,WAS,TE,John Bates,00-0036628,,,Limited Participation in Practice,John Bates,
2024,20,WAS,WR,Jamison Crowder,00-0031941,,,Limited Participation in Practice,Jamison Crowder,
2024,20,WAS,DE,Clelin Ferrell,00-0035692,,,Limited Participation in Practice,Clelin Ferrell,
2024,20,WAS,LB,Frankie Luvu,00-0034302,,,Limited Participation in Practice,Frankie Luvu,
2024,20,WAS,TE,Ben Sinnott,00-0039912,,,Limited Participation in Practice,Ben Sinnott,
2024,20,WAS,LB,Bobby Wagner,00-0029255,,,Limited Participation in Practice,Bobby Wagner,
2024,20,WAS,LB,Jordan Magee,00-0039368,Out,Hamstring,Did Not Participate In Practice,Jordan Magee,OUT
2024,20,WAS,LB,Mykal Walker,00-0036300,Questionable,Illness,Did Not Participate In Practice,Mykal Walker,QUESTIONABLE
2024,20,WAS,TE,Colson Yankoff,00-0039686,Questionable,Hamstring,Full Participation in Practice,Colson Yankoff,QUESTIONABLE
2024,21,BUF,T,Dion Dawkins,00-0033904,,,Full Participation in Practice,Dion Dawkins,
2024,21,BUF,S,Damar Hamlin,00-0036888,,,Full Participation in Practice,Damar Hamlin,
2024,21,BUF,CB,Taron Johnson,00-0034376,,,Full Participation in Practice,Taron Johnson,
2024,21,BUF,TE,Dalton Kincaid,00-0038933,,,Full Participation in Practice,Dalton Kincaid,
2024,21,BUF,CB,Cameron Lewis,00-0035357,,,Full Participation in Practice,Cameron Lewis,
2024,21,BUF,C,Connor McGovern,00-0035679,,,Full Participation in Practice,Connor McGovern,
2024,21,BUF,LB,Matt Milano,00-0033571,,,Full Participation in Practice,Matt Milano,
2024,21,BUF,DE,Gregory Rousseau,00-0036914,,,Full Participation in Practice,Gregory Rousseau,
2024,21,BUF,LB,Dorian Williams,00-0038557,,,Full Participation in Practice,Dorian Williams,
2024,21,BUF,S,Taylor Rapp,00-0035663,Out,Back,Did Not Participate In Practice,Taylor Rapp,OUT
2024,21,BUF,CB,Christian Benford,00-0037288,Questionable,Concussion,Did Not Participate In Practice,Christian Benford,QUESTIONABLE
2024,21,BUF,LB,Baylon Spector,00-0037318,Questionable,Calf,Full Participation in Practice,Baylon Spector,QUESTIONABLE
2024,21,KC,G,Mike Caliendo,00-0037207,,,Full Participation in Practice,Mike Caliendo,
2024,21,KC,QB,Patrick Mahomes,00-0033873,,,Full Participation in Practice,Patrick Mahomes,
2024,21,KC,T,Jawaan Taylor,00-0035237,,,Full Participation in Practice,Jawaan Taylor,
2024,21,KC,CB,Jaylen Watson,00-0037195,,,Full Participation in Practice,Jaylen Watson,
2024,21,PHI,WR,A.J. Brown,00-0035676,,,Full Participation in Practice,A.J. Brown,
2024,21,PHI,TE,Dallas Goedert,00-0034351,,,Full Participation in Practice,Dallas Goedert,
2024,21,PHI,QB,Jalen Hurts,00-0036389,,,Full Participation in Practice,Jalen Hurts,
2024,21,PHI,T,Fred Johnson,00-0034951,,,Full Participation in Practice,Fred Johnson,
2024,21,PHI,T,Lane Johnson,00-0030561,,,Full Participation in Practice,Lane Johnson,
2024,21,PHI,CB,Quinyon Mitchell,00-0039888,,,Full Participation in Practice,Quinyon Mitchell,
2024,21,PHI,QB,Kenny Pickett,00-0038102,,,Full Participation in Practice,Kenny Pickett,
2024,21,PHI,LB,Josh Sweat,00-0034381,,,Full Participation in Practice,Josh Sweat,
2024,21,PHI,DT,Byron Young,00-0038978,Out,Hamstring,Full Participation in Practice,Byron Young,OUT
2024,21,PHI,WR,Britain Covey,00-0037132,Out,Neck,Limited Participation in Practice,Britain Covey,OUT
2024,21,PHI,G,Cam Jurgens,00-0038112,Questionable,Back,Limited Participation in Practice,Cam Jurgens,QUESTIONABLE
2024,21,WAS,LB,Dante Fowler,00-0032052,,,Did Not Participate In Practice,Dante Fowler,
2024,21,WAS,CB,Marshon Lattimore,00-0033874,,,Did Not Participate In Practice,Marshon Lattimore,
2024,21,WAS,C,Tyler Biadasz,00-0036376,,,Full Participation in Practice,Tyler Biadasz,
2024,21,WAS,T,Brandon Coleman,00-0039913,,,Full Participation in Practice,Brandon Coleman,
2024,21,WAS,TE,Zach Ertz,00-0030061,,,Full Participation in Practice,Zach Ertz,
2024,21,WAS,LB,Dominique Hampton,00-0039381,,,Full Participation in Practice,Dominique Hampton,
2024,21,WAS,RB,Jeremy McNichols,00-0033955,,,Full Participation in Practice,Jeremy McNichols,
2024,21,WAS,WR,Olamide Zaccheaus,00-0035208,,,Full Participation in Practice,Olamide Zaccheaus,
2024,21,WAS,TE,John Bates,00-0036628,,,Limited Participation in Practice,John Bates,
2024,21,WAS,WR,Jamison Crowder,00-0031941,,,Limited Participation in Practice,Jamison Crowder,
2024,21,WAS,DE,Clelin Ferrell,00-0035692,,,Limited Participation in Practice,Clelin Ferrell,
2024,21,WAS,LB,Frankie Luvu,00-0034302,,,Limited Participation in Practice,Frankie Luvu,
2024,21,WAS,TE,Ben Sinnott,00-0039912,,,Limited Participation in Practice,Ben Sinnott,
2024,21,WAS,LB,Bobby Wagner,00-0029255,,,Limited Participation in Practice,Bobby Wagner,
2024,21,WAS,G,Samuel Cosmi,00-0036618,Out,Knee,Did Not Participate In Practice,Samuel Cosmi,OUT
2024,21,WAS,QB,Jeff Driskel,00-0032436,Questionable,Illness,Did Not Participate In Practice,Jeff Driskel,QUESTIONABLE
2024,21,WAS,DT,Daron Payne,00-0034333,Questionable,Knee,Did Not Participate In Practice,Daron Payne,QUESTIONABLE
2024,21,WAS,DE,Javontae Jean-Baptiste,00-0039412,Questionable,Shoulder,Limited Participation in Practice,Javontae Jean-Baptiste,QUESTIONABLE
2024,22,KC,P,Matt Araiza,00-0037284,,,Full Participation in Practice,Matt Araiza,
2024,22,KC,QB,Patrick Mahomes,00-0033873,,,Full Participation in Practice,Patrick Mahomes,
2024,22,KC,T,Jawaan Taylor,00-0035237,,,Full Participation in Practice,Jawaan Taylor,
2024,22,KC,WR,Skyy Moore,00-0038090,Doubtful,Abdomen,Limited Participation in Practice,Skyy Moore,DOUBTFUL
2024,22,PHI,LB,Zack Baun,00-0036418,,,Full Participation in Practice,Zack Baun,
2024,22,PHI,DT,Jalen Carter,00-0038386,,,Full Participation in Practice,Jalen Carter,
2024,22,PHI,G,Landon Dickerson,00-0037002,,,Full Participation in Practice,Landon Dickerson,
2024,22,PHI,RB,Kenneth Gainwell,00-0036919,,,Full Participation in Practice,Kenneth Gainwell,
2024,22,PHI,TE,Dallas Goedert,00-0034351,,,Full Participation in Practice,Dallas Goedert,
2024,22,PHI,G,Cam Jurgens,00-0038112,,,Full Participation in Practice,Cam Jurgens,
2024,22,PHI,WR,DeVonta Smith,00-0036912,,,Limited Participation in Practice,DeVonta Smith,
2024,22,PHI,WR,Britain Covey,00-0037132,Out,Neck,Full Participation in Practice,Britain Covey,OUT
2024,22,PHI,DE,Brandon Graham,00-0027865,Questionable,Elbow,Full Participation in Practice,Brandon Graham,QUESTIONABLE
2024,22,PHI,TE,C.J. Uzomah,00-0032134,Questionable,Abdomen,Full Participation in Practice,C.J. Uzomah,QUESTIONABLE
2024,22,PHI,C,Nick Gates,00-0034445,Questionable,Groin,Limited Participation in Practice,Nick Gates,QUESTIONABLE
