season,week,team,position,full_name,gsis_id,report_status,report_primary_injury,practice_status,player,injury_status
2023,1,ARI,LB,Dennis Gardeck,00-0034473,,,Full Participation in Practice,Dennis Gardeck,
2023,1,ARI,T,Kelvin Beachum,00-0029316,Out,Hand,Did Not Participate In Practice,Kelvin Beachum,OUT
2023,1,ARI,WR,Marquise Brown,00-0035662,Questionable,Hamstring,Limited Participation in Practice,Marquise Brown,QUESTIONABLE
2023,1,ARI,TE,Zach Ertz,00-0030061,Questionable,Knee,Limited Participation in Practice,Zach Ertz,QUESTIONABLE
2023,1,ATL,TE,Jonnu Smith,00-0033858,,,Did Not Participate In Practice,Jonnu Smith,
2023,1,ATL,CB,Jeff Okudah,00-0036274,Out,Foot,Did Not Participate In Practice,Jeff Okudah,OUT
2023,1,ATL,WR,KhaDarel Hodge,00-0034854,Questionable,Ankle,Full Participation in Practice,KhaDarel Hodge,QUESTIONABLE
2023,1,ATL,RB,Cordarrelle Patterson,00-0030578,Questionable,Thigh,Limited Participation in Practice,Cordarrelle Patterson,QUESTIONABLE
2023,1,BAL,WR,Odell Beckham,00-0031235,,,Full Participation in Practice,Odell Beckham,
2023,1,BAL,T,Ronnie Stanley,00-0032965,,,Full Participation in Practice,Ronnie Stanley,
2023,1,BAL,CB,Marlon Humphrey,00-0033281,Out,Foot,Did Not Participate In Practice,Marlon Humphrey,OUT
2023,1,BAL,TE,Mark Andrews,00-0034753,Questionable,Quadricep,Limited Participation in Practice,Mark Andrews,QUESTIONABLE
2023,1,BUF,S,Micah Hyde,00-0030090,,,Full Participation in Practice,Micah Hyde,
2023,1,CAR,S,Sam Franklin,00-0036037,,,Full Participation in Practice,Sam Franklin,
2023,1,CAR,WR,Terrace Marshall,00-0036955,,,Full Participation in Practice,Terrace Marshall,
2023,1,CAR,WR,Ihmir Smith-Marsette,00-0036635,,,Full Participation in Practice,Ihmir Smith-Marsette,
2023,1,CAR,DT,DeShawn Williams,00-0031795,,,Full Participation in Practice,DeShawn Williams,
2023,1,CAR,WR,D.J. Chark,00-0034777,Out,Hamstring,Limited Participation in Practice,D.J. Chark,OUT
2023,1,CAR,WR,Adam Thielen,00-0030035,Questionable,Ankle,Limited Participation in Practice,Adam Thielen,QUESTIONABLE
2023,1,CHI,S,Jaquan Brisker,00-0038135,,,Full Participation in Practice,Jaquan Brisker,
2023,1,CHI,G,Nate Davis,00-0035649,,,Full Participation in Practice,Nate Davis,
2023,1,CHI,S,Eddie Jackson,00-0033784,,,Full Participation in Practice,Eddie Jackson,
2023,1,CHI,TE,Marcedes Lewis,00-0024243,,,Full Participation in Practice,Marcedes Lewis,
2023,1,CHI,DE,DeMarcus Walker,00-0033782,,,Full Participation in Practice,DeMarcus Walker,
2023,1,CHI,TE,Robert Tonyan,00-0033757,Questionable,Back,"
    ",Robert Tonyan,QUESTIONABLE
2023,1,CHI,LB,Dylan Cole,00-0033765,Questionable,Hamstring,Limited Participation in Practice,Dylan Cole,QUESTIONABLE
2023,1,CIN,WR,Tyler Boyd,00-0033009,,,Full Participation in Practice,Tyler Boyd,
2023,1,CIN,QB,Joe Burrow,00-0036442,,,Full Participation in Practice,Joe Burrow,
2023,1,CIN,G,D'Ante Smith,00-0036852,,,Full Participation in Practice,D'Ante Smith,
2023,1,CIN,CB,Chidobe Awuzie,00-0033548,,,Limited Participation in Practice,Chidobe Awuzie,
2023,1,CIN,DE,Joseph Ossai,00-0036902,Out,Ankle,Did Not Participate In Practice,Joseph Ossai,OUT
2023,1,CLE,G,Joel Bitonio,00-0031426,,,Full Participation in Practice,Joel Bitonio,
2023,1,CLE,T,Jack Conklin,00-0033057,,,Full Participation in Practice,Jack Conklin,
2023,1,CLE,WR,Amari Cooper,00-0031544,,,Full Participation in Practice,Amari Cooper,
2023,1,CLE,CB,Denzel Ward,00-0034856,,,Full Participation in Practice,Denzel Ward,
2023,1,CLE,DE,Alex Wright,00-0037251,,,Full Participation in Practice,Alex Wright,
2023,1,CLE,WR,Marquise Goodwin,00-0030068,,,Limited Participation in Practice,Marquise Goodwin,
2023,1,CLE,S,Juan Thornhill,00-0035625,Questionable,Calf,Did Not Participate In Practice,Juan Thornhill,QUESTIONABLE
2023,1,DAL,CB,Jourdan Lewis,00-0033928,,,Full Participation in Practice,Jourdan Lewis,
2023,1,DAL,T,Tyler Smith,00-0037243,Doubtful,Hamstring,Did Not Participate In Practice,Tyler Smith,DOUBTFUL
2023,1,DAL,S,Donovan Wilson,00-0035301,Doubtful,Calf,Did Not Participate In Practice,Donovan Wilson,DOUBTFUL
2023,1,DAL,S,Malik Hooker,00-0033877,Questionable,Illness,"
    ",Malik Hooker,QUESTIONABLE
2023,1,DAL,DE,Sam Williams,00-0037665,Questionable,Foot,Full Participation in Practice,Sam Williams,QUESTIONABLE
2023,1,DAL,T,Tyron Smith,00-0027947,Questionable,Ankle,Limited Participation in Practice,Tyron Smith,QUESTIONABLE
2023,1,DEN,TE,Greg Dulcich,00-0037252,,,Full Participation in Practice,Greg Dulcich,
2023,1,DEN,TE,Chris Manhertz,00-0031484,,,Full Participation in Practice,Chris Manhertz,
2023,1,DEN,CB,Patrick Surtain,00-0036874,,,Limited Participation in Practice,Patrick Surtain,
2023,1,DEN,WR,Jerry Jeudy,00-0036407,Questionable,Hamstring,Limited Participation in Practice,Jerry Jeudy,QUESTIONABLE
2023,1,DEN,CB,Riley Moss,00-0038552,Questionable,Abdomen,Limited Participation in Practice,Riley Moss,QUESTIONABLE
2023,1,DET,DT,Isaiah Buggs,00-0035219,,,Full Participation in Practice,Isaiah Buggs,
2023,1,DET,S,Ifeatu Melifonwu,00-0036993,,,Full Participation in Practice,Ifeatu Melifonwu,
2023,1,DET,C,Frank Ragnow,00-0034345,,,Full Participation in Practice,Frank Ragnow,
2023,1,DET,CB,Emmanuel Moseley,00-0034096,Out,Knee,Limited Participation in Practice,Emmanuel Moseley,OUT
2023,1,GB,T,David Bakhtiari,00-0030074,,,Did Not Participate In Practice,David Bakhtiari,
2023,1,GB,CB,Anthony Johnson,00-0038411,,,Full Participation in Practice,Anthony Johnson,
2023,1,GB,WR,Dontayvion Wicks,00-0038393,,,Full Participation in Practice,Dontayvion Wicks,
2023,1,GB,LB,Rashan Gary,00-0034967,,,Limited Participation in Practice,Rashan Gary,
2023,1,GB,WR,Christian Watson,00-0038124,Out,Hamstring,Did Not Participate In Practice,Christian Watson,OUT
2023,1,GB,WR,Romeo Doubs,00-0037816,Questionable,Hamstring,Limited Participation in Practice,Romeo Doubs,QUESTIONABLE
2023,1,HOU,LB,Christian Harris,00-0037823,,,Full Participation in Practice,Christian Harris,
2023,1,HOU,LB,Blake Cashman,00-0035276,Out,Hamstring,Did Not Participate In Practice,Blake Cashman,OUT
2023,1,HOU,WR,John Metchie,00-0037614,Out,Hamstring,Did Not Participate In Practice,John Metchie,OUT
2023,1,HOU,S,Jimmie Ward,00-0031298,Out,Hip,Did Not Participate In Practice,Jimmie Ward,OUT
2023,1,HOU,RB,Dare Ogunbowale,00-0033854,Questionable,Hamstring,Limited Participation in Practice,Dare Ogunbowale,QUESTIONABLE
2023,1,IND,CB,Julius Brents,00-0039156,,,Did Not Participate In Practice,Julius Brents,
2023,1,IND,LB,Shaquille Leonard,00-0034846,,,Full Participation in Practice,Shaquille Leonard,
2023,1,IND,DT,DeForest Buckner,00-0032378,,,Limited Participation in Practice,DeForest Buckner,
2023,1,IND,RB,Zack Moss,00-0036251,Questionable,Forearm,Limited Participation in Practice,Zack Moss,QUESTIONABLE
2023,1,JAX,S,Antonio Johnson,00-0038596,Out,Hamstring,Did Not Participate In Practice,Antonio Johnson,OUT
2023,1,JAX,DE,Tyler Lacy,00-0038940,Out,Hip,Limited Participation in Practice,Tyler Lacy,OUT
2023,1,KC,G,Nick Allegretti,00-0035149,,,Full Participation in Practice,Nick Allegretti,
2023,1,KC,WR,Richie James,00-0034286,,,Full Participation in Practice,Richie James,
2023,1,KC,CB,Nic Jones,00-0038986,,,Full Participation in Practice,Nic Jones,
2023,1,KC,CB,L'Jarius Sneed,00-0036374,,,Full Participation in Practice,L'Jarius Sneed,
2023,1,KC,DE,B.J. Thompson,00-0038983,,,Full Participation in Practice,B.J. Thompson,
2023,1,KC,WR,Kadarius Toney,00-0036913,,,Full Participation in Practice,Kadarius Toney,
2023,1,KC,DT,Tershawn Wharton,00-0035890,,,Full Participation in Practice,Tershawn Wharton,
2023,1,KC,TE,Travis Kelce,00-0030506,Questionable,Knee,Did Not Participate In Practice,Travis Kelce,QUESTIONABLE
2023,1,LA,C,Brian Allen,00-0034804,,,Did Not Participate In Practice,Brian Allen,
2023,1,LA,WR,Van Jefferson,00-0036415,,,Did Not Participate In Practice,Van Jefferson,
2023,1,LA,QB,Stetson Bennett,00-0039107,Questionable,right Shoulder,Did Not Participate In Practice,Stetson Bennett,QUESTIONABLE
2023,1,LA,WR,Cooper Kupp,00-0033908,Questionable,Hamstring,Did Not Participate In Practice,Cooper Kupp,QUESTIONABLE
2023,1,LA,TE,Hunter Long,00-0037004,Questionable,Thigh,Did Not Participate In Practice,Hunter Long,QUESTIONABLE
2023,1,LAC,LB,Daiyan Henley,00-0038553,Doubtful,Hamstring,Did Not Participate In Practice,Daiyan Henley,DOUBTFUL
2023,1,LAC,LB,Chris Rumph,00-0036867,Doubtful,Hamstring,Did Not Participate In Practice,Chris Rumph,DOUBTFUL
2023,1,LV,CB,Brandon Facyson,00-0034545,Out,Shin,Did Not Participate In Practice,Brandon Facyson,OUT
2023,1,LV,DE,Chandler Jones,00-0029585,Out,Not injury related - personal matter,Did Not Participate In Practice,Chandler Jones,OUT
2023,1,LV,WR,DeAndre Carter,00-0031763,Questionable,Knee,Limited Participation in Practice,DeAndre Carter,QUESTIONABLE
2023,1,MIA,RB,Devon Achane,00-0039040,,,Full Participation in Practice,Devon Achane,
2023,1,MIA,RB,Salvon Ahmed,00-0036020,,,Full Participation in Practice,Salvon Ahmed,
2023,1,MIA,DT,Raekwon Davis,00-0036213,,,Full Participation in Practice,Raekwon Davis,
2023,1,MIA,T,Liam Eichenberg,00-0037010,,,Full Participation in Practice,Liam Eichenberg,
2023,1,MIA,S,Brandon Jones,00-0036221,,,Full Participation in Practice,Brandon Jones,
2023,1,MIA,WR,Jaylen Waddle,00-0036613,,,Full Participation in Practice,Jaylen Waddle,
2023,1,MIA,C,Connor Williams,00-0034352,,,Full Participation in Practice,Connor Williams,
2023,1,MIA,T,Terron Armstead,00-0030067,Out,Back,Did Not Participate In Practice,Terron Armstead,OUT
2023,1,MIA,S,Elijah Campbell,00-0034248,Out,Knee,Did Not Participate In Practice,Elijah Campbell,OUT
2023,1,MIA,CB,Justin Bethel,00-0029530,Questionable,Knee,Limited Participation in Practice,Justin Bethel,QUESTIONABLE
2023,1,MIA,TE,Julian Hill,00-0038720,Questionable,Ankle,Limited Participation in Practice,Julian Hill,QUESTIONABLE
2023,1,MIN,LB,Troy Dye,00-0036338,,,Full Participation in Practice,Troy Dye,
2023,1,MIN,P,Ryan Wright,00-0037500,,,Full Participation in Practice,Ryan Wright,
2023,1,MIN,DE,Marcus Davenport,00-0034344,Questionable,Ankle,Limited Participation in Practice,Marcus Davenport,QUESTIONABLE
2023,1,NE,T,Trenton Brown,00-0032071,,,Limited Participation in Practice,Trenton Brown,
2023,1,NE,CB,Jack Jones,00-0038039,Out,Hamstring,Did Not Participate In Practice,Jack Jones,OUT
2023,1,NE,QB,Matt Corral,00-0038132,Questionable,Not injury related - personal matter,Did Not Participate In Practice,Matt Corral,QUESTIONABLE
2023,1,NE,RB,Rhamondre Stevenson,00-0036875,Questionable,Illness,Did Not Participate In Practice,Rhamondre Stevenson,QUESTIONABLE
2023,1,NE,G,Michael Onwenu,00-0036198,Questionable,Ankle,Limited Participation in Practice,Michael Onwenu,QUESTIONABLE
2023,1,NE,WR,DeVante Parker,00-0031547,Questionable,Knee,Limited Participation in Practice,DeVante Parker,QUESTIONABLE
2023,1,NE,G,Cole Strange,00-0038103,Questionable,Knee,Limited Participation in Practice,Cole Strange,QUESTIONABLE
2023,1,NO,TE,Jimmy Graham,00-0027696,,,Full Participation in Practice,Jimmy Graham,
2023,1,NO,CB,Marshon Lattimore,00-0033874,,,Full Participation in Practice,Marshon Lattimore,
2023,1,NO,T,Ryan Ramczyk,00-0033888,,,Full Participation in Practice,Ryan Ramczyk,
2023,1,NO,S,J.T. Gray,00-0034116,Out,Shoulder,Did Not Participate In Practice,J.T. Gray,OUT
2023,1,NO,WR,Tre'Quan Smith,00-0034765,Out,Groin,Did Not Participate In Practice,Tre'Quan Smith,OUT
2023,1,NO,RB,Kendre Miller,00-0038551,Questionable,Hamstring,Did Not Participate In Practice,Kendre Miller,QUESTIONABLE
2023,1,NYG,RB,Gary Brightwell,00-0036569,,,Limited Participation in Practice,Gary Brightwell,
2023,1,NYG,TE,Lawrence Cager,00-0036145,,,Limited Participation in Practice,Lawrence Cager,
2023,1,NYG,CB,Cordale Flott,00-0037758,Doubtful,Hamstring,Limited Participation in Practice,Cordale Flott,DOUBTFUL
2023,1,NYG,S,Gervarrius Owens,00-0038413,Doubtful,Hamstring,Limited Participation in Practice,Gervarrius Owens,DOUBTFUL
2023,1,NYG,WR,Wan'Dale Robinson,00-0038117,Doubtful,Knee,Limited Participation in Practice,Wan'Dale Robinson,DOUBTFUL
2023,1,NYG,LB,Cam Brown,00-0036400,Questionable,Ankle,Limited Participation in Practice,Cam Brown,QUESTIONABLE
2023,1,NYG,DT,D.J. Davidson,00-0037260,Questionable,Knee,Limited Participation in Practice,D.J. Davidson,QUESTIONABLE
2023,1,NYG,TE,Darren Waller,00-0031610,Questionable,Hamstring,Limited Participation in Practice,Darren Waller,QUESTIONABLE
2023,1,NYJ,CB,Michael Carter,00-0036501,,,Full Participation in Practice,Michael Carter,
2023,1,NYJ,T,Mekhi Becton,00-0036284,Questionable,Knee,Full Participation in Practice,Mekhi Becton,QUESTIONABLE
2023,1,NYJ,T,Duane Brown,00-0026166,Questionable,Shoulder,Full Participation in Practice,Duane Brown,QUESTIONABLE
2023,1,NYJ,RB,Breece Hall,00-0038120,Questionable,Knee,Full Participation in Practice,Breece Hall,QUESTIONABLE
2023,1,PHI,CB,Mario Goodrich,00-0037136,,,Full Participation in Practice,Mario Goodrich,
2023,1,PHI,CB,Josh Jobe,00-0037137,,,Full Participation in Practice,Josh Jobe,
2023,1,PIT,DT,Cameron Heyward,00-0027969,,,Full Participation in Practice,Cameron Heyward,
2023,1,PIT,DT,Larry Ogunjobi,00-0033905,Questionable,Foot,Limited Participation in Practice,Larry Ogunjobi,QUESTIONABLE
2023,1,SEA,LB,Jordyn Brooks,00-0036409,,,Full Participation in Practice,Jordyn Brooks,
2023,1,SEA,LB,Derick Hall,00-0039047,,,Full Participation in Practice,Derick Hall,
2023,1,SEA,LB,Boye Mafe,00-0038133,,,Full Participation in Practice,Boye Mafe,
2023,1,SEA,DE,Mike Morris,00-0038591,,,Full Participation in Practice,Mike Morris,
2023,1,SEA,DT,Jarran Reed,00-0032387,,,Full Participation in Practice,Jarran Reed,
2023,1,SEA,WR,Jaxon Smith-Njigba,00-0038543,,,Full Participation in Practice,Jaxon Smith-Njigba,
2023,1,SEA,LB,Darrell Taylor,00-0036413,,,Full Participation in Practice,Darrell Taylor,
2023,1,SEA,WR,Cody Thompson,00-0035164,,,Full Participation in Practice,Cody Thompson,
2023,1,SEA,RB,Kenneth Walker,00-0038134,,,Limited Participation in Practice,Kenneth Walker,
2023,1,SEA,S,Jamal Adams,00-0033872,Out,Knee,Did Not Participate In Practice,Jamal Adams,OUT
2023,1,SEA,RB,Kenny McIntosh,00-0038636,Out,Knee,Did Not Participate In Practice,Kenny McIntosh,OUT
2023,1,SEA,G,Damien Lewis,00-0036417,Questionable,Shoulder,Full Participation in Practice,Damien Lewis,QUESTIONABLE
2023,1,SEA,CB,Devon Witherspoon,00-0039169,Questionable,Hamstring,Limited Participation in Practice,Devon Witherspoon,QUESTIONABLE
2023,1,SF,DE,Nick Bosa,00-0035717,,,Full Participation in Practice,Nick Bosa,
2023,1,SF,LB,Oren Burks,00-0034754,,,Full Participation in Practice,Oren Burks,
2023,1,SF,C,Jon Feliciano,00-0032151,,,Full Participation in Practice,Jon Feliciano,
2023,1,SF,S,Tashaun Gipson,00-0028924,,,Full Participation in Practice,Tashaun Gipson,
2023,1,SF,S,Talanoa Hufanga,00-0036564,,,Full Participation in Practice,Talanoa Hufanga,
2023,1,SF,RB,Jordan Mason,00-0037525,,,Full Participation in Practice,Jordan Mason,
2023,1,SF,WR,Ray-Ray McCloud,00-0034407,,,Full Participation in Practice,Ray-Ray McCloud,
2023,1,SF,K,Jake Moody,00-0038562,,,Full Participation in Practice,Jake Moody,
2023,1,SF,S,George Odum,00-0034091,,,Full Participation in Practice,George Odum,
2023,1,SF,QB,Brock Purdy,00-0037834,,,Full Participation in Practice,Brock Purdy,
2023,1,SF,T,Trent Williams,00-0027857,,,Full Participation in Practice,Trent Williams,
2023,1,SF,TE,George Kittle,00-0033288,Questionable,Groin,Limited Participation in Practice,George Kittle,QUESTIONABLE
2023,1,SF,CB,Charvarius Ward,00-0034573,Questionable,Heel,Limited Participation in Practice,Charvarius Ward,QUESTIONABLE
2023,1,TB,S,Kaevon Merriweather,00-0038823,,,Full Participation in Practice,Kaevon Merriweather,
2023,1,TB,LB,Anthony Nelson,00-0035254,,,Full Participation in Practice,Anthony Nelson,
2023,1,TB,RB,Ke'Shawn Vaughn,00-0036450,,,Full Participation in Practice,Ke'Shawn Vaughn,
2023,1,TB,S,Antoine Winfield,00-0036411,,,Full Participation in Practice,Antoine Winfield,
2023,1,TB,G,Cody Mauch,00-0039157,Questionable,Back,Did Not Participate In Practice,Cody Mauch,QUESTIONABLE
2023,1,TB,DT,Calijah Kancey,00-0039063,Questionable,Calf,Full Participation in Practice,Calijah Kancey,QUESTIONABLE
2023,1,TEN,WR,Treylon Burks,00-0037742,,,Full Participation in Practice,Treylon Burks,
2023,1,TEN,WR,DeAndre Hopkins,00-0030564,,,Full Participation in Practice,DeAndre Hopkins,
2023,1,TEN,LB,Arden Key,00-0034825,,,Full Participation in Practice,Arden Key,
2023,1,TEN,QB,Will Levis,00-0039152,,,Full Participation in Practice,Will Levis,
2023,1,TEN,TE,Trevon Wesco,00-0035259,,,Full Participation in Practice,Trevon Wesco,
2023,1,TEN,CB,Tre Avery,00-0037593,Out,Hamstring,Did Not Participate In Practice,Tre Avery,OUT
2023,1,TEN,LB,Harold Landry,00-0034828,Questionable,Abdomen,Full Participation in Practice,Harold Landry,QUESTIONABLE
2023,1,TEN,T,Dillon Radunz,00-0036619,Questionable,Knee,Full Participation in Practice,Dillon Radunz,QUESTIONABLE
2023,1,WAS,WR,Dax Milne,00-0036671,,,Did Not Participate In Practice,Dax Milne,
2023,1,WAS,WR,Terry McLaurin,00-0035659,,,Full Participation in Practice,Terry McLaurin,
2023,1,WAS,CB,Benjamin St-Juste,00-0036625,,,Full Participation in Practice,Benjamin St-Juste,
2023,1,WAS,DE,James Smith-Williams,00-0036351,Questionable,Oblique,Limited Participation in Practice,James Smith-Williams,QUESTIONABLE
2023,1,WAS,DE,Chase Young,00-0036321,Questionable,Neck,Limited Participation in Practice,Chase Young,QUESTIONABLE
2023,2,ARI,RB,James Conner,00-0033553,,,Full Participation in Practice,James Conner,
2023,2,ARI,DE,L.J. Collier,00-0035636,Out,Biceps,Did Not Participate In Practice,L.J. Collier,OUT
2023,2,ARI,LB,Josh Woods,00-0034801,Out,Ankle,Did Not Participate In Practice,Josh Woods,OUT
2023,2,ARI,S,Budda Baker,00-0033890,Questionable,Hamstring,Limited Participation in Practice,Budda Baker,QUESTIONABLE
2023,2,ARI,T,Kelvin Beachum,00-0029316,Questionable,Hand,Limited Participation in Practice,Kelvin Beachum,QUESTIONABLE
2023,2,ARI,DT,Leki Fotu,00-0036371,Questionable,Shoulder,Limited Participation in Practice,Leki Fotu,QUESTIONABLE
2023,2,ATL,DE,Calais Campbell,00-0026190,,,Did Not Participate In Practice,Calais Campbell,
2023,2,ATL,TE,Jonnu Smith,00-0033858,,,Did Not Participate In Practice,Jonnu Smith,
2023,2,ATL,RB,Cordarrelle Patterson,00-0030578,,,Full Participation in Practice,Cordarrelle Patterson,
2023,2,ATL,LB,Troy Andersen,00-0037810,Out,Concussion,Limited Participation in Practice,Troy Andersen,OUT
2023,2,ATL,CB,Jeff Okudah,00-0036274,Questionable,Foot,Limited Participation in Practice,Jeff Okudah,QUESTIONABLE
2023,2,BAL,G,John Simpson,00-0036369,,,Did Not Participate In Practice,John Simpson,
2023,2,BAL,CB,Marlon Humphrey,00-0033281,Out,Foot,Did Not Participate In Practice,Marlon Humphrey,OUT
2023,2,BAL,C,Tyler Linderbaum,00-0037825,Out,Ankle,Did Not Participate In Practice,Tyler Linderbaum,OUT
2023,2,BAL,T,Ronnie Stanley,00-0032965,Out,Knee,Did Not Participate In Practice,Ronnie Stanley,OUT
2023,2,BAL,S,Marcus Williams,00-0033894,Out,Pectoral,Did Not Participate In Practice,Marcus Williams,OUT
2023,2,BAL,TE,Mark Andrews,00-0034753,Questionable,Quadricep,Full Participation in Practice,Mark Andrews,QUESTIONABLE
2023,2,BUF,C,Mitch Morse,00-0031936,,,Full Participation in Practice,Mitch Morse,
2023,2,CAR,CB,Jaycee Horn,00-0036944,,,Did Not Participate In Practice,Jaycee Horn,
2023,2,CAR,T,Taylor Moton,00-0033284,,,Full Participation in Practice,Taylor Moton,
2023,2,CAR,WR,D.J. Chark,00-0034777,Questionable,Hamstring,Full Participation in Practice,D.J. Chark,QUESTIONABLE
2023,2,CHI,CB,Kyler Gordon,00-0038111,,,Did Not Participate In Practice,Kyler Gordon,
2023,2,CHI,TE,Marcedes Lewis,00-0024243,,,Did Not Participate In Practice,Marcedes Lewis,
2023,2,CHI,LB,Dylan Cole,00-0033765,,,Full Participation in Practice,Dylan Cole,
2023,2,CHI,G,Nate Davis,00-0035649,Doubtful,Not injury related - personal matter,"
    ",Nate Davis,DOUBTFUL
2023,2,CHI,CB,Josh Blackwell,00-0037129,Doubtful,Hamstring,Did Not Participate In Practice,Josh Blackwell,DOUBTFUL
2023,2,CIN,QB,Joe Burrow,00-0036442,,,Full Participation in Practice,Joe Burrow,
2023,2,CIN,S,Dax Hill,00-0037743,,,Full Participation in Practice,Dax Hill,
2023,2,CIN,DE,Cam Sample,00-0036850,,,Full Participation in Practice,Cam Sample,
2023,2,CIN,LB,Logan Wilson,00-0036294,,,Full Participation in Practice,Logan Wilson,
2023,2,CIN,CB,Chidobe Awuzie,00-0033548,,,Limited Participation in Practice,Chidobe Awuzie,
2023,2,CIN,LB,Markus Bailey,00-0036314,Questionable,Knee,Did Not Participate In Practice,Markus Bailey,QUESTIONABLE
2023,2,CIN,RB,Chris Evans,00-0036857,Questionable,Hamstring,Limited Participation in Practice,Chris Evans,QUESTIONABLE
2023,2,CIN,DE,Joseph Ossai,00-0036902,Questionable,Ankle,Limited Participation in Practice,Joseph Ossai,QUESTIONABLE
2023,2,CLE,G,Joel Bitonio,00-0031426,,,Full Participation in Practice,Joel Bitonio,
2023,2,CLE,DE,Myles Garrett,00-0033868,,,Full Participation in Practice,Myles Garrett,
2023,2,CLE,DT,Shelby Harris,00-0031270,,,Full Participation in Practice,Shelby Harris,
2023,2,CLE,DT,Maurice Hurst,00-0034746,,,Full Participation in Practice,Maurice Hurst,
2023,2,CLE,T,Dawand Jones,00-0039014,,,Full Participation in Practice,Dawand Jones,
2023,2,CLE,LB,Anthony Walker,00-0033570,,,Full Participation in Practice,Anthony Walker,
2023,2,CLE,T,Jedrick Wills,00-0036267,,,Full Participation in Practice,Jedrick Wills,
2023,2,CLE,DT,Siaki Ika,00-0038561,Questionable,Foot,Did Not Participate In Practice,Siaki Ika,QUESTIONABLE
2023,2,CLE,WR,Amari Cooper,00-0031544,Questionable,Groin,Limited Participation in Practice,Amari Cooper,QUESTIONABLE
2023,2,CLE,S,Juan Thornhill,00-0035625,Questionable,Calf,Limited Participation in Practice,Juan Thornhill,QUESTIONABLE
2023,2,DAL,DE,Sam Williams,00-0037665,,,Did Not Participate In Practice,Sam Williams,
2023,2,DAL,T,Tyron Smith,00-0027947,,,Full Participation in Practice,Tyron Smith,
2023,2,DAL,T,Tyler Smith,00-0037243,Doubtful,Hamstring,Did Not Participate In Practice,Tyler Smith,DOUBTFUL
2023,2,DAL,S,Donovan Wilson,00-0035301,Doubtful,Calf,Limited Participation in Practice,Donovan Wilson,DOUBTFUL
2023,2,DAL,WR,Brandin Cooks,00-0031236,Questionable,Knee,Did Not Participate In Practice,Brandin Cooks,QUESTIONABLE
2023,2,DAL,G,Zack Martin,00-0031402,Questionable,Groin,Limited Participation in Practice,Zack Martin,QUESTIONABLE
2023,2,DEN,WR,Jerry Jeudy,00-0036407,,,Full Participation in Practice,Jerry Jeudy,
2023,2,DEN,DT,D.J. Jones,00-0033297,,,Full Participation in Practice,D.J. Jones,
2023,2,DEN,CB,Riley Moss,00-0038552,,,Full Participation in Practice,Riley Moss,
2023,2,DEN,LB,Frank Clark,00-0032210,Out,Hip,Did Not Participate In Practice,Frank Clark,OUT
2023,2,DEN,TE,Greg Dulcich,00-0037252,Out,Hamstring,Did Not Participate In Practice,Greg Dulcich,OUT
2023,2,DET,C,Frank Ragnow,00-0034345,,,Did Not Participate In Practice,Frank Ragnow,
2023,2,DET,CB,Khalil Dorsey,00-0036124,Out,Illness,Did Not Participate In Practice,Khalil Dorsey,OUT
2023,2,DET,CB,Emmanuel Moseley,00-0034096,Out,Knee,Did Not Participate In Practice,Emmanuel Moseley,OUT
2023,2,DET,DE,Josh Paschal,00-0038096,Out,Knee,Did Not Participate In Practice,Josh Paschal,OUT
2023,2,DET,T,Taylor Decker,00-0032381,Doubtful,Ankle,Did Not Participate In Practice,Taylor Decker,DOUBTFUL
2023,2,GB,WR,Romeo Doubs,00-0037816,,,Full Participation in Practice,Romeo Doubs,
2023,2,GB,G,Elgton Jenkins,00-0035526,,,Full Participation in Practice,Elgton Jenkins,
2023,2,GB,S,Anthony Johnson,00-0038411,,,Full Participation in Practice,Anthony Johnson,
2023,2,GB,P,Daniel Whelan,00-0037547,,,Full Participation in Practice,Daniel Whelan,
2023,2,GB,LB,Rashan Gary,00-0034967,,,Limited Participation in Practice,Rashan Gary,
2023,2,GB,T,David Bakhtiari,00-0030074,Questionable,Not injury related - resting player,Did Not Participate In Practice,David Bakhtiari,QUESTIONABLE
2023,2,GB,RB,Aaron Jones,00-0033293,Questionable,Hamstring,Did Not Participate In Practice,Aaron Jones,QUESTIONABLE
2023,2,GB,LB,Quay Walker,00-0037074,Questionable,Concussion,Limited Participation in Practice,Quay Walker,QUESTIONABLE
2023,2,GB,WR,Christian Watson,00-0038124,Questionable,Hamstring,Limited Participation in Practice,Christian Watson,QUESTIONABLE
2023,2,HOU,S,Grayland Arnold,00-0035995,,,Full Participation in Practice,Grayland Arnold,
2023,2,HOU,LB,Blake Cashman,00-0035276,,,Full Participation in Practice,Blake Cashman,
2023,2,HOU,T,George Fant,00-0032466,,,Full Participation in Practice,George Fant,
2023,2,HOU,WR,John Metchie,00-0037614,,,Full Participation in Practice,John Metchie,
2023,2,HOU,RB,Dare Ogunbowale,00-0033854,,,Full Participation in Practice,Dare Ogunbowale,
2023,2,HOU,LB,Denzel Perryman,00-0032103,,,Full Participation in Practice,Denzel Perryman,
2023,2,HOU,TE,Dalton Schultz,00-0034383,,,Full Participation in Practice,Dalton Schultz,
2023,2,HOU,WR,Robert Woods,00-0030431,,,Full Participation in Practice,Robert Woods,
2023,2,HOU,S,Jalen Pitre,00-0037246,Out,Chest,Did Not Participate In Practice,Jalen Pitre,OUT
2023,2,HOU,S,Jimmie Ward,00-0031298,Out,Hip,Did Not Participate In Practice,Jimmie Ward,OUT
2023,2,HOU,T,Laremy Tunsil,00-0032380,Questionable,Knee,Did Not Participate In Practice,Laremy Tunsil,QUESTIONABLE
2023,2,HOU,LB,Neville Hewitt,00-0031740,Questionable,Illness,Limited Participation in Practice,Neville Hewitt,QUESTIONABLE
2023,2,HOU,QB,C.J. Stroud,00-0039163,Questionable,right Shoulder,Limited Participation in Practice,C.J. Stroud,QUESTIONABLE
2023,2,IND,P,Rigoberto Sanchez,00-0033269,,,Did Not Participate In Practice,Rigoberto Sanchez,
2023,2,IND,RB,Zack Moss,00-0036251,,,Full Participation in Practice,Zack Moss,
2023,2,IND,T,Braden Smith,00-0034836,,,Full Participation in Practice,Braden Smith,
2023,2,IND,TE,Kylen Granson,00-0036876,Questionable,Hamstring,"
    ",Kylen Granson,QUESTIONABLE
2023,2,IND,TE,Andrew Ogletree,00-0037292,Questionable,Concussion,Full Participation in Practice,Andrew Ogletree,QUESTIONABLE
2023,2,IND,G,Quenton Nelson,00-0034342,Questionable,Toe,Limited Participation in Practice,Quenton Nelson,QUESTIONABLE
2023,2,JAX,S,Antonio Johnson,00-0038596,Out,Hamstring,Did Not Participate In Practice,Antonio Johnson,OUT
2023,2,JAX,CB,Gregory Junior,00-0037296,Out,Hamstring,Did Not Participate In Practice,Gregory Junior,OUT
2023,2,JAX,C,Luke Fortner,00-0037814,Questionable,Ankle,Limited Participation in Practice,Luke Fortner,QUESTIONABLE
2023,2,JAX,DE,Tyler Lacy,00-0038940,Questionable,Hip,Limited Participation in Practice,Tyler Lacy,QUESTIONABLE
2023,2,JAX,G,Brandon Scherff,00-0032053,Questionable,Ankle,Limited Participation in Practice,Brandon Scherff,QUESTIONABLE
2023,2,KC,LB,Nick Bolton,00-0036621,,,Did Not Participate In Practice,Nick Bolton,
2023,2,KC,WR,Richie James,00-0034286,,,Full Participation in Practice,Richie James,
2023,2,KC,CB,Nic Jones,00-0038986,,,Full Participation in Practice,Nic Jones,
2023,2,KC,WR,Kadarius Toney,00-0036913,,,Full Participation in Practice,Kadarius Toney,
2023,2,KC,DT,Tershawn Wharton,00-0035890,,,Full Participation in Practice,Tershawn Wharton,
2023,2,KC,DT,Chris Jones,00-0032762,,,Limited Participation in Practice,Chris Jones,
2023,2,KC,CB,L'Jarius Sneed,00-0036374,,,Limited Participation in Practice,L'Jarius Sneed,
2023,2,KC,RB,Clyde Edwards-Helaire,00-0036360,Questionable,Illness,Did Not Participate In Practice,Clyde Edwards-Helaire,QUESTIONABLE
2023,2,KC,TE,Travis Kelce,00-0030506,Questionable,Knee,Limited Participation in Practice,Travis Kelce,QUESTIONABLE
2023,2,LA,DT,Aaron Donald,00-0031388,,,Did Not Participate In Practice,Aaron Donald,
2023,2,LA,T,Joseph Noteboom,00-0034803,,,Full Participation in Practice,Joseph Noteboom,
2023,2,LA,CB,Ahkello Witherspoon,00-0033783,,,Full Participation in Practice,Ahkello Witherspoon,
2023,2,LA,S,Jason Taylor,00-0039060,,,Limited Participation in Practice,Jason Taylor,
2023,2,LA,LB,Ernest Jones,00-0036994,Questionable,Illness,Did Not Participate In Practice,Ernest Jones,QUESTIONABLE
2023,2,LA,WR,Puka Nacua,00-0039075,Questionable,Oblique,Limited Participation in Practice,Puka Nacua,QUESTIONABLE
2023,2,LA,C,Coleman Shelton,00-0034114,Questionable,Toe,Limited Participation in Practice,Coleman Shelton,QUESTIONABLE
2023,2,LA,S,Russ Yeast,00-0037844,Questionable,Knee,Limited Participation in Practice,Russ Yeast,QUESTIONABLE
2023,2,LAC,RB,Austin Ekeler,00-0033699,Doubtful,Ankle,Did Not Participate In Practice,Austin Ekeler,DOUBTFUL
2023,2,LAC,LB,Eric Kendricks,00-0031554,Doubtful,Hamstring,Did Not Participate In Practice,Eric Kendricks,DOUBTFUL
2023,2,LAC,LB,Daiyan Henley,00-0038553,Doubtful,Hamstring,Limited Participation in Practice,Daiyan Henley,DOUBTFUL
2023,2,LAC,DE,Chris Rumph,00-0036867,Doubtful,Hamstring,Limited Participation in Practice,Chris Rumph,DOUBTFUL
2023,2,LAC,DE,Joey Bosa,00-0033156,Questionable,Hamstring,Limited Participation in Practice,Joey Bosa,QUESTIONABLE
2023,2,LV,WR,Davante Adams,00-0031381,,,Full Participation in Practice,Davante Adams,
2023,2,LV,WR,DeAndre Carter,00-0031763,,,Full Participation in Practice,DeAndre Carter,
2023,2,LV,T,Jermaine Eluemunor,00-0033290,,,Full Participation in Practice,Jermaine Eluemunor,
2023,2,LV,QB,Jimmy Garoppolo,00-0031345,,,Full Participation in Practice,Jimmy Garoppolo,
2023,2,LV,G,Jordan Meredith,00-0036604,,,Full Participation in Practice,Jordan Meredith,
2023,2,LV,S,Trevon Moehrig,00-0036962,,,Full Participation in Practice,Trevon Moehrig,
2023,2,LV,DE,Chandler Jones,00-0029585,Out,Not injury related - personal matter,Did Not Participate In Practice,Chandler Jones,OUT
2023,2,LV,WR,Jakobi Meyers,00-0034960,Out,Concussion,Did Not Participate In Practice,Jakobi Meyers,OUT
2023,2,MIA,RB,Devon Achane,00-0039040,,,Full Participation in Practice,Devon Achane,
2023,2,MIA,CB,Xavien Howard,00-0033050,,,Full Participation in Practice,Xavien Howard,
2023,2,MIA,S,Brandon Jones,00-0036221,,,Full Participation in Practice,Brandon Jones,
2023,2,MIA,RB,Raheem Mostert,00-0031687,,,Full Participation in Practice,Raheem Mostert,
2023,2,MIA,WR,Jaylen Waddle,00-0036613,,,Full Participation in Practice,Jaylen Waddle,
2023,2,MIA,C,Connor Williams,00-0034352,,,Full Participation in Practice,Connor Williams,
2023,2,MIA,CB,Kelvin Joseph,00-0036935,Out,Not injury related - personal matter,"
    ",Kelvin Joseph,OUT
2023,2,MIA,T,Terron Armstead,00-0030067,Questionable,"back, ankle, knee",Limited Participation in Practice,Terron Armstead,QUESTIONABLE
2023,2,MIA,S,Elijah Campbell,00-0034248,Questionable,Knee,Limited Participation in Practice,Elijah Campbell,QUESTIONABLE
2023,2,MIA,TE,Julian Hill,00-0038720,Questionable,Ankle,Limited Participation in Practice,Julian Hill,QUESTIONABLE
2023,2,MIA,LB,Jaelan Phillips,00-0036934,Questionable,Back,Limited Participation in Practice,Jaelan Phillips,QUESTIONABLE
2023,2,MIN,C,Garrett Bradbury,00-0035588,Out,Back,Did Not Participate In Practice,Garrett Bradbury,OUT
2023,2,MIN,T,Christian Darrisaw,00-0036616,Questionable,Ankle,Limited Participation in Practice,Christian Darrisaw,QUESTIONABLE
2023,2,MIN,DE,Marcus Davenport,00-0034344,Questionable,Ankle,Limited Participation in Practice,Marcus Davenport,QUESTIONABLE
2023,2,NE,C,David Andrews,00-0031852,,,Limited Participation in Practice,David Andrews,
2023,2,NE,WR,Kayshon Boutte,00-0038608,,,Limited Participation in Practice,Kayshon Boutte,
2023,2,NE,T,Trenton Brown,00-0032071,Questionable,Concussion,Did Not Participate In Practice,Trenton Brown,QUESTIONABLE
2023,2,NE,CB,Jonathan Jones,00-0032580,Questionable,Ankle,Did Not Participate In Practice,Jonathan Jones,QUESTIONABLE
2023,2,NE,T,Sidy Sow,00-0038569,Questionable,Concussion,Did Not Participate In Practice,Sidy Sow,QUESTIONABLE
2023,2,NE,G,Michael Onwenu,00-0036198,Questionable,Ankle,Limited Participation in Practice,Michael Onwenu,QUESTIONABLE
2023,2,NE,WR,DeVante Parker,00-0031547,Questionable,Knee,Limited Participation in Practice,DeVante Parker,QUESTIONABLE
2023,2,NE,G,Cole Strange,00-0038103,Questionable,Knee,Limited Participation in Practice,Cole Strange,QUESTIONABLE
2023,2,NO,TE,Jimmy Graham,00-0027696,,,Full Participation in Practice,Jimmy Graham,
2023,2,NO,TE,Juwan Johnson,00-0036040,,,Full Participation in Practice,Juwan Johnson,
2023,2,NO,T,Ryan Ramczyk,00-0033888,,,Full Participation in Practice,Ryan Ramczyk,
2023,2,NO,S,J.T. Gray,00-0034116,Questionable,Shoulder,Limited Participation in Practice,J.T. Gray,QUESTIONABLE
2023,2,NO,RB,Kendre Miller,00-0038551,Questionable,Hamstring,Limited Participation in Practice,Kendre Miller,QUESTIONABLE
2023,2,NYG,CB,Deonte Banks,00-0039000,,,Full Participation in Practice,Deonte Banks,
2023,2,NYG,LB,Cam Brown,00-0036400,,,Full Participation in Practice,Cam Brown,
2023,2,NYG,CB,Cordale Flott,00-0037758,,,Full Participation in Practice,Cordale Flott,
2023,2,NYG,K,Graham Gano,00-0026858,,,Full Participation in Practice,Graham Gano,
2023,2,NYG,S,Gervarrius Owens,00-0038413,,,Full Participation in Practice,Gervarrius Owens,
2023,2,NYG,T,Matt Peart,00-0036392,,,Full Participation in Practice,Matt Peart,
2023,2,NYG,WR,Sterling Shepard,00-0032385,,,Full Participation in Practice,Sterling Shepard,
2023,2,NYG,TE,Darren Waller,00-0031610,,,Limited Participation in Practice,Darren Waller,
2023,2,NYG,DE,Azeez Ojulari,00-0036552,Doubtful,Hamstring,Limited Participation in Practice,Azeez Ojulari,DOUBTFUL
2023,2,NYG,WR,Wan'Dale Robinson,00-0038117,Doubtful,Knee,Limited Participation in Practice,Wan'Dale Robinson,DOUBTFUL
2023,2,NYG,T,Andrew Thomas,00-0036386,Questionable,Hamstring,Limited Participation in Practice,Andrew Thomas,QUESTIONABLE
2023,2,NYJ,K,Greg Zuerlein,00-0029621,Questionable,right Groin,Did Not Participate In Practice,Greg Zuerlein,QUESTIONABLE
2023,2,NYJ,T,Mekhi Becton,00-0036284,Questionable,Knee,Full Participation in Practice,Mekhi Becton,QUESTIONABLE
2023,2,NYJ,T,Duane Brown,00-0026166,Questionable,Shoulder,Full Participation in Practice,Duane Brown,QUESTIONABLE
2023,2,NYJ,RB,Breece Hall,00-0038120,Questionable,Knee,Full Participation in Practice,Breece Hall,QUESTIONABLE
2023,2,PHI,LB,Nakobe Dean,00-0037615,,,Did Not Participate In Practice,Nakobe Dean,
2023,2,PHI,S,Reed Blankenship,00-0037130,Out,Ribs,Did Not Participate In Practice,Reed Blankenship,OUT
2023,2,PHI,CB,James Bradberry,00-0032890,Out,Concussion,Did Not Participate In Practice,James Bradberry,OUT
2023,2,PHI,RB,Kenneth Gainwell,00-0036919,Out,Ribs,Did Not Participate In Practice,Kenneth Gainwell,OUT
2023,2,PHI,DT,Fletcher Cox,00-0029653,Questionable,Ribs,Limited Participation in Practice,Fletcher Cox,QUESTIONABLE
2023,2,PIT,G,James Daniels,00-0034347,,,Full Participation in Practice,James Daniels,
2023,2,PIT,TE,Pat Freiermuth,00-0036894,,,Full Participation in Practice,Pat Freiermuth,
2023,2,PIT,DT,Larry Ogunjobi,00-0033905,,,Full Participation in Practice,Larry Ogunjobi,
2023,2,PIT,T,Chukwuma Okorafor,00-0034768,,,Full Participation in Practice,Chukwuma Okorafor,
2023,2,PIT,G,Isaac Seumalo,00-0032954,,,Full Participation in Practice,Isaac Seumalo,
2023,2,PIT,WR,George Pickens,00-0037247,,,Limited Participation in Practice,George Pickens,
2023,2,PIT,WR,Diontae Johnson,00-0035216,Out,Hamstring,Did Not Participate In Practice,Diontae Johnson,OUT
2023,2,PIT,RB,Anthony McFarland,00-0036336,Out,Knee,Did Not Participate In Practice,Anthony McFarland,OUT
2023,2,SEA,DT,Jarran Reed,00-0032387,,,Did Not Participate In Practice,Jarran Reed,
2023,2,SEA,LB,Jordyn Brooks,00-0036409,,,Full Participation in Practice,Jordyn Brooks,
2023,2,SEA,TE,Will Dissly,00-0034159,,,Full Participation in Practice,Will Dissly,
2023,2,SEA,CB,Devon Witherspoon,00-0039169,,,Full Participation in Practice,Devon Witherspoon,
2023,2,SEA,DT,Cameron Young,00-0038572,,,Full Participation in Practice,Cameron Young,
2023,2,SEA,T,Charles Cross,00-0037821,Out,Toe,Did Not Participate In Practice,Charles Cross,OUT
2023,2,SEA,DE,Mike Morris,00-0038591,Out,Shoulder,Did Not Participate In Practice,Mike Morris,OUT
2023,2,SEA,S,Jamal Adams,00-0033872,Out,Knee,Limited Participation in Practice,Jamal Adams,OUT
2023,2,SEA,LB,Boye Mafe,00-0038133,Questionable,Knee,Did Not Participate In Practice,Boye Mafe,QUESTIONABLE
2023,2,SEA,LB,Devin Bush,00-0035525,Questionable,Shoulder,Limited Participation in Practice,Devin Bush,QUESTIONABLE
2023,2,SF,LB,Dre Greenlaw,00-0034982,,,Full Participation in Practice,Dre Greenlaw,
2023,2,SF,TE,George Kittle,00-0033288,,,Full Participation in Practice,George Kittle,
2023,2,SF,WR,Ray-Ray McCloud,00-0034407,,,Full Participation in Practice,Ray-Ray McCloud,
2023,2,SF,T,Trent Williams,00-0027857,,,Full Participation in Practice,Trent Williams,
2023,2,SF,CB,Samuel Womack,00-0037830,Out,Knee,Did Not Participate In Practice,Samuel Womack,OUT
2023,2,TB,LB,Lavonte David,00-0029562,,,Did Not Participate In Practice,Lavonte David,
2023,2,TB,WR,Mike Evans,00-0031408,,,Did Not Participate In Practice,Mike Evans,
2023,2,TB,QB,Baker Mayfield,00-0034855,,,Full Participation in Practice,Baker Mayfield,
2023,2,TB,CB,Carlton Davis,00-0034778,Out,Toe,Did Not Participate In Practice,Carlton Davis,OUT
2023,2,TB,LB,SirVocea Dennis,00-0039049,Out,Hamstring,Did Not Participate In Practice,SirVocea Dennis,OUT
2023,2,TB,DT,Calijah Kancey,00-0039063,Out,Calf,Did Not Participate In Practice,Calijah Kancey,OUT
2023,2,TB,S,Christian Izien,00-0038820,Questionable,Concussion,Full Participation in Practice,Christian Izien,QUESTIONABLE
2023,2,TEN,CB,Tre Avery,00-0037593,,,Full Participation in Practice,Tre Avery,
2023,2,TEN,WR,Treylon Burks,00-0037742,,,Full Participation in Practice,Treylon Burks,
2023,2,TEN,T,Dillon Radunz,00-0036619,,,Full Participation in Practice,Dillon Radunz,
2023,2,TEN,RB,Tyjae Spears,00-0039032,,,Full Participation in Practice,Tyjae Spears,
2023,2,TEN,DT,Teair Tart,00-0036181,,,Full Participation in Practice,Teair Tart,
2023,2,TEN,S,Amani Hooker,00-0035632,Out,Concussion,Did Not Participate In Practice,Amani Hooker,OUT
2023,2,TEN,CB,Kristian Fulton,00-0036416,Out,Hamstring,Limited Participation in Practice,Kristian Fulton,OUT
2023,2,TEN,WR,DeAndre Hopkins,00-0030564,Questionable,Ankle,Did Not Participate In Practice,DeAndre Hopkins,QUESTIONABLE
2023,2,TEN,T,Peter Skoronski,00-0039034,Questionable,Illness,Did Not Participate In Practice,Peter Skoronski,QUESTIONABLE
2023,2,WAS,G,Samuel Cosmi,00-0036618,,,Full Participation in Practice,Samuel Cosmi,
2023,2,WAS,WR,Terry McLaurin,00-0035659,,,Full Participation in Practice,Terry McLaurin,
2023,2,WAS,DE,Chase Young,00-0036321,,,Full Participation in Practice,Chase Young,
2023,2,WAS,WR,Curtis Samuel,00-0033282,,,Limited Participation in Practice,Curtis Samuel,
2023,2,WAS,CB,Quan Martin,00-0039149,Out,Concussion,Did Not Participate In Practice,Quan Martin,OUT
2023,3,ARI,T,Kelvin Beachum,00-0029316,,,Full Participation in Practice,Kelvin Beachum,
2023,3,ARI,DE,Carlos Watkins,00-0033563,Out,Biceps,Did Not Participate In Practice,Carlos Watkins,OUT
2023,3,ARI,LB,Josh Woods,00-0034801,Out,Ankle,Did Not Participate In Practice,Josh Woods,OUT
2023,3,ARI,DT,Leki Fotu,00-0036371,Questionable,Shoulder,Limited Participation in Practice,Leki Fotu,QUESTIONABLE
2023,3,ATL,DE,Calais Campbell,00-0026190,,,Did Not Participate In Practice,Calais Campbell,
2023,3,ATL,LB,Bud Dupree,00-0032146,,,Did Not Participate In Practice,Bud Dupree,
2023,3,ATL,LB,Troy Andersen,00-0037810,,,Full Participation in Practice,Troy Andersen,
2023,3,ATL,CB,Jeff Okudah,00-0036274,Questionable,Foot,Full Participation in Practice,Jeff Okudah,QUESTIONABLE
2023,3,ATL,RB,Cordarrelle Patterson,00-0030578,Questionable,Thigh,Limited Participation in Practice,Cordarrelle Patterson,QUESTIONABLE
2023,3,BAL,LB,Jadeveon Clowney,00-0031364,,,Full Participation in Practice,Jadeveon Clowney,
2023,3,BAL,WR,Devin Duvernay,00-0036331,,,Full Participation in Practice,Devin Duvernay,
2023,3,BAL,WR,Odell Beckham,00-0031235,Out,Ankle,Did Not Participate In Practice,Odell Beckham,OUT
2023,3,BAL,RB,Justice Hill,00-0034975,Out,Foot,Did Not Participate In Practice,Justice Hill,OUT
2023,3,BAL,CB,Marlon Humphrey,00-0033281,Out,Foot,Did Not Participate In Practice,Marlon Humphrey,OUT
2023,3,BAL,C,Tyler Linderbaum,00-0037825,Out,Ankle,Did Not Participate In Practice,Tyler Linderbaum,OUT
2023,3,BAL,LB,Odafe Oweh,00-0036940,Out,Ankle,Did Not Participate In Practice,Odafe Oweh,OUT
2023,3,BAL,T,Ronnie Stanley,00-0032965,Out,Knee,Did Not Participate In Practice,Ronnie Stanley,OUT
2023,3,BAL,S,Marcus Williams,00-0033894,Out,Pectoral,Did Not Participate In Practice,Marcus Williams,OUT
2023,3,BUF,S,Jordan Poyer,00-0030114,,,Did Not Participate In Practice,Jordan Poyer,
2023,3,BUF,CB,Tre'Davious White,00-0033884,,,Did Not Participate In Practice,Tre'Davious White,
2023,3,BUF,LB,Terrel Bernard,00-0037254,,,Full Participation in Practice,Terrel Bernard,
2023,3,BUF,T,Spencer Brown,00-0036976,,,Full Participation in Practice,Spencer Brown,
2023,3,BUF,RB,James Cook,00-0037248,,,Full Participation in Practice,James Cook,
2023,3,BUF,DE,Leonard Floyd,00-0033072,,,Full Participation in Practice,Leonard Floyd,
2023,3,BUF,S,Micah Hyde,00-0030090,,,Full Participation in Practice,Micah Hyde,
2023,3,BUF,TE,Dawson Knox,00-0035689,,,Full Participation in Practice,Dawson Knox,
2023,3,BUF,DT,Jordan Phillips,00-0031557,,,Full Participation in Practice,Jordan Phillips,
2023,3,CAR,LB,Amare Barno,00-0037043,,,Full Participation in Practice,Amare Barno,
2023,3,CAR,LB,Brian Burns,00-0035713,,,Full Participation in Practice,Brian Burns,
2023,3,CAR,RB,Miles Sanders,00-0035243,,,Full Participation in Practice,Miles Sanders,
2023,3,CAR,LB,Chandler Wooten,00-0037560,,,Full Participation in Practice,Chandler Wooten,
2023,3,CAR,QB,Bryce Young,00-0039150,Out,Ankle,Did Not Participate In Practice,Bryce Young,OUT
2023,3,CAR,LB,Justin Houston,00-0028008,Questionable,Calf,Full Participation in Practice,Justin Houston,QUESTIONABLE
2023,3,CHI,TE,Marcedes Lewis,00-0024243,,,Did Not Participate In Practice,Marcedes Lewis,
2023,3,CHI,CB,Josh Blackwell,00-0037129,,,Full Participation in Practice,Josh Blackwell,
2023,3,CHI,WR,Darnell Mooney,00-0036309,,,Full Participation in Practice,Darnell Mooney,
2023,3,CHI,C,Lucas Patrick,00-0033082,,,Full Participation in Practice,Lucas Patrick,
2023,3,CHI,LB,Khalid Kareem,00-0036341,Out,Hip,Did Not Participate In Practice,Khalid Kareem,OUT
2023,3,CHI,S,Eddie Jackson,00-0033784,Doubtful,Foot,Did Not Participate In Practice,Eddie Jackson,DOUBTFUL
2023,3,CHI,G,Nate Davis,00-0035649,Questionable,Not injury related - personal matter,Limited Participation in Practice,Nate Davis,QUESTIONABLE
2023,3,CIN,LB,Akeem Davis-Gaither,00-0036298,,,Did Not Participate In Practice,Akeem Davis-Gaither,
2023,3,CIN,S,Tycen Anderson,00-0037752,,,Full Participation in Practice,Tycen Anderson,
2023,3,CIN,DE,Joseph Ossai,00-0036902,,,Full Participation in Practice,Joseph Ossai,
2023,3,CIN,S,Nick Scott,00-0035669,,,Full Participation in Practice,Nick Scott,
2023,3,CIN,CB,Chidobe Awuzie,00-0033548,,,Limited Participation in Practice,Chidobe Awuzie,
2023,3,CIN,TE,Irv Smith,00-0034970,Doubtful,Hamstring,Limited Participation in Practice,Irv Smith,DOUBTFUL
2023,3,CIN,QB,Joe Burrow,00-0036442,Questionable,Calf,Limited Participation in Practice,Joe Burrow,QUESTIONABLE
2023,3,CLE,G,Joel Bitonio,00-0031426,,,Full Participation in Practice,Joel Bitonio,
2023,3,CLE,DE,Myles Garrett,00-0033868,,,Full Participation in Practice,Myles Garrett,
2023,3,CLE,DT,Siaki Ika,00-0038561,,,Full Participation in Practice,Siaki Ika,
2023,3,CLE,TE,David Njoku,00-0033885,,,Full Participation in Practice,David Njoku,
2023,3,CLE,DE,Za'Darius Smith,00-0031576,,,Full Participation in Practice,Za'Darius Smith,
2023,3,CLE,LB,Sione Takitaki,00-0035646,,,Full Participation in Practice,Sione Takitaki,
2023,3,CLE,S,Juan Thornhill,00-0035625,,,Full Participation in Practice,Juan Thornhill,
2023,3,CLE,LB,Anthony Walker,00-0033570,,,Full Participation in Practice,Anthony Walker,
2023,3,CLE,T,Jedrick Wills,00-0036267,,,Full Participation in Practice,Jedrick Wills,
2023,3,CLE,WR,Amari Cooper,00-0031544,,,Limited Participation in Practice,Amari Cooper,
2023,3,CLE,CB,Greg Newsome,00-0036996,Out,Elbow,Did Not Participate In Practice,Greg Newsome,OUT
2023,3,CLE,T,James Hudson,00-0036866,Questionable,Ankle,Did Not Participate In Practice,James Hudson,QUESTIONABLE
2023,3,DAL,WR,Brandin Cooks,00-0031236,,,Full Participation in Practice,Brandin Cooks,
2023,3,DAL,T,Chuma Edoga,00-0035698,,,Full Participation in Practice,Chuma Edoga,
2023,3,DAL,S,Jayron Kearse,00-0032454,,,Full Participation in Practice,Jayron Kearse,
2023,3,DAL,T,Tyler Smith,00-0037243,,,Full Participation in Practice,Tyler Smith,
2023,3,DAL,S,Donovan Wilson,00-0035301,,,Full Participation in Practice,Donovan Wilson,
2023,3,DAL,CB,Trevon Diggs,00-0036361,Out,Knee,Did Not Participate In Practice,Trevon Diggs,OUT
2023,3,DAL,T,Tyron Smith,00-0027947,Questionable,Knee,"
    ",Tyron Smith,QUESTIONABLE
2023,3,DAL,C,Tyler Biadasz,00-0036376,Questionable,Hamstring,Did Not Participate In Practice,Tyler Biadasz,QUESTIONABLE
2023,3,DAL,G,Zack Martin,00-0031402,Questionable,Ankle,Did Not Participate In Practice,Zack Martin,QUESTIONABLE
2023,3,DEN,T,Garett Bolles,00-0033538,,,Full Participation in Practice,Garett Bolles,
2023,3,DEN,LB,Frank Clark,00-0032210,Out,Hip,Did Not Participate In Practice,Frank Clark,OUT
2023,3,DEN,S,Justin Simmons,00-0032971,Out,Hip,Did Not Participate In Practice,Justin Simmons,OUT
2023,3,DEN,DT,Mike Purcell,00-0029890,Questionable,Ankle,Limited Participation in Practice,Mike Purcell,QUESTIONABLE
2023,3,DET,WR,Antoine Green,00-0038627,,,Full Participation in Practice,Antoine Green,
2023,3,DET,C,Frank Ragnow,00-0034345,,,Full Participation in Practice,Frank Ragnow,
2023,3,DET,T,Taylor Decker,00-0032381,Out,Ankle,Did Not Participate In Practice,Taylor Decker,OUT
2023,3,DET,S,Kerby Joseph,00-0037667,Out,Hip,Did Not Participate In Practice,Kerby Joseph,OUT
2023,3,DET,CB,Emmanuel Moseley,00-0034096,Out,Knee,Did Not Participate In Practice,Emmanuel Moseley,OUT
2023,3,DET,G,Halapoulivaati Vaitai,00-0032785,Out,Knee,Did Not Participate In Practice,Halapoulivaati Vaitai,OUT
2023,3,DET,RB,David Montgomery,00-0035685,Doubtful,Thigh,Did Not Participate In Practice,David Montgomery,DOUBTFUL
2023,3,DET,WR,Josh Reynolds,00-0033943,Questionable,Groin,Full Participation in Practice,Josh Reynolds,QUESTIONABLE
2023,3,DET,WR,Amon-Ra St. Brown,00-0036963,Questionable,Toe,Full Participation in Practice,Amon-Ra St. Brown,QUESTIONABLE
2023,3,GB,P,Daniel Whelan,00-0037547,,,Full Participation in Practice,Daniel Whelan,
2023,3,GB,LB,Rashan Gary,00-0034967,,,Limited Participation in Practice,Rashan Gary,
2023,3,GB,S,Zayne Anderson,00-0036677,Out,Hamstring,Did Not Participate In Practice,Zayne Anderson,OUT
2023,3,GB,G,Elgton Jenkins,00-0035526,Out,Knee,Did Not Participate In Practice,Elgton Jenkins,OUT
2023,3,GB,T,David Bakhtiari,00-0030074,Questionable,Not injury related - resting player,Did Not Participate In Practice,David Bakhtiari,QUESTIONABLE
2023,3,GB,CB,Jaire Alexander,00-0034728,Questionable,Back,Limited Participation in Practice,Jaire Alexander,QUESTIONABLE
2023,3,GB,RB,Aaron Jones,00-0033293,Questionable,Hamstring,Limited Participation in Practice,Aaron Jones,QUESTIONABLE
2023,3,GB,LB,Lukas Van Ness,00-0039112,Questionable,Elbow,Limited Participation in Practice,Lukas Van Ness,QUESTIONABLE
2023,3,GB,WR,Christian Watson,00-0038124,Questionable,Hamstring,Limited Participation in Practice,Christian Watson,QUESTIONABLE
2023,3,HOU,WR,Tank Dell,00-0038977,,,Full Participation in Practice,Tank Dell,
2023,3,HOU,T,George Fant,00-0032466,,,Full Participation in Practice,George Fant,
2023,3,HOU,DE,Jonathan Greenard,00-0036224,,,Full Participation in Practice,Jonathan Greenard,
2023,3,HOU,S,Eric Murray,00-0033038,,,Full Participation in Practice,Eric Murray,
2023,3,HOU,QB,C.J. Stroud,00-0039163,,,Full Participation in Practice,C.J. Stroud,
2023,3,HOU,S,Jimmie Ward,00-0031298,,,Full Participation in Practice,Jimmie Ward,
2023,3,HOU,WR,Robert Woods,00-0030431,,,Full Participation in Practice,Robert Woods,
2023,3,HOU,LB,Denzel Perryman,00-0032103,Out,Hand,Did Not Participate In Practice,Denzel Perryman,OUT
2023,3,HOU,S,Jalen Pitre,00-0037246,Out,Chest,Did Not Participate In Practice,Jalen Pitre,OUT
2023,3,HOU,CB,Derek Stingley,00-0037237,Out,Hamstring,Did Not Participate In Practice,Derek Stingley,OUT
2023,3,HOU,CB,Tavierre Thomas,00-0034488,Out,Hand,Did Not Participate In Practice,Tavierre Thomas,OUT
2023,3,HOU,T,Laremy Tunsil,00-0032380,Questionable,Knee,Limited Participation in Practice,Laremy Tunsil,QUESTIONABLE
2023,3,IND,DT,Grover Stewart,00-0033952,,,Full Participation in Practice,Grover Stewart,
2023,3,IND,C,Ryan Kelly,00-0032383,Out,Concussion,Did Not Participate In Practice,Ryan Kelly,OUT
2023,3,IND,QB,Anthony Richardson,00-0039164,Out,Concussion,Did Not Participate In Practice,Anthony Richardson,OUT
2023,3,IND,G,Quenton Nelson,00-0034342,Questionable,Toe,Full Participation in Practice,Quenton Nelson,QUESTIONABLE
2023,3,IND,CB,Dallis Flowers,00-0037395,Questionable,Ankle,Limited Participation in Practice,Dallis Flowers,QUESTIONABLE
2023,3,IND,CB,Kenny Moore,00-0033393,Questionable,Knee,Limited Participation in Practice,Kenny Moore,QUESTIONABLE
2023,3,JAX,G,Brandon Scherff,00-0032053,,,Full Participation in Practice,Brandon Scherff,
2023,3,JAX,S,Antonio Johnson,00-0038596,Out,Hamstring,Did Not Participate In Practice,Antonio Johnson,OUT
2023,3,JAX,WR,Zay Jones,00-0033891,Out,Knee,Did Not Participate In Practice,Zay Jones,OUT
2023,3,JAX,DT,Folorunso Fatukasi,00-0034275,Questionable,Shoulder,Limited Participation in Practice,Folorunso Fatukasi,QUESTIONABLE
2023,3,JAX,LB,Josh Hines-Allen,00-0035642,Questionable,Shoulder,Limited Participation in Practice,Josh Hines-Allen,QUESTIONABLE
2023,3,JAX,S,Andrew Wingard,00-0035378,Questionable,Shoulder,Limited Participation in Practice,Andrew Wingard,QUESTIONABLE
2023,3,KC,CB,Nic Jones,00-0038986,,,Full Participation in Practice,Nic Jones,
2023,3,KC,CB,L'Jarius Sneed,00-0036374,,,Full Participation in Practice,L'Jarius Sneed,
2023,3,KC,T,Jawaan Taylor,00-0035237,,,Full Participation in Practice,Jawaan Taylor,
2023,3,KC,WR,Justin Watson,00-0034386,,,Full Participation in Practice,Justin Watson,
2023,3,KC,CB,Jaylen Watson,00-0037195,,,Full Participation in Practice,Jaylen Watson,
2023,3,KC,LB,Nick Bolton,00-0036621,Out,Ankle,Did Not Participate In Practice,Nick Bolton,OUT
2023,3,KC,WR,Richie James,00-0034286,Out,Knee,Did Not Participate In Practice,Richie James,OUT
2023,3,KC,LB,Willie Gay,00-0036362,Questionable,Quadricep,Limited Participation in Practice,Willie Gay,QUESTIONABLE
2023,3,KC,RB,Isiah Pacheco,00-0037197,Questionable,Hamstring,Limited Participation in Practice,Isiah Pacheco,QUESTIONABLE
2023,3,KC,WR,Kadarius Toney,00-0036913,Questionable,Toe,Limited Participation in Practice,Kadarius Toney,QUESTIONABLE
2023,3,LA,C,Brian Allen,00-0034804,,,Full Participation in Practice,Brian Allen,
2023,3,LA,CB,Cobie Durant,00-0037839,,,Full Participation in Practice,Cobie Durant,
2023,3,LA,T,Joseph Noteboom,00-0034803,,,Full Participation in Practice,Joseph Noteboom,
2023,3,LA,DE,Jonah Williams,00-0035944,,,Full Participation in Practice,Jonah Williams,
2023,3,LA,WR,Puka Nacua,00-0039075,Questionable,Oblique,Limited Participation in Practice,Puka Nacua,QUESTIONABLE
2023,3,LAC,DE,Khalil Mack,00-0031040,,,Full Participation in Practice,Khalil Mack,
2023,3,LAC,WR,Mike Williams,00-0033536,,,Full Participation in Practice,Mike Williams,
2023,3,LAC,RB,Austin Ekeler,00-0033699,Out,Ankle,Did Not Participate In Practice,Austin Ekeler,OUT
2023,3,LAC,LB,Eric Kendricks,00-0031554,Out,Hamstring,Did Not Participate In Practice,Eric Kendricks,OUT
2023,3,LAC,LB,Daiyan Henley,00-0038553,Questionable,Hamstring,Full Participation in Practice,Daiyan Henley,QUESTIONABLE
2023,3,LAC,DE,Chris Rumph,00-0036867,Questionable,Hamstring,Full Participation in Practice,Chris Rumph,QUESTIONABLE
2023,3,LAC,DE,Joey Bosa,00-0033156,Questionable,Hamstring,Limited Participation in Practice,Joey Bosa,QUESTIONABLE
2023,3,LAC,DT,Christopher Hinton,00-0037375,Questionable,Back,Limited Participation in Practice,Christopher Hinton,QUESTIONABLE
2023,3,LV,WR,Davante Adams,00-0031381,,,Full Participation in Practice,Davante Adams,
2023,3,LV,CB,Jakorian Bennett,00-0039072,,,Full Participation in Practice,Jakorian Bennett,
2023,3,LV,LB,Divine Deablo,00-0036990,,,Full Participation in Practice,Divine Deablo,
2023,3,LV,S,Marcus Epps,00-0034993,,,Full Participation in Practice,Marcus Epps,
2023,3,LV,WR,Jakobi Meyers,00-0034960,,,Full Participation in Practice,Jakobi Meyers,
2023,3,LV,S,Christopher Smith,00-0038602,,,Full Participation in Practice,Christopher Smith,
2023,3,LV,DT,Bilal Nichols,00-0034387,,,Limited Participation in Practice,Bilal Nichols,
2023,3,LV,DE,Tyree Wilson,00-0038541,Questionable,Illness,Limited Participation in Practice,Tyree Wilson,QUESTIONABLE
2023,3,MIA,CB,Xavien Howard,00-0033050,,,Did Not Participate In Practice,Xavien Howard,
2023,3,MIA,WR,Tyreek Hill,00-0033040,,,Full Participation in Practice,Tyreek Hill,
2023,3,MIA,LB,Andrew Van Ginkel,00-0035272,,,Full Participation in Practice,Andrew Van Ginkel,
2023,3,MIA,RB,Salvon Ahmed,00-0036020,Doubtful,Groin,Limited Participation in Practice,Salvon Ahmed,DOUBTFUL
2023,3,MIA,S,Elijah Campbell,00-0034248,Questionable,Knee,Full Participation in Practice,Elijah Campbell,QUESTIONABLE
2023,3,MIA,DT,Raekwon Davis,00-0036213,Questionable,Wrist,Full Participation in Practice,Raekwon Davis,QUESTIONABLE
2023,3,MIA,TE,Julian Hill,00-0038720,Questionable,Ankle,Full Participation in Practice,Julian Hill,QUESTIONABLE
2023,3,MIA,LB,Jaelan Phillips,00-0036934,Questionable,Back,Full Participation in Practice,Jaelan Phillips,QUESTIONABLE
2023,3,MIA,T,Terron Armstead,00-0030067,Questionable,"back, ankle, knee",Limited Participation in Practice,Terron Armstead,QUESTIONABLE
2023,3,MIA,TE,Tyler Kroft,00-0032214,Questionable,Back,Limited Participation in Practice,Tyler Kroft,QUESTIONABLE
2023,3,MIA,WR,Jaylen Waddle,00-0036613,Questionable,Concussion,Limited Participation in Practice,Jaylen Waddle,QUESTIONABLE
2023,3,MIN,T,Christian Darrisaw,00-0036616,,,Full Participation in Practice,Christian Darrisaw,
2023,3,MIN,LB,Jordan Hicks,00-0032129,,,Full Participation in Practice,Jordan Hicks,
2023,3,MIN,S,Josh Metellus,00-0036348,,,Full Participation in Practice,Josh Metellus,
2023,3,MIN,WR,Jalen Nailor,00-0037291,,,Limited Participation in Practice,Jalen Nailor,
2023,3,MIN,DE,Marcus Davenport,00-0034344,Out,Ankle,Did Not Participate In Practice,Marcus Davenport,OUT
2023,3,MIN,C,Garrett Bradbury,00-0035588,Questionable,Back,Limited Participation in Practice,Garrett Bradbury,QUESTIONABLE
2023,3,NE,DT,Davon Godchaux,00-0033860,,,Did Not Participate In Practice,Davon Godchaux,
2023,3,NE,CB,Marcus Jones,00-0037253,,,Did Not Participate In Practice,Marcus Jones,
2023,3,NE,T,Trenton Brown,00-0032071,,,Limited Participation in Practice,Trenton Brown,
2023,3,NE,WR,DeVante Parker,00-0031547,,,Limited Participation in Practice,DeVante Parker,
2023,3,NE,DT,Christian Barmore,00-0036981,Questionable,Knee,Limited Participation in Practice,Christian Barmore,QUESTIONABLE
2023,3,NE,CB,Jonathan Jones,00-0032580,Questionable,Ankle,Limited Participation in Practice,Jonathan Jones,QUESTIONABLE
2023,3,NE,G,Michael Onwenu,00-0036198,Questionable,Ankle,Limited Participation in Practice,Michael Onwenu,QUESTIONABLE
2023,3,NE,T,Sidy Sow,00-0038569,Questionable,Concussion,Limited Participation in Practice,Sidy Sow,QUESTIONABLE
2023,3,NE,G,Cole Strange,00-0038103,Questionable,Knee,Limited Participation in Practice,Cole Strange,QUESTIONABLE
2023,3,NO,QB,Taysom Hill,00-0033357,,,Full Participation in Practice,Taysom Hill,
2023,3,NO,S,Jordan Howden,00-0038588,,,Full Participation in Practice,Jordan Howden,
2023,3,NO,RB,Kendre Miller,00-0038551,,,Full Participation in Practice,Kendre Miller,
2023,3,NO,RB,Jamaal Williams,00-0033948,Out,Hamstring,Did Not Participate In Practice,Jamaal Williams,OUT
2023,3,NO,TE,Foster Moreau,00-0034981,Doubtful,Ankle,Did Not Participate In Practice,Foster Moreau,DOUBTFUL
2023,3,NO,CB,Paulson Adebo,00-0036937,Questionable,Hamstring,Did Not Participate In Practice,Paulson Adebo,QUESTIONABLE
2023,3,NO,S,Ugochukwu Amadi,00-0035142,Questionable,Knee,Limited Participation in Practice,Ugochukwu Amadi,QUESTIONABLE
2023,3,NYG,RB,Saquon Barkley,00-0034844,Out,Ankle,Did Not Participate In Practice,Saquon Barkley,OUT
2023,3,NYG,G,Ben Bredeson,00-0036132,Out,Concussion,Did Not Participate In Practice,Ben Bredeson,OUT
2023,3,NYG,DE,Azeez Ojulari,00-0036552,Out,Hamstring,Limited Participation in Practice,Azeez Ojulari,OUT
2023,3,NYG,T,Andrew Thomas,00-0036386,Out,Hamstring,Limited Participation in Practice,Andrew Thomas,OUT
2023,3,NYG,LB,Micah McFadden,00-0037259,Questionable,Neck,Limited Participation in Practice,Micah McFadden,QUESTIONABLE
2023,3,NYG,WR,Wan'Dale Robinson,00-0038117,Questionable,Knee,Limited Participation in Practice,Wan'Dale Robinson,QUESTIONABLE
2023,3,NYJ,T,Mekhi Becton,00-0036284,,,Full Participation in Practice,Mekhi Becton,
2023,3,NYJ,CB,Michael Carter,00-0036501,,,Full Participation in Practice,Michael Carter,
2023,3,NYJ,RB,Breece Hall,00-0038120,,,Full Participation in Practice,Breece Hall,
2023,3,NYJ,LB,Quincy Williams,00-0035680,,,Full Participation in Practice,Quincy Williams,
2023,3,NYJ,S,Tony Adams,00-0037155,Out,Hamstring,Did Not Participate In Practice,Tony Adams,OUT
2023,3,NYJ,G,Wes Schweitzer,00-0032432,Out,Concussion,Did Not Participate In Practice,Wes Schweitzer,OUT
2023,3,NYJ,T,Duane Brown,00-0026166,Questionable,Shoulder,Did Not Participate In Practice,Duane Brown,QUESTIONABLE
2023,3,NYJ,DE,John Franklin-Myers,00-0034805,Questionable,Hip,Full Participation in Practice,John Franklin-Myers,QUESTIONABLE
2023,3,NYJ,K,Greg Zuerlein,00-0029621,Questionable,right Groin,Full Participation in Practice,Greg Zuerlein,QUESTIONABLE
2023,3,PHI,S,Reed Blankenship,00-0037130,,,Full Participation in Practice,Reed Blankenship,
2023,3,PHI,CB,James Bradberry,00-0032890,,,Full Participation in Practice,James Bradberry,
2023,3,PHI,DT,Fletcher Cox,00-0029653,,,Full Participation in Practice,Fletcher Cox,
2023,3,PHI,LB,Zach Cunningham,00-0033547,,,Full Participation in Practice,Zach Cunningham,
2023,3,PHI,DT,Jordan Davis,00-0037073,,,Full Participation in Practice,Jordan Davis,
2023,3,PHI,S,Terrell Edmunds,00-0034858,,,Full Participation in Practice,Terrell Edmunds,
2023,3,PHI,RB,Kenneth Gainwell,00-0036919,,,Full Participation in Practice,Kenneth Gainwell,
2023,3,PHI,WR,DeVonta Smith,00-0036912,,,Full Participation in Practice,DeVonta Smith,
2023,3,PHI,TE,Jack Stoll,00-0036741,,,Full Participation in Practice,Jack Stoll,
2023,3,PHI,DE,Josh Sweat,00-0034381,,,Full Participation in Practice,Josh Sweat,
2023,3,PHI,WR,Quez Watkins,00-0036271,Out,Hamstring,Did Not Participate In Practice,Quez Watkins,OUT
2023,3,PHI,RB,Boston Scott,00-0034414,Out,Concussion,Limited Participation in Practice,Boston Scott,OUT
2023,3,PIT,S,Minkah Fitzpatrick,00-0034789,,,Full Participation in Practice,Minkah Fitzpatrick,
2023,3,PIT,LB,Markus Golden,00-0032127,,,Full Participation in Practice,Markus Golden,
2023,3,PIT,S,Damontae Kazee,00-0033512,,,Full Participation in Practice,Damontae Kazee,
2023,3,PIT,DT,Larry Ogunjobi,00-0033905,,,Full Participation in Practice,Larry Ogunjobi,
2023,3,PIT,CB,Patrick Peterson,00-0027943,,,Full Participation in Practice,Patrick Peterson,
2023,3,PIT,G,Isaac Seumalo,00-0032954,,,Full Participation in Practice,Isaac Seumalo,
2023,3,PIT,TE,Darnell Washington,00-0038558,,,Full Participation in Practice,Darnell Washington,
2023,3,PIT,WR,Gunner Olszewski,00-0035645,Out,Concussion,Did Not Participate In Practice,Gunner Olszewski,OUT
2023,3,SEA,LB,Jordyn Brooks,00-0036409,,,Did Not Participate In Practice,Jordyn Brooks,
2023,3,SEA,C,Evan Brown,00-0034495,,,Full Participation in Practice,Evan Brown,
2023,3,SEA,LB,Devin Bush,00-0035525,,,Full Participation in Practice,Devin Bush,
2023,3,SEA,TE,Noah Fant,00-0035644,,,Full Participation in Practice,Noah Fant,
2023,3,SEA,G,Damien Lewis,00-0036417,,,Full Participation in Practice,Damien Lewis,
2023,3,SEA,LB,Boye Mafe,00-0038133,,,Full Participation in Practice,Boye Mafe,
2023,3,SEA,LB,Derick Hall,00-0039047,,,Limited Participation in Practice,Derick Hall,
2023,3,SEA,CB,Coby Bryant,00-0038136,Out,Toe,Did Not Participate In Practice,Coby Bryant,OUT
2023,3,SEA,T,Charles Cross,00-0037821,Out,Toe,Did Not Participate In Practice,Charles Cross,OUT
2023,3,SEA,TE,Will Dissly,00-0034159,Doubtful,Shoulder,Did Not Participate In Practice,Will Dissly,DOUBTFUL
2023,3,SEA,CB,Tariq Woolen,00-0037079,Doubtful,Chest,Did Not Participate In Practice,Tariq Woolen,DOUBTFUL
2023,3,SEA,RB,DeeJay Dallas,00-0036425,Questionable,Illness,Did Not Participate In Practice,DeeJay Dallas,QUESTIONABLE
2023,3,SEA,S,Quandre Diggs,00-0031608,Questionable,Hamstring,Did Not Participate In Practice,Quandre Diggs,QUESTIONABLE
2023,3,SEA,S,Jamal Adams,00-0033872,Questionable,Knee,Full Participation in Practice,Jamal Adams,QUESTIONABLE
2023,3,SEA,WR,DK Metcalf,00-0035640,Questionable,Ribs,Full Participation in Practice,DK Metcalf,QUESTIONABLE
2023,3,SEA,DT,Jarran Reed,00-0032387,Questionable,Groin,Full Participation in Practice,Jarran Reed,QUESTIONABLE
2023,3,SEA,G,Phil Haynes,00-0035141,Questionable,Calf,Limited Participation in Practice,Phil Haynes,QUESTIONABLE
2023,3,SEA,S,Julian Love,00-0034974,Questionable,Hamstring,Limited Participation in Practice,Julian Love,QUESTIONABLE
2023,3,SF,WR,Brandon Aiyuk,00-0036261,Questionable,Shoulder,Limited Participation in Practice,Brandon Aiyuk,QUESTIONABLE
2023,3,SF,CB,Ambry Thomas,00-0037008,Questionable,Knee,Limited Participation in Practice,Ambry Thomas,QUESTIONABLE
2023,3,TB,LB,Lavonte David,00-0029562,,,Did Not Participate In Practice,Lavonte David,
2023,3,TB,WR,Mike Evans,00-0031408,,,Did Not Participate In Practice,Mike Evans,
2023,3,TB,S,Ryan Neal,00-0034527,,,Full Participation in Practice,Ryan Neal,
2023,3,TB,LB,SirVocea Dennis,00-0039049,Out,Hamstring,Did Not Participate In Practice,SirVocea Dennis,OUT
2023,3,TB,DT,Calijah Kancey,00-0039063,Out,Calf,Did Not Participate In Practice,Calijah Kancey,OUT
2023,3,TB,G,Cody Mauch,00-0039157,Questionable,Back,Full Participation in Practice,Cody Mauch,QUESTIONABLE
2023,3,TB,CB,Carlton Davis,00-0034778,Questionable,Toe,Limited Participation in Practice,Carlton Davis,QUESTIONABLE
2023,3,TB,DT,Vita Vea,00-0034773,Questionable,Pectoral,Limited Participation in Practice,Vita Vea,QUESTIONABLE
2023,3,TB,LB,Devin White,00-0035707,Questionable,Groin,Limited Participation in Practice,Devin White,QUESTIONABLE
2023,3,TEN,CB,Kristian Fulton,00-0036416,,,Full Participation in Practice,Kristian Fulton,
2023,3,TEN,LB,Luke Gifford,00-0035413,,,Full Participation in Practice,Luke Gifford,
2023,3,TEN,RB,Derrick Henry,00-0032764,,,Full Participation in Practice,Derrick Henry,
2023,3,TEN,S,Amani Hooker,00-0035632,,,Full Participation in Practice,Amani Hooker,
2023,3,TEN,LB,Harold Landry,00-0034828,,,Full Participation in Practice,Harold Landry,
2023,3,TEN,DT,Teair Tart,00-0036181,,,Full Participation in Practice,Teair Tart,
2023,3,TEN,WR,Kearis Jackson,00-0038969,Out,Ankle,Did Not Participate In Practice,Kearis Jackson,OUT
2023,3,TEN,T,Peter Skoronski,00-0039034,Out,Abdomen,Did Not Participate In Practice,Peter Skoronski,OUT
2023,3,TEN,WR,DeAndre Hopkins,00-0030564,Questionable,Ankle,Did Not Participate In Practice,DeAndre Hopkins,QUESTIONABLE
2023,3,TEN,DE,Denico Autry,00-0031254,Questionable,Foot,Limited Participation in Practice,Denico Autry,QUESTIONABLE
2023,3,TEN,CB,Anthony Kendall,00-0038848,Questionable,Hip,Limited Participation in Practice,Anthony Kendall,QUESTIONABLE
2023,3,WAS,C,Nick Gates,00-0034445,,,Full Participation in Practice,Nick Gates,
2023,3,WAS,CB,Quan Martin,00-0039149,,,Full Participation in Practice,Quan Martin,
2023,3,WAS,DT,Daron Payne,00-0034333,,,Full Participation in Practice,Daron Payne,
2023,3,WAS,RB,Brian Robinson,00-0037746,,,Full Participation in Practice,Brian Robinson,
2023,3,WAS,TE,Logan Thomas,00-0031260,Out,Concussion,Did Not Participate In Practice,Logan Thomas,OUT
2023,3,WAS,S,Kamren Curl,00-0036349,Questionable,Illness,Did Not Participate In Practice,Kamren Curl,QUESTIONABLE
2023,3,WAS,WR,Curtis Samuel,00-0033282,Questionable,Illness,Did Not Participate In Practice,Curtis Samuel,QUESTIONABLE
2023,4,ARI,T,Kelvin Beachum,00-0029316,,,Full Participation in Practice,Kelvin Beachum,
2023,4,ARI,LB,Zaven Collins,00-0036933,,,Full Participation in Practice,Zaven Collins,
2023,4,ARI,RB,James Conner,00-0033553,,,Full Participation in Practice,James Conner,
2023,4,ARI,DE,Jonathan Ledbetter,00-0035343,Out,Finger,Did Not Participate In Practice,Jonathan Ledbetter,OUT
2023,4,ARI,LB,Josh Woods,00-0034801,Out,Ankle,Did Not Participate In Practice,Josh Woods,OUT
2023,4,ARI,RB,Keaontay Ingram,00-0037299,Questionable,Neck,Did Not Participate In Practice,Keaontay Ingram,QUESTIONABLE
2023,4,ARI,LB,Krys Barnes,00-0035961,Questionable,Finger,Limited Participation in Practice,Krys Barnes,QUESTIONABLE
2023,4,ARI,WR,Marquise Brown,00-0035662,Questionable,Thumb,Limited Participation in Practice,Marquise Brown,QUESTIONABLE
2023,4,ARI,T,Paris Johnson,00-0038540,Questionable,Ankle,Limited Participation in Practice,Paris Johnson,QUESTIONABLE
2023,4,ATL,DE,Calais Campbell,00-0026190,,,Did Not Participate In Practice,Calais Campbell,
2023,4,ATL,WR,Josh Ali,00-0038149,Out,Ankle,Did Not Participate In Practice,Josh Ali,OUT
2023,4,ATL,RB,Cordarrelle Patterson,00-0030578,Questionable,Thigh,Limited Participation in Practice,Cordarrelle Patterson,QUESTIONABLE
2023,4,BAL,RB,Gus Edwards,00-0034184,,,Full Participation in Practice,Gus Edwards,
2023,4,BAL,WR,Rashod Bateman,00-0036550,Out,Hamstring,Did Not Participate In Practice,Rashod Bateman,OUT
2023,4,BAL,WR,Odell Beckham,00-0031235,Out,Ankle,Did Not Participate In Practice,Odell Beckham,OUT
2023,4,BAL,CB,Marlon Humphrey,00-0033281,Out,Foot,Did Not Participate In Practice,Marlon Humphrey,OUT
2023,4,BAL,LB,David Ojabo,00-0038142,Out,Ankle,Did Not Participate In Practice,David Ojabo,OUT
2023,4,BAL,LB,Odafe Oweh,00-0036940,Out,Ankle,Did Not Participate In Practice,Odafe Oweh,OUT
2023,4,BAL,T,Ronnie Stanley,00-0032965,Doubtful,Knee,Did Not Participate In Practice,Ronnie Stanley,DOUBTFUL
2023,4,BAL,S,Kyle Hamilton,00-0038038,Questionable,Back,Full Participation in Practice,Kyle Hamilton,QUESTIONABLE
2023,4,BAL,RB,Justice Hill,00-0034975,Questionable,Foot,Full Participation in Practice,Justice Hill,QUESTIONABLE
2023,4,BAL,S,Marcus Williams,00-0033894,Questionable,Pectoral,Full Participation in Practice,Marcus Williams,QUESTIONABLE
2023,4,BAL,C,Tyler Linderbaum,00-0037825,Questionable,Ankle,Limited Participation in Practice,Tyler Linderbaum,QUESTIONABLE
2023,4,BUF,CB,Tre'Davious White,00-0033884,,,Did Not Participate In Practice,Tre'Davious White,
2023,4,BUF,C,Ryan Bates,00-0035382,,,Full Participation in Practice,Ryan Bates,
2023,4,BUF,LS,Reid Ferguson,00-0032497,,,Full Participation in Practice,Reid Ferguson,
2023,4,BUF,DE,Leonard Floyd,00-0033072,,,Full Participation in Practice,Leonard Floyd,
2023,4,BUF,S,Micah Hyde,00-0030090,,,Full Participation in Practice,Micah Hyde,
2023,4,BUF,CB,Taron Johnson,00-0034376,,,Full Participation in Practice,Taron Johnson,
2023,4,BUF,CB,Siran Neal,00-0034391,,,Full Participation in Practice,Siran Neal,
2023,4,BUF,S,Jordan Poyer,00-0030114,Out,Knee,Did Not Participate In Practice,Jordan Poyer,OUT
2023,4,CAR,WR,Adam Thielen,00-0030035,,,Did Not Participate In Practice,Adam Thielen,
2023,4,CAR,C,Bradley Bozeman,00-0034281,,,Full Participation in Practice,Bradley Bozeman,
2023,4,CAR,WR,D.J. Chark,00-0034777,,,Full Participation in Practice,D.J. Chark,
2023,4,CAR,CB,C.J. Henderson,00-0036281,,,Full Participation in Practice,C.J. Henderson,
2023,4,CAR,T,Taylor Moton,00-0033284,,,Full Participation in Practice,Taylor Moton,
2023,4,CAR,DE,LaBryan Ray,00-0037203,,,Full Participation in Practice,LaBryan Ray,
2023,4,CAR,QB,Bryce Young,00-0039150,,,Full Participation in Practice,Bryce Young,
2023,4,CAR,G,Chandler Zavala,00-0038536,,,Full Participation in Practice,Chandler Zavala,
2023,4,CAR,S,Xavier Woods,00-0033579,Out,Hamstring,Did Not Participate In Practice,Xavier Woods,OUT
2023,4,CAR,RB,Miles Sanders,00-0035243,Questionable,Groin,Did Not Participate In Practice,Miles Sanders,QUESTIONABLE
2023,4,CAR,WR,Jonathan Mingo,00-0039062,Questionable,Concussion,Full Participation in Practice,Jonathan Mingo,QUESTIONABLE
2023,4,CAR,LB,Frankie Luvu,00-0034302,Questionable,Hip,Limited Participation in Practice,Frankie Luvu,QUESTIONABLE
2023,4,CHI,TE,Marcedes Lewis,00-0024243,,,Did Not Participate In Practice,Marcedes Lewis,
2023,4,CHI,CB,Tyrique Stevenson,00-0039071,,,Full Participation in Practice,Tyrique Stevenson,
2023,4,CHI,CB,Josh Blackwell,00-0037129,Out,Hamstring,Did Not Participate In Practice,Josh Blackwell,OUT
2023,4,CHI,S,Eddie Jackson,00-0033784,Out,Foot,Did Not Participate In Practice,Eddie Jackson,OUT
2023,4,CHI,CB,Jaylon Johnson,00-0036292,Out,Hamstring,Did Not Participate In Practice,Jaylon Johnson,OUT
2023,4,CHI,RB,Travis Homer,00-0035594,Questionable,Ankle,Limited Participation in Practice,Travis Homer,QUESTIONABLE
2023,4,CIN,QB,Joe Burrow,00-0036442,,,Full Participation in Practice,Joe Burrow,
2023,4,CIN,CB,Chidobe Awuzie,00-0033548,,,Limited Participation in Practice,Chidobe Awuzie,
2023,4,CIN,WR,Charlie Jones,00-0038576,Out,Thumb,Did Not Participate In Practice,Charlie Jones,OUT
2023,4,CIN,TE,Irv Smith,00-0034970,Out,Hamstring,Did Not Participate In Practice,Irv Smith,OUT
2023,4,CIN,LB,Akeem Davis-Gaither,00-0036298,Questionable,Knee,Did Not Participate In Practice,Akeem Davis-Gaither,QUESTIONABLE
2023,4,CLE,WR,Amari Cooper,00-0031544,,,Did Not Participate In Practice,Amari Cooper,
2023,4,CLE,DE,Myles Garrett,00-0033868,,,Did Not Participate In Practice,Myles Garrett,
2023,4,CLE,DE,Za'Darius Smith,00-0031576,,,Did Not Participate In Practice,Za'Darius Smith,
2023,4,CLE,RB,Jerome Ford,00-0037267,,,Full Participation in Practice,Jerome Ford,
2023,4,CLE,T,James Hudson,00-0036866,,,Full Participation in Practice,James Hudson,
2023,4,CLE,CB,Greg Newsome,00-0036996,,,Full Participation in Practice,Greg Newsome,
2023,4,CLE,G,Joel Bitonio,00-0031426,,,Limited Participation in Practice,Joel Bitonio,
2023,4,CLE,RB,Kareem Hunt,00-0033923,,,Limited Participation in Practice,Kareem Hunt,
2023,4,CLE,TE,David Njoku,00-0033885,Questionable,Face,"
    ",David Njoku,QUESTIONABLE
2023,4,CLE,QB,Deshaun Watson,00-0033537,Questionable,right Shoulder,Limited Participation in Practice,Deshaun Watson,QUESTIONABLE
2023,4,DAL,WR,CeeDee Lamb,00-0036358,,,Did Not Participate In Practice,CeeDee Lamb,
2023,4,DAL,DE,Demarcus Lawrence,00-0031411,,,Did Not Participate In Practice,Demarcus Lawrence,
2023,4,DAL,T,Chuma Edoga,00-0035698,,,Full Participation in Practice,Chuma Edoga,
2023,4,DAL,RB,Tony Pollard,00-0035261,,,Limited Participation in Practice,Tony Pollard,
2023,4,DAL,T,Tyron Smith,00-0027947,Out,Knee,Did Not Participate In Practice,Tyron Smith,OUT
2023,4,DAL,C,Tyler Biadasz,00-0036376,Questionable,Hamstring,Limited Participation in Practice,Tyler Biadasz,QUESTIONABLE
2023,4,DAL,TE,Peyton Hendershot,00-0037569,Questionable,Ankle,Limited Participation in Practice,Peyton Hendershot,QUESTIONABLE
2023,4,DAL,G,Zack Martin,00-0031402,Questionable,Ankle,Limited Participation in Practice,Zack Martin,QUESTIONABLE
2023,4,DEN,WR,Jerry Jeudy,00-0036407,,,Full Participation in Practice,Jerry Jeudy,
2023,4,DEN,C,Lloyd Cushenberry,00-0036391,,,Limited Participation in Practice,Lloyd Cushenberry,
2023,4,DEN,LB,Frank Clark,00-0032210,Out,Hip,Did Not Participate In Practice,Frank Clark,OUT
2023,4,DEN,LB,Josey Jewell,00-0034368,Out,Hip,Did Not Participate In Practice,Josey Jewell,OUT
2023,4,DEN,DT,Mike Purcell,00-0029890,Out,Ribs,Did Not Participate In Practice,Mike Purcell,OUT
2023,4,DEN,S,Justin Simmons,00-0032971,Questionable,Hip,Did Not Participate In Practice,Justin Simmons,QUESTIONABLE
2023,4,DET,C,Frank Ragnow,00-0034345,,,Full Participation in Practice,Frank Ragnow,
2023,4,DET,FB,Jason Cabinda,00-0034171,Out,Knee,Did Not Participate In Practice,Jason Cabinda,OUT
2023,4,DET,T,Matt Nelson,00-0035328,Out,Ankle,Did Not Participate In Practice,Matt Nelson,OUT
2023,4,DET,G,Halapoulivaati Vaitai,00-0032785,Out,Knee,Did Not Participate In Practice,Halapoulivaati Vaitai,OUT
2023,4,DET,T,Taylor Decker,00-0032381,Questionable,Ankle,Limited Participation in Practice,Taylor Decker,QUESTIONABLE
2023,4,DET,G,Jonah Jackson,00-0036258,Questionable,Thigh,Limited Participation in Practice,Jonah Jackson,QUESTIONABLE
2023,4,DET,S,Kerby Joseph,00-0037667,Questionable,Hip,Limited Participation in Practice,Kerby Joseph,QUESTIONABLE
2023,4,DET,RB,David Montgomery,00-0035685,Questionable,Thigh,Limited Participation in Practice,David Montgomery,QUESTIONABLE
2023,4,DET,CB,Emmanuel Moseley,00-0034096,Questionable,Knee,Limited Participation in Practice,Emmanuel Moseley,QUESTIONABLE
2023,4,GB,LB,Rashan Gary,00-0034967,,,Limited Participation in Practice,Rashan Gary,
2023,4,GB,S,Zayne Anderson,00-0036677,Out,Hamstring,Did Not Participate In Practice,Zayne Anderson,OUT
2023,4,GB,T,David Bakhtiari,00-0030074,Out,Not injury related - resting player,Did Not Participate In Practice,David Bakhtiari,OUT
2023,4,GB,LB,De'Vondre Campbell,00-0032401,Out,Ankle,Did Not Participate In Practice,De'Vondre Campbell,OUT
2023,4,GB,G,Elgton Jenkins,00-0035526,Out,Knee,Did Not Participate In Practice,Elgton Jenkins,OUT
2023,4,GB,CB,Jaire Alexander,00-0034728,Questionable,Back,Limited Participation in Practice,Jaire Alexander,QUESTIONABLE
2023,4,GB,RB,Aaron Jones,00-0033293,Questionable,Hamstring,Limited Participation in Practice,Aaron Jones,QUESTIONABLE
2023,4,GB,T,Zach Tom,00-0037817,Questionable,Knee,Limited Participation in Practice,Zach Tom,QUESTIONABLE
2023,4,GB,CB,Carrington Valentine,00-0038408,Questionable,Biceps,Limited Participation in Practice,Carrington Valentine,QUESTIONABLE
2023,4,GB,WR,Christian Watson,00-0038124,Questionable,Hamstring,Limited Participation in Practice,Christian Watson,QUESTIONABLE
2023,4,HOU,WR,Robert Woods,00-0030431,,,Did Not Participate In Practice,Robert Woods,
2023,4,HOU,DE,Jonathan Greenard,00-0036224,,,Full Participation in Practice,Jonathan Greenard,
2023,4,HOU,CB,Shaquill Griffin,00-0033926,,,Full Participation in Practice,Shaquill Griffin,
2023,4,HOU,G,Shaquille Mason,00-0031580,,,Full Participation in Practice,Shaquille Mason,
2023,4,HOU,S,Jalen Pitre,00-0037246,,,Full Participation in Practice,Jalen Pitre,
2023,4,HOU,WR,Tank Dell,00-0038977,,,Limited Participation in Practice,Tank Dell,
2023,4,HOU,T,George Fant,00-0032466,,,Limited Participation in Practice,George Fant,
2023,4,HOU,S,Jimmie Ward,00-0031298,,,Limited Participation in Practice,Jimmie Ward,
2023,4,HOU,G,Josh Jones,00-0036363,Out,Hand,Did Not Participate In Practice,Josh Jones,OUT
2023,4,HOU,LB,Denzel Perryman,00-0032103,Out,Hand,Did Not Participate In Practice,Denzel Perryman,OUT
2023,4,HOU,CB,Tavierre Thomas,00-0034488,Out,Hand,Did Not Participate In Practice,Tavierre Thomas,OUT
2023,4,HOU,T,Laremy Tunsil,00-0032380,Out,Knee,Did Not Participate In Practice,Laremy Tunsil,OUT
2023,4,HOU,C,Michael Deiter,00-0035686,Questionable,Chest,Did Not Participate In Practice,Michael Deiter,QUESTIONABLE
2023,4,IND,T,Braden Smith,00-0034836,,,Did Not Participate In Practice,Braden Smith,
2023,4,IND,DT,Grover Stewart,00-0033952,,,Did Not Participate In Practice,Grover Stewart,
2023,4,IND,CB,Dallis Flowers,00-0037395,,,Full Participation in Practice,Dallis Flowers,
2023,4,IND,QB,Anthony Richardson,00-0039164,,,Full Participation in Practice,Anthony Richardson,
2023,4,IND,C,Ryan Kelly,00-0032383,Out,Concussion,Did Not Participate In Practice,Ryan Kelly,OUT
2023,4,IND,T,Bernhard Raimann,00-0037757,Out,Concussion,Did Not Participate In Practice,Bernhard Raimann,OUT
2023,4,IND,DT,DeForest Buckner,00-0032378,Questionable,Groin,Did Not Participate In Practice,DeForest Buckner,QUESTIONABLE
2023,4,IND,QB,Sam Ehlinger,00-0036879,Questionable,right Shoulder,Did Not Participate In Practice,Sam Ehlinger,QUESTIONABLE
2023,4,IND,G,Quenton Nelson,00-0034342,Questionable,Toe,Full Participation in Practice,Quenton Nelson,QUESTIONABLE
2023,4,JAX,LB,Josh Hines-Allen,00-0035642,,,Full Participation in Practice,Josh Hines-Allen,
2023,4,JAX,S,Andrew Wingard,00-0035378,,,Full Participation in Practice,Andrew Wingard,
2023,4,JAX,WR,Zay Jones,00-0033891,Out,Knee,Did Not Participate In Practice,Zay Jones,OUT
2023,4,JAX,LB,Devin Lloyd,00-0037244,Out,Thumb,Did Not Participate In Practice,Devin Lloyd,OUT
2023,4,JAX,S,Antonio Johnson,00-0038596,Out,Hamstring,Limited Participation in Practice,Antonio Johnson,OUT
2023,4,JAX,WR,Jamal Agnew,00-0033572,Questionable,Quadricep,Limited Participation in Practice,Jamal Agnew,QUESTIONABLE
2023,4,JAX,DT,Folorunso Fatukasi,00-0034275,Questionable,Shoulder,Limited Participation in Practice,Folorunso Fatukasi,QUESTIONABLE
2023,4,JAX,T,Anton Harrison,00-0038934,Questionable,Ankle,Limited Participation in Practice,Anton Harrison,QUESTIONABLE
2023,4,KC,S,Bryan Cook,00-0037193,,,Full Participation in Practice,Bryan Cook,
2023,4,KC,S,Mike Edwards,00-0035681,,,Full Participation in Practice,Mike Edwards,
2023,4,KC,LB,Willie Gay,00-0036362,,,Full Participation in Practice,Willie Gay,
2023,4,KC,TE,Noah Gray,00-0036637,,,Full Participation in Practice,Noah Gray,
2023,4,KC,CB,Nic Jones,00-0038986,,,Full Participation in Practice,Nic Jones,
2023,4,KC,QB,Patrick Mahomes,00-0033873,,,Full Participation in Practice,Patrick Mahomes,
2023,4,KC,RB,Isiah Pacheco,00-0037197,,,Full Participation in Practice,Isiah Pacheco,
2023,4,KC,T,Donovan Smith,00-0032217,,,Full Participation in Practice,Donovan Smith,
2023,4,KC,CB,L'Jarius Sneed,00-0036374,,,Full Participation in Practice,L'Jarius Sneed,
2023,4,KC,WR,Justin Watson,00-0034386,,,Full Participation in Practice,Justin Watson,
2023,4,KC,DT,Chris Jones,00-0032762,,,Limited Participation in Practice,Chris Jones,
2023,4,KC,WR,Kadarius Toney,00-0036913,,,Limited Participation in Practice,Kadarius Toney,
2023,4,KC,LB,Nick Bolton,00-0036621,Out,Ankle,Did Not Participate In Practice,Nick Bolton,OUT
2023,4,KC,CB,Jaylen Watson,00-0037195,Out,Shoulder,Did Not Participate In Practice,Jaylen Watson,OUT
2023,4,LA,DT,Aaron Donald,00-0031388,,,Did Not Participate In Practice,Aaron Donald,
2023,4,LA,WR,Puka Nacua,00-0039075,,,Full Participation in Practice,Puka Nacua,
2023,4,LA,T,Joseph Noteboom,00-0034803,,,Full Participation in Practice,Joseph Noteboom,
2023,4,LA,T,Alaric Jackson,00-0036603,Questionable,Hamstring,Did Not Participate In Practice,Alaric Jackson,QUESTIONABLE
2023,4,LA,S,John Johnson,00-0033927,Questionable,Face,Did Not Participate In Practice,John Johnson,QUESTIONABLE
2023,4,LA,TE,Tyler Higbee,00-0033110,Questionable,Achilles,Limited Participation in Practice,Tyler Higbee,QUESTIONABLE
2023,4,LA,WR,Ben Skowronek,00-0036862,Questionable,Achilles,Limited Participation in Practice,Ben Skowronek,QUESTIONABLE
2023,4,LAC,DE,Khalil Mack,00-0031040,,,Did Not Participate In Practice,Khalil Mack,
2023,4,LAC,TE,Gerald Everett,00-0033895,,,Full Participation in Practice,Gerald Everett,
2023,4,LAC,LB,Eric Kendricks,00-0031554,,,Full Participation in Practice,Eric Kendricks,
2023,4,LAC,LB,Kenneth Murray,00-0036441,,,Full Participation in Practice,Kenneth Murray,
2023,4,LAC,T,Rashawn Slater,00-0037009,,,Full Participation in Practice,Rashawn Slater,
2023,4,LAC,WR,Keenan Allen,00-0030279,,,Limited Participation in Practice,Keenan Allen,
2023,4,LAC,C,Corey Linsley,00-0031019,Out,Illness,Did Not Participate In Practice,Corey Linsley,OUT
2023,4,LAC,S,J.T. Woods,00-0038091,Out,Illness,Did Not Participate In Practice,J.T. Woods,OUT
2023,4,LAC,S,Derwin James,00-0034790,Doubtful,Hamstring,Did Not Participate In Practice,Derwin James,DOUBTFUL
2023,4,LAC,CB,Deane Leonard,00-0037320,Doubtful,Hamstring,Did Not Participate In Practice,Deane Leonard,DOUBTFUL
2023,4,LAC,RB,Austin Ekeler,00-0033699,Doubtful,Ankle,Limited Participation in Practice,Austin Ekeler,DOUBTFUL
2023,4,LAC,DE,Joey Bosa,00-0033156,Questionable,Hamstring,Did Not Participate In Practice,Joey Bosa,QUESTIONABLE
2023,4,LAC,S,Alohi Gilman,00-0036380,Questionable,Heel,Limited Participation in Practice,Alohi Gilman,QUESTIONABLE
2023,4,LV,CB,Jakorian Bennett,00-0039072,,,Limited Participation in Practice,Jakorian Bennett,
2023,4,LV,DT,Byron Young,00-0038978,,,Limited Participation in Practice,Byron Young,
2023,4,LV,LB,Curtis Bolton,00-0035076,Out,Knee,Did Not Participate In Practice,Curtis Bolton,OUT
2023,4,LV,DE,Maxx Crosby,00-0034973,Questionable,Knee,Limited Participation in Practice,Maxx Crosby,QUESTIONABLE
2023,4,LV,QB,Jimmy Garoppolo,00-0031345,Questionable,Concussion,Limited Participation in Practice,Jimmy Garoppolo,QUESTIONABLE
2023,4,LV,CB,Nate Hobbs,00-0036871,Questionable,Ankle,Limited Participation in Practice,Nate Hobbs,QUESTIONABLE
2023,4,LV,DE,Malcolm Koonce,00-0036989,Questionable,Groin,Limited Participation in Practice,Malcolm Koonce,QUESTIONABLE
2023,4,LV,S,Roderic Teamer,00-0035437,Questionable,Achilles,Limited Participation in Practice,Roderic Teamer,QUESTIONABLE
2023,4,MIA,WR,River Cracraft,00-0034054,,,Did Not Participate In Practice,River Cracraft,
2023,4,MIA,WR,Erik Ezukanma,00-0038092,,,Did Not Participate In Practice,Erik Ezukanma,
2023,4,MIA,CB,Eli Apple,00-0032379,,,Full Participation in Practice,Eli Apple,
2023,4,MIA,TE,Julian Hill,00-0038720,,,Full Participation in Practice,Julian Hill,
2023,4,MIA,TE,Tyler Kroft,00-0032214,,,Full Participation in Practice,Tyler Kroft,
2023,4,MIA,TE,Durham Smythe,00-0034798,,,Full Participation in Practice,Durham Smythe,
2023,4,MIA,WR,Jaylen Waddle,00-0036613,,,Full Participation in Practice,Jaylen Waddle,
2023,4,MIA,LB,Jaelan Phillips,00-0036934,Out,Oblique,Did Not Participate In Practice,Jaelan Phillips,OUT
2023,4,MIA,RB,Salvon Ahmed,00-0036020,Questionable,Groin,Limited Participation in Practice,Salvon Ahmed,QUESTIONABLE
2023,4,MIA,T,Terron Armstead,00-0030067,Questionable,"back, ankle, knee",Limited Participation in Practice,Terron Armstead,QUESTIONABLE
2023,4,MIA,S,DeShon Elliott,00-0034277,Questionable,Ankle,Limited Participation in Practice,DeShon Elliott,QUESTIONABLE
2023,4,MIA,C,Connor Williams,00-0034352,Questionable,Groin,Limited Participation in Practice,Connor Williams,QUESTIONABLE
2023,4,MIN,DT,Harrison Phillips,00-0034782,,,Did Not Participate In Practice,Harrison Phillips,
2023,4,MIN,S,Harrison Smith,00-0029606,,,Did Not Participate In Practice,Harrison Smith,
2023,4,MIN,DE,Patrick Jones,00-0037007,,,Full Participation in Practice,Patrick Jones,
2023,4,MIN,S,Josh Metellus,00-0036348,,,Full Participation in Practice,Josh Metellus,
2023,4,MIN,CB,Byron Murphy,00-0035236,,,Full Participation in Practice,Byron Murphy,
2023,4,MIN,S,Lewis Cine,00-0037245,Out,Hamstring,Did Not Participate In Practice,Lewis Cine,OUT
2023,4,MIN,QB,Jaren Hall,00-0038598,Questionable,Not injury related - personal matter,Did Not Participate In Practice,Jaren Hall,QUESTIONABLE
2023,4,MIN,DE,Marcus Davenport,00-0034344,Questionable,Ankle,Full Participation in Practice,Marcus Davenport,QUESTIONABLE
2023,4,MIN,C,Garrett Bradbury,00-0035588,Questionable,Back,Limited Participation in Practice,Garrett Bradbury,QUESTIONABLE
2023,4,NE,T,Sidy Sow,00-0038569,,,Limited Participation in Practice,Sidy Sow,
2023,4,NE,DT,Christian Barmore,00-0036981,Questionable,Knee,Limited Participation in Practice,Christian Barmore,QUESTIONABLE
2023,4,NE,DT,Davon Godchaux,00-0033860,Questionable,Ankle,Limited Participation in Practice,Davon Godchaux,QUESTIONABLE
2023,4,NE,CB,Jonathan Jones,00-0032580,Questionable,Ankle,Limited Participation in Practice,Jonathan Jones,QUESTIONABLE
2023,4,NE,G,Cole Strange,00-0038103,Questionable,Knee,Limited Participation in Practice,Cole Strange,QUESTIONABLE
2023,4,NE,CB,Shaun Wade,00-0036559,Questionable,Shoulder,Limited Participation in Practice,Shaun Wade,QUESTIONABLE
2023,4,NO,TE,Jimmy Graham,00-0027696,,,Did Not Participate In Practice,Jimmy Graham,
2023,4,NO,T,Ryan Ramczyk,00-0033888,,,Did Not Participate In Practice,Ryan Ramczyk,
2023,4,NO,CB,Paulson Adebo,00-0036937,Out,Hamstring,Did Not Participate In Practice,Paulson Adebo,OUT
2023,4,NO,S,Jordan Howden,00-0038588,Out,Finger,Did Not Participate In Practice,Jordan Howden,OUT
2023,4,NO,G,Cesar Ruiz,00-0036408,Out,Concussion,Did Not Participate In Practice,Cesar Ruiz,OUT
2023,4,NO,QB,Derek Carr,00-0031280,Questionable,right Shoulder,Limited Participation in Practice,Derek Carr,QUESTIONABLE
2023,4,NO,TE,Foster Moreau,00-0034981,Questionable,Ankle,Limited Participation in Practice,Foster Moreau,QUESTIONABLE
2023,4,NYG,TE,Daniel Bellinger,00-0038115,,,Full Participation in Practice,Daniel Bellinger,
2023,4,NYG,G,Ben Bredeson,00-0036132,,,Full Participation in Practice,Ben Bredeson,
2023,4,NYG,DT,D.J. Davidson,00-0037260,,,Full Participation in Practice,D.J. Davidson,
2023,4,NYG,DE,Azeez Ojulari,00-0036552,,,Full Participation in Practice,Azeez Ojulari,
2023,4,NYG,T,Andrew Thomas,00-0036386,Out,Hamstring,Did Not Participate In Practice,Andrew Thomas,OUT
2023,4,NYG,RB,Saquon Barkley,00-0034844,Doubtful,Ankle,Limited Participation in Practice,Saquon Barkley,DOUBTFUL
2023,4,NYJ,T,Mekhi Becton,00-0036284,,,Full Participation in Practice,Mekhi Becton,
2023,4,NYJ,DE,Micheal Clemons,00-0038107,,,Full Participation in Practice,Micheal Clemons,
2023,4,NYJ,RB,Breece Hall,00-0038120,,,Full Participation in Practice,Breece Hall,
2023,4,NYJ,K,Greg Zuerlein,00-0029621,,,Full Participation in Practice,Greg Zuerlein,
2023,4,NYJ,S,Tony Adams,00-0037155,Out,Hamstring,Did Not Participate In Practice,Tony Adams,OUT
2023,4,NYJ,G,Wes Schweitzer,00-0032432,Out,Concussion,Did Not Participate In Practice,Wes Schweitzer,OUT
2023,4,PHI,WR,Britain Covey,00-0037132,,,Full Participation in Practice,Britain Covey,
2023,4,PHI,LB,Zach Cunningham,00-0033547,,,Full Participation in Practice,Zach Cunningham,
2023,4,PHI,G,Landon Dickerson,00-0037002,,,Full Participation in Practice,Landon Dickerson,
2023,4,PHI,G,Cam Jurgens,00-0038112,,,Full Participation in Practice,Cam Jurgens,
2023,4,PHI,RB,Boston Scott,00-0034414,,,Full Participation in Practice,Boston Scott,
2023,4,PHI,DT,Fletcher Cox,00-0029653,,,Limited Participation in Practice,Fletcher Cox,
2023,4,PHI,WR,DeVonta Smith,00-0036912,,,Limited Participation in Practice,DeVonta Smith,
2023,4,PHI,S,Sydney Brown,00-0039002,Out,Hamstring,Did Not Participate In Practice,Sydney Brown,OUT
2023,4,PHI,WR,Quez Watkins,00-0036271,Out,Hamstring,Limited Participation in Practice,Quez Watkins,OUT
2023,4,PHI,S,Justin Evans,00-0033898,Questionable,Neck,Full Participation in Practice,Justin Evans,QUESTIONABLE
2023,4,PIT,CB,Patrick Peterson,00-0027943,,,Did Not Participate In Practice,Patrick Peterson,
2023,4,PIT,G,Isaac Seumalo,00-0032954,,,Did Not Participate In Practice,Isaac Seumalo,
2023,4,PIT,TE,Connor Heyward,00-0037304,,,Full Participation in Practice,Connor Heyward,
2023,4,PIT,S,Miles Killebrew,00-0032399,,,Full Participation in Practice,Miles Killebrew,
2023,4,PIT,DT,Larry Ogunjobi,00-0033905,,,Full Participation in Practice,Larry Ogunjobi,
2023,4,PIT,T,Chukwuma Okorafor,00-0034768,,,Full Participation in Practice,Chukwuma Okorafor,
2023,4,PIT,WR,Gunner Olszewski,00-0035645,,,Full Participation in Practice,Gunner Olszewski,
2023,4,PIT,WR,Allen Robinson,00-0031428,,,Full Participation in Practice,Allen Robinson,
2023,4,PIT,TE,Darnell Washington,00-0038558,,,Full Participation in Practice,Darnell Washington,
2023,4,PIT,G,James Daniels,00-0034347,Out,Groin,Did Not Participate In Practice,James Daniels,OUT
2023,4,PIT,P,Pressley Harvin,00-0036847,Out,right Hamstring,Did Not Participate In Practice,Pressley Harvin,OUT
2023,4,SEA,S,Jamal Adams,00-0033872,,,Full Participation in Practice,Jamal Adams,
2023,4,SEA,S,Quandre Diggs,00-0031608,,,Full Participation in Practice,Quandre Diggs,
2023,4,SEA,G,Phil Haynes,00-0035141,,,Full Participation in Practice,Phil Haynes,
2023,4,SEA,S,Julian Love,00-0034974,,,Full Participation in Practice,Julian Love,
2023,4,SEA,WR,DK Metcalf,00-0035640,,,Full Participation in Practice,DK Metcalf,
2023,4,SEA,LB,Uchenna Nwosu,00-0034350,,,Full Participation in Practice,Uchenna Nwosu,
2023,4,SEA,DT,Jarran Reed,00-0032387,,,Full Participation in Practice,Jarran Reed,
2023,4,SEA,LB,Darrell Taylor,00-0036413,,,Full Participation in Practice,Darrell Taylor,
2023,4,SEA,CB,Tariq Woolen,00-0037079,,,Full Participation in Practice,Tariq Woolen,
2023,4,SEA,CB,Tre Brown,00-0036885,Out,Concussion,Did Not Participate In Practice,Tre Brown,OUT
2023,4,SEA,CB,Artie Burns,00-0033103,Out,Hamstring,Did Not Participate In Practice,Artie Burns,OUT
2023,4,SEA,CB,Coby Bryant,00-0038136,Doubtful,Toe,Did Not Participate In Practice,Coby Bryant,DOUBTFUL
2023,4,SEA,T,Charles Cross,00-0037821,Doubtful,Toe,Did Not Participate In Practice,Charles Cross,DOUBTFUL
2023,4,SEA,C,Evan Brown,00-0034495,Questionable,Quadricep,Did Not Participate In Practice,Evan Brown,QUESTIONABLE
2023,4,SEA,TE,Noah Fant,00-0035644,Questionable,Knee,Did Not Participate In Practice,Noah Fant,QUESTIONABLE
2023,4,SEA,DE,Dre'Mont Jones,00-0035678,Questionable,Hip,Did Not Participate In Practice,Dre'Mont Jones,QUESTIONABLE
2023,4,SEA,TE,Will Dissly,00-0034159,Questionable,Shoulder,Full Participation in Practice,Will Dissly,QUESTIONABLE
2023,4,SEA,LB,Derick Hall,00-0039047,Questionable,Knee,Full Participation in Practice,Derick Hall,QUESTIONABLE
2023,4,SF,T,Trent Williams,00-0027857,,,Did Not Participate In Practice,Trent Williams,
2023,4,SF,WR,Brandon Aiyuk,00-0036261,,,Full Participation in Practice,Brandon Aiyuk,
2023,4,SF,CB,Ambry Thomas,00-0037008,,,Full Participation in Practice,Ambry Thomas,
2023,4,SF,WR,Jauan Jennings,00-0036259,Doubtful,Shin,Did Not Participate In Practice,Jauan Jennings,DOUBTFUL
2023,4,SF,RB,Elijah Mitchell,00-0036567,Questionable,Knee,Did Not Participate In Practice,Elijah Mitchell,QUESTIONABLE
2023,4,SF,LB,Demetrius Flannigan-Fowles,00-0035020,Questionable,Ankle,Limited Participation in Practice,Demetrius Flannigan-Fowles,QUESTIONABLE
2023,4,SF,LB,Dre Greenlaw,00-0034982,Questionable,Ankle,Limited Participation in Practice,Dre Greenlaw,QUESTIONABLE
2023,4,SF,WR,Deebo Samuel,00-0035719,Questionable,Ribs,Limited Participation in Practice,Deebo Samuel,QUESTIONABLE
2023,4,TB,CB,Jamel Dean,00-0035699,Out,Neck,Did Not Participate In Practice,Jamel Dean,OUT
2023,4,TB,LB,SirVocea Dennis,00-0039049,Out,Hamstring,Did Not Participate In Practice,SirVocea Dennis,OUT
2023,4,TB,DT,Calijah Kancey,00-0039063,Out,Calf,Did Not Participate In Practice,Calijah Kancey,OUT
2023,4,TB,CB,Derrek Pitts,00-0038827,Out,Hamstring,Did Not Participate In Practice,Derrek Pitts,OUT
2023,4,TB,CB,Carlton Davis,00-0034778,Questionable,Toe,Limited Participation in Practice,Carlton Davis,QUESTIONABLE
2023,4,TB,DT,Vita Vea,00-0034773,Questionable,Pectoral,Limited Participation in Practice,Vita Vea,QUESTIONABLE
2023,4,TB,LB,Devin White,00-0035707,Questionable,Foot,Limited Participation in Practice,Devin White,QUESTIONABLE
2023,4,TEN,RB,Derrick Henry,00-0032764,,,Full Participation in Practice,Derrick Henry,
2023,4,TEN,WR,DeAndre Hopkins,00-0030564,,,Full Participation in Practice,DeAndre Hopkins,
2023,4,TEN,LB,Harold Landry,00-0034828,,,Full Participation in Practice,Harold Landry,
2023,4,TEN,TE,Josh Whyle,00-0038589,,,Full Participation in Practice,Josh Whyle,
2023,4,TEN,WR,Treylon Burks,00-0037742,Out,Knee,Did Not Participate In Practice,Treylon Burks,OUT
2023,4,TEN,LB,Luke Gifford,00-0035413,Out,Hamstring,Did Not Participate In Practice,Luke Gifford,OUT
2023,4,TEN,CB,Elijah Molden,00-0036992,Out,Hamstring,Did Not Participate In Practice,Elijah Molden,OUT
2023,4,TEN,T,Peter Skoronski,00-0039034,Out,Abdomen,Did Not Participate In Practice,Peter Skoronski,OUT
2023,4,TEN,DE,Denico Autry,00-0031254,Questionable,Groin,Limited Participation in Practice,Denico Autry,QUESTIONABLE
2023,4,TEN,DT,Teair Tart,00-0036181,Questionable,Knee,Limited Participation in Practice,Teair Tart,QUESTIONABLE
2023,4,WAS,CB,Emmanuel Forbes,00-0039151,,,Full Participation in Practice,Emmanuel Forbes,
2023,4,WAS,CB,Benjamin St-Juste,00-0036625,,,Full Participation in Practice,Benjamin St-Juste,
2023,4,WAS,TE,Logan Thomas,00-0031260,,,Full Participation in Practice,Logan Thomas,
2023,4,WAS,RB,Chris Rodriguez,00-0038611,Out,Illness,Did Not Participate In Practice,Chris Rodriguez,OUT
2023,4,WAS,S,Percy Butler,00-0038100,Questionable,Foot,Full Participation in Practice,Percy Butler,QUESTIONABLE
2023,5,ARI,LB,Krys Barnes,00-0035961,,,Full Participation in Practice,Krys Barnes,
2023,5,ARI,T,Kelvin Beachum,00-0029316,,,Full Participation in Practice,Kelvin Beachum,
2023,5,ARI,C,Hjalte Froholdt,00-0035258,,,Full Participation in Practice,Hjalte Froholdt,
2023,5,ARI,DE,Jonathan Ledbetter,00-0035343,Out,Finger,Did Not Participate In Practice,Jonathan Ledbetter,OUT
2023,5,ARI,CB,Garrett Williams,00-0039007,Out,Knee,Limited Participation in Practice,Garrett Williams,OUT
2023,5,ARI,G,Will Hernandez,00-0034346,Questionable,Back,Did Not Participate In Practice,Will Hernandez,QUESTIONABLE
2023,5,ARI,T,Dennis Daley,00-0035300,Questionable,Ankle,Full Participation in Practice,Dennis Daley,QUESTIONABLE
2023,5,ARI,LB,Josh Woods,00-0034801,Questionable,Ankle,Full Participation in Practice,Josh Woods,QUESTIONABLE
2023,5,ARI,RB,Keaontay Ingram,00-0037299,Questionable,Neck,Limited Participation in Practice,Keaontay Ingram,QUESTIONABLE
2023,5,BAL,CB,Jalyn Armour-Davis,00-0038119,,,Full Participation in Practice,Jalyn Armour-Davis,
2023,5,BAL,WR,Rashod Bateman,00-0036550,,,Full Participation in Practice,Rashod Bateman,
2023,5,BAL,S,Marcus Williams,00-0033894,,,Full Participation in Practice,Marcus Williams,
2023,5,BAL,LB,Odafe Oweh,00-0036940,Out,Ankle,Did Not Participate In Practice,Odafe Oweh,OUT
2023,5,BAL,S,Daryl Worley,00-0032891,Out,Shoulder,Did Not Participate In Practice,Daryl Worley,OUT
2023,5,BAL,T,Morgan Moses,00-0031330,Doubtful,Shoulder,Did Not Participate In Practice,Morgan Moses,DOUBTFUL
2023,5,BAL,T,Ronnie Stanley,00-0032965,Questionable,Knee,Did Not Participate In Practice,Ronnie Stanley,QUESTIONABLE
2023,5,BAL,RB,Justice Hill,00-0034975,Questionable,Foot,Full Participation in Practice,Justice Hill,QUESTIONABLE
2023,5,BAL,CB,Marlon Humphrey,00-0033281,Questionable,Foot,Full Participation in Practice,Marlon Humphrey,QUESTIONABLE
2023,5,BAL,RB,Keaton Mitchell,00-0038454,Questionable,Shoulder,Full Participation in Practice,Keaton Mitchell,QUESTIONABLE
2023,5,BAL,WR,Odell Beckham,00-0031235,Questionable,Ankle,Limited Participation in Practice,Odell Beckham,QUESTIONABLE
2023,5,BUF,DE,Leonard Floyd,00-0033072,,,Did Not Participate In Practice,Leonard Floyd,
2023,5,BUF,S,Micah Hyde,00-0030090,,,Did Not Participate In Practice,Micah Hyde,
2023,5,BUF,LB,Matt Milano,00-0033571,,,Did Not Participate In Practice,Matt Milano,
2023,5,BUF,RB,Damien Harris,00-0035657,,,Full Participation in Practice,Damien Harris,
2023,5,BUF,TE,Dawson Knox,00-0035689,,,Full Participation in Practice,Dawson Knox,
2023,5,BUF,S,Jordan Poyer,00-0030114,,,Full Participation in Practice,Jordan Poyer,
2023,5,BUF,CB,Tre'Davious White,00-0033884,Out,Achilles,Did Not Participate In Practice,Tre'Davious White,OUT
2023,5,BUF,DE,Gregory Rousseau,00-0036914,Doubtful,Foot,Did Not Participate In Practice,Gregory Rousseau,DOUBTFUL
2023,5,BUF,DE,Shaq Lawson,00-0033096,Questionable,Toe,"
    ",Shaq Lawson,QUESTIONABLE
2023,5,BUF,CB,Christian Benford,00-0037288,Questionable,Shoulder,Limited Participation in Practice,Christian Benford,QUESTIONABLE
2023,5,BUF,LB,Von Miller,00-0027940,Questionable,Knee,Limited Participation in Practice,Von Miller,QUESTIONABLE
2023,5,CAR,LB,Justin Houston,00-0028008,,,Did Not Participate In Practice,Justin Houston,
2023,5,CAR,LB,Claudin Cherelus,00-0038493,,,Full Participation in Practice,Claudin Cherelus,
2023,5,CAR,TE,Giovanni Ricci,00-0035956,,,Full Participation in Practice,Giovanni Ricci,
2023,5,CAR,RB,Miles Sanders,00-0035243,,,Full Participation in Practice,Miles Sanders,
2023,5,CAR,DE,DeShawn Williams,00-0031795,,,Full Participation in Practice,DeShawn Williams,
2023,5,CAR,LB,Frankie Luvu,00-0034302,,,Limited Participation in Practice,Frankie Luvu,
2023,5,CAR,S,Xavier Woods,00-0033579,Out,Hamstring,Did Not Participate In Practice,Xavier Woods,OUT
2023,5,CAR,G,Austin Corbett,00-0034261,Out,Knee,Full Participation in Practice,Austin Corbett,OUT
2023,5,CAR,TE,Stephen Sullivan,00-0036438,Out,Hip,Full Participation in Practice,Stephen Sullivan,OUT
2023,5,CAR,CB,Donte Jackson,00-0034356,Questionable,Shoulder,Full Participation in Practice,Donte Jackson,QUESTIONABLE
2023,5,CHI,WR,Chase Claypool,00-0036326,Out,not injury related - team decision,Did Not Participate In Practice,Chase Claypool,OUT
2023,5,CHI,S,Eddie Jackson,00-0033784,Out,Foot,Did Not Participate In Practice,Eddie Jackson,OUT
2023,5,CHI,CB,Jaylon Johnson,00-0036292,Out,Hamstring,Did Not Participate In Practice,Jaylon Johnson,OUT
2023,5,CHI,T,Teven Jenkins,00-0036953,Questionable,Calf,Full Participation in Practice,Teven Jenkins,QUESTIONABLE
2023,5,CHI,S,Jaquan Brisker,00-0038135,Questionable,Hamstring,Limited Participation in Practice,Jaquan Brisker,QUESTIONABLE
2023,5,CIN,T,Orlando Brown,00-0034752,,,Full Participation in Practice,Orlando Brown,
2023,5,CIN,TE,Irv Smith,00-0034970,,,Full Participation in Practice,Irv Smith,
2023,5,CIN,LB,Akeem Davis-Gaither,00-0036298,Out,Knee,Did Not Participate In Practice,Akeem Davis-Gaither,OUT
2023,5,CIN,CB,Chidobe Awuzie,00-0033548,Questionable,Back,Did Not Participate In Practice,Chidobe Awuzie,QUESTIONABLE
2023,5,CIN,DE,Trey Hendrickson,00-0033935,Questionable,Back,Did Not Participate In Practice,Trey Hendrickson,QUESTIONABLE
2023,5,CIN,CB,Cam Taylor-Britt,00-0037753,Questionable,Concussion,Full Participation in Practice,Cam Taylor-Britt,QUESTIONABLE
2023,5,CIN,WR,Tee Higgins,00-0036410,Questionable,Ribs,Limited Participation in Practice,Tee Higgins,QUESTIONABLE
2023,5,DAL,CB,Stephon Gilmore,00-0029542,,,Did Not Participate In Practice,Stephon Gilmore,
2023,5,DAL,DT,Johnathan Hankins,00-0030063,,,Did Not Participate In Practice,Johnathan Hankins,
2023,5,DAL,DE,Demarcus Lawrence,00-0031411,,,Did Not Participate In Practice,Demarcus Lawrence,
2023,5,DAL,RB,Rico Dowdle,00-0036139,,,Full Participation in Practice,Rico Dowdle,
2023,5,DAL,T,Chuma Edoga,00-0035698,,,Full Participation in Practice,Chuma Edoga,
2023,5,DAL,S,Malik Hooker,00-0033877,,,Full Participation in Practice,Malik Hooker,
2023,5,DAL,WR,CeeDee Lamb,00-0036358,,,Full Participation in Practice,CeeDee Lamb,
2023,5,DAL,G,Zack Martin,00-0031402,,,Full Participation in Practice,Zack Martin,
2023,5,DAL,LB,Micah Parsons,00-0036932,,,Full Participation in Practice,Micah Parsons,
2023,5,DAL,T,Tyron Smith,00-0027947,,,Full Participation in Practice,Tyron Smith,
2023,5,DAL,TE,Peyton Hendershot,00-0037569,Out,Ankle,Did Not Participate In Practice,Peyton Hendershot,OUT
2023,5,DAL,LB,Damone Clark,00-0037281,Questionable,Shoulder,Limited Participation in Practice,Damone Clark,QUESTIONABLE
2023,5,DEN,LB,Frank Clark,00-0032210,,,Full Participation in Practice,Frank Clark,
2023,5,DEN,WR,Jerry Jeudy,00-0036407,,,Full Participation in Practice,Jerry Jeudy,
2023,5,DEN,LB,Josey Jewell,00-0034368,,,Full Participation in Practice,Josey Jewell,
2023,5,DEN,S,P.J. Locke,00-0035227,,,Full Participation in Practice,P.J. Locke,
2023,5,DEN,S,Justin Simmons,00-0032971,,,Full Participation in Practice,Justin Simmons,
2023,5,DEN,LB,Randy Gregory,00-0032197,Out,not injury related - team decision,Did Not Participate In Practice,Randy Gregory,OUT
2023,5,DEN,LB,Baron Browning,00-0036995,Out,Knee,Limited Participation in Practice,Baron Browning,OUT
2023,5,DEN,RB,Javonte Williams,00-0036997,Questionable,Quadricep,Full Participation in Practice,Javonte Williams,QUESTIONABLE
2023,5,DEN,C,Lloyd Cushenberry,00-0036391,Questionable,Quadricep,Limited Participation in Practice,Lloyd Cushenberry,QUESTIONABLE
2023,5,DEN,DT,Mike Purcell,00-0029890,Questionable,Ribs,Limited Participation in Practice,Mike Purcell,QUESTIONABLE
2023,5,DET,C,Frank Ragnow,00-0034345,,,Did Not Participate In Practice,Frank Ragnow,
2023,5,DET,CB,Brian Branch,00-0039141,Out,Ankle,Did Not Participate In Practice,Brian Branch,OUT
2023,5,DET,FB,Jason Cabinda,00-0034171,Out,Knee,Did Not Participate In Practice,Jason Cabinda,OUT
2023,5,DET,TE,James Mitchell,00-0037282,Doubtful,Hamstring,Did Not Participate In Practice,James Mitchell,DOUBTFUL
2023,5,DET,WR,Amon-Ra St. Brown,00-0036963,Doubtful,Abdomen,Did Not Participate In Practice,Amon-Ra St. Brown,DOUBTFUL
2023,5,DET,T,Taylor Decker,00-0032381,Questionable,Ankle,Full Participation in Practice,Taylor Decker,QUESTIONABLE
2023,5,DET,S,Kerby Joseph,00-0037667,Questionable,Hip,Full Participation in Practice,Kerby Joseph,QUESTIONABLE
2023,5,DET,CB,Emmanuel Moseley,00-0034096,Questionable,Knee,Full Participation in Practice,Emmanuel Moseley,QUESTIONABLE
2023,5,DET,LB,Julian Okwara,00-0036249,Questionable,Shoulder,Full Participation in Practice,Julian Okwara,QUESTIONABLE
2023,5,DET,WR,Josh Reynolds,00-0033943,Questionable,Groin,Full Participation in Practice,Josh Reynolds,QUESTIONABLE
2023,5,DET,G,Halapoulivaati Vaitai,00-0032785,Questionable,Knee,Full Participation in Practice,Halapoulivaati Vaitai,QUESTIONABLE
2023,5,DET,WR,Jameson Williams,00-0037240,Questionable,not injury related - returning from suspension,Full Participation in Practice,Jameson Williams,QUESTIONABLE
2023,5,DET,RB,Jahmyr Gibbs,00-0039139,Questionable,Hamstring,Limited Participation in Practice,Jahmyr Gibbs,QUESTIONABLE
2023,5,GB,TE,Luke Musgrave,00-0039144,,,Full Participation in Practice,Luke Musgrave,
2023,5,GB,CB,Carrington Valentine,00-0038408,,,Full Participation in Practice,Carrington Valentine,
2023,5,GB,G,Elgton Jenkins,00-0035526,,,Limited Participation in Practice,Elgton Jenkins,
2023,5,GB,G,Jon Runyan,00-0036246,,,Limited Participation in Practice,Jon Runyan,
2023,5,GB,T,Zach Tom,00-0037817,,,Limited Participation in Practice,Zach Tom,
2023,5,GB,WR,Christian Watson,00-0038124,,,Limited Participation in Practice,Christian Watson,
2023,5,GB,S,Zayne Anderson,00-0036677,Out,Hamstring,Did Not Participate In Practice,Zayne Anderson,OUT
2023,5,GB,LB,De'Vondre Campbell,00-0032401,Out,Ankle,Did Not Participate In Practice,De'Vondre Campbell,OUT
2023,5,GB,CB,Jaire Alexander,00-0034728,Questionable,Back,Limited Participation in Practice,Jaire Alexander,QUESTIONABLE
2023,5,GB,S,Rudy Ford,00-0033792,Questionable,Oblique,Limited Participation in Practice,Rudy Ford,QUESTIONABLE
2023,5,GB,RB,Aaron Jones,00-0033293,Questionable,Hamstring,Limited Participation in Practice,Aaron Jones,QUESTIONABLE
2023,5,GB,CB,Eric Stokes,00-0036901,Questionable,Foot,Limited Participation in Practice,Eric Stokes,QUESTIONABLE
2023,5,HOU,S,Jimmie Ward,00-0031298,,,Did Not Participate In Practice,Jimmie Ward,
2023,5,HOU,WR,Robert Woods,00-0030431,,,Did Not Participate In Practice,Robert Woods,
2023,5,HOU,C,Michael Deiter,00-0035686,,,Full Participation in Practice,Michael Deiter,
2023,5,HOU,T,Tytus Howard,00-0035234,,,Full Participation in Practice,Tytus Howard,
2023,5,HOU,P,Cameron Johnston,00-0033729,,,Full Participation in Practice,Cameron Johnston,
2023,5,HOU,G,Shaquille Mason,00-0031580,,,Full Participation in Practice,Shaquille Mason,
2023,5,HOU,LB,Denzel Perryman,00-0032103,,,Full Participation in Practice,Denzel Perryman,
2023,5,HOU,RB,Dameon Pierce,00-0037258,,,Full Participation in Practice,Dameon Pierce,
2023,5,HOU,CB,Tavierre Thomas,00-0034488,,,Full Participation in Practice,Tavierre Thomas,
2023,5,HOU,CB,Steven Nelson,00-0032150,,,Limited Participation in Practice,Steven Nelson,
2023,5,HOU,LB,Christian Harris,00-0037823,Out,Concussion,Did Not Participate In Practice,Christian Harris,OUT
2023,5,HOU,G,Josh Jones,00-0036363,Out,Hand,Limited Participation in Practice,Josh Jones,OUT
2023,5,HOU,WR,John Metchie,00-0037614,Questionable,Illness,Full Participation in Practice,John Metchie,QUESTIONABLE
2023,5,HOU,T,Laremy Tunsil,00-0032380,Questionable,Knee,Full Participation in Practice,Laremy Tunsil,QUESTIONABLE
2023,5,HOU,DT,Maliek Collins,00-0033131,Questionable,Abdomen,Limited Participation in Practice,Maliek Collins,QUESTIONABLE
2023,5,HOU,CB,Shaquill Griffin,00-0033926,Questionable,Calf,Limited Participation in Practice,Shaquill Griffin,QUESTIONABLE
2023,5,HOU,LB,Jake Hansen,00-0037457,Questionable,Neck,Limited Participation in Practice,Jake Hansen,QUESTIONABLE
2023,5,IND,TE,Mo Alie-Cox,00-0033217,,,Full Participation in Practice,Mo Alie-Cox,
2023,5,IND,DT,DeForest Buckner,00-0032378,,,Full Participation in Practice,DeForest Buckner,
2023,5,IND,C,Ryan Kelly,00-0032383,,,Full Participation in Practice,Ryan Kelly,
2023,5,IND,DE,Tyquan Lewis,00-0034359,,,Full Participation in Practice,Tyquan Lewis,
2023,5,IND,G,Quenton Nelson,00-0034342,,,Full Participation in Practice,Quenton Nelson,
2023,5,IND,LB,Shaquille Leonard,00-0034846,Out,Groin,Did Not Participate In Practice,Shaquille Leonard,OUT
2023,5,IND,DE,Kwity Paye,00-0036479,Out,Concussion,Did Not Participate In Practice,Kwity Paye,OUT
2023,5,IND,T,Bernhard Raimann,00-0037757,Out,Concussion,Limited Participation in Practice,Bernhard Raimann,OUT
2023,5,IND,RB,Jonathan Taylor,00-0036223,Questionable,Ankle,Full Participation in Practice,Jonathan Taylor,QUESTIONABLE
2023,5,JAX,LB,Josh Hines-Allen,00-0035642,,,Full Participation in Practice,Josh Hines-Allen,
2023,5,JAX,T,Cam Robinson,00-0033889,,,Full Participation in Practice,Cam Robinson,
2023,5,JAX,CB,Christian Braswell,00-0038616,Out,Hamstring,Did Not Participate In Practice,Christian Braswell,OUT
2023,5,JAX,LB,Devin Lloyd,00-0037244,Out,Thumb,Did Not Participate In Practice,Devin Lloyd,OUT
2023,5,JAX,WR,Parker Washington,00-0038606,Out,Knee,Did Not Participate In Practice,Parker Washington,OUT
2023,5,JAX,LB,Dawuane Smoot,00-0033907,Out,Achilles,Limited Participation in Practice,Dawuane Smoot,OUT
2023,5,JAX,WR,Jamal Agnew,00-0033572,Questionable,Quadricep,Limited Participation in Practice,Jamal Agnew,QUESTIONABLE
2023,5,JAX,DT,Folorunso Fatukasi,00-0034275,Questionable,Shoulder,Limited Participation in Practice,Folorunso Fatukasi,QUESTIONABLE
2023,5,JAX,S,Antonio Johnson,00-0038596,Questionable,Hamstring,Limited Participation in Practice,Antonio Johnson,QUESTIONABLE
2023,5,JAX,WR,Zay Jones,00-0033891,Questionable,Knee,Limited Participation in Practice,Zay Jones,QUESTIONABLE
2023,5,KC,LB,Jack Cochrane,00-0037208,,,Full Participation in Practice,Jack Cochrane,
2023,5,KC,DT,Chris Jones,00-0032762,,,Full Participation in Practice,Chris Jones,
2023,5,KC,DE,George Karlaftis,00-0037192,,,Full Participation in Practice,George Karlaftis,
2023,5,KC,CB,L'Jarius Sneed,00-0036374,,,Full Participation in Practice,L'Jarius Sneed,
2023,5,KC,WR,Kadarius Toney,00-0036913,,,Full Participation in Practice,Kadarius Toney,
2023,5,KC,LB,Drue Tranquill,00-0035262,,,Full Participation in Practice,Drue Tranquill,
2023,5,KC,CB,Jaylen Watson,00-0037195,,,Full Participation in Practice,Jaylen Watson,
2023,5,KC,T,Wanya Morris,00-0038981,Questionable,Hip,Full Participation in Practice,Wanya Morris,QUESTIONABLE
2023,5,KC,LB,Nick Bolton,00-0036621,Questionable,Ankle,Limited Participation in Practice,Nick Bolton,QUESTIONABLE
2023,5,KC,DT,Matt Dickerson,00-0034657,Questionable,Knee,Limited Participation in Practice,Matt Dickerson,QUESTIONABLE
2023,5,LA,C,Brian Allen,00-0034804,,,Did Not Participate In Practice,Brian Allen,
2023,5,LA,WR,Cooper Kupp,00-0033908,,,Full Participation in Practice,Cooper Kupp,
2023,5,LA,LB,Ochaun Mathis,00-0039135,,,Full Participation in Practice,Ochaun Mathis,
2023,5,LA,LB,Christian Rozeboom,00-0035942,,,Full Participation in Practice,Christian Rozeboom,
2023,5,LA,WR,Ben Skowronek,00-0036862,,,Full Participation in Practice,Ben Skowronek,
2023,5,LA,QB,Matthew Stafford,00-0026498,,,Full Participation in Practice,Matthew Stafford,
2023,5,LA,RB,Kyren Williams,00-0037840,,,Full Participation in Practice,Kyren Williams,
2023,5,LA,T,Joseph Noteboom,00-0034803,Out,Groin,Did Not Participate In Practice,Joseph Noteboom,OUT
2023,5,LA,DT,Desjuan Johnson,00-0039061,Doubtful,Thumb,Limited Participation in Practice,Desjuan Johnson,DOUBTFUL
2023,5,LA,T,Alaric Jackson,00-0036603,Questionable,Hamstring,Limited Participation in Practice,Alaric Jackson,QUESTIONABLE
2023,5,LV,S,Marcus Epps,00-0034993,,,Full Participation in Practice,Marcus Epps,
2023,5,LV,QB,Jimmy Garoppolo,00-0031345,,,Full Participation in Practice,Jimmy Garoppolo,
2023,5,LV,DE,Malcolm Koonce,00-0036989,,,Full Participation in Practice,Malcolm Koonce,
2023,5,LV,DE,Maxx Crosby,00-0034973,,,Limited Participation in Practice,Maxx Crosby,
2023,5,LV,CB,Nate Hobbs,00-0036871,Out,Ankle,Did Not Participate In Practice,Nate Hobbs,OUT
2023,5,LV,WR,Davante Adams,00-0031381,Questionable,Shoulder,Limited Participation in Practice,Davante Adams,QUESTIONABLE
2023,5,LV,CB,Jakorian Bennett,00-0039072,Questionable,Hamstring,Limited Participation in Practice,Jakorian Bennett,QUESTIONABLE
2023,5,LV,CB,David Long,00-0035665,Questionable,Ankle,Limited Participation in Practice,David Long,QUESTIONABLE
2023,5,MIA,T,Terron Armstead,00-0030067,,,Did Not Participate In Practice,Terron Armstead,
2023,5,MIA,CB,Justin Bethel,00-0029530,,,Did Not Participate In Practice,Justin Bethel,
2023,5,MIA,RB,Raheem Mostert,00-0031687,,,Did Not Participate In Practice,Raheem Mostert,
2023,5,MIA,RB,Salvon Ahmed,00-0036020,,,Full Participation in Practice,Salvon Ahmed,
2023,5,MIA,WR,Braxton Berrios,00-0034419,,,Full Participation in Practice,Braxton Berrios,
2023,5,MIA,S,DeShon Elliott,00-0034277,,,Full Participation in Practice,DeShon Elliott,
2023,5,MIA,G,Robert Hunt,00-0036325,,,Full Participation in Practice,Robert Hunt,
2023,5,MIA,G,Robert Jones,00-0036596,Out,Knee,Limited Participation in Practice,Robert Jones,OUT
2023,5,MIA,CB,Nik Needham,00-0035346,Out,Achilles,Limited Participation in Practice,Nik Needham,OUT
2023,5,MIA,G,Lester Cotton,00-0035117,Questionable,Ankle,Limited Participation in Practice,Lester Cotton,QUESTIONABLE
2023,5,MIA,LB,Jaelan Phillips,00-0036934,Questionable,Oblique,Limited Participation in Practice,Jaelan Phillips,QUESTIONABLE
2023,5,MIA,C,Connor Williams,00-0034352,Questionable,Groin,Limited Participation in Practice,Connor Williams,QUESTIONABLE
2023,5,MIN,LB,Jordan Hicks,00-0032129,,,Did Not Participate In Practice,Jordan Hicks,
2023,5,MIN,T,Brian O'Neill,00-0034158,,,Did Not Participate In Practice,Brian O'Neill,
2023,5,MIN,S,Harrison Smith,00-0029606,,,Did Not Participate In Practice,Harrison Smith,
2023,5,MIN,C,Garrett Bradbury,00-0035588,,,Full Participation in Practice,Garrett Bradbury,
2023,5,MIN,S,Josh Metellus,00-0036348,,,Full Participation in Practice,Josh Metellus,
2023,5,MIN,DE,Marcus Davenport,00-0034344,Questionable,Ankle,Full Participation in Practice,Marcus Davenport,QUESTIONABLE
2023,5,MIN,LB,Brian Asamoah,00-0037822,Questionable,Toe,Limited Participation in Practice,Brian Asamoah,QUESTIONABLE
2023,5,MIN,S,Lewis Cine,00-0037245,Questionable,Hamstring,Limited Participation in Practice,Lewis Cine,QUESTIONABLE
2023,5,MIN,QB,Nick Mullens,00-0033319,Questionable,Back,Limited Participation in Practice,Nick Mullens,QUESTIONABLE
2023,5,NE,RB,Ty Montgomery,00-0032200,,,Limited Participation in Practice,Ty Montgomery,
2023,5,NE,CB,Christian Gonzalez,00-0039147,Questionable,Shoulder,Did Not Participate In Practice,Christian Gonzalez,QUESTIONABLE
2023,5,NE,LB,Matt Judon,00-0032415,Questionable,Elbow,Did Not Participate In Practice,Matt Judon,QUESTIONABLE
2023,5,NE,DT,Christian Barmore,00-0036981,Questionable,Knee,Limited Participation in Practice,Christian Barmore,QUESTIONABLE
2023,5,NE,T,Trenton Brown,00-0032071,Questionable,Chest,Limited Participation in Practice,Trenton Brown,QUESTIONABLE
2023,5,NE,S,Cody Davis,00-0029764,Questionable,Knee,Limited Participation in Practice,Cody Davis,QUESTIONABLE
2023,5,NE,DE,Trey Flowers,00-0031566,Questionable,Foot,Limited Participation in Practice,Trey Flowers,QUESTIONABLE
2023,5,NE,DT,Davon Godchaux,00-0033860,Questionable,Ankle,Limited Participation in Practice,Davon Godchaux,QUESTIONABLE
2023,5,NE,CB,Jonathan Jones,00-0032580,Questionable,Ankle,Limited Participation in Practice,Jonathan Jones,QUESTIONABLE
2023,5,NE,T,Riley Reiff,00-0029672,Questionable,Knee,Limited Participation in Practice,Riley Reiff,QUESTIONABLE
2023,5,NE,RB,Rhamondre Stevenson,00-0036875,Questionable,Thigh,Limited Participation in Practice,Rhamondre Stevenson,QUESTIONABLE
2023,5,NE,G,Cole Strange,00-0038103,Questionable,Knee,Limited Participation in Practice,Cole Strange,QUESTIONABLE
2023,5,NE,CB,Shaun Wade,00-0036559,Questionable,Shoulder,Limited Participation in Practice,Shaun Wade,QUESTIONABLE
2023,5,NO,TE,Jimmy Graham,00-0027696,,,Did Not Participate In Practice,Jimmy Graham,
2023,5,NO,DT,Bryan Bresee,00-0038995,,,Full Participation in Practice,Bryan Bresee,
2023,5,NO,S,Jordan Howden,00-0038588,,,Full Participation in Practice,Jordan Howden,
2023,5,NO,C,Erik McCoy,00-0035242,,,Full Participation in Practice,Erik McCoy,
2023,5,NO,TE,Foster Moreau,00-0034981,,,Full Participation in Practice,Foster Moreau,
2023,5,NO,T,Ryan Ramczyk,00-0033888,,,Full Participation in Practice,Ryan Ramczyk,
2023,5,NO,TE,Juwan Johnson,00-0036040,Out,Calf,Did Not Participate In Practice,Juwan Johnson,OUT
2023,5,NO,S,Lonnie Johnson,00-0035244,Out,Hamstring,Did Not Participate In Practice,Lonnie Johnson,OUT
2023,5,NO,T,Landon Young,00-0036930,Out,Hip,Did Not Participate In Practice,Landon Young,OUT
2023,5,NO,CB,Paulson Adebo,00-0036937,Questionable,Hamstring,Limited Participation in Practice,Paulson Adebo,QUESTIONABLE
2023,5,NO,QB,Derek Carr,00-0031280,Questionable,right Shoulder,Limited Participation in Practice,Derek Carr,QUESTIONABLE
2023,5,NO,G,James Hurst,00-0030694,Questionable,Ankle,Limited Participation in Practice,James Hurst,QUESTIONABLE
2023,5,NO,G,Andrus Peat,00-0032203,Questionable,Concussion,Limited Participation in Practice,Andrus Peat,QUESTIONABLE
2023,5,NYG,RB,Gary Brightwell,00-0036569,,,Limited Participation in Practice,Gary Brightwell,
2023,5,NYG,T,Marcus McKethan,00-0037279,,,Limited Participation in Practice,Marcus McKethan,
2023,5,NYG,T,Evan Neal,00-0037612,,,Limited Participation in Practice,Evan Neal,
2023,5,NYG,DE,Azeez Ojulari,00-0036552,,,Limited Participation in Practice,Azeez Ojulari,
2023,5,NYG,WR,Wan'Dale Robinson,00-0038117,,,Limited Participation in Practice,Wan'Dale Robinson,
2023,5,NYG,G,Shane Lemieux,00-0036397,Out,Groin,Did Not Participate In Practice,Shane Lemieux,OUT
2023,5,NYG,C,John Michael Schmitz,00-0039019,Out,Shoulder,Did Not Participate In Practice,John Michael Schmitz,OUT
2023,5,NYG,T,Andrew Thomas,00-0036386,Out,Hamstring,Did Not Participate In Practice,Andrew Thomas,OUT
2023,5,NYG,RB,Saquon Barkley,00-0034844,Questionable,Ankle,Limited Participation in Practice,Saquon Barkley,QUESTIONABLE
2023,5,NYG,TE,Daniel Bellinger,00-0038115,Questionable,Knee,Limited Participation in Practice,Daniel Bellinger,QUESTIONABLE
2023,5,NYG,LB,Micah McFadden,00-0037259,Questionable,Ankle,Limited Participation in Practice,Micah McFadden,QUESTIONABLE
2023,5,NYJ,S,Tony Adams,00-0037155,,,Full Participation in Practice,Tony Adams,
2023,5,NYJ,T,Mekhi Becton,00-0036284,,,Full Participation in Practice,Mekhi Becton,
2023,5,NYJ,C,Wes Schweitzer,00-0032432,,,Full Participation in Practice,Wes Schweitzer,
2023,5,NYJ,CB,Brandin Echols,00-0036504,Out,Hamstring,Did Not Participate In Practice,Brandin Echols,OUT
2023,5,NYJ,CB,D.J. Reed,00-0034384,Out,Concussion,Did Not Participate In Practice,D.J. Reed,OUT
2023,5,NYJ,T,Billy Turner,00-0031433,Questionable,Toe,Did Not Participate In Practice,Billy Turner,QUESTIONABLE
2023,5,NYJ,S,Jarrick Bernard-Converse,00-0038401,Questionable,Foot,Full Participation in Practice,Jarrick Bernard-Converse,QUESTIONABLE
2023,5,NYJ,T,Carter Warren,00-0039004,Questionable,Shoulder,Full Participation in Practice,Carter Warren,QUESTIONABLE
2023,5,NYJ,LB,Sam Eguavoen,00-0034902,Questionable,Ankle,Limited Participation in Practice,Sam Eguavoen,QUESTIONABLE
2023,5,PHI,LB,Nicholas Morrow,00-0033445,,,Did Not Participate In Practice,Nicholas Morrow,
2023,5,PHI,S,Justin Evans,00-0033898,,,Full Participation in Practice,Justin Evans,
2023,5,PHI,WR,Quez Watkins,00-0036271,,,Full Participation in Practice,Quez Watkins,
2023,5,PHI,DT,Fletcher Cox,00-0029653,Out,Back,Did Not Participate In Practice,Fletcher Cox,OUT
2023,5,PHI,G,Cam Jurgens,00-0038112,Out,Foot,Did Not Participate In Practice,Cam Jurgens,OUT
2023,5,PHI,DT,Marlon Tuipulotu,00-0036920,Out,Triceps,Did Not Participate In Practice,Marlon Tuipulotu,OUT
2023,5,PHI,S,Sydney Brown,00-0039002,Out,Hamstring,Limited Participation in Practice,Sydney Brown,OUT
2023,5,PHI,RB,Rashaad Penny,00-0034750,Doubtful,Illness,"
    ",Rashaad Penny,DOUBTFUL
2023,5,PHI,WR,Britain Covey,00-0037132,Questionable,Concussion,Full Participation in Practice,Britain Covey,QUESTIONABLE
2023,5,PIT,CB,Patrick Peterson,00-0027943,,,Did Not Participate In Practice,Patrick Peterson,
2023,5,PIT,G,Isaac Seumalo,00-0032954,,,Did Not Participate In Practice,Isaac Seumalo,
2023,5,PIT,LB,Cole Holcomb,00-0035286,,,Full Participation in Practice,Cole Holcomb,
2023,5,PIT,T,Chukwuma Okorafor,00-0034768,,,Full Participation in Practice,Chukwuma Okorafor,
2023,5,PIT,QB,Kenny Pickett,00-0038102,,,Full Participation in Practice,Kenny Pickett,
2023,5,PIT,RB,Najee Harris,00-0036893,,,Limited Participation in Practice,Najee Harris,
2023,5,PIT,G,James Daniels,00-0034347,Out,Groin,Did Not Participate In Practice,James Daniels,OUT
2023,5,PIT,TE,Pat Freiermuth,00-0036894,Out,Hamstring,Did Not Participate In Practice,Pat Freiermuth,OUT
2023,5,PIT,P,Pressley Harvin,00-0036847,Out,right Hamstring,Did Not Participate In Practice,Pressley Harvin,OUT
2023,5,PIT,DE,DeMarvin Leal,00-0037759,Out,Concussion,Did Not Participate In Practice,DeMarvin Leal,OUT
2023,5,PIT,T,Dan Moore,00-0036869,Out,Knee,Did Not Participate In Practice,Dan Moore,OUT
2023,5,PIT,LB,Alex Highsmith,00-0036333,Questionable,Groin,Limited Participation in Practice,Alex Highsmith,QUESTIONABLE
2023,5,SF,RB,Christian McCaffrey,00-0033280,,,Did Not Participate In Practice,Christian McCaffrey,
2023,5,SF,T,Trent Williams,00-0027857,,,Did Not Participate In Practice,Trent Williams,
2023,5,SF,LB,Dre Greenlaw,00-0034982,,,Full Participation in Practice,Dre Greenlaw,
2023,5,SF,WR,Jauan Jennings,00-0036259,,,Full Participation in Practice,Jauan Jennings,
2023,5,SF,WR,Deebo Samuel,00-0035719,,,Full Participation in Practice,Deebo Samuel,
2023,5,SF,CB,Charvarius Ward,00-0034573,,,Full Participation in Practice,Charvarius Ward,
2023,5,SF,RB,Elijah Mitchell,00-0036567,Out,Knee,Did Not Participate In Practice,Elijah Mitchell,OUT
2023,5,SF,C,Jon Feliciano,00-0032151,Questionable,Concussion,Full Participation in Practice,Jon Feliciano,QUESTIONABLE
2023,5,TEN,DE,Denico Autry,00-0031254,,,Full Participation in Practice,Denico Autry,
2023,5,TEN,RB,Derrick Henry,00-0032764,,,Full Participation in Practice,Derrick Henry,
2023,5,TEN,WR,DeAndre Hopkins,00-0030564,,,Full Participation in Practice,DeAndre Hopkins,
2023,5,TEN,CB,Elijah Molden,00-0036992,,,Full Participation in Practice,Elijah Molden,
2023,5,TEN,WR,Kyle Philips,00-0037273,,,Full Participation in Practice,Kyle Philips,
2023,5,TEN,T,Peter Skoronski,00-0039034,,,Full Participation in Practice,Peter Skoronski,
2023,5,TEN,TE,Josh Whyle,00-0038589,,,Full Participation in Practice,Josh Whyle,
2023,5,TEN,DT,Jeffery Simmons,00-0035643,,,Limited Participation in Practice,Jeffery Simmons,
2023,5,TEN,WR,Treylon Burks,00-0037742,Out,Knee,Did Not Participate In Practice,Treylon Burks,OUT
2023,5,TEN,LB,Luke Gifford,00-0035413,Out,Hamstring,Did Not Participate In Practice,Luke Gifford,OUT
2023,5,TEN,DT,Teair Tart,00-0036181,Out,Toe,Did Not Participate In Practice,Teair Tart,OUT
2023,5,TEN,T,Nicholas Petit-Frere,00-0037754,Out,not injury related - returning from suspension,Full Participation in Practice,Nicholas Petit-Frere,OUT
2023,5,WAS,WR,Jahan Dotson,00-0037741,,,Full Participation in Practice,Jahan Dotson,
2023,5,WAS,CB,Christian Holmes,00-0037095,,,Full Participation in Practice,Christian Holmes,
2023,5,WAS,CB,Quan Martin,00-0039149,,,Full Participation in Practice,Quan Martin,
2023,5,WAS,CB,Benjamin St-Juste,00-0036625,,,Full Participation in Practice,Benjamin St-Juste,
2023,5,WAS,WR,Curtis Samuel,00-0033282,,,Limited Participation in Practice,Curtis Samuel,
2023,5,WAS,RB,Chris Rodriguez,00-0038611,Questionable,Illness,Limited Participation in Practice,Chris Rodriguez,QUESTIONABLE
2023,6,ARI,T,Kelvin Beachum,00-0029316,,,Full Participation in Practice,Kelvin Beachum,
2023,6,ARI,RB,Keaontay Ingram,00-0037299,,,Full Participation in Practice,Keaontay Ingram,
2023,6,ARI,LB,Cameron Thomas,00-0037815,,,Limited Participation in Practice,Cameron Thomas,
2023,6,ARI,S,Jalen Thompson,00-0035705,Out,Hamstring,Did Not Participate In Practice,Jalen Thompson,OUT
2023,6,ARI,T,Dennis Daley,00-0035300,Questionable,Ankle,Full Participation in Practice,Dennis Daley,QUESTIONABLE
2023,6,ARI,WR,Marquise Brown,00-0035662,Questionable,Illness,Limited Participation in Practice,Marquise Brown,QUESTIONABLE
2023,6,ARI,TE,Elijah Higgins,00-0039041,Questionable,Illness,Limited Participation in Practice,Elijah Higgins,QUESTIONABLE
2023,6,ARI,DE,Jonathan Ledbetter,00-0035343,Questionable,Finger,Limited Participation in Practice,Jonathan Ledbetter,QUESTIONABLE
2023,6,ARI,LB,Jesse Luketa,00-0037330,Questionable,Shoulder,Limited Participation in Practice,Jesse Luketa,QUESTIONABLE
2023,6,ARI,LB,Myjai Sanders,00-0037751,Questionable,Thumb,Limited Participation in Practice,Myjai Sanders,QUESTIONABLE
2023,6,ARI,CB,Garrett Williams,00-0039007,Questionable,Knee,Limited Participation in Practice,Garrett Williams,QUESTIONABLE
2023,6,ARI,LB,Josh Woods,00-0034801,Questionable,Ankle,Limited Participation in Practice,Josh Woods,QUESTIONABLE
2023,6,ATL,DE,Calais Campbell,00-0026190,,,Did Not Participate In Practice,Calais Campbell,
2023,6,ATL,LB,Bud Dupree,00-0032146,,,Full Participation in Practice,Bud Dupree,
2023,6,ATL,T,Kaleb McGary,00-0035235,,,Full Participation in Practice,Kaleb McGary,
2023,6,ATL,TE,Jonnu Smith,00-0033858,,,Full Participation in Practice,Jonnu Smith,
2023,6,BAL,WR,Odell Beckham,00-0031235,,,Full Participation in Practice,Odell Beckham,
2023,6,BAL,LB,Jadeveon Clowney,00-0031364,,,Full Participation in Practice,Jadeveon Clowney,
2023,6,BAL,CB,Marlon Humphrey,00-0033281,,,Full Participation in Practice,Marlon Humphrey,
2023,6,BAL,T,Patrick Mekari,00-0035112,,,Full Participation in Practice,Patrick Mekari,
2023,6,BAL,T,Morgan Moses,00-0031330,,,Full Participation in Practice,Morgan Moses,
2023,6,BAL,S,Geno Stone,00-0036199,,,Full Participation in Practice,Geno Stone,
2023,6,BAL,LB,Odafe Oweh,00-0036940,Out,Ankle,Did Not Participate In Practice,Odafe Oweh,OUT
2023,6,BAL,RB,Keaton Mitchell,00-0038454,Questionable,Shoulder,Full Participation in Practice,Keaton Mitchell,QUESTIONABLE
2023,6,BUF,CB,Christian Benford,00-0037288,,,Full Participation in Practice,Christian Benford,
2023,6,BUF,T,Dion Dawkins,00-0033904,,,Full Participation in Practice,Dion Dawkins,
2023,6,BUF,DE,Shaq Lawson,00-0033096,,,Full Participation in Practice,Shaq Lawson,
2023,6,BUF,DE,Gregory Rousseau,00-0036914,,,Full Participation in Practice,Gregory Rousseau,
2023,6,BUF,LB,Baylon Spector,00-0037318,,,Full Participation in Practice,Baylon Spector,
2023,6,BUF,CB,Dane Jackson,00-0036166,Questionable,Foot,Limited Participation in Practice,Dane Jackson,QUESTIONABLE
2023,6,BUF,TE,Dalton Kincaid,00-0038933,Questionable,Concussion,Limited Participation in Practice,Dalton Kincaid,QUESTIONABLE
2023,6,BUF,TE,Dawson Knox,00-0035689,Questionable,Wrist,Limited Participation in Practice,Dawson Knox,QUESTIONABLE
2023,6,CAR,LB,Justin Houston,00-0028008,,,Did Not Participate In Practice,Justin Houston,
2023,6,CAR,WR,Adam Thielen,00-0030035,,,Did Not Participate In Practice,Adam Thielen,
2023,6,CAR,LB,Kamu Grugier-Hill,00-0032437,,,Full Participation in Practice,Kamu Grugier-Hill,
2023,6,CAR,CB,Donte Jackson,00-0034356,,,Full Participation in Practice,Donte Jackson,
2023,6,CAR,T,Taylor Moton,00-0033284,,,Full Participation in Practice,Taylor Moton,
2023,6,CAR,G,Calvin Throckmorton,00-0035764,,,Full Participation in Practice,Calvin Throckmorton,
2023,6,CAR,S,Vonn Bell,00-0032939,Out,Quadricep,Did Not Participate In Practice,Vonn Bell,OUT
2023,6,CAR,TE,Giovanni Ricci,00-0035956,Out,Shoulder,Did Not Participate In Practice,Giovanni Ricci,OUT
2023,6,CAR,RB,Miles Sanders,00-0035243,Out,Shoulder,Did Not Participate In Practice,Miles Sanders,OUT
2023,6,CAR,S,Xavier Woods,00-0033579,Out,Hamstring,Did Not Participate In Practice,Xavier Woods,OUT
2023,6,CAR,G,Chandler Zavala,00-0038536,Out,Neck,Did Not Participate In Practice,Chandler Zavala,OUT
2023,6,CAR,G,Austin Corbett,00-0034261,Out,Knee,Full Participation in Practice,Austin Corbett,OUT
2023,6,CAR,LB,Brian Burns,00-0035713,Questionable,Ankle,Full Participation in Practice,Brian Burns,QUESTIONABLE
2023,6,CAR,TE,Stephen Sullivan,00-0036438,Questionable,Hip,Full Participation in Practice,Stephen Sullivan,QUESTIONABLE
2023,6,CAR,DE,Derrick Brown,00-0036220,Questionable,Knee,Limited Participation in Practice,Derrick Brown,QUESTIONABLE
2023,6,CAR,TE,Ian Thomas,00-0034365,Questionable,Calf,Limited Participation in Practice,Ian Thomas,QUESTIONABLE
2023,6,CHI,TE,Marcedes Lewis,00-0024243,,,Did Not Participate In Practice,Marcedes Lewis,
2023,6,CHI,CB,Kyler Gordon,00-0038111,,,Full Participation in Practice,Kyler Gordon,
2023,6,CHI,CB,Jaylon Johnson,00-0036292,,,Full Participation in Practice,Jaylon Johnson,
2023,6,CHI,TE,Cole Kmet,00-0036290,,,Full Participation in Practice,Cole Kmet,
2023,6,CHI,C,Doug Kramer,00-0037088,,,Full Participation in Practice,Doug Kramer,
2023,6,CHI,RB,Khalil Herbert,00-0036906,Out,Ankle,Did Not Participate In Practice,Khalil Herbert,OUT
2023,6,CHI,RB,Travis Homer,00-0035594,Out,Hamstring,Did Not Participate In Practice,Travis Homer,OUT
2023,6,CHI,RB,Roschon Johnson,00-0039021,Out,Concussion,Did Not Participate In Practice,Roschon Johnson,OUT
2023,6,CHI,CB,Terell Smith,00-0038395,Out,Ankle,Did Not Participate In Practice,Terell Smith,OUT
2023,6,CHI,WR,Equanimeous St. Brown,00-0034279,Out,Hamstring,Did Not Participate In Practice,Equanimeous St. Brown,OUT
2023,6,CHI,C,Lucas Patrick,00-0033082,Questionable,Concussion,Full Participation in Practice,Lucas Patrick,QUESTIONABLE
2023,6,CHI,S,Eddie Jackson,00-0033784,Questionable,Foot,Limited Participation in Practice,Eddie Jackson,QUESTIONABLE
2023,6,CIN,DE,Myles Murphy,00-0038546,,,Did Not Participate In Practice,Myles Murphy,
2023,6,CIN,LB,Akeem Davis-Gaither,00-0036298,Out,Knee,Did Not Participate In Practice,Akeem Davis-Gaither,OUT
2023,6,CIN,DT,Josh Tupou,00-0033347,Questionable,Toe,Did Not Participate In Practice,Josh Tupou,QUESTIONABLE
2023,6,CIN,LB,Devin Harper,00-0037293,Questionable,Hamstring,Full Participation in Practice,Devin Harper,QUESTIONABLE
2023,6,CIN,WR,Tee Higgins,00-0036410,Questionable,Ribs,Full Participation in Practice,Tee Higgins,QUESTIONABLE
2023,6,CIN,CB,Chidobe Awuzie,00-0033548,Questionable,Back,Limited Participation in Practice,Chidobe Awuzie,QUESTIONABLE
2023,6,CLE,WR,Amari Cooper,00-0031544,,,Did Not Participate In Practice,Amari Cooper,
2023,6,CLE,RB,Jerome Ford,00-0037267,,,Full Participation in Practice,Jerome Ford,
2023,6,CLE,DE,Myles Garrett,00-0033868,,,Full Participation in Practice,Myles Garrett,
2023,6,CLE,G,Joel Bitonio,00-0031426,Out,Knee,Did Not Participate In Practice,Joel Bitonio,OUT
2023,6,CLE,WR,Cedric Tillman,00-0038979,Out,Hip,Did Not Participate In Practice,Cedric Tillman,OUT
2023,6,CLE,QB,Deshaun Watson,00-0033537,Out,right Shoulder,Did Not Participate In Practice,Deshaun Watson,OUT
2023,6,CLE,TE,David Njoku,00-0033885,Questionable,Hand,Limited Participation in Practice,David Njoku,QUESTIONABLE
2023,6,CLE,C,Ethan Pocic,00-0033901,Questionable,Chest,Limited Participation in Practice,Ethan Pocic,QUESTIONABLE
2023,6,DAL,CB,Stephon Gilmore,00-0029542,,,Did Not Participate In Practice,Stephon Gilmore,
2023,6,DAL,DE,Demarcus Lawrence,00-0031411,,,Did Not Participate In Practice,Demarcus Lawrence,
2023,6,DAL,G,Zack Martin,00-0031402,,,Did Not Participate In Practice,Zack Martin,
2023,6,DAL,LB,Markquese Bell,00-0037561,,,Full Participation in Practice,Markquese Bell,
2023,6,DAL,C,Tyler Biadasz,00-0036376,,,Full Participation in Practice,Tyler Biadasz,
2023,6,DAL,LB,Damone Clark,00-0037281,,,Full Participation in Practice,Damone Clark,
2023,6,DAL,DT,Neville Gallimore,00-0036366,,,Full Participation in Practice,Neville Gallimore,
2023,6,DAL,DT,Johnathan Hankins,00-0030063,,,Full Participation in Practice,Johnathan Hankins,
2023,6,DAL,S,Malik Hooker,00-0033877,,,Full Participation in Practice,Malik Hooker,
2023,6,DAL,RB,Tony Pollard,00-0035261,,,Full Participation in Practice,Tony Pollard,
2023,6,DAL,T,Tyron Smith,00-0027947,,,Full Participation in Practice,Tyron Smith,
2023,6,DAL,WR,Kavontae Turpin,00-0037801,,,Full Participation in Practice,Kavontae Turpin,
2023,6,DAL,S,Donovan Wilson,00-0035301,,,Full Participation in Practice,Donovan Wilson,
2023,6,DAL,CB,Nahshon Wright,00-0036986,,,Full Participation in Practice,Nahshon Wright,
2023,6,DAL,CB,C.J. Goodwin,00-0031357,Out,Pectoral,Did Not Participate In Practice,C.J. Goodwin,OUT
2023,6,DAL,LB,Leighton Vander Esch,00-0034674,Out,Neck,Did Not Participate In Practice,Leighton Vander Esch,OUT
2023,6,DAL,S,Juanyeh Thomas,00-0037578,Doubtful,Hamstring,Did Not Participate In Practice,Juanyeh Thomas,DOUBTFUL
2023,6,DAL,T,Chuma Edoga,00-0035698,Questionable,Illness,Did Not Participate In Practice,Chuma Edoga,QUESTIONABLE
2023,6,DEN,C,Lloyd Cushenberry,00-0036391,,,Full Participation in Practice,Lloyd Cushenberry,
2023,6,DEN,DT,Mike Purcell,00-0029890,,,Full Participation in Practice,Mike Purcell,
2023,6,DEN,S,Justin Simmons,00-0032971,,,Full Participation in Practice,Justin Simmons,
2023,6,DEN,LB,Justin Strnad,00-0036428,,,Full Participation in Practice,Justin Strnad,
2023,6,DEN,RB,Javonte Williams,00-0036997,,,Full Participation in Practice,Javonte Williams,
2023,6,DEN,LB,Frank Clark,00-0032210,Out,Illness,Did Not Participate In Practice,Frank Clark,OUT
2023,6,DEN,DT,D.J. Jones,00-0033297,Out,Knee,Did Not Participate In Practice,D.J. Jones,OUT
2023,6,DEN,LB,Baron Browning,00-0036995,Out,Knee,Limited Participation in Practice,Baron Browning,OUT
2023,6,DEN,TE,Greg Dulcich,00-0037252,Questionable,Hamstring,Full Participation in Practice,Greg Dulcich,QUESTIONABLE
2023,6,DET,QB,Teddy Bridgewater,00-0031237,,,Did Not Participate In Practice,Teddy Bridgewater,
2023,6,DET,T,Taylor Decker,00-0032381,,,Full Participation in Practice,Taylor Decker,
2023,6,DET,C,Frank Ragnow,00-0034345,,,Full Participation in Practice,Frank Ragnow,
2023,6,DET,WR,Amon-Ra St. Brown,00-0036963,,,Full Participation in Practice,Amon-Ra St. Brown,
2023,6,DET,S,Brian Branch,00-0039141,Out,Ankle,Did Not Participate In Practice,Brian Branch,OUT
2023,6,DET,RB,Jahmyr Gibbs,00-0039139,Out,Hamstring,Did Not Participate In Practice,Jahmyr Gibbs,OUT
2023,6,DET,G,Jonah Jackson,00-0036258,Out,Ankle,Did Not Participate In Practice,Jonah Jackson,OUT
2023,6,DET,RB,Zonovan Knight,00-0037157,Out,Shoulder,Did Not Participate In Practice,Zonovan Knight,OUT
2023,6,DET,TE,James Mitchell,00-0037282,Out,Hamstring,Did Not Participate In Practice,James Mitchell,OUT
2023,6,DET,CB,Emmanuel Moseley,00-0034096,Out,Knee,Did Not Participate In Practice,Emmanuel Moseley,OUT
2023,6,DET,DE,Josh Paschal,00-0038096,Out,Knee,Limited Participation in Practice,Josh Paschal,OUT
2023,6,DET,CB,Khalil Dorsey,00-0036124,Questionable,Illness,Full Participation in Practice,Khalil Dorsey,QUESTIONABLE
2023,6,DET,TE,Sam LaPorta,00-0039065,Questionable,Calf,Limited Participation in Practice,Sam LaPorta,QUESTIONABLE
2023,6,HOU,WR,Noah Brown,00-0033591,,,Full Participation in Practice,Noah Brown,
2023,6,HOU,LB,Blake Cashman,00-0035276,,,Full Participation in Practice,Blake Cashman,
2023,6,HOU,DT,Maliek Collins,00-0033131,,,Full Participation in Practice,Maliek Collins,
2023,6,HOU,T,George Fant,00-0032466,,,Full Participation in Practice,George Fant,
2023,6,HOU,CB,Shaquill Griffin,00-0033926,,,Full Participation in Practice,Shaquill Griffin,
2023,6,HOU,T,Tytus Howard,00-0035234,,,Full Participation in Practice,Tytus Howard,
2023,6,HOU,G,Josh Jones,00-0036363,,,Full Participation in Practice,Josh Jones,
2023,6,HOU,G,Shaquille Mason,00-0031580,,,Full Participation in Practice,Shaquille Mason,
2023,6,HOU,LB,Denzel Perryman,00-0032103,,,Full Participation in Practice,Denzel Perryman,
2023,6,HOU,CB,Tavierre Thomas,00-0034488,,,Full Participation in Practice,Tavierre Thomas,
2023,6,HOU,T,Laremy Tunsil,00-0032380,,,Full Participation in Practice,Laremy Tunsil,
2023,6,HOU,LB,Christian Harris,00-0037823,Questionable,Concussion,Full Participation in Practice,Christian Harris,QUESTIONABLE
2023,6,HOU,WR,Robert Woods,00-0030431,Questionable,Ribs,Full Participation in Practice,Robert Woods,QUESTIONABLE
2023,6,HOU,WR,Tank Dell,00-0038977,Questionable,Concussion,Limited Participation in Practice,Tank Dell,QUESTIONABLE
2023,6,IND,DT,DeForest Buckner,00-0032378,,,Did Not Participate In Practice,DeForest Buckner,
2023,6,IND,DT,Grover Stewart,00-0033952,,,Did Not Participate In Practice,Grover Stewart,
2023,6,IND,LB,Shaquille Leonard,00-0034846,,,Full Participation in Practice,Shaquille Leonard,
2023,6,IND,DE,Kwity Paye,00-0036479,,,Full Participation in Practice,Kwity Paye,
2023,6,IND,T,Bernhard Raimann,00-0037757,,,Full Participation in Practice,Bernhard Raimann,
2023,6,IND,T,Braden Smith,00-0034836,Out,Foot/Wrist/Hip,Did Not Participate In Practice,Braden Smith,OUT
2023,6,IND,C,Ryan Kelly,00-0032383,Questionable,Ankle,Did Not Participate In Practice,Ryan Kelly,QUESTIONABLE
2023,6,IND,TE,Mo Alie-Cox,00-0033217,Questionable,Concussion,Full Participation in Practice,Mo Alie-Cox,QUESTIONABLE
2023,6,JAX,T,Cam Robinson,00-0033889,,,Full Participation in Practice,Cam Robinson,
2023,6,JAX,DE,Dawuane Smoot,00-0033907,,,Full Participation in Practice,Dawuane Smoot,
2023,6,JAX,CB,Christian Braswell,00-0038616,Out,Hamstring,Did Not Participate In Practice,Christian Braswell,OUT
2023,6,JAX,WR,Zay Jones,00-0033891,Out,Knee,Did Not Participate In Practice,Zay Jones,OUT
2023,6,JAX,T,Walker Little,00-0036975,Out,Knee,Did Not Participate In Practice,Walker Little,OUT
2023,6,JAX,DT,Davon Hamilton,00-0036262,Out,Back,Limited Participation in Practice,Davon Hamilton,OUT
2023,6,JAX,LB,Devin Lloyd,00-0037244,Questionable,Thumb,Limited Participation in Practice,Devin Lloyd,QUESTIONABLE
2023,6,KC,LB,Nick Bolton,00-0036621,,,Full Participation in Practice,Nick Bolton,
2023,6,KC,DE,Michael Danna,00-0036378,,,Full Participation in Practice,Michael Danna,
2023,6,KC,DT,Matt Dickerson,00-0034657,,,Full Participation in Practice,Matt Dickerson,
2023,6,KC,CB,Trent McDuffie,00-0037191,,,Full Participation in Practice,Trent McDuffie,
2023,6,KC,CB,L'Jarius Sneed,00-0036374,,,Full Participation in Practice,L'Jarius Sneed,
2023,6,KC,WR,Kadarius Toney,00-0036913,,,Full Participation in Practice,Kadarius Toney,
2023,6,KC,LB,Drue Tranquill,00-0035262,,,Full Participation in Practice,Drue Tranquill,
2023,6,KC,DE,George Karlaftis,00-0037192,Questionable,Hamstring,Limited Participation in Practice,George Karlaftis,QUESTIONABLE
2023,6,KC,TE,Travis Kelce,00-0030506,Questionable,Ankle,Limited Participation in Practice,Travis Kelce,QUESTIONABLE
2023,6,KC,P,Tommy Townsend,00-0035889,Questionable,left Knee,Limited Participation in Practice,Tommy Townsend,QUESTIONABLE
2023,6,LA,C,Brian Allen,00-0034804,,,Did Not Participate In Practice,Brian Allen,
2023,6,LA,DT,Aaron Donald,00-0031388,,,Did Not Participate In Practice,Aaron Donald,
2023,6,LA,G,Kevin Dotson,00-0036339,,,Full Participation in Practice,Kevin Dotson,
2023,6,LA,LB,Christian Rozeboom,00-0035942,,,Full Participation in Practice,Christian Rozeboom,
2023,6,LA,WR,Ben Skowronek,00-0036862,,,Full Participation in Practice,Ben Skowronek,
2023,6,LA,LB,Ernest Jones,00-0036994,Questionable,Knee,Limited Participation in Practice,Ernest Jones,QUESTIONABLE
2023,6,LA,DT,Larrell Murchison,00-0036237,Questionable,Knee,Limited Participation in Practice,Larrell Murchison,QUESTIONABLE
2023,6,LA,T,Joseph Noteboom,00-0034803,Questionable,Groin,Limited Participation in Practice,Joseph Noteboom,QUESTIONABLE
2023,6,LAC,DE,Khalil Mack,00-0031040,,,Did Not Participate In Practice,Khalil Mack,
2023,6,LAC,RB,Austin Ekeler,00-0033699,,,Full Participation in Practice,Austin Ekeler,
2023,6,LAC,QB,Justin Herbert,00-0036355,,,Full Participation in Practice,Justin Herbert,
2023,6,LAC,S,Derwin James,00-0034790,,,Full Participation in Practice,Derwin James,
2023,6,LAC,T,Trey Pipkins,00-0035688,,,Full Participation in Practice,Trey Pipkins,
2023,6,LAC,T,Rashawn Slater,00-0037009,,,Full Participation in Practice,Rashawn Slater,
2023,6,LAC,S,Alohi Gilman,00-0036380,Doubtful,Heel,Did Not Participate In Practice,Alohi Gilman,DOUBTFUL
2023,6,LAC,CB,Deane Leonard,00-0037320,Doubtful,Hamstring,Did Not Participate In Practice,Deane Leonard,DOUBTFUL
2023,6,LAC,TE,Donald Parham,00-0035329,Questionable,Wrist,Full Participation in Practice,Donald Parham,QUESTIONABLE
2023,6,LAC,DE,Joey Bosa,00-0033156,Questionable,Toe,Limited Participation in Practice,Joey Bosa,QUESTIONABLE
2023,6,LAC,DT,Nicholas Williams,00-0030500,Questionable,Back,Limited Participation in Practice,Nicholas Williams,QUESTIONABLE
2023,6,LV,WR,Davante Adams,00-0031381,,,Full Participation in Practice,Davante Adams,
2023,6,LV,S,Marcus Epps,00-0034993,,,Full Participation in Practice,Marcus Epps,
2023,6,LV,DE,Malcolm Koonce,00-0036989,,,Full Participation in Practice,Malcolm Koonce,
2023,6,LV,CB,David Long,00-0035665,,,Full Participation in Practice,David Long,
2023,6,LV,WR,Jakobi Meyers,00-0034960,,,Full Participation in Practice,Jakobi Meyers,
2023,6,LV,CB,Amik Robertson,00-0036375,,,Full Participation in Practice,Amik Robertson,
2023,6,LV,WR,Tre Tucker,00-0038563,,,Full Participation in Practice,Tre Tucker,
2023,6,LV,DE,Maxx Crosby,00-0034973,,,Limited Participation in Practice,Maxx Crosby,
2023,6,LV,CB,Nate Hobbs,00-0036871,Out,Ankle,Did Not Participate In Practice,Nate Hobbs,OUT
2023,6,LV,T,Justin Herron,00-0036163,Out,Concussion,Limited Participation in Practice,Justin Herron,OUT
2023,6,LV,CB,Jakorian Bennett,00-0039072,Questionable,Shoulder,Limited Participation in Practice,Jakorian Bennett,QUESTIONABLE
2023,6,MIA,CB,Xavien Howard,00-0033050,,,Did Not Participate In Practice,Xavien Howard,
2023,6,MIA,WR,Braxton Berrios,00-0034419,,,Full Participation in Practice,Braxton Berrios,
2023,6,MIA,G,Robert Hunt,00-0036325,,,Full Participation in Practice,Robert Hunt,
2023,6,MIA,WR,Tyreek Hill,00-0033040,,,Limited Participation in Practice,Tyreek Hill,
2023,6,MIA,RB,Raheem Mostert,00-0031687,,,Limited Participation in Practice,Raheem Mostert,
2023,6,MIA,C,Connor Williams,00-0034352,Out,Groin,Did Not Participate In Practice,Connor Williams,OUT
2023,6,MIA,CB,Nik Needham,00-0035346,Doubtful,Achilles,Limited Participation in Practice,Nik Needham,DOUBTFUL
2023,6,MIA,RB,Jeffery Wilson,00-0034115,Doubtful,Ribs,Limited Participation in Practice,Jeffery Wilson,DOUBTFUL
2023,6,MIA,FB,Alec Ingold,00-0035125,Questionable,Foot,Limited Participation in Practice,Alec Ingold,QUESTIONABLE
2023,6,MIA,G,Robert Jones,00-0036596,Questionable,Knee,Limited Participation in Practice,Robert Jones,QUESTIONABLE
2023,6,MIA,LB,Jaelan Phillips,00-0036934,Questionable,Oblique,Limited Participation in Practice,Jaelan Phillips,QUESTIONABLE
2023,6,MIN,WR,Jordan Addison,00-0038994,,,Full Participation in Practice,Jordan Addison,
2023,6,MIN,S,Lewis Cine,00-0037245,,,Full Participation in Practice,Lewis Cine,
2023,6,MIN,DE,Marcus Davenport,00-0034344,,,Full Participation in Practice,Marcus Davenport,
2023,6,MIN,CB,Akayleb Evans,00-0038101,,,Full Participation in Practice,Akayleb Evans,
2023,6,MIN,RB,Kene Nwangwu,00-0036842,Questionable,Back,Full Participation in Practice,Kene Nwangwu,QUESTIONABLE
2023,6,NE,WR,Demario Douglas,00-0038621,Out,Concussion,Did Not Participate In Practice,Demario Douglas,OUT
2023,6,NE,LB,Matt Judon,00-0032415,Out,Elbow,Did Not Participate In Practice,Matt Judon,OUT
2023,6,NE,WR,JuJu Smith-Schuster,00-0033857,Out,Concussion,Did Not Participate In Practice,JuJu Smith-Schuster,OUT
2023,6,NE,S,Cody Davis,00-0029764,Out,Knee,Limited Participation in Practice,Cody Davis,OUT
2023,6,NE,T,Riley Reiff,00-0029672,Out,Knee,Limited Participation in Practice,Riley Reiff,OUT
2023,6,NE,G,Cole Strange,00-0038103,Out,Knee,Limited Participation in Practice,Cole Strange,OUT
2023,6,NE,T,Tyrone Wheatley,00-0036966,Out,Knee,Limited Participation in Practice,Tyrone Wheatley,OUT
2023,6,NE,DT,Christian Barmore,00-0036981,Questionable,Knee,Limited Participation in Practice,Christian Barmore,QUESTIONABLE
2023,6,NE,T,Trenton Brown,00-0032071,Questionable,Chest,Limited Participation in Practice,Trenton Brown,QUESTIONABLE
2023,6,NE,S,Kyle Dugger,00-0036231,Questionable,Foot,Limited Participation in Practice,Kyle Dugger,QUESTIONABLE
2023,6,NE,DE,Trey Flowers,00-0031566,Questionable,Foot,Limited Participation in Practice,Trey Flowers,QUESTIONABLE
2023,6,NE,DT,Davon Godchaux,00-0033860,Questionable,Ankle,Limited Participation in Practice,Davon Godchaux,QUESTIONABLE
2023,6,NE,CB,Jonathan Jones,00-0032580,Questionable,Ankle,Limited Participation in Practice,Jonathan Jones,QUESTIONABLE
2023,6,NE,G,Michael Onwenu,00-0036198,Questionable,Ankle,Limited Participation in Practice,Michael Onwenu,QUESTIONABLE
2023,6,NE,WR,Tyquan Thornton,00-0038104,Questionable,Shoulder,Limited Participation in Practice,Tyquan Thornton,QUESTIONABLE
2023,6,NE,LB,Josh Uche,00-0036159,Questionable,Knee,Limited Participation in Practice,Josh Uche,QUESTIONABLE
2023,6,NE,CB,Shaun Wade,00-0036559,Questionable,Shoulder,Limited Participation in Practice,Shaun Wade,QUESTIONABLE
2023,6,NO,QB,Derek Carr,00-0031280,,,Full Participation in Practice,Derek Carr,
2023,6,NO,T,James Hurst,00-0030694,,,Full Participation in Practice,James Hurst,
2023,6,NO,DE,Cameron Jordan,00-0027962,,,Full Participation in Practice,Cameron Jordan,
2023,6,NO,S,Marcus Maye,00-0033892,,,Full Participation in Practice,Marcus Maye,
2023,6,NO,WR,Chris Olave,00-0037239,,,Full Participation in Practice,Chris Olave,
2023,6,NO,TE,Jimmy Graham,00-0027696,,,Limited Participation in Practice,Jimmy Graham,
2023,6,NO,T,Ryan Ramczyk,00-0033888,,,Limited Participation in Practice,Ryan Ramczyk,
2023,6,NO,S,J.T. Gray,00-0034116,Out,Hamstring,Did Not Participate In Practice,J.T. Gray,OUT
2023,6,NO,CB,Lonnie Johnson,00-0035244,Out,Hamstring,Did Not Participate In Practice,Lonnie Johnson,OUT
2023,6,NO,TE,Juwan Johnson,00-0036040,Out,Calf,Did Not Participate In Practice,Juwan Johnson,OUT
2023,6,NO,FB,Adam Prentice,00-0036727,Out,Knee,Did Not Participate In Practice,Adam Prentice,OUT
2023,6,NO,T,Landon Young,00-0036930,Out,Hip,Did Not Participate In Practice,Landon Young,OUT
2023,6,NO,G,Andrus Peat,00-0032203,Questionable,Groin,Did Not Participate In Practice,Andrus Peat,QUESTIONABLE
2023,6,NYG,CB,Deonte Banks,00-0039000,,,Full Participation in Practice,Deonte Banks,
2023,6,NYG,CB,Cordale Flott,00-0037758,,,Full Participation in Practice,Cordale Flott,
2023,6,NYG,P,Jamie Gillan,00-0035042,,,Full Participation in Practice,Jamie Gillan,
2023,6,NYG,CB,Adoree' Jackson,00-0033878,,,Full Participation in Practice,Adoree' Jackson,
2023,6,NYG,T,Marcus McKethan,00-0037279,,,Full Participation in Practice,Marcus McKethan,
2023,6,NYG,WR,Wan'Dale Robinson,00-0038117,,,Limited Participation in Practice,Wan'Dale Robinson,
2023,6,NYG,QB,Daniel Jones,00-0035710,Out,Neck,Did Not Participate In Practice,Daniel Jones,OUT
2023,6,NYG,DE,Azeez Ojulari,00-0036552,Out,Ankle,Did Not Participate In Practice,Azeez Ojulari,OUT
2023,6,NYG,T,Matt Peart,00-0036392,Out,Shoulder,Did Not Participate In Practice,Matt Peart,OUT
2023,6,NYG,C,John Michael Schmitz,00-0039019,Out,Shoulder,Did Not Participate In Practice,John Michael Schmitz,OUT
2023,6,NYG,T,Andrew Thomas,00-0036386,Out,Hamstring,Did Not Participate In Practice,Andrew Thomas,OUT
2023,6,NYG,DT,D.J. Davidson,00-0037260,Questionable,Knee,Did Not Participate In Practice,D.J. Davidson,QUESTIONABLE
2023,6,NYG,T,Evan Neal,00-0037612,Questionable,Ankle,Did Not Participate In Practice,Evan Neal,QUESTIONABLE
2023,6,NYG,RB,Saquon Barkley,00-0034844,Questionable,Ankle,Limited Participation in Practice,Saquon Barkley,QUESTIONABLE
2023,6,NYG,RB,Gary Brightwell,00-0036569,Questionable,Ankle,Limited Participation in Practice,Gary Brightwell,QUESTIONABLE
2023,6,NYG,G,Shane Lemieux,00-0036397,Questionable,Groin,Limited Participation in Practice,Shane Lemieux,QUESTIONABLE
2023,6,NYG,LB,Micah McFadden,00-0037259,Questionable,Ankle,Limited Participation in Practice,Micah McFadden,QUESTIONABLE
2023,6,NYG,TE,Darren Waller,00-0031610,Questionable,Groin,Limited Participation in Practice,Darren Waller,QUESTIONABLE
2023,6,NYJ,T,Mekhi Becton,00-0036284,,,Full Participation in Practice,Mekhi Becton,
2023,6,NYJ,C,Joe Tippmann,00-0039145,,,Full Participation in Practice,Joe Tippmann,
2023,6,NYJ,T,Billy Turner,00-0031433,,,Full Participation in Practice,Billy Turner,
2023,6,NYJ,CB,Brandin Echols,00-0036504,Out,Hamstring,Did Not Participate In Practice,Brandin Echols,OUT
2023,6,NYJ,CB,Justin Hardee,00-0033770,Out,Hamstring,Did Not Participate In Practice,Justin Hardee,OUT
2023,6,NYJ,CB,D.J. Reed,00-0034384,Out,Concussion,Did Not Participate In Practice,D.J. Reed,OUT
2023,6,NYJ,CB,Ahmad Gardner,00-0037190,Questionable,Illness,Did Not Participate In Practice,Ahmad Gardner,QUESTIONABLE
2023,6,NYJ,FB,Nick Bawden,00-0034433,Questionable,Calf,Full Participation in Practice,Nick Bawden,QUESTIONABLE
2023,6,NYJ,DE,Micheal Clemons,00-0038107,Questionable,Ankle,Limited Participation in Practice,Micheal Clemons,QUESTIONABLE
2023,6,NYJ,WR,Xavier Gipson,00-0038496,Questionable,Ankle,Limited Participation in Practice,Xavier Gipson,QUESTIONABLE
2023,6,PHI,DT,Fletcher Cox,00-0029653,,,Full Participation in Practice,Fletcher Cox,
2023,6,PHI,LB,Nakobe Dean,00-0037615,,,Full Participation in Practice,Nakobe Dean,
2023,6,PHI,RB,Rashaad Penny,00-0034750,,,Full Participation in Practice,Rashaad Penny,
2023,6,PHI,TE,Jack Stoll,00-0036741,,,Full Participation in Practice,Jack Stoll,
2023,6,PHI,DT,Jalen Carter,00-0038386,Out,Ankle,Did Not Participate In Practice,Jalen Carter,OUT
2023,6,PHI,S,Justin Evans,00-0033898,Out,Knee,Did Not Participate In Practice,Justin Evans,OUT
2023,6,PHI,CB,Darius Slay,00-0030062,Out,Knee,Did Not Participate In Practice,Darius Slay,OUT
2023,6,PHI,WR,Quez Watkins,00-0036271,Out,Hamstring,Did Not Participate In Practice,Quez Watkins,OUT
2023,6,PHI,S,Sydney Brown,00-0039002,Questionable,Hamstring,Limited Participation in Practice,Sydney Brown,QUESTIONABLE
2023,6,PHI,DT,Marlon Tuipulotu,00-0036920,Questionable,Triceps,Limited Participation in Practice,Marlon Tuipulotu,QUESTIONABLE
2023,6,SEA,LB,Jordyn Brooks,00-0036409,,,Full Participation in Practice,Jordyn Brooks,
2023,6,SEA,T,Charles Cross,00-0037821,,,Full Participation in Practice,Charles Cross,
2023,6,SEA,DE,Dre'Mont Jones,00-0035678,,,Full Participation in Practice,Dre'Mont Jones,
2023,6,SEA,WR,DK Metcalf,00-0035640,,,Full Participation in Practice,DK Metcalf,
2023,6,SEA,DT,Jarran Reed,00-0032387,,,Full Participation in Practice,Jarran Reed,
2023,6,SEA,QB,Geno Smith,00-0030565,,,Full Participation in Practice,Geno Smith,
2023,6,SEA,S,Jamal Adams,00-0033872,,,Limited Participation in Practice,Jamal Adams,
2023,6,SEA,CB,Coby Bryant,00-0038136,Out,Toe,Did Not Participate In Practice,Coby Bryant,OUT
2023,6,SEA,CB,Artie Burns,00-0033103,Out,Hamstring,Did Not Participate In Practice,Artie Burns,OUT
2023,6,SEA,G,Damien Lewis,00-0036417,Doubtful,Ankle,Did Not Participate In Practice,Damien Lewis,DOUBTFUL
2023,6,SEA,G,Phil Haynes,00-0035141,Questionable,Calf,Full Participation in Practice,Phil Haynes,QUESTIONABLE
2023,6,SEA,QB,Drew Lock,00-0035704,Questionable,Ankle,Limited Participation in Practice,Drew Lock,QUESTIONABLE
2023,6,SF,TE,George Kittle,00-0033288,,,Did Not Participate In Practice,George Kittle,
2023,6,SF,T,Trent Williams,00-0027857,,,Did Not Participate In Practice,Trent Williams,
2023,6,SF,G,Aaron Banks,00-0036551,,,Full Participation in Practice,Aaron Banks,
2023,6,SF,LB,Dre Greenlaw,00-0034982,Questionable,Hamstring,Limited Participation in Practice,Dre Greenlaw,QUESTIONABLE
2023,6,SF,RB,Elijah Mitchell,00-0036567,Questionable,Knee,Limited Participation in Practice,Elijah Mitchell,QUESTIONABLE
2023,6,TB,LB,Lavonte David,00-0029562,,,Did Not Participate In Practice,Lavonte David,
2023,6,TB,CB,Jamel Dean,00-0035699,,,Full Participation in Practice,Jamel Dean,
2023,6,TB,LB,SirVocea Dennis,00-0039049,,,Full Participation in Practice,SirVocea Dennis,
2023,6,TB,WR,Mike Evans,00-0031408,,,Full Participation in Practice,Mike Evans,
2023,6,TB,T,Luke Goedeke,00-0037835,,,Full Participation in Practice,Luke Goedeke,
2023,6,TB,DT,Calijah Kancey,00-0039063,,,Full Participation in Practice,Calijah Kancey,
2023,6,TB,S,Ryan Neal,00-0034527,,,Full Participation in Practice,Ryan Neal,
2023,6,TB,CB,Derrek Pitts,00-0038827,,,Full Participation in Practice,Derrek Pitts,
2023,6,TB,LB,Devin White,00-0035707,,,Full Participation in Practice,Devin White,
2023,6,TB,LB,Anthony Nelson,00-0035254,Doubtful,Concussion,Full Participation in Practice,Anthony Nelson,DOUBTFUL
2023,6,TB,LB,Shaquil Barrett,00-0031101,Questionable,Illness,Did Not Participate In Practice,Shaquil Barrett,QUESTIONABLE
2023,6,TEN,LB,Azeez Al-Shaair,00-0035166,,,Full Participation in Practice,Azeez Al-Shaair,
2023,6,TEN,DE,Denico Autry,00-0031254,,,Full Participation in Practice,Denico Autry,
2023,6,TEN,S,Amani Hooker,00-0035632,,,Full Participation in Practice,Amani Hooker,
2023,6,TEN,RB,Derrick Henry,00-0032764,,,Limited Participation in Practice,Derrick Henry,
2023,6,TEN,WR,DeAndre Hopkins,00-0030564,,,Limited Participation in Practice,DeAndre Hopkins,
2023,6,TEN,DT,Jeffery Simmons,00-0035643,,,Limited Participation in Practice,Jeffery Simmons,
2023,6,TEN,WR,Treylon Burks,00-0037742,Out,Knee,Did Not Participate In Practice,Treylon Burks,OUT
2023,6,TEN,LB,Luke Gifford,00-0035413,Out,Hamstring,Did Not Participate In Practice,Luke Gifford,OUT
2023,6,TEN,CB,Elijah Molden,00-0036992,Out,Hamstring,Did Not Participate In Practice,Elijah Molden,OUT
2023,6,TEN,C,Aaron Brewer,00-0036171,Questionable,Neck,Limited Participation in Practice,Aaron Brewer,QUESTIONABLE
2023,6,TEN,DT,Teair Tart,00-0036181,Questionable,Toe,Limited Participation in Practice,Teair Tart,QUESTIONABLE
2023,6,WAS,TE,Curtis Hodges,00-0037164,,,Full Participation in Practice,Curtis Hodges,
2023,6,WAS,T,Charles Leno,00-0031095,,,Full Participation in Practice,Charles Leno,
2023,6,WAS,WR,Curtis Samuel,00-0033282,,,Full Participation in Practice,Curtis Samuel,
2023,6,WAS,CB,Christian Holmes,00-0037095,Out,Hamstring,Did Not Participate In Practice,Christian Holmes,OUT
2023,6,WAS,DE,Efe Obada,00-0031500,Questionable,Knee,Full Participation in Practice,Efe Obada,QUESTIONABLE
2023,7,ARI,LB,Zaven Collins,00-0036933,,,Did Not Participate In Practice,Zaven Collins,
2023,7,ARI,T,Kelvin Beachum,00-0029316,,,Full Participation in Practice,Kelvin Beachum,
2023,7,ARI,DE,Jonathan Ledbetter,00-0035343,,,Full Participation in Practice,Jonathan Ledbetter,
2023,7,ARI,CB,Antonio Hamilton,00-0032933,Out,Groin,Did Not Participate In Practice,Antonio Hamilton,OUT
2023,7,ARI,S,Jalen Thompson,00-0035705,Out,Hamstring,Did Not Participate In Practice,Jalen Thompson,OUT
2023,7,ARI,G,Elijah Wilkinson,00-0033676,Out,Neck,Did Not Participate In Practice,Elijah Wilkinson,OUT
2023,7,ARI,QB,Kyler Murray,00-0035228,Out,Knee,Limited Participation in Practice,Kyler Murray,OUT
2023,7,ARI,WR,Zach Pascal,00-0033251,Questionable,Neck,Did Not Participate In Practice,Zach Pascal,QUESTIONABLE
2023,7,ARI,S,Budda Baker,00-0033890,Questionable,Hamstring,Limited Participation in Practice,Budda Baker,QUESTIONABLE
2023,7,ARI,CB,Kei'Trel Clark,00-0038984,Questionable,Hamstring,Limited Participation in Practice,Kei'Trel Clark,QUESTIONABLE
2023,7,ARI,DT,Kevin Strong,00-0035334,Questionable,Calf,Limited Participation in Practice,Kevin Strong,QUESTIONABLE
2023,7,ARI,CB,Garrett Williams,00-0039007,Questionable,Knee,Limited Participation in Practice,Garrett Williams,QUESTIONABLE
2023,7,ARI,LB,Josh Woods,00-0034801,Questionable,Back,Limited Participation in Practice,Josh Woods,QUESTIONABLE
2023,7,ATL,DE,Calais Campbell,00-0026190,,,Did Not Participate In Practice,Calais Campbell,
2023,7,BAL,LB,Jadeveon Clowney,00-0031364,,,Full Participation in Practice,Jadeveon Clowney,
2023,7,BAL,CB,Ronald Darby,00-0032195,,,Full Participation in Practice,Ronald Darby,
2023,7,BAL,LB,Malik Harrison,00-0036280,,,Full Participation in Practice,Malik Harrison,
2023,7,BAL,LB,Odafe Oweh,00-0036940,,,Full Participation in Practice,Odafe Oweh,
2023,7,BAL,DE,Brent Urban,00-0031177,,,Full Participation in Practice,Brent Urban,
2023,7,BAL,CB,Kevon Seymour,00-0032942,Out,Ankle,Did Not Participate In Practice,Kevon Seymour,OUT
2023,7,BAL,S,Marcus Williams,00-0033894,Out,Hamstring,Did Not Participate In Practice,Marcus Williams,OUT
2023,7,BAL,CB,Marlon Humphrey,00-0033281,Questionable,Illness,"
    ",Marlon Humphrey,QUESTIONABLE
2023,7,BUF,RB,Damien Harris,00-0035657,,,Did Not Participate In Practice,Damien Harris,
2023,7,BUF,QB,Josh Allen,00-0034857,,,Full Participation in Practice,Josh Allen,
2023,7,BUF,T,Spencer Brown,00-0036976,,,Full Participation in Practice,Spencer Brown,
2023,7,BUF,DE,A.J. Epenesa,00-0036192,,,Full Participation in Practice,A.J. Epenesa,
2023,7,BUF,CB,Dane Jackson,00-0036166,,,Full Participation in Practice,Dane Jackson,
2023,7,BUF,TE,Dalton Kincaid,00-0038933,,,Full Participation in Practice,Dalton Kincaid,
2023,7,BUF,TE,Dawson Knox,00-0035689,,,Full Participation in Practice,Dawson Knox,
2023,7,BUF,DE,Gregory Rousseau,00-0036914,,,Full Participation in Practice,Gregory Rousseau,
2023,7,BUF,CB,Kaiir Elam,00-0037242,,,Limited Participation in Practice,Kaiir Elam,
2023,7,BUF,TE,Quintin Morris,00-0036590,Out,Ankle,Did Not Participate In Practice,Quintin Morris,OUT
2023,7,BUF,DT,Ed Oliver,00-0035230,Out,Toe,Did Not Participate In Practice,Ed Oliver,OUT
2023,7,BUF,CB,Cameron Lewis,00-0035357,Questionable,Shoulder,Full Participation in Practice,Cameron Lewis,QUESTIONABLE
2023,7,CHI,TE,Marcedes Lewis,00-0024243,,,Did Not Participate In Practice,Marcedes Lewis,
2023,7,CHI,RB,Travis Homer,00-0035594,,,Full Participation in Practice,Travis Homer,
2023,7,CHI,C,Doug Kramer,00-0037088,,,Full Participation in Practice,Doug Kramer,
2023,7,CHI,DE,Yannick Ngakoue,00-0033123,,,Full Participation in Practice,Yannick Ngakoue,
2023,7,CHI,G,Nate Davis,00-0035649,Out,Ankle,Did Not Participate In Practice,Nate Davis,OUT
2023,7,CHI,QB,Justin Fields,00-0036945,Out,right Thumb,Did Not Participate In Practice,Justin Fields,OUT
2023,7,CHI,S,Eddie Jackson,00-0033784,Out,Foot,Did Not Participate In Practice,Eddie Jackson,OUT
2023,7,CHI,RB,Roschon Johnson,00-0039021,Out,Concussion,Did Not Participate In Practice,Roschon Johnson,OUT
2023,7,CHI,CB,Terell Smith,00-0038395,Out,Illness,Did Not Participate In Practice,Terell Smith,OUT
2023,7,CHI,T,Darnell Wright,00-0038932,Questionable,Shoulder,Full Participation in Practice,Darnell Wright,QUESTIONABLE
2023,7,CHI,S,Jaquan Brisker,00-0038135,Questionable,Groin,Limited Participation in Practice,Jaquan Brisker,QUESTIONABLE
2023,7,CHI,C,Dan Feeney,00-0033910,Questionable,Knee,Limited Participation in Practice,Dan Feeney,QUESTIONABLE
2023,7,CLE,DE,Myles Garrett,00-0033868,,,Did Not Participate In Practice,Myles Garrett,
2023,7,CLE,DT,Dalvin Tomlinson,00-0033546,,,Did Not Participate In Practice,Dalvin Tomlinson,
2023,7,CLE,G,Joel Bitonio,00-0031426,,,Full Participation in Practice,Joel Bitonio,
2023,7,CLE,WR,Amari Cooper,00-0031544,,,Full Participation in Practice,Amari Cooper,
2023,7,CLE,K,Dustin Hopkins,00-0030098,,,Full Participation in Practice,Dustin Hopkins,
2023,7,CLE,WR,Cedric Tillman,00-0038979,,,Full Participation in Practice,Cedric Tillman,
2023,7,CLE,LB,Anthony Walker,00-0033570,,,Full Participation in Practice,Anthony Walker,
2023,7,CLE,LB,Sione Takitaki,00-0035646,Out,Hamstring,Did Not Participate In Practice,Sione Takitaki,OUT
2023,7,CLE,QB,Deshaun Watson,00-0033537,Questionable,right Shoulder,Full Participation in Practice,Deshaun Watson,QUESTIONABLE
2023,7,CLE,TE,Harrison Bryant,00-0036232,Questionable,Hip,Limited Participation in Practice,Harrison Bryant,QUESTIONABLE
2023,7,CLE,RB,Kareem Hunt,00-0033923,Questionable,Thigh,Limited Participation in Practice,Kareem Hunt,QUESTIONABLE
2023,7,CLE,CB,Greg Newsome,00-0036996,Questionable,Hamstring,Limited Participation in Practice,Greg Newsome,QUESTIONABLE
2023,7,DEN,LB,Baron Browning,00-0036995,,,Full Participation in Practice,Baron Browning,
2023,7,DEN,C,Lloyd Cushenberry,00-0036391,,,Full Participation in Practice,Lloyd Cushenberry,
2023,7,DEN,S,Kareem Jackson,00-0027872,,,Full Participation in Practice,Kareem Jackson,
2023,7,DEN,DT,D.J. Jones,00-0033297,,,Full Participation in Practice,D.J. Jones,
2023,7,DEN,S,Justin Simmons,00-0032971,,,Full Participation in Practice,Justin Simmons,
2023,7,DEN,TE,Greg Dulcich,00-0037252,Out,Hamstring,Did Not Participate In Practice,Greg Dulcich,OUT
2023,7,DET,S,Brian Branch,00-0039141,,,Full Participation in Practice,Brian Branch,
2023,7,DET,QB,Teddy Bridgewater,00-0031237,,,Full Participation in Practice,Teddy Bridgewater,
2023,7,DET,RB,Jahmyr Gibbs,00-0039139,,,Full Participation in Practice,Jahmyr Gibbs,
2023,7,DET,TE,Sam LaPorta,00-0039065,,,Full Participation in Practice,Sam LaPorta,
2023,7,DET,C,Frank Ragnow,00-0034345,,,Full Participation in Practice,Frank Ragnow,
2023,7,DET,WR,Marvin Jones,00-0029293,Out,Not injury related - personal matter,"
    ",Marvin Jones,OUT
2023,7,DET,G,Jonah Jackson,00-0036258,Out,Ankle,Did Not Participate In Practice,Jonah Jackson,OUT
2023,7,DET,RB,David Montgomery,00-0035685,Out,Ribs,Did Not Participate In Practice,David Montgomery,OUT
2023,7,DET,CB,Jerry Jacobs,00-0036748,Questionable,Knee,"
    ",Jerry Jacobs,QUESTIONABLE
2023,7,DET,TE,James Mitchell,00-0037282,Questionable,Hamstring,Limited Participation in Practice,James Mitchell,QUESTIONABLE
2023,7,DET,DE,Josh Paschal,00-0038096,Questionable,Knee,Limited Participation in Practice,Josh Paschal,QUESTIONABLE
2023,7,DET,RB,Craig Reynolds,00-0035567,Questionable,Hamstring,Limited Participation in Practice,Craig Reynolds,QUESTIONABLE
2023,7,GB,LB,De'Vondre Campbell,00-0032401,Doubtful,Ankle,Limited Participation in Practice,De'Vondre Campbell,DOUBTFUL
2023,7,GB,CB,Jaire Alexander,00-0034728,Questionable,Back,Did Not Participate In Practice,Jaire Alexander,QUESTIONABLE
2023,7,GB,G,Elgton Jenkins,00-0035526,Questionable,Knee,Did Not Participate In Practice,Elgton Jenkins,QUESTIONABLE
2023,7,GB,S,Zayne Anderson,00-0036677,Questionable,Hamstring,Limited Participation in Practice,Zayne Anderson,QUESTIONABLE
2023,7,GB,RB,Aaron Jones,00-0033293,Questionable,Hamstring,Limited Participation in Practice,Aaron Jones,QUESTIONABLE
2023,7,GB,T,Yosuah Nijman,00-0035084,Questionable,Knee,Limited Participation in Practice,Yosuah Nijman,QUESTIONABLE
2023,7,GB,S,Darnell Savage,00-0034968,Questionable,Calf,Limited Participation in Practice,Darnell Savage,QUESTIONABLE
2023,7,GB,CB,Eric Stokes,00-0036901,Questionable,Foot,Limited Participation in Practice,Eric Stokes,QUESTIONABLE
2023,7,GB,LB,Quay Walker,00-0037074,Questionable,Knee,Limited Participation in Practice,Quay Walker,QUESTIONABLE
2023,7,GB,DE,Devonte Wyatt,00-0037075,Questionable,Knee,Limited Participation in Practice,Devonte Wyatt,QUESTIONABLE
2023,7,IND,DT,DeForest Buckner,00-0032378,,,Did Not Participate In Practice,DeForest Buckner,
2023,7,IND,C,Ryan Kelly,00-0032383,,,Did Not Participate In Practice,Ryan Kelly,
2023,7,IND,CB,Tony Brown,00-0034540,,,Full Participation in Practice,Tony Brown,
2023,7,IND,TE,Kylen Granson,00-0036876,Out,Concussion,Did Not Participate In Practice,Kylen Granson,OUT
2023,7,IND,T,Braden Smith,00-0034836,Out,Hip,Did Not Participate In Practice,Braden Smith,OUT
2023,7,IND,WR,Alec Pierce,00-0037664,Questionable,Shoulder,Full Participation in Practice,Alec Pierce,QUESTIONABLE
2023,7,JAX,CB,Tyson Campbell,00-0036974,Out,Hamstring,Did Not Participate In Practice,Tyson Campbell,OUT
2023,7,JAX,WR,Zay Jones,00-0033891,Out,Knee,Did Not Participate In Practice,Zay Jones,OUT
2023,7,JAX,T,Walker Little,00-0036975,Out,Knee,Did Not Participate In Practice,Walker Little,OUT
2023,7,JAX,DT,Davon Hamilton,00-0036262,Out,Back,Full Participation in Practice,Davon Hamilton,OUT
2023,7,JAX,G,Brandon Scherff,00-0032053,Questionable,Ankle,Did Not Participate In Practice,Brandon Scherff,QUESTIONABLE
2023,7,JAX,QB,Trevor Lawrence,00-0036971,Questionable,Knee,Limited Participation in Practice,Trevor Lawrence,QUESTIONABLE
2023,7,KC,LB,Nick Bolton,00-0036621,,,Full Participation in Practice,Nick Bolton,
2023,7,KC,S,Bryan Cook,00-0037193,,,Full Participation in Practice,Bryan Cook,
2023,7,KC,DE,George Karlaftis,00-0037192,,,Full Participation in Practice,George Karlaftis,
2023,7,KC,TE,Travis Kelce,00-0030506,,,Full Participation in Practice,Travis Kelce,
2023,7,KC,DE,Charles Omenihu,00-0035279,,,Full Participation in Practice,Charles Omenihu,
2023,7,KC,CB,L'Jarius Sneed,00-0036374,,,Full Participation in Practice,L'Jarius Sneed,
2023,7,KC,WR,Kadarius Toney,00-0036913,,,Full Participation in Practice,Kadarius Toney,
2023,7,KC,P,Tommy Townsend,00-0035889,,,Full Participation in Practice,Tommy Townsend,
2023,7,KC,WR,Justin Watson,00-0034386,Out,Elbow,Did Not Participate In Practice,Justin Watson,OUT
2023,7,KC,CB,Jaylen Watson,00-0037195,Questionable,Thigh,Limited Participation in Practice,Jaylen Watson,QUESTIONABLE
2023,7,LA,C,Brian Allen,00-0034804,,,Did Not Participate In Practice,Brian Allen,
2023,7,LA,DT,Aaron Donald,00-0031388,,,Did Not Participate In Practice,Aaron Donald,
2023,7,LA,G,Kevin Dotson,00-0036339,,,Full Participation in Practice,Kevin Dotson,
2023,7,LA,T,Joseph Noteboom,00-0034803,,,Full Participation in Practice,Joseph Noteboom,
2023,7,LA,DT,Kobie Turner,00-0039138,,,Full Participation in Practice,Kobie Turner,
2023,7,LA,DT,Larrell Murchison,00-0036237,Out,Knee,Did Not Participate In Practice,Larrell Murchison,OUT
2023,7,LA,RB,Kyren Williams,00-0037840,Out,Ankle,Did Not Participate In Practice,Kyren Williams,OUT
2023,7,LA,LB,Ernest Jones,00-0036994,Questionable,Knee,Limited Participation in Practice,Ernest Jones,QUESTIONABLE
2023,7,LA,CB,Derion Kendrick,00-0037842,Questionable,Not injury related - personal matter,Limited Participation in Practice,Derion Kendrick,QUESTIONABLE
2023,7,LA,WR,Ben Skowronek,00-0036862,Questionable,Achilles,Limited Participation in Practice,Ben Skowronek,QUESTIONABLE
2023,7,LAC,WR,Keenan Allen,00-0030279,,,Did Not Participate In Practice,Keenan Allen,
2023,7,LAC,S,Raheem Layne,00-0037468,,,Did Not Participate In Practice,Raheem Layne,
2023,7,LAC,DE,Joey Bosa,00-0033156,,,Full Participation in Practice,Joey Bosa,
2023,7,LAC,C,Will Clapp,00-0034436,,,Full Participation in Practice,Will Clapp,
2023,7,LAC,QB,Justin Herbert,00-0036355,,,Full Participation in Practice,Justin Herbert,
2023,7,LAC,DT,Sebastian Joseph,00-0034810,,,Full Participation in Practice,Sebastian Joseph,
2023,7,LAC,TE,Donald Parham,00-0035329,,,Full Participation in Practice,Donald Parham,
2023,7,LAC,T,Rashawn Slater,00-0037009,,,Full Participation in Practice,Rashawn Slater,
2023,7,LAC,S,Jaylinn Hawkins,00-0036302,,,Limited Participation in Practice,Jaylinn Hawkins,
2023,7,LAC,S,Alohi Gilman,00-0036380,Out,Heel,Did Not Participate In Practice,Alohi Gilman,OUT
2023,7,LAC,CB,Deane Leonard,00-0037320,Out,Hamstring,Did Not Participate In Practice,Deane Leonard,OUT
2023,7,LAC,WR,Jalen Guyton,00-0035414,Out,Knee,Limited Participation in Practice,Jalen Guyton,OUT
2023,7,LAC,DT,Otito Ogbonnia,00-0037270,Out,Knee,Limited Participation in Practice,Otito Ogbonnia,OUT
2023,7,LAC,S,Derwin James,00-0034790,Questionable,Ankle,Did Not Participate In Practice,Derwin James,QUESTIONABLE
2023,7,LAC,LB,Amen Ogbongbemiga,00-0036716,Questionable,Groin,Did Not Participate In Practice,Amen Ogbongbemiga,QUESTIONABLE
2023,7,LV,WR,Davante Adams,00-0031381,,,Full Participation in Practice,Davante Adams,
2023,7,LV,T,Justin Herron,00-0036163,,,Full Participation in Practice,Justin Herron,
2023,7,LV,LB,Robert Spillane,00-0034720,,,Full Participation in Practice,Robert Spillane,
2023,7,LV,DE,Maxx Crosby,00-0034973,,,Limited Participation in Practice,Maxx Crosby,
2023,7,LV,CB,Tyler Hall,00-0035783,,,Limited Participation in Practice,Tyler Hall,
2023,7,LV,CB,Jakorian Bennett,00-0039072,Out,Shoulder,Did Not Participate In Practice,Jakorian Bennett,OUT
2023,7,LV,QB,Jimmy Garoppolo,00-0031345,Out,Back,Did Not Participate In Practice,Jimmy Garoppolo,OUT
2023,7,LV,CB,Nate Hobbs,00-0036871,Out,Ankle,Did Not Participate In Practice,Nate Hobbs,OUT
2023,7,MIA,RB,Christopher Brooks,00-0038685,,,Did Not Participate In Practice,Christopher Brooks,
2023,7,MIA,T,Kendall Lamm,00-0031921,,,Did Not Participate In Practice,Kendall Lamm,
2023,7,MIA,WR,Chase Claypool,00-0036326,,,Full Participation in Practice,Chase Claypool,
2023,7,MIA,CB,Kader Kohou,00-0037353,,,Full Participation in Practice,Kader Kohou,
2023,7,MIA,LB,Jaelan Phillips,00-0036934,,,Full Participation in Practice,Jaelan Phillips,
2023,7,MIA,LB,Andrew Van Ginkel,00-0035272,,,Full Participation in Practice,Andrew Van Ginkel,
2023,7,MIA,RB,Jeffery Wilson,00-0034115,,,Full Participation in Practice,Jeffery Wilson,
2023,7,MIA,CB,Jalen Ramsey,00-0033055,Out,Knee,Limited Participation in Practice,Jalen Ramsey,OUT
2023,7,MIA,CB,Nik Needham,00-0035346,Questionable,Achilles,Full Participation in Practice,Nik Needham,QUESTIONABLE
2023,7,MIA,CB,Xavien Howard,00-0033050,Questionable,Groin,Limited Participation in Practice,Xavien Howard,QUESTIONABLE
2023,7,MIA,FB,Alec Ingold,00-0035125,Questionable,Foot,Limited Participation in Practice,Alec Ingold,QUESTIONABLE
2023,7,MIA,C,Connor Williams,00-0034352,Questionable,Groin,Limited Participation in Practice,Connor Williams,QUESTIONABLE
2023,7,MIN,DE,Patrick Jones,00-0037007,,,Full Participation in Practice,Patrick Jones,
2023,7,MIN,G,Ezra Cleveland,00-0036327,Out,Foot,Did Not Participate In Practice,Ezra Cleveland,OUT
2023,7,MIN,CB,Akayleb Evans,00-0038101,Questionable,Oblique,Limited Participation in Practice,Akayleb Evans,QUESTIONABLE
2023,7,MIN,WR,Jalen Nailor,00-0037291,Questionable,Hamstring,Limited Participation in Practice,Jalen Nailor,QUESTIONABLE
2023,7,NE,S,Jabrill Peppers,00-0033883,,,Limited Participation in Practice,Jabrill Peppers,
2023,7,NE,RB,Rhamondre Stevenson,00-0036875,,,Limited Participation in Practice,Rhamondre Stevenson,
2023,7,NE,T,Riley Reiff,00-0029672,Out,Knee,Did Not Participate In Practice,Riley Reiff,OUT
2023,7,NE,LB,Josh Uche,00-0036159,Out,Knee,Did Not Participate In Practice,Josh Uche,OUT
2023,7,NE,DE,Keion White,00-0039148,Out,Concussion,Did Not Participate In Practice,Keion White,OUT
2023,7,NE,C,David Andrews,00-0031852,Questionable,Ankle,Limited Participation in Practice,David Andrews,QUESTIONABLE
2023,7,NE,DT,Christian Barmore,00-0036981,Questionable,Knee,Limited Participation in Practice,Christian Barmore,QUESTIONABLE
2023,7,NE,WR,Kayshon Boutte,00-0038608,Questionable,Hamstring,Limited Participation in Practice,Kayshon Boutte,QUESTIONABLE
2023,7,NE,T,Trenton Brown,00-0032071,Questionable,Chest,Limited Participation in Practice,Trenton Brown,QUESTIONABLE
2023,7,NE,S,Cody Davis,00-0029764,Questionable,Knee,Limited Participation in Practice,Cody Davis,QUESTIONABLE
2023,7,NE,WR,Demario Douglas,00-0038621,Questionable,Concussion,Limited Participation in Practice,Demario Douglas,QUESTIONABLE
2023,7,NE,S,Kyle Dugger,00-0036231,Questionable,Foot,Limited Participation in Practice,Kyle Dugger,QUESTIONABLE
2023,7,NE,LB,Trey Flowers,00-0031566,Questionable,Foot,Limited Participation in Practice,Trey Flowers,QUESTIONABLE
2023,7,NE,DT,Davon Godchaux,00-0033860,Questionable,Ankle,Limited Participation in Practice,Davon Godchaux,QUESTIONABLE
2023,7,NE,TE,Hunter Henry,00-0033090,Questionable,Ankle,Limited Participation in Practice,Hunter Henry,QUESTIONABLE
2023,7,NE,CB,Jonathan Jones,00-0032580,Questionable,Knee,Limited Participation in Practice,Jonathan Jones,QUESTIONABLE
2023,7,NE,CB,Jack Jones,00-0038039,Questionable,Hamstring,Limited Participation in Practice,Jack Jones,QUESTIONABLE
2023,7,NE,G,Michael Onwenu,00-0036198,Questionable,Ankle,Limited Participation in Practice,Michael Onwenu,QUESTIONABLE
2023,7,NE,WR,JuJu Smith-Schuster,00-0033857,Questionable,Concussion,Limited Participation in Practice,JuJu Smith-Schuster,QUESTIONABLE
2023,7,NE,G,Cole Strange,00-0038103,Questionable,Knee,Limited Participation in Practice,Cole Strange,QUESTIONABLE
2023,7,NE,CB,Shaun Wade,00-0036559,Questionable,Shoulder,Limited Participation in Practice,Shaun Wade,QUESTIONABLE
2023,7,NO,QB,Derek Carr,00-0031280,,,Full Participation in Practice,Derek Carr,
2023,7,NO,QB,Jake Haener,00-0038998,,,Full Participation in Practice,Jake Haener,
2023,7,NO,DE,Cameron Jordan,00-0027962,,,Full Participation in Practice,Cameron Jordan,
2023,7,NO,WR,Chris Olave,00-0037239,,,Full Participation in Practice,Chris Olave,
2023,7,NO,G,Andrus Peat,00-0032203,,,Limited Participation in Practice,Andrus Peat,
2023,7,NO,S,J.T. Gray,00-0034116,Out,Hamstring,Did Not Participate In Practice,J.T. Gray,OUT
2023,7,NO,T,James Hurst,00-0030694,Out,Ankle,Did Not Participate In Practice,James Hurst,OUT
2023,7,NO,TE,Juwan Johnson,00-0036040,Out,Calf,Did Not Participate In Practice,Juwan Johnson,OUT
2023,7,NO,T,Ryan Ramczyk,00-0033888,Out,Concussion,Did Not Participate In Practice,Ryan Ramczyk,OUT
2023,7,NO,T,Landon Young,00-0036930,Out,Hip,Did Not Participate In Practice,Landon Young,OUT
2023,7,NO,LB,Demario Davis,00-0029607,Questionable,Knee,Did Not Participate In Practice,Demario Davis,QUESTIONABLE
2023,7,NO,S,Lonnie Johnson,00-0035244,Questionable,Hamstring,Limited Participation in Practice,Lonnie Johnson,QUESTIONABLE
2023,7,NO,S,Tyrann Mathieu,00-0030459,Questionable,Foot,Limited Participation in Practice,Tyrann Mathieu,QUESTIONABLE
2023,7,NO,RB,Jamaal Williams,00-0033948,Questionable,Hamstring,Limited Participation in Practice,Jamaal Williams,QUESTIONABLE
2023,7,NYG,RB,Gary Brightwell,00-0036569,,,Full Participation in Practice,Gary Brightwell,
2023,7,NYG,DT,D.J. Davidson,00-0037260,,,Full Participation in Practice,D.J. Davidson,
2023,7,NYG,CB,Cordale Flott,00-0037758,,,Full Participation in Practice,Cordale Flott,
2023,7,NYG,G,Mark Glowinski,00-0031581,,,Full Participation in Practice,Mark Glowinski,
2023,7,NYG,CB,Tre Hawkins,00-0038403,,,Full Participation in Practice,Tre Hawkins,
2023,7,NYG,WR,Wan'Dale Robinson,00-0038117,,,Full Participation in Practice,Wan'Dale Robinson,
2023,7,NYG,RB,Saquon Barkley,00-0034844,,,Limited Participation in Practice,Saquon Barkley,
2023,7,NYG,K,Graham Gano,00-0026858,,,Limited Participation in Practice,Graham Gano,
2023,7,NYG,G,Shane Lemieux,00-0036397,,,Limited Participation in Practice,Shane Lemieux,
2023,7,NYG,T,Matt Peart,00-0036392,Out,Shoulder,Did Not Participate In Practice,Matt Peart,OUT
2023,7,NYG,C,John Michael Schmitz,00-0039019,Out,Shoulder,Did Not Participate In Practice,John Michael Schmitz,OUT
2023,7,NYG,T,Andrew Thomas,00-0036386,Out,Hamstring,Did Not Participate In Practice,Andrew Thomas,OUT
2023,7,NYG,T,Evan Neal,00-0037612,Questionable,Ankle,Did Not Participate In Practice,Evan Neal,QUESTIONABLE
2023,7,NYG,CB,Adoree' Jackson,00-0033878,Questionable,Neck,Limited Participation in Practice,Adoree' Jackson,QUESTIONABLE
2023,7,NYG,QB,Daniel Jones,00-0035710,Questionable,Neck,Limited Participation in Practice,Daniel Jones,QUESTIONABLE
2023,7,PHI,S,Sydney Brown,00-0039002,,,Full Participation in Practice,Sydney Brown,
2023,7,PHI,T,Lane Johnson,00-0030561,,,Full Participation in Practice,Lane Johnson,
2023,7,PHI,CB,Eli Ricks,00-0038487,,,Full Participation in Practice,Eli Ricks,
2023,7,PHI,CB,Darius Slay,00-0030062,,,Full Participation in Practice,Darius Slay,
2023,7,PHI,DT,Marlon Tuipulotu,00-0036920,,,Full Participation in Practice,Marlon Tuipulotu,
2023,7,PHI,DT,Milton Williams,00-0036916,,,Full Participation in Practice,Milton Williams,
2023,7,PHI,DT,Jalen Carter,00-0038386,,,Limited Participation in Practice,Jalen Carter,
2023,7,PHI,TE,Dallas Goedert,00-0034351,,,Limited Participation in Practice,Dallas Goedert,
2023,7,PHI,WR,DeVonta Smith,00-0036912,,,Limited Participation in Practice,DeVonta Smith,
2023,7,PHI,S,Reed Blankenship,00-0037130,Out,Ribs,Did Not Participate In Practice,Reed Blankenship,OUT
2023,7,PHI,CB,Bradley Roby,00-0031372,Out,Shoulder,Did Not Participate In Practice,Bradley Roby,OUT
2023,7,PIT,G,James Daniels,00-0034347,,,Full Participation in Practice,James Daniels,
2023,7,PIT,P,Pressley Harvin,00-0036847,,,Full Participation in Practice,Pressley Harvin,
2023,7,PIT,LB,Nick Herbig,00-0038577,,,Full Participation in Practice,Nick Herbig,
2023,7,PIT,WR,Diontae Johnson,00-0035216,,,Full Participation in Practice,Diontae Johnson,
2023,7,PIT,RB,Anthony McFarland,00-0036336,,,Full Participation in Practice,Anthony McFarland,
2023,7,PIT,T,Dan Moore,00-0036869,,,Full Participation in Practice,Dan Moore,
2023,7,PIT,LB,T.J. Watt,00-0033886,,,Full Participation in Practice,T.J. Watt,
2023,7,PIT,CB,Patrick Peterson,00-0027943,,,Limited Participation in Practice,Patrick Peterson,
2023,7,PIT,TE,Pat Freiermuth,00-0036894,Out,Hamstring,Did Not Participate In Practice,Pat Freiermuth,OUT
2023,7,SEA,S,Jamal Adams,00-0033872,,,Did Not Participate In Practice,Jamal Adams,
2023,7,SEA,CB,Tre Brown,00-0036885,,,Did Not Participate In Practice,Tre Brown,
2023,7,SEA,WR,Tyler Lockett,00-0032211,,,Did Not Participate In Practice,Tyler Lockett,
2023,7,SEA,CB,Artie Burns,00-0033103,,,Full Participation in Practice,Artie Burns,
2023,7,SEA,T,Charles Cross,00-0037821,,,Full Participation in Practice,Charles Cross,
2023,7,SEA,G,Damien Lewis,00-0036417,,,Full Participation in Practice,Damien Lewis,
2023,7,SEA,RB,Zach Charbonnet,00-0039165,Questionable,Hamstring,Did Not Participate In Practice,Zach Charbonnet,QUESTIONABLE
2023,7,SEA,G,Phil Haynes,00-0035141,Questionable,Calf,Did Not Participate In Practice,Phil Haynes,QUESTIONABLE
2023,7,SEA,C,Evan Brown,00-0034495,Questionable,Hip,Limited Participation in Practice,Evan Brown,QUESTIONABLE
2023,7,SEA,T,Jake Curhan,00-0036795,Questionable,Ankle,Limited Participation in Practice,Jake Curhan,QUESTIONABLE
2023,7,SEA,WR,DK Metcalf,00-0035640,Questionable,Ribs,Limited Participation in Practice,DK Metcalf,QUESTIONABLE
2023,7,SF,G,Aaron Banks,00-0036551,,,Full Participation in Practice,Aaron Banks,
2023,7,SF,S,George Odum,00-0034091,,,Full Participation in Practice,George Odum,
2023,7,SF,CB,Isaiah Oliver,00-0034357,,,Full Participation in Practice,Isaiah Oliver,
2023,7,SF,WR,Deebo Samuel,00-0035719,Out,Shoulder,Did Not Participate In Practice,Deebo Samuel,OUT
2023,7,SF,T,Trent Williams,00-0027857,Doubtful,Ankle,Did Not Participate In Practice,Trent Williams,DOUBTFUL
2023,7,SF,LB,Dre Greenlaw,00-0034982,Questionable,Hamstring,Limited Participation in Practice,Dre Greenlaw,QUESTIONABLE
2023,7,SF,RB,Christian McCaffrey,00-0033280,Questionable,Oblique,Limited Participation in Practice,Christian McCaffrey,QUESTIONABLE
2023,7,TB,LB,Lavonte David,00-0029562,,,Did Not Participate In Practice,Lavonte David,
2023,7,TB,WR,Mike Evans,00-0031408,,,Did Not Participate In Practice,Mike Evans,
2023,7,TB,LB,Anthony Nelson,00-0035254,Questionable,Concussion,Full Participation in Practice,Anthony Nelson,QUESTIONABLE
2023,7,TB,DT,Vita Vea,00-0034773,Questionable,Foot,Limited Participation in Practice,Vita Vea,QUESTIONABLE
2023,7,WAS,RB,Chris Rodriguez,00-0038611,,,Did Not Participate In Practice,Chris Rodriguez,
2023,7,WAS,DT,Jonathan Allen,00-0033523,,,Full Participation in Practice,Jonathan Allen,
2023,7,WAS,G,Samuel Cosmi,00-0036618,,,Full Participation in Practice,Samuel Cosmi,
2023,7,WAS,S,Kamren Curl,00-0036349,,,Full Participation in Practice,Kamren Curl,
2023,7,WAS,CB,Christian Holmes,00-0037095,,,Full Participation in Practice,Christian Holmes,
2023,7,WAS,G,Chris Paul,00-0037092,,,Full Participation in Practice,Chris Paul,
2023,7,WAS,DE,James Smith-Williams,00-0036351,,,Full Participation in Practice,James Smith-Williams,
2023,7,WAS,CB,Benjamin St-Juste,00-0036625,,,Full Participation in Practice,Benjamin St-Juste,
2023,7,WAS,DE,Montez Sweat,00-0035647,,,Full Participation in Practice,Montez Sweat,
2023,7,WAS,CB,Kendall Fuller,00-0033084,,,Limited Participation in Practice,Kendall Fuller,
2023,8,ARI,T,Kelvin Beachum,00-0029316,,,Full Participation in Practice,Kelvin Beachum,
2023,8,ARI,WR,Zach Pascal,00-0033251,,,Full Participation in Practice,Zach Pascal,
2023,8,ARI,LB,Krys Barnes,00-0035961,Out,Hamstring,Did Not Participate In Practice,Krys Barnes,OUT
2023,8,ARI,DT,Kevin Strong,00-0035334,Out,Shoulder,Did Not Participate In Practice,Kevin Strong,OUT
2023,8,ARI,G,Elijah Wilkinson,00-0033676,Out,Neck,Did Not Participate In Practice,Elijah Wilkinson,OUT
2023,8,ARI,QB,Kyler Murray,00-0035228,Doubtful,Knee,Full Participation in Practice,Kyler Murray,DOUBTFUL
2023,8,ARI,WR,Greg Dortch,00-0035500,Questionable,Ankle,Did Not Participate In Practice,Greg Dortch,QUESTIONABLE
2023,8,ARI,CB,Antonio Hamilton,00-0032933,Questionable,Groin,Limited Participation in Practice,Antonio Hamilton,QUESTIONABLE
2023,8,ARI,S,Jalen Thompson,00-0035705,Questionable,Hamstring,Limited Participation in Practice,Jalen Thompson,QUESTIONABLE
2023,8,ATL,DE,Calais Campbell,00-0026190,,,Did Not Participate In Practice,Calais Campbell,
2023,8,ATL,RB,Cordarrelle Patterson,00-0030578,,,Did Not Participate In Practice,Cordarrelle Patterson,
2023,8,ATL,LB,Tae Davis,00-0034500,Out,Concussion,Limited Participation in Practice,Tae Davis,OUT
2023,8,ATL,P,Bradley Pinion,00-0032065,Questionable,Illness,"
    ",Bradley Pinion,QUESTIONABLE
2023,8,ATL,LB,Bud Dupree,00-0032146,Questionable,Groin,Limited Participation in Practice,Bud Dupree,QUESTIONABLE
2023,8,BAL,WR,Odell Beckham,00-0031235,,,Full Participation in Practice,Odell Beckham,
2023,8,BAL,CB,Kevon Seymour,00-0032942,,,Full Participation in Practice,Kevon Seymour,
2023,8,BAL,LB,Roquan Smith,00-0034874,,,Full Participation in Practice,Roquan Smith,
2023,8,BAL,S,Marcus Williams,00-0033894,Out,Hamstring,Did Not Participate In Practice,Marcus Williams,OUT
2023,8,BAL,LB,Odafe Oweh,00-0036940,Questionable,Ankle,Did Not Participate In Practice,Odafe Oweh,QUESTIONABLE
2023,8,BAL,RB,Keaton Mitchell,00-0038454,Questionable,Hamstring,Full Participation in Practice,Keaton Mitchell,QUESTIONABLE
2023,8,BAL,WR,Tylan Wallace,00-0036630,Questionable,Hamstring,Full Participation in Practice,Tylan Wallace,QUESTIONABLE
2023,8,BUF,QB,Josh Allen,00-0034857,,,Full Participation in Practice,Josh Allen,
2023,8,BUF,LB,Terrel Bernard,00-0037254,,,Full Participation in Practice,Terrel Bernard,
2023,8,BUF,T,Spencer Brown,00-0036976,,,Full Participation in Practice,Spencer Brown,
2023,8,BUF,CB,Kaiir Elam,00-0037242,,,Full Participation in Practice,Kaiir Elam,
2023,8,BUF,LB,Von Miller,00-0027940,,,Full Participation in Practice,Von Miller,
2023,8,BUF,DT,Jordan Phillips,00-0031557,,,Full Participation in Practice,Jordan Phillips,
2023,8,BUF,TE,Dawson Knox,00-0035689,Out,Wrist,Did Not Participate In Practice,Dawson Knox,OUT
2023,8,BUF,TE,Quintin Morris,00-0036590,Out,Ankle,Did Not Participate In Practice,Quintin Morris,OUT
2023,8,BUF,LB,Baylon Spector,00-0037318,Out,Hamstring,Did Not Participate In Practice,Baylon Spector,OUT
2023,8,BUF,DT,Ed Oliver,00-0035230,Questionable,Toe,Limited Participation in Practice,Ed Oliver,QUESTIONABLE
2023,8,CAR,LB,Justin Houston,00-0028008,,,Did Not Participate In Practice,Justin Houston,
2023,8,CAR,WR,Adam Thielen,00-0030035,,,Did Not Participate In Practice,Adam Thielen,
2023,8,CAR,G,Austin Corbett,00-0034261,,,Full Participation in Practice,Austin Corbett,
2023,8,CAR,RB,Miles Sanders,00-0035243,,,Full Participation in Practice,Miles Sanders,
2023,8,CAR,TE,Stephen Sullivan,00-0036438,,,Full Participation in Practice,Stephen Sullivan,
2023,8,CAR,G,Calvin Throckmorton,00-0035764,,,Full Participation in Practice,Calvin Throckmorton,
2023,8,CAR,G,Chandler Zavala,00-0038536,,,Full Participation in Practice,Chandler Zavala,
2023,8,CAR,S,Vonn Bell,00-0032939,Out,Quadricep,Did Not Participate In Practice,Vonn Bell,OUT
2023,8,CAR,WR,Laviska Shenault,00-0036268,Out,Ankle,Did Not Participate In Practice,Laviska Shenault,OUT
2023,8,CAR,LB,Brian Burns,00-0035713,Questionable,Elbow,Did Not Participate In Practice,Brian Burns,QUESTIONABLE
2023,8,CAR,LB,Kamu Grugier-Hill,00-0032437,Questionable,Illness,Did Not Participate In Practice,Kamu Grugier-Hill,QUESTIONABLE
2023,8,CAR,S,Xavier Woods,00-0033579,Questionable,Hamstring,Full Participation in Practice,Xavier Woods,QUESTIONABLE
2023,8,CAR,LB,Frankie Luvu,00-0034302,Questionable,Hip,Limited Participation in Practice,Frankie Luvu,QUESTIONABLE
2023,8,CAR,T,Taylor Moton,00-0033284,Questionable,Knee,Limited Participation in Practice,Taylor Moton,QUESTIONABLE
2023,8,CHI,TE,Marcedes Lewis,00-0024243,,,Did Not Participate In Practice,Marcedes Lewis,
2023,8,CHI,RB,Roschon Johnson,00-0039021,,,Full Participation in Practice,Roschon Johnson,
2023,8,CHI,DE,Khalid Kareem,00-0036341,,,Full Participation in Practice,Khalid Kareem,
2023,8,CHI,T,Darnell Wright,00-0038932,,,Full Participation in Practice,Darnell Wright,
2023,8,CHI,T,Braxton Jones,00-0037081,,,Limited Participation in Practice,Braxton Jones,
2023,8,CHI,G,Nate Davis,00-0035649,Out,Ankle,Did Not Participate In Practice,Nate Davis,OUT
2023,8,CHI,QB,Justin Fields,00-0036945,Out,right Thumb,Did Not Participate In Practice,Justin Fields,OUT
2023,8,CHI,CB,Terell Smith,00-0038395,Out,Illness,Did Not Participate In Practice,Terell Smith,OUT
2023,8,CHI,S,Jaquan Brisker,00-0038135,Questionable,Illness,Did Not Participate In Practice,Jaquan Brisker,QUESTIONABLE
2023,8,CHI,S,Eddie Jackson,00-0033784,Questionable,Foot,Full Participation in Practice,Eddie Jackson,QUESTIONABLE
2023,8,CHI,C,Dan Feeney,00-0033910,Questionable,Knee,Limited Participation in Practice,Dan Feeney,QUESTIONABLE
2023,8,CIN,T,Orlando Brown,00-0034752,,,Full Participation in Practice,Orlando Brown,
2023,8,CIN,LB,Devin Harper,00-0037293,,,Full Participation in Practice,Devin Harper,
2023,8,CIN,DT,Josh Tupou,00-0033347,,,Full Participation in Practice,Josh Tupou,
2023,8,CIN,RB,Chase Brown,00-0038597,Out,Hamstring,Did Not Participate In Practice,Chase Brown,OUT
2023,8,CIN,LB,Akeem Davis-Gaither,00-0036298,Out,Knee,Did Not Participate In Practice,Akeem Davis-Gaither,OUT
2023,8,CLE,G,Joel Bitonio,00-0031426,,,Did Not Participate In Practice,Joel Bitonio,
2023,8,CLE,DE,Za'Darius Smith,00-0031576,,,Did Not Participate In Practice,Za'Darius Smith,
2023,8,CLE,TE,Harrison Bryant,00-0036232,,,Full Participation in Practice,Harrison Bryant,
2023,8,CLE,WR,Amari Cooper,00-0031544,,,Full Participation in Practice,Amari Cooper,
2023,8,CLE,LB,Tony Fields,00-0036634,,,Full Participation in Practice,Tony Fields,
2023,8,CLE,DE,Ogbonnia Okoronkwo,00-0034807,,,Full Participation in Practice,Ogbonnia Okoronkwo,
2023,8,CLE,LB,Anthony Walker,00-0033570,,,Full Participation in Practice,Anthony Walker,
2023,8,CLE,DE,Alex Wright,00-0037251,,,Full Participation in Practice,Alex Wright,
2023,8,CLE,RB,Kareem Hunt,00-0033923,,,Limited Participation in Practice,Kareem Hunt,
2023,8,CLE,TE,David Njoku,00-0033885,,,Limited Participation in Practice,David Njoku,
2023,8,CLE,QB,Deshaun Watson,00-0033537,Out,right Shoulder,Did Not Participate In Practice,Deshaun Watson,OUT
2023,8,CLE,RB,Jerome Ford,00-0037267,Questionable,Ankle,Limited Participation in Practice,Jerome Ford,QUESTIONABLE
2023,8,CLE,WR,Marquise Goodwin,00-0030068,Questionable,Back,Limited Participation in Practice,Marquise Goodwin,QUESTIONABLE
2023,8,CLE,LB,Sione Takitaki,00-0035646,Questionable,Hamstring,Limited Participation in Practice,Sione Takitaki,QUESTIONABLE
2023,8,CLE,T,Jedrick Wills,00-0036267,Questionable,Foot,Limited Participation in Practice,Jedrick Wills,QUESTIONABLE
2023,8,DAL,S,Juanyeh Thomas,00-0037578,,,Full Participation in Practice,Juanyeh Thomas,
2023,8,DAL,T,Tyron Smith,00-0027947,Questionable,Neck,Limited Participation in Practice,Tyron Smith,QUESTIONABLE
2023,8,DEN,T,Garett Bolles,00-0033538,,,Full Participation in Practice,Garett Bolles,
2023,8,DEN,LB,Baron Browning,00-0036995,,,Full Participation in Practice,Baron Browning,
2023,8,DEN,S,Justin Simmons,00-0032971,,,Full Participation in Practice,Justin Simmons,
2023,8,DEN,RB,Dwayne Washington,00-0032450,,,Full Participation in Practice,Dwayne Washington,
2023,8,DEN,WR,Brandon Johnson,00-0037382,Questionable,Hamstring,Did Not Participate In Practice,Brandon Johnson,QUESTIONABLE
2023,8,DET,CB,Jerry Jacobs,00-0036748,,,Full Participation in Practice,Jerry Jacobs,
2023,8,DET,G,Jonah Jackson,00-0036258,Out,Ankle,Did Not Participate In Practice,Jonah Jackson,OUT
2023,8,DET,RB,David Montgomery,00-0035685,Out,Ribs,Did Not Participate In Practice,David Montgomery,OUT
2023,8,DET,C,Frank Ragnow,00-0034345,Doubtful,Toe,Did Not Participate In Practice,Frank Ragnow,DOUBTFUL
2023,8,DET,WR,Amon-Ra St. Brown,00-0036963,Questionable,Illness,"
    ",Amon-Ra St. Brown,QUESTIONABLE
2023,8,DET,DE,Josh Paschal,00-0038096,Questionable,Knee,Did Not Participate In Practice,Josh Paschal,QUESTIONABLE
2023,8,DET,DT,Benito Jones,00-0035841,Questionable,Ankle,Full Participation in Practice,Benito Jones,QUESTIONABLE
2023,8,DET,LB,Malcolm Rodriguez,00-0037289,Questionable,Ankle,Limited Participation in Practice,Malcolm Rodriguez,QUESTIONABLE
2023,8,DET,G,Halapoulivaati Vaitai,00-0032785,Questionable,Back,Limited Participation in Practice,Halapoulivaati Vaitai,QUESTIONABLE
2023,8,GB,S,Zayne Anderson,00-0036677,,,Full Participation in Practice,Zayne Anderson,
2023,8,GB,LB,Preston Smith,00-0031935,,,Full Participation in Practice,Preston Smith,
2023,8,GB,WR,Christian Watson,00-0038124,,,Full Participation in Practice,Christian Watson,
2023,8,GB,DE,Devonte Wyatt,00-0037075,,,Full Participation in Practice,Devonte Wyatt,
2023,8,GB,G,Elgton Jenkins,00-0035526,,,Limited Participation in Practice,Elgton Jenkins,
2023,8,GB,RB,Aaron Jones,00-0033293,,,Limited Participation in Practice,Aaron Jones,
2023,8,GB,T,Yosuah Nijman,00-0035084,,,Limited Participation in Practice,Yosuah Nijman,
2023,8,GB,C,Josh Myers,00-0036622,Questionable,Ankle,Full Participation in Practice,Josh Myers,QUESTIONABLE
2023,8,GB,CB,Jaire Alexander,00-0034728,Questionable,Back,Limited Participation in Practice,Jaire Alexander,QUESTIONABLE
2023,8,GB,LB,De'Vondre Campbell,00-0032401,Questionable,Ankle,Limited Participation in Practice,De'Vondre Campbell,QUESTIONABLE
2023,8,GB,TE,Luke Musgrave,00-0039144,Questionable,Ankle,Limited Participation in Practice,Luke Musgrave,QUESTIONABLE
2023,8,HOU,LB,Blake Cashman,00-0035276,,,Full Participation in Practice,Blake Cashman,
2023,8,HOU,WR,Tank Dell,00-0038977,,,Full Participation in Practice,Tank Dell,
2023,8,HOU,G,Josh Jones,00-0036363,,,Full Participation in Practice,Josh Jones,
2023,8,HOU,LB,Denzel Perryman,00-0032103,,,Full Participation in Practice,Denzel Perryman,
2023,8,HOU,CB,Tavierre Thomas,00-0034488,,,Full Participation in Practice,Tavierre Thomas,
2023,8,HOU,T,Laremy Tunsil,00-0032380,,,Full Participation in Practice,Laremy Tunsil,
2023,8,HOU,S,Jimmie Ward,00-0031298,,,Limited Participation in Practice,Jimmie Ward,
2023,8,HOU,TE,Brevin Jordan,00-0036556,Out,Foot,Did Not Participate In Practice,Brevin Jordan,OUT
2023,8,HOU,DT,Sheldon Rankins,00-0032759,Out,Knee,Did Not Participate In Practice,Sheldon Rankins,OUT
2023,8,HOU,WR,Robert Woods,00-0030431,Out,Foot,Did Not Participate In Practice,Robert Woods,OUT
2023,8,HOU,T,Tytus Howard,00-0035234,Questionable,Hand,Full Participation in Practice,Tytus Howard,QUESTIONABLE
2023,8,HOU,WR,Xavier Hutchinson,00-0038618,Questionable,Foot,Full Participation in Practice,Xavier Hutchinson,QUESTIONABLE
2023,8,HOU,DT,Hassan Ridgeway,00-0032402,Questionable,Calf,Full Participation in Practice,Hassan Ridgeway,QUESTIONABLE
2023,8,IND,DT,DeForest Buckner,00-0032378,,,Did Not Participate In Practice,DeForest Buckner,
2023,8,IND,C,Ryan Kelly,00-0032383,,,Did Not Participate In Practice,Ryan Kelly,
2023,8,IND,CB,Julius Brents,00-0039156,Out,Quadricep,Did Not Participate In Practice,Julius Brents,OUT
2023,8,IND,T,Braden Smith,00-0034836,Out,Hip,Did Not Participate In Practice,Braden Smith,OUT
2023,8,IND,TE,Kylen Granson,00-0036876,Out,Concussion,Limited Participation in Practice,Kylen Granson,OUT
2023,8,IND,CB,Tony Brown,00-0034540,Questionable,Ribs,Did Not Participate In Practice,Tony Brown,QUESTIONABLE
2023,8,IND,RB,Zack Moss,00-0036251,Questionable,Elbow,Did Not Participate In Practice,Zack Moss,QUESTIONABLE
2023,8,IND,DT,Eric Johnson,00-0037269,Questionable,Ankle,Full Participation in Practice,Eric Johnson,QUESTIONABLE
2023,8,JAX,DT,Davon Hamilton,00-0036262,,,Full Participation in Practice,Davon Hamilton,
2023,8,JAX,WR,Zay Jones,00-0033891,Out,Knee,Did Not Participate In Practice,Zay Jones,OUT
2023,8,JAX,CB,Gregory Junior,00-0037296,Out,Hamstring,Full Participation in Practice,Gregory Junior,OUT
2023,8,JAX,CB,Tyson Campbell,00-0036974,Questionable,Hamstring,Limited Participation in Practice,Tyson Campbell,QUESTIONABLE
2023,8,JAX,S,Andre Cisco,00-0036941,Questionable,Hamstring,Limited Participation in Practice,Andre Cisco,QUESTIONABLE
2023,8,JAX,QB,Trevor Lawrence,00-0036971,Questionable,Knee,Limited Participation in Practice,Trevor Lawrence,QUESTIONABLE
2023,8,JAX,T,Walker Little,00-0036975,Questionable,Knee,Limited Participation in Practice,Walker Little,QUESTIONABLE
2023,8,JAX,G,Brandon Scherff,00-0032053,Questionable,Ankle,Limited Participation in Practice,Brandon Scherff,QUESTIONABLE
2023,8,KC,K,Harrison Butker,00-0033303,,,Full Participation in Practice,Harrison Butker,
2023,8,KC,S,Mike Edwards,00-0035681,,,Full Participation in Practice,Mike Edwards,
2023,8,KC,RB,Jerick McKinnon,00-0031376,,,Full Participation in Practice,Jerick McKinnon,
2023,8,KC,WR,Justin Watson,00-0034386,,,Full Participation in Practice,Justin Watson,
2023,8,KC,LB,Nick Bolton,00-0036621,Out,Wrist,Did Not Participate In Practice,Nick Bolton,OUT
2023,8,LA,C,Brian Allen,00-0034804,,,Did Not Participate In Practice,Brian Allen,
2023,8,LA,DT,Aaron Donald,00-0031388,,,Did Not Participate In Practice,Aaron Donald,
2023,8,LA,DT,Larrell Murchison,00-0036237,,,Full Participation in Practice,Larrell Murchison,
2023,8,LA,S,Russ Yeast,00-0037844,,,Full Participation in Practice,Russ Yeast,
2023,8,LA,LB,Byron Young,00-0039137,,,Full Participation in Practice,Byron Young,
2023,8,LA,TE,Hunter Long,00-0037004,Out,Hamstring,Full Participation in Practice,Hunter Long,OUT
2023,8,LA,T,Rob Havenstein,00-0032242,Questionable,Calf,Did Not Participate In Practice,Rob Havenstein,QUESTIONABLE
2023,8,LA,LB,Ernest Jones,00-0036994,Questionable,Knee,Limited Participation in Practice,Ernest Jones,QUESTIONABLE
2023,8,LA,WR,Ben Skowronek,00-0036862,Questionable,Achilles,Limited Participation in Practice,Ben Skowronek,QUESTIONABLE
2023,8,LAC,DE,Khalil Mack,00-0031040,,,Did Not Participate In Practice,Khalil Mack,
2023,8,LAC,RB,Austin Ekeler,00-0033699,,,Full Participation in Practice,Austin Ekeler,
2023,8,LAC,QB,Justin Herbert,00-0036355,,,Full Participation in Practice,Justin Herbert,
2023,8,LAC,DT,Sebastian Joseph,00-0034810,,,Full Participation in Practice,Sebastian Joseph,
2023,8,LAC,LB,Amen Ogbongbemiga,00-0036716,,,Full Participation in Practice,Amen Ogbongbemiga,
2023,8,LAC,T,Trey Pipkins,00-0035688,,,Full Participation in Practice,Trey Pipkins,
2023,8,LAC,T,Rashawn Slater,00-0037009,,,Full Participation in Practice,Rashawn Slater,
2023,8,LAC,WR,Keenan Allen,00-0030279,,,Limited Participation in Practice,Keenan Allen,
2023,8,LAC,TE,Gerald Everett,00-0033895,Questionable,Hip,Full Participation in Practice,Gerald Everett,QUESTIONABLE
2023,8,LAC,S,Alohi Gilman,00-0036380,Questionable,Heel,Full Participation in Practice,Alohi Gilman,QUESTIONABLE
2023,8,LAC,WR,Jalen Guyton,00-0035414,Questionable,Knee,Full Participation in Practice,Jalen Guyton,QUESTIONABLE
2023,8,LAC,DT,Otito Ogbonnia,00-0037270,Questionable,Knee,Full Participation in Practice,Otito Ogbonnia,QUESTIONABLE
2023,8,LAC,CB,Deane Leonard,00-0037320,Questionable,Hamstring,Limited Participation in Practice,Deane Leonard,QUESTIONABLE
2023,8,LAC,WR,Josh Palmer,00-0036988,Questionable,Knee,Limited Participation in Practice,Josh Palmer,QUESTIONABLE
2023,8,LV,WR,Davante Adams,00-0031381,,,Full Participation in Practice,Davante Adams,
2023,8,LV,CB,Jakorian Bennett,00-0039072,,,Full Participation in Practice,Jakorian Bennett,
2023,8,LV,QB,Jimmy Garoppolo,00-0031345,,,Full Participation in Practice,Jimmy Garoppolo,
2023,8,LV,CB,Tyler Hall,00-0035783,,,Full Participation in Practice,Tyler Hall,
2023,8,LV,DE,Maxx Crosby,00-0034973,,,Limited Participation in Practice,Maxx Crosby,
2023,8,LV,CB,Marcus Peters,00-0032165,,,Limited Participation in Practice,Marcus Peters,
2023,8,LV,LB,Divine Deablo,00-0036990,Out,Ankle,Did Not Participate In Practice,Divine Deablo,OUT
2023,8,LV,LB,Curtis Bolton,00-0035076,Questionable,Knee,Limited Participation in Practice,Curtis Bolton,QUESTIONABLE
2023,8,LV,K,Daniel Carlson,00-0034161,Questionable,right Groin,Limited Participation in Practice,Daniel Carlson,QUESTIONABLE
2023,8,LV,CB,Nate Hobbs,00-0036871,Questionable,Ankle,Limited Participation in Practice,Nate Hobbs,QUESTIONABLE
2023,8,MIA,WR,Braxton Berrios,00-0034419,,,Did Not Participate In Practice,Braxton Berrios,
2023,8,MIA,G,Robert Jones,00-0036596,,,Did Not Participate In Practice,Robert Jones,
2023,8,MIA,LB,David Long,00-0035292,,,Full Participation in Practice,David Long,
2023,8,MIA,WR,Tyreek Hill,00-0033040,,,Limited Participation in Practice,Tyreek Hill,
2023,8,MIA,CB,Kader Kohou,00-0037353,,,Limited Participation in Practice,Kader Kohou,
2023,8,MIA,WR,Jaylen Waddle,00-0036613,,,Limited Participation in Practice,Jaylen Waddle,
2023,8,MIA,WR,River Cracraft,00-0034054,Questionable,Shoulder,Limited Participation in Practice,River Cracraft,QUESTIONABLE
2023,8,MIA,S,Jevon Holland,00-0036998,Questionable,Concussion,Limited Participation in Practice,Jevon Holland,QUESTIONABLE
2023,8,MIA,CB,Xavien Howard,00-0033050,Questionable,Groin,Limited Participation in Practice,Xavien Howard,QUESTIONABLE
2023,8,MIA,FB,Alec Ingold,00-0035125,Questionable,Foot,Limited Participation in Practice,Alec Ingold,QUESTIONABLE
2023,8,MIA,RB,Raheem Mostert,00-0031687,Questionable,Ankle,Limited Participation in Practice,Raheem Mostert,QUESTIONABLE
2023,8,MIA,CB,Nik Needham,00-0035346,Questionable,Achilles,Limited Participation in Practice,Nik Needham,QUESTIONABLE
2023,8,MIA,CB,Jalen Ramsey,00-0033055,Questionable,Knee,Limited Participation in Practice,Jalen Ramsey,QUESTIONABLE
2023,8,MIA,CB,Cam Smith,00-0039133,Questionable,Foot,Limited Participation in Practice,Cam Smith,QUESTIONABLE
2023,8,MIA,C,Connor Williams,00-0034352,Questionable,Groin,Limited Participation in Practice,Connor Williams,QUESTIONABLE
2023,8,MIN,TE,T.J. Hockenson,00-0035229,,,Full Participation in Practice,T.J. Hockenson,
2023,8,MIN,RB,Kene Nwangwu,00-0036842,Out,Illness,"
    ",Kene Nwangwu,OUT
2023,8,MIN,LB,Brian Asamoah,00-0037822,Out,Ankle,Did Not Participate In Practice,Brian Asamoah,OUT
2023,8,MIN,G,Ezra Cleveland,00-0036327,Questionable,Foot,Limited Participation in Practice,Ezra Cleveland,QUESTIONABLE
2023,8,MIN,WR,Jalen Nailor,00-0037291,Questionable,Hamstring,Limited Participation in Practice,Jalen Nailor,QUESTIONABLE
2023,8,NE,DT,Davon Godchaux,00-0033860,,,Full Participation in Practice,Davon Godchaux,
2023,8,NE,TE,Hunter Henry,00-0033090,,,Full Participation in Practice,Hunter Henry,
2023,8,NE,WR,Ty Montgomery,00-0032200,,,Full Participation in Practice,Ty Montgomery,
2023,8,NE,G,Cole Strange,00-0038103,,,Full Participation in Practice,Cole Strange,
2023,8,NE,T,Calvin Anderson,00-0034957,Out,Illness,Did Not Participate In Practice,Calvin Anderson,OUT
2023,8,NE,DT,Christian Barmore,00-0036981,Questionable,Knee,Limited Participation in Practice,Christian Barmore,QUESTIONABLE
2023,8,NE,T,Trenton Brown,00-0032071,Questionable,Ankle,Limited Participation in Practice,Trenton Brown,QUESTIONABLE
2023,8,NE,CB,Jonathan Jones,00-0032580,Questionable,Knee,Limited Participation in Practice,Jonathan Jones,QUESTIONABLE
2023,8,NE,T,Vederian Lowe,00-0037287,Questionable,Ankle,Limited Participation in Practice,Vederian Lowe,QUESTIONABLE
2023,8,NE,LB,Josh Uche,00-0036159,Questionable,Ankle,Limited Participation in Practice,Josh Uche,QUESTIONABLE
2023,8,NE,CB,Shaun Wade,00-0036559,Questionable,Shoulder,Limited Participation in Practice,Shaun Wade,QUESTIONABLE
2023,8,NE,DE,Keion White,00-0039148,Questionable,Concussion,Limited Participation in Practice,Keion White,QUESTIONABLE
2023,8,NE,DE,Deatrich Wise,00-0033947,Questionable,Shoulder,Limited Participation in Practice,Deatrich Wise,QUESTIONABLE
2023,8,NO,RB,Alvin Kamara,00-0033906,,,Full Participation in Practice,Alvin Kamara,
2023,8,NO,RB,Kendre Miller,00-0038551,,,Full Participation in Practice,Kendre Miller,
2023,8,NO,T,Ryan Ramczyk,00-0033888,,,Full Participation in Practice,Ryan Ramczyk,
2023,8,NO,T,Landon Young,00-0036930,,,Full Participation in Practice,Landon Young,
2023,8,NO,T,James Hurst,00-0030694,Out,Ankle,Did Not Participate In Practice,James Hurst,OUT
2023,8,NO,WR,Michael Thomas,00-0032765,Questionable,Illness,"
    ",Michael Thomas,QUESTIONABLE
2023,8,NO,S,Marcus Maye,00-0033892,Questionable,Illness,Did Not Participate In Practice,Marcus Maye,QUESTIONABLE
2023,8,NO,TE,Juwan Johnson,00-0036040,Questionable,Calf,Full Participation in Practice,Juwan Johnson,QUESTIONABLE
2023,8,NO,S,Tyrann Mathieu,00-0030459,Questionable,Foot,Full Participation in Practice,Tyrann Mathieu,QUESTIONABLE
2023,8,NO,LB,Demario Davis,00-0029607,Questionable,Knee,Limited Participation in Practice,Demario Davis,QUESTIONABLE
2023,8,NO,G,Max Garcia,00-0032132,Questionable,Illness,Limited Participation in Practice,Max Garcia,QUESTIONABLE
2023,8,NO,TE,Jimmy Graham,00-0027696,Questionable,Illness,Limited Participation in Practice,Jimmy Graham,QUESTIONABLE
2023,8,NO,S,J.T. Gray,00-0034116,Questionable,Hamstring,Limited Participation in Practice,J.T. Gray,QUESTIONABLE
2023,8,NO,QB,Taysom Hill,00-0033357,Questionable,Chest,Limited Participation in Practice,Taysom Hill,QUESTIONABLE
2023,8,NO,G,Andrus Peat,00-0032203,Questionable,Ankle,Limited Participation in Practice,Andrus Peat,QUESTIONABLE
2023,8,NO,CB,Alontae Taylor,00-0038121,Questionable,Hip,Limited Participation in Practice,Alontae Taylor,QUESTIONABLE
2023,8,NYG,RB,Saquon Barkley,00-0034844,,,Full Participation in Practice,Saquon Barkley,
2023,8,NYG,K,Graham Gano,00-0026858,,,Full Participation in Practice,Graham Gano,
2023,8,NYG,DT,Dexter Lawrence,00-0035683,,,Full Participation in Practice,Dexter Lawrence,
2023,8,NYG,DT,Leonard Williams,00-0031933,,,Full Participation in Practice,Leonard Williams,
2023,8,NYG,WR,Wan'Dale Robinson,00-0038117,,,Limited Participation in Practice,Wan'Dale Robinson,
2023,8,NYG,RB,Gary Brightwell,00-0036569,Out,Hamstring,Did Not Participate In Practice,Gary Brightwell,OUT
2023,8,NYG,QB,Daniel Jones,00-0035710,Out,Neck,Limited Participation in Practice,Daniel Jones,OUT
2023,8,NYG,T,Andrew Thomas,00-0036386,Doubtful,Hamstring,Limited Participation in Practice,Andrew Thomas,DOUBTFUL
2023,8,NYG,CB,Adoree' Jackson,00-0033878,Questionable,Neck,Limited Participation in Practice,Adoree' Jackson,QUESTIONABLE
2023,8,NYG,T,Evan Neal,00-0037612,Questionable,Ankle,Limited Participation in Practice,Evan Neal,QUESTIONABLE
2023,8,NYG,C,John Michael Schmitz,00-0039019,Questionable,Shoulder,Limited Participation in Practice,John Michael Schmitz,QUESTIONABLE
2023,8,NYG,LB,Kayvon Thibodeaux,00-0037611,Questionable,Knee,Limited Participation in Practice,Kayvon Thibodeaux,QUESTIONABLE
2023,8,NYG,TE,Darren Waller,00-0031610,Questionable,Hamstring,Limited Participation in Practice,Darren Waller,QUESTIONABLE
2023,8,NYJ,T,Mekhi Becton,00-0036284,,,Full Participation in Practice,Mekhi Becton,
2023,8,NYJ,DE,Micheal Clemons,00-0038107,,,Full Participation in Practice,Micheal Clemons,
2023,8,NYJ,CB,Brandin Echols,00-0036504,,,Full Participation in Practice,Brandin Echols,
2023,8,NYJ,CB,Ahmad Gardner,00-0037190,,,Full Participation in Practice,Ahmad Gardner,
2023,8,NYJ,LB,Jermaine Johnson,00-0037663,,,Full Participation in Practice,Jermaine Johnson,
2023,8,NYJ,CB,D.J. Reed,00-0034384,,,Full Participation in Practice,D.J. Reed,
2023,8,NYJ,C,Joe Tippmann,00-0039145,Out,Quadricep,Did Not Participate In Practice,Joe Tippmann,OUT
2023,8,NYJ,WR,Irvin Charles,00-0037156,Doubtful,Shoulder,Did Not Participate In Practice,Irvin Charles,DOUBTFUL
2023,8,NYJ,CB,Michael Carter,00-0036501,Questionable,Hamstring,Full Participation in Practice,Michael Carter,QUESTIONABLE
2023,8,NYJ,DE,Will McDonald,00-0039142,Questionable,Back,Full Participation in Practice,Will McDonald,QUESTIONABLE
2023,8,NYJ,WR,Randall Cobb,00-0028002,Questionable,Shoulder,Limited Participation in Practice,Randall Cobb,QUESTIONABLE
2023,8,PHI,S,Reed Blankenship,00-0037130,,,Full Participation in Practice,Reed Blankenship,
2023,8,PHI,DT,Milton Williams,00-0036916,,,Full Participation in Practice,Milton Williams,
2023,8,PHI,CB,James Bradberry,00-0032890,,,Limited Participation in Practice,James Bradberry,
2023,8,PHI,LB,Zach Cunningham,00-0033547,,,Limited Participation in Practice,Zach Cunningham,
2023,8,PHI,CB,Bradley Roby,00-0031372,Out,Shoulder,Did Not Participate In Practice,Bradley Roby,OUT
2023,8,PHI,DT,Jordan Davis,00-0037073,Questionable,Hamstring,Did Not Participate In Practice,Jordan Davis,QUESTIONABLE
2023,8,PIT,G,Isaac Seumalo,00-0032954,,,Did Not Participate In Practice,Isaac Seumalo,
2023,8,PIT,G,Nate Herbig,00-0035383,,,Full Participation in Practice,Nate Herbig,
2023,8,PIT,DT,Cameron Heyward,00-0027969,,,Full Participation in Practice,Cameron Heyward,
2023,8,PIT,LB,Cole Holcomb,00-0035286,,,Full Participation in Practice,Cole Holcomb,
2023,8,PIT,WR,Diontae Johnson,00-0035216,,,Full Participation in Practice,Diontae Johnson,
2023,8,PIT,RB,Anthony McFarland,00-0036336,,,Full Participation in Practice,Anthony McFarland,
2023,8,PIT,DT,Larry Ogunjobi,00-0033905,,,Full Participation in Practice,Larry Ogunjobi,
2023,8,PIT,CB,Patrick Peterson,00-0027943,,,Limited Participation in Practice,Patrick Peterson,
2023,8,PIT,LB,T.J. Watt,00-0033886,,,Limited Participation in Practice,T.J. Watt,
2023,8,PIT,CB,James Pierre,00-0035795,Questionable,Ankle,Did Not Participate In Practice,James Pierre,QUESTIONABLE
2023,8,PIT,CB,Joey Porter,00-0039167,Questionable,Calf,Limited Participation in Practice,Joey Porter,QUESTIONABLE
2023,8,PIT,CB,Levi Wallace,00-0034514,Questionable,Foot,Limited Participation in Practice,Levi Wallace,QUESTIONABLE
2023,8,SEA,DE,Dre'Mont Jones,00-0035678,,,Did Not Participate In Practice,Dre'Mont Jones,
2023,8,SEA,LB,Uchenna Nwosu,00-0034350,,,Did Not Participate In Practice,Uchenna Nwosu,
2023,8,SEA,DT,Jarran Reed,00-0032387,,,Did Not Participate In Practice,Jarran Reed,
2023,8,SEA,G,Anthony Bradford,00-0039020,,,Full Participation in Practice,Anthony Bradford,
2023,8,SEA,LB,Jordyn Brooks,00-0036409,,,Full Participation in Practice,Jordyn Brooks,
2023,8,SEA,C,Evan Brown,00-0034495,,,Full Participation in Practice,Evan Brown,
2023,8,SEA,CB,Tre Brown,00-0036885,,,Full Participation in Practice,Tre Brown,
2023,8,SEA,CB,Artie Burns,00-0033103,,,Full Participation in Practice,Artie Burns,
2023,8,SEA,RB,Zach Charbonnet,00-0039165,,,Full Participation in Practice,Zach Charbonnet,
2023,8,SEA,T,Jake Curhan,00-0036795,,,Full Participation in Practice,Jake Curhan,
2023,8,SEA,WR,D'Wayne Eskridge,00-0036620,,,Full Participation in Practice,D'Wayne Eskridge,
2023,8,SEA,TE,Noah Fant,00-0035644,,,Full Participation in Practice,Noah Fant,
2023,8,SEA,G,Damien Lewis,00-0036417,,,Full Participation in Practice,Damien Lewis,
2023,8,SEA,WR,DK Metcalf,00-0035640,,,Full Participation in Practice,DK Metcalf,
2023,8,SEA,LB,Bobby Wagner,00-0029255,,,Full Participation in Practice,Bobby Wagner,
2023,8,SEA,RB,Kenneth Walker,00-0038134,,,Full Participation in Practice,Kenneth Walker,
2023,8,SEA,DT,Austin Faoliu,00-0036767,Out,Knee,Full Participation in Practice,Austin Faoliu,OUT
2023,8,SEA,RB,Kenny McIntosh,00-0038636,Out,Knee,Full Participation in Practice,Kenny McIntosh,OUT
2023,8,SEA,G,Phil Haynes,00-0035141,Doubtful,Calf,Did Not Participate In Practice,Phil Haynes,DOUBTFUL
2023,8,SEA,S,Jamal Adams,00-0033872,Questionable,Knee,Full Participation in Practice,Jamal Adams,QUESTIONABLE
2023,8,SEA,WR,Tyler Lockett,00-0032211,Questionable,Hamstring,Full Participation in Practice,Tyler Lockett,QUESTIONABLE
2023,8,SF,LB,Dre Greenlaw,00-0034982,,,Did Not Participate In Practice,Dre Greenlaw,
2023,8,SF,LB,Demetrius Flannigan-Fowles,00-0035020,,,Full Participation in Practice,Demetrius Flannigan-Fowles,
2023,8,SF,RB,Christian McCaffrey,00-0033280,,,Full Participation in Practice,Christian McCaffrey,
2023,8,SF,WR,Deebo Samuel,00-0035719,Out,Shoulder,Did Not Participate In Practice,Deebo Samuel,OUT
2023,8,SF,T,Trent Williams,00-0027857,Questionable,Ankle,Did Not Participate In Practice,Trent Williams,QUESTIONABLE
2023,8,SF,QB,Brock Purdy,00-0037834,Questionable,Concussion,Full Participation in Practice,Brock Purdy,QUESTIONABLE
2023,8,TB,RB,Chase Edmonds,00-0034681,,,Full Participation in Practice,Chase Edmonds,
2023,8,TB,G,Matt Feiler,00-0031142,Out,Knee,Did Not Participate In Practice,Matt Feiler,OUT
2023,8,TB,S,Kaevon Merriweather,00-0038823,Out,Ankle,Did Not Participate In Practice,Kaevon Merriweather,OUT
2023,8,TB,DT,Vita Vea,00-0034773,Questionable,Groin,Did Not Participate In Practice,Vita Vea,QUESTIONABLE
2023,8,TB,WR,Chris Godwin,00-0033921,Questionable,Neck,Full Participation in Practice,Chris Godwin,QUESTIONABLE
2023,8,TB,QB,Baker Mayfield,00-0034855,Questionable,Knee,Full Participation in Practice,Baker Mayfield,QUESTIONABLE
2023,8,TEN,DE,Denico Autry,00-0031254,,,Full Participation in Practice,Denico Autry,
2023,8,TEN,G,Aaron Brewer,00-0036171,,,Full Participation in Practice,Aaron Brewer,
2023,8,TEN,WR,Treylon Burks,00-0037742,,,Full Participation in Practice,Treylon Burks,
2023,8,TEN,LB,Luke Gifford,00-0035413,,,Full Participation in Practice,Luke Gifford,
2023,8,TEN,RB,Derrick Henry,00-0032764,,,Full Participation in Practice,Derrick Henry,
2023,8,TEN,WR,DeAndre Hopkins,00-0030564,,,Full Participation in Practice,DeAndre Hopkins,
2023,8,TEN,CB,Elijah Molden,00-0036992,,,Full Participation in Practice,Elijah Molden,
2023,8,TEN,WR,Chris Moore,00-0032398,,,Full Participation in Practice,Chris Moore,
2023,8,TEN,DT,Jeffery Simmons,00-0035643,,,Full Participation in Practice,Jeffery Simmons,
2023,8,TEN,DT,Teair Tart,00-0036181,,,Full Participation in Practice,Teair Tart,
2023,8,TEN,QB,Ryan Tannehill,00-0029701,Out,Ankle,Did Not Participate In Practice,Ryan Tannehill,OUT
2023,8,TEN,TE,Josh Whyle,00-0038589,Out,Concussion,Did Not Participate In Practice,Josh Whyle,OUT
2023,8,TEN,CB,Roger McCreary,00-0038125,Out,Hamstring,Limited Participation in Practice,Roger McCreary,OUT
2023,8,TEN,DT,Naquan Jones,00-0036695,Questionable,Illness,Did Not Participate In Practice,Naquan Jones,QUESTIONABLE
2023,8,WAS,CB,Kendall Fuller,00-0033084,,,Did Not Participate In Practice,Kendall Fuller,
2023,8,WAS,DT,Jonathan Allen,00-0033523,,,Full Participation in Practice,Jonathan Allen,
2023,8,WAS,G,Samuel Cosmi,00-0036618,,,Full Participation in Practice,Samuel Cosmi,
2023,8,WAS,CB,Benjamin St-Juste,00-0036625,,,Full Participation in Practice,Benjamin St-Juste,
2023,8,WAS,DE,Montez Sweat,00-0035647,,,Full Participation in Practice,Montez Sweat,
2023,8,WAS,TE,Cole Turner,00-0037078,,,Full Participation in Practice,Cole Turner,
2023,8,WAS,LB,Cody Barton,00-0035672,Out,Ankle,Did Not Participate In Practice,Cody Barton,OUT
2023,8,WAS,G,Saahdiq Charles,00-0036334,Out,Calf,Did Not Participate In Practice,Saahdiq Charles,OUT
2023,8,WAS,DT,Phidarian Mathis,00-0038099,Questionable,Calf,Full Participation in Practice,Phidarian Mathis,QUESTIONABLE
2023,8,WAS,WR,Curtis Samuel,00-0033282,Questionable,Foot,Limited Participation in Practice,Curtis Samuel,QUESTIONABLE
2023,9,ARI,C,Trystan Colon,00-0035992,Out,Calf,Did Not Participate In Practice,Trystan Colon,OUT
2023,9,ARI,RB,Emari Demercado,00-0038705,Out,Toe,Did Not Participate In Practice,Emari Demercado,OUT
2023,9,ARI,WR,Michael Wilson,00-0038559,Questionable,Shoulder,Did Not Participate In Practice,Michael Wilson,QUESTIONABLE
2023,9,ARI,QB,Kyler Murray,00-0035228,Questionable,Knee,Full Participation in Practice,Kyler Murray,QUESTIONABLE
2023,9,ARI,LB,Krys Barnes,00-0035961,Questionable,Hamstring,Limited Participation in Practice,Krys Barnes,QUESTIONABLE
2023,9,ARI,WR,Greg Dortch,00-0035500,Questionable,Ankle,Limited Participation in Practice,Greg Dortch,QUESTIONABLE
2023,9,ARI,DT,Kevin Strong,00-0035334,Questionable,Shoulder,Limited Participation in Practice,Kevin Strong,QUESTIONABLE
2023,9,ATL,DE,Calais Campbell,00-0026190,,,Did Not Participate In Practice,Calais Campbell,
2023,9,ATL,DT,David Onyemata,00-0033051,,,Did Not Participate In Practice,David Onyemata,
2023,9,ATL,LB,Tae Davis,00-0034500,,,Full Participation in Practice,Tae Davis,
2023,9,ATL,CB,Mike Hughes,00-0034843,,,Full Participation in Practice,Mike Hughes,
2023,9,ATL,QB,Desmond Ridder,00-0038122,,,Full Participation in Practice,Desmond Ridder,
2023,9,ATL,S,DeMarcco Hellams,00-0038628,Out,Hamstring,Did Not Participate In Practice,DeMarcco Hellams,OUT
2023,9,ATL,WR,Drake London,00-0037238,Out,Groin,Did Not Participate In Practice,Drake London,OUT
2023,9,ATL,FB,Keith Smith,00-0030968,Out,Concussion,Did Not Participate In Practice,Keith Smith,OUT
2023,9,BAL,WR,Odell Beckham,00-0031235,,,Full Participation in Practice,Odell Beckham,
2023,9,BAL,G,Ben Cleveland,00-0036977,,,Full Participation in Practice,Ben Cleveland,
2023,9,BAL,RB,Gus Edwards,00-0034184,,,Full Participation in Practice,Gus Edwards,
2023,9,BAL,RB,Keaton Mitchell,00-0038454,,,Full Participation in Practice,Keaton Mitchell,
2023,9,BAL,LB,Odafe Oweh,00-0036940,,,Full Participation in Practice,Odafe Oweh,
2023,9,BAL,T,Ronnie Stanley,00-0032965,,,Full Participation in Practice,Ronnie Stanley,
2023,9,BAL,T,Morgan Moses,00-0031330,Doubtful,Shoulder,Did Not Participate In Practice,Morgan Moses,DOUBTFUL
2023,9,BAL,S,Daryl Worley,00-0032891,Questionable,Shoulder,Full Participation in Practice,Daryl Worley,QUESTIONABLE
2023,9,BAL,CB,Rock Ya-Sin,00-0035637,Questionable,Illness,Full Participation in Practice,Rock Ya-Sin,QUESTIONABLE
2023,9,BAL,S,Marcus Williams,00-0033894,Questionable,Hamstring,Limited Participation in Practice,Marcus Williams,QUESTIONABLE
2023,9,BUF,CB,Rasul Douglas,00-0033551,,,Did Not Participate In Practice,Rasul Douglas,
2023,9,BUF,CB,Kaiir Elam,00-0037242,,,Did Not Participate In Practice,Kaiir Elam,
2023,9,BUF,QB,Josh Allen,00-0034857,,,Full Participation in Practice,Josh Allen,
2023,9,BUF,S,Damar Hamlin,00-0036888,,,Full Participation in Practice,Damar Hamlin,
2023,9,BUF,TE,Quintin Morris,00-0036590,,,Full Participation in Practice,Quintin Morris,
2023,9,BUF,CB,Christian Benford,00-0037288,,,Limited Participation in Practice,Christian Benford,
2023,9,BUF,LB,A.J. Klein,00-0030463,Out,Back,Did Not Participate In Practice,A.J. Klein,OUT
2023,9,BUF,LB,Baylon Spector,00-0037318,Out,Hamstring,Did Not Participate In Practice,Baylon Spector,OUT
2023,9,CAR,WR,Adam Thielen,00-0030035,,,Did Not Participate In Practice,Adam Thielen,
2023,9,CAR,RB,Raheem Blackshear,00-0037429,,,Full Participation in Practice,Raheem Blackshear,
2023,9,CAR,LB,Brian Burns,00-0035713,,,Full Participation in Practice,Brian Burns,
2023,9,CAR,S,Alex Cook,00-0038475,,,Full Participation in Practice,Alex Cook,
2023,9,CAR,G,Austin Corbett,00-0034261,,,Full Participation in Practice,Austin Corbett,
2023,9,CAR,CB,Troy Hill,00-0031785,,,Full Participation in Practice,Troy Hill,
2023,9,CAR,TE,Hayden Hurst,00-0034830,,,Full Participation in Practice,Hayden Hurst,
2023,9,CAR,LB,Frankie Luvu,00-0034302,,,Full Participation in Practice,Frankie Luvu,
2023,9,CAR,G,Cade Mays,00-0037297,,,Full Participation in Practice,Cade Mays,
2023,9,CAR,T,Taylor Moton,00-0033284,,,Full Participation in Practice,Taylor Moton,
2023,9,CAR,RB,Miles Sanders,00-0035243,,,Full Participation in Practice,Miles Sanders,
2023,9,CAR,S,Xavier Woods,00-0033579,,,Full Participation in Practice,Xavier Woods,
2023,9,CAR,LB,Chandler Wooten,00-0037560,,,Full Participation in Practice,Chandler Wooten,
2023,9,CAR,LB,Claudin Cherelus,00-0038493,Out,Knee,Did Not Participate In Practice,Claudin Cherelus,OUT
2023,9,CAR,LB,Justin Houston,00-0028008,Out,Hamstring,Did Not Participate In Practice,Justin Houston,OUT
2023,9,CAR,WR,Laviska Shenault,00-0036268,Out,Ankle,Did Not Participate In Practice,Laviska Shenault,OUT
2023,9,CAR,S,Vonn Bell,00-0032939,Doubtful,Quadricep,Limited Participation in Practice,Vonn Bell,DOUBTFUL
2023,9,CAR,CB,Donte Jackson,00-0034356,Questionable,Quadricep,Full Participation in Practice,Donte Jackson,QUESTIONABLE
2023,9,CAR,WR,D.J. Chark,00-0034777,Questionable,Elbow,Limited Participation in Practice,D.J. Chark,QUESTIONABLE
2023,9,CHI,TE,Marcedes Lewis,00-0024243,,,Did Not Participate In Practice,Marcedes Lewis,
2023,9,CHI,T,Larry Borom,00-0036905,,,Full Participation in Practice,Larry Borom,
2023,9,CHI,S,Eddie Jackson,00-0033784,,,Full Participation in Practice,Eddie Jackson,
2023,9,CHI,C,Lucas Patrick,00-0033082,,,Full Participation in Practice,Lucas Patrick,
2023,9,CHI,S,Jaquan Brisker,00-0038135,Out,Concussion,Did Not Participate In Practice,Jaquan Brisker,OUT
2023,9,CHI,G,Nate Davis,00-0035649,Out,Ankle,Did Not Participate In Practice,Nate Davis,OUT
2023,9,CHI,LB,Tremaine Edmunds,00-0034673,Out,Knee,Did Not Participate In Practice,Tremaine Edmunds,OUT
2023,9,CHI,CB,Terell Smith,00-0038395,Out,Illness,Did Not Participate In Practice,Terell Smith,OUT
2023,9,CHI,QB,Justin Fields,00-0036945,Doubtful,right Thumb,Limited Participation in Practice,Justin Fields,DOUBTFUL
2023,9,CHI,T,Braxton Jones,00-0037081,Questionable,Neck,Full Participation in Practice,Braxton Jones,QUESTIONABLE
2023,9,CIN,S,Tycen Anderson,00-0037752,,,Did Not Participate In Practice,Tycen Anderson,
2023,9,CIN,T,Orlando Brown,00-0034752,,,Full Participation in Practice,Orlando Brown,
2023,9,CIN,LB,Devin Harper,00-0037293,,,Full Participation in Practice,Devin Harper,
2023,9,CIN,DE,Trey Hendrickson,00-0033935,,,Full Participation in Practice,Trey Hendrickson,
2023,9,CIN,DT,Josh Tupou,00-0033347,Out,Shoulder,Did Not Participate In Practice,Josh Tupou,OUT
2023,9,CIN,RB,Joe Mixon,00-0033897,Questionable,Chest,Full Participation in Practice,Joe Mixon,QUESTIONABLE
2023,9,CIN,LB,Akeem Davis-Gaither,00-0036298,Questionable,Knee,Limited Participation in Practice,Akeem Davis-Gaither,QUESTIONABLE
2023,9,CIN,G,Max Scharping,00-0035245,Questionable,Knee,Limited Participation in Practice,Max Scharping,QUESTIONABLE
2023,9,CLE,G,Joel Bitonio,00-0031426,,,Did Not Participate In Practice,Joel Bitonio,
2023,9,CLE,WR,Amari Cooper,00-0031544,,,Full Participation in Practice,Amari Cooper,
2023,9,CLE,S,Grant Delpit,00-0036282,,,Full Participation in Practice,Grant Delpit,
2023,9,CLE,LB,Tony Fields,00-0036634,,,Full Participation in Practice,Tony Fields,
2023,9,CLE,RB,Jerome Ford,00-0037267,,,Full Participation in Practice,Jerome Ford,
2023,9,CLE,CB,Mike Ford,00-0034639,,,Full Participation in Practice,Mike Ford,
2023,9,CLE,DE,Myles Garrett,00-0033868,,,Full Participation in Practice,Myles Garrett,
2023,9,CLE,WR,Marquise Goodwin,00-0030068,,,Full Participation in Practice,Marquise Goodwin,
2023,9,CLE,CB,Cameron Mitchell,00-0038585,,,Full Participation in Practice,Cameron Mitchell,
2023,9,CLE,TE,David Njoku,00-0033885,,,Full Participation in Practice,David Njoku,
2023,9,CLE,DE,Za'Darius Smith,00-0031576,,,Full Participation in Practice,Za'Darius Smith,
2023,9,CLE,LB,Sione Takitaki,00-0035646,,,Full Participation in Practice,Sione Takitaki,
2023,9,CLE,LB,Anthony Walker,00-0033570,,,Full Participation in Practice,Anthony Walker,
2023,9,CLE,QB,Deshaun Watson,00-0033537,,,Full Participation in Practice,Deshaun Watson,
2023,9,CLE,T,Jedrick Wills,00-0036267,,,Full Participation in Practice,Jedrick Wills,
2023,9,CLE,WR,David Bell,00-0037257,Out,Knee,Did Not Participate In Practice,David Bell,OUT
2023,9,CLE,CB,Greg Newsome,00-0036996,Out,Groin,Did Not Participate In Practice,Greg Newsome,OUT
2023,9,CLE,DE,Alex Wright,00-0037251,Out,Knee,Did Not Participate In Practice,Alex Wright,OUT
2023,9,CLE,T,Dawand Jones,00-0039014,Questionable,Shoulder,Limited Participation in Practice,Dawand Jones,QUESTIONABLE
2023,9,DAL,CB,Stephon Gilmore,00-0029542,,,Did Not Participate In Practice,Stephon Gilmore,
2023,9,DAL,DE,Demarcus Lawrence,00-0031411,,,Did Not Participate In Practice,Demarcus Lawrence,
2023,9,DAL,WR,Michael Gallup,00-0034764,,,Full Participation in Practice,Michael Gallup,
2023,9,DAL,S,Jayron Kearse,00-0032454,,,Full Participation in Practice,Jayron Kearse,
2023,9,DAL,WR,Brandin Cooks,00-0031236,,,Limited Participation in Practice,Brandin Cooks,
2023,9,DAL,DT,Johnathan Hankins,00-0030063,,,Limited Participation in Practice,Johnathan Hankins,
2023,9,DAL,CB,Jourdan Lewis,00-0033928,,,Limited Participation in Practice,Jourdan Lewis,
2023,9,DAL,G,Zack Martin,00-0031402,,,Limited Participation in Practice,Zack Martin,
2023,9,DAL,T,Chuma Edoga,00-0035698,Questionable,Ankle,Limited Participation in Practice,Chuma Edoga,QUESTIONABLE
2023,9,DAL,T,Tyron Smith,00-0027947,Questionable,Neck,Limited Participation in Practice,Tyron Smith,QUESTIONABLE
2023,9,GB,CB,Jaire Alexander,00-0034728,,,Limited Participation in Practice,Jaire Alexander,
2023,9,GB,G,Elgton Jenkins,00-0035526,,,Limited Participation in Practice,Elgton Jenkins,
2023,9,GB,RB,Aaron Jones,00-0033293,,,Limited Participation in Practice,Aaron Jones,
2023,9,GB,TE,Luke Musgrave,00-0039144,,,Limited Participation in Practice,Luke Musgrave,
2023,9,GB,T,Yosuah Nijman,00-0035084,,,Limited Participation in Practice,Yosuah Nijman,
2023,9,GB,S,Rudy Ford,00-0033792,Questionable,Calf,Did Not Participate In Practice,Rudy Ford,QUESTIONABLE
2023,9,GB,LB,Quay Walker,00-0037074,Questionable,Groin,Did Not Participate In Practice,Quay Walker,QUESTIONABLE
2023,9,HOU,LB,Blake Cashman,00-0035276,,,Full Participation in Practice,Blake Cashman,
2023,9,HOU,T,George Fant,00-0032466,,,Full Participation in Practice,George Fant,
2023,9,HOU,CB,Ka'dar Hollman,00-0034990,,,Full Participation in Practice,Ka'dar Hollman,
2023,9,HOU,T,Tytus Howard,00-0035234,,,Full Participation in Practice,Tytus Howard,
2023,9,HOU,G,Josh Jones,00-0036363,,,Full Participation in Practice,Josh Jones,
2023,9,HOU,LB,Denzel Perryman,00-0032103,,,Full Participation in Practice,Denzel Perryman,
2023,9,HOU,CB,Tavierre Thomas,00-0034488,,,Full Participation in Practice,Tavierre Thomas,
2023,9,HOU,T,Laremy Tunsil,00-0032380,,,Full Participation in Practice,Laremy Tunsil,
2023,9,HOU,S,Jimmie Ward,00-0031298,,,Limited Participation in Practice,Jimmie Ward,
2023,9,HOU,TE,Brevin Jordan,00-0036556,Out,Knee,Did Not Participate In Practice,Brevin Jordan,OUT
2023,9,HOU,RB,Dameon Pierce,00-0037258,Out,Ankle,Did Not Participate In Practice,Dameon Pierce,OUT
2023,9,HOU,WR,Robert Woods,00-0030431,Out,Foot,Did Not Participate In Practice,Robert Woods,OUT
2023,9,HOU,DT,Sheldon Rankins,00-0032759,Questionable,Knee,Limited Participation in Practice,Sheldon Rankins,QUESTIONABLE
2023,9,IND,RB,Zack Moss,00-0036251,,,Did Not Participate In Practice,Zack Moss,
2023,9,IND,TE,Kylen Granson,00-0036876,,,Full Participation in Practice,Kylen Granson,
2023,9,IND,DT,Eric Johnson,00-0037269,,,Full Participation in Practice,Eric Johnson,
2023,9,IND,DE,Dayo Odeyingbo,00-0036480,,,Full Participation in Practice,Dayo Odeyingbo,
2023,9,IND,CB,Julius Brents,00-0039156,Out,Quadricep,Did Not Participate In Practice,Julius Brents,OUT
2023,9,IND,T,Braden Smith,00-0034836,Out,Hip,Did Not Participate In Practice,Braden Smith,OUT
2023,9,IND,LB,Zaire Franklin,00-0034431,Questionable,Knee,Did Not Participate In Practice,Zaire Franklin,QUESTIONABLE
2023,9,IND,T,Blake Freeland,00-0039158,Questionable,Back,Did Not Participate In Practice,Blake Freeland,QUESTIONABLE
2023,9,IND,S,Rodney Thomas,00-0037323,Questionable,Knee,Full Participation in Practice,Rodney Thomas,QUESTIONABLE
2023,9,IND,WR,Josh Downs,00-0038997,Questionable,Knee,Limited Participation in Practice,Josh Downs,QUESTIONABLE
2023,9,KC,S,Mike Edwards,00-0035681,,,Full Participation in Practice,Mike Edwards,
2023,9,KC,QB,Patrick Mahomes,00-0033873,,,Full Participation in Practice,Patrick Mahomes,
2023,9,KC,RB,Jerick McKinnon,00-0031376,,,Full Participation in Practice,Jerick McKinnon,
2023,9,KC,WR,Skyy Moore,00-0038090,,,Full Participation in Practice,Skyy Moore,
2023,9,KC,CB,L'Jarius Sneed,00-0036374,,,Full Participation in Practice,L'Jarius Sneed,
2023,9,KC,WR,Kadarius Toney,00-0036913,,,Full Participation in Practice,Kadarius Toney,
2023,9,KC,P,Tommy Townsend,00-0035889,,,Full Participation in Practice,Tommy Townsend,
2023,9,KC,WR,Justin Watson,00-0034386,,,Full Participation in Practice,Justin Watson,
2023,9,KC,RB,Clyde Edwards-Helaire,00-0036360,Out,Illness,Did Not Participate In Practice,Clyde Edwards-Helaire,OUT
2023,9,KC,WR,Richie James,00-0034286,Questionable,Knee,Full Participation in Practice,Richie James,QUESTIONABLE
2023,9,KC,LB,Willie Gay,00-0036362,Questionable,Back,Limited Participation in Practice,Willie Gay,QUESTIONABLE
2023,9,LA,C,Brian Allen,00-0034804,,,Did Not Participate In Practice,Brian Allen,
2023,9,LA,DT,Aaron Donald,00-0031388,,,Did Not Participate In Practice,Aaron Donald,
2023,9,LA,P,Ethan Evans,00-0039059,,,Full Participation in Practice,Ethan Evans,
2023,9,LA,WR,Ben Skowronek,00-0036862,,,Full Participation in Practice,Ben Skowronek,
2023,9,LA,WR,Austin Trammell,00-0036841,,,Full Participation in Practice,Austin Trammell,
2023,9,LA,LB,Ernest Jones,00-0036994,Out,Knee,Did Not Participate In Practice,Ernest Jones,OUT
2023,9,LA,TE,Hunter Long,00-0037004,Out,Hamstring,Full Participation in Practice,Hunter Long,OUT
2023,9,LA,T,Rob Havenstein,00-0032242,Questionable,Calf,Did Not Participate In Practice,Rob Havenstein,QUESTIONABLE
2023,9,LA,QB,Matthew Stafford,00-0026498,Questionable,right Thumb,Did Not Participate In Practice,Matthew Stafford,QUESTIONABLE
2023,9,LA,CB,Cobie Durant,00-0037839,Questionable,Shoulder,Limited Participation in Practice,Cobie Durant,QUESTIONABLE
2023,9,LA,DT,Larrell Murchison,00-0036237,Questionable,Knee,Limited Participation in Practice,Larrell Murchison,QUESTIONABLE
2023,9,LA,WR,Puka Nacua,00-0039075,Questionable,Knee,Limited Participation in Practice,Puka Nacua,QUESTIONABLE
2023,9,LAC,TE,Gerald Everett,00-0033895,,,Full Participation in Practice,Gerald Everett,
2023,9,LAC,QB,Justin Herbert,00-0036355,,,Full Participation in Practice,Justin Herbert,
2023,9,LAC,WR,Josh Palmer,00-0036988,Out,Knee,Did Not Participate In Practice,Josh Palmer,OUT
2023,9,LAC,DT,Sebastian Joseph,00-0034810,Questionable,Illness,Did Not Participate In Practice,Sebastian Joseph,QUESTIONABLE
2023,9,LAC,DT,Morgan Fox,00-0032671,Questionable,Oblique,Full Participation in Practice,Morgan Fox,QUESTIONABLE
2023,9,LAC,WR,Jalen Guyton,00-0035414,Questionable,Knee,Full Participation in Practice,Jalen Guyton,QUESTIONABLE
2023,9,LAC,LB,Eric Kendricks,00-0031554,Questionable,Ribs,Full Participation in Practice,Eric Kendricks,QUESTIONABLE
2023,9,LAC,DT,Otito Ogbonnia,00-0037270,Questionable,Knee,Full Participation in Practice,Otito Ogbonnia,QUESTIONABLE
2023,9,LAC,LB,Kenneth Murray,00-0036441,Questionable,Shoulder,Limited Participation in Practice,Kenneth Murray,QUESTIONABLE
2023,9,LV,RB,Brandon Bolden,00-0029239,,,Full Participation in Practice,Brandon Bolden,
2023,9,LV,K,Daniel Carlson,00-0034161,,,Limited Participation in Practice,Daniel Carlson,
2023,9,LV,DE,Maxx Crosby,00-0034973,,,Limited Participation in Practice,Maxx Crosby,
2023,9,LV,CB,Nate Hobbs,00-0036871,,,Limited Participation in Practice,Nate Hobbs,
2023,9,LV,LB,Divine Deablo,00-0036990,Out,Ankle,Did Not Participate In Practice,Divine Deablo,OUT
2023,9,LV,FB,Jakob Johnson,00-0035726,Out,Concussion,Did Not Participate In Practice,Jakob Johnson,OUT
2023,9,LV,LB,Luke Masterson,00-0037517,Out,Concussion,Did Not Participate In Practice,Luke Masterson,OUT
2023,9,LV,T,Thayer Munford,00-0037322,Out,Neck,Did Not Participate In Practice,Thayer Munford,OUT
2023,9,LV,LB,Robert Spillane,00-0034720,Questionable,Hand,Limited Participation in Practice,Robert Spillane,QUESTIONABLE
2023,9,MIA,RB,Alec Ingold,00-0035125,,,Full Participation in Practice,Alec Ingold,
2023,9,MIA,WR,Jaylen Waddle,00-0036613,,,Full Participation in Practice,Jaylen Waddle,
2023,9,MIA,RB,Raheem Mostert,00-0031687,,,Limited Participation in Practice,Raheem Mostert,
2023,9,MIA,CB,Jalen Ramsey,00-0033055,,,Limited Participation in Practice,Jalen Ramsey,
2023,9,MIA,G,Robert Hunt,00-0036325,Out,Hamstring,Did Not Participate In Practice,Robert Hunt,OUT
2023,9,MIA,S,Brandon Jones,00-0036221,Out,Concussion,Did Not Participate In Practice,Brandon Jones,OUT
2023,9,MIA,T,Terron Armstead,00-0030067,Questionable,Knee,Limited Participation in Practice,Terron Armstead,QUESTIONABLE
2023,9,MIA,WR,Braxton Berrios,00-0034419,Questionable,Hamstring,Limited Participation in Practice,Braxton Berrios,QUESTIONABLE
2023,9,MIA,CB,Justin Bethel,00-0029530,Questionable,Foot,Limited Participation in Practice,Justin Bethel,QUESTIONABLE
2023,9,MIA,WR,River Cracraft,00-0034054,Questionable,Shoulder,Limited Participation in Practice,River Cracraft,QUESTIONABLE
2023,9,MIA,CB,Xavien Howard,00-0033050,Questionable,Groin,Limited Participation in Practice,Xavien Howard,QUESTIONABLE
2023,9,MIA,CB,Nik Needham,00-0035346,Questionable,Achilles,Limited Participation in Practice,Nik Needham,QUESTIONABLE
2023,9,MIA,TE,Durham Smythe,00-0034798,Questionable,Ankle,Limited Participation in Practice,Durham Smythe,QUESTIONABLE
2023,9,MIA,C,Connor Williams,00-0034352,Questionable,Groin,Limited Participation in Practice,Connor Williams,QUESTIONABLE
2023,9,MIN,CB,Akayleb Evans,00-0038101,,,Full Participation in Practice,Akayleb Evans,
2023,9,MIN,WR,K.J. Osborn,00-0036345,,,Full Participation in Practice,K.J. Osborn,
2023,9,MIN,WR,Brandon Powell,00-0034646,,,Full Participation in Practice,Brandon Powell,
2023,9,MIN,DE,Dean Lowry,00-0032412,Out,Groin,Did Not Participate In Practice,Dean Lowry,OUT
2023,9,MIN,T,Christian Darrisaw,00-0036616,Questionable,Groin,Full Participation in Practice,Christian Darrisaw,QUESTIONABLE
2023,9,MIN,WR,Jalen Nailor,00-0037291,Questionable,Hamstring,Full Participation in Practice,Jalen Nailor,QUESTIONABLE
2023,9,MIN,G,Chris Reed,00-0031734,Questionable,Foot,Full Participation in Practice,Chris Reed,QUESTIONABLE
2023,9,MIN,LB,Brian Asamoah,00-0037822,Questionable,Ankle,Limited Participation in Practice,Brian Asamoah,QUESTIONABLE
2023,9,NE,CB,Myles Bryant,00-0036087,,,Limited Participation in Practice,Myles Bryant,
2023,9,NE,T,Calvin Anderson,00-0034957,Out,Illness,Did Not Participate In Practice,Calvin Anderson,OUT
2023,9,NE,WR,DeVante Parker,00-0031547,Out,Concussion,Did Not Participate In Practice,DeVante Parker,OUT
2023,9,NE,T,Trenton Brown,00-0032071,Questionable,Ankle,Did Not Participate In Practice,Trenton Brown,QUESTIONABLE
2023,9,NE,DT,Davon Godchaux,00-0033860,Questionable,Illness,Did Not Participate In Practice,Davon Godchaux,QUESTIONABLE
2023,9,NE,DT,Christian Barmore,00-0036981,Questionable,Knee,Limited Participation in Practice,Christian Barmore,QUESTIONABLE
2023,9,NE,LB,Ja'Whaun Bentley,00-0034385,Questionable,Hamstring,Limited Participation in Practice,Ja'Whaun Bentley,QUESTIONABLE
2023,9,NE,TE,Pharaoh Brown,00-0033439,Questionable,Back,Limited Participation in Practice,Pharaoh Brown,QUESTIONABLE
2023,9,NE,CB,Jonathan Jones,00-0032580,Questionable,Knee,Limited Participation in Practice,Jonathan Jones,QUESTIONABLE
2023,9,NE,T,Vederian Lowe,00-0037287,Questionable,Ankle,Limited Participation in Practice,Vederian Lowe,QUESTIONABLE
2023,9,NE,WR,Tyquan Thornton,00-0038104,Questionable,Foot,Limited Participation in Practice,Tyquan Thornton,QUESTIONABLE
2023,9,NE,LB,Josh Uche,00-0036159,Questionable,Ankle,Limited Participation in Practice,Josh Uche,QUESTIONABLE
2023,9,NE,DE,Deatrich Wise,00-0033947,Questionable,Shoulder,Limited Participation in Practice,Deatrich Wise,QUESTIONABLE
2023,9,NO,WR,Lynn Bowden,00-0036364,,,Full Participation in Practice,Lynn Bowden,
2023,9,NO,QB,Taysom Hill,00-0033357,,,Full Participation in Practice,Taysom Hill,
2023,9,NO,T,James Hurst,00-0030694,,,Full Participation in Practice,James Hurst,
2023,9,NO,S,Marcus Maye,00-0033892,,,Full Participation in Practice,Marcus Maye,
2023,9,NO,G,Andrus Peat,00-0032203,,,Full Participation in Practice,Andrus Peat,
2023,9,NO,WR,Michael Thomas,00-0032765,,,Full Participation in Practice,Michael Thomas,
2023,9,NO,LB,Demario Davis,00-0029607,,,Limited Participation in Practice,Demario Davis,
2023,9,NO,TE,Jimmy Graham,00-0027696,,,Limited Participation in Practice,Jimmy Graham,
2023,9,NO,T,Ryan Ramczyk,00-0033888,,,Limited Participation in Practice,Ryan Ramczyk,
2023,9,NO,LB,Ty Summers,00-0034999,Out,Concussion,Did Not Participate In Practice,Ty Summers,OUT
2023,9,NO,RB,Kendre Miller,00-0038551,Questionable,Illness,Did Not Participate In Practice,Kendre Miller,QUESTIONABLE
2023,9,NO,DT,Malcolm Roach,00-0035763,Questionable,Illness,Limited Participation in Practice,Malcolm Roach,QUESTIONABLE
2023,9,NYG,RB,Saquon Barkley,00-0034844,,,Full Participation in Practice,Saquon Barkley,
2023,9,NYG,QB,Daniel Jones,00-0035710,,,Full Participation in Practice,Daniel Jones,
2023,9,NYG,DT,Dexter Lawrence,00-0035683,,,Full Participation in Practice,Dexter Lawrence,
2023,9,NYG,WR,Wan'Dale Robinson,00-0038117,,,Full Participation in Practice,Wan'Dale Robinson,
2023,9,NYG,LB,Kayvon Thibodeaux,00-0037611,,,Limited Participation in Practice,Kayvon Thibodeaux,
2023,9,NYG,K,Graham Gano,00-0026858,Out,left Knee,Did Not Participate In Practice,Graham Gano,OUT
2023,9,NYG,QB,Tyrod Taylor,00-0028118,Out,Ribs,Did Not Participate In Practice,Tyrod Taylor,OUT
2023,9,NYG,TE,Darren Waller,00-0031610,Out,Hamstring,Did Not Participate In Practice,Darren Waller,OUT
2023,9,NYG,RB,Jashaun Corbin,00-0037410,Questionable,Hamstring,Limited Participation in Practice,Jashaun Corbin,QUESTIONABLE
2023,9,NYG,T,Evan Neal,00-0037612,Questionable,Ankle,Limited Participation in Practice,Evan Neal,QUESTIONABLE
2023,9,NYG,T,Andrew Thomas,00-0036386,Questionable,Hamstring,Limited Participation in Practice,Andrew Thomas,QUESTIONABLE
2023,9,NYJ,T,Mekhi Becton,00-0036284,,,Full Participation in Practice,Mekhi Becton,
2023,9,NYJ,WR,Irvin Charles,00-0037156,,,Full Participation in Practice,Irvin Charles,
2023,9,NYJ,WR,Randall Cobb,00-0028002,,,Full Participation in Practice,Randall Cobb,
2023,9,NYJ,WR,Xavier Gipson,00-0038496,,,Full Participation in Practice,Xavier Gipson,
2023,9,NYJ,C,Joe Tippmann,00-0039145,,,Full Participation in Practice,Joe Tippmann,
2023,9,NYJ,G,Laken Tomlinson,00-0032234,,,Full Participation in Practice,Laken Tomlinson,
2023,9,NYJ,LB,Chazz Surratt,00-0037003,Out,Ankle,Did Not Participate In Practice,Chazz Surratt,OUT
2023,9,NYJ,T,Duane Brown,00-0026166,Out,Hip,Full Participation in Practice,Duane Brown,OUT
2023,9,NYJ,S,Adrian Amos,00-0031584,Questionable,Ankle,Limited Participation in Practice,Adrian Amos,QUESTIONABLE
2023,9,NYJ,WR,Allen Lazard,00-0034521,Questionable,Knee,Limited Participation in Practice,Allen Lazard,QUESTIONABLE
2023,9,PHI,DT,Jalen Carter,00-0038386,,,Full Participation in Practice,Jalen Carter,
2023,9,PHI,DT,Jordan Davis,00-0037073,,,Full Participation in Practice,Jordan Davis,
2023,9,PHI,G,Iosua Opeta,00-0035384,,,Full Participation in Practice,Iosua Opeta,
2023,9,PHI,TE,Jack Stoll,00-0036741,,,Full Participation in Practice,Jack Stoll,
2023,9,PHI,DT,Milton Williams,00-0036916,,,Full Participation in Practice,Milton Williams,
2023,9,PHI,CB,James Bradberry,00-0032890,,,Limited Participation in Practice,James Bradberry,
2023,9,PHI,CB,Bradley Roby,00-0031372,Out,Shoulder,Did Not Participate In Practice,Bradley Roby,OUT
2023,9,PHI,RB,Boston Scott,00-0034414,Out,Not injury related - personal matter,Did Not Participate In Practice,Boston Scott,OUT
2023,9,PHI,TE,Grant Calcaterra,00-0037086,Out,Concussion,Limited Participation in Practice,Grant Calcaterra,OUT
2023,9,PHI,G,Cam Jurgens,00-0038112,Out,Foot,Limited Participation in Practice,Cam Jurgens,OUT
2023,9,PIT,DT,Cameron Heyward,00-0027969,,,Full Participation in Practice,Cameron Heyward,
2023,9,PIT,S,Damontae Kazee,00-0033512,,,Full Participation in Practice,Damontae Kazee,
2023,9,PIT,RB,Anthony McFarland,00-0036336,,,Full Participation in Practice,Anthony McFarland,
2023,9,PIT,QB,Kenny Pickett,00-0038102,,,Full Participation in Practice,Kenny Pickett,
2023,9,PIT,S,Minkah Fitzpatrick,00-0034789,Out,Hamstring,Did Not Participate In Practice,Minkah Fitzpatrick,OUT
2023,9,PIT,CB,Levi Wallace,00-0034514,Questionable,Foot,Limited Participation in Practice,Levi Wallace,QUESTIONABLE
2023,9,SEA,S,Quandre Diggs,00-0031608,,,Did Not Participate In Practice,Quandre Diggs,
2023,9,SEA,LB,Bobby Wagner,00-0029255,,,Did Not Participate In Practice,Bobby Wagner,
2023,9,SEA,S,Jamal Adams,00-0033872,,,Full Participation in Practice,Jamal Adams,
2023,9,SEA,G,Damien Lewis,00-0036417,,,Full Participation in Practice,Damien Lewis,
2023,9,SEA,WR,Tyler Lockett,00-0032211,,,Full Participation in Practice,Tyler Lockett,
2023,9,SEA,LB,Boye Mafe,00-0038133,,,Full Participation in Practice,Boye Mafe,
2023,9,SEA,WR,DK Metcalf,00-0035640,,,Full Participation in Practice,DK Metcalf,
2023,9,SEA,S,Jerrick Reed,00-0038613,,,Full Participation in Practice,Jerrick Reed,
2023,9,SEA,TE,Brady Russell,00-0038488,,,Full Participation in Practice,Brady Russell,
2023,9,SEA,DT,Austin Faoliu,00-0036767,Questionable,Knee,Full Participation in Practice,Austin Faoliu,QUESTIONABLE
2023,9,SEA,G,Phil Haynes,00-0035141,Questionable,Calf,Full Participation in Practice,Phil Haynes,QUESTIONABLE
2023,9,SEA,RB,Kenny McIntosh,00-0038636,Questionable,Knee,Full Participation in Practice,Kenny McIntosh,QUESTIONABLE
2023,9,SEA,G,Anthony Bradford,00-0039020,Questionable,Ankle,Limited Participation in Practice,Anthony Bradford,QUESTIONABLE
2023,9,TB,LB,Lavonte David,00-0029562,,,Did Not Participate In Practice,Lavonte David,
2023,9,TB,WR,Mike Evans,00-0031408,,,Did Not Participate In Practice,Mike Evans,
2023,9,TB,TE,Ko Kieft,00-0037311,,,Full Participation in Practice,Ko Kieft,
2023,9,TB,QB,Baker Mayfield,00-0034855,,,Full Participation in Practice,Baker Mayfield,
2023,9,TB,T,Tristan Wirfs,00-0036406,,,Full Participation in Practice,Tristan Wirfs,
2023,9,TB,G,Matt Feiler,00-0031142,Out,Knee,Did Not Participate In Practice,Matt Feiler,OUT
2023,9,TB,DE,Logan Hall,00-0038127,Out,Groin,Did Not Participate In Practice,Logan Hall,OUT
2023,9,TB,DT,Mike Greene,00-0037627,Questionable,Illness,"
    ",Mike Greene,QUESTIONABLE
2023,9,TB,S,Christian Izien,00-0038820,Questionable,Illness,Did Not Participate In Practice,Christian Izien,QUESTIONABLE
2023,9,TB,S,Kaevon Merriweather,00-0038823,Questionable,Ankle,Full Participation in Practice,Kaevon Merriweather,QUESTIONABLE
2023,9,TB,DT,Vita Vea,00-0034773,Questionable,Groin,Full Participation in Practice,Vita Vea,QUESTIONABLE
2023,9,TEN,DE,Denico Autry,00-0031254,,,Full Participation in Practice,Denico Autry,
2023,9,TEN,RB,Derrick Henry,00-0032764,,,Full Participation in Practice,Derrick Henry,
2023,9,TEN,CB,Anthony Kendall,00-0038848,,,Full Participation in Practice,Anthony Kendall,
2023,9,TEN,WR,Chris Moore,00-0032398,,,Full Participation in Practice,Chris Moore,
2023,9,TEN,CB,Sean Murphy-Bunting,00-0035239,,,Full Participation in Practice,Sean Murphy-Bunting,
2023,9,TEN,RB,Tyjae Spears,00-0039032,,,Full Participation in Practice,Tyjae Spears,
2023,9,TEN,TE,Josh Whyle,00-0038589,,,Full Participation in Practice,Josh Whyle,
2023,9,TEN,DT,Jeffery Simmons,00-0035643,,,Limited Participation in Practice,Jeffery Simmons,
2023,9,TEN,T,Christopher Hubbard,00-0029963,Out,Concussion,Did Not Participate In Practice,Christopher Hubbard,OUT
2023,9,TEN,QB,Ryan Tannehill,00-0029701,Out,Ankle,Did Not Participate In Practice,Ryan Tannehill,OUT
2023,9,TEN,S,Mike Brown,00-0037493,Out,Ankle,Full Participation in Practice,Mike Brown,OUT
2023,9,TEN,CB,Roger McCreary,00-0038125,Out,Hamstring,Limited Participation in Practice,Roger McCreary,OUT
2023,9,TEN,WR,DeAndre Hopkins,00-0030564,Questionable,Toe,Did Not Participate In Practice,DeAndre Hopkins,QUESTIONABLE
2023,9,WAS,DT,Jonathan Allen,00-0033523,,,Did Not Participate In Practice,Jonathan Allen,
2023,9,WAS,CB,Kendall Fuller,00-0033084,,,Did Not Participate In Practice,Kendall Fuller,
2023,9,WAS,TE,Logan Thomas,00-0031260,,,Full Participation in Practice,Logan Thomas,
2023,9,WAS,WR,Curtis Samuel,00-0033282,Out,Toe,Did Not Participate In Practice,Curtis Samuel,OUT
2023,9,WAS,C,Ricky Stromberg,00-0039008,Out,Knee,Did Not Participate In Practice,Ricky Stromberg,OUT
2023,9,WAS,S,Percy Butler,00-0038100,Questionable,Calf,Full Participation in Practice,Percy Butler,QUESTIONABLE
2023,10,ARI,LB,Cameron Thomas,00-0037815,,,Full Participation in Practice,Cameron Thomas,
2023,10,ARI,CB,Marco Wilson,00-0036884,,,Full Participation in Practice,Marco Wilson,
2023,10,ARI,C,Trystan Colon,00-0035992,Out,Calf,Did Not Participate In Practice,Trystan Colon,OUT
2023,10,ARI,RB,Emari Demercado,00-0038705,Out,Toe,Did Not Participate In Practice,Emari Demercado,OUT
2023,10,ARI,T,D.J. Humphries,00-0032222,Questionable,Ankle,Did Not Participate In Practice,D.J. Humphries,QUESTIONABLE
2023,10,ARI,LB,Ezekiel Turner,00-0034490,Questionable,Hamstring,Did Not Participate In Practice,Ezekiel Turner,QUESTIONABLE
2023,10,ARI,RB,James Conner,00-0033553,Questionable,Knee,Limited Participation in Practice,James Conner,QUESTIONABLE
2023,10,ARI,G,Will Hernandez,00-0034346,Questionable,Knee,Limited Participation in Practice,Will Hernandez,QUESTIONABLE
2023,10,ARI,T,Carter O'Donnell,00-0035853,Questionable,Ankle,Limited Participation in Practice,Carter O'Donnell,QUESTIONABLE
2023,10,ARI,TE,Geoff Swaim,00-0032141,Questionable,Back,Limited Participation in Practice,Geoff Swaim,QUESTIONABLE
2023,10,ARI,WR,Michael Wilson,00-0038559,Questionable,Shoulder,Limited Participation in Practice,Michael Wilson,QUESTIONABLE
2023,10,ATL,DE,Calais Campbell,00-0026190,,,Did Not Participate In Practice,Calais Campbell,
2023,10,ATL,RB,Cordarrelle Patterson,00-0030578,,,Did Not Participate In Practice,Cordarrelle Patterson,
2023,10,ATL,TE,Kyle Pitts,00-0036970,,,Did Not Participate In Practice,Kyle Pitts,
2023,10,ATL,S,Richie Grant,00-0036961,,,Full Participation in Practice,Richie Grant,
2023,10,ATL,S,DeMarcco Hellams,00-0038628,,,Full Participation in Practice,DeMarcco Hellams,
2023,10,ATL,WR,Drake London,00-0037238,,,Full Participation in Practice,Drake London,
2023,10,ATL,FB,Keith Smith,00-0030968,,,Full Participation in Practice,Keith Smith,
2023,10,ATL,CB,Dee Alford,00-0037034,Out,Ankle,Did Not Participate In Practice,Dee Alford,OUT
2023,10,ATL,WR,Mack Hollins,00-0033555,Out,Ankle,Did Not Participate In Practice,Mack Hollins,OUT
2023,10,ATL,DT,David Onyemata,00-0033051,Questionable,Ankle,Limited Participation in Practice,David Onyemata,QUESTIONABLE
2023,10,BAL,WR,Rashod Bateman,00-0036550,,,Full Participation in Practice,Rashod Bateman,
2023,10,BAL,WR,Odell Beckham,00-0031235,,,Full Participation in Practice,Odell Beckham,
2023,10,BAL,DT,Michael Pierce,00-0032574,,,Full Participation in Practice,Michael Pierce,
2023,10,BAL,S,Marcus Williams,00-0033894,,,Full Participation in Practice,Marcus Williams,
2023,10,BAL,CB,Jalyn Armour-Davis,00-0038119,Questionable,Illness,Full Participation in Practice,Jalyn Armour-Davis,QUESTIONABLE
2023,10,BAL,RB,Keaton Mitchell,00-0038454,Questionable,Hamstring,Full Participation in Practice,Keaton Mitchell,QUESTIONABLE
2023,10,BAL,T,Morgan Moses,00-0031330,Questionable,Shoulder,Full Participation in Practice,Morgan Moses,QUESTIONABLE
2023,10,BAL,CB,Marlon Humphrey,00-0033281,Questionable,Hamstring,Limited Participation in Practice,Marlon Humphrey,QUESTIONABLE
2023,10,BUF,QB,Josh Allen,00-0034857,,,Full Participation in Practice,Josh Allen,
2023,10,BUF,DE,Leonard Floyd,00-0033072,,,Full Participation in Practice,Leonard Floyd,
2023,10,BUF,LB,A.J. Klein,00-0030463,,,Full Participation in Practice,A.J. Klein,
2023,10,BUF,S,Jordan Poyer,00-0030114,,,Full Participation in Practice,Jordan Poyer,
2023,10,BUF,LB,Baylon Spector,00-0037318,,,Full Participation in Practice,Baylon Spector,
2023,10,BUF,WR,Stefon Diggs,00-0031588,,,Limited Participation in Practice,Stefon Diggs,
2023,10,BUF,CB,Christian Benford,00-0037288,Out,Hamstring,Did Not Participate In Practice,Christian Benford,OUT
2023,10,BUF,S,Micah Hyde,00-0030090,Out,Neck,Did Not Participate In Practice,Micah Hyde,OUT
2023,10,BUF,LB,Terrel Bernard,00-0037254,Questionable,Concussion,Limited Participation in Practice,Terrel Bernard,QUESTIONABLE
2023,10,CAR,LB,Luiji Vilain,00-0037499,,,Did Not Participate In Practice,Luiji Vilain,
2023,10,CAR,LB,Chandler Wooten,00-0037560,,,Did Not Participate In Practice,Chandler Wooten,
2023,10,CAR,RB,Raheem Blackshear,00-0037429,,,Full Participation in Practice,Raheem Blackshear,
2023,10,CAR,T,Ikem Ekwonu,00-0037229,,,Full Participation in Practice,Ikem Ekwonu,
2023,10,CAR,LB,Frankie Luvu,00-0034302,,,Full Participation in Practice,Frankie Luvu,
2023,10,CAR,TE,Tommy Tremble,00-0037005,,,Full Participation in Practice,Tommy Tremble,
2023,10,CAR,LB,Brian Burns,00-0035713,Out,Concussion,Did Not Participate In Practice,Brian Burns,OUT
2023,10,CAR,CB,C.J. Henderson,00-0036281,Out,Concussion,Did Not Participate In Practice,C.J. Henderson,OUT
2023,10,CAR,WR,Laviska Shenault,00-0036268,Out,Ankle,Did Not Participate In Practice,Laviska Shenault,OUT
2023,10,CAR,TE,Stephen Sullivan,00-0036438,Out,Shoulder,Did Not Participate In Practice,Stephen Sullivan,OUT
2023,10,CAR,WR,D.J. Chark,00-0034777,Doubtful,Elbow,Did Not Participate In Practice,D.J. Chark,DOUBTFUL
2023,10,CAR,S,Vonn Bell,00-0032939,Questionable,Quadricep,Full Participation in Practice,Vonn Bell,QUESTIONABLE
2023,10,CAR,LB,Marquis Haynes,00-0034382,Questionable,Back,Full Participation in Practice,Marquis Haynes,QUESTIONABLE
2023,10,CAR,S,Xavier Woods,00-0033579,Questionable,Thigh,Limited Participation in Practice,Xavier Woods,QUESTIONABLE
2023,10,CHI,S,Jaquan Brisker,00-0038135,,,Full Participation in Practice,Jaquan Brisker,
2023,10,CHI,TE,Cole Kmet,00-0036290,,,Full Participation in Practice,Cole Kmet,
2023,10,CHI,CB,Tyrique Stevenson,00-0039071,,,Full Participation in Practice,Tyrique Stevenson,
2023,10,CHI,FB,Khari Blasingame,00-0035099,Out,Concussion,Did Not Participate In Practice,Khari Blasingame,OUT
2023,10,CHI,G,Nate Davis,00-0035649,Out,Ankle,Did Not Participate In Practice,Nate Davis,OUT
2023,10,CHI,LB,Tremaine Edmunds,00-0034673,Out,Knee,Did Not Participate In Practice,Tremaine Edmunds,OUT
2023,10,CHI,CB,Terell Smith,00-0038395,Out,Illness,Limited Participation in Practice,Terell Smith,OUT
2023,10,CHI,QB,Justin Fields,00-0036945,Doubtful,right Thumb,Limited Participation in Practice,Justin Fields,DOUBTFUL
2023,10,CHI,CB,Josh Blackwell,00-0037129,Questionable,Hamstring,Full Participation in Practice,Josh Blackwell,QUESTIONABLE
2023,10,CHI,RB,Khalil Herbert,00-0036906,Questionable,Ankle,Full Participation in Practice,Khalil Herbert,QUESTIONABLE
2023,10,CHI,WR,Equanimeous St. Brown,00-0034279,Questionable,Hamstring,Full Participation in Practice,Equanimeous St. Brown,QUESTIONABLE
2023,10,CIN,CB,Jalen Davis,00-0034446,,,Full Participation in Practice,Jalen Davis,
2023,10,CIN,CB,Cam Taylor-Britt,00-0037753,,,Full Participation in Practice,Cam Taylor-Britt,
2023,10,CIN,LB,Akeem Davis-Gaither,00-0036298,,,Limited Participation in Practice,Akeem Davis-Gaither,
2023,10,CIN,WR,Tee Higgins,00-0036410,Out,Hamstring,Did Not Participate In Practice,Tee Higgins,OUT
2023,10,CIN,DE,Sam Hubbard,00-0034834,Out,Ankle,Did Not Participate In Practice,Sam Hubbard,OUT
2023,10,CIN,DT,Josh Tupou,00-0033347,Doubtful,Shoulder,Limited Participation in Practice,Josh Tupou,DOUBTFUL
2023,10,CIN,WR,Charlie Jones,00-0038576,Questionable,Thumb,Full Participation in Practice,Charlie Jones,QUESTIONABLE
2023,10,CIN,WR,Ja'Marr Chase,00-0036900,Questionable,Back,Limited Participation in Practice,Ja'Marr Chase,QUESTIONABLE
2023,10,CLE,G,Joel Bitonio,00-0031426,,,Did Not Participate In Practice,Joel Bitonio,
2023,10,CLE,DE,Myles Garrett,00-0033868,,,Did Not Participate In Practice,Myles Garrett,
2023,10,CLE,WR,Amari Cooper,00-0031544,,,Full Participation in Practice,Amari Cooper,
2023,10,CLE,S,Grant Delpit,00-0036282,,,Full Participation in Practice,Grant Delpit,
2023,10,CLE,C,Nick Harris,00-0036236,,,Full Participation in Practice,Nick Harris,
2023,10,CLE,TE,David Njoku,00-0033885,,,Full Participation in Practice,David Njoku,
2023,10,CLE,DE,Ogbonnia Okoronkwo,00-0034807,,,Full Participation in Practice,Ogbonnia Okoronkwo,
2023,10,CLE,QB,Deshaun Watson,00-0033537,,,Full Participation in Practice,Deshaun Watson,
2023,10,CLE,DE,Alex Wright,00-0037251,,,Limited Participation in Practice,Alex Wright,
2023,10,CLE,WR,David Bell,00-0037257,Out,Knee,Did Not Participate In Practice,David Bell,OUT
2023,10,CLE,WR,Marquise Goodwin,00-0030068,Out,Concussion,Did Not Participate In Practice,Marquise Goodwin,OUT
2023,10,CLE,T,Dawand Jones,00-0039014,Out,Knee,Did Not Participate In Practice,Dawand Jones,OUT
2023,10,CLE,CB,Greg Newsome,00-0036996,Questionable,Groin,Limited Participation in Practice,Greg Newsome,QUESTIONABLE
2023,10,CLE,RB,Pierre Strong,00-0038098,Questionable,Hamstring,Limited Participation in Practice,Pierre Strong,QUESTIONABLE
2023,10,DAL,C,Tyler Biadasz,00-0036376,,,Full Participation in Practice,Tyler Biadasz,
2023,10,DAL,S,Jayron Kearse,00-0032454,,,Full Participation in Practice,Jayron Kearse,
2023,10,DAL,DT,Osa Odighizuwa,00-0036942,,,Full Participation in Practice,Osa Odighizuwa,
2023,10,DAL,T,Tyron Smith,00-0027947,,,Full Participation in Practice,Tyron Smith,
2023,10,DAL,LB,Markquese Bell,00-0037561,,,Limited Participation in Practice,Markquese Bell,
2023,10,DAL,WR,Kavontae Turpin,00-0037801,Questionable,Shoulder,Did Not Participate In Practice,Kavontae Turpin,QUESTIONABLE
2023,10,DEN,LB,Baron Browning,00-0036995,,,Full Participation in Practice,Baron Browning,
2023,10,DEN,G,Ben Powers,00-0034978,,,Full Participation in Practice,Ben Powers,
2023,10,DET,CB,Khalil Dorsey,00-0036124,,,Full Participation in Practice,Khalil Dorsey,
2023,10,DET,G,Jonah Jackson,00-0036258,,,Full Participation in Practice,Jonah Jackson,
2023,10,DET,RB,David Montgomery,00-0035685,,,Full Participation in Practice,David Montgomery,
2023,10,DET,C,Frank Ragnow,00-0034345,,,Full Participation in Practice,Frank Ragnow,
2023,10,DET,G,Halapoulivaati Vaitai,00-0032785,Out,Back,Did Not Participate In Practice,Halapoulivaati Vaitai,OUT
2023,10,DET,DE,Levi Onwuzurike,00-0036954,Doubtful,Hip,Did Not Participate In Practice,Levi Onwuzurike,DOUBTFUL
2023,10,DET,T,Dan Skipper,00-0033863,Questionable,Ribs,Full Participation in Practice,Dan Skipper,QUESTIONABLE
2023,10,DET,WR,Donovan Peoples-Jones,00-0036233,Questionable,Ribs,Limited Participation in Practice,Donovan Peoples-Jones,QUESTIONABLE
2023,10,GB,WR,Christian Watson,00-0038124,,,Full Participation in Practice,Christian Watson,
2023,10,GB,G,Elgton Jenkins,00-0035526,,,Limited Participation in Practice,Elgton Jenkins,
2023,10,GB,RB,Aaron Jones,00-0033293,,,Limited Participation in Practice,Aaron Jones,
2023,10,GB,CB,Jaire Alexander,00-0034728,Doubtful,Shoulder,Did Not Participate In Practice,Jaire Alexander,DOUBTFUL
2023,10,GB,LB,Quay Walker,00-0037074,Doubtful,Groin,Did Not Participate In Practice,Quay Walker,DOUBTFUL
2023,10,GB,DE,Kenny Clark,00-0033120,Questionable,Shoulder,Limited Participation in Practice,Kenny Clark,QUESTIONABLE
2023,10,GB,S,Rudy Ford,00-0033792,Questionable,Calf,Limited Participation in Practice,Rudy Ford,QUESTIONABLE
2023,10,GB,C,Josh Myers,00-0036622,Questionable,Knee,Limited Participation in Practice,Josh Myers,QUESTIONABLE
2023,10,GB,T,Yosuah Nijman,00-0035084,Questionable,Back,Limited Participation in Practice,Yosuah Nijman,QUESTIONABLE
2023,10,GB,G,Jon Runyan,00-0036246,Questionable,Neck,Limited Participation in Practice,Jon Runyan,QUESTIONABLE
2023,10,HOU,DE,Will Anderson,00-0039108,,,Full Participation in Practice,Will Anderson,
2023,10,HOU,LB,Blake Cashman,00-0035276,,,Full Participation in Practice,Blake Cashman,
2023,10,HOU,T,George Fant,00-0032466,,,Full Participation in Practice,George Fant,
2023,10,HOU,DE,Jonathan Greenard,00-0036224,,,Full Participation in Practice,Jonathan Greenard,
2023,10,HOU,LB,Christian Harris,00-0037823,,,Full Participation in Practice,Christian Harris,
2023,10,HOU,T,Charlie Heck,00-0036195,,,Full Participation in Practice,Charlie Heck,
2023,10,HOU,T,Tytus Howard,00-0035234,,,Full Participation in Practice,Tytus Howard,
2023,10,HOU,G,Josh Jones,00-0036363,,,Full Participation in Practice,Josh Jones,
2023,10,HOU,WR,John Metchie,00-0037614,,,Full Participation in Practice,John Metchie,
2023,10,HOU,DT,Sheldon Rankins,00-0032759,,,Full Participation in Practice,Sheldon Rankins,
2023,10,HOU,LB,Myjai Sanders,00-0037751,,,Full Participation in Practice,Myjai Sanders,
2023,10,HOU,CB,Derek Stingley,00-0037237,,,Full Participation in Practice,Derek Stingley,
2023,10,HOU,T,Laremy Tunsil,00-0032380,,,Full Participation in Practice,Laremy Tunsil,
2023,10,HOU,FB,Andrew Beck,00-0034959,Out,Ankle,Did Not Participate In Practice,Andrew Beck,OUT
2023,10,HOU,WR,Nico Collins,00-0036554,Out,Calf,Did Not Participate In Practice,Nico Collins,OUT
2023,10,HOU,K,Ka'imi Fairbairn,00-0032726,Out,Quadricep,Did Not Participate In Practice,Ka'imi Fairbairn,OUT
2023,10,HOU,LB,Jake Hansen,00-0037457,Out,Hamstring,Did Not Participate In Practice,Jake Hansen,OUT
2023,10,HOU,TE,Brevin Jordan,00-0036556,Out,Foot,Did Not Participate In Practice,Brevin Jordan,OUT
2023,10,HOU,RB,Dameon Pierce,00-0037258,Out,Ankle,Did Not Participate In Practice,Dameon Pierce,OUT
2023,10,HOU,LB,Henry To'oTo'o,00-0038599,Out,Concussion,Did Not Participate In Practice,Henry To'oTo'o,OUT
2023,10,HOU,S,Jimmie Ward,00-0031298,Out,Hamstring,Did Not Participate In Practice,Jimmie Ward,OUT
2023,10,HOU,CB,Steven Nelson,00-0032150,Questionable,Back,Did Not Participate In Practice,Steven Nelson,QUESTIONABLE
2023,10,HOU,DE,Jerry Hughes,00-0027881,Questionable,Back,Full Participation in Practice,Jerry Hughes,QUESTIONABLE
2023,10,HOU,WR,Robert Woods,00-0030431,Questionable,Foot,Full Participation in Practice,Robert Woods,QUESTIONABLE
2023,10,IND,CB,Tony Brown,00-0034540,,,Full Participation in Practice,Tony Brown,
2023,10,IND,T,Braden Smith,00-0034836,,,Full Participation in Practice,Braden Smith,
2023,10,IND,CB,Julius Brents,00-0039156,Out,Quadricep,Did Not Participate In Practice,Julius Brents,OUT
2023,10,IND,TE,Andrew Ogletree,00-0037292,Out,Foot,Did Not Participate In Practice,Andrew Ogletree,OUT
2023,10,IND,WR,Josh Downs,00-0038997,Questionable,Knee,Did Not Participate In Practice,Josh Downs,QUESTIONABLE
2023,10,IND,LB,Zaire Franklin,00-0034431,Questionable,Knee,Full Participation in Practice,Zaire Franklin,QUESTIONABLE
2023,10,IND,WR,Alec Pierce,00-0037664,Questionable,Ankle,Full Participation in Practice,Alec Pierce,QUESTIONABLE
2023,10,JAX,LB,Yasir Abdullah,00-0038580,,,Full Participation in Practice,Yasir Abdullah,
2023,10,JAX,CB,Gregory Junior,00-0037296,,,Full Participation in Practice,Gregory Junior,
2023,10,JAX,WR,Zay Jones,00-0033891,Out,Knee,Limited Participation in Practice,Zay Jones,OUT
2023,10,JAX,CB,Tyson Campbell,00-0036974,Questionable,Hamstring,Limited Participation in Practice,Tyson Campbell,QUESTIONABLE
2023,10,JAX,S,Andre Cisco,00-0036941,Questionable,Hamstring,Limited Participation in Practice,Andre Cisco,QUESTIONABLE
2023,10,JAX,G,Ezra Cleveland,00-0036327,Questionable,Toe,Limited Participation in Practice,Ezra Cleveland,QUESTIONABLE
2023,10,JAX,S,Daniel Thomas,00-0036306,Questionable,Hamstring,Limited Participation in Practice,Daniel Thomas,QUESTIONABLE
2023,10,LAC,CB,Michael Davis,00-0033697,,,Did Not Participate In Practice,Michael Davis,
2023,10,LAC,DE,Joey Bosa,00-0033156,,,Full Participation in Practice,Joey Bosa,
2023,10,LAC,QB,Justin Herbert,00-0036355,,,Full Participation in Practice,Justin Herbert,
2023,10,LV,WR,Davante Adams,00-0031381,,,Did Not Participate In Practice,Davante Adams,
2023,10,LV,TE,Austin Hooper,00-0032392,,,Full Participation in Practice,Austin Hooper,
2023,10,LV,LB,Luke Masterson,00-0037517,,,Full Participation in Practice,Luke Masterson,
2023,10,LV,T,Thayer Munford,00-0037322,,,Full Participation in Practice,Thayer Munford,
2023,10,LV,LB,Robert Spillane,00-0034720,,,Full Participation in Practice,Robert Spillane,
2023,10,LV,DE,Maxx Crosby,00-0034973,,,Limited Participation in Practice,Maxx Crosby,
2023,10,LV,LB,Divine Deablo,00-0036990,,,Limited Participation in Practice,Divine Deablo,
2023,10,LV,CB,Nate Hobbs,00-0036871,,,Limited Participation in Practice,Nate Hobbs,
2023,10,LV,QB,Brian Hoyer,00-0026625,,,Limited Participation in Practice,Brian Hoyer,
2023,10,LV,G,Greg Van Roten,00-0029685,,,Limited Participation in Practice,Greg Van Roten,
2023,10,LV,T,Kolton Miller,00-0034759,Doubtful,Shoulder,Did Not Participate In Practice,Kolton Miller,DOUBTFUL
2023,10,LV,FB,Jakob Johnson,00-0035726,Questionable,Concussion,Limited Participation in Practice,Jakob Johnson,QUESTIONABLE
2023,10,LV,CB,Marcus Peters,00-0032165,Questionable,Knee,Limited Participation in Practice,Marcus Peters,QUESTIONABLE
2023,10,MIN,S,Harrison Smith,00-0029606,,,Did Not Participate In Practice,Harrison Smith,
2023,10,MIN,T,Christian Darrisaw,00-0036616,,,Full Participation in Practice,Christian Darrisaw,
2023,10,MIN,TE,Johnny Mundt,00-0033246,,,Full Participation in Practice,Johnny Mundt,
2023,10,MIN,WR,Jalen Nailor,00-0037291,,,Full Participation in Practice,Jalen Nailor,
2023,10,MIN,QB,Jaren Hall,00-0038598,Out,Concussion,Did Not Participate In Practice,Jaren Hall,OUT
2023,10,MIN,DE,Dean Lowry,00-0032412,Doubtful,Groin,Limited Participation in Practice,Dean Lowry,DOUBTFUL
2023,10,MIN,WR,K.J. Osborn,00-0036345,Questionable,Concussion,Full Participation in Practice,K.J. Osborn,QUESTIONABLE
2023,10,MIN,G,Chris Reed,00-0031734,Questionable,Foot,Full Participation in Practice,Chris Reed,QUESTIONABLE
2023,10,MIN,LB,Brian Asamoah,00-0037822,Questionable,Ankle,Limited Participation in Practice,Brian Asamoah,QUESTIONABLE
2023,10,MIN,TE,T.J. Hockenson,00-0035229,Questionable,Ribs,Limited Participation in Practice,T.J. Hockenson,QUESTIONABLE
2023,10,MIN,WR,Justin Jefferson,00-0036322,Questionable,Hamstring,Limited Participation in Practice,Justin Jefferson,QUESTIONABLE
2023,10,NE,C,David Andrews,00-0031852,,,Did Not Participate In Practice,David Andrews,
2023,10,NE,T,Trenton Brown,00-0032071,Out,Not injury related - personal matter,Did Not Participate In Practice,Trenton Brown,OUT
2023,10,NE,CB,J.C. Jackson,00-0034591,Out,Not injury related - personal matter,Did Not Participate In Practice,J.C. Jackson,OUT
2023,10,NE,WR,DeVante Parker,00-0031547,Out,Concussion,Did Not Participate In Practice,DeVante Parker,OUT
2023,10,NE,DT,Christian Barmore,00-0036981,Questionable,Knee,Limited Participation in Practice,Christian Barmore,QUESTIONABLE
2023,10,NE,LB,Ja'Whaun Bentley,00-0034385,Questionable,Hamstring,Limited Participation in Practice,Ja'Whaun Bentley,QUESTIONABLE
2023,10,NE,CB,Myles Bryant,00-0036087,Questionable,Chest,Limited Participation in Practice,Myles Bryant,QUESTIONABLE
2023,10,NE,WR,Demario Douglas,00-0038621,Questionable,Ankle,Limited Participation in Practice,Demario Douglas,QUESTIONABLE
2023,10,NE,CB,Jack Jones,00-0038039,Questionable,Knee,Limited Participation in Practice,Jack Jones,QUESTIONABLE
2023,10,NE,CB,Jonathan Jones,00-0032580,Questionable,Knee,Limited Participation in Practice,Jonathan Jones,QUESTIONABLE
2023,10,NE,T,Vederian Lowe,00-0037287,Questionable,Ankle,Limited Participation in Practice,Vederian Lowe,QUESTIONABLE
2023,10,NE,WR,Matt Slater,00-0026293,Questionable,Ankle,Limited Participation in Practice,Matt Slater,QUESTIONABLE
2023,10,NE,DE,Deatrich Wise,00-0033947,Questionable,Shoulder,Limited Participation in Practice,Deatrich Wise,QUESTIONABLE
2023,10,NO,LB,Demario Davis,00-0029607,,,Full Participation in Practice,Demario Davis,
2023,10,NO,LB,Ty Summers,00-0034999,,,Full Participation in Practice,Ty Summers,
2023,10,NO,TE,Jimmy Graham,00-0027696,,,Limited Participation in Practice,Jimmy Graham,
2023,10,NO,T,Ryan Ramczyk,00-0033888,,,Limited Participation in Practice,Ryan Ramczyk,
2023,10,NO,DE,Isaiah Foskey,00-0039143,Out,Quadricep,Did Not Participate In Practice,Isaiah Foskey,OUT
2023,10,NO,RB,Kendre Miller,00-0038551,Out,Ankle,Did Not Participate In Practice,Kendre Miller,OUT
2023,10,NO,FB,Adam Prentice,00-0036727,Questionable,Knee,Full Participation in Practice,Adam Prentice,QUESTIONABLE
2023,10,NYG,S,Dane Belton,00-0038123,,,Full Participation in Practice,Dane Belton,
2023,10,NYG,C,Sean Harlow,00-0033511,,,Full Participation in Practice,Sean Harlow,
2023,10,NYG,DT,Dexter Lawrence,00-0035683,,,Full Participation in Practice,Dexter Lawrence,
2023,10,NYG,G,Justin Pugh,00-0030585,,,Full Participation in Practice,Justin Pugh,
2023,10,NYG,T,Andrew Thomas,00-0036386,,,Full Participation in Practice,Andrew Thomas,
2023,10,NYG,CB,Adoree' Jackson,00-0033878,Out,Concussion,Did Not Participate In Practice,Adoree' Jackson,OUT
2023,10,NYG,T,Evan Neal,00-0037612,Out,Ankle,Did Not Participate In Practice,Evan Neal,OUT
2023,10,NYG,RB,Deon Jackson,00-0036493,Out,Concussion,Limited Participation in Practice,Deon Jackson,OUT
2023,10,NYG,G,Mark Glowinski,00-0031581,Questionable,Not injury related - personal matter,Did Not Participate In Practice,Mark Glowinski,QUESTIONABLE
2023,10,NYG,WR,Parris Campbell,00-0035639,Questionable,Hamstring,Limited Participation in Practice,Parris Campbell,QUESTIONABLE
2023,10,NYG,RB,Jashaun Corbin,00-0037410,Questionable,Hamstring,Limited Participation in Practice,Jashaun Corbin,QUESTIONABLE
2023,10,NYG,DE,Azeez Ojulari,00-0036552,Questionable,Ankle,Limited Participation in Practice,Azeez Ojulari,QUESTIONABLE
2023,10,NYJ,T,Mekhi Becton,00-0036284,,,Full Participation in Practice,Mekhi Becton,
2023,10,NYJ,WR,Allen Lazard,00-0034521,,,Full Participation in Practice,Allen Lazard,
2023,10,NYJ,TE,Jeremy Ruckert,00-0037805,,,Full Participation in Practice,Jeremy Ruckert,
2023,10,NYJ,LB,Quincy Williams,00-0035680,,,Full Participation in Practice,Quincy Williams,
2023,10,NYJ,LB,Chazz Surratt,00-0037003,Out,Ankle,Did Not Participate In Practice,Chazz Surratt,OUT
2023,10,NYJ,T,Billy Turner,00-0031433,Out,Finger,Did Not Participate In Practice,Billy Turner,OUT
2023,10,NYJ,T,Duane Brown,00-0026166,Out,Hip,Full Participation in Practice,Duane Brown,OUT
2023,10,NYJ,DE,Will McDonald,00-0039142,Questionable,Ankle,Did Not Participate In Practice,Will McDonald,QUESTIONABLE
2023,10,PIT,LB,Elandon Roberts,00-0032442,,,Full Participation in Practice,Elandon Roberts,
2023,10,PIT,LB,Nick Herbig,00-0038577,,,Limited Participation in Practice,Nick Herbig,
2023,10,PIT,DT,Cameron Heyward,00-0027969,,,Limited Participation in Practice,Cameron Heyward,
2023,10,PIT,DT,Montravius Adams,00-0033929,Out,Ankle,Did Not Participate In Practice,Montravius Adams,OUT
2023,10,PIT,S,Minkah Fitzpatrick,00-0034789,Out,Hamstring,Did Not Participate In Practice,Minkah Fitzpatrick,OUT
2023,10,SEA,DE,Mario Edwards,00-0032265,,,Did Not Participate In Practice,Mario Edwards,
2023,10,SEA,WR,Jamal Adams,00-0033872,,,Full Participation in Practice,Jamal Adams,
2023,10,SEA,CB,Tre Brown,00-0036885,,,Full Participation in Practice,Tre Brown,
2023,10,SEA,T,Charles Cross,00-0037821,,,Full Participation in Practice,Charles Cross,
2023,10,SEA,TE,Noah Fant,00-0035644,,,Full Participation in Practice,Noah Fant,
2023,10,SEA,LB,Derick Hall,00-0039047,,,Full Participation in Practice,Derick Hall,
2023,10,SEA,WR,Tyler Lockett,00-0032211,,,Full Participation in Practice,Tyler Lockett,
2023,10,SEA,WR,DK Metcalf,00-0035640,,,Full Participation in Practice,DK Metcalf,
2023,10,SEA,DT,Jarran Reed,00-0032387,,,Full Participation in Practice,Jarran Reed,
2023,10,SEA,WR,Jaxon Smith-Njigba,00-0038543,,,Full Participation in Practice,Jaxon Smith-Njigba,
2023,10,SEA,RB,Kenneth Walker,00-0038134,,,Full Participation in Practice,Kenneth Walker,
2023,10,SEA,WR,Dareke Young,00-0037093,,,Full Participation in Practice,Dareke Young,
2023,10,SEA,G,Anthony Bradford,00-0039020,Out,Knee,Did Not Participate In Practice,Anthony Bradford,OUT
2023,10,SEA,LB,Jordyn Brooks,00-0036409,Questionable,Hamstring,Full Participation in Practice,Jordyn Brooks,QUESTIONABLE
2023,10,SEA,RB,DeeJay Dallas,00-0036425,Questionable,Shoulder,Full Participation in Practice,DeeJay Dallas,QUESTIONABLE
2023,10,SEA,RB,Kenny McIntosh,00-0038636,Questionable,Knee,Full Participation in Practice,Kenny McIntosh,QUESTIONABLE
2023,10,SEA,TE,Colby Parkinson,00-0036244,Questionable,Biceps,Full Participation in Practice,Colby Parkinson,QUESTIONABLE
2023,10,SF,LB,Dre Greenlaw,00-0034982,,,Full Participation in Practice,Dre Greenlaw,
2023,10,SF,WR,Ray-Ray McCloud,00-0034407,,,Full Participation in Practice,Ray-Ray McCloud,
2023,10,SF,WR,Deebo Samuel,00-0035719,,,Full Participation in Practice,Deebo Samuel,
2023,10,SF,G,Aaron Banks,00-0036551,Out,Toe,Did Not Participate In Practice,Aaron Banks,OUT
2023,10,SF,DE,Drake Jackson,00-0037826,Out,Knee,Did Not Participate In Practice,Drake Jackson,OUT
2023,10,SF,LB,Demetrius Flannigan-Fowles,00-0035020,Questionable,Ankle,Did Not Participate In Practice,Demetrius Flannigan-Fowles,QUESTIONABLE
2023,10,SF,DE,Robert Beal,00-0038603,Questionable,Hamstring,Full Participation in Practice,Robert Beal,QUESTIONABLE
2023,10,SF,CB,Darrell Luter,00-0038594,Questionable,Knee,Full Participation in Practice,Darrell Luter,QUESTIONABLE
2023,10,SF,CB,Samuel Womack,00-0037830,Questionable,Knee,Full Participation in Practice,Samuel Womack,QUESTIONABLE
2023,10,SF,DT,Javon Hargrave,00-0033109,Questionable,Knee,Limited Participation in Practice,Javon Hargrave,QUESTIONABLE
2023,10,SF,T,Trent Williams,00-0027857,Questionable,Ankle,Limited Participation in Practice,Trent Williams,QUESTIONABLE
2023,10,TB,LB,Lavonte David,00-0029562,,,Did Not Participate In Practice,Lavonte David,
2023,10,TB,WR,Mike Evans,00-0031408,,,Did Not Participate In Practice,Mike Evans,
2023,10,TB,T,Luke Goedeke,00-0037835,,,Full Participation in Practice,Luke Goedeke,
2023,10,TB,WR,Deven Thompkins,00-0037487,,,Full Participation in Practice,Deven Thompkins,
2023,10,TB,DT,Vita Vea,00-0034773,,,Full Participation in Practice,Vita Vea,
2023,10,TB,CB,Josh Hayes,00-0039051,Out,Concussion,Did Not Participate In Practice,Josh Hayes,OUT
2023,10,TB,G,Matt Feiler,00-0031142,Doubtful,Knee,Limited Participation in Practice,Matt Feiler,DOUBTFUL
2023,10,TB,CB,Jamel Dean,00-0035699,Questionable,Concussion,Full Participation in Practice,Jamel Dean,QUESTIONABLE
2023,10,TB,DE,Logan Hall,00-0038127,Questionable,Groin,Full Participation in Practice,Logan Hall,QUESTIONABLE
2023,10,TB,WR,Trey Palmer,00-0039052,Questionable,Neck,Full Participation in Practice,Trey Palmer,QUESTIONABLE
2023,10,TB,CB,Carlton Davis,00-0034778,Questionable,Toe,Limited Participation in Practice,Carlton Davis,QUESTIONABLE
2023,10,TB,DE,Calijah Kancey,00-0039063,Questionable,Quadricep,Limited Participation in Practice,Calijah Kancey,QUESTIONABLE
2023,10,TEN,LB,Azeez Al-Shaair,00-0035166,,,Full Participation in Practice,Azeez Al-Shaair,
2023,10,TEN,DE,Denico Autry,00-0031254,,,Full Participation in Practice,Denico Autry,
2023,10,TEN,LB,Jack Gibbens,00-0037596,,,Full Participation in Practice,Jack Gibbens,
2023,10,TEN,LB,Luke Gifford,00-0035413,,,Full Participation in Practice,Luke Gifford,
2023,10,TEN,RB,Derrick Henry,00-0032764,,,Full Participation in Practice,Derrick Henry,
2023,10,TEN,WR,DeAndre Hopkins,00-0030564,,,Full Participation in Practice,DeAndre Hopkins,
2023,10,TEN,T,Christopher Hubbard,00-0029963,,,Full Participation in Practice,Christopher Hubbard,
2023,10,TEN,QB,Will Levis,00-0039152,,,Full Participation in Practice,Will Levis,
2023,10,TEN,CB,Roger McCreary,00-0038125,,,Full Participation in Practice,Roger McCreary,
2023,10,TEN,G,Daniel Brunskill,00-0033221,Out,Ankle,Did Not Participate In Practice,Daniel Brunskill,OUT
2023,10,TEN,WR,Treylon Burks,00-0037742,Out,Concussion,Did Not Participate In Practice,Treylon Burks,OUT
2023,10,TEN,CB,Sean Murphy-Bunting,00-0035239,Out,Thumb,Did Not Participate In Practice,Sean Murphy-Bunting,OUT
2023,10,TEN,T,Nicholas Petit-Frere,00-0037754,Out,Shoulder,Did Not Participate In Practice,Nicholas Petit-Frere,OUT
2023,10,TEN,S,Mike Brown,00-0037493,Out,Ankle,Full Participation in Practice,Mike Brown,OUT
2023,10,TEN,CB,Anthony Kendall,00-0038848,Questionable,Hamstring,Limited Participation in Practice,Anthony Kendall,QUESTIONABLE
2023,10,TEN,QB,Ryan Tannehill,00-0029701,Questionable,Ankle,Limited Participation in Practice,Ryan Tannehill,QUESTIONABLE
2023,10,WAS,DT,Jonathan Allen,00-0033523,,,Did Not Participate In Practice,Jonathan Allen,
2023,10,WAS,WR,Jahan Dotson,00-0037741,,,Did Not Participate In Practice,Jahan Dotson,
2023,10,WAS,CB,Kendall Fuller,00-0033084,,,Did Not Participate In Practice,Kendall Fuller,
2023,10,WAS,CB,Emmanuel Forbes,00-0039151,,,Full Participation in Practice,Emmanuel Forbes,
2023,10,WAS,WR,Curtis Samuel,00-0033282,Questionable,Toe,Limited Participation in Practice,Curtis Samuel,QUESTIONABLE
2023,11,ARI,RB,Michael Carter,00-0036924,,,Did Not Participate In Practice,Michael Carter,
2023,11,ARI,LB,Jesse Luketa,00-0037330,,,Full Participation in Practice,Jesse Luketa,
2023,11,ARI,S,Joey Blount,00-0037141,Out,Knee,Did Not Participate In Practice,Joey Blount,OUT
2023,11,ARI,RB,Emari Demercado,00-0038705,Out,Toe,Did Not Participate In Practice,Emari Demercado,OUT
2023,11,ARI,DE,Jonathan Ledbetter,00-0035343,Out,Shoulder,Did Not Participate In Practice,Jonathan Ledbetter,OUT
2023,11,ARI,WR,Zach Pascal,00-0033251,Out,Hamstring,Did Not Participate In Practice,Zach Pascal,OUT
2023,11,ARI,C,Trystan Colon,00-0035992,Questionable,Calf,Limited Participation in Practice,Trystan Colon,QUESTIONABLE
2023,11,ARI,T,D.J. Humphries,00-0032222,Questionable,Ankle,Limited Participation in Practice,D.J. Humphries,QUESTIONABLE
2023,11,ARI,DT,Kevin Strong,00-0035334,Questionable,Knee,Limited Participation in Practice,Kevin Strong,QUESTIONABLE
2023,11,ARI,LB,Ezekiel Turner,00-0034490,Questionable,Hamstring,Limited Participation in Practice,Ezekiel Turner,QUESTIONABLE
2023,11,ARI,WR,Michael Wilson,00-0038559,Questionable,Shoulder,Limited Participation in Practice,Michael Wilson,QUESTIONABLE
2023,11,BAL,WR,Odell Beckham,00-0031235,,,Did Not Participate In Practice,Odell Beckham,
2023,11,BAL,LB,Jadeveon Clowney,00-0031364,,,Did Not Participate In Practice,Jadeveon Clowney,
2023,11,BAL,T,Morgan Moses,00-0031330,,,Full Participation in Practice,Morgan Moses,
2023,11,BAL,LB,Trenton Simpson,00-0038504,Out,Concussion,Did Not Participate In Practice,Trenton Simpson,OUT
2023,11,BAL,T,Ronnie Stanley,00-0032965,Out,Knee,Did Not Participate In Practice,Ronnie Stanley,OUT
2023,11,BAL,CB,Marlon Humphrey,00-0033281,Doubtful,Calf,Did Not Participate In Practice,Marlon Humphrey,DOUBTFUL
2023,11,BAL,WR,Devin Duvernay,00-0036331,Questionable,Hamstring,Did Not Participate In Practice,Devin Duvernay,QUESTIONABLE
2023,11,BAL,G,John Simpson,00-0036369,Questionable,Illness,Full Participation in Practice,John Simpson,QUESTIONABLE
2023,11,BAL,LB,Kyle Van Noy,00-0031360,Questionable,Groin,Full Participation in Practice,Kyle Van Noy,QUESTIONABLE
2023,11,BAL,S,Daryl Worley,00-0032891,Questionable,Hamstring,Full Participation in Practice,Daryl Worley,QUESTIONABLE
2023,11,BUF,QB,Josh Allen,00-0034857,,,Full Participation in Practice,Josh Allen,
2023,11,BUF,CB,Christian Benford,00-0037288,,,Full Participation in Practice,Christian Benford,
2023,11,BUF,S,Micah Hyde,00-0030090,,,Full Participation in Practice,Micah Hyde,
2023,11,BUF,CB,Cameron Lewis,00-0035357,,,Full Participation in Practice,Cameron Lewis,
2023,11,BUF,LB,Dorian Williams,00-0038557,,,Full Participation in Practice,Dorian Williams,
2023,11,BUF,DT,Jordan Phillips,00-0031557,Questionable,Knee,Full Participation in Practice,Jordan Phillips,QUESTIONABLE
2023,11,BUF,WR,Trent Sherfield,00-0034487,Questionable,Ankle,Full Participation in Practice,Trent Sherfield,QUESTIONABLE
2023,11,CAR,DE,DeShawn Williams,00-0031795,,,Did Not Participate In Practice,DeShawn Williams,
2023,11,CAR,LB,Brian Burns,00-0035713,,,Full Participation in Practice,Brian Burns,
2023,11,CAR,WR,D.J. Chark,00-0034777,,,Full Participation in Practice,D.J. Chark,
2023,11,CAR,G,Austin Corbett,00-0034261,,,Full Participation in Practice,Austin Corbett,
2023,11,CAR,T,Taylor Moton,00-0033284,,,Full Participation in Practice,Taylor Moton,
2023,11,CAR,QB,Bryce Young,00-0039150,,,Full Participation in Practice,Bryce Young,
2023,11,CAR,CB,C.J. Henderson,00-0036281,Out,Concussion,Did Not Participate In Practice,C.J. Henderson,OUT
2023,11,CAR,TE,Hayden Hurst,00-0034830,Out,Concussion,Did Not Participate In Practice,Hayden Hurst,OUT
2023,11,CAR,LB,Marquis Haynes,00-0034382,Out,Back,Limited Participation in Practice,Marquis Haynes,OUT
2023,11,CAR,CB,Jaycee Horn,00-0036944,Out,Hamstring,Limited Participation in Practice,Jaycee Horn,OUT
2023,11,CAR,WR,Laviska Shenault,00-0036268,Questionable,Ankle,Full Participation in Practice,Laviska Shenault,QUESTIONABLE
2023,11,CAR,TE,Stephen Sullivan,00-0036438,Questionable,Shoulder,Full Participation in Practice,Stephen Sullivan,QUESTIONABLE
2023,11,CAR,TE,Ian Thomas,00-0034365,Questionable,Calf,Full Participation in Practice,Ian Thomas,QUESTIONABLE
2023,11,CAR,S,Xavier Woods,00-0033579,Questionable,Thigh,Full Participation in Practice,Xavier Woods,QUESTIONABLE
2023,11,CHI,TE,Marcedes Lewis,00-0024243,,,Did Not Participate In Practice,Marcedes Lewis,
2023,11,CHI,FB,Khari Blasingame,00-0035099,,,Full Participation in Practice,Khari Blasingame,
2023,11,CHI,G,Nate Davis,00-0035649,,,Full Participation in Practice,Nate Davis,
2023,11,CHI,QB,Justin Fields,00-0036945,,,Full Participation in Practice,Justin Fields,
2023,11,CHI,RB,Khalil Herbert,00-0036906,,,Full Participation in Practice,Khalil Herbert,
2023,11,CHI,CB,Terell Smith,00-0038395,,,Full Participation in Practice,Terell Smith,
2023,11,CHI,LB,Noah Sewell,00-0038390,Out,Knee,Did Not Participate In Practice,Noah Sewell,OUT
2023,11,CHI,LB,Jack Sanborn,00-0037109,Questionable,Ankle,Did Not Participate In Practice,Jack Sanborn,QUESTIONABLE
2023,11,CHI,LB,Tremaine Edmunds,00-0034673,Questionable,Knee,Limited Participation in Practice,Tremaine Edmunds,QUESTIONABLE
2023,11,CHI,RB,D'Onta Foreman,00-0033925,Questionable,Ankle,Limited Participation in Practice,D'Onta Foreman,QUESTIONABLE
2023,11,CIN,CB,Chidobe Awuzie,00-0033548,,,Full Participation in Practice,Chidobe Awuzie,
2023,11,CIN,LB,Akeem Davis-Gaither,00-0036298,,,Full Participation in Practice,Akeem Davis-Gaither,
2023,11,CIN,DE,Trey Hendrickson,00-0033935,,,Full Participation in Practice,Trey Hendrickson,
2023,11,CIN,DT,D.J. Reader,00-0032424,,,Full Participation in Practice,D.J. Reader,
2023,11,CIN,CB,Cam Taylor-Britt,00-0037753,,,Full Participation in Practice,Cam Taylor-Britt,
2023,11,CIN,DT,Josh Tupou,00-0033347,,,Full Participation in Practice,Josh Tupou,
2023,11,CIN,WR,Tee Higgins,00-0036410,Out,Hamstring,Did Not Participate In Practice,Tee Higgins,OUT
2023,11,CIN,DE,Sam Hubbard,00-0034834,Out,Ankle,Did Not Participate In Practice,Sam Hubbard,OUT
2023,11,CIN,WR,Andrei Iosivas,00-0038619,Out,Knee,Did Not Participate In Practice,Andrei Iosivas,OUT
2023,11,CIN,WR,Charlie Jones,00-0038576,Questionable,Thumb,Full Participation in Practice,Charlie Jones,QUESTIONABLE
2023,11,CLE,LB,Matthew Adams,00-0034424,,,Did Not Participate In Practice,Matthew Adams,
2023,11,CLE,G,Joel Bitonio,00-0031426,,,Did Not Participate In Practice,Joel Bitonio,
2023,11,CLE,WR,Amari Cooper,00-0031544,,,Did Not Participate In Practice,Amari Cooper,
2023,11,CLE,S,Rodney McLeod,00-0028899,,,Did Not Participate In Practice,Rodney McLeod,
2023,11,CLE,DE,Za'Darius Smith,00-0031576,,,Did Not Participate In Practice,Za'Darius Smith,
2023,11,CLE,LB,Anthony Walker,00-0033570,,,Did Not Participate In Practice,Anthony Walker,
2023,11,CLE,WR,David Bell,00-0037257,,,Full Participation in Practice,David Bell,
2023,11,CLE,S,Grant Delpit,00-0036282,,,Full Participation in Practice,Grant Delpit,
2023,11,CLE,CB,Greg Newsome,00-0036996,,,Full Participation in Practice,Greg Newsome,
2023,11,CLE,TE,David Njoku,00-0033885,,,Full Participation in Practice,David Njoku,
2023,11,CLE,DE,Ogbonnia Okoronkwo,00-0034807,,,Full Participation in Practice,Ogbonnia Okoronkwo,
2023,11,CLE,RB,Pierre Strong,00-0038098,,,Full Participation in Practice,Pierre Strong,
2023,11,CLE,G,Wyatt Teller,00-0034399,,,Full Participation in Practice,Wyatt Teller,
2023,11,CLE,CB,Denzel Ward,00-0034856,,,Full Participation in Practice,Denzel Ward,
2023,11,CLE,DE,Alex Wright,00-0037251,,,Full Participation in Practice,Alex Wright,
2023,11,CLE,WR,Marquise Goodwin,00-0030068,Out,Concussion,Did Not Participate In Practice,Marquise Goodwin,OUT
2023,11,CLE,S,Juan Thornhill,00-0035625,Out,Calf,Did Not Participate In Practice,Juan Thornhill,OUT
2023,11,CLE,G,Michael Dunn,00-0033995,Questionable,Calf,Full Participation in Practice,Michael Dunn,QUESTIONABLE
2023,11,CLE,T,Dawand Jones,00-0039014,Questionable,Knee,Limited Participation in Practice,Dawand Jones,QUESTIONABLE
2023,11,DAL,T,Tyron Smith,00-0027947,,,Did Not Participate In Practice,Tyron Smith,
2023,11,DAL,DE,Viliami Fehoko,00-0038575,,,Full Participation in Practice,Viliami Fehoko,
2023,11,DAL,TE,Peyton Hendershot,00-0037569,,,Full Participation in Practice,Peyton Hendershot,
2023,11,DAL,CB,Jourdan Lewis,00-0033928,,,Full Participation in Practice,Jourdan Lewis,
2023,11,DAL,DT,Osa Odighizuwa,00-0036942,,,Full Participation in Practice,Osa Odighizuwa,
2023,11,DAL,WR,Jalen Tolbert,00-0037666,,,Full Participation in Practice,Jalen Tolbert,
2023,11,DAL,WR,Kavontae Turpin,00-0037801,,,Full Participation in Practice,Kavontae Turpin,
2023,11,DAL,RB,Rico Dowdle,00-0036139,Questionable,Ankle,Full Participation in Practice,Rico Dowdle,QUESTIONABLE
2023,11,DEN,LB,Baron Browning,00-0036995,,,Full Participation in Practice,Baron Browning,
2023,11,DEN,WR,Jerry Jeudy,00-0036407,,,Full Participation in Practice,Jerry Jeudy,
2023,11,DEN,WR,Marvin Mims,00-0038976,,,Full Participation in Practice,Marvin Mims,
2023,11,DEN,DE,Ronnie Perkins,00-0036978,,,Full Participation in Practice,Ronnie Perkins,
2023,11,DEN,T,Garett Bolles,00-0033538,,,Limited Participation in Practice,Garett Bolles,
2023,11,DEN,RB,Samaje Perine,00-0033526,,,Limited Participation in Practice,Samaje Perine,
2023,11,DEN,G,Ben Powers,00-0034978,,,Limited Participation in Practice,Ben Powers,
2023,11,DEN,S,P.J. Locke,00-0035227,Out,Ankle,Did Not Participate In Practice,P.J. Locke,OUT
2023,11,DET,DE,Levi Onwuzurike,00-0036954,,,Full Participation in Practice,Levi Onwuzurike,
2023,11,DET,WR,Donovan Peoples-Jones,00-0036233,,,Full Participation in Practice,Donovan Peoples-Jones,
2023,11,DET,C,Frank Ragnow,00-0034345,,,Full Participation in Practice,Frank Ragnow,
2023,11,DET,WR,Kalif Raymond,00-0032464,,,Full Participation in Practice,Kalif Raymond,
2023,11,DET,DT,Isaiah Buggs,00-0035219,Out,Illness,Did Not Participate In Practice,Isaiah Buggs,OUT
2023,11,DET,G,Jonah Jackson,00-0036258,Out,Wrist,Did Not Participate In Practice,Jonah Jackson,OUT
2023,11,DET,S,Ifeatu Melifonwu,00-0036993,Questionable,Hand,Full Participation in Practice,Ifeatu Melifonwu,QUESTIONABLE
2023,11,GB,T,Yosuah Nijman,00-0035084,,,Full Participation in Practice,Yosuah Nijman,
2023,11,GB,G,Jon Runyan,00-0036246,,,Full Participation in Practice,Jon Runyan,
2023,11,GB,DE,Kenny Clark,00-0033120,,,Limited Participation in Practice,Kenny Clark,
2023,11,GB,G,Elgton Jenkins,00-0035526,,,Limited Participation in Practice,Elgton Jenkins,
2023,11,GB,RB,Aaron Jones,00-0033293,,,Limited Participation in Practice,Aaron Jones,
2023,11,GB,WR,Christian Watson,00-0038124,,,Limited Participation in Practice,Christian Watson,
2023,11,GB,S,Rudy Ford,00-0033792,Doubtful,Biceps,Did Not Participate In Practice,Rudy Ford,DOUBTFUL
2023,11,GB,CB,Jaire Alexander,00-0034728,Questionable,Shoulder,Limited Participation in Practice,Jaire Alexander,QUESTIONABLE
2023,11,GB,LB,Rashan Gary,00-0034967,Questionable,Shoulder,Limited Participation in Practice,Rashan Gary,QUESTIONABLE
2023,11,GB,LB,Quay Walker,00-0037074,Questionable,Groin,Limited Participation in Practice,Quay Walker,QUESTIONABLE
2023,11,HOU,FB,Andrew Beck,00-0034959,,,Full Participation in Practice,Andrew Beck,
2023,11,HOU,WR,Nico Collins,00-0036554,,,Full Participation in Practice,Nico Collins,
2023,11,HOU,T,George Fant,00-0032466,,,Full Participation in Practice,George Fant,
2023,11,HOU,DE,Jonathan Greenard,00-0036224,,,Full Participation in Practice,Jonathan Greenard,
2023,11,HOU,T,Charlie Heck,00-0036195,,,Full Participation in Practice,Charlie Heck,
2023,11,HOU,DT,Kurt Hinish,00-0037459,,,Full Participation in Practice,Kurt Hinish,
2023,11,HOU,T,Tytus Howard,00-0035234,,,Full Participation in Practice,Tytus Howard,
2023,11,HOU,DE,Jerry Hughes,00-0027881,,,Full Participation in Practice,Jerry Hughes,
2023,11,HOU,TE,Brevin Jordan,00-0036556,,,Full Participation in Practice,Brevin Jordan,
2023,11,HOU,CB,Steven Nelson,00-0032150,,,Full Participation in Practice,Steven Nelson,
2023,11,HOU,TE,Dalton Schultz,00-0034383,,,Full Participation in Practice,Dalton Schultz,
2023,11,HOU,T,Laremy Tunsil,00-0032380,,,Full Participation in Practice,Laremy Tunsil,
2023,11,HOU,WR,Robert Woods,00-0030431,,,Full Participation in Practice,Robert Woods,
2023,11,HOU,S,Grayland Arnold,00-0035995,Out,Calf,Did Not Participate In Practice,Grayland Arnold,OUT
2023,11,HOU,LB,Jake Hansen,00-0037457,Out,Hamstring,Did Not Participate In Practice,Jake Hansen,OUT
2023,11,HOU,LB,Henry To'oTo'o,00-0038599,Out,Concussion,Did Not Participate In Practice,Henry To'oTo'o,OUT
2023,11,HOU,S,Jimmie Ward,00-0031298,Out,Hamstring,Did Not Participate In Practice,Jimmie Ward,OUT
2023,11,HOU,RB,Dameon Pierce,00-0037258,Out,Ankle,Limited Participation in Practice,Dameon Pierce,OUT
2023,11,HOU,DE,Will Anderson,00-0039108,Questionable,Knee,Did Not Participate In Practice,Will Anderson,QUESTIONABLE
2023,11,HOU,WR,Noah Brown,00-0033591,Questionable,Knee,Did Not Participate In Practice,Noah Brown,QUESTIONABLE
2023,11,HOU,DE,Dylan Horton,00-0039009,Questionable,Knee,Full Participation in Practice,Dylan Horton,QUESTIONABLE
2023,11,JAX,QB,Trevor Lawrence,00-0036971,,,Full Participation in Practice,Trevor Lawrence,
2023,11,JAX,WR,Jamal Agnew,00-0033572,Out,Shoulder,Did Not Participate In Practice,Jamal Agnew,OUT
2023,11,JAX,CB,Tyson Campbell,00-0036974,Out,Hamstring,Did Not Participate In Practice,Tyson Campbell,OUT
2023,11,JAX,T,Anton Harrison,00-0038934,Questionable,Back,Limited Participation in Practice,Anton Harrison,QUESTIONABLE
2023,11,JAX,WR,Zay Jones,00-0033891,Questionable,Knee,Limited Participation in Practice,Zay Jones,QUESTIONABLE
2023,11,JAX,DT,Roy Robertson-Harris,00-0032667,Questionable,Ankle,Limited Participation in Practice,Roy Robertson-Harris,QUESTIONABLE
2023,11,JAX,WR,Parker Washington,00-0038606,Questionable,Knee,Limited Participation in Practice,Parker Washington,QUESTIONABLE
2023,11,KC,RB,Clyde Edwards-Helaire,00-0036360,,,Full Participation in Practice,Clyde Edwards-Helaire,
2023,11,KC,RB,Jerick McKinnon,00-0031376,,,Full Participation in Practice,Jerick McKinnon,
2023,11,KC,S,Justin Reid,00-0034361,,,Full Participation in Practice,Justin Reid,
2023,11,KC,CB,L'Jarius Sneed,00-0036374,,,Full Participation in Practice,L'Jarius Sneed,
2023,11,KC,WR,Kadarius Toney,00-0036913,,,Full Participation in Practice,Kadarius Toney,
2023,11,KC,P,Tommy Townsend,00-0035889,,,Full Participation in Practice,Tommy Townsend,
2023,11,KC,LB,Drue Tranquill,00-0035262,,,Full Participation in Practice,Drue Tranquill,
2023,11,KC,WR,Justin Watson,00-0034386,,,Full Participation in Practice,Justin Watson,
2023,11,KC,WR,Richie James,00-0034286,Questionable,Knee,Full Participation in Practice,Richie James,QUESTIONABLE
2023,11,LA,C,Brian Allen,00-0034804,,,Did Not Participate In Practice,Brian Allen,
2023,11,LA,DT,Aaron Donald,00-0031388,,,Did Not Participate In Practice,Aaron Donald,
2023,11,LA,WR,Cooper Kupp,00-0033908,,,Did Not Participate In Practice,Cooper Kupp,
2023,11,LA,DT,Bobby Brown,00-0036903,,,Full Participation in Practice,Bobby Brown,
2023,11,LA,T,Rob Havenstein,00-0032242,,,Full Participation in Practice,Rob Havenstein,
2023,11,LA,LB,Ernest Jones,00-0036994,,,Full Participation in Practice,Ernest Jones,
2023,11,LA,TE,Hunter Long,00-0037004,,,Full Participation in Practice,Hunter Long,
2023,11,LA,DT,Larrell Murchison,00-0036237,,,Full Participation in Practice,Larrell Murchison,
2023,11,LA,WR,Puka Nacua,00-0039075,,,Full Participation in Practice,Puka Nacua,
2023,11,LA,QB,Matthew Stafford,00-0026498,,,Full Participation in Practice,Matthew Stafford,
2023,11,LA,CB,Cobie Durant,00-0037839,Questionable,Shoulder,Limited Participation in Practice,Cobie Durant,QUESTIONABLE
2023,11,LAC,DE,Khalil Mack,00-0031040,,,Did Not Participate In Practice,Khalil Mack,
2023,11,LAC,DE,Joey Bosa,00-0033156,,,Full Participation in Practice,Joey Bosa,
2023,11,LAC,S,Alohi Gilman,00-0036380,,,Full Participation in Practice,Alohi Gilman,
2023,11,LAC,DT,Sebastian Joseph,00-0034810,,,Full Participation in Practice,Sebastian Joseph,
2023,11,LAC,TE,Donald Parham,00-0035329,,,Full Participation in Practice,Donald Parham,
2023,11,LAC,T,Rashawn Slater,00-0037009,,,Full Participation in Practice,Rashawn Slater,
2023,11,LAC,TE,Gerald Everett,00-0033895,Out,Chest,Did Not Participate In Practice,Gerald Everett,OUT
2023,11,LAC,S,J.T. Woods,00-0038091,Out,Illness,Limited Participation in Practice,J.T. Woods,OUT
2023,11,LAC,RB,Isaiah Spiller,00-0038045,Questionable,Illness,Did Not Participate In Practice,Isaiah Spiller,QUESTIONABLE
2023,11,LAC,WR,Keenan Allen,00-0030279,Questionable,Shoulder,Full Participation in Practice,Keenan Allen,QUESTIONABLE
2023,11,LAC,WR,Jalen Guyton,00-0035414,Questionable,Groin,Limited Participation in Practice,Jalen Guyton,QUESTIONABLE
2023,11,LV,LB,Curtis Bolton,00-0035076,,,Full Participation in Practice,Curtis Bolton,
2023,11,LV,DT,Adam Butler,00-0033381,,,Full Participation in Practice,Adam Butler,
2023,11,LV,LB,Divine Deablo,00-0036990,,,Full Participation in Practice,Divine Deablo,
2023,11,LV,CB,Nate Hobbs,00-0036871,,,Full Participation in Practice,Nate Hobbs,
2023,11,LV,FB,Jakob Johnson,00-0035726,,,Full Participation in Practice,Jakob Johnson,
2023,11,LV,CB,Amik Robertson,00-0036375,,,Full Participation in Practice,Amik Robertson,
2023,11,LV,DE,Maxx Crosby,00-0034973,,,Limited Participation in Practice,Maxx Crosby,
2023,11,LV,CB,Marcus Peters,00-0032165,,,Limited Participation in Practice,Marcus Peters,
2023,11,LV,G,Greg Van Roten,00-0029685,,,Limited Participation in Practice,Greg Van Roten,
2023,11,LV,S,Roderic Teamer,00-0035437,Questionable,Hamstring,Full Participation in Practice,Roderic Teamer,QUESTIONABLE
2023,11,LV,T,Kolton Miller,00-0034759,Questionable,Shoulder,Limited Participation in Practice,Kolton Miller,QUESTIONABLE
2023,11,LV,G,Dylan Parham,00-0037255,Questionable,Calf,Limited Participation in Practice,Dylan Parham,QUESTIONABLE
2023,11,MIA,RB,Salvon Ahmed,00-0036020,,,Full Participation in Practice,Salvon Ahmed,
2023,11,MIA,S,Jevon Holland,00-0036998,,,Full Participation in Practice,Jevon Holland,
2023,11,MIA,LB,Jaelan Phillips,00-0036934,,,Full Participation in Practice,Jaelan Phillips,
2023,11,MIA,WR,Jaylen Waddle,00-0036613,,,Full Participation in Practice,Jaylen Waddle,
2023,11,MIA,T,Terron Armstead,00-0030067,,,Limited Participation in Practice,Terron Armstead,
2023,11,MIA,WR,Tyreek Hill,00-0033040,,,Limited Participation in Practice,Tyreek Hill,
2023,11,MIA,RB,Raheem Mostert,00-0031687,,,Limited Participation in Practice,Raheem Mostert,
2023,11,MIA,WR,Chase Claypool,00-0036326,Out,Knee,Did Not Participate In Practice,Chase Claypool,OUT
2023,11,MIA,G,Robert Hunt,00-0036325,Out,Hamstring,Did Not Participate In Practice,Robert Hunt,OUT
2023,11,MIA,G,Robert Jones,00-0036596,Out,Knee,Did Not Participate In Practice,Robert Jones,OUT
2023,11,MIA,RB,Devon Achane,00-0039040,Questionable,Knee,Limited Participation in Practice,Devon Achane,QUESTIONABLE
2023,11,MIA,WR,Braxton Berrios,00-0034419,Questionable,Hamstring,Limited Participation in Practice,Braxton Berrios,QUESTIONABLE
2023,11,MIA,FB,Alec Ingold,00-0035125,Questionable,Foot,Limited Participation in Practice,Alec Ingold,QUESTIONABLE
2023,11,MIA,TE,Durham Smythe,00-0034798,Questionable,Ankle,Limited Participation in Practice,Durham Smythe,QUESTIONABLE
2023,11,MIN,K,Greg Joseph,00-0034450,,,Did Not Participate In Practice,Greg Joseph,
2023,11,MIN,QB,Joshua Dobbs,00-0033949,,,Full Participation in Practice,Joshua Dobbs,
2023,11,MIN,TE,T.J. Hockenson,00-0035229,,,Full Participation in Practice,T.J. Hockenson,
2023,11,MIN,DE,Dean Lowry,00-0032412,,,Full Participation in Practice,Dean Lowry,
2023,11,MIN,WR,K.J. Osborn,00-0036345,,,Full Participation in Practice,K.J. Osborn,
2023,11,MIN,CB,Akayleb Evans,00-0038101,Out,Calf,Did Not Participate In Practice,Akayleb Evans,OUT
2023,11,MIN,QB,Jaren Hall,00-0038598,Out,Concussion,Did Not Participate In Practice,Jaren Hall,OUT
2023,11,MIN,LB,Brian Asamoah,00-0037822,Questionable,Ankle,Full Participation in Practice,Brian Asamoah,QUESTIONABLE
2023,11,MIN,RB,Alexander Mattison,00-0034972,Questionable,Concussion,Full Participation in Practice,Alexander Mattison,QUESTIONABLE
2023,11,MIN,G,Chris Reed,00-0031734,Questionable,Foot,Full Participation in Practice,Chris Reed,QUESTIONABLE
2023,11,MIN,WR,Justin Jefferson,00-0036322,Questionable,Hamstring,Limited Participation in Practice,Justin Jefferson,QUESTIONABLE
2023,11,MIN,QB,Nick Mullens,00-0033319,Questionable,Back,Limited Participation in Practice,Nick Mullens,QUESTIONABLE
2023,11,NYG,CB,Deonte Banks,00-0039000,,,Full Participation in Practice,Deonte Banks,
2023,11,NYG,QB,Tommy DeVito,00-0038476,,,Full Participation in Practice,Tommy DeVito,
2023,11,NYG,CB,Cordale Flott,00-0037758,,,Full Participation in Practice,Cordale Flott,
2023,11,NYG,WR,Jalin Hyatt,00-0038938,,,Full Participation in Practice,Jalin Hyatt,
2023,11,NYG,RB,Deon Jackson,00-0036493,,,Full Participation in Practice,Deon Jackson,
2023,11,NYG,DT,Dexter Lawrence,00-0035683,,,Full Participation in Practice,Dexter Lawrence,
2023,11,NYG,S,Xavier McKinney,00-0036388,,,Full Participation in Practice,Xavier McKinney,
2023,11,NYG,S,Jason Pinnock,00-0036502,,,Full Participation in Practice,Jason Pinnock,
2023,11,NYG,LB,Kayvon Thibodeaux,00-0037611,,,Full Participation in Practice,Kayvon Thibodeaux,
2023,11,NYG,RB,Saquon Barkley,00-0034844,,,Limited Participation in Practice,Saquon Barkley,
2023,11,NYG,DE,Azeez Ojulari,00-0036552,,,Limited Participation in Practice,Azeez Ojulari,
2023,11,NYG,LB,Bobby Okereke,00-0035687,,,Limited Participation in Practice,Bobby Okereke,
2023,11,NYG,WR,Wan'Dale Robinson,00-0038117,,,Limited Participation in Practice,Wan'Dale Robinson,
2023,11,NYG,CB,Adoree' Jackson,00-0033878,Out,Concussion,Did Not Participate In Practice,Adoree' Jackson,OUT
2023,11,NYG,T,Evan Neal,00-0037612,Out,Ankle,Did Not Participate In Practice,Evan Neal,OUT
2023,11,NYG,S,Bobby McCain,00-0031587,Questionable,Illness,"
    ",Bobby McCain,QUESTIONABLE
2023,11,NYG,T,Andrew Thomas,00-0036386,Questionable,Knee,Limited Participation in Practice,Andrew Thomas,QUESTIONABLE
2023,11,NYJ,T,Mekhi Becton,00-0036284,,,Full Participation in Practice,Mekhi Becton,
2023,11,NYJ,DE,John Franklin-Myers,00-0034805,,,Full Participation in Practice,John Franklin-Myers,
2023,11,NYJ,LB,Quincy Williams,00-0035680,,,Full Participation in Practice,Quincy Williams,
2023,11,NYJ,LB,Sam Eguavoen,00-0034902,Out,Hip,Did Not Participate In Practice,Sam Eguavoen,OUT
2023,11,NYJ,LB,Chazz Surratt,00-0037003,Out,Ankle,Did Not Participate In Practice,Chazz Surratt,OUT
2023,11,NYJ,T,Billy Turner,00-0031433,Out,Finger,Did Not Participate In Practice,Billy Turner,OUT
2023,11,NYJ,T,Duane Brown,00-0026166,Out,Hip,Full Participation in Practice,Duane Brown,OUT
2023,11,NYJ,TE,Kenny Yeboah,00-0036510,Out,Hamstring,Full Participation in Practice,Kenny Yeboah,OUT
2023,11,NYJ,DE,Will McDonald,00-0039142,Questionable,Ankle,Limited Participation in Practice,Will McDonald,QUESTIONABLE
2023,11,NYJ,WR,Garrett Wilson,00-0037740,Questionable,Elbow,Limited Participation in Practice,Garrett Wilson,QUESTIONABLE
2023,11,PHI,TE,Grant Calcaterra,00-0037086,,,Full Participation in Practice,Grant Calcaterra,
2023,11,PHI,G,Cam Jurgens,00-0038112,,,Full Participation in Practice,Cam Jurgens,
2023,11,PHI,CB,Bradley Roby,00-0031372,,,Full Participation in Practice,Bradley Roby,
2023,11,PHI,TE,Dallas Goedert,00-0034351,Out,Forearm,Did Not Participate In Practice,Dallas Goedert,OUT
2023,11,PHI,S,Justin Evans,00-0033898,Out,Knee,Limited Participation in Practice,Justin Evans,OUT
2023,11,PIT,CB,Patrick Peterson,00-0027943,,,Did Not Participate In Practice,Patrick Peterson,
2023,11,PIT,G,Isaac Seumalo,00-0032954,,,Did Not Participate In Practice,Isaac Seumalo,
2023,11,PIT,WR,Diontae Johnson,00-0035216,,,Full Participation in Practice,Diontae Johnson,
2023,11,PIT,DT,Cameron Heyward,00-0027969,,,Limited Participation in Practice,Cameron Heyward,
2023,11,PIT,DT,Montravius Adams,00-0033929,Out,Ankle,Did Not Participate In Practice,Montravius Adams,OUT
2023,11,PIT,S,Minkah Fitzpatrick,00-0034789,Out,Hamstring,Did Not Participate In Practice,Minkah Fitzpatrick,OUT
2023,11,PIT,S,Keanu Neal,00-0032382,Out,Rib,Did Not Participate In Practice,Keanu Neal,OUT
2023,11,PIT,TE,Pat Freiermuth,00-0036894,Questionable,Hamstring,Full Participation in Practice,Pat Freiermuth,QUESTIONABLE
2023,11,SEA,DT,Leonard Williams,00-0031933,,,Did Not Participate In Practice,Leonard Williams,
2023,11,SEA,G,Anthony Bradford,00-0039020,,,Full Participation in Practice,Anthony Bradford,
2023,11,SEA,LB,Jordyn Brooks,00-0036409,,,Full Participation in Practice,Jordyn Brooks,
2023,11,SEA,P,Michael Dickson,00-0034160,,,Full Participation in Practice,Michael Dickson,
2023,11,SEA,G,Damien Lewis,00-0036417,,,Full Participation in Practice,Damien Lewis,
2023,11,SEA,TE,Colby Parkinson,00-0036244,,,Full Participation in Practice,Colby Parkinson,
2023,11,SEA,WR,Dareke Young,00-0037093,Out,Abdomen,Did Not Participate In Practice,Dareke Young,OUT
2023,11,SEA,S,Jamal Adams,00-0033872,Questionable,Knee,Did Not Participate In Practice,Jamal Adams,QUESTIONABLE
2023,11,SEA,CB,Tre Brown,00-0036885,Questionable,Foot,Did Not Participate In Practice,Tre Brown,QUESTIONABLE
2023,11,SEA,WR,Tyler Lockett,00-0032211,Questionable,Hamstring,Did Not Participate In Practice,Tyler Lockett,QUESTIONABLE
2023,11,SEA,T,Abraham Lucas,00-0037812,Questionable,Knee,Did Not Participate In Practice,Abraham Lucas,QUESTIONABLE
2023,11,SF,LB,Demetrius Flannigan-Fowles,00-0035020,,,Full Participation in Practice,Demetrius Flannigan-Fowles,
2023,11,SF,T,Colton McKivitz,00-0036256,,,Full Participation in Practice,Colton McKivitz,
2023,11,SF,T,Trent Williams,00-0027857,,,Full Participation in Practice,Trent Williams,
2023,11,SF,G,Aaron Banks,00-0036551,Out,Toe,Did Not Participate In Practice,Aaron Banks,OUT
2023,11,SF,G,Nick Zakelj,00-0037831,Out,Biceps,Did Not Participate In Practice,Nick Zakelj,OUT
2023,11,SF,DE,Robert Beal,00-0038603,Questionable,Hamstring,Full Participation in Practice,Robert Beal,QUESTIONABLE
2023,11,SF,CB,Darrell Luter,00-0038594,Questionable,Knee,Full Participation in Practice,Darrell Luter,QUESTIONABLE
2023,11,SF,CB,Samuel Womack,00-0037830,Questionable,Knee,Full Participation in Practice,Samuel Womack,QUESTIONABLE
2023,11,TB,LB,Lavonte David,00-0029562,,,Did Not Participate In Practice,Lavonte David,
2023,11,TB,WR,Mike Evans,00-0031408,,,Did Not Participate In Practice,Mike Evans,
2023,11,TB,G,Luke Goedeke,00-0037835,,,Full Participation in Practice,Luke Goedeke,
2023,11,TB,S,Ryan Neal,00-0034527,Out,Thumb,Did Not Participate In Practice,Ryan Neal,OUT
2023,11,TB,CB,Carlton Davis,00-0034778,Questionable,Toe,Full Participation in Practice,Carlton Davis,QUESTIONABLE
2023,11,TB,G,Matt Feiler,00-0031142,Questionable,Knee,Full Participation in Practice,Matt Feiler,QUESTIONABLE
2023,11,TB,CB,Josh Hayes,00-0039051,Questionable,Concussion,Full Participation in Practice,Josh Hayes,QUESTIONABLE
2023,11,TB,LB,Devin White,00-0035707,Questionable,Foot,Full Participation in Practice,Devin White,QUESTIONABLE
2023,11,TEN,LB,Chance Campbell,00-0037312,,,Did Not Participate In Practice,Chance Campbell,
2023,11,TEN,DE,Denico Autry,00-0031254,,,Full Participation in Practice,Denico Autry,
2023,11,TEN,S,Mike Brown,00-0037493,,,Full Participation in Practice,Mike Brown,
2023,11,TEN,CB,Eric Garror,00-0038961,,,Full Participation in Practice,Eric Garror,
2023,11,TEN,LB,Jack Gibbens,00-0037596,,,Full Participation in Practice,Jack Gibbens,
2023,11,TEN,RB,Derrick Henry,00-0032764,,,Full Participation in Practice,Derrick Henry,
2023,11,TEN,WR,DeAndre Hopkins,00-0030564,,,Full Participation in Practice,DeAndre Hopkins,
2023,11,TEN,QB,Will Levis,00-0039152,,,Full Participation in Practice,Will Levis,
2023,11,TEN,QB,Ryan Tannehill,00-0029701,,,Full Participation in Practice,Ryan Tannehill,
2023,11,TEN,CB,Anthony Kendall,00-0038848,,,Limited Participation in Practice,Anthony Kendall,
2023,11,TEN,WR,Treylon Burks,00-0037742,Out,Concussion,Did Not Participate In Practice,Treylon Burks,OUT
2023,11,TEN,T,Andre Dillard,00-0035233,Out,Concussion,Did Not Participate In Practice,Andre Dillard,OUT
2023,11,TEN,CB,Sean Murphy-Bunting,00-0035239,Out,Thumb,Limited Participation in Practice,Sean Murphy-Bunting,OUT
2023,11,TEN,LB,Luke Gifford,00-0035413,Questionable,Shin,Did Not Participate In Practice,Luke Gifford,QUESTIONABLE
2023,11,TEN,G,Daniel Brunskill,00-0033221,Questionable,Ankle,Limited Participation in Practice,Daniel Brunskill,QUESTIONABLE
2023,11,WAS,DT,Jonathan Allen,00-0033523,,,Did Not Participate In Practice,Jonathan Allen,
2023,11,WAS,CB,Kendall Fuller,00-0033084,,,Did Not Participate In Practice,Kendall Fuller,
2023,11,WAS,C,Tyler Larsen,00-0030869,,,Did Not Participate In Practice,Tyler Larsen,
2023,11,WAS,WR,Curtis Samuel,00-0033282,,,Full Participation in Practice,Curtis Samuel,
2023,11,WAS,CB,Benjamin St-Juste,00-0036625,,,Full Participation in Practice,Benjamin St-Juste,
2023,11,WAS,FB,Alex Armah,00-0033296,Out,Hamstring,Did Not Participate In Practice,Alex Armah,OUT
2023,11,WAS,DE,James Smith-Williams,00-0036351,Out,Hamstring,Did Not Participate In Practice,James Smith-Williams,OUT
2023,11,WAS,RB,Antonio Gibson,00-0036328,Doubtful,Toe,Did Not Participate In Practice,Antonio Gibson,DOUBTFUL
2023,12,ARI,CB,Antonio Hamilton,00-0032933,Out,Groin,Did Not Participate In Practice,Antonio Hamilton,OUT
2023,12,ARI,DT,Kevin Strong,00-0035334,Out,Knee,Did Not Participate In Practice,Kevin Strong,OUT
2023,12,ARI,WR,Michael Wilson,00-0038559,Out,Shoulder,Did Not Participate In Practice,Michael Wilson,OUT
2023,12,ARI,S,Jalen Thompson,00-0035705,Questionable,Back,"
    ",Jalen Thompson,QUESTIONABLE
2023,12,ARI,WR,Marquise Brown,00-0035662,Questionable,Heel,Did Not Participate In Practice,Marquise Brown,QUESTIONABLE
2023,12,ARI,S,Joey Blount,00-0037141,Questionable,Knee,Limited Participation in Practice,Joey Blount,QUESTIONABLE
2023,12,ARI,RB,Emari Demercado,00-0038705,Questionable,Toe,Limited Participation in Practice,Emari Demercado,QUESTIONABLE
2023,12,ARI,DE,Jonathan Ledbetter,00-0035343,Questionable,Shoulder,Limited Participation in Practice,Jonathan Ledbetter,QUESTIONABLE
2023,12,ARI,LB,Jesse Luketa,00-0037330,Questionable,Ankle,Limited Participation in Practice,Jesse Luketa,QUESTIONABLE
2023,12,ARI,WR,Zach Pascal,00-0033251,Questionable,Hamstring,Limited Participation in Practice,Zach Pascal,QUESTIONABLE
2023,12,ATL,DE,Calais Campbell,00-0026190,,,Did Not Participate In Practice,Calais Campbell,
2023,12,ATL,CB,Dee Alford,00-0037034,,,Full Participation in Practice,Dee Alford,
2023,12,ATL,K,Younghoe Koo,00-0033702,,,Full Participation in Practice,Younghoe Koo,
2023,12,ATL,DT,David Onyemata,00-0033051,,,Full Participation in Practice,David Onyemata,
2023,12,ATL,WR,Mack Hollins,00-0033555,Out,Ankle,Did Not Participate In Practice,Mack Hollins,OUT
2023,12,ATL,QB,Taylor Heinicke,00-0031800,Questionable,Hamstring,Limited Participation in Practice,Taylor Heinicke,QUESTIONABLE
2023,12,BAL,WR,Rashod Bateman,00-0036550,,,Full Participation in Practice,Rashod Bateman,
2023,12,BAL,WR,Devin Duvernay,00-0036331,,,Full Participation in Practice,Devin Duvernay,
2023,12,BAL,CB,Arthur Maulet,00-0033503,,,Full Participation in Practice,Arthur Maulet,
2023,12,BAL,TE,Mark Andrews,00-0034753,Out,Ankle,Did Not Participate In Practice,Mark Andrews,OUT
2023,12,BAL,LB,Trenton Simpson,00-0038504,Out,Concussion,Did Not Participate In Practice,Trenton Simpson,OUT
2023,12,BAL,LB,Malik Harrison,00-0036280,Doubtful,Groin,Did Not Participate In Practice,Malik Harrison,DOUBTFUL
2023,12,BAL,TE,Charlie Kolar,00-0038046,Questionable,Illness,Did Not Participate In Practice,Charlie Kolar,QUESTIONABLE
2023,12,BAL,T,Ronnie Stanley,00-0032965,Questionable,Knee,Did Not Participate In Practice,Ronnie Stanley,QUESTIONABLE
2023,12,BAL,WR,Odell Beckham,00-0031235,Questionable,Shoulder,Full Participation in Practice,Odell Beckham,QUESTIONABLE
2023,12,BAL,WR,Zay Flowers,00-0039064,Questionable,Hip,Full Participation in Practice,Zay Flowers,QUESTIONABLE
2023,12,BAL,CB,Damarion Williams,00-0037984,Questionable,Ankle,Full Participation in Practice,Damarion Williams,QUESTIONABLE
2023,12,BAL,CB,Marlon Humphrey,00-0033281,Questionable,Calf,Limited Participation in Practice,Marlon Humphrey,QUESTIONABLE
2023,12,BUF,QB,Josh Allen,00-0034857,,,Full Participation in Practice,Josh Allen,
2023,12,BUF,S,Micah Hyde,00-0030090,,,Full Participation in Practice,Micah Hyde,
2023,12,BUF,CB,Taron Johnson,00-0034376,,,Full Participation in Practice,Taron Johnson,
2023,12,BUF,CB,Cameron Lewis,00-0035357,,,Full Participation in Practice,Cameron Lewis,
2023,12,BUF,WR,Trent Sherfield,00-0034487,,,Full Participation in Practice,Trent Sherfield,
2023,12,BUF,LB,Dorian Williams,00-0038557,,,Full Participation in Practice,Dorian Williams,
2023,12,BUF,CB,Dane Jackson,00-0036166,Out,Concussion,Did Not Participate In Practice,Dane Jackson,OUT
2023,12,BUF,S,Taylor Rapp,00-0035663,Out,Neck,Did Not Participate In Practice,Taylor Rapp,OUT
2023,12,CAR,WR,Adam Thielen,00-0030035,,,Did Not Participate In Practice,Adam Thielen,
2023,12,CAR,T,Taylor Moton,00-0033284,,,Full Participation in Practice,Taylor Moton,
2023,12,CAR,QB,Bryce Young,00-0039150,,,Full Participation in Practice,Bryce Young,
2023,12,CAR,TE,Hayden Hurst,00-0034830,Out,Concussion,Did Not Participate In Practice,Hayden Hurst,OUT
2023,12,CAR,S,Jeremy Chinn,00-0036293,Out,Quadricep,Limited Participation in Practice,Jeremy Chinn,OUT
2023,12,CAR,LB,Yetur Gross-Matos,00-0036288,Out,Hamstring,Limited Participation in Practice,Yetur Gross-Matos,OUT
2023,12,CAR,CB,C.J. Henderson,00-0036281,Doubtful,Concussion,Full Participation in Practice,C.J. Henderson,DOUBTFUL
2023,12,CAR,CB,Jaycee Horn,00-0036944,Doubtful,Hamstring,Limited Participation in Practice,Jaycee Horn,DOUBTFUL
2023,12,CAR,S,Sam Franklin,00-0036037,Questionable,Quadricep,Limited Participation in Practice,Sam Franklin,QUESTIONABLE
2023,12,CAR,LB,Marquis Haynes,00-0034382,Questionable,Back,Limited Participation in Practice,Marquis Haynes,QUESTIONABLE
2023,12,CAR,LB,Frankie Luvu,00-0034302,Questionable,Shoulder,Limited Participation in Practice,Frankie Luvu,QUESTIONABLE
2023,12,CHI,TE,Marcedes Lewis,00-0024243,,,Did Not Participate In Practice,Marcedes Lewis,
2023,12,CHI,FB,Khari Blasingame,00-0035099,,,Full Participation in Practice,Khari Blasingame,
2023,12,CHI,C,Lucas Patrick,00-0033082,,,Full Participation in Practice,Lucas Patrick,
2023,12,CHI,LB,Noah Sewell,00-0038390,Out,Knee,Did Not Participate In Practice,Noah Sewell,OUT
2023,12,CHI,T,Larry Borom,00-0036905,Doubtful,Illness,Did Not Participate In Practice,Larry Borom,DOUBTFUL
2023,12,CHI,RB,D'Onta Foreman,00-0033925,Doubtful,Ankle,Limited Participation in Practice,D'Onta Foreman,DOUBTFUL
2023,12,CHI,CB,Tyrique Stevenson,00-0039071,Questionable,Ankle,Limited Participation in Practice,Tyrique Stevenson,QUESTIONABLE
2023,12,CIN,DT,B.J. Hill,00-0034800,,,Full Participation in Practice,B.J. Hill,
2023,12,CIN,DE,Sam Hubbard,00-0034834,,,Full Participation in Practice,Sam Hubbard,
2023,12,CIN,WR,Andrei Iosivas,00-0038619,,,Full Participation in Practice,Andrei Iosivas,
2023,12,CIN,WR,Trenton Irwin,00-0035341,,,Full Participation in Practice,Trenton Irwin,
2023,12,CIN,DT,D.J. Reader,00-0032424,,,Full Participation in Practice,D.J. Reader,
2023,12,CIN,DE,Cam Sample,00-0036850,,,Full Participation in Practice,Cam Sample,
2023,12,CIN,T,Jonah Williams,00-0035629,,,Full Participation in Practice,Jonah Williams,
2023,12,CIN,QB,Joe Burrow,00-0036442,Out,right Wrist,Did Not Participate In Practice,Joe Burrow,OUT
2023,12,CIN,WR,Tee Higgins,00-0036410,Out,Hamstring,Did Not Participate In Practice,Tee Higgins,OUT
2023,12,CIN,CB,Cam Taylor-Britt,00-0037753,Out,Quadricep,Did Not Participate In Practice,Cam Taylor-Britt,OUT
2023,12,CIN,T,D'Ante Smith,00-0036852,Doubtful,Knee,Did Not Participate In Practice,D'Ante Smith,DOUBTFUL
2023,12,CIN,LB,Germaine Pratt,00-0035697,Questionable,Illness,Did Not Participate In Practice,Germaine Pratt,QUESTIONABLE
2023,12,CIN,RB,Chase Brown,00-0038597,Questionable,Hamstring,Full Participation in Practice,Chase Brown,QUESTIONABLE
2023,12,CIN,LB,Akeem Davis-Gaither,00-0036298,Questionable,Illness,Full Participation in Practice,Akeem Davis-Gaither,QUESTIONABLE
2023,12,CLE,WR,Amari Cooper,00-0031544,,,Did Not Participate In Practice,Amari Cooper,
2023,12,CLE,DT,Dalvin Tomlinson,00-0033546,,,Did Not Participate In Practice,Dalvin Tomlinson,
2023,12,CLE,LB,Matthew Adams,00-0034424,,,Full Participation in Practice,Matthew Adams,
2023,12,CLE,G,Joel Bitonio,00-0031426,,,Full Participation in Practice,Joel Bitonio,
2023,12,CLE,S,Grant Delpit,00-0036282,,,Full Participation in Practice,Grant Delpit,
2023,12,CLE,CB,Mike Ford,00-0034639,,,Full Participation in Practice,Mike Ford,
2023,12,CLE,DE,Myles Garrett,00-0033868,,,Full Participation in Practice,Myles Garrett,
2023,12,CLE,T,Dawand Jones,00-0039014,,,Full Participation in Practice,Dawand Jones,
2023,12,CLE,CB,Greg Newsome,00-0036996,,,Full Participation in Practice,Greg Newsome,
2023,12,CLE,TE,David Njoku,00-0033885,,,Full Participation in Practice,David Njoku,
2023,12,CLE,DE,Ogbonnia Okoronkwo,00-0034807,,,Full Participation in Practice,Ogbonnia Okoronkwo,
2023,12,CLE,DE,Za'Darius Smith,00-0031576,,,Full Participation in Practice,Za'Darius Smith,
2023,12,CLE,LB,Sione Takitaki,00-0035646,,,Full Participation in Practice,Sione Takitaki,
2023,12,CLE,G,Wyatt Teller,00-0034399,,,Full Participation in Practice,Wyatt Teller,
2023,12,CLE,WR,Marquise Goodwin,00-0030068,Out,Concussion,Did Not Participate In Practice,Marquise Goodwin,OUT
2023,12,CLE,CB,Denzel Ward,00-0034856,Out,Shoulder,Did Not Participate In Practice,Denzel Ward,OUT
2023,12,CLE,LB,Jordan Kunaszyk,00-0035444,Questionable,Knee,Full Participation in Practice,Jordan Kunaszyk,QUESTIONABLE
2023,12,CLE,S,Juan Thornhill,00-0035625,Questionable,Calf,Limited Participation in Practice,Juan Thornhill,QUESTIONABLE
2023,12,CLE,LB,Anthony Walker,00-0033570,Questionable,Hamstring,Limited Participation in Practice,Anthony Walker,QUESTIONABLE
2023,12,DAL,WR,Michael Gallup,00-0034764,,,Did Not Participate In Practice,Michael Gallup,
2023,12,DAL,DT,Johnathan Hankins,00-0030063,,,Did Not Participate In Practice,Johnathan Hankins,
2023,12,DAL,T,Tyron Smith,00-0027947,,,Did Not Participate In Practice,Tyron Smith,
2023,12,DAL,TE,Peyton Hendershot,00-0037569,,,Full Participation in Practice,Peyton Hendershot,
2023,12,DAL,WR,CeeDee Lamb,00-0036358,,,Full Participation in Practice,CeeDee Lamb,
2023,12,DAL,DT,Osa Odighizuwa,00-0036942,,,Full Participation in Practice,Osa Odighizuwa,
2023,12,DAL,T,Terence Steele,00-0036036,,,Full Participation in Practice,Terence Steele,
2023,12,DAL,WR,Kavontae Turpin,00-0037801,,,Full Participation in Practice,Kavontae Turpin,
2023,12,DAL,S,Jayron Kearse,00-0032454,Doubtful,Back,Did Not Participate In Practice,Jayron Kearse,DOUBTFUL
2023,12,DAL,RB,Rico Dowdle,00-0036139,Questionable,Ankle,Limited Participation in Practice,Rico Dowdle,QUESTIONABLE
2023,12,DEN,LB,Nik Bonitto,00-0037249,,,Full Participation in Practice,Nik Bonitto,
2023,12,DEN,LB,Baron Browning,00-0036995,,,Full Participation in Practice,Baron Browning,
2023,12,DEN,LS,Mitchell Fraboni,00-0036943,,,Full Participation in Practice,Mitchell Fraboni,
2023,12,DEN,LB,Josey Jewell,00-0034368,,,Full Participation in Practice,Josey Jewell,
2023,12,DEN,DT,D.J. Jones,00-0033297,,,Full Participation in Practice,D.J. Jones,
2023,12,DEN,RB,Samaje Perine,00-0033526,,,Full Participation in Practice,Samaje Perine,
2023,12,DEN,DT,Mike Purcell,00-0029890,,,Full Participation in Practice,Mike Purcell,
2023,12,DEN,RB,Dwayne Washington,00-0032450,Questionable,Illness,Did Not Participate In Practice,Dwayne Washington,QUESTIONABLE
2023,12,DEN,S,P.J. Locke,00-0035227,Questionable,Ankle,Full Participation in Practice,P.J. Locke,QUESTIONABLE
2023,12,DET,DT,Isaiah Buggs,00-0035219,,,Full Participation in Practice,Isaiah Buggs,
2023,12,DET,S,Ifeatu Melifonwu,00-0036993,,,Full Participation in Practice,Ifeatu Melifonwu,
2023,12,DET,C,Frank Ragnow,00-0034345,,,Full Participation in Practice,Frank Ragnow,
2023,12,DET,G,Jonah Jackson,00-0036258,Out,Wrist,Did Not Participate In Practice,Jonah Jackson,OUT
2023,12,GB,TE,Luke Musgrave,00-0039144,,,Did Not Participate In Practice,Luke Musgrave,
2023,12,GB,RB,Emanuel Wilson,00-0038797,,,Did Not Participate In Practice,Emanuel Wilson,
2023,12,GB,CB,Corey Ballentine,00-0035633,,,Full Participation in Practice,Corey Ballentine,
2023,12,GB,LB,Rashan Gary,00-0034967,,,Full Participation in Practice,Rashan Gary,
2023,12,GB,CB,Keisean Nixon,00-0035133,,,Full Participation in Practice,Keisean Nixon,
2023,12,GB,WR,Jayden Reed,00-0039146,,,Full Participation in Practice,Jayden Reed,
2023,12,GB,WR,Christian Watson,00-0038124,,,Full Participation in Practice,Christian Watson,
2023,12,GB,DE,Kenny Clark,00-0033120,,,Limited Participation in Practice,Kenny Clark,
2023,12,GB,G,Elgton Jenkins,00-0035526,,,Limited Participation in Practice,Elgton Jenkins,
2023,12,GB,RB,Aaron Jones,00-0033293,Out,Knee,Did Not Participate In Practice,Aaron Jones,OUT
2023,12,GB,S,Darnell Savage,00-0034968,Out,Calf,Limited Participation in Practice,Darnell Savage,OUT
2023,12,GB,TE,Josiah Deguara,00-0036332,Doubtful,Hip,Did Not Participate In Practice,Josiah Deguara,DOUBTFUL
2023,12,GB,LB,De'Vondre Campbell,00-0032401,Questionable,Neck,Full Participation in Practice,De'Vondre Campbell,QUESTIONABLE
2023,12,GB,CB,Jaire Alexander,00-0034728,Questionable,Shoulder,Limited Participation in Practice,Jaire Alexander,QUESTIONABLE
2023,12,GB,RB,A.J. Dillon,00-0036265,Questionable,Groin,Limited Participation in Practice,A.J. Dillon,QUESTIONABLE
2023,12,GB,S,Rudy Ford,00-0033792,Questionable,Biceps,Limited Participation in Practice,Rudy Ford,QUESTIONABLE
2023,12,GB,WR,Dontayvion Wicks,00-0038393,Questionable,Concussion,Limited Participation in Practice,Dontayvion Wicks,QUESTIONABLE
2023,12,HOU,DE,Dylan Horton,00-0039009,,,Did Not Participate In Practice,Dylan Horton,
2023,12,HOU,WR,Robert Woods,00-0030431,,,Did Not Participate In Practice,Robert Woods,
2023,12,HOU,DE,Will Anderson,00-0039108,,,Full Participation in Practice,Will Anderson,
2023,12,HOU,T,Charlie Heck,00-0036195,,,Full Participation in Practice,Charlie Heck,
2023,12,HOU,LB,Henry To'oTo'o,00-0038599,,,Full Participation in Practice,Henry To'oTo'o,
2023,12,HOU,T,Laremy Tunsil,00-0032380,,,Full Participation in Practice,Laremy Tunsil,
2023,12,HOU,WR,Noah Brown,00-0033591,Out,Knee,Did Not Participate In Practice,Noah Brown,OUT
2023,12,HOU,LB,Jake Hansen,00-0037457,Out,Hamstring,Did Not Participate In Practice,Jake Hansen,OUT
2023,12,HOU,S,Jimmie Ward,00-0031298,Out,Hamstring,Did Not Participate In Practice,Jimmie Ward,OUT
2023,12,HOU,QB,Case Keenum,00-0028986,Questionable,Calf,Did Not Participate In Practice,Case Keenum,QUESTIONABLE
2023,12,HOU,RB,Dameon Pierce,00-0037258,Questionable,Ankle,Full Participation in Practice,Dameon Pierce,QUESTIONABLE
2023,12,HOU,C,Juice Scruggs,00-0038936,Questionable,Hamstring,Full Participation in Practice,Juice Scruggs,QUESTIONABLE
2023,12,IND,S,Rodney Thomas,00-0037323,,,Full Participation in Practice,Rodney Thomas,
2023,12,IND,CB,Julius Brents,00-0039156,Out,Quadricep,Did Not Participate In Practice,Julius Brents,OUT
2023,12,IND,C,Ryan Kelly,00-0032383,Out,Concussion,Did Not Participate In Practice,Ryan Kelly,OUT
2023,12,IND,TE,Andrew Ogletree,00-0037292,Out,Foot,Did Not Participate In Practice,Andrew Ogletree,OUT
2023,12,IND,LB,Grant Stuard,00-0036672,Questionable,Illness,Limited Participation in Practice,Grant Stuard,QUESTIONABLE
2023,12,JAX,DE,Jeremiah Ledbetter,00-0033582,,,Full Participation in Practice,Jeremiah Ledbetter,
2023,12,JAX,CB,Tyson Campbell,00-0036974,Out,Hamstring,Did Not Participate In Practice,Tyson Campbell,OUT
2023,12,JAX,WR,Zay Jones,00-0033891,Questionable,Knee,Limited Participation in Practice,Zay Jones,QUESTIONABLE
2023,12,JAX,DT,Roy Robertson-Harris,00-0032667,Questionable,Ankle,Limited Participation in Practice,Roy Robertson-Harris,QUESTIONABLE
2023,12,KC,QB,Blaine Gabbert,00-0027948,,,Did Not Participate In Practice,Blaine Gabbert,
2023,12,KC,T,Donovan Smith,00-0032217,,,Full Participation in Practice,Donovan Smith,
2023,12,KC,CB,L'Jarius Sneed,00-0036374,,,Full Participation in Practice,L'Jarius Sneed,
2023,12,KC,CB,Joshua Williams,00-0038043,,,Full Participation in Practice,Joshua Williams,
2023,12,KC,WR,Mecole Hardman,00-0035140,Out,Thumb,Did Not Participate In Practice,Mecole Hardman,OUT
2023,12,KC,RB,Jerick McKinnon,00-0031376,Out,Groin,Did Not Participate In Practice,Jerick McKinnon,OUT
2023,12,KC,WR,Kadarius Toney,00-0036913,Out,Ankle,Full Participation in Practice,Kadarius Toney,OUT
2023,12,LA,C,Brian Allen,00-0034804,,,Did Not Participate In Practice,Brian Allen,
2023,12,LA,DT,Aaron Donald,00-0031388,,,Did Not Participate In Practice,Aaron Donald,
2023,12,LA,G,Kevin Dotson,00-0036339,,,Full Participation in Practice,Kevin Dotson,
2023,12,LA,CB,Cobie Durant,00-0037839,,,Full Participation in Practice,Cobie Durant,
2023,12,LA,T,Rob Havenstein,00-0032242,,,Full Participation in Practice,Rob Havenstein,
2023,12,LA,LB,Michael Hoecht,00-0035933,,,Full Participation in Practice,Michael Hoecht,
2023,12,LA,WR,Cooper Kupp,00-0033908,,,Full Participation in Practice,Cooper Kupp,
2023,12,LA,DT,Larrell Murchison,00-0036237,,,Full Participation in Practice,Larrell Murchison,
2023,12,LA,WR,Puka Nacua,00-0039075,,,Full Participation in Practice,Puka Nacua,
2023,12,LA,C,Coleman Shelton,00-0034114,,,Full Participation in Practice,Coleman Shelton,
2023,12,LA,S,Jason Taylor,00-0039060,,,Full Participation in Practice,Jason Taylor,
2023,12,LA,RB,Kyren Williams,00-0037840,,,Full Participation in Practice,Kyren Williams,
2023,12,LA,LB,Ernest Jones,00-0036994,,,Limited Participation in Practice,Ernest Jones,
2023,12,LA,S,Quentin Lake,00-0037841,Out,Hamstring,Did Not Participate In Practice,Quentin Lake,OUT
2023,12,LA,WR,Ben Skowronek,00-0036862,Questionable,Hip,Limited Participation in Practice,Ben Skowronek,QUESTIONABLE
2023,12,LAC,DE,Khalil Mack,00-0031040,,,Did Not Participate In Practice,Khalil Mack,
2023,12,LAC,WR,Keenan Allen,00-0030279,,,Full Participation in Practice,Keenan Allen,
2023,12,LAC,C,Will Clapp,00-0034436,,,Full Participation in Practice,Will Clapp,
2023,12,LAC,S,Alohi Gilman,00-0036380,,,Full Participation in Practice,Alohi Gilman,
2023,12,LAC,QB,Justin Herbert,00-0036355,,,Full Participation in Practice,Justin Herbert,
2023,12,LAC,DT,Sebastian Joseph,00-0034810,,,Full Participation in Practice,Sebastian Joseph,
2023,12,LAC,TE,Donald Parham,00-0035329,,,Full Participation in Practice,Donald Parham,
2023,12,LAC,T,Rashawn Slater,00-0037009,,,Full Participation in Practice,Rashawn Slater,
2023,12,LAC,TE,Nick Vannett,00-0032394,Out,Concussion,Did Not Participate In Practice,Nick Vannett,OUT
2023,12,LAC,S,J.T. Woods,00-0038091,Out,Illness,Limited Participation in Practice,J.T. Woods,OUT
2023,12,LAC,TE,Gerald Everett,00-0033895,Questionable,Chest,Full Participation in Practice,Gerald Everett,QUESTIONABLE
2023,12,LAC,WR,Jalen Guyton,00-0035414,Questionable,Groin,Limited Participation in Practice,Jalen Guyton,QUESTIONABLE
2023,12,LV,C,Andre James,00-0035127,,,Full Participation in Practice,Andre James,
2023,12,LV,CB,Jack Jones,00-0038039,,,Full Participation in Practice,Jack Jones,
2023,12,LV,S,Trevon Moehrig,00-0036962,,,Full Participation in Practice,Trevon Moehrig,
2023,12,LV,DE,Maxx Crosby,00-0034973,Doubtful,Knee,Did Not Participate In Practice,Maxx Crosby,DOUBTFUL
2023,12,LV,S,Roderic Teamer,00-0035437,Questionable,Hamstring,Full Participation in Practice,Roderic Teamer,QUESTIONABLE
2023,12,LV,S,Marcus Epps,00-0034993,Questionable,Neck,Limited Participation in Practice,Marcus Epps,QUESTIONABLE
2023,12,LV,T,Kolton Miller,00-0034759,Questionable,Shoulder,Limited Participation in Practice,Kolton Miller,QUESTIONABLE
2023,12,LV,LB,Robert Spillane,00-0034720,Questionable,Ankle,Limited Participation in Practice,Robert Spillane,QUESTIONABLE
2023,12,MIA,WR,Braxton Berrios,00-0034419,,,Full Participation in Practice,Braxton Berrios,
2023,12,MIA,WR,Tyreek Hill,00-0033040,,,Limited Participation in Practice,Tyreek Hill,
2023,12,MIA,RB,Raheem Mostert,00-0031687,,,Limited Participation in Practice,Raheem Mostert,
2023,12,MIA,G,Robert Jones,00-0036596,Doubtful,Knee,Limited Participation in Practice,Robert Jones,DOUBTFUL
2023,12,MIA,T,Kendall Lamm,00-0031921,Questionable,Back,"
    ",Kendall Lamm,QUESTIONABLE
2023,12,MIA,RB,Devon Achane,00-0039040,Questionable,Knee,Limited Participation in Practice,Devon Achane,QUESTIONABLE
2023,12,MIA,T,Terron Armstead,00-0030067,Questionable,Knee,Limited Participation in Practice,Terron Armstead,QUESTIONABLE
2023,12,MIA,WR,Chase Claypool,00-0036326,Questionable,Knee,Limited Participation in Practice,Chase Claypool,QUESTIONABLE
2023,12,MIA,G,Lester Cotton,00-0035117,Questionable,Hip,Limited Participation in Practice,Lester Cotton,QUESTIONABLE
2023,12,MIA,G,Robert Hunt,00-0036325,Questionable,Hamstring,Limited Participation in Practice,Robert Hunt,QUESTIONABLE
2023,12,MIA,FB,Alec Ingold,00-0035125,Questionable,Foot,Limited Participation in Practice,Alec Ingold,QUESTIONABLE
2023,12,MIA,T,Austin Jackson,00-0036248,Questionable,Oblique,Limited Participation in Practice,Austin Jackson,QUESTIONABLE
2023,12,MIA,TE,Durham Smythe,00-0034798,Questionable,Ankle,Limited Participation in Practice,Durham Smythe,QUESTIONABLE
2023,12,MIN,LB,Brian Asamoah,00-0037822,,,Full Participation in Practice,Brian Asamoah,
2023,12,MIN,QB,Jaren Hall,00-0038598,,,Full Participation in Practice,Jaren Hall,
2023,12,MIN,TE,T.J. Hockenson,00-0035229,,,Full Participation in Practice,T.J. Hockenson,
2023,12,MIN,QB,Nick Mullens,00-0033319,,,Full Participation in Practice,Nick Mullens,
2023,12,MIN,CB,Akayleb Evans,00-0038101,Questionable,Calf,Full Participation in Practice,Akayleb Evans,QUESTIONABLE
2023,12,MIN,WR,Justin Jefferson,00-0036322,Questionable,Hamstring,Limited Participation in Practice,Justin Jefferson,QUESTIONABLE
2023,12,MIN,DT,Khyiris Tonga,00-0036909,Questionable,Knee,Limited Participation in Practice,Khyiris Tonga,QUESTIONABLE
2023,12,NE,DT,Christian Barmore,00-0036981,,,Limited Participation in Practice,Christian Barmore,
2023,12,NE,CB,Myles Bryant,00-0036087,,,Limited Participation in Practice,Myles Bryant,
2023,12,NE,LB,Ja'Whaun Bentley,00-0034385,Questionable,Hamstring,Limited Participation in Practice,Ja'Whaun Bentley,QUESTIONABLE
2023,12,NE,T,Trenton Brown,00-0032071,Questionable,Ankle,Limited Participation in Practice,Trenton Brown,QUESTIONABLE
2023,12,NE,CB,Jonathan Jones,00-0032580,Questionable,Knee,Limited Participation in Practice,Jonathan Jones,QUESTIONABLE
2023,12,NE,WR,DeVante Parker,00-0031547,Questionable,Concussion,Limited Participation in Practice,DeVante Parker,QUESTIONABLE
2023,12,NE,T,Riley Reiff,00-0029672,Questionable,Knee,Limited Participation in Practice,Riley Reiff,QUESTIONABLE
2023,12,NE,WR,Matt Slater,00-0026293,Questionable,Ankle,Limited Participation in Practice,Matt Slater,QUESTIONABLE
2023,12,NE,DE,Deatrich Wise,00-0033947,Questionable,Shoulder,Limited Participation in Practice,Deatrich Wise,QUESTIONABLE
2023,12,NO,TE,Jimmy Graham,00-0027696,,,Did Not Participate In Practice,Jimmy Graham,
2023,12,NO,QB,Derek Carr,00-0031280,,,Full Participation in Practice,Derek Carr,
2023,12,NO,K,Blake Grupe,00-0038905,,,Full Participation in Practice,Blake Grupe,
2023,12,NO,T,James Hurst,00-0030694,,,Full Participation in Practice,James Hurst,
2023,12,NO,T,Ryan Ramczyk,00-0033888,,,Full Participation in Practice,Ryan Ramczyk,
2023,12,NO,CB,Marshon Lattimore,00-0033874,Out,Ankle,Did Not Participate In Practice,Marshon Lattimore,OUT
2023,12,NO,RB,Kendre Miller,00-0038551,Out,Ankle,Did Not Participate In Practice,Kendre Miller,OUT
2023,12,NO,DE,Isaiah Foskey,00-0039143,Questionable,Quadricep,Limited Participation in Practice,Isaiah Foskey,QUESTIONABLE
2023,12,NYG,RB,Saquon Barkley,00-0034844,,,Full Participation in Practice,Saquon Barkley,
2023,12,NYG,CB,Adoree' Jackson,00-0033878,,,Full Participation in Practice,Adoree' Jackson,
2023,12,NYG,S,Bobby McCain,00-0031587,,,Full Participation in Practice,Bobby McCain,
2023,12,NYG,T,Tyre Phillips,00-0036214,,,Full Participation in Practice,Tyre Phillips,
2023,12,NYG,C,John Michael Schmitz,00-0039019,,,Full Participation in Practice,John Michael Schmitz,
2023,12,NYG,WR,Sterling Shepard,00-0032385,,,Full Participation in Practice,Sterling Shepard,
2023,12,NYG,T,Andrew Thomas,00-0036386,,,Full Participation in Practice,Andrew Thomas,
2023,12,NYG,C,Sean Harlow,00-0033511,,,Limited Participation in Practice,Sean Harlow,
2023,12,NYG,CB,Tre Hawkins,00-0038403,,,Limited Participation in Practice,Tre Hawkins,
2023,12,NYG,LB,Bobby Okereke,00-0035687,,,Limited Participation in Practice,Bobby Okereke,
2023,12,NYG,DT,A'Shawn Robinson,00-0032889,,,Limited Participation in Practice,A'Shawn Robinson,
2023,12,NYG,T,Evan Neal,00-0037612,Out,Ankle,Did Not Participate In Practice,Evan Neal,OUT
2023,12,NYG,DT,Dexter Lawrence,00-0035683,Doubtful,Hamstring,Did Not Participate In Practice,Dexter Lawrence,DOUBTFUL
2023,12,NYG,WR,Darius Slayton,00-0035535,Doubtful,Neck,Limited Participation in Practice,Darius Slayton,DOUBTFUL
2023,12,NYG,RB,Eric Gray,00-0038396,Questionable,Ankle,Full Participation in Practice,Eric Gray,QUESTIONABLE
2023,12,NYJ,S,Tony Adams,00-0037155,,,Full Participation in Practice,Tony Adams,
2023,12,NYJ,DE,John Franklin-Myers,00-0034805,,,Full Participation in Practice,John Franklin-Myers,
2023,12,NYJ,LB,Jermaine Johnson,00-0037663,,,Full Participation in Practice,Jermaine Johnson,
2023,12,NYJ,TE,Jeremy Ruckert,00-0037805,,,Full Participation in Practice,Jeremy Ruckert,
2023,12,NYJ,LB,Chazz Surratt,00-0037003,,,Full Participation in Practice,Chazz Surratt,
2023,12,NYJ,LB,Quincy Williams,00-0035680,,,Full Participation in Practice,Quincy Williams,
2023,12,NYJ,WR,Garrett Wilson,00-0037740,,,Full Participation in Practice,Garrett Wilson,
2023,12,NYJ,CB,Michael Carter,00-0036501,Doubtful,Hamstring,Did Not Participate In Practice,Michael Carter,DOUBTFUL
2023,12,NYJ,T,Mekhi Becton,00-0036284,Questionable,Ankle,Did Not Participate In Practice,Mekhi Becton,QUESTIONABLE
2023,12,NYJ,T,Duane Brown,00-0026166,Questionable,Hip,Full Participation in Practice,Duane Brown,QUESTIONABLE
2023,12,NYJ,T,Billy Turner,00-0031433,Questionable,Finger,Full Participation in Practice,Billy Turner,QUESTIONABLE
2023,12,NYJ,TE,Kenny Yeboah,00-0036510,Questionable,Hamstring,Full Participation in Practice,Kenny Yeboah,QUESTIONABLE
2023,12,NYJ,LB,Sam Eguavoen,00-0034902,Questionable,Hip,Limited Participation in Practice,Sam Eguavoen,QUESTIONABLE
2023,12,PHI,DE,Derek Barnett,00-0033876,,,Did Not Participate In Practice,Derek Barnett,
2023,12,PHI,WR,DeVonta Smith,00-0036912,,,Did Not Participate In Practice,DeVonta Smith,
2023,12,PHI,WR,A.J. Brown,00-0035676,,,Full Participation in Practice,A.J. Brown,
2023,12,PHI,WR,Julio Jones,00-0027944,,,Full Participation in Practice,Julio Jones,
2023,12,PHI,RB,D'Andre Swift,00-0036275,,,Full Participation in Practice,D'Andre Swift,
2023,12,PHI,TE,Grant Calcaterra,00-0037086,Out,Ankle,Did Not Participate In Practice,Grant Calcaterra,OUT
2023,12,PHI,S,Justin Evans,00-0033898,Out,Knee,Did Not Participate In Practice,Justin Evans,OUT
2023,12,PHI,TE,Dallas Goedert,00-0034351,Out,Forearm,Did Not Participate In Practice,Dallas Goedert,OUT
2023,12,PHI,DT,Milton Williams,00-0036916,Out,Concussion,Did Not Participate In Practice,Milton Williams,OUT
2023,12,PHI,WR,Quez Watkins,00-0036271,Questionable,Hamstring,Limited Participation in Practice,Quez Watkins,QUESTIONABLE
2023,12,PIT,CB,Patrick Peterson,00-0027943,,,Did Not Participate In Practice,Patrick Peterson,
2023,12,PIT,G,Isaac Seumalo,00-0032954,,,Did Not Participate In Practice,Isaac Seumalo,
2023,12,PIT,CB,Levi Wallace,00-0034514,,,Did Not Participate In Practice,Levi Wallace,
2023,12,PIT,LB,Nick Herbig,00-0038577,,,Full Participation in Practice,Nick Herbig,
2023,12,PIT,WR,George Pickens,00-0037247,,,Full Participation in Practice,George Pickens,
2023,12,PIT,DT,Cameron Heyward,00-0027969,,,Limited Participation in Practice,Cameron Heyward,
2023,12,PIT,S,Minkah Fitzpatrick,00-0034789,Out,Hamstring,Did Not Participate In Practice,Minkah Fitzpatrick,OUT
2023,12,PIT,DT,Montravius Adams,00-0033929,Out,Ankle,Limited Participation in Practice,Montravius Adams,OUT
2023,12,PIT,CB,James Pierre,00-0035795,Questionable,Shoulder,Did Not Participate In Practice,James Pierre,QUESTIONABLE
2023,12,SEA,S,Jamal Adams,00-0033872,,,Full Participation in Practice,Jamal Adams,
2023,12,SEA,WR,Jake Bobo,00-0038752,,,Full Participation in Practice,Jake Bobo,
2023,12,SEA,G,Anthony Bradford,00-0039020,,,Full Participation in Practice,Anthony Bradford,
2023,12,SEA,CB,Tre Brown,00-0036885,,,Full Participation in Practice,Tre Brown,
2023,12,SEA,CB,Coby Bryant,00-0038136,,,Full Participation in Practice,Coby Bryant,
2023,12,SEA,RB,DeeJay Dallas,00-0036425,,,Full Participation in Practice,DeeJay Dallas,
2023,12,SEA,WR,Tyler Lockett,00-0032211,,,Full Participation in Practice,Tyler Lockett,
2023,12,SEA,WR,DK Metcalf,00-0035640,,,Full Participation in Practice,DK Metcalf,
2023,12,SEA,TE,Colby Parkinson,00-0036244,,,Full Participation in Practice,Colby Parkinson,
2023,12,SEA,CB,Tariq Woolen,00-0037079,,,Full Participation in Practice,Tariq Woolen,
2023,12,SEA,S,Jerrick Reed,00-0038613,Out,Knee,Did Not Participate In Practice,Jerrick Reed,OUT
2023,12,SEA,RB,Kenneth Walker,00-0038134,Doubtful,Oblique,Did Not Participate In Practice,Kenneth Walker,DOUBTFUL
2023,12,SEA,WR,Dareke Young,00-0037093,Doubtful,Abdomen,Did Not Participate In Practice,Dareke Young,DOUBTFUL
2023,12,SEA,T,Abraham Lucas,00-0037812,Questionable,Knee,Full Participation in Practice,Abraham Lucas,QUESTIONABLE
2023,12,SEA,QB,Geno Smith,00-0030565,Questionable,right Elbow,Full Participation in Practice,Geno Smith,QUESTIONABLE
2023,12,SF,S,Talanoa Hufanga,00-0036564,,,Did Not Participate In Practice,Talanoa Hufanga,
2023,12,SF,DT,Javon Hargrave,00-0033109,,,Full Participation in Practice,Javon Hargrave,
2023,12,SF,CB,Shemar Jean-Charles,00-0036645,,,Full Participation in Practice,Shemar Jean-Charles,
2023,12,SF,WR,Ray-Ray McCloud,00-0034407,,,Full Participation in Practice,Ray-Ray McCloud,
2023,12,SF,G,Spencer Burford,00-0037829,Questionable,Knee,Did Not Participate In Practice,Spencer Burford,QUESTIONABLE
2023,12,SF,DE,Robert Beal,00-0038603,Questionable,Hamstring,Full Participation in Practice,Robert Beal,QUESTIONABLE
2023,12,SF,CB,Samuel Womack,00-0037830,Questionable,Knee,Full Participation in Practice,Samuel Womack,QUESTIONABLE
2023,12,SF,G,Aaron Banks,00-0036551,Questionable,Toe,Limited Participation in Practice,Aaron Banks,QUESTIONABLE
2023,12,TB,C,Robert Hainsey,00-0036985,,,Full Participation in Practice,Robert Hainsey,
2023,12,TB,S,Ryan Neal,00-0034527,,,Full Participation in Practice,Ryan Neal,
2023,12,TB,T,Tristan Wirfs,00-0036406,,,Full Participation in Practice,Tristan Wirfs,
2023,12,TB,WR,Chris Godwin,00-0033921,,,Limited Participation in Practice,Chris Godwin,
2023,12,TB,LB,Lavonte David,00-0029562,Out,Groin,Did Not Participate In Practice,Lavonte David,OUT
2023,12,TB,CB,Jamel Dean,00-0035699,Out,Ankle,Did Not Participate In Practice,Jamel Dean,OUT
2023,12,TB,RB,Rachaad White,00-0037256,Questionable,Knee,"
    ",Rachaad White,QUESTIONABLE
2023,12,TB,DT,Mike Greene,00-0037627,Questionable,Calf,Did Not Participate In Practice,Mike Greene,QUESTIONABLE
2023,12,TB,DE,Logan Hall,00-0038127,Questionable,Illness,Did Not Participate In Practice,Logan Hall,QUESTIONABLE
2023,12,TB,CB,Carlton Davis,00-0034778,Questionable,Hip,Full Participation in Practice,Carlton Davis,QUESTIONABLE
2023,12,TB,LB,Devin White,00-0035707,Questionable,Foot,Limited Participation in Practice,Devin White,QUESTIONABLE
2023,12,TEN,DE,Denico Autry,00-0031254,,,Full Participation in Practice,Denico Autry,
2023,12,TEN,T,Andre Dillard,00-0035233,,,Full Participation in Practice,Andre Dillard,
2023,12,TEN,RB,Derrick Henry,00-0032764,,,Full Participation in Practice,Derrick Henry,
2023,12,TEN,WR,DeAndre Hopkins,00-0030564,,,Full Participation in Practice,DeAndre Hopkins,
2023,12,TEN,QB,Will Levis,00-0039152,,,Full Participation in Practice,Will Levis,
2023,12,TEN,CB,Sean Murphy-Bunting,00-0035239,,,Full Participation in Practice,Sean Murphy-Bunting,
2023,12,TEN,QB,Ryan Tannehill,00-0029701,,,Full Participation in Practice,Ryan Tannehill,
2023,12,TEN,S,K'Von Wallace,00-0036395,,,Full Participation in Practice,K'Von Wallace,
2023,12,TEN,WR,Treylon Burks,00-0037742,Out,Concussion,Did Not Participate In Practice,Treylon Burks,OUT
2023,12,TEN,T,Christopher Hubbard,00-0029963,Out,Biceps,Did Not Participate In Practice,Christopher Hubbard,OUT
2023,12,TEN,LB,Luke Gifford,00-0035413,Questionable,Shin,Full Participation in Practice,Luke Gifford,QUESTIONABLE
2023,12,TEN,S,Terrell Edmunds,00-0034858,Questionable,Shoulder,Limited Participation in Practice,Terrell Edmunds,QUESTIONABLE
2023,12,WAS,LB,De'Jon Harris,00-0036090,,,Did Not Participate In Practice,De'Jon Harris,
2023,12,WAS,DE,Efe Obada,00-0031500,,,Did Not Participate In Practice,Efe Obada,
2023,12,WAS,LB,Cody Barton,00-0035672,,,Full Participation in Practice,Cody Barton,
2023,12,WAS,G,Samuel Cosmi,00-0036618,,,Full Participation in Practice,Samuel Cosmi,
2023,12,WAS,S,Quan Martin,00-0039149,,,Full Participation in Practice,Quan Martin,
2023,12,WAS,WR,Curtis Samuel,00-0033282,,,Full Participation in Practice,Curtis Samuel,
2023,12,WAS,FB,Alex Armah,00-0033296,Out,Hamstring,Did Not Participate In Practice,Alex Armah,OUT
2023,12,WAS,CB,Emmanuel Forbes,00-0039151,Out,Elbow,Did Not Participate In Practice,Emmanuel Forbes,OUT
2023,12,WAS,DE,James Smith-Williams,00-0036351,Out,Hamstring,Did Not Participate In Practice,James Smith-Williams,OUT
2023,12,WAS,RB,Antonio Gibson,00-0036328,Questionable,Toe,Limited Participation in Practice,Antonio Gibson,QUESTIONABLE
2023,12,WAS,LB,Khaleke Hudson,00-0036343,Questionable,Back,Limited Participation in Practice,Khaleke Hudson,QUESTIONABLE
2023,13,ARI,CB,Antonio Hamilton,00-0032933,Out,Groin,Did Not Participate In Practice,Antonio Hamilton,OUT
2023,13,ARI,CB,Starling Thomas,00-0038663,Out,Ankle,Did Not Participate In Practice,Starling Thomas,OUT
2023,13,ARI,WR,Michael Wilson,00-0038559,Out,Shoulder,Did Not Participate In Practice,Michael Wilson,OUT
2023,13,ARI,G,Elijah Wilkinson,00-0033676,Out,Neck,Limited Participation in Practice,Elijah Wilkinson,OUT
2023,13,ARI,WR,Marquise Brown,00-0035662,Questionable,Heel,Did Not Participate In Practice,Marquise Brown,QUESTIONABLE
2023,13,ARI,WR,Zach Pascal,00-0033251,Questionable,Not injury related - personal matter,Did Not Participate In Practice,Zach Pascal,QUESTIONABLE
2023,13,ARI,S,Joey Blount,00-0037141,Questionable,Knee,Limited Participation in Practice,Joey Blount,QUESTIONABLE
2023,13,ARI,TE,Trey McBride,00-0037744,Questionable,Groin,Limited Participation in Practice,Trey McBride,QUESTIONABLE
2023,13,ARI,DT,Kevin Strong,00-0035334,Questionable,Knee,Limited Participation in Practice,Kevin Strong,QUESTIONABLE
2023,13,ARI,S,Jalen Thompson,00-0035705,Questionable,Ribs,Limited Participation in Practice,Jalen Thompson,QUESTIONABLE
2023,13,ATL,DE,Calais Campbell,00-0026190,,,Did Not Participate In Practice,Calais Campbell,
2023,13,ATL,RB,Cordarrelle Patterson,00-0030578,,,Did Not Participate In Practice,Cordarrelle Patterson,
2023,13,ATL,T,Jake Matthews,00-0031279,,,Full Participation in Practice,Jake Matthews,
2023,13,ATL,LB,Nate Landman,00-0037587,,,Limited Participation in Practice,Nate Landman,
2023,13,ATL,CB,Mike Hughes,00-0034843,Questionable,Hand,Full Participation in Practice,Mike Hughes,QUESTIONABLE
2023,13,ATL,WR,Mack Hollins,00-0033555,Questionable,Ankle,Limited Participation in Practice,Mack Hollins,QUESTIONABLE
2023,13,CAR,P,Johnny Hekker,00-0028872,,,Did Not Participate In Practice,Johnny Hekker,
2023,13,CAR,WR,Laviska Shenault,00-0036268,,,Did Not Participate In Practice,Laviska Shenault,
2023,13,CAR,WR,Adam Thielen,00-0030035,,,Did Not Participate In Practice,Adam Thielen,
2023,13,CAR,G,Chandler Zavala,00-0038536,,,Did Not Participate In Practice,Chandler Zavala,
2023,13,CAR,CB,C.J. Henderson,00-0036281,,,Full Participation in Practice,C.J. Henderson,
2023,13,CAR,G,Cade Mays,00-0037297,,,Full Participation in Practice,Cade Mays,
2023,13,CAR,WR,Jonathan Mingo,00-0039062,,,Full Participation in Practice,Jonathan Mingo,
2023,13,CAR,T,Taylor Moton,00-0033284,,,Full Participation in Practice,Taylor Moton,
2023,13,CAR,S,Xavier Woods,00-0033579,,,Full Participation in Practice,Xavier Woods,
2023,13,CAR,S,Vonn Bell,00-0032939,Out,Shoulder,Did Not Participate In Practice,Vonn Bell,OUT
2023,13,CAR,TE,Hayden Hurst,00-0034830,Out,Concussion,Did Not Participate In Practice,Hayden Hurst,OUT
2023,13,CAR,TE,Tommy Tremble,00-0037005,Doubtful,Hip,Did Not Participate In Practice,Tommy Tremble,DOUBTFUL
2023,13,CAR,LB,D.J. Johnson,00-0038535,Questionable,Elbow,Full Participation in Practice,D.J. Johnson,QUESTIONABLE
2023,13,CAR,S,Jeremy Chinn,00-0036293,Questionable,Quadricep,Limited Participation in Practice,Jeremy Chinn,QUESTIONABLE
2023,13,CAR,LB,Yetur Gross-Matos,00-0036288,Questionable,Hamstring,Limited Participation in Practice,Yetur Gross-Matos,QUESTIONABLE
2023,13,CAR,LB,Marquis Haynes,00-0034382,Questionable,Back,Limited Participation in Practice,Marquis Haynes,QUESTIONABLE
2023,13,CAR,CB,Troy Hill,00-0031785,Questionable,Hip,Limited Participation in Practice,Troy Hill,QUESTIONABLE
2023,13,CAR,CB,Jaycee Horn,00-0036944,Questionable,Hamstring,Limited Participation in Practice,Jaycee Horn,QUESTIONABLE
2023,13,CAR,G,Nash Jensen,00-0038775,Questionable,Back,Limited Participation in Practice,Nash Jensen,QUESTIONABLE
2023,13,CIN,CB,Chidobe Awuzie,00-0033548,,,Full Participation in Practice,Chidobe Awuzie,
2023,13,CIN,QB,Jake Browning,00-0035100,,,Full Participation in Practice,Jake Browning,
2023,13,CIN,LB,Akeem Davis-Gaither,00-0036298,,,Full Participation in Practice,Akeem Davis-Gaither,
2023,13,CIN,DE,Trey Hendrickson,00-0033935,,,Full Participation in Practice,Trey Hendrickson,
2023,13,CIN,WR,Tee Higgins,00-0036410,,,Full Participation in Practice,Tee Higgins,
2023,13,CIN,DT,B.J. Hill,00-0034800,,,Full Participation in Practice,B.J. Hill,
2023,13,CIN,DE,Sam Hubbard,00-0034834,,,Full Participation in Practice,Sam Hubbard,
2023,13,CIN,TE,Tanner Hudson,00-0034613,,,Full Participation in Practice,Tanner Hudson,
2023,13,CIN,TE,Drew Sample,00-0035631,,,Full Participation in Practice,Drew Sample,
2023,13,CIN,LB,Logan Wilson,00-0036294,,,Full Participation in Practice,Logan Wilson,
2023,13,CIN,CB,Cam Taylor-Britt,00-0037753,Out,Quadricep,Did Not Participate In Practice,Cam Taylor-Britt,OUT
2023,13,CIN,DT,Jay Tufele,00-0036881,Questionable,Illness,Did Not Participate In Practice,Jay Tufele,QUESTIONABLE
2023,13,CIN,T,D'Ante Smith,00-0036852,Questionable,Knee,Limited Participation in Practice,D'Ante Smith,QUESTIONABLE
2023,13,CLE,G,Joel Bitonio,00-0031426,,,Full Participation in Practice,Joel Bitonio,
2023,13,CLE,T,Geron Christian,00-0034817,,,Full Participation in Practice,Geron Christian,
2023,13,CLE,DT,Jordan Elliott,00-0036266,,,Full Participation in Practice,Jordan Elliott,
2023,13,CLE,CB,Mike Ford,00-0034639,,,Full Participation in Practice,Mike Ford,
2023,13,CLE,DE,Myles Garrett,00-0033868,,,Full Participation in Practice,Myles Garrett,
2023,13,CLE,RB,Kareem Hunt,00-0033923,,,Full Participation in Practice,Kareem Hunt,
2023,13,CLE,TE,David Njoku,00-0033885,,,Full Participation in Practice,David Njoku,
2023,13,CLE,DE,Ogbonnia Okoronkwo,00-0034807,,,Full Participation in Practice,Ogbonnia Okoronkwo,
2023,13,CLE,LB,Sione Takitaki,00-0035646,,,Full Participation in Practice,Sione Takitaki,
2023,13,CLE,G,Wyatt Teller,00-0034399,,,Full Participation in Practice,Wyatt Teller,
2023,13,CLE,WR,Amari Cooper,00-0031544,,,Limited Participation in Practice,Amari Cooper,
2023,13,CLE,S,Juan Thornhill,00-0035625,,,Limited Participation in Practice,Juan Thornhill,
2023,13,CLE,LB,Anthony Walker,00-0033570,,,Limited Participation in Practice,Anthony Walker,
2023,13,CLE,WR,Marquise Goodwin,00-0030068,Out,Concussion,Did Not Participate In Practice,Marquise Goodwin,OUT
2023,13,CLE,QB,Dorian Thompson-Robinson,00-0038583,Out,Concussion,Did Not Participate In Practice,Dorian Thompson-Robinson,OUT
2023,13,CLE,CB,Denzel Ward,00-0034856,Out,Shoulder,Did Not Participate In Practice,Denzel Ward,OUT
2023,13,CLE,T,James Hudson,00-0036866,Questionable,Not injury related - personal matter,Did Not Participate In Practice,James Hudson,QUESTIONABLE
2023,13,CLE,C,Nick Harris,00-0036236,Questionable,Knee,Limited Participation in Practice,Nick Harris,QUESTIONABLE
2023,13,DAL,G,Zack Martin,00-0031402,,,Did Not Participate In Practice,Zack Martin,
2023,13,DAL,T,Tyron Smith,00-0027947,,,Did Not Participate In Practice,Tyron Smith,
2023,13,DAL,RB,Rico Dowdle,00-0036139,,,Full Participation in Practice,Rico Dowdle,
2023,13,DAL,DE,Dante Fowler,00-0032052,,,Full Participation in Practice,Dante Fowler,
2023,13,DAL,S,Jayron Kearse,00-0032454,,,Full Participation in Practice,Jayron Kearse,
2023,13,DAL,LB,Micah Parsons,00-0036932,,,Full Participation in Practice,Micah Parsons,
2023,13,DAL,DT,Mazi Smith,00-0038545,,,Full Participation in Practice,Mazi Smith,
2023,13,DAL,LB,Tyrus Wheat,00-0038742,,,Full Participation in Practice,Tyrus Wheat,
2023,13,DAL,TE,Peyton Hendershot,00-0037569,Questionable,Ankle,Full Participation in Practice,Peyton Hendershot,QUESTIONABLE
2023,13,DEN,LB,Baron Browning,00-0036995,,,Full Participation in Practice,Baron Browning,
2023,13,DEN,WR,Jerry Jeudy,00-0036407,,,Full Participation in Practice,Jerry Jeudy,
2023,13,DEN,WR,Brandon Johnson,00-0037382,,,Full Participation in Practice,Brandon Johnson,
2023,13,DEN,K,Wil Lutz,00-0032569,,,Full Participation in Practice,Wil Lutz,
2023,13,DEN,TE,Chris Manhertz,00-0031484,,,Full Participation in Practice,Chris Manhertz,
2023,13,DEN,WR,Marvin Mims,00-0038976,,,Full Participation in Practice,Marvin Mims,
2023,13,DEN,DT,Mike Purcell,00-0029890,,,Full Participation in Practice,Mike Purcell,
2023,13,DEN,CB,Damarri Mathis,00-0038105,Questionable,Back,Did Not Participate In Practice,Damarri Mathis,QUESTIONABLE
2023,13,DET,S,Ifeatu Melifonwu,00-0036993,,,Full Participation in Practice,Ifeatu Melifonwu,
2023,13,DET,RB,David Montgomery,00-0035685,,,Full Participation in Practice,David Montgomery,
2023,13,DET,C,Frank Ragnow,00-0034345,,,Full Participation in Practice,Frank Ragnow,
2023,13,DET,S,Tracy Walker,00-0034745,,,Full Participation in Practice,Tracy Walker,
2023,13,DET,QB,Hendon Hooker,00-0038550,Out,Knee,Full Participation in Practice,Hendon Hooker,OUT
2023,13,DET,LB,Alex Anzalone,00-0033914,Doubtful,Hand,Did Not Participate In Practice,Alex Anzalone,DOUBTFUL
2023,13,DET,G,Jonah Jackson,00-0036258,Questionable,Ankle,Full Participation in Practice,Jonah Jackson,QUESTIONABLE
2023,13,GB,CB,Keisean Nixon,00-0035133,,,Full Participation in Practice,Keisean Nixon,
2023,13,GB,DE,Devonte Wyatt,00-0037075,,,Full Participation in Practice,Devonte Wyatt,
2023,13,GB,DE,Kenny Clark,00-0033120,,,Limited Participation in Practice,Kenny Clark,
2023,13,GB,RB,A.J. Dillon,00-0036265,,,Limited Participation in Practice,A.J. Dillon,
2023,13,GB,LB,Rashan Gary,00-0034967,,,Limited Participation in Practice,Rashan Gary,
2023,13,GB,RB,Aaron Jones,00-0033293,Out,Knee,Did Not Participate In Practice,Aaron Jones,OUT
2023,13,GB,CB,Eric Stokes,00-0036901,Doubtful,Hamstring,Limited Participation in Practice,Eric Stokes,DOUBTFUL
2023,13,GB,CB,Robert Rochell,00-0036904,Questionable,Calf,Did Not Participate In Practice,Robert Rochell,QUESTIONABLE
2023,13,GB,S,Darnell Savage,00-0034968,Questionable,Calf,Full Participation in Practice,Darnell Savage,QUESTIONABLE
2023,13,GB,CB,Jaire Alexander,00-0034728,Questionable,Shoulder,Limited Participation in Practice,Jaire Alexander,QUESTIONABLE
2023,13,GB,LB,De'Vondre Campbell,00-0032401,Questionable,Neck,Limited Participation in Practice,De'Vondre Campbell,QUESTIONABLE
2023,13,GB,TE,Josiah Deguara,00-0036332,Questionable,Hip,Limited Participation in Practice,Josiah Deguara,QUESTIONABLE
2023,13,GB,S,Rudy Ford,00-0033792,Questionable,Biceps,Limited Participation in Practice,Rudy Ford,QUESTIONABLE
2023,13,GB,WR,Jayden Reed,00-0039146,Questionable,Chest,Limited Participation in Practice,Jayden Reed,QUESTIONABLE
2023,13,GB,WR,Dontayvion Wicks,00-0038393,Questionable,Knee,Limited Participation in Practice,Dontayvion Wicks,QUESTIONABLE
2023,13,HOU,DT,Maliek Collins,00-0033131,,,Did Not Participate In Practice,Maliek Collins,
2023,13,HOU,WR,Robert Woods,00-0030431,,,Did Not Participate In Practice,Robert Woods,
2023,13,HOU,T,George Fant,00-0032466,,,Full Participation in Practice,George Fant,
2023,13,HOU,QB,C.J. Stroud,00-0039163,,,Full Participation in Practice,C.J. Stroud,
2023,13,HOU,T,Laremy Tunsil,00-0032380,,,Full Participation in Practice,Laremy Tunsil,
2023,13,HOU,S,Jimmie Ward,00-0031298,,,Full Participation in Practice,Jimmie Ward,
2023,13,HOU,TE,Dalton Schultz,00-0034383,Out,Hamstring,Did Not Participate In Practice,Dalton Schultz,OUT
2023,13,HOU,WR,Noah Brown,00-0033591,Questionable,Knee,Did Not Participate In Practice,Noah Brown,QUESTIONABLE
2023,13,HOU,LB,Jake Hansen,00-0037457,Questionable,Hamstring,Full Participation in Practice,Jake Hansen,QUESTIONABLE
2023,13,HOU,WR,Tank Dell,00-0038977,Questionable,Calf,Limited Participation in Practice,Tank Dell,QUESTIONABLE
2023,13,HOU,DT,Sheldon Rankins,00-0032759,Questionable,Elbow,Limited Participation in Practice,Sheldon Rankins,QUESTIONABLE
2023,13,IND,DT,DeForest Buckner,00-0032378,,,Did Not Participate In Practice,DeForest Buckner,
2023,13,IND,T,Braden Smith,00-0034836,,,Did Not Participate In Practice,Braden Smith,
2023,13,IND,C,Ryan Kelly,00-0032383,,,Full Participation in Practice,Ryan Kelly,
2023,13,IND,WR,Isaiah McKenzie,00-0033466,,,Full Participation in Practice,Isaiah McKenzie,
2023,13,IND,TE,Andrew Ogletree,00-0037292,,,Full Participation in Practice,Andrew Ogletree,
2023,13,IND,T,Bernhard Raimann,00-0037757,,,Full Participation in Practice,Bernhard Raimann,
2023,13,IND,CB,Julius Brents,00-0039156,Out,Quadricep,Did Not Participate In Practice,Julius Brents,OUT
2023,13,IND,RB,Jonathan Taylor,00-0036223,Out,Thumb,Did Not Participate In Practice,Jonathan Taylor,OUT
2023,13,JAX,TE,Brenton Strange,00-0038935,Questionable,Foot,Did Not Participate In Practice,Brenton Strange,QUESTIONABLE
2023,13,JAX,CB,Tyson Campbell,00-0036974,Questionable,Hamstring,Limited Participation in Practice,Tyson Campbell,QUESTIONABLE
2023,13,JAX,RB,Travis Etienne,00-0036973,Questionable,Ribs,Limited Participation in Practice,Travis Etienne,QUESTIONABLE
2023,13,JAX,TE,Luke Farrell,00-0036887,Questionable,Toe,Limited Participation in Practice,Luke Farrell,QUESTIONABLE
2023,13,KC,S,Bryan Cook,00-0037193,,,Full Participation in Practice,Bryan Cook,
2023,13,KC,WR,Skyy Moore,00-0038090,,,Full Participation in Practice,Skyy Moore,
2023,13,KC,WR,Rashee Rice,00-0039067,,,Full Participation in Practice,Rashee Rice,
2023,13,KC,T,Donovan Smith,00-0032217,,,Full Participation in Practice,Donovan Smith,
2023,13,KC,CB,L'Jarius Sneed,00-0036374,,,Full Participation in Practice,L'Jarius Sneed,
2023,13,KC,WR,Kadarius Toney,00-0036913,,,Full Participation in Practice,Kadarius Toney,
2023,13,KC,LB,Nick Bolton,00-0036621,Out,Wrist,Limited Participation in Practice,Nick Bolton,OUT
2023,13,KC,RB,Jerick McKinnon,00-0031376,Questionable,Groin,Limited Participation in Practice,Jerick McKinnon,QUESTIONABLE
2023,13,LA,C,Brian Allen,00-0034804,,,Did Not Participate In Practice,Brian Allen,
2023,13,LA,DT,Aaron Donald,00-0031388,,,Did Not Participate In Practice,Aaron Donald,
2023,13,LA,T,Rob Havenstein,00-0032242,,,Full Participation in Practice,Rob Havenstein,
2023,13,LA,WR,Cooper Kupp,00-0033908,,,Full Participation in Practice,Cooper Kupp,
2023,13,LA,DT,Larrell Murchison,00-0036237,,,Full Participation in Practice,Larrell Murchison,
2023,13,LA,WR,Ben Skowronek,00-0036862,,,Full Participation in Practice,Ben Skowronek,
2023,13,LA,S,Quentin Lake,00-0037841,Out,Hamstring,Did Not Participate In Practice,Quentin Lake,OUT
2023,13,LA,LB,Michael Hoecht,00-0035933,Questionable,Knee,Did Not Participate In Practice,Michael Hoecht,QUESTIONABLE
2023,13,LAC,DE,Khalil Mack,00-0031040,,,Did Not Participate In Practice,Khalil Mack,
2023,13,LAC,TE,Gerald Everett,00-0033895,,,Full Participation in Practice,Gerald Everett,
2023,13,LAC,WR,Quentin Johnston,00-0038544,,,Full Participation in Practice,Quentin Johnston,
2023,13,LAC,LB,Eric Kendricks,00-0031554,,,Full Participation in Practice,Eric Kendricks,
2023,13,LAC,LB,Kenneth Murray,00-0036441,,,Full Participation in Practice,Kenneth Murray,
2023,13,LAC,DT,Otito Ogbonnia,00-0037270,,,Full Participation in Practice,Otito Ogbonnia,
2023,13,LAC,T,Rashawn Slater,00-0037009,,,Full Participation in Practice,Rashawn Slater,
2023,13,LAC,G,Zack Bailey,00-0035468,Out,Back,Did Not Participate In Practice,Zack Bailey,OUT
2023,13,LAC,CB,Ja'Sir Taylor,00-0037307,Out,Illness,Did Not Participate In Practice,Ja'Sir Taylor,OUT
2023,13,LAC,TE,Nick Vannett,00-0032394,Out,Concussion,Did Not Participate In Practice,Nick Vannett,OUT
2023,13,LAC,S,J.T. Woods,00-0038091,Out,Illness,Limited Participation in Practice,J.T. Woods,OUT
2023,13,LAC,WR,Keenan Allen,00-0030279,Questionable,Quadricep,Limited Participation in Practice,Keenan Allen,QUESTIONABLE
2023,13,LAC,T,Trey Pipkins,00-0035688,Questionable,Wrist,Limited Participation in Practice,Trey Pipkins,QUESTIONABLE
2023,13,MIA,RB,Devon Achane,00-0039040,,,Full Participation in Practice,Devon Achane,
2023,13,MIA,S,Elijah Campbell,00-0034248,,,Full Participation in Practice,Elijah Campbell,
2023,13,MIA,LB,Bradley Chubb,00-0034832,,,Full Participation in Practice,Bradley Chubb,
2023,13,MIA,WR,Chase Claypool,00-0036326,,,Full Participation in Practice,Chase Claypool,
2023,13,MIA,FB,Alec Ingold,00-0035125,,,Full Participation in Practice,Alec Ingold,
2023,13,MIA,QB,Tua Tagovailoa,00-0036212,,,Full Participation in Practice,Tua Tagovailoa,
2023,13,MIA,C,Connor Williams,00-0034352,,,Full Participation in Practice,Connor Williams,
2023,13,MIA,LS,Blake Ferguson,00-0036217,,,Limited Participation in Practice,Blake Ferguson,
2023,13,MIA,WR,Tyreek Hill,00-0033040,,,Limited Participation in Practice,Tyreek Hill,
2023,13,MIA,G,Robert Hunt,00-0036325,,,Limited Participation in Practice,Robert Hunt,
2023,13,MIA,CB,Kader Kohou,00-0037353,,,Limited Participation in Practice,Kader Kohou,
2023,13,MIA,RB,Raheem Mostert,00-0031687,,,Limited Participation in Practice,Raheem Mostert,
2023,13,MIA,TE,Durham Smythe,00-0034798,,,Limited Participation in Practice,Durham Smythe,
2023,13,MIA,T,Terron Armstead,00-0030067,Questionable,Knee,Limited Participation in Practice,Terron Armstead,QUESTIONABLE
2023,13,MIA,RB,Christopher Brooks,00-0038685,Questionable,Knee,Limited Participation in Practice,Christopher Brooks,QUESTIONABLE
2023,13,MIA,G,Lester Cotton,00-0035117,Questionable,Illness,Limited Participation in Practice,Lester Cotton,QUESTIONABLE
2023,13,MIA,S,Jevon Holland,00-0036998,Questionable,Knee,Limited Participation in Practice,Jevon Holland,QUESTIONABLE
2023,13,MIA,G,Robert Jones,00-0036596,Questionable,Knee,Limited Participation in Practice,Robert Jones,QUESTIONABLE
2023,13,MIA,T,Kendall Lamm,00-0031921,Questionable,Back,Limited Participation in Practice,Kendall Lamm,QUESTIONABLE
2023,13,NE,C,David Andrews,00-0031852,,,Full Participation in Practice,David Andrews,
2023,13,NE,LB,Ja'Whaun Bentley,00-0034385,,,Full Participation in Practice,Ja'Whaun Bentley,
2023,13,NE,WR,Ty Montgomery,00-0032200,,,Full Participation in Practice,Ty Montgomery,
2023,13,NE,WR,Matt Slater,00-0026293,,,Full Participation in Practice,Matt Slater,
2023,13,NE,WR,Kayshon Boutte,00-0038608,Out,Shoulder,Did Not Participate In Practice,Kayshon Boutte,OUT
2023,13,NE,WR,Demario Douglas,00-0038621,Out,Concussion,Did Not Participate In Practice,Demario Douglas,OUT
2023,13,NE,LB,Chris Board,00-0034787,Questionable,Back,Limited Participation in Practice,Chris Board,QUESTIONABLE
2023,13,NE,T,Trenton Brown,00-0032071,Questionable,Ankle,Limited Participation in Practice,Trenton Brown,QUESTIONABLE
2023,13,NE,RB,Ezekiel Elliott,00-0033045,Questionable,Thigh,Limited Participation in Practice,Ezekiel Elliott,QUESTIONABLE
2023,13,NE,T,Riley Reiff,00-0029672,Questionable,Knee,Limited Participation in Practice,Riley Reiff,QUESTIONABLE
2023,13,NE,T,Sidy Sow,00-0038569,Questionable,Ankle,Limited Participation in Practice,Sidy Sow,QUESTIONABLE
2023,13,NE,DE,Deatrich Wise,00-0033947,Questionable,Shoulder,Limited Participation in Practice,Deatrich Wise,QUESTIONABLE
2023,13,NO,G,Andrus Peat,00-0032203,,,Full Participation in Practice,Andrus Peat,
2023,13,NO,T,Ryan Ramczyk,00-0033888,,,Full Participation in Practice,Ryan Ramczyk,
2023,13,NO,TE,Jimmy Graham,00-0027696,,,Limited Participation in Practice,Jimmy Graham,
2023,13,NO,S,Marcus Maye,00-0033892,Out,Shoulder,Did Not Participate In Practice,Marcus Maye,OUT
2023,13,NO,RB,Kendre Miller,00-0038551,Out,Ankle,Did Not Participate In Practice,Kendre Miller,OUT
2023,13,NO,WR,Rashid Shaheed,00-0037545,Out,Thigh,Did Not Participate In Practice,Rashid Shaheed,OUT
2023,13,NO,LB,Pete Werner,00-0036927,Out,Shoulder,Did Not Participate In Practice,Pete Werner,OUT
2023,13,NO,DE,Cameron Jordan,00-0027962,Questionable,Ankle,Did Not Participate In Practice,Cameron Jordan,QUESTIONABLE
2023,13,NO,WR,Chris Olave,00-0037239,Questionable,Concussion,Full Participation in Practice,Chris Olave,QUESTIONABLE
2023,13,NO,K,Blake Grupe,00-0038905,Questionable,right Groin,Limited Participation in Practice,Blake Grupe,QUESTIONABLE
2023,13,NO,C,Erik McCoy,00-0035242,Questionable,Shoulder,Limited Participation in Practice,Erik McCoy,QUESTIONABLE
2023,13,NYJ,T,Mekhi Becton,00-0036284,,,Full Participation in Practice,Mekhi Becton,
2023,13,NYJ,CB,Michael Carter,00-0036501,,,Full Participation in Practice,Michael Carter,
2023,13,NYJ,LB,Sam Eguavoen,00-0034902,,,Full Participation in Practice,Sam Eguavoen,
2023,13,NYJ,CB,Justin Hardee,00-0033770,,,Full Participation in Practice,Justin Hardee,
2023,13,NYJ,DE,Will McDonald,00-0039142,,,Full Participation in Practice,Will McDonald,
2023,13,NYJ,T,Billy Turner,00-0031433,,,Full Participation in Practice,Billy Turner,
2023,13,NYJ,LB,Quincy Williams,00-0035680,,,Full Participation in Practice,Quincy Williams,
2023,13,NYJ,QB,Aaron Rodgers,00-0023459,Out,Achilles,Limited Participation in Practice,Aaron Rodgers,OUT
2023,13,NYJ,RB,Breece Hall,00-0038120,Questionable,Hamstring,Full Participation in Practice,Breece Hall,QUESTIONABLE
2023,13,NYJ,G,Wes Schweitzer,00-0032432,Questionable,Calf,Full Participation in Practice,Wes Schweitzer,QUESTIONABLE
2023,13,NYJ,TE,Kenny Yeboah,00-0036510,Questionable,Hamstring,Full Participation in Practice,Kenny Yeboah,QUESTIONABLE
2023,13,NYJ,RB,Israel Abanikanda,00-0038389,Questionable,Illness,Limited Participation in Practice,Israel Abanikanda,QUESTIONABLE
2023,13,NYJ,RB,Dalvin Cook,00-0033893,Questionable,Shoulder,Limited Participation in Practice,Dalvin Cook,QUESTIONABLE
2023,13,PHI,WR,A.J. Brown,00-0035676,,,Full Participation in Practice,A.J. Brown,
2023,13,PHI,DT,Jordan Davis,00-0037073,,,Full Participation in Practice,Jordan Davis,
2023,13,PHI,T,Lane Johnson,00-0030561,,,Full Participation in Practice,Lane Johnson,
2023,13,PHI,WR,DeVonta Smith,00-0036912,,,Full Participation in Practice,DeVonta Smith,
2023,13,PHI,RB,D'Andre Swift,00-0036275,,,Full Participation in Practice,D'Andre Swift,
2023,13,PHI,DT,Milton Williams,00-0036916,,,Full Participation in Practice,Milton Williams,
2023,13,PHI,WR,Julio Jones,00-0027944,,,Limited Participation in Practice,Julio Jones,
2023,13,PHI,LB,Zach Cunningham,00-0033547,Out,Hamstring,Did Not Participate In Practice,Zach Cunningham,OUT
2023,13,PHI,S,Justin Evans,00-0033898,Out,Knee,Did Not Participate In Practice,Justin Evans,OUT
2023,13,PHI,TE,Dallas Goedert,00-0034351,Doubtful,Forearm,Limited Participation in Practice,Dallas Goedert,DOUBTFUL
2023,13,PHI,DT,Fletcher Cox,00-0029653,Questionable,Groin,Did Not Participate In Practice,Fletcher Cox,QUESTIONABLE
2023,13,PHI,TE,Grant Calcaterra,00-0037086,Questionable,Ankle,Limited Participation in Practice,Grant Calcaterra,QUESTIONABLE
2023,13,PIT,CB,Patrick Peterson,00-0027943,,,Did Not Participate In Practice,Patrick Peterson,
2023,13,PIT,G,Isaac Seumalo,00-0032954,,,Did Not Participate In Practice,Isaac Seumalo,
2023,13,PIT,WR,Calvin Austin,00-0037837,,,Full Participation in Practice,Calvin Austin,
2023,13,PIT,S,Minkah Fitzpatrick,00-0034789,,,Full Participation in Practice,Minkah Fitzpatrick,
2023,13,PIT,DT,Cameron Heyward,00-0027969,,,Full Participation in Practice,Cameron Heyward,
2023,13,PIT,WR,Diontae Johnson,00-0035216,,,Full Participation in Practice,Diontae Johnson,
2023,13,PIT,QB,Kenny Pickett,00-0038102,,,Full Participation in Practice,Kenny Pickett,
2023,13,PIT,WR,Allen Robinson,00-0031428,,,Full Participation in Practice,Allen Robinson,
2023,13,PIT,CB,James Pierre,00-0035795,,,Limited Participation in Practice,James Pierre,
2023,13,PIT,DT,Montravius Adams,00-0033929,Questionable,Ankle,Limited Participation in Practice,Montravius Adams,QUESTIONABLE
2023,13,SEA,S,Jamal Adams,00-0033872,,,Full Participation in Practice,Jamal Adams,
2023,13,SEA,WR,Jake Bobo,00-0038752,,,Full Participation in Practice,Jake Bobo,
2023,13,SEA,G,Anthony Bradford,00-0039020,,,Full Participation in Practice,Anthony Bradford,
2023,13,SEA,LB,Derick Hall,00-0039047,,,Full Participation in Practice,Derick Hall,
2023,13,SEA,T,Abraham Lucas,00-0037812,,,Full Participation in Practice,Abraham Lucas,
2023,13,SEA,G,Phil Haynes,00-0035141,Out,Toe,Did Not Participate In Practice,Phil Haynes,OUT
2023,13,SEA,RB,Kenneth Walker,00-0038134,Doubtful,Oblique,Did Not Participate In Practice,Kenneth Walker,DOUBTFUL
2023,13,SEA,WR,Dareke Young,00-0037093,Doubtful,Abdomen,Limited Participation in Practice,Dareke Young,DOUBTFUL
2023,13,SEA,WR,D'Wayne Eskridge,00-0036620,Questionable,Ribs,Did Not Participate In Practice,D'Wayne Eskridge,QUESTIONABLE
2023,13,SEA,TE,Will Dissly,00-0034159,Questionable,Hip,Full Participation in Practice,Will Dissly,QUESTIONABLE
2023,13,SEA,DT,Leonard Williams,00-0031933,Questionable,Ankle,Full Participation in Practice,Leonard Williams,QUESTIONABLE
2023,13,SF,T,Trent Williams,00-0027857,,,Did Not Participate In Practice,Trent Williams,
2023,13,SF,G,Spencer Burford,00-0037829,,,Full Participation in Practice,Spencer Burford,
2023,13,SF,DE,Nick Bosa,00-0035717,,,Limited Participation in Practice,Nick Bosa,
2023,13,SF,DT,Arik Armstead,00-0032164,Questionable,Foot,Limited Participation in Practice,Arik Armstead,QUESTIONABLE
2023,13,SF,RB,Jordan Mason,00-0037525,Questionable,Hamstring,Limited Participation in Practice,Jordan Mason,QUESTIONABLE
2023,13,SF,WR,Ray-Ray McCloud,00-0034407,Questionable,Rib,Limited Participation in Practice,Ray-Ray McCloud,QUESTIONABLE
2023,13,TB,CB,Dee Delaney,00-0034515,,,Did Not Participate In Practice,Dee Delaney,
2023,13,TB,CB,Carlton Davis,00-0034778,,,Full Participation in Practice,Carlton Davis,
2023,13,TB,LB,YaYa Diaby,00-0039068,,,Full Participation in Practice,YaYa Diaby,
2023,13,TB,QB,Baker Mayfield,00-0034855,,,Full Participation in Practice,Baker Mayfield,
2023,13,TB,LB,Lavonte David,00-0029562,Out,Groin,Did Not Participate In Practice,Lavonte David,OUT
2023,13,TB,CB,Jamel Dean,00-0035699,Out,Ankle,Did Not Participate In Practice,Jamel Dean,OUT
2023,13,TB,DT,Mike Greene,00-0037627,Out,Calf,Did Not Participate In Practice,Mike Greene,OUT
2023,13,TB,LB,Devin White,00-0035707,Out,Foot,Did Not Participate In Practice,Devin White,OUT
2023,13,TB,LB,SirVocea Dennis,00-0039049,Doubtful,Illness,Did Not Participate In Practice,SirVocea Dennis,DOUBTFUL
2023,13,TB,WR,Chris Godwin,00-0033921,Questionable,Neck,Did Not Participate In Practice,Chris Godwin,QUESTIONABLE
2023,13,TEN,DE,Denico Autry,00-0031254,,,Full Participation in Practice,Denico Autry,
2023,13,TEN,S,Terrell Edmunds,00-0034858,,,Full Participation in Practice,Terrell Edmunds,
2023,13,TEN,RB,Derrick Henry,00-0032764,,,Full Participation in Practice,Derrick Henry,
2023,13,TEN,WR,DeAndre Hopkins,00-0030564,,,Full Participation in Practice,DeAndre Hopkins,
2023,13,TEN,QB,Will Levis,00-0039152,,,Full Participation in Practice,Will Levis,
2023,13,TEN,QB,Ryan Tannehill,00-0029701,,,Full Participation in Practice,Ryan Tannehill,
2023,13,TEN,G,Aaron Brewer,00-0036171,,,Limited Participation in Practice,Aaron Brewer,
2023,13,TEN,G,Daniel Brunskill,00-0033221,,,Limited Participation in Practice,Daniel Brunskill,
2023,13,TEN,LB,Luke Gifford,00-0035413,,,Limited Participation in Practice,Luke Gifford,
2023,13,TEN,CB,Roger McCreary,00-0038125,,,Limited Participation in Practice,Roger McCreary,
2023,13,TEN,WR,Treylon Burks,00-0037742,Questionable,Concussion,Full Participation in Practice,Treylon Burks,QUESTIONABLE
2023,13,WAS,FB,Alex Armah,00-0033296,,,Full Participation in Practice,Alex Armah,
2023,13,WAS,CB,Emmanuel Forbes,00-0039151,Out,Elbow,Did Not Participate In Practice,Emmanuel Forbes,OUT
2023,13,WAS,DE,James Smith-Williams,00-0036351,Out,Hamstring,Did Not Participate In Practice,James Smith-Williams,OUT
2023,13,WAS,C,Tyler Larsen,00-0030869,Questionable,Knee,Limited Participation in Practice,Tyler Larsen,QUESTIONABLE
2023,14,ATL,DE,Calais Campbell,00-0026190,,,Did Not Participate In Practice,Calais Campbell,
2023,14,ATL,RB,Cordarrelle Patterson,00-0030578,,,Did Not Participate In Practice,Cordarrelle Patterson,
2023,14,ATL,LB,Nate Landman,00-0037587,Out,Knee,Did Not Participate In Practice,Nate Landman,OUT
2023,14,ATL,T,Kaleb McGary,00-0035235,Out,Knee,Did Not Participate In Practice,Kaleb McGary,OUT
2023,14,ATL,DT,David Onyemata,00-0033051,Out,Ankle,Did Not Participate In Practice,David Onyemata,OUT
2023,14,ATL,DT,Lacale London,00-0036204,Out,Knee,Full Participation in Practice,Lacale London,OUT
2023,14,ATL,WR,Mack Hollins,00-0033555,Questionable,Ankle,Full Participation in Practice,Mack Hollins,QUESTIONABLE
2023,14,ATL,CB,Mike Hughes,00-0034843,Questionable,Hand,Full Participation in Practice,Mike Hughes,QUESTIONABLE
2023,14,ATL,CB,A.J. Terrell,00-0036285,Questionable,Concussion,Full Participation in Practice,A.J. Terrell,QUESTIONABLE
2023,14,ATL,C,Drew Dalman,00-0036957,Questionable,Ankle,Limited Participation in Practice,Drew Dalman,QUESTIONABLE
2023,14,ATL,CB,Jeff Okudah,00-0036274,Questionable,Ankle,Limited Participation in Practice,Jeff Okudah,QUESTIONABLE
2023,14,BAL,WR,Odell Beckham,00-0031235,,,Did Not Participate In Practice,Odell Beckham,
2023,14,BAL,WR,Rashod Bateman,00-0036550,,,Full Participation in Practice,Rashod Bateman,
2023,14,BAL,CB,Marlon Humphrey,00-0033281,,,Full Participation in Practice,Marlon Humphrey,
2023,14,BAL,QB,Lamar Jackson,00-0034796,,,Full Participation in Practice,Lamar Jackson,
2023,14,BAL,DT,Nnamdi Madubuike,00-0036130,,,Full Participation in Practice,Nnamdi Madubuike,
2023,14,BAL,LB,Trenton Simpson,00-0038504,,,Full Participation in Practice,Trenton Simpson,
2023,14,BAL,LB,Malik Hamm,00-0038448,Questionable,Ankle,Full Participation in Practice,Malik Hamm,QUESTIONABLE
2023,14,BAL,CB,Damarion Williams,00-0037984,Questionable,Ankle,Full Participation in Practice,Damarion Williams,QUESTIONABLE
2023,14,BAL,LB,Malik Harrison,00-0036280,Questionable,Groin,Limited Participation in Practice,Malik Harrison,QUESTIONABLE
2023,14,BUF,QB,Josh Allen,00-0034857,,,Full Participation in Practice,Josh Allen,
2023,14,BUF,DE,Leonard Floyd,00-0033072,,,Full Participation in Practice,Leonard Floyd,
2023,14,BUF,CB,Dane Jackson,00-0036166,,,Full Participation in Practice,Dane Jackson,
2023,14,BUF,TE,Dalton Kincaid,00-0038933,,,Full Participation in Practice,Dalton Kincaid,
2023,14,BUF,LB,Von Miller,00-0027940,,,Full Participation in Practice,Von Miller,
2023,14,BUF,S,Taylor Rapp,00-0035663,,,Full Participation in Practice,Taylor Rapp,
2023,14,BUF,CB,Kaiir Elam,00-0037242,Questionable,Ankle,Full Participation in Practice,Kaiir Elam,QUESTIONABLE
2023,14,BUF,TE,Dawson Knox,00-0035689,Questionable,Wrist,Full Participation in Practice,Dawson Knox,QUESTIONABLE
2023,14,CAR,LB,D.J. Johnson,00-0038535,,,Did Not Participate In Practice,D.J. Johnson,
2023,14,CAR,WR,Adam Thielen,00-0030035,,,Did Not Participate In Practice,Adam Thielen,
2023,14,CAR,LB,Amare Barno,00-0037043,,,Full Participation in Practice,Amare Barno,
2023,14,CAR,S,Vonn Bell,00-0032939,,,Full Participation in Practice,Vonn Bell,
2023,14,CAR,T,Taylor Moton,00-0033284,,,Full Participation in Practice,Taylor Moton,
2023,14,CAR,S,Jeremy Chinn,00-0036293,,,Limited Participation in Practice,Jeremy Chinn,
2023,14,CAR,CB,Troy Hill,00-0031785,,,Limited Participation in Practice,Troy Hill,
2023,14,CAR,CB,Jaycee Horn,00-0036944,,,Limited Participation in Practice,Jaycee Horn,
2023,14,CAR,DE,DeShawn Williams,00-0031795,Out,Knee,Did Not Participate In Practice,DeShawn Williams,OUT
2023,14,CAR,TE,Hayden Hurst,00-0034830,Out,Concussion,Limited Participation in Practice,Hayden Hurst,OUT
2023,14,CAR,C,Bradley Bozeman,00-0034281,Questionable,Ankle,Full Participation in Practice,Bradley Bozeman,QUESTIONABLE
2023,14,CAR,LB,Marquis Haynes,00-0034382,Questionable,Back,Full Participation in Practice,Marquis Haynes,QUESTIONABLE
2023,14,CAR,TE,Stephen Sullivan,00-0036438,Questionable,Shoulder,Full Participation in Practice,Stephen Sullivan,QUESTIONABLE
2023,14,CAR,TE,Tommy Tremble,00-0037005,Questionable,Hip,Full Participation in Practice,Tommy Tremble,QUESTIONABLE
2023,14,CAR,LB,Yetur Gross-Matos,00-0036288,Questionable,Hamstring,Limited Participation in Practice,Yetur Gross-Matos,QUESTIONABLE
2023,14,CHI,TE,Marcedes Lewis,00-0024243,,,Did Not Participate In Practice,Marcedes Lewis,
2023,14,CHI,T,Larry Borom,00-0036905,,,Full Participation in Practice,Larry Borom,
2023,14,CHI,RB,D'Onta Foreman,00-0033925,,,Full Participation in Practice,D'Onta Foreman,
2023,14,CHI,LB,Noah Sewell,00-0038390,,,Full Participation in Practice,Noah Sewell,
2023,14,CHI,CB,Tyrique Stevenson,00-0039071,,,Full Participation in Practice,Tyrique Stevenson,
2023,14,CHI,WR,Equanimeous St. Brown,00-0034279,Out,Pectoral,Did Not Participate In Practice,Equanimeous St. Brown,OUT
2023,14,CHI,WR,Velus Jones,00-0037745,Questionable,Illness,Did Not Participate In Practice,Velus Jones,QUESTIONABLE
2023,14,CHI,DE,Yannick Ngakoue,00-0033123,Questionable,Knee,Full Participation in Practice,Yannick Ngakoue,QUESTIONABLE
2023,14,CHI,WR,Tyler Scott,00-0038941,Questionable,Hamstring,Limited Participation in Practice,Tyler Scott,QUESTIONABLE
2023,14,CIN,RB,Chase Brown,00-0038597,,,Full Participation in Practice,Chase Brown,
2023,14,CIN,LB,Akeem Davis-Gaither,00-0036298,,,Full Participation in Practice,Akeem Davis-Gaither,
2023,14,CIN,DT,B.J. Hill,00-0034800,,,Full Participation in Practice,B.J. Hill,
2023,14,CIN,DE,Sam Hubbard,00-0034834,,,Full Participation in Practice,Sam Hubbard,
2023,14,CIN,CB,D.J. Turner,00-0038549,,,Full Participation in Practice,D.J. Turner,
2023,14,CIN,T,Jonah Williams,00-0035629,,,Full Participation in Practice,Jonah Williams,
2023,14,CIN,DT,D.J. Reader,00-0032424,Questionable,Back,Did Not Participate In Practice,D.J. Reader,QUESTIONABLE
2023,14,CIN,T,D'Ante Smith,00-0036852,Questionable,Not injury related - personal matter,Did Not Participate In Practice,D'Ante Smith,QUESTIONABLE
2023,14,CIN,WR,Tyler Boyd,00-0033009,Questionable,Ankle,Limited Participation in Practice,Tyler Boyd,QUESTIONABLE
2023,14,CLE,S,Grant Delpit,00-0036282,,,Did Not Participate In Practice,Grant Delpit,
2023,14,CLE,G,Joel Bitonio,00-0031426,,,Full Participation in Practice,Joel Bitonio,
2023,14,CLE,T,Geron Christian,00-0034817,,,Full Participation in Practice,Geron Christian,
2023,14,CLE,DE,Myles Garrett,00-0033868,,,Full Participation in Practice,Myles Garrett,
2023,14,CLE,WR,Marquise Goodwin,00-0030068,,,Full Participation in Practice,Marquise Goodwin,
2023,14,CLE,DT,Shelby Harris,00-0031270,,,Full Participation in Practice,Shelby Harris,
2023,14,CLE,C,Nick Harris,00-0036236,,,Full Participation in Practice,Nick Harris,
2023,14,CLE,RB,Kareem Hunt,00-0033923,,,Full Participation in Practice,Kareem Hunt,
2023,14,CLE,DT,Maurice Hurst,00-0034746,,,Full Participation in Practice,Maurice Hurst,
2023,14,CLE,DE,Ogbonnia Okoronkwo,00-0034807,,,Full Participation in Practice,Ogbonnia Okoronkwo,
2023,14,CLE,QB,Dorian Thompson-Robinson,00-0038583,,,Full Participation in Practice,Dorian Thompson-Robinson,
2023,14,CLE,S,Juan Thornhill,00-0035625,,,Full Participation in Practice,Juan Thornhill,
2023,14,CLE,TE,David Njoku,00-0033885,,,Limited Participation in Practice,David Njoku,
2023,14,CLE,T,Dawand Jones,00-0039014,Questionable,Knee,Did Not Participate In Practice,Dawand Jones,QUESTIONABLE
2023,14,CLE,CB,Cameron Mitchell,00-0038585,Questionable,Hamstring,Full Participation in Practice,Cameron Mitchell,QUESTIONABLE
2023,14,CLE,G,Wyatt Teller,00-0034399,Questionable,Calf,Full Participation in Practice,Wyatt Teller,QUESTIONABLE
2023,14,CLE,WR,Amari Cooper,00-0031544,Questionable,Concussion,Limited Participation in Practice,Amari Cooper,QUESTIONABLE
2023,14,CLE,CB,Denzel Ward,00-0034856,Questionable,Shoulder,Limited Participation in Practice,Denzel Ward,QUESTIONABLE
2023,14,DAL,G,Zack Martin,00-0031402,,,Did Not Participate In Practice,Zack Martin,
2023,14,DAL,T,Tyron Smith,00-0027947,,,Did Not Participate In Practice,Tyron Smith,
2023,14,DAL,WR,Brandin Cooks,00-0031236,,,Limited Participation in Practice,Brandin Cooks,
2023,14,DAL,CB,Stephon Gilmore,00-0029542,,,Limited Participation in Practice,Stephon Gilmore,
2023,14,DAL,DT,Johnathan Hankins,00-0030063,,,Limited Participation in Practice,Johnathan Hankins,
2023,14,DAL,DE,Demarcus Lawrence,00-0031411,,,Limited Participation in Practice,Demarcus Lawrence,
2023,14,DAL,T,Matt Waletzko,00-0037266,Out,Shoulder,Full Participation in Practice,Matt Waletzko,OUT
2023,14,DAL,RB,Rico Dowdle,00-0036139,Questionable,Ankle,Full Participation in Practice,Rico Dowdle,QUESTIONABLE
2023,14,DAL,TE,Peyton Hendershot,00-0037569,Questionable,Ankle,Full Participation in Practice,Peyton Hendershot,QUESTIONABLE
2023,14,DEN,DE,Zach Allen,00-0035248,,,Full Participation in Practice,Zach Allen,
2023,14,DEN,LB,Baron Browning,00-0036995,,,Full Participation in Practice,Baron Browning,
2023,14,DEN,TE,Chris Manhertz,00-0031484,,,Full Participation in Practice,Chris Manhertz,
2023,14,DEN,T,Mike McGlinchey,00-0034847,,,Full Participation in Practice,Mike McGlinchey,
2023,14,DEN,WR,Marvin Mims,00-0038976,,,Full Participation in Practice,Marvin Mims,
2023,14,DEN,DT,Mike Purcell,00-0029890,,,Full Participation in Practice,Mike Purcell,
2023,14,DEN,CB,Patrick Surtain,00-0036874,,,Full Participation in Practice,Patrick Surtain,
2023,14,DEN,S,Delarrin Turner-Yell,00-0037264,,,Full Participation in Practice,Delarrin Turner-Yell,
2023,14,DEN,RB,Samaje Perine,00-0033526,Questionable,Knee,Did Not Participate In Practice,Samaje Perine,QUESTIONABLE
2023,14,DET,LB,Alex Anzalone,00-0033914,,,Full Participation in Practice,Alex Anzalone,
2023,14,DET,C,Frank Ragnow,00-0034345,Out,Knee,Did Not Participate In Practice,Frank Ragnow,OUT
2023,14,DET,QB,Hendon Hooker,00-0038550,Out,Knee,Full Participation in Practice,Hendon Hooker,OUT
2023,14,DET,LB,Malcolm Rodriguez,00-0037289,Questionable,Ankle,Limited Participation in Practice,Malcolm Rodriguez,QUESTIONABLE
2023,14,GB,LB,De'Vondre Campbell,00-0032401,,,Full Participation in Practice,De'Vondre Campbell,
2023,14,GB,TE,Josiah Deguara,00-0036332,,,Full Participation in Practice,Josiah Deguara,
2023,14,GB,RB,A.J. Dillon,00-0036265,,,Full Participation in Practice,A.J. Dillon,
2023,14,GB,LB,Rashan Gary,00-0034967,,,Full Participation in Practice,Rashan Gary,
2023,14,GB,CB,Keisean Nixon,00-0035133,,,Full Participation in Practice,Keisean Nixon,
2023,14,GB,S,Jonathan Owens,00-0034485,,,Full Participation in Practice,Jonathan Owens,
2023,14,GB,G,Elgton Jenkins,00-0035526,,,Limited Participation in Practice,Elgton Jenkins,
2023,14,GB,WR,Jayden Reed,00-0039146,,,Limited Participation in Practice,Jayden Reed,
2023,14,GB,DE,Devonte Wyatt,00-0037075,,,Limited Participation in Practice,Devonte Wyatt,
2023,14,GB,WR,Christian Watson,00-0038124,Out,Hamstring,Did Not Participate In Practice,Christian Watson,OUT
2023,14,GB,LB,Quay Walker,00-0037074,Doubtful,Shoulder,Did Not Participate In Practice,Quay Walker,DOUBTFUL
2023,14,GB,CB,Eric Stokes,00-0036901,Questionable,Hamstring,Full Participation in Practice,Eric Stokes,QUESTIONABLE
2023,14,GB,CB,Jaire Alexander,00-0034728,Questionable,Shoulder,Limited Participation in Practice,Jaire Alexander,QUESTIONABLE
2023,14,GB,RB,Aaron Jones,00-0033293,Questionable,Knee,Limited Participation in Practice,Aaron Jones,QUESTIONABLE
2023,14,GB,S,Darnell Savage,00-0034968,Questionable,Chest,Limited Participation in Practice,Darnell Savage,QUESTIONABLE
2023,14,HOU,DE,Will Anderson,00-0039108,,,Did Not Participate In Practice,Will Anderson,
2023,14,HOU,WR,Robert Woods,00-0030431,,,Did Not Participate In Practice,Robert Woods,
2023,14,HOU,LB,Neville Hewitt,00-0031740,,,Full Participation in Practice,Neville Hewitt,
2023,14,HOU,LB,Denzel Perryman,00-0032103,,,Full Participation in Practice,Denzel Perryman,
2023,14,HOU,T,Laremy Tunsil,00-0032380,,,Full Participation in Practice,Laremy Tunsil,
2023,14,HOU,S,Jimmie Ward,00-0031298,,,Full Participation in Practice,Jimmie Ward,
2023,14,HOU,S,DeAndre Houston-Carson,00-0032790,Out,Illness,"
    ",DeAndre Houston-Carson,OUT
2023,14,HOU,TE,Dalton Schultz,00-0034383,Out,Hamstring,Did Not Participate In Practice,Dalton Schultz,OUT
2023,14,HOU,WR,Noah Brown,00-0033591,Questionable,Knee,Did Not Participate In Practice,Noah Brown,QUESTIONABLE
2023,14,HOU,T,George Fant,00-0032466,Questionable,Hip,Full Participation in Practice,George Fant,QUESTIONABLE
2023,14,HOU,DT,Sheldon Rankins,00-0032759,Questionable,Elbow,Limited Participation in Practice,Sheldon Rankins,QUESTIONABLE
2023,14,IND,DT,DeForest Buckner,00-0032378,,,Did Not Participate In Practice,DeForest Buckner,
2023,14,IND,DE,Tyquan Lewis,00-0034359,,,Full Participation in Practice,Tyquan Lewis,
2023,14,IND,DT,Grover Stewart,00-0033952,,,Full Participation in Practice,Grover Stewart,
2023,14,IND,T,Braden Smith,00-0034836,Out,Knee,Did Not Participate In Practice,Braden Smith,OUT
2023,14,IND,RB,Jonathan Taylor,00-0036223,Out,Thumb,Did Not Participate In Practice,Jonathan Taylor,OUT
2023,14,IND,CB,Ameer Speed,00-0038624,Questionable,Hip,Did Not Participate In Practice,Ameer Speed,QUESTIONABLE
2023,14,IND,CB,Julius Brents,00-0039156,Questionable,Quadricep,Limited Participation in Practice,Julius Brents,QUESTIONABLE
2023,14,IND,LB,E.J. Speed,00-0034987,Questionable,Knee,Limited Participation in Practice,E.J. Speed,QUESTIONABLE
2023,14,JAX,WR,Christian Kirk,00-0034775,,,Did Not Participate In Practice,Christian Kirk,
2023,14,JAX,QB,C.J. Beathard,00-0033936,,,Full Participation in Practice,C.J. Beathard,
2023,14,JAX,S,Andre Cisco,00-0036941,,,Full Participation in Practice,Andre Cisco,
2023,14,JAX,WR,Zay Jones,00-0033891,,,Limited Participation in Practice,Zay Jones,
2023,14,JAX,CB,Tre Herndon,00-0034516,Out,Concussion,Did Not Participate In Practice,Tre Herndon,OUT
2023,14,JAX,T,Walker Little,00-0036975,Out,Hamstring,Did Not Participate In Practice,Walker Little,OUT
2023,14,JAX,TE,Brenton Strange,00-0038935,Out,Foot,Did Not Participate In Practice,Brenton Strange,OUT
2023,14,JAX,CB,Christian Braswell,00-0038616,Out,Hamstring,Limited Participation in Practice,Christian Braswell,OUT
2023,14,JAX,CB,Tyson Campbell,00-0036974,Questionable,Quadricep,Limited Participation in Practice,Tyson Campbell,QUESTIONABLE
2023,14,JAX,RB,Travis Etienne,00-0036973,Questionable,Ribs,Limited Participation in Practice,Travis Etienne,QUESTIONABLE
2023,14,JAX,DT,Folorunso Fatukasi,00-0034275,Questionable,Heel,Limited Participation in Practice,Folorunso Fatukasi,QUESTIONABLE
2023,14,JAX,RB,D'Ernest Johnson,00-0035628,Questionable,Knee,Limited Participation in Practice,D'Ernest Johnson,QUESTIONABLE
2023,14,JAX,QB,Trevor Lawrence,00-0036971,Questionable,Ankle,Limited Participation in Practice,Trevor Lawrence,QUESTIONABLE
2023,14,KC,LB,Nick Bolton,00-0036621,,,Full Participation in Practice,Nick Bolton,
2023,14,KC,LB,Darius Harris,00-0035157,,,Full Participation in Practice,Darius Harris,
2023,14,KC,QB,Patrick Mahomes,00-0033873,,,Full Participation in Practice,Patrick Mahomes,
2023,14,KC,RB,Jerick McKinnon,00-0031376,,,Full Participation in Practice,Jerick McKinnon,
2023,14,KC,WR,Skyy Moore,00-0038090,,,Full Participation in Practice,Skyy Moore,
2023,14,KC,WR,Nikko Remigio,00-0038519,,,Full Participation in Practice,Nikko Remigio,
2023,14,KC,WR,Rashee Rice,00-0039067,,,Full Participation in Practice,Rashee Rice,
2023,14,KC,WR,Kadarius Toney,00-0036913,,,Full Participation in Practice,Kadarius Toney,
2023,14,KC,CB,L'Jarius Sneed,00-0036374,,,Limited Participation in Practice,L'Jarius Sneed,
2023,14,KC,S,Bryan Cook,00-0037193,Out,Ankle,Did Not Participate In Practice,Bryan Cook,OUT
2023,14,KC,RB,Isiah Pacheco,00-0037197,Out,Shoulder,Did Not Participate In Practice,Isiah Pacheco,OUT
2023,14,KC,T,Donovan Smith,00-0032217,Out,Neck,Did Not Participate In Practice,Donovan Smith,OUT
2023,14,KC,LB,Drue Tranquill,00-0035262,Out,Concussion,Did Not Participate In Practice,Drue Tranquill,OUT
2023,14,LA,C,Brian Allen,00-0034804,,,Did Not Participate In Practice,Brian Allen,
2023,14,LA,DT,Aaron Donald,00-0031388,,,Did Not Participate In Practice,Aaron Donald,
2023,14,LA,T,Rob Havenstein,00-0032242,,,Full Participation in Practice,Rob Havenstein,
2023,14,LA,DT,Larrell Murchison,00-0036237,,,Full Participation in Practice,Larrell Murchison,
2023,14,LA,WR,Puka Nacua,00-0039075,,,Full Participation in Practice,Puka Nacua,
2023,14,LA,TE,Tyler Higbee,00-0033110,Doubtful,Neck,Did Not Participate In Practice,Tyler Higbee,DOUBTFUL
2023,14,LA,LB,Michael Hoecht,00-0035933,Questionable,Knee,Limited Participation in Practice,Michael Hoecht,QUESTIONABLE
2023,14,LA,S,Quentin Lake,00-0037841,Questionable,Hamstring,Limited Participation in Practice,Quentin Lake,QUESTIONABLE
2023,14,LA,LB,Byron Young,00-0039137,Questionable,Knee,Limited Participation in Practice,Byron Young,QUESTIONABLE
2023,14,LAC,WR,Keenan Allen,00-0030279,,,Did Not Participate In Practice,Keenan Allen,
2023,14,LAC,DE,Khalil Mack,00-0031040,,,Did Not Participate In Practice,Khalil Mack,
2023,14,LAC,LB,Justin Hollins,00-0035591,,,Full Participation in Practice,Justin Hollins,
2023,14,LAC,DT,Sebastian Joseph,00-0034810,,,Full Participation in Practice,Sebastian Joseph,
2023,14,LAC,LB,Kenneth Murray,00-0036441,,,Full Participation in Practice,Kenneth Murray,
2023,14,LAC,T,Trey Pipkins,00-0035688,,,Full Participation in Practice,Trey Pipkins,
2023,14,LAC,CB,Ja'Sir Taylor,00-0037307,,,Full Participation in Practice,Ja'Sir Taylor,
2023,14,LAC,TE,Nick Vannett,00-0032394,,,Full Participation in Practice,Nick Vannett,
2023,14,LAC,DT,Nicholas Williams,00-0030500,,,Full Participation in Practice,Nicholas Williams,
2023,14,LAC,LB,Blake Lynch,00-0035984,,,Limited Participation in Practice,Blake Lynch,
2023,14,LAC,G,Zack Bailey,00-0035468,Out,Back,Did Not Participate In Practice,Zack Bailey,OUT
2023,14,LAC,CB,Deane Leonard,00-0037320,Out,Ankle,Did Not Participate In Practice,Deane Leonard,OUT
2023,14,LAC,WR,Josh Palmer,00-0036988,Out,Knee,Limited Participation in Practice,Josh Palmer,OUT
2023,14,LAC,LB,Amen Ogbongbemiga,00-0036716,Questionable,Hamstring,Did Not Participate In Practice,Amen Ogbongbemiga,QUESTIONABLE
2023,14,LAC,DT,Otito Ogbonnia,00-0037270,Questionable,Knee,Limited Participation in Practice,Otito Ogbonnia,QUESTIONABLE
2023,14,LV,K,Daniel Carlson,00-0034161,,,Full Participation in Practice,Daniel Carlson,
2023,14,LV,DT,John Jenkins,00-0030070,,,Full Participation in Practice,John Jenkins,
2023,14,LV,DE,Malcolm Koonce,00-0036989,,,Full Participation in Practice,Malcolm Koonce,
2023,14,LV,T,Kolton Miller,00-0034759,Out,Shoulder,Did Not Participate In Practice,Kolton Miller,OUT
2023,14,LV,CB,Brandon Facyson,00-0034545,Questionable,Shin,Full Participation in Practice,Brandon Facyson,QUESTIONABLE
2023,14,LV,LB,Kana'i Mauga,00-0037383,Questionable,Knee,Full Participation in Practice,Kana'i Mauga,QUESTIONABLE
2023,14,LV,DE,Maxx Crosby,00-0034973,Questionable,Knee,Limited Participation in Practice,Maxx Crosby,QUESTIONABLE
2023,14,MIA,LB,Jerome Baker,00-0034797,,,Did Not Participate In Practice,Jerome Baker,
2023,14,MIA,RB,Devon Achane,00-0039040,,,Full Participation in Practice,Devon Achane,
2023,14,MIA,FB,Alec Ingold,00-0035125,,,Full Participation in Practice,Alec Ingold,
2023,14,MIA,G,Robert Jones,00-0036596,,,Full Participation in Practice,Robert Jones,
2023,14,MIA,T,Kendall Lamm,00-0031921,,,Full Participation in Practice,Kendall Lamm,
2023,14,MIA,DE,Christian Wilkins,00-0035231,,,Full Participation in Practice,Christian Wilkins,
2023,14,MIA,WR,Tyreek Hill,00-0033040,,,Limited Participation in Practice,Tyreek Hill,
2023,14,MIA,RB,Raheem Mostert,00-0031687,,,Limited Participation in Practice,Raheem Mostert,
2023,14,MIA,TE,Durham Smythe,00-0034798,,,Limited Participation in Practice,Durham Smythe,
2023,14,MIA,G,Robert Hunt,00-0036325,Out,Hamstring,Did Not Participate In Practice,Robert Hunt,OUT
2023,14,MIA,T,Terron Armstead,00-0030067,Questionable,Knee,Limited Participation in Practice,Terron Armstead,QUESTIONABLE
2023,14,MIA,RB,Christopher Brooks,00-0038685,Questionable,Knee,Limited Participation in Practice,Christopher Brooks,QUESTIONABLE
2023,14,MIA,S,Jevon Holland,00-0036998,Questionable,Knee,Limited Participation in Practice,Jevon Holland,QUESTIONABLE
2023,14,MIN,CB,Akayleb Evans,00-0038101,,,Full Participation in Practice,Akayleb Evans,
2023,14,MIN,WR,Justin Jefferson,00-0036322,,,Full Participation in Practice,Justin Jefferson,
2023,14,MIN,RB,Kene Nwangwu,00-0036842,,,Full Participation in Practice,Kene Nwangwu,
2023,14,MIN,CB,NaJee Thompson,00-0038811,,,Full Participation in Practice,NaJee Thompson,
2023,14,MIN,DT,Khyiris Tonga,00-0036909,,,Full Participation in Practice,Khyiris Tonga,
2023,14,MIN,S,Theo Jackson,00-0037301,Questionable,Illness,Full Participation in Practice,Theo Jackson,QUESTIONABLE
2023,14,MIN,G,Ed Ingram,00-0038131,Questionable,Hip,Limited Participation in Practice,Ed Ingram,QUESTIONABLE
2023,14,NE,DE,Deatrich Wise,00-0033947,,,Did Not Participate In Practice,Deatrich Wise,
2023,14,NE,LB,Chris Board,00-0034787,,,Limited Participation in Practice,Chris Board,
2023,14,NE,RB,Ezekiel Elliott,00-0033045,,,Limited Participation in Practice,Ezekiel Elliott,
2023,14,NE,T,Sidy Sow,00-0038569,,,Limited Participation in Practice,Sidy Sow,
2023,14,NE,WR,Demario Douglas,00-0038621,Out,Concussion,Did Not Participate In Practice,Demario Douglas,OUT
2023,14,NE,RB,Rhamondre Stevenson,00-0036875,Out,Ankle,Did Not Participate In Practice,Rhamondre Stevenson,OUT
2023,14,NE,WR,Kayshon Boutte,00-0038608,Out,Shoulder,Limited Participation in Practice,Kayshon Boutte,OUT
2023,14,NE,T,Riley Reiff,00-0029672,Out,Knee,Limited Participation in Practice,Riley Reiff,OUT
2023,14,NE,CB,Shaun Wade,00-0036559,Out,Illness,Limited Participation in Practice,Shaun Wade,OUT
2023,14,NE,DT,Christian Barmore,00-0036981,Questionable,Shoulder,Limited Participation in Practice,Christian Barmore,QUESTIONABLE
2023,14,NE,T,Trenton Brown,00-0032071,Questionable,Ankle,Limited Participation in Practice,Trenton Brown,QUESTIONABLE
2023,14,NE,WR,DeVante Parker,00-0031547,Questionable,Knee,Limited Participation in Practice,DeVante Parker,QUESTIONABLE
2023,14,NE,WR,JuJu Smith-Schuster,00-0033857,Questionable,Ankle,Limited Participation in Practice,JuJu Smith-Schuster,QUESTIONABLE
2023,14,NO,S,Marcus Maye,00-0033892,,,Did Not Participate In Practice,Marcus Maye,
2023,14,NO,DT,Malcolm Roach,00-0035763,,,Did Not Participate In Practice,Malcolm Roach,
2023,14,NO,C,Erik McCoy,00-0035242,,,Full Participation in Practice,Erik McCoy,
2023,14,NO,G,Andrus Peat,00-0032203,,,Full Participation in Practice,Andrus Peat,
2023,14,NO,T,Ryan Ramczyk,00-0033888,,,Full Participation in Practice,Ryan Ramczyk,
2023,14,NO,TE,Jimmy Graham,00-0027696,,,Limited Participation in Practice,Jimmy Graham,
2023,14,NO,DE,Isaiah Foskey,00-0039143,Out,Quadricep,Did Not Participate In Practice,Isaiah Foskey,OUT
2023,14,NO,RB,Kendre Miller,00-0038551,Out,Ankle,Did Not Participate In Practice,Kendre Miller,OUT
2023,14,NO,QB,Taysom Hill,00-0033357,Questionable,Foot,Did Not Participate In Practice,Taysom Hill,QUESTIONABLE
2023,14,NO,WR,Chris Olave,00-0037239,Questionable,Illness,Did Not Participate In Practice,Chris Olave,QUESTIONABLE
2023,14,NO,WR,Rashid Shaheed,00-0037545,Questionable,Thigh,Did Not Participate In Practice,Rashid Shaheed,QUESTIONABLE
2023,14,NO,QB,Derek Carr,00-0031280,Questionable,Concussion,Full Participation in Practice,Derek Carr,QUESTIONABLE
2023,14,NO,K,Blake Grupe,00-0038905,Questionable,right Groin,Full Participation in Practice,Blake Grupe,QUESTIONABLE
2023,14,NO,G,Nick Saldiveri,00-0038566,Questionable,Shoulder,Full Participation in Practice,Nick Saldiveri,QUESTIONABLE
2023,14,NO,TE,Juwan Johnson,00-0036040,Questionable,Quadricep,Limited Participation in Practice,Juwan Johnson,QUESTIONABLE
2023,14,NO,DE,Cameron Jordan,00-0027962,Questionable,Ankle,Limited Participation in Practice,Cameron Jordan,QUESTIONABLE
2023,14,NO,LB,Pete Werner,00-0036927,Questionable,Shoulder,Limited Participation in Practice,Pete Werner,QUESTIONABLE
2023,14,NYG,LB,Carter Coughlin,00-0036402,,,Full Participation in Practice,Carter Coughlin,
2023,14,NYG,QB,Tyrod Taylor,00-0028118,,,Full Participation in Practice,Tyrod Taylor,
2023,14,NYG,T,Evan Neal,00-0037612,Out,Ankle,Did Not Participate In Practice,Evan Neal,OUT
2023,14,NYG,TE,Daniel Bellinger,00-0038115,Questionable,Illness,Did Not Participate In Practice,Daniel Bellinger,QUESTIONABLE
2023,14,NYG,WR,Parris Campbell,00-0035639,Questionable,Knee,Did Not Participate In Practice,Parris Campbell,QUESTIONABLE
2023,14,NYG,DT,Dexter Lawrence,00-0035683,Questionable,Hamstring,Limited Participation in Practice,Dexter Lawrence,QUESTIONABLE
2023,14,NYG,DT,A'Shawn Robinson,00-0032889,Questionable,Hamstring,Limited Participation in Practice,A'Shawn Robinson,QUESTIONABLE
2023,14,NYG,LB,Isaiah Simmons,00-0036356,Questionable,Ankle,Limited Participation in Practice,Isaiah Simmons,QUESTIONABLE
2023,14,NYJ,T,Mekhi Becton,00-0036284,,,Full Participation in Practice,Mekhi Becton,
2023,14,NYJ,TE,Tyler Conklin,00-0034270,,,Full Participation in Practice,Tyler Conklin,
2023,14,NYJ,T,Billy Turner,00-0031433,,,Full Participation in Practice,Billy Turner,
2023,14,NYJ,LB,Quincy Williams,00-0035680,,,Full Participation in Practice,Quincy Williams,
2023,14,NYJ,WR,Jason Brownlee,00-0038492,Out,Ankle,Did Not Participate In Practice,Jason Brownlee,OUT
2023,14,NYJ,G,Wes Schweitzer,00-0032432,Out,Calf,Did Not Participate In Practice,Wes Schweitzer,OUT
2023,14,NYJ,QB,Aaron Rodgers,00-0023459,Out,Achilles,Limited Participation in Practice,Aaron Rodgers,OUT
2023,14,NYJ,DE,John Franklin-Myers,00-0034805,Questionable,Ankle,Limited Participation in Practice,John Franklin-Myers,QUESTIONABLE
2023,14,NYJ,RB,Breece Hall,00-0038120,Questionable,Ankle,Limited Participation in Practice,Breece Hall,QUESTIONABLE
2023,14,NYJ,T,Carter Warren,00-0039004,Questionable,Hip,Limited Participation in Practice,Carter Warren,QUESTIONABLE
2023,14,PHI,TE,Grant Calcaterra,00-0037086,,,Full Participation in Practice,Grant Calcaterra,
2023,14,PHI,DT,Fletcher Cox,00-0029653,,,Full Participation in Practice,Fletcher Cox,
2023,14,PHI,LB,Zach Cunningham,00-0033547,,,Full Participation in Practice,Zach Cunningham,
2023,14,PHI,TE,Dallas Goedert,00-0034351,,,Full Participation in Practice,Dallas Goedert,
2023,14,PHI,CB,Darius Slay,00-0030062,,,Full Participation in Practice,Darius Slay,
2023,14,PHI,TE,Jack Stoll,00-0036741,,,Full Participation in Practice,Jack Stoll,
2023,14,PHI,WR,Julio Jones,00-0027944,,,Limited Participation in Practice,Julio Jones,
2023,14,PIT,CB,Patrick Peterson,00-0027943,,,Did Not Participate In Practice,Patrick Peterson,
2023,14,PIT,DT,Montravius Adams,00-0033929,,,Full Participation in Practice,Montravius Adams,
2023,14,PIT,S,Minkah Fitzpatrick,00-0034789,,,Full Participation in Practice,Minkah Fitzpatrick,
2023,14,PIT,DT,Keeanu Benton,00-0039110,,,Limited Participation in Practice,Keeanu Benton,
2023,14,PIT,DT,Cameron Heyward,00-0027969,,,Limited Participation in Practice,Cameron Heyward,
2023,14,PIT,QB,Kenny Pickett,00-0038102,Out,Ankle,Did Not Participate In Practice,Kenny Pickett,OUT
2023,14,PIT,CB,James Pierre,00-0035795,Out,Shoulder,Did Not Participate In Practice,James Pierre,OUT
2023,14,PIT,RB,Najee Harris,00-0036893,Questionable,Knee,Did Not Participate In Practice,Najee Harris,QUESTIONABLE
2023,14,PIT,G,Isaac Seumalo,00-0032954,Questionable,Shoulder,Did Not Participate In Practice,Isaac Seumalo,QUESTIONABLE
2023,14,PIT,C,Mason Cole,00-0034785,Questionable,Neck,Limited Participation in Practice,Mason Cole,QUESTIONABLE
2023,14,PIT,LB,Elandon Roberts,00-0032442,Questionable,Groin,Limited Participation in Practice,Elandon Roberts,QUESTIONABLE
2023,14,SEA,S,Jamal Adams,00-0033872,,,Full Participation in Practice,Jamal Adams,
2023,14,SEA,WR,Jake Bobo,00-0038752,,,Full Participation in Practice,Jake Bobo,
2023,14,SEA,G,Anthony Bradford,00-0039020,,,Full Participation in Practice,Anthony Bradford,
2023,14,SEA,C,Evan Brown,00-0034495,,,Full Participation in Practice,Evan Brown,
2023,14,SEA,T,Abraham Lucas,00-0037812,,,Full Participation in Practice,Abraham Lucas,
2023,14,SEA,DT,Leonard Williams,00-0031933,,,Full Participation in Practice,Leonard Williams,
2023,14,SEA,WR,Dareke Young,00-0037093,,,Full Participation in Practice,Dareke Young,
2023,14,SEA,LB,Frank Clark,00-0032210,Out,Inactive,"
    ",Frank Clark,OUT
2023,14,SEA,DT,Jarran Reed,00-0032387,Questionable,Hamstring,Did Not Participate In Practice,Jarran Reed,QUESTIONABLE
2023,14,SEA,QB,Geno Smith,00-0030565,Questionable,Groin,Did Not Participate In Practice,Geno Smith,QUESTIONABLE
2023,14,SEA,RB,Zach Charbonnet,00-0039165,Questionable,Knee,Full Participation in Practice,Zach Charbonnet,QUESTIONABLE
2023,14,SEA,RB,Kenneth Walker,00-0038134,Questionable,Oblique,Full Participation in Practice,Kenneth Walker,QUESTIONABLE
2023,14,SEA,LB,Jordyn Brooks,00-0036409,Questionable,Ankle,Limited Participation in Practice,Jordyn Brooks,QUESTIONABLE
2023,14,SEA,CB,Tre Brown,00-0036885,Questionable,Heel,Limited Participation in Practice,Tre Brown,QUESTIONABLE
2023,14,SEA,WR,D'Wayne Eskridge,00-0036620,Questionable,Ribs,Limited Participation in Practice,D'Wayne Eskridge,QUESTIONABLE
2023,14,SF,T,Trent Williams,00-0027857,,,Did Not Participate In Practice,Trent Williams,
2023,14,SF,DT,Arik Armstead,00-0032164,Out,Foot,Did Not Participate In Practice,Arik Armstead,OUT
2023,14,SF,TE,Ross Dwelley,00-0034073,Out,Ankle,Did Not Participate In Practice,Ross Dwelley,OUT
2023,14,SF,WR,Ray-Ray McCloud,00-0034407,Out,Rib,Did Not Participate In Practice,Ray-Ray McCloud,OUT
2023,14,SF,G,Spencer Burford,00-0037829,Doubtful,Knee,Did Not Participate In Practice,Spencer Burford,DOUBTFUL
2023,14,SF,CB,Darrell Luter,00-0038594,Doubtful,Hamstring,Did Not Participate In Practice,Darrell Luter,DOUBTFUL
2023,14,SF,RB,Elijah Mitchell,00-0036567,Doubtful,Knee,Did Not Participate In Practice,Elijah Mitchell,DOUBTFUL
2023,14,TB,LB,J.J. Russell,00-0037491,,,Did Not Participate In Practice,J.J. Russell,
2023,14,TB,DT,Lavonte David,00-0029562,,,Full Participation in Practice,Lavonte David,
2023,14,TB,LB,SirVocea Dennis,00-0039049,,,Full Participation in Practice,SirVocea Dennis,
2023,14,TB,WR,Chris Godwin,00-0033921,,,Full Participation in Practice,Chris Godwin,
2023,14,TB,C,Robert Hainsey,00-0036985,,,Full Participation in Practice,Robert Hainsey,
2023,14,TB,CB,Josh Hayes,00-0039051,,,Full Participation in Practice,Josh Hayes,
2023,14,TB,G,Cody Mauch,00-0039157,,,Full Participation in Practice,Cody Mauch,
2023,14,TB,T,Tristan Wirfs,00-0036406,,,Full Participation in Practice,Tristan Wirfs,
2023,14,TB,CB,Jamel Dean,00-0035699,Out,Ankle,Did Not Participate In Practice,Jamel Dean,OUT
2023,14,TB,LB,Devin White,00-0035707,Out,Foot,Did Not Participate In Practice,Devin White,OUT
2023,14,TB,DT,Vita Vea,00-0034773,Questionable,Toe,Did Not Participate In Practice,Vita Vea,QUESTIONABLE
2023,14,TB,LB,K.J. Britt,00-0036643,Questionable,Back,Full Participation in Practice,K.J. Britt,QUESTIONABLE
2023,14,TEN,LB,Joseph Jones,00-0033659,,,Did Not Participate In Practice,Joseph Jones,
2023,14,TEN,P,Ryan Stonehouse,00-0037607,,,Did Not Participate In Practice,Ryan Stonehouse,
2023,14,TEN,DE,Denico Autry,00-0031254,,,Full Participation in Practice,Denico Autry,
2023,14,TEN,S,Terrell Edmunds,00-0034858,,,Full Participation in Practice,Terrell Edmunds,
2023,14,TEN,RB,Derrick Henry,00-0032764,,,Full Participation in Practice,Derrick Henry,
2023,14,TEN,WR,DeAndre Hopkins,00-0030564,,,Full Participation in Practice,DeAndre Hopkins,
2023,14,TEN,QB,Will Levis,00-0039152,,,Full Participation in Practice,Will Levis,
2023,14,TEN,DE,T.K. McLendon,00-0038850,,,Full Participation in Practice,T.K. McLendon,
2023,14,TEN,TE,Trevon Wesco,00-0035259,,,Full Participation in Practice,Trevon Wesco,
2023,14,TEN,G,Aaron Brewer,00-0036171,,,Limited Participation in Practice,Aaron Brewer,
2023,14,TEN,G,Daniel Brunskill,00-0033221,,,Limited Participation in Practice,Daniel Brunskill,
2023,14,TEN,LB,Luke Gifford,00-0035413,,,Limited Participation in Practice,Luke Gifford,
2023,14,TEN,CB,Anthony Kendall,00-0038848,,,Limited Participation in Practice,Anthony Kendall,
2023,14,TEN,CB,Kristian Fulton,00-0036416,Out,Hamstring,Did Not Participate In Practice,Kristian Fulton,OUT
2023,14,TEN,DT,Jeffery Simmons,00-0035643,Out,Knee,Did Not Participate In Practice,Jeffery Simmons,OUT
2023,14,TEN,TE,Josh Whyle,00-0038589,Out,Knee,Did Not Participate In Practice,Josh Whyle,OUT
2023,14,TEN,DT,Teair Tart,00-0036181,Questionable,Not injury related - personal matter,Limited Participation in Practice,Teair Tart,QUESTIONABLE
2023,15,ARI,RB,Emari Demercado,00-0038705,,,Full Participation in Practice,Emari Demercado,
2023,15,ARI,CB,Antonio Hamilton,00-0032933,,,Full Participation in Practice,Antonio Hamilton,
2023,15,ARI,QB,Kyler Murray,00-0035228,,,Full Participation in Practice,Kyler Murray,
2023,15,ARI,DT,Kevin Strong,00-0035334,,,Full Participation in Practice,Kevin Strong,
2023,15,ARI,CB,Starling Thomas,00-0038663,,,Full Participation in Practice,Starling Thomas,
2023,15,ARI,S,Jalen Thompson,00-0035705,,,Full Participation in Practice,Jalen Thompson,
2023,15,ARI,LB,Tyreke Smith,00-0037080,Out,not injury related - travel,Did Not Participate In Practice,Tyreke Smith,OUT
2023,15,ARI,CB,Bobby Price,00-0036011,Out,Quadricep,Limited Participation in Practice,Bobby Price,OUT
2023,15,ARI,G,Elijah Wilkinson,00-0033676,Questionable,Neck,Full Participation in Practice,Elijah Wilkinson,QUESTIONABLE
2023,15,ARI,LB,Krys Barnes,00-0035961,Questionable,Ribs,Limited Participation in Practice,Krys Barnes,QUESTIONABLE
2023,15,ARI,WR,Marquise Brown,00-0035662,Questionable,Heel,Limited Participation in Practice,Marquise Brown,QUESTIONABLE
2023,15,ARI,P,Blake Gillikin,00-0035859,Questionable,Back,Limited Participation in Practice,Blake Gillikin,QUESTIONABLE
2023,15,ARI,TE,Geoff Swaim,00-0032141,Questionable,Back,Limited Participation in Practice,Geoff Swaim,QUESTIONABLE
2023,15,ARI,WR,Michael Wilson,00-0038559,Questionable,Neck,Limited Participation in Practice,Michael Wilson,QUESTIONABLE
2023,15,ATL,DE,Calais Campbell,00-0026190,,,Did Not Participate In Practice,Calais Campbell,
2023,15,ATL,CB,Jeff Okudah,00-0036274,,,Full Participation in Practice,Jeff Okudah,
2023,15,ATL,T,Kaleb McGary,00-0035235,Out,Knee,Did Not Participate In Practice,Kaleb McGary,OUT
2023,15,ATL,DT,Kentavius Street,00-0034320,Out,Pectoral,Did Not Participate In Practice,Kentavius Street,OUT
2023,15,ATL,K,Younghoe Koo,00-0033702,Questionable,Illness,"
    ",Younghoe Koo,QUESTIONABLE
2023,15,ATL,DT,Lacale London,00-0036204,Questionable,Knee,Full Participation in Practice,Lacale London,QUESTIONABLE
2023,15,ATL,C,Drew Dalman,00-0036957,Questionable,Ankle,Limited Participation in Practice,Drew Dalman,QUESTIONABLE
2023,15,ATL,LB,Bud Dupree,00-0032146,Questionable,Back,Limited Participation in Practice,Bud Dupree,QUESTIONABLE
2023,15,ATL,LB,Nate Landman,00-0037587,Questionable,Knee,Limited Participation in Practice,Nate Landman,QUESTIONABLE
2023,15,ATL,G,Chris Lindstrom,00-0035630,Questionable,Ankle,Limited Participation in Practice,Chris Lindstrom,QUESTIONABLE
2023,15,ATL,T,Jake Matthews,00-0031279,Questionable,Knee,Limited Participation in Practice,Jake Matthews,QUESTIONABLE
2023,15,ATL,DT,David Onyemata,00-0033051,Questionable,Ankle,Limited Participation in Practice,David Onyemata,QUESTIONABLE
2023,15,BAL,QB,Tyler Huntley,00-0035993,,,Did Not Participate In Practice,Tyler Huntley,
2023,15,BAL,LB,Malik Harrison,00-0036280,,,Full Participation in Practice,Malik Harrison,
2023,15,BAL,LB,Roquan Smith,00-0034874,,,Full Participation in Practice,Roquan Smith,
2023,15,BAL,WR,Odell Beckham,00-0031235,,,Limited Participation in Practice,Odell Beckham,
2023,15,BAL,S,Kyle Hamilton,00-0038038,Questionable,Knee,Full Participation in Practice,Kyle Hamilton,QUESTIONABLE
2023,15,BAL,LB,Malik Hamm,00-0038448,Questionable,Ankle,Full Participation in Practice,Malik Hamm,QUESTIONABLE
2023,15,BUF,QB,Josh Allen,00-0034857,,,Full Participation in Practice,Josh Allen,
2023,15,BUF,DE,Leonard Floyd,00-0033072,,,Full Participation in Practice,Leonard Floyd,
2023,15,BUF,TE,Dawson Knox,00-0035689,,,Full Participation in Practice,Dawson Knox,
2023,15,BUF,LB,Von Miller,00-0027940,,,Full Participation in Practice,Von Miller,
2023,15,BUF,CB,Taron Johnson,00-0034376,,,Limited Participation in Practice,Taron Johnson,
2023,15,BUF,TE,Dalton Kincaid,00-0038933,,,Limited Participation in Practice,Dalton Kincaid,
2023,15,BUF,DE,A.J. Epenesa,00-0036192,Out,Rib,Did Not Participate In Practice,A.J. Epenesa,OUT
2023,15,BUF,S,Micah Hyde,00-0030090,Out,Neck,Did Not Participate In Practice,Micah Hyde,OUT
2023,15,BUF,CB,Kaiir Elam,00-0037242,Questionable,Ankle,Full Participation in Practice,Kaiir Elam,QUESTIONABLE
2023,15,BUF,WR,Justin Shorter,00-0038590,Questionable,Hamstring,Full Participation in Practice,Justin Shorter,QUESTIONABLE
2023,15,CAR,CB,Troy Hill,00-0031785,,,Did Not Participate In Practice,Troy Hill,
2023,15,CAR,CB,Jaycee Horn,00-0036944,,,Did Not Participate In Practice,Jaycee Horn,
2023,15,CAR,LB,D.J. Johnson,00-0038535,,,Did Not Participate In Practice,D.J. Johnson,
2023,15,CAR,WR,Adam Thielen,00-0030035,,,Did Not Participate In Practice,Adam Thielen,
2023,15,CAR,LB,Marquis Haynes,00-0034382,,,Full Participation in Practice,Marquis Haynes,
2023,15,CAR,P,Johnny Hekker,00-0028872,,,Full Participation in Practice,Johnny Hekker,
2023,15,CAR,T,Taylor Moton,00-0033284,,,Full Participation in Practice,Taylor Moton,
2023,15,CAR,TE,Tommy Tremble,00-0037005,,,Full Participation in Practice,Tommy Tremble,
2023,15,CAR,DE,DeShawn Williams,00-0031795,,,Full Participation in Practice,DeShawn Williams,
2023,15,CAR,TE,Hayden Hurst,00-0034830,Out,Concussion,Did Not Participate In Practice,Hayden Hurst,OUT
2023,15,CAR,C,Justin McCray,00-0030792,Out,Calf,Did Not Participate In Practice,Justin McCray,OUT
2023,15,CAR,TE,Ian Thomas,00-0034365,Out,Ankle,Did Not Participate In Practice,Ian Thomas,OUT
2023,15,CAR,LB,Amare Barno,00-0037043,Questionable,Illness,Did Not Participate In Practice,Amare Barno,QUESTIONABLE
2023,15,CAR,CB,D'Shawn Jamison,00-0038877,Questionable,Illness,Did Not Participate In Practice,D'Shawn Jamison,QUESTIONABLE
2023,15,CAR,S,Xavier Woods,00-0033579,Questionable,Illness,Did Not Participate In Practice,Xavier Woods,QUESTIONABLE
2023,15,CAR,S,Jammie Robinson,00-0038587,Questionable,Finger,Full Participation in Practice,Jammie Robinson,QUESTIONABLE
2023,15,CAR,LB,Brian Burns,00-0035713,Questionable,Ankle,Limited Participation in Practice,Brian Burns,QUESTIONABLE
2023,15,CAR,S,Sam Franklin,00-0036037,Questionable,Illness,Limited Participation in Practice,Sam Franklin,QUESTIONABLE
2023,15,CAR,LB,Yetur Gross-Matos,00-0036288,Questionable,Knee,Limited Participation in Practice,Yetur Gross-Matos,QUESTIONABLE
2023,15,CHI,TE,Marcedes Lewis,00-0024243,,,Did Not Participate In Practice,Marcedes Lewis,
2023,15,CHI,LB,Dylan Cole,00-0033765,,,Full Participation in Practice,Dylan Cole,
2023,15,CHI,LB,Noah Sewell,00-0038390,Out,Knee,Did Not Participate In Practice,Noah Sewell,OUT
2023,15,CHI,WR,Equanimeous St. Brown,00-0034279,Out,Pectoral,Did Not Participate In Practice,Equanimeous St. Brown,OUT
2023,15,CHI,WR,D.J. Moore,00-0034827,Questionable,Ankle,Full Participation in Practice,D.J. Moore,QUESTIONABLE
2023,15,CHI,S,Jaquan Brisker,00-0038135,Questionable,Groin,Limited Participation in Practice,Jaquan Brisker,QUESTIONABLE
2023,15,CIN,CB,Chidobe Awuzie,00-0033548,,,Full Participation in Practice,Chidobe Awuzie,
2023,15,CIN,WR,Tyler Boyd,00-0033009,,,Full Participation in Practice,Tyler Boyd,
2023,15,CIN,QB,Jake Browning,00-0035100,,,Full Participation in Practice,Jake Browning,
2023,15,CIN,WR,Ja'Marr Chase,00-0036900,,,Full Participation in Practice,Ja'Marr Chase,
2023,15,CIN,CB,D.J. Turner,00-0038549,,,Full Participation in Practice,D.J. Turner,
2023,15,CIN,TE,Mitchell Wilcox,00-0035771,,,Full Participation in Practice,Mitchell Wilcox,
2023,15,CIN,T,Jackson Carman,00-0036865,Questionable,Illness,"
    ",Jackson Carman,QUESTIONABLE
2023,15,CIN,TE,Drew Sample,00-0035631,Questionable,Illness,"
    ",Drew Sample,QUESTIONABLE
2023,15,CIN,LB,Joe Bachie,00-0035895,Questionable,Oblique,Limited Participation in Practice,Joe Bachie,QUESTIONABLE
2023,15,CLE,K,Dustin Hopkins,00-0030098,,,Did Not Participate In Practice,Dustin Hopkins,
2023,15,CLE,G,Joel Bitonio,00-0031426,,,Full Participation in Practice,Joel Bitonio,
2023,15,CLE,WR,Amari Cooper,00-0031544,,,Full Participation in Practice,Amari Cooper,
2023,15,CLE,RB,Jerome Ford,00-0037267,,,Full Participation in Practice,Jerome Ford,
2023,15,CLE,DE,Myles Garrett,00-0033868,,,Full Participation in Practice,Myles Garrett,
2023,15,CLE,RB,Kareem Hunt,00-0033923,,,Full Participation in Practice,Kareem Hunt,
2023,15,CLE,TE,David Njoku,00-0033885,,,Full Participation in Practice,David Njoku,
2023,15,CLE,RB,Pierre Strong,00-0038098,,,Full Participation in Practice,Pierre Strong,
2023,15,CLE,LB,Jordan Kunaszyk,00-0035444,Out,Calf,Did Not Participate In Practice,Jordan Kunaszyk,OUT
2023,15,CLE,DE,Ogbonnia Okoronkwo,00-0034807,Out,Pectoral,Did Not Participate In Practice,Ogbonnia Okoronkwo,OUT
2023,15,CLE,C,Ethan Pocic,00-0033901,Out,Stinger,Did Not Participate In Practice,Ethan Pocic,OUT
2023,15,CLE,S,Juan Thornhill,00-0035625,Out,Calf,Did Not Participate In Practice,Juan Thornhill,OUT
2023,15,CLE,DT,Jordan Elliott,00-0036266,Questionable,Concussion,Limited Participation in Practice,Jordan Elliott,QUESTIONABLE
2023,15,CLE,LB,Anthony Walker,00-0033570,Questionable,Not injury related - resting player,Limited Participation in Practice,Anthony Walker,QUESTIONABLE
2023,15,CLE,CB,Denzel Ward,00-0034856,Questionable,Shoulder,Limited Participation in Practice,Denzel Ward,QUESTIONABLE
2023,15,DAL,P,Bryan Anger,00-0029692,,,Did Not Participate In Practice,Bryan Anger,
2023,15,DAL,T,Tyron Smith,00-0027947,,,Did Not Participate In Practice,Tyron Smith,
2023,15,DAL,RB,Rico Dowdle,00-0036139,,,Full Participation in Practice,Rico Dowdle,
2023,15,DAL,LB,Micah Parsons,00-0036932,,,Full Participation in Practice,Micah Parsons,
2023,15,DAL,DE,Demarcus Lawrence,00-0031411,,,Limited Participation in Practice,Demarcus Lawrence,
2023,15,DAL,CB,Jourdan Lewis,00-0033928,,,Limited Participation in Practice,Jourdan Lewis,
2023,15,DAL,G,Zack Martin,00-0031402,,,Limited Participation in Practice,Zack Martin,
2023,15,DAL,DT,Johnathan Hankins,00-0030063,Out,Knee,Did Not Participate In Practice,Johnathan Hankins,OUT
2023,15,DAL,WR,Brandin Cooks,00-0031236,Questionable,Not injury related - resting player,Did Not Participate In Practice,Brandin Cooks,QUESTIONABLE
2023,15,DAL,CB,Stephon Gilmore,00-0029542,Questionable,Not injury related - resting player,Did Not Participate In Practice,Stephon Gilmore,QUESTIONABLE
2023,15,DAL,DE,Viliami Fehoko,00-0038575,Questionable,Knee,Full Participation in Practice,Viliami Fehoko,QUESTIONABLE
2023,15,DAL,T,Matt Waletzko,00-0037266,Questionable,Shoulder,Full Participation in Practice,Matt Waletzko,QUESTIONABLE
2023,15,DAL,S,Malik Hooker,00-0033877,Questionable,Ankle,Limited Participation in Practice,Malik Hooker,QUESTIONABLE
2023,15,DAL,WR,Jalen Tolbert,00-0037666,Questionable,Illness,Limited Participation in Practice,Jalen Tolbert,QUESTIONABLE
2023,15,DEN,DT,Mike Purcell,00-0029890,,,Did Not Participate In Practice,Mike Purcell,
2023,15,DEN,G,Quinn Meinerz,00-0037001,,,Full Participation in Practice,Quinn Meinerz,
2023,15,DEN,RB,Samaje Perine,00-0033526,,,Full Participation in Practice,Samaje Perine,
2023,15,DEN,LB,Jonathon Cooper,00-0036952,,,Limited Participation in Practice,Jonathon Cooper,
2023,15,DEN,TE,Chris Manhertz,00-0031484,,,Limited Participation in Practice,Chris Manhertz,
2023,15,DEN,LB,Nik Bonitto,00-0037249,Out,Knee,Did Not Participate In Practice,Nik Bonitto,OUT
2023,15,DEN,TE,Greg Dulcich,00-0037252,Out,Hamstring,Did Not Participate In Practice,Greg Dulcich,OUT
2023,15,DEN,S,P.J. Locke,00-0035227,Questionable,Neck,Limited Participation in Practice,P.J. Locke,QUESTIONABLE
2023,15,DET,QB,Hendon Hooker,00-0038550,Out,Knee,Full Participation in Practice,Hendon Hooker,OUT
2023,15,DET,T,Taylor Decker,00-0032381,Questionable,Back,Full Participation in Practice,Taylor Decker,QUESTIONABLE
2023,15,DET,DT,Benito Jones,00-0035841,Questionable,Neck,Full Participation in Practice,Benito Jones,QUESTIONABLE
2023,15,DET,C,Frank Ragnow,00-0034345,Questionable,Knee,Full Participation in Practice,Frank Ragnow,QUESTIONABLE
2023,15,DET,WR,Josh Reynolds,00-0033943,Questionable,Back,Limited Participation in Practice,Josh Reynolds,QUESTIONABLE
2023,15,GB,LB,Kingsley Enagbare,00-0037083,,,Limited Participation in Practice,Kingsley Enagbare,
2023,15,GB,G,Elgton Jenkins,00-0035526,,,Limited Participation in Practice,Elgton Jenkins,
2023,15,GB,CB,Keisean Nixon,00-0035133,,,Limited Participation in Practice,Keisean Nixon,
2023,15,GB,S,Jonathan Owens,00-0034485,,,Limited Participation in Practice,Jonathan Owens,
2023,15,GB,WR,Jayden Reed,00-0039146,,,Limited Participation in Practice,Jayden Reed,
2023,15,GB,DT,Tedarrell Slaton,00-0036642,,,Limited Participation in Practice,Tedarrell Slaton,
2023,15,GB,WR,Christian Watson,00-0038124,Doubtful,Hamstring,Did Not Participate In Practice,Christian Watson,DOUBTFUL
2023,15,GB,S,Darnell Savage,00-0034968,Questionable,Shoulder,Did Not Participate In Practice,Darnell Savage,QUESTIONABLE
2023,15,GB,CB,Eric Stokes,00-0036901,Questionable,Hamstring,Full Participation in Practice,Eric Stokes,QUESTIONABLE
2023,15,GB,CB,Jaire Alexander,00-0034728,Questionable,Shoulder,Limited Participation in Practice,Jaire Alexander,QUESTIONABLE
2023,15,GB,RB,A.J. Dillon,00-0036265,Questionable,Thumb,Limited Participation in Practice,A.J. Dillon,QUESTIONABLE
2023,15,GB,RB,Aaron Jones,00-0033293,Questionable,Knee,Limited Participation in Practice,Aaron Jones,QUESTIONABLE
2023,15,GB,DT,Quay Walker,00-0037074,Questionable,Shoulder,Limited Participation in Practice,Quay Walker,QUESTIONABLE
2023,15,GB,WR,Dontayvion Wicks,00-0038393,Questionable,Ankle,Limited Participation in Practice,Dontayvion Wicks,QUESTIONABLE
2023,15,HOU,DT,Maliek Collins,00-0033131,,,Full Participation in Practice,Maliek Collins,
2023,15,HOU,K,Ka'imi Fairbairn,00-0032726,,,Full Participation in Practice,Ka'imi Fairbairn,
2023,15,HOU,TE,Dalton Schultz,00-0034383,,,Full Participation in Practice,Dalton Schultz,
2023,15,HOU,T,Laremy Tunsil,00-0032380,,,Full Participation in Practice,Laremy Tunsil,
2023,15,HOU,WR,Robert Woods,00-0030431,,,Limited Participation in Practice,Robert Woods,
2023,15,HOU,DE,Will Anderson,00-0039108,Out,Ankle,Did Not Participate In Practice,Will Anderson,OUT
2023,15,HOU,LB,Blake Cashman,00-0035276,Out,Hamstring,Did Not Participate In Practice,Blake Cashman,OUT
2023,15,HOU,CB,Tavierre Thomas,00-0034488,Out,Hamstring,Did Not Participate In Practice,Tavierre Thomas,OUT
2023,15,HOU,QB,C.J. Stroud,00-0039163,Doubtful,Concussion,Did Not Participate In Practice,C.J. Stroud,DOUBTFUL
2023,15,HOU,CB,Steven Nelson,00-0032150,Questionable,Wrist,"
    ",Steven Nelson,QUESTIONABLE
2023,15,HOU,WR,Nico Collins,00-0036554,Questionable,Calf,Did Not Participate In Practice,Nico Collins,QUESTIONABLE
2023,15,HOU,T,George Fant,00-0032466,Questionable,Hip,Did Not Participate In Practice,George Fant,QUESTIONABLE
2023,15,HOU,WR,Noah Brown,00-0033591,Questionable,Knee,Limited Participation in Practice,Noah Brown,QUESTIONABLE
2023,15,HOU,G,Shaquille Mason,00-0031580,Questionable,Calf,Limited Participation in Practice,Shaquille Mason,QUESTIONABLE
2023,15,HOU,LB,Henry To'oTo'o,00-0038599,Questionable,Hamstring,Limited Participation in Practice,Henry To'oTo'o,QUESTIONABLE
2023,15,IND,DT,DeForest Buckner,00-0032378,,,Did Not Participate In Practice,DeForest Buckner,
2023,15,IND,CB,Julius Brents,00-0039156,,,Full Participation in Practice,Julius Brents,
2023,15,IND,LB,Zaire Franklin,00-0034431,,,Full Participation in Practice,Zaire Franklin,
2023,15,IND,CB,Jaylon Jones,00-0038407,,,Full Participation in Practice,Jaylon Jones,
2023,15,IND,TE,Will Mallory,00-0038394,,,Full Participation in Practice,Will Mallory,
2023,15,IND,LB,E.J. Speed,00-0034987,,,Full Participation in Practice,E.J. Speed,
2023,15,IND,T,Braden Smith,00-0034836,Out,Knee,Did Not Participate In Practice,Braden Smith,OUT
2023,15,IND,RB,Jonathan Taylor,00-0036223,Out,Thumb,Did Not Participate In Practice,Jonathan Taylor,OUT
2023,15,IND,LB,Segun Olubi,00-0037527,Questionable,Hip,Did Not Participate In Practice,Segun Olubi,QUESTIONABLE
2023,15,JAX,QB,C.J. Beathard,00-0033936,,,Full Participation in Practice,C.J. Beathard,
2023,15,JAX,QB,Trevor Lawrence,00-0036971,,,Full Participation in Practice,Trevor Lawrence,
2023,15,JAX,RB,Travis Etienne,00-0036973,,,Limited Participation in Practice,Travis Etienne,
2023,15,JAX,RB,D'Ernest Johnson,00-0035628,,,Limited Participation in Practice,D'Ernest Johnson,
2023,15,JAX,WR,Zay Jones,00-0033891,,,Limited Participation in Practice,Zay Jones,
2023,15,JAX,CB,Tyson Campbell,00-0036974,Out,Quadricep,Did Not Participate In Practice,Tyson Campbell,OUT
2023,15,JAX,S,Andre Cisco,00-0036941,Out,Groin,Did Not Participate In Practice,Andre Cisco,OUT
2023,15,JAX,LS,Ross Matiscik,00-0035827,Questionable,Back,Did Not Participate In Practice,Ross Matiscik,QUESTIONABLE
2023,15,JAX,WR,Jamal Agnew,00-0033572,Questionable,Shoulder,Limited Participation in Practice,Jamal Agnew,QUESTIONABLE
2023,15,JAX,CB,Christian Braswell,00-0038616,Questionable,Hamstring,Limited Participation in Practice,Christian Braswell,QUESTIONABLE
2023,15,JAX,G,Ezra Cleveland,00-0036327,Questionable,Knee,Limited Participation in Practice,Ezra Cleveland,QUESTIONABLE
2023,15,JAX,CB,Tre Herndon,00-0034516,Questionable,Concussion,Limited Participation in Practice,Tre Herndon,QUESTIONABLE
2023,15,JAX,T,Walker Little,00-0036975,Questionable,Hamstring,Limited Participation in Practice,Walker Little,QUESTIONABLE
2023,15,JAX,TE,Brenton Strange,00-0038935,Questionable,Foot,Limited Participation in Practice,Brenton Strange,QUESTIONABLE
2023,15,KC,LB,Nick Bolton,00-0036621,,,Full Participation in Practice,Nick Bolton,
2023,15,KC,LB,Leo Chenal,00-0037819,,,Full Participation in Practice,Leo Chenal,
2023,15,KC,S,Mike Edwards,00-0035681,,,Full Participation in Practice,Mike Edwards,
2023,15,KC,RB,Jerick McKinnon,00-0031376,,,Full Participation in Practice,Jerick McKinnon,
2023,15,KC,S,Justin Reid,00-0034361,,,Full Participation in Practice,Justin Reid,
2023,15,KC,CB,L'Jarius Sneed,00-0036374,,,Full Participation in Practice,L'Jarius Sneed,
2023,15,KC,WR,Kadarius Toney,00-0036913,,,Full Participation in Practice,Kadarius Toney,
2023,15,KC,LB,Drue Tranquill,00-0035262,,,Full Participation in Practice,Drue Tranquill,
2023,15,KC,RB,Isiah Pacheco,00-0037197,Out,Shoulder,Did Not Participate In Practice,Isiah Pacheco,OUT
2023,15,KC,T,Donovan Smith,00-0032217,Out,Neck,Did Not Participate In Practice,Donovan Smith,OUT
2023,15,KC,WR,Justyn Ross,00-0037216,Doubtful,Returning from Suspension,Full Participation in Practice,Justyn Ross,DOUBTFUL
2023,15,LA,C,Brian Allen,00-0034804,,,Did Not Participate In Practice,Brian Allen,
2023,15,LA,TE,Tyler Higbee,00-0033110,,,Full Participation in Practice,Tyler Higbee,
2023,15,LA,LB,Michael Hoecht,00-0035933,,,Full Participation in Practice,Michael Hoecht,
2023,15,LA,S,Quentin Lake,00-0037841,,,Full Participation in Practice,Quentin Lake,
2023,15,LA,WR,Ben Skowronek,00-0036862,,,Full Participation in Practice,Ben Skowronek,
2023,15,LA,DT,Aaron Donald,00-0031388,Questionable,Groin,Did Not Participate In Practice,Aaron Donald,QUESTIONABLE
2023,15,LA,T,Rob Havenstein,00-0032242,Questionable,Groin,Did Not Participate In Practice,Rob Havenstein,QUESTIONABLE
2023,15,LA,WR,Tutu Atwell,00-0036849,Questionable,Concussion,Full Participation in Practice,Tutu Atwell,QUESTIONABLE
2023,15,LAC,QB,Justin Herbert,00-0036355,,,Did Not Participate In Practice,Justin Herbert,
2023,15,LAC,TE,Gerald Everett,00-0033895,,,Full Participation in Practice,Gerald Everett,
2023,15,LAC,LB,Justin Hollins,00-0035591,,,Full Participation in Practice,Justin Hollins,
2023,15,LAC,G,Zion Johnson,00-0037818,,,Full Participation in Practice,Zion Johnson,
2023,15,LAC,DT,Sebastian Joseph,00-0034810,,,Full Participation in Practice,Sebastian Joseph,
2023,15,LAC,LB,Kenneth Murray,00-0036441,,,Full Participation in Practice,Kenneth Murray,
2023,15,LAC,WR,Josh Palmer,00-0036988,,,Full Participation in Practice,Josh Palmer,
2023,15,LAC,WR,Keenan Allen,00-0030279,Out,Heel,Did Not Participate In Practice,Keenan Allen,OUT
2023,15,LAC,CB,Deane Leonard,00-0037320,Out,Ankle,Did Not Participate In Practice,Deane Leonard,OUT
2023,15,LAC,DT,Otito Ogbonnia,00-0037270,Questionable,Knee,Full Participation in Practice,Otito Ogbonnia,QUESTIONABLE
2023,15,LAC,LB,Amen Ogbongbemiga,00-0036716,Questionable,Hamstring,Limited Participation in Practice,Amen Ogbongbemiga,QUESTIONABLE
2023,15,LAC,TE,Donald Parham,00-0035329,Questionable,Shoulder,Limited Participation in Practice,Donald Parham,QUESTIONABLE
2023,15,LAC,DT,Nicholas Williams,00-0030500,Questionable,Shoulder,Limited Participation in Practice,Nicholas Williams,QUESTIONABLE
2023,15,LV,LB,Kana'i Mauga,00-0037383,,,Did Not Participate In Practice,Kana'i Mauga,
2023,15,LV,LB,Curtis Bolton,00-0035076,,,Full Participation in Practice,Curtis Bolton,
2023,15,LV,CB,Amik Robertson,00-0036375,,,Limited Participation in Practice,Amik Robertson,
2023,15,LV,C,Andre James,00-0035127,Out,Ankle,Did Not Participate In Practice,Andre James,OUT
2023,15,LV,T,Kolton Miller,00-0034759,Out,Shoulder,Did Not Participate In Practice,Kolton Miller,OUT
2023,15,LV,WR,Davante Adams,00-0031381,Questionable,Illness,Did Not Participate In Practice,Davante Adams,QUESTIONABLE
2023,15,LV,RB,Josh Jacobs,00-0035700,Questionable,Quadricep,Did Not Participate In Practice,Josh Jacobs,QUESTIONABLE
2023,15,LV,CB,Brandon Facyson,00-0034545,Questionable,Shin,Full Participation in Practice,Brandon Facyson,QUESTIONABLE
2023,15,LV,DT,Adam Butler,00-0033381,Questionable,Ankle,Limited Participation in Practice,Adam Butler,QUESTIONABLE
2023,15,LV,DE,Maxx Crosby,00-0034973,Questionable,Knee,Limited Participation in Practice,Maxx Crosby,QUESTIONABLE
2023,15,MIA,RB,Raheem Mostert,00-0031687,,,Limited Participation in Practice,Raheem Mostert,
2023,15,MIA,S,DeShon Elliott,00-0034277,Out,Concussion,Did Not Participate In Practice,DeShon Elliott,OUT
2023,15,MIA,G,Robert Hunt,00-0036325,Out,Hamstring,Did Not Participate In Practice,Robert Hunt,OUT
2023,15,MIA,WR,Tyreek Hill,00-0033040,Questionable,Ankle,Did Not Participate In Practice,Tyreek Hill,QUESTIONABLE
2023,15,MIA,RB,Devon Achane,00-0039040,Questionable,Toe,Limited Participation in Practice,Devon Achane,QUESTIONABLE
2023,15,MIA,T,Terron Armstead,00-0030067,Questionable,Knee,Limited Participation in Practice,Terron Armstead,QUESTIONABLE
2023,15,MIA,RB,Christopher Brooks,00-0038685,Questionable,Knee,Limited Participation in Practice,Christopher Brooks,QUESTIONABLE
2023,15,MIA,G,Liam Eichenberg,00-0037010,Questionable,Calf,Limited Participation in Practice,Liam Eichenberg,QUESTIONABLE
2023,15,MIA,S,Jevon Holland,00-0036998,Questionable,Knee,Limited Participation in Practice,Jevon Holland,QUESTIONABLE
2023,15,MIA,CB,Xavien Howard,00-0033050,Questionable,Hip,Limited Participation in Practice,Xavien Howard,QUESTIONABLE
2023,15,MIA,T,Austin Jackson,00-0036248,Questionable,Oblique,Limited Participation in Practice,Austin Jackson,QUESTIONABLE
2023,15,MIA,LB,Andrew Van Ginkel,00-0035272,Questionable,Oblique,Limited Participation in Practice,Andrew Van Ginkel,QUESTIONABLE
2023,15,MIN,G,Ed Ingram,00-0038131,,,Full Participation in Practice,Ed Ingram,
2023,15,MIN,G,Dalton Risner,00-0035702,,,Full Participation in Practice,Dalton Risner,
2023,15,MIN,RB,Alexander Mattison,00-0034972,Out,Ankle,Did Not Participate In Practice,Alexander Mattison,OUT
2023,15,MIN,WR,Jalen Nailor,00-0037291,Out,Concussion,Did Not Participate In Practice,Jalen Nailor,OUT
2023,15,MIN,T,Brian O'Neill,00-0034158,Out,Ankle,Did Not Participate In Practice,Brian O'Neill,OUT
2023,15,MIN,WR,Justin Jefferson,00-0036322,Questionable,Chest,Full Participation in Practice,Justin Jefferson,QUESTIONABLE
2023,15,MIN,G,Chris Reed,00-0031734,Questionable,Illness,Limited Participation in Practice,Chris Reed,QUESTIONABLE
2023,15,NE,S,Brenden Schooler,00-0037205,,,Did Not Participate In Practice,Brenden Schooler,
2023,15,NE,T,Tyrone Wheatley,00-0036966,,,Full Participation in Practice,Tyrone Wheatley,
2023,15,NE,WR,Kayshon Boutte,00-0038608,,,Limited Participation in Practice,Kayshon Boutte,
2023,15,NE,WR,Demario Douglas,00-0038621,,,Limited Participation in Practice,Demario Douglas,
2023,15,NE,RB,Rhamondre Stevenson,00-0036875,Out,Ankle,Did Not Participate In Practice,Rhamondre Stevenson,OUT
2023,15,NE,TE,Pharaoh Brown,00-0033439,Questionable,Foot,"
    ",Pharaoh Brown,QUESTIONABLE
2023,15,NE,DT,Christian Barmore,00-0036981,Questionable,Shoulder,Did Not Participate In Practice,Christian Barmore,QUESTIONABLE
2023,15,NE,T,Trenton Brown,00-0032071,Questionable,Ankle,Did Not Participate In Practice,Trenton Brown,QUESTIONABLE
2023,15,NE,LB,Ja'Whaun Bentley,00-0034385,Questionable,Knee,Limited Participation in Practice,Ja'Whaun Bentley,QUESTIONABLE
2023,15,NE,WR,DeVante Parker,00-0031547,Questionable,Knee,Limited Participation in Practice,DeVante Parker,QUESTIONABLE
2023,15,NE,WR,Matt Slater,00-0026293,Questionable,Groin,Limited Participation in Practice,Matt Slater,QUESTIONABLE
2023,15,NE,WR,JuJu Smith-Schuster,00-0033857,Questionable,Ankle,Limited Participation in Practice,JuJu Smith-Schuster,QUESTIONABLE
2023,15,NE,WR,Tyquan Thornton,00-0038104,Questionable,Hamstring,Limited Participation in Practice,Tyquan Thornton,QUESTIONABLE
2023,15,NO,QB,Taysom Hill,00-0033357,,,Full Participation in Practice,Taysom Hill,
2023,15,NO,G,Andrus Peat,00-0032203,,,Full Participation in Practice,Andrus Peat,
2023,15,NO,TE,Jimmy Graham,00-0027696,,,Limited Participation in Practice,Jimmy Graham,
2023,15,NO,DE,Cameron Jordan,00-0027962,,,Limited Participation in Practice,Cameron Jordan,
2023,15,NO,WR,Rashid Shaheed,00-0037545,,,Limited Participation in Practice,Rashid Shaheed,
2023,15,NO,DE,Isaiah Foskey,00-0039143,Out,Quadricep,Did Not Participate In Practice,Isaiah Foskey,OUT
2023,15,NO,RB,Kendre Miller,00-0038551,Out,Ankle,Did Not Participate In Practice,Kendre Miller,OUT
2023,15,NO,DE,Payton Turner,00-0036926,Out,Toe,Limited Participation in Practice,Payton Turner,OUT
2023,15,NO,WR,Chris Olave,00-0037239,Questionable,Ankle,Did Not Participate In Practice,Chris Olave,QUESTIONABLE
2023,15,NO,T,Ryan Ramczyk,00-0033888,Questionable,Knee,Limited Participation in Practice,Ryan Ramczyk,QUESTIONABLE
2023,15,NO,RB,Jamaal Williams,00-0033948,Questionable,Groin,Limited Participation in Practice,Jamaal Williams,QUESTIONABLE
2023,15,NYG,WR,Parris Campbell,00-0035639,,,Full Participation in Practice,Parris Campbell,
2023,15,NYG,DE,Azeez Ojulari,00-0036552,,,Full Participation in Practice,Azeez Ojulari,
2023,15,NYG,LB,Cam Brown,00-0036400,,,Limited Participation in Practice,Cam Brown,
2023,15,NYG,CB,Cordale Flott,00-0037758,,,Limited Participation in Practice,Cordale Flott,
2023,15,NYG,WR,Wan'Dale Robinson,00-0038117,,,Limited Participation in Practice,Wan'Dale Robinson,
2023,15,NYG,DT,A'Shawn Robinson,00-0032889,,,Limited Participation in Practice,A'Shawn Robinson,
2023,15,NYG,LB,Isaiah Simmons,00-0036356,,,Limited Participation in Practice,Isaiah Simmons,
2023,15,NYG,T,Evan Neal,00-0037612,Doubtful,Ankle,Limited Participation in Practice,Evan Neal,DOUBTFUL
2023,15,NYG,DT,Dexter Lawrence,00-0035683,Questionable,Hamstring,Limited Participation in Practice,Dexter Lawrence,QUESTIONABLE
2023,15,NYG,G,Justin Pugh,00-0030585,Questionable,Calf,Limited Participation in Practice,Justin Pugh,QUESTIONABLE
2023,15,NYG,TE,Darren Waller,00-0031610,Questionable,Hamstring,Limited Participation in Practice,Darren Waller,QUESTIONABLE
2023,15,NYJ,T,Mekhi Becton,00-0036284,,,Full Participation in Practice,Mekhi Becton,
2023,15,NYJ,RB,Breece Hall,00-0038120,,,Full Participation in Practice,Breece Hall,
2023,15,NYJ,DT,Solomon Thomas,00-0033870,,,Full Participation in Practice,Solomon Thomas,
2023,15,NYJ,LB,Quincy Williams,00-0035680,,,Full Participation in Practice,Quincy Williams,
2023,15,NYJ,QB,Zach Wilson,00-0037013,,,Full Participation in Practice,Zach Wilson,
2023,15,NYJ,LB,Zaire Barnes,00-0038399,Out,Hamstring,"
    ",Zaire Barnes,OUT
2023,15,NYJ,WR,Jason Brownlee,00-0038492,Out,Ankle,Did Not Participate In Practice,Jason Brownlee,OUT
2023,15,NYJ,QB,Aaron Rodgers,00-0023459,Out,Achilles,Limited Participation in Practice,Aaron Rodgers,OUT
2023,15,NYJ,T,Carter Warren,00-0039004,Doubtful,Hip,Did Not Participate In Practice,Carter Warren,DOUBTFUL
2023,15,NYJ,DE,Will McDonald,00-0039142,Questionable,Knee,Did Not Participate In Practice,Will McDonald,QUESTIONABLE
2023,15,NYJ,FB,Nick Bawden,00-0034433,Questionable,Knee,Full Participation in Practice,Nick Bawden,QUESTIONABLE
2023,15,NYJ,DE,John Franklin-Myers,00-0034805,Questionable,Ankle,Full Participation in Practice,John Franklin-Myers,QUESTIONABLE
2023,15,NYJ,C,Joe Tippmann,00-0039145,Questionable,Shoulder,Full Participation in Practice,Joe Tippmann,QUESTIONABLE
2023,15,NYJ,T,Max Mitchell,00-0038114,Questionable,Neck,Limited Participation in Practice,Max Mitchell,QUESTIONABLE
2023,15,PHI,QB,Jalen Hurts,00-0036389,,,Did Not Participate In Practice,Jalen Hurts,
2023,15,PHI,DE,Josh Sweat,00-0034381,,,Did Not Participate In Practice,Josh Sweat,
2023,15,PHI,S,Reed Blankenship,00-0037130,,,Full Participation in Practice,Reed Blankenship,
2023,15,PHI,LB,Zach Cunningham,00-0033547,Out,Knee,Did Not Participate In Practice,Zach Cunningham,OUT
2023,15,PHI,G,Cam Jurgens,00-0038112,Out,Pectoral,Did Not Participate In Practice,Cam Jurgens,OUT
2023,15,PHI,CB,Darius Slay,00-0030062,Out,Knee,Did Not Participate In Practice,Darius Slay,OUT
2023,15,PIT,DT,Keeanu Benton,00-0039110,,,Full Participation in Practice,Keeanu Benton,
2023,15,PIT,RB,Najee Harris,00-0036893,,,Full Participation in Practice,Najee Harris,
2023,15,PIT,DT,Cameron Heyward,00-0027969,,,Full Participation in Practice,Cameron Heyward,
2023,15,PIT,LB,Alex Highsmith,00-0036333,,,Full Participation in Practice,Alex Highsmith,
2023,15,PIT,WR,Diontae Johnson,00-0035216,,,Full Participation in Practice,Diontae Johnson,
2023,15,PIT,S,Damontae Kazee,00-0033512,,,Full Participation in Practice,Damontae Kazee,
2023,15,PIT,CB,James Pierre,00-0035795,,,Full Participation in Practice,James Pierre,
2023,15,PIT,LB,Elandon Roberts,00-0032442,,,Full Participation in Practice,Elandon Roberts,
2023,15,PIT,LB,T.J. Watt,00-0033886,,,Full Participation in Practice,T.J. Watt,
2023,15,PIT,QB,Kenny Pickett,00-0038102,Out,Ankle,Did Not Participate In Practice,Kenny Pickett,OUT
2023,15,PIT,G,Isaac Seumalo,00-0032954,Questionable,Shoulder,Did Not Participate In Practice,Isaac Seumalo,QUESTIONABLE
2023,15,SEA,T,Jason Peters,00-0022531,,,Did Not Participate In Practice,Jason Peters,
2023,15,SEA,G,Anthony Bradford,00-0039020,,,Full Participation in Practice,Anthony Bradford,
2023,15,SEA,LB,Jordyn Brooks,00-0036409,,,Full Participation in Practice,Jordyn Brooks,
2023,15,SEA,CB,Tre Brown,00-0036885,,,Full Participation in Practice,Tre Brown,
2023,15,SEA,C,Evan Brown,00-0034495,,,Full Participation in Practice,Evan Brown,
2023,15,SEA,CB,Artie Burns,00-0033103,,,Full Participation in Practice,Artie Burns,
2023,15,SEA,T,Abraham Lucas,00-0037812,,,Full Participation in Practice,Abraham Lucas,
2023,15,SEA,DT,Jarran Reed,00-0032387,,,Full Participation in Practice,Jarran Reed,
2023,15,SEA,LB,Darrell Taylor,00-0036413,,,Full Participation in Practice,Darrell Taylor,
2023,15,SEA,DT,Leonard Williams,00-0031933,,,Full Participation in Practice,Leonard Williams,
2023,15,SEA,S,Jamal Adams,00-0033872,Questionable,Knee,Did Not Participate In Practice,Jamal Adams,QUESTIONABLE
2023,15,SEA,LB,Nick Bellore,00-0028292,Questionable,Knee,Did Not Participate In Practice,Nick Bellore,QUESTIONABLE
2023,15,SEA,WR,D'Wayne Eskridge,00-0036620,Questionable,Ribs,Did Not Participate In Practice,D'Wayne Eskridge,QUESTIONABLE
2023,15,SEA,CB,Devon Witherspoon,00-0039169,Questionable,Hip,Did Not Participate In Practice,Devon Witherspoon,QUESTIONABLE
2023,15,SEA,QB,Geno Smith,00-0030565,Questionable,Groin,Limited Participation in Practice,Geno Smith,QUESTIONABLE
2023,15,SF,CB,Ambry Thomas,00-0037008,,,Did Not Participate In Practice,Ambry Thomas,
2023,15,SF,T,Trent Williams,00-0027857,,,Did Not Participate In Practice,Trent Williams,
2023,15,SF,CB,Darrell Luter,00-0038594,,,Full Participation in Practice,Darrell Luter,
2023,15,SF,DT,Arik Armstead,00-0032164,Out,Foot,Did Not Participate In Practice,Arik Armstead,OUT
2023,15,SF,LB,Oren Burks,00-0034754,Out,Knee,Did Not Participate In Practice,Oren Burks,OUT
2023,15,SF,TE,Ross Dwelley,00-0034073,Out,Ankle,Did Not Participate In Practice,Ross Dwelley,OUT
2023,15,SF,DT,Javon Hargrave,00-0033109,Out,Hamstring,Did Not Participate In Practice,Javon Hargrave,OUT
2023,15,SF,RB,Elijah Mitchell,00-0036567,Out,Knee,Did Not Participate In Practice,Elijah Mitchell,OUT
2023,15,SF,G,Aaron Banks,00-0036551,Questionable,Hip,Limited Participation in Practice,Aaron Banks,QUESTIONABLE
2023,15,SF,G,Spencer Burford,00-0037829,Questionable,Knee,Limited Participation in Practice,Spencer Burford,QUESTIONABLE
2023,15,SF,LB,Dre Greenlaw,00-0034982,Questionable,Hip,Limited Participation in Practice,Dre Greenlaw,QUESTIONABLE
2023,15,SF,CB,Charvarius Ward,00-0034573,Questionable,Groin,Limited Participation in Practice,Charvarius Ward,QUESTIONABLE
2023,15,TB,CB,Carlton Davis,00-0034778,Out,Groin,Did Not Participate In Practice,Carlton Davis,OUT
2023,15,TB,DE,William Gholston,00-0030386,Out,Knee,Did Not Participate In Practice,William Gholston,OUT
2023,15,TB,S,Ryan Neal,00-0034527,Doubtful,Back,Did Not Participate In Practice,Ryan Neal,DOUBTFUL
2023,15,TB,DT,Vita Vea,00-0034773,Doubtful,Toe,Did Not Participate In Practice,Vita Vea,DOUBTFUL
2023,15,TB,CB,Jamel Dean,00-0035699,Questionable,Ankle,Full Participation in Practice,Jamel Dean,QUESTIONABLE
2023,15,TB,WR,Chris Godwin,00-0033921,Questionable,Knee,Full Participation in Practice,Chris Godwin,QUESTIONABLE
2023,15,TB,LS,Zach Triner,00-0033196,Questionable,Elbow,Full Participation in Practice,Zach Triner,QUESTIONABLE
2023,15,TB,LB,Devin White,00-0035707,Questionable,Foot,Full Participation in Practice,Devin White,QUESTIONABLE
2023,15,TEN,RB,Derrick Henry,00-0032764,,,Full Participation in Practice,Derrick Henry,
2023,15,TEN,WR,DeAndre Hopkins,00-0030564,,,Full Participation in Practice,DeAndre Hopkins,
2023,15,TEN,QB,Will Levis,00-0039152,,,Full Participation in Practice,Will Levis,
2023,15,TEN,TE,Kevin Rader,00-0034193,,,Full Participation in Practice,Kevin Rader,
2023,15,TEN,DE,Aaron Brewer,00-0036171,,,Limited Participation in Practice,Aaron Brewer,
2023,15,TEN,CB,Anthony Kendall,00-0038848,,,Limited Participation in Practice,Anthony Kendall,
2023,15,TEN,CB,Sean Murphy-Bunting,00-0035239,,,Limited Participation in Practice,Sean Murphy-Bunting,
2023,15,TEN,TE,Chigoziem Okonkwo,00-0037809,,,Limited Participation in Practice,Chigoziem Okonkwo,
2023,15,TEN,WR,Kyle Philips,00-0037273,Out,Hamstring,Did Not Participate In Practice,Kyle Philips,OUT
2023,15,TEN,DT,Jeffery Simmons,00-0035643,Out,Knee,Did Not Participate In Practice,Jeffery Simmons,OUT
2023,15,TEN,DT,Teair Tart,00-0036181,Out,Not injury related - personal matter,Did Not Participate In Practice,Teair Tart,OUT
2023,15,TEN,TE,Josh Whyle,00-0038589,Out,Knee,Did Not Participate In Practice,Josh Whyle,OUT
2023,15,TEN,DE,Denico Autry,00-0031254,Questionable,Knee,Did Not Participate In Practice,Denico Autry,QUESTIONABLE
2023,15,TEN,WR,Nick Westbrook-Ikhine,00-0036182,Questionable,Illness,Did Not Participate In Practice,Nick Westbrook-Ikhine,QUESTIONABLE
2023,15,TEN,G,Daniel Brunskill,00-0033221,Questionable,Illness,Limited Participation in Practice,Daniel Brunskill,QUESTIONABLE
2023,15,TEN,LB,Jack Gibbens,00-0037596,Questionable,Back,Limited Participation in Practice,Jack Gibbens,QUESTIONABLE
2023,15,TEN,S,K'Von Wallace,00-0036395,Questionable,Quadricep,Limited Participation in Practice,K'Von Wallace,QUESTIONABLE
2023,15,WAS,LB,Jamin Davis,00-0036614,,,Did Not Participate In Practice,Jamin Davis,
2023,15,WAS,G,Saahdiq Charles,00-0036334,,,Full Participation in Practice,Saahdiq Charles,
2023,15,WAS,CB,Emmanuel Forbes,00-0039151,,,Full Participation in Practice,Emmanuel Forbes,
2023,15,WAS,C,Tyler Larsen,00-0030869,,,Full Participation in Practice,Tyler Larsen,
2023,15,WAS,T,Charles Leno,00-0031095,,,Full Participation in Practice,Charles Leno,
2023,15,WAS,TE,Curtis Hodges,00-0037164,Out,Back,Did Not Participate In Practice,Curtis Hodges,OUT
2023,15,WAS,RB,Brian Robinson,00-0037746,Out,Hamstring,Did Not Participate In Practice,Brian Robinson,OUT
2023,15,WAS,DE,James Smith-Williams,00-0036351,Out,Hamstring,Did Not Participate In Practice,James Smith-Williams,OUT
2023,16,ARI,TE,Travis Vokolek,00-0038456,,,Did Not Participate In Practice,Travis Vokolek,
2023,16,ARI,DT,Kevin Strong,00-0035334,,,Full Participation in Practice,Kevin Strong,
2023,16,ARI,WR,Marquise Brown,00-0035662,Out,Heel,Did Not Participate In Practice,Marquise Brown,OUT
2023,16,ARI,CB,Garrett Williams,00-0039007,Out,Knee,Did Not Participate In Practice,Garrett Williams,OUT
2023,16,ARI,CB,Bobby Price,00-0036011,Out,Quadricep,Limited Participation in Practice,Bobby Price,OUT
2023,16,ARI,S,Andre Chachere,00-0034623,Questionable,Shoulder,Limited Participation in Practice,Andre Chachere,QUESTIONABLE
2023,16,ARI,LB,Victor Dimukeje,00-0036896,Questionable,Foot,Limited Participation in Practice,Victor Dimukeje,QUESTIONABLE
2023,16,ARI,WR,Greg Dortch,00-0035500,Questionable,Shoulder,Limited Participation in Practice,Greg Dortch,QUESTIONABLE
2023,16,ARI,CB,Antonio Hamilton,00-0032933,Questionable,Calf,Limited Participation in Practice,Antonio Hamilton,QUESTIONABLE
2023,16,ATL,RB,Cordarrelle Patterson,00-0030578,,,Did Not Participate In Practice,Cordarrelle Patterson,
2023,16,ATL,P,Bradley Pinion,00-0032065,,,Did Not Participate In Practice,Bradley Pinion,
2023,16,ATL,DE,Calais Campbell,00-0026190,,,Full Participation in Practice,Calais Campbell,
2023,16,ATL,C,Drew Dalman,00-0036957,,,Full Participation in Practice,Drew Dalman,
2023,16,ATL,G,Chris Lindstrom,00-0035630,,,Full Participation in Practice,Chris Lindstrom,
2023,16,ATL,T,Jake Matthews,00-0031279,,,Full Participation in Practice,Jake Matthews,
2023,16,ATL,C,Ryan Neuzil,00-0036833,,,Full Participation in Practice,Ryan Neuzil,
2023,16,ATL,FB,Keith Smith,00-0030968,Doubtful,Ankle,Did Not Participate In Practice,Keith Smith,DOUBTFUL
2023,16,ATL,LB,Bud Dupree,00-0032146,Questionable,Back,Limited Participation in Practice,Bud Dupree,QUESTIONABLE
2023,16,ATL,T,Kaleb McGary,00-0035235,Questionable,Knee,Limited Participation in Practice,Kaleb McGary,QUESTIONABLE
2023,16,ATL,DT,David Onyemata,00-0033051,Questionable,Ankle,Limited Participation in Practice,David Onyemata,QUESTIONABLE
2023,16,BAL,WR,Odell Beckham,00-0031235,,,Full Participation in Practice,Odell Beckham,
2023,16,BAL,T,Ronnie Stanley,00-0032965,,,Full Participation in Practice,Ronnie Stanley,
2023,16,BAL,S,Marcus Williams,00-0033894,,,Full Participation in Practice,Marcus Williams,
2023,16,BAL,CB,Jalyn Armour-Davis,00-0038119,Out,Concussion,Did Not Participate In Practice,Jalyn Armour-Davis,OUT
2023,16,BAL,CB,Arthur Maulet,00-0033503,Out,Knee,Did Not Participate In Practice,Arthur Maulet,OUT
2023,16,BAL,WR,Zay Flowers,00-0039064,Questionable,Foot,Full Participation in Practice,Zay Flowers,QUESTIONABLE
2023,16,BAL,LB,Malik Hamm,00-0038448,Questionable,Ankle,Full Participation in Practice,Malik Hamm,QUESTIONABLE
2023,16,BUF,DT,Jordan Phillips,00-0031557,,,Did Not Participate In Practice,Jordan Phillips,
2023,16,BUF,QB,Josh Allen,00-0034857,,,Full Participation in Practice,Josh Allen,
2023,16,BUF,RB,James Cook,00-0037248,,,Full Participation in Practice,James Cook,
2023,16,BUF,LS,Reid Ferguson,00-0032497,,,Full Participation in Practice,Reid Ferguson,
2023,16,BUF,TE,Dawson Knox,00-0035689,,,Full Participation in Practice,Dawson Knox,
2023,16,BUF,P,Sam Martin,00-0030092,,,Full Participation in Practice,Sam Martin,
2023,16,BUF,LB,Von Miller,00-0027940,,,Full Participation in Practice,Von Miller,
2023,16,BUF,DE,Leonard Floyd,00-0033072,,,Limited Participation in Practice,Leonard Floyd,
2023,16,BUF,TE,Dalton Kincaid,00-0038933,,,Limited Participation in Practice,Dalton Kincaid,
2023,16,BUF,WR,Justin Shorter,00-0038590,Out,Hamstring,Full Participation in Practice,Justin Shorter,OUT
2023,16,BUF,S,Micah Hyde,00-0030090,Out,Neck,Limited Participation in Practice,Micah Hyde,OUT
2023,16,BUF,CB,Kaiir Elam,00-0037242,Questionable,Ankle,Full Participation in Practice,Kaiir Elam,QUESTIONABLE
2023,16,BUF,DE,A.J. Epenesa,00-0036192,Questionable,Rib,Limited Participation in Practice,A.J. Epenesa,QUESTIONABLE
2023,16,BUF,RB,Ty Johnson,00-0035537,Questionable,Shoulder,Limited Participation in Practice,Ty Johnson,QUESTIONABLE
2023,16,BUF,DT,DaQuan Jones,00-0031054,Questionable,Pectoral,Limited Participation in Practice,DaQuan Jones,QUESTIONABLE
2023,16,CAR,CB,Troy Hill,00-0031785,,,Did Not Participate In Practice,Troy Hill,
2023,16,CAR,LB,Brian Burns,00-0035713,,,Full Participation in Practice,Brian Burns,
2023,16,CAR,QB,Andy Dalton,00-0027973,,,Full Participation in Practice,Andy Dalton,
2023,16,CAR,LB,Yetur Gross-Matos,00-0036288,,,Full Participation in Practice,Yetur Gross-Matos,
2023,16,CAR,LB,Marquis Haynes,00-0034382,,,Full Participation in Practice,Marquis Haynes,
2023,16,CAR,T,Taylor Moton,00-0033284,,,Full Participation in Practice,Taylor Moton,
2023,16,CAR,TE,Stephen Sullivan,00-0036438,,,Full Participation in Practice,Stephen Sullivan,
2023,16,CAR,S,Xavier Woods,00-0033579,,,Full Participation in Practice,Xavier Woods,
2023,16,CAR,T,David Sharpe,00-0033946,,,Limited Participation in Practice,David Sharpe,
2023,16,CAR,WR,Adam Thielen,00-0030035,,,Limited Participation in Practice,Adam Thielen,
2023,16,CAR,TE,Tommy Tremble,00-0037005,,,Limited Participation in Practice,Tommy Tremble,
2023,16,CAR,LB,Claudin Cherelus,00-0038493,Questionable,Knee,Full Participation in Practice,Claudin Cherelus,QUESTIONABLE
2023,16,CAR,TE,Ian Thomas,00-0034365,Questionable,Ankle,Full Participation in Practice,Ian Thomas,QUESTIONABLE
2023,16,CAR,S,Sam Franklin,00-0036037,Questionable,Quadricep,Limited Participation in Practice,Sam Franklin,QUESTIONABLE
2023,16,CHI,TE,Marcedes Lewis,00-0024243,,,Did Not Participate In Practice,Marcedes Lewis,
2023,16,CHI,CB,Jaylon Jones,00-0037106,,,Full Participation in Practice,Jaylon Jones,
2023,16,CHI,WR,Darnell Mooney,00-0036309,,,Full Participation in Practice,Darnell Mooney,
2023,16,CHI,DE,DeMarcus Walker,00-0033782,,,Full Participation in Practice,DeMarcus Walker,
2023,16,CHI,T,Teven Jenkins,00-0036953,Out,Concussion,Did Not Participate In Practice,Teven Jenkins,OUT
2023,16,CHI,LB,Noah Sewell,00-0038390,Out,Knee,Did Not Participate In Practice,Noah Sewell,OUT
2023,16,CHI,WR,Equanimeous St. Brown,00-0034279,Out,Pectoral,Did Not Participate In Practice,Equanimeous St. Brown,OUT
2023,16,CHI,RB,D'Onta Foreman,00-0033925,Questionable,Not injury related - personal matter,Limited Participation in Practice,D'Onta Foreman,QUESTIONABLE
2023,16,CHI,RB,Travis Homer,00-0035594,Questionable,Hamstring,Limited Participation in Practice,Travis Homer,QUESTIONABLE
2023,16,CHI,TE,Cole Kmet,00-0036290,Questionable,Quadricep,Limited Participation in Practice,Cole Kmet,QUESTIONABLE
2023,16,CIN,LB,Joe Bachie,00-0035895,,,Full Participation in Practice,Joe Bachie,
2023,16,CIN,RB,Chase Brown,00-0038597,,,Full Participation in Practice,Chase Brown,
2023,16,CIN,QB,Jake Browning,00-0035100,,,Full Participation in Practice,Jake Browning,
2023,16,CIN,G,Alex Cappa,00-0034678,,,Full Participation in Practice,Alex Cappa,
2023,16,CIN,T,Jackson Carman,00-0036865,,,Full Participation in Practice,Jackson Carman,
2023,16,CIN,DE,Cam Sample,00-0036850,,,Full Participation in Practice,Cam Sample,
2023,16,CIN,WR,Ja'Marr Chase,00-0036900,Out,Shoulder,Did Not Participate In Practice,Ja'Marr Chase,OUT
2023,16,CLE,LB,Matthew Adams,00-0034424,,,Did Not Participate In Practice,Matthew Adams,
2023,16,CLE,WR,Amari Cooper,00-0031544,,,Did Not Participate In Practice,Amari Cooper,
2023,16,CLE,DE,Za'Darius Smith,00-0031576,,,Did Not Participate In Practice,Za'Darius Smith,
2023,16,CLE,QB,Joe Flacco,00-0026158,,,Full Participation in Practice,Joe Flacco,
2023,16,CLE,RB,Jerome Ford,00-0037267,,,Full Participation in Practice,Jerome Ford,
2023,16,CLE,DE,Myles Garrett,00-0033868,,,Full Participation in Practice,Myles Garrett,
2023,16,CLE,C,Nick Harris,00-0036236,,,Full Participation in Practice,Nick Harris,
2023,16,CLE,RB,Kareem Hunt,00-0033923,,,Full Participation in Practice,Kareem Hunt,
2023,16,CLE,TE,David Njoku,00-0033885,,,Full Participation in Practice,David Njoku,
2023,16,CLE,C,Ethan Pocic,00-0033901,,,Full Participation in Practice,Ethan Pocic,
2023,16,CLE,CB,Denzel Ward,00-0034856,,,Full Participation in Practice,Denzel Ward,
2023,16,CLE,T,Geron Christian,00-0034817,,,Limited Participation in Practice,Geron Christian,
2023,16,CLE,G,Wyatt Teller,00-0034399,,,Limited Participation in Practice,Wyatt Teller,
2023,16,CLE,WR,Cedric Tillman,00-0038979,,,Limited Participation in Practice,Cedric Tillman,
2023,16,CLE,LB,Jordan Kunaszyk,00-0035444,Out,Calf,Did Not Participate In Practice,Jordan Kunaszyk,OUT
2023,16,CLE,DE,Ogbonnia Okoronkwo,00-0034807,Out,Pectoral,Did Not Participate In Practice,Ogbonnia Okoronkwo,OUT
2023,16,CLE,S,Juan Thornhill,00-0035625,Out,Calf,Did Not Participate In Practice,Juan Thornhill,OUT
2023,16,CLE,LB,Anthony Walker,00-0033570,Out,Knee,Did Not Participate In Practice,Anthony Walker,OUT
2023,16,CLE,G,Joel Bitonio,00-0031426,Questionable,Back,Limited Participation in Practice,Joel Bitonio,QUESTIONABLE
2023,16,DAL,CB,Stephon Gilmore,00-0029542,,,Did Not Participate In Practice,Stephon Gilmore,
2023,16,DAL,DE,Demarcus Lawrence,00-0031411,,,Did Not Participate In Practice,Demarcus Lawrence,
2023,16,DAL,RB,Rico Dowdle,00-0036139,,,Full Participation in Practice,Rico Dowdle,
2023,16,DAL,RB,Tony Pollard,00-0035261,,,Full Participation in Practice,Tony Pollard,
2023,16,DAL,WR,Brandin Cooks,00-0031236,,,Limited Participation in Practice,Brandin Cooks,
2023,16,DAL,CB,Jourdan Lewis,00-0033928,,,Limited Participation in Practice,Jourdan Lewis,
2023,16,DAL,DT,Johnathan Hankins,00-0030063,Out,Knee,Did Not Participate In Practice,Johnathan Hankins,OUT
2023,16,DAL,T,Tyron Smith,00-0027947,Doubtful,Back,Did Not Participate In Practice,Tyron Smith,DOUBTFUL
2023,16,DAL,DE,Viliami Fehoko,00-0038575,Questionable,Knee,Full Participation in Practice,Viliami Fehoko,QUESTIONABLE
2023,16,DAL,T,Matt Waletzko,00-0037266,Questionable,Shoulder,Full Participation in Practice,Matt Waletzko,QUESTIONABLE
2023,16,DAL,S,Malik Hooker,00-0033877,Questionable,Ankle,Limited Participation in Practice,Malik Hooker,QUESTIONABLE
2023,16,DAL,G,Zack Martin,00-0031402,Questionable,Thigh,Limited Participation in Practice,Zack Martin,QUESTIONABLE
2023,16,DEN,LB,Jonathon Cooper,00-0036952,,,Full Participation in Practice,Jonathon Cooper,
2023,16,DEN,TE,Chris Manhertz,00-0031484,,,Full Participation in Practice,Chris Manhertz,
2023,16,DEN,RB,Samaje Perine,00-0033526,,,Full Participation in Practice,Samaje Perine,
2023,16,DEN,DT,Mike Purcell,00-0029890,,,Full Participation in Practice,Mike Purcell,
2023,16,DEN,LB,Nik Bonitto,00-0037249,Out,Knee,Did Not Participate In Practice,Nik Bonitto,OUT
2023,16,DEN,TE,Greg Dulcich,00-0037252,Out,Hamstring,Did Not Participate In Practice,Greg Dulcich,OUT
2023,16,DEN,T,Alex Palczewski,00-0038796,Out,Knee,Full Participation in Practice,Alex Palczewski,OUT
2023,16,DET,DT,Levi Onwuzurike,00-0036954,,,Full Participation in Practice,Levi Onwuzurike,
2023,16,DET,C,Frank Ragnow,00-0034345,,,Full Participation in Practice,Frank Ragnow,
2023,16,DET,T,Penei Sewell,00-0036880,,,Full Participation in Practice,Penei Sewell,
2023,16,DET,CB,Jerry Jacobs,00-0036748,Out,Hamstring,Did Not Participate In Practice,Jerry Jacobs,OUT
2023,16,DET,TE,Brock Wright,00-0036754,Out,Hip,Did Not Participate In Practice,Brock Wright,OUT
2023,16,DET,FB,Jason Cabinda,00-0034171,Out,Knee,Limited Participation in Practice,Jason Cabinda,OUT
2023,16,DET,S,Chauncey Gardner-Johnson,00-0035253,Out,Pectoral,Limited Participation in Practice,Chauncey Gardner-Johnson,OUT
2023,16,DET,LB,Derrick Barnes,00-0036964,Doubtful,Shoulder,Limited Participation in Practice,Derrick Barnes,DOUBTFUL
2023,16,GB,T,Caleb Jones,00-0037122,,,Full Participation in Practice,Caleb Jones,
2023,16,GB,LB,Kingsley Enagbare,00-0037083,,,Limited Participation in Practice,Kingsley Enagbare,
2023,16,GB,G,Elgton Jenkins,00-0035526,,,Limited Participation in Practice,Elgton Jenkins,
2023,16,GB,RB,Aaron Jones,00-0033293,,,Limited Participation in Practice,Aaron Jones,
2023,16,GB,S,Jonathan Owens,00-0034485,,,Limited Participation in Practice,Jonathan Owens,
2023,16,GB,LB,Quay Walker,00-0037074,,,Limited Participation in Practice,Quay Walker,
2023,16,GB,LB,De'Vondre Campbell,00-0032401,Out,Neck,Did Not Participate In Practice,De'Vondre Campbell,OUT
2023,16,GB,TE,Luke Musgrave,00-0039144,Out,kidney,Did Not Participate In Practice,Luke Musgrave,OUT
2023,16,GB,S,Darnell Savage,00-0034968,Out,Shoulder,Did Not Participate In Practice,Darnell Savage,OUT
2023,16,GB,WR,Christian Watson,00-0038124,Doubtful,Hamstring,Did Not Participate In Practice,Christian Watson,DOUBTFUL
2023,16,GB,T,Luke Tenuta,00-0037305,Doubtful,Ankle,Limited Participation in Practice,Luke Tenuta,DOUBTFUL
2023,16,GB,RB,Emanuel Wilson,00-0038797,Doubtful,Shoulder,Limited Participation in Practice,Emanuel Wilson,DOUBTFUL
2023,16,GB,WR,Jayden Reed,00-0039146,Questionable,Toe,Did Not Participate In Practice,Jayden Reed,QUESTIONABLE
2023,16,GB,CB,Jaire Alexander,00-0034728,Questionable,Shoulder,Limited Participation in Practice,Jaire Alexander,QUESTIONABLE
2023,16,GB,RB,A.J. Dillon,00-0036265,Questionable,Thumb,Limited Participation in Practice,A.J. Dillon,QUESTIONABLE
2023,16,GB,S,Rudy Ford,00-0033792,Questionable,Back,Limited Participation in Practice,Rudy Ford,QUESTIONABLE
2023,16,GB,CB,Robert Rochell,00-0036904,Questionable,Neck,Limited Participation in Practice,Robert Rochell,QUESTIONABLE
2023,16,GB,DT,Tedarrell Slaton,00-0036642,Questionable,Knee,Limited Participation in Practice,Tedarrell Slaton,QUESTIONABLE
2023,16,GB,WR,Dontayvion Wicks,00-0038393,Questionable,Ankle,Limited Participation in Practice,Dontayvion Wicks,QUESTIONABLE
2023,16,HOU,WR,Noah Brown,00-0033591,,,Full Participation in Practice,Noah Brown,
2023,16,HOU,T,George Fant,00-0032466,,,Full Participation in Practice,George Fant,
2023,16,HOU,TE,Brevin Jordan,00-0036556,,,Full Participation in Practice,Brevin Jordan,
2023,16,HOU,G,Shaquille Mason,00-0031580,,,Full Participation in Practice,Shaquille Mason,
2023,16,HOU,WR,John Metchie,00-0037614,,,Full Participation in Practice,John Metchie,
2023,16,HOU,CB,Steven Nelson,00-0032150,,,Full Participation in Practice,Steven Nelson,
2023,16,HOU,T,Laremy Tunsil,00-0032380,,,Full Participation in Practice,Laremy Tunsil,
2023,16,HOU,S,Jimmie Ward,00-0031298,,,Full Participation in Practice,Jimmie Ward,
2023,16,HOU,WR,Robert Woods,00-0030431,,,Limited Participation in Practice,Robert Woods,
2023,16,HOU,DE,Will Anderson,00-0039108,Out,Ankle,Did Not Participate In Practice,Will Anderson,OUT
2023,16,HOU,LB,Blake Cashman,00-0035276,Out,Hamstring,Did Not Participate In Practice,Blake Cashman,OUT
2023,16,HOU,QB,C.J. Stroud,00-0039163,Out,Concussion,Did Not Participate In Practice,C.J. Stroud,OUT
2023,16,HOU,WR,Nico Collins,00-0036554,Questionable,Calf,Limited Participation in Practice,Nico Collins,QUESTIONABLE
2023,16,HOU,DT,Maliek Collins,00-0033131,Questionable,Hip,Limited Participation in Practice,Maliek Collins,QUESTIONABLE
2023,16,HOU,LB,Denzel Perryman,00-0032103,Questionable,Achilles,Limited Participation in Practice,Denzel Perryman,QUESTIONABLE
2023,16,IND,DT,DeForest Buckner,00-0032378,,,Did Not Participate In Practice,DeForest Buckner,
2023,16,IND,K,Matt Gay,00-0035269,,,Full Participation in Practice,Matt Gay,
2023,16,IND,DT,Eric Johnson,00-0037269,,,Full Participation in Practice,Eric Johnson,
2023,16,IND,RB,Jonathan Taylor,00-0036223,,,Full Participation in Practice,Jonathan Taylor,
2023,16,IND,C,Jack Anderson,00-0036577,Out,Illness,Did Not Participate In Practice,Jack Anderson,OUT
2023,16,IND,LB,Segun Olubi,00-0037527,Out,Hip,Did Not Participate In Practice,Segun Olubi,OUT
2023,16,IND,T,Braden Smith,00-0034836,Out,Knee,Did Not Participate In Practice,Braden Smith,OUT
2023,16,IND,RB,Zack Moss,00-0036251,Questionable,Forearm,Did Not Participate In Practice,Zack Moss,QUESTIONABLE
2023,16,IND,WR,Michael Pittman,00-0036252,Questionable,Shoulder,Limited Participation in Practice,Michael Pittman,QUESTIONABLE
2023,16,JAX,QB,C.J. Beathard,00-0033936,,,Full Participation in Practice,C.J. Beathard,
2023,16,JAX,G,Ezra Cleveland,00-0036327,,,Limited Participation in Practice,Ezra Cleveland,
2023,16,JAX,T,Walker Little,00-0036975,,,Limited Participation in Practice,Walker Little,
2023,16,JAX,CB,Christian Braswell,00-0038616,Questionable,Hamstring,Limited Participation in Practice,Christian Braswell,QUESTIONABLE
2023,16,JAX,CB,Tyson Campbell,00-0036974,Questionable,Quadricep,Limited Participation in Practice,Tyson Campbell,QUESTIONABLE
2023,16,JAX,S,Andre Cisco,00-0036941,Questionable,Groin,Limited Participation in Practice,Andre Cisco,QUESTIONABLE
2023,16,JAX,WR,Zay Jones,00-0033891,Questionable,Knee,Limited Participation in Practice,Zay Jones,QUESTIONABLE
2023,16,JAX,QB,Trevor Lawrence,00-0036971,Questionable,Ankle,Limited Participation in Practice,Trevor Lawrence,QUESTIONABLE
2023,16,JAX,TE,Brenton Strange,00-0038935,Questionable,Foot,Limited Participation in Practice,Brenton Strange,QUESTIONABLE
2023,16,KC,LB,Nick Bolton,00-0036621,,,Full Participation in Practice,Nick Bolton,
2023,16,KC,RB,Clyde Edwards-Helaire,00-0036360,,,Full Participation in Practice,Clyde Edwards-Helaire,
2023,16,KC,LB,Cam Jones,00-0038513,,,Full Participation in Practice,Cam Jones,
2023,16,KC,TE,Travis Kelce,00-0030506,,,Full Participation in Practice,Travis Kelce,
2023,16,KC,T,Wanya Morris,00-0038981,,,Full Participation in Practice,Wanya Morris,
2023,16,KC,RB,Isiah Pacheco,00-0037197,,,Full Participation in Practice,Isiah Pacheco,
2023,16,KC,S,Justin Reid,00-0034361,,,Full Participation in Practice,Justin Reid,
2023,16,KC,WR,Rashee Rice,00-0039067,,,Full Participation in Practice,Rashee Rice,
2023,16,KC,G,Trey Smith,00-0036660,,,Full Participation in Practice,Trey Smith,
2023,16,KC,CB,L'Jarius Sneed,00-0036374,,,Full Participation in Practice,L'Jarius Sneed,
2023,16,KC,RB,Jerick McKinnon,00-0031376,Out,Groin,Did Not Participate In Practice,Jerick McKinnon,OUT
2023,16,KC,T,Donovan Smith,00-0032217,Out,Neck,Did Not Participate In Practice,Donovan Smith,OUT
2023,16,KC,WR,Kadarius Toney,00-0036913,Out,Hip,Did Not Participate In Practice,Kadarius Toney,OUT
2023,16,KC,WR,Mecole Hardman,00-0035140,Out,Thumb,Limited Participation in Practice,Mecole Hardman,OUT
2023,16,LA,WR,Tutu Atwell,00-0036849,,,Full Participation in Practice,Tutu Atwell,
2023,16,LA,T,Rob Havenstein,00-0032242,,,Full Participation in Practice,Rob Havenstein,
2023,16,LA,RB,Ronnie Rivers,00-0037557,,,Full Participation in Practice,Ronnie Rivers,
2023,16,LA,CB,Ahkello Witherspoon,00-0033783,,,Full Participation in Practice,Ahkello Witherspoon,
2023,16,LA,CB,Tre'Vius Tomlinson,00-0039134,Out,Hamstring,Did Not Participate In Practice,Tre'Vius Tomlinson,OUT
2023,16,LA,T,Joseph Noteboom,00-0034803,Questionable,Foot,Did Not Participate In Practice,Joseph Noteboom,QUESTIONABLE
2023,16,LAC,DE,Khalil Mack,00-0031040,,,Did Not Participate In Practice,Khalil Mack,
2023,16,LAC,G,Zion Johnson,00-0037818,,,Full Participation in Practice,Zion Johnson,
2023,16,LAC,LB,Amen Ogbongbemiga,00-0036716,,,Full Participation in Practice,Amen Ogbongbemiga,
2023,16,LAC,T,Trey Pipkins,00-0035688,,,Full Participation in Practice,Trey Pipkins,
2023,16,LAC,WR,Keenan Allen,00-0030279,Out,Heel,Did Not Participate In Practice,Keenan Allen,OUT
2023,16,LAC,DE,Joey Bosa,00-0033156,Out,Foot,Limited Participation in Practice,Joey Bosa,OUT
2023,16,LAC,LB,Tanner Muse,00-0036368,Doubtful,Knee,Full Participation in Practice,Tanner Muse,DOUBTFUL
2023,16,LAC,CB,Deane Leonard,00-0037320,Doubtful,Heel,Limited Participation in Practice,Deane Leonard,DOUBTFUL
2023,16,LAC,CB,Essang Bassey,00-0035862,Questionable,Concussion,Full Participation in Practice,Essang Bassey,QUESTIONABLE
2023,16,LAC,TE,Nick Vannett,00-0032394,Questionable,Back,Limited Participation in Practice,Nick Vannett,QUESTIONABLE
2023,16,LAC,DT,Nicholas Williams,00-0030500,Questionable,Shoulder,Limited Participation in Practice,Nicholas Williams,QUESTIONABLE
2023,16,LV,T,Justin Herron,00-0036163,,,Full Participation in Practice,Justin Herron,
2023,16,LV,DT,Bilal Nichols,00-0034387,,,Full Participation in Practice,Bilal Nichols,
2023,16,LV,LB,Robert Spillane,00-0034720,,,Full Participation in Practice,Robert Spillane,
2023,16,LV,DE,Maxx Crosby,00-0034973,,,Limited Participation in Practice,Maxx Crosby,
2023,16,LV,C,Andre James,00-0035127,,,Limited Participation in Practice,Andre James,
2023,16,LV,G,Dylan Parham,00-0037255,,,Limited Participation in Practice,Dylan Parham,
2023,16,LV,TE,Michael Mayer,00-0039066,Out,Toe,Did Not Participate In Practice,Michael Mayer,OUT
2023,16,LV,RB,Josh Jacobs,00-0035700,Questionable,Quadricep,Did Not Participate In Practice,Josh Jacobs,QUESTIONABLE
2023,16,LV,CB,Brandon Facyson,00-0034545,Questionable,Shin,Full Participation in Practice,Brandon Facyson,QUESTIONABLE
2023,16,LV,TE,Jesper Horsted,00-0035562,Questionable,Hamstring,Limited Participation in Practice,Jesper Horsted,QUESTIONABLE
2023,16,LV,CB,Jack Jones,00-0038039,Questionable,Knee,Limited Participation in Practice,Jack Jones,QUESTIONABLE
2023,16,LV,T,Kolton Miller,00-0034759,Questionable,Shoulder,Limited Participation in Practice,Kolton Miller,QUESTIONABLE
2023,16,LV,WR,D.J. Turner,00-0036527,Questionable,Shoulder,Limited Participation in Practice,D.J. Turner,QUESTIONABLE
2023,16,MIA,RB,Christopher Brooks,00-0038685,,,Full Participation in Practice,Christopher Brooks,
2023,16,MIA,G,Lester Cotton,00-0035117,,,Full Participation in Practice,Lester Cotton,
2023,16,MIA,S,DeShon Elliott,00-0034277,,,Full Participation in Practice,DeShon Elliott,
2023,16,MIA,RB,Raheem Mostert,00-0031687,,,Full Participation in Practice,Raheem Mostert,
2023,16,MIA,LB,Andrew Van Ginkel,00-0035272,,,Full Participation in Practice,Andrew Van Ginkel,
2023,16,MIA,RB,Devon Achane,00-0039040,,,Limited Participation in Practice,Devon Achane,
2023,16,MIA,T,Terron Armstead,00-0030067,,,Limited Participation in Practice,Terron Armstead,
2023,16,MIA,G,Liam Eichenberg,00-0037010,,,Limited Participation in Practice,Liam Eichenberg,
2023,16,MIA,CB,Kader Kohou,00-0037353,,,Limited Participation in Practice,Kader Kohou,
2023,16,MIA,CB,Jalen Ramsey,00-0033055,,,Limited Participation in Practice,Jalen Ramsey,
2023,16,MIA,TE,Durham Smythe,00-0034798,,,Limited Participation in Practice,Durham Smythe,
2023,16,MIA,G,Robert Hunt,00-0036325,Out,Hamstring,Did Not Participate In Practice,Robert Hunt,OUT
2023,16,MIA,S,Elijah Campbell,00-0034248,Questionable,Knee,Limited Participation in Practice,Elijah Campbell,QUESTIONABLE
2023,16,MIA,WR,Tyreek Hill,00-0033040,Questionable,Ankle,Limited Participation in Practice,Tyreek Hill,QUESTIONABLE
2023,16,MIA,S,Jevon Holland,00-0036998,Questionable,Knee,Limited Participation in Practice,Jevon Holland,QUESTIONABLE
2023,16,MIA,CB,Xavien Howard,00-0033050,Questionable,Hip,Limited Participation in Practice,Xavien Howard,QUESTIONABLE
2023,16,MIA,T,Austin Jackson,00-0036248,Questionable,Oblique,Limited Participation in Practice,Austin Jackson,QUESTIONABLE
2023,16,MIA,DE,Emmanuel Ogbah,00-0033073,Questionable,Hamstring,Limited Participation in Practice,Emmanuel Ogbah,QUESTIONABLE
2023,16,MIA,CB,Cam Smith,00-0039133,Questionable,Hamstring,Limited Participation in Practice,Cam Smith,QUESTIONABLE
2023,16,MIN,DT,Sheldon Day,00-0033010,,,Full Participation in Practice,Sheldon Day,
2023,16,MIN,DE,Danielle Hunter,00-0031565,,,Full Participation in Practice,Danielle Hunter,
2023,16,MIN,CB,Byron Murphy,00-0035236,Out,Knee,Did Not Participate In Practice,Byron Murphy,OUT
2023,16,MIN,WR,Jalen Nailor,00-0037291,Out,Concussion,Did Not Participate In Practice,Jalen Nailor,OUT
2023,16,MIN,LB,Jordan Hicks,00-0032129,Questionable,Shin,Full Participation in Practice,Jordan Hicks,QUESTIONABLE
2023,16,MIN,DT,Jonathan Bullard,00-0033093,Questionable,Ankle,Limited Participation in Practice,Jonathan Bullard,QUESTIONABLE
2023,16,MIN,RB,Alexander Mattison,00-0034972,Questionable,Ankle,Limited Participation in Practice,Alexander Mattison,QUESTIONABLE
2023,16,MIN,T,Brian O'Neill,00-0034158,Questionable,Ankle,Limited Participation in Practice,Brian O'Neill,QUESTIONABLE
2023,16,MIN,LB,Ivan Pace,00-0038807,Questionable,Shoulder,Limited Participation in Practice,Ivan Pace,QUESTIONABLE
2023,16,MIN,DT,Harrison Phillips,00-0034782,Questionable,Back,Limited Participation in Practice,Harrison Phillips,QUESTIONABLE
2023,16,NE,S,Cody Davis,00-0029764,,,Did Not Participate In Practice,Cody Davis,
2023,16,NE,T,Tyrone Wheatley,00-0036966,,,Full Participation in Practice,Tyrone Wheatley,
2023,16,NE,S,Jabrill Peppers,00-0033883,Out,Hamstring,Did Not Participate In Practice,Jabrill Peppers,OUT
2023,16,NE,WR,JuJu Smith-Schuster,00-0033857,Out,Ankle,Did Not Participate In Practice,JuJu Smith-Schuster,OUT
2023,16,NE,RB,Rhamondre Stevenson,00-0036875,Out,Ankle,Did Not Participate In Practice,Rhamondre Stevenson,OUT
2023,16,NE,T,Conor McDermott,00-0033300,Questionable,Concussion,Did Not Participate In Practice,Conor McDermott,QUESTIONABLE
2023,16,NE,DT,Christian Barmore,00-0036981,Questionable,Shoulder,Limited Participation in Practice,Christian Barmore,QUESTIONABLE
2023,16,NE,LB,Ja'Whaun Bentley,00-0034385,Questionable,Knee,Limited Participation in Practice,Ja'Whaun Bentley,QUESTIONABLE
2023,16,NE,T,Trenton Brown,00-0032071,Questionable,Ankle,Limited Participation in Practice,Trenton Brown,QUESTIONABLE
2023,16,NE,TE,Hunter Henry,00-0033090,Questionable,Knee,Limited Participation in Practice,Hunter Henry,QUESTIONABLE
2023,16,NE,LB,Anfernee Jennings,00-0036193,Questionable,Illness,Limited Participation in Practice,Anfernee Jennings,QUESTIONABLE
2023,16,NE,CB,Jonathan Jones,00-0032580,Questionable,Knee,Limited Participation in Practice,Jonathan Jones,QUESTIONABLE
2023,16,NE,WR,Matt Slater,00-0026293,Questionable,Hamstring,Limited Participation in Practice,Matt Slater,QUESTIONABLE
2023,16,NE,LB,Jahlani Tavai,00-0035240,Questionable,Ankle,Limited Participation in Practice,Jahlani Tavai,QUESTIONABLE
2023,16,NO,DE,Carl Granderson,00-0035402,,,Full Participation in Practice,Carl Granderson,
2023,16,NO,WR,Chris Olave,00-0037239,,,Full Participation in Practice,Chris Olave,
2023,16,NO,DE,Cameron Jordan,00-0027962,,,Limited Participation in Practice,Cameron Jordan,
2023,16,NO,DE,Isaiah Foskey,00-0039143,Out,Quadricep,Did Not Participate In Practice,Isaiah Foskey,OUT
2023,16,NO,CB,Lonnie Johnson,00-0035244,Out,Knee,Did Not Participate In Practice,Lonnie Johnson,OUT
2023,16,NO,T,Ryan Ramczyk,00-0033888,Out,Knee,Did Not Participate In Practice,Ryan Ramczyk,OUT
2023,16,NO,DE,Payton Turner,00-0036926,Out,Toe,Limited Participation in Practice,Payton Turner,OUT
2023,16,NO,RB,Kendre Miller,00-0038551,Questionable,Ankle,Limited Participation in Practice,Kendre Miller,QUESTIONABLE
2023,16,NYG,RB,Matt Breida,00-0033308,,,Full Participation in Practice,Matt Breida,
2023,16,NYG,LB,Carter Coughlin,00-0036402,,,Full Participation in Practice,Carter Coughlin,
2023,16,NYG,S,Xavier McKinney,00-0036388,,,Full Participation in Practice,Xavier McKinney,
2023,16,NYG,T,Matt Peart,00-0036392,,,Full Participation in Practice,Matt Peart,
2023,16,NYG,G,Justin Pugh,00-0030585,,,Full Participation in Practice,Justin Pugh,
2023,16,NYG,TE,Darren Waller,00-0031610,,,Full Participation in Practice,Darren Waller,
2023,16,NYG,P,Jamie Gillan,00-0035042,,,Limited Participation in Practice,Jamie Gillan,
2023,16,NYG,T,Evan Neal,00-0037612,Out,Ankle,Did Not Participate In Practice,Evan Neal,OUT
2023,16,NYG,DT,Rakeem Nunez-Roches,00-0031957,Out,Knee,Did Not Participate In Practice,Rakeem Nunez-Roches,OUT
2023,16,NYG,RB,Gary Brightwell,00-0036569,Questionable,Hamstring,Full Participation in Practice,Gary Brightwell,QUESTIONABLE
2023,16,NYG,TE,Lawrence Cager,00-0036145,Questionable,Groin,Limited Participation in Practice,Lawrence Cager,QUESTIONABLE
2023,16,NYG,DT,Dexter Lawrence,00-0035683,Questionable,Hamstring,Limited Participation in Practice,Dexter Lawrence,QUESTIONABLE
2023,16,NYG,DT,A'Shawn Robinson,00-0032889,Questionable,Back,Limited Participation in Practice,A'Shawn Robinson,QUESTIONABLE
2023,16,NYJ,T,Mekhi Becton,00-0036284,,,Full Participation in Practice,Mekhi Becton,
2023,16,NYJ,WR,Jason Brownlee,00-0038492,,,Full Participation in Practice,Jason Brownlee,
2023,16,NYJ,DE,Jalyn Holmes,00-0034264,,,Full Participation in Practice,Jalyn Holmes,
2023,16,NYJ,T,Max Mitchell,00-0038114,,,Full Participation in Practice,Max Mitchell,
2023,16,NYJ,DT,Solomon Thomas,00-0033870,,,Full Participation in Practice,Solomon Thomas,
2023,16,NYJ,C,Joe Tippmann,00-0039145,,,Full Participation in Practice,Joe Tippmann,
2023,16,NYJ,T,Carter Warren,00-0039004,,,Full Participation in Practice,Carter Warren,
2023,16,NYJ,LB,Quincy Williams,00-0035680,,,Full Participation in Practice,Quincy Williams,
2023,16,NYJ,QB,Zach Wilson,00-0037013,Out,Concussion,Did Not Participate In Practice,Zach Wilson,OUT
2023,16,NYJ,QB,Aaron Rodgers,00-0023459,Out,Achilles,Limited Participation in Practice,Aaron Rodgers,OUT
2023,16,NYJ,T,Duane Brown,00-0026166,Questionable,Back,Did Not Participate In Practice,Duane Brown,QUESTIONABLE
2023,16,NYJ,DE,John Franklin-Myers,00-0034805,Questionable,Hip,Did Not Participate In Practice,John Franklin-Myers,QUESTIONABLE
2023,16,NYJ,RB,Israel Abanikanda,00-0038389,Questionable,Ankle,Limited Participation in Practice,Israel Abanikanda,QUESTIONABLE
2023,16,NYJ,S,Jordan Whitehead,00-0034374,Questionable,Knee,Limited Participation in Practice,Jordan Whitehead,QUESTIONABLE
2023,16,PHI,G,Cam Jurgens,00-0038112,,,Full Participation in Practice,Cam Jurgens,
2023,16,PHI,WR,DeVonta Smith,00-0036912,,,Limited Participation in Practice,DeVonta Smith,
2023,16,PHI,LB,Zach Cunningham,00-0033547,Out,Knee,Did Not Participate In Practice,Zach Cunningham,OUT
2023,16,PHI,G,Landon Dickerson,00-0037002,Out,Thumb,Did Not Participate In Practice,Landon Dickerson,OUT
2023,16,PHI,CB,Darius Slay,00-0030062,Out,Knee,Did Not Participate In Practice,Darius Slay,OUT
2023,16,PHI,CB,Avonte Maddox,00-0034377,Out,Pectoral,Full Participation in Practice,Avonte Maddox,OUT
2023,16,PHI,LB,Nicholas Morrow,00-0033445,Questionable,Abdomen,Did Not Participate In Practice,Nicholas Morrow,QUESTIONABLE
2023,16,PIT,G,Isaac Seumalo,00-0032954,,,Did Not Participate In Practice,Isaac Seumalo,
2023,16,PIT,TE,Pat Freiermuth,00-0036894,,,Full Participation in Practice,Pat Freiermuth,
2023,16,PIT,RB,Najee Harris,00-0036893,,,Full Participation in Practice,Najee Harris,
2023,16,PIT,DT,Cameron Heyward,00-0027969,,,Full Participation in Practice,Cameron Heyward,
2023,16,PIT,T,Broderick Jones,00-0039109,,,Full Participation in Practice,Broderick Jones,
2023,16,PIT,S,Minkah Fitzpatrick,00-0034789,Out,Knee,Did Not Participate In Practice,Minkah Fitzpatrick,OUT
2023,16,PIT,S,Trenton Thompson,00-0037377,Out,Neck,Did Not Participate In Practice,Trenton Thompson,OUT
2023,16,PIT,QB,Kenny Pickett,00-0038102,Out,Ankle,Limited Participation in Practice,Kenny Pickett,OUT
2023,16,PIT,S,Elijah Riley,00-0036002,Questionable,Ankle,Full Participation in Practice,Elijah Riley,QUESTIONABLE
2023,16,SEA,S,Quandre Diggs,00-0031608,,,Did Not Participate In Practice,Quandre Diggs,
2023,16,SEA,S,Julian Love,00-0034974,,,Did Not Participate In Practice,Julian Love,
2023,16,SEA,LB,Bobby Wagner,00-0029255,,,Did Not Participate In Practice,Bobby Wagner,
2023,16,SEA,LB,Nick Bellore,00-0028292,,,Full Participation in Practice,Nick Bellore,
2023,16,SEA,G,Anthony Bradford,00-0039020,,,Full Participation in Practice,Anthony Bradford,
2023,16,SEA,LB,Jordyn Brooks,00-0036409,,,Full Participation in Practice,Jordyn Brooks,
2023,16,SEA,TE,Noah Fant,00-0035644,,,Full Participation in Practice,Noah Fant,
2023,16,SEA,T,Abraham Lucas,00-0037812,,,Full Participation in Practice,Abraham Lucas,
2023,16,SEA,QB,Geno Smith,00-0030565,,,Full Participation in Practice,Geno Smith,
2023,16,SEA,DT,Leonard Williams,00-0031933,,,Full Participation in Practice,Leonard Williams,
2023,16,SEA,S,Jamal Adams,00-0033872,Out,Knee,Did Not Participate In Practice,Jamal Adams,OUT
2023,16,SEA,LB,Frank Clark,00-0032210,Out,Illness,Did Not Participate In Practice,Frank Clark,OUT
2023,16,SEA,WR,D'Wayne Eskridge,00-0036620,Out,Ribs,Did Not Participate In Practice,D'Wayne Eskridge,OUT
2023,16,SEA,C,Evan Brown,00-0034495,Questionable,Illness,Did Not Participate In Practice,Evan Brown,QUESTIONABLE
2023,16,SEA,CB,Tre Brown,00-0036885,Questionable,Heel,Full Participation in Practice,Tre Brown,QUESTIONABLE
2023,16,SEA,RB,Kenneth Walker,00-0038134,Questionable,Shoulder,Limited Participation in Practice,Kenneth Walker,QUESTIONABLE
2023,16,SEA,CB,Devon Witherspoon,00-0039169,Questionable,Hip,Limited Participation in Practice,Devon Witherspoon,QUESTIONABLE
2023,16,SF,DE,Nick Bosa,00-0035717,,,Did Not Participate In Practice,Nick Bosa,
2023,16,SF,T,Trent Williams,00-0027857,,,Did Not Participate In Practice,Trent Williams,
2023,16,SF,G,Ben Bartch,00-0036272,,,Full Participation in Practice,Ben Bartch,
2023,16,SF,G,Spencer Burford,00-0037829,,,Full Participation in Practice,Spencer Burford,
2023,16,SF,DE,Clelin Ferrell,00-0035692,,,Full Participation in Practice,Clelin Ferrell,
2023,16,SF,CB,Deommodore Lenoir,00-0036563,,,Full Participation in Practice,Deommodore Lenoir,
2023,16,SF,DT,Arik Armstead,00-0032164,Out,Foot,Did Not Participate In Practice,Arik Armstead,OUT
2023,16,SF,LB,Oren Burks,00-0034754,Out,Knee,Did Not Participate In Practice,Oren Burks,OUT
2023,16,SF,TE,Ross Dwelley,00-0034073,Out,Ankle,Did Not Participate In Practice,Ross Dwelley,OUT
2023,16,SF,WR,Jauan Jennings,00-0036259,Out,Concussion,Did Not Participate In Practice,Jauan Jennings,OUT
2023,16,SF,DT,Javon Hargrave,00-0033109,Questionable,Hamstring,Limited Participation in Practice,Javon Hargrave,QUESTIONABLE
2023,16,SF,RB,Elijah Mitchell,00-0036567,Questionable,Knee,Limited Participation in Practice,Elijah Mitchell,QUESTIONABLE
2023,16,TB,CB,Carlton Davis,00-0034778,,,Full Participation in Practice,Carlton Davis,
2023,16,TB,WR,Chris Godwin,00-0033921,,,Full Participation in Practice,Chris Godwin,
2023,16,TB,CB,Josh Hayes,00-0039051,,,Full Participation in Practice,Josh Hayes,
2023,16,TB,S,Ryan Neal,00-0034527,,,Full Participation in Practice,Ryan Neal,
2023,16,TB,DT,Vita Vea,00-0034773,,,Full Participation in Practice,Vita Vea,
2023,16,TB,LB,Devin White,00-0035707,,,Full Participation in Practice,Devin White,
2023,16,TB,WR,Rakim Jarrett,00-0038821,Out,Quadricep,Full Participation in Practice,Rakim Jarrett,OUT
2023,16,TB,S,Antoine Winfield,00-0036411,Questionable,Calf,Did Not Participate In Practice,Antoine Winfield,QUESTIONABLE
2023,16,TB,DE,William Gholston,00-0030386,Questionable,Knee,Limited Participation in Practice,William Gholston,QUESTIONABLE
2023,16,TEN,WR,Nick Westbrook-Ikhine,00-0036182,,,Did Not Participate In Practice,Nick Westbrook-Ikhine,
2023,16,TEN,DE,Denico Autry,00-0031254,,,Full Participation in Practice,Denico Autry,
2023,16,TEN,WR,Treylon Burks,00-0037742,,,Full Participation in Practice,Treylon Burks,
2023,16,TEN,RB,Derrick Henry,00-0032764,,,Full Participation in Practice,Derrick Henry,
2023,16,TEN,WR,DeAndre Hopkins,00-0030564,,,Full Participation in Practice,DeAndre Hopkins,
2023,16,TEN,LB,Arden Key,00-0034825,,,Full Participation in Practice,Arden Key,
2023,16,TEN,LB,Jack Gibbens,00-0037596,Out,Back,Did Not Participate In Practice,Jack Gibbens,OUT
2023,16,TEN,LB,Luke Gifford,00-0035413,Out,Hamstring,Did Not Participate In Practice,Luke Gifford,OUT
2023,16,TEN,S,Amani Hooker,00-0035632,Out,Knee,Did Not Participate In Practice,Amani Hooker,OUT
2023,16,TEN,DE,T.K. McLendon,00-0038850,Out,Shoulder,Did Not Participate In Practice,T.K. McLendon,OUT
2023,16,TEN,CB,Sean Murphy-Bunting,00-0035239,Out,Hip,Did Not Participate In Practice,Sean Murphy-Bunting,OUT
2023,16,TEN,WR,Kyle Philips,00-0037273,Out,Hamstring,Did Not Participate In Practice,Kyle Philips,OUT
2023,16,TEN,DT,Jeffery Simmons,00-0035643,Out,Knee,Did Not Participate In Practice,Jeffery Simmons,OUT
2023,16,TEN,S,K'Von Wallace,00-0036395,Out,Quadricep,Did Not Participate In Practice,K'Von Wallace,OUT
2023,16,TEN,CB,Caleb Farley,00-0036615,Out,Back,Limited Participation in Practice,Caleb Farley,OUT
2023,16,TEN,TE,Chigoziem Okonkwo,00-0037809,Questionable,Illness,Did Not Participate In Practice,Chigoziem Okonkwo,QUESTIONABLE
2023,16,TEN,C,Daniel Brunskill,00-0033221,Questionable,Ankle,Full Participation in Practice,Daniel Brunskill,QUESTIONABLE
2023,16,TEN,TE,Josh Whyle,00-0038589,Questionable,Knee,Full Participation in Practice,Josh Whyle,QUESTIONABLE
2023,16,TEN,C,Aaron Brewer,00-0036171,Questionable,Ankle,Limited Participation in Practice,Aaron Brewer,QUESTIONABLE
2023,16,TEN,QB,Will Levis,00-0039152,Questionable,Ankle,Limited Participation in Practice,Will Levis,QUESTIONABLE
2023,16,TEN,TE,Trevon Wesco,00-0035259,Questionable,Shin,Limited Participation in Practice,Trevon Wesco,QUESTIONABLE
2023,16,WAS,DT,Jonathan Allen,00-0033523,,,Did Not Participate In Practice,Jonathan Allen,
2023,16,WAS,CB,Kendall Fuller,00-0033084,,,Did Not Participate In Practice,Kendall Fuller,
2023,16,WAS,RB,Jonathan Williams,00-0032975,,,Did Not Participate In Practice,Jonathan Williams,
2023,16,WAS,LB,Cody Barton,00-0035672,,,Full Participation in Practice,Cody Barton,
2023,16,WAS,CB,Emmanuel Forbes,00-0039151,,,Full Participation in Practice,Emmanuel Forbes,
2023,16,WAS,DE,Joshua Pryor,00-0038835,,,Full Participation in Practice,Joshua Pryor,
2023,16,WAS,DE,James Smith-Williams,00-0036351,,,Full Participation in Practice,James Smith-Williams,
2023,16,WAS,P,Tress Way,00-0030140,,,Full Participation in Practice,Tress Way,
2023,16,WAS,DT,John Ridgeway,00-0037283,,,Limited Participation in Practice,John Ridgeway,
2023,16,WAS,C,Tyler Larsen,00-0030869,Out,Knee,Did Not Participate In Practice,Tyler Larsen,OUT
2023,16,WAS,T,Charles Leno,00-0031095,Out,Calf,Did Not Participate In Practice,Charles Leno,OUT
2023,16,WAS,RB,Brian Robinson,00-0037746,Out,Hamstring,Did Not Participate In Practice,Brian Robinson,OUT
2023,16,WAS,S,Percy Butler,00-0038100,Questionable,Illness,Did Not Participate In Practice,Percy Butler,QUESTIONABLE
2023,17,ARI,S,Andre Chachere,00-0034623,,,Full Participation in Practice,Andre Chachere,
2023,17,ARI,LB,Zaven Collins,00-0036933,,,Full Participation in Practice,Zaven Collins,
2023,17,ARI,LB,Victor Dimukeje,00-0036896,,,Full Participation in Practice,Victor Dimukeje,
2023,17,ARI,DT,Kevin Strong,00-0035334,,,Full Participation in Practice,Kevin Strong,
2023,17,ARI,WR,Marquise Brown,00-0035662,Out,Heel,Did Not Participate In Practice,Marquise Brown,OUT
2023,17,ARI,DE,Jonathan Ledbetter,00-0035343,Out,Knee,Did Not Participate In Practice,Jonathan Ledbetter,OUT
2023,17,ARI,LB,Trevor Nowaske,00-0038660,Out,not injury related - travel,Did Not Participate In Practice,Trevor Nowaske,OUT
2023,17,ARI,DT,Leki Fotu,00-0036371,Out,Hand,Limited Participation in Practice,Leki Fotu,OUT
2023,17,ARI,CB,Bobby Price,00-0036011,Questionable,Quadricep,Full Participation in Practice,Bobby Price,QUESTIONABLE
2023,17,ARI,QB,Kyler Murray,00-0035228,Questionable,Illness,Limited Participation in Practice,Kyler Murray,QUESTIONABLE
2023,17,ARI,LB,Owen Pappoe,00-0038600,Questionable,Ankle,Limited Participation in Practice,Owen Pappoe,QUESTIONABLE
2023,17,ARI,CB,Garrett Williams,00-0039007,Questionable,Knee,Limited Participation in Practice,Garrett Williams,QUESTIONABLE
2023,17,ATL,DE,Calais Campbell,00-0026190,,,Did Not Participate In Practice,Calais Campbell,
2023,17,ATL,RB,Cordarrelle Patterson,00-0030578,,,Did Not Participate In Practice,Cordarrelle Patterson,
2023,17,ATL,LB,Lorenzo Carter,00-0034360,,,Full Participation in Practice,Lorenzo Carter,
2023,17,ATL,C,Drew Dalman,00-0036957,,,Full Participation in Practice,Drew Dalman,
2023,17,ATL,QB,Taylor Heinicke,00-0031800,,,Full Participation in Practice,Taylor Heinicke,
2023,17,ATL,G,Chris Lindstrom,00-0035630,,,Full Participation in Practice,Chris Lindstrom,
2023,17,ATL,T,Jake Matthews,00-0031279,,,Full Participation in Practice,Jake Matthews,
2023,17,ATL,DT,David Onyemata,00-0033051,,,Full Participation in Practice,David Onyemata,
2023,17,ATL,T,Kaleb McGary,00-0035235,Questionable,Knee,Limited Participation in Practice,Kaleb McGary,QUESTIONABLE
2023,17,BAL,WR,Odell Beckham,00-0031235,,,Did Not Participate In Practice,Odell Beckham,
2023,17,BAL,CB,Arthur Maulet,00-0033503,,,Full Participation in Practice,Arthur Maulet,
2023,17,BAL,G,Patrick Mekari,00-0035112,,,Full Participation in Practice,Patrick Mekari,
2023,17,BAL,LB,Patrick Queen,00-0036323,,,Full Participation in Practice,Patrick Queen,
2023,17,BAL,LB,Roquan Smith,00-0034874,,,Full Participation in Practice,Roquan Smith,
2023,17,BAL,P,Jordan Stout,00-0038094,,,Full Participation in Practice,Jordan Stout,
2023,17,BAL,DE,Broderick Washington,00-0036081,,,Full Participation in Practice,Broderick Washington,
2023,17,BAL,CB,Jalyn Armour-Davis,00-0038119,Out,Concussion,Did Not Participate In Practice,Jalyn Armour-Davis,OUT
2023,17,BAL,S,Kyle Hamilton,00-0038038,Questionable,Knee,Did Not Participate In Practice,Kyle Hamilton,QUESTIONABLE
2023,17,BAL,LB,Del'Shawn Phillips,00-0035202,Questionable,Shoulder,Did Not Participate In Practice,Del'Shawn Phillips,QUESTIONABLE
2023,17,BAL,CB,Brandon Stephens,00-0036987,Questionable,Ankle,Did Not Participate In Practice,Brandon Stephens,QUESTIONABLE
2023,17,BAL,G,Kevin Zeitler,00-0029592,Questionable,Knee,Full Participation in Practice,Kevin Zeitler,QUESTIONABLE
2023,17,BAL,WR,Zay Flowers,00-0039064,Questionable,Calf,Limited Participation in Practice,Zay Flowers,QUESTIONABLE
2023,17,BUF,WR,Stefon Diggs,00-0031588,,,Did Not Participate In Practice,Stefon Diggs,
2023,17,BUF,CB,Cameron Lewis,00-0035357,,,Did Not Participate In Practice,Cameron Lewis,
2023,17,BUF,LS,Reid Ferguson,00-0032497,,,Full Participation in Practice,Reid Ferguson,
2023,17,BUF,DE,Leonard Floyd,00-0033072,,,Full Participation in Practice,Leonard Floyd,
2023,17,BUF,S,Micah Hyde,00-0030090,,,Full Participation in Practice,Micah Hyde,
2023,17,BUF,RB,Ty Johnson,00-0035537,,,Full Participation in Practice,Ty Johnson,
2023,17,BUF,DE,Shaq Lawson,00-0033096,,,Full Participation in Practice,Shaq Lawson,
2023,17,BUF,LB,Von Miller,00-0027940,,,Full Participation in Practice,Von Miller,
2023,17,BUF,LB,Dorian Williams,00-0038557,,,Full Participation in Practice,Dorian Williams,
2023,17,BUF,LB,Terrel Bernard,00-0037254,,,Limited Participation in Practice,Terrel Bernard,
2023,17,BUF,DE,A.J. Epenesa,00-0036192,Questionable,Rib,Full Participation in Practice,A.J. Epenesa,QUESTIONABLE
2023,17,BUF,DT,DaQuan Jones,00-0031054,Questionable,Pectoral,Full Participation in Practice,DaQuan Jones,QUESTIONABLE
2023,17,BUF,WR,Justin Shorter,00-0038590,Questionable,Hamstring,Full Participation in Practice,Justin Shorter,QUESTIONABLE
2023,17,BUF,S,Damar Hamlin,00-0036888,Questionable,Shoulder,Limited Participation in Practice,Damar Hamlin,QUESTIONABLE
2023,17,CAR,WR,Adam Thielen,00-0030035,,,Did Not Participate In Practice,Adam Thielen,
2023,17,CAR,LB,Claudin Cherelus,00-0038493,,,Full Participation in Practice,Claudin Cherelus,
2023,17,CAR,RB,Chuba Hubbard,00-0036555,,,Full Participation in Practice,Chuba Hubbard,
2023,17,CAR,CB,Donte Jackson,00-0034356,,,Full Participation in Practice,Donte Jackson,
2023,17,CAR,G,Nash Jensen,00-0038775,,,Full Participation in Practice,Nash Jensen,
2023,17,CAR,G,Cade Mays,00-0037297,,,Full Participation in Practice,Cade Mays,
2023,17,CAR,T,Taylor Moton,00-0033284,,,Full Participation in Practice,Taylor Moton,
2023,17,CAR,RB,Miles Sanders,00-0035243,,,Full Participation in Practice,Miles Sanders,
2023,17,CAR,TE,Stephen Sullivan,00-0036438,,,Full Participation in Practice,Stephen Sullivan,
2023,17,CAR,TE,Tommy Tremble,00-0037005,,,Full Participation in Practice,Tommy Tremble,
2023,17,CAR,CB,Troy Hill,00-0031785,Out,Concussion,Did Not Participate In Practice,Troy Hill,OUT
2023,17,CAR,LB,Marquis Haynes,00-0034382,Questionable,Back,Full Participation in Practice,Marquis Haynes,QUESTIONABLE
2023,17,CAR,T,Ikem Ekwonu,00-0037229,Questionable,Foot,Limited Participation in Practice,Ikem Ekwonu,QUESTIONABLE
2023,17,CAR,CB,Jaycee Horn,00-0036944,Questionable,Toe,Limited Participation in Practice,Jaycee Horn,QUESTIONABLE
2023,17,CAR,LB,Frankie Luvu,00-0034302,Questionable,Quadricep,Limited Participation in Practice,Frankie Luvu,QUESTIONABLE
2023,17,CHI,TE,Marcedes Lewis,00-0024243,,,Did Not Participate In Practice,Marcedes Lewis,
2023,17,CHI,RB,D'Onta Foreman,00-0033925,,,Full Participation in Practice,D'Onta Foreman,
2023,17,CHI,T,Teven Jenkins,00-0036953,,,Full Participation in Practice,Teven Jenkins,
2023,17,CHI,LB,Noah Sewell,00-0038390,,,Full Participation in Practice,Noah Sewell,
2023,17,CHI,WR,Equanimeous St. Brown,00-0034279,,,Full Participation in Practice,Equanimeous St. Brown,
2023,17,CHI,WR,Darnell Mooney,00-0036309,Out,Concussion,Did Not Participate In Practice,Darnell Mooney,OUT
2023,17,CHI,TE,Cole Kmet,00-0036290,Questionable,Knee,Limited Participation in Practice,Cole Kmet,QUESTIONABLE
2023,17,CHI,C,Lucas Patrick,00-0033082,Questionable,Knee,Limited Participation in Practice,Lucas Patrick,QUESTIONABLE
2023,17,CIN,DE,Cam Sample,00-0036850,,,Full Participation in Practice,Cam Sample,
2023,17,CIN,CB,Cam Taylor-Britt,00-0037753,,,Full Participation in Practice,Cam Taylor-Britt,
2023,17,CIN,TE,Mitchell Wilcox,00-0035771,,,Full Participation in Practice,Mitchell Wilcox,
2023,17,CIN,RB,Joe Mixon,00-0033897,,,Limited Participation in Practice,Joe Mixon,
2023,17,CIN,WR,Ja'Marr Chase,00-0036900,Questionable,Shoulder,Limited Participation in Practice,Ja'Marr Chase,QUESTIONABLE
2023,17,CIN,CB,Jalen Davis,00-0034446,Questionable,Groin,Limited Participation in Practice,Jalen Davis,QUESTIONABLE
2023,17,CLE,QB,Dorian Thompson-Robinson,00-0038583,,,Did Not Participate In Practice,Dorian Thompson-Robinson,
2023,17,CLE,G,Joel Bitonio,00-0031426,,,Full Participation in Practice,Joel Bitonio,
2023,17,CLE,T,Geron Christian,00-0034817,,,Full Participation in Practice,Geron Christian,
2023,17,CLE,CB,Martin Emerson,00-0037250,,,Full Participation in Practice,Martin Emerson,
2023,17,CLE,QB,Joe Flacco,00-0026158,,,Full Participation in Practice,Joe Flacco,
2023,17,CLE,RB,Jerome Ford,00-0037267,,,Full Participation in Practice,Jerome Ford,
2023,17,CLE,DE,Myles Garrett,00-0033868,,,Full Participation in Practice,Myles Garrett,
2023,17,CLE,C,Nick Harris,00-0036236,,,Full Participation in Practice,Nick Harris,
2023,17,CLE,RB,Kareem Hunt,00-0033923,,,Full Participation in Practice,Kareem Hunt,
2023,17,CLE,LB,Jordan Kunaszyk,00-0035444,,,Full Participation in Practice,Jordan Kunaszyk,
2023,17,CLE,TE,David Njoku,00-0033885,,,Full Participation in Practice,David Njoku,
2023,17,CLE,C,Ethan Pocic,00-0033901,,,Full Participation in Practice,Ethan Pocic,
2023,17,CLE,G,Wyatt Teller,00-0034399,,,Full Participation in Practice,Wyatt Teller,
2023,17,CLE,WR,Cedric Tillman,00-0038979,,,Full Participation in Practice,Cedric Tillman,
2023,17,CLE,CB,Denzel Ward,00-0034856,,,Full Participation in Practice,Denzel Ward,
2023,17,CLE,DE,Za'Darius Smith,00-0031576,,,Limited Participation in Practice,Za'Darius Smith,
2023,17,CLE,K,Dustin Hopkins,00-0030098,Out,left Hamstring,Did Not Participate In Practice,Dustin Hopkins,OUT
2023,17,CLE,DE,Ogbonnia Okoronkwo,00-0034807,Out,Pectoral,Did Not Participate In Practice,Ogbonnia Okoronkwo,OUT
2023,17,CLE,LB,Anthony Walker,00-0033570,Out,Knee,Did Not Participate In Practice,Anthony Walker,OUT
2023,17,CLE,P,Corey Bojorquez,00-0034721,Doubtful,left Quadricep,Did Not Participate In Practice,Corey Bojorquez,DOUBTFUL
2023,17,CLE,WR,Amari Cooper,00-0031544,Questionable,Not injury related - resting player,Did Not Participate In Practice,Amari Cooper,QUESTIONABLE
2023,17,CLE,S,Juan Thornhill,00-0035625,Questionable,Calf,Full Participation in Practice,Juan Thornhill,QUESTIONABLE
2023,17,CLE,WR,Marquise Goodwin,00-0030068,Questionable,Knee,Limited Participation in Practice,Marquise Goodwin,QUESTIONABLE
2023,17,DAL,G,Zack Martin,00-0031402,,,Did Not Participate In Practice,Zack Martin,
2023,17,DAL,T,Chuma Edoga,00-0035698,,,Full Participation in Practice,Chuma Edoga,
2023,17,DAL,S,Malik Hooker,00-0033877,,,Full Participation in Practice,Malik Hooker,
2023,17,DAL,RB,Hunter Luepke,00-0038738,,,Full Participation in Practice,Hunter Luepke,
2023,17,DAL,T,Matt Waletzko,00-0037266,,,Full Participation in Practice,Matt Waletzko,
2023,17,DAL,WR,Brandin Cooks,00-0031236,,,Limited Participation in Practice,Brandin Cooks,
2023,17,DAL,CB,Stephon Gilmore,00-0029542,,,Limited Participation in Practice,Stephon Gilmore,
2023,17,DAL,DE,Demarcus Lawrence,00-0031411,,,Limited Participation in Practice,Demarcus Lawrence,
2023,17,DAL,CB,Jourdan Lewis,00-0033928,,,Limited Participation in Practice,Jourdan Lewis,
2023,17,DAL,RB,Rico Dowdle,00-0036139,Out,Ankle,Did Not Participate In Practice,Rico Dowdle,OUT
2023,17,DAL,DT,Johnathan Hankins,00-0030063,Out,Knee,Did Not Participate In Practice,Johnathan Hankins,OUT
2023,17,DAL,DE,Viliami Fehoko,00-0038575,Questionable,Knee,Full Participation in Practice,Viliami Fehoko,QUESTIONABLE
2023,17,DAL,T,Tyron Smith,00-0027947,Questionable,Back,Limited Participation in Practice,Tyron Smith,QUESTIONABLE
2023,17,DEN,LB,Nik Bonitto,00-0037249,,,Full Participation in Practice,Nik Bonitto,
2023,17,DEN,TE,Chris Manhertz,00-0031484,,,Full Participation in Practice,Chris Manhertz,
2023,17,DEN,RB,Samaje Perine,00-0033526,,,Full Participation in Practice,Samaje Perine,
2023,17,DEN,DT,Mike Purcell,00-0029890,,,Full Participation in Practice,Mike Purcell,
2023,17,DEN,S,Justin Simmons,00-0032971,,,Full Participation in Practice,Justin Simmons,
2023,17,DEN,LB,Baron Browning,00-0036995,Out,Concussion,Did Not Participate In Practice,Baron Browning,OUT
2023,17,DEN,TE,Greg Dulcich,00-0037252,Out,Hamstring,Did Not Participate In Practice,Greg Dulcich,OUT
2023,17,DEN,WR,Courtland Sutton,00-0034348,Out,Concussion,Did Not Participate In Practice,Courtland Sutton,OUT
2023,17,DEN,T,Alex Palczewski,00-0038796,Out,Knee,Full Participation in Practice,Alex Palczewski,OUT
2023,17,DEN,WR,Jerry Jeudy,00-0036407,Questionable,Illness,Did Not Participate In Practice,Jerry Jeudy,QUESTIONABLE
2023,17,DEN,WR,Marvin Mims,00-0038976,Questionable,Hamstring,Did Not Participate In Practice,Marvin Mims,QUESTIONABLE
2023,17,DEN,RB,Dwayne Washington,00-0032450,Questionable,Illness,Did Not Participate In Practice,Dwayne Washington,QUESTIONABLE
2023,17,DET,C,Frank Ragnow,00-0034345,,,Did Not Participate In Practice,Frank Ragnow,
2023,17,DET,LB,Derrick Barnes,00-0036964,,,Full Participation in Practice,Derrick Barnes,
2023,17,DET,FB,Jason Cabinda,00-0034171,,,Full Participation in Practice,Jason Cabinda,
2023,17,DET,T,Taylor Decker,00-0032381,,,Full Participation in Practice,Taylor Decker,
2023,17,DET,CB,Jerry Jacobs,00-0036748,,,Full Participation in Practice,Jerry Jacobs,
2023,17,DET,T,Penei Sewell,00-0036880,,,Full Participation in Practice,Penei Sewell,
2023,17,DET,TE,Brock Wright,00-0036754,Out,Hip,Did Not Participate In Practice,Brock Wright,OUT
2023,17,DET,S,Chauncey Gardner-Johnson,00-0035253,Out,Pectoral,Limited Participation in Practice,Chauncey Gardner-Johnson,OUT
2023,17,DET,LB,James Houston,00-0037310,Out,Ankle,Limited Participation in Practice,James Houston,OUT
2023,17,DET,CB,Cameron Sutton,00-0033930,Questionable,Toe,Did Not Participate In Practice,Cameron Sutton,QUESTIONABLE
2023,17,GB,LB,Kingsley Enagbare,00-0037083,,,Full Participation in Practice,Kingsley Enagbare,
2023,17,GB,RB,A.J. Dillon,00-0036265,,,Limited Participation in Practice,A.J. Dillon,
2023,17,GB,G,Elgton Jenkins,00-0035526,,,Limited Participation in Practice,Elgton Jenkins,
2023,17,GB,RB,Aaron Jones,00-0033293,,,Limited Participation in Practice,Aaron Jones,
2023,17,GB,S,Jonathan Owens,00-0034485,,,Limited Participation in Practice,Jonathan Owens,
2023,17,GB,WR,Jayden Reed,00-0039146,,,Limited Participation in Practice,Jayden Reed,
2023,17,GB,LB,Quay Walker,00-0037074,,,Limited Participation in Practice,Quay Walker,
2023,17,GB,CB,Eric Stokes,00-0036901,Out,Hamstring,"
    ",Eric Stokes,OUT
2023,17,GB,LB,De'Vondre Campbell,00-0032401,Doubtful,Neck,Did Not Participate In Practice,De'Vondre Campbell,DOUBTFUL
2023,17,GB,WR,Christian Watson,00-0038124,Doubtful,Hamstring,Did Not Participate In Practice,Christian Watson,DOUBTFUL
2023,17,GB,T,Luke Tenuta,00-0037305,Doubtful,Ankle,Full Participation in Practice,Luke Tenuta,DOUBTFUL
2023,17,GB,RB,Emanuel Wilson,00-0038797,Doubtful,Shoulder,Full Participation in Practice,Emanuel Wilson,DOUBTFUL
2023,17,GB,TE,Luke Musgrave,00-0039144,Doubtful,kidney,Limited Participation in Practice,Luke Musgrave,DOUBTFUL
2023,17,GB,WR,Dontayvion Wicks,00-0038393,Questionable,Chest,Did Not Participate In Practice,Dontayvion Wicks,QUESTIONABLE
2023,17,GB,CB,Robert Rochell,00-0036904,Questionable,Neck,Limited Participation in Practice,Robert Rochell,QUESTIONABLE
2023,17,GB,S,Darnell Savage,00-0034968,Questionable,Shoulder,Limited Participation in Practice,Darnell Savage,QUESTIONABLE
2023,17,GB,DT,Tedarrell Slaton,00-0036642,Questionable,Knee,Limited Participation in Practice,Tedarrell Slaton,QUESTIONABLE
2023,17,HOU,S,Adrian Amos,00-0031584,,,Did Not Participate In Practice,Adrian Amos,
2023,17,HOU,WR,Noah Brown,00-0033591,,,Full Participation in Practice,Noah Brown,
2023,17,HOU,LB,Blake Cashman,00-0035276,,,Full Participation in Practice,Blake Cashman,
2023,17,HOU,WR,Nico Collins,00-0036554,,,Full Participation in Practice,Nico Collins,
2023,17,HOU,G,Shaquille Mason,00-0031580,,,Full Participation in Practice,Shaquille Mason,
2023,17,HOU,DT,Denzel Perryman,00-0032103,,,Full Participation in Practice,Denzel Perryman,
2023,17,HOU,QB,C.J. Stroud,00-0039163,,,Full Participation in Practice,C.J. Stroud,
2023,17,HOU,T,Laremy Tunsil,00-0032380,,,Full Participation in Practice,Laremy Tunsil,
2023,17,HOU,WR,Robert Woods,00-0030431,,,Limited Participation in Practice,Robert Woods,
2023,17,HOU,DE,Jonathan Greenard,00-0036224,Out,Ankle,Did Not Participate In Practice,Jonathan Greenard,OUT
2023,17,HOU,DT,Maliek Collins,00-0033131,Questionable,Hip,Did Not Participate In Practice,Maliek Collins,QUESTIONABLE
2023,17,HOU,CB,Steven Nelson,00-0032150,Questionable,Foot,Did Not Participate In Practice,Steven Nelson,QUESTIONABLE
2023,17,HOU,DE,Will Anderson,00-0039108,Questionable,Ankle,Limited Participation in Practice,Will Anderson,QUESTIONABLE
2023,17,HOU,FB,Andrew Beck,00-0034959,Questionable,Calf,Limited Participation in Practice,Andrew Beck,QUESTIONABLE
2023,17,HOU,DT,Sheldon Rankins,00-0032759,Questionable,Ankle,Limited Participation in Practice,Sheldon Rankins,QUESTIONABLE
2023,17,IND,DT,DeForest Buckner,00-0032378,,,Did Not Participate In Practice,DeForest Buckner,
2023,17,IND,C,Jack Anderson,00-0036577,,,Full Participation in Practice,Jack Anderson,
2023,17,IND,LB,Segun Olubi,00-0037527,,,Full Participation in Practice,Segun Olubi,
2023,17,IND,CB,Ameer Speed,00-0038624,,,Full Participation in Practice,Ameer Speed,
2023,17,IND,RB,Zack Moss,00-0036251,Out,Forearm,Did Not Participate In Practice,Zack Moss,OUT
2023,17,IND,LB,Cameron McGrone,00-0036644,Questionable,Illness,Did Not Participate In Practice,Cameron McGrone,QUESTIONABLE
2023,17,IND,CB,Kenny Moore,00-0033393,Questionable,Back,Did Not Participate In Practice,Kenny Moore,QUESTIONABLE
2023,17,IND,WR,D.J. Montgomery,00-0035045,Questionable,Groin,Full Participation in Practice,D.J. Montgomery,QUESTIONABLE
2023,17,IND,WR,Michael Pittman,00-0036252,Questionable,Concussion,Full Participation in Practice,Michael Pittman,QUESTIONABLE
2023,17,IND,T,Braden Smith,00-0034836,Questionable,Knee,Full Participation in Practice,Braden Smith,QUESTIONABLE
2023,17,JAX,QB,C.J. Beathard,00-0033936,,,Full Participation in Practice,C.J. Beathard,
2023,17,JAX,CB,Christian Braswell,00-0038616,,,Limited Participation in Practice,Christian Braswell,
2023,17,JAX,CB,Tyson Campbell,00-0036974,,,Limited Participation in Practice,Tyson Campbell,
2023,17,JAX,S,Andre Cisco,00-0036941,,,Limited Participation in Practice,Andre Cisco,
2023,17,JAX,G,Ezra Cleveland,00-0036327,,,Limited Participation in Practice,Ezra Cleveland,
2023,17,JAX,T,Walker Little,00-0036975,,,Limited Participation in Practice,Walker Little,
2023,17,JAX,TE,Brenton Strange,00-0038935,,,Limited Participation in Practice,Brenton Strange,
2023,17,JAX,QB,Trevor Lawrence,00-0036971,Out,right Shoulder,Did Not Participate In Practice,Trevor Lawrence,OUT
2023,17,JAX,WR,Zay Jones,00-0033891,Questionable,Knee,Limited Participation in Practice,Zay Jones,QUESTIONABLE
2023,17,JAX,T,Cam Robinson,00-0033889,Questionable,Knee,Limited Participation in Practice,Cam Robinson,QUESTIONABLE
2023,17,KC,LB,Nick Bolton,00-0036621,,,Full Participation in Practice,Nick Bolton,
2023,17,KC,S,Mike Edwards,00-0035681,,,Full Participation in Practice,Mike Edwards,
2023,17,KC,CB,Trent McDuffie,00-0037191,,,Full Participation in Practice,Trent McDuffie,
2023,17,KC,DE,Charles Omenihu,00-0035279,,,Full Participation in Practice,Charles Omenihu,
2023,17,KC,G,Trey Smith,00-0036660,,,Full Participation in Practice,Trey Smith,
2023,17,KC,CB,Jaylen Watson,00-0037195,,,Full Participation in Practice,Jaylen Watson,
2023,17,KC,CB,Joshua Williams,00-0038043,,,Full Participation in Practice,Joshua Williams,
2023,17,KC,T,Donovan Smith,00-0032217,Out,Neck,Did Not Participate In Practice,Donovan Smith,OUT
2023,17,KC,WR,Kadarius Toney,00-0036913,Out,Hip,Did Not Participate In Practice,Kadarius Toney,OUT
2023,17,KC,RB,Clyde Edwards-Helaire,00-0036360,Questionable,Illness,Did Not Participate In Practice,Clyde Edwards-Helaire,QUESTIONABLE
2023,17,KC,CB,L'Jarius Sneed,00-0036374,Questionable,Calf,Did Not Participate In Practice,L'Jarius Sneed,QUESTIONABLE
2023,17,KC,WR,Mecole Hardman,00-0035140,Questionable,Thumb,Full Participation in Practice,Mecole Hardman,QUESTIONABLE
2023,17,KC,RB,Isiah Pacheco,00-0037197,Questionable,Concussion,Limited Participation in Practice,Isiah Pacheco,QUESTIONABLE
2023,17,LA,C,Brian Allen,00-0034804,,,Did Not Participate In Practice,Brian Allen,
2023,17,LA,DT,Aaron Donald,00-0031388,,,Did Not Participate In Practice,Aaron Donald,
2023,17,LA,CB,Tre'Vius Tomlinson,00-0039134,Out,Hamstring,Did Not Participate In Practice,Tre'Vius Tomlinson,OUT
2023,17,LA,T,Alaric Jackson,00-0036603,Questionable,Thigh,Did Not Participate In Practice,Alaric Jackson,QUESTIONABLE
2023,17,LA,LB,Ernest Jones,00-0036994,Questionable,Illness,Did Not Participate In Practice,Ernest Jones,QUESTIONABLE
2023,17,LA,WR,Puka Nacua,00-0039075,Questionable,Hip,Did Not Participate In Practice,Puka Nacua,QUESTIONABLE
2023,17,LA,T,Joseph Noteboom,00-0034803,Questionable,Foot,Limited Participation in Practice,Joseph Noteboom,QUESTIONABLE
2023,17,LAC,DE,Khalil Mack,00-0031040,,,Did Not Participate In Practice,Khalil Mack,
2023,17,LAC,CB,Michael Davis,00-0033697,,,Full Participation in Practice,Michael Davis,
2023,17,LAC,T,Trey Pipkins,00-0035688,,,Full Participation in Practice,Trey Pipkins,
2023,17,LAC,T,Rashawn Slater,00-0037009,,,Full Participation in Practice,Rashawn Slater,
2023,17,LAC,WR,Keenan Allen,00-0030279,Out,Heel,Did Not Participate In Practice,Keenan Allen,OUT
2023,17,LAC,WR,Josh Palmer,00-0036988,Out,Concussion,Did Not Participate In Practice,Josh Palmer,OUT
2023,17,LAC,DE,Joey Bosa,00-0033156,Out,Foot,Limited Participation in Practice,Joey Bosa,OUT
2023,17,LAC,LB,Kenneth Murray,00-0036441,Doubtful,Shoulder,Did Not Participate In Practice,Kenneth Murray,DOUBTFUL
2023,17,LAC,DT,Nicholas Williams,00-0030500,Doubtful,Shoulder,Did Not Participate In Practice,Nicholas Williams,DOUBTFUL
2023,17,LAC,LB,Tanner Muse,00-0036368,Doubtful,Knee,Full Participation in Practice,Tanner Muse,DOUBTFUL
2023,17,LAC,G,Zion Johnson,00-0037818,Questionable,Neck,Did Not Participate In Practice,Zion Johnson,QUESTIONABLE
2023,17,LAC,TE,Nick Vannett,00-0032394,Questionable,Back,Full Participation in Practice,Nick Vannett,QUESTIONABLE
2023,17,LAC,CB,Deane Leonard,00-0037320,Questionable,Heel,Limited Participation in Practice,Deane Leonard,QUESTIONABLE
2023,17,LV,TE,Jesper Horsted,00-0035562,,,Did Not Participate In Practice,Jesper Horsted,
2023,17,LV,G,Greg Van Roten,00-0029685,,,Did Not Participate In Practice,Greg Van Roten,
2023,17,LV,LS,Jacob Bobenmoyer,00-0035757,,,Full Participation in Practice,Jacob Bobenmoyer,
2023,17,LV,DE,Maxx Crosby,00-0034973,,,Limited Participation in Practice,Maxx Crosby,
2023,17,LV,DE,Malcolm Koonce,00-0036989,,,Limited Participation in Practice,Malcolm Koonce,
2023,17,LV,T,Kolton Miller,00-0034759,,,Limited Participation in Practice,Kolton Miller,
2023,17,LV,WR,D.J. Turner,00-0036527,,,Limited Participation in Practice,D.J. Turner,
2023,17,LV,TE,Michael Mayer,00-0039066,Out,Toe,Did Not Participate In Practice,Michael Mayer,OUT
2023,17,LV,RB,Josh Jacobs,00-0035700,Doubtful,Quadricep,Did Not Participate In Practice,Josh Jacobs,DOUBTFUL
2023,17,LV,T,Jermaine Eluemunor,00-0033290,Questionable,Knee,Limited Participation in Practice,Jermaine Eluemunor,QUESTIONABLE
2023,17,LV,C,Andre James,00-0035127,Questionable,Ankle,Limited Participation in Practice,Andre James,QUESTIONABLE
2023,17,MIA,RB,Devon Achane,00-0039040,,,Full Participation in Practice,Devon Achane,
2023,17,MIA,WR,Robbie Chosen,00-0032688,,,Full Participation in Practice,Robbie Chosen,
2023,17,MIA,WR,Tyreek Hill,00-0033040,,,Full Participation in Practice,Tyreek Hill,
2023,17,MIA,QB,Tua Tagovailoa,00-0036212,,,Full Participation in Practice,Tua Tagovailoa,
2023,17,MIA,LB,Andrew Van Ginkel,00-0035272,,,Full Participation in Practice,Andrew Van Ginkel,
2023,17,MIA,T,Terron Armstead,00-0030067,,,Limited Participation in Practice,Terron Armstead,
2023,17,MIA,WR,Jaylen Waddle,00-0036613,Out,Ankle,Did Not Participate In Practice,Jaylen Waddle,OUT
2023,17,MIA,G,Robert Hunt,00-0036325,Doubtful,Hamstring,Limited Participation in Practice,Robert Hunt,DOUBTFUL
2023,17,MIA,G,Lester Cotton,00-0035117,Questionable,Hip,Limited Participation in Practice,Lester Cotton,QUESTIONABLE
2023,17,MIA,G,Liam Eichenberg,00-0037010,Questionable,Calf,Limited Participation in Practice,Liam Eichenberg,QUESTIONABLE
2023,17,MIA,S,Jevon Holland,00-0036998,Questionable,Knee,Limited Participation in Practice,Jevon Holland,QUESTIONABLE
2023,17,MIA,CB,Xavien Howard,00-0033050,Questionable,Hip,Limited Participation in Practice,Xavien Howard,QUESTIONABLE
2023,17,MIA,T,Austin Jackson,00-0036248,Questionable,Oblique,Limited Participation in Practice,Austin Jackson,QUESTIONABLE
2023,17,MIA,RB,Raheem Mostert,00-0031687,Questionable,Knee,Limited Participation in Practice,Raheem Mostert,QUESTIONABLE
2023,17,MIA,CB,Jalen Ramsey,00-0033055,Questionable,Knee,Limited Participation in Practice,Jalen Ramsey,QUESTIONABLE
2023,17,MIN,DT,Sheldon Day,00-0033010,,,Full Participation in Practice,Sheldon Day,
2023,17,MIN,RB,Alexander Mattison,00-0034972,,,Full Participation in Practice,Alexander Mattison,
2023,17,MIN,T,Brian O'Neill,00-0034158,,,Full Participation in Practice,Brian O'Neill,
2023,17,MIN,LB,Ivan Pace,00-0038807,,,Full Participation in Practice,Ivan Pace,
2023,17,MIN,DT,Harrison Phillips,00-0034782,,,Full Participation in Practice,Harrison Phillips,
2023,17,MIN,S,Theo Jackson,00-0037301,Out,Toe,Did Not Participate In Practice,Theo Jackson,OUT
2023,17,MIN,CB,Byron Murphy,00-0035236,Out,Knee,Did Not Participate In Practice,Byron Murphy,OUT
2023,17,MIN,WR,Jalen Nailor,00-0037291,Out,Concussion,Did Not Participate In Practice,Jalen Nailor,OUT
2023,17,MIN,DT,Jaquelin Roy,00-0038584,Out,Ankle,Did Not Participate In Practice,Jaquelin Roy,OUT
2023,17,MIN,WR,Jordan Addison,00-0038994,Questionable,Ankle,Limited Participation in Practice,Jordan Addison,QUESTIONABLE
2023,17,MIN,CB,Mekhi Blackmon,00-0038565,Questionable,Shoulder,Limited Participation in Practice,Mekhi Blackmon,QUESTIONABLE
2023,17,MIN,LB,Troy Dye,00-0036338,Questionable,Wrist,Limited Participation in Practice,Troy Dye,QUESTIONABLE
2023,17,NE,T,Trenton Brown,00-0032071,,,Did Not Participate In Practice,Trenton Brown,
2023,17,NE,RB,Ezekiel Elliott,00-0033045,,,Did Not Participate In Practice,Ezekiel Elliott,
2023,17,NE,CB,Jalen Mills,00-0032803,,,Did Not Participate In Practice,Jalen Mills,
2023,17,NE,T,Tyrone Wheatley,00-0036966,,,Full Participation in Practice,Tyrone Wheatley,
2023,17,NE,LB,Ja'Whaun Bentley,00-0034385,,,Limited Participation in Practice,Ja'Whaun Bentley,
2023,17,NE,WR,Kayshon Boutte,00-0038608,Out,Illness,Did Not Participate In Practice,Kayshon Boutte,OUT
2023,17,NE,WR,JuJu Smith-Schuster,00-0033857,Out,Ankle,Did Not Participate In Practice,JuJu Smith-Schuster,OUT
2023,17,NE,S,Kyle Dugger,00-0036231,Questionable,Illness,Did Not Participate In Practice,Kyle Dugger,QUESTIONABLE
2023,17,NE,DT,Christian Barmore,00-0036981,Questionable,Knee,Limited Participation in Practice,Christian Barmore,QUESTIONABLE
2023,17,NE,CB,Myles Bryant,00-0036087,Questionable,Chest,Limited Participation in Practice,Myles Bryant,QUESTIONABLE
2023,17,NE,TE,Hunter Henry,00-0033090,Questionable,Knee,Limited Participation in Practice,Hunter Henry,QUESTIONABLE
2023,17,NE,LB,Anfernee Jennings,00-0036193,Questionable,Knee,Limited Participation in Practice,Anfernee Jennings,QUESTIONABLE
2023,17,NE,CB,Jonathan Jones,00-0032580,Questionable,Knee,Limited Participation in Practice,Jonathan Jones,QUESTIONABLE
2023,17,NE,S,Jabrill Peppers,00-0033883,Questionable,Hamstring,Limited Participation in Practice,Jabrill Peppers,QUESTIONABLE
2023,17,NE,WR,Matt Slater,00-0026293,Questionable,Hamstring,Limited Participation in Practice,Matt Slater,QUESTIONABLE
2023,17,NE,CB,Shaun Wade,00-0036559,Questionable,Hip,Limited Participation in Practice,Shaun Wade,QUESTIONABLE
2023,17,NO,S,Jordan Howden,00-0038588,,,Full Participation in Practice,Jordan Howden,
2023,17,NO,TE,Jimmy Graham,00-0027696,,,Limited Participation in Practice,Jimmy Graham,
2023,17,NO,DE,Cameron Jordan,00-0027962,,,Limited Participation in Practice,Cameron Jordan,
2023,17,NO,C,Erik McCoy,00-0035242,,,Limited Participation in Practice,Erik McCoy,
2023,17,NO,WR,Chris Olave,00-0037239,,,Limited Participation in Practice,Chris Olave,
2023,17,NO,CB,Lonnie Johnson,00-0035244,Out,Knee,Did Not Participate In Practice,Lonnie Johnson,OUT
2023,17,NO,T,Ryan Ramczyk,00-0033888,Out,Knee,Did Not Participate In Practice,Ryan Ramczyk,OUT
2023,17,NO,P,Lou Hedley,00-0038906,Questionable,Illness,Did Not Participate In Practice,Lou Hedley,QUESTIONABLE
2023,17,NO,RB,Alvin Kamara,00-0033906,Questionable,Illness,Did Not Participate In Practice,Alvin Kamara,QUESTIONABLE
2023,17,NO,DE,Isaiah Foskey,00-0039143,Questionable,Quadricep,Limited Participation in Practice,Isaiah Foskey,QUESTIONABLE
2023,17,NO,RB,Kendre Miller,00-0038551,Questionable,Ankle,Limited Participation in Practice,Kendre Miller,QUESTIONABLE
2023,17,NO,DE,Payton Turner,00-0036926,Questionable,Toe,Limited Participation in Practice,Payton Turner,QUESTIONABLE
2023,17,NYG,RB,Saquon Barkley,00-0034844,,,Full Participation in Practice,Saquon Barkley,
2023,17,NYG,G,Ben Bredeson,00-0036132,,,Full Participation in Practice,Ben Bredeson,
2023,17,NYG,CB,Adoree' Jackson,00-0033878,,,Full Participation in Practice,Adoree' Jackson,
2023,17,NYG,G,Justin Pugh,00-0030585,,,Full Participation in Practice,Justin Pugh,
2023,17,NYG,C,John Michael Schmitz,00-0039019,,,Full Participation in Practice,John Michael Schmitz,
2023,17,NYG,TE,Darren Waller,00-0031610,,,Full Participation in Practice,Darren Waller,
2023,17,NYG,P,Jamie Gillan,00-0035042,,,Limited Participation in Practice,Jamie Gillan,
2023,17,NYG,DT,Dexter Lawrence,00-0035683,,,Limited Participation in Practice,Dexter Lawrence,
2023,17,NYG,DT,Rakeem Nunez-Roches,00-0031957,,,Limited Participation in Practice,Rakeem Nunez-Roches,
2023,17,NYG,DT,A'Shawn Robinson,00-0032889,,,Limited Participation in Practice,A'Shawn Robinson,
2023,17,NYG,TE,Lawrence Cager,00-0036145,Doubtful,Groin,Limited Participation in Practice,Lawrence Cager,DOUBTFUL
2023,17,NYG,CB,Deonte Banks,00-0039000,Questionable,Shoulder,Limited Participation in Practice,Deonte Banks,QUESTIONABLE
2023,17,NYG,WR,Wan'Dale Robinson,00-0038117,Questionable,Quadricep,Limited Participation in Practice,Wan'Dale Robinson,QUESTIONABLE
2023,17,NYJ,S,Ashtyn Davis,00-0036329,,,Full Participation in Practice,Ashtyn Davis,
2023,17,NYJ,DE,John Franklin-Myers,00-0034805,,,Full Participation in Practice,John Franklin-Myers,
2023,17,NYJ,CB,Justin Hardee,00-0033770,,,Full Participation in Practice,Justin Hardee,
2023,17,NYJ,QB,Trevor Siemian,00-0032156,,,Full Participation in Practice,Trevor Siemian,
2023,17,NYJ,T,Duane Brown,00-0026166,Out,Back,Did Not Participate In Practice,Duane Brown,OUT
2023,17,NYJ,QB,Aaron Rodgers,00-0023459,Out,Achilles,Did Not Participate In Practice,Aaron Rodgers,OUT
2023,17,NYJ,TE,Jeremy Ruckert,00-0037805,Out,Concussion,Did Not Participate In Practice,Jeremy Ruckert,OUT
2023,17,NYJ,QB,Zach Wilson,00-0037013,Out,Concussion,Did Not Participate In Practice,Zach Wilson,OUT
2023,17,NYJ,WR,Allen Lazard,00-0034521,Questionable,Illness,Did Not Participate In Practice,Allen Lazard,QUESTIONABLE
2023,17,NYJ,RB,Israel Abanikanda,00-0038389,Questionable,Ankle,Limited Participation in Practice,Israel Abanikanda,QUESTIONABLE
2023,17,NYJ,K,Greg Zuerlein,00-0029621,Questionable,right Quadricep,Limited Participation in Practice,Greg Zuerlein,QUESTIONABLE
2023,17,PHI,G,Landon Dickerson,00-0037002,,,Full Participation in Practice,Landon Dickerson,
2023,17,PHI,CB,Avonte Maddox,00-0034377,,,Full Participation in Practice,Avonte Maddox,
2023,17,PHI,LB,Nicholas Morrow,00-0033445,,,Limited Participation in Practice,Nicholas Morrow,
2023,17,PHI,CB,Darius Slay,00-0030062,Out,Knee,Did Not Participate In Practice,Darius Slay,OUT
2023,17,PHI,LB,Zach Cunningham,00-0033547,Questionable,Knee,Limited Participation in Practice,Zach Cunningham,QUESTIONABLE
2023,17,PHI,TE,Albert Okwuegbunam,00-0036423,Questionable,Hamstring,Limited Participation in Practice,Albert Okwuegbunam,QUESTIONABLE
2023,17,PIT,G,Isaac Seumalo,00-0032954,,,Did Not Participate In Practice,Isaac Seumalo,
2023,17,PIT,RB,Najee Harris,00-0036893,,,Full Participation in Practice,Najee Harris,
2023,17,PIT,S,Minkah Fitzpatrick,00-0034789,Out,Knee,Did Not Participate In Practice,Minkah Fitzpatrick,OUT
2023,17,PIT,LB,Elandon Roberts,00-0032442,Out,Pectoral,Did Not Participate In Practice,Elandon Roberts,OUT
2023,17,PIT,S,Trenton Thompson,00-0037377,Out,Neck,Did Not Participate In Practice,Trenton Thompson,OUT
2023,17,PIT,QB,Kenny Pickett,00-0038102,Questionable,Ankle,Limited Participation in Practice,Kenny Pickett,QUESTIONABLE
2023,17,SEA,DT,Jarran Reed,00-0032387,,,Did Not Participate In Practice,Jarran Reed,
2023,17,SEA,LB,Bobby Wagner,00-0029255,,,Did Not Participate In Practice,Bobby Wagner,
2023,17,SEA,WR,Jake Bobo,00-0038752,,,Full Participation in Practice,Jake Bobo,
2023,17,SEA,G,Anthony Bradford,00-0039020,,,Full Participation in Practice,Anthony Bradford,
2023,17,SEA,CB,Tre Brown,00-0036885,,,Full Participation in Practice,Tre Brown,
2023,17,SEA,TE,Noah Fant,00-0035644,,,Full Participation in Practice,Noah Fant,
2023,17,SEA,DE,Dre'Mont Jones,00-0035678,,,Full Participation in Practice,Dre'Mont Jones,
2023,17,SEA,G,Damien Lewis,00-0036417,,,Full Participation in Practice,Damien Lewis,
2023,17,SEA,WR,Jaxon Smith-Njigba,00-0038543,,,Full Participation in Practice,Jaxon Smith-Njigba,
2023,17,SEA,DT,Leonard Williams,00-0031933,,,Full Participation in Practice,Leonard Williams,
2023,17,SEA,S,Quandre Diggs,00-0031608,,,Limited Participation in Practice,Quandre Diggs,
2023,17,SEA,WR,Tyler Lockett,00-0032211,,,Limited Participation in Practice,Tyler Lockett,
2023,17,SEA,T,Abraham Lucas,00-0037812,,,Limited Participation in Practice,Abraham Lucas,
2023,17,SEA,S,Jamal Adams,00-0033872,Out,Knee,Did Not Participate In Practice,Jamal Adams,OUT
2023,17,SEA,LB,Frank Clark,00-0032210,Out,Not injury related - resting player,Did Not Participate In Practice,Frank Clark,OUT
2023,17,SEA,DE,Mario Edwards,00-0032265,Out,Knee,Did Not Participate In Practice,Mario Edwards,OUT
2023,17,SEA,WR,D'Wayne Eskridge,00-0036620,Out,Ribs,Did Not Participate In Practice,D'Wayne Eskridge,OUT
2023,17,SEA,T,Jason Peters,00-0022531,Out,Foot,Did Not Participate In Practice,Jason Peters,OUT
2023,17,SEA,LB,Nick Bellore,00-0028292,Questionable,Knee,Did Not Participate In Practice,Nick Bellore,QUESTIONABLE
2023,17,SEA,WR,DK Metcalf,00-0035640,Questionable,Back,Did Not Participate In Practice,DK Metcalf,QUESTIONABLE
2023,17,SEA,LB,Jordyn Brooks,00-0036409,Questionable,Ankle,Limited Participation in Practice,Jordyn Brooks,QUESTIONABLE
2023,17,SEA,RB,Kenneth Walker,00-0038134,Questionable,Shoulder,Limited Participation in Practice,Kenneth Walker,QUESTIONABLE
2023,17,SEA,CB,Devon Witherspoon,00-0039169,Questionable,Hip,Limited Participation in Practice,Devon Witherspoon,QUESTIONABLE
2023,17,SF,RB,Christian McCaffrey,00-0033280,,,Did Not Participate In Practice,Christian McCaffrey,
2023,17,SF,LB,Oren Burks,00-0034754,,,Full Participation in Practice,Oren Burks,
2023,17,SF,LB,Dre Greenlaw,00-0034982,,,Full Participation in Practice,Dre Greenlaw,
2023,17,SF,DT,Javon Hargrave,00-0033109,,,Full Participation in Practice,Javon Hargrave,
2023,17,SF,RB,Elijah Mitchell,00-0036567,,,Full Participation in Practice,Elijah Mitchell,
2023,17,SF,QB,Brock Purdy,00-0037834,,,Full Participation in Practice,Brock Purdy,
2023,17,SF,WR,Deebo Samuel,00-0035719,,,Full Participation in Practice,Deebo Samuel,
2023,17,SF,T,Trent Williams,00-0027857,,,Full Participation in Practice,Trent Williams,
2023,17,SF,DT,Arik Armstead,00-0032164,Out,Foot,Did Not Participate In Practice,Arik Armstead,OUT
2023,17,SF,S,Ji'Ayir Brown,00-0038554,Out,Knee,Did Not Participate In Practice,Ji'Ayir Brown,OUT
2023,17,SF,TE,Ross Dwelley,00-0034073,Out,Ankle,Did Not Participate In Practice,Ross Dwelley,OUT
2023,17,SF,WR,Jauan Jennings,00-0036259,Out,Concussion,Did Not Participate In Practice,Jauan Jennings,OUT
2023,17,SF,T,Jaylon Moore,00-0036557,Out,Concussion,Did Not Participate In Practice,Jaylon Moore,OUT
2023,17,SF,G,Aaron Banks,00-0036551,Questionable,Toe,Did Not Participate In Practice,Aaron Banks,QUESTIONABLE
2023,17,SF,LB,Demetrius Flannigan-Fowles,00-0035020,Questionable,Illness,Did Not Participate In Practice,Demetrius Flannigan-Fowles,QUESTIONABLE
2023,17,SF,RB,Jordan Mason,00-0037525,Questionable,Illness,Did Not Participate In Practice,Jordan Mason,QUESTIONABLE
2023,17,SF,WR,Danny Gray,00-0037828,Questionable,Shoulder,Full Participation in Practice,Danny Gray,QUESTIONABLE
2023,17,SF,CB,Ambry Thomas,00-0037008,Questionable,Knee,Limited Participation in Practice,Ambry Thomas,QUESTIONABLE
2023,17,TB,LB,Cam Gill,00-0036045,,,Did Not Participate In Practice,Cam Gill,
2023,17,TB,LB,Shaquil Barrett,00-0031101,Out,Groin,Did Not Participate In Practice,Shaquil Barrett,OUT
2023,17,TB,CB,Carlton Davis,00-0034778,Out,Concussion,Did Not Participate In Practice,Carlton Davis,OUT
2023,17,TB,TE,Ko Kieft,00-0037311,Out,Shoulder,Did Not Participate In Practice,Ko Kieft,OUT
2023,17,TB,DT,Mike Greene,00-0037627,Out,Calf,Full Participation in Practice,Mike Greene,OUT
2023,17,TB,WR,Rakim Jarrett,00-0038821,Out,Quadricep,Full Participation in Practice,Rakim Jarrett,OUT
2023,17,TEN,DE,Denico Autry,00-0031254,,,Full Participation in Practice,Denico Autry,
2023,17,TEN,C,Daniel Brunskill,00-0033221,,,Full Participation in Practice,Daniel Brunskill,
2023,17,TEN,WR,Colton Dowell,00-0038632,,,Full Participation in Practice,Colton Dowell,
2023,17,TEN,T,Jaelyn Duncan,00-0038607,,,Full Participation in Practice,Jaelyn Duncan,
2023,17,TEN,RB,Derrick Henry,00-0032764,,,Full Participation in Practice,Derrick Henry,
2023,17,TEN,WR,DeAndre Hopkins,00-0030564,,,Full Participation in Practice,DeAndre Hopkins,
2023,17,TEN,QB,Will Levis,00-0039152,,,Full Participation in Practice,Will Levis,
2023,17,TEN,DE,T.K. McLendon,00-0038850,,,Full Participation in Practice,T.K. McLendon,
2023,17,TEN,CB,Sean Murphy-Bunting,00-0035239,,,Full Participation in Practice,Sean Murphy-Bunting,
2023,17,TEN,WR,Kyle Philips,00-0037273,,,Full Participation in Practice,Kyle Philips,
2023,17,TEN,S,K'Von Wallace,00-0036395,,,Full Participation in Practice,K'Von Wallace,
2023,17,TEN,TE,Trevon Wesco,00-0035259,,,Full Participation in Practice,Trevon Wesco,
2023,17,TEN,G,Aaron Brewer,00-0036171,,,Limited Participation in Practice,Aaron Brewer,
2023,17,TEN,CB,Anthony Kendall,00-0038848,,,Limited Participation in Practice,Anthony Kendall,
2023,17,TEN,WR,Chris Moore,00-0032398,,,Limited Participation in Practice,Chris Moore,
2023,17,TEN,LB,Caleb Murphy,00-0038851,,,Limited Participation in Practice,Caleb Murphy,
2023,17,TEN,DT,Quinton Bohanna,00-0036649,Out,Not injury related - personal matter,Full Participation in Practice,Quinton Bohanna,OUT
2023,17,TEN,CB,Caleb Farley,00-0036615,Out,Back,Limited Participation in Practice,Caleb Farley,OUT
2023,17,TEN,LB,JoJo Domann,00-0037393,Questionable,Illness,"
    ",JoJo Domann,QUESTIONABLE
2023,17,TEN,CB,Tre Avery,00-0037593,Questionable,Knee,Full Participation in Practice,Tre Avery,QUESTIONABLE
2023,17,TEN,DT,Marlon Davidson,00-0036291,Questionable,Groin,Limited Participation in Practice,Marlon Davidson,QUESTIONABLE
2023,17,TEN,TE,Josh Whyle,00-0038589,Questionable,Knee,Limited Participation in Practice,Josh Whyle,QUESTIONABLE
2023,17,WAS,DT,Jonathan Allen,00-0033523,,,Did Not Participate In Practice,Jonathan Allen,
2023,17,WAS,RB,Chris Rodriguez,00-0038611,,,Did Not Participate In Practice,Chris Rodriguez,
2023,17,WAS,LB,De'Jon Harris,00-0036090,,,Full Participation in Practice,De'Jon Harris,
2023,17,WAS,LB,David Mayo,00-0031596,,,Full Participation in Practice,David Mayo,
2023,17,WAS,DE,James Smith-Williams,00-0036351,,,Full Participation in Practice,James Smith-Williams,
2023,17,WAS,DT,John Ridgeway,00-0037283,,,Limited Participation in Practice,John Ridgeway,
2023,17,WAS,RB,Brian Robinson,00-0037746,,,Limited Participation in Practice,Brian Robinson,
2023,17,WAS,S,Percy Butler,00-0038100,Out,Wrist,Did Not Participate In Practice,Percy Butler,OUT
2023,17,WAS,CB,Kendall Fuller,00-0033084,Out,Knee,Did Not Participate In Practice,Kendall Fuller,OUT
2023,17,WAS,C,Tyler Larsen,00-0030869,Out,Knee,Did Not Participate In Practice,Tyler Larsen,OUT
2023,17,WAS,T,Charles Leno,00-0031095,Out,Calf,Did Not Participate In Practice,Charles Leno,OUT
2023,17,WAS,CB,Benjamin St-Juste,00-0036625,Out,Concussion,Did Not Participate In Practice,Benjamin St-Juste,OUT
2023,17,WAS,QB,Jacoby Brissett,00-0033119,Questionable,Hamstring,Limited Participation in Practice,Jacoby Brissett,QUESTIONABLE
2023,17,WAS,T,Andrew Wylie,00-0033831,Questionable,Elbow,Limited Participation in Practice,Andrew Wylie,QUESTIONABLE
2023,18,ARI,DT,Kevin Strong,00-0035334,,,Limited Participation in Practice,Kevin Strong,
2023,18,ARI,T,D.J. Humphries,00-0032222,Out,Knee,Did Not Participate In Practice,D.J. Humphries,OUT
2023,18,ARI,DE,Dante Stills,00-0038623,Out,Knee,Did Not Participate In Practice,Dante Stills,OUT
2023,18,ARI,CB,Garrett Williams,00-0039007,Out,Ankle,Did Not Participate In Practice,Garrett Williams,OUT
2023,18,ARI,S,Andre Chachere,00-0034623,Questionable,Shoulder,Limited Participation in Practice,Andre Chachere,QUESTIONABLE
2023,18,ARI,LB,Victor Dimukeje,00-0036896,Questionable,Foot,Limited Participation in Practice,Victor Dimukeje,QUESTIONABLE
2023,18,ARI,DT,Leki Fotu,00-0036371,Questionable,Hand,Limited Participation in Practice,Leki Fotu,QUESTIONABLE
2023,18,ARI,LB,Dennis Gardeck,00-0034473,Questionable,Knee,Limited Participation in Practice,Dennis Gardeck,QUESTIONABLE
2023,18,ARI,WR,Zach Pascal,00-0033251,Questionable,Hamstring,Limited Participation in Practice,Zach Pascal,QUESTIONABLE
2023,18,ARI,G,Elijah Wilkinson,00-0033676,Questionable,Illness,Limited Participation in Practice,Elijah Wilkinson,QUESTIONABLE
2023,18,ATL,DE,Calais Campbell,00-0026190,,,Did Not Participate In Practice,Calais Campbell,
2023,18,ATL,RB,Cordarrelle Patterson,00-0030578,,,Did Not Participate In Practice,Cordarrelle Patterson,
2023,18,ATL,C,Drew Dalman,00-0036957,Out,Ankle,Did Not Participate In Practice,Drew Dalman,OUT
2023,18,ATL,S,DeMarcco Hellams,00-0038628,Out,Concussion,Did Not Participate In Practice,DeMarcco Hellams,OUT
2023,18,ATL,LB,Troy Andersen,00-0037810,Out,Pectoral,Limited Participation in Practice,Troy Andersen,OUT
2023,18,ATL,CB,Mike Hughes,00-0034843,Questionable,Concussion,Full Participation in Practice,Mike Hughes,QUESTIONABLE
2023,18,ATL,DE,Zach Harrison,00-0038980,Questionable,Knee,Limited Participation in Practice,Zach Harrison,QUESTIONABLE
2023,18,ATL,QB,Taylor Heinicke,00-0031800,Questionable,Ankle,Limited Participation in Practice,Taylor Heinicke,QUESTIONABLE
2023,18,BAL,LB,Del'Shawn Phillips,00-0035202,,,Full Participation in Practice,Del'Shawn Phillips,
2023,18,BAL,LB,Patrick Queen,00-0036323,,,Full Participation in Practice,Patrick Queen,
2023,18,BAL,LB,Kyle Van Noy,00-0031360,,,Full Participation in Practice,Kyle Van Noy,
2023,18,BAL,WR,Odell Beckham,00-0031235,Out,Not injury related - resting player,Did Not Participate In Practice,Odell Beckham,OUT
2023,18,BAL,LB,Malik Harrison,00-0036280,Out,Groin,Did Not Participate In Practice,Malik Harrison,OUT
2023,18,BAL,CB,Marlon Humphrey,00-0033281,Out,Calf,Did Not Participate In Practice,Marlon Humphrey,OUT
2023,18,BAL,S,Daryl Worley,00-0032891,Out,Ankle,Did Not Participate In Practice,Daryl Worley,OUT
2023,18,BAL,G,Kevin Zeitler,00-0029592,Out,Knee,Did Not Participate In Practice,Kevin Zeitler,OUT
2023,18,BAL,QB,Lamar Jackson,00-0034796,Out,Not injury related - resting player,Limited Participation in Practice,Lamar Jackson,OUT
2023,18,BAL,WR,Zay Flowers,00-0039064,Doubtful,Calf,Did Not Participate In Practice,Zay Flowers,DOUBTFUL
2023,18,BAL,CB,Ronald Darby,00-0032195,Questionable,Illness,Did Not Participate In Practice,Ronald Darby,QUESTIONABLE
2023,18,BAL,CB,Arthur Maulet,00-0033503,Questionable,Hip,Full Participation in Practice,Arthur Maulet,QUESTIONABLE
2023,18,BAL,CB,Brandon Stephens,00-0036987,Questionable,Ankle,Full Participation in Practice,Brandon Stephens,QUESTIONABLE
2023,18,BAL,S,Kyle Hamilton,00-0038038,Questionable,Knee,Limited Participation in Practice,Kyle Hamilton,QUESTIONABLE
2023,18,BAL,WR,Tylan Wallace,00-0036630,Questionable,Knee,Limited Participation in Practice,Tylan Wallace,QUESTIONABLE
2023,18,BAL,S,Ar'Darius Washington,00-0036587,Questionable,Pectoral,Limited Participation in Practice,Ar'Darius Washington,QUESTIONABLE
2023,18,BUF,WR,Stefon Diggs,00-0031588,,,Did Not Participate In Practice,Stefon Diggs,
2023,18,BUF,QB,Josh Allen,00-0034857,,,Full Participation in Practice,Josh Allen,
2023,18,BUF,DE,Leonard Floyd,00-0033072,,,Full Participation in Practice,Leonard Floyd,
2023,18,BUF,S,Micah Hyde,00-0030090,,,Full Participation in Practice,Micah Hyde,
2023,18,BUF,LB,Von Miller,00-0027940,,,Full Participation in Practice,Von Miller,
2023,18,BUF,S,Damar Hamlin,00-0036888,,,Limited Participation in Practice,Damar Hamlin,
2023,18,BUF,C,Mitch Morse,00-0031936,Questionable,Illness,Did Not Participate In Practice,Mitch Morse,QUESTIONABLE
2023,18,CAR,P,Johnny Hekker,00-0028872,,,Did Not Participate In Practice,Johnny Hekker,
2023,18,CAR,LB,Brian Burns,00-0035713,,,Full Participation in Practice,Brian Burns,
2023,18,CAR,WR,D.J. Chark,00-0034777,,,Full Participation in Practice,D.J. Chark,
2023,18,CAR,LB,Kamu Grugier-Hill,00-0032437,,,Full Participation in Practice,Kamu Grugier-Hill,
2023,18,CAR,CB,Troy Hill,00-0031785,,,Full Participation in Practice,Troy Hill,
2023,18,CAR,T,Taylor Moton,00-0033284,,,Full Participation in Practice,Taylor Moton,
2023,18,CAR,RB,Miles Sanders,00-0035243,,,Full Participation in Practice,Miles Sanders,
2023,18,CAR,WR,Ihmir Smith-Marsette,00-0036635,,,Full Participation in Practice,Ihmir Smith-Marsette,
2023,18,CAR,QB,Bryce Young,00-0039150,,,Full Participation in Practice,Bryce Young,
2023,18,CAR,LB,Marquis Haynes,00-0034382,Out,Concussion,Did Not Participate In Practice,Marquis Haynes,OUT
2023,18,CAR,K,Eddy Pineiro,00-0034173,Doubtful,right Hamstring,Did Not Participate In Practice,Eddy Pineiro,DOUBTFUL
2023,18,CAR,G,Cade Mays,00-0037297,Doubtful,Finger,Limited Participation in Practice,Cade Mays,DOUBTFUL
2023,18,CAR,LB,Tae Davis,00-0034500,Questionable,Illness,Did Not Participate In Practice,Tae Davis,QUESTIONABLE
2023,18,CAR,CB,Jaycee Horn,00-0036944,Questionable,Toe,Full Participation in Practice,Jaycee Horn,QUESTIONABLE
2023,18,CHI,TE,Marcedes Lewis,00-0024243,,,Did Not Participate In Practice,Marcedes Lewis,
2023,18,CHI,QB,Tyson Bagent,00-0038416,,,Full Participation in Practice,Tyson Bagent,
2023,18,CHI,WR,D.J. Moore,00-0034827,,,Full Participation in Practice,D.J. Moore,
2023,18,CHI,WR,Darnell Mooney,00-0036309,Out,Concussion,Did Not Participate In Practice,Darnell Mooney,OUT
2023,18,CHI,CB,Jaylon Johnson,00-0036292,Doubtful,Shoulder,Did Not Participate In Practice,Jaylon Johnson,DOUBTFUL
2023,18,CHI,RB,Khalil Herbert,00-0036906,Questionable,Back,Did Not Participate In Practice,Khalil Herbert,QUESTIONABLE
2023,18,CHI,LS,Patrick Scales,00-0028284,Questionable,Foot,Did Not Participate In Practice,Patrick Scales,QUESTIONABLE
2023,18,CHI,TE,Cole Kmet,00-0036290,Questionable,Knee,Full Participation in Practice,Cole Kmet,QUESTIONABLE
2023,18,CHI,CB,Kyler Gordon,00-0038111,Questionable,Calf,Limited Participation in Practice,Kyler Gordon,QUESTIONABLE
2023,18,CHI,C,Lucas Patrick,00-0033082,Questionable,Calf,Limited Participation in Practice,Lucas Patrick,QUESTIONABLE
2023,18,CIN,QB,Jake Browning,00-0035100,,,Full Participation in Practice,Jake Browning,
2023,18,CIN,WR,Ja'Marr Chase,00-0036900,,,Full Participation in Practice,Ja'Marr Chase,
2023,18,CIN,WR,Trenton Irwin,00-0035341,,,Full Participation in Practice,Trenton Irwin,
2023,18,CIN,RB,Joe Mixon,00-0033897,,,Full Participation in Practice,Joe Mixon,
2023,18,CIN,WR,Tee Higgins,00-0036410,Doubtful,Hamstring,Did Not Participate In Practice,Tee Higgins,DOUBTFUL
2023,18,CIN,CB,Chidobe Awuzie,00-0033548,Questionable,Shoulder,Did Not Participate In Practice,Chidobe Awuzie,QUESTIONABLE
2023,18,CIN,CB,Jalen Davis,00-0034446,Questionable,Groin,Limited Participation in Practice,Jalen Davis,QUESTIONABLE
2023,18,CLE,LB,Anthony Walker,00-0033570,,,Did Not Participate In Practice,Anthony Walker,
2023,18,CLE,G,Joel Bitonio,00-0031426,,,Full Participation in Practice,Joel Bitonio,
2023,18,CLE,QB,Joe Flacco,00-0026158,,,Full Participation in Practice,Joe Flacco,
2023,18,CLE,RB,Kareem Hunt,00-0033923,,,Full Participation in Practice,Kareem Hunt,
2023,18,CLE,G,Wyatt Teller,00-0034399,,,Full Participation in Practice,Wyatt Teller,
2023,18,CLE,CB,Denzel Ward,00-0034856,,,Full Participation in Practice,Denzel Ward,
2023,18,CLE,S,Duron Harmon,00-0030383,,,Limited Participation in Practice,Duron Harmon,
2023,18,CLE,DT,Shelby Harris,00-0031270,,,Limited Participation in Practice,Shelby Harris,
2023,18,CLE,TE,David Njoku,00-0033885,,,Limited Participation in Practice,David Njoku,
2023,18,CLE,DE,Ogbonnia Okoronkwo,00-0034807,,,Limited Participation in Practice,Ogbonnia Okoronkwo,
2023,18,CLE,C,Ethan Pocic,00-0033901,,,Limited Participation in Practice,Ethan Pocic,
2023,18,CLE,WR,Amari Cooper,00-0031544,Out,Not injury related - resting player,Did Not Participate In Practice,Amari Cooper,OUT
2023,18,CLE,CB,Mike Ford,00-0034639,Out,Calf,Did Not Participate In Practice,Mike Ford,OUT
2023,18,CLE,DE,Myles Garrett,00-0033868,Out,Shoulder,Did Not Participate In Practice,Myles Garrett,OUT
2023,18,CLE,K,Dustin Hopkins,00-0030098,Out,left Hamstring,Did Not Participate In Practice,Dustin Hopkins,OUT
2023,18,CLE,CB,Greg Newsome,00-0036996,Out,Knee,Did Not Participate In Practice,Greg Newsome,OUT
2023,18,CLE,S,Juan Thornhill,00-0035625,Out,Calf,Did Not Participate In Practice,Juan Thornhill,OUT
2023,18,CLE,WR,Marquise Goodwin,00-0030068,Questionable,Knee,Did Not Participate In Practice,Marquise Goodwin,QUESTIONABLE
2023,18,CLE,P,Corey Bojorquez,00-0034721,Questionable,left Quadricep,Limited Participation in Practice,Corey Bojorquez,QUESTIONABLE
2023,18,CLE,LB,Jordan Kunaszyk,00-0035444,Questionable,Calf,Limited Participation in Practice,Jordan Kunaszyk,QUESTIONABLE
2023,18,CLE,WR,Elijah Moore,00-0036980,Questionable,Concussion,Limited Participation in Practice,Elijah Moore,QUESTIONABLE
2023,18,DAL,DE,Demarcus Lawrence,00-0031411,,,Did Not Participate In Practice,Demarcus Lawrence,
2023,18,DAL,CB,Jourdan Lewis,00-0033928,,,Did Not Participate In Practice,Jourdan Lewis,
2023,18,DAL,G,Zack Martin,00-0031402,,,Did Not Participate In Practice,Zack Martin,
2023,18,DAL,T,Tyron Smith,00-0027947,,,Did Not Participate In Practice,Tyron Smith,
2023,18,DAL,RB,Rico Dowdle,00-0036139,,,Full Participation in Practice,Rico Dowdle,
2023,18,DAL,T,Chuma Edoga,00-0035698,,,Full Participation in Practice,Chuma Edoga,
2023,18,DAL,DE,Viliami Fehoko,00-0038575,,,Full Participation in Practice,Viliami Fehoko,
2023,18,DAL,RB,Hunter Luepke,00-0038738,,,Full Participation in Practice,Hunter Luepke,
2023,18,DAL,WR,Brandin Cooks,00-0031236,,,Limited Participation in Practice,Brandin Cooks,
2023,18,DAL,CB,Stephon Gilmore,00-0029542,,,Limited Participation in Practice,Stephon Gilmore,
2023,18,DAL,C,Tyler Biadasz,00-0036376,Questionable,Illness,Did Not Participate In Practice,Tyler Biadasz,QUESTIONABLE
2023,18,DAL,DE,Chauncey Golston,00-0036982,Questionable,Illness,Did Not Participate In Practice,Chauncey Golston,QUESTIONABLE
2023,18,DAL,G,Tyler Smith,00-0037243,Questionable,Foot,Did Not Participate In Practice,Tyler Smith,QUESTIONABLE
2023,18,DAL,DE,Dorance Armstrong,00-0034373,Questionable,Ankle,Limited Participation in Practice,Dorance Armstrong,QUESTIONABLE
2023,18,DAL,DT,Johnathan Hankins,00-0030063,Questionable,Knee,Limited Participation in Practice,Johnathan Hankins,QUESTIONABLE
2023,18,DAL,S,Malik Hooker,00-0033877,Questionable,Ankle,Limited Participation in Practice,Malik Hooker,QUESTIONABLE
2023,18,DAL,S,Juanyeh Thomas,00-0037578,Questionable,Illness,Limited Participation in Practice,Juanyeh Thomas,QUESTIONABLE
2023,18,DEN,P,Riley Dixon,00-0032943,,,Did Not Participate In Practice,Riley Dixon,
2023,18,DEN,S,Delarrin Turner-Yell,00-0037264,,,Did Not Participate In Practice,Delarrin Turner-Yell,
2023,18,DEN,LB,Baron Browning,00-0036995,,,Full Participation in Practice,Baron Browning,
2023,18,DEN,LS,Mitchell Fraboni,00-0036943,,,Full Participation in Practice,Mitchell Fraboni,
2023,18,DEN,LB,Josey Jewell,00-0034368,,,Full Participation in Practice,Josey Jewell,
2023,18,DEN,WR,Marvin Mims,00-0038976,,,Full Participation in Practice,Marvin Mims,
2023,18,DEN,T,Alex Palczewski,00-0038796,,,Full Participation in Practice,Alex Palczewski,
2023,18,DEN,RB,Samaje Perine,00-0033526,,,Full Participation in Practice,Samaje Perine,
2023,18,DEN,DT,Mike Purcell,00-0029890,,,Full Participation in Practice,Mike Purcell,
2023,18,DEN,WR,Courtland Sutton,00-0034348,,,Full Participation in Practice,Courtland Sutton,
2023,18,DEN,TE,Chris Manhertz,00-0031484,Out,Illness,Did Not Participate In Practice,Chris Manhertz,OUT
2023,18,DEN,T,Mike McGlinchey,00-0034847,Out,Ribs,Did Not Participate In Practice,Mike McGlinchey,OUT
2023,18,DET,T,Taylor Decker,00-0032381,,,Full Participation in Practice,Taylor Decker,
2023,18,DET,G,Graham Glasgow,00-0032395,,,Full Participation in Practice,Graham Glasgow,
2023,18,DET,TE,Sam LaPorta,00-0039065,,,Full Participation in Practice,Sam LaPorta,
2023,18,DET,C,Frank Ragnow,00-0034345,,,Full Participation in Practice,Frank Ragnow,
2023,18,DET,CB,Cameron Sutton,00-0033930,,,Full Participation in Practice,Cameron Sutton,
2023,18,DET,WR,Jameson Williams,00-0037240,Out,Ankle,Did Not Participate In Practice,Jameson Williams,OUT
2023,18,DET,TE,Brock Wright,00-0036754,Out,Hip,Did Not Participate In Practice,Brock Wright,OUT
2023,18,DET,LB,James Houston,00-0037310,Out,Ankle,Limited Participation in Practice,James Houston,OUT
2023,18,DET,S,Chauncey Gardner-Johnson,00-0035253,Questionable,Pectoral,Full Participation in Practice,Chauncey Gardner-Johnson,QUESTIONABLE
2023,18,DET,DT,Benito Jones,00-0035841,Questionable,Illness,Full Participation in Practice,Benito Jones,QUESTIONABLE
2023,18,DET,DT,Alim McNeill,00-0036624,Questionable,Knee,Limited Participation in Practice,Alim McNeill,QUESTIONABLE
2023,18,GB,CB,Jaire Alexander,00-0034728,,,Full Participation in Practice,Jaire Alexander,
2023,18,GB,S,Zayne Anderson,00-0036677,,,Full Participation in Practice,Zayne Anderson,
2023,18,GB,LB,De'Vondre Campbell,00-0032401,,,Full Participation in Practice,De'Vondre Campbell,
2023,18,GB,C,Josh Myers,00-0036622,,,Full Participation in Practice,Josh Myers,
2023,18,GB,CB,Keisean Nixon,00-0035133,,,Full Participation in Practice,Keisean Nixon,
2023,18,GB,S,Darnell Savage,00-0034968,,,Full Participation in Practice,Darnell Savage,
2023,18,GB,LB,Quay Walker,00-0037074,,,Full Participation in Practice,Quay Walker,
2023,18,GB,RB,Aaron Jones,00-0033293,,,Limited Participation in Practice,Aaron Jones,
2023,18,GB,S,Jonathan Owens,00-0034485,,,Limited Participation in Practice,Jonathan Owens,
2023,18,GB,DT,Chris Slayton,00-0035004,,,Limited Participation in Practice,Chris Slayton,
2023,18,GB,RB,A.J. Dillon,00-0036265,Out,Thumb,Did Not Participate In Practice,A.J. Dillon,OUT
2023,18,GB,S,Rudy Ford,00-0033792,Out,Hamstring,Did Not Participate In Practice,Rudy Ford,OUT
2023,18,GB,LB,Isaiah McDuffie,00-0036658,Doubtful,Concussion,Did Not Participate In Practice,Isaiah McDuffie,DOUBTFUL
2023,18,GB,WR,Christian Watson,00-0038124,Questionable,Hamstring,Did Not Participate In Practice,Christian Watson,QUESTIONABLE
2023,18,GB,T,Luke Tenuta,00-0037305,Questionable,Ankle,Full Participation in Practice,Luke Tenuta,QUESTIONABLE
2023,18,GB,WR,Dontayvion Wicks,00-0038393,Questionable,Chest,Full Participation in Practice,Dontayvion Wicks,QUESTIONABLE
2023,18,GB,RB,Emanuel Wilson,00-0038797,Questionable,Shoulder,Full Participation in Practice,Emanuel Wilson,QUESTIONABLE
2023,18,GB,G,Elgton Jenkins,00-0035526,Questionable,Knee,Limited Participation in Practice,Elgton Jenkins,QUESTIONABLE
2023,18,GB,TE,Luke Musgrave,00-0039144,Questionable,kidney,Limited Participation in Practice,Luke Musgrave,QUESTIONABLE
2023,18,GB,WR,Jayden Reed,00-0039146,Questionable,Chest,Limited Participation in Practice,Jayden Reed,QUESTIONABLE
2023,18,GB,LB,Preston Smith,00-0031935,Questionable,Ankle,Limited Participation in Practice,Preston Smith,QUESTIONABLE
2023,18,HOU,WR,Noah Brown,00-0033591,Out,Back,Did Not Participate In Practice,Noah Brown,OUT
2023,18,HOU,DE,Jonathan Greenard,00-0036224,Out,Ankle,Did Not Participate In Practice,Jonathan Greenard,OUT
2023,18,HOU,WR,Robert Woods,00-0030431,Questionable,Hip,Did Not Participate In Practice,Robert Woods,QUESTIONABLE
2023,18,HOU,DE,Will Anderson,00-0039108,Questionable,Ankle,Limited Participation in Practice,Will Anderson,QUESTIONABLE
2023,18,HOU,FB,Andrew Beck,00-0034959,Questionable,Calf,Limited Participation in Practice,Andrew Beck,QUESTIONABLE
2023,18,HOU,DT,Maliek Collins,00-0033131,Questionable,Hip,Limited Participation in Practice,Maliek Collins,QUESTIONABLE
2023,18,HOU,DT,Sheldon Rankins,00-0032759,Questionable,Ankle,Limited Participation in Practice,Sheldon Rankins,QUESTIONABLE
2023,18,HOU,T,Laremy Tunsil,00-0032380,Questionable,Groin,Limited Participation in Practice,Laremy Tunsil,QUESTIONABLE
2023,18,IND,DT,DeForest Buckner,00-0032378,,,Did Not Participate In Practice,DeForest Buckner,
2023,18,IND,DT,Taven Bryan,00-0034842,,,Full Participation in Practice,Taven Bryan,
2023,18,IND,DE,Isaiah Land,00-0038737,,,Full Participation in Practice,Isaiah Land,
2023,18,IND,DE,Tyquan Lewis,00-0034359,,,Full Participation in Practice,Tyquan Lewis,
2023,18,IND,LB,Cameron McGrone,00-0036644,,,Full Participation in Practice,Cameron McGrone,
2023,18,IND,CB,Chris Lammons,00-0034145,Questionable,Ankle,Did Not Participate In Practice,Chris Lammons,QUESTIONABLE
2023,18,IND,CB,Kenny Moore,00-0033393,Questionable,Back,Full Participation in Practice,Kenny Moore,QUESTIONABLE
2023,18,IND,RB,Zack Moss,00-0036251,Questionable,Forearm,Full Participation in Practice,Zack Moss,QUESTIONABLE
2023,18,IND,T,Braden Smith,00-0034836,Questionable,Knee,Full Participation in Practice,Braden Smith,QUESTIONABLE
2023,18,IND,C,Ryan Kelly,00-0032383,Questionable,Ankle,Limited Participation in Practice,Ryan Kelly,QUESTIONABLE
2023,18,IND,G,Quenton Nelson,00-0034342,Questionable,Ankle,Limited Participation in Practice,Quenton Nelson,QUESTIONABLE
2023,18,JAX,QB,C.J. Beathard,00-0033936,,,Full Participation in Practice,C.J. Beathard,
2023,18,JAX,G,Ezra Cleveland,00-0036327,,,Full Participation in Practice,Ezra Cleveland,
2023,18,JAX,T,Walker Little,00-0036975,,,Full Participation in Practice,Walker Little,
2023,18,JAX,WR,Zay Jones,00-0033891,Questionable,Knee,Limited Participation in Practice,Zay Jones,QUESTIONABLE
2023,18,JAX,WR,Christian Kirk,00-0034775,Questionable,Groin,Limited Participation in Practice,Christian Kirk,QUESTIONABLE
2023,18,JAX,QB,Trevor Lawrence,00-0036971,Questionable,right Shoulder,Limited Participation in Practice,Trevor Lawrence,QUESTIONABLE
2023,18,KC,TE,Blake Bell,00-0032062,,,Full Participation in Practice,Blake Bell,
2023,18,KC,RB,Clyde Edwards-Helaire,00-0036360,,,Full Participation in Practice,Clyde Edwards-Helaire,
2023,18,KC,TE,Noah Gray,00-0036637,,,Full Participation in Practice,Noah Gray,
2023,18,KC,WR,Justyn Ross,00-0037216,,,Full Participation in Practice,Justyn Ross,
2023,18,KC,G,Trey Smith,00-0036660,,,Full Participation in Practice,Trey Smith,
2023,18,KC,DT,Chris Jones,00-0032762,,,Limited Participation in Practice,Chris Jones,
2023,18,KC,TE,Travis Kelce,00-0030506,,,Limited Participation in Practice,Travis Kelce,
2023,18,KC,WR,Rashee Rice,00-0039067,Out,Hamstring,Did Not Participate In Practice,Rashee Rice,OUT
2023,18,KC,T,Donovan Smith,00-0032217,Out,Neck,Did Not Participate In Practice,Donovan Smith,OUT
2023,18,KC,CB,L'Jarius Sneed,00-0036374,Out,Calf,Did Not Participate In Practice,L'Jarius Sneed,OUT
2023,18,KC,WR,Kadarius Toney,00-0036913,Out,Hip,Did Not Participate In Practice,Kadarius Toney,OUT
2023,18,KC,QB,Patrick Mahomes,00-0033873,Doubtful,Ankle,Full Participation in Practice,Patrick Mahomes,DOUBTFUL
2023,18,KC,LB,Nick Bolton,00-0036621,Questionable,Wrist,Full Participation in Practice,Nick Bolton,QUESTIONABLE
2023,18,KC,DE,Michael Danna,00-0036378,Questionable,Coaching,Full Participation in Practice,Michael Danna,QUESTIONABLE
2023,18,KC,DE,George Karlaftis,00-0037192,Questionable,Coaching,Full Participation in Practice,George Karlaftis,QUESTIONABLE
2023,18,KC,CB,Trent McDuffie,00-0037191,Questionable,Shoulder,Full Participation in Practice,Trent McDuffie,QUESTIONABLE
2023,18,KC,RB,Isiah Pacheco,00-0037197,Questionable,Quadricep,Limited Participation in Practice,Isiah Pacheco,QUESTIONABLE
2023,18,LA,C,Brian Allen,00-0034804,,,Full Participation in Practice,Brian Allen,
2023,18,LA,DT,Bobby Brown,00-0036903,,,Full Participation in Practice,Bobby Brown,
2023,18,LA,S,Jordan Fuller,00-0036431,,,Full Participation in Practice,Jordan Fuller,
2023,18,LA,T,Rob Havenstein,00-0032242,,,Full Participation in Practice,Rob Havenstein,
2023,18,LA,DT,Desjuan Johnson,00-0039061,,,Full Participation in Practice,Desjuan Johnson,
2023,18,LA,CB,Tre'Vius Tomlinson,00-0039134,,,Full Participation in Practice,Tre'Vius Tomlinson,
2023,18,LA,CB,Duke Shelley,00-0035696,Out,Hamstring,Full Participation in Practice,Duke Shelley,OUT
2023,18,LA,DT,Aaron Donald,00-0031388,Doubtful,Coach's decision,Did Not Participate In Practice,Aaron Donald,DOUBTFUL
2023,18,LA,TE,Tyler Higbee,00-0033110,Doubtful,Shoulder,Did Not Participate In Practice,Tyler Higbee,DOUBTFUL
2023,18,LA,T,Joseph Noteboom,00-0034803,Doubtful,Foot,Did Not Participate In Practice,Joseph Noteboom,DOUBTFUL
2023,18,LA,QB,Matthew Stafford,00-0026498,Doubtful,Coach's decision,Did Not Participate In Practice,Matthew Stafford,DOUBTFUL
2023,18,LA,LB,Ernest Jones,00-0036994,Doubtful,Coach's decision,Full Participation in Practice,Ernest Jones,DOUBTFUL
2023,18,LA,WR,Cooper Kupp,00-0033908,Doubtful,Coach's decision,Full Participation in Practice,Cooper Kupp,DOUBTFUL
2023,18,LA,RB,Kyren Williams,00-0037840,Doubtful,Coach's decision,Full Participation in Practice,Kyren Williams,DOUBTFUL
2023,18,LAC,DE,Khalil Mack,00-0031040,,,Did Not Participate In Practice,Khalil Mack,
2023,18,LAC,LB,Daiyan Henley,00-0038553,,,Full Participation in Practice,Daiyan Henley,
2023,18,LAC,WR,Josh Palmer,00-0036988,,,Full Participation in Practice,Josh Palmer,
2023,18,LAC,T,Trey Pipkins,00-0035688,,,Full Participation in Practice,Trey Pipkins,
2023,18,LAC,T,Rashawn Slater,00-0037009,,,Full Participation in Practice,Rashawn Slater,
2023,18,LAC,WR,Keenan Allen,00-0030279,Out,Heel,Did Not Participate In Practice,Keenan Allen,OUT
2023,18,LAC,DE,Joey Bosa,00-0033156,Out,Foot,Did Not Participate In Practice,Joey Bosa,OUT
2023,18,LAC,LB,Justin Hollins,00-0035591,Out,Shoulder,Did Not Participate In Practice,Justin Hollins,OUT
2023,18,LAC,DT,Nicholas Williams,00-0030500,Out,Shoulder,Did Not Participate In Practice,Nicholas Williams,OUT
2023,18,LAC,LB,Kenneth Murray,00-0036441,Doubtful,Shoulder,Did Not Participate In Practice,Kenneth Murray,DOUBTFUL
2023,18,LAC,G,Zion Johnson,00-0037818,Doubtful,Neck,Limited Participation in Practice,Zion Johnson,DOUBTFUL
2023,18,LAC,CB,Deane Leonard,00-0037320,Questionable,Heel,Full Participation in Practice,Deane Leonard,QUESTIONABLE
2023,18,LAC,LB,Tanner Muse,00-0036368,Questionable,Knee,Full Participation in Practice,Tanner Muse,QUESTIONABLE
2023,18,LAC,TE,Stone Smartt,00-0037475,Questionable,Shoulder,Full Participation in Practice,Stone Smartt,QUESTIONABLE
2023,18,LAC,DE,Tuli Tuipulotu,00-0039111,Questionable,Ankle,Limited Participation in Practice,Tuli Tuipulotu,QUESTIONABLE
2023,18,LV,C,Andre James,00-0035127,,,Full Participation in Practice,Andre James,
2023,18,LV,DE,Malcolm Koonce,00-0036989,,,Full Participation in Practice,Malcolm Koonce,
2023,18,LV,T,Kolton Miller,00-0034759,,,Full Participation in Practice,Kolton Miller,
2023,18,LV,DE,Maxx Crosby,00-0034973,,,Limited Participation in Practice,Maxx Crosby,
2023,18,LV,T,Jermaine Eluemunor,00-0033290,,,Limited Participation in Practice,Jermaine Eluemunor,
2023,18,LV,RB,Josh Jacobs,00-0035700,Out,Quadricep,Did Not Participate In Practice,Josh Jacobs,OUT
2023,18,LV,TE,Michael Mayer,00-0039066,Out,Toe,Did Not Participate In Practice,Michael Mayer,OUT
2023,18,LV,T,Thayer Munford,00-0037322,Doubtful,Knee,Did Not Participate In Practice,Thayer Munford,DOUBTFUL
2023,18,LV,CB,Brandon Facyson,00-0034545,Questionable,Illness,Did Not Participate In Practice,Brandon Facyson,QUESTIONABLE
2023,18,LV,FB,Jakob Johnson,00-0035726,Questionable,Back,Limited Participation in Practice,Jakob Johnson,QUESTIONABLE
2023,18,MIA,RB,Devon Achane,00-0039040,,,Full Participation in Practice,Devon Achane,
2023,18,MIA,T,Terron Armstead,00-0030067,,,Full Participation in Practice,Terron Armstead,
2023,18,MIA,G,Lester Cotton,00-0035117,,,Full Participation in Practice,Lester Cotton,
2023,18,MIA,G,Liam Eichenberg,00-0037010,,,Full Participation in Practice,Liam Eichenberg,
2023,18,MIA,WR,Tyreek Hill,00-0033040,,,Full Participation in Practice,Tyreek Hill,
2023,18,MIA,G,Robert Hunt,00-0036325,,,Full Participation in Practice,Robert Hunt,
2023,18,MIA,T,Austin Jackson,00-0036248,,,Full Participation in Practice,Austin Jackson,
2023,18,MIA,LB,David Long,00-0035292,,,Full Participation in Practice,David Long,
2023,18,MIA,CB,Jalen Ramsey,00-0033055,,,Full Participation in Practice,Jalen Ramsey,
2023,18,MIA,LB,Duke Riley,00-0033549,,,Full Participation in Practice,Duke Riley,
2023,18,MIA,DE,Zach Sieler,00-0034285,,,Full Participation in Practice,Zach Sieler,
2023,18,MIA,QB,Tua Tagovailoa,00-0036212,,,Full Participation in Practice,Tua Tagovailoa,
2023,18,MIA,QB,Mike White,00-0034401,,,Full Participation in Practice,Mike White,
2023,18,MIA,LB,Bradley Chubb,00-0034832,Out,Knee,Did Not Participate In Practice,Bradley Chubb,OUT
2023,18,MIA,CB,Xavien Howard,00-0033050,Out,Foot,Did Not Participate In Practice,Xavien Howard,OUT
2023,18,MIA,S,Jevon Holland,00-0036998,Questionable,Knee,Full Participation in Practice,Jevon Holland,QUESTIONABLE
2023,18,MIA,LB,Jerome Baker,00-0034797,Questionable,Knee,Limited Participation in Practice,Jerome Baker,QUESTIONABLE
2023,18,MIA,RB,Raheem Mostert,00-0031687,Questionable,Knee,Limited Participation in Practice,Raheem Mostert,QUESTIONABLE
2023,18,MIA,WR,Jaylen Waddle,00-0036613,Questionable,Ankle,Limited Participation in Practice,Jaylen Waddle,QUESTIONABLE
2023,18,MIN,TE,Nick Muse,00-0037317,,,Full Participation in Practice,Nick Muse,
2023,18,MIN,S,Harrison Smith,00-0029606,,,Full Participation in Practice,Harrison Smith,
2023,18,MIN,CB,Mekhi Blackmon,00-0038565,Out,Shoulder,Did Not Participate In Practice,Mekhi Blackmon,OUT
2023,18,MIN,S,Theo Jackson,00-0037301,Out,Toe,Did Not Participate In Practice,Theo Jackson,OUT
2023,18,MIN,CB,Byron Murphy,00-0035236,Out,Knee,Did Not Participate In Practice,Byron Murphy,OUT
2023,18,MIN,WR,Jalen Nailor,00-0037291,Out,Concussion,Did Not Participate In Practice,Jalen Nailor,OUT
2023,18,MIN,T,Brian O'Neill,00-0034158,Out,Ankle,Did Not Participate In Practice,Brian O'Neill,OUT
2023,18,MIN,DT,Jaquelin Roy,00-0038584,Out,Ankle,Did Not Participate In Practice,Jaquelin Roy,OUT
2023,18,MIN,T,Christian Darrisaw,00-0036616,Questionable,Illness,Limited Participation in Practice,Christian Darrisaw,QUESTIONABLE
2023,18,MIN,G,Ed Ingram,00-0038131,Questionable,Shoulder,Limited Participation in Practice,Ed Ingram,QUESTIONABLE
2023,18,NE,T,Trenton Brown,00-0032071,Out,Illness,Did Not Participate In Practice,Trenton Brown,OUT
2023,18,NE,TE,Hunter Henry,00-0033090,Out,Knee,Did Not Participate In Practice,Hunter Henry,OUT
2023,18,NE,DT,Christian Barmore,00-0036981,Questionable,Knee,Limited Participation in Practice,Christian Barmore,QUESTIONABLE
2023,18,NE,TE,Pharaoh Brown,00-0033439,Questionable,Ribs,Limited Participation in Practice,Pharaoh Brown,QUESTIONABLE
2023,18,NE,CB,Myles Bryant,00-0036087,Questionable,Illness,Limited Participation in Practice,Myles Bryant,QUESTIONABLE
2023,18,NE,LB,Anfernee Jennings,00-0036193,Questionable,Knee,Limited Participation in Practice,Anfernee Jennings,QUESTIONABLE
2023,18,NE,CB,Jonathan Jones,00-0032580,Questionable,Knee,Limited Participation in Practice,Jonathan Jones,QUESTIONABLE
2023,18,NE,CB,Jalen Mills,00-0032803,Questionable,Ankle,Limited Participation in Practice,Jalen Mills,QUESTIONABLE
2023,18,NE,WR,DeVante Parker,00-0031547,Questionable,Ribs,Limited Participation in Practice,DeVante Parker,QUESTIONABLE
2023,18,NE,S,Jabrill Peppers,00-0033883,Questionable,Hamstring,Limited Participation in Practice,Jabrill Peppers,QUESTIONABLE
2023,18,NE,WR,Matt Slater,00-0026293,Questionable,Hamstring,Limited Participation in Practice,Matt Slater,QUESTIONABLE
2023,18,NE,LB,Jahlani Tavai,00-0035240,Questionable,Tooth,Limited Participation in Practice,Jahlani Tavai,QUESTIONABLE
2023,18,NE,WR,Tyquan Thornton,00-0038104,Questionable,Ankle,Limited Participation in Practice,Tyquan Thornton,QUESTIONABLE
2023,18,NE,CB,Shaun Wade,00-0036559,Questionable,Hip,Limited Participation in Practice,Shaun Wade,QUESTIONABLE
2023,18,NO,C,Erik McCoy,00-0035242,,,Full Participation in Practice,Erik McCoy,
2023,18,NO,WR,Chris Olave,00-0037239,,,Full Participation in Practice,Chris Olave,
2023,18,NO,TE,Jimmy Graham,00-0027696,,,Limited Participation in Practice,Jimmy Graham,
2023,18,NO,CB,Lonnie Johnson,00-0035244,Out,Knee,Did Not Participate In Practice,Lonnie Johnson,OUT
2023,18,NO,T,Landon Young,00-0036930,Out,Knee,Did Not Participate In Practice,Landon Young,OUT
2023,18,NO,RB,Alvin Kamara,00-0033906,Questionable,Ankle,Did Not Participate In Practice,Alvin Kamara,QUESTIONABLE
2023,18,NO,RB,Kendre Miller,00-0038551,Questionable,Ankle,Did Not Participate In Practice,Kendre Miller,QUESTIONABLE
2023,18,NO,LB,Nephi Sewell,00-0037544,Questionable,Knee,Did Not Participate In Practice,Nephi Sewell,QUESTIONABLE
2023,18,NO,WR,A.T. Perry,00-0038612,Questionable,Illness,Full Participation in Practice,A.T. Perry,QUESTIONABLE
2023,18,NO,DT,Khalen Saunders,00-0035656,Questionable,Concussion,Full Participation in Practice,Khalen Saunders,QUESTIONABLE
2023,18,NO,TE,Juwan Johnson,00-0036040,Questionable,Chest,Limited Participation in Practice,Juwan Johnson,QUESTIONABLE
2023,18,NO,DE,Payton Turner,00-0036926,Questionable,Toe,Limited Participation in Practice,Payton Turner,QUESTIONABLE
2023,18,NYG,S,Dane Belton,00-0038123,,,Full Participation in Practice,Dane Belton,
2023,18,NYG,LB,Carter Coughlin,00-0036402,,,Limited Participation in Practice,Carter Coughlin,
2023,18,NYG,CB,Darnay Holmes,00-0036394,,,Limited Participation in Practice,Darnay Holmes,
2023,18,NYG,QB,Tyrod Taylor,00-0028118,,,Limited Participation in Practice,Tyrod Taylor,
2023,18,NYG,S,Jason Pinnock,00-0036502,Out,Toe,Did Not Participate In Practice,Jason Pinnock,OUT
2023,18,NYG,CB,Deonte Banks,00-0039000,Doubtful,Shoulder,Limited Participation in Practice,Deonte Banks,DOUBTFUL
2023,18,NYG,C,John Michael Schmitz,00-0039019,Questionable,Shin,Limited Participation in Practice,John Michael Schmitz,QUESTIONABLE
2023,18,NYJ,RB,Israel Abanikanda,00-0038389,,,Full Participation in Practice,Israel Abanikanda,
2023,18,NYJ,DE,John Franklin-Myers,00-0034805,,,Full Participation in Practice,John Franklin-Myers,
2023,18,NYJ,WR,Allen Lazard,00-0034521,,,Full Participation in Practice,Allen Lazard,
2023,18,NYJ,G,Jake Hanson,00-0036273,Out,Concussion,Did Not Participate In Practice,Jake Hanson,OUT
2023,18,NYJ,TE,Jeremy Ruckert,00-0037805,Out,Concussion,Did Not Participate In Practice,Jeremy Ruckert,OUT
2023,18,NYJ,QB,Zach Wilson,00-0037013,Out,Concussion,Did Not Participate In Practice,Zach Wilson,OUT
2023,18,NYJ,QB,Aaron Rodgers,00-0023459,Out,Achilles,Limited Participation in Practice,Aaron Rodgers,OUT
2023,18,NYJ,G,Wes Schweitzer,00-0032432,Doubtful,Calf,Limited Participation in Practice,Wes Schweitzer,DOUBTFUL
2023,18,PHI,LB,Zach Cunningham,00-0033547,,,Full Participation in Practice,Zach Cunningham,
2023,18,PHI,DT,Jordan Davis,00-0037073,,,Full Participation in Practice,Jordan Davis,
2023,18,PHI,CB,Avonte Maddox,00-0034377,,,Full Participation in Practice,Avonte Maddox,
2023,18,PHI,LB,Haason Reddick,00-0033875,,,Full Participation in Practice,Haason Reddick,
2023,18,PHI,CB,Darius Slay,00-0030062,Out,Knee,Did Not Participate In Practice,Darius Slay,OUT
2023,18,PHI,WR,DeVonta Smith,00-0036912,Out,Ankle,Did Not Participate In Practice,DeVonta Smith,OUT
2023,18,PHI,RB,D'Andre Swift,00-0036275,Questionable,Illness,Limited Participation in Practice,D'Andre Swift,QUESTIONABLE
2023,18,PIT,LB,Myles Jack,00-0032968,,,Did Not Participate In Practice,Myles Jack,
2023,18,PIT,DT,Larry Ogunjobi,00-0033905,,,Did Not Participate In Practice,Larry Ogunjobi,
2023,18,PIT,G,Isaac Seumalo,00-0032954,,,Did Not Participate In Practice,Isaac Seumalo,
2023,18,PIT,RB,Najee Harris,00-0036893,,,Full Participation in Practice,Najee Harris,
2023,18,PIT,QB,Kenny Pickett,00-0038102,,,Full Participation in Practice,Kenny Pickett,
2023,18,PIT,DT,Cameron Heyward,00-0027969,,,Limited Participation in Practice,Cameron Heyward,
2023,18,PIT,LB,T.J. Watt,00-0033886,,,Limited Participation in Practice,T.J. Watt,
2023,18,PIT,S,Minkah Fitzpatrick,00-0034789,Questionable,Knee,Limited Participation in Practice,Minkah Fitzpatrick,QUESTIONABLE
2023,18,PIT,LB,Elandon Roberts,00-0032442,Questionable,Pectoral,Limited Participation in Practice,Elandon Roberts,QUESTIONABLE
2023,18,PIT,S,Trenton Thompson,00-0037377,Questionable,Neck,Limited Participation in Practice,Trenton Thompson,QUESTIONABLE
2023,18,SEA,G,Anthony Bradford,00-0039020,,,Full Participation in Practice,Anthony Bradford,
2023,18,SEA,C,Evan Brown,00-0034495,,,Full Participation in Practice,Evan Brown,
2023,18,SEA,CB,Artie Burns,00-0033103,,,Full Participation in Practice,Artie Burns,
2023,18,SEA,WR,Tyler Lockett,00-0032211,,,Full Participation in Practice,Tyler Lockett,
2023,18,SEA,RB,Kenneth Walker,00-0038134,,,Full Participation in Practice,Kenneth Walker,
2023,18,SEA,DT,Leonard Williams,00-0031933,,,Full Participation in Practice,Leonard Williams,
2023,18,SEA,DE,Mario Edwards,00-0032265,Out,Knee,Did Not Participate In Practice,Mario Edwards,OUT
2023,18,SEA,G,Phil Haynes,00-0035141,Out,Toe,Did Not Participate In Practice,Phil Haynes,OUT
2023,18,SEA,T,Abraham Lucas,00-0037812,Out,Knee,Did Not Participate In Practice,Abraham Lucas,OUT
2023,18,SEA,RB,Kenny McIntosh,00-0038636,Out,Thumb,Did Not Participate In Practice,Kenny McIntosh,OUT
2023,18,SEA,T,Jason Peters,00-0022531,Questionable,Foot,Did Not Participate In Practice,Jason Peters,QUESTIONABLE
2023,18,SEA,DT,Jarran Reed,00-0032387,Questionable,Knee,Did Not Participate In Practice,Jarran Reed,QUESTIONABLE
2023,18,SEA,LB,Jordyn Brooks,00-0036409,Questionable,Ankle,Full Participation in Practice,Jordyn Brooks,QUESTIONABLE
2023,18,SEA,LB,Nick Bellore,00-0028292,Questionable,Knee,Limited Participation in Practice,Nick Bellore,QUESTIONABLE
2023,18,SF,DE,Nick Bosa,00-0035717,,,Did Not Participate In Practice,Nick Bosa,
2023,18,SF,T,Trent Williams,00-0027857,,,Did Not Participate In Practice,Trent Williams,
2023,18,SF,G,Aaron Banks,00-0036551,,,Full Participation in Practice,Aaron Banks,
2023,18,SF,RB,Elijah Mitchell,00-0036567,,,Full Participation in Practice,Elijah Mitchell,
2023,18,SF,T,Jaylon Moore,00-0036557,,,Full Participation in Practice,Jaylon Moore,
2023,18,SF,DT,Arik Armstead,00-0032164,Out,Foot,Did Not Participate In Practice,Arik Armstead,OUT
2023,18,SF,S,Ji'Ayir Brown,00-0038554,Out,Knee,Did Not Participate In Practice,Ji'Ayir Brown,OUT
2023,18,SF,TE,Ross Dwelley,00-0034073,Out,Ankle,Did Not Participate In Practice,Ross Dwelley,OUT
2023,18,SF,S,Tashaun Gipson,00-0028924,Out,Quadricep,Did Not Participate In Practice,Tashaun Gipson,OUT
2023,18,SF,RB,Christian McCaffrey,00-0033280,Out,Calf,Did Not Participate In Practice,Christian McCaffrey,OUT
2023,18,SF,CB,Ambry Thomas,00-0037008,Out,Hand,Did Not Participate In Practice,Ambry Thomas,OUT
2023,18,SF,FB,Kyle Juszczyk,00-0029892,Questionable,Illness,"
    ",Kyle Juszczyk,QUESTIONABLE
2023,18,SF,WR,Danny Gray,00-0037828,Questionable,Shoulder,Full Participation in Practice,Danny Gray,QUESTIONABLE
2023,18,SF,WR,Ray-Ray McCloud,00-0034407,Questionable,Rib,Full Participation in Practice,Ray-Ray McCloud,QUESTIONABLE
2023,18,SF,C,Jon Feliciano,00-0032151,Questionable,Back,Limited Participation in Practice,Jon Feliciano,QUESTIONABLE
2023,18,SF,WR,Jauan Jennings,00-0036259,Questionable,Concussion,Limited Participation in Practice,Jauan Jennings,QUESTIONABLE
2023,18,TB,LB,Shaquil Barrett,00-0031101,,,Full Participation in Practice,Shaquil Barrett,
2023,18,TB,S,Kaevon Merriweather,00-0038823,,,Full Participation in Practice,Kaevon Merriweather,
2023,18,TB,T,Tristan Wirfs,00-0036406,,,Limited Participation in Practice,Tristan Wirfs,
2023,18,TB,DT,Mike Greene,00-0037627,Out,Calf,Full Participation in Practice,Mike Greene,OUT
2023,18,TB,LB,Cam Gill,00-0036045,Questionable,Knee,"
    ",Cam Gill,QUESTIONABLE
2023,18,TB,CB,Carlton Davis,00-0034778,Questionable,Concussion,Full Participation in Practice,Carlton Davis,QUESTIONABLE
2023,18,TB,WR,Rakim Jarrett,00-0038821,Questionable,Quadricep,Full Participation in Practice,Rakim Jarrett,QUESTIONABLE
2023,18,TB,TE,Ko Kieft,00-0037311,Questionable,Shoulder,Full Participation in Practice,Ko Kieft,QUESTIONABLE
2023,18,TB,QB,Baker Mayfield,00-0034855,Questionable,Ribs,Full Participation in Practice,Baker Mayfield,QUESTIONABLE
2023,18,TB,LB,K.J. Britt,00-0036643,Questionable,Calf,Limited Participation in Practice,K.J. Britt,QUESTIONABLE
2023,18,TB,WR,Trey Palmer,00-0039052,Questionable,Hip,Limited Participation in Practice,Trey Palmer,QUESTIONABLE
2023,18,TEN,DE,Denico Autry,00-0031254,,,Full Participation in Practice,Denico Autry,
2023,18,TEN,CB,Tre Avery,00-0037593,,,Full Participation in Practice,Tre Avery,
2023,18,TEN,G,Aaron Brewer,00-0036171,,,Full Participation in Practice,Aaron Brewer,
2023,18,TEN,CB,Eric Garror,00-0038961,,,Full Participation in Practice,Eric Garror,
2023,18,TEN,RB,Derrick Henry,00-0032764,,,Full Participation in Practice,Derrick Henry,
2023,18,TEN,WR,DeAndre Hopkins,00-0030564,,,Full Participation in Practice,DeAndre Hopkins,
2023,18,TEN,CB,Sean Murphy-Bunting,00-0035239,,,Full Participation in Practice,Sean Murphy-Bunting,
2023,18,TEN,LB,Otis Reese,00-0038853,,,Full Participation in Practice,Otis Reese,
2023,18,TEN,WR,Colton Dowell,00-0038632,Out,Knee,Did Not Participate In Practice,Colton Dowell,OUT
2023,18,TEN,CB,Anthony Kendall,00-0038848,Out,Knee,Did Not Participate In Practice,Anthony Kendall,OUT
2023,18,TEN,DE,T.K. McLendon,00-0038850,Out,Shoulder,Did Not Participate In Practice,T.K. McLendon,OUT
2023,18,TEN,CB,Caleb Farley,00-0036615,Out,Back,Limited Participation in Practice,Caleb Farley,OUT
2023,18,TEN,C,Daniel Brunskill,00-0033221,Questionable,Ankle,Did Not Participate In Practice,Daniel Brunskill,QUESTIONABLE
2023,18,TEN,T,Jaelyn Duncan,00-0038607,Questionable,Neck,Did Not Participate In Practice,Jaelyn Duncan,QUESTIONABLE
2023,18,TEN,TE,Kevin Rader,00-0034193,Questionable,Hip,Full Participation in Practice,Kevin Rader,QUESTIONABLE
2023,18,TEN,QB,Will Levis,00-0039152,Questionable,Foot,Limited Participation in Practice,Will Levis,QUESTIONABLE
2023,18,TEN,LB,Caleb Murphy,00-0038851,Questionable,Shoulder,Limited Participation in Practice,Caleb Murphy,QUESTIONABLE
2023,18,WAS,QB,Jacoby Brissett,00-0033119,,,Full Participation in Practice,Jacoby Brissett,
2023,18,WAS,CB,Quan Martin,00-0039149,,,Full Participation in Practice,Quan Martin,
2023,18,WAS,DT,John Ridgeway,00-0037283,,,Full Participation in Practice,John Ridgeway,
2023,18,WAS,WR,Curtis Samuel,00-0033282,,,Full Participation in Practice,Curtis Samuel,
2023,18,WAS,CB,Benjamin St-Juste,00-0036625,,,Full Participation in Practice,Benjamin St-Juste,
2023,18,WAS,DT,Jonathan Allen,00-0033523,Out,Knee,Did Not Participate In Practice,Jonathan Allen,OUT
2023,18,WAS,CB,Tariq Castro-Fields,00-0037833,Out,Shoulder,Did Not Participate In Practice,Tariq Castro-Fields,OUT
2023,18,WAS,CB,Kendall Fuller,00-0033084,Out,Knee,Did Not Participate In Practice,Kendall Fuller,OUT
2023,18,WAS,CB,Christian Holmes,00-0037095,Out,Concussion,Did Not Participate In Practice,Christian Holmes,OUT
2023,18,WAS,S,Kamren Curl,00-0036349,Questionable,Quadricep,Did Not Participate In Practice,Kamren Curl,QUESTIONABLE
2023,18,WAS,DE,Casey Toohill,00-0036403,Questionable,Shoulder,Did Not Participate In Practice,Casey Toohill,QUESTIONABLE
2023,18,WAS,T,Andrew Wylie,00-0033831,Questionable,Elbow,Limited Participation in Practice,Andrew Wylie,QUESTIONABLE
2023,19,BUF,WR,Stefon Diggs,00-0031588,,,Did Not Participate In Practice,Stefon Diggs,
2023,19,BUF,DT,DaQuan Jones,00-0031054,,,Did Not Participate In Practice,DaQuan Jones,
2023,19,BUF,QB,Josh Allen,00-0034857,,,Full Participation in Practice,Josh Allen,
2023,19,BUF,T,Dion Dawkins,00-0033904,,,Full Participation in Practice,Dion Dawkins,
2023,19,BUF,DE,Leonard Floyd,00-0033072,,,Full Participation in Practice,Leonard Floyd,
2023,19,BUF,S,Damar Hamlin,00-0036888,,,Full Participation in Practice,Damar Hamlin,
2023,19,BUF,WR,Deonte Harty,00-0035215,,,Full Participation in Practice,Deonte Harty,
2023,19,BUF,S,Micah Hyde,00-0030090,,,Full Participation in Practice,Micah Hyde,
2023,19,BUF,TE,Dawson Knox,00-0035689,,,Full Participation in Practice,Dawson Knox,
2023,19,BUF,LB,Von Miller,00-0027940,,,Full Participation in Practice,Von Miller,
2023,19,BUF,RB,Ty Johnson,00-0035537,,,Limited Participation in Practice,Ty Johnson,
2023,19,BUF,WR,Gabe Davis,00-0036196,Out,Knee,Did Not Participate In Practice,Gabe Davis,OUT
2023,19,BUF,S,Taylor Rapp,00-0035663,Out,Calf,Did Not Participate In Practice,Taylor Rapp,OUT
2023,19,BUF,CB,Rasul Douglas,00-0033551,Questionable,Knee,Did Not Participate In Practice,Rasul Douglas,QUESTIONABLE
2023,19,BUF,LB,Tyrel Dodson,00-0035352,Questionable,Shoulder,Limited Participation in Practice,Tyrel Dodson,QUESTIONABLE
2023,19,CLE,WR,David Bell,00-0037257,,,Full Participation in Practice,David Bell,
2023,19,CLE,G,Joel Bitonio,00-0031426,,,Full Participation in Practice,Joel Bitonio,
2023,19,CLE,P,Corey Bojorquez,00-0034721,,,Full Participation in Practice,Corey Bojorquez,
2023,19,CLE,WR,Amari Cooper,00-0031544,,,Full Participation in Practice,Amari Cooper,
2023,19,CLE,QB,Joe Flacco,00-0026158,,,Full Participation in Practice,Joe Flacco,
2023,19,CLE,DE,Myles Garrett,00-0033868,,,Full Participation in Practice,Myles Garrett,
2023,19,CLE,WR,Marquise Goodwin,00-0030068,,,Full Participation in Practice,Marquise Goodwin,
2023,19,CLE,S,Duron Harmon,00-0030383,,,Full Participation in Practice,Duron Harmon,
2023,19,CLE,DT,Shelby Harris,00-0031270,,,Full Participation in Practice,Shelby Harris,
2023,19,CLE,RB,Kareem Hunt,00-0033923,,,Full Participation in Practice,Kareem Hunt,
2023,19,CLE,LB,Jordan Kunaszyk,00-0035444,,,Full Participation in Practice,Jordan Kunaszyk,
2023,19,CLE,CB,Greg Newsome,00-0036996,,,Full Participation in Practice,Greg Newsome,
2023,19,CLE,TE,David Njoku,00-0033885,,,Full Participation in Practice,David Njoku,
2023,19,CLE,DE,Ogbonnia Okoronkwo,00-0034807,,,Full Participation in Practice,Ogbonnia Okoronkwo,
2023,19,CLE,C,Ethan Pocic,00-0033901,,,Full Participation in Practice,Ethan Pocic,
2023,19,CLE,K,Dustin Hopkins,00-0030098,Out,left Hamstring,Did Not Participate In Practice,Dustin Hopkins,OUT
2023,19,CLE,WR,Cedric Tillman,00-0038979,Out,Concussion,Did Not Participate In Practice,Cedric Tillman,OUT
2023,19,CLE,S,Grant Delpit,00-0036282,Out,Groin,Limited Participation in Practice,Grant Delpit,OUT
2023,19,CLE,CB,Mike Ford,00-0034639,Questionable,Calf,Limited Participation in Practice,Mike Ford,QUESTIONABLE
2023,19,CLE,RB,Pierre Strong,00-0038098,Questionable,Back,Limited Participation in Practice,Pierre Strong,QUESTIONABLE
2023,19,CLE,S,Juan Thornhill,00-0035625,Questionable,Calf,Limited Participation in Practice,Juan Thornhill,QUESTIONABLE
2023,19,CLE,CB,Denzel Ward,00-0034856,Questionable,Shoulder,Limited Participation in Practice,Denzel Ward,QUESTIONABLE
2023,19,DAL,DE,Demarcus Lawrence,00-0031411,,,Did Not Participate In Practice,Demarcus Lawrence,
2023,19,DAL,G,Zack Martin,00-0031402,,,Did Not Participate In Practice,Zack Martin,
2023,19,DAL,T,Tyron Smith,00-0027947,,,Did Not Participate In Practice,Tyron Smith,
2023,19,DAL,DE,Dorance Armstrong,00-0034373,,,Full Participation in Practice,Dorance Armstrong,
2023,19,DAL,DT,Johnathan Hankins,00-0030063,,,Full Participation in Practice,Johnathan Hankins,
2023,19,DAL,S,Malik Hooker,00-0033877,,,Full Participation in Practice,Malik Hooker,
2023,19,DAL,G,Tyler Smith,00-0037243,,,Full Participation in Practice,Tyler Smith,
2023,19,DAL,WR,Brandin Cooks,00-0031236,,,Limited Participation in Practice,Brandin Cooks,
2023,19,DAL,CB,Stephon Gilmore,00-0029542,,,Limited Participation in Practice,Stephon Gilmore,
2023,19,DAL,CB,Jourdan Lewis,00-0033928,,,Limited Participation in Practice,Jourdan Lewis,
2023,19,DAL,QB,Cooper Rush,00-0033662,Questionable,Illness,Did Not Participate In Practice,Cooper Rush,QUESTIONABLE
2023,19,DET,S,Brian Branch,00-0039141,,,Full Participation in Practice,Brian Branch,
2023,19,DET,QB,Teddy Bridgewater,00-0031237,,,Full Participation in Practice,Teddy Bridgewater,
2023,19,DET,T,Taylor Decker,00-0032381,,,Full Participation in Practice,Taylor Decker,
2023,19,DET,G,Graham Glasgow,00-0032395,,,Full Participation in Practice,Graham Glasgow,
2023,19,DET,C,Frank Ragnow,00-0034345,,,Full Participation in Practice,Frank Ragnow,
2023,19,DET,CB,Cameron Sutton,00-0033930,,,Full Participation in Practice,Cameron Sutton,
2023,19,DET,WR,Jameson Williams,00-0037240,,,Full Participation in Practice,Jameson Williams,
2023,19,DET,TE,Brock Wright,00-0036754,,,Full Participation in Practice,Brock Wright,
2023,19,DET,CB,Jerry Jacobs,00-0036748,Out,Thigh,Did Not Participate In Practice,Jerry Jacobs,OUT
2023,19,DET,TE,James Mitchell,00-0037282,Out,Hand,Did Not Participate In Practice,James Mitchell,OUT
2023,19,DET,WR,Kalif Raymond,00-0032464,Out,Knee,Did Not Participate In Practice,Kalif Raymond,OUT
2023,19,DET,LB,James Houston,00-0037310,Out,Ankle,Full Participation in Practice,James Houston,OUT
2023,19,DET,DE,John Cominsky,00-0035265,Questionable,Illness,Full Participation in Practice,John Cominsky,QUESTIONABLE
2023,19,DET,TE,Sam LaPorta,00-0039065,Questionable,Knee,Full Participation in Practice,Sam LaPorta,QUESTIONABLE
2023,19,GB,LB,De'Vondre Campbell,00-0032401,,,Full Participation in Practice,De'Vondre Campbell,
2023,19,GB,LB,Isaiah McDuffie,00-0036658,,,Full Participation in Practice,Isaiah McDuffie,
2023,19,GB,TE,Luke Musgrave,00-0039144,,,Full Participation in Practice,Luke Musgrave,
2023,19,GB,C,Josh Myers,00-0036622,,,Full Participation in Practice,Josh Myers,
2023,19,GB,WR,Jayden Reed,00-0039146,,,Full Participation in Practice,Jayden Reed,
2023,19,GB,G,Sean Rhyan,00-0037076,,,Full Participation in Practice,Sean Rhyan,
2023,19,GB,S,Darnell Savage,00-0034968,,,Full Participation in Practice,Darnell Savage,
2023,19,GB,DT,Tedarrell Slaton,00-0036642,,,Full Participation in Practice,Tedarrell Slaton,
2023,19,GB,T,Zach Tom,00-0037817,,,Full Participation in Practice,Zach Tom,
2023,19,GB,LB,Quay Walker,00-0037074,,,Full Participation in Practice,Quay Walker,
2023,19,GB,RB,Emanuel Wilson,00-0038797,,,Full Participation in Practice,Emanuel Wilson,
2023,19,GB,WR,Romeo Doubs,00-0037816,,,Limited Participation in Practice,Romeo Doubs,
2023,19,GB,G,Elgton Jenkins,00-0035526,,,Limited Participation in Practice,Elgton Jenkins,
2023,19,GB,RB,Aaron Jones,00-0033293,,,Limited Participation in Practice,Aaron Jones,
2023,19,GB,S,Jonathan Owens,00-0034485,,,Limited Participation in Practice,Jonathan Owens,
2023,19,GB,LB,Preston Smith,00-0031935,,,Limited Participation in Practice,Preston Smith,
2023,19,GB,RB,A.J. Dillon,00-0036265,Doubtful,Thumb,Did Not Participate In Practice,A.J. Dillon,DOUBTFUL
2023,19,GB,CB,Jaire Alexander,00-0034728,Questionable,Shoulder,Did Not Participate In Practice,Jaire Alexander,QUESTIONABLE
2023,19,GB,WR,Christian Watson,00-0038124,Questionable,Hamstring,Limited Participation in Practice,Christian Watson,QUESTIONABLE
2023,19,HOU,G,Shaquille Mason,00-0031580,,,Did Not Participate In Practice,Shaquille Mason,
2023,19,HOU,T,Laremy Tunsil,00-0032380,,,Did Not Participate In Practice,Laremy Tunsil,
2023,19,HOU,C,Michael Deiter,00-0035686,,,Full Participation in Practice,Michael Deiter,
2023,19,HOU,DE,Jerry Hughes,00-0027881,Out,Ankle,Did Not Participate In Practice,Jerry Hughes,OUT
2023,19,HOU,DE,Will Anderson,00-0039108,Questionable,Ankle,Limited Participation in Practice,Will Anderson,QUESTIONABLE
2023,19,HOU,FB,Andrew Beck,00-0034959,Questionable,Calf,Limited Participation in Practice,Andrew Beck,QUESTIONABLE
2023,19,HOU,WR,Noah Brown,00-0033591,Questionable,Back,Limited Participation in Practice,Noah Brown,QUESTIONABLE
2023,19,HOU,DT,Maliek Collins,00-0033131,Questionable,Hip,Limited Participation in Practice,Maliek Collins,QUESTIONABLE
2023,19,HOU,DE,Jonathan Greenard,00-0036224,Questionable,Ankle,Limited Participation in Practice,Jonathan Greenard,QUESTIONABLE
2023,19,HOU,DT,Sheldon Rankins,00-0032759,Questionable,Shoulder,Limited Participation in Practice,Sheldon Rankins,QUESTIONABLE
2023,19,HOU,WR,Robert Woods,00-0030431,Questionable,Hip,Limited Participation in Practice,Robert Woods,QUESTIONABLE
2023,19,KC,LB,Nick Bolton,00-0036621,,,Full Participation in Practice,Nick Bolton,
2023,19,KC,S,Deon Bush,00-0032774,,,Full Participation in Practice,Deon Bush,
2023,19,KC,CB,Chamarri Conner,00-0038982,,,Full Participation in Practice,Chamarri Conner,
2023,19,KC,TE,Noah Gray,00-0036637,,,Full Participation in Practice,Noah Gray,
2023,19,KC,RB,Isiah Pacheco,00-0037197,,,Full Participation in Practice,Isiah Pacheco,
2023,19,KC,WR,Rashee Rice,00-0039067,,,Full Participation in Practice,Rashee Rice,
2023,19,KC,T,Donovan Smith,00-0032217,,,Full Participation in Practice,Donovan Smith,
2023,19,KC,CB,L'Jarius Sneed,00-0036374,,,Full Participation in Practice,L'Jarius Sneed,
2023,19,KC,T,Jawaan Taylor,00-0035237,,,Full Participation in Practice,Jawaan Taylor,
2023,19,KC,WR,Marquez Valdes-Scantling,00-0034272,,,Full Participation in Practice,Marquez Valdes-Scantling,
2023,19,KC,CB,Jaylen Watson,00-0037195,,,Full Participation in Practice,Jaylen Watson,
2023,19,KC,T,Wanya Morris,00-0038981,Out,Concussion,Did Not Participate In Practice,Wanya Morris,OUT
2023,19,KC,WR,Justyn Ross,00-0037216,Questionable,Hamstring,Limited Participation in Practice,Justyn Ross,QUESTIONABLE
2023,19,KC,WR,Kadarius Toney,00-0036913,Questionable,Hip,Limited Participation in Practice,Kadarius Toney,QUESTIONABLE
2023,19,LA,C,Brian Allen,00-0034804,,,Did Not Participate In Practice,Brian Allen,
2023,19,LA,T,Alaric Jackson,00-0036603,,,Did Not Participate In Practice,Alaric Jackson,
2023,19,LA,T,Rob Havenstein,00-0032242,,,Full Participation in Practice,Rob Havenstein,
2023,19,LA,DT,Bobby Brown,00-0036903,Questionable,Illness,Did Not Participate In Practice,Bobby Brown,QUESTIONABLE
2023,19,LA,S,Jordan Fuller,00-0036431,Questionable,Ankle,Did Not Participate In Practice,Jordan Fuller,QUESTIONABLE
2023,19,LA,G,Kevin Dotson,00-0036339,Questionable,Shoulder,Limited Participation in Practice,Kevin Dotson,QUESTIONABLE
2023,19,LA,TE,Tyler Higbee,00-0033110,Questionable,Shoulder,Limited Participation in Practice,Tyler Higbee,QUESTIONABLE
2023,19,LA,T,Joseph Noteboom,00-0034803,Questionable,Foot,Limited Participation in Practice,Joseph Noteboom,QUESTIONABLE
2023,19,LA,LB,Troy Reeder,00-0035617,Questionable,Knee,Limited Participation in Practice,Troy Reeder,QUESTIONABLE
2023,19,MIA,RB,Devon Achane,00-0039040,,,Full Participation in Practice,Devon Achane,
2023,19,MIA,T,Terron Armstead,00-0030067,,,Full Participation in Practice,Terron Armstead,
2023,19,MIA,G,Liam Eichenberg,00-0037010,,,Full Participation in Practice,Liam Eichenberg,
2023,19,MIA,WR,Tyreek Hill,00-0033040,,,Limited Participation in Practice,Tyreek Hill,
2023,19,MIA,CB,Jalen Ramsey,00-0033055,,,Limited Participation in Practice,Jalen Ramsey,
2023,19,MIA,CB,Xavien Howard,00-0033050,Out,Foot,Did Not Participate In Practice,Xavien Howard,OUT
2023,19,MIA,S,DeShon Elliott,00-0034277,Questionable,Calf,Did Not Participate In Practice,DeShon Elliott,QUESTIONABLE
2023,19,MIA,S,Jevon Holland,00-0036998,Questionable,Knee,Did Not Participate In Practice,Jevon Holland,QUESTIONABLE
2023,19,MIA,RB,Raheem Mostert,00-0031687,Questionable,Knee,Limited Participation in Practice,Raheem Mostert,QUESTIONABLE
2023,19,MIA,WR,Jaylen Waddle,00-0036613,Questionable,Ankle,Limited Participation in Practice,Jaylen Waddle,QUESTIONABLE
2023,19,PHI,WR,Britain Covey,00-0037132,,,Full Participation in Practice,Britain Covey,
2023,19,PHI,QB,Jalen Hurts,00-0036389,,,Full Participation in Practice,Jalen Hurts,
2023,19,PHI,CB,Darius Slay,00-0030062,,,Full Participation in Practice,Darius Slay,
2023,19,PHI,WR,DeVonta Smith,00-0036912,,,Full Participation in Practice,DeVonta Smith,
2023,19,PHI,RB,D'Andre Swift,00-0036275,,,Full Participation in Practice,D'Andre Swift,
2023,19,PHI,S,Sydney Brown,00-0039002,Out,Knee,Did Not Participate In Practice,Sydney Brown,OUT
2023,19,PHI,WR,A.J. Brown,00-0035676,Out,Knee,Did Not Participate In Practice,A.J. Brown,OUT
2023,19,PHI,S,Reed Blankenship,00-0037130,Questionable,Groin,Did Not Participate In Practice,Reed Blankenship,QUESTIONABLE
2023,19,PIT,G,Isaac Seumalo,00-0032954,,,Did Not Participate In Practice,Isaac Seumalo,
2023,19,PIT,S,Minkah Fitzpatrick,00-0034789,,,Full Participation in Practice,Minkah Fitzpatrick,
2023,19,PIT,RB,Najee Harris,00-0036893,,,Full Participation in Practice,Najee Harris,
2023,19,PIT,LB,Elandon Roberts,00-0032442,,,Full Participation in Practice,Elandon Roberts,
2023,19,PIT,DT,Cameron Heyward,00-0027969,,,Limited Participation in Practice,Cameron Heyward,
2023,19,PIT,DT,Larry Ogunjobi,00-0033905,,,Limited Participation in Practice,Larry Ogunjobi,
2023,19,PIT,CB,Patrick Peterson,00-0027943,,,Limited Participation in Practice,Patrick Peterson,
2023,19,PIT,LB,T.J. Watt,00-0033886,Out,Knee,Did Not Participate In Practice,T.J. Watt,OUT
2023,19,TB,WR,Mike Evans,00-0031408,,,Did Not Participate In Practice,Mike Evans,
2023,19,TB,WR,Chris Godwin,00-0033921,,,Full Participation in Practice,Chris Godwin,
2023,19,TB,T,Tristan Wirfs,00-0036406,,,Full Participation in Practice,Tristan Wirfs,
2023,19,TB,DT,Mike Greene,00-0037627,Out,Calf,Full Participation in Practice,Mike Greene,OUT
2023,19,TB,LB,K.J. Britt,00-0036643,Questionable,Calf,Full Participation in Practice,K.J. Britt,QUESTIONABLE
2023,19,TB,CB,Josh Hayes,00-0039051,Questionable,Quadricep,Limited Participation in Practice,Josh Hayes,QUESTIONABLE
2023,19,TB,QB,Baker Mayfield,00-0034855,Questionable,Ankle,Limited Participation in Practice,Baker Mayfield,QUESTIONABLE
