season,week,team,position,full_name,gsis_id,report_status,report_primary_injury,practice_status,player,injury_status
2021,1,ARI,TE,Darrell Daniels,00-0033258,,,Full Participation in Practice,Darrell Daniels,
2021,1,ARI,LB,Dennis Gardeck,00-0034473,Out,Knee,Did Not Participate In Practice,Dennis Gardeck,OUT
2021,1,ARI,WR,Antoine Wesley,00-0035126,Out,Illness,Did Not Participate In Practice,Antoine Wesley,OUT
2021,1,ATL,DT,Grady Jarrett,00-0031583,,,Did Not Participate In Practice,Grady Jarrett,
2021,1,ATL,LB,Brandon Copeland,00-0030010,,,Full Participation in Practice,Brandon Copeland,
2021,1,BAL,TE,Nick Boyle,00-0031598,,,Did Not Participate In Practice,Nick Boyle,
2021,1,BAL,DE,Calais Campbell,00-0026190,,,Did Not Participate In Practice,Calais Campbell,
2021,1,BAL,T,Ronnie Stanley,00-0032965,,,Did Not Participate In Practice,Ronnie Stanley,
2021,1,BAL,DT,Brandon Williams,00-0030511,,,Did Not Participate In Practice,Brandon Williams,
2021,1,BAL,RB,Gus Edwards,00-0034184,,,Limited Participation in Practice,Gus Edwards,
2021,1,BAL,CB,Marcus Peters,00-0032165,,,Limited Participation in Practice,Marcus Peters,
2021,1,BAL,DE,Derek Wolfe,00-0029586,Out,Back,Did Not Participate In Practice,Derek Wolfe,OUT
2021,1,BAL,LB,Daelin Hayes,00-0036562,Questionable,Knee,Full Participation in Practice,Daelin Hayes,QUESTIONABLE
2021,1,BAL,CB,Jimmy Smith,00-0027965,Questionable,Ankle,Limited Participation in Practice,Jimmy Smith,QUESTIONABLE
2021,1,BUF,DE,Mario Addison,00-0028339,,,Did Not Participate In Practice,Mario Addison,
2021,1,BUF,CB,Taron Johnson,00-0034376,,,Full Participation in Practice,Taron Johnson,
2021,1,BUF,WR,Isaiah McKenzie,00-0033466,,,Full Participation in Practice,Isaiah McKenzie,
2021,1,BUF,DT,Harrison Phillips,00-0034782,,,Full Participation in Practice,Harrison Phillips,
2021,1,BUF,DT,Star Lotulelei,00-0030455,Out,Calf,Did Not Participate In Practice,Star Lotulelei,OUT
2021,1,BUF,WR,Emmanuel Sanders,00-0027685,Questionable,Foot,Limited Participation in Practice,Emmanuel Sanders,QUESTIONABLE
2021,1,CAR,WR,Shi Smith,00-0036572,Out,Shoulder,Did Not Participate In Practice,Shi Smith,OUT
2021,1,CHI,CB,Xavier Crawford,00-0035293,,,Full Participation in Practice,Xavier Crawford,
2021,1,CHI,TE,Jimmy Graham,00-0027696,,,Full Participation in Practice,Jimmy Graham,
2021,1,CHI,TE,J.P. Holtz,00-0032986,,,Full Participation in Practice,J.P. Holtz,
2021,1,CHI,DT,Khyiris Tonga,00-0036909,,,Full Participation in Practice,Khyiris Tonga,
2021,1,CHI,RB,Damien Williams,00-0030874,,,Full Participation in Practice,Damien Williams,
2021,1,CHI,DT,Eddie Goldman,00-0031551,Doubtful,Knee,Did Not Participate In Practice,Eddie Goldman,DOUBTFUL
2021,1,CHI,S,Deon Bush,00-0032774,Questionable,Shoulder,Full Participation in Practice,Deon Bush,QUESTIONABLE
2021,1,CHI,LB,Joel Iyiegbuniwe,00-0034372,Questionable,Shoulder,Full Participation in Practice,Joel Iyiegbuniwe,QUESTIONABLE
2021,1,CHI,S,Eddie Jackson,00-0033784,Questionable,Wrist,Full Participation in Practice,Eddie Jackson,QUESTIONABLE
2021,1,CHI,LB,Khalil Mack,00-0031040,Questionable,Groin,Full Participation in Practice,Khalil Mack,QUESTIONABLE
2021,1,CHI,WR,Darnell Mooney,00-0036309,Questionable,Back,Full Participation in Practice,Darnell Mooney,QUESTIONABLE
2021,1,CHI,LB,Robert Quinn,00-0027952,Questionable,Back,Full Participation in Practice,Robert Quinn,QUESTIONABLE
2021,1,CHI,LS,Patrick Scales,00-0028284,Questionable,Ankle,Full Participation in Practice,Patrick Scales,QUESTIONABLE
2021,1,CHI,S,Tashaun Gipson,00-0028924,Questionable,Back,Limited Participation in Practice,Tashaun Gipson,QUESTIONABLE
2021,1,CIN,C,Trey Hill,00-0036856,,,Full Participation in Practice,Trey Hill,
2021,1,CIN,TE,Mitchell Wilcox,00-0035771,,,Full Participation in Practice,Mitchell Wilcox,
2021,1,CIN,CB,Trae Waynes,00-0031546,Out,Hamstring,Did Not Participate In Practice,Trae Waynes,OUT
2021,1,CLE,WR,Rashard Higgins,00-0032977,,,Full Participation in Practice,Rashard Higgins,
2021,1,CLE,CB,Troy Hill,00-0031785,,,Full Participation in Practice,Troy Hill,
2021,1,CLE,LB,Sione Takitaki,00-0035646,,,Full Participation in Practice,Sione Takitaki,
2021,1,CLE,CB,Greedy Williams,00-0035638,,,Full Participation in Practice,Greedy Williams,
2021,1,CLE,LB,Tony Fields,00-0036634,Out,Illness,Did Not Participate In Practice,Tony Fields,OUT
2021,1,CLE,T,Michael Dunn,00-0033995,Out,Back,Limited Participation in Practice,Michael Dunn,OUT
2021,1,CLE,S,Ronnie Harrison,00-0034779,Questionable,Ankle,Full Participation in Practice,Ronnie Harrison,QUESTIONABLE
2021,1,CLE,K,Chase McLaughlin,00-0035358,Questionable,right Hamstring,Full Participation in Practice,Chase McLaughlin,QUESTIONABLE
2021,1,CLE,WR,Odell Beckham,00-0031235,Questionable,Knee,Limited Participation in Practice,Odell Beckham,QUESTIONABLE
2021,1,CLE,DE,Jadeveon Clowney,00-0031364,Questionable,Illness,Limited Participation in Practice,Jadeveon Clowney,QUESTIONABLE
2021,1,CLE,S,Grant Delpit,00-0036282,Questionable,Hamstring,Limited Participation in Practice,Grant Delpit,QUESTIONABLE
2021,1,CLE,C,J.C. Tretter,00-0030076,Questionable,Knee,Limited Participation in Practice,J.C. Tretter,QUESTIONABLE
2021,1,DAL,DE,Tarell Basham,00-0033917,,,Full Participation in Practice,Tarell Basham,
2021,1,DAL,T,La'el Collins,00-0031534,,,Full Participation in Practice,La'el Collins,
2021,1,DAL,DE,Chauncey Golston,00-0036982,,,Full Participation in Practice,Chauncey Golston,
2021,1,DAL,CB,C.J. Goodwin,00-0031357,,,Full Participation in Practice,C.J. Goodwin,
2021,1,DAL,DE,Demarcus Lawrence,00-0031411,,,Full Participation in Practice,Demarcus Lawrence,
2021,1,DAL,LS,Jake McQuaide,00-0028394,,,Full Participation in Practice,Jake McQuaide,
2021,1,DAL,T,Ty Nsekhe,00-0029709,,,Full Participation in Practice,Ty Nsekhe,
2021,1,DAL,QB,Dak Prescott,00-0033077,,,Full Participation in Practice,Dak Prescott,
2021,1,DAL,S,Donovan Wilson,00-0035301,,,Full Participation in Practice,Donovan Wilson,
2021,1,DEN,TE,Noah Fant,00-0035644,,,Full Participation in Practice,Noah Fant,
2021,1,DEN,LB,Von Miller,00-0027940,,,Full Participation in Practice,Von Miller,
2021,1,DEN,TE,Albert Okwuegbunam,00-0036423,,,Full Participation in Practice,Albert Okwuegbunam,
2021,1,DEN,WR,Courtland Sutton,00-0034348,,,Full Participation in Practice,Courtland Sutton,
2021,1,DEN,LB,Bradley Chubb,00-0034832,Questionable,Ankle,Limited Participation in Practice,Bradley Chubb,QUESTIONABLE
2021,1,DET,TE,Darren Fells,00-0029738,,,Full Participation in Practice,Darren Fells,
2021,1,DET,TE,T.J. Hockenson,00-0035229,,,Full Participation in Practice,T.J. Hockenson,
2021,1,DET,RB,D'Andre Swift,00-0036275,,,Full Participation in Practice,D'Andre Swift,
2021,1,DET,T,Taylor Decker,00-0032381,Out,Finger,Did Not Participate In Practice,Taylor Decker,OUT
2021,1,DET,DE,Michael Brockers,00-0029630,Questionable,Shoulder,Limited Participation in Practice,Michael Brockers,QUESTIONABLE
2021,1,DET,DT,Levi Onwuzurike,00-0036954,Questionable,Hip,Limited Participation in Practice,Levi Onwuzurike,QUESTIONABLE
2021,1,DET,CB,A.J. Parker,00-0036752,Questionable,Shoulder,Limited Participation in Practice,A.J. Parker,QUESTIONABLE
2021,1,DET,DE,Nicholas Williams,00-0030500,Questionable,Elbow,Limited Participation in Practice,Nicholas Williams,QUESTIONABLE
2021,1,GB,TE,Marcedes Lewis,00-0024243,,,Full Participation in Practice,Marcedes Lewis,
2021,1,GB,LB,Preston Smith,00-0031935,,,Full Participation in Practice,Preston Smith,
2021,1,GB,S,Vernon Scott,00-0036243,Out,Hamstring,Did Not Participate In Practice,Vernon Scott,OUT
2021,1,GB,LB,Za'Darius Smith,00-0031576,Questionable,Back,Did Not Participate In Practice,Za'Darius Smith,QUESTIONABLE
2021,1,GB,DT,Tyler Lancaster,00-0034185,Questionable,Back,Limited Participation in Practice,Tyler Lancaster,QUESTIONABLE
2021,1,HOU,DT,Maliek Collins,00-0033131,,,Full Participation in Practice,Maliek Collins,
2021,1,HOU,DE,Whitney Mercilus,00-0029643,,,Full Participation in Practice,Whitney Mercilus,
2021,1,HOU,CB,Lonnie Johnson,00-0035244,Out,Thigh,Did Not Participate In Practice,Lonnie Johnson,OUT
2021,1,HOU,QB,Deshaun Watson,00-0033537,Out,Not injury related - personal matter,Did Not Participate In Practice,Deshaun Watson,OUT
2021,1,HOU,DE,Jonathan Greenard,00-0036224,Questionable,Illness,Did Not Participate In Practice,Jonathan Greenard,QUESTIONABLE
2021,1,HOU,LB,Kevin Pierre-Louis,00-0031308,Questionable,Thigh,Did Not Participate In Practice,Kevin Pierre-Louis,QUESTIONABLE
2021,1,IND,LB,Shaquille Leonard,00-0034846,,,Did Not Participate In Practice,Shaquille Leonard,
2021,1,IND,WR,Parris Campbell,00-0035639,,,Full Participation in Practice,Parris Campbell,
2021,1,IND,TE,Jack Doyle,00-0030181,,,Full Participation in Practice,Jack Doyle,
2021,1,IND,QB,Carson Wentz,00-0032950,,,Full Participation in Practice,Carson Wentz,
2021,1,IND,CB,Xavier Rhodes,00-0030575,Out,Calf,Did Not Participate In Practice,Xavier Rhodes,OUT
2021,1,IND,DE,Kemoko Turay,00-0034354,Out,Groin,Did Not Participate In Practice,Kemoko Turay,OUT
2021,1,IND,T,Eric Fisher,00-0030584,Out,Achilles,Limited Participation in Practice,Eric Fisher,OUT
2021,1,IND,G,Quenton Nelson,00-0034342,Questionable,Foot,Full Participation in Practice,Quenton Nelson,QUESTIONABLE
2021,1,IND,G,Danny Pinter,00-0036215,Questionable,Foot,Full Participation in Practice,Danny Pinter,QUESTIONABLE
2021,1,JAX,CB,Tre Herndon,00-0034516,Out,Knee,Did Not Participate In Practice,Tre Herndon,OUT
2021,1,JAX,CB,Tyson Campbell,00-0036974,Questionable,Calf,Limited Participation in Practice,Tyson Campbell,QUESTIONABLE
2021,1,JAX,DE,Jordan Smith,00-0036868,Questionable,Knee,Limited Participation in Practice,Jordan Smith,QUESTIONABLE
2021,1,KC,G,Laurent Duvernay-Tardif,00-0031022,,,Full Participation in Practice,Laurent Duvernay-Tardif,
2021,1,KC,RB,Clyde Edwards-Helaire,00-0036360,,,Full Participation in Practice,Clyde Edwards-Helaire,
2021,1,KC,WR,Mecole Hardman,00-0035140,,,Full Participation in Practice,Mecole Hardman,
2021,1,KC,T,Mike Remmers,00-0029164,,,Full Participation in Practice,Mike Remmers,
2021,1,KC,G,Trey Smith,00-0036660,,,Full Participation in Practice,Trey Smith,
2021,1,KC,C,Austin Blythe,00-0032455,Out,Abdomen,Did Not Participate In Practice,Austin Blythe,OUT
2021,1,KC,S,Tyrann Mathieu,00-0030459,Questionable,Illness,"
    ",Tyrann Mathieu,QUESTIONABLE
2021,1,KC,DE,Frank Clark,00-0032210,Questionable,Hamstring,Limited Participation in Practice,Frank Clark,QUESTIONABLE
2021,1,KC,DT,Derrick Nnadi,00-0034818,Questionable,Hip,Limited Participation in Practice,Derrick Nnadi,QUESTIONABLE
2021,1,LA,WR,DeSean Jackson,00-0026189,,,Did Not Participate In Practice,DeSean Jackson,
2021,1,LA,LB,Terrell Lewis,00-0036419,,,Full Participation in Practice,Terrell Lewis,
2021,1,LA,DT,A'Shawn Robinson,00-0032889,,,Full Participation in Practice,A'Shawn Robinson,
2021,1,LA,T,Andrew Whitworth,00-0024270,,,Full Participation in Practice,Andrew Whitworth,
2021,1,LA,WR,Ben Skowronek,00-0036862,Doubtful,Forearm,Limited Participation in Practice,Ben Skowronek,DOUBTFUL
2021,1,LAC,T,Bryan Bulaga,00-0027875,,,Full Participation in Practice,Bryan Bulaga,
2021,1,LAC,RB,Gabe Nabers,00-0035908,,,Full Participation in Practice,Gabe Nabers,
2021,1,LAC,S,Trey Marshall,00-0034111,Out,Ankle,Did Not Participate In Practice,Trey Marshall,OUT
2021,1,LAC,RB,Austin Ekeler,00-0033699,Questionable,Hamstring,Limited Participation in Practice,Austin Ekeler,QUESTIONABLE
2021,1,LV,DE,Clelin Ferrell,00-0035692,,,Full Participation in Practice,Clelin Ferrell,
2021,1,LV,T,Alex Leatherwood,00-0036892,,,Full Participation in Practice,Alex Leatherwood,
2021,1,LV,DE,Carl Nassib,00-0033129,,,Full Participation in Practice,Carl Nassib,
2021,1,LV,RB,Josh Jacobs,00-0035700,,,Limited Participation in Practice,Josh Jacobs,
2021,1,LV,G,Richie Incognito,00-0023516,Out,Calf,Did Not Participate In Practice,Richie Incognito,OUT
2021,1,LV,CB,Roderic Teamer,00-0035437,Doubtful,Shoulder,Did Not Participate In Practice,Roderic Teamer,DOUBTFUL
2021,1,MIA,RB,Salvon Ahmed,00-0036020,,,Full Participation in Practice,Salvon Ahmed,
2021,1,MIA,T,Liam Eichenberg,00-0037010,,,Full Participation in Practice,Liam Eichenberg,
2021,1,MIA,S,Clayton Fejedelem,00-0032807,,,Full Participation in Practice,Clayton Fejedelem,
2021,1,MIA,WR,DeVante Parker,00-0031547,,,Full Participation in Practice,DeVante Parker,
2021,1,MIA,LB,Elandon Roberts,00-0032442,,,Full Participation in Practice,Elandon Roberts,
2021,1,MIA,WR,Albert Wilson,00-0030669,,,Full Participation in Practice,Albert Wilson,
2021,1,MIA,T,Austin Jackson,00-0036248,Questionable,Illness,"
    ",Austin Jackson,QUESTIONABLE
2021,1,MIA,WR,Preston Williams,00-0035350,Questionable,Foot,Limited Participation in Practice,Preston Williams,QUESTIONABLE
2021,1,MIN,TE,Tyler Conklin,00-0034270,,,Full Participation in Practice,Tyler Conklin,
2021,1,MIN,RB,Alexander Mattison,00-0034972,,,Full Participation in Practice,Alexander Mattison,
2021,1,MIN,S,Josh Metellus,00-0036348,,,Full Participation in Practice,Josh Metellus,
2021,1,MIN,WR,Dede Westbrook,00-0033839,,,Full Participation in Practice,Dede Westbrook,
2021,1,MIN,LB,Anthony Barr,00-0031256,Out,Knee,Did Not Participate In Practice,Anthony Barr,OUT
2021,1,MIN,T,Christian Darrisaw,00-0036616,Out,Groin,Limited Participation in Practice,Christian Darrisaw,OUT
2021,1,NE,WR,Malcolm Perry,00-0036245,Out,Foot,Did Not Participate In Practice,Malcolm Perry,OUT
2021,1,NE,WR,Nelson Agholor,00-0031549,Questionable,Ankle,Limited Participation in Practice,Nelson Agholor,QUESTIONABLE
2021,1,NE,T,Yodny Cajuste,00-0035252,Questionable,Hamstring,Limited Participation in Practice,Yodny Cajuste,QUESTIONABLE
2021,1,NE,S,Jalen Mills,00-0032803,Questionable,Ankle,Limited Participation in Practice,Jalen Mills,QUESTIONABLE
2021,1,NE,LB,Ronnie Perkins,00-0036978,Questionable,Shoulder,Limited Participation in Practice,Ronnie Perkins,QUESTIONABLE
2021,1,NO,T,Terron Armstead,00-0030067,,,Did Not Participate In Practice,Terron Armstead,
2021,1,NO,CB,Ken Crawley,00-0032875,Out,Hamstring,Did Not Participate In Practice,Ken Crawley,OUT
2021,1,NO,WR,Tre'Quan Smith,00-0034765,Out,Hamstring,Did Not Participate In Practice,Tre'Quan Smith,OUT
2021,1,NO,T,James Hurst,00-0030694,Questionable,Knee,Did Not Participate In Practice,James Hurst,QUESTIONABLE
2021,1,NO,CB,Marshon Lattimore,00-0033874,Questionable,Knee,Full Participation in Practice,Marshon Lattimore,QUESTIONABLE
2021,1,NYG,WR,Kenny Golladay,00-0033932,,,Limited Participation in Practice,Kenny Golladay,
2021,1,NYG,LB,Justin Hilliard,00-0036673,,,Limited Participation in Practice,Justin Hilliard,
2021,1,NYG,CB,Josh Jackson,00-0034751,,,Limited Participation in Practice,Josh Jackson,
2021,1,NYG,TE,Kyle Rudolph,00-0027981,,,Limited Participation in Practice,Kyle Rudolph,
2021,1,NYG,DT,Danny Shelton,00-0032143,,,Limited Participation in Practice,Danny Shelton,
2021,1,NYG,TE,Kaden Smith,00-0034988,,,Limited Participation in Practice,Kaden Smith,
2021,1,NYG,T,Andrew Thomas,00-0036386,,,Limited Participation in Practice,Andrew Thomas,
2021,1,NYG,WR,Kadarius Toney,00-0036913,,,Limited Participation in Practice,Kadarius Toney,
2021,1,NYG,TE,Evan Engram,00-0033881,Out,Calf,Did Not Participate In Practice,Evan Engram,OUT
2021,1,NYG,RB,Saquon Barkley,00-0034844,Questionable,Knee,Limited Participation in Practice,Saquon Barkley,QUESTIONABLE
2021,1,NYG,CB,Adoree' Jackson,00-0033878,Questionable,Ankle,Limited Participation in Practice,Adoree' Jackson,QUESTIONABLE
2021,1,NYJ,T,Mekhi Becton,00-0036284,,,Full Participation in Practice,Mekhi Becton,
2021,1,NYJ,S,Sharrod Neasman,00-0032592,Out,Hamstring,Did Not Participate In Practice,Sharrod Neasman,OUT
2021,1,NYJ,WR,Keelan Cole,00-0033681,Questionable,Knee,Did Not Participate In Practice,Keelan Cole,QUESTIONABLE
2021,1,NYJ,RB,La'Mical Perine,00-0036269,Questionable,Foot,Full Participation in Practice,La'Mical Perine,QUESTIONABLE
2021,1,PHI,G,Brandon Brooks,00-0029679,,,Limited Participation in Practice,Brandon Brooks,
2021,1,PHI,G,Landon Dickerson,00-0037002,Out,Knee,Limited Participation in Practice,Landon Dickerson,OUT
2021,1,PHI,S,Rodney McLeod,00-0028899,Out,Knee,Limited Participation in Practice,Rodney McLeod,OUT
2021,1,PHI,LB,Davion Taylor,00-0036393,Questionable,Calf,Full Participation in Practice,Davion Taylor,QUESTIONABLE
2021,1,PIT,DE,Tyson Alualu,00-0027862,,,Full Participation in Practice,Tyson Alualu,
2021,1,PIT,C,Kendrick Green,00-0036983,,,Full Participation in Practice,Kendrick Green,
2021,1,PIT,WR,James Washington,00-0034676,,,Limited Participation in Practice,James Washington,
2021,1,PIT,LB,Alex Highsmith,00-0036333,Questionable,Groin,Full Participation in Practice,Alex Highsmith,QUESTIONABLE
2021,1,SEA,T,Duane Brown,00-0026166,,,Did Not Participate In Practice,Duane Brown,
2021,1,SEA,G,Gabe Jackson,00-0031367,,,Did Not Participate In Practice,Gabe Jackson,
2021,1,SEA,S,Marquise Blair,00-0035139,,,Full Participation in Practice,Marquise Blair,
2021,1,SEA,RB,Chris Carson,00-0033594,,,Full Participation in Practice,Chris Carson,
2021,1,SEA,RB,Alex Collins,00-0032426,,,Full Participation in Practice,Alex Collins,
2021,1,SEA,WR,D'Wayne Eskridge,00-0036620,,,Full Participation in Practice,D'Wayne Eskridge,
2021,1,SEA,CB,Tre Flowers,00-0034756,,,Full Participation in Practice,Tre Flowers,
2021,1,SEA,CB,Sidney Jones,00-0033543,,,Full Participation in Practice,Sidney Jones,
2021,1,SEA,G,Damien Lewis,00-0036417,,,Full Participation in Practice,Damien Lewis,
2021,1,SEA,DT,Bryan Mone,00-0035094,,,Full Participation in Practice,Bryan Mone,
2021,1,SEA,CB,Ryan Neal,00-0034527,,,Full Participation in Practice,Ryan Neal,
2021,1,SEA,RB,Rashaad Penny,00-0034750,,,Full Participation in Practice,Rashaad Penny,
2021,1,SEA,C,Ethan Pocic,00-0033901,,,Full Participation in Practice,Ethan Pocic,
2021,1,SEA,S,D.J. Reed,00-0034384,,,Full Participation in Practice,D.J. Reed,
2021,1,SEA,QB,Geno Smith,00-0030565,,,Full Participation in Practice,Geno Smith,
2021,1,SEA,WR,DK Metcalf,00-0035640,,,Limited Participation in Practice,DK Metcalf,
2021,1,SF,WR,Brandon Aiyuk,00-0036261,,,Full Participation in Practice,Brandon Aiyuk,
2021,1,SF,G,Aaron Banks,00-0036551,,,Full Participation in Practice,Aaron Banks,
2021,1,SF,DE,Nick Bosa,00-0035717,,,Full Participation in Practice,Nick Bosa,
2021,1,SF,DE,Dee Ford,00-0031297,,,Full Participation in Practice,Dee Ford,
2021,1,SF,LB,Dre Greenlaw,00-0034982,,,Full Participation in Practice,Dre Greenlaw,
2021,1,SF,CB,Jason Verrett,00-0031334,,,Full Participation in Practice,Jason Verrett,
2021,1,SF,QB,Trey Lance,00-0037012,,,Limited Participation in Practice,Trey Lance,
2021,1,SF,WR,Jalen Hurd,00-0034971,Out,Knee,Did Not Participate In Practice,Jalen Hurd,OUT
2021,1,SF,DT,Javon Kinlaw,00-0036260,Doubtful,Knee,Did Not Participate In Practice,Javon Kinlaw,DOUBTFUL
2021,1,SF,CB,Emmanuel Moseley,00-0034096,Doubtful,Knee,Did Not Participate In Practice,Emmanuel Moseley,DOUBTFUL
2021,1,SF,DT,Kevin Givens,00-0035026,Questionable,Hip,Limited Participation in Practice,Kevin Givens,QUESTIONABLE
2021,1,TB,RB,Giovani Bernard,00-0030456,,,Full Participation in Practice,Giovani Bernard,
2021,1,TB,WR,Antonio Brown,00-0027793,,,Full Participation in Practice,Antonio Brown,
2021,1,TB,WR,Chris Godwin,00-0033921,,,Full Participation in Practice,Chris Godwin,
2021,1,TB,TE,Rob Gronkowski,00-0027656,,,Full Participation in Practice,Rob Gronkowski,
2021,1,TB,DT,Steve McLendon,00-0026564,,,Full Participation in Practice,Steve McLendon,
2021,1,TB,DE,Jason Pierre-Paul,00-0027867,,,Full Participation in Practice,Jason Pierre-Paul,
2021,1,TB,S,Jordan Whitehead,00-0034374,Out,Hamstring,Did Not Participate In Practice,Jordan Whitehead,OUT
2021,1,TEN,WR,A.J. Brown,00-0035676,,,Full Participation in Practice,A.J. Brown,
2021,1,TEN,LB,David Long,00-0035292,Out,Hamstring,Did Not Participate In Practice,David Long,OUT
2021,1,TEN,TE,Tommy Hudson,00-0036173,Questionable,Toe,Did Not Participate In Practice,Tommy Hudson,QUESTIONABLE
2021,1,TEN,K,Sam Ficken,00-0033138,Questionable,right Groin,Limited Participation in Practice,Sam Ficken,QUESTIONABLE
2021,1,TEN,CB,Chris Jackson,00-0036240,Questionable,Hamstring,Limited Participation in Practice,Chris Jackson,QUESTIONABLE
2021,1,TEN,WR,Josh Reynolds,00-0033943,Questionable,Foot,Limited Participation in Practice,Josh Reynolds,QUESTIONABLE
2021,1,WAS,WR,Curtis Samuel,00-0033282,,,Did Not Participate In Practice,Curtis Samuel,
2021,2,ARI,WR,A.J. Green,00-0027942,,,Did Not Participate In Practice,A.J. Green,
2021,2,ARI,WR,DeAndre Hopkins,00-0030564,,,Did Not Participate In Practice,DeAndre Hopkins,
2021,2,ARI,C,Rodney Hudson,00-0027993,,,Did Not Participate In Practice,Rodney Hudson,
2021,2,ARI,S,Charles Washington,00-0032560,,,Full Participation in Practice,Charles Washington,
2021,2,ARI,LB,Devon Kennard,00-0031241,Out,Hamstring,Did Not Participate In Practice,Devon Kennard,OUT
2021,2,ARI,T,Kelvin Beachum,00-0029316,Questionable,Ribs,Limited Participation in Practice,Kelvin Beachum,QUESTIONABLE
2021,2,ATL,WR,Frank Darby,00-0036951,Out,Calf,Did Not Participate In Practice,Frank Darby,OUT
2021,2,BAL,DT,Calais Campbell,00-0026190,,,Did Not Participate In Practice,Calais Campbell,
2021,2,BAL,LB,Justin Houston,00-0028008,,,Did Not Participate In Practice,Justin Houston,
2021,2,BAL,LB,Pernell McPhee,00-0028103,,,Did Not Participate In Practice,Pernell McPhee,
2021,2,BAL,CB,Chris Westry,00-0035422,,,Did Not Participate In Practice,Chris Westry,
2021,2,BAL,DE,Derek Wolfe,00-0029586,Out,Back,Did Not Participate In Practice,Derek Wolfe,OUT
2021,2,BAL,T,Ronnie Stanley,00-0032965,Questionable,Ankle,Did Not Participate In Practice,Ronnie Stanley,QUESTIONABLE
2021,2,BAL,WR,Marquise Brown,00-0035662,Questionable,Ankle,Limited Participation in Practice,Marquise Brown,QUESTIONABLE
2021,2,BAL,WR,Devin Duvernay,00-0036331,Questionable,Groin,Limited Participation in Practice,Devin Duvernay,QUESTIONABLE
2021,2,BAL,LB,Daelin Hayes,00-0036562,Questionable,Knee,Limited Participation in Practice,Daelin Hayes,QUESTIONABLE
2021,2,BAL,CB,Marlon Humphrey,00-0033281,Questionable,Back,Limited Participation in Practice,Marlon Humphrey,QUESTIONABLE
2021,2,BAL,CB,Jimmy Smith,00-0027965,Questionable,Ankle,Limited Participation in Practice,Jimmy Smith,QUESTIONABLE
2021,2,BUF,DE,Mario Addison,00-0028339,,,Did Not Participate In Practice,Mario Addison,
2021,2,BUF,WR,Cole Beasley,00-0029000,,,Did Not Participate In Practice,Cole Beasley,
2021,2,BUF,WR,Stefon Diggs,00-0031588,,,Did Not Participate In Practice,Stefon Diggs,
2021,2,BUF,DE,Jerry Hughes,00-0027881,,,Did Not Participate In Practice,Jerry Hughes,
2021,2,BUF,WR,Isaiah McKenzie,00-0033466,,,Full Participation in Practice,Isaiah McKenzie,
2021,2,BUF,LB,Matt Milano,00-0033571,,,Full Participation in Practice,Matt Milano,
2021,2,BUF,WR,Emmanuel Sanders,00-0027685,,,Full Participation in Practice,Emmanuel Sanders,
2021,2,BUF,S,Micah Hyde,00-0030090,,,Limited Participation in Practice,Micah Hyde,
2021,2,BUF,DT,Star Lotulelei,00-0030455,Questionable,Calf,Full Participation in Practice,Star Lotulelei,QUESTIONABLE
2021,2,BUF,WR,Gabe Davis,00-0036196,Questionable,Ankle,Limited Participation in Practice,Gabe Davis,QUESTIONABLE
2021,2,BUF,DE,Efe Obada,00-0031500,Questionable,Calf,Limited Participation in Practice,Efe Obada,QUESTIONABLE
2021,2,CAR,S,Juston Burris,00-0032403,,,Full Participation in Practice,Juston Burris,
2021,2,CAR,S,Sean Chandler,00-0034496,,,Full Participation in Practice,Sean Chandler,
2021,2,CAR,G,Pat Elflein,00-0033909,,,Full Participation in Practice,Pat Elflein,
2021,2,CAR,G,John Miller,00-0032149,,,Full Participation in Practice,John Miller,
2021,2,CAR,WR,Shi Smith,00-0036572,,,Full Participation in Practice,Shi Smith,
2021,2,CAR,DT,DaQuan Jones,00-0031054,,,Limited Participation in Practice,DaQuan Jones,
2021,2,CAR,T,Taylor Moton,00-0033284,,,Limited Participation in Practice,Taylor Moton,
2021,2,CHI,TE,Jimmy Graham,00-0027696,,,Full Participation in Practice,Jimmy Graham,
2021,2,CHI,T,Larry Borom,00-0036905,Out,Ankle,Did Not Participate In Practice,Larry Borom,OUT
2021,2,CHI,DT,Eddie Goldman,00-0031551,Doubtful,Knee,Did Not Participate In Practice,Eddie Goldman,DOUBTFUL
2021,2,CHI,WR,Marquise Goodwin,00-0030068,Questionable,Quadricep,Full Participation in Practice,Marquise Goodwin,QUESTIONABLE
2021,2,CHI,LB,Joel Iyiegbuniwe,00-0034372,Questionable,Shoulder,Full Participation in Practice,Joel Iyiegbuniwe,QUESTIONABLE
2021,2,CHI,WR,Darnell Mooney,00-0036309,Questionable,Back,Full Participation in Practice,Darnell Mooney,QUESTIONABLE
2021,2,CHI,LB,Robert Quinn,00-0027952,Questionable,Back,Full Participation in Practice,Robert Quinn,QUESTIONABLE
2021,2,CHI,WR,Nsimba Webster,00-0035621,Questionable,Hamstring,Full Participation in Practice,Nsimba Webster,QUESTIONABLE
2021,2,CHI,T,Jason Peters,00-0022531,Questionable,Quadricep,Limited Participation in Practice,Jason Peters,QUESTIONABLE
2021,2,CIN,G,Quinton Spain,00-0032043,,,Did Not Participate In Practice,Quinton Spain,
2021,2,CIN,QB,Joe Burrow,00-0036442,,,Full Participation in Practice,Joe Burrow,
2021,2,CIN,G,Jackson Carman,00-0036865,,,Full Participation in Practice,Jackson Carman,
2021,2,CIN,S,Brandon Wilson,00-0033791,,,Full Participation in Practice,Brandon Wilson,
2021,2,CIN,S,Ricardo Allen,00-0031181,Out,Hand,Did Not Participate In Practice,Ricardo Allen,OUT
2021,2,CIN,CB,Trae Waynes,00-0031546,Out,Hamstring,Did Not Participate In Practice,Trae Waynes,OUT
2021,2,CIN,CB,Darius Phillips,00-0034683,Questionable,Thigh,Full Participation in Practice,Darius Phillips,QUESTIONABLE
2021,2,CIN,LB,Markus Bailey,00-0036314,Questionable,Knee,Limited Participation in Practice,Markus Bailey,QUESTIONABLE
2021,2,CLE,S,Grant Delpit,00-0036282,,,Full Participation in Practice,Grant Delpit,
2021,2,CLE,DT,Tommy Togiai,00-0036883,,,Full Participation in Practice,Tommy Togiai,
2021,2,CLE,LB,Mack Wilson,00-0035144,,,Full Participation in Practice,Mack Wilson,
2021,2,CLE,T,Jack Conklin,00-0033057,,,Limited Participation in Practice,Jack Conklin,
2021,2,CLE,CB,Greg Newsome,00-0036996,,,Limited Participation in Practice,Greg Newsome,
2021,2,CLE,LB,Anthony Walker,00-0033570,,,Limited Participation in Practice,Anthony Walker,
2021,2,CLE,T,Christopher Hubbard,00-0029963,Out,Triceps,Did Not Participate In Practice,Christopher Hubbard,OUT
2021,2,CLE,WR,Odell Beckham,00-0031235,Out,Knee,Limited Participation in Practice,Odell Beckham,OUT
2021,2,CLE,T,Jedrick Wills,00-0036267,Questionable,Ankle,Did Not Participate In Practice,Jedrick Wills,QUESTIONABLE
2021,2,CLE,CB,Troy Hill,00-0031785,Questionable,Hamstring,Full Participation in Practice,Troy Hill,QUESTIONABLE
2021,2,CLE,G,Michael Dunn,00-0033995,Questionable,Back,Limited Participation in Practice,Michael Dunn,QUESTIONABLE
2021,2,CLE,WR,Anthony Schwartz,00-0036999,Questionable,Knee,Limited Participation in Practice,Anthony Schwartz,QUESTIONABLE
2021,2,CLE,C,J.C. Tretter,00-0030076,Questionable,Knee,Limited Participation in Practice,J.C. Tretter,QUESTIONABLE
2021,2,DAL,DE,Chauncey Golston,00-0036982,,,Full Participation in Practice,Chauncey Golston,
2021,2,DAL,CB,Nahshon Wright,00-0036986,,,Full Participation in Practice,Nahshon Wright,
2021,2,DAL,DE,Demarcus Lawrence,00-0031411,,,Limited Participation in Practice,Demarcus Lawrence,
2021,2,DAL,T,Ty Nsekhe,00-0029709,Out,Illness,Did Not Participate In Practice,Ty Nsekhe,OUT
2021,2,DAL,S,Donovan Wilson,00-0035301,Questionable,Groin,Did Not Participate In Practice,Donovan Wilson,QUESTIONABLE
2021,2,DAL,S,Damontae Kazee,00-0033512,Questionable,Thigh,Limited Participation in Practice,Damontae Kazee,QUESTIONABLE
2021,2,DEN,TE,Noah Fant,00-0035644,,,Full Participation in Practice,Noah Fant,
2021,2,DEN,DE,Shelby Harris,00-0031270,,,Full Participation in Practice,Shelby Harris,
2021,2,DEN,DE,Shamar Stephen,00-0031242,,,Full Participation in Practice,Shamar Stephen,
2021,2,DEN,G,Graham Glasgow,00-0032395,Doubtful,Illness,Did Not Participate In Practice,Graham Glasgow,DOUBTFUL
2021,2,DEN,LB,Bradley Chubb,00-0034832,Questionable,Ankle,Limited Participation in Practice,Bradley Chubb,QUESTIONABLE
2021,2,DEN,LB,Jonas Griffith,00-0035804,Questionable,Back,Limited Participation in Practice,Jonas Griffith,QUESTIONABLE
2021,2,DET,LB,Romeo Okwara,00-0032655,,,Full Participation in Practice,Romeo Okwara,
2021,2,DET,DE,Levi Onwuzurike,00-0036954,,,Full Participation in Practice,Levi Onwuzurike,
2021,2,DET,RB,Jamaal Williams,00-0033948,,,Full Participation in Practice,Jamaal Williams,
2021,2,DET,DE,Kevin Strong,00-0035334,Out,Concussion,Did Not Participate In Practice,Kevin Strong,OUT
2021,2,DET,WR,Tyrell Williams,00-0032160,Out,Concussion,Did Not Participate In Practice,Tyrell Williams,OUT
2021,2,DET,RB,D'Andre Swift,00-0036275,Questionable,Groin,Full Participation in Practice,D'Andre Swift,QUESTIONABLE
2021,2,DET,DE,Michael Brockers,00-0029630,Questionable,Shoulder,Limited Participation in Practice,Michael Brockers,QUESTIONABLE
2021,2,DET,LB,Trey Flowers,00-0031566,Questionable,Shoulder,Limited Participation in Practice,Trey Flowers,QUESTIONABLE
2021,2,DET,WR,Kalif Raymond,00-0032464,Questionable,Thigh,Limited Participation in Practice,Kalif Raymond,QUESTIONABLE
2021,2,GB,LB,Za'Darius Smith,00-0031576,,,Did Not Participate In Practice,Za'Darius Smith,
2021,2,GB,TE,Marcedes Lewis,00-0024243,,,Full Participation in Practice,Marcedes Lewis,
2021,2,GB,C,Josh Myers,00-0036622,,,Full Participation in Practice,Josh Myers,
2021,2,GB,DT,Tyler Lancaster,00-0034185,,,Limited Participation in Practice,Tyler Lancaster,
2021,2,GB,S,Vernon Scott,00-0036243,Out,Hamstring,Limited Participation in Practice,Vernon Scott,OUT
2021,2,GB,TE,Josiah Deguara,00-0036332,Doubtful,Concussion,Did Not Participate In Practice,Josiah Deguara,DOUBTFUL
2021,2,GB,G,Lucas Patrick,00-0033082,Questionable,Concussion,Limited Participation in Practice,Lucas Patrick,QUESTIONABLE
2021,2,GB,S,Darnell Savage,00-0034968,Questionable,Shoulder,Limited Participation in Practice,Darnell Savage,QUESTIONABLE
2021,2,HOU,LB,Kevin Pierre-Louis,00-0031308,,,Did Not Participate In Practice,Kevin Pierre-Louis,
2021,2,HOU,DE,Jonathan Greenard,00-0036224,,,Full Participation in Practice,Jonathan Greenard,
2021,2,HOU,CB,Lonnie Johnson,00-0035244,,,Full Participation in Practice,Lonnie Johnson,
2021,2,HOU,CB,Desmond King,00-0033566,,,Full Participation in Practice,Desmond King,
2021,2,HOU,WR,Andre Roberts,00-0027691,,,Full Participation in Practice,Andre Roberts,
2021,2,HOU,QB,Deshaun Watson,00-0033537,Out,Not injury related - personal matter,Did Not Participate In Practice,Deshaun Watson,OUT
2021,2,HOU,LB,Kamu Grugier-Hill,00-0032437,Questionable,Illness,Did Not Participate In Practice,Kamu Grugier-Hill,QUESTIONABLE
2021,2,HOU,TE,Pharaoh Brown,00-0033439,Questionable,Ankle,Limited Participation in Practice,Pharaoh Brown,QUESTIONABLE
2021,2,IND,DT,DeForest Buckner,00-0032378,,,Did Not Participate In Practice,DeForest Buckner,
2021,2,IND,TE,Jack Doyle,00-0030181,,,Full Participation in Practice,Jack Doyle,
2021,2,IND,DE,Al-Quadin Muhammad,00-0033964,,,Full Participation in Practice,Al-Quadin Muhammad,
2021,2,IND,WR,Mike Strachan,00-0036482,,,Full Participation in Practice,Mike Strachan,
2021,2,IND,LB,Shaquille Leonard,00-0034846,,,Limited Participation in Practice,Shaquille Leonard,
2021,2,IND,DE,Kemoko Turay,00-0034354,,,Limited Participation in Practice,Kemoko Turay,
2021,2,IND,CB,Xavier Rhodes,00-0030575,Out,Calf,Did Not Participate In Practice,Xavier Rhodes,OUT
2021,2,IND,T,Braden Smith,00-0034836,Out,Foot,Did Not Participate In Practice,Braden Smith,OUT
2021,2,IND,S,Julian Blackmon,00-0036253,Questionable,Back,Did Not Participate In Practice,Julian Blackmon,QUESTIONABLE
2021,2,IND,T,Eric Fisher,00-0030584,Questionable,Achilles,Full Participation in Practice,Eric Fisher,QUESTIONABLE
2021,2,IND,S,Khari Willis,00-0035530,Questionable,Illness,Full Participation in Practice,Khari Willis,QUESTIONABLE
2021,2,IND,WR,Parris Campbell,00-0035639,Questionable,Abdomen,Limited Participation in Practice,Parris Campbell,QUESTIONABLE
2021,2,IND,G,Quenton Nelson,00-0034342,Questionable,Foot,Limited Participation in Practice,Quenton Nelson,QUESTIONABLE
2021,2,IND,DE,Kwity Paye,00-0036479,Questionable,Hamstring,Limited Participation in Practice,Kwity Paye,QUESTIONABLE
2021,2,IND,WR,Michael Pittman,00-0036252,Questionable,Ankle,Limited Participation in Practice,Michael Pittman,QUESTIONABLE
2021,2,JAX,CB,Tyson Campbell,00-0036974,,,Full Participation in Practice,Tyson Campbell,
2021,2,JAX,CB,Tre Herndon,00-0034516,Out,Knee,Limited Participation in Practice,Tre Herndon,OUT
2021,2,JAX,DE,Lerentee McCray,00-0029799,Questionable,Hamstring,Limited Participation in Practice,Lerentee McCray,QUESTIONABLE
2021,2,JAX,DE,Jordan Smith,00-0036868,Questionable,Knee,Limited Participation in Practice,Jordan Smith,QUESTIONABLE
2021,2,KC,C,Austin Blythe,00-0032455,,,Full Participation in Practice,Austin Blythe,
2021,2,KC,DE,Frank Clark,00-0032210,,,Full Participation in Practice,Frank Clark,
2021,2,KC,DE,Michael Danna,00-0036378,,,Full Participation in Practice,Michael Danna,
2021,2,KC,RB,Clyde Edwards-Helaire,00-0036360,,,Full Participation in Practice,Clyde Edwards-Helaire,
2021,2,KC,WR,Tyreek Hill,00-0033040,,,Full Participation in Practice,Tyreek Hill,
2021,2,KC,DT,Derrick Nnadi,00-0034818,,,Full Participation in Practice,Derrick Nnadi,
2021,2,KC,DT,Khalen Saunders,00-0035656,,,Full Participation in Practice,Khalen Saunders,
2021,2,LA,WR,DeSean Jackson,00-0026189,,,Did Not Participate In Practice,DeSean Jackson,
2021,2,LA,DT,Aaron Donald,00-0031388,,,Full Participation in Practice,Aaron Donald,
2021,2,LA,DT,Sebastian Joseph,00-0034810,,,Full Participation in Practice,Sebastian Joseph,
2021,2,LA,LB,Terrell Lewis,00-0036419,,,Full Participation in Practice,Terrell Lewis,
2021,2,LA,DT,A'Shawn Robinson,00-0032889,,,Full Participation in Practice,A'Shawn Robinson,
2021,2,LA,WR,Ben Skowronek,00-0036862,,,Full Participation in Practice,Ben Skowronek,
2021,2,LA,T,Andrew Whitworth,00-0024270,,,Full Participation in Practice,Andrew Whitworth,
2021,2,LAC,T,Bryan Bulaga,00-0027875,,,Did Not Participate In Practice,Bryan Bulaga,
2021,2,LAC,LB,Kyler Fackrell,00-0032955,,,Full Participation in Practice,Kyler Fackrell,
2021,2,LAC,S,Derwin James,00-0034790,,,Full Participation in Practice,Derwin James,
2021,2,LAC,S,Trey Marshall,00-0034111,,,Full Participation in Practice,Trey Marshall,
2021,2,LAC,K,Tristan Vizcaino,00-0034909,,,Full Participation in Practice,Tristan Vizcaino,
2021,2,LAC,CB,Chris Harris,00-0028224,Out,Shoulder,Did Not Participate In Practice,Chris Harris,OUT
2021,2,LAC,DT,Justin Jones,00-0034677,Doubtful,Calf,Did Not Participate In Practice,Justin Jones,DOUBTFUL
2021,2,LAC,S,Nasir Adderley,00-0035677,Questionable,Groin,Limited Participation in Practice,Nasir Adderley,QUESTIONABLE
2021,2,LV,G,Denzelle Good,00-0031632,,,Did Not Participate In Practice,Denzelle Good,
2021,2,LV,DT,Gerald McCoy,00-0027856,,,Did Not Participate In Practice,Gerald McCoy,
2021,2,LV,LB,Divine Deablo,00-0036990,,,Full Participation in Practice,Divine Deablo,
2021,2,LV,WR,Bryan Edwards,00-0036365,,,Full Participation in Practice,Bryan Edwards,
2021,2,LV,DE,Clelin Ferrell,00-0035692,,,Full Participation in Practice,Clelin Ferrell,
2021,2,LV,DT,Johnathan Hankins,00-0030063,,,Full Participation in Practice,Johnathan Hankins,
2021,2,LV,RB,Alec Ingold,00-0035125,,,Full Participation in Practice,Alec Ingold,
2021,2,LV,C,Andre James,00-0035127,,,Full Participation in Practice,Andre James,
2021,2,LV,S,Dallin Leavitt,00-0034726,,,Full Participation in Practice,Dallin Leavitt,
2021,2,LV,LB,Denzel Perryman,00-0032103,,,Limited Participation in Practice,Denzel Perryman,
2021,2,LV,G,Richie Incognito,00-0023516,Out,Calf,Did Not Participate In Practice,Richie Incognito,OUT
2021,2,LV,RB,Josh Jacobs,00-0035700,Out,Toe,Did Not Participate In Practice,Josh Jacobs,OUT
2021,2,LV,LB,Nick Kwiatkoski,00-0032773,Out,Concussion,Did Not Participate In Practice,Nick Kwiatkoski,OUT
2021,2,LV,QB,Marcus Mariota,00-0032268,Out,Quadricep,Did Not Participate In Practice,Marcus Mariota,OUT
2021,2,LV,CB,Roderic Teamer,00-0035437,Out,Ankle,Did Not Participate In Practice,Roderic Teamer,OUT
2021,2,LV,DT,Darius Philon,00-0032116,Questionable,Knee,Did Not Participate In Practice,Darius Philon,QUESTIONABLE
2021,2,LV,DE,Carl Nassib,00-0033129,Questionable,Pectoral,Limited Participation in Practice,Carl Nassib,QUESTIONABLE
2021,2,LV,DE,Yannick Ngakoue,00-0033123,Questionable,Hamstring,Limited Participation in Practice,Yannick Ngakoue,QUESTIONABLE
2021,2,MIA,S,Clayton Fejedelem,00-0032807,,,Full Participation in Practice,Clayton Fejedelem,
2021,2,MIA,DT,John Jenkins,00-0030070,,,Full Participation in Practice,John Jenkins,
2021,2,MIA,WR,DeVante Parker,00-0031547,,,Full Participation in Practice,DeVante Parker,
2021,2,MIA,LB,Elandon Roberts,00-0032442,,,Full Participation in Practice,Elandon Roberts,
2021,2,MIA,TE,Adam Shaheen,00-0033896,,,Full Participation in Practice,Adam Shaheen,
2021,2,MIA,LB,Andrew Van Ginkel,00-0035272,,,Full Participation in Practice,Andrew Van Ginkel,
2021,2,MIA,WR,Will Fuller,00-0033127,Out,Not injury related - personal matter,Did Not Participate In Practice,Will Fuller,OUT
2021,2,MIA,WR,Preston Williams,00-0035350,Questionable,Foot,Limited Participation in Practice,Preston Williams,QUESTIONABLE
2021,2,MIN,LB,Nick Vigil,00-0032892,,,Full Participation in Practice,Nick Vigil,
2021,2,MIN,LB,Anthony Barr,00-0031256,Out,Knee,Did Not Participate In Practice,Anthony Barr,OUT
2021,2,MIN,DE,Everson Griffen,00-0027701,Out,Concussion,Did Not Participate In Practice,Everson Griffen,OUT
2021,2,MIN,CB,Harrison Hand,00-0036344,Out,Hamstring,Did Not Participate In Practice,Harrison Hand,OUT
2021,2,MIN,T,Christian Darrisaw,00-0036616,Out,Groin,Limited Participation in Practice,Christian Darrisaw,OUT
2021,2,MIN,LB,Eric Kendricks,00-0031554,Questionable,Quadricep,Full Participation in Practice,Eric Kendricks,QUESTIONABLE
2021,2,NE,WR,Nelson Agholor,00-0031549,,,Full Participation in Practice,Nelson Agholor,
2021,2,NE,S,Kyle Dugger,00-0036231,,,Full Participation in Practice,Kyle Dugger,
2021,2,NE,CB,Jalen Mills,00-0032803,,,Full Participation in Practice,Jalen Mills,
2021,2,NE,K,Quinn Nordin,00-0036488,Out,Abdomen,Did Not Participate In Practice,Quinn Nordin,OUT
2021,2,NE,LB,Kyle Van Noy,00-0031360,Out,Throat,Did Not Participate In Practice,Kyle Van Noy,OUT
2021,2,NE,T,Trenton Brown,00-0032071,Questionable,Calf,Limited Participation in Practice,Trenton Brown,QUESTIONABLE
2021,2,NE,T,Yodny Cajuste,00-0035252,Questionable,Hamstring,Limited Participation in Practice,Yodny Cajuste,QUESTIONABLE
2021,2,NE,LB,Ronnie Perkins,00-0036978,Questionable,Shoulder,Limited Participation in Practice,Ronnie Perkins,QUESTIONABLE
2021,2,NE,TE,Jonnu Smith,00-0033858,Questionable,Hip,Limited Participation in Practice,Jonnu Smith,QUESTIONABLE
2021,2,NO,QB,Trevor Siemian,00-0032156,,,Full Participation in Practice,Trevor Siemian,
2021,2,NO,LB,Kwon Alexander,00-0032109,Out,Elbow,Did Not Participate In Practice,Kwon Alexander,OUT
2021,2,NO,DE,Marcus Davenport,00-0034344,Out,Shoulder,Did Not Participate In Practice,Marcus Davenport,OUT
2021,2,NO,LB,Chase Hansen,00-0034944,Out,Groin,Did Not Participate In Practice,Chase Hansen,OUT
2021,2,NO,C,Erik McCoy,00-0035242,Out,Calf,Did Not Participate In Practice,Erik McCoy,OUT
2021,2,NO,LB,Pete Werner,00-0036927,Out,Hamstring,Did Not Participate In Practice,Pete Werner,OUT
2021,2,NO,S,Chauncey Gardner-Johnson,00-0035253,Questionable,Knee,Did Not Participate In Practice,Chauncey Gardner-Johnson,QUESTIONABLE
2021,2,NO,DE,Tanoh Kpassagnon,00-0033902,Questionable,Calf,Did Not Participate In Practice,Tanoh Kpassagnon,QUESTIONABLE
2021,2,NO,CB,Marshon Lattimore,00-0033874,Questionable,Hand,Limited Participation in Practice,Marshon Lattimore,QUESTIONABLE
2021,2,NO,S,P.J. Williams,00-0032059,Questionable,Back,Limited Participation in Practice,P.J. Williams,QUESTIONABLE
2021,2,NYG,LB,Cam Brown,00-0036400,Out,Hamstring,Did Not Participate In Practice,Cam Brown,OUT
2021,2,NYG,TE,Evan Engram,00-0033881,Out,Calf,Did Not Participate In Practice,Evan Engram,OUT
2021,2,NYG,G,Shane Lemieux,00-0036397,Out,Knee,Did Not Participate In Practice,Shane Lemieux,OUT
2021,2,NYG,RB,Saquon Barkley,00-0034844,Questionable,Knee,Limited Participation in Practice,Saquon Barkley,QUESTIONABLE
2021,2,NYJ,LB,Jamien Sherwood,00-0036500,Doubtful,Ankle,Did Not Participate In Practice,Jamien Sherwood,DOUBTFUL
2021,2,NYJ,T,Chuma Edoga,00-0035698,Questionable,Illness (Non-COVID),Did Not Participate In Practice,Chuma Edoga,QUESTIONABLE
2021,2,NYJ,WR,Keelan Cole,00-0033681,Questionable,Knee,Limited Participation in Practice,Keelan Cole,QUESTIONABLE
2021,2,NYJ,WR,Jamison Crowder,00-0031941,Questionable,Groin,Limited Participation in Practice,Jamison Crowder,QUESTIONABLE
2021,2,NYJ,CB,Isaiah Dunn,00-0036506,Questionable,Shoulder,Limited Participation in Practice,Isaiah Dunn,QUESTIONABLE
2021,2,PHI,DT,Fletcher Cox,00-0029653,,,Full Participation in Practice,Fletcher Cox,
2021,2,PHI,G,Landon Dickerson,00-0037002,,,Full Participation in Practice,Landon Dickerson,
2021,2,PHI,TE,Zach Ertz,00-0030061,,,Full Participation in Practice,Zach Ertz,
2021,2,PHI,DE,Brandon Graham,00-0027865,,,Full Participation in Practice,Brandon Graham,
2021,2,PHI,T,Lane Johnson,00-0030561,,,Full Participation in Practice,Lane Johnson,
2021,2,PHI,C,Jason Kelce,00-0028129,,,Full Participation in Practice,Jason Kelce,
2021,2,PHI,DE,Ryan Kerrigan,00-0027954,,,Full Participation in Practice,Ryan Kerrigan,
2021,2,PHI,CB,Avonte Maddox,00-0034377,,,Full Participation in Practice,Avonte Maddox,
2021,2,PHI,RB,Miles Sanders,00-0035243,,,Full Participation in Practice,Miles Sanders,
2021,2,PHI,CB,Darius Slay,00-0030062,,,Full Participation in Practice,Darius Slay,
2021,2,PHI,LB,Davion Taylor,00-0036393,,,Full Participation in Practice,Davion Taylor,
2021,2,PHI,WR,J.J. Arcega-Whiteside,00-0035246,,,Limited Participation in Practice,J.J. Arcega-Whiteside,
2021,2,PHI,G,Brandon Brooks,00-0029679,,,Limited Participation in Practice,Brandon Brooks,
2021,2,PHI,S,Rodney McLeod,00-0028899,Out,Knee,Limited Participation in Practice,Rodney McLeod,OUT
2021,2,PHI,S,Marcus Epps,00-0034993,Questionable,Concussion,Full Participation in Practice,Marcus Epps,QUESTIONABLE
2021,2,PIT,TE,Eric Ebron,00-0031387,,,Full Participation in Practice,Eric Ebron,
2021,2,PIT,QB,Ben Roethlisberger,00-0022924,,,Full Participation in Practice,Ben Roethlisberger,
2021,2,PIT,WR,JuJu Smith-Schuster,00-0033857,,,Full Participation in Practice,JuJu Smith-Schuster,
2021,2,PIT,LB,Robert Spillane,00-0034720,,,Full Participation in Practice,Robert Spillane,
2021,2,PIT,DT,Carlos Davis,00-0036352,Out,Knee,Did Not Participate In Practice,Carlos Davis,OUT
2021,2,PIT,LB,Devin Bush,00-0035525,Questionable,Groin,Limited Participation in Practice,Devin Bush,QUESTIONABLE
2021,2,PIT,TE,Zach Gentry,00-0035222,Questionable,Ankle,Limited Participation in Practice,Zach Gentry,QUESTIONABLE
2021,2,PIT,CB,Joe Haden,00-0027860,Questionable,Groin,Limited Participation in Practice,Joe Haden,QUESTIONABLE
2021,2,SEA,T,Duane Brown,00-0026166,,,Did Not Participate In Practice,Duane Brown,
2021,2,SEA,S,Marquise Blair,00-0035139,,,Full Participation in Practice,Marquise Blair,
2021,2,SEA,RB,Chris Carson,00-0033594,,,Full Participation in Practice,Chris Carson,
2021,2,SEA,DT,Poona Ford,00-0034234,,,Full Participation in Practice,Poona Ford,
2021,2,SEA,WR,Penny Hart,00-0035022,,,Full Participation in Practice,Penny Hart,
2021,2,SEA,G,Gabe Jackson,00-0031367,,,Full Participation in Practice,Gabe Jackson,
2021,2,SEA,T,Jamarco Jones,00-0034729,,,Full Participation in Practice,Jamarco Jones,
2021,2,SEA,CB,Sidney Jones,00-0033543,,,Full Participation in Practice,Sidney Jones,
2021,2,SEA,WR,D'Wayne Eskridge,00-0036620,Doubtful,Concussion,Did Not Participate In Practice,D'Wayne Eskridge,DOUBTFUL
2021,2,SEA,RB,Rashaad Penny,00-0034750,Doubtful,Calf,Did Not Participate In Practice,Rashaad Penny,DOUBTFUL
2021,2,SEA,G,Damien Lewis,00-0036417,Questionable,Groin,Did Not Participate In Practice,Damien Lewis,QUESTIONABLE
2021,2,SEA,DT,Bryan Mone,00-0035094,Questionable,Elbow,Limited Participation in Practice,Bryan Mone,QUESTIONABLE
2021,2,SEA,CB,D.J. Reed,00-0034384,Questionable,Calf,Limited Participation in Practice,D.J. Reed,QUESTIONABLE
2021,2,SF,DE,Dee Ford,00-0031297,,,Full Participation in Practice,Dee Ford,
2021,2,SF,LB,Dre Greenlaw,00-0034982,Out,Groin,Did Not Participate In Practice,Dre Greenlaw,OUT
2021,2,SF,CB,Emmanuel Moseley,00-0034096,Doubtful,Knee,Limited Participation in Practice,Emmanuel Moseley,DOUBTFUL
2021,2,SF,DE,Arik Armstead,00-0032164,Questionable,Adductor,Limited Participation in Practice,Arik Armstead,QUESTIONABLE
2021,2,SF,LB,Marcell Harris,00-0034730,Questionable,Oblique,Limited Participation in Practice,Marcell Harris,QUESTIONABLE
2021,2,SF,DT,Javon Kinlaw,00-0036260,Questionable,Knee,Limited Participation in Practice,Javon Kinlaw,QUESTIONABLE
2021,2,TB,WR,Antonio Brown,00-0027793,,,Did Not Participate In Practice,Antonio Brown,
2021,2,TB,TE,Rob Gronkowski,00-0027656,,,Did Not Participate In Practice,Rob Gronkowski,
2021,2,TB,DT,Steve McLendon,00-0026564,,,Did Not Participate In Practice,Steve McLendon,
2021,2,TB,LB,Jason Pierre-Paul,00-0027867,,,Did Not Participate In Practice,Jason Pierre-Paul,
2021,2,TB,DT,Ndamukong Suh,00-0027855,,,Did Not Participate In Practice,Ndamukong Suh,
2021,2,TB,LB,Shaquil Barrett,00-0031101,,,Full Participation in Practice,Shaquil Barrett,
2021,2,TB,S,Jordan Whitehead,00-0034374,,,Full Participation in Practice,Jordan Whitehead,
2021,2,TB,CB,Carlton Davis,00-0034778,Questionable,Hamstring,Limited Participation in Practice,Carlton Davis,QUESTIONABLE
2021,2,TEN,WR,A.J. Brown,00-0035676,,,Full Participation in Practice,A.J. Brown,
2021,2,TEN,LB,Rashaan Evans,00-0034743,,,Full Participation in Practice,Rashaan Evans,
2021,2,TEN,CB,Chris Jackson,00-0036240,,,Full Participation in Practice,Chris Jackson,
2021,2,TEN,LB,Harold Landry,00-0034828,,,Full Participation in Practice,Harold Landry,
2021,2,TEN,WR,Josh Reynolds,00-0033943,,,Full Participation in Practice,Josh Reynolds,
2021,2,TEN,LB,Derick Roberson,00-0035521,,,Full Participation in Practice,Derick Roberson,
2021,2,TEN,CB,Caleb Farley,00-0036615,Out,Shoulder,Did Not Participate In Practice,Caleb Farley,OUT
2021,2,TEN,LB,Jayon Brown,00-0033954,Questionable,Hamstring,Did Not Participate In Practice,Jayon Brown,QUESTIONABLE
2021,2,TEN,TE,Anthony Firkser,00-0033455,Questionable,Knee,Did Not Participate In Practice,Anthony Firkser,QUESTIONABLE
2021,2,TEN,LB,David Long,00-0035292,Questionable,Hamstring,Full Participation in Practice,David Long,QUESTIONABLE
2021,2,TEN,LB,Bud Dupree,00-0032146,Questionable,Knee,Limited Participation in Practice,Bud Dupree,QUESTIONABLE
2021,2,WAS,QB,Ryan Fitzpatrick,00-0023682,,,Did Not Participate In Practice,Ryan Fitzpatrick,
2021,2,WAS,RB,Antonio Gibson,00-0036328,,,Full Participation in Practice,Antonio Gibson,
2021,3,ARI,C,Rodney Hudson,00-0027993,,,Did Not Participate In Practice,Rodney Hudson,
2021,3,ARI,LB,Chandler Jones,00-0029585,,,Did Not Participate In Practice,Chandler Jones,
2021,3,ARI,T,Justin Murray,00-0032528,,,Did Not Participate In Practice,Justin Murray,
2021,3,ARI,DT,Corey Peters,00-0027686,,,Did Not Participate In Practice,Corey Peters,
2021,3,ARI,G,Justin Pugh,00-0030585,,,Full Participation in Practice,Justin Pugh,
2021,3,ARI,WR,A.J. Green,00-0027942,,,Limited Participation in Practice,A.J. Green,
2021,3,ARI,T,Joshua Miles,00-0035317,Out,Ankle,Did Not Participate In Practice,Joshua Miles,OUT
2021,3,ARI,G,Brian Winters,00-0030066,Out,Not injury related - personal matter,Did Not Participate In Practice,Brian Winters,OUT
2021,3,ARI,WR,DeAndre Hopkins,00-0030564,Questionable,Ribs,Did Not Participate In Practice,DeAndre Hopkins,QUESTIONABLE
2021,3,ARI,T,Kelvin Beachum,00-0029316,Questionable,Ribs,Limited Participation in Practice,Kelvin Beachum,QUESTIONABLE
2021,3,ARI,LB,Devon Kennard,00-0031241,Questionable,Hamstring,Limited Participation in Practice,Devon Kennard,QUESTIONABLE
2021,3,ARI,CB,Byron Murphy,00-0035236,Questionable,Ankle,Limited Participation in Practice,Byron Murphy,QUESTIONABLE
2021,3,ARI,CB,Marco Wilson,00-0036884,Questionable,Ankle,Limited Participation in Practice,Marco Wilson,QUESTIONABLE
2021,3,ATL,WR,Frank Darby,00-0036951,Out,Calf,Did Not Participate In Practice,Frank Darby,OUT
2021,3,ATL,WR,Russell Gage,00-0034411,Out,Ankle,Did Not Participate In Practice,Russell Gage,OUT
2021,3,ATL,CB,A.J. Terrell,00-0036285,Out,Concussion,Did Not Participate In Practice,A.J. Terrell,OUT
2021,3,BAL,LB,Justin Houston,00-0028008,,,Did Not Participate In Practice,Justin Houston,
2021,3,BAL,T,Alejandro Villanueva,00-0030648,,,Did Not Participate In Practice,Alejandro Villanueva,
2021,3,BAL,DT,Brandon Williams,00-0030511,,,Limited Participation in Practice,Brandon Williams,
2021,3,BAL,T,Ronnie Stanley,00-0032965,Out,Ankle,Did Not Participate In Practice,Ronnie Stanley,OUT
2021,3,BAL,DE,Derek Wolfe,00-0029586,Out,Back,Did Not Participate In Practice,Derek Wolfe,OUT
2021,3,BAL,LB,Chris Board,00-0034787,Questionable,Other,Did Not Participate In Practice,Chris Board,QUESTIONABLE
2021,3,BAL,LB,Pernell McPhee,00-0028103,Questionable,Shoulder,Did Not Participate In Practice,Pernell McPhee,QUESTIONABLE
2021,3,BAL,S,DeShon Elliott,00-0034277,Questionable,Concussion,Full Participation in Practice,DeShon Elliott,QUESTIONABLE
2021,3,BAL,LB,Daelin Hayes,00-0036562,Questionable,Knee,Full Participation in Practice,Daelin Hayes,QUESTIONABLE
2021,3,BAL,QB,Lamar Jackson,00-0034796,Questionable,Illness,Full Participation in Practice,Lamar Jackson,QUESTIONABLE
2021,3,BAL,CB,Jimmy Smith,00-0027965,Questionable,Ankle,Full Participation in Practice,Jimmy Smith,QUESTIONABLE
2021,3,BAL,CB,Tavon Young,00-0032770,Questionable,Knee,Full Participation in Practice,Tavon Young,QUESTIONABLE
2021,3,BAL,WR,Marquise Brown,00-0035662,Questionable,Ankle,Limited Participation in Practice,Marquise Brown,QUESTIONABLE
2021,3,BUF,WR,Cole Beasley,00-0029000,,,Did Not Participate In Practice,Cole Beasley,
2021,3,BUF,WR,Stefon Diggs,00-0031588,,,Did Not Participate In Practice,Stefon Diggs,
2021,3,BUF,DE,Jerry Hughes,00-0027881,,,Did Not Participate In Practice,Jerry Hughes,
2021,3,BUF,CB,Siran Neal,00-0034391,,,Did Not Participate In Practice,Siran Neal,
2021,3,BUF,WR,Emmanuel Sanders,00-0027685,,,Did Not Participate In Practice,Emmanuel Sanders,
2021,3,BUF,WR,Gabe Davis,00-0036196,,,Full Participation in Practice,Gabe Davis,
2021,3,BUF,LB,Tremaine Edmunds,00-0034673,,,Full Participation in Practice,Tremaine Edmunds,
2021,3,BUF,S,Micah Hyde,00-0030090,,,Full Participation in Practice,Micah Hyde,
2021,3,BUF,DT,Star Lotulelei,00-0030455,,,Full Participation in Practice,Star Lotulelei,
2021,3,BUF,DE,Efe Obada,00-0031500,,,Full Participation in Practice,Efe Obada,
2021,3,BUF,CB,Dane Jackson,00-0036166,Questionable,Knee,Full Participation in Practice,Dane Jackson,QUESTIONABLE
2021,3,BUF,CB,Levi Wallace,00-0034514,Questionable,Knee,Full Participation in Practice,Levi Wallace,QUESTIONABLE
2021,3,CAR,G,Pat Elflein,00-0033909,,,Did Not Participate In Practice,Pat Elflein,
2021,3,CAR,G,Dennis Daley,00-0035300,,,Full Participation in Practice,Dennis Daley,
2021,3,CAR,T,Cameron Erving,00-0032145,,,Full Participation in Practice,Cameron Erving,
2021,3,CAR,DE,Morgan Fox,00-0032671,,,Full Participation in Practice,Morgan Fox,
2021,3,CAR,CB,Jaycee Horn,00-0036944,,,Full Participation in Practice,Jaycee Horn,
2021,3,CAR,T,Taylor Moton,00-0033284,,,Full Participation in Practice,Taylor Moton,
2021,3,CAR,RB,Giovanni Ricci,00-0035956,,,Full Participation in Practice,Giovanni Ricci,
2021,3,CAR,TE,Tommy Tremble,00-0037005,,,Full Participation in Practice,Tommy Tremble,
2021,3,CAR,DE,Yetur Gross-Matos,00-0036288,Out,Ankle,Did Not Participate In Practice,Yetur Gross-Matos,OUT
2021,3,CHI,TE,Jimmy Graham,00-0027696,,,Full Participation in Practice,Jimmy Graham,
2021,3,CHI,QB,Andy Dalton,00-0027973,Out,Knee,Did Not Participate In Practice,Andy Dalton,OUT
2021,3,CHI,S,Tashaun Gipson,00-0028924,Doubtful,Hamstring,Did Not Participate In Practice,Tashaun Gipson,DOUBTFUL
2021,3,CHI,DT,Eddie Goldman,00-0031551,Questionable,Knee,Did Not Participate In Practice,Eddie Goldman,QUESTIONABLE
2021,3,CHI,WR,Marquise Goodwin,00-0030068,Questionable,Ankle,Full Participation in Practice,Marquise Goodwin,QUESTIONABLE
2021,3,CHI,DT,Akiem Hicks,00-0029657,Questionable,Illness,Full Participation in Practice,Akiem Hicks,QUESTIONABLE
2021,3,CHI,S,Eddie Jackson,00-0033784,Questionable,Toe,Full Participation in Practice,Eddie Jackson,QUESTIONABLE
2021,3,CHI,DE,Bilal Nichols,00-0034387,Questionable,Back,Full Participation in Practice,Bilal Nichols,QUESTIONABLE
2021,3,CHI,LB,Jeremiah Attaochu,00-0031258,Questionable,Hamstring,Limited Participation in Practice,Jeremiah Attaochu,QUESTIONABLE
2021,3,CHI,WR,Darnell Mooney,00-0036309,Questionable,Groin,Limited Participation in Practice,Darnell Mooney,QUESTIONABLE
2021,3,CIN,DT,Larry Ogunjobi,00-0033905,,,Full Participation in Practice,Larry Ogunjobi,
2021,3,CIN,CB,Darius Phillips,00-0034683,,,Full Participation in Practice,Darius Phillips,
2021,3,CIN,DT,Josh Tupou,00-0033347,,,Full Participation in Practice,Josh Tupou,
2021,3,CIN,CB,Mike Hilton,00-0032521,,,Limited Participation in Practice,Mike Hilton,
2021,3,CIN,G,Xavier Su'a-Filo,00-0031410,Doubtful,Knee,Did Not Participate In Practice,Xavier Su'a-Filo,DOUBTFUL
2021,3,CIN,WR,Tee Higgins,00-0036410,Doubtful,Shoulder,Limited Participation in Practice,Tee Higgins,DOUBTFUL
2021,3,CIN,CB,Trae Waynes,00-0031546,Doubtful,Hamstring,Limited Participation in Practice,Trae Waynes,DOUBTFUL
2021,3,CLE,WR,Odell Beckham,00-0031235,,,Full Participation in Practice,Odell Beckham,
2021,3,CLE,RB,Demetric Felton,00-0036654,,,Full Participation in Practice,Demetric Felton,
2021,3,CLE,LB,Tony Fields,00-0036634,,,Full Participation in Practice,Tony Fields,
2021,3,CLE,QB,Baker Mayfield,00-0034855,,,Full Participation in Practice,Baker Mayfield,
2021,3,CLE,LB,Jeremiah Owusu-Koramoah,00-0036915,,,Full Participation in Practice,Jeremiah Owusu-Koramoah,
2021,3,CLE,WR,Anthony Schwartz,00-0036999,,,Full Participation in Practice,Anthony Schwartz,
2021,3,CLE,LB,Malcolm Smith,00-0028180,,,Full Participation in Practice,Malcolm Smith,
2021,3,CLE,G,Joel Bitonio,00-0031426,,,Limited Participation in Practice,Joel Bitonio,
2021,3,CLE,DE,Jadeveon Clowney,00-0031364,,,Limited Participation in Practice,Jadeveon Clowney,
2021,3,CLE,T,Jack Conklin,00-0033057,,,Limited Participation in Practice,Jack Conklin,
2021,3,CLE,T,Christopher Hubbard,00-0029963,Out,Triceps,Did Not Participate In Practice,Christopher Hubbard,OUT
2021,3,CLE,LB,Sione Takitaki,00-0035646,Out,Hamstring,Did Not Participate In Practice,Sione Takitaki,OUT
2021,3,CLE,C,J.C. Tretter,00-0030076,Questionable,Knee,Limited Participation in Practice,J.C. Tretter,QUESTIONABLE
2021,3,CLE,T,Jedrick Wills,00-0036267,Questionable,Ankle,Limited Participation in Practice,Jedrick Wills,QUESTIONABLE
2021,3,DAL,WR,Amari Cooper,00-0031544,,,Full Participation in Practice,Amari Cooper,
2021,3,DAL,WR,Simi Fehoko,00-0036646,,,Full Participation in Practice,Simi Fehoko,
2021,3,DAL,DE,Dorance Armstrong,00-0034373,Out,Ankle,Did Not Participate In Practice,Dorance Armstrong,OUT
2021,3,DAL,T,Ty Nsekhe,00-0029709,Out,Illness,Did Not Participate In Practice,Ty Nsekhe,OUT
2021,3,DAL,DT,Carlos Watkins,00-0033563,Out,Knee,Did Not Participate In Practice,Carlos Watkins,OUT
2021,3,DAL,S,Donovan Wilson,00-0035301,Doubtful,Groin,Did Not Participate In Practice,Donovan Wilson,DOUBTFUL
2021,3,DEN,LB,Malik Reed,00-0034954,,,Did Not Participate In Practice,Malik Reed,
2021,3,DEN,TE,Noah Fant,00-0035644,,,Full Participation in Practice,Noah Fant,
2021,3,DEN,DE,Shelby Harris,00-0031270,,,Full Participation in Practice,Shelby Harris,
2021,3,DEN,WR,Tim Patrick,00-0033375,,,Full Participation in Practice,Tim Patrick,
2021,3,DEN,WR,Courtland Sutton,00-0034348,,,Full Participation in Practice,Courtland Sutton,
2021,3,DEN,WR,Diontae Spencer,00-0031319,,,Limited Participation in Practice,Diontae Spencer,
2021,3,DEN,G,Graham Glasgow,00-0032395,Questionable,Illness,Full Participation in Practice,Graham Glasgow,QUESTIONABLE
2021,3,DEN,DT,Mike Purcell,00-0029890,Questionable,Knee,Limited Participation in Practice,Mike Purcell,QUESTIONABLE
2021,3,DET,WR,Tyrell Williams,00-0032160,,,Did Not Participate In Practice,Tyrell Williams,
2021,3,DET,LB,Jamie Collins,00-0030421,Out,Not injury related - personal matter,Did Not Participate In Practice,Jamie Collins,OUT
2021,3,DET,LB,Trey Flowers,00-0031566,Questionable,Shoulder,Did Not Participate In Practice,Trey Flowers,QUESTIONABLE
2021,3,DET,DE,Michael Brockers,00-0029630,Questionable,Shoulder,Limited Participation in Practice,Michael Brockers,QUESTIONABLE
2021,3,DET,LB,Romeo Okwara,00-0032655,Questionable,Shoulder,Limited Participation in Practice,Romeo Okwara,QUESTIONABLE
2021,3,DET,LB,Julian Okwara,00-0036249,Questionable,Neck,Limited Participation in Practice,Julian Okwara,QUESTIONABLE
2021,3,DET,WR,Kalif Raymond,00-0032464,Questionable,Thigh,Limited Participation in Practice,Kalif Raymond,QUESTIONABLE
2021,3,DET,DE,Kevin Strong,00-0035334,Questionable,Concussion,Limited Participation in Practice,Kevin Strong,QUESTIONABLE
2021,3,DET,RB,D'Andre Swift,00-0036275,Questionable,Groin,Limited Participation in Practice,D'Andre Swift,QUESTIONABLE
2021,3,GB,TE,Josiah Deguara,00-0036332,,,Full Participation in Practice,Josiah Deguara,
2021,3,GB,LB,Rashan Gary,00-0034967,,,Full Participation in Practice,Rashan Gary,
2021,3,GB,DT,Tyler Lancaster,00-0034185,,,Full Participation in Practice,Tyler Lancaster,
2021,3,GB,TE,Marcedes Lewis,00-0024243,,,Full Participation in Practice,Marcedes Lewis,
2021,3,GB,C,Josh Myers,00-0036622,,,Full Participation in Practice,Josh Myers,
2021,3,GB,S,Darnell Savage,00-0034968,,,Full Participation in Practice,Darnell Savage,
2021,3,GB,S,Vernon Scott,00-0036243,,,Full Participation in Practice,Vernon Scott,
2021,3,GB,CB,Eric Stokes,00-0036901,,,Full Participation in Practice,Eric Stokes,
2021,3,GB,CB,Chandon Sullivan,00-0034468,,,Full Participation in Practice,Chandon Sullivan,
2021,3,GB,G,Elgton Jenkins,00-0035526,Doubtful,Ankle,Did Not Participate In Practice,Elgton Jenkins,DOUBTFUL
2021,3,GB,TE,Dominique Dafney,00-0036456,Questionable,Hip,Did Not Participate In Practice,Dominique Dafney,QUESTIONABLE
2021,3,HOU,WR,Nico Collins,00-0036554,,,Did Not Participate In Practice,Nico Collins,
2021,3,HOU,QB,Tyrod Taylor,00-0028118,,,Did Not Participate In Practice,Tyrod Taylor,
2021,3,HOU,WR,Danny Amendola,00-0026035,Out,Thigh,Did Not Participate In Practice,Danny Amendola,OUT
2021,3,HOU,CB,Terrance Mitchell,00-0031097,Out,Concussion,Did Not Participate In Practice,Terrance Mitchell,OUT
2021,3,HOU,QB,Deshaun Watson,00-0033537,Out,Not injury related - personal matter,Did Not Participate In Practice,Deshaun Watson,OUT
2021,3,HOU,LB,Kamu Grugier-Hill,00-0032437,Questionable,Knee,Did Not Participate In Practice,Kamu Grugier-Hill,QUESTIONABLE
2021,3,HOU,S,Justin Reid,00-0034361,Questionable,Knee,Did Not Participate In Practice,Justin Reid,QUESTIONABLE
2021,3,IND,CB,T.J. Carrie,00-0031269,,,Did Not Participate In Practice,T.J. Carrie,
2021,3,IND,G,Quenton Nelson,00-0034342,,,Did Not Participate In Practice,Quenton Nelson,
2021,3,IND,S,Julian Blackmon,00-0036253,,,Full Participation in Practice,Julian Blackmon,
2021,3,IND,WR,Parris Campbell,00-0035639,,,Full Participation in Practice,Parris Campbell,
2021,3,IND,TE,Jack Doyle,00-0030181,,,Full Participation in Practice,Jack Doyle,
2021,3,IND,T,Eric Fisher,00-0030584,,,Full Participation in Practice,Eric Fisher,
2021,3,IND,WR,Zach Pascal,00-0033251,,,Full Participation in Practice,Zach Pascal,
2021,3,IND,CB,Xavier Rhodes,00-0030575,,,Full Participation in Practice,Xavier Rhodes,
2021,3,IND,LB,Shaquille Leonard,00-0034846,,,Limited Participation in Practice,Shaquille Leonard,
2021,3,IND,LB,Jordan Glasgow,00-0036229,Out,Concussion,Did Not Participate In Practice,Jordan Glasgow,OUT
2021,3,IND,T,Braden Smith,00-0034836,Out,Foot,Did Not Participate In Practice,Braden Smith,OUT
2021,3,IND,QB,Carson Wentz,00-0032950,Questionable,Ankles,Limited Participation in Practice,Carson Wentz,QUESTIONABLE
2021,3,JAX,G,A.J. Cann,00-0032255,,,Full Participation in Practice,A.J. Cann,
2021,3,JAX,WR,Marvin Jones,00-0029293,,,Full Participation in Practice,Marvin Jones,
2021,3,JAX,C,Brandon Linder,00-0031369,,,Full Participation in Practice,Brandon Linder,
2021,3,JAX,DE,Lerentee McCray,00-0029799,,,Full Participation in Practice,Lerentee McCray,
2021,3,JAX,WR,Laviska Shenault,00-0036268,,,Full Participation in Practice,Laviska Shenault,
2021,3,JAX,DE,Jordan Smith,00-0036868,,,Full Participation in Practice,Jordan Smith,
2021,3,JAX,DT,Jay Tufele,00-0036881,,,Full Participation in Practice,Jay Tufele,
2021,3,JAX,CB,C.J. Henderson,00-0036281,Questionable,Groin,Limited Participation in Practice,C.J. Henderson,QUESTIONABLE
2021,3,JAX,CB,Tre Herndon,00-0034516,Questionable,Knee,Limited Participation in Practice,Tre Herndon,QUESTIONABLE
2021,3,JAX,DT,Roy Robertson-Harris,00-0032667,Questionable,Ankle,Limited Participation in Practice,Roy Robertson-Harris,QUESTIONABLE
2021,3,KC,TE,Blake Bell,00-0032062,,,Full Participation in Practice,Blake Bell,
2021,3,KC,C,Austin Blythe,00-0032455,,,Full Participation in Practice,Austin Blythe,
2021,3,KC,LB,Anthony Hitchens,00-0031348,,,Full Participation in Practice,Anthony Hitchens,
2021,3,KC,DT,Derrick Nnadi,00-0034818,,,Full Participation in Practice,Derrick Nnadi,
2021,3,KC,G,Trey Smith,00-0036660,,,Full Participation in Practice,Trey Smith,
2021,3,KC,CB,L'Jarius Sneed,00-0036374,,,Full Participation in Practice,L'Jarius Sneed,
2021,3,KC,DE,Frank Clark,00-0032210,Doubtful,Hamstring,Did Not Participate In Practice,Frank Clark,DOUBTFUL
2021,3,KC,CB,Charvarius Ward,00-0034573,Questionable,Quadricep,Did Not Participate In Practice,Charvarius Ward,QUESTIONABLE
2021,3,KC,DE,Chris Jones,00-0032762,Questionable,Wrist,Limited Participation in Practice,Chris Jones,QUESTIONABLE
2021,3,LA,WR,DeSean Jackson,00-0026189,,,Did Not Participate In Practice,DeSean Jackson,
2021,3,LA,CB,Darious Williams,00-0034203,,,Did Not Participate In Practice,Darious Williams,
2021,3,LA,DT,Aaron Donald,00-0031388,,,Full Participation in Practice,Aaron Donald,
2021,3,LA,LB,Leonard Floyd,00-0033072,,,Full Participation in Practice,Leonard Floyd,
2021,3,LA,T,Andrew Whitworth,00-0024270,,,Full Participation in Practice,Andrew Whitworth,
2021,3,LA,TE,Jacob Harris,00-0036918,Questionable,Hip,Did Not Participate In Practice,Jacob Harris,QUESTIONABLE
2021,3,LA,RB,Darrell Henderson,00-0035664,Questionable,Rib,Did Not Participate In Practice,Darrell Henderson,QUESTIONABLE
2021,3,LAC,RB,Austin Ekeler,00-0033699,,,Full Participation in Practice,Austin Ekeler,
2021,3,LAC,G,Matt Feiler,00-0031142,,,Full Participation in Practice,Matt Feiler,
2021,3,LAC,S,Derwin James,00-0034790,,,Full Participation in Practice,Derwin James,
2021,3,LAC,LB,Kenneth Murray,00-0036441,,,Full Participation in Practice,Kenneth Murray,
2021,3,LAC,CB,Chris Harris,00-0028224,Out,Shoulder,Did Not Participate In Practice,Chris Harris,OUT
2021,3,LAC,DT,Justin Jones,00-0034677,Doubtful,Calf,Did Not Participate In Practice,Justin Jones,DOUBTFUL
2021,3,LAC,LB,Joey Bosa,00-0033156,Questionable,Foot,Did Not Participate In Practice,Joey Bosa,QUESTIONABLE
2021,3,LV,S,Johnathan Abram,00-0035693,,,Full Participation in Practice,Johnathan Abram,
2021,3,LV,QB,Derek Carr,00-0031280,,,Full Participation in Practice,Derek Carr,
2021,3,LV,RB,Alec Ingold,00-0035125,,,Full Participation in Practice,Alec Ingold,
2021,3,LV,DT,Quinton Jefferson,00-0032416,,,Full Participation in Practice,Quinton Jefferson,
2021,3,LV,LB,Nick Kwiatkoski,00-0032773,,,Full Participation in Practice,Nick Kwiatkoski,
2021,3,LV,T,Alex Leatherwood,00-0036892,,,Full Participation in Practice,Alex Leatherwood,
2021,3,LV,DE,Yannick Ngakoue,00-0033123,,,Full Participation in Practice,Yannick Ngakoue,
2021,3,LV,DT,Darius Philon,00-0032116,,,Full Participation in Practice,Darius Philon,
2021,3,LV,DE,Carl Nassib,00-0033129,,,Limited Participation in Practice,Carl Nassib,
2021,3,LV,G,Richie Incognito,00-0023516,Out,Calf,Did Not Participate In Practice,Richie Incognito,OUT
2021,3,LV,S,Dallin Leavitt,00-0034726,Out,Concussion,Did Not Participate In Practice,Dallin Leavitt,OUT
2021,3,LV,CB,Roderic Teamer,00-0035437,Out,Ankle,Did Not Participate In Practice,Roderic Teamer,OUT
2021,3,LV,RB,Josh Jacobs,00-0035700,Doubtful,Ankle,Did Not Participate In Practice,Josh Jacobs,DOUBTFUL
2021,3,MIA,T,Jesse Davis,00-0031893,,,Full Participation in Practice,Jesse Davis,
2021,3,MIA,WR,Jakeem Grant,00-0032791,,,Full Participation in Practice,Jakeem Grant,
2021,3,MIA,DE,Emmanuel Ogbah,00-0033073,,,Full Participation in Practice,Emmanuel Ogbah,
2021,3,MIA,WR,DeVante Parker,00-0031547,,,Full Participation in Practice,DeVante Parker,
2021,3,MIA,WR,Preston Williams,00-0035350,,,Full Participation in Practice,Preston Williams,
2021,3,MIA,QB,Tua Tagovailoa,00-0036212,Out,Ribs,Did Not Participate In Practice,Tua Tagovailoa,OUT
2021,3,MIN,CB,Bashaud Breeland,00-0031052,,,Full Participation in Practice,Bashaud Breeland,
2021,3,MIN,DE,Everson Griffen,00-0027701,,,Full Participation in Practice,Everson Griffen,
2021,3,MIN,K,Greg Joseph,00-0034450,,,Full Participation in Practice,Greg Joseph,
2021,3,MIN,LB,Eric Kendricks,00-0031554,,,Full Participation in Practice,Eric Kendricks,
2021,3,MIN,CB,Patrick Peterson,00-0027943,,,Full Participation in Practice,Patrick Peterson,
2021,3,MIN,CB,Harrison Hand,00-0036344,Out,Hamstring,Did Not Participate In Practice,Harrison Hand,OUT
2021,3,MIN,LB,Anthony Barr,00-0031256,Out,Knee,Limited Participation in Practice,Anthony Barr,OUT
2021,3,MIN,T,Christian Darrisaw,00-0036616,Out,Groin,Limited Participation in Practice,Christian Darrisaw,OUT
2021,3,MIN,RB,Dalvin Cook,00-0033893,Questionable,Ankle,Did Not Participate In Practice,Dalvin Cook,QUESTIONABLE
2021,3,NE,RB,Damien Harris,00-0035657,,,Full Participation in Practice,Damien Harris,
2021,3,NE,LB,Matt Judon,00-0032415,,,Full Participation in Practice,Matt Judon,
2021,3,NE,LB,Kyle Van Noy,00-0031360,,,Full Participation in Practice,Kyle Van Noy,
2021,3,NE,S,Adrian Phillips,00-0031404,Questionable,Not injury related - personal matter,Did Not Participate In Practice,Adrian Phillips,QUESTIONABLE
2021,3,NE,T,Trenton Brown,00-0032071,Questionable,Calf,Limited Participation in Practice,Trenton Brown,QUESTIONABLE
2021,3,NE,LB,Josh Uche,00-0036159,Questionable,Back,Limited Participation in Practice,Josh Uche,QUESTIONABLE
2021,3,NO,S,Chauncey Gardner-Johnson,00-0035253,,,Full Participation in Practice,Chauncey Gardner-Johnson,
2021,3,NO,DE,Tanoh Kpassagnon,00-0033902,,,Full Participation in Practice,Tanoh Kpassagnon,
2021,3,NO,CB,Marshon Lattimore,00-0033874,,,Full Participation in Practice,Marshon Lattimore,
2021,3,NO,LB,Pete Werner,00-0036927,,,Full Participation in Practice,Pete Werner,
2021,3,NO,CB,P.J. Williams,00-0032059,,,Full Participation in Practice,P.J. Williams,
2021,3,NO,T,Calvin Throckmorton,00-0035764,,,Limited Participation in Practice,Calvin Throckmorton,
2021,3,NO,DE,Payton Turner,00-0036926,,,Limited Participation in Practice,Payton Turner,
2021,3,NO,C,Erik McCoy,00-0035242,Out,Calf,Did Not Participate In Practice,Erik McCoy,OUT
2021,3,NYG,DT,Austin Johnson,00-0032763,,,Full Participation in Practice,Austin Johnson,
2021,3,NYG,RB,Saquon Barkley,00-0034844,,,Limited Participation in Practice,Saquon Barkley,
2021,3,NYG,S,Logan Ryan,00-0030411,,,Limited Participation in Practice,Logan Ryan,
2021,3,NYG,TE,Kaden Smith,00-0034988,,,Limited Participation in Practice,Kaden Smith,
2021,3,NYG,WR,Kadarius Toney,00-0036913,,,Limited Participation in Practice,Kadarius Toney,
2021,3,NYG,LB,Cam Brown,00-0036400,Out,Hamstring,Did Not Participate In Practice,Cam Brown,OUT
2021,3,NYG,S,Nate Ebner,00-0029570,Questionable,Quadricep,Limited Participation in Practice,Nate Ebner,QUESTIONABLE
2021,3,NYG,TE,Evan Engram,00-0033881,Questionable,Calf,Limited Participation in Practice,Evan Engram,QUESTIONABLE
2021,3,NYG,WR,Kenny Golladay,00-0033932,Questionable,Hip,Limited Participation in Practice,Kenny Golladay,QUESTIONABLE
2021,3,NYJ,LB,B.J. Goodson,00-0033121,,,Did Not Participate In Practice,B.J. Goodson,
2021,3,NYJ,LB,Jamien Sherwood,00-0036500,,,Full Participation in Practice,Jamien Sherwood,
2021,3,NYJ,QB,Zach Wilson,00-0037013,,,Full Participation in Practice,Zach Wilson,
2021,3,NYJ,RB,Tevin Coleman,00-0032058,Out,Illness,Full Participation in Practice,Tevin Coleman,OUT
2021,3,NYJ,WR,Jamison Crowder,00-0031941,Doubtful,Groin,Did Not Participate In Practice,Jamison Crowder,DOUBTFUL
2021,3,NYJ,DE,John Franklin-Myers,00-0034805,Questionable,Calf,Limited Participation in Practice,John Franklin-Myers,QUESTIONABLE
2021,3,PHI,WR,J.J. Arcega-Whiteside,00-0035246,,,Full Participation in Practice,J.J. Arcega-Whiteside,
2021,3,PHI,DT,Fletcher Cox,00-0029653,,,Full Participation in Practice,Fletcher Cox,
2021,3,PHI,C,Jason Kelce,00-0028129,,,Full Participation in Practice,Jason Kelce,
2021,3,PHI,DT,Hassan Ridgeway,00-0032402,,,Full Participation in Practice,Hassan Ridgeway,
2021,3,PHI,RB,Miles Sanders,00-0035243,,,Full Participation in Practice,Miles Sanders,
2021,3,PHI,TE,Zach Ertz,00-0030061,,,Limited Participation in Practice,Zach Ertz,
2021,3,PHI,T,Jordan Mailata,00-0034429,Out,Knee,Did Not Participate In Practice,Jordan Mailata,OUT
2021,3,PHI,S,Rodney McLeod,00-0028899,Out,Knee,Limited Participation in Practice,Rodney McLeod,OUT
2021,3,PHI,RB,Boston Scott,00-0034414,Questionable,Illness,Did Not Participate In Practice,Boston Scott,QUESTIONABLE
2021,3,PHI,LB,Davion Taylor,00-0036393,Questionable,Calf,Limited Participation in Practice,Davion Taylor,QUESTIONABLE
2021,3,PIT,LB,Marcus Allen,00-0034335,,,Full Participation in Practice,Marcus Allen,
2021,3,PIT,LB,Devin Bush,00-0035525,,,Full Participation in Practice,Devin Bush,
2021,3,PIT,TE,Eric Ebron,00-0031387,,,Full Participation in Practice,Eric Ebron,
2021,3,PIT,CB,Joe Haden,00-0027860,,,Full Participation in Practice,Joe Haden,
2021,3,PIT,CB,Justin Layne,00-0035650,,,Full Participation in Practice,Justin Layne,
2021,3,PIT,QB,Ben Roethlisberger,00-0022924,,,Full Participation in Practice,Ben Roethlisberger,
2021,3,PIT,DT,Carlos Davis,00-0036352,Out,Knee,Did Not Participate In Practice,Carlos Davis,OUT
2021,3,PIT,LB,Alex Highsmith,00-0036333,Out,Groin,Did Not Participate In Practice,Alex Highsmith,OUT
2021,3,PIT,WR,Diontae Johnson,00-0035216,Out,Knee,Did Not Participate In Practice,Diontae Johnson,OUT
2021,3,PIT,LB,T.J. Watt,00-0033886,Questionable,Groin,Limited Participation in Practice,T.J. Watt,QUESTIONABLE
2021,3,SEA,T,Duane Brown,00-0026166,,,Did Not Participate In Practice,Duane Brown,
2021,3,SEA,G,Gabe Jackson,00-0031367,,,Did Not Participate In Practice,Gabe Jackson,
2021,3,SEA,S,Marquise Blair,00-0035139,,,Full Participation in Practice,Marquise Blair,
2021,3,SEA,RB,Chris Carson,00-0033594,,,Full Participation in Practice,Chris Carson,
2021,3,SEA,WR,DK Metcalf,00-0035640,,,Full Participation in Practice,DK Metcalf,
2021,3,SEA,DT,Bryan Mone,00-0035094,,,Full Participation in Practice,Bryan Mone,
2021,3,SEA,LS,Tyler Ott,00-0031156,,,Full Participation in Practice,Tyler Ott,
2021,3,SEA,WR,Freddie Swain,00-0036247,,,Full Participation in Practice,Freddie Swain,
2021,3,SEA,WR,D'Wayne Eskridge,00-0036620,Out,Concussion,Did Not Participate In Practice,D'Wayne Eskridge,OUT
2021,3,SEA,RB,Rashaad Penny,00-0034750,Out,Calf,Did Not Participate In Practice,Rashaad Penny,OUT
2021,3,SEA,T,Brandon Shell,00-0032420,Out,Ankle,Did Not Participate In Practice,Brandon Shell,OUT
2021,3,SEA,LB,Benson Mayowa,00-0030380,Questionable,Neck,Limited Participation in Practice,Benson Mayowa,QUESTIONABLE
2021,3,SF,CB,Josh Norman,00-0029285,,,Full Participation in Practice,Josh Norman,
2021,3,SF,RB,Trey Sermon,00-0036984,,,Full Participation in Practice,Trey Sermon,
2021,3,SF,S,Jimmie Ward,00-0031298,,,Full Participation in Practice,Jimmie Ward,
2021,3,SF,LB,Fred Warner,00-0034815,,,Full Participation in Practice,Fred Warner,
2021,3,SF,T,Trent Williams,00-0027857,,,Full Participation in Practice,Trent Williams,
2021,3,SF,DT,Kevin Givens,00-0035026,Out,Ankle,Did Not Participate In Practice,Kevin Givens,OUT
2021,3,SF,RB,Jamycal Hasty,00-0035806,Out,Ankle,Did Not Participate In Practice,Jamycal Hasty,OUT
2021,3,SF,RB,Elijah Mitchell,00-0036567,Doubtful,Shoulder,Limited Participation in Practice,Elijah Mitchell,DOUBTFUL
2021,3,SF,DE,Arik Armstead,00-0032164,Questionable,Adductor,Limited Participation in Practice,Arik Armstead,QUESTIONABLE
2021,3,SF,DT,Javon Kinlaw,00-0036260,Questionable,Knee,Limited Participation in Practice,Javon Kinlaw,QUESTIONABLE
2021,3,SF,CB,Emmanuel Moseley,00-0034096,Questionable,Knee,Limited Participation in Practice,Emmanuel Moseley,QUESTIONABLE
2021,3,TB,TE,Rob Gronkowski,00-0027656,,,Did Not Participate In Practice,Rob Gronkowski,
2021,3,TB,DT,Ndamukong Suh,00-0027855,,,Did Not Participate In Practice,Ndamukong Suh,
2021,3,TB,CB,Carlton Davis,00-0034778,,,Full Participation in Practice,Carlton Davis,
2021,3,TB,DT,Steve McLendon,00-0026564,,,Full Participation in Practice,Steve McLendon,
2021,3,TB,WR,Jaydon Mickens,00-0033006,Out,Abdomen,Did Not Participate In Practice,Jaydon Mickens,OUT
2021,3,TB,LB,Jason Pierre-Paul,00-0027867,Out,Hand,Did Not Participate In Practice,Jason Pierre-Paul,OUT
2021,3,TEN,WR,A.J. Brown,00-0035676,,,Full Participation in Practice,A.J. Brown,
2021,3,TEN,RB,Derrick Henry,00-0032764,,,Full Participation in Practice,Derrick Henry,
2021,3,TEN,CB,Chris Jackson,00-0036240,,,Full Participation in Practice,Chris Jackson,
2021,3,TEN,C,Ben Jones,00-0029413,,,Full Participation in Practice,Ben Jones,
2021,3,TEN,T,Taylor Lewan,00-0031442,,,Full Participation in Practice,Taylor Lewan,
2021,3,TEN,T,Ty Sambrailo,00-0032147,,,Full Participation in Practice,Ty Sambrailo,
2021,3,TEN,G,Rodger Saffold,00-0027648,,,Limited Participation in Practice,Rodger Saffold,
2021,3,TEN,CB,Caleb Farley,00-0036615,Out,Shoulder,Did Not Participate In Practice,Caleb Farley,OUT
2021,3,TEN,TE,Anthony Firkser,00-0033455,Out,Knee,Did Not Participate In Practice,Anthony Firkser,OUT
2021,3,TEN,LB,Derick Roberson,00-0035521,Out,Knee,Did Not Participate In Practice,Derick Roberson,OUT
2021,3,TEN,LB,Bud Dupree,00-0032146,Questionable,Knee,Did Not Participate In Practice,Bud Dupree,QUESTIONABLE
2021,3,TEN,LB,Jayon Brown,00-0033954,Questionable,Hamstring,Full Participation in Practice,Jayon Brown,QUESTIONABLE
2021,3,WAS,RB,Antonio Gibson,00-0036328,,,Full Participation in Practice,Antonio Gibson,
2021,3,WAS,DT,Matt Ioannidis,00-0032781,Questionable,Knee,Did Not Participate In Practice,Matt Ioannidis,QUESTIONABLE
2021,4,ARI,C,Rodney Hudson,00-0027993,,,Did Not Participate In Practice,Rodney Hudson,
2021,4,ARI,LB,Chandler Jones,00-0029585,,,Did Not Participate In Practice,Chandler Jones,
2021,4,ARI,DT,Corey Peters,00-0027686,,,Did Not Participate In Practice,Corey Peters,
2021,4,ARI,WR,DeAndre Hopkins,00-0030564,,,Full Participation in Practice,DeAndre Hopkins,
2021,4,ARI,WR,A.J. Green,00-0027942,,,Limited Participation in Practice,A.J. Green,
2021,4,ARI,RB,Eno Benjamin,00-0036383,Out,Hamstring,Did Not Participate In Practice,Eno Benjamin,OUT
2021,4,ARI,T,Kelvin Beachum,00-0029316,Questionable,Ribs,Did Not Participate In Practice,Kelvin Beachum,QUESTIONABLE
2021,4,ARI,G,Justin Pugh,00-0030585,Questionable,Back,Full Participation in Practice,Justin Pugh,QUESTIONABLE
2021,4,ARI,T,Justin Murray,00-0032528,Questionable,Back,Limited Participation in Practice,Justin Murray,QUESTIONABLE
2021,4,ATL,WR,Frank Darby,00-0036951,,,Full Participation in Practice,Frank Darby,
2021,4,ATL,G,Colby Gossett,00-0034165,,,Full Participation in Practice,Colby Gossett,
2021,4,ATL,S,Erik Harris,00-0032320,,,Full Participation in Practice,Erik Harris,
2021,4,ATL,CB,A.J. Terrell,00-0036285,,,Full Participation in Practice,A.J. Terrell,
2021,4,ATL,DT,Marlon Davidson,00-0036291,Out,Ankle,Did Not Participate In Practice,Marlon Davidson,OUT
2021,4,ATL,WR,Russell Gage,00-0034411,Out,Ankle,Did Not Participate In Practice,Russell Gage,OUT
2021,4,BAL,DE,Calais Campbell,00-0026190,,,Did Not Participate In Practice,Calais Campbell,
2021,4,BAL,LB,Justin Houston,00-0028008,,,Did Not Participate In Practice,Justin Houston,
2021,4,BAL,WR,Sammy Watkins,00-0031325,,,Did Not Participate In Practice,Sammy Watkins,
2021,4,BAL,DT,Brandon Williams,00-0030511,,,Did Not Participate In Practice,Brandon Williams,
2021,4,BAL,T,Ronnie Stanley,00-0032965,Out,Ankle,Did Not Participate In Practice,Ronnie Stanley,OUT
2021,4,BAL,DE,Derek Wolfe,00-0029586,Out,Back,Did Not Participate In Practice,Derek Wolfe,OUT
2021,4,BAL,CB,Anthony Averett,00-0034265,Questionable,Ankle,Did Not Participate In Practice,Anthony Averett,QUESTIONABLE
2021,4,BAL,S,DeShon Elliott,00-0034277,Questionable,Quadricep,Did Not Participate In Practice,DeShon Elliott,QUESTIONABLE
2021,4,BAL,CB,Marlon Humphrey,00-0033281,Questionable,Knee,Full Participation in Practice,Marlon Humphrey,QUESTIONABLE
2021,4,BAL,QB,Lamar Jackson,00-0034796,Questionable,Back,Full Participation in Practice,Lamar Jackson,QUESTIONABLE
2021,4,BAL,CB,Tavon Young,00-0032770,Questionable,Knee,Full Participation in Practice,Tavon Young,QUESTIONABLE
2021,4,BAL,S,Chuck Clark,00-0033294,Questionable,Hip,Limited Participation in Practice,Chuck Clark,QUESTIONABLE
2021,4,BAL,LB,Pernell McPhee,00-0028103,Questionable,Shoulder,Limited Participation in Practice,Pernell McPhee,QUESTIONABLE
2021,4,BAL,S,Geno Stone,00-0036199,Questionable,Thigh,Limited Participation in Practice,Geno Stone,QUESTIONABLE
2021,4,BAL,T,Alejandro Villanueva,00-0030648,Questionable,Knee,Limited Participation in Practice,Alejandro Villanueva,QUESTIONABLE
2021,4,BUF,DE,Mario Addison,00-0028339,,,Did Not Participate In Practice,Mario Addison,
2021,4,BUF,WR,Cole Beasley,00-0029000,,,Did Not Participate In Practice,Cole Beasley,
2021,4,BUF,WR,Stefon Diggs,00-0031588,,,Did Not Participate In Practice,Stefon Diggs,
2021,4,BUF,DE,Jerry Hughes,00-0027881,,,Did Not Participate In Practice,Jerry Hughes,
2021,4,BUF,RB,Taiwan Jones,00-0028063,,,Did Not Participate In Practice,Taiwan Jones,
2021,4,BUF,DT,Star Lotulelei,00-0030455,,,Did Not Participate In Practice,Star Lotulelei,
2021,4,BUF,WR,Emmanuel Sanders,00-0027685,,,Did Not Participate In Practice,Emmanuel Sanders,
2021,4,BUF,S,Micah Hyde,00-0030090,,,Full Participation in Practice,Micah Hyde,
2021,4,BUF,G,Jon Feliciano,00-0032151,Out,Concussion,Did Not Participate In Practice,Jon Feliciano,OUT
2021,4,BUF,S,Jordan Poyer,00-0030114,Out,Ankle,Did Not Participate In Practice,Jordan Poyer,OUT
2021,4,BUF,CB,Taron Johnson,00-0034376,Questionable,Groin,Did Not Participate In Practice,Taron Johnson,QUESTIONABLE
2021,4,BUF,DE,Efe Obada,00-0031500,Questionable,Ankle,Full Participation in Practice,Efe Obada,QUESTIONABLE
2021,4,CAR,WR,Shi Smith,00-0036572,,,Did Not Participate In Practice,Shi Smith,
2021,4,CAR,T,Cameron Erving,00-0032145,,,Full Participation in Practice,Cameron Erving,
2021,4,CAR,CB,C.J. Henderson,00-0036281,,,Full Participation in Practice,C.J. Henderson,
2021,4,CAR,WR,Terrace Marshall,00-0036955,,,Full Participation in Practice,Terrace Marshall,
2021,4,CAR,LB,Shaq Thompson,00-0031550,,,Full Participation in Practice,Shaq Thompson,
2021,4,CAR,DT,Phil Hoskins,00-0036576,,,Limited Participation in Practice,Phil Hoskins,
2021,4,CAR,RB,Christian McCaffrey,00-0033280,Out,Hamstring,Did Not Participate In Practice,Christian McCaffrey,OUT
2021,4,CAR,DE,Yetur Gross-Matos,00-0036288,Doubtful,Ankle,Limited Participation in Practice,Yetur Gross-Matos,DOUBTFUL
2021,4,CAR,G,John Miller,00-0032149,Questionable,Shoulder,Limited Participation in Practice,John Miller,QUESTIONABLE
2021,4,CHI,QB,Justin Fields,00-0036945,,,Full Participation in Practice,Justin Fields,
2021,4,CHI,DT,Eddie Goldman,00-0031551,,,Full Participation in Practice,Eddie Goldman,
2021,4,CHI,TE,Jimmy Graham,00-0027696,,,Full Participation in Practice,Jimmy Graham,
2021,4,CHI,TE,Jesse James,00-0032135,,,Full Participation in Practice,Jesse James,
2021,4,CHI,LB,Joel Iyiegbuniwe,00-0034372,Out,Hamstring,Did Not Participate In Practice,Joel Iyiegbuniwe,OUT
2021,4,CHI,S,Tashaun Gipson,00-0028924,Doubtful,Hamstring,Did Not Participate In Practice,Tashaun Gipson,DOUBTFUL
2021,4,CHI,CB,Xavier Crawford,00-0035293,Questionable,Back,Limited Participation in Practice,Xavier Crawford,QUESTIONABLE
2021,4,CHI,QB,Andy Dalton,00-0027973,Questionable,Knee,Limited Participation in Practice,Andy Dalton,QUESTIONABLE
2021,4,CHI,LB,Khalil Mack,00-0031040,Questionable,Foot,Limited Participation in Practice,Khalil Mack,QUESTIONABLE
2021,4,CHI,WR,Darnell Mooney,00-0036309,Questionable,Groin,Limited Participation in Practice,Darnell Mooney,QUESTIONABLE
2021,4,CIN,LB,Markus Bailey,00-0036314,,,Full Participation in Practice,Markus Bailey,
2021,4,CIN,CB,Darius Phillips,00-0034683,,,Full Participation in Practice,Darius Phillips,
2021,4,CIN,T,Riley Reiff,00-0029672,,,Full Participation in Practice,Riley Reiff,
2021,4,CIN,CB,Trae Waynes,00-0031546,,,Full Participation in Practice,Trae Waynes,
2021,4,CIN,S,Jessie Bates,00-0034675,Out,Neck,Did Not Participate In Practice,Jessie Bates,OUT
2021,4,CIN,WR,Tee Higgins,00-0036410,Out,Shoulder,Did Not Participate In Practice,Tee Higgins,OUT
2021,4,CIN,CB,Chidobe Awuzie,00-0033548,Doubtful,Groin,Did Not Participate In Practice,Chidobe Awuzie,DOUBTFUL
2021,4,CIN,G,Xavier Su'a-Filo,00-0031410,Doubtful,Knee,Did Not Participate In Practice,Xavier Su'a-Filo,DOUBTFUL
2021,4,CLE,WR,Odell Beckham,00-0031235,,,Full Participation in Practice,Odell Beckham,
2021,4,CLE,DE,Jadeveon Clowney,00-0031364,,,Full Participation in Practice,Jadeveon Clowney,
2021,4,CLE,T,Jack Conklin,00-0033057,,,Limited Participation in Practice,Jack Conklin,
2021,4,CLE,CB,Greg Newsome,00-0036996,Out,Calf,Did Not Participate In Practice,Greg Newsome,OUT
2021,4,CLE,T,Christopher Hubbard,00-0029963,Out,Triceps,Limited Participation in Practice,Christopher Hubbard,OUT
2021,4,CLE,LB,Sione Takitaki,00-0035646,Questionable,Hamstring,Limited Participation in Practice,Sione Takitaki,QUESTIONABLE
2021,4,CLE,C,J.C. Tretter,00-0030076,Questionable,Knee,Limited Participation in Practice,J.C. Tretter,QUESTIONABLE
2021,4,CLE,T,Jedrick Wills,00-0036267,Questionable,Ankle,Limited Participation in Practice,Jedrick Wills,QUESTIONABLE
2021,4,DAL,RB,Tony Pollard,00-0035261,,,Full Participation in Practice,Tony Pollard,
2021,4,DAL,DE,Dorance Armstrong,00-0034373,Out,Ankle,Did Not Participate In Practice,Dorance Armstrong,OUT
2021,4,DAL,T,Ty Nsekhe,00-0029709,Out,Illness,Did Not Participate In Practice,Ty Nsekhe,OUT
2021,4,DAL,DE,Carlos Watkins,00-0033563,Out,Knee,Did Not Participate In Practice,Carlos Watkins,OUT
2021,4,DAL,S,Donovan Wilson,00-0035301,Out,Groin,Did Not Participate In Practice,Donovan Wilson,OUT
2021,4,DAL,DE,Randy Gregory,00-0032197,Questionable,Knee,Limited Participation in Practice,Randy Gregory,QUESTIONABLE
2021,4,DEN,DT,Mike Purcell,00-0029890,,,Full Participation in Practice,Mike Purcell,
2021,4,DEN,LB,Malik Reed,00-0034954,,,Full Participation in Practice,Malik Reed,
2021,4,DEN,LB,Justin Strnad,00-0036428,,,Full Participation in Practice,Justin Strnad,
2021,4,DEN,G,Graham Glasgow,00-0032395,Out,Knee,Did Not Participate In Practice,Graham Glasgow,OUT
2021,4,DEN,LB,Baron Browning,00-0036995,Questionable,Back,Did Not Participate In Practice,Baron Browning,QUESTIONABLE
2021,4,DEN,RB,Melvin Gordon,00-0032144,Questionable,Ribs,Limited Participation in Practice,Melvin Gordon,QUESTIONABLE
2021,4,DEN,DE,Shelby Harris,00-0031270,Questionable,Wrist,Limited Participation in Practice,Shelby Harris,QUESTIONABLE
2021,4,DEN,DE,Dre'Mont Jones,00-0035678,Questionable,Calf,Limited Participation in Practice,Dre'Mont Jones,QUESTIONABLE
2021,4,DEN,LB,Andre Mintze,00-0036725,Questionable,Hamstring,Limited Participation in Practice,Andre Mintze,QUESTIONABLE
2021,4,DEN,G,Dalton Risner,00-0035702,Questionable,Ankle,Limited Participation in Practice,Dalton Risner,QUESTIONABLE
2021,4,DET,LB,Trey Flowers,00-0031566,Out,Shoulder,Did Not Participate In Practice,Trey Flowers,OUT
2021,4,DET,DE,Michael Brockers,00-0029630,Questionable,Shoulder,Limited Participation in Practice,Michael Brockers,QUESTIONABLE
2021,4,DET,LB,Romeo Okwara,00-0032655,Questionable,Shoulder,Limited Participation in Practice,Romeo Okwara,QUESTIONABLE
2021,4,DET,RB,D'Andre Swift,00-0036275,Questionable,Groin,Limited Participation in Practice,D'Andre Swift,QUESTIONABLE
2021,4,GB,C,Josh Myers,00-0036622,,,Full Participation in Practice,Josh Myers,
2021,4,GB,RB,A.J. Dillon,00-0036265,,,Limited Participation in Practice,A.J. Dillon,
2021,4,GB,RB,Aaron Jones,00-0033293,,,Limited Participation in Practice,Aaron Jones,
2021,4,GB,WR,Marquez Valdes-Scantling,00-0034272,Out,Hamstring,Did Not Participate In Practice,Marquez Valdes-Scantling,OUT
2021,4,GB,G,Elgton Jenkins,00-0035526,Doubtful,Ankle,Did Not Participate In Practice,Elgton Jenkins,DOUBTFUL
2021,4,GB,CB,Kevin King,00-0033524,Doubtful,Concussion,Did Not Participate In Practice,Kevin King,DOUBTFUL
2021,4,GB,LB,Krys Barnes,00-0035961,Questionable,Concussion,Limited Participation in Practice,Krys Barnes,QUESTIONABLE
2021,4,GB,DT,Jack Heflin,00-0036788,Questionable,Ankle,Limited Participation in Practice,Jack Heflin,QUESTIONABLE
2021,4,GB,S,Vernon Scott,00-0036243,Questionable,Hamstring,Limited Participation in Practice,Vernon Scott,QUESTIONABLE
2021,4,HOU,DT,Ross Blacklock,00-0036289,,,Did Not Participate In Practice,Ross Blacklock,
2021,4,HOU,C,Justin Britt,00-0031282,,,Full Participation in Practice,Justin Britt,
2021,4,HOU,LB,Kamu Grugier-Hill,00-0032437,,,Full Participation in Practice,Kamu Grugier-Hill,
2021,4,HOU,S,Justin Reid,00-0034361,,,Full Participation in Practice,Justin Reid,
2021,4,HOU,CB,Jimmy Moreland,00-0035307,Out,Illness,"
    ",Jimmy Moreland,OUT
2021,4,HOU,WR,Danny Amendola,00-0026035,Out,Thigh,Did Not Participate In Practice,Danny Amendola,OUT
2021,4,HOU,RB,Scottie Phillips,00-0036069,Out,Illness,Did Not Participate In Practice,Scottie Phillips,OUT
2021,4,HOU,QB,Deshaun Watson,00-0033537,Out,Not injury related - personal matter,Did Not Participate In Practice,Deshaun Watson,OUT
2021,4,HOU,CB,Terrance Mitchell,00-0031097,Questionable,Concussion,Limited Participation in Practice,Terrance Mitchell,QUESTIONABLE
2021,4,HOU,LB,Garret Wallow,00-0036844,Questionable,Illness,Limited Participation in Practice,Garret Wallow,QUESTIONABLE
2021,4,IND,T,Eric Fisher,00-0030584,,,Full Participation in Practice,Eric Fisher,
2021,4,IND,DT,Antwaun Woods,00-0032871,,,Full Participation in Practice,Antwaun Woods,
2021,4,IND,LB,Shaquille Leonard,00-0034846,,,Limited Participation in Practice,Shaquille Leonard,
2021,4,IND,G,Quenton Nelson,00-0034342,Out,Ankle,Did Not Participate In Practice,Quenton Nelson,OUT
2021,4,IND,DE,Kwity Paye,00-0036479,Out,Hamstring,Did Not Participate In Practice,Kwity Paye,OUT
2021,4,IND,T,Braden Smith,00-0034836,Out,Foot,Did Not Participate In Practice,Braden Smith,OUT
2021,4,IND,S,Khari Willis,00-0035530,Out,Ankle,Did Not Participate In Practice,Khari Willis,OUT
2021,4,IND,CB,Rock Ya-Sin,00-0035637,Out,Ankle,Did Not Participate In Practice,Rock Ya-Sin,OUT
2021,4,IND,G,Mark Glowinski,00-0031581,Questionable,Knee,Full Participation in Practice,Mark Glowinski,QUESTIONABLE
2021,4,IND,TE,Jack Doyle,00-0030181,Questionable,Back,Limited Participation in Practice,Jack Doyle,QUESTIONABLE
2021,4,IND,RB,Jonathan Taylor,00-0036223,Questionable,Knee,Limited Participation in Practice,Jonathan Taylor,QUESTIONABLE
2021,4,IND,QB,Carson Wentz,00-0032950,Questionable,Ankles,Limited Participation in Practice,Carson Wentz,QUESTIONABLE
2021,4,JAX,CB,Tre Herndon,00-0034516,,,Full Participation in Practice,Tre Herndon,
2021,4,JAX,G,Andrew Norwell,00-0031122,,,Full Participation in Practice,Andrew Norwell,
2021,4,JAX,T,Cam Robinson,00-0033889,,,Full Participation in Practice,Cam Robinson,
2021,4,JAX,K,Josh Lambo,00-0032087,Out,Not injury related - personal matter,Did Not Participate In Practice,Josh Lambo,OUT
2021,4,JAX,DT,Roy Robertson-Harris,00-0032667,Out,Ankle,Limited Participation in Practice,Roy Robertson-Harris,OUT
2021,4,KC,T,Orlando Brown,00-0034752,,,Full Participation in Practice,Orlando Brown,
2021,4,KC,WR,Mecole Hardman,00-0035140,,,Full Participation in Practice,Mecole Hardman,
2021,4,KC,WR,Tyreek Hill,00-0033040,,,Full Participation in Practice,Tyreek Hill,
2021,4,KC,DE,Chris Jones,00-0032762,,,Full Participation in Practice,Chris Jones,
2021,4,KC,CB,Chris Lammons,00-0034145,,,Full Participation in Practice,Chris Lammons,
2021,4,KC,DT,Derrick Nnadi,00-0034818,,,Full Participation in Practice,Derrick Nnadi,
2021,4,KC,WR,Demarcus Robinson,00-0032775,,,Full Participation in Practice,Demarcus Robinson,
2021,4,KC,CB,L'Jarius Sneed,00-0036374,,,Full Participation in Practice,L'Jarius Sneed,
2021,4,KC,CB,Rashad Fenton,00-0035147,Out,Concussion,Did Not Participate In Practice,Rashad Fenton,OUT
2021,4,KC,DE,Frank Clark,00-0032210,Questionable,Hamstring,Limited Participation in Practice,Frank Clark,QUESTIONABLE
2021,4,KC,CB,Charvarius Ward,00-0034573,Questionable,Quadricep,Limited Participation in Practice,Charvarius Ward,QUESTIONABLE
2021,4,LA,WR,DeSean Jackson,00-0026189,,,Did Not Participate In Practice,DeSean Jackson,
2021,4,LA,DT,Aaron Donald,00-0031388,,,Full Participation in Practice,Aaron Donald,
2021,4,LA,LB,Leonard Floyd,00-0033072,,,Full Participation in Practice,Leonard Floyd,
2021,4,LA,LB,Terrell Lewis,00-0036419,,,Full Participation in Practice,Terrell Lewis,
2021,4,LA,CB,Robert Rochell,00-0036904,,,Full Participation in Practice,Robert Rochell,
2021,4,LA,T,Andrew Whitworth,00-0024270,,,Full Participation in Practice,Andrew Whitworth,
2021,4,LA,WR,Tutu Atwell,00-0036849,Questionable,Illness,Full Participation in Practice,Tutu Atwell,QUESTIONABLE
2021,4,LA,RB,Darrell Henderson,00-0035664,Questionable,Ribs,Full Participation in Practice,Darrell Henderson,QUESTIONABLE
2021,4,LAC,WR,Keenan Allen,00-0030279,,,Full Participation in Practice,Keenan Allen,
2021,4,LAC,LB,Joey Bosa,00-0033156,,,Full Participation in Practice,Joey Bosa,
2021,4,LAC,S,Alohi Gilman,00-0036380,,,Full Participation in Practice,Alohi Gilman,
2021,4,LAC,S,Derwin James,00-0034790,,,Full Participation in Practice,Derwin James,
2021,4,LAC,LS,Matt Overton,00-0027187,,,Full Participation in Practice,Matt Overton,
2021,4,LAC,DT,Justin Jones,00-0034677,Out,Calf,Did Not Participate In Practice,Justin Jones,OUT
2021,4,LAC,CB,Chris Harris,00-0028224,Questionable,Shoulder,Limited Participation in Practice,Chris Harris,QUESTIONABLE
2021,4,LAC,LB,Kenneth Murray,00-0036441,Questionable,Ankle,Limited Participation in Practice,Kenneth Murray,QUESTIONABLE
2021,4,LV,CB,Nate Hobbs,00-0036871,,,Full Participation in Practice,Nate Hobbs,
2021,4,LV,S,Dallin Leavitt,00-0034726,,,Full Participation in Practice,Dallin Leavitt,
2021,4,LV,CB,Trayvon Mullen,00-0035695,,,Full Participation in Practice,Trayvon Mullen,
2021,4,LV,DE,Carl Nassib,00-0033129,,,Full Participation in Practice,Carl Nassib,
2021,4,LV,LB,Denzel Perryman,00-0032103,,,Full Participation in Practice,Denzel Perryman,
2021,4,LV,S,Roderic Teamer,00-0035437,,,Full Participation in Practice,Roderic Teamer,
2021,4,LV,DT,Solomon Thomas,00-0033870,,,Full Participation in Practice,Solomon Thomas,
2021,4,LV,RB,Alec Ingold,00-0035125,Questionable,Shoulder,"
    ",Alec Ingold,QUESTIONABLE
2021,4,LV,RB,Josh Jacobs,00-0035700,Questionable,Ankle,Limited Participation in Practice,Josh Jacobs,QUESTIONABLE
2021,4,MIA,LB,Jerome Baker,00-0034797,,,Full Participation in Practice,Jerome Baker,
2021,4,MIA,WR,Will Fuller,00-0033127,,,Full Participation in Practice,Will Fuller,
2021,4,MIA,CB,Xavien Howard,00-0033050,,,Full Participation in Practice,Xavien Howard,
2021,4,MIA,S,Brandon Jones,00-0036221,,,Full Participation in Practice,Brandon Jones,
2021,4,MIA,WR,DeVante Parker,00-0031547,,,Full Participation in Practice,DeVante Parker,
2021,4,MIA,C,Michael Deiter,00-0035686,Out,Foot,Did Not Participate In Practice,Michael Deiter,OUT
2021,4,MIN,T,Rashod Hill,00-0032520,,,Did Not Participate In Practice,Rashod Hill,
2021,4,MIN,CB,Patrick Peterson,00-0027943,,,Did Not Participate In Practice,Patrick Peterson,
2021,4,MIN,S,Harrison Smith,00-0029606,,,Did Not Participate In Practice,Harrison Smith,
2021,4,MIN,WR,Adam Thielen,00-0030035,,,Did Not Participate In Practice,Adam Thielen,
2021,4,MIN,CB,Mackensie Alexander,00-0032389,,,Full Participation in Practice,Mackensie Alexander,
2021,4,MIN,CB,Bashaud Breeland,00-0031052,,,Full Participation in Practice,Bashaud Breeland,
2021,4,MIN,TE,Tyler Conklin,00-0034270,,,Full Participation in Practice,Tyler Conklin,
2021,4,MIN,T,Christian Darrisaw,00-0036616,,,Full Participation in Practice,Christian Darrisaw,
2021,4,MIN,TE,Ben Ellefson,00-0035823,,,Full Participation in Practice,Ben Ellefson,
2021,4,MIN,CB,Harrison Hand,00-0036344,,,Full Participation in Practice,Harrison Hand,
2021,4,MIN,K,Greg Joseph,00-0034450,,,Full Participation in Practice,Greg Joseph,
2021,4,MIN,LB,Eric Kendricks,00-0031554,,,Full Participation in Practice,Eric Kendricks,
2021,4,MIN,S,Xavier Woods,00-0033579,,,Full Participation in Practice,Xavier Woods,
2021,4,MIN,WR,Ihmir Smith-Marsette,00-0036635,Out,Toe,Did Not Participate In Practice,Ihmir Smith-Marsette,OUT
2021,4,MIN,DT,Michael Pierce,00-0032574,Questionable,Elbow,Did Not Participate In Practice,Michael Pierce,QUESTIONABLE
2021,4,MIN,LB,Anthony Barr,00-0031256,Questionable,Knee,Limited Participation in Practice,Anthony Barr,QUESTIONABLE
2021,4,MIN,CB,Kris Boyd,00-0035150,Questionable,Hamstring,Limited Participation in Practice,Kris Boyd,QUESTIONABLE
2021,4,MIN,RB,Dalvin Cook,00-0033893,Questionable,Ankle,Limited Participation in Practice,Dalvin Cook,QUESTIONABLE
2021,4,NE,DE,Henry Anderson,00-0032269,,,Limited Participation in Practice,Henry Anderson,
2021,4,NE,RB,James White,00-0031062,Out,Hip,Did Not Participate In Practice,James White,OUT
2021,4,NE,LB,Ja'Whaun Bentley,00-0034385,Questionable,Shoulder,Limited Participation in Practice,Ja'Whaun Bentley,QUESTIONABLE
2021,4,NE,T,Trenton Brown,00-0032071,Questionable,Calf,Limited Participation in Practice,Trenton Brown,QUESTIONABLE
2021,4,NE,S,Kyle Dugger,00-0036231,Questionable,Hamstring,Limited Participation in Practice,Kyle Dugger,QUESTIONABLE
2021,4,NE,K,Nick Folk,00-0025565,Questionable,left Knee,Limited Participation in Practice,Nick Folk,QUESTIONABLE
2021,4,NE,CB,J.C. Jackson,00-0034591,Questionable,Knee,Limited Participation in Practice,J.C. Jackson,QUESTIONABLE
2021,4,NE,LB,Josh Uche,00-0036159,Questionable,Back,Limited Participation in Practice,Josh Uche,QUESTIONABLE
2021,4,NE,LB,Kyle Van Noy,00-0031360,Questionable,Groin,Limited Participation in Practice,Kyle Van Noy,QUESTIONABLE
2021,4,NE,T,Isaiah Wynn,00-0034833,Questionable,Knee,Limited Participation in Practice,Isaiah Wynn,QUESTIONABLE
2021,4,NO,LB,Demario Davis,00-0029607,,,Full Participation in Practice,Demario Davis,
2021,4,NO,CB,Marshon Lattimore,00-0033874,,,Full Participation in Practice,Marshon Lattimore,
2021,4,NO,QB,Jameis Winston,00-0031503,,,Full Participation in Practice,Jameis Winston,
2021,4,NO,T,Terron Armstead,00-0030067,Out,Elbow,Did Not Participate In Practice,Terron Armstead,OUT
2021,4,NO,C,Erik McCoy,00-0035242,Out,Calf,Did Not Participate In Practice,Erik McCoy,OUT
2021,4,NYG,LB,Blake Martinez,00-0032408,,,Did Not Participate In Practice,Blake Martinez,
2021,4,NYG,RB,Saquon Barkley,00-0034844,,,Limited Participation in Practice,Saquon Barkley,
2021,4,NYG,RB,Cullen Gillaspia,00-0035304,,,Limited Participation in Practice,Cullen Gillaspia,
2021,4,NYG,WR,Kenny Golladay,00-0033932,,,Limited Participation in Practice,Kenny Golladay,
2021,4,NYG,LS,Casey Kreiter,00-0030957,,,Limited Participation in Practice,Casey Kreiter,
2021,4,NYG,S,Logan Ryan,00-0030411,,,Limited Participation in Practice,Logan Ryan,
2021,4,NYG,G,Ben Bredeson,00-0036132,Out,Hand,Did Not Participate In Practice,Ben Bredeson,OUT
2021,4,NYG,WR,Sterling Shepard,00-0032385,Out,Hamstring,Did Not Participate In Practice,Sterling Shepard,OUT
2021,4,NYG,WR,Darius Slayton,00-0035535,Out,Hamstring,Did Not Participate In Practice,Darius Slayton,OUT
2021,4,NYG,CB,Keion Crossen,00-0034435,Questionable,Elbow,Limited Participation in Practice,Keion Crossen,QUESTIONABLE
2021,4,NYG,LB,Tae Crowder,00-0036167,Questionable,Hamstring,Limited Participation in Practice,Tae Crowder,QUESTIONABLE
2021,4,NYG,S,Nate Ebner,00-0029570,Questionable,Quadricep,Limited Participation in Practice,Nate Ebner,QUESTIONABLE
2021,4,NYG,TE,Kaden Smith,00-0034988,Questionable,Knee,Limited Participation in Practice,Kaden Smith,QUESTIONABLE
2021,4,NYJ,S,Marcus Maye,00-0033892,Out,Ankle,Did Not Participate In Practice,Marcus Maye,OUT
2021,4,NYJ,WR,Elijah Moore,00-0036980,Out,Concussion,Did Not Participate In Practice,Elijah Moore,OUT
2021,4,NYJ,WR,Jeff Smith,00-0035510,Out,Concussion,Did Not Participate In Practice,Jeff Smith,OUT
2021,4,NYJ,WR,Jamison Crowder,00-0031941,Questionable,Groin,Full Participation in Practice,Jamison Crowder,QUESTIONABLE
2021,4,NYJ,TE,Tyler Kroft,00-0032214,Questionable,Rib,Full Participation in Practice,Tyler Kroft,QUESTIONABLE
2021,4,NYJ,RB,La'Mical Perine,00-0036269,Questionable,Illness,Full Participation in Practice,La'Mical Perine,QUESTIONABLE
2021,4,PHI,G,Landon Dickerson,00-0037002,,,Full Participation in Practice,Landon Dickerson,
2021,4,PHI,S,Marcus Epps,00-0034993,,,Full Participation in Practice,Marcus Epps,
2021,4,PHI,T,Lane Johnson,00-0030561,,,Full Participation in Practice,Lane Johnson,
2021,4,PHI,C,Jason Kelce,00-0028129,,,Full Participation in Practice,Jason Kelce,
2021,4,PHI,S,Rodney McLeod,00-0028899,,,Full Participation in Practice,Rodney McLeod,
2021,4,PHI,LB,Davion Taylor,00-0036393,,,Full Participation in Practice,Davion Taylor,
2021,4,PHI,T,Jordan Mailata,00-0034429,Out,Knee,Did Not Participate In Practice,Jordan Mailata,OUT
2021,4,PIT,LB,Alex Highsmith,00-0036333,,,Full Participation in Practice,Alex Highsmith,
2021,4,PIT,WR,Diontae Johnson,00-0035216,,,Full Participation in Practice,Diontae Johnson,
2021,4,PIT,QB,Ben Roethlisberger,00-0022924,,,Full Participation in Practice,Ben Roethlisberger,
2021,4,PIT,WR,JuJu Smith-Schuster,00-0033857,,,Full Participation in Practice,JuJu Smith-Schuster,
2021,4,PIT,LB,T.J. Watt,00-0033886,,,Full Participation in Practice,T.J. Watt,
2021,4,PIT,T,Rashaad Coward,00-0033631,Out,Ankle,Did Not Participate In Practice,Rashaad Coward,OUT
2021,4,PIT,DT,Carlos Davis,00-0036352,Out,Knee,Did Not Participate In Practice,Carlos Davis,OUT
2021,4,PIT,T,Chukwuma Okorafor,00-0034768,Out,Concussion,Did Not Participate In Practice,Chukwuma Okorafor,OUT
2021,4,PIT,WR,Chase Claypool,00-0036326,Questionable,Hamstring,Did Not Participate In Practice,Chase Claypool,QUESTIONABLE
2021,4,SEA,S,Jamal Adams,00-0033872,,,Full Participation in Practice,Jamal Adams,
2021,4,SEA,S,Marquise Blair,00-0035139,,,Full Participation in Practice,Marquise Blair,
2021,4,SEA,T,Duane Brown,00-0026166,,,Full Participation in Practice,Duane Brown,
2021,4,SEA,DT,Poona Ford,00-0034234,,,Full Participation in Practice,Poona Ford,
2021,4,SEA,DE,Rasheem Green,00-0034831,,,Full Participation in Practice,Rasheem Green,
2021,4,SEA,DE,Kerry Hyder,00-0030946,,,Full Participation in Practice,Kerry Hyder,
2021,4,SEA,G,Gabe Jackson,00-0031367,,,Full Participation in Practice,Gabe Jackson,
2021,4,SEA,T,Jamarco Jones,00-0034729,,,Full Participation in Practice,Jamarco Jones,
2021,4,SEA,DT,Bryan Mone,00-0035094,,,Full Participation in Practice,Bryan Mone,
2021,4,SEA,CB,D.J. Reed,00-0034384,,,Full Participation in Practice,D.J. Reed,
2021,4,SEA,WR,DK Metcalf,00-0035640,,,Limited Participation in Practice,DK Metcalf,
2021,4,SEA,RB,Rashaad Penny,00-0034750,Out,Calf,Did Not Participate In Practice,Rashaad Penny,OUT
2021,4,SEA,T,Brandon Shell,00-0032420,Out,Ankle,Did Not Participate In Practice,Brandon Shell,OUT
2021,4,SEA,WR,D'Wayne Eskridge,00-0036620,Doubtful,Concussion,Did Not Participate In Practice,D'Wayne Eskridge,DOUBTFUL
2021,4,SEA,DE,Alton Robinson,00-0036426,Questionable,Knee,Did Not Participate In Practice,Alton Robinson,QUESTIONABLE
2021,4,SEA,WR,Tyler Lockett,00-0032211,Questionable,Hip,Full Participation in Practice,Tyler Lockett,QUESTIONABLE
2021,4,SEA,LB,Benson Mayowa,00-0030380,Questionable,Neck,Limited Participation in Practice,Benson Mayowa,QUESTIONABLE
2021,4,SF,DE,Arik Armstead,00-0032164,,,Full Participation in Practice,Arik Armstead,
2021,4,SF,DE,Nick Bosa,00-0035717,,,Full Participation in Practice,Nick Bosa,
2021,4,SF,CB,K'Waun Williams,00-0031253,Out,Calf,Did Not Participate In Practice,K'Waun Williams,OUT
2021,4,SF,CB,Josh Norman,00-0029285,Doubtful,Chest,Did Not Participate In Practice,Josh Norman,DOUBTFUL
2021,4,SF,DT,Javon Kinlaw,00-0036260,Questionable,Knee,Limited Participation in Practice,Javon Kinlaw,QUESTIONABLE
2021,4,SF,TE,George Kittle,00-0033288,Questionable,Calf,Limited Participation in Practice,George Kittle,QUESTIONABLE
2021,4,SF,RB,Elijah Mitchell,00-0036567,Questionable,Shoulder,Limited Participation in Practice,Elijah Mitchell,QUESTIONABLE
2021,4,TB,DT,Ndamukong Suh,00-0027855,,,Did Not Participate In Practice,Ndamukong Suh,
2021,4,TB,WR,Chris Godwin,00-0033921,,,Full Participation in Practice,Chris Godwin,
2021,4,TB,DT,Steve McLendon,00-0026564,,,Full Participation in Practice,Steve McLendon,
2021,4,TB,WR,Jaydon Mickens,00-0033006,,,Full Participation in Practice,Jaydon Mickens,
2021,4,TB,RB,Giovani Bernard,00-0030456,Out,Knee,Did Not Participate In Practice,Giovani Bernard,OUT
2021,4,TB,CB,Jamel Dean,00-0035699,Out,Knee,Did Not Participate In Practice,Jamel Dean,OUT
2021,4,TB,TE,Rob Gronkowski,00-0027656,Doubtful,Ribs,Did Not Participate In Practice,Rob Gronkowski,DOUBTFUL
2021,4,TB,CB,Carlton Davis,00-0034778,Questionable,Abdomen,Full Participation in Practice,Carlton Davis,QUESTIONABLE
2021,4,TB,LB,Jason Pierre-Paul,00-0027867,Questionable,Shoulder,Limited Participation in Practice,Jason Pierre-Paul,QUESTIONABLE
2021,4,TEN,LB,Jayon Brown,00-0033954,,,Full Participation in Practice,Jayon Brown,
2021,4,TEN,TE,Anthony Firkser,00-0033455,,,Full Participation in Practice,Anthony Firkser,
2021,4,TEN,CB,Kristian Fulton,00-0036416,,,Full Participation in Practice,Kristian Fulton,
2021,4,TEN,RB,Derrick Henry,00-0032764,,,Full Participation in Practice,Derrick Henry,
2021,4,TEN,T,Taylor Lewan,00-0031442,,,Full Participation in Practice,Taylor Lewan,
2021,4,TEN,RB,Jeremy McNichols,00-0033955,,,Limited Participation in Practice,Jeremy McNichols,
2021,4,TEN,G,Rodger Saffold,00-0027648,,,Limited Participation in Practice,Rodger Saffold,
2021,4,TEN,DT,Teair Tart,00-0036181,,,Limited Participation in Practice,Teair Tart,
2021,4,TEN,WR,A.J. Brown,00-0035676,Out,Hamstring,Did Not Participate In Practice,A.J. Brown,OUT
2021,4,TEN,LB,Bud Dupree,00-0032146,Out,Knee,Did Not Participate In Practice,Bud Dupree,OUT
2021,4,TEN,CB,Caleb Farley,00-0036615,Out,Shoulder,Did Not Participate In Practice,Caleb Farley,OUT
2021,4,TEN,WR,Julio Jones,00-0027944,Out,Hamstring,Did Not Participate In Practice,Julio Jones,OUT
2021,4,TEN,P,Brett Kern,00-0025825,Out,right Groin,Did Not Participate In Practice,Brett Kern,OUT
2021,4,TEN,DT,Larrell Murchison,00-0036237,Out,Elbow,Did Not Participate In Practice,Larrell Murchison,OUT
2021,4,WAS,T,Charles Leno,00-0031095,,,Full Participation in Practice,Charles Leno,
2021,4,WAS,G,Brandon Scherff,00-0032053,,,Full Participation in Practice,Brandon Scherff,
2021,4,WAS,CB,Benjamin St-Juste,00-0036625,Out,Concussion,Did Not Participate In Practice,Benjamin St-Juste,OUT
2021,4,WAS,DT,Matt Ioannidis,00-0032781,Questionable,Knee,Full Participation in Practice,Matt Ioannidis,QUESTIONABLE
2021,4,WAS,RB,Antonio Gibson,00-0036328,Questionable,Shin,Limited Participation in Practice,Antonio Gibson,QUESTIONABLE
2021,5,ARI,RB,James Conner,00-0033553,,,Did Not Participate In Practice,James Conner,
2021,5,ARI,WR,DeAndre Hopkins,00-0030564,,,Did Not Participate In Practice,DeAndre Hopkins,
2021,5,ARI,C,Rodney Hudson,00-0027993,,,Did Not Participate In Practice,Rodney Hudson,
2021,5,ARI,LB,Chandler Jones,00-0029585,,,Did Not Participate In Practice,Chandler Jones,
2021,5,ARI,DT,Corey Peters,00-0027686,,,Did Not Participate In Practice,Corey Peters,
2021,5,ARI,LB,Dennis Gardeck,00-0034473,,,Full Participation in Practice,Dennis Gardeck,
2021,5,ARI,G,Justin Pugh,00-0030585,,,Full Participation in Practice,Justin Pugh,
2021,5,ARI,WR,A.J. Green,00-0027942,,,Limited Participation in Practice,A.J. Green,
2021,5,ARI,CB,Byron Murphy,00-0035236,Out,Ribs,Did Not Participate In Practice,Byron Murphy,OUT
2021,5,ARI,T,Justin Murray,00-0032528,Out,Back,Did Not Participate In Practice,Justin Murray,OUT
2021,5,ARI,CB,Marco Wilson,00-0036884,Questionable,Ribs,Did Not Participate In Practice,Marco Wilson,QUESTIONABLE
2021,5,ARI,T,Kelvin Beachum,00-0029316,Questionable,Ribs,Limited Participation in Practice,Kelvin Beachum,QUESTIONABLE
2021,5,ARI,RB,Eno Benjamin,00-0036383,Questionable,Hamstring,Limited Participation in Practice,Eno Benjamin,QUESTIONABLE
2021,5,ARI,RB,Chase Edmonds,00-0034681,Questionable,Shoulder,Limited Participation in Practice,Chase Edmonds,QUESTIONABLE
2021,5,ARI,CB,Antonio Hamilton,00-0032933,Questionable,Ankle,Limited Participation in Practice,Antonio Hamilton,QUESTIONABLE
2021,5,ARI,TE,Maxx Williams,00-0031558,Questionable,Shoulder,Limited Participation in Practice,Maxx Williams,QUESTIONABLE
2021,5,ATL,DT,Marlon Davidson,00-0036291,Out,Ankle,Did Not Participate In Practice,Marlon Davidson,OUT
2021,5,ATL,WR,Russell Gage,00-0034411,Out,Ankle,Did Not Participate In Practice,Russell Gage,OUT
2021,5,ATL,WR,Calvin Ridley,00-0034837,Out,Not injury related - personal matter,Did Not Participate In Practice,Calvin Ridley,OUT
2021,5,ATL,S,Erik Harris,00-0032320,Doubtful,Calf,Did Not Participate In Practice,Erik Harris,DOUBTFUL
2021,5,ATL,CB,Avery Williams,00-0036950,Doubtful,Hamstring,Did Not Participate In Practice,Avery Williams,DOUBTFUL
2021,5,BAL,DE,Calais Campbell,00-0026190,,,Did Not Participate In Practice,Calais Campbell,
2021,5,BAL,LB,Justin Houston,00-0028008,,,Did Not Participate In Practice,Justin Houston,
2021,5,BAL,LB,Pernell McPhee,00-0028103,,,Did Not Participate In Practice,Pernell McPhee,
2021,5,BAL,CB,Jimmy Smith,00-0027965,,,Did Not Participate In Practice,Jimmy Smith,
2021,5,BAL,WR,Sammy Watkins,00-0031325,,,Did Not Participate In Practice,Sammy Watkins,
2021,5,BAL,DT,Brandon Williams,00-0030511,,,Did Not Participate In Practice,Brandon Williams,
2021,5,BAL,T,Ronnie Stanley,00-0032965,Out,Ankle,Did Not Participate In Practice,Ronnie Stanley,OUT
2021,5,BAL,S,DeShon Elliott,00-0034277,Questionable,Quadricep,Limited Participation in Practice,DeShon Elliott,QUESTIONABLE
2021,5,BAL,S,Geno Stone,00-0036199,Questionable,Thigh,Limited Participation in Practice,Geno Stone,QUESTIONABLE
2021,5,BAL,T,Alejandro Villanueva,00-0030648,Questionable,Knee,Limited Participation in Practice,Alejandro Villanueva,QUESTIONABLE
2021,5,BUF,DE,Mario Addison,00-0028339,,,Did Not Participate In Practice,Mario Addison,
2021,5,BUF,WR,Cole Beasley,00-0029000,,,Did Not Participate In Practice,Cole Beasley,
2021,5,BUF,WR,Stefon Diggs,00-0031588,,,Did Not Participate In Practice,Stefon Diggs,
2021,5,BUF,DE,Jerry Hughes,00-0027881,,,Did Not Participate In Practice,Jerry Hughes,
2021,5,BUF,WR,Emmanuel Sanders,00-0027685,,,Did Not Participate In Practice,Emmanuel Sanders,
2021,5,BUF,T,Spencer Brown,00-0036976,,,Full Participation in Practice,Spencer Brown,
2021,5,BUF,G,Jon Feliciano,00-0032151,,,Full Participation in Practice,Jon Feliciano,
2021,5,BUF,CB,Dane Jackson,00-0036166,,,Full Participation in Practice,Dane Jackson,
2021,5,BUF,CB,Taron Johnson,00-0034376,,,Full Participation in Practice,Taron Johnson,
2021,5,BUF,DE,Efe Obada,00-0031500,,,Full Participation in Practice,Efe Obada,
2021,5,BUF,S,Jordan Poyer,00-0030114,,,Full Participation in Practice,Jordan Poyer,
2021,5,BUF,DE,Gregory Rousseau,00-0036914,,,Full Participation in Practice,Gregory Rousseau,
2021,5,BUF,DT,Star Lotulelei,00-0030455,,,Limited Participation in Practice,Star Lotulelei,
2021,5,BUF,CB,Tre'Davious White,00-0033884,,,Limited Participation in Practice,Tre'Davious White,
2021,5,BUF,DE,A.J. Epenesa,00-0036192,Questionable,Foot,Limited Participation in Practice,A.J. Epenesa,QUESTIONABLE
2021,5,BUF,RB,Taiwan Jones,00-0028063,Questionable,Hamstring,Limited Participation in Practice,Taiwan Jones,QUESTIONABLE
2021,5,BUF,LB,Matt Milano,00-0033571,Questionable,Hamstring,Limited Participation in Practice,Matt Milano,QUESTIONABLE
2021,5,CAR,G,John Miller,00-0032149,,,Full Participation in Practice,John Miller,
2021,5,CAR,C,Matt Paradis,00-0031349,,,Full Participation in Practice,Matt Paradis,
2021,5,CAR,LB,Haason Reddick,00-0033875,,,Full Participation in Practice,Haason Reddick,
2021,5,CAR,T,Cameron Erving,00-0032145,Out,Neck,Did Not Participate In Practice,Cameron Erving,OUT
2021,5,CAR,LB,Shaq Thompson,00-0031550,Out,Foot,Did Not Participate In Practice,Shaq Thompson,OUT
2021,5,CAR,RB,Christian McCaffrey,00-0033280,Doubtful,Hamstring,Limited Participation in Practice,Christian McCaffrey,DOUBTFUL
2021,5,CAR,DE,Yetur Gross-Matos,00-0036288,Questionable,Ankle,Full Participation in Practice,Yetur Gross-Matos,QUESTIONABLE
2021,5,CHI,S,Deon Bush,00-0032774,,,Full Participation in Practice,Deon Bush,
2021,5,CHI,QB,Andy Dalton,00-0027973,,,Full Participation in Practice,Andy Dalton,
2021,5,CHI,WR,Darnell Mooney,00-0036309,,,Full Participation in Practice,Darnell Mooney,
2021,5,CHI,RB,Damien Williams,00-0030874,,,Full Participation in Practice,Damien Williams,
2021,5,CHI,TE,J.P. Holtz,00-0032986,Out,Quadricep,Did Not Participate In Practice,J.P. Holtz,OUT
2021,5,CHI,LB,Joel Iyiegbuniwe,00-0034372,Out,Hamstring,Did Not Participate In Practice,Joel Iyiegbuniwe,OUT
2021,5,CHI,TE,Jesse James,00-0032135,Out,Not injury related - personal matter,Did Not Participate In Practice,Jesse James,OUT
2021,5,CHI,RB,David Montgomery,00-0035685,Out,Knee,Did Not Participate In Practice,David Montgomery,OUT
2021,5,CHI,DT,Akiem Hicks,00-0029657,Doubtful,Groin,Limited Participation in Practice,Akiem Hicks,DOUBTFUL
2021,5,CHI,S,Tashaun Gipson,00-0028924,Questionable,Hamstring,Full Participation in Practice,Tashaun Gipson,QUESTIONABLE
2021,5,CHI,TE,Jesper Horsted,00-0035562,Questionable,Knee,Full Participation in Practice,Jesper Horsted,QUESTIONABLE
2021,5,CHI,LB,Christian Jones,00-0031130,Questionable,Back,Limited Participation in Practice,Christian Jones,QUESTIONABLE
2021,5,CHI,LB,Khalil Mack,00-0031040,Questionable,Ribs,Limited Participation in Practice,Khalil Mack,QUESTIONABLE
2021,5,CIN,CB,Chidobe Awuzie,00-0033548,,,Full Participation in Practice,Chidobe Awuzie,
2021,5,CIN,S,Jessie Bates,00-0034675,,,Full Participation in Practice,Jessie Bates,
2021,5,CIN,LB,Akeem Davis-Gaither,00-0036298,,,Full Participation in Practice,Akeem Davis-Gaither,
2021,5,CIN,WR,Tee Higgins,00-0036410,,,Full Participation in Practice,Tee Higgins,
2021,5,CIN,WR,Stanley Morgan,00-0035399,,,Full Participation in Practice,Stanley Morgan,
2021,5,CIN,G,Xavier Su'a-Filo,00-0031410,Out,Knee,Did Not Participate In Practice,Xavier Su'a-Filo,OUT
2021,5,CIN,WR,Mike Thomas,00-0033114,Doubtful,Ankle,Did Not Participate In Practice,Mike Thomas,DOUBTFUL
2021,5,CIN,RB,Joe Mixon,00-0033897,Questionable,Ankle,Did Not Participate In Practice,Joe Mixon,QUESTIONABLE
2021,5,CIN,DT,Larry Ogunjobi,00-0033905,Questionable,Knee,Did Not Participate In Practice,Larry Ogunjobi,QUESTIONABLE
2021,5,CIN,C,Trey Hopkins,00-0030781,Questionable,Knee,Limited Participation in Practice,Trey Hopkins,QUESTIONABLE
2021,5,CIN,G,D'Ante Smith,00-0036852,Questionable,Illness,Limited Participation in Practice,D'Ante Smith,QUESTIONABLE
2021,5,CIN,CB,Trae Waynes,00-0031546,Questionable,Hamstring,Limited Participation in Practice,Trae Waynes,QUESTIONABLE
2021,5,CLE,WR,Odell Beckham,00-0031235,,,Full Participation in Practice,Odell Beckham,
2021,5,CLE,DT,Malik Jackson,00-0029568,,,Full Participation in Practice,Malik Jackson,
2021,5,CLE,T,Jack Conklin,00-0033057,,,Limited Participation in Practice,Jack Conklin,
2021,5,CLE,T,Christopher Hubbard,00-0029963,Out,Triceps,Did Not Participate In Practice,Christopher Hubbard,OUT
2021,5,CLE,CB,Greg Newsome,00-0036996,Out,Calf,Did Not Participate In Practice,Greg Newsome,OUT
2021,5,CLE,DE,Myles Garrett,00-0033868,Questionable,Knee,Did Not Participate In Practice,Myles Garrett,QUESTIONABLE
2021,5,CLE,T,Jedrick Wills,00-0036267,Questionable,Ankle,Did Not Participate In Practice,Jedrick Wills,QUESTIONABLE
2021,5,CLE,DE,Jadeveon Clowney,00-0031364,Questionable,Elbow,Limited Participation in Practice,Jadeveon Clowney,QUESTIONABLE
2021,5,CLE,LB,Tony Fields,00-0036634,Questionable,Shoulder,Limited Participation in Practice,Tony Fields,QUESTIONABLE
2021,5,CLE,CB,Troy Hill,00-0031785,Questionable,Toe,Limited Participation in Practice,Troy Hill,QUESTIONABLE
2021,5,CLE,DE,Takkarist McKinley,00-0033540,Questionable,Ankle,Limited Participation in Practice,Takkarist McKinley,QUESTIONABLE
2021,5,CLE,TE,David Njoku,00-0033885,Questionable,Knee,Limited Participation in Practice,David Njoku,QUESTIONABLE
2021,5,CLE,LB,Malcolm Smith,00-0028180,Questionable,Abdomen,Limited Participation in Practice,Malcolm Smith,QUESTIONABLE
2021,5,CLE,C,J.C. Tretter,00-0030076,Questionable,Knee,Limited Participation in Practice,J.C. Tretter,QUESTIONABLE
2021,5,CLE,CB,Denzel Ward,00-0034856,Questionable,Neck,Limited Participation in Practice,Denzel Ward,QUESTIONABLE
2021,5,DAL,CB,Trevon Diggs,00-0036361,,,Full Participation in Practice,Trevon Diggs,
2021,5,DAL,DE,Dorance Armstrong,00-0034373,Out,Ankle,Did Not Participate In Practice,Dorance Armstrong,OUT
2021,5,DAL,S,Donovan Wilson,00-0035301,Out,Groin,Did Not Participate In Practice,Donovan Wilson,OUT
2021,5,DAL,WR,Amari Cooper,00-0031544,Questionable,Hamstring,Limited Participation in Practice,Amari Cooper,QUESTIONABLE
2021,5,DAL,RB,Ezekiel Elliott,00-0033045,Questionable,Knee,Limited Participation in Practice,Ezekiel Elliott,QUESTIONABLE
2021,5,DAL,DE,Randy Gregory,00-0032197,Questionable,Knee,Limited Participation in Practice,Randy Gregory,QUESTIONABLE
2021,5,DAL,T,Ty Nsekhe,00-0029709,Questionable,Illness,Limited Participation in Practice,Ty Nsekhe,QUESTIONABLE
2021,5,DAL,DE,Carlos Watkins,00-0033563,Questionable,Knee,Limited Participation in Practice,Carlos Watkins,QUESTIONABLE
2021,5,DEN,T,Bobby Massie,00-0029528,,,Did Not Participate In Practice,Bobby Massie,
2021,5,DEN,LB,Baron Browning,00-0036995,,,Full Participation in Practice,Baron Browning,
2021,5,DEN,G,Graham Glasgow,00-0032395,,,Full Participation in Practice,Graham Glasgow,
2021,5,DEN,DE,Shelby Harris,00-0031270,,,Full Participation in Practice,Shelby Harris,
2021,5,DEN,LB,Andre Mintze,00-0036725,,,Full Participation in Practice,Andre Mintze,
2021,5,DEN,G,Dalton Risner,00-0035702,,,Full Participation in Practice,Dalton Risner,
2021,5,DEN,S,Justin Simmons,00-0032971,,,Full Participation in Practice,Justin Simmons,
2021,5,DEN,LB,Von Miller,00-0027940,,,Limited Participation in Practice,Von Miller,
2021,5,DEN,TE,Albert Okwuegbunam,00-0036423,Out,Hamstring,Did Not Participate In Practice,Albert Okwuegbunam,OUT
2021,5,DEN,QB,Teddy Bridgewater,00-0031237,Questionable,Concussion,Full Participation in Practice,Teddy Bridgewater,QUESTIONABLE
2021,5,DEN,RB,Melvin Gordon,00-0032144,Questionable,Lower Leg,Limited Participation in Practice,Melvin Gordon,QUESTIONABLE
2021,5,DEN,WR,Diontae Spencer,00-0031319,Questionable,Chest,Limited Participation in Practice,Diontae Spencer,QUESTIONABLE
2021,5,DEN,CB,Patrick Surtain,00-0036874,Questionable,Chest,Limited Participation in Practice,Patrick Surtain,QUESTIONABLE
2021,5,DEN,WR,Courtland Sutton,00-0034348,Questionable,Ankle,Limited Participation in Practice,Courtland Sutton,QUESTIONABLE
2021,5,DET,DE,Michael Brockers,00-0029630,,,Full Participation in Practice,Michael Brockers,
2021,5,DET,LB,Trey Flowers,00-0031566,Questionable,Knee,Limited Participation in Practice,Trey Flowers,QUESTIONABLE
2021,5,DET,TE,T.J. Hockenson,00-0035229,Questionable,Knee,Limited Participation in Practice,T.J. Hockenson,QUESTIONABLE
2021,5,DET,T,Penei Sewell,00-0036880,Questionable,Ankle,Limited Participation in Practice,Penei Sewell,QUESTIONABLE
2021,5,DET,RB,D'Andre Swift,00-0036275,Questionable,Groin,Limited Participation in Practice,D'Andre Swift,QUESTIONABLE
2021,5,DET,RB,Jamaal Williams,00-0033948,Questionable,Hip,Limited Participation in Practice,Jamaal Williams,QUESTIONABLE
2021,5,GB,LB,Chauncey Rivers,00-0036076,,,Did Not Participate In Practice,Chauncey Rivers,
2021,5,GB,LB,Krys Barnes,00-0035961,,,Full Participation in Practice,Krys Barnes,
2021,5,GB,RB,A.J. Dillon,00-0036265,,,Full Participation in Practice,A.J. Dillon,
2021,5,GB,CB,Kevin King,00-0033524,,,Full Participation in Practice,Kevin King,
2021,5,GB,TE,Marcedes Lewis,00-0024243,,,Full Participation in Practice,Marcedes Lewis,
2021,5,GB,DE,Dean Lowry,00-0032412,,,Full Participation in Practice,Dean Lowry,
2021,5,GB,CB,Isaac Yiadom,00-0034780,,,Full Participation in Practice,Isaac Yiadom,
2021,5,GB,DT,Jack Heflin,00-0036788,,,Limited Participation in Practice,Jack Heflin,
2021,5,GB,RB,Aaron Jones,00-0033293,,,Limited Participation in Practice,Aaron Jones,
2021,5,GB,CB,Jaire Alexander,00-0034728,Out,Shoulder,Did Not Participate In Practice,Jaire Alexander,OUT
2021,5,GB,C,Josh Myers,00-0036622,Out,Finger,Did Not Participate In Practice,Josh Myers,OUT
2021,5,GB,T,Dennis Kelly,00-0029419,Questionable,Illness,Did Not Participate In Practice,Dennis Kelly,QUESTIONABLE
2021,5,GB,G,Elgton Jenkins,00-0035526,Questionable,Ankle,Limited Participation in Practice,Elgton Jenkins,QUESTIONABLE
2021,5,HOU,WR,Chris Conley,00-0032128,,,Did Not Participate In Practice,Chris Conley,
2021,5,HOU,WR,Brandin Cooks,00-0031236,,,Did Not Participate In Practice,Brandin Cooks,
2021,5,HOU,C,Justin Britt,00-0031282,,,Full Participation in Practice,Justin Britt,
2021,5,HOU,CB,Jimmy Moreland,00-0035307,,,Full Participation in Practice,Jimmy Moreland,
2021,5,HOU,RB,Scottie Phillips,00-0036069,,,Full Participation in Practice,Scottie Phillips,
2021,5,HOU,RB,Rex Burkhead,00-0030288,Out,Hip,Did Not Participate In Practice,Rex Burkhead,OUT
2021,5,HOU,QB,Deshaun Watson,00-0033537,Out,Not injury related - personal matter,Did Not Participate In Practice,Deshaun Watson,OUT
2021,5,HOU,T,Marcus Cannon,00-0028076,Questionable,Back,Did Not Participate In Practice,Marcus Cannon,QUESTIONABLE
2021,5,HOU,TE,Brevin Jordan,00-0036556,Questionable,Illness,Did Not Participate In Practice,Brevin Jordan,QUESTIONABLE
2021,5,HOU,WR,Danny Amendola,00-0026035,Questionable,Thigh,Limited Participation in Practice,Danny Amendola,QUESTIONABLE
2021,5,IND,DE,Kemoko Turay,00-0034354,,,Did Not Participate In Practice,Kemoko Turay,
2021,5,IND,TE,Jack Doyle,00-0030181,,,Full Participation in Practice,Jack Doyle,
2021,5,IND,T,Eric Fisher,00-0030584,,,Full Participation in Practice,Eric Fisher,
2021,5,IND,RB,Nyheim Hines,00-0034367,,,Full Participation in Practice,Nyheim Hines,
2021,5,IND,C,Ryan Kelly,00-0032383,,,Full Participation in Practice,Ryan Kelly,
2021,5,IND,QB,Carson Wentz,00-0032950,,,Full Participation in Practice,Carson Wentz,
2021,5,IND,LB,Shaquille Leonard,00-0034846,,,Limited Participation in Practice,Shaquille Leonard,
2021,5,IND,DE,Isaac Rochell,00-0033588,Out,Illness,"
    ",Isaac Rochell,OUT
2021,5,IND,DE,Kwity Paye,00-0036479,Out,Hamstring,Did Not Participate In Practice,Kwity Paye,OUT
2021,5,IND,T,Braden Smith,00-0034836,Out,Foot,Did Not Participate In Practice,Braden Smith,OUT
2021,5,IND,RB,Jordan Wilkins,00-0034400,Out,Non-Football Illness,Did Not Participate In Practice,Jordan Wilkins,OUT
2021,5,IND,CB,Rock Ya-Sin,00-0035637,Out,Ankle,Limited Participation in Practice,Rock Ya-Sin,OUT
2021,5,IND,S,Khari Willis,00-0035530,Questionable,Ankle,Limited Participation in Practice,Khari Willis,QUESTIONABLE
2021,5,JAX,RB,Carlos Hyde,00-0031045,,,Full Participation in Practice,Carlos Hyde,
2021,5,JAX,DT,Roy Robertson-Harris,00-0032667,Out,Ankle,Did Not Participate In Practice,Roy Robertson-Harris,OUT
2021,5,JAX,CB,Tyson Campbell,00-0036974,Questionable,Toe,Limited Participation in Practice,Tyson Campbell,QUESTIONABLE
2021,5,JAX,DE,Lerentee McCray,00-0029799,Questionable,Hamstring,Limited Participation in Practice,Lerentee McCray,QUESTIONABLE
2021,5,KC,CB,Deandre Baker,00-0035684,,,Full Participation in Practice,Deandre Baker,
2021,5,KC,T,Orlando Brown,00-0034752,,,Full Participation in Practice,Orlando Brown,
2021,5,KC,DE,Frank Clark,00-0032210,,,Full Participation in Practice,Frank Clark,
2021,5,KC,CB,Rashad Fenton,00-0035147,,,Full Participation in Practice,Rashad Fenton,
2021,5,KC,WR,Tyreek Hill,00-0033040,,,Full Participation in Practice,Tyreek Hill,
2021,5,KC,S,Armani Watts,00-0034680,,,Full Participation in Practice,Armani Watts,
2021,5,KC,DE,Chris Jones,00-0032762,Questionable,Wrist,Did Not Participate In Practice,Chris Jones,QUESTIONABLE
2021,5,KC,CB,Charvarius Ward,00-0034573,Questionable,Quadricep,Limited Participation in Practice,Charvarius Ward,QUESTIONABLE
2021,5,LA,T,Andrew Whitworth,00-0024270,,,Did Not Participate In Practice,Andrew Whitworth,
2021,5,LA,RB,Darrell Henderson,00-0035664,,,Full Participation in Practice,Darrell Henderson,
2021,5,LA,TE,Tyler Higbee,00-0033110,,,Full Participation in Practice,Tyler Higbee,
2021,5,LA,TE,Johnny Mundt,00-0033246,,,Full Participation in Practice,Johnny Mundt,
2021,5,LA,S,Taylor Rapp,00-0035663,,,Full Participation in Practice,Taylor Rapp,
2021,5,LAC,WR,Keenan Allen,00-0030279,,,Full Participation in Practice,Keenan Allen,
2021,5,LAC,RB,Austin Ekeler,00-0033699,,,Full Participation in Practice,Austin Ekeler,
2021,5,LAC,S,Derwin James,00-0034790,,,Full Participation in Practice,Derwin James,
2021,5,LAC,LB,Drue Tranquill,00-0035262,,,Full Participation in Practice,Drue Tranquill,
2021,5,LAC,RB,Justin Jackson,00-0034440,Doubtful,Groin,Did Not Participate In Practice,Justin Jackson,DOUBTFUL
2021,5,LAC,CB,Chris Harris,00-0028224,Questionable,Shoulder,Full Participation in Practice,Chris Harris,QUESTIONABLE
2021,5,LV,CB,Casey Hayward,00-0029261,,,Did Not Participate In Practice,Casey Hayward,
2021,5,LV,S,Johnathan Abram,00-0035693,,,Full Participation in Practice,Johnathan Abram,
2021,5,LV,CB,Nate Hobbs,00-0036871,,,Full Participation in Practice,Nate Hobbs,
2021,5,LV,RB,Alec Ingold,00-0035125,,,Full Participation in Practice,Alec Ingold,
2021,5,LV,RB,Josh Jacobs,00-0035700,,,Full Participation in Practice,Josh Jacobs,
2021,5,LV,LB,Cory Littleton,00-0032677,,,Full Participation in Practice,Cory Littleton,
2021,5,LV,T,Kolton Miller,00-0034759,,,Full Participation in Practice,Kolton Miller,
2021,5,LV,WR,Hunter Renfrow,00-0034983,,,Full Participation in Practice,Hunter Renfrow,
2021,5,LV,TE,Darren Waller,00-0031610,,,Full Participation in Practice,Darren Waller,
2021,5,LV,TE,Foster Moreau,00-0034981,,,Limited Participation in Practice,Foster Moreau,
2021,5,LV,DE,Yannick Ngakoue,00-0033123,,,Limited Participation in Practice,Yannick Ngakoue,
2021,5,LV,CB,Damon Arnette,00-0036359,Out,Groin,Did Not Participate In Practice,Damon Arnette,OUT
2021,5,LV,TE,Derek Carrier,00-0029119,Out,Pectoral,Did Not Participate In Practice,Derek Carrier,OUT
2021,5,LV,CB,Trayvon Mullen,00-0035695,Out,Toe,Did Not Participate In Practice,Trayvon Mullen,OUT
2021,5,LV,RB,Peyton Barber,00-0032741,Questionable,Toe,Limited Participation in Practice,Peyton Barber,QUESTIONABLE
2021,5,MIA,CB,Xavien Howard,00-0033050,,,Full Participation in Practice,Xavien Howard,
2021,5,MIA,S,Brandon Jones,00-0036221,,,Full Participation in Practice,Brandon Jones,
2021,5,MIA,CB,Byron Jones,00-0032239,,,Full Participation in Practice,Byron Jones,
2021,5,MIA,C,Greg Mancz,00-0031923,,,Full Participation in Practice,Greg Mancz,
2021,5,MIA,TE,Adam Shaheen,00-0033896,,,Full Participation in Practice,Adam Shaheen,
2021,5,MIA,WR,DeVante Parker,00-0031547,Questionable,Shoulder,Limited Participation in Practice,DeVante Parker,QUESTIONABLE
2021,5,MIN,LB,Anthony Barr,00-0031256,,,Full Participation in Practice,Anthony Barr,
2021,5,MIN,CB,Kris Boyd,00-0035150,,,Full Participation in Practice,Kris Boyd,
2021,5,MIN,CB,Bashaud Breeland,00-0031052,,,Full Participation in Practice,Bashaud Breeland,
2021,5,MIN,S,Camryn Bynum,00-0036629,,,Full Participation in Practice,Camryn Bynum,
2021,5,MIN,K,Greg Joseph,00-0034450,,,Full Participation in Practice,Greg Joseph,
2021,5,MIN,LB,Eric Kendricks,00-0031554,,,Full Participation in Practice,Eric Kendricks,
2021,5,MIN,T,Olisaemeka Udoh,00-0034994,,,Full Participation in Practice,Olisaemeka Udoh,
2021,5,MIN,LB,Nick Vigil,00-0032892,,,Full Participation in Practice,Nick Vigil,
2021,5,MIN,WR,Dede Westbrook,00-0033839,,,Full Participation in Practice,Dede Westbrook,
2021,5,MIN,DT,Michael Pierce,00-0032574,Out,Elbow,Did Not Participate In Practice,Michael Pierce,OUT
2021,5,MIN,WR,Ihmir Smith-Marsette,00-0036635,Out,Toe,Did Not Participate In Practice,Ihmir Smith-Marsette,OUT
2021,5,MIN,RB,Dalvin Cook,00-0033893,Questionable,Ankle,Limited Participation in Practice,Dalvin Cook,QUESTIONABLE
2021,5,NE,DE,Henry Anderson,00-0032269,,,Did Not Participate In Practice,Henry Anderson,
2021,5,NE,T,Trenton Brown,00-0032071,Out,Calf,Did Not Participate In Practice,Trenton Brown,OUT
2021,5,NE,G,Shaquille Mason,00-0031580,Out,Abdomen,Did Not Participate In Practice,Shaquille Mason,OUT
2021,5,NE,CB,Shaun Wade,00-0036559,Out,Concussion,Did Not Participate In Practice,Shaun Wade,OUT
2021,5,NE,S,Justin Bethel,00-0029530,Questionable,Hamstring,"
    ",Justin Bethel,QUESTIONABLE
2021,5,NE,LB,Ja'Whaun Bentley,00-0034385,Questionable,Shoulder,Limited Participation in Practice,Ja'Whaun Bentley,QUESTIONABLE
2021,5,NE,S,Cody Davis,00-0029764,Questionable,Knee,Limited Participation in Practice,Cody Davis,QUESTIONABLE
2021,5,NE,S,Kyle Dugger,00-0036231,Questionable,Hamstring,Limited Participation in Practice,Kyle Dugger,QUESTIONABLE
2021,5,NE,K,Nick Folk,00-0025565,Questionable,left Knee,Limited Participation in Practice,Nick Folk,QUESTIONABLE
2021,5,NE,CB,Jonathan Jones,00-0032580,Questionable,Ankle,Limited Participation in Practice,Jonathan Jones,QUESTIONABLE
2021,5,NE,CB,Jalen Mills,00-0032803,Questionable,Hamstring,Limited Participation in Practice,Jalen Mills,QUESTIONABLE
2021,5,NE,DE,Ronnie Perkins,00-0036978,Questionable,Ankle,Limited Participation in Practice,Ronnie Perkins,QUESTIONABLE
2021,5,NE,LB,Kyle Van Noy,00-0031360,Questionable,Groin,Limited Participation in Practice,Kyle Van Noy,QUESTIONABLE
2021,5,NO,S,J.T. Gray,00-0034116,,,Full Participation in Practice,J.T. Gray,
2021,5,NO,CB,Marshon Lattimore,00-0033874,,,Full Participation in Practice,Marshon Lattimore,
2021,5,NO,T,Terron Armstead,00-0030067,Out,Elbow,Did Not Participate In Practice,Terron Armstead,OUT
2021,5,NO,C,Erik McCoy,00-0035242,Out,Calf,Did Not Participate In Practice,Erik McCoy,OUT
2021,5,NYG,RB,Saquon Barkley,00-0034844,,,Full Participation in Practice,Saquon Barkley,
2021,5,NYG,WR,C.J. Board,00-0033367,,,Full Participation in Practice,C.J. Board,
2021,5,NYG,WR,Kenny Golladay,00-0033932,,,Full Participation in Practice,Kenny Golladay,
2021,5,NYG,S,Nate Ebner,00-0029570,,,Limited Participation in Practice,Nate Ebner,
2021,5,NYG,CB,Logan Ryan,00-0030411,,,Limited Participation in Practice,Logan Ryan,
2021,5,NYG,TE,Kaden Smith,00-0034988,,,Limited Participation in Practice,Kaden Smith,
2021,5,NYG,DT,Leonard Williams,00-0031933,,,Limited Participation in Practice,Leonard Williams,
2021,5,NYG,S,Jabrill Peppers,00-0033883,Out,Hamstring,Did Not Participate In Practice,Jabrill Peppers,OUT
2021,5,NYG,WR,Sterling Shepard,00-0032385,Out,Hamstring,Did Not Participate In Practice,Sterling Shepard,OUT
2021,5,NYG,WR,Darius Slayton,00-0035535,Out,Hamstring,Did Not Participate In Practice,Darius Slayton,OUT
2021,5,NYG,G,Ben Bredeson,00-0036132,Out,Hand,Limited Participation in Practice,Ben Bredeson,OUT
2021,5,NYG,T,Andrew Thomas,00-0036386,Questionable,Foot,Limited Participation in Practice,Andrew Thomas,QUESTIONABLE
2021,5,NYJ,WR,Denzel Mims,00-0036255,,,Full Participation in Practice,Denzel Mims,
2021,5,NYJ,WR,Elijah Moore,00-0036980,,,Full Participation in Practice,Elijah Moore,
2021,5,NYJ,S,Jarrod Wilson,00-0032525,,,Full Participation in Practice,Jarrod Wilson,
2021,5,NYJ,S,Adrian Colbert,00-0033302,Out,Concussion,Did Not Participate In Practice,Adrian Colbert,OUT
2021,5,NYJ,TE,Tyler Kroft,00-0032214,Out,Back,Did Not Participate In Practice,Tyler Kroft,OUT
2021,5,NYJ,S,Marcus Maye,00-0033892,Out,Ankle,Did Not Participate In Practice,Marcus Maye,OUT
2021,5,NYJ,WR,Jeff Smith,00-0035510,Out,Concussion,Did Not Participate In Practice,Jeff Smith,OUT
2021,5,NYJ,CB,Brandin Echols,00-0036504,Questionable,Concussion,Full Participation in Practice,Brandin Echols,QUESTIONABLE
2021,5,NYJ,DT,Nathan Shepherd,00-0034760,Questionable,Knee,Full Participation in Practice,Nathan Shepherd,QUESTIONABLE
2021,5,PHI,C,Jason Kelce,00-0028129,,,Full Participation in Practice,Jason Kelce,
2021,5,PHI,CB,Avonte Maddox,00-0034377,,,Full Participation in Practice,Avonte Maddox,
2021,5,PHI,T,Jordan Mailata,00-0034429,,,Full Participation in Practice,Jordan Mailata,
2021,5,PHI,CB,Darius Slay,00-0030062,,,Full Participation in Practice,Darius Slay,
2021,5,PHI,WR,Quez Watkins,00-0036271,,,Full Participation in Practice,Quez Watkins,
2021,5,PHI,T,Lane Johnson,00-0030561,Out,Not injury related - personal matter,Did Not Participate In Practice,Lane Johnson,OUT
2021,5,PIT,WR,Chase Claypool,00-0036326,,,Full Participation in Practice,Chase Claypool,
2021,5,PIT,G,Kevin Dotson,00-0036339,,,Full Participation in Practice,Kevin Dotson,
2021,5,PIT,DT,Cameron Heyward,00-0027969,,,Full Participation in Practice,Cameron Heyward,
2021,5,PIT,T,Chukwuma Okorafor,00-0034768,,,Full Participation in Practice,Chukwuma Okorafor,
2021,5,PIT,QB,Ben Roethlisberger,00-0022924,,,Full Participation in Practice,Ben Roethlisberger,
2021,5,PIT,WR,JuJu Smith-Schuster,00-0033857,,,Full Participation in Practice,JuJu Smith-Schuster,
2021,5,PIT,G,Trai Turner,00-0031362,,,Full Participation in Practice,Trai Turner,
2021,5,PIT,CB,Cameron Sutton,00-0033930,Out,Groin,Did Not Participate In Practice,Cameron Sutton,OUT
2021,5,PIT,WR,James Washington,00-0034676,Out,Groin,Did Not Participate In Practice,James Washington,OUT
2021,5,PIT,T,Rashaad Coward,00-0033631,Out,Ankle,Limited Participation in Practice,Rashaad Coward,OUT
2021,5,PIT,DT,Carlos Davis,00-0036352,Out,Knee,Limited Participation in Practice,Carlos Davis,OUT
2021,5,SEA,T,Duane Brown,00-0026166,,,Did Not Participate In Practice,Duane Brown,
2021,5,SEA,G,Gabe Jackson,00-0031367,,,Did Not Participate In Practice,Gabe Jackson,
2021,5,SEA,DT,Al Woods,00-0027723,,,Did Not Participate In Practice,Al Woods,
2021,5,SEA,S,Jamal Adams,00-0033872,,,Full Participation in Practice,Jamal Adams,
2021,5,SEA,LB,Cody Barton,00-0035672,,,Full Participation in Practice,Cody Barton,
2021,5,SEA,S,Marquise Blair,00-0035139,,,Full Participation in Practice,Marquise Blair,
2021,5,SEA,LB,Carlos Dunlap,00-0027662,,,Full Participation in Practice,Carlos Dunlap,
2021,5,SEA,WR,Penny Hart,00-0035022,,,Full Participation in Practice,Penny Hart,
2021,5,SEA,T,Jamarco Jones,00-0034729,,,Full Participation in Practice,Jamarco Jones,
2021,5,SEA,T,Cedric Ogbuehi,00-0032233,,,Full Participation in Practice,Cedric Ogbuehi,
2021,5,SEA,TE,Colby Parkinson,00-0036244,,,Full Participation in Practice,Colby Parkinson,
2021,5,SEA,DE,Alton Robinson,00-0036426,,,Full Participation in Practice,Alton Robinson,
2021,5,SEA,T,Brandon Shell,00-0032420,,,Full Participation in Practice,Brandon Shell,
2021,5,SEA,DE,Darrell Taylor,00-0036413,,,Full Participation in Practice,Darrell Taylor,
2021,5,SEA,WR,DK Metcalf,00-0035640,,,Limited Participation in Practice,DK Metcalf,
2021,5,SEA,WR,D'Wayne Eskridge,00-0036620,Out,Concussion,Did Not Participate In Practice,D'Wayne Eskridge,OUT
2021,5,SEA,RB,Chris Carson,00-0033594,Questionable,Neck,Did Not Participate In Practice,Chris Carson,QUESTIONABLE
2021,5,SEA,LB,Benson Mayowa,00-0030380,Questionable,Neck,Full Participation in Practice,Benson Mayowa,QUESTIONABLE
2021,5,SF,DE,Arik Armstead,00-0032164,,,Full Participation in Practice,Arik Armstead,
2021,5,SF,DT,D.J. Jones,00-0033297,,,Full Participation in Practice,D.J. Jones,
2021,5,SF,C,Alex Mack,00-0026997,,,Full Participation in Practice,Alex Mack,
2021,5,SF,RB,Elijah Mitchell,00-0036567,,,Full Participation in Practice,Elijah Mitchell,
2021,5,SF,CB,Josh Norman,00-0029285,,,Full Participation in Practice,Josh Norman,
2021,5,SF,T,Trent Williams,00-0027857,,,Full Participation in Practice,Trent Williams,
2021,5,SF,QB,Jimmy Garoppolo,00-0031345,Out,Calf,Did Not Participate In Practice,Jimmy Garoppolo,OUT
2021,5,SF,CB,K'Waun Williams,00-0031253,Out,Calf,Did Not Participate In Practice,K'Waun Williams,OUT
2021,5,SF,TE,George Kittle,00-0033288,Doubtful,Calf,Did Not Participate In Practice,George Kittle,DOUBTFUL
2021,5,SF,DE,Samson Ebukam,00-0033945,Questionable,Hamstring,Limited Participation in Practice,Samson Ebukam,QUESTIONABLE
2021,5,SF,DT,Javon Kinlaw,00-0036260,Questionable,Knee,Limited Participation in Practice,Javon Kinlaw,QUESTIONABLE
2021,5,TB,WR,Antonio Brown,00-0027793,,,Did Not Participate In Practice,Antonio Brown,
2021,5,TB,CB,Carlton Davis,00-0034778,,,Did Not Participate In Practice,Carlton Davis,
2021,5,TB,DT,Ndamukong Suh,00-0027855,,,Did Not Participate In Practice,Ndamukong Suh,
2021,5,TB,WR,Chris Godwin,00-0033921,,,Full Participation in Practice,Chris Godwin,
2021,5,TB,TE,Rob Gronkowski,00-0027656,Out,Ribs,Did Not Participate In Practice,Rob Gronkowski,OUT
2021,5,TB,DE,Pat O'Connor,00-0033595,Out,Calf,Did Not Participate In Practice,Pat O'Connor,OUT
2021,5,TB,S,Antoine Winfield,00-0036411,Out,Concussion,Did Not Participate In Practice,Antoine Winfield,OUT
2021,5,TB,RB,Giovani Bernard,00-0030456,Questionable,Knee,Full Participation in Practice,Giovani Bernard,QUESTIONABLE
2021,5,TB,CB,Jamel Dean,00-0035699,Questionable,Knee,Full Participation in Practice,Jamel Dean,QUESTIONABLE
2021,5,TB,LB,Jason Pierre-Paul,00-0027867,Questionable,Shoulder,Limited Participation in Practice,Jason Pierre-Paul,QUESTIONABLE
2021,5,TEN,RB,Khari Blasingame,00-0035099,,,Full Participation in Practice,Khari Blasingame,
2021,5,TEN,WR,A.J. Brown,00-0035676,,,Full Participation in Practice,A.J. Brown,
2021,5,TEN,LB,Rashaan Evans,00-0034743,,,Full Participation in Practice,Rashaan Evans,
2021,5,TEN,CB,Caleb Farley,00-0036615,,,Full Participation in Practice,Caleb Farley,
2021,5,TEN,LB,Sharif Finch,00-0034659,,,Full Participation in Practice,Sharif Finch,
2021,5,TEN,RB,Derrick Henry,00-0032764,,,Full Participation in Practice,Derrick Henry,
2021,5,TEN,CB,Chris Jackson,00-0036240,,,Full Participation in Practice,Chris Jackson,
2021,5,TEN,RB,Jeremy McNichols,00-0033955,,,Full Participation in Practice,Jeremy McNichols,
2021,5,TEN,G,Rodger Saffold,00-0027648,,,Full Participation in Practice,Rodger Saffold,
2021,5,TEN,DT,Jeffery Simmons,00-0035643,,,Full Participation in Practice,Jeffery Simmons,
2021,5,TEN,DT,Teair Tart,00-0036181,,,Full Participation in Practice,Teair Tart,
2021,5,TEN,C,Ben Jones,00-0029413,,,Limited Participation in Practice,Ben Jones,
2021,5,TEN,C,Aaron Brewer,00-0036171,Out,Knee,Did Not Participate In Practice,Aaron Brewer,OUT
2021,5,TEN,LB,Jayon Brown,00-0033954,Out,Knee,Did Not Participate In Practice,Jayon Brown,OUT
2021,5,TEN,TE,Tommy Hudson,00-0036173,Out,Ankle,Did Not Participate In Practice,Tommy Hudson,OUT
2021,5,TEN,WR,Julio Jones,00-0027944,Out,Hamstring,Did Not Participate In Practice,Julio Jones,OUT
2021,5,TEN,P,Brett Kern,00-0025825,Out,right Groin,Did Not Participate In Practice,Brett Kern,OUT
2021,5,TEN,WR,Racey McMath,00-0036652,Out,Quadricep,Did Not Participate In Practice,Racey McMath,OUT
2021,5,TEN,DE,Denico Autry,00-0031254,Questionable,Hip,Full Participation in Practice,Denico Autry,QUESTIONABLE
2021,5,TEN,LB,Bud Dupree,00-0032146,Questionable,Knee,Full Participation in Practice,Bud Dupree,QUESTIONABLE
2021,5,TEN,T,Taylor Lewan,00-0031442,Questionable,Toe,Full Participation in Practice,Taylor Lewan,QUESTIONABLE
2021,5,TEN,WR,Nick Westbrook-Ikhine,00-0036182,Questionable,Hamstring,Full Participation in Practice,Nick Westbrook-Ikhine,QUESTIONABLE
2021,5,TEN,T,Ty Sambrailo,00-0032147,Questionable,Foot,Limited Participation in Practice,Ty Sambrailo,QUESTIONABLE
2021,5,WAS,DT,Jonathan Allen,00-0033523,,,Full Participation in Practice,Jonathan Allen,
2021,5,WAS,S,Deshazor Everett,00-0031844,,,Full Participation in Practice,Deshazor Everett,
2021,5,WAS,DT,Matt Ioannidis,00-0032781,,,Full Participation in Practice,Matt Ioannidis,
2021,5,WAS,RB,J.D. McKissic,00-0032602,,,Full Participation in Practice,J.D. McKissic,
2021,5,WAS,DE,James Smith-Williams,00-0036351,,,Full Participation in Practice,James Smith-Williams,
2021,5,WAS,CB,Benjamin St-Juste,00-0036625,,,Full Participation in Practice,Benjamin St-Juste,
2021,5,WAS,WR,Dyami Brown,00-0036626,Out,Knee,Did Not Participate In Practice,Dyami Brown,OUT
2021,5,WAS,G,Brandon Scherff,00-0032053,Out,Knee,Did Not Participate In Practice,Brandon Scherff,OUT
2021,5,WAS,WR,Cam Sims,00-0034104,Out,Hamstring,Did Not Participate In Practice,Cam Sims,OUT
2021,5,WAS,DT,Daron Payne,00-0034333,Questionable,Toe,Did Not Participate In Practice,Daron Payne,QUESTIONABLE
2021,5,WAS,RB,Antonio Gibson,00-0036328,Questionable,Shin,Limited Participation in Practice,Antonio Gibson,QUESTIONABLE
2021,5,WAS,LB,Cole Holcomb,00-0035286,Questionable,Shoulder,Limited Participation in Practice,Cole Holcomb,QUESTIONABLE
2021,5,WAS,WR,Curtis Samuel,00-0033282,Questionable,Groin,Limited Participation in Practice,Curtis Samuel,QUESTIONABLE
2021,6,ARI,DT,Corey Peters,00-0027686,,,Did Not Participate In Practice,Corey Peters,
2021,6,ARI,TE,Darrell Daniels,00-0033258,,,Full Participation in Practice,Darrell Daniels,
2021,6,ARI,LB,Dennis Gardeck,00-0034473,,,Full Participation in Practice,Dennis Gardeck,
2021,6,ARI,WR,DeAndre Hopkins,00-0030564,,,Full Participation in Practice,DeAndre Hopkins,
2021,6,ARI,QB,Kyler Murray,00-0035228,,,Full Participation in Practice,Kyler Murray,
2021,6,ARI,TE,Zach Ertz,00-0030061,Out,Not Injury Related,"
    ",Zach Ertz,OUT
2021,6,ARI,C,Rodney Hudson,00-0027993,Out,Ribs,Did Not Participate In Practice,Rodney Hudson,OUT
2021,6,ARI,LB,Tanner Vallejo,00-0033580,Out,Hand,Did Not Participate In Practice,Tanner Vallejo,OUT
2021,6,ARI,T,Kelvin Beachum,00-0029316,Questionable,Ribs,Limited Participation in Practice,Kelvin Beachum,QUESTIONABLE
2021,6,ARI,RB,Chase Edmonds,00-0034681,Questionable,Shoulder,Limited Participation in Practice,Chase Edmonds,QUESTIONABLE
2021,6,ARI,LB,Jordan Hicks,00-0032129,Questionable,Toe,Limited Participation in Practice,Jordan Hicks,QUESTIONABLE
2021,6,ARI,CB,Byron Murphy,00-0035236,Questionable,Ribs,Limited Participation in Practice,Byron Murphy,QUESTIONABLE
2021,6,ARI,CB,Marco Wilson,00-0036884,Questionable,Ribs,Limited Participation in Practice,Marco Wilson,QUESTIONABLE
2021,6,BAL,DE,Calais Campbell,00-0026190,,,Did Not Participate In Practice,Calais Campbell,
2021,6,BAL,LB,Justin Houston,00-0028008,,,Did Not Participate In Practice,Justin Houston,
2021,6,BAL,LB,Pernell McPhee,00-0028103,,,Did Not Participate In Practice,Pernell McPhee,
2021,6,BAL,DT,Brandon Williams,00-0030511,,,Did Not Participate In Practice,Brandon Williams,
2021,6,BAL,QB,Lamar Jackson,00-0034796,,,Full Participation in Practice,Lamar Jackson,
2021,6,BAL,T,Ronnie Stanley,00-0032965,Out,Ankle,Did Not Participate In Practice,Ronnie Stanley,OUT
2021,6,BAL,WR,Sammy Watkins,00-0031325,Out,Thigh,Did Not Participate In Practice,Sammy Watkins,OUT
2021,6,BAL,S,DeShon Elliott,00-0034277,Questionable,Quadricep,Full Participation in Practice,DeShon Elliott,QUESTIONABLE
2021,6,BAL,S,Geno Stone,00-0036199,Questionable,Thigh,Full Participation in Practice,Geno Stone,QUESTIONABLE
2021,6,BAL,T,Alejandro Villanueva,00-0030648,Questionable,Knee,Limited Participation in Practice,Alejandro Villanueva,QUESTIONABLE
2021,6,BUF,DE,Mario Addison,00-0028339,,,Did Not Participate In Practice,Mario Addison,
2021,6,BUF,WR,Stefon Diggs,00-0031588,,,Did Not Participate In Practice,Stefon Diggs,
2021,6,BUF,DE,Jerry Hughes,00-0027881,,,Did Not Participate In Practice,Jerry Hughes,
2021,6,BUF,DT,Star Lotulelei,00-0030455,,,Did Not Participate In Practice,Star Lotulelei,
2021,6,BUF,WR,Emmanuel Sanders,00-0027685,,,Did Not Participate In Practice,Emmanuel Sanders,
2021,6,BUF,C,Ryan Bates,00-0035382,,,Full Participation in Practice,Ryan Bates,
2021,6,BUF,G,Jon Feliciano,00-0032151,,,Full Participation in Practice,Jon Feliciano,
2021,6,BUF,RB,Taiwan Jones,00-0028063,,,Full Participation in Practice,Taiwan Jones,
2021,6,BUF,LB,Matt Milano,00-0033571,,,Full Participation in Practice,Matt Milano,
2021,6,BUF,CB,Siran Neal,00-0034391,,,Full Participation in Practice,Siran Neal,
2021,6,CAR,T,Cameron Erving,00-0032145,,,Full Participation in Practice,Cameron Erving,
2021,6,CAR,P,Joseph Charlton,00-0036320,,,Limited Participation in Practice,Joseph Charlton,
2021,6,CAR,LB,Kamal Martin,00-0036270,Out,Concussion,Did Not Participate In Practice,Kamal Martin,OUT
2021,6,CAR,RB,Christian McCaffrey,00-0033280,Out,Hamstring,Did Not Participate In Practice,Christian McCaffrey,OUT
2021,6,CAR,LB,Shaq Thompson,00-0031550,Out,Foot,Did Not Participate In Practice,Shaq Thompson,OUT
2021,6,CAR,CB,C.J. Henderson,00-0036281,Questionable,Shoulder,Full Participation in Practice,C.J. Henderson,QUESTIONABLE
2021,6,CAR,G,Deonte Brown,00-0036566,Questionable,Knee,Limited Participation in Practice,Deonte Brown,QUESTIONABLE
2021,6,CHI,QB,Justin Fields,00-0036945,,,Full Participation in Practice,Justin Fields,
2021,6,CHI,TE,Jimmy Graham,00-0027696,,,Full Participation in Practice,Jimmy Graham,
2021,6,CHI,LB,Christian Jones,00-0031130,,,Full Participation in Practice,Christian Jones,
2021,6,CHI,WR,Darnell Mooney,00-0036309,,,Full Participation in Practice,Darnell Mooney,
2021,6,CHI,LB,Danny Trevathan,00-0029577,,,Full Participation in Practice,Danny Trevathan,
2021,6,CHI,RB,Damien Williams,00-0030874,,,Limited Participation in Practice,Damien Williams,
2021,6,CHI,TE,J.P. Holtz,00-0032986,Out,Quadricep,Did Not Participate In Practice,J.P. Holtz,OUT
2021,6,CHI,DT,Caleb Johnson,00-0036704,Out,Knee,Did Not Participate In Practice,Caleb Johnson,OUT
2021,6,CHI,LB,Khalil Mack,00-0031040,Questionable,Foot,Did Not Participate In Practice,Khalil Mack,QUESTIONABLE
2021,6,CHI,CB,Artie Burns,00-0033103,Questionable,Foot,Full Participation in Practice,Artie Burns,QUESTIONABLE
2021,6,CHI,CB,Xavier Crawford,00-0035293,Questionable,Back,Full Participation in Practice,Xavier Crawford,QUESTIONABLE
2021,6,CHI,LB,Joel Iyiegbuniwe,00-0034372,Questionable,Hamstring,Full Participation in Practice,Joel Iyiegbuniwe,QUESTIONABLE
2021,6,CHI,S,Eddie Jackson,00-0033784,Questionable,Knee,Full Participation in Practice,Eddie Jackson,QUESTIONABLE
2021,6,CHI,RB,Ryan Nall,00-0034597,Questionable,Ankle,Full Participation in Practice,Ryan Nall,QUESTIONABLE
2021,6,CHI,CB,Duke Shelley,00-0035696,Questionable,Ankle,Full Participation in Practice,Duke Shelley,QUESTIONABLE
2021,6,CHI,WR,Jakeem Grant,00-0032791,Questionable,Groin,Limited Participation in Practice,Jakeem Grant,QUESTIONABLE
2021,6,CHI,DT,Akiem Hicks,00-0029657,Questionable,Groin,Limited Participation in Practice,Akiem Hicks,QUESTIONABLE
2021,6,CHI,WR,Allen Robinson,00-0031428,Questionable,Ankle,Limited Participation in Practice,Allen Robinson,QUESTIONABLE
2021,6,CIN,QB,Joe Burrow,00-0036442,,,Full Participation in Practice,Joe Burrow,
2021,6,CIN,C,Trey Hopkins,00-0030781,,,Full Participation in Practice,Trey Hopkins,
2021,6,CIN,CB,Darius Phillips,00-0034683,,,Full Participation in Practice,Darius Phillips,
2021,6,CIN,G,Quinton Spain,00-0032043,,,Full Participation in Practice,Quinton Spain,
2021,6,CIN,G,D'Ante Smith,00-0036852,Out,Knee,Did Not Participate In Practice,D'Ante Smith,OUT
2021,6,CIN,WR,Mike Thomas,00-0033114,Questionable,Ankle,Full Participation in Practice,Mike Thomas,QUESTIONABLE
2021,6,CIN,G,Jackson Carman,00-0036865,Questionable,Not Injury Related,Limited Participation in Practice,Jackson Carman,QUESTIONABLE
2021,6,CIN,RB,Joe Mixon,00-0033897,Questionable,Ankle,Limited Participation in Practice,Joe Mixon,QUESTIONABLE
2021,6,CLE,LB,Elijah Lee,00-0033973,,,Full Participation in Practice,Elijah Lee,
2021,6,CLE,CB,Greedy Williams,00-0035638,,,Full Participation in Practice,Greedy Williams,
2021,6,CLE,DT,Malik Jackson,00-0029568,,,Limited Participation in Practice,Malik Jackson,
2021,6,CLE,DT,Malik McDowell,00-0034019,,,Limited Participation in Practice,Malik McDowell,
2021,6,CLE,TE,David Njoku,00-0033885,,,Limited Participation in Practice,David Njoku,
2021,6,CLE,RB,Nick Chubb,00-0034791,Out,Calf,Did Not Participate In Practice,Nick Chubb,OUT
2021,6,CLE,LB,Malcolm Smith,00-0028180,Out,Abdomen,Did Not Participate In Practice,Malcolm Smith,OUT
2021,6,CLE,T,Jack Conklin,00-0033057,Questionable,Knee,Did Not Participate In Practice,Jack Conklin,QUESTIONABLE
2021,6,CLE,T,Jedrick Wills,00-0036267,Questionable,Ankle,Did Not Participate In Practice,Jedrick Wills,QUESTIONABLE
2021,6,CLE,DE,Jadeveon Clowney,00-0031364,Questionable,Elbow,Limited Participation in Practice,Jadeveon Clowney,QUESTIONABLE
2021,6,CLE,DE,Myles Garrett,00-0033868,Questionable,Knee,Limited Participation in Practice,Myles Garrett,QUESTIONABLE
2021,6,CLE,CB,A.J. Green,00-0036114,Questionable,Shoulder,Limited Participation in Practice,A.J. Green,QUESTIONABLE
2021,6,CLE,RB,Kareem Hunt,00-0033923,Questionable,Wrist,Limited Participation in Practice,Kareem Hunt,QUESTIONABLE
2021,6,CLE,DE,Takkarist McKinley,00-0033540,Questionable,Ankle,Limited Participation in Practice,Takkarist McKinley,QUESTIONABLE
2021,6,CLE,CB,Greg Newsome,00-0036996,Questionable,Calf,Limited Participation in Practice,Greg Newsome,QUESTIONABLE
2021,6,CLE,C,J.C. Tretter,00-0030076,Questionable,Knee,Limited Participation in Practice,J.C. Tretter,QUESTIONABLE
2021,6,CLE,CB,Denzel Ward,00-0034856,Questionable,Neck,Limited Participation in Practice,Denzel Ward,QUESTIONABLE
2021,6,DAL,T,Ty Nsekhe,00-0029709,,,Full Participation in Practice,Ty Nsekhe,
2021,6,DAL,DE,Dorance Armstrong,00-0034373,Out,Ankle,Did Not Participate In Practice,Dorance Armstrong,OUT
2021,6,DAL,T,Tyron Smith,00-0027947,Questionable,Neck,Did Not Participate In Practice,Tyron Smith,QUESTIONABLE
2021,6,DAL,CB,Trevon Diggs,00-0036361,Questionable,Ankle,Limited Participation in Practice,Trevon Diggs,QUESTIONABLE
2021,6,DAL,RB,Ezekiel Elliott,00-0033045,Questionable,Ribs,Limited Participation in Practice,Ezekiel Elliott,QUESTIONABLE
2021,6,DAL,DE,Randy Gregory,00-0032197,Questionable,Knee,Limited Participation in Practice,Randy Gregory,QUESTIONABLE
2021,6,DAL,S,Damontae Kazee,00-0033512,Questionable,Hip,Limited Participation in Practice,Damontae Kazee,QUESTIONABLE
2021,6,DAL,S,Donovan Wilson,00-0035301,Questionable,Groin,Limited Participation in Practice,Donovan Wilson,QUESTIONABLE
2021,6,DEN,LB,A.J. Johnson,00-0034887,,,Did Not Participate In Practice,A.J. Johnson,
2021,6,DEN,T,Bobby Massie,00-0029528,,,Did Not Participate In Practice,Bobby Massie,
2021,6,DEN,CB,Ronald Darby,00-0032195,,,Full Participation in Practice,Ronald Darby,
2021,6,DEN,DE,Shelby Harris,00-0031270,,,Full Participation in Practice,Shelby Harris,
2021,6,DEN,DT,Mike Purcell,00-0029890,,,Full Participation in Practice,Mike Purcell,
2021,6,DEN,S,Justin Simmons,00-0032971,,,Full Participation in Practice,Justin Simmons,
2021,6,DEN,WR,Courtland Sutton,00-0034348,,,Full Participation in Practice,Courtland Sutton,
2021,6,DEN,LB,Von Miller,00-0027940,,,Limited Participation in Practice,Von Miller,
2021,6,DEN,CB,Mike Ford,00-0034639,Out,Knee,Did Not Participate In Practice,Mike Ford,OUT
2021,6,DEN,LB,Aaron Patrick,00-0036465,Questionable,Ankle,Did Not Participate In Practice,Aaron Patrick,QUESTIONABLE
2021,6,DEN,S,Kareem Jackson,00-0027872,Questionable,Back,Full Participation in Practice,Kareem Jackson,QUESTIONABLE
2021,6,DEN,RB,Melvin Gordon,00-0032144,Questionable,Hip,Limited Participation in Practice,Melvin Gordon,QUESTIONABLE
2021,6,DET,CB,Corey Ballentine,00-0035633,,,Did Not Participate In Practice,Corey Ballentine,
2021,6,DET,G,Jonah Jackson,00-0036258,,,Full Participation in Practice,Jonah Jackson,
2021,6,DET,CB,Amani Oruwariye,00-0035270,,,Full Participation in Practice,Amani Oruwariye,
2021,6,DET,LB,Trey Flowers,00-0031566,Questionable,Knee,Limited Participation in Practice,Trey Flowers,QUESTIONABLE
2021,6,DET,TE,T.J. Hockenson,00-0035229,Questionable,Knee,Limited Participation in Practice,T.J. Hockenson,QUESTIONABLE
2021,6,DET,RB,D'Andre Swift,00-0036275,Questionable,Groin,Limited Participation in Practice,D'Andre Swift,QUESTIONABLE
2021,6,DET,RB,Jamaal Williams,00-0033948,Questionable,Hip,Limited Participation in Practice,Jamaal Williams,QUESTIONABLE
2021,6,GB,WR,Davante Adams,00-0031381,,,Full Participation in Practice,Davante Adams,
2021,6,GB,WR,Randall Cobb,00-0028002,,,Full Participation in Practice,Randall Cobb,
2021,6,GB,DT,Jack Heflin,00-0036788,,,Full Participation in Practice,Jack Heflin,
2021,6,GB,TE,Marcedes Lewis,00-0024243,,,Full Participation in Practice,Marcedes Lewis,
2021,6,GB,C,Josh Myers,00-0036622,,,Full Participation in Practice,Josh Myers,
2021,6,GB,S,Vernon Scott,00-0036243,,,Full Participation in Practice,Vernon Scott,
2021,6,GB,RB,Aaron Jones,00-0033293,,,Limited Participation in Practice,Aaron Jones,
2021,6,GB,TE,Robert Tonyan,00-0033757,,,Limited Participation in Practice,Robert Tonyan,
2021,6,GB,CB,Kevin King,00-0033524,Out,Shoulder,Did Not Participate In Practice,Kevin King,OUT
2021,6,GB,T,Dennis Kelly,00-0029419,Doubtful,Back,Did Not Participate In Practice,Dennis Kelly,DOUBTFUL
2021,6,GB,WR,Malik Taylor,00-0035480,Questionable,Illness,Did Not Participate In Practice,Malik Taylor,QUESTIONABLE
2021,6,GB,G,Elgton Jenkins,00-0035526,Questionable,Ankle,Limited Participation in Practice,Elgton Jenkins,QUESTIONABLE
2021,6,HOU,RB,Mark Ingram,00-0027966,,,Did Not Participate In Practice,Mark Ingram,
2021,6,HOU,TE,Pharaoh Brown,00-0033439,,,Full Participation in Practice,Pharaoh Brown,
2021,6,HOU,LB,Kamu Grugier-Hill,00-0032437,,,Full Participation in Practice,Kamu Grugier-Hill,
2021,6,HOU,WR,Brandin Cooks,00-0031236,,,Limited Participation in Practice,Brandin Cooks,
2021,6,HOU,T,Laremy Tunsil,00-0032380,Out,Thumb,Did Not Participate In Practice,Laremy Tunsil,OUT
2021,6,HOU,QB,Deshaun Watson,00-0033537,Out,Not injury related - personal matter,Did Not Participate In Practice,Deshaun Watson,OUT
2021,6,HOU,C,Justin Britt,00-0031282,Questionable,Knee,Did Not Participate In Practice,Justin Britt,QUESTIONABLE
2021,6,HOU,CB,Desmond King,00-0033566,Questionable,Hip,Did Not Participate In Practice,Desmond King,QUESTIONABLE
2021,6,HOU,WR,Danny Amendola,00-0026035,Questionable,Thigh,Limited Participation in Practice,Danny Amendola,QUESTIONABLE
2021,6,HOU,RB,Rex Burkhead,00-0030288,Questionable,Hip,Limited Participation in Practice,Rex Burkhead,QUESTIONABLE
2021,6,IND,LB,Shaquille Leonard,00-0034846,,,Full Participation in Practice,Shaquille Leonard,
2021,6,IND,DE,Kwity Paye,00-0036479,,,Full Participation in Practice,Kwity Paye,
2021,6,IND,DE,Isaac Rochell,00-0033588,,,Full Participation in Practice,Isaac Rochell,
2021,6,IND,CB,Rock Ya-Sin,00-0035637,,,Full Participation in Practice,Rock Ya-Sin,
2021,6,IND,K,Rodrigo Blankenship,00-0035849,Out,right Hip,Did Not Participate In Practice,Rodrigo Blankenship,OUT
2021,6,IND,S,Andrew Sendejo,00-0027914,Out,Concussion,Did Not Participate In Practice,Andrew Sendejo,OUT
2021,6,IND,T,Braden Smith,00-0034836,Out,Foot,Did Not Participate In Practice,Braden Smith,OUT
2021,6,IND,DE,Kemoko Turay,00-0034354,Out,Groin,Did Not Participate In Practice,Kemoko Turay,OUT
2021,6,IND,RB,Jordan Wilkins,00-0034400,Out,Non-Football Illness,Did Not Participate In Practice,Jordan Wilkins,OUT
2021,6,IND,CB,Xavier Rhodes,00-0030575,Questionable,Concussion,Full Participation in Practice,Xavier Rhodes,QUESTIONABLE
2021,6,JAX,LB,Dakota Allen,00-0035670,,,Full Participation in Practice,Dakota Allen,
2021,6,JAX,G,Ben Bartch,00-0036272,,,Full Participation in Practice,Ben Bartch,
2021,6,JAX,DE,Adam Gotsis,00-0033064,,,Full Participation in Practice,Adam Gotsis,
2021,6,JAX,WR,Marvin Jones,00-0029293,,,Full Participation in Practice,Marvin Jones,
2021,6,JAX,DE,Lerentee McCray,00-0029799,,,Full Participation in Practice,Lerentee McCray,
2021,6,JAX,C,Tyler Shatley,00-0030827,,,Full Participation in Practice,Tyler Shatley,
2021,6,JAX,T,Rashaad Coward,00-0033631,Out,Ankle,Did Not Participate In Practice,Rashaad Coward,OUT
2021,6,JAX,LB,Myles Jack,00-0032968,Out,Back,Did Not Participate In Practice,Myles Jack,OUT
2021,6,JAX,CB,Tyson Campbell,00-0036974,Questionable,Toe,Limited Participation in Practice,Tyson Campbell,QUESTIONABLE
2021,6,JAX,DT,Roy Robertson-Harris,00-0032667,Questionable,Ankle,Limited Participation in Practice,Roy Robertson-Harris,QUESTIONABLE
2021,6,KC,DT,Jarran Reed,00-0032387,,,Did Not Participate In Practice,Jarran Reed,
2021,6,KC,CB,Chris Lammons,00-0034145,,,Full Participation in Practice,Chris Lammons,
2021,6,KC,T,Lucas Niang,00-0036367,,,Full Participation in Practice,Lucas Niang,
2021,6,KC,TE,Blake Bell,00-0032062,Out,Back,Did Not Participate In Practice,Blake Bell,OUT
2021,6,KC,DE,Chris Jones,00-0032762,Out,Wrist,Did Not Participate In Practice,Chris Jones,OUT
2021,6,KC,CB,Charvarius Ward,00-0034573,Out,Quadricep,Did Not Participate In Practice,Charvarius Ward,OUT
2021,6,KC,LB,Anthony Hitchens,00-0031348,Questionable,Knee,Full Participation in Practice,Anthony Hitchens,QUESTIONABLE
2021,6,KC,G,Joe Thuney,00-0032391,Questionable,Hand,Full Participation in Practice,Joe Thuney,QUESTIONABLE
2021,6,KC,WR,Tyreek Hill,00-0033040,Questionable,Quadricep,Limited Participation in Practice,Tyreek Hill,QUESTIONABLE
2021,6,LA,WR,DeSean Jackson,00-0026189,,,Did Not Participate In Practice,DeSean Jackson,
2021,6,LA,DT,Aaron Donald,00-0031388,,,Full Participation in Practice,Aaron Donald,
2021,6,LA,RB,Jake Funk,00-0036860,,,Full Participation in Practice,Jake Funk,
2021,6,LA,K,Matt Gay,00-0035269,,,Full Participation in Practice,Matt Gay,
2021,6,LA,LB,Terrell Lewis,00-0036419,,,Full Participation in Practice,Terrell Lewis,
2021,6,LA,T,Andrew Whitworth,00-0024270,,,Full Participation in Practice,Andrew Whitworth,
2021,6,LAC,RB,Justin Jackson,00-0034440,,,Full Participation in Practice,Justin Jackson,
2021,6,LAC,LB,Drue Tranquill,00-0035262,Out,Chest,Did Not Participate In Practice,Drue Tranquill,OUT
2021,6,LAC,S,Nasir Adderley,00-0035677,Questionable,Hip,Did Not Participate In Practice,Nasir Adderley,QUESTIONABLE
2021,6,LAC,WR,Mike Williams,00-0033536,Questionable,Knee,Did Not Participate In Practice,Mike Williams,QUESTIONABLE
2021,6,LV,CB,Casey Hayward,00-0029261,,,Did Not Participate In Practice,Casey Hayward,
2021,6,LV,S,Johnathan Abram,00-0035693,,,Full Participation in Practice,Johnathan Abram,
2021,6,LV,RB,Peyton Barber,00-0032741,,,Full Participation in Practice,Peyton Barber,
2021,6,LV,CB,Brandon Facyson,00-0034545,,,Full Participation in Practice,Brandon Facyson,
2021,6,LV,CB,Nate Hobbs,00-0036871,,,Full Participation in Practice,Nate Hobbs,
2021,6,LV,RB,Alec Ingold,00-0035125,,,Full Participation in Practice,Alec Ingold,
2021,6,LV,S,Dallin Leavitt,00-0034726,,,Full Participation in Practice,Dallin Leavitt,
2021,6,LV,LB,Cory Littleton,00-0032677,,,Full Participation in Practice,Cory Littleton,
2021,6,LV,T,Kolton Miller,00-0034759,,,Full Participation in Practice,Kolton Miller,
2021,6,LV,DE,Carl Nassib,00-0033129,,,Full Participation in Practice,Carl Nassib,
2021,6,LV,DE,Yannick Ngakoue,00-0033123,,,Full Participation in Practice,Yannick Ngakoue,
2021,6,LV,T,Brandon Parker,00-0034763,,,Full Participation in Practice,Brandon Parker,
2021,6,LV,LB,Denzel Perryman,00-0032103,,,Full Participation in Practice,Denzel Perryman,
2021,6,LV,WR,Henry Ruggs,00-0036357,,,Full Participation in Practice,Henry Ruggs,
2021,6,LV,CB,Roderic Teamer,00-0035437,,,Full Participation in Practice,Roderic Teamer,
2021,6,LV,TE,Darren Waller,00-0031610,,,Full Participation in Practice,Darren Waller,
2021,6,LV,RB,Josh Jacobs,00-0035700,,,Limited Participation in Practice,Josh Jacobs,
2021,6,LV,DT,Johnathan Hankins,00-0030063,Doubtful,Hip,Did Not Participate In Practice,Johnathan Hankins,DOUBTFUL
2021,6,LV,DT,Quinton Jefferson,00-0032416,Questionable,Back,Limited Participation in Practice,Quinton Jefferson,QUESTIONABLE
2021,6,MIA,S,Brandon Jones,00-0036221,,,Full Participation in Practice,Brandon Jones,
2021,6,MIA,CB,Xavien Howard,00-0033050,Out,Shoulder,Did Not Participate In Practice,Xavien Howard,OUT
2021,6,MIA,WR,DeVante Parker,00-0031547,Out,Shoulder,Did Not Participate In Practice,DeVante Parker,OUT
2021,6,MIA,QB,Jacoby Brissett,00-0033119,Questionable,Hamstring,Limited Participation in Practice,Jacoby Brissett,QUESTIONABLE
2021,6,MIA,CB,Byron Jones,00-0032239,Questionable,Achilles,Limited Participation in Practice,Byron Jones,QUESTIONABLE
2021,6,MIA,TE,Adam Shaheen,00-0033896,Questionable,Knee,Limited Participation in Practice,Adam Shaheen,QUESTIONABLE
2021,6,MIA,WR,Preston Williams,00-0035350,Questionable,Groin,Limited Participation in Practice,Preston Williams,QUESTIONABLE
2021,6,MIN,DE,Everson Griffen,00-0027701,,,Did Not Participate In Practice,Everson Griffen,
2021,6,MIN,LB,Anthony Barr,00-0031256,,,Full Participation in Practice,Anthony Barr,
2021,6,MIN,RB,Dalvin Cook,00-0033893,,,Full Participation in Practice,Dalvin Cook,
2021,6,MIN,CB,Cameron Dantzler,00-0036330,,,Full Participation in Practice,Cameron Dantzler,
2021,6,MIN,RB,Alexander Mattison,00-0034972,,,Full Participation in Practice,Alexander Mattison,
2021,6,MIN,WR,Ihmir Smith-Marsette,00-0036635,,,Full Participation in Practice,Ihmir Smith-Marsette,
2021,6,MIN,LB,Nick Vigil,00-0032892,,,Full Participation in Practice,Nick Vigil,
2021,6,MIN,RB,C.J. Ham,00-0032918,,,Limited Participation in Practice,C.J. Ham,
2021,6,MIN,WR,Justin Jefferson,00-0036322,,,Limited Participation in Practice,Justin Jefferson,
2021,6,MIN,S,Harrison Smith,00-0029606,,,Limited Participation in Practice,Harrison Smith,
2021,6,MIN,WR,Adam Thielen,00-0030035,,,Limited Participation in Practice,Adam Thielen,
2021,6,MIN,TE,Ben Ellefson,00-0035823,Out,Knee,Did Not Participate In Practice,Ben Ellefson,OUT
2021,6,MIN,DT,Michael Pierce,00-0032574,Out,Elbow,Did Not Participate In Practice,Michael Pierce,OUT
2021,6,NE,LB,Ja'Whaun Bentley,00-0034385,,,Limited Participation in Practice,Ja'Whaun Bentley,
2021,6,NE,S,Cody Davis,00-0029764,,,Limited Participation in Practice,Cody Davis,
2021,6,NE,S,Kyle Dugger,00-0036231,,,Limited Participation in Practice,Kyle Dugger,
2021,6,NE,G,Shaquille Mason,00-0031580,Out,Abdomen,Did Not Participate In Practice,Shaquille Mason,OUT
2021,6,NE,CB,Shaun Wade,00-0036559,Out,Concussion,Did Not Participate In Practice,Shaun Wade,OUT
2021,6,NE,K,Nick Folk,00-0025565,Questionable,left Knee,Limited Participation in Practice,Nick Folk,QUESTIONABLE
2021,6,NE,RB,Damien Harris,00-0035657,Questionable,Ribs,Limited Participation in Practice,Damien Harris,QUESTIONABLE
2021,6,NE,T,Justin Herron,00-0036163,Questionable,Back,Limited Participation in Practice,Justin Herron,QUESTIONABLE
2021,6,NE,CB,Jonathan Jones,00-0032580,Questionable,Ankle,Limited Participation in Practice,Jonathan Jones,QUESTIONABLE
2021,6,NE,CB,Jalen Mills,00-0032803,Questionable,Hamstring,Limited Participation in Practice,Jalen Mills,QUESTIONABLE
2021,6,NE,DE,Ronnie Perkins,00-0036978,Questionable,Ankle,Limited Participation in Practice,Ronnie Perkins,QUESTIONABLE
2021,6,NE,LB,Kyle Van Noy,00-0031360,Questionable,Groin,Limited Participation in Practice,Kyle Van Noy,QUESTIONABLE
2021,6,NYG,CB,Rodarius Williams,00-0036570,,,Did Not Participate In Practice,Rodarius Williams,
2021,6,NYG,QB,Daniel Jones,00-0035710,,,Full Participation in Practice,Daniel Jones,
2021,6,NYG,S,Nate Ebner,00-0029570,,,Limited Participation in Practice,Nate Ebner,
2021,6,NYG,S,Jabrill Peppers,00-0033883,,,Limited Participation in Practice,Jabrill Peppers,
2021,6,NYG,S,Logan Ryan,00-0030411,,,Limited Participation in Practice,Logan Ryan,
2021,6,NYG,WR,Sterling Shepard,00-0032385,,,Limited Participation in Practice,Sterling Shepard,
2021,6,NYG,C,Matt Skura,00-0032575,,,Limited Participation in Practice,Matt Skura,
2021,6,NYG,RB,Saquon Barkley,00-0034844,Out,Ankle,Did Not Participate In Practice,Saquon Barkley,OUT
2021,6,NYG,WR,Kenny Golladay,00-0033932,Out,Knee,Did Not Participate In Practice,Kenny Golladay,OUT
2021,6,NYG,LB,Justin Hilliard,00-0036673,Out,Achilles,Did Not Participate In Practice,Justin Hilliard,OUT
2021,6,NYG,G,Ben Bredeson,00-0036132,Questionable,Hand,Limited Participation in Practice,Ben Bredeson,QUESTIONABLE
2021,6,NYG,WR,Darius Slayton,00-0035535,Questionable,Hamstring,Limited Participation in Practice,Darius Slayton,QUESTIONABLE
2021,6,NYG,T,Andrew Thomas,00-0036386,Questionable,Foot,Limited Participation in Practice,Andrew Thomas,QUESTIONABLE
2021,6,NYG,WR,Kadarius Toney,00-0036913,Questionable,Ankle,Limited Participation in Practice,Kadarius Toney,QUESTIONABLE
2021,6,PHI,TE,Dallas Goedert,00-0034351,,,Did Not Participate In Practice,Dallas Goedert,
2021,6,PHI,DE,Derek Barnett,00-0033876,,,Full Participation in Practice,Derek Barnett,
2021,6,PHI,G,Landon Dickerson,00-0037002,,,Full Participation in Practice,Landon Dickerson,
2021,6,PHI,C,Jason Kelce,00-0028129,,,Full Participation in Practice,Jason Kelce,
2021,6,PHI,T,Jordan Mailata,00-0034429,,,Full Participation in Practice,Jordan Mailata,
2021,6,PHI,T,Lane Johnson,00-0030561,Out,Not injury related - personal matter,Did Not Participate In Practice,Lane Johnson,OUT
2021,6,PIT,LB,Devin Bush,00-0035525,,,Full Participation in Practice,Devin Bush,
2021,6,PIT,WR,Chase Claypool,00-0036326,,,Full Participation in Practice,Chase Claypool,
2021,6,PIT,DT,Cameron Heyward,00-0027969,,,Full Participation in Practice,Cameron Heyward,
2021,6,PIT,LB,Melvin Ingram,00-0029249,,,Full Participation in Practice,Melvin Ingram,
2021,6,PIT,QB,Ben Roethlisberger,00-0022924,,,Full Participation in Practice,Ben Roethlisberger,
2021,6,PIT,CB,Cameron Sutton,00-0033930,,,Full Participation in Practice,Cameron Sutton,
2021,6,PIT,G,Trai Turner,00-0031362,,,Full Participation in Practice,Trai Turner,
2021,6,PIT,WR,James Washington,00-0034676,,,Full Participation in Practice,James Washington,
2021,6,PIT,CB,Ahkello Witherspoon,00-0033783,,,Full Participation in Practice,Ahkello Witherspoon,
2021,6,PIT,WR,JuJu Smith-Schuster,00-0033857,Out,Shoulder,Did Not Participate In Practice,JuJu Smith-Schuster,OUT
2021,6,PIT,DT,Carlos Davis,00-0036352,Out,Knee,Limited Participation in Practice,Carlos Davis,OUT
2021,6,SEA,LB,Carlos Dunlap,00-0027662,,,Did Not Participate In Practice,Carlos Dunlap,
2021,6,SEA,G,Gabe Jackson,00-0031367,,,Did Not Participate In Practice,Gabe Jackson,
2021,6,SEA,C,Kyle Fuller,00-0033592,,,Full Participation in Practice,Kyle Fuller,
2021,6,SEA,WR,Penny Hart,00-0035022,,,Full Participation in Practice,Penny Hart,
2021,6,SEA,G,Damien Lewis,00-0036417,,,Full Participation in Practice,Damien Lewis,
2021,6,SEA,DE,Darrell Taylor,00-0036413,,,Full Participation in Practice,Darrell Taylor,
2021,6,SEA,LB,Bobby Wagner,00-0029255,,,Full Participation in Practice,Bobby Wagner,
2021,6,SEA,T,Duane Brown,00-0026166,,,Limited Participation in Practice,Duane Brown,
2021,6,SEA,WR,DK Metcalf,00-0035640,,,Limited Participation in Practice,DK Metcalf,
2021,6,SEA,RB,Chris Carson,00-0033594,Out,Neck,Did Not Participate In Practice,Chris Carson,OUT
2021,6,SEA,T,Cedric Ogbuehi,00-0032233,Out,Biceps,Did Not Participate In Practice,Cedric Ogbuehi,OUT
2021,6,SEA,QB,Russell Wilson,00-0029263,Out,right Finger,Limited Participation in Practice,Russell Wilson,OUT
2021,6,TB,RB,Giovani Bernard,00-0030456,,,Full Participation in Practice,Giovani Bernard,
2021,6,TB,QB,Tom Brady,00-0019596,,,Full Participation in Practice,Tom Brady,
2021,6,TB,WR,Antonio Brown,00-0027793,,,Full Participation in Practice,Antonio Brown,
2021,6,TB,CB,Jamel Dean,00-0035699,,,Full Participation in Practice,Jamel Dean,
2021,6,TB,WR,Chris Godwin,00-0033921,,,Full Participation in Practice,Chris Godwin,
2021,6,TB,K,Ryan Succop,00-0026968,,,Full Participation in Practice,Ryan Succop,
2021,6,TB,LB,Lavonte David,00-0029562,Out,Ankle,Did Not Participate In Practice,Lavonte David,OUT
2021,6,TB,TE,Rob Gronkowski,00-0027656,Out,Ribs,Did Not Participate In Practice,Rob Gronkowski,OUT
2021,6,TB,S,Antoine Winfield,00-0036411,Out,Concussion,Limited Participation in Practice,Antoine Winfield,OUT
2021,6,TB,C,Ryan Jensen,00-0029895,Questionable,Hip,Full Participation in Practice,Ryan Jensen,QUESTIONABLE
2021,6,TB,DE,Pat O'Connor,00-0033595,Questionable,Calf,Full Participation in Practice,Pat O'Connor,QUESTIONABLE
2021,6,TB,LB,Jason Pierre-Paul,00-0027867,Questionable,Shoulder,Full Participation in Practice,Jason Pierre-Paul,QUESTIONABLE
2021,6,TEN,WR,A.J. Brown,00-0035676,,,Full Participation in Practice,A.J. Brown,
2021,6,TEN,LB,Bud Dupree,00-0032146,,,Full Participation in Practice,Bud Dupree,
2021,6,TEN,CB,Caleb Farley,00-0036615,,,Full Participation in Practice,Caleb Farley,
2021,6,TEN,RB,Derrick Henry,00-0032764,,,Full Participation in Practice,Derrick Henry,
2021,6,TEN,WR,Julio Jones,00-0027944,,,Full Participation in Practice,Julio Jones,
2021,6,TEN,T,Taylor Lewan,00-0031442,,,Full Participation in Practice,Taylor Lewan,
2021,6,TEN,DT,Teair Tart,00-0036181,,,Full Participation in Practice,Teair Tart,
2021,6,TEN,WR,Nick Westbrook-Ikhine,00-0036182,,,Full Participation in Practice,Nick Westbrook-Ikhine,
2021,6,TEN,G,Rodger Saffold,00-0027648,,,Limited Participation in Practice,Rodger Saffold,
2021,6,TEN,CB,Kristian Fulton,00-0036416,Out,Hamstring,Did Not Participate In Practice,Kristian Fulton,OUT
2021,6,TEN,LB,Monty Rice,00-0037000,Out,Groin,Did Not Participate In Practice,Monty Rice,OUT
2021,6,TEN,RB,Jeremy McNichols,00-0033955,Questionable,Ankle,Did Not Participate In Practice,Jeremy McNichols,QUESTIONABLE
2021,6,TEN,RB,Khari Blasingame,00-0035099,Questionable,Shoulder,Limited Participation in Practice,Khari Blasingame,QUESTIONABLE
2021,6,TEN,WR,Chester Rogers,00-0032355,Questionable,Groin,Limited Participation in Practice,Chester Rogers,QUESTIONABLE
2021,6,WAS,DT,Jonathan Allen,00-0033523,,,Full Participation in Practice,Jonathan Allen,
2021,6,WAS,LB,Cole Holcomb,00-0035286,,,Full Participation in Practice,Cole Holcomb,
2021,6,WAS,DE,James Smith-Williams,00-0036351,,,Full Participation in Practice,James Smith-Williams,
2021,6,WAS,T,Samuel Cosmi,00-0036618,Out,Ankle,Did Not Participate In Practice,Samuel Cosmi,OUT
2021,6,WAS,LB,Jared Norris,00-0032998,Out,Shoulder,Did Not Participate In Practice,Jared Norris,OUT
2021,6,WAS,WR,Curtis Samuel,00-0033282,Out,Groin,Did Not Participate In Practice,Curtis Samuel,OUT
2021,6,WAS,G,Brandon Scherff,00-0032053,Out,Knee,Did Not Participate In Practice,Brandon Scherff,OUT
2021,6,WAS,WR,Cam Sims,00-0034104,Out,Hamstring,Did Not Participate In Practice,Cam Sims,OUT
2021,6,WAS,WR,Terry McLaurin,00-0035659,Questionable,Hamstring,Did Not Participate In Practice,Terry McLaurin,QUESTIONABLE
2021,6,WAS,WR,Dyami Brown,00-0036626,Questionable,Knee,Limited Participation in Practice,Dyami Brown,QUESTIONABLE
2021,6,WAS,RB,Antonio Gibson,00-0036328,Questionable,Shin,Limited Participation in Practice,Antonio Gibson,QUESTIONABLE
2021,6,WAS,TE,Sammis Reyes,00-0036474,Questionable,Back,Limited Participation in Practice,Sammis Reyes,QUESTIONABLE
2021,7,ARI,LB,Kylie Fitts,00-0034404,,,Did Not Participate In Practice,Kylie Fitts,
2021,7,ARI,CB,Antonio Hamilton,00-0032933,,,Did Not Participate In Practice,Antonio Hamilton,
2021,7,ARI,WR,DeAndre Hopkins,00-0030564,,,Did Not Participate In Practice,DeAndre Hopkins,
2021,7,ARI,T,Kelvin Beachum,00-0029316,,,Full Participation in Practice,Kelvin Beachum,
2021,7,ARI,LB,Zaven Collins,00-0036933,,,Full Participation in Practice,Zaven Collins,
2021,7,ARI,RB,Chase Edmonds,00-0034681,,,Full Participation in Practice,Chase Edmonds,
2021,7,ARI,DT,Leki Fotu,00-0036371,,,Full Participation in Practice,Leki Fotu,
2021,7,ARI,LB,Dennis Gardeck,00-0034473,,,Full Participation in Practice,Dennis Gardeck,
2021,7,ARI,G,Justin Pugh,00-0030585,,,Full Participation in Practice,Justin Pugh,
2021,7,ARI,TE,Darrell Daniels,00-0033258,Out,Hamstring,Did Not Participate In Practice,Darrell Daniels,OUT
2021,7,ARI,DT,Rashard Lawrence,00-0036373,Out,Calf,Did Not Participate In Practice,Rashard Lawrence,OUT
2021,7,ARI,LB,Jordan Hicks,00-0032129,Questionable,Toe,Limited Participation in Practice,Jordan Hicks,QUESTIONABLE
2021,7,ARI,LB,Devon Kennard,00-0031241,Questionable,Shoulder,Limited Participation in Practice,Devon Kennard,QUESTIONABLE
2021,7,ARI,LB,Tanner Vallejo,00-0033580,Questionable,Hand,Limited Participation in Practice,Tanner Vallejo,QUESTIONABLE
2021,7,ATL,S,Jaylinn Hawkins,00-0036302,,,Full Participation in Practice,Jaylinn Hawkins,
2021,7,ATL,LB,Dante Fowler,00-0032052,Out,Knee,Did Not Participate In Practice,Dante Fowler,OUT
2021,7,ATL,CB,Avery Williams,00-0036950,Doubtful,Hamstring,Limited Participation in Practice,Avery Williams,DOUBTFUL
2021,7,BAL,DE,Calais Campbell,00-0026190,,,Did Not Participate In Practice,Calais Campbell,
2021,7,BAL,LB,Justin Houston,00-0028008,,,Did Not Participate In Practice,Justin Houston,
2021,7,BAL,LB,Pernell McPhee,00-0028103,,,Did Not Participate In Practice,Pernell McPhee,
2021,7,BAL,CB,Jimmy Smith,00-0027965,,,Did Not Participate In Practice,Jimmy Smith,
2021,7,BAL,DT,Brandon Williams,00-0030511,,,Did Not Participate In Practice,Brandon Williams,
2021,7,BAL,RB,Latavius Murray,00-0030513,Out,Ankle,Did Not Participate In Practice,Latavius Murray,OUT
2021,7,BAL,WR,Sammy Watkins,00-0031325,Out,Thigh,Did Not Participate In Practice,Sammy Watkins,OUT
2021,7,BAL,CB,Tavon Young,00-0032770,Questionable,Knee,Full Participation in Practice,Tavon Young,QUESTIONABLE
2021,7,BAL,C,Bradley Bozeman,00-0034281,Questionable,Back,Limited Participation in Practice,Bradley Bozeman,QUESTIONABLE
2021,7,BAL,LB,Patrick Queen,00-0036323,Questionable,Thigh,Limited Participation in Practice,Patrick Queen,QUESTIONABLE
2021,7,BAL,T,Alejandro Villanueva,00-0030648,Questionable,Knee,Limited Participation in Practice,Alejandro Villanueva,QUESTIONABLE
2021,7,CAR,CB,C.J. Henderson,00-0036281,,,Full Participation in Practice,C.J. Henderson,
2021,7,CAR,LB,Frankie Luvu,00-0034302,,,Full Participation in Practice,Frankie Luvu,
2021,7,CAR,C,Matt Paradis,00-0031349,,,Full Participation in Practice,Matt Paradis,
2021,7,CAR,WR,Terrace Marshall,00-0036955,Out,Concussion,Did Not Participate In Practice,Terrace Marshall,OUT
2021,7,CAR,FB,Giovanni Ricci,00-0035956,Out,Concussion,Did Not Participate In Practice,Giovanni Ricci,OUT
2021,7,CAR,LB,Shaq Thompson,00-0031550,Out,Foot,Did Not Participate In Practice,Shaq Thompson,OUT
2021,7,CAR,T,Cameron Erving,00-0032145,Questionable,Illness,Did Not Participate In Practice,Cameron Erving,QUESTIONABLE
2021,7,CAR,WR,Alex Erickson,00-0032543,Questionable,Concussion,Limited Participation in Practice,Alex Erickson,QUESTIONABLE
2021,7,CHI,LB,Danny Trevathan,00-0029577,,,Did Not Participate In Practice,Danny Trevathan,
2021,7,CHI,CB,Xavier Crawford,00-0035293,,,Full Participation in Practice,Xavier Crawford,
2021,7,CHI,TE,Jimmy Graham,00-0027696,,,Full Participation in Practice,Jimmy Graham,
2021,7,CHI,RB,Khalil Herbert,00-0036906,,,Full Participation in Practice,Khalil Herbert,
2021,7,CHI,WR,Darnell Mooney,00-0036309,,,Full Participation in Practice,Darnell Mooney,
2021,7,CHI,S,Tashaun Gipson,00-0028924,Out,Hip,Did Not Participate In Practice,Tashaun Gipson,OUT
2021,7,CHI,DE,Bilal Nichols,00-0034387,Questionable,Knee,Did Not Participate In Practice,Bilal Nichols,QUESTIONABLE
2021,7,CHI,CB,Duke Shelley,00-0035696,Questionable,Ankle,Did Not Participate In Practice,Duke Shelley,QUESTIONABLE
2021,7,CHI,TE,J.P. Holtz,00-0032986,Questionable,Quadricep,Full Participation in Practice,J.P. Holtz,QUESTIONABLE
2021,7,CHI,LB,Caleb Johnson,00-0036704,Questionable,Knee,Full Participation in Practice,Caleb Johnson,QUESTIONABLE
2021,7,CHI,WR,Jakeem Grant,00-0032791,Questionable,Ankle,Limited Participation in Practice,Jakeem Grant,QUESTIONABLE
2021,7,CHI,DT,Akiem Hicks,00-0029657,Questionable,Groin,Limited Participation in Practice,Akiem Hicks,QUESTIONABLE
2021,7,CHI,LB,Khalil Mack,00-0031040,Questionable,Foot,Limited Participation in Practice,Khalil Mack,QUESTIONABLE
2021,7,CHI,WR,Allen Robinson,00-0031428,Questionable,Ankle,Limited Participation in Practice,Allen Robinson,QUESTIONABLE
2021,7,CIN,S,Ricardo Allen,00-0031181,,,Full Participation in Practice,Ricardo Allen,
2021,7,CIN,QB,Joe Burrow,00-0036442,,,Full Participation in Practice,Joe Burrow,
2021,7,CIN,G,Jackson Carman,00-0036865,,,Full Participation in Practice,Jackson Carman,
2021,7,CIN,RB,Chris Evans,00-0036857,,,Full Participation in Practice,Chris Evans,
2021,7,CIN,LS,Clark Harris,00-0025630,,,Full Participation in Practice,Clark Harris,
2021,7,CIN,DE,Trey Hendrickson,00-0033935,,,Full Participation in Practice,Trey Hendrickson,
2021,7,CIN,C,Trey Hopkins,00-0030781,,,Full Participation in Practice,Trey Hopkins,
2021,7,CIN,RB,Samaje Perine,00-0033526,,,Full Participation in Practice,Samaje Perine,
2021,7,CIN,WR,Mike Thomas,00-0033114,,,Full Participation in Practice,Mike Thomas,
2021,7,CIN,DT,Josh Tupou,00-0033347,,,Full Participation in Practice,Josh Tupou,
2021,7,CIN,DT,Tyler Shelvin,00-0036851,Questionable,Illness,Did Not Participate In Practice,Tyler Shelvin,QUESTIONABLE
2021,7,CIN,CB,Jalen Davis,00-0034446,Questionable,Ankle,Limited Participation in Practice,Jalen Davis,QUESTIONABLE
2021,7,CLE,RB,Kareem Hunt,00-0033923,,,Did Not Participate In Practice,Kareem Hunt,
2021,7,CLE,LB,Jeremiah Owusu-Koramoah,00-0036915,,,Did Not Participate In Practice,Jeremiah Owusu-Koramoah,
2021,7,CLE,DT,Jordan Elliott,00-0036266,,,Full Participation in Practice,Jordan Elliott,
2021,7,CLE,DE,Myles Garrett,00-0033868,,,Full Participation in Practice,Myles Garrett,
2021,7,CLE,DT,Malik McDowell,00-0034019,,,Full Participation in Practice,Malik McDowell,
2021,7,CLE,DE,Takkarist McKinley,00-0033540,,,Full Participation in Practice,Takkarist McKinley,
2021,7,CLE,CB,Greg Newsome,00-0036996,,,Full Participation in Practice,Greg Newsome,
2021,7,CLE,CB,Denzel Ward,00-0034856,,,Full Participation in Practice,Denzel Ward,
2021,7,CLE,CB,Greedy Williams,00-0035638,,,Full Participation in Practice,Greedy Williams,
2021,7,CLE,TE,David Njoku,00-0033885,,,Limited Participation in Practice,David Njoku,
2021,7,CLE,RB,Nick Chubb,00-0034791,Out,Calf,Did Not Participate In Practice,Nick Chubb,OUT
2021,7,CLE,CB,A.J. Green,00-0036114,Out,Shoulder,Did Not Participate In Practice,A.J. Green,OUT
2021,7,CLE,QB,Baker Mayfield,00-0034855,Out,left Shoulder,Did Not Participate In Practice,Baker Mayfield,OUT
2021,7,CLE,WR,Odell Beckham,00-0031235,Questionable,Shoulder,Did Not Participate In Practice,Odell Beckham,QUESTIONABLE
2021,7,CLE,DE,Jadeveon Clowney,00-0031364,Questionable,Ankle,Limited Participation in Practice,Jadeveon Clowney,QUESTIONABLE
2021,7,CLE,T,Jack Conklin,00-0033057,Questionable,Knee,Limited Participation in Practice,Jack Conklin,QUESTIONABLE
2021,7,CLE,DT,Malik Jackson,00-0029568,Questionable,Knee,Limited Participation in Practice,Malik Jackson,QUESTIONABLE
2021,7,CLE,LB,Malcolm Smith,00-0028180,Questionable,Abdomen,Limited Participation in Practice,Malcolm Smith,QUESTIONABLE
2021,7,CLE,C,J.C. Tretter,00-0030076,Questionable,Knee,Limited Participation in Practice,J.C. Tretter,QUESTIONABLE
2021,7,CLE,T,Jedrick Wills,00-0036267,Questionable,Ankle,Limited Participation in Practice,Jedrick Wills,QUESTIONABLE
2021,7,CLE,LB,Mack Wilson,00-0035144,Questionable,Calf,Limited Participation in Practice,Mack Wilson,QUESTIONABLE
2021,7,DEN,LB,A.J. Johnson,00-0034887,,,Did Not Participate In Practice,A.J. Johnson,
2021,7,DEN,LB,Andre Mintze,00-0036725,,,Did Not Participate In Practice,Andre Mintze,
2021,7,DEN,TE,Noah Fant,00-0035644,,,Full Participation in Practice,Noah Fant,
2021,7,DEN,RB,Melvin Gordon,00-0032144,,,Full Participation in Practice,Melvin Gordon,
2021,7,DEN,DE,Shelby Harris,00-0031270,,,Full Participation in Practice,Shelby Harris,
2021,7,DEN,S,Justin Simmons,00-0032971,,,Full Participation in Practice,Justin Simmons,
2021,7,DEN,LB,Baron Browning,00-0036995,Out,Concussion,Did Not Participate In Practice,Baron Browning,OUT
2021,7,DEN,LB,Aaron Patrick,00-0036465,Out,Ankle,Did Not Participate In Practice,Aaron Patrick,OUT
2021,7,DEN,T,Garett Bolles,00-0033538,Questionable,Knee,Limited Participation in Practice,Garett Bolles,QUESTIONABLE
2021,7,DEN,QB,Teddy Bridgewater,00-0031237,Questionable,Foot,Limited Participation in Practice,Teddy Bridgewater,QUESTIONABLE
2021,7,DEN,S,Caden Sterns,00-0036633,Questionable,Illness,Limited Participation in Practice,Caden Sterns,QUESTIONABLE
2021,7,DET,DE,Michael Brockers,00-0029630,,,Full Participation in Practice,Michael Brockers,
2021,7,DET,LB,Charles Harris,00-0033880,,,Full Participation in Practice,Charles Harris,
2021,7,DET,S,Will Harris,00-0035655,,,Full Participation in Practice,Will Harris,
2021,7,DET,DE,Nicholas Williams,00-0030500,,,Full Participation in Practice,Nicholas Williams,
2021,7,DET,RB,Jason Cabinda,00-0034171,Questionable,Hip,Limited Participation in Practice,Jason Cabinda,QUESTIONABLE
2021,7,DET,LB,Trey Flowers,00-0031566,Questionable,Knee,Limited Participation in Practice,Trey Flowers,QUESTIONABLE
2021,7,DET,TE,T.J. Hockenson,00-0035229,Questionable,Knee,Limited Participation in Practice,T.J. Hockenson,QUESTIONABLE
2021,7,DET,RB,D'Andre Swift,00-0036275,Questionable,Groin,Limited Participation in Practice,D'Andre Swift,QUESTIONABLE
2021,7,GB,WR,Equanimeous St. Brown,00-0034279,,,Full Participation in Practice,Equanimeous St. Brown,
2021,7,GB,T,Dennis Kelly,00-0029419,Out,Back,Did Not Participate In Practice,Dennis Kelly,OUT
2021,7,GB,C,Josh Myers,00-0036622,Out,Knee,Did Not Participate In Practice,Josh Myers,OUT
2021,7,GB,CB,Kevin King,00-0033524,Questionable,Shoulder,Limited Participation in Practice,Kevin King,QUESTIONABLE
2021,7,GB,S,Darnell Savage,00-0034968,Questionable,Concussion,Limited Participation in Practice,Darnell Savage,QUESTIONABLE
2021,7,GB,LB,Preston Smith,00-0031935,Questionable,Oblique,Limited Participation in Practice,Preston Smith,QUESTIONABLE
2021,7,HOU,DT,Ross Blacklock,00-0036289,,,Did Not Participate In Practice,Ross Blacklock,
2021,7,HOU,S,Terrence Brooks,00-0031338,,,Did Not Participate In Practice,Terrence Brooks,
2021,7,HOU,WR,Brandin Cooks,00-0031236,,,Did Not Participate In Practice,Brandin Cooks,
2021,7,HOU,WR,Danny Amendola,00-0026035,,,Full Participation in Practice,Danny Amendola,
2021,7,HOU,DT,Jaleel Johnson,00-0033940,Out,Back,Did Not Participate In Practice,Jaleel Johnson,OUT
2021,7,HOU,QB,Deshaun Watson,00-0033537,Out,Not injury related - personal matter,Did Not Participate In Practice,Deshaun Watson,OUT
2021,7,HOU,C,Justin Britt,00-0031282,Questionable,Knee,Limited Participation in Practice,Justin Britt,QUESTIONABLE
2021,7,HOU,WR,Nico Collins,00-0036554,Questionable,Foot,Limited Participation in Practice,Nico Collins,QUESTIONABLE
2021,7,HOU,WR,Chris Conley,00-0032128,Questionable,Neck,Limited Participation in Practice,Chris Conley,QUESTIONABLE
2021,7,IND,TE,Jack Doyle,00-0030181,,,Full Participation in Practice,Jack Doyle,
2021,7,IND,LB,Shaquille Leonard,00-0034846,,,Full Participation in Practice,Shaquille Leonard,
2021,7,IND,DE,Kwity Paye,00-0036479,,,Full Participation in Practice,Kwity Paye,
2021,7,IND,CB,Xavier Rhodes,00-0030575,,,Full Participation in Practice,Xavier Rhodes,
2021,7,IND,S,Andrew Sendejo,00-0027914,,,Full Participation in Practice,Andrew Sendejo,
2021,7,IND,DE,Tyquan Lewis,00-0034359,,,Limited Participation in Practice,Tyquan Lewis,
2021,7,IND,S,Julian Blackmon,00-0036253,Out,Achilles,Did Not Participate In Practice,Julian Blackmon,OUT
2021,7,IND,DE,Kemoko Turay,00-0034354,Out,Groin,Did Not Participate In Practice,Kemoko Turay,OUT
2021,7,IND,RB,Jordan Wilkins,00-0034400,Out,Non-Football Illness,Did Not Participate In Practice,Jordan Wilkins,OUT
2021,7,IND,CB,Rock Ya-Sin,00-0035637,Out,Ankle,Did Not Participate In Practice,Rock Ya-Sin,OUT
2021,7,IND,T,Braden Smith,00-0034836,Out,Foot,Limited Participation in Practice,Braden Smith,OUT
2021,7,IND,WR,T.Y. Hilton,00-0029608,Questionable,Quadricep,Did Not Participate In Practice,T.Y. Hilton,QUESTIONABLE
2021,7,KC,TE,Blake Bell,00-0032062,,,Full Participation in Practice,Blake Bell,
2021,7,KC,T,Orlando Brown,00-0034752,,,Full Participation in Practice,Orlando Brown,
2021,7,KC,TE,Travis Kelce,00-0030506,,,Full Participation in Practice,Travis Kelce,
2021,7,KC,CB,Chris Lammons,00-0034145,,,Full Participation in Practice,Chris Lammons,
2021,7,KC,S,Tyrann Mathieu,00-0030459,,,Full Participation in Practice,Tyrann Mathieu,
2021,7,KC,DT,Jarran Reed,00-0032387,,,Full Participation in Practice,Jarran Reed,
2021,7,KC,DT,Khalen Saunders,00-0035656,,,Full Participation in Practice,Khalen Saunders,
2021,7,KC,G,Trey Smith,00-0036660,,,Full Participation in Practice,Trey Smith,
2021,7,KC,CB,L'Jarius Sneed,00-0036374,,,Full Participation in Practice,L'Jarius Sneed,
2021,7,KC,RB,Michael Burton,00-0031595,Out,Pectoral,Did Not Participate In Practice,Michael Burton,OUT
2021,7,KC,TE,Joe Fortson,00-0035547,Out,Achilles,Did Not Participate In Practice,Joe Fortson,OUT
2021,7,KC,LB,Anthony Hitchens,00-0031348,Out,Triceps,Did Not Participate In Practice,Anthony Hitchens,OUT
2021,7,KC,DE,Chris Jones,00-0032762,Questionable,Wrist,Full Participation in Practice,Chris Jones,QUESTIONABLE
2021,7,KC,G,Joe Thuney,00-0032391,Questionable,Hand,Full Participation in Practice,Joe Thuney,QUESTIONABLE
2021,7,KC,WR,Tyreek Hill,00-0033040,Questionable,Quadricep,Limited Participation in Practice,Tyreek Hill,QUESTIONABLE
2021,7,KC,CB,Charvarius Ward,00-0034573,Questionable,Quadricep,Limited Participation in Practice,Charvarius Ward,QUESTIONABLE
2021,7,LA,WR,DeSean Jackson,00-0026189,,,Did Not Participate In Practice,DeSean Jackson,
2021,7,LA,C,Brian Allen,00-0034804,,,Full Participation in Practice,Brian Allen,
2021,7,LA,LB,Terrell Lewis,00-0036419,,,Full Participation in Practice,Terrell Lewis,
2021,7,LA,T,Andrew Whitworth,00-0024270,,,Full Participation in Practice,Andrew Whitworth,
2021,7,LA,RB,Sony Michel,00-0034845,Questionable,Shoulder,Limited Participation in Practice,Sony Michel,QUESTIONABLE
2021,7,LV,QB,Derek Carr,00-0031280,,,Full Participation in Practice,Derek Carr,
2021,7,LV,DE,Maxx Crosby,00-0034973,,,Full Participation in Practice,Maxx Crosby,
2021,7,LV,WR,Bryan Edwards,00-0036365,,,Full Participation in Practice,Bryan Edwards,
2021,7,LV,CB,Brandon Facyson,00-0034545,,,Full Participation in Practice,Brandon Facyson,
2021,7,LV,DT,Johnathan Hankins,00-0030063,,,Full Participation in Practice,Johnathan Hankins,
2021,7,LV,LB,Nick Kwiatkoski,00-0032773,,,Full Participation in Practice,Nick Kwiatkoski,
2021,7,LV,S,Dallin Leavitt,00-0034726,,,Full Participation in Practice,Dallin Leavitt,
2021,7,LV,T,Kolton Miller,00-0034759,,,Full Participation in Practice,Kolton Miller,
2021,7,LV,DE,Carl Nassib,00-0033129,,,Full Participation in Practice,Carl Nassib,
2021,7,LV,DE,Yannick Ngakoue,00-0033123,,,Full Participation in Practice,Yannick Ngakoue,
2021,7,LV,LB,Denzel Perryman,00-0032103,,,Full Participation in Practice,Denzel Perryman,
2021,7,LV,WR,Henry Ruggs,00-0036357,,,Full Participation in Practice,Henry Ruggs,
2021,7,LV,G,John Simpson,00-0036369,,,Full Participation in Practice,John Simpson,
2021,7,LV,DT,Solomon Thomas,00-0033870,,,Full Participation in Practice,Solomon Thomas,
2021,7,LV,TE,Nick Bowers,00-0036083,Out,Neck,Did Not Participate In Practice,Nick Bowers,OUT
2021,7,LV,DT,Quinton Jefferson,00-0032416,Questionable,Not injury related - personal matter,Did Not Participate In Practice,Quinton Jefferson,QUESTIONABLE
2021,7,LV,TE,Darren Waller,00-0031610,Questionable,Ankle,Limited Participation in Practice,Darren Waller,QUESTIONABLE
2021,7,MIA,T,Austin Jackson,00-0036248,,,Full Participation in Practice,Austin Jackson,
2021,7,MIA,LB,Elandon Roberts,00-0032442,,,Full Participation in Practice,Elandon Roberts,
2021,7,MIA,TE,Adam Shaheen,00-0033896,,,Full Participation in Practice,Adam Shaheen,
2021,7,MIA,QB,Jacoby Brissett,00-0033119,,,Limited Participation in Practice,Jacoby Brissett,
2021,7,MIA,RB,Malcolm Brown,00-0031806,,,Limited Participation in Practice,Malcolm Brown,
2021,7,MIA,DT,John Jenkins,00-0030070,,,Limited Participation in Practice,John Jenkins,
2021,7,MIA,S,Brandon Jones,00-0036221,,,Limited Participation in Practice,Brandon Jones,
2021,7,MIA,QB,Tua Tagovailoa,00-0036212,,,Limited Participation in Practice,Tua Tagovailoa,
2021,7,MIA,CB,Xavien Howard,00-0033050,Questionable,Shoulder,Limited Participation in Practice,Xavien Howard,QUESTIONABLE
2021,7,MIA,CB,Noah Igbinoghene,00-0036287,Questionable,Knee,Limited Participation in Practice,Noah Igbinoghene,QUESTIONABLE
2021,7,MIA,CB,Byron Jones,00-0032239,Questionable,Achilles,Limited Participation in Practice,Byron Jones,QUESTIONABLE
2021,7,MIA,C,Greg Mancz,00-0031923,Questionable,Groin,Limited Participation in Practice,Greg Mancz,QUESTIONABLE
2021,7,MIA,WR,DeVante Parker,00-0031547,Questionable,Shoulder,Limited Participation in Practice,DeVante Parker,QUESTIONABLE
2021,7,MIA,LB,Jaelan Phillips,00-0036934,Questionable,Ankle,Limited Participation in Practice,Jaelan Phillips,QUESTIONABLE
2021,7,MIA,WR,Preston Williams,00-0035350,Questionable,Groin,Limited Participation in Practice,Preston Williams,QUESTIONABLE
2021,7,NE,CB,Jonathan Jones,00-0032580,Out,Shoulder,Did Not Participate In Practice,Jonathan Jones,OUT
2021,7,NE,CB,Shaun Wade,00-0036559,Out,Concussion,Did Not Participate In Practice,Shaun Wade,OUT
2021,7,NE,DT,Davon Godchaux,00-0033860,Questionable,Finger,Did Not Participate In Practice,Davon Godchaux,QUESTIONABLE
2021,7,NE,LB,Dont'a Hightower,00-0029669,Questionable,Elbow,Did Not Participate In Practice,Dont'a Hightower,QUESTIONABLE
2021,7,NE,DT,Christian Barmore,00-0036981,Questionable,Shoulder,Limited Participation in Practice,Christian Barmore,QUESTIONABLE
2021,7,NE,LB,Ja'Whaun Bentley,00-0034385,Questionable,Ribs,Limited Participation in Practice,Ja'Whaun Bentley,QUESTIONABLE
2021,7,NE,RB,Brandon Bolden,00-0029239,Questionable,Thigh,Limited Participation in Practice,Brandon Bolden,QUESTIONABLE
2021,7,NE,S,Kyle Dugger,00-0036231,Questionable,Knee,Limited Participation in Practice,Kyle Dugger,QUESTIONABLE
2021,7,NE,K,Nick Folk,00-0025565,Questionable,left Knee,Limited Participation in Practice,Nick Folk,QUESTIONABLE
2021,7,NE,LB,Brandon King,00-0031856,Questionable,Thigh,Limited Participation in Practice,Brandon King,QUESTIONABLE
2021,7,NE,G,Shaquille Mason,00-0031580,Questionable,Abdomen,Limited Participation in Practice,Shaquille Mason,QUESTIONABLE
2021,7,NE,CB,Jalen Mills,00-0032803,Questionable,Hamstring,Limited Participation in Practice,Jalen Mills,QUESTIONABLE
2021,7,NE,S,Adrian Phillips,00-0031404,Questionable,Back,Limited Participation in Practice,Adrian Phillips,QUESTIONABLE
2021,7,NE,LB,Josh Uche,00-0036159,Questionable,Shoulder,Limited Participation in Practice,Josh Uche,QUESTIONABLE
2021,7,NE,LB,Kyle Van Noy,00-0031360,Questionable,Groin,Limited Participation in Practice,Kyle Van Noy,QUESTIONABLE
2021,7,NE,DE,Deatrich Wise,00-0033947,Questionable,Knee,Limited Participation in Practice,Deatrich Wise,QUESTIONABLE
2021,7,NO,WR,Chris Hogan,00-0028237,,,Did Not Participate In Practice,Chris Hogan,
2021,7,NO,P,Blake Gillikin,00-0035859,,,Full Participation in Practice,Blake Gillikin,
2021,7,NO,CB,Marshon Lattimore,00-0033874,,,Full Participation in Practice,Marshon Lattimore,
2021,7,NO,DT,Malcolm Roach,00-0035763,,,Full Participation in Practice,Malcolm Roach,
2021,7,NO,T,Terron Armstead,00-0030067,,,Limited Participation in Practice,Terron Armstead,
2021,7,NO,C,Erik McCoy,00-0035242,,,Limited Participation in Practice,Erik McCoy,
2021,7,NO,WR,Deonte Harty,00-0035215,Out,Hamstring,Did Not Participate In Practice,Deonte Harty,OUT
2021,7,NO,QB,Taysom Hill,00-0033357,Out,Concussion,Did Not Participate In Practice,Taysom Hill,OUT
2021,7,NO,DE,Payton Turner,00-0036926,Out,Calf,Did Not Participate In Practice,Payton Turner,OUT
2021,7,NO,RB,Dwayne Washington,00-0032450,Out,Neck,Did Not Participate In Practice,Dwayne Washington,OUT
2021,7,NYG,LB,Azeez Ojulari,00-0036552,,,Full Participation in Practice,Azeez Ojulari,
2021,7,NYG,CB,Sam Beal,00-0034839,,,Limited Participation in Practice,Sam Beal,
2021,7,NYG,G,Ben Bredeson,00-0036132,,,Limited Participation in Practice,Ben Bredeson,
2021,7,NYG,TE,Kaden Smith,00-0034988,,,Limited Participation in Practice,Kaden Smith,
2021,7,NYG,RB,Saquon Barkley,00-0034844,Out,Ankle,Did Not Participate In Practice,Saquon Barkley,OUT
2021,7,NYG,WR,Kenny Golladay,00-0033932,Out,Knee,Did Not Participate In Practice,Kenny Golladay,OUT
2021,7,NYG,WR,Kadarius Toney,00-0036913,Out,Ankle,Did Not Participate In Practice,Kadarius Toney,OUT
2021,7,NYG,DT,Danny Shelton,00-0032143,Doubtful,Pectoral,Limited Participation in Practice,Danny Shelton,DOUBTFUL
2021,7,NYG,LB,Tae Crowder,00-0036167,Questionable,Thigh,"
    ",Tae Crowder,QUESTIONABLE
2021,7,NYG,TE,Evan Engram,00-0033881,Questionable,Calf,Limited Participation in Practice,Evan Engram,QUESTIONABLE
2021,7,NYG,WR,John Ross,00-0033460,Questionable,Hamstring,Limited Participation in Practice,John Ross,QUESTIONABLE
2021,7,NYG,WR,Sterling Shepard,00-0032385,Questionable,Hamstring,Limited Participation in Practice,Sterling Shepard,QUESTIONABLE
2021,7,NYG,WR,Darius Slayton,00-0035535,Questionable,Hamstring,Limited Participation in Practice,Darius Slayton,QUESTIONABLE
2021,7,NYJ,CB,Justin Hardee,00-0033770,,,Did Not Participate In Practice,Justin Hardee,
2021,7,NYJ,S,Adrian Colbert,00-0033302,,,Full Participation in Practice,Adrian Colbert,
2021,7,NYJ,S,Marcus Maye,00-0033892,,,Full Participation in Practice,Marcus Maye,
2021,7,NYJ,DT,Nathan Shepherd,00-0034760,,,Full Participation in Practice,Nathan Shepherd,
2021,7,NYJ,WR,Jeff Smith,00-0035510,,,Full Participation in Practice,Jeff Smith,
2021,7,NYJ,TE,Tyler Kroft,00-0032214,Out,Back,Did Not Participate In Practice,Tyler Kroft,OUT
2021,7,NYJ,LB,C.J. Mosley,00-0031296,Doubtful,Hamstring,Did Not Participate In Practice,C.J. Mosley,DOUBTFUL
2021,7,NYJ,RB,Tevin Coleman,00-0032058,Questionable,Hamstring,Limited Participation in Practice,Tevin Coleman,QUESTIONABLE
2021,7,PHI,DE,Derek Barnett,00-0033876,,,Full Participation in Practice,Derek Barnett,
2021,7,PHI,T,Lane Johnson,00-0030561,,,Full Participation in Practice,Lane Johnson,
2021,7,PHI,C,Jason Kelce,00-0028129,,,Full Participation in Practice,Jason Kelce,
2021,7,PHI,G,Landon Dickerson,00-0037002,,,Limited Participation in Practice,Landon Dickerson,
2021,7,PHI,TE,Dallas Goedert,00-0034351,,,Limited Participation in Practice,Dallas Goedert,
2021,7,PHI,LS,Rick Lovato,00-0031911,,,Limited Participation in Practice,Rick Lovato,
2021,7,PHI,G,Jack Anderson,00-0036577,Questionable,Hamstring,Did Not Participate In Practice,Jack Anderson,QUESTIONABLE
2021,7,PHI,S,Anthony Harris,00-0031799,Questionable,Hands,Did Not Participate In Practice,Anthony Harris,QUESTIONABLE
2021,7,SEA,T,Duane Brown,00-0026166,,,Did Not Participate In Practice,Duane Brown,
2021,7,SEA,LB,Carlos Dunlap,00-0027662,,,Did Not Participate In Practice,Carlos Dunlap,
2021,7,SEA,G,Gabe Jackson,00-0031367,,,Did Not Participate In Practice,Gabe Jackson,
2021,7,SEA,CB,Tre Brown,00-0036885,,,Full Participation in Practice,Tre Brown,
2021,7,SEA,T,Jamarco Jones,00-0034729,,,Full Participation in Practice,Jamarco Jones,
2021,7,SEA,CB,Sidney Jones,00-0033543,,,Full Participation in Practice,Sidney Jones,
2021,7,SEA,T,Cedric Ogbuehi,00-0032233,,,Full Participation in Practice,Cedric Ogbuehi,
2021,7,SEA,T,Brandon Shell,00-0032420,,,Full Participation in Practice,Brandon Shell,
2021,7,SEA,WR,Freddie Swain,00-0036247,,,Full Participation in Practice,Freddie Swain,
2021,7,SEA,WR,DK Metcalf,00-0035640,,,Limited Participation in Practice,DK Metcalf,
2021,7,SEA,LB,Bobby Wagner,00-0029255,,,Limited Participation in Practice,Bobby Wagner,
2021,7,SEA,CB,John Reid,00-0036304,Questionable,Knee,Did Not Participate In Practice,John Reid,QUESTIONABLE
2021,7,SEA,RB,Alex Collins,00-0032426,Questionable,Groin,Limited Participation in Practice,Alex Collins,QUESTIONABLE
2021,7,SEA,G,Damien Lewis,00-0036417,Questionable,Shoulder,Limited Participation in Practice,Damien Lewis,QUESTIONABLE
2021,7,SEA,DE,Darrell Taylor,00-0036413,Questionable,Neck,Limited Participation in Practice,Darrell Taylor,QUESTIONABLE
2021,7,SF,QB,Jimmy Garoppolo,00-0031345,,,Full Participation in Practice,Jimmy Garoppolo,
2021,7,SF,CB,K'Waun Williams,00-0031253,,,Full Participation in Practice,K'Waun Williams,
2021,7,SF,DT,Maurice Hurst,00-0034746,Out,Calf,Did Not Participate In Practice,Maurice Hurst,OUT
2021,7,SF,DT,Javon Kinlaw,00-0036260,Out,Knee,Did Not Participate In Practice,Javon Kinlaw,OUT
2021,7,SF,QB,Trey Lance,00-0037012,Out,Knee,Did Not Participate In Practice,Trey Lance,OUT
2021,7,SF,T,Trent Williams,00-0027857,Doubtful,Ankle,Did Not Participate In Practice,Trent Williams,DOUBTFUL
2021,7,SF,LB,Marcell Harris,00-0034730,Questionable,Thumb,Limited Participation in Practice,Marcell Harris,QUESTIONABLE
2021,7,TB,DT,Ndamukong Suh,00-0027855,,,Did Not Participate In Practice,Ndamukong Suh,
2021,7,TB,RB,Giovani Bernard,00-0030456,,,Full Participation in Practice,Giovani Bernard,
2021,7,TB,QB,Tom Brady,00-0019596,,,Full Participation in Practice,Tom Brady,
2021,7,TB,DT,Steve McLendon,00-0026564,,,Full Participation in Practice,Steve McLendon,
2021,7,TB,K,Ryan Succop,00-0026968,,,Full Participation in Practice,Ryan Succop,
2021,7,TB,S,Antoine Winfield,00-0036411,,,Full Participation in Practice,Antoine Winfield,
2021,7,TB,WR,Antonio Brown,00-0027793,Out,Ankle,Did Not Participate In Practice,Antonio Brown,OUT
2021,7,TB,LB,Lavonte David,00-0029562,Out,Ankle,Did Not Participate In Practice,Lavonte David,OUT
2021,7,TB,TE,Rob Gronkowski,00-0027656,Out,Ribs,Did Not Participate In Practice,Rob Gronkowski,OUT
2021,7,TB,CB,Richard Sherman,00-0028092,Out,Hamstring,Did Not Participate In Practice,Richard Sherman,OUT
2021,7,TB,LB,Jason Pierre-Paul,00-0027867,Questionable,Shoulder,Did Not Participate In Practice,Jason Pierre-Paul,QUESTIONABLE
2021,7,TB,TE,O.J. Howard,00-0033879,Questionable,Ankle,Full Participation in Practice,O.J. Howard,QUESTIONABLE
2021,7,TEN,RB,Khari Blasingame,00-0035099,,,Full Participation in Practice,Khari Blasingame,
2021,7,TEN,WR,A.J. Brown,00-0035676,,,Full Participation in Practice,A.J. Brown,
2021,7,TEN,K,Randy Bullock,00-0029421,,,Full Participation in Practice,Randy Bullock,
2021,7,TEN,RB,Derrick Henry,00-0032764,,,Full Participation in Practice,Derrick Henry,
2021,7,TEN,CB,Chris Jackson,00-0036240,,,Full Participation in Practice,Chris Jackson,
2021,7,TEN,G,Rodger Saffold,00-0027648,,,Full Participation in Practice,Rodger Saffold,
2021,7,TEN,T,Taylor Lewan,00-0031442,Out,Concussion,Did Not Participate In Practice,Taylor Lewan,OUT
2021,7,TEN,LB,Monty Rice,00-0037000,Out,Groin,Did Not Participate In Practice,Monty Rice,OUT
2021,7,TEN,WR,Chester Rogers,00-0032355,Out,Groin,Did Not Participate In Practice,Chester Rogers,OUT
2021,7,TEN,LB,Bud Dupree,00-0032146,Questionable,Knee,Did Not Participate In Practice,Bud Dupree,QUESTIONABLE
2021,7,TEN,S,Amani Hooker,00-0035632,Questionable,Groin,Limited Participation in Practice,Amani Hooker,QUESTIONABLE
2021,7,TEN,WR,Julio Jones,00-0027944,Questionable,Hamstring,Limited Participation in Practice,Julio Jones,QUESTIONABLE
2021,7,TEN,RB,Jeremy McNichols,00-0033955,Questionable,Ankle,Limited Participation in Practice,Jeremy McNichols,QUESTIONABLE
2021,7,WAS,DT,Jonathan Allen,00-0033523,,,Full Participation in Practice,Jonathan Allen,
2021,7,WAS,T,Charles Leno,00-0031095,,,Full Participation in Practice,Charles Leno,
2021,7,WAS,WR,Terry McLaurin,00-0035659,,,Full Participation in Practice,Terry McLaurin,
2021,7,WAS,WR,Dyami Brown,00-0036626,,,Limited Participation in Practice,Dyami Brown,
2021,7,WAS,TE,Ricky Seals-Jones,00-0033611,,,Limited Participation in Practice,Ricky Seals-Jones,
2021,7,WAS,T,Samuel Cosmi,00-0036618,Out,Ankle,Did Not Participate In Practice,Samuel Cosmi,OUT
2021,7,WAS,WR,Curtis Samuel,00-0033282,Out,Groin,Did Not Participate In Practice,Curtis Samuel,OUT
2021,7,WAS,G,Brandon Scherff,00-0032053,Out,Knee,Did Not Participate In Practice,Brandon Scherff,OUT
2021,7,WAS,WR,Cam Sims,00-0034104,Out,Hamstring,Did Not Participate In Practice,Cam Sims,OUT
2021,7,WAS,CB,William Jackson,00-0033107,Questionable,Knee,Did Not Participate In Practice,William Jackson,QUESTIONABLE
2021,7,WAS,DE,Shaka Toney,00-0036666,Questionable,Illness,Did Not Participate In Practice,Shaka Toney,QUESTIONABLE
2021,7,WAS,RB,Antonio Gibson,00-0036328,Questionable,Shin,Limited Participation in Practice,Antonio Gibson,QUESTIONABLE
2021,8,ARI,LB,Jordan Hicks,00-0032129,,,Full Participation in Practice,Jordan Hicks,
2021,8,ARI,LB,Devon Kennard,00-0031241,,,Full Participation in Practice,Devon Kennard,
2021,8,ARI,QB,Kyler Murray,00-0035228,,,Full Participation in Practice,Kyler Murray,
2021,8,ARI,LB,Isaiah Simmons,00-0036356,,,Full Participation in Practice,Isaiah Simmons,
2021,8,ARI,LB,Tanner Vallejo,00-0033580,,,Full Participation in Practice,Tanner Vallejo,
2021,8,ARI,DE,J.J. Watt,00-0027949,Out,Shoulder,Did Not Participate In Practice,J.J. Watt,OUT
2021,8,ARI,C,Max Garcia,00-0032132,Questionable,Achilles,Did Not Participate In Practice,Max Garcia,QUESTIONABLE
2021,8,ARI,WR,DeAndre Hopkins,00-0030564,Questionable,Hamstring,Did Not Participate In Practice,DeAndre Hopkins,QUESTIONABLE
2021,8,ARI,DT,Rashard Lawrence,00-0036373,Questionable,Calf,Did Not Participate In Practice,Rashard Lawrence,QUESTIONABLE
2021,8,ARI,TE,Darrell Daniels,00-0033258,Questionable,Hamstring,Limited Participation in Practice,Darrell Daniels,QUESTIONABLE
2021,8,ATL,CB,A.J. Terrell,00-0036285,,,Full Participation in Practice,A.J. Terrell,
2021,8,ATL,CB,Avery Williams,00-0036950,,,Full Participation in Practice,Avery Williams,
2021,8,BUF,DE,Carlos Basham,00-0036553,,,Did Not Participate In Practice,Carlos Basham,
2021,8,BUF,WR,Cole Beasley,00-0029000,,,Did Not Participate In Practice,Cole Beasley,
2021,8,BUF,WR,Emmanuel Sanders,00-0027685,,,Did Not Participate In Practice,Emmanuel Sanders,
2021,8,BUF,TE,Dawson Knox,00-0035689,Out,Hand,Did Not Participate In Practice,Dawson Knox,OUT
2021,8,BUF,T,Spencer Brown,00-0036976,Doubtful,Back,Did Not Participate In Practice,Spencer Brown,DOUBTFUL
2021,8,BUF,DT,Justin Zimmer,00-0032518,Questionable,Foot,Full Participation in Practice,Justin Zimmer,QUESTIONABLE
2021,8,CAR,DT,Daviyon Nixon,00-0036558,,,Did Not Participate In Practice,Daviyon Nixon,
2021,8,CAR,T,Cameron Erving,00-0032145,,,Full Participation in Practice,Cameron Erving,
2021,8,CAR,FB,Giovanni Ricci,00-0035956,,,Full Participation in Practice,Giovanni Ricci,
2021,8,CAR,T,Trenton Scott,00-0034571,,,Full Participation in Practice,Trenton Scott,
2021,8,CAR,C,Matt Paradis,00-0031349,,,Limited Participation in Practice,Matt Paradis,
2021,8,CAR,DE,Darryl Johnson,00-0035306,Out,Hamstring,Did Not Participate In Practice,Darryl Johnson,OUT
2021,8,CAR,WR,Terrace Marshall,00-0036955,Out,Concussion,Limited Participation in Practice,Terrace Marshall,OUT
2021,8,CAR,CB,C.J. Henderson,00-0036281,Questionable,Shoulder,Limited Participation in Practice,C.J. Henderson,QUESTIONABLE
2021,8,CAR,LB,Shaq Thompson,00-0031550,Questionable,Foot,Limited Participation in Practice,Shaq Thompson,QUESTIONABLE
2021,8,CHI,G,James Daniels,00-0034347,,,Full Participation in Practice,James Daniels,
2021,8,CHI,TE,J.P. Holtz,00-0032986,,,Full Participation in Practice,J.P. Holtz,
2021,8,CHI,DE,Bilal Nichols,00-0034387,,,Full Participation in Practice,Bilal Nichols,
2021,8,CHI,WR,Allen Robinson,00-0031428,,,Full Participation in Practice,Allen Robinson,
2021,8,CHI,LB,Khalil Mack,00-0031040,Out,Foot,Did Not Participate In Practice,Khalil Mack,OUT
2021,8,CHI,WR,Jakeem Grant,00-0032791,Questionable,Ankle,Full Participation in Practice,Jakeem Grant,QUESTIONABLE
2021,8,CHI,DT,Akiem Hicks,00-0029657,Questionable,Groin,Full Participation in Practice,Akiem Hicks,QUESTIONABLE
2021,8,CHI,TE,Jesper Horsted,00-0035562,Questionable,Knee,Full Participation in Practice,Jesper Horsted,QUESTIONABLE
2021,8,CHI,LB,Sam Kamara,00-0036705,Questionable,Knee,Full Participation in Practice,Sam Kamara,QUESTIONABLE
2021,8,CHI,S,Tashaun Gipson,00-0028924,Questionable,Hip,Limited Participation in Practice,Tashaun Gipson,QUESTIONABLE
2021,8,CIN,G,Jackson Carman,00-0036865,,,Full Participation in Practice,Jackson Carman,
2021,8,CIN,DE,Trey Hendrickson,00-0033935,,,Full Participation in Practice,Trey Hendrickson,
2021,8,CIN,C,Trey Hopkins,00-0030781,,,Full Participation in Practice,Trey Hopkins,
2021,8,CIN,RB,Chris Evans,00-0036857,Out,Hamstring,Did Not Participate In Practice,Chris Evans,OUT
2021,8,CIN,WR,Auden Tate,00-0034686,Questionable,Thigh,Limited Participation in Practice,Auden Tate,QUESTIONABLE
2021,8,CLE,RB,Nick Chubb,00-0034791,,,Full Participation in Practice,Nick Chubb,
2021,8,CLE,LB,Tony Fields,00-0036634,,,Full Participation in Practice,Tony Fields,
2021,8,CLE,G,Blake Hance,00-0035355,,,Full Participation in Practice,Blake Hance,
2021,8,CLE,QB,Baker Mayfield,00-0034855,,,Full Participation in Practice,Baker Mayfield,
2021,8,CLE,T,Jedrick Wills,00-0036267,,,Full Participation in Practice,Jedrick Wills,
2021,8,CLE,LB,Mack Wilson,00-0035144,,,Full Participation in Practice,Mack Wilson,
2021,8,CLE,T,Jack Conklin,00-0033057,,,Limited Participation in Practice,Jack Conklin,
2021,8,CLE,WR,Jarvis Landry,00-0031382,,,Limited Participation in Practice,Jarvis Landry,
2021,8,CLE,LB,Malcolm Smith,00-0028180,,,Limited Participation in Practice,Malcolm Smith,
2021,8,CLE,C,J.C. Tretter,00-0030076,,,Limited Participation in Practice,J.C. Tretter,
2021,8,CLE,S,Richard LeCounte,00-0036641,Out,Not injury related - discipline,Did Not Participate In Practice,Richard LeCounte,OUT
2021,8,CLE,WR,Donovan Peoples-Jones,00-0036233,Out,Groin,Did Not Participate In Practice,Donovan Peoples-Jones,OUT
2021,8,CLE,CB,Denzel Ward,00-0034856,Out,Hamstring,Did Not Participate In Practice,Denzel Ward,OUT
2021,8,CLE,DE,Jadeveon Clowney,00-0031364,Questionable,Ankle,Did Not Participate In Practice,Jadeveon Clowney,QUESTIONABLE
2021,8,CLE,DE,Takkarist McKinley,00-0033540,Questionable,Groin,Did Not Participate In Practice,Takkarist McKinley,QUESTIONABLE
2021,8,CLE,WR,Odell Beckham,00-0031235,Questionable,Shoulder,Limited Participation in Practice,Odell Beckham,QUESTIONABLE
2021,8,CLE,CB,A.J. Green,00-0036114,Questionable,Groin,Limited Participation in Practice,A.J. Green,QUESTIONABLE
2021,8,CLE,DT,Malik Jackson,00-0029568,Questionable,Ankle,Limited Participation in Practice,Malik Jackson,QUESTIONABLE
2021,8,CLE,FB,Johnny Stanton,00-0034311,Questionable,Calf,Limited Participation in Practice,Johnny Stanton,QUESTIONABLE
2021,8,DAL,CB,Trevon Diggs,00-0036361,,,Full Participation in Practice,Trevon Diggs,
2021,8,DAL,DE,Randy Gregory,00-0032197,,,Full Participation in Practice,Randy Gregory,
2021,8,DAL,WR,Cedrick Wilson,00-0034418,,,Full Participation in Practice,Cedrick Wilson,
2021,8,DAL,S,Donovan Wilson,00-0035301,,,Full Participation in Practice,Donovan Wilson,
2021,8,DAL,DE,Dorance Armstrong,00-0034373,Questionable,Ankle,Limited Participation in Practice,Dorance Armstrong,QUESTIONABLE
2021,8,DAL,QB,Dak Prescott,00-0033077,Questionable,Calf,Limited Participation in Practice,Dak Prescott,QUESTIONABLE
2021,8,DAL,T,Tyron Smith,00-0027947,Questionable,Ankle,Limited Participation in Practice,Tyron Smith,QUESTIONABLE
2021,8,DEN,T,Garett Bolles,00-0033538,,,Full Participation in Practice,Garett Bolles,
2021,8,DEN,QB,Teddy Bridgewater,00-0031237,,,Full Participation in Practice,Teddy Bridgewater,
2021,8,DEN,LB,Baron Browning,00-0036995,,,Full Participation in Practice,Baron Browning,
2021,8,DEN,WR,Tyrie Cleveland,00-0036439,,,Full Participation in Practice,Tyrie Cleveland,
2021,8,DEN,LB,Jonathon Cooper,00-0036952,,,Full Participation in Practice,Jonathon Cooper,
2021,8,DEN,DE,Shelby Harris,00-0031270,,,Full Participation in Practice,Shelby Harris,
2021,8,DEN,LB,Aaron Patrick,00-0036465,,,Full Participation in Practice,Aaron Patrick,
2021,8,DEN,LB,Malik Reed,00-0034954,,,Full Participation in Practice,Malik Reed,
2021,8,DEN,DT,Mike Purcell,00-0029890,Out,Thumb,Did Not Participate In Practice,Mike Purcell,OUT
2021,8,DEN,LB,Von Miller,00-0027940,Questionable,Ankle,Did Not Participate In Practice,Von Miller,QUESTIONABLE
2021,8,DEN,S,Jamar Johnson,00-0036639,Questionable,Quadricep,Limited Participation in Practice,Jamar Johnson,QUESTIONABLE
2021,8,DET,FB,Jason Cabinda,00-0034171,,,Full Participation in Practice,Jason Cabinda,
2021,8,DET,TE,T.J. Hockenson,00-0035229,,,Full Participation in Practice,T.J. Hockenson,
2021,8,DET,LB,Trey Flowers,00-0031566,Questionable,Knee,Limited Participation in Practice,Trey Flowers,QUESTIONABLE
2021,8,DET,CB,Jerry Jacobs,00-0036748,Questionable,Illness,Limited Participation in Practice,Jerry Jacobs,QUESTIONABLE
2021,8,DET,CB,A.J. Parker,00-0036752,Questionable,Neck,Limited Participation in Practice,A.J. Parker,QUESTIONABLE
2021,8,DET,RB,D'Andre Swift,00-0036275,Questionable,Groin,Limited Participation in Practice,D'Andre Swift,QUESTIONABLE
2021,8,DET,RB,Jamaal Williams,00-0033948,Questionable,Thigh,Limited Participation in Practice,Jamaal Williams,QUESTIONABLE
2021,8,GB,LS,Hunter Bradley,00-0034168,,,Full Participation in Practice,Hunter Bradley,
2021,8,GB,DT,Kenny Clark,00-0033120,,,Full Participation in Practice,Kenny Clark,
2021,8,GB,TE,Josiah Deguara,00-0036332,,,Full Participation in Practice,Josiah Deguara,
2021,8,GB,CB,Rasul Douglas,00-0033551,,,Full Participation in Practice,Rasul Douglas,
2021,8,GB,DE,Dean Lowry,00-0032412,,,Full Participation in Practice,Dean Lowry,
2021,8,GB,T,Dennis Kelly,00-0029419,Doubtful,Back,Limited Participation in Practice,Dennis Kelly,DOUBTFUL
2021,8,GB,CB,Kevin King,00-0033524,Questionable,Shoulder,Limited Participation in Practice,Kevin King,QUESTIONABLE
2021,8,GB,LB,Preston Smith,00-0031935,Questionable,Oblique,Limited Participation in Practice,Preston Smith,QUESTIONABLE
2021,8,HOU,RB,Mark Ingram,00-0027966,,,Did Not Participate In Practice,Mark Ingram,
2021,8,HOU,RB,Rex Burkhead,00-0030288,,,Full Participation in Practice,Rex Burkhead,
2021,8,HOU,WR,Brandin Cooks,00-0031236,,,Limited Participation in Practice,Brandin Cooks,
2021,8,HOU,QB,Deshaun Watson,00-0033537,Out,Not injury related - personal matter,Did Not Participate In Practice,Deshaun Watson,OUT
2021,8,HOU,TE,Pharaoh Brown,00-0033439,Questionable,Thigh,Did Not Participate In Practice,Pharaoh Brown,QUESTIONABLE
2021,8,HOU,C,Justin Britt,00-0031282,Questionable,Knee,Limited Participation in Practice,Justin Britt,QUESTIONABLE
2021,8,HOU,DT,Jaleel Johnson,00-0033940,Questionable,Back,Limited Participation in Practice,Jaleel Johnson,QUESTIONABLE
2021,8,HOU,LB,Christian Kirksey,00-0031361,Questionable,Thumb,Limited Participation in Practice,Christian Kirksey,QUESTIONABLE
2021,8,HOU,C,Justin McCray,00-0030792,Questionable,Ankle,Limited Participation in Practice,Justin McCray,QUESTIONABLE
2021,8,IND,RB,Nyheim Hines,00-0034367,,,Full Participation in Practice,Nyheim Hines,
2021,8,IND,RB,Jonathan Taylor,00-0036223,,,Full Participation in Practice,Jonathan Taylor,
2021,8,IND,DE,Kemoko Turay,00-0034354,,,Full Participation in Practice,Kemoko Turay,
2021,8,IND,RB,Jordan Wilkins,00-0034400,,,Full Participation in Practice,Jordan Wilkins,
2021,8,IND,CB,Rock Ya-Sin,00-0035637,,,Full Participation in Practice,Rock Ya-Sin,
2021,8,IND,CB,Thakarius Keyes,00-0036385,Out,Hamstring,Did Not Participate In Practice,Thakarius Keyes,OUT
2021,8,IND,WR,T.Y. Hilton,00-0029608,Questionable,Quadricep,Full Participation in Practice,T.Y. Hilton,QUESTIONABLE
2021,8,IND,CB,Xavier Rhodes,00-0030575,Questionable,Calf,Full Participation in Practice,Xavier Rhodes,QUESTIONABLE
2021,8,IND,T,Braden Smith,00-0034836,Questionable,Foot,Full Participation in Practice,Braden Smith,QUESTIONABLE
2021,8,JAX,T,Ben Bartch,00-0036272,,,Full Participation in Practice,Ben Bartch,
2021,8,JAX,LB,Myles Jack,00-0032968,,,Full Participation in Practice,Myles Jack,
2021,8,JAX,LS,Ross Matiscik,00-0035827,,,Full Participation in Practice,Ross Matiscik,
2021,8,JAX,G,Tyler Shatley,00-0030827,,,Full Participation in Practice,Tyler Shatley,
2021,8,JAX,DT,Jay Tufele,00-0036881,Out,Hand,Did Not Participate In Practice,Jay Tufele,OUT
2021,8,JAX,CB,Tyson Campbell,00-0036974,Questionable,Toe,Limited Participation in Practice,Tyson Campbell,QUESTIONABLE
2021,8,JAX,DT,Davon Hamilton,00-0036262,Questionable,Shoulder,Limited Participation in Practice,Davon Hamilton,QUESTIONABLE
2021,8,KC,FB,Michael Burton,00-0031595,,,Full Participation in Practice,Michael Burton,
2021,8,KC,DE,Chris Jones,00-0032762,,,Full Participation in Practice,Chris Jones,
2021,8,KC,TE,Travis Kelce,00-0030506,,,Full Participation in Practice,Travis Kelce,
2021,8,KC,S,Tyrann Mathieu,00-0030459,,,Full Participation in Practice,Tyrann Mathieu,
2021,8,KC,G,Trey Smith,00-0036660,,,Full Participation in Practice,Trey Smith,
2021,8,KC,CB,L'Jarius Sneed,00-0036374,,,Full Participation in Practice,L'Jarius Sneed,
2021,8,KC,G,Joe Thuney,00-0032391,,,Full Participation in Practice,Joe Thuney,
2021,8,KC,RB,Darrel Williams,00-0034301,,,Full Participation in Practice,Darrel Williams,
2021,8,KC,QB,Chad Henne,00-0026197,,,Limited Participation in Practice,Chad Henne,
2021,8,KC,LB,Anthony Hitchens,00-0031348,Out,Triceps,Did Not Participate In Practice,Anthony Hitchens,OUT
2021,8,KC,DT,Khalen Saunders,00-0035656,Out,Knee,Did Not Participate In Practice,Khalen Saunders,OUT
2021,8,KC,T,Mike Remmers,00-0029164,Questionable,Knee,Limited Participation in Practice,Mike Remmers,QUESTIONABLE
2021,8,KC,CB,Charvarius Ward,00-0034573,Questionable,Foot,Limited Participation in Practice,Charvarius Ward,QUESTIONABLE
2021,8,LA,T,Tremayne Anchrum,00-0036437,,,Full Participation in Practice,Tremayne Anchrum,
2021,8,LA,DT,Aaron Donald,00-0031388,,,Full Participation in Practice,Aaron Donald,
2021,8,LA,LB,Terrell Lewis,00-0036419,,,Full Participation in Practice,Terrell Lewis,
2021,8,LA,WR,DeSean Jackson,00-0026189,Out,Not injury related - resting player,Did Not Participate In Practice,DeSean Jackson,OUT
2021,8,LA,DT,Sebastian Joseph,00-0034810,Out,Chest,Did Not Participate In Practice,Sebastian Joseph,OUT
2021,8,LA,T,Andrew Whitworth,00-0024270,Out,Knee,Did Not Participate In Practice,Andrew Whitworth,OUT
2021,8,LA,CB,Jalen Ramsey,00-0033055,Questionable,Illness,Did Not Participate In Practice,Jalen Ramsey,QUESTIONABLE
2021,8,LA,S,Jordan Fuller,00-0036431,Questionable,Knee,Full Participation in Practice,Jordan Fuller,QUESTIONABLE
2021,8,LA,CB,Robert Rochell,00-0036904,Questionable,Knee,Full Participation in Practice,Robert Rochell,QUESTIONABLE
2021,8,LAC,S,Nasir Adderley,00-0035677,,,Full Participation in Practice,Nasir Adderley,
2021,8,LAC,WR,Mike Williams,00-0033536,,,Full Participation in Practice,Mike Williams,
2021,8,LAC,RB,Austin Ekeler,00-0033699,Questionable,Hip,Did Not Participate In Practice,Austin Ekeler,QUESTIONABLE
2021,8,LAC,LB,Drue Tranquill,00-0035262,Questionable,Chest,Limited Participation in Practice,Drue Tranquill,QUESTIONABLE
2021,8,MIA,QB,Jacoby Brissett,00-0033119,,,Full Participation in Practice,Jacoby Brissett,
2021,8,MIA,CB,Xavien Howard,00-0033050,,,Full Participation in Practice,Xavien Howard,
2021,8,MIA,CB,Byron Jones,00-0032239,,,Full Participation in Practice,Byron Jones,
2021,8,MIA,LB,Jaelan Phillips,00-0036934,,,Full Participation in Practice,Jaelan Phillips,
2021,8,MIA,LB,Elandon Roberts,00-0032442,,,Full Participation in Practice,Elandon Roberts,
2021,8,MIA,DT,Zach Sieler,00-0034285,,,Full Participation in Practice,Zach Sieler,
2021,8,MIA,QB,Tua Tagovailoa,00-0036212,,,Full Participation in Practice,Tua Tagovailoa,
2021,8,MIA,S,Brandon Jones,00-0036221,,,Limited Participation in Practice,Brandon Jones,
2021,8,MIA,S,Sheldrick Redwine,00-0034977,Out,Other,"
    ",Sheldrick Redwine,OUT
2021,8,MIA,WR,Preston Williams,00-0035350,Out,Other,"
    ",Preston Williams,OUT
2021,8,MIA,LB,Jerome Baker,00-0034797,Questionable,Knee,Limited Participation in Practice,Jerome Baker,QUESTIONABLE
2021,8,MIA,CB,Noah Igbinoghene,00-0036287,Questionable,Knee,Limited Participation in Practice,Noah Igbinoghene,QUESTIONABLE
2021,8,MIA,C,Greg Mancz,00-0031923,Questionable,Groin,Limited Participation in Practice,Greg Mancz,QUESTIONABLE
2021,8,MIA,WR,DeVante Parker,00-0031547,Questionable,Shoulder,Limited Participation in Practice,DeVante Parker,QUESTIONABLE
2021,8,MIN,LB,Anthony Barr,00-0031256,,,Full Participation in Practice,Anthony Barr,
2021,8,MIN,RB,Alexander Mattison,00-0034972,,,Full Participation in Practice,Alexander Mattison,
2021,8,MIN,WR,Adam Thielen,00-0030035,,,Full Participation in Practice,Adam Thielen,
2021,8,MIN,TE,Ben Ellefson,00-0035823,,,Limited Participation in Practice,Ben Ellefson,
2021,8,MIN,DT,Michael Pierce,00-0032574,Out,Elbow,Did Not Participate In Practice,Michael Pierce,OUT
2021,8,MIN,DE,Patrick Jones,00-0037007,Doubtful,Knee,Did Not Participate In Practice,Patrick Jones,DOUBTFUL
2021,8,MIN,WR,Dede Westbrook,00-0033839,Questionable,Ankle,Limited Participation in Practice,Dede Westbrook,QUESTIONABLE
2021,8,NE,LB,Brandon King,00-0031856,Out,Thigh,Limited Participation in Practice,Brandon King,OUT
2021,8,NE,C,David Andrews,00-0031852,Questionable,Ankle,Limited Participation in Practice,David Andrews,QUESTIONABLE
2021,8,NE,LB,Ja'Whaun Bentley,00-0034385,Questionable,Ribs,Limited Participation in Practice,Ja'Whaun Bentley,QUESTIONABLE
2021,8,NE,WR,Kendrick Bourne,00-0033307,Questionable,Shoulder,Limited Participation in Practice,Kendrick Bourne,QUESTIONABLE
2021,8,NE,DT,Carl Davis,00-0031938,Questionable,Hand,Limited Participation in Practice,Carl Davis,QUESTIONABLE
2021,8,NE,S,Kyle Dugger,00-0036231,Questionable,Neck,Limited Participation in Practice,Kyle Dugger,QUESTIONABLE
2021,8,NE,K,Nick Folk,00-0025565,Questionable,left Knee,Limited Participation in Practice,Nick Folk,QUESTIONABLE
2021,8,NE,DT,Davon Godchaux,00-0033860,Questionable,Finger,Limited Participation in Practice,Davon Godchaux,QUESTIONABLE
2021,8,NE,LB,Dont'a Hightower,00-0029669,Questionable,Ankle,Limited Participation in Practice,Dont'a Hightower,QUESTIONABLE
2021,8,NE,G,Shaquille Mason,00-0031580,Questionable,Abdomen,Limited Participation in Practice,Shaquille Mason,QUESTIONABLE
2021,8,NE,TE,Jonnu Smith,00-0033858,Questionable,Shoulder,Limited Participation in Practice,Jonnu Smith,QUESTIONABLE
2021,8,NE,LB,Josh Uche,00-0036159,Questionable,Shoulder,Limited Participation in Practice,Josh Uche,QUESTIONABLE
2021,8,NE,LB,Kyle Van Noy,00-0031360,Questionable,Groin,Limited Participation in Practice,Kyle Van Noy,QUESTIONABLE
2021,8,NE,CB,Shaun Wade,00-0036559,Questionable,Concussion,Limited Participation in Practice,Shaun Wade,QUESTIONABLE
2021,8,NE,DE,Deatrich Wise,00-0033947,Questionable,Knee,Limited Participation in Practice,Deatrich Wise,QUESTIONABLE
2021,8,NO,QB,Taysom Hill,00-0033357,Out,Concussion,Did Not Participate In Practice,Taysom Hill,OUT
2021,8,NO,G,Andrus Peat,00-0032203,Out,Pectoral,Did Not Participate In Practice,Andrus Peat,OUT
2021,8,NO,DE,Payton Turner,00-0036926,Out,Calf,Did Not Participate In Practice,Payton Turner,OUT
2021,8,NO,RB,Dwayne Washington,00-0032450,Out,Neck,Did Not Participate In Practice,Dwayne Washington,OUT
2021,8,NO,CB,Marshon Lattimore,00-0033874,Questionable,Hand,Full Participation in Practice,Marshon Lattimore,QUESTIONABLE
2021,8,NO,WR,Deonte Harty,00-0035215,Questionable,Hamstring,Limited Participation in Practice,Deonte Harty,QUESTIONABLE
2021,8,NYG,TE,Evan Engram,00-0033881,,,Limited Participation in Practice,Evan Engram,
2021,8,NYG,DT,Danny Shelton,00-0032143,,,Limited Participation in Practice,Danny Shelton,
2021,8,NYG,RB,Saquon Barkley,00-0034844,Out,Ankle,Did Not Participate In Practice,Saquon Barkley,OUT
2021,8,NYG,LB,Lorenzo Carter,00-0034360,Out,Ankle,Did Not Participate In Practice,Lorenzo Carter,OUT
2021,8,NYG,LB,Carter Coughlin,00-0036402,Out,Ankle,Did Not Participate In Practice,Carter Coughlin,OUT
2021,8,NYG,S,Nate Ebner,00-0029570,Out,Ankle,Did Not Participate In Practice,Nate Ebner,OUT
2021,8,NYG,WR,Kenny Golladay,00-0033932,Out,Knee,Did Not Participate In Practice,Kenny Golladay,OUT
2021,8,NYG,TE,Kaden Smith,00-0034988,Questionable,Knee,Did Not Participate In Practice,Kaden Smith,QUESTIONABLE
2021,8,NYG,WR,Sterling Shepard,00-0032385,Questionable,Hamstring,Limited Participation in Practice,Sterling Shepard,QUESTIONABLE
2021,8,NYG,WR,Kadarius Toney,00-0036913,Questionable,Ankle,Limited Participation in Practice,Kadarius Toney,QUESTIONABLE
2021,8,NYJ,QB,Joe Flacco,00-0026158,,,Full Participation in Practice,Joe Flacco,
2021,8,NYJ,LB,Quincy Williams,00-0035680,,,Full Participation in Practice,Quincy Williams,
2021,8,NYJ,RB,Tevin Coleman,00-0032058,Out,Hamstring,Did Not Participate In Practice,Tevin Coleman,OUT
2021,8,NYJ,DE,Bryce Huff,00-0036151,Out,Back,Did Not Participate In Practice,Bryce Huff,OUT
2021,8,NYJ,TE,Trevon Wesco,00-0035259,Out,Knee,Did Not Participate In Practice,Trevon Wesco,OUT
2021,8,NYJ,QB,Zach Wilson,00-0037013,Out,Knee,Did Not Participate In Practice,Zach Wilson,OUT
2021,8,NYJ,WR,Corey Davis,00-0033871,Doubtful,Hip,Did Not Participate In Practice,Corey Davis,DOUBTFUL
2021,8,NYJ,S,Ashtyn Davis,00-0036329,Questionable,Shoulder,Full Participation in Practice,Ashtyn Davis,QUESTIONABLE
2021,8,NYJ,TE,Tyler Kroft,00-0032214,Questionable,Back,Full Participation in Practice,Tyler Kroft,QUESTIONABLE
2021,8,NYJ,DE,Shaq Lawson,00-0033096,Questionable,Wrist,Full Participation in Practice,Shaq Lawson,QUESTIONABLE
2021,8,NYJ,LB,C.J. Mosley,00-0031296,Questionable,Hamstring,Full Participation in Practice,C.J. Mosley,QUESTIONABLE
2021,8,PHI,G,Jack Anderson,00-0036577,,,Full Participation in Practice,Jack Anderson,
2021,8,PHI,DT,Fletcher Cox,00-0029653,,,Full Participation in Practice,Fletcher Cox,
2021,8,PHI,G,Landon Dickerson,00-0037002,,,Full Participation in Practice,Landon Dickerson,
2021,8,PHI,DT,Javon Hargrave,00-0033109,,,Full Participation in Practice,Javon Hargrave,
2021,8,PHI,T,Lane Johnson,00-0030561,,,Full Participation in Practice,Lane Johnson,
2021,8,PHI,C,Jason Kelce,00-0028129,,,Full Participation in Practice,Jason Kelce,
2021,8,PHI,DE,Ryan Kerrigan,00-0027954,,,Full Participation in Practice,Ryan Kerrigan,
2021,8,PHI,WR,DeVonta Smith,00-0036912,,,Full Participation in Practice,DeVonta Smith,
2021,8,PHI,CB,Zech McPhearson,00-0036917,Out,Hamstring,Did Not Participate In Practice,Zech McPhearson,OUT
2021,8,PHI,RB,Miles Sanders,00-0035243,Out,Ankle,Did Not Participate In Practice,Miles Sanders,OUT
2021,8,PHI,S,Anthony Harris,00-0031799,Doubtful,Hands,Limited Participation in Practice,Anthony Harris,DOUBTFUL
2021,8,PHI,WR,J.J. Arcega-Whiteside,00-0035246,Questionable,Back,Full Participation in Practice,J.J. Arcega-Whiteside,QUESTIONABLE
2021,8,PIT,T,Zach Banner,00-0033785,,,Full Participation in Practice,Zach Banner,
2021,8,PIT,WR,Chase Claypool,00-0036326,,,Full Participation in Practice,Chase Claypool,
2021,8,PIT,RB,Anthony McFarland,00-0036336,,,Full Participation in Practice,Anthony McFarland,
2021,8,PIT,QB,Ben Roethlisberger,00-0022924,,,Full Participation in Practice,Ben Roethlisberger,
2021,8,PIT,TE,Eric Ebron,00-0031387,Out,Hamstring,Did Not Participate In Practice,Eric Ebron,OUT
2021,8,PIT,LB,Melvin Ingram,00-0029249,Doubtful,Groin,Did Not Participate In Practice,Melvin Ingram,DOUBTFUL
2021,8,SEA,LB,Carlos Dunlap,00-0027662,,,Did Not Participate In Practice,Carlos Dunlap,
2021,8,SEA,DT,Poona Ford,00-0034234,,,Did Not Participate In Practice,Poona Ford,
2021,8,SEA,G,Gabe Jackson,00-0031367,,,Did Not Participate In Practice,Gabe Jackson,
2021,8,SEA,DT,Al Woods,00-0027723,,,Did Not Participate In Practice,Al Woods,
2021,8,SEA,LB,Jordyn Brooks,00-0036409,,,Full Participation in Practice,Jordyn Brooks,
2021,8,SEA,CB,John Reid,00-0036304,,,Full Participation in Practice,John Reid,
2021,8,SEA,T,Brandon Shell,00-0032420,,,Full Participation in Practice,Brandon Shell,
2021,8,SEA,DE,Darrell Taylor,00-0036413,,,Full Participation in Practice,Darrell Taylor,
2021,8,SEA,WR,DK Metcalf,00-0035640,,,Limited Participation in Practice,DK Metcalf,
2021,8,SEA,LB,Bobby Wagner,00-0029255,,,Limited Participation in Practice,Bobby Wagner,
2021,8,SEA,S,Marquise Blair,00-0035139,Out,Knee,Did Not Participate In Practice,Marquise Blair,OUT
2021,8,SEA,T,Duane Brown,00-0026166,Questionable,Illness,Did Not Participate In Practice,Duane Brown,QUESTIONABLE
2021,8,SEA,G,Damien Lewis,00-0036417,Questionable,Shoulder,Full Participation in Practice,Damien Lewis,QUESTIONABLE
2021,8,SEA,RB,Alex Collins,00-0032426,Questionable,Groin,Limited Participation in Practice,Alex Collins,QUESTIONABLE
2021,8,SF,DE,Nick Bosa,00-0035717,,,Did Not Participate In Practice,Nick Bosa,
2021,8,SF,C,Alex Mack,00-0026997,,,Did Not Participate In Practice,Alex Mack,
2021,8,SF,P,Mitch Wishnowsky,00-0034941,,,Did Not Participate In Practice,Mitch Wishnowsky,
2021,8,SF,QB,Trey Lance,00-0037012,,,Full Participation in Practice,Trey Lance,
2021,8,SF,WR,Deebo Samuel,00-0035719,,,Full Participation in Practice,Deebo Samuel,
2021,8,SF,LB,Marcell Harris,00-0034730,,,Limited Participation in Practice,Marcell Harris,
2021,8,SF,DT,Maurice Hurst,00-0034746,Out,Calf,Did Not Participate In Practice,Maurice Hurst,OUT
2021,8,SF,DT,Javon Kinlaw,00-0036260,Out,Knee,Did Not Participate In Practice,Javon Kinlaw,OUT
2021,8,SF,S,Jaquiski Tartt,00-0032057,Out,Knee,Did Not Participate In Practice,Jaquiski Tartt,OUT
2021,8,SF,LB,Azeez Al-Shaair,00-0035166,Doubtful,Concussion,Did Not Participate In Practice,Azeez Al-Shaair,DOUBTFUL
2021,8,SF,DE,Dee Ford,00-0031297,Doubtful,Concussion,Did Not Participate In Practice,Dee Ford,DOUBTFUL
2021,8,SF,DE,Samson Ebukam,00-0033945,Questionable,Ankle,Did Not Participate In Practice,Samson Ebukam,QUESTIONABLE
2021,8,SF,T,Trent Williams,00-0027857,Questionable,Ankle,Limited Participation in Practice,Trent Williams,QUESTIONABLE
2021,8,TB,DT,Ndamukong Suh,00-0027855,,,Did Not Participate In Practice,Ndamukong Suh,
2021,8,TB,RB,Giovani Bernard,00-0030456,,,Full Participation in Practice,Giovani Bernard,
2021,8,TB,CB,Jamel Dean,00-0035699,,,Full Participation in Practice,Jamel Dean,
2021,8,TB,TE,O.J. Howard,00-0033879,,,Full Participation in Practice,O.J. Howard,
2021,8,TB,DT,Steve McLendon,00-0026564,,,Full Participation in Practice,Steve McLendon,
2021,8,TB,LB,Anthony Nelson,00-0035254,,,Full Participation in Practice,Anthony Nelson,
2021,8,TB,WR,Antonio Brown,00-0027793,Out,Ankle,Did Not Participate In Practice,Antonio Brown,OUT
2021,8,TB,CB,Dee Delaney,00-0034515,Questionable,Ankle,Did Not Participate In Practice,Dee Delaney,QUESTIONABLE
2021,8,TB,LB,Jason Pierre-Paul,00-0027867,Questionable,Shoulder,Did Not Participate In Practice,Jason Pierre-Paul,QUESTIONABLE
2021,8,TB,LB,Lavonte David,00-0029562,Questionable,Ankle,Full Participation in Practice,Lavonte David,QUESTIONABLE
2021,8,TB,TE,Rob Gronkowski,00-0027656,Questionable,Ribs,Limited Participation in Practice,Rob Gronkowski,QUESTIONABLE
2021,8,TB,CB,Richard Sherman,00-0028092,Questionable,Hamstring,Limited Participation in Practice,Richard Sherman,QUESTIONABLE
2021,8,TEN,WR,A.J. Brown,00-0035676,,,Did Not Participate In Practice,A.J. Brown,
2021,8,TEN,LB,Bud Dupree,00-0032146,,,Full Participation in Practice,Bud Dupree,
2021,8,TEN,T,Bobby Hart,00-0031622,,,Full Participation in Practice,Bobby Hart,
2021,8,TEN,RB,Derrick Henry,00-0032764,,,Full Participation in Practice,Derrick Henry,
2021,8,TEN,T,Taylor Lewan,00-0031442,,,Full Participation in Practice,Taylor Lewan,
2021,8,TEN,WR,Josh Reynolds,00-0033943,,,Full Participation in Practice,Josh Reynolds,
2021,8,TEN,LB,Monty Rice,00-0037000,,,Full Participation in Practice,Monty Rice,
2021,8,TEN,G,Rodger Saffold,00-0027648,,,Full Participation in Practice,Rodger Saffold,
2021,8,TEN,DE,Denico Autry,00-0031254,,,Limited Participation in Practice,Denico Autry,
2021,8,TEN,S,Amani Hooker,00-0035632,,,Limited Participation in Practice,Amani Hooker,
2021,8,TEN,LB,Harold Landry,00-0034828,,,Limited Participation in Practice,Harold Landry,
2021,8,TEN,WR,Chester Rogers,00-0032355,,,Limited Participation in Practice,Chester Rogers,
2021,8,TEN,FB,Khari Blasingame,00-0035099,Out,Knee,Did Not Participate In Practice,Khari Blasingame,OUT
2021,8,TEN,RB,Darrynton Evans,00-0036297,Out,Knee,Did Not Participate In Practice,Darrynton Evans,OUT
2021,8,TEN,WR,Julio Jones,00-0027944,Out,Hamstring,Did Not Participate In Practice,Julio Jones,OUT
2021,8,TEN,LB,Rashaan Evans,00-0034743,Questionable,Ankle,Did Not Participate In Practice,Rashaan Evans,QUESTIONABLE
2021,8,TEN,T,Kendall Lamm,00-0031921,Questionable,Ankle,Did Not Participate In Practice,Kendall Lamm,QUESTIONABLE
2021,8,TEN,CB,Chris Jackson,00-0036240,Questionable,Foot,Full Participation in Practice,Chris Jackson,QUESTIONABLE
2021,8,TEN,DT,Teair Tart,00-0036181,Questionable,Groin,Limited Participation in Practice,Teair Tart,QUESTIONABLE
2021,8,WAS,RB,Antonio Gibson,00-0036328,,,Full Participation in Practice,Antonio Gibson,
2021,8,WAS,CB,Danny Johnson,00-0034071,,,Full Participation in Practice,Danny Johnson,
2021,8,WAS,WR,Terry McLaurin,00-0035659,,,Full Participation in Practice,Terry McLaurin,
2021,8,WAS,G,Wes Schweitzer,00-0032432,,,Full Participation in Practice,Wes Schweitzer,
2021,8,WAS,TE,Ricky Seals-Jones,00-0033611,,,Full Participation in Practice,Ricky Seals-Jones,
2021,8,WAS,TE,Jace Sternberger,00-0035671,,,Full Participation in Practice,Jace Sternberger,
2021,8,WAS,WR,Dyami Brown,00-0036626,Out,Knee,Did Not Participate In Practice,Dyami Brown,OUT
2021,8,WAS,T,Samuel Cosmi,00-0036618,Out,Ankle,Did Not Participate In Practice,Samuel Cosmi,OUT
2021,8,WAS,WR,Curtis Samuel,00-0033282,Out,Groin,Did Not Participate In Practice,Curtis Samuel,OUT
2021,8,WAS,T,Cornelius Lucas,00-0030725,Questionable,Illness,Did Not Participate In Practice,Cornelius Lucas,QUESTIONABLE
2021,8,WAS,CB,William Jackson,00-0033107,Questionable,Knee,Limited Participation in Practice,William Jackson,QUESTIONABLE
2021,8,WAS,G,Brandon Scherff,00-0032053,Questionable,Knee,Limited Participation in Practice,Brandon Scherff,QUESTIONABLE
2021,8,WAS,WR,Cam Sims,00-0034104,Questionable,Hamstring,Limited Participation in Practice,Cam Sims,QUESTIONABLE
2021,9,ARI,LB,Zaven Collins,00-0036933,,,Full Participation in Practice,Zaven Collins,
2021,9,ARI,RB,Chase Edmonds,00-0034681,,,Full Participation in Practice,Chase Edmonds,
2021,9,ARI,G,Justin Pugh,00-0030585,,,Full Participation in Practice,Justin Pugh,
2021,9,ARI,T,Kelvin Beachum,00-0029316,,,Limited Participation in Practice,Kelvin Beachum,
2021,9,ARI,DT,Rashard Lawrence,00-0036373,Out,Calf,Did Not Participate In Practice,Rashard Lawrence,OUT
2021,9,ARI,RB,Jonathan Ward,00-0035924,Out,Concussion,Did Not Participate In Practice,Jonathan Ward,OUT
2021,9,ARI,DE,J.J. Watt,00-0027949,Out,Shoulder,Did Not Participate In Practice,J.J. Watt,OUT
2021,9,ARI,S,James Wiggins,00-0036889,Out,Knee,Did Not Participate In Practice,James Wiggins,OUT
2021,9,ARI,WR,DeAndre Hopkins,00-0030564,Questionable,Hamstring,Did Not Participate In Practice,DeAndre Hopkins,QUESTIONABLE
2021,9,ARI,QB,Kyler Murray,00-0035228,Questionable,Ankle,Did Not Participate In Practice,Kyler Murray,QUESTIONABLE
2021,9,ARI,C,Max Garcia,00-0032132,Questionable,Achilles,Limited Participation in Practice,Max Garcia,QUESTIONABLE
2021,9,ATL,WR,Russell Gage,00-0034411,,,Full Participation in Practice,Russell Gage,
2021,9,ATL,G,Josh Andrews,00-0030706,Out,Not injury related - personal matter,"
    ",Josh Andrews,OUT
2021,9,ATL,DT,Jonathan Bullard,00-0033093,Out,Concussion,Did Not Participate In Practice,Jonathan Bullard,OUT
2021,9,ATL,WR,Calvin Ridley,00-0034837,Out,Not injury related - personal matter,Did Not Participate In Practice,Calvin Ridley,OUT
2021,9,BAL,DE,Calais Campbell,00-0026190,,,Did Not Participate In Practice,Calais Campbell,
2021,9,BAL,LB,Justin Houston,00-0028008,,,Did Not Participate In Practice,Justin Houston,
2021,9,BAL,LB,Pernell McPhee,00-0028103,,,Did Not Participate In Practice,Pernell McPhee,
2021,9,BAL,CB,Jimmy Smith,00-0027965,,,Did Not Participate In Practice,Jimmy Smith,
2021,9,BAL,T,Alejandro Villanueva,00-0030648,,,Did Not Participate In Practice,Alejandro Villanueva,
2021,9,BAL,QB,Tyler Huntley,00-0035993,,,Full Participation in Practice,Tyler Huntley,
2021,9,BAL,G,Patrick Mekari,00-0035112,Doubtful,Ankle,Did Not Participate In Practice,Patrick Mekari,DOUBTFUL
2021,9,BAL,RB,Latavius Murray,00-0030513,Doubtful,Ankle,Did Not Participate In Practice,Latavius Murray,DOUBTFUL
2021,9,BAL,WR,Rashod Bateman,00-0036550,Questionable,Groin,Did Not Participate In Practice,Rashod Bateman,QUESTIONABLE
2021,9,BAL,WR,Sammy Watkins,00-0031325,Questionable,Thigh,Limited Participation in Practice,Sammy Watkins,QUESTIONABLE
2021,9,BAL,DT,Brandon Williams,00-0030511,Questionable,Shoulder,Limited Participation in Practice,Brandon Williams,QUESTIONABLE
2021,9,BUF,DE,Mario Addison,00-0028339,,,Did Not Participate In Practice,Mario Addison,
2021,9,BUF,WR,Stefon Diggs,00-0031588,,,Did Not Participate In Practice,Stefon Diggs,
2021,9,BUF,DE,Jerry Hughes,00-0027881,,,Did Not Participate In Practice,Jerry Hughes,
2021,9,BUF,DT,Star Lotulelei,00-0030455,,,Did Not Participate In Practice,Star Lotulelei,
2021,9,BUF,WR,Emmanuel Sanders,00-0027685,,,Did Not Participate In Practice,Emmanuel Sanders,
2021,9,BUF,DT,Justin Zimmer,00-0032518,,,Full Participation in Practice,Justin Zimmer,
2021,9,BUF,T,Spencer Brown,00-0036976,Out,Back,Did Not Participate In Practice,Spencer Brown,OUT
2021,9,BUF,G,Jon Feliciano,00-0032151,Out,Calf,Did Not Participate In Practice,Jon Feliciano,OUT
2021,9,BUF,TE,Dawson Knox,00-0035689,Out,Hand,Did Not Participate In Practice,Dawson Knox,OUT
2021,9,BUF,WR,Cole Beasley,00-0029000,Questionable,Ribs,Limited Participation in Practice,Cole Beasley,QUESTIONABLE
2021,9,BUF,S,Jordan Poyer,00-0030114,Questionable,Shoulder,Limited Participation in Practice,Jordan Poyer,QUESTIONABLE
2021,9,CAR,LB,Jermaine Carter,00-0034396,,,Full Participation in Practice,Jermaine Carter,
2021,9,CAR,T,Cameron Erving,00-0032145,,,Full Participation in Practice,Cameron Erving,
2021,9,CAR,CB,Stephon Gilmore,00-0029542,,,Full Participation in Practice,Stephon Gilmore,
2021,9,CAR,CB,C.J. Henderson,00-0036281,,,Full Participation in Practice,C.J. Henderson,
2021,9,CAR,WR,Terrace Marshall,00-0036955,,,Full Participation in Practice,Terrace Marshall,
2021,9,CAR,C,Matt Paradis,00-0031349,,,Full Participation in Practice,Matt Paradis,
2021,9,CAR,LB,Shaq Thompson,00-0031550,,,Full Participation in Practice,Shaq Thompson,
2021,9,CAR,CB,Stantley Thomas-Oliver,00-0036315,Questionable,Toe,Did Not Participate In Practice,Stantley Thomas-Oliver,QUESTIONABLE
2021,9,CAR,G,Pat Elflein,00-0033909,Questionable,Hamstring,Full Participation in Practice,Pat Elflein,QUESTIONABLE
2021,9,CAR,QB,Sam Darnold,00-0034869,Questionable,Concussion,Limited Participation in Practice,Sam Darnold,QUESTIONABLE
2021,9,CHI,QB,Nick Foles,00-0029567,Out,Not injury related - personal matter,Did Not Participate In Practice,Nick Foles,OUT
2021,9,CHI,TE,J.P. Holtz,00-0032986,Out,Concussion,Did Not Participate In Practice,J.P. Holtz,OUT
2021,9,CHI,LB,Khalil Mack,00-0031040,Out,Foot,Did Not Participate In Practice,Khalil Mack,OUT
2021,9,CHI,RB,Damien Williams,00-0030874,Out,Knee,Did Not Participate In Practice,Damien Williams,OUT
2021,9,CHI,S,Eddie Jackson,00-0033784,Doubtful,Hamstring,Did Not Participate In Practice,Eddie Jackson,DOUBTFUL
2021,9,CHI,LB,Alec Ogletree,00-0030527,Questionable,Ankle,Did Not Participate In Practice,Alec Ogletree,QUESTIONABLE
2021,9,CHI,WR,Darnell Mooney,00-0036309,Questionable,Groin,Limited Participation in Practice,Darnell Mooney,QUESTIONABLE
2021,9,CIN,G,Jackson Carman,00-0036865,,,Full Participation in Practice,Jackson Carman,
2021,9,CIN,C,Trey Hopkins,00-0030781,,,Full Participation in Practice,Trey Hopkins,
2021,9,CIN,DE,Cameron Sample,00-0036850,Questionable,Knee,Did Not Participate In Practice,Cameron Sample,QUESTIONABLE
2021,9,CIN,RB,Chris Evans,00-0036857,Questionable,Hamstring,Limited Participation in Practice,Chris Evans,QUESTIONABLE
2021,9,CIN,WR,Auden Tate,00-0034686,Questionable,Thigh,Limited Participation in Practice,Auden Tate,QUESTIONABLE
2021,9,CLE,CB,A.J. Green,00-0036114,,,Full Participation in Practice,A.J. Green,
2021,9,CLE,DE,Joe Jackson,00-0035281,,,Full Participation in Practice,Joe Jackson,
2021,9,CLE,QB,Baker Mayfield,00-0034855,,,Full Participation in Practice,Baker Mayfield,
2021,9,CLE,DT,Malik McDowell,00-0034019,,,Full Participation in Practice,Malik McDowell,
2021,9,CLE,TE,David Njoku,00-0033885,,,Full Participation in Practice,David Njoku,
2021,9,CLE,T,Jedrick Wills,00-0036267,,,Full Participation in Practice,Jedrick Wills,
2021,9,CLE,DT,Malik Jackson,00-0029568,,,Limited Participation in Practice,Malik Jackson,
2021,9,CLE,S,John Johnson,00-0033927,,,Limited Participation in Practice,John Johnson,
2021,9,CLE,WR,Jarvis Landry,00-0031382,,,Limited Participation in Practice,Jarvis Landry,
2021,9,CLE,C,J.C. Tretter,00-0030076,,,Limited Participation in Practice,J.C. Tretter,
2021,9,CLE,WR,Odell Beckham,00-0031235,Out,Shoulder,Did Not Participate In Practice,Odell Beckham,OUT
2021,9,CLE,T,Jack Conklin,00-0033057,Out,Elbow,Did Not Participate In Practice,Jack Conklin,OUT
2021,9,CLE,TE,Harrison Bryant,00-0036232,Questionable,Thigh,Did Not Participate In Practice,Harrison Bryant,QUESTIONABLE
2021,9,CLE,DE,Jadeveon Clowney,00-0031364,Questionable,Ankle,Limited Participation in Practice,Jadeveon Clowney,QUESTIONABLE
2021,9,CLE,DE,Takkarist McKinley,00-0033540,Questionable,Groin,Limited Participation in Practice,Takkarist McKinley,QUESTIONABLE
2021,9,CLE,WR,Donovan Peoples-Jones,00-0036233,Questionable,Groin,Limited Participation in Practice,Donovan Peoples-Jones,QUESTIONABLE
2021,9,CLE,CB,Denzel Ward,00-0034856,Questionable,Hamstring,Limited Participation in Practice,Denzel Ward,QUESTIONABLE
2021,9,DAL,DE,Dorance Armstrong,00-0034373,,,Full Participation in Practice,Dorance Armstrong,
2021,9,DAL,CB,Trevon Diggs,00-0036361,,,Full Participation in Practice,Trevon Diggs,
2021,9,DAL,TE,Sean McKeon,00-0036032,,,Full Participation in Practice,Sean McKeon,
2021,9,DAL,QB,Dak Prescott,00-0033077,,,Full Participation in Practice,Dak Prescott,
2021,9,DAL,S,Donovan Wilson,00-0035301,,,Full Participation in Practice,Donovan Wilson,
2021,9,DAL,TE,Blake Jarwin,00-0033658,Out,Hip,Did Not Participate In Practice,Blake Jarwin,OUT
2021,9,DAL,T,Tyron Smith,00-0027947,Out,Ankle,Did Not Participate In Practice,Tyron Smith,OUT
2021,9,DAL,WR,Amari Cooper,00-0031544,Questionable,Hamstring,Limited Participation in Practice,Amari Cooper,QUESTIONABLE
2021,9,DAL,WR,CeeDee Lamb,00-0036358,Questionable,Ankle,Limited Participation in Practice,CeeDee Lamb,QUESTIONABLE
2021,9,DEN,CB,Ronald Darby,00-0032195,,,Full Participation in Practice,Ronald Darby,
2021,9,DEN,DE,Shelby Harris,00-0031270,,,Full Participation in Practice,Shelby Harris,
2021,9,DEN,S,Jamar Johnson,00-0036639,,,Full Participation in Practice,Jamar Johnson,
2021,9,DEN,DE,Dre'Mont Jones,00-0035678,,,Full Participation in Practice,Dre'Mont Jones,
2021,9,DEN,DT,DeShawn Williams,00-0031795,,,Full Participation in Practice,DeShawn Williams,
2021,9,DEN,T,Garett Bolles,00-0033538,Out,Ankle,Did Not Participate In Practice,Garett Bolles,OUT
2021,9,DEN,LB,Malik Reed,00-0034954,Questionable,Hip,Did Not Participate In Practice,Malik Reed,QUESTIONABLE
2021,9,DEN,G,Graham Glasgow,00-0032395,Questionable,Hip,Limited Participation in Practice,Graham Glasgow,QUESTIONABLE
2021,9,DEN,TE,Albert Okwuegbunam,00-0036423,Questionable,Knee,Limited Participation in Practice,Albert Okwuegbunam,QUESTIONABLE
2021,9,DEN,DT,Mike Purcell,00-0029890,Questionable,Thumb,Limited Participation in Practice,Mike Purcell,QUESTIONABLE
2021,9,DEN,S,Caden Sterns,00-0036633,Questionable,Shoulder,Limited Participation in Practice,Caden Sterns,QUESTIONABLE
2021,9,GB,TE,Josiah Deguara,00-0036332,,,Full Participation in Practice,Josiah Deguara,
2021,9,GB,DT,Jack Heflin,00-0036788,,,Full Participation in Practice,Jack Heflin,
2021,9,GB,CB,Kevin King,00-0033524,,,Full Participation in Practice,Kevin King,
2021,9,GB,TE,Marcedes Lewis,00-0024243,,,Full Participation in Practice,Marcedes Lewis,
2021,9,GB,DE,Kingsley Keke,00-0034984,Out,Concussion,Did Not Participate In Practice,Kingsley Keke,OUT
2021,9,GB,T,Dennis Kelly,00-0029419,Questionable,Back,Limited Participation in Practice,Dennis Kelly,QUESTIONABLE
2021,9,GB,DE,Dean Lowry,00-0032412,Questionable,Hamstring,Limited Participation in Practice,Dean Lowry,QUESTIONABLE
2021,9,HOU,WR,Danny Amendola,00-0026035,,,Did Not Participate In Practice,Danny Amendola,
2021,9,HOU,WR,Brandin Cooks,00-0031236,,,Did Not Participate In Practice,Brandin Cooks,
2021,9,HOU,RB,Rex Burkhead,00-0030288,,,Full Participation in Practice,Rex Burkhead,
2021,9,HOU,WR,Chris Conley,00-0032128,,,Full Participation in Practice,Chris Conley,
2021,9,HOU,DE,Jonathan Greenard,00-0036224,,,Full Participation in Practice,Jonathan Greenard,
2021,9,HOU,TE,Brevin Jordan,00-0036556,,,Full Participation in Practice,Brevin Jordan,
2021,9,HOU,DE,Jacob Martin,00-0034163,,,Full Participation in Practice,Jacob Martin,
2021,9,HOU,C,Justin McCray,00-0030792,,,Full Participation in Practice,Justin McCray,
2021,9,HOU,LB,Kevin Pierre-Louis,00-0031308,,,Full Participation in Practice,Kevin Pierre-Louis,
2021,9,HOU,TE,Pharaoh Brown,00-0033439,Out,Thigh,Did Not Participate In Practice,Pharaoh Brown,OUT
2021,9,HOU,LB,Christian Kirksey,00-0031361,Out,Thumb,Did Not Participate In Practice,Christian Kirksey,OUT
2021,9,HOU,LB,Hardy Nickerson,00-0033344,Out,Concussion,Did Not Participate In Practice,Hardy Nickerson,OUT
2021,9,HOU,QB,Deshaun Watson,00-0033537,Out,Not injury related - personal matter,Did Not Participate In Practice,Deshaun Watson,OUT
2021,9,IND,CB,Thakarius Keyes,00-0036385,,,Full Participation in Practice,Thakarius Keyes,
2021,9,IND,WR,T.Y. Hilton,00-0029608,Out,Concussion,Did Not Participate In Practice,T.Y. Hilton,OUT
2021,9,IND,S,Khari Willis,00-0035530,Out,Calf,Did Not Participate In Practice,Khari Willis,OUT
2021,9,IND,G,Quenton Nelson,00-0034342,Questionable,Toe,Limited Participation in Practice,Quenton Nelson,QUESTIONABLE
2021,9,JAX,LB,Dakota Allen,00-0035670,,,Full Participation in Practice,Dakota Allen,
2021,9,JAX,T,Ben Bartch,00-0036272,,,Full Participation in Practice,Ben Bartch,
2021,9,JAX,CB,Tyson Campbell,00-0036974,,,Full Participation in Practice,Tyson Campbell,
2021,9,JAX,DT,Davon Hamilton,00-0036262,,,Full Participation in Practice,Davon Hamilton,
2021,9,JAX,RB,Carlos Hyde,00-0031045,,,Full Participation in Practice,Carlos Hyde,
2021,9,JAX,RB,James Robinson,00-0035831,Questionable,Heel,Limited Participation in Practice,James Robinson,QUESTIONABLE
2021,9,KC,TE,Daniel Brown,00-0032098,,,Did Not Participate In Practice,Daniel Brown,
2021,9,KC,FB,Michael Burton,00-0031595,,,Full Participation in Practice,Michael Burton,
2021,9,KC,WR,Tyreek Hill,00-0033040,,,Full Participation in Practice,Tyreek Hill,
2021,9,KC,LB,Anthony Hitchens,00-0031348,,,Full Participation in Practice,Anthony Hitchens,
2021,9,KC,LB,Melvin Ingram,00-0029249,,,Full Participation in Practice,Melvin Ingram,
2021,9,KC,DT,Chris Jones,00-0032762,,,Full Participation in Practice,Chris Jones,
2021,9,KC,TE,Travis Kelce,00-0030506,,,Full Participation in Practice,Travis Kelce,
2021,9,KC,DT,Derrick Nnadi,00-0034818,,,Full Participation in Practice,Derrick Nnadi,
2021,9,KC,CB,L'Jarius Sneed,00-0036374,,,Full Participation in Practice,L'Jarius Sneed,
2021,9,KC,G,Joe Thuney,00-0032391,,,Full Participation in Practice,Joe Thuney,
2021,9,KC,T,Mike Remmers,00-0029164,Out,Knee,Did Not Participate In Practice,Mike Remmers,OUT
2021,9,KC,DT,Khalen Saunders,00-0035656,Questionable,Knee,Full Participation in Practice,Khalen Saunders,QUESTIONABLE
2021,9,LA,DT,Bobby Brown,00-0036903,,,Full Participation in Practice,Bobby Brown,
2021,9,LA,TE,Brycen Hopkins,00-0036424,,,Full Participation in Practice,Brycen Hopkins,
2021,9,LA,WR,Cooper Kupp,00-0033908,,,Full Participation in Practice,Cooper Kupp,
2021,9,LA,T,Andrew Whitworth,00-0024270,,,Full Participation in Practice,Andrew Whitworth,
2021,9,LA,QB,Matthew Stafford,00-0026498,,,Limited Participation in Practice,Matthew Stafford,
2021,9,LA,DT,Sebastian Joseph,00-0034810,Out,Chest,Did Not Participate In Practice,Sebastian Joseph,OUT
2021,9,LA,LB,Ernest Jones,00-0036994,Questionable,Illness,Did Not Participate In Practice,Ernest Jones,QUESTIONABLE
2021,9,LA,LB,Von Miller,00-0027940,Questionable,Ankle,Did Not Participate In Practice,Von Miller,QUESTIONABLE
2021,9,LA,CB,Jalen Ramsey,00-0033055,Questionable,Not injury related - resting player,Did Not Participate In Practice,Jalen Ramsey,QUESTIONABLE
2021,9,LA,WR,Robert Woods,00-0030431,Questionable,Foot,Limited Participation in Practice,Robert Woods,QUESTIONABLE
2021,9,LAC,RB,Austin Ekeler,00-0033699,,,Full Participation in Practice,Austin Ekeler,
2021,9,LAC,QB,Justin Herbert,00-0036355,,,Full Participation in Practice,Justin Herbert,
2021,9,LAC,LB,Drue Tranquill,00-0035262,,,Full Participation in Practice,Drue Tranquill,
2021,9,LAC,CB,Michael Davis,00-0033697,Out,Hamstring,Did Not Participate In Practice,Michael Davis,OUT
2021,9,LAC,RB,Justin Jackson,00-0034440,Out,Quadricep,Did Not Participate In Practice,Justin Jackson,OUT
2021,9,LAC,CB,Asante Samuel,00-0036617,Out,Concussion,Did Not Participate In Practice,Asante Samuel,OUT
2021,9,LAC,S,Alohi Gilman,00-0036380,Doubtful,Ankle,Did Not Participate In Practice,Alohi Gilman,DOUBTFUL
2021,9,LAC,CB,Tevaughn Campbell,00-0034903,Questionable,Groin,"
    ",Tevaughn Campbell,QUESTIONABLE
2021,9,LV,DT,Johnathan Hankins,00-0030063,,,Full Participation in Practice,Johnathan Hankins,
2021,9,LV,G,John Simpson,00-0036369,,,Full Participation in Practice,John Simpson,
2021,9,MIA,C,Greg Mancz,00-0031923,,,Full Participation in Practice,Greg Mancz,
2021,9,MIA,LB,Jaelan Phillips,00-0036934,,,Full Participation in Practice,Jaelan Phillips,
2021,9,MIA,S,Brandon Jones,00-0036221,,,Limited Participation in Practice,Brandon Jones,
2021,9,MIA,WR,DeVante Parker,00-0031547,,,Limited Participation in Practice,DeVante Parker,
2021,9,MIA,LB,Jerome Baker,00-0034797,Questionable,Knee,Limited Participation in Practice,Jerome Baker,QUESTIONABLE
2021,9,MIA,QB,Tua Tagovailoa,00-0036212,Questionable,Ribs,Limited Participation in Practice,Tua Tagovailoa,QUESTIONABLE
2021,9,MIN,DE,Everson Griffen,00-0027701,,,Did Not Participate In Practice,Everson Griffen,
2021,9,MIN,S,Harrison Smith,00-0029606,,,Did Not Participate In Practice,Harrison Smith,
2021,9,MIN,DT,James Lynch,00-0036337,,,Full Participation in Practice,James Lynch,
2021,9,MIN,WR,Dede Westbrook,00-0033839,,,Full Participation in Practice,Dede Westbrook,
2021,9,MIN,DT,Michael Pierce,00-0032574,Out,Elbow,Did Not Participate In Practice,Michael Pierce,OUT
2021,9,MIN,LB,Anthony Barr,00-0031256,Questionable,Knee,Limited Participation in Practice,Anthony Barr,QUESTIONABLE
2021,9,MIN,CB,Cameron Dantzler,00-0036330,Questionable,Ankle,Limited Participation in Practice,Cameron Dantzler,QUESTIONABLE
2021,9,NE,CB,J.C. Jackson,00-0034591,,,Did Not Participate In Practice,J.C. Jackson,
2021,9,NE,P,Jake Bailey,00-0035280,Questionable,right Knee,Limited Participation in Practice,Jake Bailey,QUESTIONABLE
2021,9,NE,DT,Christian Barmore,00-0036981,Questionable,Foot,Limited Participation in Practice,Christian Barmore,QUESTIONABLE
2021,9,NE,LB,Ja'Whaun Bentley,00-0034385,Questionable,Ribs,Limited Participation in Practice,Ja'Whaun Bentley,QUESTIONABLE
2021,9,NE,DT,Carl Davis,00-0031938,Questionable,Hand,Limited Participation in Practice,Carl Davis,QUESTIONABLE
2021,9,NE,S,Cody Davis,00-0029764,Questionable,Hand,Limited Participation in Practice,Cody Davis,QUESTIONABLE
2021,9,NE,S,Kyle Dugger,00-0036231,Questionable,Neck,Limited Participation in Practice,Kyle Dugger,QUESTIONABLE
2021,9,NE,K,Nick Folk,00-0025565,Questionable,left Knee,Limited Participation in Practice,Nick Folk,QUESTIONABLE
2021,9,NE,WR,N'Keal Harry,00-0035624,Questionable,Knee,Limited Participation in Practice,N'Keal Harry,QUESTIONABLE
2021,9,NE,LB,Dont'a Hightower,00-0029669,Questionable,Ankle,Limited Participation in Practice,Dont'a Hightower,QUESTIONABLE
2021,9,NE,G,Shaquille Mason,00-0031580,Questionable,Abdomen,Limited Participation in Practice,Shaquille Mason,QUESTIONABLE
2021,9,NE,TE,Jonnu Smith,00-0033858,Questionable,Shoulder,Limited Participation in Practice,Jonnu Smith,QUESTIONABLE
2021,9,NE,LB,Josh Uche,00-0036159,Questionable,Shoulder,Limited Participation in Practice,Josh Uche,QUESTIONABLE
2021,9,NE,LB,Kyle Van Noy,00-0031360,Questionable,Groin,Limited Participation in Practice,Kyle Van Noy,QUESTIONABLE
2021,9,NO,QB,Taysom Hill,00-0033357,,,Full Participation in Practice,Taysom Hill,
2021,9,NO,CB,Marshon Lattimore,00-0033874,,,Full Participation in Practice,Marshon Lattimore,
2021,9,NO,RB,Dwayne Washington,00-0032450,,,Full Participation in Practice,Dwayne Washington,
2021,9,NO,T,Terron Armstead,00-0030067,,,Limited Participation in Practice,Terron Armstead,
2021,9,NO,DE,Carl Granderson,00-0035402,Out,Shoulder,Did Not Participate In Practice,Carl Granderson,OUT
2021,9,NO,WR,Ty Montgomery,00-0032200,Out,Hamstring,Did Not Participate In Practice,Ty Montgomery,OUT
2021,9,NO,QB,Jameis Winston,00-0031503,Out,Knee,Did Not Participate In Practice,Jameis Winston,OUT
2021,9,NO,S,Malcolm Jenkins,00-0026990,Questionable,Knee,Limited Participation in Practice,Malcolm Jenkins,QUESTIONABLE
2021,9,NO,DE,Payton Turner,00-0036926,Questionable,Calf,Limited Participation in Practice,Payton Turner,QUESTIONABLE
2021,9,NYG,WR,Dante Pettis,00-0034860,,,Did Not Participate In Practice,Dante Pettis,
2021,9,NYG,S,Xavier McKinney,00-0036388,,,Full Participation in Practice,Xavier McKinney,
2021,9,NYG,TE,Kyle Rudolph,00-0027981,,,Full Participation in Practice,Kyle Rudolph,
2021,9,NYG,C,Matt Skura,00-0032575,,,Full Participation in Practice,Matt Skura,
2021,9,NYG,TE,Kaden Smith,00-0034988,,,Limited Participation in Practice,Kaden Smith,
2021,9,NYG,WR,Kadarius Toney,00-0036913,,,Limited Participation in Practice,Kadarius Toney,
2021,9,NYG,RB,Saquon Barkley,00-0034844,Out,Ankle,Did Not Participate In Practice,Saquon Barkley,OUT
2021,9,NYG,LB,Lorenzo Carter,00-0034360,Out,Ankle,Did Not Participate In Practice,Lorenzo Carter,OUT
2021,9,NYG,S,Nate Ebner,00-0029570,Out,Ankle,Did Not Participate In Practice,Nate Ebner,OUT
2021,9,NYG,WR,Sterling Shepard,00-0032385,Out,Quadricep,Did Not Participate In Practice,Sterling Shepard,OUT
2021,9,NYG,RB,Gary Brightwell,00-0036569,Questionable,COVID Protocol,Did Not Participate In Practice,Gary Brightwell,QUESTIONABLE
2021,9,NYG,WR,Kenny Golladay,00-0033932,Questionable,Knee,Limited Participation in Practice,Kenny Golladay,QUESTIONABLE
2021,9,NYG,WR,John Ross,00-0033460,Questionable,Quadricep,Limited Participation in Practice,John Ross,QUESTIONABLE
2021,9,NYJ,TE,Trevon Wesco,00-0035259,,,Full Participation in Practice,Trevon Wesco,
2021,9,NYJ,RB,Tevin Coleman,00-0032058,Out,Hamstring,Did Not Participate In Practice,Tevin Coleman,OUT
2021,9,NYJ,G,Laurent Duvernay-Tardif,00-0031022,Out,Not injury related - personal matter,Did Not Participate In Practice,Laurent Duvernay-Tardif,OUT
2021,9,NYJ,DE,Bryce Huff,00-0036151,Out,Back,Did Not Participate In Practice,Bryce Huff,OUT
2021,9,NYJ,QB,Zach Wilson,00-0037013,Out,Knee,Did Not Participate In Practice,Zach Wilson,OUT
2021,9,NYJ,WR,Corey Davis,00-0033871,Doubtful,Hip,Did Not Participate In Practice,Corey Davis,DOUBTFUL
2021,9,NYJ,T,George Fant,00-0032466,Questionable,Ankle,Limited Participation in Practice,George Fant,QUESTIONABLE
2021,9,PHI,LB,Shaun Bradley,00-0036401,,,Full Participation in Practice,Shaun Bradley,
2021,9,PHI,DT,Fletcher Cox,00-0029653,,,Full Participation in Practice,Fletcher Cox,
2021,9,PHI,T,Jack Driscoll,00-0036396,,,Full Participation in Practice,Jack Driscoll,
2021,9,PHI,DT,Javon Hargrave,00-0033109,,,Full Participation in Practice,Javon Hargrave,
2021,9,PHI,S,Anthony Harris,00-0031799,,,Full Participation in Practice,Anthony Harris,
2021,9,PHI,T,Lane Johnson,00-0030561,,,Full Participation in Practice,Lane Johnson,
2021,9,PHI,C,Jason Kelce,00-0028129,,,Full Participation in Practice,Jason Kelce,
2021,9,PHI,T,Jordan Mailata,00-0034429,,,Full Participation in Practice,Jordan Mailata,
2021,9,PHI,CB,Zech McPhearson,00-0036917,,,Full Participation in Practice,Zech McPhearson,
2021,9,PHI,WR,Jalen Reagor,00-0036387,,,Full Participation in Practice,Jalen Reagor,
2021,9,PHI,WR,J.J. Arcega-Whiteside,00-0035246,Out,Ankle,Did Not Participate In Practice,J.J. Arcega-Whiteside,OUT
2021,9,PIT,S,Minkah Fitzpatrick,00-0034789,,,Did Not Participate In Practice,Minkah Fitzpatrick,
2021,9,PIT,K,Chris Boswell,00-0031136,,,Full Participation in Practice,Chris Boswell,
2021,9,PIT,DT,Cameron Heyward,00-0027969,,,Full Participation in Practice,Cameron Heyward,
2021,9,PIT,QB,Ben Roethlisberger,00-0022924,,,Full Participation in Practice,Ben Roethlisberger,
2021,9,PIT,TE,Eric Ebron,00-0031387,Out,Hamstring,Did Not Participate In Practice,Eric Ebron,OUT
2021,9,PIT,C,B.J. Finney,00-0031779,Questionable,Back,Limited Participation in Practice,B.J. Finney,QUESTIONABLE
2021,9,SF,LB,Azeez Al-Shaair,00-0035166,,,Full Participation in Practice,Azeez Al-Shaair,
2021,9,SF,LB,Marcell Harris,00-0034730,,,Full Participation in Practice,Marcell Harris,
2021,9,SF,T,Trent Williams,00-0027857,,,Limited Participation in Practice,Trent Williams,
2021,9,SF,DT,Maurice Hurst,00-0034746,Out,Calf,Did Not Participate In Practice,Maurice Hurst,OUT
2021,9,SF,S,Jimmie Ward,00-0031298,Out,Quadricep,Did Not Participate In Practice,Jimmie Ward,OUT
2021,9,SF,DE,Dee Ford,00-0031297,Questionable,Back,Limited Participation in Practice,Dee Ford,QUESTIONABLE
2021,9,SF,RB,Elijah Mitchell,00-0036567,Questionable,Rib,Limited Participation in Practice,Elijah Mitchell,QUESTIONABLE
2021,9,SF,WR,Deebo Samuel,00-0035719,Questionable,Calf,Limited Participation in Practice,Deebo Samuel,QUESTIONABLE
2021,9,TEN,S,Dane Cruikshank,00-0034389,,,Full Participation in Practice,Dane Cruikshank,
2021,9,TEN,DT,Teair Tart,00-0036181,,,Full Participation in Practice,Teair Tart,
2021,9,TEN,LB,Olasunkanmi Adeniyi,00-0034204,,,Limited Participation in Practice,Olasunkanmi Adeniyi,
2021,9,TEN,LB,Bud Dupree,00-0032146,,,Limited Participation in Practice,Bud Dupree,
2021,9,TEN,CB,Chris Jackson,00-0036240,,,Limited Participation in Practice,Chris Jackson,
2021,9,TEN,WR,Julio Jones,00-0027944,,,Limited Participation in Practice,Julio Jones,
2021,9,TEN,LB,Harold Landry,00-0034828,,,Limited Participation in Practice,Harold Landry,
2021,9,TEN,DT,Jeffery Simmons,00-0035643,,,Limited Participation in Practice,Jeffery Simmons,
2021,9,TEN,FB,Khari Blasingame,00-0035099,Out,Knee,Did Not Participate In Practice,Khari Blasingame,OUT
2021,9,TEN,G,Nate Davis,00-0035649,Out,Concussion,Did Not Participate In Practice,Nate Davis,OUT
2021,9,TEN,LB,Rashaan Evans,00-0034743,Out,Ankle,Did Not Participate In Practice,Rashaan Evans,OUT
2021,9,TEN,CB,Greg Mabin,00-0033430,Out,Ankle,Did Not Participate In Practice,Greg Mabin,OUT
2021,9,TEN,WR,A.J. Brown,00-0035676,Questionable,Knee,Did Not Participate In Practice,A.J. Brown,QUESTIONABLE
2021,9,TEN,FB,Tory Carter,00-0036691,Questionable,Shoulder,Did Not Participate In Practice,Tory Carter,QUESTIONABLE
2021,9,TEN,T,Kendall Lamm,00-0031921,Questionable,Back,Did Not Participate In Practice,Kendall Lamm,QUESTIONABLE
2021,9,TEN,T,Taylor Lewan,00-0031442,Questionable,Knee,Did Not Participate In Practice,Taylor Lewan,QUESTIONABLE
2021,9,TEN,LB,Monty Rice,00-0037000,Questionable,Knee,Did Not Participate In Practice,Monty Rice,QUESTIONABLE
2021,10,ARI,LS,Aaron Brewer,00-0028946,,,Did Not Participate In Practice,Aaron Brewer,
2021,10,ARI,TE,David Wells,00-0034575,,,Did Not Participate In Practice,David Wells,
2021,10,ARI,T,Kelvin Beachum,00-0029316,,,Full Participation in Practice,Kelvin Beachum,
2021,10,ARI,TE,Darrell Daniels,00-0033258,,,Full Participation in Practice,Darrell Daniels,
2021,10,ARI,WR,A.J. Green,00-0027942,,,Full Participation in Practice,A.J. Green,
2021,10,ARI,TE,Demetrius Harris,00-0030155,,,Full Participation in Practice,Demetrius Harris,
2021,10,ARI,LB,Jordan Hicks,00-0032129,,,Full Participation in Practice,Jordan Hicks,
2021,10,ARI,WR,Christian Kirk,00-0034775,,,Full Participation in Practice,Christian Kirk,
2021,10,ARI,RB,Chase Edmonds,00-0034681,Out,Ankle,Did Not Participate In Practice,Chase Edmonds,OUT
2021,10,ARI,G,Justin Pugh,00-0030585,Out,Calf,Did Not Participate In Practice,Justin Pugh,OUT
2021,10,ARI,RB,Jonathan Ward,00-0035924,Out,Concussion,Did Not Participate In Practice,Jonathan Ward,OUT
2021,10,ARI,S,James Wiggins,00-0036889,Out,Knee,Did Not Participate In Practice,James Wiggins,OUT
2021,10,ARI,C,Max Garcia,00-0032132,Questionable,Achilles,Did Not Participate In Practice,Max Garcia,QUESTIONABLE
2021,10,ARI,WR,DeAndre Hopkins,00-0030564,Questionable,Hamstring,Did Not Participate In Practice,DeAndre Hopkins,QUESTIONABLE
2021,10,ARI,S,Budda Baker,00-0033890,Questionable,Knee,Limited Participation in Practice,Budda Baker,QUESTIONABLE
2021,10,ARI,WR,Rondale Moore,00-0036936,Questionable,Neck,Limited Participation in Practice,Rondale Moore,QUESTIONABLE
2021,10,ARI,QB,Kyler Murray,00-0035228,Questionable,Ankle,Limited Participation in Practice,Kyler Murray,QUESTIONABLE
2021,10,ARI,DE,Jordan Phillips,00-0031557,Questionable,Groin,Limited Participation in Practice,Jordan Phillips,QUESTIONABLE
2021,10,ATL,CB,Kendall Sheffield,00-0035255,Out,Hamstring,Did Not Participate In Practice,Kendall Sheffield,OUT
2021,10,ATL,LB,Steven Means,00-0030387,Doubtful,Knee,Did Not Participate In Practice,Steven Means,DOUBTFUL
2021,10,ATL,TE,Lee Smith,00-0028097,Doubtful,Back,Did Not Participate In Practice,Lee Smith,DOUBTFUL
2021,10,ATL,DE,Jonathan Bullard,00-0033093,Doubtful,Concussion,Limited Participation in Practice,Jonathan Bullard,DOUBTFUL
2021,10,ATL,DE,John Cominsky,00-0035265,Questionable,Shoulder,Limited Participation in Practice,John Cominsky,QUESTIONABLE
2021,10,BAL,WR,Marquise Brown,00-0035662,,,Full Participation in Practice,Marquise Brown,
2021,10,BAL,CB,Tavon Young,00-0032770,,,Full Participation in Practice,Tavon Young,
2021,10,BAL,G,Patrick Mekari,00-0035112,Doubtful,Ankle,Did Not Participate In Practice,Patrick Mekari,DOUBTFUL
2021,10,BAL,RB,Latavius Murray,00-0030513,Doubtful,Ankle,Did Not Participate In Practice,Latavius Murray,DOUBTFUL
2021,10,BAL,DT,Brandon Williams,00-0030511,Questionable,Shoulder,Did Not Participate In Practice,Brandon Williams,QUESTIONABLE
2021,10,BAL,WR,Sammy Watkins,00-0031325,Questionable,Thigh,Full Participation in Practice,Sammy Watkins,QUESTIONABLE
2021,10,BAL,TE,Nick Boyle,00-0031598,Questionable,Knee,Limited Participation in Practice,Nick Boyle,QUESTIONABLE
2021,10,BUF,DE,Mario Addison,00-0028339,,,Did Not Participate In Practice,Mario Addison,
2021,10,BUF,WR,Stefon Diggs,00-0031588,,,Did Not Participate In Practice,Stefon Diggs,
2021,10,BUF,DE,Jerry Hughes,00-0027881,,,Did Not Participate In Practice,Jerry Hughes,
2021,10,BUF,CB,Cameron Lewis,00-0035357,,,Did Not Participate In Practice,Cameron Lewis,
2021,10,BUF,DT,Star Lotulelei,00-0030455,,,Did Not Participate In Practice,Star Lotulelei,
2021,10,BUF,WR,Emmanuel Sanders,00-0027685,,,Did Not Participate In Practice,Emmanuel Sanders,
2021,10,BUF,T,Spencer Brown,00-0036976,,,Full Participation in Practice,Spencer Brown,
2021,10,BUF,S,Jaquan Johnson,00-0035290,,,Full Participation in Practice,Jaquan Johnson,
2021,10,BUF,CB,Taron Johnson,00-0034376,,,Full Participation in Practice,Taron Johnson,
2021,10,BUF,TE,Dawson Knox,00-0035689,,,Full Participation in Practice,Dawson Knox,
2021,10,BUF,WR,Cole Beasley,00-0029000,,,Limited Participation in Practice,Cole Beasley,
2021,10,BUF,DT,Justin Zimmer,00-0032518,,,Limited Participation in Practice,Justin Zimmer,
2021,10,BUF,LB,Tremaine Edmunds,00-0034673,Out,Hamstring,Did Not Participate In Practice,Tremaine Edmunds,OUT
2021,10,BUF,RB,Zack Moss,00-0036251,Questionable,Concussion,Limited Participation in Practice,Zack Moss,QUESTIONABLE
2021,10,CAR,QB,Sam Darnold,00-0034869,,,Did Not Participate In Practice,Sam Darnold,
2021,10,CAR,LB,Jermaine Carter,00-0034396,,,Full Participation in Practice,Jermaine Carter,
2021,10,CAR,DE,Marquis Haynes,00-0034382,,,Full Participation in Practice,Marquis Haynes,
2021,10,CAR,CB,C.J. Henderson,00-0036281,,,Full Participation in Practice,C.J. Henderson,
2021,10,CAR,LB,Shaq Thompson,00-0031550,,,Full Participation in Practice,Shaq Thompson,
2021,10,CAR,CB,Stephon Gilmore,00-0029542,,,Limited Participation in Practice,Stephon Gilmore,
2021,10,CAR,CB,Stantley Thomas-Oliver,00-0036315,Out,Toe,Did Not Participate In Practice,Stantley Thomas-Oliver,OUT
2021,10,CAR,CB,Rashaan Melvin,00-0029901,Out,Hand,Limited Participation in Practice,Rashaan Melvin,OUT
2021,10,CAR,DE,Brian Burns,00-0035713,Questionable,Foot,Full Participation in Practice,Brian Burns,QUESTIONABLE
2021,10,CAR,LB,Frankie Luvu,00-0034302,Questionable,Knee,Limited Participation in Practice,Frankie Luvu,QUESTIONABLE
2021,10,CLE,QB,Baker Mayfield,00-0034855,,,Full Participation in Practice,Baker Mayfield,
2021,10,CLE,WR,Donovan Peoples-Jones,00-0036233,,,Full Participation in Practice,Donovan Peoples-Jones,
2021,10,CLE,TE,Harrison Bryant,00-0036232,,,Limited Participation in Practice,Harrison Bryant,
2021,10,CLE,DE,Jadeveon Clowney,00-0031364,,,Limited Participation in Practice,Jadeveon Clowney,
2021,10,CLE,DE,Myles Garrett,00-0033868,,,Limited Participation in Practice,Myles Garrett,
2021,10,CLE,DT,Malik Jackson,00-0029568,,,Limited Participation in Practice,Malik Jackson,
2021,10,CLE,WR,Jarvis Landry,00-0031382,,,Limited Participation in Practice,Jarvis Landry,
2021,10,CLE,C,J.C. Tretter,00-0030076,,,Limited Participation in Practice,J.C. Tretter,
2021,10,CLE,DE,Takkarist McKinley,00-0033540,Out,Groin,Did Not Participate In Practice,Takkarist McKinley,OUT
2021,10,CLE,LB,Jeremiah Owusu-Koramoah,00-0036915,Questionable,Ankle,"
    ",Jeremiah Owusu-Koramoah,QUESTIONABLE
2021,10,CLE,CB,Greedy Williams,00-0035638,Questionable,Shoulder,Limited Participation in Practice,Greedy Williams,QUESTIONABLE
2021,10,DAL,DE,Randy Gregory,00-0032197,,,Did Not Participate In Practice,Randy Gregory,
2021,10,DAL,P,Bryan Anger,00-0029692,,,Full Participation in Practice,Bryan Anger,
2021,10,DAL,DT,Quinton Bohanna,00-0036649,,,Full Participation in Practice,Quinton Bohanna,
2021,10,DAL,RB,Corey Clement,00-0033725,,,Full Participation in Practice,Corey Clement,
2021,10,DAL,RB,Ezekiel Elliott,00-0033045,,,Full Participation in Practice,Ezekiel Elliott,
2021,10,DAL,CB,C.J. Goodwin,00-0031357,,,Full Participation in Practice,C.J. Goodwin,
2021,10,DAL,S,Jayron Kearse,00-0032454,,,Full Participation in Practice,Jayron Kearse,
2021,10,DAL,WR,CeeDee Lamb,00-0036358,,,Full Participation in Practice,CeeDee Lamb,
2021,10,DAL,LS,Jake McQuaide,00-0028394,,,Full Participation in Practice,Jake McQuaide,
2021,10,DAL,WR,Amari Cooper,00-0031544,,,Limited Participation in Practice,Amari Cooper,
2021,10,DAL,T,Tyron Smith,00-0027947,Out,Ankle,Did Not Participate In Practice,Tyron Smith,OUT
2021,10,DAL,QB,Will Grier,00-0035251,Questionable,Knee,Limited Participation in Practice,Will Grier,QUESTIONABLE
2021,10,DAL,WR,Cedrick Wilson,00-0034418,Questionable,Shoulder,Limited Participation in Practice,Cedrick Wilson,QUESTIONABLE
2021,10,DEN,G,Austin Schlottmann,00-0034112,,,Did Not Participate In Practice,Austin Schlottmann,
2021,10,DEN,WR,Kendall Hinton,00-0035864,,,Full Participation in Practice,Kendall Hinton,
2021,10,DEN,DT,Mike Purcell,00-0029890,,,Full Participation in Practice,Mike Purcell,
2021,10,DEN,T,Garett Bolles,00-0033538,Out,Ankle,Did Not Participate In Practice,Garett Bolles,OUT
2021,10,DEN,T,Bobby Massie,00-0029528,Out,Ankle,Did Not Participate In Practice,Bobby Massie,OUT
2021,10,DEN,RB,Mike Boone,00-0034208,Questionable,Hip,Did Not Participate In Practice,Mike Boone,QUESTIONABLE
2021,10,DEN,DE,McTelvin Agim,00-0036420,Questionable,Knee,Limited Participation in Practice,McTelvin Agim,QUESTIONABLE
2021,10,DEN,LB,Baron Browning,00-0036995,Questionable,Back,Limited Participation in Practice,Baron Browning,QUESTIONABLE
2021,10,DEN,DE,Shelby Harris,00-0031270,Questionable,Illness,Limited Participation in Practice,Shelby Harris,QUESTIONABLE
2021,10,DEN,TE,Albert Okwuegbunam,00-0036423,Questionable,Knee,Limited Participation in Practice,Albert Okwuegbunam,QUESTIONABLE
2021,10,DEN,WR,Tim Patrick,00-0033375,Questionable,Knee,Limited Participation in Practice,Tim Patrick,QUESTIONABLE
2021,10,DEN,LB,Malik Reed,00-0034954,Questionable,Hip,Limited Participation in Practice,Malik Reed,QUESTIONABLE
2021,10,DEN,G,Dalton Risner,00-0035702,Questionable,Foot,Limited Participation in Practice,Dalton Risner,QUESTIONABLE
2021,10,DEN,S,Caden Sterns,00-0036633,Questionable,Shoulder,Limited Participation in Practice,Caden Sterns,QUESTIONABLE
2021,10,DEN,CB,Patrick Surtain,00-0036874,Questionable,Knee,Limited Participation in Practice,Patrick Surtain,QUESTIONABLE
2021,10,DET,CB,A.J. Parker,00-0036752,,,Full Participation in Practice,A.J. Parker,
2021,10,DET,DE,Jashon Cornell,00-0036444,,,Limited Participation in Practice,Jashon Cornell,
2021,10,DET,K,Austin Seibert,00-0035145,Out,right Hip,Did Not Participate In Practice,Austin Seibert,OUT
2021,10,DET,RB,Jamaal Williams,00-0033948,Out,Thigh,Did Not Participate In Practice,Jamaal Williams,OUT
2021,10,DET,T,Taylor Decker,00-0032381,Questionable,Finger,Full Participation in Practice,Taylor Decker,QUESTIONABLE
2021,10,DET,LB,Austin Bryant,00-0035531,Questionable,Shoulder,Limited Participation in Practice,Austin Bryant,QUESTIONABLE
2021,10,GB,T,Dennis Kelly,00-0029419,,,Full Participation in Practice,Dennis Kelly,
2021,10,GB,TE,Marcedes Lewis,00-0024243,,,Full Participation in Practice,Marcedes Lewis,
2021,10,GB,DE,Dean Lowry,00-0032412,,,Full Participation in Practice,Dean Lowry,
2021,10,GB,T,David Bakhtiari,00-0030074,Doubtful,Knee,Did Not Participate In Practice,David Bakhtiari,DOUBTFUL
2021,10,GB,TE,Dominique Dafney,00-0036456,Doubtful,Hamstring,Did Not Participate In Practice,Dominique Dafney,DOUBTFUL
2021,10,GB,DE,Kingsley Keke,00-0034984,Doubtful,Concussion,Limited Participation in Practice,Kingsley Keke,DOUBTFUL
2021,10,GB,CB,Eric Stokes,00-0036901,Questionable,Knee,Full Participation in Practice,Eric Stokes,QUESTIONABLE
2021,10,GB,DT,Kenny Clark,00-0033120,Questionable,Back,Limited Participation in Practice,Kenny Clark,QUESTIONABLE
2021,10,GB,WR,Equanimeous St. Brown,00-0034279,Questionable,Ankle,Limited Participation in Practice,Equanimeous St. Brown,QUESTIONABLE
2021,10,IND,TE,Jack Doyle,00-0030181,,,Full Participation in Practice,Jack Doyle,
2021,10,IND,WR,T.Y. Hilton,00-0029608,,,Full Participation in Practice,T.Y. Hilton,
2021,10,IND,LB,Shaquille Leonard,00-0034846,,,Full Participation in Practice,Shaquille Leonard,
2021,10,IND,G,Quenton Nelson,00-0034342,,,Full Participation in Practice,Quenton Nelson,
2021,10,IND,T,Braden Smith,00-0034836,,,Full Participation in Practice,Braden Smith,
2021,10,IND,QB,Carson Wentz,00-0032950,,,Full Participation in Practice,Carson Wentz,
2021,10,IND,CB,Xavier Rhodes,00-0030575,Out,Calf,Did Not Participate In Practice,Xavier Rhodes,OUT
2021,10,IND,DT,DeForest Buckner,00-0032378,Questionable,Back,Did Not Participate In Practice,DeForest Buckner,QUESTIONABLE
2021,10,JAX,CB,Chris Claybrooks,00-0036316,,,Full Participation in Practice,Chris Claybrooks,
2021,10,JAX,DE,Adam Gotsis,00-0033064,,,Full Participation in Practice,Adam Gotsis,
2021,10,JAX,LB,Myles Jack,00-0032968,,,Full Participation in Practice,Myles Jack,
2021,10,JAX,QB,Trevor Lawrence,00-0036971,,,Full Participation in Practice,Trevor Lawrence,
2021,10,JAX,T,Cam Robinson,00-0033889,,,Full Participation in Practice,Cam Robinson,
2021,10,JAX,RB,James Robinson,00-0035831,Questionable,Heel,Limited Participation in Practice,James Robinson,QUESTIONABLE
2021,10,KC,T,Orlando Brown,00-0034752,,,Full Participation in Practice,Orlando Brown,
2021,10,KC,FB,Michael Burton,00-0031595,,,Full Participation in Practice,Michael Burton,
2021,10,KC,DE,Frank Clark,00-0032210,,,Full Participation in Practice,Frank Clark,
2021,10,KC,WR,Tyreek Hill,00-0033040,,,Full Participation in Practice,Tyreek Hill,
2021,10,KC,DT,Chris Jones,00-0032762,,,Full Participation in Practice,Chris Jones,
2021,10,KC,TE,Travis Kelce,00-0030506,,,Full Participation in Practice,Travis Kelce,
2021,10,KC,CB,Chris Lammons,00-0034145,,,Full Participation in Practice,Chris Lammons,
2021,10,KC,DT,Derrick Nnadi,00-0034818,,,Full Participation in Practice,Derrick Nnadi,
2021,10,KC,LB,Dorian O'Daniel,00-0034781,,,Full Participation in Practice,Dorian O'Daniel,
2021,10,KC,DT,Khalen Saunders,00-0035656,,,Full Participation in Practice,Khalen Saunders,
2021,10,KC,G,Joe Thuney,00-0032391,,,Full Participation in Practice,Joe Thuney,
2021,10,KC,S,Armani Watts,00-0034680,,,Full Participation in Practice,Armani Watts,
2021,10,KC,T,Lucas Niang,00-0036367,Out,Ribs,Did Not Participate In Practice,Lucas Niang,OUT
2021,10,KC,T,Mike Remmers,00-0029164,Out,Knee,Did Not Participate In Practice,Mike Remmers,OUT
2021,10,KC,CB,L'Jarius Sneed,00-0036374,Questionable,Ankle,Full Participation in Practice,L'Jarius Sneed,QUESTIONABLE
2021,10,LA,LB,Leonard Floyd,00-0033072,,,Did Not Participate In Practice,Leonard Floyd,
2021,10,LA,RB,Buddy Howell,00-0034449,,,Full Participation in Practice,Buddy Howell,
2021,10,LA,LB,Terrell Lewis,00-0036419,,,Full Participation in Practice,Terrell Lewis,
2021,10,LA,T,Andrew Whitworth,00-0024270,,,Full Participation in Practice,Andrew Whitworth,
2021,10,LA,WR,Robert Woods,00-0030431,Out,Knee,Did Not Participate In Practice,Robert Woods,OUT
2021,10,LA,CB,Donte Deayon,00-0032641,Questionable,Thigh,Did Not Participate In Practice,Donte Deayon,QUESTIONABLE
2021,10,LA,WR,Ben Skowronek,00-0036862,Questionable,Thigh,Did Not Participate In Practice,Ben Skowronek,QUESTIONABLE
2021,10,LA,CB,Darious Williams,00-0034203,Questionable,Ankle,Did Not Participate In Practice,Darious Williams,QUESTIONABLE
2021,10,LA,C,Brian Allen,00-0034804,Questionable,Elbow,Limited Participation in Practice,Brian Allen,QUESTIONABLE
2021,10,LA,LB,Von Miller,00-0027940,Questionable,Ankle,Limited Participation in Practice,Von Miller,QUESTIONABLE
2021,10,LAC,TE,Stephen Anderson,00-0032725,,,Full Participation in Practice,Stephen Anderson,
2021,10,LAC,S,Alohi Gilman,00-0036380,,,Full Participation in Practice,Alohi Gilman,
2021,10,LAC,S,Trey Marshall,00-0034111,,,Full Participation in Practice,Trey Marshall,
2021,10,LAC,CB,Asante Samuel,00-0036617,,,Full Participation in Practice,Asante Samuel,
2021,10,LAC,CB,Ryan Smith,00-0032772,Out,Knee,Did Not Participate In Practice,Ryan Smith,OUT
2021,10,LAC,CB,Michael Davis,00-0033697,Doubtful,Hamstring,Did Not Participate In Practice,Michael Davis,DOUBTFUL
2021,10,LAC,RB,Justin Jackson,00-0034440,Doubtful,Quadricep,Did Not Participate In Practice,Justin Jackson,DOUBTFUL
2021,10,LAC,LB,Joey Bosa,00-0033156,Questionable,Ankle,Did Not Participate In Practice,Joey Bosa,QUESTIONABLE
2021,10,LAC,S,Mark Webb,00-0036665,Questionable,Knee,Did Not Participate In Practice,Mark Webb,QUESTIONABLE
2021,10,LAC,S,Nasir Adderley,00-0035677,Questionable,Ankle,Limited Participation in Practice,Nasir Adderley,QUESTIONABLE
2021,10,LAC,WR,Keenan Allen,00-0030279,Questionable,Knee,Limited Participation in Practice,Keenan Allen,QUESTIONABLE
2021,10,LV,DT,Johnathan Hankins,00-0030063,,,Full Participation in Practice,Johnathan Hankins,
2021,10,LV,RB,Josh Jacobs,00-0035700,,,Full Participation in Practice,Josh Jacobs,
2021,10,LV,WR,Hunter Renfrow,00-0034983,,,Full Participation in Practice,Hunter Renfrow,
2021,10,LV,TE,Darren Waller,00-0031610,,,Full Participation in Practice,Darren Waller,
2021,10,LV,LB,K.J. Wright,00-0028037,,,Full Participation in Practice,K.J. Wright,
2021,10,LV,S,Tyree Gillespie,00-0036853,Out,Hamstring,Did Not Participate In Practice,Tyree Gillespie,OUT
2021,10,LV,LB,Nick Kwiatkoski,00-0032773,Out,Ankle,Did Not Participate In Practice,Nick Kwiatkoski,OUT
2021,10,LV,CB,Keisean Nixon,00-0035133,Doubtful,Ankle,Did Not Participate In Practice,Keisean Nixon,DOUBTFUL
2021,10,LV,CB,Amik Robertson,00-0036375,Doubtful,Hip,Did Not Participate In Practice,Amik Robertson,DOUBTFUL
2021,10,MIA,C,Greg Mancz,00-0031923,,,Did Not Participate In Practice,Greg Mancz,
2021,10,MIA,LB,Jerome Baker,00-0034797,,,Full Participation in Practice,Jerome Baker,
2021,10,MIA,S,Brandon Jones,00-0036221,,,Full Participation in Practice,Brandon Jones,
2021,10,MIA,CB,Elijah Campbell,00-0034248,Questionable,Toe,Limited Participation in Practice,Elijah Campbell,QUESTIONABLE
2021,10,MIA,QB,Tua Tagovailoa,00-0036212,Questionable,left Finger,Limited Participation in Practice,Tua Tagovailoa,QUESTIONABLE
2021,10,MIN,DE,Kenny Willekes,00-0036350,,,Did Not Participate In Practice,Kenny Willekes,
2021,10,MIN,CB,Cameron Dantzler,00-0036330,,,Full Participation in Practice,Cameron Dantzler,
2021,10,MIN,CB,Harrison Hand,00-0036344,,,Full Participation in Practice,Harrison Hand,
2021,10,MIN,LB,Eric Kendricks,00-0031554,,,Full Participation in Practice,Eric Kendricks,
2021,10,MIN,DT,James Lynch,00-0036337,,,Full Participation in Practice,James Lynch,
2021,10,MIN,T,Olisaemeka Udoh,00-0034994,,,Full Participation in Practice,Olisaemeka Udoh,
2021,10,MIN,LB,Anthony Barr,00-0031256,Out,Knee,Did Not Participate In Practice,Anthony Barr,OUT
2021,10,MIN,DT,Michael Pierce,00-0032574,Out,Elbow,Did Not Participate In Practice,Michael Pierce,OUT
2021,10,MIN,CB,Bashaud Breeland,00-0031052,Questionable,Groin,Limited Participation in Practice,Bashaud Breeland,QUESTIONABLE
2021,10,NE,LB,Matt Judon,00-0032415,,,Did Not Participate In Practice,Matt Judon,
2021,10,NE,LB,Jamie Collins,00-0030421,Doubtful,Ankle,Did Not Participate In Practice,Jamie Collins,DOUBTFUL
2021,10,NE,RB,Damien Harris,00-0035657,Questionable,Concussion,Did Not Participate In Practice,Damien Harris,QUESTIONABLE
2021,10,NE,WR,Gunner Olszewski,00-0035645,Questionable,Concussion,Did Not Participate In Practice,Gunner Olszewski,QUESTIONABLE
2021,10,NE,RB,Rhamondre Stevenson,00-0036875,Questionable,Concussion,Did Not Participate In Practice,Rhamondre Stevenson,QUESTIONABLE
2021,10,NE,P,Jake Bailey,00-0035280,Questionable,right Knee,Limited Participation in Practice,Jake Bailey,QUESTIONABLE
2021,10,NE,LB,Ja'Whaun Bentley,00-0034385,Questionable,Ribs,Limited Participation in Practice,Ja'Whaun Bentley,QUESTIONABLE
2021,10,NE,K,Nick Folk,00-0025565,Questionable,left Knee,Limited Participation in Practice,Nick Folk,QUESTIONABLE
2021,10,NE,WR,N'Keal Harry,00-0035624,Questionable,Knee,Limited Participation in Practice,N'Keal Harry,QUESTIONABLE
2021,10,NE,LB,Dont'a Hightower,00-0029669,Questionable,Ankle,Limited Participation in Practice,Dont'a Hightower,QUESTIONABLE
2021,10,NE,G,Shaquille Mason,00-0031580,Questionable,Abdomen,Limited Participation in Practice,Shaquille Mason,QUESTIONABLE
2021,10,NE,CB,Jalen Mills,00-0032803,Questionable,Thigh,Limited Participation in Practice,Jalen Mills,QUESTIONABLE
2021,10,NE,TE,Jonnu Smith,00-0033858,Questionable,Shoulder,Limited Participation in Practice,Jonnu Smith,QUESTIONABLE
2021,10,NE,LB,Kyle Van Noy,00-0031360,Questionable,Groin,Limited Participation in Practice,Kyle Van Noy,QUESTIONABLE
2021,10,NO,DE,Payton Turner,00-0036926,,,Did Not Participate In Practice,Payton Turner,
2021,10,NO,T,Ryan Ramczyk,00-0033888,,,Limited Participation in Practice,Ryan Ramczyk,
2021,10,NO,T,Terron Armstead,00-0030067,Out,Knee,Did Not Participate In Practice,Terron Armstead,OUT
2021,10,NO,S,Chauncey Gardner-Johnson,00-0035253,Out,Foot,Did Not Participate In Practice,Chauncey Gardner-Johnson,OUT
2021,10,NO,RB,Alvin Kamara,00-0033906,Out,Knee,Did Not Participate In Practice,Alvin Kamara,OUT
2021,10,NO,DE,Carl Granderson,00-0035402,Questionable,Shoulder,Limited Participation in Practice,Carl Granderson,QUESTIONABLE
2021,10,NO,WR,Ty Montgomery,00-0032200,Questionable,Hamstring,Limited Participation in Practice,Ty Montgomery,QUESTIONABLE
2021,10,NYJ,T,Chuma Edoga,00-0035698,Doubtful,Knee,Did Not Participate In Practice,Chuma Edoga,DOUBTFUL
2021,10,NYJ,QB,Zach Wilson,00-0037013,Doubtful,Knee,Full Participation in Practice,Zach Wilson,DOUBTFUL
2021,10,NYJ,RB,Tevin Coleman,00-0032058,Questionable,Hamstring,Full Participation in Practice,Tevin Coleman,QUESTIONABLE
2021,10,NYJ,WR,Corey Davis,00-0033871,Questionable,Hip,Full Participation in Practice,Corey Davis,QUESTIONABLE
2021,10,NYJ,DE,Shaq Lawson,00-0033096,Questionable,Hamstring,Full Participation in Practice,Shaq Lawson,QUESTIONABLE
2021,10,NYJ,G,Alijah Vera-Tucker,00-0036979,Questionable,Toe,Full Participation in Practice,Alijah Vera-Tucker,QUESTIONABLE
2021,10,PHI,WR,J.J. Arcega-Whiteside,00-0035246,,,Full Participation in Practice,J.J. Arcega-Whiteside,
2021,10,PHI,DT,Fletcher Cox,00-0029653,,,Full Participation in Practice,Fletcher Cox,
2021,10,PHI,DT,Javon Hargrave,00-0033109,,,Full Participation in Practice,Javon Hargrave,
2021,10,PHI,T,Lane Johnson,00-0030561,,,Full Participation in Practice,Lane Johnson,
2021,10,PHI,C,Jason Kelce,00-0028129,,,Full Participation in Practice,Jason Kelce,
2021,10,PHI,CB,Avonte Maddox,00-0034377,,,Full Participation in Practice,Avonte Maddox,
2021,10,PHI,S,Rodney McLeod,00-0028899,,,Full Participation in Practice,Rodney McLeod,
2021,10,PHI,CB,Darius Slay,00-0030062,,,Full Participation in Practice,Darius Slay,
2021,10,PHI,WR,DeVonta Smith,00-0036912,,,Full Participation in Practice,DeVonta Smith,
2021,10,PHI,T,Andre Dillard,00-0035233,Questionable,Knee,Full Participation in Practice,Andre Dillard,QUESTIONABLE
2021,10,PHI,DE,Josh Sweat,00-0034381,Questionable,Concussion,Full Participation in Practice,Josh Sweat,QUESTIONABLE
2021,10,PIT,DT,Isaiah Buggs,00-0035219,,,Full Participation in Practice,Isaiah Buggs,
2021,10,PIT,TE,Eric Ebron,00-0031387,,,Full Participation in Practice,Eric Ebron,
2021,10,PIT,C,Kendrick Green,00-0036983,,,Full Participation in Practice,Kendrick Green,
2021,10,PIT,RB,Najee Harris,00-0036893,,,Full Participation in Practice,Najee Harris,
2021,10,PIT,DT,Cameron Heyward,00-0027969,,,Full Participation in Practice,Cameron Heyward,
2021,10,PIT,QB,Ben Roethlisberger,00-0022924,,,Full Participation in Practice,Ben Roethlisberger,
2021,10,PIT,LB,Robert Spillane,00-0034720,,,Full Participation in Practice,Robert Spillane,
2021,10,PIT,WR,Chase Claypool,00-0036326,Out,Toe,Did Not Participate In Practice,Chase Claypool,OUT
2021,10,SEA,T,Duane Brown,00-0026166,,,Did Not Participate In Practice,Duane Brown,
2021,10,SEA,LB,Carlos Dunlap,00-0027662,,,Did Not Participate In Practice,Carlos Dunlap,
2021,10,SEA,G,Gabe Jackson,00-0031367,,,Did Not Participate In Practice,Gabe Jackson,
2021,10,SEA,RB,Alex Collins,00-0032426,,,Full Participation in Practice,Alex Collins,
2021,10,SEA,DT,Poona Ford,00-0034234,,,Full Participation in Practice,Poona Ford,
2021,10,SEA,T,Jamarco Jones,00-0034729,,,Full Participation in Practice,Jamarco Jones,
2021,10,SEA,CB,Sidney Jones,00-0033543,,,Full Participation in Practice,Sidney Jones,
2021,10,SEA,CB,D.J. Reed,00-0034384,,,Full Participation in Practice,D.J. Reed,
2021,10,SEA,T,Brandon Shell,00-0032420,,,Full Participation in Practice,Brandon Shell,
2021,10,SEA,WR,DK Metcalf,00-0035640,,,Limited Participation in Practice,DK Metcalf,
2021,10,SEA,CB,Blessuan Austin,00-0035294,Out,Not injury related - personal matter,Did Not Participate In Practice,Blessuan Austin,OUT
2021,10,SEA,LB,Cody Barton,00-0035672,Out,Quadricep,Did Not Participate In Practice,Cody Barton,OUT
2021,10,SEA,S,Marquise Blair,00-0035139,Out,Knee,Did Not Participate In Practice,Marquise Blair,OUT
2021,10,SEA,DT,Al Woods,00-0027723,Questionable,Not injury related - personal matter,Did Not Participate In Practice,Al Woods,QUESTIONABLE
2021,10,SF,DE,Arik Armstead,00-0032164,,,Full Participation in Practice,Arik Armstead,
2021,10,SF,T,Tom Compton,00-0029144,,,Full Participation in Practice,Tom Compton,
2021,10,SF,TE,George Kittle,00-0033288,,,Full Participation in Practice,George Kittle,
2021,10,SF,C,Alex Mack,00-0026997,,,Full Participation in Practice,Alex Mack,
2021,10,SF,RB,Elijah Mitchell,00-0036567,,,Full Participation in Practice,Elijah Mitchell,
2021,10,SF,CB,Emmanuel Moseley,00-0034096,,,Full Participation in Practice,Emmanuel Moseley,
2021,10,SF,T,Trent Williams,00-0027857,,,Full Participation in Practice,Trent Williams,
2021,10,SF,RB,Jamycal Hasty,00-0035806,Out,Ankle,Did Not Participate In Practice,Jamycal Hasty,OUT
2021,10,SF,DT,Maurice Hurst,00-0034746,Out,Calf,Did Not Participate In Practice,Maurice Hurst,OUT
2021,10,SF,CB,Dre Kirkpatrick,00-0029560,Out,Ankle,Did Not Participate In Practice,Dre Kirkpatrick,OUT
2021,10,SF,WR,Mohamed Sanu,00-0029632,Out,Knee,Did Not Participate In Practice,Mohamed Sanu,OUT
2021,10,SF,S,Tavon Wilson,00-0029410,Out,Foot,Did Not Participate In Practice,Tavon Wilson,OUT
2021,10,SF,DE,Arden Key,00-0034825,Questionable,Oblique,Limited Participation in Practice,Arden Key,QUESTIONABLE
2021,10,SF,CB,Josh Norman,00-0029285,Questionable,Rib,Limited Participation in Practice,Josh Norman,QUESTIONABLE
2021,10,SF,S,Jimmie Ward,00-0031298,Questionable,Quadricep,Limited Participation in Practice,Jimmie Ward,QUESTIONABLE
2021,10,TB,DT,Ndamukong Suh,00-0027855,,,Did Not Participate In Practice,Ndamukong Suh,
2021,10,TB,RB,Giovani Bernard,00-0030456,,,Full Participation in Practice,Giovani Bernard,
2021,10,TB,DT,Steve McLendon,00-0026564,,,Full Participation in Practice,Steve McLendon,
2021,10,TB,WR,Antonio Brown,00-0027793,Out,Ankle,Did Not Participate In Practice,Antonio Brown,OUT
2021,10,TB,TE,Rob Gronkowski,00-0027656,Out,Back,Did Not Participate In Practice,Rob Gronkowski,OUT
2021,10,TB,CB,Rashard Robinson,00-0032410,Out,Hamstring,Did Not Participate In Practice,Rashard Robinson,OUT
2021,10,TB,LB,Jason Pierre-Paul,00-0027867,Questionable,Shoulder,Did Not Participate In Practice,Jason Pierre-Paul,QUESTIONABLE
2021,10,TB,CB,Dee Delaney,00-0034515,Questionable,Ankle,Full Participation in Practice,Dee Delaney,QUESTIONABLE
2021,10,TB,WR,Chris Godwin,00-0033921,Questionable,Foot,Limited Participation in Practice,Chris Godwin,QUESTIONABLE
2021,10,TEN,WR,A.J. Brown,00-0035676,,,Did Not Participate In Practice,A.J. Brown,
2021,10,TEN,QB,Ryan Tannehill,00-0029701,,,Did Not Participate In Practice,Ryan Tannehill,
2021,10,TEN,G,Nate Davis,00-0035649,,,Full Participation in Practice,Nate Davis,
2021,10,TEN,LB,Nick Dzubnar,00-0032081,,,Full Participation in Practice,Nick Dzubnar,
2021,10,TEN,T,Kendall Lamm,00-0031921,,,Full Participation in Practice,Kendall Lamm,
2021,10,TEN,T,Taylor Lewan,00-0031442,,,Full Participation in Practice,Taylor Lewan,
2021,10,TEN,FB,Tory Carter,00-0036691,,,Limited Participation in Practice,Tory Carter,
2021,10,TEN,LB,Bud Dupree,00-0032146,,,Limited Participation in Practice,Bud Dupree,
2021,10,TEN,CB,Chris Jackson,00-0036240,,,Limited Participation in Practice,Chris Jackson,
2021,10,TEN,LB,Harold Landry,00-0034828,,,Limited Participation in Practice,Harold Landry,
2021,10,TEN,DT,Jeffery Simmons,00-0035643,,,Limited Participation in Practice,Jeffery Simmons,
2021,10,TEN,S,Dane Cruikshank,00-0034389,Out,Knee,Did Not Participate In Practice,Dane Cruikshank,OUT
2021,10,TEN,LB,David Long,00-0035292,Out,Hamstring,Did Not Participate In Practice,David Long,OUT
2021,10,TEN,CB,Greg Mabin,00-0033430,Out,Ankle,Did Not Participate In Practice,Greg Mabin,OUT
2021,10,TEN,LB,Rashaan Evans,00-0034743,Questionable,Ankle,Did Not Participate In Practice,Rashaan Evans,QUESTIONABLE
2021,10,TEN,WR,Julio Jones,00-0027944,Questionable,Hamstring,Did Not Participate In Practice,Julio Jones,QUESTIONABLE
2021,10,TEN,DT,Teair Tart,00-0036181,Questionable,Groin,Did Not Participate In Practice,Teair Tart,QUESTIONABLE
2021,10,WAS,CB,William Jackson,00-0033107,,,Full Participation in Practice,William Jackson,
2021,10,WAS,RB,Antonio Gibson,00-0036328,,,Limited Participation in Practice,Antonio Gibson,
2021,10,WAS,G,Brandon Scherff,00-0032053,,,Limited Participation in Practice,Brandon Scherff,
2021,10,WAS,WR,Cam Sims,00-0034104,,,Limited Participation in Practice,Cam Sims,
2021,10,WAS,WR,Curtis Samuel,00-0033282,Out,Groin,Did Not Participate In Practice,Curtis Samuel,OUT
2021,10,WAS,CB,Benjamin St-Juste,00-0036625,Out,Illness,Did Not Participate In Practice,Benjamin St-Juste,OUT
2021,10,WAS,DE,Montez Sweat,00-0035647,Out,Jaw,Did Not Participate In Practice,Montez Sweat,OUT
2021,10,WAS,WR,Dyami Brown,00-0036626,Questionable,Knee,Limited Participation in Practice,Dyami Brown,QUESTIONABLE
2021,10,WAS,T,Samuel Cosmi,00-0036618,Questionable,Ankle,Limited Participation in Practice,Samuel Cosmi,QUESTIONABLE
2021,10,WAS,TE,Sammis Reyes,00-0036474,Questionable,Hip,Limited Participation in Practice,Sammis Reyes,QUESTIONABLE
2021,11,ARI,T,Kelvin Beachum,00-0029316,,,Did Not Participate In Practice,Kelvin Beachum,
2021,11,ARI,C,Rodney Hudson,00-0027993,,,Did Not Participate In Practice,Rodney Hudson,
2021,11,ARI,LB,Chandler Jones,00-0029585,,,Did Not Participate In Practice,Chandler Jones,
2021,11,ARI,RB,Eno Benjamin,00-0036383,,,Full Participation in Practice,Eno Benjamin,
2021,11,ARI,TE,Darrell Daniels,00-0033258,,,Full Participation in Practice,Darrell Daniels,
2021,11,ARI,DE,Michael Dogbe,00-0035541,,,Full Participation in Practice,Michael Dogbe,
2021,11,ARI,DE,Jordan Phillips,00-0031557,,,Full Participation in Practice,Jordan Phillips,
2021,11,ARI,WR,DeAndre Hopkins,00-0030564,Out,Hamstring,Did Not Participate In Practice,DeAndre Hopkins,OUT
2021,11,ARI,G,Justin Pugh,00-0030585,Out,Calf,Did Not Participate In Practice,Justin Pugh,OUT
2021,11,ARI,LB,Tanner Vallejo,00-0033580,Out,Knee,Did Not Participate In Practice,Tanner Vallejo,OUT
2021,11,ARI,RB,Jonathan Ward,00-0035924,Out,Concussion,Did Not Participate In Practice,Jonathan Ward,OUT
2021,11,ARI,S,Budda Baker,00-0033890,Questionable,Heel,Did Not Participate In Practice,Budda Baker,QUESTIONABLE
2021,11,ARI,QB,Colt McCoy,00-0027688,Questionable,Pectoral,Full Participation in Practice,Colt McCoy,QUESTIONABLE
2021,11,ARI,C,Max Garcia,00-0032132,Questionable,Achilles,Limited Participation in Practice,Max Garcia,QUESTIONABLE
2021,11,ARI,QB,Kyler Murray,00-0035228,Questionable,Ankle,Limited Participation in Practice,Kyler Murray,QUESTIONABLE
2021,11,ARI,DT,Corey Peters,00-0027686,Questionable,Shoulder,Limited Participation in Practice,Corey Peters,QUESTIONABLE
2021,11,ARI,S,James Wiggins,00-0036889,Questionable,Knee,Limited Participation in Practice,James Wiggins,QUESTIONABLE
2021,11,ATL,DE,Jonathan Bullard,00-0033093,,,Full Participation in Practice,Jonathan Bullard,
2021,11,ATL,TE,Lee Smith,00-0028097,,,Full Participation in Practice,Lee Smith,
2021,11,ATL,LB,Daren Bates,00-0029794,Out,Groin,Did Not Participate In Practice,Daren Bates,OUT
2021,11,ATL,TE,Hayden Hurst,00-0034830,Out,Ankle,Did Not Participate In Practice,Hayden Hurst,OUT
2021,11,ATL,CB,Kendall Sheffield,00-0035255,Out,Hamstring,Did Not Participate In Practice,Kendall Sheffield,OUT
2021,11,ATL,S,Jaylinn Hawkins,00-0036302,Questionable,Ankle,Limited Participation in Practice,Jaylinn Hawkins,QUESTIONABLE
2021,11,ATL,RB,Cordarrelle Patterson,00-0030578,Questionable,Ankle,Limited Participation in Practice,Cordarrelle Patterson,QUESTIONABLE
2021,11,BAL,DE,Calais Campbell,00-0026190,,,Did Not Participate In Practice,Calais Campbell,
2021,11,BAL,LB,Justin Houston,00-0028008,,,Did Not Participate In Practice,Justin Houston,
2021,11,BAL,T,Alejandro Villanueva,00-0030648,,,Did Not Participate In Practice,Alejandro Villanueva,
2021,11,BAL,WR,Rashod Bateman,00-0036550,,,Full Participation in Practice,Rashod Bateman,
2021,11,BAL,C,Bradley Bozeman,00-0034281,,,Full Participation in Practice,Bradley Bozeman,
2021,11,BAL,WR,Miles Boykin,00-0035703,Out,Finger,Did Not Participate In Practice,Miles Boykin,OUT
2021,11,BAL,LB,Pernell McPhee,00-0028103,Out,Knee,Did Not Participate In Practice,Pernell McPhee,OUT
2021,11,BAL,DT,Brandon Williams,00-0030511,Out,Shoulder,Did Not Participate In Practice,Brandon Williams,OUT
2021,11,BAL,CB,Anthony Averett,00-0034265,Questionable,Thigh,Did Not Participate In Practice,Anthony Averett,QUESTIONABLE
2021,11,BAL,T,Cedric Ogbuehi,00-0032233,Questionable,Thigh,Did Not Participate In Practice,Cedric Ogbuehi,QUESTIONABLE
2021,11,BAL,LB,Kristian Welch,00-0036157,Questionable,Foot,Did Not Participate In Practice,Kristian Welch,QUESTIONABLE
2021,11,BAL,TE,Nick Boyle,00-0031598,Questionable,Knee,Full Participation in Practice,Nick Boyle,QUESTIONABLE
2021,11,BAL,QB,Lamar Jackson,00-0034796,Questionable,Illness,Full Participation in Practice,Lamar Jackson,QUESTIONABLE
2021,11,BAL,WR,Marquise Brown,00-0035662,Questionable,Thigh,Limited Participation in Practice,Marquise Brown,QUESTIONABLE
2021,11,BAL,WR,Devin Duvernay,00-0036331,Questionable,Knee,Limited Participation in Practice,Devin Duvernay,QUESTIONABLE
2021,11,BAL,T,Patrick Mekari,00-0035112,Questionable,Ankle,Limited Participation in Practice,Patrick Mekari,QUESTIONABLE
2021,11,BAL,RB,Latavius Murray,00-0030513,Questionable,Ankle,Limited Participation in Practice,Latavius Murray,QUESTIONABLE
2021,11,BAL,CB,Jimmy Smith,00-0027965,Questionable,Hip,Limited Participation in Practice,Jimmy Smith,QUESTIONABLE
2021,11,BAL,CB,Tavon Young,00-0032770,Questionable,Foot,Limited Participation in Practice,Tavon Young,QUESTIONABLE
2021,11,BUF,WR,Stefon Diggs,00-0031588,,,Did Not Participate In Practice,Stefon Diggs,
2021,11,BUF,DE,Jerry Hughes,00-0027881,,,Did Not Participate In Practice,Jerry Hughes,
2021,11,BUF,RB,Taiwan Jones,00-0028063,,,Did Not Participate In Practice,Taiwan Jones,
2021,11,BUF,WR,Emmanuel Sanders,00-0027685,,,Did Not Participate In Practice,Emmanuel Sanders,
2021,11,BUF,WR,Cole Beasley,00-0029000,,,Limited Participation in Practice,Cole Beasley,
2021,11,BUF,LB,Matt Milano,00-0033571,,,Limited Participation in Practice,Matt Milano,
2021,11,BUF,LB,Tremaine Edmunds,00-0034673,Questionable,Hamstring,Limited Participation in Practice,Tremaine Edmunds,QUESTIONABLE
2021,11,CAR,DE,Yetur Gross-Matos,00-0036288,,,Full Participation in Practice,Yetur Gross-Matos,
2021,11,CAR,DE,Marquis Haynes,00-0034382,,,Full Participation in Practice,Marquis Haynes,
2021,11,CAR,LB,Frankie Luvu,00-0034302,,,Full Participation in Practice,Frankie Luvu,
2021,11,CAR,CB,Rashaan Melvin,00-0029901,,,Full Participation in Practice,Rashaan Melvin,
2021,11,CAR,CB,Stantley Thomas-Oliver,00-0036315,Questionable,Toe,Limited Participation in Practice,Stantley Thomas-Oliver,QUESTIONABLE
2021,11,CHI,LB,Khalil Mack,00-0031040,,,Did Not Participate In Practice,Khalil Mack,
2021,11,CHI,LB,Danny Trevathan,00-0029577,,,Did Not Participate In Practice,Danny Trevathan,
2021,11,CHI,TE,Jimmy Graham,00-0027696,,,Full Participation in Practice,Jimmy Graham,
2021,11,CHI,TE,J.P. Holtz,00-0032986,,,Full Participation in Practice,J.P. Holtz,
2021,11,CHI,LB,Alec Ogletree,00-0030527,,,Full Participation in Practice,Alec Ogletree,
2021,11,CHI,K,Cairo Santos,00-0031203,,,Full Participation in Practice,Cairo Santos,
2021,11,CHI,WR,Darnell Mooney,00-0036309,,,Limited Participation in Practice,Darnell Mooney,
2021,11,CHI,DT,Akiem Hicks,00-0029657,Out,Ankle,Did Not Participate In Practice,Akiem Hicks,OUT
2021,11,CHI,WR,Allen Robinson,00-0031428,Doubtful,Hamstring,Did Not Participate In Practice,Allen Robinson,DOUBTFUL
2021,11,CHI,RB,Damien Williams,00-0030874,Doubtful,Calf,Full Participation in Practice,Damien Williams,DOUBTFUL
2021,11,CHI,S,Eddie Jackson,00-0033784,Questionable,Hamstring,Limited Participation in Practice,Eddie Jackson,QUESTIONABLE
2021,11,CHI,T,Elijah Wilkinson,00-0033676,Questionable,Back,Limited Participation in Practice,Elijah Wilkinson,QUESTIONABLE
2021,11,CIN,LB,Markus Bailey,00-0036314,,,Full Participation in Practice,Markus Bailey,
2021,11,CIN,C,Trey Hopkins,00-0030781,,,Full Participation in Practice,Trey Hopkins,
2021,11,CIN,DT,Tyler Shelvin,00-0036851,Questionable,Knee,Full Participation in Practice,Tyler Shelvin,QUESTIONABLE
2021,11,CIN,WR,Auden Tate,00-0034686,Questionable,Thigh,Full Participation in Practice,Auden Tate,QUESTIONABLE
2021,11,CLE,C,J.C. Tretter,00-0030076,,,Did Not Participate In Practice,J.C. Tretter,
2021,11,CLE,DE,Myles Garrett,00-0033868,,,Full Participation in Practice,Myles Garrett,
2021,11,CLE,G,Blake Hance,00-0035355,,,Full Participation in Practice,Blake Hance,
2021,11,CLE,TE,Austin Hooper,00-0032392,,,Full Participation in Practice,Austin Hooper,
2021,11,CLE,QB,Baker Mayfield,00-0034855,,,Full Participation in Practice,Baker Mayfield,
2021,11,CLE,CB,Greedy Williams,00-0035638,,,Full Participation in Practice,Greedy Williams,
2021,11,CLE,DE,Jadeveon Clowney,00-0031364,,,Limited Participation in Practice,Jadeveon Clowney,
2021,11,CLE,S,Ronnie Harrison,00-0034779,,,Limited Participation in Practice,Ronnie Harrison,
2021,11,CLE,DT,Malik Jackson,00-0029568,,,Limited Participation in Practice,Malik Jackson,
2021,11,CLE,WR,Jarvis Landry,00-0031382,,,Limited Participation in Practice,Jarvis Landry,
2021,11,CLE,CB,A.J. Green,00-0036114,Out,Concussion,Did Not Participate In Practice,A.J. Green,OUT
2021,11,CLE,CB,Troy Hill,00-0031785,Out,Neck,Did Not Participate In Practice,Troy Hill,OUT
2021,11,CLE,WR,Anthony Schwartz,00-0036999,Out,Concussion,Did Not Participate In Practice,Anthony Schwartz,OUT
2021,11,CLE,DE,Takkarist McKinley,00-0033540,Questionable,Groin,Limited Participation in Practice,Takkarist McKinley,QUESTIONABLE
2021,11,CLE,WR,Donovan Peoples-Jones,00-0036233,Questionable,Groin,Limited Participation in Practice,Donovan Peoples-Jones,QUESTIONABLE
2021,11,DAL,WR,Amari Cooper,00-0031544,,,Full Participation in Practice,Amari Cooper,
2021,11,DAL,RB,Ezekiel Elliott,00-0033045,,,Full Participation in Practice,Ezekiel Elliott,
2021,11,DAL,QB,Will Grier,00-0035251,,,Full Participation in Practice,Will Grier,
2021,11,DAL,WR,CeeDee Lamb,00-0036358,,,Full Participation in Practice,CeeDee Lamb,
2021,11,DAL,WR,Cedrick Wilson,00-0034418,,,Full Participation in Practice,Cedrick Wilson,
2021,11,DAL,K,Greg Zuerlein,00-0029621,,,Full Participation in Practice,Greg Zuerlein,
2021,11,DAL,CB,Kelvin Joseph,00-0036935,Questionable,Not injury related - personal matter,Did Not Participate In Practice,Kelvin Joseph,QUESTIONABLE
2021,11,DAL,T,Tyron Smith,00-0027947,Questionable,Ankle,Limited Participation in Practice,Tyron Smith,QUESTIONABLE
2021,11,DAL,CB,Nahshon Wright,00-0036986,Questionable,Hamstring,Limited Participation in Practice,Nahshon Wright,QUESTIONABLE
2021,11,DET,LB,Austin Bryant,00-0035531,,,Full Participation in Practice,Austin Bryant,
2021,11,DET,CB,Mark Gilbert,00-0036530,,,Full Participation in Practice,Mark Gilbert,
2021,11,DET,CB,Jerry Jacobs,00-0036748,,,Full Participation in Practice,Jerry Jacobs,
2021,11,DET,RB,D'Andre Swift,00-0036275,,,Full Participation in Practice,D'Andre Swift,
2021,11,DET,LB,Trey Flowers,00-0031566,Out,Knee,Did Not Participate In Practice,Trey Flowers,OUT
2021,11,DET,RB,Jermar Jefferson,00-0036670,Out,Knee,Did Not Participate In Practice,Jermar Jefferson,OUT
2021,11,DET,T,Matt Nelson,00-0035328,Out,Ankle,Did Not Participate In Practice,Matt Nelson,OUT
2021,11,DET,QB,Jared Goff,00-0033106,Doubtful,Oblique,Did Not Participate In Practice,Jared Goff,DOUBTFUL
2021,11,DET,S,Tracy Walker,00-0034745,Questionable,Concussion,Full Participation in Practice,Tracy Walker,QUESTIONABLE
2021,11,DET,WR,Trinity Benson,00-0034930,Questionable,Knee,Limited Participation in Practice,Trinity Benson,QUESTIONABLE
2021,11,DET,T,Taylor Decker,00-0032381,Questionable,Elbow,Limited Participation in Practice,Taylor Decker,QUESTIONABLE
2021,11,DET,RB,Jamaal Williams,00-0033948,Questionable,Thigh,Limited Participation in Practice,Jamaal Williams,QUESTIONABLE
2021,11,GB,WR,Davante Adams,00-0031381,,,Full Participation in Practice,Davante Adams,
2021,11,GB,TE,Dominique Dafney,00-0036456,,,Full Participation in Practice,Dominique Dafney,
2021,11,GB,TE,Marcedes Lewis,00-0024243,,,Full Participation in Practice,Marcedes Lewis,
2021,11,GB,WR,Equanimeous St. Brown,00-0034279,,,Full Participation in Practice,Equanimeous St. Brown,
2021,11,GB,CB,Eric Stokes,00-0036901,,,Full Participation in Practice,Eric Stokes,
2021,11,GB,CB,Kevin King,00-0033524,,,Limited Participation in Practice,Kevin King,
2021,11,GB,QB,Aaron Rodgers,00-0023459,,,Limited Participation in Practice,Aaron Rodgers,
2021,11,GB,S,Darnell Savage,00-0034968,,,Limited Participation in Practice,Darnell Savage,
2021,11,GB,WR,Marquez Valdes-Scantling,00-0034272,,,Limited Participation in Practice,Marquez Valdes-Scantling,
2021,11,GB,T,David Bakhtiari,00-0030074,Out,Knee,Did Not Participate In Practice,David Bakhtiari,OUT
2021,11,GB,RB,Aaron Jones,00-0033293,Out,Knee,Did Not Participate In Practice,Aaron Jones,OUT
2021,11,GB,WR,Malik Taylor,00-0035480,Out,Abdomen,Did Not Participate In Practice,Malik Taylor,OUT
2021,11,GB,WR,Allen Lazard,00-0034521,Doubtful,Shoulder,Did Not Participate In Practice,Allen Lazard,DOUBTFUL
2021,11,GB,DE,Kingsley Keke,00-0034984,Questionable,Concussion,Full Participation in Practice,Kingsley Keke,QUESTIONABLE
2021,11,GB,LB,Rashan Gary,00-0034967,Questionable,Elbow,Limited Participation in Practice,Rashan Gary,QUESTIONABLE
2021,11,HOU,TE,Pharaoh Brown,00-0033439,,,Full Participation in Practice,Pharaoh Brown,
2021,11,HOU,WR,Danny Amendola,00-0026035,,,Limited Participation in Practice,Danny Amendola,
2021,11,HOU,RB,Rex Burkhead,00-0030288,,,Limited Participation in Practice,Rex Burkhead,
2021,11,HOU,WR,Brandin Cooks,00-0031236,,,Limited Participation in Practice,Brandin Cooks,
2021,11,HOU,LB,Hardy Nickerson,00-0033344,Out,Concussion,Did Not Participate In Practice,Hardy Nickerson,OUT
2021,11,HOU,QB,Deshaun Watson,00-0033537,Out,Not injury related - personal matter,Did Not Participate In Practice,Deshaun Watson,OUT
2021,11,HOU,CB,Cre'von LeBlanc,00-0032581,Questionable,Illness,Did Not Participate In Practice,Cre'von LeBlanc,QUESTIONABLE
2021,11,HOU,DE,Jonathan Greenard,00-0036224,Questionable,Foot,Limited Participation in Practice,Jonathan Greenard,QUESTIONABLE
2021,11,IND,DT,DeForest Buckner,00-0032378,,,Full Participation in Practice,DeForest Buckner,
2021,11,IND,CB,T.J. Carrie,00-0031269,,,Full Participation in Practice,T.J. Carrie,
2021,11,IND,CB,Anthony Chesley,00-0035393,,,Full Participation in Practice,Anthony Chesley,
2021,11,IND,TE,Jack Doyle,00-0030181,,,Full Participation in Practice,Jack Doyle,
2021,11,IND,T,Eric Fisher,00-0030584,,,Full Participation in Practice,Eric Fisher,
2021,11,IND,G,Quenton Nelson,00-0034342,,,Full Participation in Practice,Quenton Nelson,
2021,11,IND,DE,Dayo Odeyingbo,00-0036480,,,Full Participation in Practice,Dayo Odeyingbo,
2021,11,IND,CB,Xavier Rhodes,00-0030575,,,Full Participation in Practice,Xavier Rhodes,
2021,11,IND,T,Braden Smith,00-0034836,,,Full Participation in Practice,Braden Smith,
2021,11,IND,LB,E.J. Speed,00-0034987,,,Full Participation in Practice,E.J. Speed,
2021,11,IND,LB,Shaquille Leonard,00-0034846,Questionable,Ankle,Limited Participation in Practice,Shaquille Leonard,QUESTIONABLE
2021,11,JAX,P,Logan Cooke,00-0034437,,,Full Participation in Practice,Logan Cooke,
2021,11,JAX,RB,Carlos Hyde,00-0031045,,,Full Participation in Practice,Carlos Hyde,
2021,11,JAX,LB,Myles Jack,00-0032968,,,Full Participation in Practice,Myles Jack,
2021,11,JAX,S,Rayshawn Jenkins,00-0033941,,,Full Participation in Practice,Rayshawn Jenkins,
2021,11,JAX,LB,Jordan Smith,00-0036868,,,Full Participation in Practice,Jordan Smith,
2021,11,JAX,DT,Malcom Brown,00-0032261,,,Limited Participation in Practice,Malcom Brown,
2021,11,JAX,LB,Dakota Allen,00-0035670,Out,Shoulder,Limited Participation in Practice,Dakota Allen,OUT
2021,11,JAX,RB,James Robinson,00-0035831,Questionable,Heel,Limited Participation in Practice,James Robinson,QUESTIONABLE
2021,11,KC,T,Orlando Brown,00-0034752,,,Full Participation in Practice,Orlando Brown,
2021,11,KC,FB,Michael Burton,00-0031595,,,Full Participation in Practice,Michael Burton,
2021,11,KC,WR,Tyreek Hill,00-0033040,,,Full Participation in Practice,Tyreek Hill,
2021,11,KC,CB,Mike Hughes,00-0034843,,,Full Participation in Practice,Mike Hughes,
2021,11,KC,TE,Travis Kelce,00-0030506,,,Full Participation in Practice,Travis Kelce,
2021,11,KC,DT,Derrick Nnadi,00-0034818,,,Full Participation in Practice,Derrick Nnadi,
2021,11,KC,LB,Dorian O'Daniel,00-0034781,,,Full Participation in Practice,Dorian O'Daniel,
2021,11,KC,G,Trey Smith,00-0036660,,,Full Participation in Practice,Trey Smith,
2021,11,KC,G,Joe Thuney,00-0032391,,,Full Participation in Practice,Joe Thuney,
2021,11,KC,T,Lucas Niang,00-0036367,Out,Ribs,Did Not Participate In Practice,Lucas Niang,OUT
2021,11,KC,RB,Clyde Edwards-Helaire,00-0036360,Questionable,Knee,"
    ",Clyde Edwards-Helaire,QUESTIONABLE
2021,11,KC,S,Armani Watts,00-0034680,Questionable,Illness,Did Not Participate In Practice,Armani Watts,QUESTIONABLE
2021,11,KC,CB,L'Jarius Sneed,00-0036374,Questionable,Knee,Limited Participation in Practice,L'Jarius Sneed,QUESTIONABLE
2021,11,LAC,S,Nasir Adderley,00-0035677,,,Full Participation in Practice,Nasir Adderley,
2021,11,LAC,WR,Keenan Allen,00-0030279,,,Full Participation in Practice,Keenan Allen,
2021,11,LAC,TE,Stephen Anderson,00-0032725,,,Full Participation in Practice,Stephen Anderson,
2021,11,LAC,CB,Michael Davis,00-0033697,,,Full Participation in Practice,Michael Davis,
2021,11,LAC,QB,Justin Herbert,00-0036355,,,Full Participation in Practice,Justin Herbert,
2021,11,LAC,DT,Justin Jones,00-0034677,,,Full Participation in Practice,Justin Jones,
2021,11,LAC,LB,Chris Rumph,00-0036867,,,Full Participation in Practice,Chris Rumph,
2021,11,LAC,S,Alohi Gilman,00-0036380,Doubtful,Quadricep,Did Not Participate In Practice,Alohi Gilman,DOUBTFUL
2021,11,LAC,DT,Linval Joseph,00-0027885,Doubtful,Shoulder,Did Not Participate In Practice,Linval Joseph,DOUBTFUL
2021,11,LAC,S,Mark Webb,00-0036665,Doubtful,Knee,Did Not Participate In Practice,Mark Webb,DOUBTFUL
2021,11,LAC,RB,Justin Jackson,00-0034440,Questionable,Quadricep,Full Participation in Practice,Justin Jackson,QUESTIONABLE
2021,11,LAC,S,Trey Marshall,00-0034111,Questionable,Ankle,Limited Participation in Practice,Trey Marshall,QUESTIONABLE
2021,11,LV,DE,Yannick Ngakoue,00-0033123,,,Full Participation in Practice,Yannick Ngakoue,
2021,11,LV,CB,Amik Robertson,00-0036375,,,Full Participation in Practice,Amik Robertson,
2021,11,LV,WR,Dillon Stoner,00-0036526,,,Full Participation in Practice,Dillon Stoner,
2021,11,LV,RB,Josh Jacobs,00-0035700,,,Limited Participation in Practice,Josh Jacobs,
2021,11,LV,FB,Alec Ingold,00-0035125,Out,Knee,Did Not Participate In Practice,Alec Ingold,OUT
2021,11,LV,LB,Nick Kwiatkoski,00-0032773,Out,Ankle,Did Not Participate In Practice,Nick Kwiatkoski,OUT
2021,11,LV,CB,Keisean Nixon,00-0035133,Out,Ankle,Did Not Participate In Practice,Keisean Nixon,OUT
2021,11,LV,CB,Brandon Facyson,00-0034545,Questionable,Finger,Limited Participation in Practice,Brandon Facyson,QUESTIONABLE
2021,11,LV,RB,Jalen Richard,00-0033025,Questionable,Ribs,Limited Participation in Practice,Jalen Richard,QUESTIONABLE
2021,11,MIA,LB,Jerome Baker,00-0034797,,,Full Participation in Practice,Jerome Baker,
2021,11,MIA,QB,Jacoby Brissett,00-0033119,,,Full Participation in Practice,Jacoby Brissett,
2021,11,MIA,CB,Elijah Campbell,00-0034248,,,Full Participation in Practice,Elijah Campbell,
2021,11,MIA,S,Brandon Jones,00-0036221,,,Full Participation in Practice,Brandon Jones,
2021,11,MIA,G,Robert Jones,00-0036596,,,Full Participation in Practice,Robert Jones,
2021,11,MIA,TE,Adam Shaheen,00-0033896,,,Full Participation in Practice,Adam Shaheen,
2021,11,MIA,QB,Tua Tagovailoa,00-0036212,,,Full Participation in Practice,Tua Tagovailoa,
2021,11,MIA,LB,Andrew Van Ginkel,00-0035272,Questionable,Back,Limited Participation in Practice,Andrew Van Ginkel,QUESTIONABLE
2021,11,MIA,DT,Christian Wilkins,00-0035231,Questionable,Quadricep,Limited Participation in Practice,Christian Wilkins,QUESTIONABLE
2021,11,MIN,CB,Mackensie Alexander,00-0032389,,,Did Not Participate In Practice,Mackensie Alexander,
2021,11,MIN,TE,Christopher Herndon,00-0034766,,,Did Not Participate In Practice,Christopher Herndon,
2021,11,MIN,T,Brian O'Neill,00-0034158,,,Did Not Participate In Practice,Brian O'Neill,
2021,11,MIN,DE,D.J. Wonnum,00-0036335,,,Did Not Participate In Practice,D.J. Wonnum,
2021,11,MIN,LB,Ryan Connelly,00-0035533,,,Full Participation in Practice,Ryan Connelly,
2021,11,MIN,LB,Blake Lynch,00-0035984,,,Full Participation in Practice,Blake Lynch,
2021,11,MIN,WR,Adam Thielen,00-0030035,,,Full Participation in Practice,Adam Thielen,
2021,11,MIN,LB,Anthony Barr,00-0031256,,,Limited Participation in Practice,Anthony Barr,
2021,11,MIN,C,Garrett Bradbury,00-0035588,,,Limited Participation in Practice,Garrett Bradbury,
2021,11,MIN,S,Harrison Smith,00-0029606,,,Limited Participation in Practice,Harrison Smith,
2021,11,MIN,G,Wyatt Davis,00-0037006,Out,Ankle,Did Not Participate In Practice,Wyatt Davis,OUT
2021,11,MIN,CB,Bashaud Breeland,00-0031052,Questionable,Groin,Limited Participation in Practice,Bashaud Breeland,QUESTIONABLE
2021,11,NE,RB,Damien Harris,00-0035657,,,Limited Participation in Practice,Damien Harris,
2021,11,NE,WR,Gunner Olszewski,00-0035645,,,Limited Participation in Practice,Gunner Olszewski,
2021,11,NE,LB,Josh Uche,00-0036159,,,Limited Participation in Practice,Josh Uche,
2021,11,NE,P,Jake Bailey,00-0035280,Questionable,right Knee,Limited Participation in Practice,Jake Bailey,QUESTIONABLE
2021,11,NE,LB,Ja'Whaun Bentley,00-0034385,Questionable,Ribs,Limited Participation in Practice,Ja'Whaun Bentley,QUESTIONABLE
2021,11,NE,RB,Brandon Bolden,00-0029239,Questionable,Hip,Limited Participation in Practice,Brandon Bolden,QUESTIONABLE
2021,11,NE,T,Trenton Brown,00-0032071,Questionable,Calf,Limited Participation in Practice,Trenton Brown,QUESTIONABLE
2021,11,NE,S,Kyle Dugger,00-0036231,Questionable,Ankle,Limited Participation in Practice,Kyle Dugger,QUESTIONABLE
2021,11,NE,K,Nick Folk,00-0025565,Questionable,left Knee,Limited Participation in Practice,Nick Folk,QUESTIONABLE
2021,11,NE,WR,N'Keal Harry,00-0035624,Questionable,Knee,Limited Participation in Practice,N'Keal Harry,QUESTIONABLE
2021,11,NE,LB,Dont'a Hightower,00-0029669,Questionable,Ankle,Limited Participation in Practice,Dont'a Hightower,QUESTIONABLE
2021,11,NE,G,Shaquille Mason,00-0031580,Questionable,Abdomen,Limited Participation in Practice,Shaquille Mason,QUESTIONABLE
2021,11,NE,CB,Jalen Mills,00-0032803,Questionable,Forearm,Limited Participation in Practice,Jalen Mills,QUESTIONABLE
2021,11,NE,TE,Jonnu Smith,00-0033858,Questionable,Shoulder,Limited Participation in Practice,Jonnu Smith,QUESTIONABLE
2021,11,NE,LB,Kyle Van Noy,00-0031360,Questionable,Groin,Limited Participation in Practice,Kyle Van Noy,QUESTIONABLE
2021,11,NE,DE,Deatrich Wise,00-0033947,Questionable,Illness,Limited Participation in Practice,Deatrich Wise,QUESTIONABLE
2021,11,NO,T,Terron Armstead,00-0030067,Out,Knee,Did Not Participate In Practice,Terron Armstead,OUT
2021,11,NO,RB,Alvin Kamara,00-0033906,Out,Knee,Did Not Participate In Practice,Alvin Kamara,OUT
2021,11,NO,DE,Tanoh Kpassagnon,00-0033902,Out,Ankle,Did Not Participate In Practice,Tanoh Kpassagnon,OUT
2021,11,NO,WR,Ty Montgomery,00-0032200,Out,Hand,Did Not Participate In Practice,Ty Montgomery,OUT
2021,11,NO,T,Ryan Ramczyk,00-0033888,Out,Knee,Did Not Participate In Practice,Ryan Ramczyk,OUT
2021,11,NO,DT,Malcolm Roach,00-0035763,Out,Knee,Did Not Participate In Practice,Malcolm Roach,OUT
2021,11,NO,QB,Taysom Hill,00-0033357,Questionable,Foot,Limited Participation in Practice,Taysom Hill,QUESTIONABLE
2021,11,NYG,LB,Lorenzo Carter,00-0034360,Out,Illness,Did Not Participate In Practice,Lorenzo Carter,OUT
2021,11,NYG,S,Nate Ebner,00-0029570,Out,Knee,Did Not Participate In Practice,Nate Ebner,OUT
2021,11,NYG,S,Logan Ryan,00-0030411,Out,COVID Protocols,Did Not Participate In Practice,Logan Ryan,OUT
2021,11,NYG,WR,Sterling Shepard,00-0032385,Out,Quadricep,Did Not Participate In Practice,Sterling Shepard,OUT
2021,11,NYG,RB,Saquon Barkley,00-0034844,Questionable,Ankle,Limited Participation in Practice,Saquon Barkley,QUESTIONABLE
2021,11,NYG,RB,Devontae Booker,00-0032972,Questionable,Hip,Limited Participation in Practice,Devontae Booker,QUESTIONABLE
2021,11,NYG,FB,Cullen Gillaspia,00-0035304,Questionable,Calf,Limited Participation in Practice,Cullen Gillaspia,QUESTIONABLE
2021,11,NYG,TE,Kaden Smith,00-0034988,Questionable,Knee,Limited Participation in Practice,Kaden Smith,QUESTIONABLE
2021,11,NYJ,DE,Shaq Lawson,00-0033096,,,Did Not Participate In Practice,Shaq Lawson,
2021,11,NYJ,QB,Zach Wilson,00-0037013,Doubtful,Knee,Limited Participation in Practice,Zach Wilson,DOUBTFUL
2021,11,NYJ,DT,Nathan Shepherd,00-0034760,Questionable,Knee,Limited Participation in Practice,Nathan Shepherd,QUESTIONABLE
2021,11,NYJ,G,Alijah Vera-Tucker,00-0036979,Questionable,Toe,Limited Participation in Practice,Alijah Vera-Tucker,QUESTIONABLE
2021,11,PHI,LB,Shaun Bradley,00-0036401,,,Full Participation in Practice,Shaun Bradley,
2021,11,PHI,DT,Fletcher Cox,00-0029653,,,Full Participation in Practice,Fletcher Cox,
2021,11,PHI,TE,Dallas Goedert,00-0034351,,,Full Participation in Practice,Dallas Goedert,
2021,11,PHI,DT,Javon Hargrave,00-0033109,,,Full Participation in Practice,Javon Hargrave,
2021,11,PHI,RB,Jordan Howard,00-0032780,,,Full Participation in Practice,Jordan Howard,
2021,11,PHI,T,Lane Johnson,00-0030561,,,Full Participation in Practice,Lane Johnson,
2021,11,PHI,C,Jason Kelce,00-0028129,,,Full Participation in Practice,Jason Kelce,
2021,11,PHI,S,Rodney McLeod,00-0028899,,,Full Participation in Practice,Rodney McLeod,
2021,11,PHI,WR,DeVonta Smith,00-0036912,,,Full Participation in Practice,DeVonta Smith,
2021,11,PHI,G,Jack Anderson,00-0036577,Out,Hamstring,Did Not Participate In Practice,Jack Anderson,OUT
2021,11,PHI,DE,Derek Barnett,00-0033876,Questionable,Neck,Did Not Participate In Practice,Derek Barnett,QUESTIONABLE
2021,11,PHI,LB,Davion Taylor,00-0036393,Questionable,Knee,Full Participation in Practice,Davion Taylor,QUESTIONABLE
2021,11,PIT,WR,Chase Claypool,00-0036326,,,Full Participation in Practice,Chase Claypool,
2021,11,PIT,DT,Cameron Heyward,00-0027969,,,Full Participation in Practice,Cameron Heyward,
2021,11,PIT,G,Trai Turner,00-0031362,,,Full Participation in Practice,Trai Turner,
2021,11,PIT,G,Kevin Dotson,00-0036339,Out,Ankle,Did Not Participate In Practice,Kevin Dotson,OUT
2021,11,PIT,CB,Joe Haden,00-0027860,Out,Foot,Did Not Participate In Practice,Joe Haden,OUT
2021,11,PIT,DE,Isaiahh Loudermilk,00-0036843,Out,Groin,Did Not Participate In Practice,Isaiahh Loudermilk,OUT
2021,11,PIT,LB,T.J. Watt,00-0033886,Out,Hip,Did Not Participate In Practice,T.J. Watt,OUT
2021,11,SEA,LB,Carlos Dunlap,00-0027662,,,Did Not Participate In Practice,Carlos Dunlap,
2021,11,SEA,G,Gabe Jackson,00-0031367,,,Did Not Participate In Practice,Gabe Jackson,
2021,11,SEA,RB,Alex Collins,00-0032426,,,Full Participation in Practice,Alex Collins,
2021,11,SEA,TE,Gerald Everett,00-0033895,,,Full Participation in Practice,Gerald Everett,
2021,11,SEA,DT,Poona Ford,00-0034234,,,Full Participation in Practice,Poona Ford,
2021,11,SEA,G,Damien Lewis,00-0036417,,,Full Participation in Practice,Damien Lewis,
2021,11,SEA,S,Ryan Neal,00-0034527,,,Full Participation in Practice,Ryan Neal,
2021,11,SEA,T,Brandon Shell,00-0032420,,,Full Participation in Practice,Brandon Shell,
2021,11,SEA,DE,Darrell Taylor,00-0036413,,,Full Participation in Practice,Darrell Taylor,
2021,11,SEA,QB,Russell Wilson,00-0029263,,,Full Participation in Practice,Russell Wilson,
2021,11,SEA,T,Duane Brown,00-0026166,,,Limited Participation in Practice,Duane Brown,
2021,11,SEA,WR,DK Metcalf,00-0035640,,,Limited Participation in Practice,DK Metcalf,
2021,11,SEA,S,Jamal Adams,00-0033872,Questionable,Groin,Did Not Participate In Practice,Jamal Adams,QUESTIONABLE
2021,11,SEA,T,Jamarco Jones,00-0034729,Questionable,Back,Did Not Participate In Practice,Jamarco Jones,QUESTIONABLE
2021,11,SEA,CB,D.J. Reed,00-0034384,Questionable,Groin,Did Not Participate In Practice,D.J. Reed,QUESTIONABLE
2021,11,SEA,LB,Cody Barton,00-0035672,Questionable,Quadricep,Limited Participation in Practice,Cody Barton,QUESTIONABLE
2021,11,SEA,DE,Kerry Hyder,00-0030946,Questionable,Calf,Limited Participation in Practice,Kerry Hyder,QUESTIONABLE
2021,11,SF,T,Jaylon Moore,00-0036557,,,Full Participation in Practice,Jaylon Moore,
2021,11,SF,CB,Josh Norman,00-0029285,,,Full Participation in Practice,Josh Norman,
2021,11,SF,WR,Deebo Samuel,00-0035719,,,Full Participation in Practice,Deebo Samuel,
2021,11,SF,T,Trent Williams,00-0027857,,,Full Participation in Practice,Trent Williams,
2021,11,SF,RB,Jamycal Hasty,00-0035806,Out,Ankle,Did Not Participate In Practice,Jamycal Hasty,OUT
2021,11,SF,DT,Maurice Hurst,00-0034746,Out,Calf,Did Not Participate In Practice,Maurice Hurst,OUT
2021,11,SF,RB,Elijah Mitchell,00-0036567,Doubtful,Rib,Did Not Participate In Practice,Elijah Mitchell,DOUBTFUL
2021,11,TB,LB,Jason Pierre-Paul,00-0027867,,,Did Not Participate In Practice,Jason Pierre-Paul,
2021,11,TB,DT,Ndamukong Suh,00-0027855,,,Did Not Participate In Practice,Ndamukong Suh,
2021,11,TB,QB,Tom Brady,00-0019596,,,Full Participation in Practice,Tom Brady,
2021,11,TB,WR,Chris Godwin,00-0033921,,,Full Participation in Practice,Chris Godwin,
2021,11,TB,DT,Steve McLendon,00-0026564,,,Full Participation in Practice,Steve McLendon,
2021,11,TB,WR,Antonio Brown,00-0027793,Out,Ankle,Did Not Participate In Practice,Antonio Brown,OUT
2021,11,TB,DT,Vita Vea,00-0034773,Doubtful,Knee,Did Not Participate In Practice,Vita Vea,DOUBTFUL
2021,11,TB,TE,Rob Gronkowski,00-0027656,Questionable,Back,Did Not Participate In Practice,Rob Gronkowski,QUESTIONABLE
2021,11,TB,CB,Dee Delaney,00-0034515,Questionable,Ankle,Full Participation in Practice,Dee Delaney,QUESTIONABLE
2021,11,TB,DT,Rakeem Nunez-Roches,00-0031957,Questionable,Ankle,Limited Participation in Practice,Rakeem Nunez-Roches,QUESTIONABLE
2021,11,TEN,WR,A.J. Brown,00-0035676,,,Did Not Participate In Practice,A.J. Brown,
2021,11,TEN,C,Aaron Brewer,00-0036171,,,Full Participation in Practice,Aaron Brewer,
2021,11,TEN,FB,Tory Carter,00-0036691,,,Full Participation in Practice,Tory Carter,
2021,11,TEN,DT,Kyle Peko,00-0032463,,,Full Participation in Practice,Kyle Peko,
2021,11,TEN,CB,Chris Jackson,00-0036240,,,Limited Participation in Practice,Chris Jackson,
2021,11,TEN,LB,Harold Landry,00-0034828,,,Limited Participation in Practice,Harold Landry,
2021,11,TEN,DT,Jeffery Simmons,00-0035643,,,Limited Participation in Practice,Jeffery Simmons,
2021,11,TEN,DT,Teair Tart,00-0036181,,,Limited Participation in Practice,Teair Tart,
2021,11,TEN,G,Nate Davis,00-0035649,Out,Concussion,Did Not Participate In Practice,Nate Davis,OUT
2021,11,TEN,LB,Bud Dupree,00-0032146,Out,Abdomen,Did Not Participate In Practice,Bud Dupree,OUT
2021,11,TEN,LB,Rashaan Evans,00-0034743,Out,Ankle,Did Not Participate In Practice,Rashaan Evans,OUT
2021,11,TEN,LB,David Long,00-0035292,Out,Hamstring,Did Not Participate In Practice,David Long,OUT
2021,11,TEN,CB,Greg Mabin,00-0033430,Out,Ankle,Did Not Participate In Practice,Greg Mabin,OUT
2021,11,TEN,RB,Jeremy McNichols,00-0033955,Out,Concussion,Did Not Participate In Practice,Jeremy McNichols,OUT
2021,11,TEN,TE,Geoff Swaim,00-0032141,Out,Concussion,Did Not Participate In Practice,Geoff Swaim,OUT
2021,11,TEN,CB,Janoris Jenkins,00-0029681,Questionable,Chest,Did Not Participate In Practice,Janoris Jenkins,QUESTIONABLE
2021,11,WAS,T,Samuel Cosmi,00-0036618,,,Full Participation in Practice,Samuel Cosmi,
2021,11,WAS,CB,Danny Johnson,00-0034071,,,Full Participation in Practice,Danny Johnson,
2021,11,WAS,WR,Terry McLaurin,00-0035659,,,Full Participation in Practice,Terry McLaurin,
2021,11,WAS,TE,Sammis Reyes,00-0036474,,,Full Participation in Practice,Sammis Reyes,
2021,11,WAS,RB,Antonio Gibson,00-0036328,,,Limited Participation in Practice,Antonio Gibson,
2021,11,WAS,G,Brandon Scherff,00-0032053,,,Limited Participation in Practice,Brandon Scherff,
2021,11,WAS,TE,Ricky Seals-Jones,00-0033611,Out,Hip,Did Not Participate In Practice,Ricky Seals-Jones,OUT
2021,11,WAS,DE,Shaka Toney,00-0036666,Out,Concussion,Did Not Participate In Practice,Shaka Toney,OUT
2021,11,WAS,CB,Benjamin St-Juste,00-0036625,Questionable,Concussion,Full Participation in Practice,Benjamin St-Juste,QUESTIONABLE
2021,11,WAS,T,Saahdiq Charles,00-0036334,Questionable,Illness,Limited Participation in Practice,Saahdiq Charles,QUESTIONABLE
2021,11,WAS,CB,Kendall Fuller,00-0033084,Questionable,Knee,Limited Participation in Practice,Kendall Fuller,QUESTIONABLE
2021,11,WAS,WR,Curtis Samuel,00-0033282,Questionable,Groin,Limited Participation in Practice,Curtis Samuel,QUESTIONABLE
2021,12,ATL,S,Jaylinn Hawkins,00-0036302,,,Full Participation in Practice,Jaylinn Hawkins,
2021,12,ATL,DE,Jonathan Bullard,00-0033093,Out,Ankle,Did Not Participate In Practice,Jonathan Bullard,OUT
2021,12,ATL,CB,Kendall Sheffield,00-0035255,Out,Hamstring,Did Not Participate In Practice,Kendall Sheffield,OUT
2021,12,ATL,LB,Deion Jones,00-0032388,Questionable,Shoulder,Limited Participation in Practice,Deion Jones,QUESTIONABLE
2021,12,ATL,RB,Cordarrelle Patterson,00-0030578,Questionable,Ankle,Limited Participation in Practice,Cordarrelle Patterson,QUESTIONABLE
2021,12,BAL,LB,Justin Houston,00-0028008,,,Did Not Participate In Practice,Justin Houston,
2021,12,BAL,T,Alejandro Villanueva,00-0030648,,,Did Not Participate In Practice,Alejandro Villanueva,
2021,12,BAL,LB,Josh Bynes,00-0028278,,,Full Participation in Practice,Josh Bynes,
2021,12,BAL,WR,Devin Duvernay,00-0036331,,,Full Participation in Practice,Devin Duvernay,
2021,12,BAL,QB,Lamar Jackson,00-0034796,,,Full Participation in Practice,Lamar Jackson,
2021,12,BAL,WR,Miles Boykin,00-0035703,Out,Finger,Did Not Participate In Practice,Miles Boykin,OUT
2021,12,BAL,T,Cedric Ogbuehi,00-0032233,Out,Thigh,Did Not Participate In Practice,Cedric Ogbuehi,OUT
2021,12,BAL,S,Ar'Darius Washington,00-0036587,Out,Foot,Did Not Participate In Practice,Ar'Darius Washington,OUT
2021,12,BAL,TE,Nick Boyle,00-0031598,Questionable,Not injury related - resting player,Did Not Participate In Practice,Nick Boyle,QUESTIONABLE
2021,12,BAL,DE,Calais Campbell,00-0026190,Questionable,Concussion,Did Not Participate In Practice,Calais Campbell,QUESTIONABLE
2021,12,BAL,CB,Jimmy Smith,00-0027965,Questionable,Neck,Did Not Participate In Practice,Jimmy Smith,QUESTIONABLE
2021,12,BAL,DT,Brandon Williams,00-0030511,Questionable,Shoulder,Did Not Participate In Practice,Brandon Williams,QUESTIONABLE
2021,12,BAL,G,Patrick Mekari,00-0035112,Questionable,Ankle,Full Participation in Practice,Patrick Mekari,QUESTIONABLE
2021,12,BAL,CB,Anthony Averett,00-0034265,Questionable,Thigh,Limited Participation in Practice,Anthony Averett,QUESTIONABLE
2021,12,BAL,WR,Marquise Brown,00-0035662,Questionable,Thigh,Limited Participation in Practice,Marquise Brown,QUESTIONABLE
2021,12,BAL,FB,Patrick Ricard,00-0033376,Questionable,Hip,Limited Participation in Practice,Patrick Ricard,QUESTIONABLE
2021,12,BAL,CB,Chris Westry,00-0035422,Questionable,Thigh,Limited Participation in Practice,Chris Westry,QUESTIONABLE
2021,12,BAL,CB,Tavon Young,00-0032770,Questionable,Foot,Limited Participation in Practice,Tavon Young,QUESTIONABLE
2021,12,BUF,WR,Cole Beasley,00-0029000,,,Full Participation in Practice,Cole Beasley,
2021,12,BUF,LB,Tremaine Edmunds,00-0034673,,,Full Participation in Practice,Tremaine Edmunds,
2021,12,CAR,G,Dennis Daley,00-0035300,,,Full Participation in Practice,Dennis Daley,
2021,12,CAR,S,Myles Hartsfield,00-0035950,,,Full Participation in Practice,Myles Hartsfield,
2021,12,CAR,DT,DaQuan Jones,00-0031054,,,Full Participation in Practice,DaQuan Jones,
2021,12,CAR,G,John Miller,00-0032149,Doubtful,Ankle,Did Not Participate In Practice,John Miller,DOUBTFUL
2021,12,CHI,CB,Duke Shelley,00-0035696,,,Did Not Participate In Practice,Duke Shelley,
2021,12,CHI,WR,Darnell Mooney,00-0036309,,,Limited Participation in Practice,Darnell Mooney,
2021,12,CHI,QB,Justin Fields,00-0036945,Out,Ribs,Did Not Participate In Practice,Justin Fields,OUT
2021,12,CHI,DT,Akiem Hicks,00-0029657,Out,Ankle,Did Not Participate In Practice,Akiem Hicks,OUT
2021,12,CHI,RB,Damien Williams,00-0030874,Out,Calf,Did Not Participate In Practice,Damien Williams,OUT
2021,12,CHI,WR,Allen Robinson,00-0031428,Doubtful,Hamstring,Did Not Participate In Practice,Allen Robinson,DOUBTFUL
2021,12,CHI,S,Tashaun Gipson,00-0028924,Questionable,Chest,Full Participation in Practice,Tashaun Gipson,QUESTIONABLE
2021,12,CHI,WR,Marquise Goodwin,00-0030068,Questionable,Shoulder,Full Participation in Practice,Marquise Goodwin,QUESTIONABLE
2021,12,CHI,DT,Mario Edwards,00-0032265,Questionable,Ribs,Limited Participation in Practice,Mario Edwards,QUESTIONABLE
2021,12,CHI,S,Eddie Jackson,00-0033784,Questionable,Hamstring,Limited Participation in Practice,Eddie Jackson,QUESTIONABLE
2021,12,CIN,G,Hakeem Adeniji,00-0036310,,,Full Participation in Practice,Hakeem Adeniji,
2021,12,CIN,WR,Tyler Boyd,00-0033009,,,Full Participation in Practice,Tyler Boyd,
2021,12,CIN,LS,Clark Harris,00-0025630,,,Full Participation in Practice,Clark Harris,
2021,12,CIN,DE,Trey Hendrickson,00-0033935,,,Full Participation in Practice,Trey Hendrickson,
2021,12,CIN,T,Fred Johnson,00-0034951,,,Full Participation in Practice,Fred Johnson,
2021,12,CIN,CB,Darius Phillips,00-0034683,,,Full Participation in Practice,Darius Phillips,
2021,12,CIN,DT,Tyler Shelvin,00-0036851,,,Full Participation in Practice,Tyler Shelvin,
2021,12,CIN,TE,Mitchell Wilcox,00-0035771,,,Full Participation in Practice,Mitchell Wilcox,
2021,12,CIN,WR,Auden Tate,00-0034686,Doubtful,Thigh,Did Not Participate In Practice,Auden Tate,DOUBTFUL
2021,12,CLE,LB,Tony Fields,00-0036634,,,Full Participation in Practice,Tony Fields,
2021,12,CLE,CB,A.J. Green,00-0036114,,,Full Participation in Practice,A.J. Green,
2021,12,CLE,QB,Baker Mayfield,00-0034855,,,Full Participation in Practice,Baker Mayfield,
2021,12,CLE,DT,Malik McDowell,00-0034019,,,Full Participation in Practice,Malik McDowell,
2021,12,CLE,DE,Takkarist McKinley,00-0033540,,,Full Participation in Practice,Takkarist McKinley,
2021,12,CLE,LB,Jeremiah Owusu-Koramoah,00-0036915,,,Full Participation in Practice,Jeremiah Owusu-Koramoah,
2021,12,CLE,DE,Jadeveon Clowney,00-0031364,,,Limited Participation in Practice,Jadeveon Clowney,
2021,12,CLE,DT,Malik Jackson,00-0029568,,,Limited Participation in Practice,Malik Jackson,
2021,12,CLE,WR,Jarvis Landry,00-0031382,,,Limited Participation in Practice,Jarvis Landry,
2021,12,CLE,LB,Sione Takitaki,00-0035646,,,Limited Participation in Practice,Sione Takitaki,
2021,12,CLE,C,J.C. Tretter,00-0030076,,,Limited Participation in Practice,J.C. Tretter,
2021,12,CLE,WR,Anthony Schwartz,00-0036999,Out,Concussion,Did Not Participate In Practice,Anthony Schwartz,OUT
2021,12,CLE,T,Jack Conklin,00-0033057,Questionable,Elbow,"
    ",Jack Conklin,QUESTIONABLE
2021,12,CLE,RB,Kareem Hunt,00-0033923,Questionable,Calf,"
    ",Kareem Hunt,QUESTIONABLE
2021,12,CLE,CB,Troy Hill,00-0031785,Questionable,Neck,Limited Participation in Practice,Troy Hill,QUESTIONABLE
2021,12,CLE,WR,Donovan Peoples-Jones,00-0036233,Questionable,Groin,Limited Participation in Practice,Donovan Peoples-Jones,QUESTIONABLE
2021,12,DAL,S,Donovan Wilson,00-0035301,,,Did Not Participate In Practice,Donovan Wilson,
2021,12,DAL,RB,Ezekiel Elliott,00-0033045,,,Full Participation in Practice,Ezekiel Elliott,
2021,12,DAL,DT,Trysten Hill,00-0035247,,,Full Participation in Practice,Trysten Hill,
2021,12,DAL,T,Tyron Smith,00-0027947,,,Full Participation in Practice,Tyron Smith,
2021,12,DAL,WR,Cedrick Wilson,00-0034418,,,Full Participation in Practice,Cedrick Wilson,
2021,12,DAL,CB,Nahshon Wright,00-0036986,,,Full Participation in Practice,Nahshon Wright,
2021,12,DAL,WR,CeeDee Lamb,00-0036358,Questionable,Concussion,Limited Participation in Practice,CeeDee Lamb,QUESTIONABLE
2021,12,DEN,LB,Baron Browning,00-0036995,,,Full Participation in Practice,Baron Browning,
2021,12,DEN,RB,Melvin Gordon,00-0032144,,,Full Participation in Practice,Melvin Gordon,
2021,12,DEN,DT,Mike Purcell,00-0029890,,,Full Participation in Practice,Mike Purcell,
2021,12,DEN,S,Caden Sterns,00-0036633,,,Full Participation in Practice,Caden Sterns,
2021,12,DEN,S,Kareem Jackson,00-0027872,Doubtful,Neck,Did Not Participate In Practice,Kareem Jackson,DOUBTFUL
2021,12,DEN,T,Bobby Massie,00-0029528,Doubtful,Ankle,Did Not Participate In Practice,Bobby Massie,DOUBTFUL
2021,12,DEN,WR,Tyrie Cleveland,00-0036439,Questionable,Hamstring,Did Not Participate In Practice,Tyrie Cleveland,QUESTIONABLE
2021,12,DEN,DE,Shelby Harris,00-0031270,Questionable,Ankle,Did Not Participate In Practice,Shelby Harris,QUESTIONABLE
2021,12,DEN,RB,Mike Boone,00-0034208,Questionable,Hip,Full Participation in Practice,Mike Boone,QUESTIONABLE
2021,12,DET,DE,Da'Shawn Hand,00-0034371,,,Did Not Participate In Practice,Da'Shawn Hand,
2021,12,DET,WR,Trinity Benson,00-0034930,Out,Knee,Did Not Participate In Practice,Trinity Benson,OUT
2021,12,DET,LB,Trey Flowers,00-0031566,Out,Knee,Did Not Participate In Practice,Trey Flowers,OUT
2021,12,DET,T,Matt Nelson,00-0035328,Out,Ankle,Did Not Participate In Practice,Matt Nelson,OUT
2021,12,DET,CB,A.J. Parker,00-0036752,Out,Ankle,Did Not Participate In Practice,A.J. Parker,OUT
2021,12,DET,G,Halapoulivaati Vaitai,00-0032785,Out,Concussion,Did Not Participate In Practice,Halapoulivaati Vaitai,OUT
2021,12,DET,DE,Michael Brockers,00-0029630,Questionable,Knee,Limited Participation in Practice,Michael Brockers,QUESTIONABLE
2021,12,DET,QB,Jared Goff,00-0033106,Questionable,Oblique,Limited Participation in Practice,Jared Goff,QUESTIONABLE
2021,12,DET,RB,Jermar Jefferson,00-0036670,Questionable,Ankle,Limited Participation in Practice,Jermar Jefferson,QUESTIONABLE
2021,12,GB,QB,Aaron Rodgers,00-0023459,,,Did Not Participate In Practice,Aaron Rodgers,
2021,12,GB,WR,Davante Adams,00-0031381,,,Full Participation in Practice,Davante Adams,
2021,12,GB,DT,Tyler Lancaster,00-0034185,,,Full Participation in Practice,Tyler Lancaster,
2021,12,GB,TE,Marcedes Lewis,00-0024243,,,Full Participation in Practice,Marcedes Lewis,
2021,12,GB,T,David Bakhtiari,00-0030074,Out,Knee,Did Not Participate In Practice,David Bakhtiari,OUT
2021,12,GB,WR,Malik Taylor,00-0035480,Out,Abdomen,Did Not Participate In Practice,Malik Taylor,OUT
2021,12,GB,CB,Kevin King,00-0033524,Doubtful,Hip,Did Not Participate In Practice,Kevin King,DOUBTFUL
2021,12,GB,LB,Rashan Gary,00-0034967,Questionable,Elbow,Full Participation in Practice,Rashan Gary,QUESTIONABLE
2021,12,GB,RB,Aaron Jones,00-0033293,Questionable,Knee,Limited Participation in Practice,Aaron Jones,QUESTIONABLE
2021,12,GB,WR,Allen Lazard,00-0034521,Questionable,Shoulder,Limited Participation in Practice,Allen Lazard,QUESTIONABLE
2021,12,HOU,WR,Danny Amendola,00-0026035,,,Did Not Participate In Practice,Danny Amendola,
2021,12,HOU,WR,Brandin Cooks,00-0031236,,,Did Not Participate In Practice,Brandin Cooks,
2021,12,HOU,LB,Kamu Grugier-Hill,00-0032437,,,Full Participation in Practice,Kamu Grugier-Hill,
2021,12,HOU,S,A.J. Moore,00-0034594,,,Full Participation in Practice,A.J. Moore,
2021,12,HOU,RB,Rex Burkhead,00-0030288,,,Limited Participation in Practice,Rex Burkhead,
2021,12,HOU,DE,Jordan Jenkins,00-0032970,Out,Knee,Did Not Participate In Practice,Jordan Jenkins,OUT
2021,12,HOU,QB,Deshaun Watson,00-0033537,Out,Not injury related - personal matter,Did Not Participate In Practice,Deshaun Watson,OUT
2021,12,HOU,WR,Davion Davis,00-0035101,Questionable,Illness,Did Not Participate In Practice,Davion Davis,QUESTIONABLE
2021,12,HOU,WR,Nico Collins,00-0036554,Questionable,Hip,Limited Participation in Practice,Nico Collins,QUESTIONABLE
2021,12,HOU,DE,Jonathan Greenard,00-0036224,Questionable,Foot,Limited Participation in Practice,Jonathan Greenard,QUESTIONABLE
2021,12,HOU,CB,Lonnie Johnson,00-0035244,Questionable,Illness,Limited Participation in Practice,Lonnie Johnson,QUESTIONABLE
2021,12,IND,CB,T.J. Carrie,00-0031269,,,Full Participation in Practice,T.J. Carrie,
2021,12,IND,WR,T.Y. Hilton,00-0029608,,,Full Participation in Practice,T.Y. Hilton,
2021,12,IND,LB,Shaquille Leonard,00-0034846,Questionable,Ankle,Full Participation in Practice,Shaquille Leonard,QUESTIONABLE
2021,12,IND,G,Quenton Nelson,00-0034342,Questionable,Ankle,Full Participation in Practice,Quenton Nelson,QUESTIONABLE
2021,12,JAX,LB,Dakota Allen,00-0035670,,,Full Participation in Practice,Dakota Allen,
2021,12,JAX,WR,Tavon Austin,00-0030525,,,Full Participation in Practice,Tavon Austin,
2021,12,JAX,CB,Tyson Campbell,00-0036974,,,Full Participation in Practice,Tyson Campbell,
2021,12,JAX,S,Andre Cisco,00-0036941,,,Full Participation in Practice,Andre Cisco,
2021,12,JAX,P,Logan Cooke,00-0034437,,,Full Participation in Practice,Logan Cooke,
2021,12,JAX,LB,Myles Jack,00-0032968,,,Full Participation in Practice,Myles Jack,
2021,12,JAX,RB,James Robinson,00-0035831,,,Full Participation in Practice,James Robinson,
2021,12,JAX,CB,Shaquill Griffin,00-0033926,Out,Concussion,Did Not Participate In Practice,Shaquill Griffin,OUT
2021,12,LA,T,Andrew Whitworth,00-0024270,,,Did Not Participate In Practice,Andrew Whitworth,
2021,12,LA,LB,Leonard Floyd,00-0033072,,,Full Participation in Practice,Leonard Floyd,
2021,12,LA,CB,Donte Deayon,00-0032641,Questionable,Thigh,Full Participation in Practice,Donte Deayon,QUESTIONABLE
2021,12,LA,WR,Ben Skowronek,00-0036862,Questionable,Back,Limited Participation in Practice,Ben Skowronek,QUESTIONABLE
2021,12,LAC,S,Mark Webb,00-0036665,,,Did Not Participate In Practice,Mark Webb,
2021,12,LAC,TE,Stephen Anderson,00-0032725,,,Full Participation in Practice,Stephen Anderson,
2021,12,LAC,CB,Tevaughn Campbell,00-0034903,,,Full Participation in Practice,Tevaughn Campbell,
2021,12,LAC,CB,Michael Davis,00-0033697,,,Full Participation in Practice,Michael Davis,
2021,12,LAC,RB,Justin Jackson,00-0034440,,,Full Participation in Practice,Justin Jackson,
2021,12,LAC,LB,Kenneth Murray,00-0036441,,,Full Participation in Practice,Kenneth Murray,
2021,12,LAC,S,Alohi Gilman,00-0036380,Out,Quadricep,Did Not Participate In Practice,Alohi Gilman,OUT
2021,12,LAC,CB,Asante Samuel,00-0036617,Out,Concussion,Did Not Participate In Practice,Asante Samuel,OUT
2021,12,LAC,G,Matt Feiler,00-0031142,Questionable,Ankle,Limited Participation in Practice,Matt Feiler,QUESTIONABLE
2021,12,LAC,S,Trey Marshall,00-0034111,Questionable,Ankle,Limited Participation in Practice,Trey Marshall,QUESTIONABLE
2021,12,LV,K,Daniel Carlson,00-0034161,,,Full Participation in Practice,Daniel Carlson,
2021,12,LV,RB,Kenyan Drake,00-0033118,,,Full Participation in Practice,Kenyan Drake,
2021,12,LV,CB,Brandon Facyson,00-0034545,,,Full Participation in Practice,Brandon Facyson,
2021,12,LV,C,Andre James,00-0035127,,,Full Participation in Practice,Andre James,
2021,12,LV,DE,Yannick Ngakoue,00-0033123,,,Full Participation in Practice,Yannick Ngakoue,
2021,12,LV,RB,Jalen Richard,00-0033025,,,Full Participation in Practice,Jalen Richard,
2021,12,LV,WR,Dillon Stoner,00-0036526,,,Full Participation in Practice,Dillon Stoner,
2021,12,LV,LB,Nick Kwiatkoski,00-0032773,Out,Ankle,Did Not Participate In Practice,Nick Kwiatkoski,OUT
2021,12,LV,CB,Keisean Nixon,00-0035133,Out,Ankle,Did Not Participate In Practice,Keisean Nixon,OUT
2021,12,LV,G,John Simpson,00-0036369,Questionable,Ribs,Limited Participation in Practice,John Simpson,QUESTIONABLE
2021,12,MIA,LB,Jerome Baker,00-0034797,,,Full Participation in Practice,Jerome Baker,
2021,12,MIA,S,Jevon Holland,00-0036998,,,Full Participation in Practice,Jevon Holland,
2021,12,MIA,G,Robert Jones,00-0036596,,,Full Participation in Practice,Robert Jones,
2021,12,MIA,LB,Elandon Roberts,00-0032442,,,Full Participation in Practice,Elandon Roberts,
2021,12,MIA,S,Eric Rowe,00-0031555,,,Full Participation in Practice,Eric Rowe,
2021,12,MIA,DT,Christian Wilkins,00-0035231,,,Full Participation in Practice,Christian Wilkins,
2021,12,MIA,WR,Preston Williams,00-0035350,,,Full Participation in Practice,Preston Williams,
2021,12,MIA,CB,Xavien Howard,00-0033050,,,Limited Participation in Practice,Xavien Howard,
2021,12,MIA,CB,Byron Jones,00-0032239,,,Limited Participation in Practice,Byron Jones,
2021,12,MIA,CB,Elijah Campbell,00-0034248,Out,Toe,Did Not Participate In Practice,Elijah Campbell,OUT
2021,12,MIA,TE,Adam Shaheen,00-0033896,Out,Knee,Did Not Participate In Practice,Adam Shaheen,OUT
2021,12,MIA,CB,Trill Williams,00-0036546,Out,Hamstring,Did Not Participate In Practice,Trill Williams,OUT
2021,12,MIA,S,Brandon Jones,00-0036221,Questionable,Ankle,Limited Participation in Practice,Brandon Jones,QUESTIONABLE
2021,12,MIN,CB,Bashaud Breeland,00-0031052,,,Full Participation in Practice,Bashaud Breeland,
2021,12,MIN,WR,K.J. Osborn,00-0036345,,,Full Participation in Practice,K.J. Osborn,
2021,12,MIN,LB,Anthony Barr,00-0031256,,,Limited Participation in Practice,Anthony Barr,
2021,12,MIN,DE,Everson Griffen,00-0027701,Out,Not injury related - personal matter,Did Not Participate In Practice,Everson Griffen,OUT
2021,12,MIN,S,Camryn Bynum,00-0036629,Questionable,Ankle,Did Not Participate In Practice,Camryn Bynum,QUESTIONABLE
2021,12,MIN,G,Wyatt Davis,00-0037006,Questionable,Ankle,Limited Participation in Practice,Wyatt Davis,QUESTIONABLE
2021,12,MIN,S,Josh Metellus,00-0036348,Questionable,Not Injury Related,Limited Participation in Practice,Josh Metellus,QUESTIONABLE
2021,12,NE,G,Shaquille Mason,00-0031580,,,Limited Participation in Practice,Shaquille Mason,
2021,12,NE,LB,Kyle Van Noy,00-0031360,,,Limited Participation in Practice,Kyle Van Noy,
2021,12,NE,S,Cody Davis,00-0029764,Questionable,Illness,"
    ",Cody Davis,QUESTIONABLE
2021,12,NE,P,Jake Bailey,00-0035280,Questionable,right Knee,Limited Participation in Practice,Jake Bailey,QUESTIONABLE
2021,12,NE,DT,Christian Barmore,00-0036981,Questionable,Knee,Limited Participation in Practice,Christian Barmore,QUESTIONABLE
2021,12,NE,LB,Ja'Whaun Bentley,00-0034385,Questionable,Ribs,Limited Participation in Practice,Ja'Whaun Bentley,QUESTIONABLE
2021,12,NE,T,Trenton Brown,00-0032071,Questionable,Calf,Limited Participation in Practice,Trenton Brown,QUESTIONABLE
2021,12,NE,K,Nick Folk,00-0025565,Questionable,left Knee,Limited Participation in Practice,Nick Folk,QUESTIONABLE
2021,12,NE,RB,Damien Harris,00-0035657,Questionable,Neck,Limited Participation in Practice,Damien Harris,QUESTIONABLE
2021,12,NE,TE,Hunter Henry,00-0033090,Questionable,Neck,Limited Participation in Practice,Hunter Henry,QUESTIONABLE
2021,12,NE,LB,Dont'a Hightower,00-0029669,Questionable,Ankle,Limited Participation in Practice,Dont'a Hightower,QUESTIONABLE
2021,12,NE,TE,Jonnu Smith,00-0033858,Questionable,Shoulder,Limited Participation in Practice,Jonnu Smith,QUESTIONABLE
2021,12,NE,RB,Rhamondre Stevenson,00-0036875,Questionable,Knee,Limited Participation in Practice,Rhamondre Stevenson,QUESTIONABLE
2021,12,NO,TE,Adam Trautman,00-0036422,,,Did Not Participate In Practice,Adam Trautman,
2021,12,NO,T,Landon Young,00-0036930,,,Did Not Participate In Practice,Landon Young,
2021,12,NO,QB,Taysom Hill,00-0033357,,,Full Participation in Practice,Taysom Hill,
2021,12,NO,WR,Ty Montgomery,00-0032200,,,Full Participation in Practice,Ty Montgomery,
2021,12,NO,QB,Trevor Siemian,00-0032156,,,Full Participation in Practice,Trevor Siemian,
2021,12,NO,DE,Marcus Davenport,00-0034344,Out,Shoulder,Did Not Participate In Practice,Marcus Davenport,OUT
2021,12,NO,RB,Alvin Kamara,00-0033906,Out,Knee,Did Not Participate In Practice,Alvin Kamara,OUT
2021,12,NO,DE,Tanoh Kpassagnon,00-0033902,Out,Ankle,Did Not Participate In Practice,Tanoh Kpassagnon,OUT
2021,12,NO,T,Ryan Ramczyk,00-0033888,Out,Knee,Did Not Participate In Practice,Ryan Ramczyk,OUT
2021,12,NO,T,Terron Armstead,00-0030067,Questionable,Knee,Limited Participation in Practice,Terron Armstead,QUESTIONABLE
2021,12,NO,RB,Mark Ingram,00-0027966,Questionable,Knee,Limited Participation in Practice,Mark Ingram,QUESTIONABLE
2021,12,NYG,S,Nate Ebner,00-0029570,,,Did Not Participate In Practice,Nate Ebner,
2021,12,NYG,LB,Lorenzo Carter,00-0034360,,,Full Participation in Practice,Lorenzo Carter,
2021,12,NYG,CB,Adoree' Jackson,00-0033878,,,Limited Participation in Practice,Adoree' Jackson,
2021,12,NYG,FB,Cullen Gillaspia,00-0035304,Out,Calf,Did Not Participate In Practice,Cullen Gillaspia,OUT
2021,12,NYG,WR,Sterling Shepard,00-0032385,Out,Quadricep,Did Not Participate In Practice,Sterling Shepard,OUT
2021,12,NYG,TE,Kaden Smith,00-0034988,Out,Knee,Did Not Participate In Practice,Kaden Smith,OUT
2021,12,NYG,TE,Kyle Rudolph,00-0027981,Doubtful,Ankle,Did Not Participate In Practice,Kyle Rudolph,DOUBTFUL
2021,12,NYG,WR,Kadarius Toney,00-0036913,Doubtful,Quadricep,Did Not Participate In Practice,Kadarius Toney,DOUBTFUL
2021,12,NYG,RB,Saquon Barkley,00-0034844,Questionable,Ankle,Limited Participation in Practice,Saquon Barkley,QUESTIONABLE
2021,12,NYG,WR,John Ross,00-0033460,Questionable,Quadricep,Limited Participation in Practice,John Ross,QUESTIONABLE
2021,12,NYJ,RB,Michael Carter,00-0036924,Out,Ankle,Did Not Participate In Practice,Michael Carter,OUT
2021,12,NYJ,WR,Corey Davis,00-0033871,Questionable,Groin,Limited Participation in Practice,Corey Davis,QUESTIONABLE
2021,12,NYJ,DT,Folorunso Fatukasi,00-0034275,Questionable,Foot,Limited Participation in Practice,Folorunso Fatukasi,QUESTIONABLE
2021,12,NYJ,DE,John Franklin-Myers,00-0034805,Questionable,Hip,Limited Participation in Practice,John Franklin-Myers,QUESTIONABLE
2021,12,NYJ,DE,Shaq Lawson,00-0033096,Questionable,Wrist,Limited Participation in Practice,Shaq Lawson,QUESTIONABLE
2021,12,NYJ,LB,C.J. Mosley,00-0031296,Questionable,Shoulder,Limited Participation in Practice,C.J. Mosley,QUESTIONABLE
2021,12,NYJ,DT,Nathan Shepherd,00-0034760,Questionable,Elbow,Limited Participation in Practice,Nathan Shepherd,QUESTIONABLE
2021,12,PHI,LB,Shaun Bradley,00-0036401,,,Full Participation in Practice,Shaun Bradley,
2021,12,PHI,DT,Fletcher Cox,00-0029653,,,Full Participation in Practice,Fletcher Cox,
2021,12,PHI,T,Lane Johnson,00-0030561,,,Full Participation in Practice,Lane Johnson,
2021,12,PHI,C,Jason Kelce,00-0028129,,,Full Participation in Practice,Jason Kelce,
2021,12,PHI,CB,Darius Slay,00-0030062,,,Full Participation in Practice,Darius Slay,
2021,12,PHI,DE,Josh Sweat,00-0034381,,,Full Participation in Practice,Josh Sweat,
2021,12,PHI,RB,Jordan Howard,00-0032780,Out,Knee,Did Not Participate In Practice,Jordan Howard,OUT
2021,12,PHI,CB,Tay Gowan,00-0036897,Questionable,Quadricep,Limited Participation in Practice,Tay Gowan,QUESTIONABLE
2021,12,PIT,DT,Cameron Heyward,00-0027969,,,Full Participation in Practice,Cameron Heyward,
2021,12,PIT,DE,Isaiahh Loudermilk,00-0036843,,,Full Participation in Practice,Isaiahh Loudermilk,
2021,12,PIT,CB,Arthur Maulet,00-0033503,,,Full Participation in Practice,Arthur Maulet,
2021,12,PIT,QB,Ben Roethlisberger,00-0022924,,,Full Participation in Practice,Ben Roethlisberger,
2021,12,PIT,G,Trai Turner,00-0031362,,,Full Participation in Practice,Trai Turner,
2021,12,PIT,LB,T.J. Watt,00-0033886,,,Full Participation in Practice,T.J. Watt,
2021,12,PIT,TE,Eric Ebron,00-0031387,Out,Knee,Did Not Participate In Practice,Eric Ebron,OUT
2021,12,PIT,C,J.C. Hassenauer,00-0034142,Out,Pectoral,Did Not Participate In Practice,J.C. Hassenauer,OUT
2021,12,PIT,CB,Joe Haden,00-0027860,Questionable,Foot,Limited Participation in Practice,Joe Haden,QUESTIONABLE
2021,12,SEA,T,Duane Brown,00-0026166,,,Did Not Participate In Practice,Duane Brown,
2021,12,SEA,LB,Carlos Dunlap,00-0027662,,,Did Not Participate In Practice,Carlos Dunlap,
2021,12,SEA,G,Gabe Jackson,00-0031367,,,Did Not Participate In Practice,Gabe Jackson,
2021,12,SEA,S,Jamal Adams,00-0033872,,,Full Participation in Practice,Jamal Adams,
2021,12,SEA,LB,Cody Barton,00-0035672,,,Full Participation in Practice,Cody Barton,
2021,12,SEA,LB,Jordyn Brooks,00-0036409,,,Full Participation in Practice,Jordyn Brooks,
2021,12,SEA,CB,Sidney Jones,00-0033543,,,Full Participation in Practice,Sidney Jones,
2021,12,SEA,LB,Benson Mayowa,00-0030380,,,Full Participation in Practice,Benson Mayowa,
2021,12,SEA,CB,D.J. Reed,00-0034384,,,Full Participation in Practice,D.J. Reed,
2021,12,SEA,QB,Geno Smith,00-0030565,,,Full Participation in Practice,Geno Smith,
2021,12,SEA,RB,Alex Collins,00-0032426,,,Limited Participation in Practice,Alex Collins,
2021,12,SEA,WR,DK Metcalf,00-0035640,,,Limited Participation in Practice,DK Metcalf,
2021,12,SEA,T,Brandon Shell,00-0032420,,,Limited Participation in Practice,Brandon Shell,
2021,12,SEA,CB,Tre Brown,00-0036885,Out,Knee,Did Not Participate In Practice,Tre Brown,OUT
2021,12,SEA,RB,Travis Homer,00-0035594,Out,Calf,Did Not Participate In Practice,Travis Homer,OUT
2021,12,SEA,T,Jamarco Jones,00-0034729,Out,Back,Did Not Participate In Practice,Jamarco Jones,OUT
2021,12,SEA,G,Damien Lewis,00-0036417,Out,Elbow,Did Not Participate In Practice,Damien Lewis,OUT
2021,12,SEA,RB,Rashaad Penny,00-0034750,Out,Hamstring,Did Not Participate In Practice,Rashaad Penny,OUT
2021,12,SF,C,Alex Mack,00-0026997,,,Full Participation in Practice,Alex Mack,
2021,12,SF,CB,Josh Norman,00-0029285,,,Full Participation in Practice,Josh Norman,
2021,12,SF,G,Laken Tomlinson,00-0032234,,,Full Participation in Practice,Laken Tomlinson,
2021,12,SF,T,Trent Williams,00-0027857,,,Full Participation in Practice,Trent Williams,
2021,12,SF,RB,Jamycal Hasty,00-0035806,Out,Ankle,Did Not Participate In Practice,Jamycal Hasty,OUT
2021,12,SF,DT,Maurice Hurst,00-0034746,Doubtful,Calf,Limited Participation in Practice,Maurice Hurst,DOUBTFUL
2021,12,SF,RB,Elijah Mitchell,00-0036567,Questionable,Rib,Limited Participation in Practice,Elijah Mitchell,QUESTIONABLE
2021,12,TB,TE,Rob Gronkowski,00-0027656,,,Did Not Participate In Practice,Rob Gronkowski,
2021,12,TB,DT,Steve McLendon,00-0026564,,,Did Not Participate In Practice,Steve McLendon,
2021,12,TB,DT,Ndamukong Suh,00-0027855,,,Did Not Participate In Practice,Ndamukong Suh,
2021,12,TB,QB,Tom Brady,00-0019596,,,Full Participation in Practice,Tom Brady,
2021,12,TB,S,Mike Edwards,00-0035681,,,Full Participation in Practice,Mike Edwards,
2021,12,TB,WR,Mike Evans,00-0031408,,,Full Participation in Practice,Mike Evans,
2021,12,TB,WR,Chris Godwin,00-0033921,,,Full Participation in Practice,Chris Godwin,
2021,12,TB,DT,Rakeem Nunez-Roches,00-0031957,,,Full Participation in Practice,Rakeem Nunez-Roches,
2021,12,TB,LB,Jason Pierre-Paul,00-0027867,,,Full Participation in Practice,Jason Pierre-Paul,
2021,12,TB,WR,Antonio Brown,00-0027793,Out,Ankle,Did Not Participate In Practice,Antonio Brown,OUT
2021,12,TB,G,Ali Marpet,00-0032243,Doubtful,Abdomen,Did Not Participate In Practice,Ali Marpet,DOUBTFUL
2021,12,TB,DT,Vita Vea,00-0034773,Questionable,Knee,Limited Participation in Practice,Vita Vea,QUESTIONABLE
2021,12,TB,LB,Devin White,00-0035707,Questionable,Quadricep,Limited Participation in Practice,Devin White,QUESTIONABLE
2021,12,TEN,DE,Denico Autry,00-0031254,,,Did Not Participate In Practice,Denico Autry,
2021,12,TEN,QB,Logan Woodside,00-0034438,,,Did Not Participate In Practice,Logan Woodside,
2021,12,TEN,DT,Naquan Jones,00-0036695,,,Full Participation in Practice,Naquan Jones,
2021,12,TEN,G,Rodger Saffold,00-0027648,,,Full Participation in Practice,Rodger Saffold,
2021,12,TEN,RB,D'Onta Foreman,00-0033925,,,Limited Participation in Practice,D'Onta Foreman,
2021,12,TEN,CB,Janoris Jenkins,00-0029681,,,Limited Participation in Practice,Janoris Jenkins,
2021,12,TEN,LB,Harold Landry,00-0034828,,,Limited Participation in Practice,Harold Landry,
2021,12,TEN,WR,A.J. Brown,00-0035676,Out,Chest,Did Not Participate In Practice,A.J. Brown,OUT
2021,12,TEN,G,Nate Davis,00-0035649,Out,Concussion,Did Not Participate In Practice,Nate Davis,OUT
2021,12,TEN,LB,Rashaan Evans,00-0034743,Out,Ankle,Did Not Participate In Practice,Rashaan Evans,OUT
2021,12,TEN,LB,David Long,00-0035292,Out,Hamstring,Did Not Participate In Practice,David Long,OUT
2021,12,TEN,RB,Jeremy McNichols,00-0033955,Out,Concussion,Did Not Participate In Practice,Jeremy McNichols,OUT
2021,12,TEN,DT,Teair Tart,00-0036181,Out,Ankle,Did Not Participate In Practice,Teair Tart,OUT
2021,12,TEN,TE,Geoff Swaim,00-0032141,Questionable,Concussion,Full Participation in Practice,Geoff Swaim,QUESTIONABLE
2021,12,TEN,LB,Olasunkanmi Adeniyi,00-0034204,Questionable,Hamstring,Limited Participation in Practice,Olasunkanmi Adeniyi,QUESTIONABLE
2021,12,TEN,LB,Jayon Brown,00-0033954,Questionable,Quadricep,Limited Participation in Practice,Jayon Brown,QUESTIONABLE
2021,12,TEN,CB,Greg Mabin,00-0033430,Questionable,Ankle,Limited Participation in Practice,Greg Mabin,QUESTIONABLE
2021,12,TEN,CB,Elijah Molden,00-0036992,Questionable,Groin,Limited Participation in Practice,Elijah Molden,QUESTIONABLE
2021,12,WAS,TE,John Bates,00-0036628,,,Full Participation in Practice,John Bates,
2021,12,WAS,LB,Cole Holcomb,00-0035286,,,Full Participation in Practice,Cole Holcomb,
2021,12,WAS,RB,J.D. McKissic,00-0032602,,,Full Participation in Practice,J.D. McKissic,
2021,12,WAS,DE,Shaka Toney,00-0036666,,,Full Participation in Practice,Shaka Toney,
2021,12,WAS,RB,Antonio Gibson,00-0036328,,,Limited Participation in Practice,Antonio Gibson,
2021,12,WAS,G,Brandon Scherff,00-0032053,,,Limited Participation in Practice,Brandon Scherff,
2021,12,WAS,T,Samuel Cosmi,00-0036618,Out,Hip,Did Not Participate In Practice,Samuel Cosmi,OUT
2021,12,WAS,C,Tyler Larsen,00-0030869,Out,Knee,Did Not Participate In Practice,Tyler Larsen,OUT
2021,12,WAS,TE,Ricky Seals-Jones,00-0033611,Doubtful,Hip,Did Not Participate In Practice,Ricky Seals-Jones,DOUBTFUL
2021,12,WAS,WR,Adam Humphries,00-0032009,Questionable,Hip,Limited Participation in Practice,Adam Humphries,QUESTIONABLE
2021,12,WAS,WR,Curtis Samuel,00-0033282,Questionable,Groin,Limited Participation in Practice,Curtis Samuel,QUESTIONABLE
2021,13,ARI,T,Kelvin Beachum,00-0029316,,,Did Not Participate In Practice,Kelvin Beachum,
2021,13,ARI,C,Rodney Hudson,00-0027993,,,Did Not Participate In Practice,Rodney Hudson,
2021,13,ARI,C,Max Garcia,00-0032132,,,Full Participation in Practice,Max Garcia,
2021,13,ARI,S,James Wiggins,00-0036889,Out,Knee,Did Not Participate In Practice,James Wiggins,OUT
2021,13,ARI,WR,DeAndre Hopkins,00-0030564,Questionable,Hamstring,Did Not Participate In Practice,DeAndre Hopkins,QUESTIONABLE
2021,13,ARI,G,Justin Pugh,00-0030585,Questionable,Calf,Did Not Participate In Practice,Justin Pugh,QUESTIONABLE
2021,13,ARI,CB,Byron Murphy,00-0035236,Questionable,Foot,Limited Participation in Practice,Byron Murphy,QUESTIONABLE
2021,13,ARI,QB,Kyler Murray,00-0035228,Questionable,Ankle,Limited Participation in Practice,Kyler Murray,QUESTIONABLE
2021,13,ATL,DT,Grady Jarrett,00-0031583,,,Did Not Participate In Practice,Grady Jarrett,
2021,13,ATL,RB,Cordarrelle Patterson,00-0030578,,,Did Not Participate In Practice,Cordarrelle Patterson,
2021,13,ATL,TE,Lee Smith,00-0028097,,,Did Not Participate In Practice,Lee Smith,
2021,13,ATL,LB,Deion Jones,00-0032388,,,Full Participation in Practice,Deion Jones,
2021,13,ATL,CB,Kendall Sheffield,00-0035255,,,Full Participation in Practice,Kendall Sheffield,
2021,13,ATL,DE,Jonathan Bullard,00-0033093,Out,Ankle,Did Not Participate In Practice,Jonathan Bullard,OUT
2021,13,BAL,DE,Calais Campbell,00-0026190,,,Did Not Participate In Practice,Calais Campbell,
2021,13,BAL,LB,Justin Houston,00-0028008,,,Did Not Participate In Practice,Justin Houston,
2021,13,BAL,T,Alejandro Villanueva,00-0030648,,,Did Not Participate In Practice,Alejandro Villanueva,
2021,13,BAL,DT,Brandon Williams,00-0030511,,,Did Not Participate In Practice,Brandon Williams,
2021,13,BAL,C,Bradley Bozeman,00-0034281,,,Full Participation in Practice,Bradley Bozeman,
2021,13,BAL,WR,Devin Duvernay,00-0036331,,,Full Participation in Practice,Devin Duvernay,
2021,13,BAL,T,Cedric Ogbuehi,00-0032233,Out,Thigh,Did Not Participate In Practice,Cedric Ogbuehi,OUT
2021,13,BAL,WR,Miles Boykin,00-0035703,Doubtful,Finger,Limited Participation in Practice,Miles Boykin,DOUBTFUL
2021,13,BAL,TE,Nick Boyle,00-0031598,Questionable,Knee,Did Not Participate In Practice,Nick Boyle,QUESTIONABLE
2021,13,BAL,LB,Jaylon Ferguson,00-0035651,Questionable,Illness,Did Not Participate In Practice,Jaylon Ferguson,QUESTIONABLE
2021,13,BAL,CB,Marlon Humphrey,00-0033281,Questionable,Illness,Did Not Participate In Practice,Marlon Humphrey,QUESTIONABLE
2021,13,BAL,CB,Jimmy Smith,00-0027965,Questionable,Neck,Did Not Participate In Practice,Jimmy Smith,QUESTIONABLE
2021,13,BAL,CB,Tavon Young,00-0032770,Questionable,Illness,Did Not Participate In Practice,Tavon Young,QUESTIONABLE
2021,13,BAL,G,Patrick Mekari,00-0035112,Questionable,Ankle,Full Participation in Practice,Patrick Mekari,QUESTIONABLE
2021,13,BAL,LB,Patrick Queen,00-0036323,Questionable,Ribs,Full Participation in Practice,Patrick Queen,QUESTIONABLE
2021,13,BAL,FB,Patrick Ricard,00-0033376,Questionable,Foot,Full Participation in Practice,Patrick Ricard,QUESTIONABLE
2021,13,BAL,CB,Anthony Averett,00-0034265,Questionable,Shoulder,Limited Participation in Practice,Anthony Averett,QUESTIONABLE
2021,13,BAL,LB,Odafe Oweh,00-0036940,Questionable,Shoulder,Limited Participation in Practice,Odafe Oweh,QUESTIONABLE
2021,13,BAL,CB,Chris Westry,00-0035422,Questionable,Thigh,Limited Participation in Practice,Chris Westry,QUESTIONABLE
2021,13,BUF,WR,Cole Beasley,00-0029000,,,Did Not Participate In Practice,Cole Beasley,
2021,13,BUF,WR,Stefon Diggs,00-0031588,,,Did Not Participate In Practice,Stefon Diggs,
2021,13,BUF,WR,Emmanuel Sanders,00-0027685,,,Did Not Participate In Practice,Emmanuel Sanders,
2021,13,BUF,DT,Star Lotulelei,00-0030455,,,Full Participation in Practice,Star Lotulelei,
2021,13,BUF,LB,Matt Milano,00-0033571,,,Full Participation in Practice,Matt Milano,
2021,13,BUF,G,Cody Ford,00-0035238,Questionable,Biceps,Full Participation in Practice,Cody Ford,QUESTIONABLE
2021,13,BUF,DE,Efe Obada,00-0031500,Questionable,Hip,Full Participation in Practice,Efe Obada,QUESTIONABLE
2021,13,BUF,FB,Reggie Gilliam,00-0036187,Questionable,Ankle,Limited Participation in Practice,Reggie Gilliam,QUESTIONABLE
2021,13,CHI,S,Tashaun Gipson,00-0028924,,,Full Participation in Practice,Tashaun Gipson,
2021,13,CHI,TE,Jimmy Graham,00-0027696,,,Full Participation in Practice,Jimmy Graham,
2021,13,CHI,TE,Cole Kmet,00-0036290,,,Full Participation in Practice,Cole Kmet,
2021,13,CHI,DT,Mario Edwards,00-0032265,Out,Ribs,Did Not Participate In Practice,Mario Edwards,OUT
2021,13,CHI,WR,Marquise Goodwin,00-0030068,Out,Foot,Did Not Participate In Practice,Marquise Goodwin,OUT
2021,13,CHI,DT,Akiem Hicks,00-0029657,Out,Ankle,Did Not Participate In Practice,Akiem Hicks,OUT
2021,13,CHI,RB,Damien Williams,00-0030874,Out,Calf,Did Not Participate In Practice,Damien Williams,OUT
2021,13,CHI,WR,Allen Robinson,00-0031428,Doubtful,Hamstring,Did Not Participate In Practice,Allen Robinson,DOUBTFUL
2021,13,CHI,QB,Justin Fields,00-0036945,Doubtful,Ribs,Limited Participation in Practice,Justin Fields,DOUBTFUL
2021,13,CHI,LB,Roquan Smith,00-0034874,Questionable,Hamstring,Limited Participation in Practice,Roquan Smith,QUESTIONABLE
2021,13,CIN,CB,Darius Phillips,00-0034683,,,Full Participation in Practice,Darius Phillips,
2021,13,CIN,RB,Chris Evans,00-0036857,Doubtful,Ankle,Did Not Participate In Practice,Chris Evans,DOUBTFUL
2021,13,CIN,DE,Khalid Kareem,00-0036341,Doubtful,Illness,Did Not Participate In Practice,Khalid Kareem,DOUBTFUL
2021,13,CIN,WR,Auden Tate,00-0034686,Doubtful,Calf,Did Not Participate In Practice,Auden Tate,DOUBTFUL
2021,13,CIN,WR,Mike Thomas,00-0033114,Doubtful,Illness,Did Not Participate In Practice,Mike Thomas,DOUBTFUL
2021,13,CIN,C,Trey Hopkins,00-0030781,Questionable,Ankle,Did Not Participate In Practice,Trey Hopkins,QUESTIONABLE
2021,13,CIN,T,Riley Reiff,00-0029672,Questionable,Ankle,Did Not Participate In Practice,Riley Reiff,QUESTIONABLE
2021,13,DAL,DE,Tarell Basham,00-0033917,,,Full Participation in Practice,Tarell Basham,
2021,13,DAL,RB,Ezekiel Elliott,00-0033045,,,Full Participation in Practice,Ezekiel Elliott,
2021,13,DAL,WR,CeeDee Lamb,00-0036358,,,Full Participation in Practice,CeeDee Lamb,
2021,13,DAL,WR,Cedrick Wilson,00-0034418,Out,Ankle,Did Not Participate In Practice,Cedrick Wilson,OUT
2021,13,DAL,WR,Malik Turner,00-0034867,Questionable,Illness,Did Not Participate In Practice,Malik Turner,QUESTIONABLE
2021,13,DAL,WR,Amari Cooper,00-0031544,Questionable,Reserve/COVID activation,Limited Participation in Practice,Amari Cooper,QUESTIONABLE
2021,13,DEN,T,Calvin Anderson,00-0034957,,,Did Not Participate In Practice,Calvin Anderson,
2021,13,DEN,QB,Teddy Bridgewater,00-0031237,,,Full Participation in Practice,Teddy Bridgewater,
2021,13,DEN,LB,Baron Browning,00-0036995,,,Full Participation in Practice,Baron Browning,
2021,13,DEN,LB,Bradley Chubb,00-0034832,,,Full Participation in Practice,Bradley Chubb,
2021,13,DEN,WR,Tyrie Cleveland,00-0036439,,,Full Participation in Practice,Tyrie Cleveland,
2021,13,DEN,CB,Ronald Darby,00-0032195,,,Full Participation in Practice,Ronald Darby,
2021,13,DEN,S,Kareem Jackson,00-0027872,,,Full Participation in Practice,Kareem Jackson,
2021,13,DEN,DT,Mike Purcell,00-0029890,,,Full Participation in Practice,Mike Purcell,
2021,13,DEN,TE,Eric Saubert,00-0033576,,,Full Participation in Practice,Eric Saubert,
2021,13,DEN,S,Caden Sterns,00-0036633,,,Full Participation in Practice,Caden Sterns,
2021,13,DEN,RB,Melvin Gordon,00-0032144,Doubtful,Shoulder,Did Not Participate In Practice,Melvin Gordon,DOUBTFUL
2021,13,DEN,T,Garett Bolles,00-0033538,Questionable,Ankle,Full Participation in Practice,Garett Bolles,QUESTIONABLE
2021,13,DEN,LB,Jonathon Cooper,00-0036952,Questionable,Neck,Limited Participation in Practice,Jonathon Cooper,QUESTIONABLE
2021,13,DEN,CB,Nate Hairston,00-0033568,Questionable,Hip,Limited Participation in Practice,Nate Hairston,QUESTIONABLE
2021,13,DEN,DE,Shelby Harris,00-0031270,Questionable,Ankle,Limited Participation in Practice,Shelby Harris,QUESTIONABLE
2021,13,DEN,T,Bobby Massie,00-0029528,Questionable,Ankle,Limited Participation in Practice,Bobby Massie,QUESTIONABLE
2021,13,DEN,G,Quinn Meinerz,00-0037001,Questionable,Knee,Limited Participation in Practice,Quinn Meinerz,QUESTIONABLE
2021,13,DEN,G,Dalton Risner,00-0035702,Questionable,Back,Limited Participation in Practice,Dalton Risner,QUESTIONABLE
2021,13,DET,WR,Trinity Benson,00-0034930,,,Full Participation in Practice,Trinity Benson,
2021,13,DET,WR,KhaDarel Hodge,00-0034854,,,Full Participation in Practice,KhaDarel Hodge,
2021,13,DET,G,Halapoulivaati Vaitai,00-0032785,,,Full Participation in Practice,Halapoulivaati Vaitai,
2021,13,DET,LB,Trey Flowers,00-0031566,Out,Knee,Did Not Participate In Practice,Trey Flowers,OUT
2021,13,DET,CB,Bobby Price,00-0036011,Out,Shoulder,Did Not Participate In Practice,Bobby Price,OUT
2021,13,DET,LB,Jalen Reeves-Maybin,00-0033557,Out,Shoulder,Did Not Participate In Practice,Jalen Reeves-Maybin,OUT
2021,13,DET,RB,D'Andre Swift,00-0036275,Out,Shoulder,Did Not Participate In Practice,D'Andre Swift,OUT
2021,13,DET,DT,John Penisini,00-0036238,Questionable,Illness,"
    ",John Penisini,QUESTIONABLE
2021,13,DET,DE,Michael Brockers,00-0029630,Questionable,Knee,Limited Participation in Practice,Michael Brockers,QUESTIONABLE
2021,13,DET,T,Matt Nelson,00-0035328,Questionable,Ankle,Limited Participation in Practice,Matt Nelson,QUESTIONABLE
2021,13,DET,T,Penei Sewell,00-0036880,Questionable,Illness,Limited Participation in Practice,Penei Sewell,QUESTIONABLE
2021,13,HOU,DE,Jacob Martin,00-0034163,,,Full Participation in Practice,Jacob Martin,
2021,13,HOU,CB,Terrance Mitchell,00-0031097,,,Full Participation in Practice,Terrance Mitchell,
2021,13,HOU,WR,Danny Amendola,00-0026035,Out,Knee,Did Not Participate In Practice,Danny Amendola,OUT
2021,13,HOU,S,Terrence Brooks,00-0031338,Out,Hamstring,Did Not Participate In Practice,Terrence Brooks,OUT
2021,13,HOU,C,Justin McCray,00-0030792,Out,Concussion,Did Not Participate In Practice,Justin McCray,OUT
2021,13,HOU,DE,DeMarcus Walker,00-0033782,Out,Hamstring,Did Not Participate In Practice,DeMarcus Walker,OUT
2021,13,HOU,QB,Deshaun Watson,00-0033537,Out,Not injury related - personal matter,Did Not Participate In Practice,Deshaun Watson,OUT
2021,13,HOU,RB,David Johnson,00-0032187,Questionable,Illness,Did Not Participate In Practice,David Johnson,QUESTIONABLE
2021,13,HOU,DT,Roy Lopez,00-0036568,Questionable,Illness,Did Not Participate In Practice,Roy Lopez,QUESTIONABLE
2021,13,HOU,WR,Chris Conley,00-0032128,Questionable,Illness,Limited Participation in Practice,Chris Conley,QUESTIONABLE
2021,13,HOU,WR,Brandin Cooks,00-0031236,Questionable,Illness,Limited Participation in Practice,Brandin Cooks,QUESTIONABLE
2021,13,HOU,DE,Jonathan Greenard,00-0036224,Questionable,Foot,Limited Participation in Practice,Jonathan Greenard,QUESTIONABLE
2021,13,HOU,C,Cole Toner,00-0032787,Questionable,Illness,Limited Participation in Practice,Cole Toner,QUESTIONABLE
2021,13,IND,T,Eric Fisher,00-0030584,,,Full Participation in Practice,Eric Fisher,
2021,13,IND,C,Ryan Kelly,00-0032383,,,Full Participation in Practice,Ryan Kelly,
2021,13,IND,LB,Shaquille Leonard,00-0034846,,,Full Participation in Practice,Shaquille Leonard,
2021,13,IND,G,Quenton Nelson,00-0034342,,,Full Participation in Practice,Quenton Nelson,
2021,13,IND,CB,Rock Ya-Sin,00-0035637,,,Full Participation in Practice,Rock Ya-Sin,
2021,13,IND,DT,DeForest Buckner,00-0032378,Questionable,Knee,Full Participation in Practice,DeForest Buckner,QUESTIONABLE
2021,13,IND,TE,Jack Doyle,00-0030181,Questionable,Knee,Full Participation in Practice,Jack Doyle,QUESTIONABLE
2021,13,IND,S,Andrew Sendejo,00-0027914,Questionable,Calf,Full Participation in Practice,Andrew Sendejo,QUESTIONABLE
2021,13,JAX,LB,Dakota Allen,00-0035670,,,Full Participation in Practice,Dakota Allen,
2021,13,JAX,CB,Tyson Campbell,00-0036974,,,Full Participation in Practice,Tyson Campbell,
2021,13,JAX,P,Logan Cooke,00-0034437,,,Full Participation in Practice,Logan Cooke,
2021,13,JAX,LB,Myles Jack,00-0032968,,,Full Participation in Practice,Myles Jack,
2021,13,JAX,LB,Damien Wilson,00-0032215,,,Full Participation in Practice,Damien Wilson,
2021,13,JAX,DT,Malcom Brown,00-0032261,,,Limited Participation in Practice,Malcom Brown,
2021,13,JAX,DT,Davon Hamilton,00-0036262,,,Limited Participation in Practice,Davon Hamilton,
2021,13,JAX,CB,Shaquill Griffin,00-0033926,Out,Concussion,Limited Participation in Practice,Shaquill Griffin,OUT
2021,13,JAX,RB,James Robinson,00-0035831,Questionable,Heel,Limited Participation in Practice,James Robinson,QUESTIONABLE
2021,13,KC,WR,Mecole Hardman,00-0035140,,,Did Not Participate In Practice,Mecole Hardman,
2021,13,KC,WR,Tyreek Hill,00-0033040,,,Did Not Participate In Practice,Tyreek Hill,
2021,13,KC,FB,Michael Burton,00-0031595,,,Full Participation in Practice,Michael Burton,
2021,13,KC,CB,Chris Lammons,00-0034145,,,Full Participation in Practice,Chris Lammons,
2021,13,KC,G,Kyle Long,00-0030441,,,Full Participation in Practice,Kyle Long,
2021,13,KC,LB,Dorian O'Daniel,00-0034781,,,Full Participation in Practice,Dorian O'Daniel,
2021,13,KC,CB,L'Jarius Sneed,00-0036374,,,Full Participation in Practice,L'Jarius Sneed,
2021,13,KC,CB,Rashad Fenton,00-0035147,Out,Knee,Did Not Participate In Practice,Rashad Fenton,OUT
2021,13,KC,T,Lucas Niang,00-0036367,Out,Ribs,Did Not Participate In Practice,Lucas Niang,OUT
2021,13,KC,RB,Clyde Edwards-Helaire,00-0036360,Questionable,Illness,Did Not Participate In Practice,Clyde Edwards-Helaire,QUESTIONABLE
2021,13,LA,WR,Ben Skowronek,00-0036862,,,Full Participation in Practice,Ben Skowronek,
2021,13,LA,RB,Buddy Howell,00-0034449,Out,Thigh,Did Not Participate In Practice,Buddy Howell,OUT
2021,13,LA,T,Rob Havenstein,00-0032242,Questionable,Foot,Did Not Participate In Practice,Rob Havenstein,QUESTIONABLE
2021,13,LA,CB,David Long,00-0035665,Questionable,Illness,Did Not Participate In Practice,David Long,QUESTIONABLE
2021,13,LA,WR,Odell Beckham,00-0031235,Questionable,Hip,Limited Participation in Practice,Odell Beckham,QUESTIONABLE
2021,13,LA,RB,Darrell Henderson,00-0035664,Questionable,Thigh,Limited Participation in Practice,Darrell Henderson,QUESTIONABLE
2021,13,LAC,CB,Tevaughn Campbell,00-0034903,,,Full Participation in Practice,Tevaughn Campbell,
2021,13,LAC,G,Matt Feiler,00-0031142,,,Full Participation in Practice,Matt Feiler,
2021,13,LAC,S,Trey Marshall,00-0034111,,,Full Participation in Practice,Trey Marshall,
2021,13,LAC,LB,Kenneth Murray,00-0036441,,,Full Participation in Practice,Kenneth Murray,
2021,13,LAC,S,Alohi Gilman,00-0036380,Out,Quadricep,Did Not Participate In Practice,Alohi Gilman,OUT
2021,13,LAC,CB,Asante Samuel,00-0036617,Out,Concussion,Did Not Participate In Practice,Asante Samuel,OUT
2021,13,LV,RB,Jalen Richard,00-0033025,,,Did Not Participate In Practice,Jalen Richard,
2021,13,LV,CB,Brandon Facyson,00-0034545,,,Full Participation in Practice,Brandon Facyson,
2021,13,LV,DT,Johnathan Hankins,00-0030063,,,Full Participation in Practice,Johnathan Hankins,
2021,13,LV,WR,Zay Jones,00-0033891,,,Full Participation in Practice,Zay Jones,
2021,13,LV,LB,Marquel Lee,00-0033956,,,Full Participation in Practice,Marquel Lee,
2021,13,LV,G,John Simpson,00-0036369,,,Full Participation in Practice,John Simpson,
2021,13,LV,DE,Carl Nassib,00-0033129,Out,Knee,Did Not Participate In Practice,Carl Nassib,OUT
2021,13,LV,LB,Patrick Onwuasor,00-0032573,Out,Hamstring,Did Not Participate In Practice,Patrick Onwuasor,OUT
2021,13,LV,TE,Darren Waller,00-0031610,Doubtful,Back,Did Not Participate In Practice,Darren Waller,DOUBTFUL
2021,13,LV,CB,Keisean Nixon,00-0035133,Questionable,Ankle,Full Participation in Practice,Keisean Nixon,QUESTIONABLE
2021,13,LV,WR,DeSean Jackson,00-0026189,Questionable,Calf,Limited Participation in Practice,DeSean Jackson,QUESTIONABLE
2021,13,LV,RB,Josh Jacobs,00-0035700,Questionable,Ankle,Limited Participation in Practice,Josh Jacobs,QUESTIONABLE
2021,13,LV,LB,Nick Kwiatkoski,00-0032773,Questionable,Ankle,Limited Participation in Practice,Nick Kwiatkoski,QUESTIONABLE
2021,13,MIA,T,Jesse Davis,00-0031893,,,Did Not Participate In Practice,Jesse Davis,
2021,13,MIA,S,Jevon Holland,00-0036998,,,Full Participation in Practice,Jevon Holland,
2021,13,MIA,G,Robert Hunt,00-0036325,,,Full Participation in Practice,Robert Hunt,
2021,13,MIA,WR,Jaylen Waddle,00-0036613,,,Full Participation in Practice,Jaylen Waddle,
2021,13,MIA,WR,Preston Williams,00-0035350,,,Full Participation in Practice,Preston Williams,
2021,13,MIA,CB,Xavien Howard,00-0033050,,,Limited Participation in Practice,Xavien Howard,
2021,13,MIA,CB,Byron Jones,00-0032239,,,Limited Participation in Practice,Byron Jones,
2021,13,MIA,RB,Phillip Lindsay,00-0034109,Doubtful,Ankle,Limited Participation in Practice,Phillip Lindsay,DOUBTFUL
2021,13,MIA,TE,Adam Shaheen,00-0033896,Doubtful,Knee,Limited Participation in Practice,Adam Shaheen,DOUBTFUL
2021,13,MIA,CB,Trill Williams,00-0036546,Doubtful,Hamstring,Limited Participation in Practice,Trill Williams,DOUBTFUL
2021,13,MIA,S,Brandon Jones,00-0036221,Questionable,Ankle,Limited Participation in Practice,Brandon Jones,QUESTIONABLE
2021,13,MIA,LB,Jaelan Phillips,00-0036934,Questionable,Hip,Limited Participation in Practice,Jaelan Phillips,QUESTIONABLE
2021,13,MIN,CB,Bashaud Breeland,00-0031052,,,Full Participation in Practice,Bashaud Breeland,
2021,13,MIN,LB,Ryan Connelly,00-0035533,,,Full Participation in Practice,Ryan Connelly,
2021,13,MIN,DT,Sheldon Richardson,00-0030573,,,Full Participation in Practice,Sheldon Richardson,
2021,13,MIN,DT,Dalvin Tomlinson,00-0033546,,,Full Participation in Practice,Dalvin Tomlinson,
2021,13,MIN,LB,Nick Vigil,00-0032892,,,Full Participation in Practice,Nick Vigil,
2021,13,MIN,DT,Armon Watts,00-0034992,,,Full Participation in Practice,Armon Watts,
2021,13,MIN,S,Camryn Bynum,00-0036629,Out,Ankle,Did Not Participate In Practice,Camryn Bynum,OUT
2021,13,MIN,RB,Dalvin Cook,00-0033893,Out,Shoulder,Did Not Participate In Practice,Dalvin Cook,OUT
2021,13,MIN,T,Christian Darrisaw,00-0036616,Out,Ankle,Did Not Participate In Practice,Christian Darrisaw,OUT
2021,13,MIN,RB,Kene Nwangwu,00-0036842,Questionable,Illness,"
    ",Kene Nwangwu,QUESTIONABLE
2021,13,MIN,CB,Mackensie Alexander,00-0032389,Questionable,Ribs,Limited Participation in Practice,Mackensie Alexander,QUESTIONABLE
2021,13,MIN,LB,Anthony Barr,00-0031256,Questionable,Knee,Limited Participation in Practice,Anthony Barr,QUESTIONABLE
2021,13,MIN,LB,Eric Kendricks,00-0031554,Questionable,Biceps,Limited Participation in Practice,Eric Kendricks,QUESTIONABLE
2021,13,NE,LB,Dont'a Hightower,00-0029669,,,Limited Participation in Practice,Dont'a Hightower,
2021,13,NE,LB,Ronnie Perkins,00-0036978,Questionable,Illness,Did Not Participate In Practice,Ronnie Perkins,QUESTIONABLE
2021,13,NE,C,David Andrews,00-0031852,Questionable,Shoulder,Limited Participation in Practice,David Andrews,QUESTIONABLE
2021,13,NE,DT,Christian Barmore,00-0036981,Questionable,Knee,Limited Participation in Practice,Christian Barmore,QUESTIONABLE
2021,13,NE,LB,Ja'Whaun Bentley,00-0034385,Questionable,Ribs,Limited Participation in Practice,Ja'Whaun Bentley,QUESTIONABLE
2021,13,NE,RB,Brandon Bolden,00-0029239,Questionable,Knee,Limited Participation in Practice,Brandon Bolden,QUESTIONABLE
2021,13,NE,T,Trenton Brown,00-0032071,Questionable,Calf,Limited Participation in Practice,Trenton Brown,QUESTIONABLE
2021,13,NE,K,Nick Folk,00-0025565,Questionable,left Knee,Limited Participation in Practice,Nick Folk,QUESTIONABLE
2021,13,NE,WR,Gunner Olszewski,00-0035645,Questionable,Ankle,Limited Participation in Practice,Gunner Olszewski,QUESTIONABLE
2021,13,NO,CB,Paulson Adebo,00-0036937,,,Full Participation in Practice,Paulson Adebo,
2021,13,NO,LB,Andrew Dowell,00-0035412,,,Full Participation in Practice,Andrew Dowell,
2021,13,NO,QB,Taysom Hill,00-0033357,,,Full Participation in Practice,Taysom Hill,
2021,13,NO,RB,Mark Ingram,00-0027966,,,Full Participation in Practice,Mark Ingram,
2021,13,NO,DE,Marcus Davenport,00-0034344,Out,Shoulder,Did Not Participate In Practice,Marcus Davenport,OUT
2021,13,NO,LB,Kaden Elliss,00-0035316,Out,Hamstring,Did Not Participate In Practice,Kaden Elliss,OUT
2021,13,NO,DE,Tanoh Kpassagnon,00-0033902,Out,Ankle,Did Not Participate In Practice,Tanoh Kpassagnon,OUT
2021,13,NO,T,Terron Armstead,00-0030067,Questionable,Knee,Did Not Participate In Practice,Terron Armstead,QUESTIONABLE
2021,13,NO,T,Ryan Ramczyk,00-0033888,Questionable,Knee,Did Not Participate In Practice,Ryan Ramczyk,QUESTIONABLE
2021,13,NO,RB,Alvin Kamara,00-0033906,Questionable,Knee,Limited Participation in Practice,Alvin Kamara,QUESTIONABLE
2021,13,NYG,LB,Trent Harris,00-0034588,Out,Ankle,Did Not Participate In Practice,Trent Harris,OUT
2021,13,NYG,CB,Adoree' Jackson,00-0033878,Out,Quadricep,Did Not Participate In Practice,Adoree' Jackson,OUT
2021,13,NYG,TE,Kaden Smith,00-0034988,Out,Knee,Did Not Participate In Practice,Kaden Smith,OUT
2021,13,NYG,QB,Daniel Jones,00-0035710,Out,Neck,Limited Participation in Practice,Daniel Jones,OUT
2021,13,NYG,WR,Kadarius Toney,00-0036913,Doubtful,Oblique,Did Not Participate In Practice,Kadarius Toney,DOUBTFUL
2021,13,NYG,WR,Sterling Shepard,00-0032385,Doubtful,Quadricep,Limited Participation in Practice,Sterling Shepard,DOUBTFUL
2021,13,NYG,T,Nate Solder,00-0027955,Questionable,Elbow,Did Not Participate In Practice,Nate Solder,QUESTIONABLE
2021,13,NYG,FB,Cullen Gillaspia,00-0035304,Questionable,Calf,Limited Participation in Practice,Cullen Gillaspia,QUESTIONABLE
2021,13,NYG,WR,John Ross,00-0033460,Questionable,Illness,Limited Participation in Practice,John Ross,QUESTIONABLE
2021,13,NYG,TE,Kyle Rudolph,00-0027981,Questionable,Ankle,Limited Participation in Practice,Kyle Rudolph,QUESTIONABLE
2021,13,NYJ,LB,C.J. Mosley,00-0031296,,,Full Participation in Practice,C.J. Mosley,
2021,13,NYJ,QB,Zach Wilson,00-0037013,,,Full Participation in Practice,Zach Wilson,
2021,13,NYJ,DT,Sheldon Rankins,00-0032759,Doubtful,Knee,Did Not Participate In Practice,Sheldon Rankins,DOUBTFUL
2021,13,NYJ,TE,Trevon Wesco,00-0035259,Doubtful,Ankle,Did Not Participate In Practice,Trevon Wesco,DOUBTFUL
2021,13,NYJ,DT,Folorunso Fatukasi,00-0034275,Questionable,Back,Full Participation in Practice,Folorunso Fatukasi,QUESTIONABLE
2021,13,NYJ,DE,John Franklin-Myers,00-0034805,Questionable,Hip,Full Participation in Practice,John Franklin-Myers,QUESTIONABLE
2021,13,NYJ,T,Morgan Moses,00-0031330,Questionable,Knee,Full Participation in Practice,Morgan Moses,QUESTIONABLE
2021,13,NYJ,LB,Quincy Williams,00-0035680,Questionable,Calf,Full Participation in Practice,Quincy Williams,QUESTIONABLE
2021,13,NYJ,WR,Corey Davis,00-0033871,Questionable,Groin,Limited Participation in Practice,Corey Davis,QUESTIONABLE
2021,13,PHI,DE,Derek Barnett,00-0033876,,,Full Participation in Practice,Derek Barnett,
2021,13,PHI,DT,Fletcher Cox,00-0029653,,,Full Participation in Practice,Fletcher Cox,
2021,13,PHI,LB,T.J. Edwards,00-0035386,,,Full Participation in Practice,T.J. Edwards,
2021,13,PHI,DE,Tarron Jackson,00-0036921,,,Full Participation in Practice,Tarron Jackson,
2021,13,PHI,T,Lane Johnson,00-0030561,,,Full Participation in Practice,Lane Johnson,
2021,13,PHI,C,Jason Kelce,00-0028129,,,Full Participation in Practice,Jason Kelce,
2021,13,PHI,RB,Miles Sanders,00-0035243,,,Full Participation in Practice,Miles Sanders,
2021,13,PHI,WR,DeVonta Smith,00-0036912,,,Full Participation in Practice,DeVonta Smith,
2021,13,PHI,DE,Josh Sweat,00-0034381,,,Full Participation in Practice,Josh Sweat,
2021,13,PHI,RB,Jordan Howard,00-0032780,Out,Knee,Did Not Participate In Practice,Jordan Howard,OUT
2021,13,PHI,RB,Boston Scott,00-0034414,Questionable,Illness,Did Not Participate In Practice,Boston Scott,QUESTIONABLE
2021,13,PHI,QB,Jalen Hurts,00-0036389,Questionable,Ankle,Limited Participation in Practice,Jalen Hurts,QUESTIONABLE
2021,13,PIT,DT,Cameron Heyward,00-0027969,,,Did Not Participate In Practice,Cameron Heyward,
2021,13,PIT,DE,Isaiahh Loudermilk,00-0036843,,,Did Not Participate In Practice,Isaiahh Loudermilk,
2021,13,PIT,LB,Robert Spillane,00-0034720,,,Did Not Participate In Practice,Robert Spillane,
2021,13,PIT,T,Zach Banner,00-0033785,,,Full Participation in Practice,Zach Banner,
2021,13,PIT,WR,Chase Claypool,00-0036326,,,Full Participation in Practice,Chase Claypool,
2021,13,PIT,TE,Pat Freiermuth,00-0036894,,,Full Participation in Practice,Pat Freiermuth,
2021,13,PIT,LS,Christian Kuntz,00-0034051,,,Full Participation in Practice,Christian Kuntz,
2021,13,PIT,CB,Arthur Maulet,00-0033503,,,Full Participation in Practice,Arthur Maulet,
2021,13,PIT,QB,Ben Roethlisberger,00-0022924,,,Full Participation in Practice,Ben Roethlisberger,
2021,13,PIT,G,Trai Turner,00-0031362,,,Full Participation in Practice,Trai Turner,
2021,13,PIT,DE,Isaiah Buggs,00-0035219,Out,Ankle,Did Not Participate In Practice,Isaiah Buggs,OUT
2021,13,PIT,CB,Joe Haden,00-0027860,Out,Foot,Did Not Participate In Practice,Joe Haden,OUT
2021,13,SEA,LB,Cody Barton,00-0035672,,,Full Participation in Practice,Cody Barton,
2021,13,SEA,G,Kyle Fuller,00-0033592,,,Full Participation in Practice,Kyle Fuller,
2021,13,SEA,WR,Penny Hart,00-0035022,,,Full Participation in Practice,Penny Hart,
2021,13,SEA,G,Gabe Jackson,00-0031367,,,Full Participation in Practice,Gabe Jackson,
2021,13,SEA,CB,D.J. Reed,00-0034384,,,Full Participation in Practice,D.J. Reed,
2021,13,SEA,DT,Al Woods,00-0027723,,,Full Participation in Practice,Al Woods,
2021,13,SEA,T,Duane Brown,00-0026166,,,Limited Participation in Practice,Duane Brown,
2021,13,SEA,LB,Carlos Dunlap,00-0027662,,,Limited Participation in Practice,Carlos Dunlap,
2021,13,SEA,WR,DK Metcalf,00-0035640,,,Limited Participation in Practice,DK Metcalf,
2021,13,SEA,T,Brandon Shell,00-0032420,,,Limited Participation in Practice,Brandon Shell,
2021,13,SEA,G,Damien Lewis,00-0036417,Doubtful,Elbow,Did Not Participate In Practice,Damien Lewis,DOUBTFUL
2021,13,SEA,RB,Travis Homer,00-0035594,Questionable,Calf,Full Participation in Practice,Travis Homer,QUESTIONABLE
2021,13,SEA,RB,Rashaad Penny,00-0034750,Questionable,Hamstring,Full Participation in Practice,Rashaad Penny,QUESTIONABLE
2021,13,SEA,RB,Alex Collins,00-0032426,Questionable,Abdomen,Limited Participation in Practice,Alex Collins,QUESTIONABLE
2021,13,SF,DE,Nick Bosa,00-0035717,,,Full Participation in Practice,Nick Bosa,
2021,13,SF,RB,Jamycal Hasty,00-0035806,,,Full Participation in Practice,Jamycal Hasty,
2021,13,SF,C,Alex Mack,00-0026997,,,Full Participation in Practice,Alex Mack,
2021,13,SF,RB,Elijah Mitchell,00-0036567,,,Full Participation in Practice,Elijah Mitchell,
2021,13,SF,DE,Kentavius Street,00-0034320,,,Full Participation in Practice,Kentavius Street,
2021,13,SF,T,Trent Williams,00-0027857,,,Full Participation in Practice,Trent Williams,
2021,13,SF,LB,Dre Greenlaw,00-0034982,Out,Groin,Did Not Participate In Practice,Dre Greenlaw,OUT
2021,13,SF,DT,Maurice Hurst,00-0034746,Out,Calf,Did Not Participate In Practice,Maurice Hurst,OUT
2021,13,SF,WR,Deebo Samuel,00-0035719,Out,Groin,Did Not Participate In Practice,Deebo Samuel,OUT
2021,13,SF,RB,Trey Sermon,00-0036984,Out,Ankle,Did Not Participate In Practice,Trey Sermon,OUT
2021,13,SF,LB,Fred Warner,00-0034815,Doubtful,Hamstring,Did Not Participate In Practice,Fred Warner,DOUBTFUL
2021,13,SF,LB,Marcell Harris,00-0034730,Questionable,Concussion,Did Not Participate In Practice,Marcell Harris,QUESTIONABLE
2021,13,TB,WR,Antonio Brown,00-0027793,,,Did Not Participate In Practice,Antonio Brown,
2021,13,TB,S,Mike Edwards,00-0035681,,,Did Not Participate In Practice,Mike Edwards,
2021,13,TB,TE,Rob Gronkowski,00-0027656,,,Did Not Participate In Practice,Rob Gronkowski,
2021,13,TB,LB,Jason Pierre-Paul,00-0027867,,,Did Not Participate In Practice,Jason Pierre-Paul,
2021,13,TB,G,Aaron Stinnie,00-0034668,,,Did Not Participate In Practice,Aaron Stinnie,
2021,13,TB,DT,Ndamukong Suh,00-0027855,,,Did Not Participate In Practice,Ndamukong Suh,
2021,13,TB,QB,Tom Brady,00-0019596,,,Full Participation in Practice,Tom Brady,
2021,13,TB,DE,William Gholston,00-0030386,,,Full Participation in Practice,William Gholston,
2021,13,TB,DT,Steve McLendon,00-0026564,,,Full Participation in Practice,Steve McLendon,
2021,13,TB,DT,Vita Vea,00-0034773,,,Full Participation in Practice,Vita Vea,
2021,13,TB,WR,Jaelon Darden,00-0036877,Out,Concussion,Limited Participation in Practice,Jaelon Darden,OUT
2021,13,TB,S,Jordan Whitehead,00-0034374,Out,Calf,Limited Participation in Practice,Jordan Whitehead,OUT
2021,13,TB,CB,Jamel Dean,00-0035699,Questionable,Shoulder,Full Participation in Practice,Jamel Dean,QUESTIONABLE
2021,13,TB,G,Ali Marpet,00-0032243,Questionable,Abdomen,Full Participation in Practice,Ali Marpet,QUESTIONABLE
2021,13,TB,LB,Devin White,00-0035707,Questionable,Quadricep,Full Participation in Practice,Devin White,QUESTIONABLE
2021,13,WAS,CB,Benjamin St-Juste,00-0036625,,,Did Not Participate In Practice,Benjamin St-Juste,
2021,13,WAS,RB,Antonio Gibson,00-0036328,,,Full Participation in Practice,Antonio Gibson,
2021,13,WAS,G,Brandon Scherff,00-0032053,,,Limited Participation in Practice,Brandon Scherff,
2021,13,WAS,TE,Logan Thomas,00-0031260,,,Limited Participation in Practice,Logan Thomas,
2021,13,WAS,S,Landon Collins,00-0032262,Out,Foot,Did Not Participate In Practice,Landon Collins,OUT
2021,13,WAS,RB,J.D. McKissic,00-0032602,Out,Concussion,Did Not Participate In Practice,J.D. McKissic,OUT
2021,13,WAS,G,Wes Schweitzer,00-0032432,Out,Ankle,Did Not Participate In Practice,Wes Schweitzer,OUT
2021,13,WAS,G,Ereck Flowers,00-0032259,Questionable,Foot,Did Not Participate In Practice,Ereck Flowers,QUESTIONABLE
2021,13,WAS,C,Tyler Larsen,00-0030869,Questionable,Knee,Limited Participation in Practice,Tyler Larsen,QUESTIONABLE
2021,13,WAS,WR,Curtis Samuel,00-0033282,Questionable,Groin,Limited Participation in Practice,Curtis Samuel,QUESTIONABLE
2021,13,WAS,TE,Ricky Seals-Jones,00-0033611,Questionable,Hip,Limited Participation in Practice,Ricky Seals-Jones,QUESTIONABLE
2021,14,ARI,S,Budda Baker,00-0033890,,,Did Not Participate In Practice,Budda Baker,
2021,14,ARI,T,Kelvin Beachum,00-0029316,,,Did Not Participate In Practice,Kelvin Beachum,
2021,14,ARI,C,Rodney Hudson,00-0027993,,,Did Not Participate In Practice,Rodney Hudson,
2021,14,ARI,TE,Zach Ertz,00-0030061,,,Full Participation in Practice,Zach Ertz,
2021,14,ARI,CB,Byron Murphy,00-0035236,,,Full Participation in Practice,Byron Murphy,
2021,14,ARI,RB,Jonathan Ward,00-0035924,,,Full Participation in Practice,Jonathan Ward,
2021,14,ARI,DT,Zach Kerr,00-0031105,Out,Ribs,Did Not Participate In Practice,Zach Kerr,OUT
2021,14,ARI,G,Justin Pugh,00-0030585,Questionable,Calf,Limited Participation in Practice,Justin Pugh,QUESTIONABLE
2021,14,ATL,RB,Wayne Gallman,00-0033950,,,Did Not Participate In Practice,Wayne Gallman,
2021,14,ATL,G,Chris Lindstrom,00-0035630,,,Did Not Participate In Practice,Chris Lindstrom,
2021,14,ATL,RB,Cordarrelle Patterson,00-0030578,,,Did Not Participate In Practice,Cordarrelle Patterson,
2021,14,ATL,TE,Lee Smith,00-0028097,,,Did Not Participate In Practice,Lee Smith,
2021,14,ATL,DE,Jonathan Bullard,00-0033093,,,Full Participation in Practice,Jonathan Bullard,
2021,14,ATL,CB,Fabian Moreau,00-0033918,,,Full Participation in Practice,Fabian Moreau,
2021,14,ATL,S,Richie Grant,00-0036961,Questionable,Ankle,Limited Participation in Practice,Richie Grant,QUESTIONABLE
2021,14,ATL,LB,Adetokunbo Ogundeji,00-0036949,Questionable,Ankle,Limited Participation in Practice,Adetokunbo Ogundeji,QUESTIONABLE
2021,14,BAL,LB,Justin Houston,00-0028008,,,Did Not Participate In Practice,Justin Houston,
2021,14,BAL,CB,Jimmy Smith,00-0027965,,,Did Not Participate In Practice,Jimmy Smith,
2021,14,BAL,T,Alejandro Villanueva,00-0030648,,,Did Not Participate In Practice,Alejandro Villanueva,
2021,14,BAL,DT,Brandon Williams,00-0030511,,,Did Not Participate In Practice,Brandon Williams,
2021,14,BAL,DE,Calais Campbell,00-0026190,,,Full Participation in Practice,Calais Campbell,
2021,14,BAL,LB,Jaylon Ferguson,00-0035651,,,Full Participation in Practice,Jaylon Ferguson,
2021,14,BAL,CB,Kevon Seymour,00-0032942,,,Full Participation in Practice,Kevon Seymour,
2021,14,BAL,S,Chuck Clark,00-0033294,,,Limited Participation in Practice,Chuck Clark,
2021,14,BAL,T,Patrick Mekari,00-0035112,Out,Hand,Did Not Participate In Practice,Patrick Mekari,OUT
2021,14,BAL,WR,Miles Boykin,00-0035703,Doubtful,Finger,Limited Participation in Practice,Miles Boykin,DOUBTFUL
2021,14,BAL,CB,Anthony Averett,00-0034265,Questionable,Knee,Full Participation in Practice,Anthony Averett,QUESTIONABLE
2021,14,BAL,S,Brandon Stephens,00-0036987,Questionable,Shoulder,Full Participation in Practice,Brandon Stephens,QUESTIONABLE
2021,14,BAL,CB,Chris Westry,00-0035422,Questionable,Thigh,Full Participation in Practice,Chris Westry,QUESTIONABLE
2021,14,BAL,TE,Nick Boyle,00-0031598,Questionable,Illness,Limited Participation in Practice,Nick Boyle,QUESTIONABLE
2021,14,BAL,S,Anthony Levine,00-0027539,Questionable,Knee,Limited Participation in Practice,Anthony Levine,QUESTIONABLE
2021,14,BAL,FB,Patrick Ricard,00-0033376,Questionable,Back,Limited Participation in Practice,Patrick Ricard,QUESTIONABLE
2021,14,BUF,WR,Cole Beasley,00-0029000,,,Did Not Participate In Practice,Cole Beasley,
2021,14,BUF,WR,Emmanuel Sanders,00-0027685,,,Did Not Participate In Practice,Emmanuel Sanders,
2021,14,BUF,DT,Ed Oliver,00-0035230,,,Full Participation in Practice,Ed Oliver,
2021,14,BUF,DT,Star Lotulelei,00-0030455,Out,Toe,Did Not Participate In Practice,Star Lotulelei,OUT
2021,14,BUF,TE,Tommy Sweeney,00-0035308,Out,Hip,Did Not Participate In Practice,Tommy Sweeney,OUT
2021,14,BUF,FB,Reggie Gilliam,00-0036187,Questionable,Ankle,Full Participation in Practice,Reggie Gilliam,QUESTIONABLE
2021,14,BUF,DE,Efe Obada,00-0031500,Questionable,Hip,Full Participation in Practice,Efe Obada,QUESTIONABLE
2021,14,CAR,DT,DaQuan Jones,00-0031054,,,Did Not Participate In Practice,DaQuan Jones,
2021,14,CAR,CB,Rashaan Melvin,00-0029901,,,Did Not Participate In Practice,Rashaan Melvin,
2021,14,CAR,G,Michael Jordan,00-0035266,Out,Hamstring,Did Not Participate In Practice,Michael Jordan,OUT
2021,14,CAR,G,John Miller,00-0032149,Out,Ankle,Did Not Participate In Practice,John Miller,OUT
2021,14,CHI,DT,Angelo Blackson,00-0032107,,,Full Participation in Practice,Angelo Blackson,
2021,14,CHI,QB,Justin Fields,00-0036945,,,Full Participation in Practice,Justin Fields,
2021,14,CHI,LB,Trevis Gipson,00-0036305,,,Full Participation in Practice,Trevis Gipson,
2021,14,CHI,TE,Jimmy Graham,00-0027696,,,Full Participation in Practice,Jimmy Graham,
2021,14,CHI,LB,Christian Jones,00-0031130,,,Full Participation in Practice,Christian Jones,
2021,14,CHI,RB,David Montgomery,00-0035685,,,Full Participation in Practice,David Montgomery,
2021,14,CHI,WR,Allen Robinson,00-0031428,,,Full Participation in Practice,Allen Robinson,
2021,14,CHI,K,Cairo Santos,00-0031203,,,Full Participation in Practice,Cairo Santos,
2021,14,CHI,S,Teez Tabor,00-0033545,,,Full Participation in Practice,Teez Tabor,
2021,14,CHI,RB,Damien Williams,00-0030874,,,Full Participation in Practice,Damien Williams,
2021,14,CHI,LB,Cassius Marsh,00-0031175,Out,Knee,Did Not Participate In Practice,Cassius Marsh,OUT
2021,14,CHI,QB,Andy Dalton,00-0027973,Doubtful,left Hand,Did Not Participate In Practice,Andy Dalton,DOUBTFUL
2021,14,CHI,WR,Marquise Goodwin,00-0030068,Doubtful,Foot,Did Not Participate In Practice,Marquise Goodwin,DOUBTFUL
2021,14,CHI,DT,Mario Edwards,00-0032265,Questionable,Ribs,Full Participation in Practice,Mario Edwards,QUESTIONABLE
2021,14,CHI,DT,Akiem Hicks,00-0029657,Questionable,Ankle,Full Participation in Practice,Akiem Hicks,QUESTIONABLE
2021,14,CIN,LB,Joe Bachie,00-0035895,,,Full Participation in Practice,Joe Bachie,
2021,14,CIN,QB,Joe Burrow,00-0036442,,,Full Participation in Practice,Joe Burrow,
2021,14,CIN,C,Trey Hopkins,00-0030781,,,Full Participation in Practice,Trey Hopkins,
2021,14,CIN,DT,D.J. Reader,00-0032424,,,Full Participation in Practice,D.J. Reader,
2021,14,CIN,T,Riley Reiff,00-0029672,,,Full Participation in Practice,Riley Reiff,
2021,14,CIN,RB,Chris Evans,00-0036857,Out,Ankle,Did Not Participate In Practice,Chris Evans,OUT
2021,14,CIN,LB,Logan Wilson,00-0036294,Out,Shoulder,Did Not Participate In Practice,Logan Wilson,OUT
2021,14,CIN,DT,Tyler Shelvin,00-0036851,Doubtful,Illness,Did Not Participate In Practice,Tyler Shelvin,DOUBTFUL
2021,14,CIN,LB,Markus Bailey,00-0036314,Doubtful,Neck,Limited Participation in Practice,Markus Bailey,DOUBTFUL
2021,14,CIN,RB,Joe Mixon,00-0033897,Questionable,Illness,Did Not Participate In Practice,Joe Mixon,QUESTIONABLE
2021,14,CIN,CB,Chidobe Awuzie,00-0033548,Questionable,Foot,Limited Participation in Practice,Chidobe Awuzie,QUESTIONABLE
2021,14,CIN,WR,Tee Higgins,00-0036410,Questionable,Ankle,Limited Participation in Practice,Tee Higgins,QUESTIONABLE
2021,14,CLE,DE,Jadeveon Clowney,00-0031364,,,Full Participation in Practice,Jadeveon Clowney,
2021,14,CLE,QB,Baker Mayfield,00-0034855,,,Full Participation in Practice,Baker Mayfield,
2021,14,CLE,LB,Sione Takitaki,00-0035646,,,Full Participation in Practice,Sione Takitaki,
2021,14,CLE,WR,Jarvis Landry,00-0031382,,,Limited Participation in Practice,Jarvis Landry,
2021,14,CLE,C,J.C. Tretter,00-0030076,,,Limited Participation in Practice,J.C. Tretter,
2021,14,CLE,TE,Harrison Bryant,00-0036232,Out,Ankle,Did Not Participate In Practice,Harrison Bryant,OUT
2021,14,CLE,WR,Anthony Schwartz,00-0036999,Out,Concussion,Did Not Participate In Practice,Anthony Schwartz,OUT
2021,14,CLE,CB,Greg Newsome,00-0036996,Out,Concussion,Full Participation in Practice,Greg Newsome,OUT
2021,14,CLE,LB,Jacob Phillips,00-0036276,Questionable,Biceps,"
    ",Jacob Phillips,QUESTIONABLE
2021,14,CLE,DT,Jordan Elliott,00-0036266,Questionable,Knee,Limited Participation in Practice,Jordan Elliott,QUESTIONABLE
2021,14,CLE,S,Ronnie Harrison,00-0034779,Questionable,Ankle,Limited Participation in Practice,Ronnie Harrison,QUESTIONABLE
2021,14,CLE,DT,Malik Jackson,00-0029568,Questionable,Knee,Limited Participation in Practice,Malik Jackson,QUESTIONABLE
2021,14,DAL,WR,Noah Brown,00-0033591,,,Did Not Participate In Practice,Noah Brown,
2021,14,DAL,RB,Ezekiel Elliott,00-0033045,,,Full Participation in Practice,Ezekiel Elliott,
2021,14,DAL,TE,Sean McKeon,00-0036032,,,Full Participation in Practice,Sean McKeon,
2021,14,DAL,WR,Cedrick Wilson,00-0034418,,,Full Participation in Practice,Cedrick Wilson,
2021,14,DAL,LB,Micah Parsons,00-0036932,,,Limited Participation in Practice,Micah Parsons,
2021,14,DAL,RB,Tony Pollard,00-0035261,Questionable,Foot,Did Not Participate In Practice,Tony Pollard,QUESTIONABLE
2021,14,DEN,TE,Andrew Beck,00-0034959,,,Full Participation in Practice,Andrew Beck,
2021,14,DEN,QB,Teddy Bridgewater,00-0031237,,,Full Participation in Practice,Teddy Bridgewater,
2021,14,DEN,CB,Mike Ford,00-0034639,,,Full Participation in Practice,Mike Ford,
2021,14,DEN,T,Bobby Massie,00-0029528,,,Full Participation in Practice,Bobby Massie,
2021,14,DEN,DT,Mike Purcell,00-0029890,,,Full Participation in Practice,Mike Purcell,
2021,14,DEN,LB,Malik Reed,00-0034954,,,Full Participation in Practice,Malik Reed,
2021,14,DEN,S,Caden Sterns,00-0036633,,,Full Participation in Practice,Caden Sterns,
2021,14,DEN,LB,Bradley Chubb,00-0034832,Questionable,Shoulder,Limited Participation in Practice,Bradley Chubb,QUESTIONABLE
2021,14,DEN,RB,Melvin Gordon,00-0032144,Questionable,Hip,Limited Participation in Practice,Melvin Gordon,QUESTIONABLE
2021,14,DEN,DE,Shelby Harris,00-0031270,Questionable,Ankle,Limited Participation in Practice,Shelby Harris,QUESTIONABLE
2021,14,DET,LB,Rashod Berry,00-0036086,,,Full Participation in Practice,Rashod Berry,
2021,14,DET,T,Taylor Decker,00-0032381,,,Full Participation in Practice,Taylor Decker,
2021,14,DET,QB,Jared Goff,00-0033106,,,Full Participation in Practice,Jared Goff,
2021,14,DET,T,Will Holden,00-0033788,,,Full Participation in Practice,Will Holden,
2021,14,DET,RB,Jermar Jefferson,00-0036670,,,Full Participation in Practice,Jermar Jefferson,
2021,14,DET,G,Tommy Kraemer,00-0036749,,,Full Participation in Practice,Tommy Kraemer,
2021,14,DET,LB,Jessie Lemonier,00-0035906,,,Full Participation in Practice,Jessie Lemonier,
2021,14,DET,CB,Bobby Price,00-0036011,,,Limited Participation in Practice,Bobby Price,
2021,14,DET,LB,Julian Okwara,00-0036249,Out,Ankle,Did Not Participate In Practice,Julian Okwara,OUT
2021,14,DET,LB,Jalen Reeves-Maybin,00-0033557,Out,Shoulder,Did Not Participate In Practice,Jalen Reeves-Maybin,OUT
2021,14,DET,RB,D'Andre Swift,00-0036275,Out,Shoulder,Did Not Participate In Practice,D'Andre Swift,OUT
2021,14,DET,TE,T.J. Hockenson,00-0035229,Doubtful,Hand,Did Not Participate In Practice,T.J. Hockenson,DOUBTFUL
2021,14,DET,LB,Austin Bryant,00-0035531,Questionable,Shoulder,Did Not Participate In Practice,Austin Bryant,QUESTIONABLE
2021,14,DET,LB,Charles Harris,00-0033880,Questionable,Illness,Did Not Participate In Practice,Charles Harris,QUESTIONABLE
2021,14,DET,DT,Alim McNeill,00-0036624,Questionable,Illness,Did Not Participate In Practice,Alim McNeill,QUESTIONABLE
2021,14,DET,DE,Levi Onwuzurike,00-0036954,Questionable,Illness,Did Not Participate In Practice,Levi Onwuzurike,QUESTIONABLE
2021,14,DET,DE,Michael Brockers,00-0029630,Questionable,Knee,Limited Participation in Practice,Michael Brockers,QUESTIONABLE
2021,14,DET,G,Jonah Jackson,00-0036258,Questionable,Illness,Limited Participation in Practice,Jonah Jackson,QUESTIONABLE
2021,14,DET,T,Matt Nelson,00-0035328,Questionable,Ankle,Limited Participation in Practice,Matt Nelson,QUESTIONABLE
2021,14,DET,K,Riley Patterson,00-0036816,Questionable,Illness,Limited Participation in Practice,Riley Patterson,QUESTIONABLE
2021,14,DET,DT,John Penisini,00-0036238,Questionable,Illness,Limited Participation in Practice,John Penisini,QUESTIONABLE
2021,14,DET,T,Penei Sewell,00-0036880,Questionable,Illness,Limited Participation in Practice,Penei Sewell,QUESTIONABLE
2021,14,DET,G,Halapoulivaati Vaitai,00-0032785,Questionable,Illness,Limited Participation in Practice,Halapoulivaati Vaitai,QUESTIONABLE
2021,14,DET,DE,Nicholas Williams,00-0030500,Questionable,Illness,Limited Participation in Practice,Nicholas Williams,QUESTIONABLE
2021,14,GB,CB,Kevin King,00-0033524,,,Full Participation in Practice,Kevin King,
2021,14,GB,TE,Marcedes Lewis,00-0024243,,,Full Participation in Practice,Marcedes Lewis,
2021,14,GB,WR,Malik Taylor,00-0035480,,,Full Participation in Practice,Malik Taylor,
2021,14,GB,WR,Davante Adams,00-0031381,,,Limited Participation in Practice,Davante Adams,
2021,14,GB,QB,Aaron Rodgers,00-0023459,,,Limited Participation in Practice,Aaron Rodgers,
2021,14,GB,WR,Marquez Valdes-Scantling,00-0034272,,,Limited Participation in Practice,Marquez Valdes-Scantling,
2021,14,GB,T,David Bakhtiari,00-0030074,Out,Knee,Did Not Participate In Practice,David Bakhtiari,OUT
2021,14,GB,WR,Randall Cobb,00-0028002,Out,Core,Did Not Participate In Practice,Randall Cobb,OUT
2021,14,GB,LB,De'Vondre Campbell,00-0032401,Questionable,Illness,Limited Participation in Practice,De'Vondre Campbell,QUESTIONABLE
2021,14,HOU,C,Justin Britt,00-0031282,,,Full Participation in Practice,Justin Britt,
2021,14,HOU,WR,Nico Collins,00-0036554,,,Full Participation in Practice,Nico Collins,
2021,14,HOU,DT,Maliek Collins,00-0033131,,,Full Participation in Practice,Maliek Collins,
2021,14,HOU,T,Tytus Howard,00-0035234,,,Full Participation in Practice,Tytus Howard,
2021,14,HOU,RB,David Johnson,00-0032187,,,Full Participation in Practice,David Johnson,
2021,14,HOU,LB,Christian Kirksey,00-0031361,,,Full Participation in Practice,Christian Kirksey,
2021,14,HOU,DE,Jacob Martin,00-0034163,,,Full Participation in Practice,Jacob Martin,
2021,14,HOU,C,Justin McCray,00-0030792,,,Full Participation in Practice,Justin McCray,
2021,14,HOU,CB,Terrance Mitchell,00-0031097,,,Full Participation in Practice,Terrance Mitchell,
2021,14,HOU,QB,Tyrod Taylor,00-0028118,,,Full Participation in Practice,Tyrod Taylor,
2021,14,HOU,RB,Rex Burkhead,00-0030288,,,Limited Participation in Practice,Rex Burkhead,
2021,14,HOU,S,Terrence Brooks,00-0031338,Out,Hamstring,Did Not Participate In Practice,Terrence Brooks,OUT
2021,14,HOU,QB,Deshaun Watson,00-0033537,Out,Not injury related - personal matter,Did Not Participate In Practice,Deshaun Watson,OUT
2021,14,HOU,LB,Kevin Pierre-Louis,00-0031308,Questionable,Hamstring,Did Not Participate In Practice,Kevin Pierre-Louis,QUESTIONABLE
2021,14,HOU,WR,Brandin Cooks,00-0031236,Questionable,Back,Limited Participation in Practice,Brandin Cooks,QUESTIONABLE
2021,14,HOU,DE,Jonathan Greenard,00-0036224,Questionable,Foot,Limited Participation in Practice,Jonathan Greenard,QUESTIONABLE
2021,14,HOU,TE,Brevin Jordan,00-0036556,Questionable,Hand,Limited Participation in Practice,Brevin Jordan,QUESTIONABLE
2021,14,HOU,S,A.J. Moore,00-0034594,Questionable,Hip,Limited Participation in Practice,A.J. Moore,QUESTIONABLE
2021,14,HOU,CB,Jimmy Moreland,00-0035307,Questionable,Foot,Limited Participation in Practice,Jimmy Moreland,QUESTIONABLE
2021,14,JAX,DE,Josh Allen,00-0035642,,,Full Participation in Practice,Josh Allen,
2021,14,JAX,T,Ben Bartch,00-0036272,,,Full Participation in Practice,Ben Bartch,
2021,14,JAX,DT,Malcom Brown,00-0032261,,,Full Participation in Practice,Malcom Brown,
2021,14,JAX,CB,Tyson Campbell,00-0036974,,,Full Participation in Practice,Tyson Campbell,
2021,14,JAX,CB,Shaquill Griffin,00-0033926,,,Full Participation in Practice,Shaquill Griffin,
2021,14,JAX,LB,Myles Jack,00-0032968,,,Full Participation in Practice,Myles Jack,
2021,14,JAX,WR,Marvin Jones,00-0029293,,,Full Participation in Practice,Marvin Jones,
2021,14,JAX,CB,Nevin Lawson,00-0031176,,,Full Participation in Practice,Nevin Lawson,
2021,14,JAX,DE,Lerentee McCray,00-0029799,,,Full Participation in Practice,Lerentee McCray,
2021,14,JAX,G,Andrew Norwell,00-0031122,,,Full Participation in Practice,Andrew Norwell,
2021,14,JAX,RB,James Robinson,00-0035831,,,Full Participation in Practice,James Robinson,
2021,14,JAX,C,Brandon Linder,00-0031369,Out,Back,Did Not Participate In Practice,Brandon Linder,OUT
2021,14,KC,FB,Michael Burton,00-0031595,,,Full Participation in Practice,Michael Burton,
2021,14,KC,CB,Mike Hughes,00-0034843,,,Full Participation in Practice,Mike Hughes,
2021,14,KC,DT,Chris Jones,00-0032762,,,Full Participation in Practice,Chris Jones,
2021,14,KC,S,Juan Thornhill,00-0035625,,,Full Participation in Practice,Juan Thornhill,
2021,14,KC,CB,Chris Lammons,00-0034145,Out,Ankle,Did Not Participate In Practice,Chris Lammons,OUT
2021,14,KC,CB,L'Jarius Sneed,00-0036374,Questionable,Not injury related - personal matter,"
    ",L'Jarius Sneed,QUESTIONABLE
2021,14,KC,CB,Rashad Fenton,00-0035147,Questionable,Knee,Limited Participation in Practice,Rashad Fenton,QUESTIONABLE
2021,14,KC,T,Lucas Niang,00-0036367,Questionable,Ribs,Limited Participation in Practice,Lucas Niang,QUESTIONABLE
2021,14,LA,WR,Odell Beckham,00-0031235,,,Did Not Participate In Practice,Odell Beckham,
2021,14,LA,DT,Aaron Donald,00-0031388,,,Did Not Participate In Practice,Aaron Donald,
2021,14,LA,CB,Robert Rochell,00-0036904,,,Did Not Participate In Practice,Robert Rochell,
2021,14,LA,T,Andrew Whitworth,00-0024270,,,Did Not Participate In Practice,Andrew Whitworth,
2021,14,LA,G,David Edwards,00-0035668,,,Full Participation in Practice,David Edwards,
2021,14,LA,WR,Cooper Kupp,00-0033908,,,Full Participation in Practice,Cooper Kupp,
2021,14,LA,LB,Von Miller,00-0027940,,,Full Participation in Practice,Von Miller,
2021,14,LA,RB,Darrell Henderson,00-0035664,,,Limited Participation in Practice,Darrell Henderson,
2021,14,LA,C,Brian Allen,00-0034804,Doubtful,Knee,Did Not Participate In Practice,Brian Allen,DOUBTFUL
2021,14,LA,CB,Donte Deayon,00-0032641,Questionable,Illness,Did Not Participate In Practice,Donte Deayon,QUESTIONABLE
2021,14,LA,LB,Terrell Lewis,00-0036419,Questionable,Back,Limited Participation in Practice,Terrell Lewis,QUESTIONABLE
2021,14,LAC,RB,Austin Ekeler,00-0033699,,,Full Participation in Practice,Austin Ekeler,
2021,14,LAC,G,Matt Feiler,00-0031142,,,Full Participation in Practice,Matt Feiler,
2021,14,LAC,DT,Linval Joseph,00-0027885,,,Full Participation in Practice,Linval Joseph,
2021,14,LAC,C,Corey Linsley,00-0031019,,,Full Participation in Practice,Corey Linsley,
2021,14,LAC,S,Trey Marshall,00-0034111,,,Full Participation in Practice,Trey Marshall,
2021,14,LAC,LB,Kyler Fackrell,00-0032955,Out,Knee,Did Not Participate In Practice,Kyler Fackrell,OUT
2021,14,LAC,S,Alohi Gilman,00-0036380,Out,Quadricep,Did Not Participate In Practice,Alohi Gilman,OUT
2021,14,LAC,CB,Asante Samuel,00-0036617,Out,Concussion,Limited Participation in Practice,Asante Samuel,OUT
2021,14,LAC,DT,Justin Jones,00-0034677,Questionable,Ankle,Full Participation in Practice,Justin Jones,QUESTIONABLE
2021,14,LV,RB,Kenyan Drake,00-0033118,,,Did Not Participate In Practice,Kenyan Drake,
2021,14,LV,LB,Nick Kwiatkoski,00-0032773,,,Did Not Participate In Practice,Nick Kwiatkoski,
2021,14,LV,S,Johnathan Abram,00-0035693,,,Full Participation in Practice,Johnathan Abram,
2021,14,LV,DT,Johnathan Hankins,00-0030063,,,Full Participation in Practice,Johnathan Hankins,
2021,14,LV,CB,Nate Hobbs,00-0036871,,,Full Participation in Practice,Nate Hobbs,
2021,14,LV,RB,Josh Jacobs,00-0035700,,,Full Participation in Practice,Josh Jacobs,
2021,14,LV,LB,Cory Littleton,00-0032677,,,Full Participation in Practice,Cory Littleton,
2021,14,LV,DE,Yannick Ngakoue,00-0033123,,,Full Participation in Practice,Yannick Ngakoue,
2021,14,LV,FB,Sutton Smith,00-0035218,,,Full Participation in Practice,Sutton Smith,
2021,14,LV,DT,Quinton Jefferson,00-0032416,,,Limited Participation in Practice,Quinton Jefferson,
2021,14,LV,LB,Marquel Lee,00-0033956,,,Limited Participation in Practice,Marquel Lee,
2021,14,LV,DE,Carl Nassib,00-0033129,Out,Knee,Did Not Participate In Practice,Carl Nassib,OUT
2021,14,LV,LB,Patrick Onwuasor,00-0032573,Out,Hamstring,Did Not Participate In Practice,Patrick Onwuasor,OUT
2021,14,LV,TE,Darren Waller,00-0031610,Out,Knee,Did Not Participate In Practice,Darren Waller,OUT
2021,14,LV,LB,Denzel Perryman,00-0032103,Doubtful,Ankle,Did Not Participate In Practice,Denzel Perryman,DOUBTFUL
2021,14,MIN,CB,Mackensie Alexander,00-0032389,,,Full Participation in Practice,Mackensie Alexander,
2021,14,MIN,LB,Anthony Barr,00-0031256,,,Full Participation in Practice,Anthony Barr,
2021,14,MIN,CB,Bashaud Breeland,00-0031052,,,Full Participation in Practice,Bashaud Breeland,
2021,14,MIN,LB,Ryan Connelly,00-0035533,,,Full Participation in Practice,Ryan Connelly,
2021,14,MIN,LB,Eric Kendricks,00-0031554,,,Full Participation in Practice,Eric Kendricks,
2021,14,MIN,CB,Patrick Peterson,00-0027943,,,Full Participation in Practice,Patrick Peterson,
2021,14,MIN,T,Christian Darrisaw,00-0036616,Out,Ankle,Did Not Participate In Practice,Christian Darrisaw,OUT
2021,14,MIN,WR,Adam Thielen,00-0030035,Out,Ankle,Did Not Participate In Practice,Adam Thielen,OUT
2021,14,MIN,S,Camryn Bynum,00-0036629,Questionable,Ankle,Full Participation in Practice,Camryn Bynum,QUESTIONABLE
2021,14,MIN,RB,Dalvin Cook,00-0033893,Questionable,Shoulder,Limited Participation in Practice,Dalvin Cook,QUESTIONABLE
2021,14,MIN,LB,Blake Lynch,00-0035984,Questionable,Hip,Limited Participation in Practice,Blake Lynch,QUESTIONABLE
2021,14,NO,QB,Taysom Hill,00-0033357,,,Full Participation in Practice,Taysom Hill,
2021,14,NO,RB,Alvin Kamara,00-0033906,,,Full Participation in Practice,Alvin Kamara,
2021,14,NO,T,Terron Armstead,00-0030067,,,Limited Participation in Practice,Terron Armstead,
2021,14,NO,DE,Marcus Davenport,00-0034344,,,Limited Participation in Practice,Marcus Davenport,
2021,14,NO,T,Ryan Ramczyk,00-0033888,Out,Knee,Did Not Participate In Practice,Ryan Ramczyk,OUT
2021,14,NO,LB,Pete Werner,00-0036927,Out,Elbow,Did Not Participate In Practice,Pete Werner,OUT
2021,14,NO,LB,Kaden Elliss,00-0035316,Out,Hamstring,Limited Participation in Practice,Kaden Elliss,OUT
2021,14,NO,WR,Lil'Jordan Humphrey,00-0035406,Questionable,Hamstring,Did Not Participate In Practice,Lil'Jordan Humphrey,QUESTIONABLE
2021,14,NYG,RB,Saquon Barkley,00-0034844,,,Limited Participation in Practice,Saquon Barkley,
2021,14,NYG,QB,Mike Glennon,00-0030520,,,Limited Participation in Practice,Mike Glennon,
2021,14,NYG,CB,Adoree' Jackson,00-0033878,Out,Quadricep,Did Not Participate In Practice,Adoree' Jackson,OUT
2021,14,NYG,QB,Daniel Jones,00-0035710,Out,Neck,Limited Participation in Practice,Daniel Jones,OUT
2021,14,NYG,WR,Kadarius Toney,00-0036913,Out,Oblique,Limited Participation in Practice,Kadarius Toney,OUT
2021,14,NYG,DT,Danny Shelton,00-0032143,Questionable,Calf,Did Not Participate In Practice,Danny Shelton,QUESTIONABLE
2021,14,NYG,WR,Kenny Golladay,00-0033932,Questionable,Rib,Limited Participation in Practice,Kenny Golladay,QUESTIONABLE
2021,14,NYG,WR,Sterling Shepard,00-0032385,Questionable,Quadricep,Limited Participation in Practice,Sterling Shepard,QUESTIONABLE
2021,14,NYJ,LB,Hamsah Nasirildeen,00-0036503,,,Full Participation in Practice,Hamsah Nasirildeen,
2021,14,NYJ,QB,Zach Wilson,00-0037013,,,Full Participation in Practice,Zach Wilson,
2021,14,NYJ,CB,Michael Carter,00-0036501,Out,Concussion,Did Not Participate In Practice,Michael Carter,OUT
2021,14,NYJ,RB,Tevin Coleman,00-0032058,Out,Concussion,Did Not Participate In Practice,Tevin Coleman,OUT
2021,14,NYJ,TE,Trevon Wesco,00-0035259,Out,Ankle,Did Not Participate In Practice,Trevon Wesco,OUT
2021,14,NYJ,WR,Elijah Moore,00-0036980,Questionable,Quadricep,Did Not Participate In Practice,Elijah Moore,QUESTIONABLE
2021,14,NYJ,DE,John Franklin-Myers,00-0034805,Questionable,Hip,Full Participation in Practice,John Franklin-Myers,QUESTIONABLE
2021,14,NYJ,TE,Ryan Griffin,00-0030108,Questionable,Knee,Full Participation in Practice,Ryan Griffin,QUESTIONABLE
2021,14,NYJ,LB,C.J. Mosley,00-0031296,Questionable,Back,Full Participation in Practice,C.J. Mosley,QUESTIONABLE
2021,14,NYJ,DT,Sheldon Rankins,00-0032759,Questionable,Knee,Full Participation in Practice,Sheldon Rankins,QUESTIONABLE
2021,14,NYJ,G,Laurent Duvernay-Tardif,00-0031022,Questionable,Ankle,Limited Participation in Practice,Laurent Duvernay-Tardif,QUESTIONABLE
2021,14,PIT,WR,Chase Claypool,00-0036326,,,Full Participation in Practice,Chase Claypool,
2021,14,PIT,DT,Cameron Heyward,00-0027969,,,Full Participation in Practice,Cameron Heyward,
2021,14,PIT,QB,Ben Roethlisberger,00-0022924,,,Full Participation in Practice,Ben Roethlisberger,
2021,14,PIT,G,Trai Turner,00-0031362,,,Full Participation in Practice,Trai Turner,
2021,14,PIT,DE,Isaiah Buggs,00-0035219,Out,Ankle,Did Not Participate In Practice,Isaiah Buggs,OUT
2021,14,PIT,C,B.J. Finney,00-0031779,Out,Back,Did Not Participate In Practice,B.J. Finney,OUT
2021,14,PIT,CB,Joe Haden,00-0027860,Out,Foot,Did Not Participate In Practice,Joe Haden,OUT
2021,14,PIT,LB,Robert Spillane,00-0034720,Out,Knee,Did Not Participate In Practice,Robert Spillane,OUT
2021,14,SEA,T,Duane Brown,00-0026166,,,Did Not Participate In Practice,Duane Brown,
2021,14,SEA,LB,Carlos Dunlap,00-0027662,,,Did Not Participate In Practice,Carlos Dunlap,
2021,14,SEA,G,Gabe Jackson,00-0031367,,,Did Not Participate In Practice,Gabe Jackson,
2021,14,SEA,DT,Al Woods,00-0027723,,,Did Not Participate In Practice,Al Woods,
2021,14,SEA,T,Jake Curhan,00-0036795,,,Full Participation in Practice,Jake Curhan,
2021,14,SEA,G,Damien Lewis,00-0036417,,,Full Participation in Practice,Damien Lewis,
2021,14,SEA,WR,DK Metcalf,00-0035640,,,Full Participation in Practice,DK Metcalf,
2021,14,SEA,DT,Bryan Mone,00-0035094,,,Full Participation in Practice,Bryan Mone,
2021,14,SEA,CB,D.J. Reed,00-0034384,,,Full Participation in Practice,D.J. Reed,
2021,14,SEA,RB,Alex Collins,00-0032426,,,Limited Participation in Practice,Alex Collins,
2021,14,SEA,S,Jamal Adams,00-0033872,Out,Shoulder,Did Not Participate In Practice,Jamal Adams,OUT
2021,14,SEA,G,Kyle Fuller,00-0033592,Out,Calf,Did Not Participate In Practice,Kyle Fuller,OUT
2021,14,SEA,RB,Travis Homer,00-0035594,Out,Calf,Did Not Participate In Practice,Travis Homer,OUT
2021,14,SEA,T,Brandon Shell,00-0032420,Out,Shoulder,Did Not Participate In Practice,Brandon Shell,OUT
2021,14,SEA,S,Quandre Diggs,00-0031608,Questionable,Calf,Limited Participation in Practice,Quandre Diggs,QUESTIONABLE
2021,14,SF,DE,Nick Bosa,00-0035717,,,Full Participation in Practice,Nick Bosa,
2021,14,SF,LB,Marcell Harris,00-0034730,,,Full Participation in Practice,Marcell Harris,
2021,14,SF,C,Alex Mack,00-0026997,,,Full Participation in Practice,Alex Mack,
2021,14,SF,LB,Fred Warner,00-0034815,,,Full Participation in Practice,Fred Warner,
2021,14,SF,T,Trent Williams,00-0027857,,,Full Participation in Practice,Trent Williams,
2021,14,SF,RB,Jeffery Wilson,00-0034115,,,Full Participation in Practice,Jeffery Wilson,
2021,14,SF,RB,Trenton Cannon,00-0034164,Out,Concussion,Did Not Participate In Practice,Trenton Cannon,OUT
2021,14,SF,LB,Dre Greenlaw,00-0034982,Out,Groin,Did Not Participate In Practice,Dre Greenlaw,OUT
2021,14,SF,DT,Maurice Hurst,00-0034746,Out,Calf,Did Not Participate In Practice,Maurice Hurst,OUT
2021,14,SF,RB,Elijah Mitchell,00-0036567,Out,Concussion,Did Not Participate In Practice,Elijah Mitchell,OUT
2021,14,SF,CB,Emmanuel Moseley,00-0034096,Out,Ankle,Did Not Participate In Practice,Emmanuel Moseley,OUT
2021,14,SF,CB,Dontae Johnson,00-0031061,Questionable,Not injury related - personal matter,Did Not Participate In Practice,Dontae Johnson,QUESTIONABLE
2021,14,SF,WR,Deebo Samuel,00-0035719,Questionable,Groin,Limited Participation in Practice,Deebo Samuel,QUESTIONABLE
2021,14,TB,TE,Rob Gronkowski,00-0027656,,,Did Not Participate In Practice,Rob Gronkowski,
2021,14,TB,LB,Jason Pierre-Paul,00-0027867,,,Did Not Participate In Practice,Jason Pierre-Paul,
2021,14,TB,DT,Ndamukong Suh,00-0027855,,,Did Not Participate In Practice,Ndamukong Suh,
2021,14,TB,G,Ali Marpet,00-0032243,,,Full Participation in Practice,Ali Marpet,
2021,14,TB,DT,Vita Vea,00-0034773,,,Limited Participation in Practice,Vita Vea,
2021,14,TB,S,Jordan Whitehead,00-0034374,Out,Calf,Did Not Participate In Practice,Jordan Whitehead,OUT
2021,14,TB,WR,Jaelon Darden,00-0036877,Questionable,Concussion,Full Participation in Practice,Jaelon Darden,QUESTIONABLE
2021,14,TB,CB,Jamel Dean,00-0035699,Questionable,Concussion,Full Participation in Practice,Jamel Dean,QUESTIONABLE
2021,14,TB,DE,William Gholston,00-0030386,Questionable,Wrist,Limited Participation in Practice,William Gholston,QUESTIONABLE
2021,14,TB,C,Ryan Jensen,00-0029895,Questionable,Ankle,Limited Participation in Practice,Ryan Jensen,QUESTIONABLE
2021,14,TEN,LB,Olasunkanmi Adeniyi,00-0034204,,,Full Participation in Practice,Olasunkanmi Adeniyi,
2021,14,TEN,DE,Denico Autry,00-0031254,,,Full Participation in Practice,Denico Autry,
2021,14,TEN,LB,Jayon Brown,00-0033954,,,Full Participation in Practice,Jayon Brown,
2021,14,TEN,G,Nate Davis,00-0035649,,,Full Participation in Practice,Nate Davis,
2021,14,TEN,LB,Rashaan Evans,00-0034743,,,Full Participation in Practice,Rashaan Evans,
2021,14,TEN,CB,Greg Mabin,00-0033430,,,Full Participation in Practice,Greg Mabin,
2021,14,TEN,RB,Jeremy McNichols,00-0033955,,,Full Participation in Practice,Jeremy McNichols,
2021,14,TEN,CB,Elijah Molden,00-0036992,,,Full Participation in Practice,Elijah Molden,
2021,14,TEN,LB,Harold Landry,00-0034828,,,Limited Participation in Practice,Harold Landry,
2021,14,TEN,LB,Zach Cunningham,00-0033547,Out,Not Injury Related,Did Not Participate In Practice,Zach Cunningham,OUT
2021,14,TEN,TE,Tommy Hudson,00-0036173,Out,Ankle,Did Not Participate In Practice,Tommy Hudson,OUT
2021,14,TEN,CB,Janoris Jenkins,00-0029681,Out,Ankle,Did Not Participate In Practice,Janoris Jenkins,OUT
2021,14,TEN,LB,David Long,00-0035292,Out,Hamstring,Did Not Participate In Practice,David Long,OUT
2021,14,TEN,DT,Teair Tart,00-0036181,Out,Ankle,Did Not Participate In Practice,Teair Tart,OUT
2021,14,WAS,C,Tyler Larsen,00-0030869,,,Full Participation in Practice,Tyler Larsen,
2021,14,WAS,G,Brandon Scherff,00-0032053,,,Full Participation in Practice,Brandon Scherff,
2021,14,WAS,TE,Ricky Seals-Jones,00-0033611,,,Full Participation in Practice,Ricky Seals-Jones,
2021,14,WAS,DT,Jonathan Allen,00-0033523,,,Limited Participation in Practice,Jonathan Allen,
2021,14,WAS,LB,Jordan Kunaszyk,00-0035444,Out,Hamstring,Did Not Participate In Practice,Jordan Kunaszyk,OUT
2021,14,WAS,G,Wes Schweitzer,00-0032432,Out,Ankle,Did Not Participate In Practice,Wes Schweitzer,OUT
2021,14,WAS,LB,Jamin Davis,00-0036614,Questionable,Concussion,Full Participation in Practice,Jamin Davis,QUESTIONABLE
2021,14,WAS,S,Landon Collins,00-0032262,Questionable,Foot,Limited Participation in Practice,Landon Collins,QUESTIONABLE
2021,14,WAS,RB,J.D. McKissic,00-0032602,Questionable,Concussion,Limited Participation in Practice,J.D. McKissic,QUESTIONABLE
2021,14,WAS,WR,Curtis Samuel,00-0033282,Questionable,Groin,Limited Participation in Practice,Curtis Samuel,QUESTIONABLE
2021,15,ARI,CB,Robert Alford,00-0030528,Out,Pectoral,Did Not Participate In Practice,Robert Alford,OUT
2021,15,ARI,WR,DeAndre Hopkins,00-0030564,Out,Knee,Did Not Participate In Practice,DeAndre Hopkins,OUT
2021,15,ARI,RB,James Conner,00-0033553,Questionable,Ankle,Limited Participation in Practice,James Conner,QUESTIONABLE
2021,15,ARI,TE,Zach Ertz,00-0030061,Questionable,Hamstring,Limited Participation in Practice,Zach Ertz,QUESTIONABLE
2021,15,ARI,DT,Leki Fotu,00-0036371,Questionable,Shoulder,Limited Participation in Practice,Leki Fotu,QUESTIONABLE
2021,15,ARI,DT,Zach Kerr,00-0031105,Questionable,Ribs,Limited Participation in Practice,Zach Kerr,QUESTIONABLE
2021,15,ARI,DT,Corey Peters,00-0027686,Questionable,Knee,Limited Participation in Practice,Corey Peters,QUESTIONABLE
2021,15,ARI,DE,Jordan Phillips,00-0031557,Questionable,Thumb,Limited Participation in Practice,Jordan Phillips,QUESTIONABLE
2021,15,ARI,G,Justin Pugh,00-0030585,Questionable,Calf,Limited Participation in Practice,Justin Pugh,QUESTIONABLE
2021,15,ATL,RB,Cordarrelle Patterson,00-0030578,,,Did Not Participate In Practice,Cordarrelle Patterson,
2021,15,ATL,TE,Lee Smith,00-0028097,,,Did Not Participate In Practice,Lee Smith,
2021,15,ATL,S,Richie Grant,00-0036961,,,Full Participation in Practice,Richie Grant,
2021,15,ATL,TE,Hayden Hurst,00-0034830,,,Full Participation in Practice,Hayden Hurst,
2021,15,ATL,LB,Adetokunbo Ogundeji,00-0036949,,,Full Participation in Practice,Adetokunbo Ogundeji,
2021,15,ATL,DT,Grady Jarrett,00-0031583,,,Limited Participation in Practice,Grady Jarrett,
2021,15,ATL,S,Erik Harris,00-0032320,Out,Chest,Did Not Participate In Practice,Erik Harris,OUT
2021,15,ATL,LB,Dante Fowler,00-0032052,Questionable,Calf,Limited Participation in Practice,Dante Fowler,QUESTIONABLE
2021,15,BAL,LB,Justin Houston,00-0028008,,,Did Not Participate In Practice,Justin Houston,
2021,15,BAL,DT,Brandon Williams,00-0030511,,,Did Not Participate In Practice,Brandon Williams,
2021,15,BAL,CB,Tavon Young,00-0032770,,,Did Not Participate In Practice,Tavon Young,
2021,15,BAL,WR,Miles Boykin,00-0035703,,,Full Participation in Practice,Miles Boykin,
2021,15,BAL,WR,Tylan Wallace,00-0036630,,,Full Participation in Practice,Tylan Wallace,
2021,15,BAL,WR,Sammy Watkins,00-0031325,,,Full Participation in Practice,Sammy Watkins,
2021,15,BAL,G,Ben Powers,00-0034978,Out,Foot,Did Not Participate In Practice,Ben Powers,OUT
2021,15,BAL,DE,Calais Campbell,00-0026190,Doubtful,Thigh,Did Not Participate In Practice,Calais Campbell,DOUBTFUL
2021,15,BAL,QB,Lamar Jackson,00-0034796,Questionable,Ankle,Did Not Participate In Practice,Lamar Jackson,QUESTIONABLE
2021,15,BAL,T,Alejandro Villanueva,00-0030648,Questionable,Knee,Full Participation in Practice,Alejandro Villanueva,QUESTIONABLE
2021,15,BAL,TE,Nick Boyle,00-0031598,Questionable,Knee,Limited Participation in Practice,Nick Boyle,QUESTIONABLE
2021,15,BAL,WR,Marquise Brown,00-0035662,Questionable,Illness,Limited Participation in Practice,Marquise Brown,QUESTIONABLE
2021,15,BAL,G,Patrick Mekari,00-0035112,Questionable,Hand,Limited Participation in Practice,Patrick Mekari,QUESTIONABLE
2021,15,BAL,G,Tyre Phillips,00-0036214,Questionable,Illness,Limited Participation in Practice,Tyre Phillips,QUESTIONABLE
2021,15,BAL,FB,Patrick Ricard,00-0033376,Questionable,Back,Limited Participation in Practice,Patrick Ricard,QUESTIONABLE
2021,15,BAL,CB,Chris Westry,00-0035422,Questionable,Knee,Limited Participation in Practice,Chris Westry,QUESTIONABLE
2021,15,BUF,DE,Mario Addison,00-0028339,,,Did Not Participate In Practice,Mario Addison,
2021,15,BUF,WR,Cole Beasley,00-0029000,,,Did Not Participate In Practice,Cole Beasley,
2021,15,BUF,WR,Stefon Diggs,00-0031588,,,Did Not Participate In Practice,Stefon Diggs,
2021,15,BUF,QB,Josh Allen,00-0034857,,,Full Participation in Practice,Josh Allen,
2021,15,BUF,DE,Jerry Hughes,00-0027881,,,Full Participation in Practice,Jerry Hughes,
2021,15,BUF,TE,Tommy Sweeney,00-0035308,,,Full Participation in Practice,Tommy Sweeney,
2021,15,BUF,WR,Emmanuel Sanders,00-0027685,Doubtful,Knee,Did Not Participate In Practice,Emmanuel Sanders,DOUBTFUL
2021,15,BUF,DE,A.J. Epenesa,00-0036192,Questionable,Ankle,Limited Participation in Practice,A.J. Epenesa,QUESTIONABLE
2021,15,BUF,RB,Taiwan Jones,00-0028063,Questionable,Knee,Limited Participation in Practice,Taiwan Jones,QUESTIONABLE
2021,15,BUF,DT,Star Lotulelei,00-0030455,Questionable,Toe,Limited Participation in Practice,Star Lotulelei,QUESTIONABLE
2021,15,CAR,QB,Matt Barkley,00-0030533,,,Did Not Participate In Practice,Matt Barkley,
2021,15,CAR,LB,Jermaine Carter,00-0034396,,,Full Participation in Practice,Jermaine Carter,
2021,15,CAR,CB,A.J. Bouye,00-0030228,Out,Foot,Did Not Participate In Practice,A.J. Bouye,OUT
2021,15,CAR,G,John Miller,00-0032149,Questionable,Ankle,Full Participation in Practice,John Miller,QUESTIONABLE
2021,15,CAR,G,Michael Jordan,00-0035266,Questionable,Hamstring,Limited Participation in Practice,Michael Jordan,QUESTIONABLE
2021,15,CAR,WR,D.J. Moore,00-0034827,Questionable,Hamstring,Limited Participation in Practice,D.J. Moore,QUESTIONABLE
2021,15,CHI,QB,Andy Dalton,00-0027973,,,Did Not Participate In Practice,Andy Dalton,
2021,15,CHI,G,James Daniels,00-0034347,,,Full Participation in Practice,James Daniels,
2021,15,CHI,QB,Justin Fields,00-0036945,,,Full Participation in Practice,Justin Fields,
2021,15,CHI,TE,Jimmy Graham,00-0027696,,,Full Participation in Practice,Jimmy Graham,
2021,15,CHI,WR,Jakeem Grant,00-0032791,,,Full Participation in Practice,Jakeem Grant,
2021,15,CHI,RB,Khalil Herbert,00-0036906,,,Full Participation in Practice,Khalil Herbert,
2021,15,CHI,TE,Jesper Horsted,00-0035562,,,Full Participation in Practice,Jesper Horsted,
2021,15,CHI,T,Teven Jenkins,00-0036953,,,Full Participation in Practice,Teven Jenkins,
2021,15,CHI,TE,Cole Kmet,00-0036290,,,Full Participation in Practice,Cole Kmet,
2021,15,CHI,RB,David Montgomery,00-0035685,,,Full Participation in Practice,David Montgomery,
2021,15,CHI,CB,Xavier Crawford,00-0035293,Out,Concussion,Did Not Participate In Practice,Xavier Crawford,OUT
2021,15,CHI,S,DeAndre Houston-Carson,00-0032790,Out,Forearm,Did Not Participate In Practice,DeAndre Houston-Carson,OUT
2021,15,CHI,T,Jason Peters,00-0022531,Out,Ankle,Did Not Participate In Practice,Jason Peters,OUT
2021,15,CHI,WR,Marquise Goodwin,00-0030068,Doubtful,Foot,Did Not Participate In Practice,Marquise Goodwin,DOUBTFUL
2021,15,CHI,DT,Khyiris Tonga,00-0036909,Doubtful,Shoulder,Did Not Participate In Practice,Khyiris Tonga,DOUBTFUL
2021,15,CHI,DT,Akiem Hicks,00-0029657,Questionable,Ankle,Full Participation in Practice,Akiem Hicks,QUESTIONABLE
2021,15,CHI,LB,Roquan Smith,00-0034874,Questionable,Hamstring,Full Participation in Practice,Roquan Smith,QUESTIONABLE
2021,15,CIN,CB,Chidobe Awuzie,00-0033548,,,Did Not Participate In Practice,Chidobe Awuzie,
2021,15,CIN,G,Hakeem Adeniji,00-0036310,,,Full Participation in Practice,Hakeem Adeniji,
2021,15,CIN,RB,Chris Evans,00-0036857,,,Full Participation in Practice,Chris Evans,
2021,15,CIN,LS,Clark Harris,00-0025630,,,Full Participation in Practice,Clark Harris,
2021,15,CIN,DE,Trey Hendrickson,00-0033935,,,Full Participation in Practice,Trey Hendrickson,
2021,15,CIN,WR,Tee Higgins,00-0036410,,,Full Participation in Practice,Tee Higgins,
2021,15,CIN,C,Trey Hopkins,00-0030781,,,Full Participation in Practice,Trey Hopkins,
2021,15,CIN,WR,Stanley Morgan,00-0035399,,,Full Participation in Practice,Stanley Morgan,
2021,15,CIN,DT,D.J. Reader,00-0032424,,,Full Participation in Practice,D.J. Reader,
2021,15,CIN,DT,Josh Tupou,00-0033347,,,Full Participation in Practice,Josh Tupou,
2021,15,CIN,QB,Joe Burrow,00-0036442,,,Limited Participation in Practice,Joe Burrow,
2021,15,CIN,G,Quinton Spain,00-0032043,,,Limited Participation in Practice,Quinton Spain,
2021,15,CIN,T,Riley Reiff,00-0029672,Out,Ankle,Did Not Participate In Practice,Riley Reiff,OUT
2021,15,CIN,LB,Logan Wilson,00-0036294,Out,Shoulder,Did Not Participate In Practice,Logan Wilson,OUT
2021,15,CIN,CB,Vernon Hargreaves,00-0032758,Questionable,Illness,Did Not Participate In Practice,Vernon Hargreaves,QUESTIONABLE
2021,15,CIN,C,Trey Hill,00-0036856,Questionable,Illness,Did Not Participate In Practice,Trey Hill,QUESTIONABLE
2021,15,CIN,T,Isaiah Prince,00-0035295,Questionable,Illness,Did Not Participate In Practice,Isaiah Prince,QUESTIONABLE
2021,15,CIN,LB,Markus Bailey,00-0036314,Questionable,Neck,Full Participation in Practice,Markus Bailey,QUESTIONABLE
2021,15,CLE,DE,Jadeveon Clowney,00-0031364,,,Did Not Participate In Practice,Jadeveon Clowney,
2021,15,CLE,CB,Troy Hill,00-0031785,,,Did Not Participate In Practice,Troy Hill,
2021,15,CLE,QB,Baker Mayfield,00-0034855,,,Full Participation in Practice,Baker Mayfield,
2021,15,CLE,LB,Sione Takitaki,00-0035646,,,Full Participation in Practice,Sione Takitaki,
2021,15,CLE,G,Joel Bitonio,00-0031426,,,Limited Participation in Practice,Joel Bitonio,
2021,15,CLE,DE,Myles Garrett,00-0033868,,,Limited Participation in Practice,Myles Garrett,
2021,15,CLE,S,Ronnie Harrison,00-0034779,,,Limited Participation in Practice,Ronnie Harrison,
2021,15,CLE,C,J.C. Tretter,00-0030076,,,Limited Participation in Practice,J.C. Tretter,
2021,15,CLE,RB,Kareem Hunt,00-0033923,Out,Ankle,Did Not Participate In Practice,Kareem Hunt,OUT
2021,15,CLE,CB,Greg Newsome,00-0036996,Out,Concussion,Did Not Participate In Practice,Greg Newsome,OUT
2021,15,CLE,WR,Anthony Schwartz,00-0036999,Out,Concussion,Did Not Participate In Practice,Anthony Schwartz,OUT
2021,15,CLE,TE,Harrison Bryant,00-0036232,Questionable,Ankle,Limited Participation in Practice,Harrison Bryant,QUESTIONABLE
2021,15,CLE,DT,Malik Jackson,00-0029568,Questionable,Knee,Limited Participation in Practice,Malik Jackson,QUESTIONABLE
2021,15,DAL,RB,Ezekiel Elliott,00-0033045,,,Full Participation in Practice,Ezekiel Elliott,
2021,15,DAL,CB,Kelvin Joseph,00-0036935,,,Full Participation in Practice,Kelvin Joseph,
2021,15,DAL,TE,Sean McKeon,00-0036032,,,Full Participation in Practice,Sean McKeon,
2021,15,DAL,DE,Demarcus Lawrence,00-0031411,,,Limited Participation in Practice,Demarcus Lawrence,
2021,15,DAL,T,Tyron Smith,00-0027947,Out,Ankle,Did Not Participate In Practice,Tyron Smith,OUT
2021,15,DAL,RB,Tony Pollard,00-0035261,Questionable,Foot,Limited Participation in Practice,Tony Pollard,QUESTIONABLE
2021,15,DEN,TE,Andrew Beck,00-0034959,,,Full Participation in Practice,Andrew Beck,
2021,15,DEN,LB,Bradley Chubb,00-0034832,,,Full Participation in Practice,Bradley Chubb,
2021,15,DEN,WR,Tim Patrick,00-0033375,,,Full Participation in Practice,Tim Patrick,
2021,15,DEN,DT,Mike Purcell,00-0029890,,,Full Participation in Practice,Mike Purcell,
2021,15,DEN,LB,Stephen Weatherly,00-0032448,,,Full Participation in Practice,Stephen Weatherly,
2021,15,DEN,DE,Dre'Mont Jones,00-0035678,Doubtful,Foot,Did Not Participate In Practice,Dre'Mont Jones,DOUBTFUL
2021,15,DEN,LB,Kenny Young,00-0034266,Doubtful,Concussion,Did Not Participate In Practice,Kenny Young,DOUBTFUL
2021,15,DEN,RB,Melvin Gordon,00-0032144,Questionable,Thumb,Limited Participation in Practice,Melvin Gordon,QUESTIONABLE
2021,15,DEN,CB,Nate Hairston,00-0033568,Questionable,Neck,Limited Participation in Practice,Nate Hairston,QUESTIONABLE
2021,15,DEN,DE,Shelby Harris,00-0031270,Questionable,Ankle,Limited Participation in Practice,Shelby Harris,QUESTIONABLE
2021,15,DEN,S,Kareem Jackson,00-0027872,Questionable,Back,Limited Participation in Practice,Kareem Jackson,QUESTIONABLE
2021,15,DEN,T,Bobby Massie,00-0029528,Questionable,Hip,Limited Participation in Practice,Bobby Massie,QUESTIONABLE
2021,15,DEN,CB,Caden Sterns,00-0036633,Questionable,Shoulder,Limited Participation in Practice,Caden Sterns,QUESTIONABLE
2021,15,DEN,RB,Javonte Williams,00-0036997,Questionable,Knee,Limited Participation in Practice,Javonte Williams,QUESTIONABLE
2021,15,DET,S,Jalen Elliott,00-0036010,,,Did Not Participate In Practice,Jalen Elliott,
2021,15,DET,TE,T.J. Hockenson,00-0035229,,,Did Not Participate In Practice,T.J. Hockenson,
2021,15,DET,LB,Derrick Barnes,00-0036964,,,Full Participation in Practice,Derrick Barnes,
2021,15,DET,LB,Austin Bryant,00-0035531,,,Full Participation in Practice,Austin Bryant,
2021,15,DET,T,Penei Sewell,00-0036880,,,Full Participation in Practice,Penei Sewell,
2021,15,DET,LB,Julian Okwara,00-0036249,Out,Ankle,Did Not Participate In Practice,Julian Okwara,OUT
2021,15,DET,RB,D'Andre Swift,00-0036275,Out,Shoulder,Did Not Participate In Practice,D'Andre Swift,OUT
2021,15,DET,S,Tracy Walker,00-0034745,Questionable,Illness,"
    ",Tracy Walker,QUESTIONABLE
2021,15,DET,T,Will Holden,00-0033788,Questionable,Not injury related - personal matter,Did Not Participate In Practice,Will Holden,QUESTIONABLE
2021,15,DET,G,Jonah Jackson,00-0036258,Questionable,Back,Did Not Participate In Practice,Jonah Jackson,QUESTIONABLE
2021,15,DET,LB,Alex Anzalone,00-0033914,Questionable,Ankle,Limited Participation in Practice,Alex Anzalone,QUESTIONABLE
2021,15,DET,DE,Michael Brockers,00-0029630,Questionable,Knee,Limited Participation in Practice,Michael Brockers,QUESTIONABLE
2021,15,DET,LB,Jalen Reeves-Maybin,00-0033557,Questionable,Shoulder,Limited Participation in Practice,Jalen Reeves-Maybin,QUESTIONABLE
2021,15,DET,WR,Josh Reynolds,00-0033943,Questionable,Thigh,Limited Participation in Practice,Josh Reynolds,QUESTIONABLE
2021,15,GB,QB,Aaron Rodgers,00-0023459,,,Did Not Participate In Practice,Aaron Rodgers,
2021,15,GB,P,Corey Bojorquez,00-0034721,,,Full Participation in Practice,Corey Bojorquez,
2021,15,GB,TE,Marcedes Lewis,00-0024243,,,Full Participation in Practice,Marcedes Lewis,
2021,15,GB,RB,Aaron Jones,00-0033293,,,Limited Participation in Practice,Aaron Jones,
2021,15,GB,TE,Dominique Dafney,00-0036456,Out,Ankle,Did Not Participate In Practice,Dominique Dafney,OUT
2021,15,GB,G,Billy Turner,00-0031433,Out,Knee,Did Not Participate In Practice,Billy Turner,OUT
2021,15,GB,T,David Bakhtiari,00-0030074,Out,Knee,Limited Participation in Practice,David Bakhtiari,OUT
2021,15,GB,WR,Equanimeous St. Brown,00-0034279,Doubtful,Concussion,Did Not Participate In Practice,Equanimeous St. Brown,DOUBTFUL
2021,15,GB,WR,Malik Taylor,00-0035480,Questionable,Abdomen,Limited Participation in Practice,Malik Taylor,QUESTIONABLE
2021,15,GB,WR,Marquez Valdes-Scantling,00-0034272,Questionable,Back,Limited Participation in Practice,Marquez Valdes-Scantling,QUESTIONABLE
2021,15,HOU,S,Terrence Brooks,00-0031338,,,Did Not Participate In Practice,Terrence Brooks,
2021,15,HOU,CB,Terrance Mitchell,00-0031097,,,Did Not Participate In Practice,Terrance Mitchell,
2021,15,HOU,C,Justin Britt,00-0031282,,,Full Participation in Practice,Justin Britt,
2021,15,HOU,TE,Pharaoh Brown,00-0033439,,,Full Participation in Practice,Pharaoh Brown,
2021,15,HOU,QB,Tyrod Taylor,00-0028118,,,Full Participation in Practice,Tyrod Taylor,
2021,15,HOU,CB,Jimmy Moreland,00-0035307,Out,Illness,"
    ",Jimmy Moreland,OUT
2021,15,HOU,S,Justin Reid,00-0034361,Out,Concussion,Did Not Participate In Practice,Justin Reid,OUT
2021,15,HOU,QB,Deshaun Watson,00-0033537,Out,Not injury related - personal matter,Did Not Participate In Practice,Deshaun Watson,OUT
2021,15,HOU,TE,Brevin Jordan,00-0036556,Questionable,Hand,Did Not Participate In Practice,Brevin Jordan,QUESTIONABLE
2021,15,HOU,RB,Rex Burkhead,00-0030288,Questionable,Hip,Limited Participation in Practice,Rex Burkhead,QUESTIONABLE
2021,15,HOU,LB,Kevin Pierre-Louis,00-0031308,Questionable,Hamstring,Limited Participation in Practice,Kevin Pierre-Louis,QUESTIONABLE
2021,15,IND,TE,Jack Doyle,00-0030181,,,Full Participation in Practice,Jack Doyle,
2021,15,IND,TE,Kylen Granson,00-0036876,,,Full Participation in Practice,Kylen Granson,
2021,15,IND,LB,Bobby Okereke,00-0035687,,,Full Participation in Practice,Bobby Okereke,
2021,15,IND,DT,Antwaun Woods,00-0032871,Out,Calf,Did Not Participate In Practice,Antwaun Woods,OUT
2021,15,IND,DT,Grover Stewart,00-0033952,Questionable,Illness,"
    ",Grover Stewart,QUESTIONABLE
2021,15,IND,C,Ryan Kelly,00-0032383,Questionable,Knee Illness,Did Not Participate In Practice,Ryan Kelly,QUESTIONABLE
2021,15,JAX,DE,Josh Allen,00-0035642,,,Full Participation in Practice,Josh Allen,
2021,15,JAX,WR,Tavon Austin,00-0030525,,,Full Participation in Practice,Tavon Austin,
2021,15,JAX,G,Ben Bartch,00-0036272,,,Full Participation in Practice,Ben Bartch,
2021,15,JAX,DT,Malcom Brown,00-0032261,,,Full Participation in Practice,Malcom Brown,
2021,15,JAX,LB,Myles Jack,00-0032968,,,Full Participation in Practice,Myles Jack,
2021,15,JAX,WR,Marvin Jones,00-0029293,,,Full Participation in Practice,Marvin Jones,
2021,15,JAX,C,Brandon Linder,00-0031369,,,Full Participation in Practice,Brandon Linder,
2021,15,JAX,G,Andrew Norwell,00-0031122,,,Full Participation in Practice,Andrew Norwell,
2021,15,JAX,RB,James Robinson,00-0035831,,,Full Participation in Practice,James Robinson,
2021,15,JAX,T,Jawaan Taylor,00-0035237,,,Full Participation in Practice,Jawaan Taylor,
2021,15,JAX,T,Will Richardson,00-0034380,,,Limited Participation in Practice,Will Richardson,
2021,15,JAX,RB,Carlos Hyde,00-0031045,Out,Concussion,Did Not Participate In Practice,Carlos Hyde,OUT
2021,15,KC,LB,Nick Bolton,00-0036621,,,Full Participation in Practice,Nick Bolton,
2021,15,KC,CB,Rashad Fenton,00-0035147,,,Full Participation in Practice,Rashad Fenton,
2021,15,KC,DT,Chris Jones,00-0032762,,,Full Participation in Practice,Chris Jones,
2021,15,KC,S,Tyrann Mathieu,00-0030459,,,Full Participation in Practice,Tyrann Mathieu,
2021,15,KC,T,Lucas Niang,00-0036367,,,Full Participation in Practice,Lucas Niang,
2021,15,KC,DT,Derrick Nnadi,00-0034818,,,Full Participation in Practice,Derrick Nnadi,
2021,15,KC,RB,Darrel Williams,00-0034301,,,Full Participation in Practice,Darrel Williams,
2021,15,KC,LB,Willie Gay,00-0036362,Out,Covid/Reserve,Did Not Participate In Practice,Willie Gay,OUT
2021,15,KC,CB,L'Jarius Sneed,00-0036374,Out,Not injury related - personal matter,Did Not Participate In Practice,L'Jarius Sneed,OUT
2021,15,KC,G,Andrew Wylie,00-0033831,Questionable,Knee,Full Participation in Practice,Andrew Wylie,QUESTIONABLE
2021,15,LA,DT,Greg Gaines,00-0035667,,,Full Participation in Practice,Greg Gaines,
2021,15,LA,C,Brian Allen,00-0034804,,,Limited Participation in Practice,Brian Allen,
2021,15,LA,DT,Aaron Donald,00-0031388,,,Limited Participation in Practice,Aaron Donald,
2021,15,LAC,TE,Jared Cook,00-0027061,,,Full Participation in Practice,Jared Cook,
2021,15,LAC,DT,Justin Jones,00-0034677,,,Full Participation in Practice,Justin Jones,
2021,15,LAC,DT,Linval Joseph,00-0027885,,,Full Participation in Practice,Linval Joseph,
2021,15,LAC,S,Trey Marshall,00-0034111,,,Full Participation in Practice,Trey Marshall,
2021,15,LAC,TE,Donald Parham,00-0035329,,,Full Participation in Practice,Donald Parham,
2021,15,LAC,WR,Mike Williams,00-0033536,,,Full Participation in Practice,Mike Williams,
2021,15,LAC,RB,Austin Ekeler,00-0033699,Questionable,Ankle,Limited Participation in Practice,Austin Ekeler,QUESTIONABLE
2021,15,LAC,S,Alohi Gilman,00-0036380,Questionable,Quadricep,Limited Participation in Practice,Alohi Gilman,QUESTIONABLE
2021,15,LAC,S,Derwin James,00-0034790,Questionable,Hamstring,Limited Participation in Practice,Derwin James,QUESTIONABLE
2021,15,LAC,CB,Asante Samuel,00-0036617,Questionable,Concussion,Limited Participation in Practice,Asante Samuel,QUESTIONABLE
2021,15,LV,S,Johnathan Abram,00-0035693,,,Full Participation in Practice,Johnathan Abram,
2021,15,LV,DE,Maxx Crosby,00-0034973,,,Full Participation in Practice,Maxx Crosby,
2021,15,LV,LB,Marquel Lee,00-0033956,,,Full Participation in Practice,Marquel Lee,
2021,15,LV,S,Trevon Moehrig,00-0036962,,,Full Participation in Practice,Trevon Moehrig,
2021,15,LV,TE,Foster Moreau,00-0034981,,,Limited Participation in Practice,Foster Moreau,
2021,15,LV,LB,Patrick Onwuasor,00-0032573,,,Limited Participation in Practice,Patrick Onwuasor,
2021,15,LV,CB,Trayvon Mullen,00-0035695,Out,Toe,Did Not Participate In Practice,Trayvon Mullen,OUT
2021,15,LV,LB,Denzel Perryman,00-0032103,Out,Ankle,Did Not Participate In Practice,Denzel Perryman,OUT
2021,15,LV,TE,Darren Waller,00-0031610,Out,Knee,Did Not Participate In Practice,Darren Waller,OUT
2021,15,LV,DE,Carl Nassib,00-0033129,Questionable,Knee,Limited Participation in Practice,Carl Nassib,QUESTIONABLE
2021,15,MIA,WR,DeVante Parker,00-0031547,,,Did Not Participate In Practice,DeVante Parker,
2021,15,MIA,TE,Cethan Carter,00-0033338,,,Full Participation in Practice,Cethan Carter,
2021,15,MIA,C,Michael Deiter,00-0035686,,,Full Participation in Practice,Michael Deiter,
2021,15,MIA,S,Brandon Jones,00-0036221,,,Full Participation in Practice,Brandon Jones,
2021,15,MIA,TE,Hunter Long,00-0037004,,,Full Participation in Practice,Hunter Long,
2021,15,MIA,CB,Trill Williams,00-0036546,,,Full Participation in Practice,Trill Williams,
2021,15,MIA,S,Jevon Holland,00-0036998,Questionable,Illness,"
    ",Jevon Holland,QUESTIONABLE
2021,15,MIA,T,Austin Jackson,00-0036248,Questionable,Illness,Full Participation in Practice,Austin Jackson,QUESTIONABLE
2021,15,MIA,S,Clayton Fejedelem,00-0032807,Questionable,Ankle,Limited Participation in Practice,Clayton Fejedelem,QUESTIONABLE
2021,15,MIA,TE,Adam Shaheen,00-0033896,Questionable,Knee,Limited Participation in Practice,Adam Shaheen,QUESTIONABLE
2021,15,MIN,S,Camryn Bynum,00-0036629,,,Full Participation in Practice,Camryn Bynum,
2021,15,MIN,RB,Dalvin Cook,00-0033893,,,Full Participation in Practice,Dalvin Cook,
2021,15,MIN,T,Christian Darrisaw,00-0036616,,,Full Participation in Practice,Christian Darrisaw,
2021,15,MIN,LB,Eric Kendricks,00-0031554,,,Full Participation in Practice,Eric Kendricks,
2021,15,MIN,CB,Bashaud Breeland,00-0031052,Questionable,Not injury related - personal matter,Did Not Participate In Practice,Bashaud Breeland,QUESTIONABLE
2021,15,MIN,WR,Adam Thielen,00-0030035,Questionable,Ankle,Did Not Participate In Practice,Adam Thielen,QUESTIONABLE
2021,15,NE,DE,Chase Winovich,00-0035654,,,Did Not Participate In Practice,Chase Winovich,
2021,15,NE,QB,Mac Jones,00-0036972,,,Limited Participation in Practice,Mac Jones,
2021,15,NE,LB,Ronnie Perkins,00-0036978,Out,Ankle,Did Not Participate In Practice,Ronnie Perkins,OUT
2021,15,NE,C,David Andrews,00-0031852,Questionable,Shoulder,Limited Participation in Practice,David Andrews,QUESTIONABLE
2021,15,NE,DT,Christian Barmore,00-0036981,Questionable,Knee,Limited Participation in Practice,Christian Barmore,QUESTIONABLE
2021,15,NE,LB,Ja'Whaun Bentley,00-0034385,Questionable,Ribs,Limited Participation in Practice,Ja'Whaun Bentley,QUESTIONABLE
2021,15,NE,RB,Brandon Bolden,00-0029239,Questionable,Knee,Limited Participation in Practice,Brandon Bolden,QUESTIONABLE
2021,15,NE,T,Trenton Brown,00-0032071,Questionable,Calf,Limited Participation in Practice,Trenton Brown,QUESTIONABLE
2021,15,NE,T,Yodny Cajuste,00-0035252,Questionable,Illness,Limited Participation in Practice,Yodny Cajuste,QUESTIONABLE
2021,15,NE,K,Nick Folk,00-0025565,Questionable,left Knee,Limited Participation in Practice,Nick Folk,QUESTIONABLE
2021,15,NE,RB,Damien Harris,00-0035657,Questionable,Hamstring,Limited Participation in Practice,Damien Harris,QUESTIONABLE
2021,15,NE,S,Adrian Phillips,00-0031404,Questionable,Knee,Limited Participation in Practice,Adrian Phillips,QUESTIONABLE
2021,15,NO,S,Chauncey Gardner-Johnson,00-0035253,,,Full Participation in Practice,Chauncey Gardner-Johnson,
2021,15,NO,QB,Taysom Hill,00-0033357,,,Full Participation in Practice,Taysom Hill,
2021,15,NO,LB,Pete Werner,00-0036927,,,Full Participation in Practice,Pete Werner,
2021,15,NO,DE,Marcus Davenport,00-0034344,,,Limited Participation in Practice,Marcus Davenport,
2021,15,NO,T,Terron Armstead,00-0030067,Out,Knee,Did Not Participate In Practice,Terron Armstead,OUT
2021,15,NO,TE,Garrett Griffin,00-0033095,Out,Knee,Did Not Participate In Practice,Garrett Griffin,OUT
2021,15,NO,T,Ryan Ramczyk,00-0033888,Out,Knee,Did Not Participate In Practice,Ryan Ramczyk,OUT
2021,15,NO,LB,Kaden Elliss,00-0035316,Questionable,Hamstring,Did Not Participate In Practice,Kaden Elliss,QUESTIONABLE
2021,15,NO,WR,Lil'Jordan Humphrey,00-0035406,Questionable,Hamstring,Limited Participation in Practice,Lil'Jordan Humphrey,QUESTIONABLE
2021,15,NYG,CB,Adoree' Jackson,00-0033878,,,Did Not Participate In Practice,Adoree' Jackson,
2021,15,NYG,K,Graham Gano,00-0026858,,,Full Participation in Practice,Graham Gano,
2021,15,NYG,LB,Benardrick McKinney,00-0031553,,,Full Participation in Practice,Benardrick McKinney,
2021,15,NYG,LB,Elerson Smith,00-0036895,,,Full Participation in Practice,Elerson Smith,
2021,15,NYG,RB,Saquon Barkley,00-0034844,,,Limited Participation in Practice,Saquon Barkley,
2021,15,NYG,S,Steven Parker,00-0034736,,,Limited Participation in Practice,Steven Parker,
2021,15,NYG,LB,Reggie Ragland,00-0033058,,,Limited Participation in Practice,Reggie Ragland,
2021,15,NYG,TE,Kyle Rudolph,00-0027981,,,Limited Participation in Practice,Kyle Rudolph,
2021,15,NYG,DT,Danny Shelton,00-0032143,,,Limited Participation in Practice,Danny Shelton,
2021,15,NYG,T,Andrew Thomas,00-0036386,,,Limited Participation in Practice,Andrew Thomas,
2021,15,NYG,CB,Jarren Williams,00-0035925,,,Limited Participation in Practice,Jarren Williams,
2021,15,NYG,QB,Daniel Jones,00-0035710,Out,Neck,Limited Participation in Practice,Daniel Jones,OUT
2021,15,NYG,G,Ben Bredeson,00-0036132,Doubtful,Ankle,Did Not Participate In Practice,Ben Bredeson,DOUBTFUL
2021,15,NYG,DT,Austin Johnson,00-0032763,Questionable,Foot,Limited Participation in Practice,Austin Johnson,QUESTIONABLE
2021,15,NYG,WR,Sterling Shepard,00-0032385,Questionable,Calf,Limited Participation in Practice,Sterling Shepard,QUESTIONABLE
2021,15,NYG,DT,Leonard Williams,00-0031933,Questionable,Triceps,Limited Participation in Practice,Leonard Williams,QUESTIONABLE
2021,15,NYJ,LB,Hamsah Nasirildeen,00-0036503,,,Did Not Participate In Practice,Hamsah Nasirildeen,
2021,15,NYJ,CB,Michael Carter,00-0036501,,,Full Participation in Practice,Michael Carter,
2021,15,NYJ,RB,Tevin Coleman,00-0032058,,,Full Participation in Practice,Tevin Coleman,
2021,15,NYJ,CB,Isaiah Dunn,00-0036506,,,Full Participation in Practice,Isaiah Dunn,
2021,15,NYJ,DE,John Franklin-Myers,00-0034805,,,Full Participation in Practice,John Franklin-Myers,
2021,15,NYJ,LB,C.J. Mosley,00-0031296,,,Full Participation in Practice,C.J. Mosley,
2021,15,NYJ,TE,Trevon Wesco,00-0035259,,,Full Participation in Practice,Trevon Wesco,
2021,15,NYJ,DT,Quinnen Williams,00-0035718,,,Full Participation in Practice,Quinnen Williams,
2021,15,NYJ,T,George Fant,00-0032466,Doubtful,Knee,Did Not Participate In Practice,George Fant,DOUBTFUL
2021,15,NYJ,G,Dan Feeney,00-0033910,Questionable,Back,Full Participation in Practice,Dan Feeney,QUESTIONABLE
2021,15,NYJ,DT,Sheldon Rankins,00-0032759,Questionable,Knee,Full Participation in Practice,Sheldon Rankins,QUESTIONABLE
2021,15,NYJ,G,Laurent Duvernay-Tardif,00-0031022,Questionable,Ankle,Limited Participation in Practice,Laurent Duvernay-Tardif,QUESTIONABLE
2021,15,PHI,DE,Derek Barnett,00-0033876,,,Full Participation in Practice,Derek Barnett,
2021,15,PHI,DT,Fletcher Cox,00-0029653,,,Full Participation in Practice,Fletcher Cox,
2021,15,PHI,RB,Jordan Howard,00-0032780,,,Full Participation in Practice,Jordan Howard,
2021,15,PHI,QB,Jalen Hurts,00-0036389,,,Full Participation in Practice,Jalen Hurts,
2021,15,PHI,T,Lane Johnson,00-0030561,,,Full Participation in Practice,Lane Johnson,
2021,15,PHI,LB,Patrick Johnson,00-0036922,,,Full Participation in Practice,Patrick Johnson,
2021,15,PHI,C,Jason Kelce,00-0028129,,,Full Participation in Practice,Jason Kelce,
2021,15,PHI,CB,Steven Nelson,00-0032150,,,Full Participation in Practice,Steven Nelson,
2021,15,PHI,RB,Miles Sanders,00-0035243,,,Full Participation in Practice,Miles Sanders,
2021,15,PIT,DE,Montravius Adams,00-0033929,,,Did Not Participate In Practice,Montravius Adams,
2021,15,PIT,T,Zach Banner,00-0033785,,,Full Participation in Practice,Zach Banner,
2021,15,PIT,DT,Carlos Davis,00-0036352,,,Full Participation in Practice,Carlos Davis,
2021,15,PIT,LB,Alex Highsmith,00-0036333,,,Full Participation in Practice,Alex Highsmith,
2021,15,PIT,QB,Ben Roethlisberger,00-0022924,,,Full Participation in Practice,Ben Roethlisberger,
2021,15,PIT,LB,Robert Spillane,00-0034720,,,Full Participation in Practice,Robert Spillane,
2021,15,PIT,LB,T.J. Watt,00-0033886,,,Full Participation in Practice,T.J. Watt,
2021,15,PIT,DE,Isaiah Buggs,00-0035219,Questionable,Ankle,Did Not Participate In Practice,Isaiah Buggs,QUESTIONABLE
2021,15,PIT,LB,Buddy Johnson,00-0036870,Questionable,Foot,Did Not Participate In Practice,Buddy Johnson,QUESTIONABLE
2021,15,PIT,CB,Joe Haden,00-0027860,Questionable,Foot,Full Participation in Practice,Joe Haden,QUESTIONABLE
2021,15,PIT,TE,Kevin Rader,00-0034193,Questionable,Hip,Limited Participation in Practice,Kevin Rader,QUESTIONABLE
2021,15,SEA,T,Duane Brown,00-0026166,,,Did Not Participate In Practice,Duane Brown,
2021,15,SEA,DT,Bryan Mone,00-0035094,,,Did Not Participate In Practice,Bryan Mone,
2021,15,SEA,T,Brandon Shell,00-0032420,,,Did Not Participate In Practice,Brandon Shell,
2021,15,SEA,P,Michael Dickson,00-0034160,,,Full Participation in Practice,Michael Dickson,
2021,15,SEA,S,Quandre Diggs,00-0031608,,,Full Participation in Practice,Quandre Diggs,
2021,15,SEA,LB,Carlos Dunlap,00-0027662,,,Full Participation in Practice,Carlos Dunlap,
2021,15,SEA,WR,D'Wayne Eskridge,00-0036620,,,Full Participation in Practice,D'Wayne Eskridge,
2021,15,SEA,G,Kyle Fuller,00-0033592,,,Full Participation in Practice,Kyle Fuller,
2021,15,SEA,RB,Travis Homer,00-0035594,,,Full Participation in Practice,Travis Homer,
2021,15,SEA,G,Gabe Jackson,00-0031367,,,Full Participation in Practice,Gabe Jackson,
2021,15,SEA,WR,DK Metcalf,00-0035640,,,Full Participation in Practice,DK Metcalf,
2021,15,SEA,S,Ryan Neal,00-0034527,,,Full Participation in Practice,Ryan Neal,
2021,15,SEA,LS,Tyler Ott,00-0031156,,,Full Participation in Practice,Tyler Ott,
2021,15,SEA,WR,Freddie Swain,00-0036247,,,Full Participation in Practice,Freddie Swain,
2021,15,SEA,DT,Al Woods,00-0027723,,,Full Participation in Practice,Al Woods,
2021,15,SEA,RB,Alex Collins,00-0032426,,,Limited Participation in Practice,Alex Collins,
2021,15,SF,DE,Nick Bosa,00-0035717,,,Full Participation in Practice,Nick Bosa,
2021,15,SF,CB,Dontae Johnson,00-0031061,,,Full Participation in Practice,Dontae Johnson,
2021,15,SF,TE,George Kittle,00-0033288,,,Full Participation in Practice,George Kittle,
2021,15,SF,C,Alex Mack,00-0026997,,,Full Participation in Practice,Alex Mack,
2021,15,SF,LB,Fred Warner,00-0034815,,,Full Participation in Practice,Fred Warner,
2021,15,SF,T,Trent Williams,00-0027857,,,Full Participation in Practice,Trent Williams,
2021,15,SF,LB,Dre Greenlaw,00-0034982,Out,Groin,Did Not Participate In Practice,Dre Greenlaw,OUT
2021,15,SF,DT,Maurice Hurst,00-0034746,Out,Calf,Did Not Participate In Practice,Maurice Hurst,OUT
2021,15,SF,RB,Elijah Mitchell,00-0036567,Out,Concussion,Did Not Participate In Practice,Elijah Mitchell,OUT
2021,15,SF,LB,Azeez Al-Shaair,00-0035166,Doubtful,Elbow,Did Not Participate In Practice,Azeez Al-Shaair,DOUBTFUL
2021,15,SF,CB,Ambry Thomas,00-0037008,Questionable,Concussion,Full Participation in Practice,Ambry Thomas,QUESTIONABLE
2021,15,SF,DT,D.J. Jones,00-0033297,Questionable,Knee,Limited Participation in Practice,D.J. Jones,QUESTIONABLE
2021,15,SF,S,Jaquiski Tartt,00-0032057,Questionable,Glute,Limited Participation in Practice,Jaquiski Tartt,QUESTIONABLE
2021,15,TB,TE,Rob Gronkowski,00-0027656,,,Did Not Participate In Practice,Rob Gronkowski,
2021,15,TB,LB,Jason Pierre-Paul,00-0027867,,,Did Not Participate In Practice,Jason Pierre-Paul,
2021,15,TB,DE,Ndamukong Suh,00-0027855,,,Did Not Participate In Practice,Ndamukong Suh,
2021,15,TB,QB,Tom Brady,00-0019596,,,Full Participation in Practice,Tom Brady,
2021,15,TB,P,Bradley Pinion,00-0032065,,,Full Participation in Practice,Bradley Pinion,
2021,15,TB,CB,Jamel Dean,00-0035699,Out,Illness,Did Not Participate In Practice,Jamel Dean,OUT
2021,15,TB,CB,Richard Sherman,00-0028092,Doubtful,Achilles,Did Not Participate In Practice,Richard Sherman,DOUBTFUL
2021,15,TB,S,Antoine Winfield,00-0036411,Questionable,Foot,Did Not Participate In Practice,Antoine Winfield,QUESTIONABLE
2021,15,TB,S,Jordan Whitehead,00-0034374,Questionable,Calf,Full Participation in Practice,Jordan Whitehead,QUESTIONABLE
2021,15,TB,RB,Leonard Fournette,00-0033856,Questionable,Ankle,Limited Participation in Practice,Leonard Fournette,QUESTIONABLE
2021,15,TEN,S,Dane Cruikshank,00-0034389,,,Full Participation in Practice,Dane Cruikshank,
2021,15,TEN,LB,Harold Landry,00-0034828,,,Full Participation in Practice,Harold Landry,
2021,15,TEN,LB,Derick Roberson,00-0035521,,,Full Participation in Practice,Derick Roberson,
2021,15,TEN,DE,Denico Autry,00-0031254,,,Limited Participation in Practice,Denico Autry,
2021,15,TEN,FB,Tory Carter,00-0036691,Out,Ankle,Did Not Participate In Practice,Tory Carter,OUT
2021,15,TEN,CB,Janoris Jenkins,00-0029681,Out,Ankle,Did Not Participate In Practice,Janoris Jenkins,OUT
2021,15,TEN,LB,David Long,00-0035292,Out,Hamstring,Did Not Participate In Practice,David Long,OUT
2021,15,TEN,DT,Larrell Murchison,00-0036237,Out,Knee,Did Not Participate In Practice,Larrell Murchison,OUT
2021,15,TEN,G,Rodger Saffold,00-0027648,Out,Shoulder,Did Not Participate In Practice,Rodger Saffold,OUT
2021,15,TEN,DT,Teair Tart,00-0036181,Out,Ankle,Did Not Participate In Practice,Teair Tart,OUT
2021,15,TEN,C,Aaron Brewer,00-0036171,Questionable,Toe,Did Not Participate In Practice,Aaron Brewer,QUESTIONABLE
2021,15,WAS,CB,Troy Apke,00-0034334,,,Did Not Participate In Practice,Troy Apke,
2021,15,WAS,C,Tyler Larsen,00-0030869,,,Did Not Participate In Practice,Tyler Larsen,
2021,15,WAS,RB,J.D. McKissic,00-0032602,,,Did Not Participate In Practice,J.D. McKissic,
2021,15,WAS,WR,Curtis Samuel,00-0033282,,,Did Not Participate In Practice,Curtis Samuel,
2021,15,WAS,QB,Taylor Heinicke,00-0031800,,,Full Participation in Practice,Taylor Heinicke,
2021,15,WAS,LB,Cole Holcomb,00-0035286,,,Full Participation in Practice,Cole Holcomb,
2021,15,WAS,C,Keith Ismael,00-0036342,,,Full Participation in Practice,Keith Ismael,
2021,15,WAS,LB,Jordan Kunaszyk,00-0035444,,,Full Participation in Practice,Jordan Kunaszyk,
2021,15,WAS,G,Brandon Scherff,00-0032053,,,Full Participation in Practice,Brandon Scherff,
2021,15,WAS,WR,Terry McLaurin,00-0035659,,,Limited Participation in Practice,Terry McLaurin,
2021,16,ARI,TE,Zach Ertz,00-0030061,,,Full Participation in Practice,Zach Ertz,
2021,16,ARI,LB,Markus Golden,00-0032127,,,Full Participation in Practice,Markus Golden,
2021,16,ARI,DT,Zach Kerr,00-0031105,,,Full Participation in Practice,Zach Kerr,
2021,16,ARI,LB,Isaiah Simmons,00-0036356,,,Full Participation in Practice,Isaiah Simmons,
2021,16,ARI,WR,Antoine Wesley,00-0035126,,,Full Participation in Practice,Antoine Wesley,
2021,16,ARI,DE,Jordan Phillips,00-0031557,Out,Knee,Did Not Participate In Practice,Jordan Phillips,OUT
2021,16,ARI,RB,James Conner,00-0033553,Questionable,Heel,Did Not Participate In Practice,James Conner,QUESTIONABLE
2021,16,ARI,WR,Rondale Moore,00-0036936,Questionable,Ankle,Did Not Participate In Practice,Rondale Moore,QUESTIONABLE
2021,16,ARI,C,Max Garcia,00-0032132,Questionable,Knee,Limited Participation in Practice,Max Garcia,QUESTIONABLE
2021,16,ATL,G,Chris Lindstrom,00-0035630,,,Did Not Participate In Practice,Chris Lindstrom,
2021,16,ATL,RB,Cordarrelle Patterson,00-0030578,,,Did Not Participate In Practice,Cordarrelle Patterson,
2021,16,ATL,TE,Lee Smith,00-0028097,,,Did Not Participate In Practice,Lee Smith,
2021,16,ATL,DT,Tyeler Davison,00-0031947,,,Full Participation in Practice,Tyeler Davison,
2021,16,ATL,LB,Deion Jones,00-0032388,,,Full Participation in Practice,Deion Jones,
2021,16,ATL,CB,Avery Williams,00-0036950,,,Limited Participation in Practice,Avery Williams,
2021,16,ATL,WR,Tajae Sharpe,00-0032778,Doubtful,Foot,Did Not Participate In Practice,Tajae Sharpe,DOUBTFUL
2021,16,BAL,T,Alejandro Villanueva,00-0030648,,,Did Not Participate In Practice,Alejandro Villanueva,
2021,16,BAL,DT,Brandon Williams,00-0030511,,,Did Not Participate In Practice,Brandon Williams,
2021,16,BAL,CB,Tavon Young,00-0032770,,,Full Participation in Practice,Tavon Young,
2021,16,BAL,TE,Nick Boyle,00-0031598,,,Limited Participation in Practice,Nick Boyle,
2021,16,BAL,G,Ben Powers,00-0034978,Out,Foot,Did Not Participate In Practice,Ben Powers,OUT
2021,16,BAL,WR,Devin Duvernay,00-0036331,Doubtful,Ankle,Did Not Participate In Practice,Devin Duvernay,DOUBTFUL
2021,16,BAL,G,Tyre Phillips,00-0036214,Doubtful,Knee,Did Not Participate In Practice,Tyre Phillips,DOUBTFUL
2021,16,BAL,QB,Tyler Huntley,00-0035993,Questionable,Illness,Did Not Participate In Practice,Tyler Huntley,QUESTIONABLE
2021,16,BAL,QB,Lamar Jackson,00-0034796,Questionable,Ankle,Did Not Participate In Practice,Lamar Jackson,QUESTIONABLE
2021,16,BAL,LB,Odafe Oweh,00-0036940,Questionable,Illness,Did Not Participate In Practice,Odafe Oweh,QUESTIONABLE
2021,16,BAL,FB,Patrick Ricard,00-0033376,Questionable,Knee,Did Not Participate In Practice,Patrick Ricard,QUESTIONABLE
2021,16,BAL,T,Patrick Mekari,00-0035112,Questionable,Hand,Full Participation in Practice,Patrick Mekari,QUESTIONABLE
2021,16,BAL,DE,Calais Campbell,00-0026190,Questionable,Thigh,Limited Participation in Practice,Calais Campbell,QUESTIONABLE
2021,16,BAL,S,Brandon Stephens,00-0036987,Questionable,Illness,Limited Participation in Practice,Brandon Stephens,QUESTIONABLE
2021,16,BUF,WR,Stefon Diggs,00-0031588,,,Did Not Participate In Practice,Stefon Diggs,
2021,16,BUF,QB,Josh Allen,00-0034857,,,Full Participation in Practice,Josh Allen,
2021,16,BUF,DE,Jerry Hughes,00-0027881,,,Full Participation in Practice,Jerry Hughes,
2021,16,BUF,S,Micah Hyde,00-0030090,,,Full Participation in Practice,Micah Hyde,
2021,16,BUF,RB,Taiwan Jones,00-0028063,,,Full Participation in Practice,Taiwan Jones,
2021,16,BUF,CB,Cameron Lewis,00-0035357,,,Full Participation in Practice,Cameron Lewis,
2021,16,BUF,CB,Siran Neal,00-0034391,,,Full Participation in Practice,Siran Neal,
2021,16,BUF,WR,Emmanuel Sanders,00-0027685,,,Limited Participation in Practice,Emmanuel Sanders,
2021,16,BUF,DT,Star Lotulelei,00-0030455,Questionable,Not injury related - personal matter,Did Not Participate In Practice,Star Lotulelei,QUESTIONABLE
2021,16,CAR,CB,Stephon Gilmore,00-0029542,,,Full Participation in Practice,Stephon Gilmore,
2021,16,CAR,DT,Phil Hoskins,00-0036576,Questionable,Back,Did Not Participate In Practice,Phil Hoskins,QUESTIONABLE
2021,16,CAR,T,Cameron Erving,00-0032145,Questionable,Calf,Limited Participation in Practice,Cameron Erving,QUESTIONABLE
2021,16,CAR,WR,D.J. Moore,00-0034827,Questionable,Hamstring,Limited Participation in Practice,D.J. Moore,QUESTIONABLE
2021,16,CHI,WR,Darnell Mooney,00-0036309,,,Full Participation in Practice,Darnell Mooney,
2021,16,CHI,LB,Roquan Smith,00-0034874,,,Full Participation in Practice,Roquan Smith,
2021,16,CHI,DT,Khyiris Tonga,00-0036909,,,Full Participation in Practice,Khyiris Tonga,
2021,16,CHI,CB,Xavier Crawford,00-0035293,Out,Concussion,Did Not Participate In Practice,Xavier Crawford,OUT
2021,16,CHI,QB,Andy Dalton,00-0027973,Out,left Hand,Did Not Participate In Practice,Andy Dalton,OUT
2021,16,CHI,WR,Jakeem Grant,00-0032791,Out,Concussion,Did Not Participate In Practice,Jakeem Grant,OUT
2021,16,CHI,T,Jason Peters,00-0022531,Out,Ankle,Did Not Participate In Practice,Jason Peters,OUT
2021,16,CHI,QB,Justin Fields,00-0036945,Questionable,Ankle,Did Not Participate In Practice,Justin Fields,QUESTIONABLE
2021,16,CHI,DT,Eddie Goldman,00-0031551,Questionable,Finger,Full Participation in Practice,Eddie Goldman,QUESTIONABLE
2021,16,CHI,WR,Marquise Goodwin,00-0030068,Questionable,Foot,Full Participation in Practice,Marquise Goodwin,QUESTIONABLE
2021,16,CIN,QB,Joe Burrow,00-0036442,,,Full Participation in Practice,Joe Burrow,
2021,16,CIN,RB,Joe Mixon,00-0033897,,,Full Participation in Practice,Joe Mixon,
2021,16,CIN,DT,D.J. Reader,00-0032424,,,Full Participation in Practice,D.J. Reader,
2021,16,CIN,TE,Drew Sample,00-0035631,,,Full Participation in Practice,Drew Sample,
2021,16,CIN,TE,Mitchell Wilcox,00-0035771,,,Full Participation in Practice,Mitchell Wilcox,
2021,16,CIN,LB,Logan Wilson,00-0036294,Out,Shoulder,Did Not Participate In Practice,Logan Wilson,OUT
2021,16,CIN,T,Fred Johnson,00-0034951,Questionable,Illness,Did Not Participate In Practice,Fred Johnson,QUESTIONABLE
2021,16,CIN,DE,Khalid Kareem,00-0036341,Questionable,Concussion,Did Not Participate In Practice,Khalid Kareem,QUESTIONABLE
2021,16,CIN,G,Hakeem Adeniji,00-0036310,Questionable,Ankle,Full Participation in Practice,Hakeem Adeniji,QUESTIONABLE
2021,16,CLE,CB,Greg Newsome,00-0036996,,,Did Not Participate In Practice,Greg Newsome,
2021,16,CLE,TE,Harrison Bryant,00-0036232,,,Full Participation in Practice,Harrison Bryant,
2021,16,CLE,LB,Sione Takitaki,00-0035646,,,Full Participation in Practice,Sione Takitaki,
2021,16,CLE,TE,David Njoku,00-0033885,,,Limited Participation in Practice,David Njoku,
2021,16,CLE,C,J.C. Tretter,00-0030076,,,Limited Participation in Practice,J.C. Tretter,
2021,16,CLE,CB,Denzel Ward,00-0034856,,,Limited Participation in Practice,Denzel Ward,
2021,16,CLE,S,John Johnson,00-0033927,Out,Hamstring,Did Not Participate In Practice,John Johnson,OUT
2021,16,CLE,DE,Myles Garrett,00-0033868,Questionable,Groin,Did Not Participate In Practice,Myles Garrett,QUESTIONABLE
2021,16,CLE,DT,Malik Jackson,00-0029568,Questionable,Knee,Limited Participation in Practice,Malik Jackson,QUESTIONABLE
2021,16,DAL,WR,Simi Fehoko,00-0036646,,,Did Not Participate In Practice,Simi Fehoko,
2021,16,DAL,RB,Corey Clement,00-0033725,,,Full Participation in Practice,Corey Clement,
2021,16,DAL,RB,Ezekiel Elliott,00-0033045,,,Full Participation in Practice,Ezekiel Elliott,
2021,16,DAL,RB,Tony Pollard,00-0035261,,,Full Participation in Practice,Tony Pollard,
2021,16,DAL,DE,Demarcus Lawrence,00-0031411,,,Limited Participation in Practice,Demarcus Lawrence,
2021,16,DAL,CB,Nahshon Wright,00-0036986,,,Limited Participation in Practice,Nahshon Wright,
2021,16,DAL,T,Tyron Smith,00-0027947,Out,Ankle,Did Not Participate In Practice,Tyron Smith,OUT
2021,16,DAL,S,Israel Mukuamu,00-0036661,Questionable,Illness,Did Not Participate In Practice,Israel Mukuamu,QUESTIONABLE
2021,16,DEN,LB,Bradley Chubb,00-0034832,,,Full Participation in Practice,Bradley Chubb,
2021,16,DEN,RB,Melvin Gordon,00-0032144,,,Full Participation in Practice,Melvin Gordon,
2021,16,DEN,T,Bobby Massie,00-0029528,,,Full Participation in Practice,Bobby Massie,
2021,16,DEN,G,Quinn Meinerz,00-0037001,,,Full Participation in Practice,Quinn Meinerz,
2021,16,DEN,TE,Albert Okwuegbunam,00-0036423,,,Full Participation in Practice,Albert Okwuegbunam,
2021,16,DEN,WR,Courtland Sutton,00-0034348,,,Full Participation in Practice,Courtland Sutton,
2021,16,DEN,RB,Javonte Williams,00-0036997,,,Full Participation in Practice,Javonte Williams,
2021,16,DEN,QB,Teddy Bridgewater,00-0031237,Out,Concussion,Did Not Participate In Practice,Teddy Bridgewater,OUT
2021,16,DEN,LB,Kenny Young,00-0034266,Out,Concussion,Did Not Participate In Practice,Kenny Young,OUT
2021,16,DEN,S,Caden Sterns,00-0036633,Questionable,Shoulder,Full Participation in Practice,Caden Sterns,QUESTIONABLE
2021,16,DEN,LB,Baron Browning,00-0036995,Questionable,Illness,Limited Participation in Practice,Baron Browning,QUESTIONABLE
2021,16,DEN,DE,Shelby Harris,00-0031270,Questionable,Ankle,Limited Participation in Practice,Shelby Harris,QUESTIONABLE
2021,16,DEN,S,Kareem Jackson,00-0027872,Questionable,Back,Limited Participation in Practice,Kareem Jackson,QUESTIONABLE
2021,16,DEN,DE,Dre'Mont Jones,00-0035678,Questionable,Foot,Limited Participation in Practice,Dre'Mont Jones,QUESTIONABLE
2021,16,DEN,DT,Mike Purcell,00-0029890,Questionable,Thumb,Limited Participation in Practice,Mike Purcell,QUESTIONABLE
2021,16,DEN,DE,Shamar Stephen,00-0031242,Questionable,Knee,Limited Participation in Practice,Shamar Stephen,QUESTIONABLE
2021,16,DET,CB,Amani Oruwariye,00-0035270,Out,Thumb,Did Not Participate In Practice,Amani Oruwariye,OUT
2021,16,DET,LB,Josh Woods,00-0034801,Out,Neck,Did Not Participate In Practice,Josh Woods,OUT
2021,16,DET,DE,Michael Brockers,00-0029630,Questionable,Knee,Limited Participation in Practice,Michael Brockers,QUESTIONABLE
2021,16,DET,G,Jonah Jackson,00-0036258,Questionable,Back,Limited Participation in Practice,Jonah Jackson,QUESTIONABLE
2021,16,DET,LB,Julian Okwara,00-0036249,Questionable,Ankle,Limited Participation in Practice,Julian Okwara,QUESTIONABLE
2021,16,DET,WR,Kalif Raymond,00-0032464,Questionable,Shoulder,Limited Participation in Practice,Kalif Raymond,QUESTIONABLE
2021,16,DET,LB,Jalen Reeves-Maybin,00-0033557,Questionable,Shoulder,Limited Participation in Practice,Jalen Reeves-Maybin,QUESTIONABLE
2021,16,DET,WR,Josh Reynolds,00-0033943,Questionable,Thigh,Limited Participation in Practice,Josh Reynolds,QUESTIONABLE
2021,16,DET,RB,D'Andre Swift,00-0036275,Questionable,Shoulder,Limited Participation in Practice,D'Andre Swift,QUESTIONABLE
2021,16,GB,QB,Aaron Rodgers,00-0023459,,,Did Not Participate In Practice,Aaron Rodgers,
2021,16,GB,TE,Josiah Deguara,00-0036332,,,Full Participation in Practice,Josiah Deguara,
2021,16,GB,WR,Amari Rodgers,00-0036991,,,Full Participation in Practice,Amari Rodgers,
2021,16,GB,WR,Equanimeous St. Brown,00-0034279,,,Full Participation in Practice,Equanimeous St. Brown,
2021,16,GB,RB,Aaron Jones,00-0033293,,,Limited Participation in Practice,Aaron Jones,
2021,16,GB,T,David Bakhtiari,00-0030074,Out,Knee,Did Not Participate In Practice,David Bakhtiari,OUT
2021,16,GB,LB,Ty Summers,00-0034999,Out,Hamstring,Did Not Participate In Practice,Ty Summers,OUT
2021,16,GB,WR,Malik Taylor,00-0035480,Out,Shoulder,Did Not Participate In Practice,Malik Taylor,OUT
2021,16,GB,G,Billy Turner,00-0031433,Out,Knee,Did Not Participate In Practice,Billy Turner,OUT
2021,16,GB,TE,Dominique Dafney,00-0036456,Questionable,Ankle,Limited Participation in Practice,Dominique Dafney,QUESTIONABLE
2021,16,HOU,WR,Chris Conley,00-0032128,,,Full Participation in Practice,Chris Conley,
2021,16,HOU,DE,Jordan Jenkins,00-0032970,,,Full Participation in Practice,Jordan Jenkins,
2021,16,HOU,TE,Brevin Jordan,00-0036556,,,Full Participation in Practice,Brevin Jordan,
2021,16,HOU,S,Justin Reid,00-0034361,,,Full Participation in Practice,Justin Reid,
2021,16,HOU,C,Justin Britt,00-0031282,,,Limited Participation in Practice,Justin Britt,
2021,16,HOU,CB,Lonnie Johnson,00-0035244,,,Limited Participation in Practice,Lonnie Johnson,
2021,16,HOU,QB,Deshaun Watson,00-0033537,Out,Not injury related - personal matter,Did Not Participate In Practice,Deshaun Watson,OUT
2021,16,HOU,RB,David Johnson,00-0032187,Questionable,Quadricep,Did Not Participate In Practice,David Johnson,QUESTIONABLE
2021,16,IND,CB,Rock Ya-Sin,00-0035637,,,Did Not Participate In Practice,Rock Ya-Sin,
2021,16,IND,G,Quenton Nelson,00-0034342,,,Full Participation in Practice,Quenton Nelson,
2021,16,IND,S,George Odum,00-0034091,,,Full Participation in Practice,George Odum,
2021,16,IND,C,Ryan Kelly,00-0032383,Out,Not injury related - personal matter,Did Not Participate In Practice,Ryan Kelly,OUT
2021,16,IND,S,Andrew Sendejo,00-0027914,Out,Concussion,Did Not Participate In Practice,Andrew Sendejo,OUT
2021,16,JAX,LB,Josh Allen,00-0035642,,,Full Participation in Practice,Josh Allen,
2021,16,JAX,DT,Malcom Brown,00-0032261,,,Full Participation in Practice,Malcom Brown,
2021,16,JAX,LB,Myles Jack,00-0032968,,,Full Participation in Practice,Myles Jack,
2021,16,JAX,TE,Chris Manhertz,00-0031484,,,Full Participation in Practice,Chris Manhertz,
2021,16,JAX,G,Andrew Norwell,00-0031122,,,Full Participation in Practice,Andrew Norwell,
2021,16,JAX,T,Will Richardson,00-0034380,,,Full Participation in Practice,Will Richardson,
2021,16,JAX,T,Cam Robinson,00-0033889,,,Full Participation in Practice,Cam Robinson,
2021,16,JAX,RB,James Robinson,00-0035831,,,Full Participation in Practice,James Robinson,
2021,16,JAX,DE,Jihad Ward,00-0033046,,,Full Participation in Practice,Jihad Ward,
2021,16,JAX,LB,Damien Wilson,00-0032215,,,Full Participation in Practice,Damien Wilson,
2021,16,JAX,K,Matthew Wright,00-0035189,,,Full Participation in Practice,Matthew Wright,
2021,16,JAX,WR,Laviska Shenault,00-0036268,,,Limited Participation in Practice,Laviska Shenault,
2021,16,JAX,C,Brandon Linder,00-0031369,Questionable,Quadricep,Did Not Participate In Practice,Brandon Linder,QUESTIONABLE
2021,16,JAX,DE,Lerentee McCray,00-0029799,Questionable,Ankle,Limited Participation in Practice,Lerentee McCray,QUESTIONABLE
2021,16,KC,LB,Anthony Hitchens,00-0031348,,,Full Participation in Practice,Anthony Hitchens,
2021,16,KC,LB,Ben Niemann,00-0034296,,,Full Participation in Practice,Ben Niemann,
2021,16,KC,G,Andrew Wylie,00-0033831,,,Full Participation in Practice,Andrew Wylie,
2021,16,KC,DT,Chris Jones,00-0032762,,,Limited Participation in Practice,Chris Jones,
2021,16,KC,CB,Charvarius Ward,00-0034573,,,Limited Participation in Practice,Charvarius Ward,
2021,16,KC,LB,Nick Bolton,00-0036621,Questionable,not injury related,"
    ",Nick Bolton,QUESTIONABLE
2021,16,KC,TE,Travis Kelce,00-0030506,Questionable,not injury related,"
    ",Travis Kelce,QUESTIONABLE
2021,16,KC,T,Lucas Niang,00-0036367,Questionable,not injury related,"
    ",Lucas Niang,QUESTIONABLE
2021,16,LA,T,Andrew Whitworth,00-0024270,,,Did Not Participate In Practice,Andrew Whitworth,
2021,16,LA,LB,Jamir Jones,00-0036068,,,Full Participation in Practice,Jamir Jones,
2021,16,LA,DT,A'Shawn Robinson,00-0032889,,,Full Participation in Practice,A'Shawn Robinson,
2021,16,LA,CB,Darious Williams,00-0034203,,,Full Participation in Practice,Darious Williams,
2021,16,LA,T,Greg Gaines,00-0035667,Questionable,Ankle,Did Not Participate In Practice,Greg Gaines,QUESTIONABLE
2021,16,LAC,S,Alohi Gilman,00-0036380,,,Full Participation in Practice,Alohi Gilman,
2021,16,LAC,DT,Linval Joseph,00-0027885,,,Full Participation in Practice,Linval Joseph,
2021,16,LAC,CB,Asante Samuel,00-0036617,,,Full Participation in Practice,Asante Samuel,
2021,16,LAC,TE,Donald Parham,00-0035329,Out,Concussion,Did Not Participate In Practice,Donald Parham,OUT
2021,16,LAC,S,Derwin James,00-0034790,Questionable,Hamstring,Limited Participation in Practice,Derwin James,QUESTIONABLE
2021,16,LV,CB,Casey Hayward,00-0029261,,,Full Participation in Practice,Casey Hayward,
2021,16,LV,RB,Josh Jacobs,00-0035700,,,Full Participation in Practice,Josh Jacobs,
2021,16,LV,DE,Carl Nassib,00-0033129,,,Full Participation in Practice,Carl Nassib,
2021,16,LV,T,Brandon Parker,00-0034763,,,Full Participation in Practice,Brandon Parker,
2021,16,LV,G,John Simpson,00-0036369,,,Full Participation in Practice,John Simpson,
2021,16,LV,LB,Divine Deablo,00-0036990,,,Limited Participation in Practice,Divine Deablo,
2021,16,LV,TE,Daniel Helm,00-0035428,,,Limited Participation in Practice,Daniel Helm,
2021,16,LV,WR,Zay Jones,00-0033891,,,Limited Participation in Practice,Zay Jones,
2021,16,LV,TE,Foster Moreau,00-0034981,,,Limited Participation in Practice,Foster Moreau,
2021,16,LV,S,Johnathan Abram,00-0035693,Out,Shoulder,Did Not Participate In Practice,Johnathan Abram,OUT
2021,16,LV,TE,Darren Waller,00-0031610,Doubtful,Knee,Did Not Participate In Practice,Darren Waller,DOUBTFUL
2021,16,LV,LB,Will Compton,00-0029869,Questionable,Not injury related - personal matter,Did Not Participate In Practice,Will Compton,QUESTIONABLE
2021,16,LV,DT,Johnathan Hankins,00-0030063,Questionable,Back,Did Not Participate In Practice,Johnathan Hankins,QUESTIONABLE
2021,16,LV,LB,Denzel Perryman,00-0032103,Questionable,Ankle,Limited Participation in Practice,Denzel Perryman,QUESTIONABLE
2021,16,MIA,WR,Albert Wilson,00-0030669,,,Did Not Participate In Practice,Albert Wilson,
2021,16,MIA,T,Jesse Davis,00-0031893,,,Full Participation in Practice,Jesse Davis,
2021,16,MIA,S,Brandon Jones,00-0036221,,,Full Participation in Practice,Brandon Jones,
2021,16,MIA,RB,Phillip Lindsay,00-0034109,,,Full Participation in Practice,Phillip Lindsay,
2021,16,MIA,TE,Adam Shaheen,00-0033896,,,Full Participation in Practice,Adam Shaheen,
2021,16,MIA,DT,Zach Sieler,00-0034285,,,Full Participation in Practice,Zach Sieler,
2021,16,MIA,CB,Trill Williams,00-0036546,,,Full Participation in Practice,Trill Williams,
2021,16,MIN,C,Mason Cole,00-0034785,,,Did Not Participate In Practice,Mason Cole,
2021,16,MIN,RB,Dalvin Cook,00-0033893,,,Full Participation in Practice,Dalvin Cook,
2021,16,MIN,QB,Kirk Cousins,00-0029604,,,Full Participation in Practice,Kirk Cousins,
2021,16,MIN,LB,Eric Kendricks,00-0031554,,,Limited Participation in Practice,Eric Kendricks,
2021,16,MIN,RB,Alexander Mattison,00-0034972,,,Limited Participation in Practice,Alexander Mattison,
2021,16,MIN,FB,C.J. Ham,00-0032918,Questionable,Hamstring,Limited Participation in Practice,C.J. Ham,QUESTIONABLE
2021,16,MIN,WR,Adam Thielen,00-0030035,Questionable,Ankle,Limited Participation in Practice,Adam Thielen,QUESTIONABLE
2021,16,NE,WR,Matt Slater,00-0026293,,,Limited Participation in Practice,Matt Slater,
2021,16,NE,WR,Nelson Agholor,00-0031549,Out,Concussion,Did Not Participate In Practice,Nelson Agholor,OUT
2021,16,NE,S,Joshuah Bledsoe,00-0036872,Out,Calf,Did Not Participate In Practice,Joshuah Bledsoe,OUT
2021,16,NE,RB,Rhamondre Stevenson,00-0036875,Out,Illness,Did Not Participate In Practice,Rhamondre Stevenson,OUT
2021,16,NE,C,David Andrews,00-0031852,Questionable,Shoulder,Limited Participation in Practice,David Andrews,QUESTIONABLE
2021,16,NE,DT,Christian Barmore,00-0036981,Questionable,Knee,Limited Participation in Practice,Christian Barmore,QUESTIONABLE
2021,16,NE,LB,Ja'Whaun Bentley,00-0034385,Questionable,Ribs,Limited Participation in Practice,Ja'Whaun Bentley,QUESTIONABLE
2021,16,NE,RB,Brandon Bolden,00-0029239,Questionable,Knee,Limited Participation in Practice,Brandon Bolden,QUESTIONABLE
2021,16,NE,K,Nick Folk,00-0025565,Questionable,left Knee,Limited Participation in Practice,Nick Folk,QUESTIONABLE
2021,16,NE,RB,Damien Harris,00-0035657,Questionable,Hamstring,Limited Participation in Practice,Damien Harris,QUESTIONABLE
2021,16,NE,WR,N'Keal Harry,00-0035624,Questionable,Hip,Limited Participation in Practice,N'Keal Harry,QUESTIONABLE
2021,16,NE,S,Adrian Phillips,00-0031404,Questionable,Knee,Limited Participation in Practice,Adrian Phillips,QUESTIONABLE
2021,16,NO,T,Ryan Ramczyk,00-0033888,,,Did Not Participate In Practice,Ryan Ramczyk,
2021,16,NO,S,Marcus Williams,00-0033894,,,Full Participation in Practice,Marcus Williams,
2021,16,NO,T,Terron Armstead,00-0030067,Questionable,Knee,Limited Participation in Practice,Terron Armstead,QUESTIONABLE
2021,16,NO,DE,Marcus Davenport,00-0034344,Questionable,Shoulder,Limited Participation in Practice,Marcus Davenport,QUESTIONABLE
2021,16,NO,WR,Tre'Quan Smith,00-0034765,Questionable,Shoulder,Limited Participation in Practice,Tre'Quan Smith,QUESTIONABLE
2021,16,NYG,RB,Saquon Barkley,00-0034844,,,Limited Participation in Practice,Saquon Barkley,
2021,16,NYG,FB,Cullen Gillaspia,00-0035304,,,Limited Participation in Practice,Cullen Gillaspia,
2021,16,NYG,TE,Kyle Rudolph,00-0027981,,,Limited Participation in Practice,Kyle Rudolph,
2021,16,NYG,T,Andrew Thomas,00-0036386,,,Limited Participation in Practice,Andrew Thomas,
2021,16,NYG,DT,Leonard Williams,00-0031933,,,Limited Participation in Practice,Leonard Williams,
2021,16,NYG,G,Ben Bredeson,00-0036132,Out,Ankle,Did Not Participate In Practice,Ben Bredeson,OUT
2021,16,NYG,RB,Gary Brightwell,00-0036569,Out,Neck,Did Not Participate In Practice,Gary Brightwell,OUT
2021,16,NYG,WR,Collin Johnson,00-0036254,Out,Hamstring,Did Not Participate In Practice,Collin Johnson,OUT
2021,16,NYG,DT,Austin Johnson,00-0032763,Questionable,Foot,Did Not Participate In Practice,Austin Johnson,QUESTIONABLE
2021,16,NYG,S,J.R. Reed,00-0035830,Questionable,COVID Ramp Up,Limited Participation in Practice,J.R. Reed,QUESTIONABLE
2021,16,NYG,WR,Kadarius Toney,00-0036913,Questionable,Oblique,Limited Participation in Practice,Kadarius Toney,QUESTIONABLE
2021,16,NYG,LB,Oshane Ximines,00-0035708,Questionable,COVID Ramp Up,Limited Participation in Practice,Oshane Ximines,QUESTIONABLE
2021,16,NYJ,G,Laurent Duvernay-Tardif,00-0031022,,,Limited Participation in Practice,Laurent Duvernay-Tardif,
2021,16,NYJ,S,Elijah Riley,00-0036002,Out,Concussion,Did Not Participate In Practice,Elijah Riley,OUT
2021,16,NYJ,WR,Jamison Crowder,00-0031941,Doubtful,Calf,Did Not Participate In Practice,Jamison Crowder,DOUBTFUL
2021,16,NYJ,T,George Fant,00-0032466,Questionable,Knee,Full Participation in Practice,George Fant,QUESTIONABLE
2021,16,NYJ,CB,Bryce Hall,00-0036241,Questionable,Illness,Full Participation in Practice,Bryce Hall,QUESTIONABLE
2021,16,NYJ,LB,C.J. Mosley,00-0031296,Questionable,Back,Full Participation in Practice,C.J. Mosley,QUESTIONABLE
2021,16,NYJ,DT,Sheldon Rankins,00-0032759,Questionable,Knee,Full Participation in Practice,Sheldon Rankins,QUESTIONABLE
2021,16,NYJ,DT,Quinnen Williams,00-0035718,Questionable,Shoulder,Full Participation in Practice,Quinnen Williams,QUESTIONABLE
2021,16,PHI,T,Le'Raven Clark,00-0033065,,,Did Not Participate In Practice,Le'Raven Clark,
2021,16,PHI,DE,Ryan Kerrigan,00-0027954,,,Did Not Participate In Practice,Ryan Kerrigan,
2021,16,PHI,T,Jordan Mailata,00-0034429,,,Did Not Participate In Practice,Jordan Mailata,
2021,16,PHI,RB,Miles Sanders,00-0035243,,,Did Not Participate In Practice,Miles Sanders,
2021,16,PHI,DT,Fletcher Cox,00-0029653,,,Full Participation in Practice,Fletcher Cox,
2021,16,PHI,G,Landon Dickerson,00-0037002,,,Full Participation in Practice,Landon Dickerson,
2021,16,PHI,RB,Jordan Howard,00-0032780,,,Full Participation in Practice,Jordan Howard,
2021,16,PHI,QB,Jalen Hurts,00-0036389,,,Full Participation in Practice,Jalen Hurts,
2021,16,PHI,T,Lane Johnson,00-0030561,,,Full Participation in Practice,Lane Johnson,
2021,16,PHI,C,Jason Kelce,00-0028129,,,Full Participation in Practice,Jason Kelce,
2021,16,PHI,TE,Jack Stoll,00-0036741,,,Full Participation in Practice,Jack Stoll,
2021,16,PIT,DE,Isaiah Buggs,00-0035219,,,Full Participation in Practice,Isaiah Buggs,
2021,16,PIT,CB,Joe Haden,00-0027860,,,Full Participation in Practice,Joe Haden,
2021,16,PIT,T,Dan Moore,00-0036869,,,Full Participation in Practice,Dan Moore,
2021,16,PIT,TE,Kevin Rader,00-0034193,,,Full Participation in Practice,Kevin Rader,
2021,16,PIT,QB,Ben Roethlisberger,00-0022924,,,Full Participation in Practice,Ben Roethlisberger,
2021,16,PIT,P,Pressley Harvin,00-0036847,Out,Not injury related - personal matter,"
    ",Pressley Harvin,OUT
2021,16,PIT,TE,Pat Freiermuth,00-0036894,Out,Concussion,Did Not Participate In Practice,Pat Freiermuth,OUT
2021,16,PIT,DE,Chris Wormley,00-0033913,Out,Groin,Did Not Participate In Practice,Chris Wormley,OUT
2021,16,PIT,LB,Buddy Johnson,00-0036870,Out,Foot,Limited Participation in Practice,Buddy Johnson,OUT
2021,16,SEA,LB,Carlos Dunlap,00-0027662,,,Did Not Participate In Practice,Carlos Dunlap,
2021,16,SEA,RB,Alex Collins,00-0032426,,,Full Participation in Practice,Alex Collins,
2021,16,SEA,S,Quandre Diggs,00-0031608,,,Full Participation in Practice,Quandre Diggs,
2021,16,SEA,G,Kyle Fuller,00-0033592,,,Full Participation in Practice,Kyle Fuller,
2021,16,SEA,C,Ethan Pocic,00-0033901,,,Full Participation in Practice,Ethan Pocic,
2021,16,SEA,QB,Russell Wilson,00-0029263,,,Full Participation in Practice,Russell Wilson,
2021,16,SEA,T,Duane Brown,00-0026166,,,Limited Participation in Practice,Duane Brown,
2021,16,SEA,DT,Poona Ford,00-0034234,,,Limited Participation in Practice,Poona Ford,
2021,16,SEA,G,Gabe Jackson,00-0031367,,,Limited Participation in Practice,Gabe Jackson,
2021,16,SEA,WR,DK Metcalf,00-0035640,,,Limited Participation in Practice,DK Metcalf,
2021,16,SEA,WR,Freddie Swain,00-0036247,,,Limited Participation in Practice,Freddie Swain,
2021,16,SEA,DT,Al Woods,00-0027723,,,Limited Participation in Practice,Al Woods,
2021,16,SEA,LB,Jon Rhattigan,00-0036802,Out,Knee,Did Not Participate In Practice,Jon Rhattigan,OUT
2021,16,SEA,CB,Blessuan Austin,00-0035294,Questionable,Hip,Did Not Participate In Practice,Blessuan Austin,QUESTIONABLE
2021,16,SF,S,Jaquiski Tartt,00-0032057,,,Full Participation in Practice,Jaquiski Tartt,
2021,16,SF,LB,Dre Greenlaw,00-0034982,Out,Groin,Did Not Participate In Practice,Dre Greenlaw,OUT
2021,16,SF,S,Talanoa Hufanga,00-0036564,Out,Knee,Did Not Participate In Practice,Talanoa Hufanga,OUT
2021,16,SF,DT,Maurice Hurst,00-0034746,Out,Calf,Did Not Participate In Practice,Maurice Hurst,OUT
2021,16,SF,RB,Elijah Mitchell,00-0036567,Out,Knee,Did Not Participate In Practice,Elijah Mitchell,OUT
2021,16,SF,LB,Azeez Al-Shaair,00-0035166,Questionable,Elbow,Limited Participation in Practice,Azeez Al-Shaair,QUESTIONABLE
2021,16,TB,WR,Jaelon Darden,00-0036877,,,Did Not Participate In Practice,Jaelon Darden,
2021,16,TB,LB,Lavonte David,00-0029562,,,Did Not Participate In Practice,Lavonte David,
2021,16,TB,RB,Leonard Fournette,00-0033856,,,Did Not Participate In Practice,Leonard Fournette,
2021,16,TB,TE,Rob Gronkowski,00-0027656,,,Did Not Participate In Practice,Rob Gronkowski,
2021,16,TB,DT,Rakeem Nunez-Roches,00-0031957,,,Did Not Participate In Practice,Rakeem Nunez-Roches,
2021,16,TB,DT,Ndamukong Suh,00-0027855,,,Did Not Participate In Practice,Ndamukong Suh,
2021,16,TB,QB,Tom Brady,00-0019596,,,Full Participation in Practice,Tom Brady,
2021,16,TB,S,Mike Edwards,00-0035681,,,Full Participation in Practice,Mike Edwards,
2021,16,TB,P,Bradley Pinion,00-0032065,,,Full Participation in Practice,Bradley Pinion,
2021,16,TB,WR,Antonio Brown,00-0027793,,,Limited Participation in Practice,Antonio Brown,
2021,16,TB,WR,Mike Evans,00-0031408,Out,Hamstring,Did Not Participate In Practice,Mike Evans,OUT
2021,16,TB,S,Antoine Winfield,00-0036411,Out,Foot,Did Not Participate In Practice,Antoine Winfield,OUT
2021,16,TB,LB,Jason Pierre-Paul,00-0027867,Doubtful,Shoulder,Did Not Participate In Practice,Jason Pierre-Paul,DOUBTFUL
2021,16,TB,CB,Jamel Dean,00-0035699,Questionable,Illness,Full Participation in Practice,Jamel Dean,QUESTIONABLE
2021,16,TB,CB,Richard Sherman,00-0028092,Questionable,Achilles,Limited Participation in Practice,Richard Sherman,QUESTIONABLE
2021,16,TEN,RB,D'Onta Foreman,00-0033925,,,Full Participation in Practice,D'Onta Foreman,
2021,16,TEN,CB,Janoris Jenkins,00-0029681,,,Full Participation in Practice,Janoris Jenkins,
2021,16,TEN,WR,Julio Jones,00-0027944,,,Full Participation in Practice,Julio Jones,
2021,16,TEN,G,David Quessenberry,00-0030097,,,Full Participation in Practice,David Quessenberry,
2021,16,TEN,DT,Teair Tart,00-0036181,,,Full Participation in Practice,Teair Tart,
2021,16,TEN,T,Taylor Lewan,00-0031442,Out,Back,Did Not Participate In Practice,Taylor Lewan,OUT
2021,16,TEN,LB,David Long,00-0035292,Out,Hamstring,Did Not Participate In Practice,David Long,OUT
2021,16,TEN,DT,Larrell Murchison,00-0036237,Out,Knee,Did Not Participate In Practice,Larrell Murchison,OUT
2021,16,TEN,G,Rodger Saffold,00-0027648,Out,Shoulder,Did Not Participate In Practice,Rodger Saffold,OUT
2021,16,WAS,LB,Jamin Davis,00-0036614,,,Did Not Participate In Practice,Jamin Davis,
2021,16,WAS,WR,Adam Humphries,00-0032009,,,Full Participation in Practice,Adam Humphries,
2021,16,WAS,DE,James Smith-Williams,00-0036351,,,Full Participation in Practice,James Smith-Williams,
2021,16,WAS,S,Landon Collins,00-0032262,Out,Foot,Did Not Participate In Practice,Landon Collins,OUT
2021,16,WAS,S,Deshazor Everett,00-0031844,Out,Not injury related - personal matter,Did Not Participate In Practice,Deshazor Everett,OUT
2021,16,WAS,CB,William Jackson,00-0033107,Out,Calf,Did Not Participate In Practice,William Jackson,OUT
2021,16,WAS,DE,Daniel Wise,00-0035423,Out,Knee,Did Not Participate In Practice,Daniel Wise,OUT
2021,16,WAS,RB,Antonio Gibson,00-0036328,Questionable,Toe,Did Not Participate In Practice,Antonio Gibson,QUESTIONABLE
2021,16,WAS,WR,Curtis Samuel,00-0033282,Questionable,Hamstring,Limited Participation in Practice,Curtis Samuel,QUESTIONABLE
2021,17,ARI,T,Kelvin Beachum,00-0029316,,,Did Not Participate In Practice,Kelvin Beachum,
2021,17,ARI,RB,Chase Edmonds,00-0034681,,,Full Participation in Practice,Chase Edmonds,
2021,17,ARI,TE,Zach Ertz,00-0030061,,,Full Participation in Practice,Zach Ertz,
2021,17,ARI,C,Rodney Hudson,00-0027993,,,Full Participation in Practice,Rodney Hudson,
2021,17,ARI,S,Deionte Thompson,00-0035532,,,Full Participation in Practice,Deionte Thompson,
2021,17,ARI,DE,Jordan Phillips,00-0031557,Out,Knee,Did Not Participate In Practice,Jordan Phillips,OUT
2021,17,ARI,CB,Marco Wilson,00-0036884,Out,Shoulder,Did Not Participate In Practice,Marco Wilson,OUT
2021,17,ARI,TE,Demetrius Harris,00-0030155,Questionable,Shoulder,Did Not Participate In Practice,Demetrius Harris,QUESTIONABLE
2021,17,ARI,DE,Zach Allen,00-0035248,Questionable,Ankle,Limited Participation in Practice,Zach Allen,QUESTIONABLE
2021,17,ARI,S,Budda Baker,00-0033890,Questionable,Ribs,Limited Participation in Practice,Budda Baker,QUESTIONABLE
2021,17,ARI,RB,James Conner,00-0033553,Questionable,Heel,Limited Participation in Practice,James Conner,QUESTIONABLE
2021,17,ARI,G,Sean Harlow,00-0033511,Questionable,Illness,Limited Participation in Practice,Sean Harlow,QUESTIONABLE
2021,17,ARI,WR,Rondale Moore,00-0036936,Questionable,Ankle,Limited Participation in Practice,Rondale Moore,QUESTIONABLE
2021,17,ATL,LB,Dante Fowler,00-0032052,,,Did Not Participate In Practice,Dante Fowler,
2021,17,ATL,RB,Cordarrelle Patterson,00-0030578,,,Did Not Participate In Practice,Cordarrelle Patterson,
2021,17,ATL,TE,Lee Smith,00-0028097,,,Did Not Participate In Practice,Lee Smith,
2021,17,ATL,CB,Fabian Moreau,00-0033918,Doubtful,Ribs,Did Not Participate In Practice,Fabian Moreau,DOUBTFUL
2021,17,BAL,TE,Nick Boyle,00-0031598,,,Did Not Participate In Practice,Nick Boyle,
2021,17,BAL,DE,Calais Campbell,00-0026190,,,Did Not Participate In Practice,Calais Campbell,
2021,17,BAL,LB,Justin Houston,00-0028008,,,Did Not Participate In Practice,Justin Houston,
2021,17,BAL,RB,Latavius Murray,00-0030513,,,Did Not Participate In Practice,Latavius Murray,
2021,17,BAL,G,Tyre Phillips,00-0036214,,,Did Not Participate In Practice,Tyre Phillips,
2021,17,BAL,T,Alejandro Villanueva,00-0030648,,,Did Not Participate In Practice,Alejandro Villanueva,
2021,17,BAL,DT,Brandon Williams,00-0030511,,,Did Not Participate In Practice,Brandon Williams,
2021,17,BAL,CB,Tavon Young,00-0032770,,,Did Not Participate In Practice,Tavon Young,
2021,17,BAL,G,Kevin Zeitler,00-0029592,,,Did Not Participate In Practice,Kevin Zeitler,
2021,17,BAL,LB,Malik Harrison,00-0036280,,,Full Participation in Practice,Malik Harrison,
2021,17,BAL,S,Anthony Levine,00-0027539,,,Full Participation in Practice,Anthony Levine,
2021,17,BAL,LB,Tyus Bowser,00-0033283,,,Limited Participation in Practice,Tyus Bowser,
2021,17,BAL,CB,Anthony Averett,00-0034265,Out,Ribs,Did Not Participate In Practice,Anthony Averett,OUT
2021,17,BAL,G,Ben Powers,00-0034978,Out,Foot,Did Not Participate In Practice,Ben Powers,OUT
2021,17,BAL,LB,Odafe Oweh,00-0036940,Doubtful,Foot,Did Not Participate In Practice,Odafe Oweh,DOUBTFUL
2021,17,BAL,WR,Marquise Brown,00-0035662,Questionable,Illness,Did Not Participate In Practice,Marquise Brown,QUESTIONABLE
2021,17,BAL,QB,Lamar Jackson,00-0034796,Questionable,Ankle,Did Not Participate In Practice,Lamar Jackson,QUESTIONABLE
2021,17,BAL,WR,Devin Duvernay,00-0036331,Questionable,Ankle,Full Participation in Practice,Devin Duvernay,QUESTIONABLE
2021,17,BAL,LB,Daelin Hayes,00-0036562,Questionable,Knee,Limited Participation in Practice,Daelin Hayes,QUESTIONABLE
2021,17,BAL,FB,Patrick Ricard,00-0033376,Questionable,Knee,Limited Participation in Practice,Patrick Ricard,QUESTIONABLE
2021,17,BUF,WR,Stefon Diggs,00-0031588,,,Did Not Participate In Practice,Stefon Diggs,
2021,17,BUF,DT,Vernon Butler,00-0032967,,,Full Participation in Practice,Vernon Butler,
2021,17,BUF,LB,Tremaine Edmunds,00-0034673,,,Full Participation in Practice,Tremaine Edmunds,
2021,17,BUF,S,Micah Hyde,00-0030090,,,Full Participation in Practice,Micah Hyde,
2021,17,BUF,S,Jaquan Johnson,00-0035290,,,Full Participation in Practice,Jaquan Johnson,
2021,17,BUF,S,Jordan Poyer,00-0030114,,,Full Participation in Practice,Jordan Poyer,
2021,17,BUF,RB,Devin Singletary,00-0035250,,,Full Participation in Practice,Devin Singletary,
2021,17,BUF,DE,Mario Addison,00-0028339,,,Limited Participation in Practice,Mario Addison,
2021,17,BUF,DE,Jerry Hughes,00-0027881,,,Limited Participation in Practice,Jerry Hughes,
2021,17,BUF,RB,Taiwan Jones,00-0028063,,,Limited Participation in Practice,Taiwan Jones,
2021,17,BUF,WR,Emmanuel Sanders,00-0027685,Questionable,Knee,Did Not Participate In Practice,Emmanuel Sanders,QUESTIONABLE
2021,17,BUF,DT,Ed Oliver,00-0035230,Questionable,Ankle,Limited Participation in Practice,Ed Oliver,QUESTIONABLE
2021,17,CAR,S,Kenny Robinson,00-0036283,,,Did Not Participate In Practice,Kenny Robinson,
2021,17,CAR,CB,Stephon Gilmore,00-0029542,Out,Groin,Did Not Participate In Practice,Stephon Gilmore,OUT
2021,17,CAR,T,Cameron Erving,00-0032145,Doubtful,Calf,Did Not Participate In Practice,Cameron Erving,DOUBTFUL
2021,17,CAR,S,Sean Chandler,00-0034496,Doubtful,Groin,Limited Participation in Practice,Sean Chandler,DOUBTFUL
2021,17,CAR,S,Juston Burris,00-0032403,Questionable,Groin,Limited Participation in Practice,Juston Burris,QUESTIONABLE
2021,17,CAR,LB,Jermaine Carter,00-0034396,Questionable,Groin,Limited Participation in Practice,Jermaine Carter,QUESTIONABLE
2021,17,CAR,CB,C.J. Henderson,00-0036281,Questionable,Shoulder,Limited Participation in Practice,C.J. Henderson,QUESTIONABLE
2021,17,CHI,QB,Andy Dalton,00-0027973,,,Full Participation in Practice,Andy Dalton,
2021,17,CHI,WR,Marquise Goodwin,00-0030068,,,Full Participation in Practice,Marquise Goodwin,
2021,17,CHI,TE,Jimmy Graham,00-0027696,,,Full Participation in Practice,Jimmy Graham,
2021,17,CHI,WR,Jakeem Grant,00-0032791,,,Full Participation in Practice,Jakeem Grant,
2021,17,CHI,T,Teven Jenkins,00-0036953,,,Full Participation in Practice,Teven Jenkins,
2021,17,CHI,LB,Caleb Johnson,00-0036704,,,Full Participation in Practice,Caleb Johnson,
2021,17,CHI,LB,Christian Jones,00-0031130,,,Full Participation in Practice,Christian Jones,
2021,17,CHI,WR,Darnell Mooney,00-0036309,,,Full Participation in Practice,Darnell Mooney,
2021,17,CHI,K,Cairo Santos,00-0031203,,,Full Participation in Practice,Cairo Santos,
2021,17,CHI,TE,J.P. Holtz,00-0032986,Doubtful,Not injury related - personal matter,Did Not Participate In Practice,J.P. Holtz,DOUBTFUL
2021,17,CHI,DT,Eddie Goldman,00-0031551,Questionable,Finger,Full Participation in Practice,Eddie Goldman,QUESTIONABLE
2021,17,CHI,T,Jason Peters,00-0022531,Questionable,Ankle,Full Participation in Practice,Jason Peters,QUESTIONABLE
2021,17,CHI,QB,Justin Fields,00-0036945,Questionable,Ankle,Limited Participation in Practice,Justin Fields,QUESTIONABLE
2021,17,CHI,DT,Akiem Hicks,00-0029657,Questionable,Covid Ramp up,Limited Participation in Practice,Akiem Hicks,QUESTIONABLE
2021,17,CHI,CB,Duke Shelley,00-0035696,Questionable,Heel,Limited Participation in Practice,Duke Shelley,QUESTIONABLE
2021,17,CIN,QB,Joe Burrow,00-0036442,,,Full Participation in Practice,Joe Burrow,
2021,17,CIN,DE,Khalid Kareem,00-0036341,,,Full Participation in Practice,Khalid Kareem,
2021,17,CIN,LB,Logan Wilson,00-0036294,,,Full Participation in Practice,Logan Wilson,
2021,17,CIN,CB,Jalen Davis,00-0034446,Out,Ankle,Did Not Participate In Practice,Jalen Davis,OUT
2021,17,CIN,DE,Cameron Sample,00-0036850,Out,Hamstring,Did Not Participate In Practice,Cameron Sample,OUT
2021,17,CIN,LB,Germaine Pratt,00-0035697,Questionable,Not Injury Related,"
    ",Germaine Pratt,QUESTIONABLE
2021,17,CLE,LB,Mack Wilson,00-0035144,,,Did Not Participate In Practice,Mack Wilson,
2021,17,CLE,DE,Myles Garrett,00-0033868,,,Full Participation in Practice,Myles Garrett,
2021,17,CLE,FB,Andy Janovich,00-0032956,,,Full Participation in Practice,Andy Janovich,
2021,17,CLE,WR,Jarvis Landry,00-0031382,,,Full Participation in Practice,Jarvis Landry,
2021,17,CLE,QB,Baker Mayfield,00-0034855,,,Full Participation in Practice,Baker Mayfield,
2021,17,CLE,CB,Greg Newsome,00-0036996,,,Full Participation in Practice,Greg Newsome,
2021,17,CLE,LB,Jeremiah Owusu-Koramoah,00-0036915,,,Full Participation in Practice,Jeremiah Owusu-Koramoah,
2021,17,CLE,LB,Sione Takitaki,00-0035646,,,Full Participation in Practice,Sione Takitaki,
2021,17,CLE,C,J.C. Tretter,00-0030076,,,Limited Participation in Practice,J.C. Tretter,
2021,17,CLE,CB,Troy Hill,00-0031785,Out,Knee,Did Not Participate In Practice,Troy Hill,OUT
2021,17,CLE,S,John Johnson,00-0033927,Out,Hamstring,Did Not Participate In Practice,John Johnson,OUT
2021,17,CLE,S,Ronnie Harrison,00-0034779,Out,Ankle,Limited Participation in Practice,Ronnie Harrison,OUT
2021,17,CLE,RB,Kareem Hunt,00-0033923,Questionable,Ankle,Limited Participation in Practice,Kareem Hunt,QUESTIONABLE
2021,17,CLE,DT,Malik Jackson,00-0029568,Questionable,Knee,Limited Participation in Practice,Malik Jackson,QUESTIONABLE
2021,17,DAL,DT,Quinton Bohanna,00-0036649,,,Did Not Participate In Practice,Quinton Bohanna,
2021,17,DAL,RB,Ezekiel Elliott,00-0033045,,,Full Participation in Practice,Ezekiel Elliott,
2021,17,DAL,DE,Demarcus Lawrence,00-0031411,,,Full Participation in Practice,Demarcus Lawrence,
2021,17,DAL,RB,Tony Pollard,00-0035261,,,Full Participation in Practice,Tony Pollard,
2021,17,DAL,T,Tyron Smith,00-0027947,,,Full Participation in Practice,Tyron Smith,
2021,17,DAL,WR,Malik Turner,00-0034867,,,Full Participation in Practice,Malik Turner,
2021,17,DEN,LB,Bradley Chubb,00-0034832,,,Did Not Participate In Practice,Bradley Chubb,
2021,17,DEN,LB,Jonathon Cooper,00-0036952,,,Did Not Participate In Practice,Jonathon Cooper,
2021,17,DEN,LB,Stephen Weatherly,00-0032448,,,Did Not Participate In Practice,Stephen Weatherly,
2021,17,DEN,QB,Drew Lock,00-0035704,,,Full Participation in Practice,Drew Lock,
2021,17,DEN,QB,Teddy Bridgewater,00-0031237,Out,Concussion,Did Not Participate In Practice,Teddy Bridgewater,OUT
2021,17,DEN,WR,Courtland Sutton,00-0034348,Questionable,Illness,Did Not Participate In Practice,Courtland Sutton,QUESTIONABLE
2021,17,DEN,CB,Ronald Darby,00-0032195,Questionable,Shoulder,Limited Participation in Practice,Ronald Darby,QUESTIONABLE
2021,17,DEN,RB,Melvin Gordon,00-0032144,Questionable,Thumb,Limited Participation in Practice,Melvin Gordon,QUESTIONABLE
2021,17,DEN,DE,Shelby Harris,00-0031270,Questionable,Ankle,Limited Participation in Practice,Shelby Harris,QUESTIONABLE
2021,17,DEN,S,Kareem Jackson,00-0027872,Questionable,Back,Limited Participation in Practice,Kareem Jackson,QUESTIONABLE
2021,17,DEN,DE,Dre'Mont Jones,00-0035678,Questionable,Foot,Limited Participation in Practice,Dre'Mont Jones,QUESTIONABLE
2021,17,DEN,DE,Shamar Stephen,00-0031242,Questionable,Knee,Limited Participation in Practice,Shamar Stephen,QUESTIONABLE
2021,17,DEN,RB,Javonte Williams,00-0036997,Questionable,Knee,Limited Participation in Practice,Javonte Williams,QUESTIONABLE
2021,17,DEN,LB,Kenny Young,00-0034266,Questionable,Concussion,Limited Participation in Practice,Kenny Young,QUESTIONABLE
2021,17,DET,LB,Julian Okwara,00-0036249,,,Full Participation in Practice,Julian Okwara,
2021,17,DET,LB,Jalen Reeves-Maybin,00-0033557,,,Full Participation in Practice,Jalen Reeves-Maybin,
2021,17,DET,CB,Saivion Smith,00-0035370,,,Full Participation in Practice,Saivion Smith,
2021,17,DET,RB,D'Andre Swift,00-0036275,,,Full Participation in Practice,D'Andre Swift,
2021,17,DET,LB,Rashod Berry,00-0036086,Out,Illness,"
    ",Rashod Berry,OUT
2021,17,DET,FB,Jason Cabinda,00-0034171,Out,Knee,Did Not Participate In Practice,Jason Cabinda,OUT
2021,17,DET,QB,Jared Goff,00-0033106,Doubtful,Knee,Did Not Participate In Practice,Jared Goff,DOUBTFUL
2021,17,DET,LB,Curtis Bolton,00-0035076,Questionable,Back,Limited Participation in Practice,Curtis Bolton,QUESTIONABLE
2021,17,GB,TE,Dominique Dafney,00-0036456,,,Limited Participation in Practice,Dominique Dafney,
2021,17,GB,RB,Aaron Jones,00-0033293,,,Limited Participation in Practice,Aaron Jones,
2021,17,GB,QB,Aaron Rodgers,00-0023459,,,Limited Participation in Practice,Aaron Rodgers,
2021,17,GB,T,David Bakhtiari,00-0030074,Out,Knee,Did Not Participate In Practice,David Bakhtiari,OUT
2021,17,GB,G,Billy Turner,00-0031433,Out,Knee,Did Not Participate In Practice,Billy Turner,OUT
2021,17,GB,CB,Jaire Alexander,00-0034728,Out,Shoulder,Limited Participation in Practice,Jaire Alexander,OUT
2021,17,GB,DT,Tyler Lancaster,00-0034185,Questionable,Back,Limited Participation in Practice,Tyler Lancaster,QUESTIONABLE
2021,17,HOU,TE,Antony Auclair,00-0033421,,,Did Not Participate In Practice,Antony Auclair,
2021,17,HOU,C,Justin Britt,00-0031282,,,Full Participation in Practice,Justin Britt,
2021,17,HOU,DE,Jonathan Greenard,00-0036224,,,Full Participation in Practice,Jonathan Greenard,
2021,17,HOU,LB,Kamu Grugier-Hill,00-0032437,,,Full Participation in Practice,Kamu Grugier-Hill,
2021,17,HOU,DE,Jordan Jenkins,00-0032970,,,Full Participation in Practice,Jordan Jenkins,
2021,17,HOU,DE,DeMarcus Walker,00-0033782,,,Full Participation in Practice,DeMarcus Walker,
2021,17,HOU,QB,Deshaun Watson,00-0033537,Out,Not injury related - personal matter,Did Not Participate In Practice,Deshaun Watson,OUT
2021,17,HOU,WR,Chris Conley,00-0032128,Questionable,Knee,Limited Participation in Practice,Chris Conley,QUESTIONABLE
2021,17,HOU,S,A.J. Moore,00-0034594,Questionable,Illness,Limited Participation in Practice,A.J. Moore,QUESTIONABLE
2021,17,HOU,CB,Jimmy Moreland,00-0035307,Questionable,Illness,Limited Participation in Practice,Jimmy Moreland,QUESTIONABLE
2021,17,IND,S,Andrew Sendejo,00-0027914,Out,Concussion,Did Not Participate In Practice,Andrew Sendejo,OUT
2021,17,IND,T,Eric Fisher,00-0030584,Questionable,Knee/Shoulder/Toe,Did Not Participate In Practice,Eric Fisher,QUESTIONABLE
2021,17,IND,TE,Jack Doyle,00-0030181,Questionable,Knee,Full Participation in Practice,Jack Doyle,QUESTIONABLE
2021,17,IND,G,Mark Glowinski,00-0031581,Questionable,Illness,Limited Participation in Practice,Mark Glowinski,QUESTIONABLE
2021,17,JAX,T,Will Richardson,00-0034380,,,Did Not Participate In Practice,Will Richardson,
2021,17,JAX,CB,Nevin Lawson,00-0031176,Out,Illness,"
    ",Nevin Lawson,OUT
2021,17,JAX,TE,James O'Shaughnessy,00-0031951,Out,Hip,Did Not Participate In Practice,James O'Shaughnessy,OUT
2021,17,JAX,LB,Dakota Allen,00-0035670,Questionable,Shoulder,Limited Participation in Practice,Dakota Allen,QUESTIONABLE
2021,17,KC,LB,Willie Gay,00-0036362,,,Full Participation in Practice,Willie Gay,
2021,17,KC,CB,Mike Hughes,00-0034843,,,Full Participation in Practice,Mike Hughes,
2021,17,KC,S,Tyrann Mathieu,00-0030459,,,Full Participation in Practice,Tyrann Mathieu,
2021,17,KC,LB,Ben Niemann,00-0034296,,,Full Participation in Practice,Ben Niemann,
2021,17,KC,DT,Derrick Nnadi,00-0034818,,,Full Participation in Practice,Derrick Nnadi,
2021,17,KC,DT,Jarran Reed,00-0032387,,,Full Participation in Practice,Jarran Reed,
2021,17,KC,G,Joe Thuney,00-0032391,,,Full Participation in Practice,Joe Thuney,
2021,17,KC,RB,Clyde Edwards-Helaire,00-0036360,Questionable,Shoulder,Did Not Participate In Practice,Clyde Edwards-Helaire,QUESTIONABLE
2021,17,LA,DT,Aaron Donald,00-0031388,,,Did Not Participate In Practice,Aaron Donald,
2021,17,LA,C,Brian Allen,00-0034804,,,Full Participation in Practice,Brian Allen,
2021,17,LA,LB,Chris Garrett,00-0036863,,,Full Participation in Practice,Chris Garrett,
2021,17,LA,WR,Van Jefferson,00-0036415,,,Full Participation in Practice,Van Jefferson,
2021,17,LA,CB,Jalen Ramsey,00-0033055,,,Full Participation in Practice,Jalen Ramsey,
2021,17,LA,WR,Ben Skowronek,00-0036862,,,Full Participation in Practice,Ben Skowronek,
2021,17,LA,RB,Cam Akers,00-0036414,Questionable,Achilles,Full Participation in Practice,Cam Akers,QUESTIONABLE
2021,17,LA,S,Taylor Rapp,00-0035663,Questionable,Shoulder,Full Participation in Practice,Taylor Rapp,QUESTIONABLE
2021,17,LA,LB,Leonard Floyd,00-0033072,Questionable,Ankle,Limited Participation in Practice,Leonard Floyd,QUESTIONABLE
2021,17,LA,T,Greg Gaines,00-0035667,Questionable,Hand,Limited Participation in Practice,Greg Gaines,QUESTIONABLE
2021,17,LAC,TE,Stephen Anderson,00-0032725,,,Full Participation in Practice,Stephen Anderson,
2021,17,LAC,CB,Tevaughn Campbell,00-0034903,,,Full Participation in Practice,Tevaughn Campbell,
2021,17,LAC,DT,Linval Joseph,00-0027885,,,Full Participation in Practice,Linval Joseph,
2021,17,LAC,LB,Uchenna Nwosu,00-0034350,,,Full Participation in Practice,Uchenna Nwosu,
2021,17,LAC,DT,Jerry Tillery,00-0035674,,,Full Participation in Practice,Jerry Tillery,
2021,17,LAC,S,Derwin James,00-0034790,,,Limited Participation in Practice,Derwin James,
2021,17,LAC,LB,Drue Tranquill,00-0035262,Doubtful,Ankle,Did Not Participate In Practice,Drue Tranquill,DOUBTFUL
2021,17,LV,G,Jordan Simmons,00-0033446,,,Did Not Participate In Practice,Jordan Simmons,
2021,17,LV,QB,Derek Carr,00-0031280,,,Full Participation in Practice,Derek Carr,
2021,17,LV,LB,Divine Deablo,00-0036990,,,Full Participation in Practice,Divine Deablo,
2021,17,LV,TE,Daniel Helm,00-0035428,,,Full Participation in Practice,Daniel Helm,
2021,17,LV,RB,Josh Jacobs,00-0035700,,,Full Participation in Practice,Josh Jacobs,
2021,17,LV,DT,Quinton Jefferson,00-0032416,,,Full Participation in Practice,Quinton Jefferson,
2021,17,LV,TE,Foster Moreau,00-0034981,,,Full Participation in Practice,Foster Moreau,
2021,17,LV,T,Brandon Parker,00-0034763,,,Full Participation in Practice,Brandon Parker,
2021,17,LV,LB,Denzel Perryman,00-0032103,Questionable,Ankle,"
    ",Denzel Perryman,QUESTIONABLE
2021,17,LV,DT,Johnathan Hankins,00-0030063,Questionable,Back,Limited Participation in Practice,Johnathan Hankins,QUESTIONABLE
2021,17,MIA,T,Jesse Davis,00-0031893,,,Full Participation in Practice,Jesse Davis,
2021,17,MIA,RB,Phillip Lindsay,00-0034109,,,Full Participation in Practice,Phillip Lindsay,
2021,17,MIA,TE,Adam Shaheen,00-0033896,,,Full Participation in Practice,Adam Shaheen,
2021,17,MIA,DE,Adam Butler,00-0033381,Questionable,Illness,"
    ",Adam Butler,QUESTIONABLE
2021,17,MIA,S,Brandon Jones,00-0036221,Questionable,Illness,"
    ",Brandon Jones,QUESTIONABLE
2021,17,MIN,RB,Dalvin Cook,00-0033893,,,Full Participation in Practice,Dalvin Cook,
2021,17,MIN,FB,C.J. Ham,00-0032918,,,Full Participation in Practice,C.J. Ham,
2021,17,MIN,RB,Kene Nwangwu,00-0036842,,,Full Participation in Practice,Kene Nwangwu,
2021,17,MIN,S,Harrison Smith,00-0029606,,,Full Participation in Practice,Harrison Smith,
2021,17,MIN,CB,Cameron Dantzler,00-0036330,Doubtful,Calf,Did Not Participate In Practice,Cameron Dantzler,DOUBTFUL
2021,17,MIN,DT,Michael Pierce,00-0032574,Questionable,Illness,Did Not Participate In Practice,Michael Pierce,QUESTIONABLE
2021,17,MIN,TE,Tyler Conklin,00-0034270,Questionable,Hamstring,Full Participation in Practice,Tyler Conklin,QUESTIONABLE
2021,17,MIN,LB,Chazz Surratt,00-0037003,Questionable,Illness,Full Participation in Practice,Chazz Surratt,QUESTIONABLE
2021,17,NE,S,Joshuah Bledsoe,00-0036872,,,Did Not Participate In Practice,Joshuah Bledsoe,
2021,17,NE,G,Shaquille Mason,00-0031580,,,Did Not Participate In Practice,Shaquille Mason,
2021,17,NE,C,David Andrews,00-0031852,,,Limited Participation in Practice,David Andrews,
2021,17,NE,RB,Brandon Bolden,00-0029239,,,Limited Participation in Practice,Brandon Bolden,
2021,17,NE,WR,N'Keal Harry,00-0035624,,,Limited Participation in Practice,N'Keal Harry,
2021,17,NE,WR,Nelson Agholor,00-0031549,Out,Concussion,Did Not Participate In Practice,Nelson Agholor,OUT
2021,17,NE,LB,Dont'a Hightower,00-0029669,Questionable,Knee,Did Not Participate In Practice,Dont'a Hightower,QUESTIONABLE
2021,17,NE,S,Adrian Phillips,00-0031404,Questionable,Knee,Did Not Participate In Practice,Adrian Phillips,QUESTIONABLE
2021,17,NE,DT,Christian Barmore,00-0036981,Questionable,Knee,Limited Participation in Practice,Christian Barmore,QUESTIONABLE
2021,17,NE,S,Kyle Dugger,00-0036231,Questionable,Hamstring,Limited Participation in Practice,Kyle Dugger,QUESTIONABLE
2021,17,NE,K,Nick Folk,00-0025565,Questionable,left Knee,Limited Participation in Practice,Nick Folk,QUESTIONABLE
2021,17,NE,RB,Damien Harris,00-0035657,Questionable,Hamstring,Limited Participation in Practice,Damien Harris,QUESTIONABLE
2021,17,NE,CB,J.C. Jackson,00-0034591,Questionable,Elbow,Limited Participation in Practice,J.C. Jackson,QUESTIONABLE
2021,17,NE,WR,Jakobi Meyers,00-0034960,Questionable,Thigh,Limited Participation in Practice,Jakobi Meyers,QUESTIONABLE
2021,17,NO,CB,Bradley Roby,00-0031372,,,Did Not Participate In Practice,Bradley Roby,
2021,17,NO,QB,Taysom Hill,00-0033357,,,Full Participation in Practice,Taysom Hill,
2021,17,NO,T,Terron Armstead,00-0030067,,,Limited Participation in Practice,Terron Armstead,
2021,17,NO,DE,Marcus Davenport,00-0034344,,,Limited Participation in Practice,Marcus Davenport,
2021,17,NO,DE,Cameron Jordan,00-0027962,,,Limited Participation in Practice,Cameron Jordan,
2021,17,NO,TE,Nick Vannett,00-0032394,,,Limited Participation in Practice,Nick Vannett,
2021,17,NO,WR,Tre'Quan Smith,00-0034765,Out,Chest,Did Not Participate In Practice,Tre'Quan Smith,OUT
2021,17,NO,C,Erik McCoy,00-0035242,Questionable,Illness,"
    ",Erik McCoy,QUESTIONABLE
2021,17,NO,S,Marcus Williams,00-0033894,Questionable,Illness,"
    ",Marcus Williams,QUESTIONABLE
2021,17,NO,WR,Lil'Jordan Humphrey,00-0035406,Questionable,Illness,Did Not Participate In Practice,Lil'Jordan Humphrey,QUESTIONABLE
2021,17,NO,WR,Ty Montgomery,00-0032200,Questionable,Back,Did Not Participate In Practice,Ty Montgomery,QUESTIONABLE
2021,17,NO,DE,Carl Granderson,00-0035402,Questionable,Not injury related - resting player,Limited Participation in Practice,Carl Granderson,QUESTIONABLE
2021,17,NO,RB,Mark Ingram,00-0027966,Questionable,Knee,Limited Participation in Practice,Mark Ingram,QUESTIONABLE
2021,17,NYG,RB,Gary Brightwell,00-0036569,,,Did Not Participate In Practice,Gary Brightwell,
2021,17,NYG,K,Graham Gano,00-0026858,,,Full Participation in Practice,Graham Gano,
2021,17,NYG,FB,Cullen Gillaspia,00-0035304,,,Full Participation in Practice,Cullen Gillaspia,
2021,17,NYG,DE,Raymond Johnson,00-0036611,,,Full Participation in Practice,Raymond Johnson,
2021,17,NYG,RB,Saquon Barkley,00-0034844,,,Limited Participation in Practice,Saquon Barkley,
2021,17,NYG,G,Ben Bredeson,00-0036132,,,Limited Participation in Practice,Ben Bredeson,
2021,17,NYG,CB,Keion Crossen,00-0034435,,,Limited Participation in Practice,Keion Crossen,
2021,17,NYG,TE,Kyle Rudolph,00-0027981,,,Limited Participation in Practice,Kyle Rudolph,
2021,17,NYG,WR,Collin Johnson,00-0036254,Out,Hamstring,Did Not Participate In Practice,Collin Johnson,OUT
2021,17,NYG,WR,John Ross,00-0033460,Out,Knee,Did Not Participate In Practice,John Ross,OUT
2021,17,NYG,WR,Kadarius Toney,00-0036913,Out,Shoulder,Did Not Participate In Practice,Kadarius Toney,OUT
2021,17,NYG,C,Billy Price,00-0034762,Doubtful,Not injury related - personal matter,Did Not Participate In Practice,Billy Price,DOUBTFUL
2021,17,NYG,CB,Adoree' Jackson,00-0033878,Questionable,Quadricep,Limited Participation in Practice,Adoree' Jackson,QUESTIONABLE
2021,17,NYG,DT,Austin Johnson,00-0032763,Questionable,Foot,Limited Participation in Practice,Austin Johnson,QUESTIONABLE
2021,17,NYG,TE,Chris Myarick,00-0035345,Questionable,Hip,Limited Participation in Practice,Chris Myarick,QUESTIONABLE
2021,17,NYG,T,Nate Solder,00-0027955,Questionable,COVID Ramp Up,Limited Participation in Practice,Nate Solder,QUESTIONABLE
2021,17,NYJ,LB,C.J. Mosley,00-0031296,,,Full Participation in Practice,C.J. Mosley,
2021,17,NYJ,DT,Sheldon Rankins,00-0032759,,,Full Participation in Practice,Sheldon Rankins,
2021,17,NYJ,S,Elijah Riley,00-0036002,,,Full Participation in Practice,Elijah Riley,
2021,17,NYJ,WR,Jamison Crowder,00-0031941,Doubtful,Calf,Did Not Participate In Practice,Jamison Crowder,DOUBTFUL
2021,17,PHI,DT,Fletcher Cox,00-0029653,,,Full Participation in Practice,Fletcher Cox,
2021,17,PHI,RB,Kenneth Gainwell,00-0036919,,,Full Participation in Practice,Kenneth Gainwell,
2021,17,PHI,G,Nate Herbig,00-0035383,,,Full Participation in Practice,Nate Herbig,
2021,17,PHI,QB,Jalen Hurts,00-0036389,,,Full Participation in Practice,Jalen Hurts,
2021,17,PHI,T,Lane Johnson,00-0030561,,,Full Participation in Practice,Lane Johnson,
2021,17,PHI,C,Jason Kelce,00-0028129,,,Full Participation in Practice,Jason Kelce,
2021,17,PHI,S,K'Von Wallace,00-0036395,,,Full Participation in Practice,K'Von Wallace,
2021,17,PHI,LB,Shaun Bradley,00-0036401,Out,Shoulder,"
    ",Shaun Bradley,OUT
2021,17,PHI,RB,Miles Sanders,00-0035243,Out,Hand,Did Not Participate In Practice,Miles Sanders,OUT
2021,17,PHI,RB,Jordan Howard,00-0032780,Questionable,Stinger,Limited Participation in Practice,Jordan Howard,QUESTIONABLE
2021,17,PIT,TE,Pat Freiermuth,00-0036894,,,Full Participation in Practice,Pat Freiermuth,
2021,17,PIT,QB,Ben Roethlisberger,00-0022924,,,Full Participation in Practice,Ben Roethlisberger,
2021,17,PIT,DE,Chris Wormley,00-0033913,,,Full Participation in Practice,Chris Wormley,
2021,17,PIT,G,Trai Turner,00-0031362,,,Limited Participation in Practice,Trai Turner,
2021,17,PIT,LB,Buddy Johnson,00-0036870,Out,Foot,Did Not Participate In Practice,Buddy Johnson,OUT
2021,17,PIT,P,Pressley Harvin,00-0036847,Questionable,Not injury related - personal matter,Did Not Participate In Practice,Pressley Harvin,QUESTIONABLE
2021,17,PIT,C,Kendrick Green,00-0036983,Questionable,Calf,Limited Participation in Practice,Kendrick Green,QUESTIONABLE
2021,17,SEA,T,Duane Brown,00-0026166,,,Did Not Participate In Practice,Duane Brown,
2021,17,SEA,LB,Carlos Dunlap,00-0027662,,,Did Not Participate In Practice,Carlos Dunlap,
2021,17,SEA,S,Quandre Diggs,00-0031608,,,Full Participation in Practice,Quandre Diggs,
2021,17,SEA,DT,Poona Ford,00-0034234,,,Full Participation in Practice,Poona Ford,
2021,17,SEA,G,Gabe Jackson,00-0031367,,,Full Participation in Practice,Gabe Jackson,
2021,17,SEA,DT,Bryan Mone,00-0035094,,,Full Participation in Practice,Bryan Mone,
2021,17,SEA,DT,Robert Nkemdiche,00-0032761,,,Full Participation in Practice,Robert Nkemdiche,
2021,17,SEA,LS,Tyler Ott,00-0031156,,,Full Participation in Practice,Tyler Ott,
2021,17,SEA,RB,Rashaad Penny,00-0034750,,,Full Participation in Practice,Rashaad Penny,
2021,17,SEA,C,Ethan Pocic,00-0033901,,,Full Participation in Practice,Ethan Pocic,
2021,17,SEA,WR,Freddie Swain,00-0036247,,,Full Participation in Practice,Freddie Swain,
2021,17,SEA,DT,Al Woods,00-0027723,,,Full Participation in Practice,Al Woods,
2021,17,SEA,WR,DK Metcalf,00-0035640,,,Limited Participation in Practice,DK Metcalf,
2021,17,SEA,LB,Jon Rhattigan,00-0036802,Out,Knee,Did Not Participate In Practice,Jon Rhattigan,OUT
2021,17,SEA,T,Brandon Shell,00-0032420,Doubtful,Shoulder,Did Not Participate In Practice,Brandon Shell,DOUBTFUL
2021,17,SEA,RB,Alex Collins,00-0032426,Questionable,Abdomen,Did Not Participate In Practice,Alex Collins,QUESTIONABLE
2021,17,SF,DT,D.J. Jones,00-0033297,,,Full Participation in Practice,D.J. Jones,
2021,17,SF,C,Alex Mack,00-0026997,,,Full Participation in Practice,Alex Mack,
2021,17,SF,T,Trent Williams,00-0027857,,,Full Participation in Practice,Trent Williams,
2021,17,SF,LB,Azeez Al-Shaair,00-0035166,Out,Knee,Did Not Participate In Practice,Azeez Al-Shaair,OUT
2021,17,SF,LB,Dre Greenlaw,00-0034982,Out,Groin,Did Not Participate In Practice,Dre Greenlaw,OUT
2021,17,SF,DT,Maurice Hurst,00-0034746,Out,Calf,Did Not Participate In Practice,Maurice Hurst,OUT
2021,17,SF,QB,Jimmy Garoppolo,00-0031345,Doubtful,right Thumb,Did Not Participate In Practice,Jimmy Garoppolo,DOUBTFUL
2021,17,SF,S,Talanoa Hufanga,00-0036564,Doubtful,Knee,Did Not Participate In Practice,Talanoa Hufanga,DOUBTFUL
2021,17,SF,RB,Elijah Mitchell,00-0036567,Questionable,Knee,Limited Participation in Practice,Elijah Mitchell,QUESTIONABLE
2021,17,TB,QB,Tom Brady,00-0019596,,,Did Not Participate In Practice,Tom Brady,
2021,17,TB,TE,Rob Gronkowski,00-0027656,,,Did Not Participate In Practice,Rob Gronkowski,
2021,17,TB,P,Bradley Pinion,00-0032065,,,Did Not Participate In Practice,Bradley Pinion,
2021,17,TB,DT,Ndamukong Suh,00-0027855,,,Did Not Participate In Practice,Ndamukong Suh,
2021,17,TB,S,Mike Edwards,00-0035681,,,Full Participation in Practice,Mike Edwards,
2021,17,TB,WR,Breshad Perriman,00-0032054,,,Full Participation in Practice,Breshad Perriman,
2021,17,TB,LB,Grant Stuard,00-0036672,,,Full Participation in Practice,Grant Stuard,
2021,17,TB,LB,Shaquil Barrett,00-0031101,Out,Knee,Did Not Participate In Practice,Shaquil Barrett,OUT
2021,17,TB,LB,Jason Pierre-Paul,00-0027867,Out,Shoulder,Did Not Participate In Practice,Jason Pierre-Paul,OUT
2021,17,TB,CB,Richard Sherman,00-0028092,Doubtful,Achilles,Did Not Participate In Practice,Richard Sherman,DOUBTFUL
2021,17,TB,CB,Jamel Dean,00-0035699,Questionable,Illness,"
    ",Jamel Dean,QUESTIONABLE
2021,17,TB,CB,Sean Murphy-Bunting,00-0035239,Questionable,Illness,"
    ",Sean Murphy-Bunting,QUESTIONABLE
2021,17,TB,WR,Antonio Brown,00-0027793,Questionable,Ankle,Did Not Participate In Practice,Antonio Brown,QUESTIONABLE
2021,17,TB,WR,Mike Evans,00-0031408,Questionable,Hamstring,Limited Participation in Practice,Mike Evans,QUESTIONABLE
2021,17,TB,WR,Justin Watson,00-0034386,Questionable,Quadricep,Limited Participation in Practice,Justin Watson,QUESTIONABLE
2021,17,TB,S,Antoine Winfield,00-0036411,Questionable,Foot,Limited Participation in Practice,Antoine Winfield,QUESTIONABLE
2021,17,TEN,C,Aaron Brewer,00-0036171,,,Full Participation in Practice,Aaron Brewer,
2021,17,TEN,WR,A.J. Brown,00-0035676,,,Full Participation in Practice,A.J. Brown,
2021,17,TEN,CB,Janoris Jenkins,00-0029681,,,Full Participation in Practice,Janoris Jenkins,
2021,17,TEN,LB,Harold Landry,00-0034828,,,Full Participation in Practice,Harold Landry,
2021,17,TEN,C,Corey Levin,00-0033793,,,Full Participation in Practice,Corey Levin,
2021,17,TEN,T,Taylor Lewan,00-0031442,,,Full Participation in Practice,Taylor Lewan,
2021,17,TEN,LB,David Long,00-0035292,,,Full Participation in Practice,David Long,
2021,17,TEN,DT,Larrell Murchison,00-0036237,Questionable,Knee,Did Not Participate In Practice,Larrell Murchison,QUESTIONABLE
2021,17,TEN,LB,Derick Roberson,00-0035521,Questionable,Illness,Did Not Participate In Practice,Derick Roberson,QUESTIONABLE
2021,17,WAS,T,Samuel Cosmi,00-0036618,,,Did Not Participate In Practice,Samuel Cosmi,
2021,17,WAS,CB,Kendall Fuller,00-0033084,,,Did Not Participate In Practice,Kendall Fuller,
2021,17,WAS,RB,Antonio Gibson,00-0036328,,,Did Not Participate In Practice,Antonio Gibson,
2021,17,WAS,T,Saahdiq Charles,00-0036334,,,Full Participation in Practice,Saahdiq Charles,
2021,17,WAS,QB,Taylor Heinicke,00-0031800,,,Full Participation in Practice,Taylor Heinicke,
2021,17,WAS,CB,William Jackson,00-0033107,Out,Calf,Did Not Participate In Practice,William Jackson,OUT
2021,17,WAS,DE,Montez Sweat,00-0035647,Questionable,Not injury related - personal matter,Did Not Participate In Practice,Montez Sweat,QUESTIONABLE
2021,17,WAS,WR,Curtis Samuel,00-0033282,Questionable,Hamstring,Limited Participation in Practice,Curtis Samuel,QUESTIONABLE
2021,17,WAS,DE,James Smith-Williams,00-0036351,Questionable,Illness,Limited Participation in Practice,James Smith-Williams,QUESTIONABLE
2021,18,ARI,T,Kelvin Beachum,00-0029316,,,Did Not Participate In Practice,Kelvin Beachum,
2021,18,ARI,TE,Zach Ertz,00-0030061,,,Did Not Participate In Practice,Zach Ertz,
2021,18,ARI,C,Rodney Hudson,00-0027993,,,Did Not Participate In Practice,Rodney Hudson,
2021,18,ARI,DT,Corey Peters,00-0027686,,,Did Not Participate In Practice,Corey Peters,
2021,18,ARI,RB,Chase Edmonds,00-0034681,Out,Ribs,Did Not Participate In Practice,Chase Edmonds,OUT
2021,18,ARI,WR,Rondale Moore,00-0036936,Out,Ankle,Did Not Participate In Practice,Rondale Moore,OUT
2021,18,ARI,DE,Jordan Phillips,00-0031557,Out,Knee,Did Not Participate In Practice,Jordan Phillips,OUT
2021,18,ARI,CB,Marco Wilson,00-0036884,Out,Shoulder,Limited Participation in Practice,Marco Wilson,OUT
2021,18,ARI,DE,Zach Allen,00-0035248,Questionable,Ankle,Limited Participation in Practice,Zach Allen,QUESTIONABLE
2021,18,ARI,RB,James Conner,00-0033553,Questionable,Heel,Limited Participation in Practice,James Conner,QUESTIONABLE
2021,18,ARI,LB,Dennis Gardeck,00-0034473,Questionable,Thumb,Limited Participation in Practice,Dennis Gardeck,QUESTIONABLE
2021,18,ARI,TE,Demetrius Harris,00-0030155,Questionable,Shoulder,Limited Participation in Practice,Demetrius Harris,QUESTIONABLE
2021,18,ATL,RB,Cordarrelle Patterson,00-0030578,,,Did Not Participate In Practice,Cordarrelle Patterson,
2021,18,ATL,TE,Lee Smith,00-0028097,,,Did Not Participate In Practice,Lee Smith,
2021,18,ATL,CB,Fabian Moreau,00-0033918,,,Full Participation in Practice,Fabian Moreau,
2021,18,ATL,G,Jalen Mayfield,00-0036947,Questionable,Back,Did Not Participate In Practice,Jalen Mayfield,QUESTIONABLE
2021,18,ATL,WR,Frank Darby,00-0036951,Questionable,Shoulder,Limited Participation in Practice,Frank Darby,QUESTIONABLE
2021,18,ATL,RB,Qadree Ollison,00-0035273,Questionable,Quadricep,Limited Participation in Practice,Qadree Ollison,QUESTIONABLE
2021,18,ATL,TE,Kyle Pitts,00-0036970,Questionable,Hamstring,Limited Participation in Practice,Kyle Pitts,QUESTIONABLE
2021,18,BAL,DE,Calais Campbell,00-0026190,,,Did Not Participate In Practice,Calais Campbell,
2021,18,BAL,RB,Devonta Freeman,00-0031285,,,Did Not Participate In Practice,Devonta Freeman,
2021,18,BAL,LB,Justin Houston,00-0028008,,,Did Not Participate In Practice,Justin Houston,
2021,18,BAL,FB,Patrick Ricard,00-0033376,,,Did Not Participate In Practice,Patrick Ricard,
2021,18,BAL,CB,Jimmy Smith,00-0027965,,,Did Not Participate In Practice,Jimmy Smith,
2021,18,BAL,T,Alejandro Villanueva,00-0030648,,,Did Not Participate In Practice,Alejandro Villanueva,
2021,18,BAL,DT,Brandon Williams,00-0030511,,,Did Not Participate In Practice,Brandon Williams,
2021,18,BAL,CB,Tavon Young,00-0032770,,,Did Not Participate In Practice,Tavon Young,
2021,18,BAL,G,Kevin Zeitler,00-0029592,,,Did Not Participate In Practice,Kevin Zeitler,
2021,18,BAL,C,Bradley Bozeman,00-0034281,,,Full Participation in Practice,Bradley Bozeman,
2021,18,BAL,WR,Marquise Brown,00-0035662,,,Full Participation in Practice,Marquise Brown,
2021,18,BAL,QB,Tyler Huntley,00-0035993,,,Full Participation in Practice,Tyler Huntley,
2021,18,BAL,T,Patrick Mekari,00-0035112,,,Full Participation in Practice,Patrick Mekari,
2021,18,BAL,CB,Anthony Averett,00-0034265,Out,Ribs,Did Not Participate In Practice,Anthony Averett,OUT
2021,18,BAL,QB,Lamar Jackson,00-0034796,Out,Ankle,Did Not Participate In Practice,Lamar Jackson,OUT
2021,18,BAL,LB,Odafe Oweh,00-0036940,Doubtful,Foot,Did Not Participate In Practice,Odafe Oweh,DOUBTFUL
2021,18,BAL,WR,Devin Duvernay,00-0036331,Questionable,Ankle,Full Participation in Practice,Devin Duvernay,QUESTIONABLE
2021,18,BAL,G,Ben Cleveland,00-0036977,Questionable,Head,Limited Participation in Practice,Ben Cleveland,QUESTIONABLE
2021,18,BAL,G,Ben Powers,00-0034978,Questionable,Foot,Limited Participation in Practice,Ben Powers,QUESTIONABLE
2021,18,BUF,WR,Stefon Diggs,00-0031588,,,Did Not Participate In Practice,Stefon Diggs,
2021,18,BUF,C,Ryan Bates,00-0035382,,,Full Participation in Practice,Ryan Bates,
2021,18,BUF,T,Dion Dawkins,00-0033904,,,Full Participation in Practice,Dion Dawkins,
2021,18,BUF,DT,Ed Oliver,00-0035230,,,Full Participation in Practice,Ed Oliver,
2021,18,BUF,DE,Mario Addison,00-0028339,,,Limited Participation in Practice,Mario Addison,
2021,18,BUF,WR,Cole Beasley,00-0029000,,,Limited Participation in Practice,Cole Beasley,
2021,18,BUF,DE,Jerry Hughes,00-0027881,,,Limited Participation in Practice,Jerry Hughes,
2021,18,BUF,DE,Efe Obada,00-0031500,Out,Ankle,Did Not Participate In Practice,Efe Obada,OUT
2021,18,BUF,WR,Emmanuel Sanders,00-0027685,Doubtful,Knee,Did Not Participate In Practice,Emmanuel Sanders,DOUBTFUL
2021,18,CAR,CB,Stephon Gilmore,00-0029542,,,Did Not Participate In Practice,Stephon Gilmore,
2021,18,CAR,DE,Yetur Gross-Matos,00-0036288,,,Did Not Participate In Practice,Yetur Gross-Matos,
2021,18,CAR,WR,Shi Smith,00-0036572,,,Did Not Participate In Practice,Shi Smith,
2021,18,CAR,CB,C.J. Henderson,00-0036281,,,Limited Participation in Practice,C.J. Henderson,
2021,18,CAR,S,Sean Chandler,00-0034496,Doubtful,Groin,Did Not Participate In Practice,Sean Chandler,DOUBTFUL
2021,18,CAR,WR,Robby Anderson,00-0032688,Questionable,Quadricep,Did Not Participate In Practice,Robby Anderson,QUESTIONABLE
2021,18,CAR,DT,Derrick Brown,00-0036220,Questionable,Elbow,Limited Participation in Practice,Derrick Brown,QUESTIONABLE
2021,18,CHI,WR,Jakeem Grant,00-0032791,,,Did Not Participate In Practice,Jakeem Grant,
2021,18,CHI,QB,Andy Dalton,00-0027973,,,Full Participation in Practice,Andy Dalton,
2021,18,CHI,QB,Justin Fields,00-0036945,,,Full Participation in Practice,Justin Fields,
2021,18,CHI,TE,Jimmy Graham,00-0027696,,,Full Participation in Practice,Jimmy Graham,
2021,18,CHI,DT,Akiem Hicks,00-0029657,Out,Ankle,Did Not Participate In Practice,Akiem Hicks,OUT
2021,18,CHI,DT,Eddie Goldman,00-0031551,Questionable,Finger,Full Participation in Practice,Eddie Goldman,QUESTIONABLE
2021,18,CHI,LB,Robert Quinn,00-0027952,Questionable,Shoulder,Full Participation in Practice,Robert Quinn,QUESTIONABLE
2021,18,CHI,CB,Duke Shelley,00-0035696,Questionable,Heel,Full Participation in Practice,Duke Shelley,QUESTIONABLE
2021,18,CIN,DT,Larry Ogunjobi,00-0033905,,,Did Not Participate In Practice,Larry Ogunjobi,
2021,18,CIN,T,Fred Johnson,00-0034951,,,Full Participation in Practice,Fred Johnson,
2021,18,CIN,CB,Jalen Davis,00-0034446,Out,Ankle,Did Not Participate In Practice,Jalen Davis,OUT
2021,18,CIN,DE,Cameron Sample,00-0036850,Out,Hamstring,Did Not Participate In Practice,Cameron Sample,OUT
2021,18,CIN,TE,C.J. Uzomah,00-0032134,Questionable,Knee,Did Not Participate In Practice,C.J. Uzomah,QUESTIONABLE
2021,18,CIN,QB,Joe Burrow,00-0036442,Questionable,Not injury related - resting player,Full Participation in Practice,Joe Burrow,QUESTIONABLE
2021,18,CIN,DE,Sam Hubbard,00-0034834,Questionable,Thigh,Full Participation in Practice,Sam Hubbard,QUESTIONABLE
2021,18,CIN,K,Evan McPherson,00-0036854,Questionable,right Groin,Full Participation in Practice,Evan McPherson,QUESTIONABLE
2021,18,CIN,DT,D.J. Reader,00-0032424,Questionable,Not injury related - resting player,Full Participation in Practice,D.J. Reader,QUESTIONABLE
2021,18,CLE,DT,Malik Jackson,00-0029568,,,Did Not Participate In Practice,Malik Jackson,
2021,18,CLE,TE,Austin Hooper,00-0032392,,,Full Participation in Practice,Austin Hooper,
2021,18,CLE,DE,Ifeadi Odenigbo,00-0033969,,,Full Participation in Practice,Ifeadi Odenigbo,
2021,18,CLE,C,J.C. Tretter,00-0030076,,,Full Participation in Practice,J.C. Tretter,
2021,18,CLE,RB,Nick Chubb,00-0034791,,,Limited Participation in Practice,Nick Chubb,
2021,18,CLE,DE,Jadeveon Clowney,00-0031364,,,Limited Participation in Practice,Jadeveon Clowney,
2021,18,CLE,LB,Elijah Lee,00-0033973,,,Limited Participation in Practice,Elijah Lee,
2021,18,CLE,DT,Malik McDowell,00-0034019,,,Limited Participation in Practice,Malik McDowell,
2021,18,CLE,S,Ronnie Harrison,00-0034779,Questionable,Ankle,Limited Participation in Practice,Ronnie Harrison,QUESTIONABLE
2021,18,CLE,CB,Troy Hill,00-0031785,Questionable,Knee,Limited Participation in Practice,Troy Hill,QUESTIONABLE
2021,18,CLE,RB,Kareem Hunt,00-0033923,Questionable,Ankle,Limited Participation in Practice,Kareem Hunt,QUESTIONABLE
2021,18,CLE,S,John Johnson,00-0033927,Questionable,Hamstring,Limited Participation in Practice,John Johnson,QUESTIONABLE
2021,18,CLE,TE,David Njoku,00-0033885,Questionable,Shoulder,Limited Participation in Practice,David Njoku,QUESTIONABLE
2021,18,CLE,CB,Denzel Ward,00-0034856,Questionable,Groin,Limited Participation in Practice,Denzel Ward,QUESTIONABLE
2021,18,CLE,CB,Greedy Williams,00-0035638,Questionable,Shoulder,Limited Participation in Practice,Greedy Williams,QUESTIONABLE
2021,18,DAL,RB,Ezekiel Elliott,00-0033045,,,Full Participation in Practice,Ezekiel Elliott,
2021,18,DAL,CB,Trevon Diggs,00-0036361,Questionable,Illness,Did Not Participate In Practice,Trevon Diggs,QUESTIONABLE
2021,18,DAL,S,Donovan Wilson,00-0035301,Questionable,Illness,Did Not Participate In Practice,Donovan Wilson,QUESTIONABLE
2021,18,DAL,S,Jayron Kearse,00-0032454,Questionable,Hamstring,Limited Participation in Practice,Jayron Kearse,QUESTIONABLE
2021,18,DAL,RB,Tony Pollard,00-0035261,Questionable,Foot,Limited Participation in Practice,Tony Pollard,QUESTIONABLE
2021,18,DEN,QB,Teddy Bridgewater,00-0031237,,,Did Not Participate In Practice,Teddy Bridgewater,
2021,18,DEN,S,Kareem Jackson,00-0027872,,,Did Not Participate In Practice,Kareem Jackson,
2021,18,DEN,G,Dalton Risner,00-0035702,,,Did Not Participate In Practice,Dalton Risner,
2021,18,DEN,TE,Noah Fant,00-0035644,,,Full Participation in Practice,Noah Fant,
2021,18,DEN,RB,Melvin Gordon,00-0032144,,,Full Participation in Practice,Melvin Gordon,
2021,18,DEN,QB,Drew Lock,00-0035704,,,Full Participation in Practice,Drew Lock,
2021,18,DEN,DE,Shamar Stephen,00-0031242,,,Full Participation in Practice,Shamar Stephen,
2021,18,DEN,RB,Javonte Williams,00-0036997,,,Full Participation in Practice,Javonte Williams,
2021,18,DEN,CB,Ronald Darby,00-0032195,Out,Shoulder,Did Not Participate In Practice,Ronald Darby,OUT
2021,18,DEN,CB,Patrick Surtain,00-0036874,Out,Calf,Did Not Participate In Practice,Patrick Surtain,OUT
2021,18,DEN,CB,Nate Hairston,00-0033568,Questionable,Illness,Did Not Participate In Practice,Nate Hairston,QUESTIONABLE
2021,18,DEN,DE,Shelby Harris,00-0031270,Questionable,Ankle,Did Not Participate In Practice,Shelby Harris,QUESTIONABLE
2021,18,DET,FB,Jason Cabinda,00-0034171,Out,Knee,Did Not Participate In Practice,Jason Cabinda,OUT
2021,18,DET,T,Will Holden,00-0033788,Questionable,Illness,"
    ",Will Holden,QUESTIONABLE
2021,18,DET,T,Penei Sewell,00-0036880,Questionable,Thumb,"
    ",Penei Sewell,QUESTIONABLE
2021,18,DET,DE,Michael Brockers,00-0029630,Questionable,Neck,Limited Participation in Practice,Michael Brockers,QUESTIONABLE
2021,18,DET,QB,Jared Goff,00-0033106,Questionable,Knee,Limited Participation in Practice,Jared Goff,QUESTIONABLE
2021,18,DET,G,Jonah Jackson,00-0036258,Questionable,Elbow,Limited Participation in Practice,Jonah Jackson,QUESTIONABLE
2021,18,DET,LB,Jalen Reeves-Maybin,00-0033557,Questionable,Shoulder,Limited Participation in Practice,Jalen Reeves-Maybin,QUESTIONABLE
2021,18,DET,WR,Josh Reynolds,00-0033943,Questionable,Thigh,Limited Participation in Practice,Josh Reynolds,QUESTIONABLE
2021,18,DET,TE,Brock Wright,00-0036754,Questionable,Groin,Limited Participation in Practice,Brock Wright,QUESTIONABLE
2021,18,GB,TE,Dominique Dafney,00-0036456,,,Full Participation in Practice,Dominique Dafney,
2021,18,GB,TE,Marcedes Lewis,00-0024243,,,Full Participation in Practice,Marcedes Lewis,
2021,18,GB,QB,Aaron Rodgers,00-0023459,,,Limited Participation in Practice,Aaron Rodgers,
2021,18,GB,DE,Kingsley Keke,00-0034984,Out,Illness,Did Not Participate In Practice,Kingsley Keke,OUT
2021,18,GB,CB,Jaire Alexander,00-0034728,Out,Shoulder,Limited Participation in Practice,Jaire Alexander,OUT
2021,18,GB,T,David Bakhtiari,00-0030074,Questionable,Knee,Full Participation in Practice,David Bakhtiari,QUESTIONABLE
2021,18,GB,LB,De'Vondre Campbell,00-0032401,Questionable,Elbow,Limited Participation in Practice,De'Vondre Campbell,QUESTIONABLE
2021,18,GB,RB,Aaron Jones,00-0033293,Questionable,Knee,Limited Participation in Practice,Aaron Jones,QUESTIONABLE
2021,18,HOU,C,Justin Britt,00-0031282,,,Full Participation in Practice,Justin Britt,
2021,18,HOU,DE,Jonathan Greenard,00-0036224,,,Full Participation in Practice,Jonathan Greenard,
2021,18,HOU,LB,Kamu Grugier-Hill,00-0032437,,,Full Participation in Practice,Kamu Grugier-Hill,
2021,18,HOU,QB,Deshaun Watson,00-0033537,Out,Not injury related - personal matter,Did Not Participate In Practice,Deshaun Watson,OUT
2021,18,HOU,WR,Chris Conley,00-0032128,Questionable,Knee,Did Not Participate In Practice,Chris Conley,QUESTIONABLE
2021,18,HOU,TE,Jordan Akins,00-0034364,Questionable,Illness,Limited Participation in Practice,Jordan Akins,QUESTIONABLE
2021,18,HOU,WR,Chris Moore,00-0032398,Questionable,Illness,Limited Participation in Practice,Chris Moore,QUESTIONABLE
2021,18,IND,TE,Mo Alie-Cox,00-0033217,,,Full Participation in Practice,Mo Alie-Cox,
2021,18,IND,TE,Jack Doyle,00-0030181,,,Full Participation in Practice,Jack Doyle,
2021,18,IND,T,Eric Fisher,00-0030584,,,Full Participation in Practice,Eric Fisher,
2021,18,IND,WR,T.Y. Hilton,00-0029608,,,Full Participation in Practice,T.Y. Hilton,
2021,18,IND,S,George Odum,00-0034091,,,Full Participation in Practice,George Odum,
2021,18,IND,WR,Michael Pittman,00-0036252,,,Full Participation in Practice,Michael Pittman,
2021,18,IND,G,Chris Reed,00-0031734,,,Full Participation in Practice,Chris Reed,
2021,18,IND,LB,E.J. Speed,00-0034987,,,Full Participation in Practice,E.J. Speed,
2021,18,IND,S,Andrew Sendejo,00-0027914,,,Limited Participation in Practice,Andrew Sendejo,
2021,18,IND,CB,Xavier Rhodes,00-0030575,Out,Hamstring,Did Not Participate In Practice,Xavier Rhodes,OUT
2021,18,IND,DT,DeForest Buckner,00-0032378,Questionable,Knee,Did Not Participate In Practice,DeForest Buckner,QUESTIONABLE
2021,18,JAX,LB,Dakota Allen,00-0035670,,,Full Participation in Practice,Dakota Allen,
2021,18,JAX,RB,Ryquell Armstead,00-0035268,,,Full Participation in Practice,Ryquell Armstead,
2021,18,JAX,DT,Malcom Brown,00-0032261,,,Full Participation in Practice,Malcom Brown,
2021,18,JAX,LB,Myles Jack,00-0032968,,,Full Participation in Practice,Myles Jack,
2021,18,JAX,WR,Marvin Jones,00-0029293,,,Full Participation in Practice,Marvin Jones,
2021,18,JAX,LB,Damien Wilson,00-0032215,,,Full Participation in Practice,Damien Wilson,
2021,18,JAX,TE,James O'Shaughnessy,00-0031951,Out,Hip,Did Not Participate In Practice,James O'Shaughnessy,OUT
2021,18,JAX,WR,Tavon Austin,00-0030525,Questionable,Hamstring,"
    ",Tavon Austin,QUESTIONABLE
2021,18,KC,T,Orlando Brown,00-0034752,,,Full Participation in Practice,Orlando Brown,
2021,18,KC,LB,Anthony Hitchens,00-0031348,,,Full Participation in Practice,Anthony Hitchens,
2021,18,KC,DT,Derrick Nnadi,00-0034818,,,Full Participation in Practice,Derrick Nnadi,
2021,18,KC,CB,L'Jarius Sneed,00-0036374,,,Full Participation in Practice,L'Jarius Sneed,
2021,18,KC,RB,Clyde Edwards-Helaire,00-0036360,Out,Shoulder,Did Not Participate In Practice,Clyde Edwards-Helaire,OUT
2021,18,KC,T,Lucas Niang,00-0036367,Out,Knee,Did Not Participate In Practice,Lucas Niang,OUT
2021,18,LA,RB,Cam Akers,00-0036414,,,Full Participation in Practice,Cam Akers,
2021,18,LA,DT,Aaron Donald,00-0031388,,,Full Participation in Practice,Aaron Donald,
2021,18,LA,CB,Jalen Ramsey,00-0033055,,,Full Participation in Practice,Jalen Ramsey,
2021,18,LA,DT,A'Shawn Robinson,00-0032889,,,Full Participation in Practice,A'Shawn Robinson,
2021,18,LA,S,Nick Scott,00-0035669,,,Full Participation in Practice,Nick Scott,
2021,18,LA,T,Andrew Whitworth,00-0024270,,,Full Participation in Practice,Andrew Whitworth,
2021,18,LA,LB,Leonard Floyd,00-0033072,,,Limited Participation in Practice,Leonard Floyd,
2021,18,LAC,S,Derwin James,00-0034790,,,Full Participation in Practice,Derwin James,
2021,18,LAC,DT,Linval Joseph,00-0027885,,,Full Participation in Practice,Linval Joseph,
2021,18,LAC,C,Corey Linsley,00-0031019,,,Full Participation in Practice,Corey Linsley,
2021,18,LAC,DE,Joe Gaziano,00-0035903,Out,Ankle,Did Not Participate In Practice,Joe Gaziano,OUT
2021,18,LAC,LB,Drue Tranquill,00-0035262,Questionable,Ankle,Full Participation in Practice,Drue Tranquill,QUESTIONABLE
2021,18,LV,WR,DeSean Jackson,00-0026189,,,Did Not Participate In Practice,DeSean Jackson,
2021,18,LV,C,Nick Martin,00-0032969,,,Did Not Participate In Practice,Nick Martin,
2021,18,LV,LB,Divine Deablo,00-0036990,,,Full Participation in Practice,Divine Deablo,
2021,18,LV,TE,Daniel Helm,00-0035428,,,Full Participation in Practice,Daniel Helm,
2021,18,LV,C,Andre James,00-0035127,,,Full Participation in Practice,Andre James,
2021,18,LV,DT,Quinton Jefferson,00-0032416,,,Full Participation in Practice,Quinton Jefferson,
2021,18,LV,S,Trevon Moehrig,00-0036962,,,Full Participation in Practice,Trevon Moehrig,
2021,18,LV,TE,Foster Moreau,00-0034981,,,Full Participation in Practice,Foster Moreau,
2021,18,LV,CB,Keisean Nixon,00-0035133,,,Full Participation in Practice,Keisean Nixon,
2021,18,LV,LB,Denzel Perryman,00-0032103,,,Full Participation in Practice,Denzel Perryman,
2021,18,LV,G,John Simpson,00-0036369,,,Full Participation in Practice,John Simpson,
2021,18,LV,FB,Sutton Smith,00-0035218,,,Full Participation in Practice,Sutton Smith,
2021,18,LV,DT,Solomon Thomas,00-0033870,,,Full Participation in Practice,Solomon Thomas,
2021,18,LV,LB,K.J. Wright,00-0028037,,,Full Participation in Practice,K.J. Wright,
2021,18,LV,DT,Johnathan Hankins,00-0030063,Questionable,Back,Limited Participation in Practice,Johnathan Hankins,QUESTIONABLE
2021,18,LV,CB,Casey Hayward,00-0029261,Questionable,Ankle,Limited Participation in Practice,Casey Hayward,QUESTIONABLE
2021,18,LV,RB,Josh Jacobs,00-0035700,Questionable,Ribs,Limited Participation in Practice,Josh Jacobs,QUESTIONABLE
2021,18,LV,TE,Darren Waller,00-0031610,Questionable,Knee,Limited Participation in Practice,Darren Waller,QUESTIONABLE
2021,18,MIA,T,Jesse Davis,00-0031893,,,Full Participation in Practice,Jesse Davis,
2021,18,MIA,WR,Isaiah Ford,00-0033471,,,Full Participation in Practice,Isaiah Ford,
2021,18,MIA,DT,John Jenkins,00-0030070,,,Full Participation in Practice,John Jenkins,
2021,18,MIA,RB,Phillip Lindsay,00-0034109,,,Full Participation in Practice,Phillip Lindsay,
2021,18,MIA,DE,Emmanuel Ogbah,00-0033073,,,Full Participation in Practice,Emmanuel Ogbah,
2021,18,MIA,WR,Preston Williams,00-0035350,,,Full Participation in Practice,Preston Williams,
2021,18,MIA,WR,DeVante Parker,00-0031547,,,Limited Participation in Practice,DeVante Parker,
2021,18,MIN,CB,Cameron Dantzler,00-0036330,,,Full Participation in Practice,Cameron Dantzler,
2021,18,MIN,RB,Kene Nwangwu,00-0036842,,,Full Participation in Practice,Kene Nwangwu,
2021,18,MIN,QB,Kirk Cousins,00-0029604,,,Limited Participation in Practice,Kirk Cousins,
2021,18,MIN,T,Brian O'Neill,00-0034158,,,Limited Participation in Practice,Brian O'Neill,
2021,18,MIN,TE,Luke Stocker,00-0028042,,,Limited Participation in Practice,Luke Stocker,
2021,18,MIN,LB,Nick Vigil,00-0032892,,,Limited Participation in Practice,Nick Vigil,
2021,18,MIN,DT,Michael Pierce,00-0032574,Doubtful,Illness,Did Not Participate In Practice,Michael Pierce,DOUBTFUL
2021,18,MIN,CB,Mackensie Alexander,00-0032389,Questionable,Ankle,Did Not Participate In Practice,Mackensie Alexander,QUESTIONABLE
2021,18,MIN,CB,Kris Boyd,00-0035150,Questionable,Ribs,Did Not Participate In Practice,Kris Boyd,QUESTIONABLE
2021,18,MIN,G,Wyatt Davis,00-0037006,Questionable,Illness,Full Participation in Practice,Wyatt Davis,QUESTIONABLE
2021,18,NE,WR,Nelson Agholor,00-0031549,,,Limited Participation in Practice,Nelson Agholor,
2021,18,NE,S,Kyle Dugger,00-0036231,Out,Hand,Did Not Participate In Practice,Kyle Dugger,OUT
2021,18,NE,C,David Andrews,00-0031852,Questionable,Shoulder,Limited Participation in Practice,David Andrews,QUESTIONABLE
2021,18,NE,DT,Christian Barmore,00-0036981,Questionable,Knee,Limited Participation in Practice,Christian Barmore,QUESTIONABLE
2021,18,NE,S,Cody Davis,00-0029764,Questionable,Wrist,Limited Participation in Practice,Cody Davis,QUESTIONABLE
2021,18,NE,K,Nick Folk,00-0025565,Questionable,left Knee,Limited Participation in Practice,Nick Folk,QUESTIONABLE
2021,18,NE,RB,Damien Harris,00-0035657,Questionable,Hamstring,Limited Participation in Practice,Damien Harris,QUESTIONABLE
2021,18,NE,LB,Dont'a Hightower,00-0029669,Questionable,Knee,Limited Participation in Practice,Dont'a Hightower,QUESTIONABLE
2021,18,NE,WR,Jakobi Meyers,00-0034960,Questionable,Thigh,Limited Participation in Practice,Jakobi Meyers,QUESTIONABLE
2021,18,NE,S,Adrian Phillips,00-0031404,Questionable,Knee,Limited Participation in Practice,Adrian Phillips,QUESTIONABLE
2021,18,NE,T,Isaiah Wynn,00-0034833,Questionable,Hip,Limited Participation in Practice,Isaiah Wynn,QUESTIONABLE
2021,18,NO,QB,Taysom Hill,00-0033357,,,Full Participation in Practice,Taysom Hill,
2021,18,NO,WR,Ty Montgomery,00-0032200,,,Limited Participation in Practice,Ty Montgomery,
2021,18,NO,WR,Tre'Quan Smith,00-0034765,,,Limited Participation in Practice,Tre'Quan Smith,
2021,18,NO,T,Terron Armstead,00-0030067,Out,Knee,Did Not Participate In Practice,Terron Armstead,OUT
2021,18,NO,CB,Bradley Roby,00-0031372,Out,Shoulder,Did Not Participate In Practice,Bradley Roby,OUT
2021,18,NO,CB,P.J. Williams,00-0032059,Out,Ankle,Did Not Participate In Practice,P.J. Williams,OUT
2021,18,NO,RB,Mark Ingram,00-0027966,Questionable,Knee,Did Not Participate In Practice,Mark Ingram,QUESTIONABLE
2021,18,NO,DE,Marcus Davenport,00-0034344,Questionable,Ankle,Limited Participation in Practice,Marcus Davenport,QUESTIONABLE
2021,18,NO,T,Ryan Ramczyk,00-0033888,Questionable,Knee,Limited Participation in Practice,Ryan Ramczyk,QUESTIONABLE
2021,18,NYG,LB,Elerson Smith,00-0036895,,,Did Not Participate In Practice,Elerson Smith,
2021,18,NYG,T,Korey Cunningham,00-0034687,,,Full Participation in Practice,Korey Cunningham,
2021,18,NYG,DE,Dexter Lawrence,00-0035683,,,Full Participation in Practice,Dexter Lawrence,
2021,18,NYG,DT,Danny Shelton,00-0032143,,,Full Participation in Practice,Danny Shelton,
2021,18,NYG,RB,Saquon Barkley,00-0034844,,,Limited Participation in Practice,Saquon Barkley,
2021,18,NYG,LB,Lorenzo Carter,00-0034360,,,Limited Participation in Practice,Lorenzo Carter,
2021,18,NYG,DT,Austin Johnson,00-0032763,,,Limited Participation in Practice,Austin Johnson,
2021,18,NYG,TE,Kyle Rudolph,00-0027981,,,Limited Participation in Practice,Kyle Rudolph,
2021,18,NYG,WR,Darius Slayton,00-0035535,,,Limited Participation in Practice,Darius Slayton,
2021,18,NYG,T,Andrew Thomas,00-0036386,,,Limited Participation in Practice,Andrew Thomas,
2021,18,NYG,QB,Mike Glennon,00-0030520,Out,left Wrist,Did Not Participate In Practice,Mike Glennon,OUT
2021,18,NYG,WR,John Ross,00-0033460,Out,Knee,Did Not Participate In Practice,John Ross,OUT
2021,18,NYG,WR,Kadarius Toney,00-0036913,Out,Shoulder,Did Not Participate In Practice,Kadarius Toney,OUT
2021,18,NYG,FB,Cullen Gillaspia,00-0035304,Questionable,Knee,Limited Participation in Practice,Cullen Gillaspia,QUESTIONABLE
2021,18,NYG,G,Will Hernandez,00-0034346,Questionable,Ankle,Limited Participation in Practice,Will Hernandez,QUESTIONABLE
2021,18,NYG,WR,Collin Johnson,00-0036254,Questionable,Hamstring,Limited Participation in Practice,Collin Johnson,QUESTIONABLE
2021,18,NYJ,RB,Michael Carter,00-0036924,,,Full Participation in Practice,Michael Carter,
2021,18,NYJ,WR,Jamison Crowder,00-0031941,,,Full Participation in Practice,Jamison Crowder,
2021,18,NYJ,S,Ashtyn Davis,00-0036329,,,Full Participation in Practice,Ashtyn Davis,
2021,18,NYJ,T,Chuma Edoga,00-0035698,,,Full Participation in Practice,Chuma Edoga,
2021,18,NYJ,LB,C.J. Mosley,00-0031296,,,Full Participation in Practice,C.J. Mosley,
2021,18,NYJ,DT,Sheldon Rankins,00-0032759,,,Full Participation in Practice,Sheldon Rankins,
2021,18,NYJ,G,Greg Van Roten,00-0029685,,,Full Participation in Practice,Greg Van Roten,
2021,18,NYJ,WR,Braxton Berrios,00-0034419,Doubtful,Quadricep,Did Not Participate In Practice,Braxton Berrios,DOUBTFUL
2021,18,PHI,G,Jack Anderson,00-0036577,,,Full Participation in Practice,Jack Anderson,
2021,18,PHI,LB,Shaun Bradley,00-0036401,,,Full Participation in Practice,Shaun Bradley,
2021,18,PHI,QB,Jalen Hurts,00-0036389,,,Full Participation in Practice,Jalen Hurts,
2021,18,PHI,WR,Quez Watkins,00-0036271,,,Full Participation in Practice,Quez Watkins,
2021,18,PHI,RB,Miles Sanders,00-0035243,Out,Hand,Did Not Participate In Practice,Miles Sanders,OUT
2021,18,PHI,G,Landon Dickerson,00-0037002,Questionable,Thumb,Did Not Participate In Practice,Landon Dickerson,QUESTIONABLE
2021,18,PHI,T,Lane Johnson,00-0030561,Questionable,Not injury related - resting player,Did Not Participate In Practice,Lane Johnson,QUESTIONABLE
2021,18,PIT,CB,Terrell Edmunds,00-0034858,,,Full Participation in Practice,Terrell Edmunds,
2021,18,PIT,CB,Arthur Maulet,00-0033503,,,Full Participation in Practice,Arthur Maulet,
2021,18,PIT,QB,Ben Roethlisberger,00-0022924,,,Full Participation in Practice,Ben Roethlisberger,
2021,18,PIT,G,Trai Turner,00-0031362,,,Full Participation in Practice,Trai Turner,
2021,18,PIT,C,Kendrick Green,00-0036983,,,Limited Participation in Practice,Kendrick Green,
2021,18,PIT,DE,Isaiah Buggs,00-0035219,Out,Illness,Did Not Participate In Practice,Isaiah Buggs,OUT
2021,18,PIT,LB,Buddy Johnson,00-0036870,Out,Foot,Did Not Participate In Practice,Buddy Johnson,OUT
2021,18,PIT,T,Dan Moore,00-0036869,Doubtful,Ankle,Did Not Participate In Practice,Dan Moore,DOUBTFUL
2021,18,SEA,T,Stone Forsythe,00-0036653,,,Did Not Participate In Practice,Stone Forsythe,
2021,18,SEA,C,Ethan Pocic,00-0033901,,,Did Not Participate In Practice,Ethan Pocic,
2021,18,SEA,C,Dakoda Shepley,00-0034229,,,Did Not Participate In Practice,Dakoda Shepley,
2021,18,SEA,CB,Blessuan Austin,00-0035294,,,Full Participation in Practice,Blessuan Austin,
2021,18,SEA,RB,DeeJay Dallas,00-0036425,,,Full Participation in Practice,DeeJay Dallas,
2021,18,SEA,S,Quandre Diggs,00-0031608,,,Full Participation in Practice,Quandre Diggs,
2021,18,SEA,RB,Rashaad Penny,00-0034750,,,Full Participation in Practice,Rashaad Penny,
2021,18,SEA,CB,D.J. Reed,00-0034384,,,Full Participation in Practice,D.J. Reed,
2021,18,SEA,WR,Freddie Swain,00-0036247,,,Full Participation in Practice,Freddie Swain,
2021,18,SEA,T,Duane Brown,00-0026166,,,Limited Participation in Practice,Duane Brown,
2021,18,SEA,WR,DK Metcalf,00-0035640,,,Limited Participation in Practice,DK Metcalf,
2021,18,SEA,CB,John Reid,00-0036304,Out,Concussion,Did Not Participate In Practice,John Reid,OUT
2021,18,SEA,T,Brandon Shell,00-0032420,Out,Shoulder,Did Not Participate In Practice,Brandon Shell,OUT
2021,18,SEA,LB,Bobby Wagner,00-0029255,Out,Knee,Did Not Participate In Practice,Bobby Wagner,OUT
2021,18,SEA,TE,Will Dissly,00-0034159,Questionable,Heel,Did Not Participate In Practice,Will Dissly,QUESTIONABLE
2021,18,SEA,G,Gabe Jackson,00-0031367,Questionable,Knee,Did Not Participate In Practice,Gabe Jackson,QUESTIONABLE
2021,18,SEA,LB,Carlos Dunlap,00-0027662,Questionable,Ankle,Limited Participation in Practice,Carlos Dunlap,QUESTIONABLE
2021,18,SF,DE,Nick Bosa,00-0035717,,,Full Participation in Practice,Nick Bosa,
2021,18,SF,S,Talanoa Hufanga,00-0036564,,,Full Participation in Practice,Talanoa Hufanga,
2021,18,SF,C,Alex Mack,00-0026997,,,Full Participation in Practice,Alex Mack,
2021,18,SF,RB,Elijah Mitchell,00-0036567,,,Full Participation in Practice,Elijah Mitchell,
2021,18,SF,LB,Azeez Al-Shaair,00-0035166,Questionable,Knee,Did Not Participate In Practice,Azeez Al-Shaair,QUESTIONABLE
2021,18,SF,T,Trent Williams,00-0027857,Questionable,Elbow,Did Not Participate In Practice,Trent Williams,QUESTIONABLE
2021,18,SF,QB,Jimmy Garoppolo,00-0031345,Questionable,right Thumb,Limited Participation in Practice,Jimmy Garoppolo,QUESTIONABLE
2021,18,SF,LB,Dre Greenlaw,00-0034982,Questionable,Groin,Limited Participation in Practice,Dre Greenlaw,QUESTIONABLE
2021,18,SF,LB,Marcell Harris,00-0034730,Questionable,Achilles,Limited Participation in Practice,Marcell Harris,QUESTIONABLE
2021,18,SF,DT,Maurice Hurst,00-0034746,Questionable,Calf,Limited Participation in Practice,Maurice Hurst,QUESTIONABLE
2021,18,SF,S,Jaquiski Tartt,00-0032057,Questionable,Shoulder,Limited Participation in Practice,Jaquiski Tartt,QUESTIONABLE
2021,18,TB,WR,Antonio Brown,00-0027793,,,Did Not Participate In Practice,Antonio Brown,
2021,18,TB,DT,Ndamukong Suh,00-0027855,,,Did Not Participate In Practice,Ndamukong Suh,
2021,18,TB,WR,Jaelon Darden,00-0036877,,,Full Participation in Practice,Jaelon Darden,
2021,18,TB,S,Mike Edwards,00-0035681,,,Full Participation in Practice,Mike Edwards,
2021,18,TB,WR,Mike Evans,00-0031408,,,Full Participation in Practice,Mike Evans,
2021,18,TB,CB,Sean Murphy-Bunting,00-0035239,,,Full Participation in Practice,Sean Murphy-Bunting,
2021,18,TB,P,Bradley Pinion,00-0032065,,,Full Participation in Practice,Bradley Pinion,
2021,18,TB,LB,Grant Stuard,00-0036672,,,Full Participation in Practice,Grant Stuard,
2021,18,TB,RB,Ke'Shawn Vaughn,00-0036450,,,Full Participation in Practice,Ke'Shawn Vaughn,
2021,18,TB,LB,Shaquil Barrett,00-0031101,Out,Knee,Did Not Participate In Practice,Shaquil Barrett,OUT
2021,18,TB,RB,Ronald Jones,00-0034816,Out,Ankle,Did Not Participate In Practice,Ronald Jones,OUT
2021,18,TB,LB,Jason Pierre-Paul,00-0027867,Out,Shoulder,Did Not Participate In Practice,Jason Pierre-Paul,OUT
2021,18,TB,CB,Rashard Robinson,00-0032410,Out,Groin,Did Not Participate In Practice,Rashard Robinson,OUT
2021,18,TB,WR,Justin Watson,00-0034386,Out,Quadricep,Did Not Participate In Practice,Justin Watson,OUT
2021,18,TB,CB,Richard Sherman,00-0028092,Doubtful,Achilles,Limited Participation in Practice,Richard Sherman,DOUBTFUL
2021,18,TB,C,Ryan Jensen,00-0029895,Questionable,Shoulder,Limited Participation in Practice,Ryan Jensen,QUESTIONABLE
2021,18,TEN,DE,Denico Autry,00-0031254,,,Full Participation in Practice,Denico Autry,
2021,18,TEN,CB,Janoris Jenkins,00-0029681,,,Full Participation in Practice,Janoris Jenkins,
2021,18,TEN,WR,Julio Jones,00-0027944,,,Full Participation in Practice,Julio Jones,
2021,18,TEN,C,Ben Jones,00-0029413,,,Full Participation in Practice,Ben Jones,
2021,18,TEN,DT,Larrell Murchison,00-0036237,,,Full Participation in Practice,Larrell Murchison,
2021,18,TEN,G,David Quessenberry,00-0030097,,,Full Participation in Practice,David Quessenberry,
2021,18,TEN,LB,Derick Roberson,00-0035521,,,Full Participation in Practice,Derick Roberson,
2021,18,TEN,G,Rodger Saffold,00-0027648,,,Full Participation in Practice,Rodger Saffold,
2021,18,TEN,T,Kendall Lamm,00-0031921,,,Limited Participation in Practice,Kendall Lamm,
2021,18,TEN,DT,Naquan Jones,00-0036695,Out,Knee,Did Not Participate In Practice,Naquan Jones,OUT
2021,18,TEN,DT,Teair Tart,00-0036181,Out,Ankle,Did Not Participate In Practice,Teair Tart,OUT
2021,18,WAS,T,Charles Leno,00-0031095,,,Did Not Participate In Practice,Charles Leno,
2021,18,WAS,T,Samuel Cosmi,00-0036618,,,Full Participation in Practice,Samuel Cosmi,
2021,18,WAS,RB,Antonio Gibson,00-0036328,,,Full Participation in Practice,Antonio Gibson,
2021,18,WAS,DE,James Smith-Williams,00-0036351,,,Full Participation in Practice,James Smith-Williams,
2021,18,WAS,T,Saahdiq Charles,00-0036334,Out,Knee,Did Not Participate In Practice,Saahdiq Charles,OUT
2021,18,WAS,WR,Curtis Samuel,00-0033282,Out,Hamstring,Did Not Participate In Practice,Curtis Samuel,OUT
2021,18,WAS,TE,Ricky Seals-Jones,00-0033611,Out,Concussion,Did Not Participate In Practice,Ricky Seals-Jones,OUT
2021,18,WAS,DE,Montez Sweat,00-0035647,Out,Not injury related - personal matter,Did Not Participate In Practice,Montez Sweat,OUT
2021,18,WAS,TE,Sammis Reyes,00-0036474,Questionable,Hamstring,Did Not Participate In Practice,Sammis Reyes,QUESTIONABLE
2021,19,ARI,T,Kelvin Beachum,00-0029316,,,Did Not Participate In Practice,Kelvin Beachum,
2021,19,ARI,TE,Zach Ertz,00-0030061,,,Did Not Participate In Practice,Zach Ertz,
2021,19,ARI,C,Rodney Hudson,00-0027993,,,Did Not Participate In Practice,Rodney Hudson,
2021,19,ARI,LB,Isaiah Simmons,00-0036356,,,Did Not Participate In Practice,Isaiah Simmons,
2021,19,ARI,DE,Zach Allen,00-0035248,,,Full Participation in Practice,Zach Allen,
2021,19,ARI,RB,Chase Edmonds,00-0034681,,,Full Participation in Practice,Chase Edmonds,
2021,19,ARI,CB,Antonio Hamilton,00-0032933,,,Full Participation in Practice,Antonio Hamilton,
2021,19,ARI,TE,Demetrius Harris,00-0030155,,,Full Participation in Practice,Demetrius Harris,
2021,19,ARI,G,Justin Pugh,00-0030585,Questionable,Calf,Did Not Participate In Practice,Justin Pugh,QUESTIONABLE
2021,19,ARI,DE,Jordan Phillips,00-0031557,Questionable,Knee,Full Participation in Practice,Jordan Phillips,QUESTIONABLE
2021,19,ARI,CB,Marco Wilson,00-0036884,Questionable,Shoulder,Full Participation in Practice,Marco Wilson,QUESTIONABLE
2021,19,ARI,RB,James Conner,00-0033553,Questionable,Ribs,Limited Participation in Practice,James Conner,QUESTIONABLE
2021,19,ARI,WR,Rondale Moore,00-0036936,Questionable,Ankle,Limited Participation in Practice,Rondale Moore,QUESTIONABLE
2021,19,ARI,RB,Jonathan Ward,00-0035924,Questionable,Knee,Limited Participation in Practice,Jonathan Ward,QUESTIONABLE
2021,19,BUF,WR,Stefon Diggs,00-0031588,,,Did Not Participate In Practice,Stefon Diggs,
2021,19,BUF,DE,Efe Obada,00-0031500,,,Full Participation in Practice,Efe Obada,
2021,19,BUF,WR,Emmanuel Sanders,00-0027685,,,Full Participation in Practice,Emmanuel Sanders,
2021,19,BUF,WR,Cole Beasley,00-0029000,,,Limited Participation in Practice,Cole Beasley,
2021,19,CIN,G,Hakeem Adeniji,00-0036310,,,Full Participation in Practice,Hakeem Adeniji,
2021,19,CIN,S,Ricardo Allen,00-0031181,,,Full Participation in Practice,Ricardo Allen,
2021,19,CIN,QB,Joe Burrow,00-0036442,,,Full Participation in Practice,Joe Burrow,
2021,19,CIN,CB,Vernon Hargreaves,00-0032758,,,Full Participation in Practice,Vernon Hargreaves,
2021,19,CIN,DE,Sam Hubbard,00-0034834,,,Full Participation in Practice,Sam Hubbard,
2021,19,CIN,K,Evan McPherson,00-0036854,,,Full Participation in Practice,Evan McPherson,
2021,19,CIN,DE,Cameron Sample,00-0036850,,,Full Participation in Practice,Cameron Sample,
2021,19,CIN,G,Quinton Spain,00-0032043,,,Full Participation in Practice,Quinton Spain,
2021,19,CIN,TE,C.J. Uzomah,00-0032134,,,Full Participation in Practice,C.J. Uzomah,
2021,19,CIN,WR,Tee Higgins,00-0036410,,,Limited Participation in Practice,Tee Higgins,
2021,19,CIN,DT,Josh Tupou,00-0033347,Doubtful,Knee,Did Not Participate In Practice,Josh Tupou,DOUBTFUL
2021,19,CIN,CB,Jalen Davis,00-0034446,Questionable,Ankle,Limited Participation in Practice,Jalen Davis,QUESTIONABLE
2021,19,CIN,WR,Stanley Morgan,00-0035399,Questionable,Hamstring,Limited Participation in Practice,Stanley Morgan,QUESTIONABLE
2021,19,DAL,LB,Francis Bernard,00-0036028,,,Full Participation in Practice,Francis Bernard,
2021,19,DAL,S,Jayron Kearse,00-0032454,,,Full Participation in Practice,Jayron Kearse,
2021,19,DAL,TE,Sean McKeon,00-0036032,,,Full Participation in Practice,Sean McKeon,
2021,19,DAL,RB,Tony Pollard,00-0035261,,,Full Participation in Practice,Tony Pollard,
2021,19,DAL,T,Tyron Smith,00-0027947,,,Full Participation in Practice,Tyron Smith,
2021,19,DAL,CB,Nahshon Wright,00-0036986,,,Full Participation in Practice,Nahshon Wright,
2021,19,DAL,S,Israel Mukuamu,00-0036661,,,Limited Participation in Practice,Israel Mukuamu,
2021,19,DAL,LB,Keanu Neal,00-0032382,Out,Chest,Did Not Participate In Practice,Keanu Neal,OUT
2021,19,KC,T,Orlando Brown,00-0034752,,,Full Participation in Practice,Orlando Brown,
2021,19,KC,LB,Willie Gay,00-0036362,,,Full Participation in Practice,Willie Gay,
2021,19,KC,WR,Tyreek Hill,00-0033040,,,Full Participation in Practice,Tyreek Hill,
2021,19,KC,TE,Travis Kelce,00-0030506,,,Full Participation in Practice,Travis Kelce,
2021,19,KC,S,Tyrann Mathieu,00-0030459,,,Full Participation in Practice,Tyrann Mathieu,
2021,19,KC,CB,L'Jarius Sneed,00-0036374,,,Full Participation in Practice,L'Jarius Sneed,
2021,19,KC,G,Andrew Wylie,00-0033831,,,Full Participation in Practice,Andrew Wylie,
2021,19,KC,RB,Clyde Edwards-Helaire,00-0036360,Out,Shoulder,Did Not Participate In Practice,Clyde Edwards-Helaire,OUT
2021,19,KC,RB,Darrel Williams,00-0034301,Questionable,Toe,Limited Participation in Practice,Darrel Williams,QUESTIONABLE
2021,19,LA,DT,Aaron Donald,00-0031388,,,Full Participation in Practice,Aaron Donald,
2021,19,LA,LB,Leonard Floyd,00-0033072,,,Full Participation in Practice,Leonard Floyd,
2021,19,LA,QB,Matthew Stafford,00-0026498,,,Full Participation in Practice,Matthew Stafford,
2021,19,LA,CB,Darious Williams,00-0034203,,,Full Participation in Practice,Darious Williams,
2021,19,LA,S,Taylor Rapp,00-0035663,Out,Concussion,Did Not Participate In Practice,Taylor Rapp,OUT
2021,19,LA,RB,Buddy Howell,00-0034449,Doubtful,Hamstring,Did Not Participate In Practice,Buddy Howell,DOUBTFUL
2021,19,LA,WR,Van Jefferson,00-0036415,Questionable,Shoulder,Limited Participation in Practice,Van Jefferson,QUESTIONABLE
2021,19,LV,DT,Darius Philon,00-0032116,,,Did Not Participate In Practice,Darius Philon,
2021,19,LV,LB,Divine Deablo,00-0036990,,,Full Participation in Practice,Divine Deablo,
2021,19,LV,C,Andre James,00-0035127,,,Full Participation in Practice,Andre James,
2021,19,LV,S,Trevon Moehrig,00-0036962,,,Full Participation in Practice,Trevon Moehrig,
2021,19,LV,TE,Foster Moreau,00-0034981,,,Full Participation in Practice,Foster Moreau,
2021,19,LV,LB,Denzel Perryman,00-0032103,,,Full Participation in Practice,Denzel Perryman,
2021,19,LV,WR,Hunter Renfrow,00-0034983,,,Full Participation in Practice,Hunter Renfrow,
2021,19,LV,CB,Casey Hayward,00-0029261,,,Limited Participation in Practice,Casey Hayward,
2021,19,LV,RB,Josh Jacobs,00-0035700,,,Limited Participation in Practice,Josh Jacobs,
2021,19,LV,DT,Quinton Jefferson,00-0032416,,,Limited Participation in Practice,Quinton Jefferson,
2021,19,LV,DT,Kendal Vickers,00-0034125,,,Limited Participation in Practice,Kendal Vickers,
2021,19,LV,TE,Darren Waller,00-0031610,,,Limited Participation in Practice,Darren Waller,
2021,19,LV,DT,Johnathan Hankins,00-0030063,Questionable,Back,Limited Participation in Practice,Johnathan Hankins,QUESTIONABLE
2021,19,NE,T,Isaiah Wynn,00-0034833,Questionable,Hip,Did Not Participate In Practice,Isaiah Wynn,QUESTIONABLE
2021,19,NE,C,David Andrews,00-0031852,Questionable,Shoulder,Limited Participation in Practice,David Andrews,QUESTIONABLE
2021,19,NE,DT,Christian Barmore,00-0036981,Questionable,Knee,Limited Participation in Practice,Christian Barmore,QUESTIONABLE
2021,19,NE,LB,Jamie Collins,00-0030421,Questionable,Ankle,Limited Participation in Practice,Jamie Collins,QUESTIONABLE
2021,19,NE,S,Cody Davis,00-0029764,Questionable,Wrist,Limited Participation in Practice,Cody Davis,QUESTIONABLE
2021,19,NE,K,Nick Folk,00-0025565,Questionable,left Knee,Limited Participation in Practice,Nick Folk,QUESTIONABLE
2021,19,NE,DT,Lawrence Guy,00-0028171,Questionable,Shoulder,Limited Participation in Practice,Lawrence Guy,QUESTIONABLE
2021,19,NE,RB,Damien Harris,00-0035657,Questionable,Hamstring,Limited Participation in Practice,Damien Harris,QUESTIONABLE
2021,19,NE,LB,Dont'a Hightower,00-0029669,Questionable,Knee,Limited Participation in Practice,Dont'a Hightower,QUESTIONABLE
2021,19,NE,LB,Brandon King,00-0031856,Questionable,Toe,Limited Participation in Practice,Brandon King,QUESTIONABLE
2021,19,NE,WR,Jakobi Meyers,00-0034960,Questionable,Thigh,Limited Participation in Practice,Jakobi Meyers,QUESTIONABLE
2021,19,NE,S,Adrian Phillips,00-0031404,Questionable,Knee,Limited Participation in Practice,Adrian Phillips,QUESTIONABLE
2021,19,PHI,LB,Shaun Bradley,00-0036401,,,Full Participation in Practice,Shaun Bradley,
2021,19,PHI,DT,Fletcher Cox,00-0029653,,,Full Participation in Practice,Fletcher Cox,
2021,19,PHI,G,Landon Dickerson,00-0037002,,,Full Participation in Practice,Landon Dickerson,
2021,19,PHI,T,Andre Dillard,00-0035233,,,Full Participation in Practice,Andre Dillard,
2021,19,PHI,QB,Jalen Hurts,00-0036389,,,Full Participation in Practice,Jalen Hurts,
2021,19,PHI,C,Jason Kelce,00-0028129,,,Full Participation in Practice,Jason Kelce,
2021,19,PHI,RB,Miles Sanders,00-0035243,,,Full Participation in Practice,Miles Sanders,
2021,19,PHI,CB,Kary Vincent,00-0036662,,,Full Participation in Practice,Kary Vincent,
2021,19,PHI,WR,Greg Ward,00-0033733,,,Full Participation in Practice,Greg Ward,
2021,19,PHI,T,Lane Johnson,00-0030561,,,Limited Participation in Practice,Lane Johnson,
2021,19,PHI,LB,Patrick Johnson,00-0036922,,,Limited Participation in Practice,Patrick Johnson,
2021,19,PHI,G,Nate Herbig,00-0035383,Questionable,Ankle,Did Not Participate In Practice,Nate Herbig,QUESTIONABLE
2021,19,PHI,DE,Josh Sweat,00-0034381,Questionable,Illness,Did Not Participate In Practice,Josh Sweat,QUESTIONABLE
2021,19,PIT,CB,Arthur Maulet,00-0033503,,,Full Participation in Practice,Arthur Maulet,
2021,19,PIT,T,Dan Moore,00-0036869,,,Full Participation in Practice,Dan Moore,
2021,19,PIT,QB,Ben Roethlisberger,00-0022924,,,Full Participation in Practice,Ben Roethlisberger,
2021,19,PIT,G,Trai Turner,00-0031362,,,Full Participation in Practice,Trai Turner,
2021,19,PIT,RB,Najee Harris,00-0036893,Questionable,Elbow,Full Participation in Practice,Najee Harris,QUESTIONABLE
2021,19,SF,DE,Nick Bosa,00-0035717,,,Full Participation in Practice,Nick Bosa,
2021,19,SF,QB,Jimmy Garoppolo,00-0031345,,,Full Participation in Practice,Jimmy Garoppolo,
2021,19,SF,LB,Dre Greenlaw,00-0034982,,,Full Participation in Practice,Dre Greenlaw,
2021,19,SF,DT,Maurice Hurst,00-0034746,,,Full Participation in Practice,Maurice Hurst,
2021,19,SF,TE,George Kittle,00-0033288,,,Full Participation in Practice,George Kittle,
2021,19,SF,C,Alex Mack,00-0026997,,,Full Participation in Practice,Alex Mack,
2021,19,SF,RB,Elijah Mitchell,00-0036567,,,Full Participation in Practice,Elijah Mitchell,
2021,19,SF,S,Jaquiski Tartt,00-0032057,,,Full Participation in Practice,Jaquiski Tartt,
2021,19,SF,T,Trent Williams,00-0027857,,,Full Participation in Practice,Trent Williams,
2021,19,SF,LB,Azeez Al-Shaair,00-0035166,Questionable,Knee,Did Not Participate In Practice,Azeez Al-Shaair,QUESTIONABLE
2021,19,SF,P,Mitch Wishnowsky,00-0034941,Questionable,Concussion,Full Participation in Practice,Mitch Wishnowsky,QUESTIONABLE
2021,19,SF,LB,Marcell Harris,00-0034730,Questionable,Achilles,Limited Participation in Practice,Marcell Harris,QUESTIONABLE
2021,19,SF,S,Talanoa Hufanga,00-0036564,Questionable,Knee,Limited Participation in Practice,Talanoa Hufanga,QUESTIONABLE
2021,19,TB,TE,Rob Gronkowski,00-0027656,,,Did Not Participate In Practice,Rob Gronkowski,
2021,19,TB,LB,Jason Pierre-Paul,00-0027867,,,Did Not Participate In Practice,Jason Pierre-Paul,
2021,19,TB,DT,Ndamukong Suh,00-0027855,,,Did Not Participate In Practice,Ndamukong Suh,
2021,19,TB,LB,Shaquil Barrett,00-0031101,,,Full Participation in Practice,Shaquil Barrett,
2021,19,TB,QB,Tom Brady,00-0019596,,,Full Participation in Practice,Tom Brady,
2021,19,TB,CB,Jamel Dean,00-0035699,,,Full Participation in Practice,Jamel Dean,
2021,19,TB,WR,Mike Evans,00-0031408,,,Full Participation in Practice,Mike Evans,
2021,19,TB,C,Ryan Jensen,00-0029895,,,Full Participation in Practice,Ryan Jensen,
2021,19,TB,DT,Steve McLendon,00-0026564,,,Full Participation in Practice,Steve McLendon,
2021,19,TB,LB,Anthony Nelson,00-0035254,,,Full Participation in Practice,Anthony Nelson,
2021,19,TB,WR,Breshad Perriman,00-0032054,,,Full Participation in Practice,Breshad Perriman,
2021,19,TB,P,Bradley Pinion,00-0032065,,,Full Participation in Practice,Bradley Pinion,
2021,19,TB,CB,Rashard Robinson,00-0032410,,,Full Participation in Practice,Rashard Robinson,
2021,19,TB,RB,Ke'Shawn Vaughn,00-0036450,,,Full Participation in Practice,Ke'Shawn Vaughn,
2021,19,TB,WR,Cyril Grayson,00-0033215,Out,Hamstring,Did Not Participate In Practice,Cyril Grayson,OUT
2021,19,TB,RB,Ronald Jones,00-0034816,Out,Ankle,Did Not Participate In Practice,Ronald Jones,OUT
2021,19,TB,RB,Giovani Bernard,00-0030456,Questionable,Hip,"
    ",Giovani Bernard,QUESTIONABLE
2021,19,TB,LB,Lavonte David,00-0029562,Questionable,Foot,"
    ",Lavonte David,QUESTIONABLE
2021,19,TB,WR,Justin Watson,00-0034386,Questionable,Quadricep,Full Participation in Practice,Justin Watson,QUESTIONABLE
2021,19,TB,CB,Carlton Davis,00-0034778,Questionable,Back,Limited Participation in Practice,Carlton Davis,QUESTIONABLE
2021,19,TB,CB,Sean Murphy-Bunting,00-0035239,Questionable,Hamstring,Limited Participation in Practice,Sean Murphy-Bunting,QUESTIONABLE
2021,20,BUF,WR,Stefon Diggs,00-0031588,,,Did Not Participate In Practice,Stefon Diggs,
2021,20,BUF,DE,Mario Addison,00-0028339,,,Full Participation in Practice,Mario Addison,
2021,20,CIN,CB,Jalen Davis,00-0034446,,,Full Participation in Practice,Jalen Davis,
2021,20,CIN,DE,Trey Hendrickson,00-0033935,,,Full Participation in Practice,Trey Hendrickson,
2021,20,CIN,CB,Mike Hilton,00-0032521,,,Full Participation in Practice,Mike Hilton,
2021,20,CIN,DE,Sam Hubbard,00-0034834,,,Full Participation in Practice,Sam Hubbard,
2021,20,CIN,DT,Josh Tupou,00-0033347,,,Full Participation in Practice,Josh Tupou,
2021,20,CIN,WR,Stanley Morgan,00-0035399,Questionable,Hamstring,Limited Participation in Practice,Stanley Morgan,QUESTIONABLE
2021,20,GB,LB,De'Vondre Campbell,00-0032401,,,Full Participation in Practice,De'Vondre Campbell,
2021,20,GB,RB,Aaron Jones,00-0033293,,,Full Participation in Practice,Aaron Jones,
2021,20,GB,TE,Marcedes Lewis,00-0024243,,,Full Participation in Practice,Marcedes Lewis,
2021,20,GB,QB,Aaron Rodgers,00-0023459,,,Full Participation in Practice,Aaron Rodgers,
2021,20,GB,T,Billy Turner,00-0031433,,,Full Participation in Practice,Billy Turner,
2021,20,GB,WR,Marquez Valdes-Scantling,00-0034272,Doubtful,Back,Did Not Participate In Practice,Marquez Valdes-Scantling,DOUBTFUL
2021,20,GB,T,David Bakhtiari,00-0030074,Questionable,Knee,Did Not Participate In Practice,David Bakhtiari,QUESTIONABLE
2021,20,GB,CB,Jaire Alexander,00-0034728,Questionable,Shoulder,Limited Participation in Practice,Jaire Alexander,QUESTIONABLE
2021,20,KC,RB,Clyde Edwards-Helaire,00-0036360,,,Full Participation in Practice,Clyde Edwards-Helaire,
2021,20,KC,LB,Willie Gay,00-0036362,,,Full Participation in Practice,Willie Gay,
2021,20,KC,WR,Tyreek Hill,00-0033040,,,Full Participation in Practice,Tyreek Hill,
2021,20,KC,CB,L'Jarius Sneed,00-0036374,,,Full Participation in Practice,L'Jarius Sneed,
2021,20,KC,T,Prince Tega Wanogho,00-0036230,,,Full Participation in Practice,Prince Tega Wanogho,
2021,20,KC,LB,Anthony Hitchens,00-0031348,,,Limited Participation in Practice,Anthony Hitchens,
2021,20,KC,CB,Rashad Fenton,00-0035147,Questionable,Back,Did Not Participate In Practice,Rashad Fenton,QUESTIONABLE
2021,20,KC,RB,Darrel Williams,00-0034301,Questionable,Toe,Limited Participation in Practice,Darrel Williams,QUESTIONABLE
2021,20,LA,WR,Brandon Powell,00-0034646,,,Full Participation in Practice,Brandon Powell,
2021,20,LA,LB,Troy Reeder,00-0035617,,,Full Participation in Practice,Troy Reeder,
2021,20,LA,WR,Ben Skowronek,00-0036862,,,Full Participation in Practice,Ben Skowronek,
2021,20,LA,S,Taylor Rapp,00-0035663,Out,Concussion,Did Not Participate In Practice,Taylor Rapp,OUT
2021,20,LA,T,Andrew Whitworth,00-0024270,Out,Knee,Did Not Participate In Practice,Andrew Whitworth,OUT
2021,20,LA,RB,Buddy Howell,00-0034449,Doubtful,Hamstring,Did Not Participate In Practice,Buddy Howell,DOUBTFUL
2021,20,SF,LB,Azeez Al-Shaair,00-0035166,,,Full Participation in Practice,Azeez Al-Shaair,
2021,20,SF,QB,Jimmy Garoppolo,00-0031345,,,Full Participation in Practice,Jimmy Garoppolo,
2021,20,SF,LB,Dre Greenlaw,00-0034982,,,Full Participation in Practice,Dre Greenlaw,
2021,20,SF,LB,Marcell Harris,00-0034730,,,Full Participation in Practice,Marcell Harris,
2021,20,SF,S,Talanoa Hufanga,00-0036564,,,Full Participation in Practice,Talanoa Hufanga,
2021,20,SF,RB,Elijah Mitchell,00-0036567,,,Full Participation in Practice,Elijah Mitchell,
2021,20,SF,LB,Fred Warner,00-0034815,,,Full Participation in Practice,Fred Warner,
2021,20,SF,DE,Nick Bosa,00-0035717,Questionable,Concussion,Full Participation in Practice,Nick Bosa,QUESTIONABLE
2021,20,SF,CB,Ambry Thomas,00-0037008,Questionable,Knee,Limited Participation in Practice,Ambry Thomas,QUESTIONABLE
2021,20,SF,DE,Jordan Willis,00-0033912,Questionable,Ankle,Limited Participation in Practice,Jordan Willis,QUESTIONABLE
2021,20,TB,TE,Rob Gronkowski,00-0027656,,,Did Not Participate In Practice,Rob Gronkowski,
2021,20,TB,DT,Ndamukong Suh,00-0027855,,,Did Not Participate In Practice,Ndamukong Suh,
2021,20,TB,LB,Shaquil Barrett,00-0031101,,,Full Participation in Practice,Shaquil Barrett,
2021,20,TB,RB,Giovani Bernard,00-0030456,,,Full Participation in Practice,Giovani Bernard,
2021,20,TB,QB,Tom Brady,00-0019596,,,Full Participation in Practice,Tom Brady,
2021,20,TB,S,Mike Edwards,00-0035681,,,Full Participation in Practice,Mike Edwards,
2021,20,TB,DT,Steve McLendon,00-0026564,,,Full Participation in Practice,Steve McLendon,
2021,20,TB,LB,Lavonte David,00-0029562,,,Limited Participation in Practice,Lavonte David,
2021,20,TB,T,Josh Wells,00-0030829,,,Limited Participation in Practice,Josh Wells,
2021,20,TB,RB,Ronald Jones,00-0034816,Out,Ankle,Did Not Participate In Practice,Ronald Jones,OUT
2021,20,TB,WR,Breshad Perriman,00-0032054,Out,Hip,Did Not Participate In Practice,Breshad Perriman,OUT
2021,20,TB,LB,Jason Pierre-Paul,00-0027867,Questionable,Not injury related - personal matter,Did Not Participate In Practice,Jason Pierre-Paul,QUESTIONABLE
2021,20,TB,CB,Sean Murphy-Bunting,00-0035239,Questionable,Hamstring,Full Participation in Practice,Sean Murphy-Bunting,QUESTIONABLE
2021,20,TB,WR,Cyril Grayson,00-0033215,Questionable,Hamstring,Limited Participation in Practice,Cyril Grayson,QUESTIONABLE
2021,20,TB,C,Ryan Jensen,00-0029895,Questionable,Ankle,Limited Participation in Practice,Ryan Jensen,QUESTIONABLE
2021,20,TB,T,Tristan Wirfs,00-0036406,Questionable,Ankle,Limited Participation in Practice,Tristan Wirfs,QUESTIONABLE
2021,20,TEN,CB,Janoris Jenkins,00-0029681,,,Full Participation in Practice,Janoris Jenkins,
2021,20,TEN,DT,Naquan Jones,00-0036695,,,Full Participation in Practice,Naquan Jones,
2021,20,TEN,LB,Derick Roberson,00-0035521,,,Full Participation in Practice,Derick Roberson,
2021,20,TEN,CB,Buster Skrine,00-0028075,,,Full Participation in Practice,Buster Skrine,
2021,20,TEN,DT,Teair Tart,00-0036181,Questionable,Ankle,Limited Participation in Practice,Teair Tart,QUESTIONABLE
2021,21,CIN,QB,Joe Burrow,00-0036442,,,Full Participation in Practice,Joe Burrow,
2021,21,CIN,WR,Tee Higgins,00-0036410,,,Full Participation in Practice,Tee Higgins,
2021,21,CIN,LB,Keandre Jones,00-0036203,,,Full Participation in Practice,Keandre Jones,
2021,21,CIN,WR,Stanley Morgan,00-0035399,Doubtful,Hamstring,Did Not Participate In Practice,Stanley Morgan,DOUBTFUL
2021,21,CIN,DE,Cameron Sample,00-0036850,Doubtful,Groin,Did Not Participate In Practice,Cameron Sample,DOUBTFUL
2021,21,CIN,DT,Josh Tupou,00-0033347,Questionable,Knee,Limited Participation in Practice,Josh Tupou,QUESTIONABLE
2021,21,KC,RB,Clyde Edwards-Helaire,00-0036360,,,Full Participation in Practice,Clyde Edwards-Helaire,
2021,21,KC,CB,Rashad Fenton,00-0035147,,,Full Participation in Practice,Rashad Fenton,
2021,21,KC,WR,Mecole Hardman,00-0035140,,,Full Participation in Practice,Mecole Hardman,
2021,21,KC,WR,Tyreek Hill,00-0033040,,,Full Participation in Practice,Tyreek Hill,
2021,21,KC,LB,Anthony Hitchens,00-0031348,,,Full Participation in Practice,Anthony Hitchens,
2021,21,KC,DT,Chris Jones,00-0032762,,,Full Participation in Practice,Chris Jones,
2021,21,KC,CB,L'Jarius Sneed,00-0036374,,,Full Participation in Practice,L'Jarius Sneed,
2021,21,KC,CB,Charvarius Ward,00-0034573,,,Full Participation in Practice,Charvarius Ward,
2021,21,KC,G,Andrew Wylie,00-0033831,,,Full Participation in Practice,Andrew Wylie,
2021,21,KC,S,Tyrann Mathieu,00-0030459,Questionable,Concussion,Full Participation in Practice,Tyrann Mathieu,QUESTIONABLE
2021,21,KC,RB,Darrel Williams,00-0034301,Questionable,Toe,Limited Participation in Practice,Darrel Williams,QUESTIONABLE
2021,21,LA,RB,Cam Akers,00-0036414,,,Did Not Participate In Practice,Cam Akers,
2021,21,LA,T,Greg Gaines,00-0035667,,,Full Participation in Practice,Greg Gaines,
2021,21,LA,RB,Buddy Howell,00-0034449,,,Full Participation in Practice,Buddy Howell,
2021,21,LA,T,Andrew Whitworth,00-0024270,,,Full Participation in Practice,Andrew Whitworth,
2021,21,LA,QB,John Wolford,00-0034899,,,Full Participation in Practice,John Wolford,
2021,21,LA,T,Joseph Noteboom,00-0034803,Doubtful,Chest,Did Not Participate In Practice,Joseph Noteboom,DOUBTFUL
2021,21,LA,WR,Van Jefferson,00-0036415,Questionable,Knee,Limited Participation in Practice,Van Jefferson,QUESTIONABLE
2021,21,LA,S,Taylor Rapp,00-0035663,Questionable,Concussion,Limited Participation in Practice,Taylor Rapp,QUESTIONABLE
2021,21,SF,DE,Nick Bosa,00-0035717,,,Full Participation in Practice,Nick Bosa,
2021,21,SF,QB,Jimmy Garoppolo,00-0031345,,,Full Participation in Practice,Jimmy Garoppolo,
2021,21,SF,C,Alex Mack,00-0026997,,,Full Participation in Practice,Alex Mack,
2021,21,SF,RB,Elijah Mitchell,00-0036567,,,Full Participation in Practice,Elijah Mitchell,
2021,21,SF,CB,Ambry Thomas,00-0037008,,,Full Participation in Practice,Ambry Thomas,
2021,21,SF,T,Trent Williams,00-0027857,Questionable,Ankle,Did Not Participate In Practice,Trent Williams,QUESTIONABLE
2021,21,SF,RB,Jeffery Wilson,00-0034115,Questionable,Ankle,Limited Participation in Practice,Jeffery Wilson,QUESTIONABLE
2021,22,CIN,G,Jackson Carman,00-0036865,,,Full Participation in Practice,Jackson Carman,
2021,22,CIN,WR,Stanley Morgan,00-0035399,,,Full Participation in Practice,Stanley Morgan,
2021,22,CIN,DE,Cameron Sample,00-0036850,,,Full Participation in Practice,Cameron Sample,
2021,22,CIN,DT,Josh Tupou,00-0033347,,,Full Participation in Practice,Josh Tupou,
2021,22,CIN,TE,C.J. Uzomah,00-0032134,Questionable,Knee,Full Participation in Practice,C.J. Uzomah,QUESTIONABLE
2021,22,LA,TE,Tyler Higbee,00-0033110,,,Did Not Participate In Practice,Tyler Higbee,
2021,22,LA,RB,Cam Akers,00-0036414,,,Full Participation in Practice,Cam Akers,
2021,22,LA,CB,Grant Haley,00-0034502,,,Full Participation in Practice,Grant Haley,
2021,22,LA,WR,Van Jefferson,00-0036415,,,Full Participation in Practice,Van Jefferson,
2021,22,LA,CB,Jalen Ramsey,00-0033055,,,Full Participation in Practice,Jalen Ramsey,
2021,22,LA,S,Taylor Rapp,00-0035663,,,Full Participation in Practice,Taylor Rapp,
2021,22,LA,LB,Christian Rozeboom,00-0035942,,,Full Participation in Practice,Christian Rozeboom,
2021,22,LA,T,Andrew Whitworth,00-0024270,,,Full Participation in Practice,Andrew Whitworth,
2021,22,LA,T,Joseph Noteboom,00-0034803,,,Limited Participation in Practice,Joseph Noteboom,
