{
  "total_mae": 15.599836628731225,
  "spread_mae": 11.30013655896589,
  "winner_accuracy": 0.6428571428571429,
  "games": 14
}