player_id,player_name,player_display_name,position,recent_team,opponent_team,week,season,completions,attempts,passing_yards,passing_tds,carries,rushing_yards,rushing_tds,receptions,targets,receiving_yards,receiving_tds,fantasy_points,fantasy_points_ppr,team,player,points
00-0023459,A.Rodgers,Aaron Rodgers,QB,NYJ,BUF,1,2023,0,1,0.0,0,0,0.0,0,0,0,0.0,0,0.0,0.0,NYJ,Aaron Rodgers,0.0
00-0024243,M.Lewis,Marcedes Lewis,TE,CHI,DEN,4,2023,0,0,0.0,0,0,0.0,0,1,1,8.0,0,0.8,1.8,CHI,Marcedes Lewis,0.8
00-0024243,M.Lewis,Marcedes Lewis,TE,CHI,LV,7,2023,0,0,0.0,0,0,0.0,0,1,1,16.0,0,1.6,2.6,CHI,Marcedes Lewis,1.6
00-0024243,M.Lewis,Marcedes Lewis,TE,CHI,DET,11,2023,0,0,0.0,0,0,0.0,0,0,1,0.0,0,0.0,0.0,CHI,Marcedes Lewis,0.0
00-0024243,M.Lewis,Marcedes Lewis,TE,CHI,DET,14,2023,0,0,0.0,0,0,0.0,0,1,1,4.0,0,0.4,1.4,CHI,Marcedes Lewis,0.4
00-0024243,M.Lewis,Marcedes Lewis,TE,CHI,ARI,16,2023,0,0,0.0,0,0,0.0,0,1,1,1.0,1,6.1,7.1,CHI,Marcedes Lewis,6.1
00-0026158,J.Flacco,Joe Flacco,QB,CLE,LA,13,2023,23,44,254.0,2,0,0.0,0,0,0,0.0,0,16.16,16.16,CLE,Joe Flacco,16.16
00-0026158,J.Flacco,Joe Flacco,QB,CLE,JAX,14,2023,26,45,311.0,3,4,-1.0,0,0,0,0.0,0,20.34,20.34,CLE,Joe Flacco,20.34
00-0026158,J.Flacco,Joe Flacco,QB,CLE,CHI,15,2023,28,44,374.0,2,1,-1.0,0,0,0,0.0,0,16.86,16.86,CLE,Joe Flacco,16.86
00-0026158,J.Flacco,Joe Flacco,QB,CLE,HOU,16,2023,27,42,368.0,3,2,1.0,0,0,0,0.0,0,24.82,24.82,CLE,Joe Flacco,24.82
00-0026158,J.Flacco,Joe Flacco,QB,CLE,NYJ,17,2023,19,29,309.0,3,2,3.0,0,0,0,0.0,0,22.66,22.66,CLE,Joe Flacco,22.66
00-0026158,J.Flacco,Joe Flacco,QB,CLE,HOU,19,2023,34,46,307.0,1,3,13.0,0,0,0,0.0,0,13.58,13.58,CLE,Joe Flacco,13.58
00-0026498,M.Stafford,Matthew Stafford,QB,LA,SEA,1,2023,24,38,334.0,0,3,11.0,0,0,0,0.0,0,14.46,14.46,LA,Matthew Stafford,14.46
00-0026498,M.Stafford,Matthew Stafford,QB,LA,SF,2,2023,34,55,307.0,1,4,17.0,0,0,0,0.0,0,13.98,13.98,LA,Matthew Stafford,13.98
00-0026498,M.Stafford,Matthew Stafford,QB,LA,CIN,3,2023,18,33,269.0,1,1,7.0,0,0,0,0.0,0,11.46,11.46,LA,Matthew Stafford,11.46
00-0026498,M.Stafford,Matthew Stafford,QB,LA,IND,4,2023,27,40,319.0,1,2,14.0,0,0,0,0.0,0,16.16,16.16,LA,Matthew Stafford,16.16
00-0026498,M.Stafford,Matthew Stafford,QB,LA,PHI,5,2023,21,37,222.0,2,0,0.0,0,0,0,0.0,0,16.88,16.88,LA,Matthew Stafford,16.88
00-0026498,M.Stafford,Matthew Stafford,QB,LA,ARI,6,2023,15,24,226.0,1,1,2.0,0,0,0,0.0,0,13.24,13.24,LA,Matthew Stafford,13.24
00-0026498,M.Stafford,Matthew Stafford,QB,LA,PIT,7,2023,14,29,231.0,1,1,8.0,0,0,0,0.0,0,14.04,14.04,LA,Matthew Stafford,14.04
00-0026498,M.Stafford,Matthew Stafford,QB,LA,DAL,8,2023,13,22,162.0,1,1,9.0,0,0,0,0.0,0,11.38,11.38,LA,Matthew Stafford,11.38
00-0026498,M.Stafford,Matthew Stafford,QB,LA,SEA,11,2023,17,31,190.0,1,2,1.0,0,0,0,0.0,0,9.7,9.7,LA,Matthew Stafford,9.7
00-0026498,M.Stafford,Matthew Stafford,QB,LA,ARI,12,2023,25,33,229.0,4,1,2.0,0,0,0,0.0,0,23.36,23.36,LA,Matthew Stafford,23.36
00-0026498,M.Stafford,Matthew Stafford,QB,LA,CLE,13,2023,22,37,279.0,3,1,-2.0,0,0,0,0.0,0,22.96,22.96,LA,Matthew Stafford,22.96
00-0026498,M.Stafford,Matthew Stafford,QB,LA,BAL,14,2023,23,41,294.0,3,1,-1.0,0,0,0,0.0,0,23.66,23.66,LA,Matthew Stafford,23.66
00-0026498,M.Stafford,Matthew Stafford,QB,LA,WAS,15,2023,25,33,258.0,2,1,2.0,0,0,0,0.0,0,18.52,18.52,LA,Matthew Stafford,18.52
00-0026498,M.Stafford,Matthew Stafford,QB,LA,NO,16,2023,24,34,328.0,2,1,-4.0,0,0,0,0.0,0,20.72,20.72,LA,Matthew Stafford,20.72
00-0026498,M.Stafford,Matthew Stafford,QB,LA,NYG,17,2023,24,34,317.0,1,1,-1.0,0,0,0,0.0,0,12.58,12.58,LA,Matthew Stafford,12.58
00-0026498,M.Stafford,Matthew Stafford,QB,LA,DET,19,2023,25,36,367.0,2,0,0.0,0,0,0,0.0,0,22.68,22.68,LA,Matthew Stafford,22.68
00-0026625,B.Hoyer,Brian Hoyer,QB,LV,NE,6,2023,6,10,102.0,0,3,-3.0,0,0,0,0.0,0,3.78,3.78,LV,Brian Hoyer,3.78
00-0026625,B.Hoyer,Brian Hoyer,QB,LV,CHI,7,2023,17,32,129.0,0,0,0.0,0,0,0,0.0,0,1.16,1.16,LV,Brian Hoyer,1.16
00-0027114,T.Morstead,Thomas Morstead,P,NYJ,BUF,11,2023,1,1,18.0,0,0,0.0,0,0,0,0.0,0,0.72,0.72,NYJ,Thomas Morstead,0.72
00-0027696,J.Graham,Jimmy Graham,TE,NO,GB,3,2023,0,0,0.0,0,0,0.0,0,1,1,8.0,1,6.8,7.8,NO,Jimmy Graham,6.8
00-0027696,J.Graham,Jimmy Graham,TE,NO,NE,5,2023,0,0,0.0,0,0,0.0,0,0,1,0.0,0,0.0,0.0,NO,Jimmy Graham,0.0
00-0027696,J.Graham,Jimmy Graham,TE,NO,DET,13,2023,0,0,0.0,0,0,0.0,0,1,1,6.0,1,6.6,7.6,NO,Jimmy Graham,6.6
00-0027696,J.Graham,Jimmy Graham,TE,NO,CAR,14,2023,0,0,0.0,0,0,0.0,0,2,2,16.0,1,7.6,9.6,NO,Jimmy Graham,7.6
00-0027696,J.Graham,Jimmy Graham,TE,NO,NYG,15,2023,0,0,0.0,0,0,0.0,0,2,2,9.0,1,6.9,8.9,NO,Jimmy Graham,6.9
00-0027944,J.Jones,Julio Jones,WR,PHI,MIA,7,2023,0,0,0.0,0,0,0.0,0,1,1,3.0,0,0.3,1.3,PHI,Julio Jones,0.3
00-0027944,J.Jones,Julio Jones,WR,PHI,WAS,8,2023,0,0,0.0,0,0,0.0,0,1,2,8.0,1,6.8,7.8,PHI,Julio Jones,6.8
00-0027944,J.Jones,Julio Jones,WR,PHI,KC,11,2023,0,0,0.0,0,0,0.0,0,2,2,5.0,0,0.5,2.5,PHI,Julio Jones,0.5
00-0027944,J.Jones,Julio Jones,WR,PHI,BUF,12,2023,0,0,0.0,0,0,0.0,0,1,3,0.0,0,0.0,1.0,PHI,Julio Jones,0.0
00-0027944,J.Jones,Julio Jones,WR,PHI,SEA,15,2023,0,0,0.0,0,0,0.0,0,1,1,6.0,0,0.6,1.6,PHI,Julio Jones,0.6
00-0027944,J.Jones,Julio Jones,WR,PHI,NYG,16,2023,0,0,0.0,0,0,0.0,0,1,4,5.0,0,0.5,1.5,PHI,Julio Jones,0.5
00-0027944,J.Jones,Julio Jones,WR,PHI,ARI,17,2023,0,0,0.0,0,0,0.0,0,2,2,34.0,2,15.4,17.4,PHI,Julio Jones,15.4
00-0027944,J.Jones,Julio Jones,WR,PHI,NYG,18,2023,0,0,0.0,0,0,0.0,0,2,4,13.0,0,1.3,3.3,PHI,Julio Jones,1.3
00-0027944,J.Jones,Julio Jones,WR,PHI,TB,19,2023,0,0,0.0,0,0,0.0,0,3,3,22.0,0,2.2,5.2,PHI,Julio Jones,2.2
00-0027948,B.Gabbert,Blaine Gabbert,QB,KC,CHI,3,2023,3,5,31.0,0,2,-1.0,0,0,0,0.0,0,-2.86,-2.86,KC,Blaine Gabbert,-2.86
00-0027948,B.Gabbert,Blaine Gabbert,QB,KC,LAC,18,2023,15,30,154.0,0,5,46.0,0,0,0,0.0,0,8.76,8.76,KC,Blaine Gabbert,8.76
00-0027973,A.Dalton,Andy Dalton,QB,CAR,SEA,3,2023,34,58,361.0,2,2,11.0,0,0,0,0.0,0,23.54,23.54,CAR,Andy Dalton,23.54
00-0027973,A.Dalton,Andy Dalton,QB,CAR,DET,5,2023,0,0,0.0,0,1,1.0,0,0,0,0.0,0,0.1,0.1,CAR,Andy Dalton,0.1
00-0028002,R.Cobb,Randall Cobb,WR,NYJ,BUF,1,2023,0,0,0.0,0,0,0.0,0,0,1,0.0,0,0.0,0.0,NYJ,Randall Cobb,0.0
00-0028002,R.Cobb,Randall Cobb,WR,NYJ,DAL,2,2023,0,0,0.0,0,0,0.0,0,0,1,0.0,0,0.0,0.0,NYJ,Randall Cobb,0.0
00-0028002,R.Cobb,Randall Cobb,WR,NYJ,NE,3,2023,0,0,0.0,0,0,0.0,0,1,2,12.0,0,1.2,2.2,NYJ,Randall Cobb,1.2
00-0028002,R.Cobb,Randall Cobb,WR,NYJ,KC,4,2023,0,0,0.0,0,0,0.0,0,2,4,8.0,0,0.8,2.8,NYJ,Randall Cobb,0.8
00-0028002,R.Cobb,Randall Cobb,WR,NYJ,DEN,5,2023,0,0,0.0,0,0,0.0,0,0,1,0.0,0,0.0,0.0,NYJ,Randall Cobb,0.0
00-0028002,R.Cobb,Randall Cobb,WR,NYJ,PHI,6,2023,0,0,0.0,0,0,0.0,0,0,3,0.0,0,2.0,2.0,NYJ,Randall Cobb,2.0
00-0028002,R.Cobb,Randall Cobb,WR,NYJ,HOU,14,2023,0,0,0.0,0,0,0.0,0,1,1,15.0,1,7.5,8.5,NYJ,Randall Cobb,7.5
00-0028002,R.Cobb,Randall Cobb,WR,NYJ,MIA,15,2023,0,0,0.0,0,0,0.0,0,0,3,0.0,0,0.0,0.0,NYJ,Randall Cobb,0.0
00-0028002,R.Cobb,Randall Cobb,WR,NYJ,NE,18,2023,0,0,0.0,0,0,0.0,0,1,1,4.0,0,0.4,1.4,NYJ,Randall Cobb,0.4
00-0028118,T.Taylor,Tyrod Taylor,QB,NYG,DAL,1,2023,2,2,6.0,0,0,0.0,0,0,0,0.0,0,0.24,0.24,NYG,Tyrod Taylor,0.24
00-0028118,T.Taylor,Tyrod Taylor,QB,NYG,SF,3,2023,0,1,0.0,0,1,2.0,0,0,0,0.0,0,0.2,0.2,NYG,Tyrod Taylor,0.2
00-0028118,T.Taylor,Tyrod Taylor,QB,NYG,MIA,5,2023,9,12,86.0,0,3,14.0,0,0,0,0.0,0,4.84,4.84,NYG,Tyrod Taylor,4.84
00-0028118,T.Taylor,Tyrod Taylor,QB,NYG,BUF,6,2023,24,36,200.0,0,5,24.0,0,0,0,0.0,0,10.4,10.4,NYG,Tyrod Taylor,10.4
00-0028118,T.Taylor,Tyrod Taylor,QB,NYG,WAS,7,2023,18,29,279.0,2,8,25.0,0,0,0,0.0,0,21.66,21.66,NYG,Tyrod Taylor,21.66
00-0028118,T.Taylor,Tyrod Taylor,QB,NYG,NYJ,8,2023,4,7,8.0,0,5,33.0,0,0,0,0.0,0,3.62,3.62,NYG,Tyrod Taylor,3.62
00-0028118,T.Taylor,Tyrod Taylor,QB,NYG,NO,15,2023,2,4,13.0,0,0,0.0,0,0,0,0.0,0,0.52,0.52,NYG,Tyrod Taylor,0.52
00-0028118,T.Taylor,Tyrod Taylor,QB,NYG,PHI,16,2023,7,16,133.0,1,2,21.0,0,0,0,0.0,0,9.42,9.42,NYG,Tyrod Taylor,9.42
00-0028118,T.Taylor,Tyrod Taylor,QB,NYG,LA,17,2023,27,41,319.0,1,6,40.0,0,0,0,0.0,0,18.76,18.76,NYG,Tyrod Taylor,18.76
00-0028118,T.Taylor,Tyrod Taylor,QB,NYG,PHI,18,2023,23,32,297.0,1,8,38.0,0,0,0,0.0,0,17.68,17.68,NYG,Tyrod Taylor,17.68
00-0028872,J.Hekker,Johnny Hekker,P,CAR,MIA,6,2023,1,1,7.0,0,0,0.0,0,0,0,0.0,0,0.28,0.28,CAR,Johnny Hekker,0.28
00-0028872,J.Hekker,Johnny Hekker,P,CAR,NO,14,2023,0,0,0.0,0,1,-11.0,0,0,0,0.0,0,-3.1,-3.1,CAR,Johnny Hekker,-3.1
00-0028986,C.Keenum,Case Keenum,QB,HOU,TEN,15,2023,23,36,229.0,1,2,1.0,0,0,0,0.0,0,11.26,11.26,HOU,Case Keenum,11.26
00-0028986,C.Keenum,Case Keenum,QB,HOU,CLE,16,2023,11,17,62.0,0,0,0.0,0,0,0,0.0,0,-1.52,-1.52,HOU,Case Keenum,-1.52
00-0029239,B.Bolden,Brandon Bolden,RB,LV,LAC,15,2023,0,0,0.0,0,2,25.0,1,0,0,0.0,0,8.5,8.5,LV,Brandon Bolden,8.5
00-0029239,B.Bolden,Brandon Bolden,RB,LV,KC,16,2023,0,0,0.0,0,0,0.0,0,0,0,0.0,0,2.0,2.0,LV,Brandon Bolden,2.0
00-0029239,B.Bolden,Brandon Bolden,RB,LV,IND,17,2023,0,0,0.0,0,2,6.0,0,0,0,0.0,0,0.6,0.6,LV,Brandon Bolden,0.6
00-0029263,R.Wilson,Russell Wilson,QB,DEN,LV,1,2023,27,34,177.0,2,1,1.0,0,0,0,0.0,0,15.18,15.18,DEN,Russell Wilson,15.18
00-0029263,R.Wilson,Russell Wilson,QB,DEN,WAS,2,2023,18,32,308.0,3,6,56.0,0,0,0,0.0,0,25.92,25.92,DEN,Russell Wilson,25.92
00-0029263,R.Wilson,Russell Wilson,QB,DEN,MIA,3,2023,23,38,306.0,1,0,0.0,0,0,0,0.0,0,14.24,14.24,DEN,Russell Wilson,14.24
00-0029263,R.Wilson,Russell Wilson,QB,DEN,CHI,4,2023,21,28,223.0,3,4,13.0,0,0,0,0.0,0,22.22,22.22,DEN,Russell Wilson,22.22
00-0029263,R.Wilson,Russell Wilson,QB,DEN,NYJ,5,2023,20,31,196.0,2,7,49.0,0,0,0,0.0,0,18.74,18.74,DEN,Russell Wilson,18.74
00-0029263,R.Wilson,Russell Wilson,QB,DEN,KC,6,2023,13,22,95.0,1,4,31.0,0,0,0,0.0,0,6.9,6.9,DEN,Russell Wilson,6.9
00-0029263,R.Wilson,Russell Wilson,QB,DEN,GB,7,2023,20,29,194.0,1,1,21.0,0,0,0,0.0,0,13.86,13.86,DEN,Russell Wilson,13.86
00-0029263,R.Wilson,Russell Wilson,QB,DEN,KC,8,2023,12,19,114.0,3,8,30.0,0,0,0,0.0,0,17.56,17.56,DEN,Russell Wilson,17.56
00-0029263,R.Wilson,Russell Wilson,QB,DEN,BUF,10,2023,24,29,193.0,2,9,30.0,0,0,0,0.0,0,18.72,18.72,DEN,Russell Wilson,18.72
00-0029263,R.Wilson,Russell Wilson,QB,DEN,MIN,11,2023,27,35,259.0,1,2,1.0,0,0,0,0.0,0,14.46,14.46,DEN,Russell Wilson,14.46
00-0029263,R.Wilson,Russell Wilson,QB,DEN,CLE,12,2023,13,22,134.0,1,11,34.0,1,0,0,0.0,0,16.76,16.76,DEN,Russell Wilson,16.76
00-0029263,R.Wilson,Russell Wilson,QB,DEN,HOU,13,2023,15,26,186.0,1,10,44.0,1,0,0,0.0,0,15.84,15.84,DEN,Russell Wilson,15.84
00-0029263,R.Wilson,Russell Wilson,QB,DEN,LAC,14,2023,21,33,224.0,2,6,5.0,0,0,0,0.0,0,15.46,15.46,DEN,Russell Wilson,15.46
00-0029263,R.Wilson,Russell Wilson,QB,DEN,DET,15,2023,18,32,223.0,1,7,6.0,1,0,0,0.0,0,17.52,17.52,DEN,Russell Wilson,17.52
00-0029263,R.Wilson,Russell Wilson,QB,DEN,NE,16,2023,25,37,238.0,2,4,20.0,0,0,0,0.0,0,23.52,23.52,DEN,Russell Wilson,23.52
00-0029293,M.Jones,Marvin Jones,WR,DET,KC,1,2023,0,0,0.0,0,0,0.0,0,2,6,8.0,0,-1.2,0.8,DET,Marvin Jones,-1.2
00-0029293,M.Jones,Marvin Jones,WR,DET,GB,4,2023,0,0,0.0,0,0,0.0,0,0,1,0.0,0,0.0,0.0,DET,Marvin Jones,0.0
00-0029293,M.Jones,Marvin Jones,WR,DET,CAR,5,2023,0,0,0.0,0,0,0.0,0,2,2,22.0,0,2.2,4.2,DET,Marvin Jones,2.2
00-0029293,M.Jones,Marvin Jones,WR,DET,TB,6,2023,0,0,0.0,0,0,0.0,0,1,1,5.0,0,0.5,1.5,DET,Marvin Jones,0.5
00-0029604,K.Cousins,Kirk Cousins,QB,MIN,TB,1,2023,33,44,344.0,2,3,7.0,0,0,0,0.0,0,16.46,16.46,MIN,Kirk Cousins,16.46
00-0029604,K.Cousins,Kirk Cousins,QB,MIN,PHI,2,2023,31,44,364.0,4,0,0.0,0,0,0,0.0,0,28.56,28.56,MIN,Kirk Cousins,28.56
00-0029604,K.Cousins,Kirk Cousins,QB,MIN,LAC,3,2023,32,50,367.0,3,1,10.0,0,0,0,0.0,0,25.68,25.68,MIN,Kirk Cousins,25.68
00-0029604,K.Cousins,Kirk Cousins,QB,MIN,CAR,4,2023,12,19,139.0,2,1,0.0,0,0,0,0.0,0,9.56,9.56,MIN,Kirk Cousins,9.56
00-0029604,K.Cousins,Kirk Cousins,QB,MIN,KC,5,2023,29,47,284.0,2,3,5.0,0,0,0,0.0,0,19.86,19.86,MIN,Kirk Cousins,19.86
00-0029604,K.Cousins,Kirk Cousins,QB,MIN,CHI,6,2023,21,31,181.0,1,2,-5.0,0,0,0,0.0,0,8.74,8.74,MIN,Kirk Cousins,8.74
00-0029604,K.Cousins,Kirk Cousins,QB,MIN,SF,7,2023,35,45,378.0,2,2,-1.0,0,0,0,0.0,0,21.02,21.02,MIN,Kirk Cousins,21.02
00-0029604,K.Cousins,Kirk Cousins,QB,MIN,GB,8,2023,23,31,274.0,2,2,9.0,0,0,0,0.0,0,19.86,19.86,MIN,Kirk Cousins,19.86
00-0029692,B.Anger,Bryan Anger,P,DAL,NE,4,2023,0,0,0.0,0,0,0.0,0,0,0,0.0,0,2.0,2.0,DAL,Bryan Anger,2.0
00-0029701,R.Tannehill,Ryan Tannehill,QB,TEN,NO,1,2023,16,34,198.0,0,3,5.0,0,0,0,0.0,0,2.42,2.42,TEN,Ryan Tannehill,2.42
00-0029701,R.Tannehill,Ryan Tannehill,QB,TEN,LAC,2,2023,20,24,246.0,1,1,12.0,1,0,0,0.0,0,21.04,21.04,TEN,Ryan Tannehill,21.04
00-0029701,R.Tannehill,Ryan Tannehill,QB,TEN,CLE,3,2023,13,25,104.0,0,0,0.0,0,0,0,0.0,0,4.16,4.16,TEN,Ryan Tannehill,4.16
00-0029701,R.Tannehill,Ryan Tannehill,QB,TEN,CIN,4,2023,18,25,240.0,1,6,11.0,0,0,0,0.0,0,12.7,12.7,TEN,Ryan Tannehill,12.7
00-0029701,R.Tannehill,Ryan Tannehill,QB,TEN,IND,5,2023,23,34,264.0,0,2,12.0,0,0,0,0.0,0,9.76,9.76,TEN,Ryan Tannehill,9.76
00-0029701,R.Tannehill,Ryan Tannehill,QB,TEN,BAL,6,2023,8,16,76.0,0,0,0.0,0,0,0,0.0,0,1.04,1.04,TEN,Ryan Tannehill,1.04
00-0029701,R.Tannehill,Ryan Tannehill,QB,TEN,SEA,16,2023,18,26,152.0,0,2,37.0,0,0,0,0.0,0,9.78,9.78,TEN,Ryan Tannehill,9.78
00-0029701,R.Tannehill,Ryan Tannehill,QB,TEN,HOU,17,2023,16,20,168.0,0,0,0.0,0,0,0,0.0,0,6.72,6.72,TEN,Ryan Tannehill,6.72
00-0029701,R.Tannehill,Ryan Tannehill,QB,TEN,JAX,18,2023,17,26,168.0,2,3,-3.0,0,0,1,0.0,0,12.42,12.42,TEN,Ryan Tannehill,12.42
00-0029764,C.Davis,Cody Davis,FS,NE,NE,16,2023,0,0,0.0,0,0,0.0,0,0,0,0.0,0,6.0,6.0,NE,Cody Davis,6.0
00-0029892,K.Juszczyk,Kyle Juszczyk,FB,SF,NYG,3,2023,0,0,0.0,0,1,3.0,0,0,0,0.0,0,0.3,0.3,SF,Kyle Juszczyk,0.3
00-0029892,K.Juszczyk,Kyle Juszczyk,FB,SF,ARI,4,2023,0,0,0.0,0,2,3.0,0,1,1,4.0,0,0.7,1.7,SF,Kyle Juszczyk,0.7
00-0029892,K.Juszczyk,Kyle Juszczyk,FB,SF,DAL,5,2023,0,0,0.0,0,0,0.0,0,4,4,26.0,1,8.6,12.6,SF,Kyle Juszczyk,8.6
00-0029892,K.Juszczyk,Kyle Juszczyk,FB,SF,CLE,6,2023,0,0,0.0,0,0,0.0,0,1,1,9.0,0,0.9,1.9,SF,Kyle Juszczyk,0.9
00-0029892,K.Juszczyk,Kyle Juszczyk,FB,SF,CIN,8,2023,0,0,0.0,0,2,0.0,0,0,0,0.0,0,0.0,0.0,SF,Kyle Juszczyk,0.0
00-0029892,K.Juszczyk,Kyle Juszczyk,FB,SF,JAX,10,2023,0,0,0.0,0,0,0.0,0,2,3,26.0,1,8.6,10.6,SF,Kyle Juszczyk,8.6
00-0029892,K.Juszczyk,Kyle Juszczyk,FB,SF,SEA,12,2023,0,0,0.0,0,0,0.0,0,0,1,0.0,0,0.0,0.0,SF,Kyle Juszczyk,0.0
00-0029892,K.Juszczyk,Kyle Juszczyk,FB,SF,ARI,15,2023,0,0,0.0,0,0,0.0,0,2,2,26.0,0,2.6,4.6,SF,Kyle Juszczyk,2.6
00-0029892,K.Juszczyk,Kyle Juszczyk,FB,SF,BAL,16,2023,0,0,0.0,0,0,0.0,0,1,2,5.0,0,0.5,1.5,SF,Kyle Juszczyk,0.5
00-0029892,K.Juszczyk,Kyle Juszczyk,FB,SF,WAS,17,2023,0,0,0.0,0,0,0.0,0,3,3,23.0,0,2.3,5.3,SF,Kyle Juszczyk,2.3
00-0029892,K.Juszczyk,Kyle Juszczyk,FB,SF,DET,21,2023,0,0,0.0,0,1,3.0,0,2,3,33.0,0,3.6,5.6,SF,Kyle Juszczyk,3.6
00-0029892,K.Juszczyk,Kyle Juszczyk,FB,SF,KC,22,2023,0,0,0.0,0,1,2.0,0,2,2,31.0,0,3.3,5.3,SF,Kyle Juszczyk,3.3
00-0030035,A.Thielen,Adam Thielen,WR,CAR,ATL,1,2023,0,0,0.0,0,0,0.0,0,2,2,12.0,0,1.2,3.2,CAR,Adam Thielen,1.2
00-0030035,A.Thielen,Adam Thielen,WR,CAR,NO,2,2023,0,0,0.0,0,0,0.0,0,7,9,54.0,1,13.4,20.4,CAR,Adam Thielen,13.4
00-0030035,A.Thielen,Adam Thielen,WR,CAR,SEA,3,2023,0,0,0.0,0,0,0.0,0,11,14,145.0,1,20.5,31.5,CAR,Adam Thielen,20.5
00-0030035,A.Thielen,Adam Thielen,WR,CAR,MIN,4,2023,0,0,0.0,0,1,6.0,0,7,8,76.0,0,8.2,15.2,CAR,Adam Thielen,8.2
00-0030035,A.Thielen,Adam Thielen,WR,CAR,DET,5,2023,0,0,0.0,0,0,0.0,0,11,13,107.0,1,16.7,27.7,CAR,Adam Thielen,16.7
00-0030035,A.Thielen,Adam Thielen,WR,CAR,MIA,6,2023,0,0,0.0,0,0,0.0,0,11,13,115.0,1,17.5,28.5,CAR,Adam Thielen,17.5
00-0030035,A.Thielen,Adam Thielen,WR,CAR,HOU,8,2023,0,0,0.0,0,0,0.0,0,8,11,72.0,0,7.2,15.2,CAR,Adam Thielen,7.2
00-0030035,A.Thielen,Adam Thielen,WR,CAR,IND,9,2023,0,0,0.0,0,0,0.0,0,5,6,29.0,0,2.9,7.9,CAR,Adam Thielen,2.9
00-0030035,A.Thielen,Adam Thielen,WR,CAR,CHI,10,2023,0,0,0.0,0,0,0.0,0,6,10,42.0,0,4.2,10.2,CAR,Adam Thielen,4.2
00-0030035,A.Thielen,Adam Thielen,WR,CAR,DAL,11,2023,0,0,0.0,0,0,0.0,0,8,11,74.0,0,7.4,15.4,CAR,Adam Thielen,7.4
00-0030035,A.Thielen,Adam Thielen,WR,CAR,TEN,12,2023,0,0,0.0,0,0,0.0,0,1,3,2.0,0,0.2,1.2,CAR,Adam Thielen,0.2
00-0030035,A.Thielen,Adam Thielen,WR,CAR,TB,13,2023,0,0,0.0,0,0,0.0,0,3,6,25.0,0,2.5,5.5,CAR,Adam Thielen,2.5
00-0030035,A.Thielen,Adam Thielen,WR,CAR,NO,14,2023,0,0,0.0,0,0,0.0,0,5,7,74.0,0,7.4,12.4,CAR,Adam Thielen,7.4
00-0030035,A.Thielen,Adam Thielen,WR,CAR,ATL,15,2023,0,0,0.0,0,0,0.0,0,4,7,43.0,0,4.3,8.3,CAR,Adam Thielen,4.3
00-0030035,A.Thielen,Adam Thielen,WR,CAR,GB,16,2023,0,0,0.0,0,0,0.0,0,6,8,94.0,0,9.4,15.4,CAR,Adam Thielen,9.4
00-0030035,A.Thielen,Adam Thielen,WR,CAR,JAX,17,2023,0,0,0.0,0,0,0.0,0,6,6,38.0,0,3.8,9.8,CAR,Adam Thielen,3.8
00-0030035,A.Thielen,Adam Thielen,WR,CAR,TB,18,2023,0,0,0.0,0,0,0.0,0,2,3,12.0,0,1.2,3.2,CAR,Adam Thielen,1.2
00-0030061,Z.Ertz,Zach Ertz,TE,ARI,WAS,1,2023,0,0,0.0,0,0,0.0,0,6,10,21.0,0,2.1,8.1,ARI,Zach Ertz,2.1
00-0030061,Z.Ertz,Zach Ertz,TE,ARI,NYG,2,2023,0,0,0.0,0,0,0.0,0,6,8,56.0,0,5.6,11.6,ARI,Zach Ertz,5.6
00-0030061,Z.Ertz,Zach Ertz,TE,ARI,DAL,3,2023,0,0,0.0,0,0,0.0,0,2,2,6.0,0,0.6,2.6,ARI,Zach Ertz,0.6
00-0030061,Z.Ertz,Zach Ertz,TE,ARI,SF,4,2023,0,0,0.0,0,0,0.0,0,6,10,53.0,0,5.3,11.3,ARI,Zach Ertz,5.3
00-0030061,Z.Ertz,Zach Ertz,TE,ARI,CIN,5,2023,0,0,0.0,0,0,0.0,0,2,4,10.0,1,7.0,9.0,ARI,Zach Ertz,7.0
00-0030061,Z.Ertz,Zach Ertz,TE,ARI,LA,6,2023,0,0,0.0,0,0,0.0,0,2,5,22.0,0,2.2,4.2,ARI,Zach Ertz,2.2
00-0030061,Z.Ertz,Zach Ertz,TE,ARI,SEA,7,2023,0,0,0.0,0,0,0.0,0,3,4,19.0,0,1.9,4.9,ARI,Zach Ertz,1.9
00-0030068,M.Goodwin,Marquise Goodwin,WR,CLE,CIN,1,2023,0,0,0.0,0,0,0.0,0,0,2,0.0,0,0.0,0.0,CLE,Marquise Goodwin,0.0
00-0030068,M.Goodwin,Marquise Goodwin,WR,CLE,PIT,2,2023,0,0,0.0,0,0,0.0,0,0,2,0.0,0,0.0,0.0,CLE,Marquise Goodwin,0.0
00-0030068,M.Goodwin,Marquise Goodwin,WR,CLE,TEN,3,2023,0,0,0.0,0,1,1.0,0,0,0,0.0,0,0.1,0.1,CLE,Marquise Goodwin,0.1
00-0030068,M.Goodwin,Marquise Goodwin,WR,CLE,BAL,4,2023,0,0,0.0,0,0,0.0,0,1,1,0.0,0,0.0,1.0,CLE,Marquise Goodwin,0.0
00-0030068,M.Goodwin,Marquise Goodwin,WR,CLE,SF,6,2023,0,0,0.0,0,1,20.0,0,1,2,4.0,0,2.4,3.4,CLE,Marquise Goodwin,2.4
00-0030068,M.Goodwin,Marquise Goodwin,WR,CLE,IND,7,2023,0,0,0.0,0,1,17.0,0,1,2,6.0,0,2.3,3.3,CLE,Marquise Goodwin,2.3
00-0030068,M.Goodwin,Marquise Goodwin,WR,CLE,SEA,8,2023,0,0,0.0,0,1,-5.0,0,0,0,0.0,0,-0.5,-0.5,CLE,Marquise Goodwin,-0.5
00-0030068,M.Goodwin,Marquise Goodwin,WR,CLE,ARI,9,2023,0,0,0.0,0,0,0.0,0,0,2,0.0,0,0.0,0.0,CLE,Marquise Goodwin,0.0
00-0030068,M.Goodwin,Marquise Goodwin,WR,CLE,CHI,15,2023,0,0,0.0,0,0,0.0,0,1,1,57.0,0,5.7,6.7,CLE,Marquise Goodwin,5.7
00-0030068,M.Goodwin,Marquise Goodwin,WR,CLE,HOU,16,2023,0,0,0.0,0,0,0.0,0,0,1,0.0,0,0.0,0.0,CLE,Marquise Goodwin,0.0
00-0030068,M.Goodwin,Marquise Goodwin,WR,CLE,HOU,19,2023,0,0,0.0,0,0,0.0,0,0,1,0.0,0,0.0,0.0,CLE,Marquise Goodwin,0.0
00-0030140,T.Way,Tress Way,P,WAS,LA,15,2023,0,0,0.0,0,1,0.0,0,0,0,0.0,0,0.0,0.0,WAS,Tress Way,0.0
00-0030279,K.Allen,Keenan Allen,WR,LAC,MIA,1,2023,0,0,0.0,0,2,6.0,0,6,9,76.0,0,8.2,14.2,LAC,Keenan Allen,8.2
00-0030279,K.Allen,Keenan Allen,WR,LAC,TEN,2,2023,0,0,0.0,0,0,0.0,0,8,10,111.0,2,23.1,31.1,LAC,Keenan Allen,23.1
00-0030279,K.Allen,Keenan Allen,WR,LAC,MIN,3,2023,1,1,49.0,1,0,0.0,0,18,20,215.0,0,27.46,45.46,LAC,Keenan Allen,27.46
00-0030279,K.Allen,Keenan Allen,WR,LAC,LV,4,2023,0,0,0.0,0,0,0.0,0,3,5,32.0,1,9.2,12.2,LAC,Keenan Allen,9.2
00-0030279,K.Allen,Keenan Allen,WR,LAC,DAL,6,2023,0,0,0.0,0,0,0.0,0,7,11,85.0,1,14.5,21.5,LAC,Keenan Allen,14.5
00-0030279,K.Allen,Keenan Allen,WR,LAC,KC,7,2023,0,0,0.0,0,0,0.0,0,4,9,55.0,0,5.5,9.5,LAC,Keenan Allen,5.5
00-0030279,K.Allen,Keenan Allen,WR,LAC,CHI,8,2023,0,0,0.0,0,0,0.0,0,8,10,69.0,0,6.9,14.9,LAC,Keenan Allen,6.9
00-0030279,K.Allen,Keenan Allen,WR,LAC,NYJ,9,2023,0,0,0.0,0,0,0.0,0,8,9,77.0,0,7.7,15.7,LAC,Keenan Allen,7.7
00-0030279,K.Allen,Keenan Allen,WR,LAC,DET,10,2023,0,0,0.0,0,0,0.0,0,11,14,175.0,2,29.5,40.5,LAC,Keenan Allen,29.5
00-0030279,K.Allen,Keenan Allen,WR,LAC,GB,11,2023,0,0,0.0,0,0,0.0,0,10,16,116.0,1,17.6,27.6,LAC,Keenan Allen,17.6
00-0030279,K.Allen,Keenan Allen,WR,LAC,BAL,12,2023,0,0,0.0,0,0,0.0,0,14,16,106.0,0,8.6,22.6,LAC,Keenan Allen,8.6
00-0030279,K.Allen,Keenan Allen,WR,LAC,NE,13,2023,0,0,0.0,0,0,0.0,0,5,9,58.0,0,5.8,10.8,LAC,Keenan Allen,5.8
00-0030279,K.Allen,Keenan Allen,WR,LAC,DEN,14,2023,0,1,0.0,0,0,0.0,0,6,12,68.0,0,6.8,12.8,LAC,Keenan Allen,6.8
00-0030431,R.Woods,Robert Woods,WR,HOU,BAL,1,2023,0,0,0.0,0,0,0.0,0,6,10,57.0,0,5.7,11.7,HOU,Robert Woods,5.7
00-0030431,R.Woods,Robert Woods,WR,HOU,IND,2,2023,0,0,0.0,0,0,0.0,0,6,9,74.0,0,7.4,13.4,HOU,Robert Woods,7.4
00-0030431,R.Woods,Robert Woods,WR,HOU,JAX,3,2023,0,0,0.0,0,0,0.0,0,3,6,34.0,0,3.4,6.4,HOU,Robert Woods,3.4
00-0030431,R.Woods,Robert Woods,WR,HOU,PIT,4,2023,0,0,0.0,0,0,0.0,0,3,6,26.0,0,2.6,5.6,HOU,Robert Woods,2.6
00-0030431,R.Woods,Robert Woods,WR,HOU,ATL,5,2023,0,0,0.0,0,0,0.0,0,3,9,30.0,0,3.0,6.0,HOU,Robert Woods,3.0
00-0030431,R.Woods,Robert Woods,WR,HOU,NO,6,2023,0,0,0.0,0,0,0.0,0,1,3,6.0,1,6.6,7.6,HOU,Robert Woods,6.6
00-0030431,R.Woods,Robert Woods,WR,HOU,CIN,10,2023,0,0,0.0,0,0,0.0,0,1,3,15.0,0,1.5,2.5,HOU,Robert Woods,1.5
00-0030431,R.Woods,Robert Woods,WR,HOU,ARI,11,2023,0,0,0.0,0,0,0.0,0,5,8,44.0,0,4.4,9.4,HOU,Robert Woods,4.4
00-0030431,R.Woods,Robert Woods,WR,HOU,JAX,12,2023,0,0,0.0,0,0,0.0,0,2,3,40.0,0,4.0,6.0,HOU,Robert Woods,4.0
00-0030431,R.Woods,Robert Woods,WR,HOU,NYJ,14,2023,0,0,0.0,0,0,0.0,0,1,3,-2.0,0,-0.2,0.8,HOU,Robert Woods,-0.2
00-0030431,R.Woods,Robert Woods,WR,HOU,TEN,15,2023,0,0,0.0,0,0,0.0,0,3,5,30.0,0,3.0,6.0,HOU,Robert Woods,3.0
00-0030431,R.Woods,Robert Woods,WR,HOU,CLE,16,2023,0,0,0.0,0,1,7.0,0,2,6,14.0,0,2.1,4.1,HOU,Robert Woods,2.1
00-0030431,R.Woods,Robert Woods,WR,HOU,TEN,17,2023,0,0,0.0,0,0,0.0,0,4,4,58.0,0,5.8,9.8,HOU,Robert Woods,5.8
00-0030431,R.Woods,Robert Woods,WR,HOU,CLE,19,2023,0,0,0.0,0,0,0.0,0,1,2,11.0,0,1.1,2.1,HOU,Robert Woods,1.1
00-0030431,R.Woods,Robert Woods,WR,HOU,BAL,20,2023,0,0,0.0,0,0,0.0,0,1,4,6.0,0,0.6,1.6,HOU,Robert Woods,0.6
00-0030506,T.Kelce,Travis Kelce,TE,KC,JAX,2,2023,0,0,0.0,0,0,0.0,0,4,9,26.0,1,8.6,12.6,KC,Travis Kelce,8.6
00-0030506,T.Kelce,Travis Kelce,TE,KC,CHI,3,2023,0,0,0.0,0,0,0.0,0,7,8,69.0,1,12.9,19.9,KC,Travis Kelce,12.9
00-0030506,T.Kelce,Travis Kelce,TE,KC,NYJ,4,2023,0,0,0.0,0,0,0.0,0,6,9,60.0,0,6.0,12.0,KC,Travis Kelce,6.0
00-0030506,T.Kelce,Travis Kelce,TE,KC,MIN,5,2023,0,0,0.0,0,0,0.0,0,10,11,67.0,1,12.7,22.7,KC,Travis Kelce,12.7
00-0030506,T.Kelce,Travis Kelce,TE,KC,DEN,6,2023,0,0,0.0,0,0,0.0,0,9,9,124.0,0,12.4,21.4,KC,Travis Kelce,12.4
00-0030506,T.Kelce,Travis Kelce,TE,KC,LAC,7,2023,0,0,0.0,0,0,0.0,0,12,13,179.0,1,23.9,35.9,KC,Travis Kelce,23.9
00-0030506,T.Kelce,Travis Kelce,TE,KC,DEN,8,2023,0,0,0.0,0,0,0.0,0,6,9,58.0,0,5.8,11.8,KC,Travis Kelce,5.8
00-0030506,T.Kelce,Travis Kelce,TE,KC,MIA,9,2023,0,0,0.0,0,0,0.0,0,3,4,14.0,0,1.4,4.4,KC,Travis Kelce,1.4
00-0030506,T.Kelce,Travis Kelce,TE,KC,PHI,11,2023,0,0,0.0,0,0,0.0,0,7,9,44.0,1,8.4,15.4,KC,Travis Kelce,8.4
00-0030506,T.Kelce,Travis Kelce,TE,KC,LV,12,2023,0,0,0.0,0,0,0.0,0,6,7,91.0,0,9.1,15.1,KC,Travis Kelce,9.1
00-0030506,T.Kelce,Travis Kelce,TE,KC,GB,13,2023,0,0,0.0,0,0,0.0,0,4,5,81.0,0,8.1,12.1,KC,Travis Kelce,8.1
00-0030506,T.Kelce,Travis Kelce,TE,KC,BUF,14,2023,0,0,0.0,0,0,0.0,0,6,10,83.0,0,8.3,14.3,KC,Travis Kelce,8.3
00-0030506,T.Kelce,Travis Kelce,TE,KC,NE,15,2023,0,0,0.0,0,0,0.0,0,5,7,28.0,0,2.8,7.8,KC,Travis Kelce,2.8
00-0030506,T.Kelce,Travis Kelce,TE,KC,LV,16,2023,0,0,0.0,0,0,0.0,0,5,7,44.0,0,4.4,9.4,KC,Travis Kelce,4.4
00-0030506,T.Kelce,Travis Kelce,TE,KC,CIN,17,2023,0,0,0.0,0,0,0.0,0,3,4,16.0,0,1.6,4.6,KC,Travis Kelce,1.6
00-0030506,T.Kelce,Travis Kelce,TE,KC,MIA,19,2023,0,0,0.0,0,0,0.0,0,7,10,71.0,0,7.1,14.1,KC,Travis Kelce,7.1
00-0030506,T.Kelce,Travis Kelce,TE,KC,BUF,20,2023,0,0,0.0,0,0,0.0,0,5,6,75.0,2,19.5,24.5,KC,Travis Kelce,19.5
00-0030506,T.Kelce,Travis Kelce,TE,KC,BAL,21,2023,0,0,0.0,0,1,5.0,0,11,11,116.0,1,18.1,29.1,KC,Travis Kelce,18.1
00-0030506,T.Kelce,Travis Kelce,TE,KC,SF,22,2023,0,0,0.0,0,0,0.0,0,9,10,93.0,0,9.3,18.3,KC,Travis Kelce,9.3
00-0030513,L.Murray,Latavius Murray,RB,BUF,NYJ,1,2023,0,0,0.0,0,2,8.0,0,1,2,9.0,0,1.7,2.7,BUF,Latavius Murray,1.7
00-0030513,L.Murray,Latavius Murray,RB,BUF,LV,2,2023,0,0,0.0,0,6,22.0,1,2,2,9.0,0,9.1,11.1,BUF,Latavius Murray,9.1
00-0030513,L.Murray,Latavius Murray,RB,BUF,WAS,3,2023,0,0,0.0,0,5,15.0,1,1,1,6.0,0,8.1,9.1,BUF,Latavius Murray,8.1
00-0030513,L.Murray,Latavius Murray,RB,BUF,MIA,4,2023,0,0,0.0,0,4,32.0,0,2,2,24.0,0,5.6,7.6,BUF,Latavius Murray,5.6
00-0030513,L.Murray,Latavius Murray,RB,BUF,JAX,5,2023,0,0,0.0,0,2,6.0,0,1,1,1.0,0,0.7,1.7,BUF,Latavius Murray,0.7
00-0030513,L.Murray,Latavius Murray,RB,BUF,NYG,6,2023,0,0,0.0,0,12,45.0,0,0,0,0.0,0,4.5,4.5,BUF,Latavius Murray,4.5
00-0030513,L.Murray,Latavius Murray,RB,BUF,NE,7,2023,0,0,0.0,0,4,8.0,0,2,2,20.0,0,2.8,4.8,BUF,Latavius Murray,2.8
00-0030513,L.Murray,Latavius Murray,RB,BUF,TB,8,2023,0,0,0.0,0,5,7.0,0,1,1,4.0,0,1.1,2.1,BUF,Latavius Murray,1.1
00-0030513,L.Murray,Latavius Murray,RB,BUF,CIN,9,2023,0,0,0.0,0,2,4.0,0,1,1,6.0,0,1.0,2.0,BUF,Latavius Murray,1.0
00-0030513,L.Murray,Latavius Murray,RB,BUF,DEN,10,2023,0,0,0.0,0,9,68.0,1,2,3,1.0,0,12.9,14.9,BUF,Latavius Murray,12.9
00-0030513,L.Murray,Latavius Murray,RB,BUF,NYJ,11,2023,0,0,0.0,0,10,35.0,0,0,0,0.0,0,3.5,3.5,BUF,Latavius Murray,3.5
00-0030513,L.Murray,Latavius Murray,RB,BUF,PHI,12,2023,0,0,0.0,0,9,30.0,0,3,5,18.0,0,4.8,7.8,BUF,Latavius Murray,4.8
00-0030513,L.Murray,Latavius Murray,RB,BUF,KC,14,2023,0,0,0.0,0,3,9.0,0,1,1,21.0,0,3.0,4.0,BUF,Latavius Murray,3.0
00-0030513,L.Murray,Latavius Murray,RB,BUF,DAL,15,2023,0,0,0.0,0,5,11.0,1,0,0,0.0,0,7.1,7.1,BUF,Latavius Murray,7.1
00-0030513,L.Murray,Latavius Murray,RB,BUF,NE,17,2023,0,0,0.0,0,1,0.0,0,0,1,0.0,0,0.0,0.0,BUF,Latavius Murray,0.0
00-0030513,L.Murray,Latavius Murray,RB,BUF,PIT,19,2023,0,0,0.0,0,0,0.0,0,2,2,13.0,0,1.3,3.3,BUF,Latavius Murray,1.3
00-0030513,L.Murray,Latavius Murray,RB,BUF,KC,20,2023,0,0,0.0,0,0,0.0,0,3,4,27.0,0,2.7,5.7,BUF,Latavius Murray,2.7
00-0030533,M.Barkley,Matt Barkley,QB,JAX,CAR,17,2023,0,0,0.0,0,3,-3.0,0,0,0,0.0,0,-0.3,-0.3,JAX,Matt Barkley,-0.3
00-0030564,D.Hopkins,DeAndre Hopkins,WR,TEN,NO,1,2023,0,0,0.0,0,0,0.0,0,7,13,65.0,0,6.5,13.5,TEN,DeAndre Hopkins,6.5
00-0030564,D.Hopkins,DeAndre Hopkins,WR,TEN,LAC,2,2023,0,0,0.0,0,0,0.0,0,4,5,40.0,0,4.0,8.0,TEN,DeAndre Hopkins,4.0
00-0030564,D.Hopkins,DeAndre Hopkins,WR,TEN,CLE,3,2023,0,0,0.0,0,0,0.0,0,3,7,48.0,0,4.8,7.8,TEN,DeAndre Hopkins,4.8
00-0030564,D.Hopkins,DeAndre Hopkins,WR,TEN,CIN,4,2023,0,0,0.0,0,0,0.0,0,4,6,63.0,0,6.3,10.3,TEN,DeAndre Hopkins,6.3
00-0030564,D.Hopkins,DeAndre Hopkins,WR,TEN,IND,5,2023,0,0,0.0,0,0,0.0,0,8,11,140.0,0,14.0,22.0,TEN,DeAndre Hopkins,14.0
00-0030564,D.Hopkins,DeAndre Hopkins,WR,TEN,BAL,6,2023,0,0,0.0,0,0,0.0,0,1,5,20.0,0,2.0,3.0,TEN,DeAndre Hopkins,2.0
00-0030564,D.Hopkins,DeAndre Hopkins,WR,TEN,ATL,8,2023,0,0,0.0,0,0,0.0,0,4,6,128.0,3,30.8,34.8,TEN,DeAndre Hopkins,30.8
00-0030564,D.Hopkins,DeAndre Hopkins,WR,TEN,PIT,9,2023,0,0,0.0,0,1,5.0,0,4,11,60.0,0,6.5,10.5,TEN,DeAndre Hopkins,6.5
00-0030564,D.Hopkins,DeAndre Hopkins,WR,TEN,TB,10,2023,0,0,0.0,0,0,0.0,0,3,9,27.0,0,2.7,5.7,TEN,DeAndre Hopkins,2.7
00-0030564,D.Hopkins,DeAndre Hopkins,WR,TEN,JAX,11,2023,0,0,0.0,0,0,0.0,0,4,5,59.0,1,11.9,15.9,TEN,DeAndre Hopkins,11.9
00-0030564,D.Hopkins,DeAndre Hopkins,WR,TEN,CAR,12,2023,0,0,0.0,0,0,0.0,0,3,5,49.0,0,4.9,7.9,TEN,DeAndre Hopkins,4.9
00-0030564,D.Hopkins,DeAndre Hopkins,WR,TEN,IND,13,2023,0,0,0.0,0,1,4.0,0,5,12,75.0,1,13.9,18.9,TEN,DeAndre Hopkins,13.9
00-0030564,D.Hopkins,DeAndre Hopkins,WR,TEN,MIA,14,2023,0,0,0.0,0,0,0.0,0,7,12,124.0,1,18.4,25.4,TEN,DeAndre Hopkins,18.4
00-0030564,D.Hopkins,DeAndre Hopkins,WR,TEN,HOU,15,2023,0,0,0.0,0,0,0.0,0,2,9,21.0,0,2.1,4.1,TEN,DeAndre Hopkins,2.1
00-0030564,D.Hopkins,DeAndre Hopkins,WR,TEN,SEA,16,2023,0,0,0.0,0,0,0.0,0,2,4,20.0,0,2.0,4.0,TEN,DeAndre Hopkins,2.0
00-0030564,D.Hopkins,DeAndre Hopkins,WR,TEN,HOU,17,2023,0,0,0.0,0,0,0.0,0,7,7,72.0,0,7.2,14.2,TEN,DeAndre Hopkins,7.2
00-0030564,D.Hopkins,DeAndre Hopkins,WR,TEN,JAX,18,2023,0,1,0.0,0,0,0.0,0,7,10,46.0,1,10.6,17.6,TEN,DeAndre Hopkins,10.6
00-0030565,G.Smith,Geno Smith,QB,SEA,LA,1,2023,16,26,112.0,1,1,6.0,0,0,0,0.0,0,9.08,9.08,SEA,Geno Smith,9.08
00-0030565,G.Smith,Geno Smith,QB,SEA,DET,2,2023,32,41,328.0,2,3,20.0,0,0,0,0.0,0,23.12,23.12,SEA,Geno Smith,23.12
00-0030565,G.Smith,Geno Smith,QB,SEA,CAR,3,2023,23,36,296.0,1,4,-4.0,0,0,0,0.0,0,15.44,15.44,SEA,Geno Smith,15.44
00-0030565,G.Smith,Geno Smith,QB,SEA,NYG,4,2023,13,20,110.0,1,0,0.0,0,1,1,-2.0,0,8.2,9.2,SEA,Geno Smith,8.2
00-0030565,G.Smith,Geno Smith,QB,SEA,CIN,6,2023,27,41,326.0,0,4,20.0,0,0,0,0.0,0,11.04,11.04,SEA,Geno Smith,11.04
00-0030565,G.Smith,Geno Smith,QB,SEA,ARI,7,2023,18,24,219.0,2,6,10.0,0,0,0,0.0,0,13.76,13.76,SEA,Geno Smith,13.76
00-0030565,G.Smith,Geno Smith,QB,SEA,CLE,8,2023,23,37,254.0,2,2,-3.0,0,0,0,0.0,0,13.86,13.86,SEA,Geno Smith,13.86
00-0030565,G.Smith,Geno Smith,QB,SEA,BAL,9,2023,13,28,157.0,0,2,4.0,0,0,0,0.0,0,2.68,2.68,SEA,Geno Smith,2.68
00-0030565,G.Smith,Geno Smith,QB,SEA,WAS,10,2023,31,47,369.0,2,1,13.0,0,0,0,0.0,0,24.06,24.06,SEA,Geno Smith,24.06
00-0030565,G.Smith,Geno Smith,QB,SEA,LA,11,2023,22,34,233.0,1,1,-1.0,0,0,0,0.0,0,13.22,13.22,SEA,Geno Smith,13.22
00-0030565,G.Smith,Geno Smith,QB,SEA,SF,12,2023,18,27,180.0,0,4,21.0,0,0,0,0.0,0,7.3,7.3,SEA,Geno Smith,7.3
00-0030565,G.Smith,Geno Smith,QB,SEA,DAL,13,2023,23,41,334.0,3,2,6.0,1,0,0,0.0,0,29.96,29.96,SEA,Geno Smith,29.96
00-0030565,G.Smith,Geno Smith,QB,SEA,TEN,16,2023,25,36,227.0,2,1,2.0,0,0,0,0.0,0,17.28,17.28,SEA,Geno Smith,17.28
00-0030565,G.Smith,Geno Smith,QB,SEA,PIT,17,2023,23,33,290.0,1,3,33.0,0,0,0,0.0,0,16.9,16.9,SEA,Geno Smith,16.9
00-0030565,G.Smith,Geno Smith,QB,SEA,ARI,18,2023,16,28,189.0,2,3,28.0,0,0,0,0.0,0,20.36,20.36,SEA,Geno Smith,20.36
00-0030578,C.Patterson,Cordarrelle Patterson,RB,ATL,HOU,5,2023,0,0,0.0,0,0,0.0,0,1,1,7.0,0,0.7,1.7,ATL,Cordarrelle Patterson,0.7
00-0030578,C.Patterson,Cordarrelle Patterson,RB,ATL,WAS,6,2023,0,0,0.0,0,1,0.0,0,1,1,6.0,0,0.6,1.6,ATL,Cordarrelle Patterson,0.6
00-0030578,C.Patterson,Cordarrelle Patterson,RB,ATL,TB,7,2023,0,0,0.0,0,10,56.0,0,0,0,0.0,0,5.6,5.6,ATL,Cordarrelle Patterson,5.6
00-0030578,C.Patterson,Cordarrelle Patterson,RB,ATL,TEN,8,2023,0,0,0.0,0,2,7.0,0,0,0,0.0,0,0.7,0.7,ATL,Cordarrelle Patterson,0.7
00-0030578,C.Patterson,Cordarrelle Patterson,RB,ATL,MIN,9,2023,0,0,0.0,0,1,0.0,0,1,1,3.0,0,0.3,1.3,ATL,Cordarrelle Patterson,0.3
00-0030578,C.Patterson,Cordarrelle Patterson,RB,ATL,ARI,10,2023,0,0,0.0,0,3,13.0,0,2,2,7.0,0,2.0,4.0,ATL,Cordarrelle Patterson,2.0
00-0030578,C.Patterson,Cordarrelle Patterson,RB,ATL,NO,12,2023,0,0,0.0,0,8,43.0,0,0,0,0.0,0,4.3,4.3,ATL,Cordarrelle Patterson,4.3
00-0030578,C.Patterson,Cordarrelle Patterson,RB,ATL,NYJ,13,2023,0,0,0.0,0,5,11.0,0,1,2,6.0,0,1.7,2.7,ATL,Cordarrelle Patterson,1.7
00-0030578,C.Patterson,Cordarrelle Patterson,RB,ATL,TB,14,2023,0,0,0.0,0,3,7.0,0,0,0,0.0,0,0.7,0.7,ATL,Cordarrelle Patterson,0.7
00-0030578,C.Patterson,Cordarrelle Patterson,RB,ATL,CAR,15,2023,0,0,0.0,0,5,-2.0,0,1,3,2.0,1,6.0,7.0,ATL,Cordarrelle Patterson,6.0
00-0030578,C.Patterson,Cordarrelle Patterson,RB,ATL,IND,16,2023,0,0,0.0,0,7,26.0,0,2,2,7.0,0,3.3,5.3,ATL,Cordarrelle Patterson,3.3
00-0030578,C.Patterson,Cordarrelle Patterson,RB,ATL,NO,18,2023,0,0,0.0,0,5,20.0,0,0,0,0.0,0,2.0,2.0,ATL,Cordarrelle Patterson,2.0
00-0030663,W.Snead,Willie Snead,WR,SF,ARI,4,2023,0,0,0.0,0,0,0.0,0,1,1,9.0,0,0.9,1.9,SF,Willie Snead,0.9
00-0030663,W.Snead,Willie Snead,WR,SF,BAL,16,2023,0,0,0.0,0,0,0.0,0,1,2,5.0,0,0.5,1.5,SF,Willie Snead,0.5
00-0030874,D.Williams,Damien Williams,RB,ARI,LA,6,2023,0,0,0.0,0,8,36.0,0,1,1,8.0,0,4.4,5.4,ARI,Damien Williams,4.4
00-0030874,D.Williams,Damien Williams,RB,ARI,SEA,7,2023,0,0,0.0,0,1,2.0,0,0,0,0.0,0,0.2,0.2,ARI,Damien Williams,0.2
00-0030874,D.Williams,Damien Williams,RB,ARI,BAL,8,2023,0,0,0.0,0,2,5.0,0,1,1,4.0,0,0.9,1.9,ARI,Damien Williams,0.9
00-0030968,K.Smith,Keith Smith,FB,ATL,HOU,5,2023,0,0,0.0,0,0,0.0,0,1,1,28.0,0,2.8,3.8,ATL,Keith Smith,2.8
00-0030968,K.Smith,Keith Smith,FB,ATL,TB,7,2023,0,0,0.0,0,0,0.0,0,1,1,-1.0,0,-0.1,0.9,ATL,Keith Smith,-0.1
00-0030968,K.Smith,Keith Smith,FB,ATL,NO,12,2023,0,0,0.0,0,0,0.0,0,1,1,6.0,0,0.6,1.6,ATL,Keith Smith,0.6
00-0031235,O.Beckham,Odell Beckham,WR,BAL,HOU,1,2023,0,0,0.0,0,0,0.0,0,2,3,37.0,0,3.7,5.7,BAL,Odell Beckham,3.7
00-0031235,O.Beckham,Odell Beckham,WR,BAL,CIN,2,2023,0,0,0.0,0,0,0.0,0,3,4,29.0,0,2.9,5.9,BAL,Odell Beckham,2.9
00-0031235,O.Beckham,Odell Beckham,WR,BAL,PIT,5,2023,0,0,0.0,0,0,0.0,0,2,4,13.0,0,1.3,3.3,BAL,Odell Beckham,1.3
00-0031235,O.Beckham,Odell Beckham,WR,BAL,TEN,6,2023,0,0,0.0,0,0,0.0,0,2,4,34.0,0,3.4,5.4,BAL,Odell Beckham,3.4
00-0031235,O.Beckham,Odell Beckham,WR,BAL,DET,7,2023,0,0,0.0,0,0,0.0,0,5,7,49.0,0,4.9,9.9,BAL,Odell Beckham,4.9
00-0031235,O.Beckham,Odell Beckham,WR,BAL,ARI,8,2023,0,0,0.0,0,0,0.0,0,0,4,0.0,0,0.0,0.0,BAL,Odell Beckham,0.0
00-0031235,O.Beckham,Odell Beckham,WR,BAL,SEA,9,2023,0,0,0.0,0,0,0.0,0,5,7,56.0,1,9.6,14.6,BAL,Odell Beckham,9.6
00-0031235,O.Beckham,Odell Beckham,WR,BAL,CLE,10,2023,0,0,0.0,0,0,0.0,0,1,2,40.0,1,10.0,11.0,BAL,Odell Beckham,10.0
00-0031235,O.Beckham,Odell Beckham,WR,BAL,CIN,11,2023,0,0,0.0,0,0,0.0,0,4,7,116.0,0,11.6,15.6,BAL,Odell Beckham,11.6
00-0031235,O.Beckham,Odell Beckham,WR,BAL,LAC,12,2023,0,0,0.0,0,0,0.0,0,3,5,34.0,0,3.4,6.4,BAL,Odell Beckham,3.4
00-0031235,O.Beckham,Odell Beckham,WR,BAL,LA,14,2023,0,0,0.0,0,0,0.0,0,4,10,97.0,1,15.7,19.7,BAL,Odell Beckham,15.7
00-0031235,O.Beckham,Odell Beckham,WR,BAL,JAX,15,2023,0,0,0.0,0,0,0.0,0,1,3,14.0,0,1.4,2.4,BAL,Odell Beckham,1.4
00-0031235,O.Beckham,Odell Beckham,WR,BAL,SF,16,2023,0,0,0.0,0,0,0.0,0,2,3,13.0,0,1.3,3.3,BAL,Odell Beckham,1.3
00-0031235,O.Beckham,Odell Beckham,WR,BAL,MIA,17,2023,0,0,0.0,0,0,0.0,0,1,1,33.0,0,3.3,4.3,BAL,Odell Beckham,3.3
00-0031235,O.Beckham,Odell Beckham,WR,BAL,HOU,20,2023,0,0,0.0,0,0,0.0,0,1,1,12.0,0,1.2,2.2,BAL,Odell Beckham,1.2
00-0031235,O.Beckham,Odell Beckham,WR,BAL,KC,21,2023,0,0,0.0,0,0,0.0,0,3,6,22.0,0,2.2,5.2,BAL,Odell Beckham,2.2
00-0031236,B.Cooks,Brandin Cooks,WR,DAL,NYG,1,2023,0,0,0.0,0,0,0.0,0,2,4,22.0,0,2.2,4.2,DAL,Brandin Cooks,2.2
00-0031236,B.Cooks,Brandin Cooks,WR,DAL,ARI,3,2023,0,0,0.0,0,0,0.0,0,2,7,17.0,0,1.7,3.7,DAL,Brandin Cooks,1.7
00-0031236,B.Cooks,Brandin Cooks,WR,DAL,NE,4,2023,0,0,0.0,0,0,0.0,0,4,4,27.0,0,2.7,6.7,DAL,Brandin Cooks,2.7
00-0031236,B.Cooks,Brandin Cooks,WR,DAL,SF,5,2023,0,0,0.0,0,1,6.0,0,1,4,7.0,0,1.3,2.3,DAL,Brandin Cooks,1.3
00-0031236,B.Cooks,Brandin Cooks,WR,DAL,LAC,6,2023,0,0,0.0,0,1,14.0,0,4,4,36.0,1,11.0,15.0,DAL,Brandin Cooks,11.0
00-0031236,B.Cooks,Brandin Cooks,WR,DAL,LA,8,2023,0,0,0.0,0,1,3.0,0,3,4,49.0,1,11.2,14.2,DAL,Brandin Cooks,11.2
00-0031236,B.Cooks,Brandin Cooks,WR,DAL,PHI,9,2023,0,0,0.0,0,0,0.0,0,1,2,7.0,0,0.7,1.7,DAL,Brandin Cooks,0.7
00-0031236,B.Cooks,Brandin Cooks,WR,DAL,NYG,10,2023,0,0,0.0,0,0,0.0,0,9,10,173.0,1,23.3,32.3,DAL,Brandin Cooks,23.3
00-0031236,B.Cooks,Brandin Cooks,WR,DAL,CAR,11,2023,0,0,0.0,0,0,0.0,0,3,4,42.0,0,4.2,7.2,DAL,Brandin Cooks,4.2
00-0031236,B.Cooks,Brandin Cooks,WR,DAL,WAS,12,2023,0,0,0.0,0,0,0.0,0,4,5,72.0,1,13.2,17.2,DAL,Brandin Cooks,13.2
00-0031236,B.Cooks,Brandin Cooks,WR,DAL,SEA,13,2023,0,0,0.0,0,0,0.0,0,4,4,45.0,1,12.5,16.5,DAL,Brandin Cooks,12.5
00-0031236,B.Cooks,Brandin Cooks,WR,DAL,PHI,14,2023,0,0,0.0,0,0,0.0,0,2,5,37.0,0,3.7,5.7,DAL,Brandin Cooks,3.7
00-0031236,B.Cooks,Brandin Cooks,WR,DAL,BUF,15,2023,0,0,0.0,0,0,0.0,0,2,6,10.0,0,1.0,3.0,DAL,Brandin Cooks,1.0
00-0031236,B.Cooks,Brandin Cooks,WR,DAL,MIA,16,2023,0,0,0.0,0,1,9.0,0,2,2,14.0,1,8.3,10.3,DAL,Brandin Cooks,8.3
00-0031236,B.Cooks,Brandin Cooks,WR,DAL,DET,17,2023,0,0,0.0,0,0,0.0,0,5,8,60.0,1,12.0,17.0,DAL,Brandin Cooks,12.0
00-0031236,B.Cooks,Brandin Cooks,WR,DAL,WAS,18,2023,0,0,0.0,0,1,3.0,0,6,8,39.0,1,10.2,16.2,DAL,Brandin Cooks,10.2
00-0031236,B.Cooks,Brandin Cooks,WR,DAL,GB,19,2023,0,0,0.0,0,1,6.0,0,6,8,47.0,0,5.3,11.3,DAL,Brandin Cooks,5.3
00-0031237,T.Bridgewater,Teddy Bridgewater,QB,DET,CAR,5,2023,0,0,0.0,0,2,-2.0,0,0,0,0.0,0,-0.2,-0.2,DET,Teddy Bridgewater,-0.2
00-0031260,L.Thomas,Logan Thomas,TE,WAS,ARI,1,2023,0,0,0.0,0,0,0.0,0,4,8,43.0,0,4.3,8.3,WAS,Logan Thomas,4.3
00-0031260,L.Thomas,Logan Thomas,TE,WAS,DEN,2,2023,0,0,0.0,0,0,0.0,0,2,3,22.0,1,8.2,10.2,WAS,Logan Thomas,8.2
00-0031260,L.Thomas,Logan Thomas,TE,WAS,PHI,4,2023,0,0,0.0,0,1,2.0,0,3,3,41.0,0,4.3,7.3,WAS,Logan Thomas,4.3
00-0031260,L.Thomas,Logan Thomas,TE,WAS,CHI,5,2023,0,0,0.0,0,0,0.0,0,9,11,77.0,1,11.7,20.7,WAS,Logan Thomas,11.7
00-0031260,L.Thomas,Logan Thomas,TE,WAS,ATL,6,2023,0,0,0.0,0,0,0.0,0,1,1,2.0,0,0.2,1.2,WAS,Logan Thomas,0.2
00-0031260,L.Thomas,Logan Thomas,TE,WAS,NYG,7,2023,0,0,0.0,0,0,0.0,0,4,6,51.0,0,5.1,9.1,WAS,Logan Thomas,5.1
00-0031260,L.Thomas,Logan Thomas,TE,WAS,PHI,8,2023,0,0,0.0,0,0,0.0,0,6,8,44.0,1,10.4,16.4,WAS,Logan Thomas,10.4
00-0031260,L.Thomas,Logan Thomas,TE,WAS,NE,9,2023,0,0,0.0,0,0,0.0,0,4,5,31.0,0,3.1,7.1,WAS,Logan Thomas,3.1
00-0031260,L.Thomas,Logan Thomas,TE,WAS,SEA,10,2023,0,0,0.0,0,0,0.0,0,5,5,40.0,0,4.0,9.0,WAS,Logan Thomas,4.0
00-0031260,L.Thomas,Logan Thomas,TE,WAS,NYG,11,2023,0,0,0.0,0,0,0.0,0,5,8,58.0,0,3.8,8.8,WAS,Logan Thomas,3.8
00-0031260,L.Thomas,Logan Thomas,TE,WAS,DAL,12,2023,0,0,0.0,0,0,0.0,0,2,4,15.0,0,1.5,3.5,WAS,Logan Thomas,1.5
00-0031260,L.Thomas,Logan Thomas,TE,WAS,MIA,13,2023,0,0,0.0,0,0,0.0,0,0,1,0.0,0,2.0,2.0,WAS,Logan Thomas,2.0
00-0031260,L.Thomas,Logan Thomas,TE,WAS,LA,15,2023,0,0,0.0,0,0,0.0,0,1,3,7.0,0,0.7,1.7,WAS,Logan Thomas,0.7
00-0031260,L.Thomas,Logan Thomas,TE,WAS,NYJ,16,2023,0,0,0.0,0,0,0.0,0,5,6,36.0,1,9.6,14.6,WAS,Logan Thomas,9.6
00-0031260,L.Thomas,Logan Thomas,TE,WAS,SF,17,2023,0,0,0.0,0,0,0.0,0,3,4,20.0,0,2.0,5.0,WAS,Logan Thomas,2.0
00-0031260,L.Thomas,Logan Thomas,TE,WAS,DAL,18,2023,0,0,0.0,0,0,0.0,0,1,2,9.0,0,0.9,1.9,WAS,Logan Thomas,0.9
00-0031280,D.Carr,Derek Carr,QB,NO,TEN,1,2023,23,33,305.0,1,3,4.0,0,0,0,0.0,0,14.6,14.6,NO,Derek Carr,14.6
00-0031280,D.Carr,Derek Carr,QB,NO,CAR,2,2023,21,36,228.0,0,3,-4.0,0,0,0,0.0,0,6.72,6.72,NO,Derek Carr,6.72
00-0031280,D.Carr,Derek Carr,QB,NO,GB,3,2023,13,18,103.0,1,0,0.0,0,0,0,0.0,0,8.12,8.12,NO,Derek Carr,8.12
00-0031280,D.Carr,Derek Carr,QB,NO,TB,4,2023,23,37,127.0,0,2,1.0,0,0,0,0.0,0,3.18,3.18,NO,Derek Carr,3.18
00-0031280,D.Carr,Derek Carr,QB,NO,NE,5,2023,18,26,183.0,2,2,4.0,0,0,0,0.0,0,15.72,15.72,NO,Derek Carr,15.72
00-0031280,D.Carr,Derek Carr,QB,NO,HOU,6,2023,32,50,353.0,1,1,2.0,0,0,0,0.0,0,16.32,16.32,NO,Derek Carr,16.32
00-0031280,D.Carr,Derek Carr,QB,NO,JAX,7,2023,33,55,301.0,1,3,14.0,0,0,0,0.0,0,17.44,17.44,NO,Derek Carr,17.44
00-0031280,D.Carr,Derek Carr,QB,NO,IND,8,2023,19,27,310.0,2,1,-1.0,0,0,0,0.0,0,18.3,18.3,NO,Derek Carr,18.3
00-0031280,D.Carr,Derek Carr,QB,NO,CHI,9,2023,25,34,211.0,2,3,3.0,0,0,0,0.0,0,16.74,16.74,NO,Derek Carr,16.74
00-0031280,D.Carr,Derek Carr,QB,NO,MIN,10,2023,13,18,110.0,0,1,10.0,0,0,0,0.0,0,5.4,5.4,NO,Derek Carr,5.4
00-0031280,D.Carr,Derek Carr,QB,NO,ATL,12,2023,24,38,304.0,0,2,7.0,0,0,0,0.0,0,10.86,10.86,NO,Derek Carr,10.86
00-0031280,D.Carr,Derek Carr,QB,NO,DET,13,2023,17,22,226.0,1,2,-1.0,0,0,0,0.0,0,8.94,8.94,NO,Derek Carr,8.94
00-0031280,D.Carr,Derek Carr,QB,NO,CAR,14,2023,18,26,119.0,2,0,0.0,0,0,0,0.0,0,10.76,10.76,NO,Derek Carr,10.76
00-0031280,D.Carr,Derek Carr,QB,NO,NYG,15,2023,23,28,218.0,3,3,-4.0,0,0,0,0.0,0,20.32,20.32,NO,Derek Carr,20.32
00-0031280,D.Carr,Derek Carr,QB,NO,LA,16,2023,27,40,319.0,3,2,2.0,0,0,0,0.0,0,24.96,24.96,NO,Derek Carr,24.96
00-0031280,D.Carr,Derek Carr,QB,NO,TB,17,2023,24,32,197.0,2,3,-3.0,0,0,0,0.0,0,15.58,15.58,NO,Derek Carr,15.58
00-0031280,D.Carr,Derek Carr,QB,NO,ATL,18,2023,22,28,264.0,4,1,6.0,0,0,0,0.0,0,27.16,27.16,NO,Derek Carr,27.16
00-0031288,A.McCarron,AJ McCarron,QB,CIN,IND,14,2023,1,1,-1.0,0,0,0.0,0,0,0,0.0,0,-0.04,-0.04,CIN,AJ McCarron,-0.04
00-0031288,A.McCarron,AJ McCarron,QB,CIN,CLE,18,2023,3,4,20.0,0,0,0.0,0,0,0,0.0,0,0.8,0.8,CIN,AJ McCarron,0.8
00-0031345,J.Garoppolo,Jimmy Garoppolo,QB,LV,DEN,1,2023,20,26,200.0,2,9,11.0,0,0,0,0.0,0,15.1,15.1,LV,Jimmy Garoppolo,15.1
00-0031345,J.Garoppolo,Jimmy Garoppolo,QB,LV,BUF,2,2023,16,24,185.0,1,1,1.0,0,0,0,0.0,0,7.5,7.5,LV,Jimmy Garoppolo,7.5
00-0031345,J.Garoppolo,Jimmy Garoppolo,QB,LV,PIT,3,2023,28,44,324.0,2,2,7.0,0,0,0,0.0,0,17.66,17.66,LV,Jimmy Garoppolo,17.66
00-0031345,J.Garoppolo,Jimmy Garoppolo,QB,LV,GB,5,2023,22,31,208.0,1,4,4.0,0,0,0,0.0,0,10.72,10.72,LV,Jimmy Garoppolo,10.72
00-0031345,J.Garoppolo,Jimmy Garoppolo,QB,LV,NE,6,2023,14,22,162.0,1,2,4.0,0,0,0,0.0,0,8.88,8.88,LV,Jimmy Garoppolo,8.88
00-0031345,J.Garoppolo,Jimmy Garoppolo,QB,LV,DET,8,2023,10,21,126.0,0,2,12.0,0,0,0,0.0,0,4.24,4.24,LV,Jimmy Garoppolo,4.24
00-0031345,J.Garoppolo,Jimmy Garoppolo,QB,LV,DEN,18,2023,0,1,0.0,0,0,0.0,0,0,0,0.0,0,0.0,0.0,LV,Jimmy Garoppolo,0.0
00-0031376,J.McKinnon,Jerick McKinnon,RB,KC,DET,1,2023,0,0,0.0,0,0,0.0,0,1,2,10.0,0,1.0,2.0,KC,Jerick McKinnon,1.0
00-0031376,J.McKinnon,Jerick McKinnon,RB,KC,JAX,2,2023,0,0,0.0,0,1,-2.0,0,3,3,24.0,0,2.2,5.2,KC,Jerick McKinnon,2.2
00-0031376,J.McKinnon,Jerick McKinnon,RB,KC,CHI,3,2023,0,0,0.0,0,2,9.0,0,3,3,19.0,2,14.8,17.8,KC,Jerick McKinnon,14.8
00-0031376,J.McKinnon,Jerick McKinnon,RB,KC,NYJ,4,2023,0,0,0.0,0,3,7.0,0,0,1,0.0,0,0.7,0.7,KC,Jerick McKinnon,0.7
00-0031376,J.McKinnon,Jerick McKinnon,RB,KC,MIN,5,2023,0,0,0.0,0,1,7.0,0,2,3,18.0,0,2.5,4.5,KC,Jerick McKinnon,2.5
00-0031376,J.McKinnon,Jerick McKinnon,RB,KC,DEN,6,2023,0,0,0.0,0,0,0.0,0,3,5,20.0,0,2.0,5.0,KC,Jerick McKinnon,2.0
00-0031376,J.McKinnon,Jerick McKinnon,RB,KC,LAC,7,2023,0,0,0.0,0,2,2.0,0,2,2,24.0,0,2.6,4.6,KC,Jerick McKinnon,2.6
00-0031376,J.McKinnon,Jerick McKinnon,RB,KC,DEN,8,2023,0,0,0.0,0,2,-2.0,0,1,2,10.0,0,0.8,1.8,KC,Jerick McKinnon,0.8
00-0031376,J.McKinnon,Jerick McKinnon,RB,KC,MIA,9,2023,0,0,0.0,0,1,2.0,0,2,2,22.0,1,8.4,10.4,KC,Jerick McKinnon,8.4
00-0031376,J.McKinnon,Jerick McKinnon,RB,KC,PHI,11,2023,0,0,0.0,0,1,7.0,0,2,3,8.0,0,1.5,3.5,KC,Jerick McKinnon,1.5
00-0031376,J.McKinnon,Jerick McKinnon,RB,KC,BUF,14,2023,0,0,0.0,0,4,19.0,1,3,3,18.0,0,9.7,12.7,KC,Jerick McKinnon,9.7
00-0031376,J.McKinnon,Jerick McKinnon,RB,KC,NE,15,2023,1,1,4.0,1,4,11.0,0,3,3,19.0,1,13.16,16.16,KC,Jerick McKinnon,13.16
00-0031376,J.McKinnon,Jerick McKinnon,RB,KC,SF,22,2023,0,0,0.0,0,0,0.0,0,2,2,15.0,0,1.5,3.5,KC,Jerick McKinnon,1.5
00-0031381,D.Adams,Davante Adams,WR,LV,DEN,1,2023,0,0,0.0,0,0,0.0,0,6,9,66.0,0,6.6,12.6,LV,Davante Adams,6.6
00-0031381,D.Adams,Davante Adams,WR,LV,BUF,2,2023,0,0,0.0,0,0,0.0,0,6,8,84.0,1,14.4,20.4,LV,Davante Adams,14.4
00-0031381,D.Adams,Davante Adams,WR,LV,PIT,3,2023,0,0,0.0,0,0,0.0,0,13,20,172.0,2,29.2,42.2,LV,Davante Adams,29.2
00-0031381,D.Adams,Davante Adams,WR,LV,LAC,4,2023,0,0,0.0,0,0,0.0,0,8,13,75.0,0,7.5,15.5,LV,Davante Adams,7.5
00-0031381,D.Adams,Davante Adams,WR,LV,GB,5,2023,0,0,0.0,0,0,0.0,0,4,4,45.0,0,4.5,8.5,LV,Davante Adams,4.5
00-0031381,D.Adams,Davante Adams,WR,LV,NE,6,2023,0,0,0.0,0,0,0.0,0,2,5,29.0,0,2.9,4.9,LV,Davante Adams,2.9
00-0031381,D.Adams,Davante Adams,WR,LV,CHI,7,2023,0,0,0.0,0,0,0.0,0,7,12,57.0,0,5.7,12.7,LV,Davante Adams,5.7
00-0031381,D.Adams,Davante Adams,WR,LV,DET,8,2023,0,0,0.0,0,0,0.0,0,1,7,11.0,0,1.1,2.1,LV,Davante Adams,1.1
00-0031381,D.Adams,Davante Adams,WR,LV,NYG,9,2023,0,0,0.0,0,0,0.0,0,4,7,34.0,0,3.4,7.4,LV,Davante Adams,3.4
00-0031381,D.Adams,Davante Adams,WR,LV,NYJ,10,2023,0,0,0.0,0,0,0.0,0,6,13,86.0,0,8.6,14.6,LV,Davante Adams,8.6
00-0031381,D.Adams,Davante Adams,WR,LV,MIA,11,2023,0,0,0.0,0,0,0.0,0,7,13,82.0,1,14.2,21.2,LV,Davante Adams,14.2
00-0031381,D.Adams,Davante Adams,WR,LV,KC,12,2023,0,0,0.0,0,0,0.0,0,5,7,73.0,0,7.3,12.3,LV,Davante Adams,7.3
00-0031381,D.Adams,Davante Adams,WR,LV,MIN,14,2023,0,0,0.0,0,0,0.0,0,7,10,53.0,0,5.3,12.3,LV,Davante Adams,5.3
00-0031381,D.Adams,Davante Adams,WR,LV,LAC,15,2023,0,0,0.0,0,0,0.0,0,8,12,101.0,1,16.1,24.1,LV,Davante Adams,16.1
00-0031381,D.Adams,Davante Adams,WR,LV,KC,16,2023,0,0,0.0,0,0,0.0,0,1,6,4.0,0,0.4,1.4,LV,Davante Adams,0.4
00-0031381,D.Adams,Davante Adams,WR,LV,IND,17,2023,0,0,0.0,0,0,0.0,0,13,21,126.0,2,24.6,37.6,LV,Davante Adams,24.6
00-0031381,D.Adams,Davante Adams,WR,LV,DEN,18,2023,0,0,0.0,0,0,0.0,0,5,8,46.0,1,10.6,15.6,LV,Davante Adams,10.6
00-0031408,M.Evans,Mike Evans,WR,TB,MIN,1,2023,0,0,0.0,0,0,0.0,0,6,10,66.0,1,12.6,18.6,TB,Mike Evans,12.6
00-0031408,M.Evans,Mike Evans,WR,TB,CHI,2,2023,0,0,0.0,0,0,0.0,0,6,8,171.0,1,23.1,29.1,TB,Mike Evans,23.1
00-0031408,M.Evans,Mike Evans,WR,TB,PHI,3,2023,0,0,0.0,0,0,0.0,0,5,10,60.0,1,12.0,17.0,TB,Mike Evans,12.0
00-0031408,M.Evans,Mike Evans,WR,TB,NO,4,2023,0,0,0.0,0,0,0.0,0,3,3,40.0,0,4.0,7.0,TB,Mike Evans,4.0
00-0031408,M.Evans,Mike Evans,WR,TB,DET,6,2023,0,0,0.0,0,0,0.0,0,4,10,49.0,0,4.9,8.9,TB,Mike Evans,4.9
00-0031408,M.Evans,Mike Evans,WR,TB,ATL,7,2023,0,0,0.0,0,0,0.0,0,6,8,82.0,1,14.2,20.2,TB,Mike Evans,14.2
00-0031408,M.Evans,Mike Evans,WR,TB,BUF,8,2023,0,0,0.0,0,0,0.0,0,3,6,39.0,1,9.9,12.9,TB,Mike Evans,9.9
00-0031408,M.Evans,Mike Evans,WR,TB,HOU,9,2023,0,0,0.0,0,0,0.0,0,4,5,87.0,0,8.7,12.7,TB,Mike Evans,8.7
00-0031408,M.Evans,Mike Evans,WR,TB,TEN,10,2023,0,0,0.0,0,0,0.0,0,6,10,143.0,1,20.3,26.3,TB,Mike Evans,20.3
00-0031408,M.Evans,Mike Evans,WR,TB,SF,11,2023,0,0,0.0,0,0,0.0,0,5,12,43.0,1,10.3,15.3,TB,Mike Evans,10.3
00-0031408,M.Evans,Mike Evans,WR,TB,IND,12,2023,0,0,0.0,0,0,0.0,0,6,9,70.0,2,19.0,25.0,TB,Mike Evans,19.0
00-0031408,M.Evans,Mike Evans,WR,TB,CAR,13,2023,0,0,0.0,0,0,0.0,0,7,12,162.0,1,22.2,29.2,TB,Mike Evans,22.2
00-0031408,M.Evans,Mike Evans,WR,TB,ATL,14,2023,0,0,0.0,0,0,0.0,0,1,6,8.0,0,0.8,1.8,TB,Mike Evans,0.8
00-0031408,M.Evans,Mike Evans,WR,TB,GB,15,2023,0,0,0.0,0,0,0.0,0,4,6,57.0,1,11.7,15.7,TB,Mike Evans,11.7
00-0031408,M.Evans,Mike Evans,WR,TB,JAX,16,2023,0,0,0.0,0,0,0.0,0,7,9,86.0,2,20.6,27.6,TB,Mike Evans,20.6
00-0031408,M.Evans,Mike Evans,WR,TB,NO,17,2023,0,0,0.0,0,0,0.0,0,3,4,70.0,0,7.0,10.0,TB,Mike Evans,7.0
00-0031408,M.Evans,Mike Evans,WR,TB,CAR,18,2023,0,0,0.0,0,0,0.0,0,3,8,22.0,0,2.2,5.2,TB,Mike Evans,2.2
00-0031408,M.Evans,Mike Evans,WR,TB,PHI,19,2023,0,0,0.0,0,0,0.0,0,3,7,48.0,0,4.8,7.8,TB,Mike Evans,4.8
00-0031408,M.Evans,Mike Evans,WR,TB,DET,20,2023,0,0,0.0,0,0,0.0,0,8,12,147.0,1,20.7,28.7,TB,Mike Evans,20.7
00-0031428,A.Robinson,Allen Robinson,WR,PIT,SF,1,2023,0,0,0.0,0,0,0.0,0,5,8,64.0,0,6.4,11.4,PIT,Allen Robinson,6.4
00-0031428,A.Robinson,Allen Robinson,WR,PIT,CLE,2,2023,0,0,0.0,0,0,0.0,0,2,3,12.0,0,1.2,3.2,PIT,Allen Robinson,1.2
00-0031428,A.Robinson,Allen Robinson,WR,PIT,LV,3,2023,0,0,0.0,0,0,0.0,0,4,4,24.0,0,2.4,6.4,PIT,Allen Robinson,2.4
00-0031428,A.Robinson,Allen Robinson,WR,PIT,HOU,4,2023,0,0,0.0,0,0,0.0,0,1,2,8.0,0,0.8,1.8,PIT,Allen Robinson,0.8
00-0031428,A.Robinson,Allen Robinson,WR,PIT,BAL,5,2023,0,0,0.0,0,0,0.0,0,5,9,29.0,0,2.9,7.9,PIT,Allen Robinson,2.9
00-0031428,A.Robinson,Allen Robinson,WR,PIT,LA,7,2023,0,0,0.0,0,0,0.0,0,1,1,7.0,0,0.7,1.7,PIT,Allen Robinson,0.7
00-0031428,A.Robinson,Allen Robinson,WR,PIT,JAX,8,2023,0,0,0.0,0,0,0.0,0,0,1,0.0,0,0.0,0.0,PIT,Allen Robinson,0.0
00-0031428,A.Robinson,Allen Robinson,WR,PIT,TEN,9,2023,0,0,0.0,0,0,0.0,0,1,2,10.0,0,1.0,2.0,PIT,Allen Robinson,1.0
00-0031428,A.Robinson,Allen Robinson,WR,PIT,CLE,11,2023,0,0,0.0,0,0,0.0,0,3,4,20.0,0,2.0,5.0,PIT,Allen Robinson,2.0
00-0031428,A.Robinson,Allen Robinson,WR,PIT,CIN,12,2023,0,0,0.0,0,0,0.0,0,1,1,11.0,0,1.1,2.1,PIT,Allen Robinson,1.1
00-0031428,A.Robinson,Allen Robinson,WR,PIT,ARI,13,2023,0,0,0.0,0,0,0.0,0,3,3,19.0,0,1.9,4.9,PIT,Allen Robinson,1.9
00-0031428,A.Robinson,Allen Robinson,WR,PIT,NE,14,2023,0,0,0.0,0,0,0.0,0,1,3,21.0,0,2.1,3.1,PIT,Allen Robinson,2.1
00-0031428,A.Robinson,Allen Robinson,WR,PIT,IND,15,2023,0,0,0.0,0,0,0.0,0,3,3,19.0,0,1.9,4.9,PIT,Allen Robinson,1.9
00-0031428,A.Robinson,Allen Robinson,WR,PIT,CIN,16,2023,0,0,0.0,0,0,0.0,0,4,4,36.0,0,3.6,7.6,PIT,Allen Robinson,3.6
00-0031428,A.Robinson,Allen Robinson,WR,PIT,BAL,18,2023,0,0,0.0,0,0,0.0,0,0,1,0.0,0,0.0,0.0,PIT,Allen Robinson,0.0
00-0031428,A.Robinson,Allen Robinson,WR,PIT,BUF,19,2023,0,0,0.0,0,0,0.0,0,2,3,12.0,0,1.2,3.2,PIT,Allen Robinson,1.2
00-0031484,C.Manhertz,Chris Manhertz,TE,DEN,MIA,3,2023,0,0,0.0,0,0,0.0,0,0,1,0.0,0,0.0,0.0,DEN,Chris Manhertz,0.0
00-0031484,C.Manhertz,Chris Manhertz,TE,DEN,CHI,4,2023,0,0,0.0,0,0,0.0,0,1,1,10.0,0,1.0,2.0,DEN,Chris Manhertz,1.0
00-0031484,C.Manhertz,Chris Manhertz,TE,DEN,KC,6,2023,0,0,0.0,0,0,0.0,0,0,1,0.0,0,0.0,0.0,DEN,Chris Manhertz,0.0
00-0031484,C.Manhertz,Chris Manhertz,TE,DEN,BUF,10,2023,0,0,0.0,0,0,0.0,0,1,1,6.0,0,0.6,1.6,DEN,Chris Manhertz,0.6
00-0031503,J.Winston,Jameis Winston,QB,NO,GB,3,2023,10,16,101.0,0,0,0.0,0,0,0,0.0,0,4.04,4.04,NO,Jameis Winston,4.04
00-0031503,J.Winston,Jameis Winston,QB,NO,TB,4,2023,0,1,0.0,0,0,0.0,0,0,0,0.0,0,-2.0,-2.0,NO,Jameis Winston,-2.0
00-0031503,J.Winston,Jameis Winston,QB,NO,NE,5,2023,0,0,0.0,0,3,-4.0,0,0,0,0.0,0,-0.4,-0.4,NO,Jameis Winston,-0.4
00-0031503,J.Winston,Jameis Winston,QB,NO,MIN,10,2023,13,25,122.0,2,0,0.0,0,0,0,0.0,0,8.88,8.88,NO,Jameis Winston,8.88
00-0031503,J.Winston,Jameis Winston,QB,NO,DET,13,2023,2,5,41.0,0,0,0.0,0,0,0,0.0,0,1.64,1.64,NO,Jameis Winston,1.64
00-0031503,J.Winston,Jameis Winston,QB,NO,CAR,14,2023,0,0,0.0,0,2,-2.0,0,0,0,0.0,0,-0.2,-0.2,NO,Jameis Winston,-0.2
00-0031544,A.Cooper,Amari Cooper,WR,CLE,CIN,1,2023,0,0,0.0,0,0,0.0,0,3,7,37.0,0,3.7,6.7,CLE,Amari Cooper,3.7
00-0031544,A.Cooper,Amari Cooper,WR,CLE,PIT,2,2023,0,0,0.0,0,0,0.0,0,7,10,90.0,0,9.0,16.0,CLE,Amari Cooper,9.0
00-0031544,A.Cooper,Amari Cooper,WR,CLE,TEN,3,2023,0,0,0.0,0,0,0.0,0,7,8,116.0,1,17.6,24.6,CLE,Amari Cooper,17.6
00-0031544,A.Cooper,Amari Cooper,WR,CLE,BAL,4,2023,0,0,0.0,0,0,0.0,0,1,6,16.0,0,1.6,2.6,CLE,Amari Cooper,1.6
00-0031544,A.Cooper,Amari Cooper,WR,CLE,SF,6,2023,0,0,0.0,0,0,0.0,0,4,8,108.0,0,10.8,14.8,CLE,Amari Cooper,10.8
00-0031544,A.Cooper,Amari Cooper,WR,CLE,IND,7,2023,0,0,0.0,0,0,0.0,0,2,8,22.0,0,2.2,4.2,CLE,Amari Cooper,2.2
00-0031544,A.Cooper,Amari Cooper,WR,CLE,SEA,8,2023,0,0,0.0,0,0,0.0,0,6,11,89.0,0,8.9,14.9,CLE,Amari Cooper,8.9
00-0031544,A.Cooper,Amari Cooper,WR,CLE,ARI,9,2023,0,0,0.0,0,0,0.0,0,5,5,139.0,1,19.9,24.9,CLE,Amari Cooper,19.9
00-0031544,A.Cooper,Amari Cooper,WR,CLE,BAL,10,2023,0,0,0.0,0,0,0.0,0,6,9,98.0,0,9.8,15.8,CLE,Amari Cooper,9.8
00-0031544,A.Cooper,Amari Cooper,WR,CLE,PIT,11,2023,0,0,0.0,0,0,0.0,0,4,8,34.0,0,3.4,7.4,CLE,Amari Cooper,3.4
00-0031544,A.Cooper,Amari Cooper,WR,CLE,DEN,12,2023,0,0,0.0,0,0,0.0,0,2,6,16.0,0,1.6,3.6,CLE,Amari Cooper,1.6
00-0031544,A.Cooper,Amari Cooper,WR,CLE,LA,13,2023,0,0,0.0,0,0,0.0,0,3,5,34.0,0,3.4,6.4,CLE,Amari Cooper,3.4
00-0031544,A.Cooper,Amari Cooper,WR,CLE,JAX,14,2023,0,0,0.0,0,0,0.0,0,7,14,77.0,0,5.7,12.7,CLE,Amari Cooper,5.7
00-0031544,A.Cooper,Amari Cooper,WR,CLE,CHI,15,2023,0,0,0.0,0,0,0.0,0,4,8,109.0,1,16.9,20.9,CLE,Amari Cooper,16.9
00-0031544,A.Cooper,Amari Cooper,WR,CLE,HOU,16,2023,0,0,0.0,0,0,0.0,0,11,15,265.0,2,40.5,51.5,CLE,Amari Cooper,40.5
00-0031544,A.Cooper,Amari Cooper,WR,CLE,HOU,19,2023,0,0,0.0,0,0,0.0,0,4,5,59.0,0,5.9,9.9,CLE,Amari Cooper,5.9
00-0031547,D.Parker,DeVante Parker,WR,NE,MIA,2,2023,0,0,0.0,0,0,0.0,0,6,8,57.0,0,5.7,11.7,NE,DeVante Parker,5.7
00-0031547,D.Parker,DeVante Parker,WR,NE,NYJ,3,2023,0,0,0.0,0,0,0.0,0,2,3,19.0,0,1.9,3.9,NE,DeVante Parker,1.9
00-0031547,D.Parker,DeVante Parker,WR,NE,DAL,4,2023,0,0,0.0,0,0,0.0,0,2,4,33.0,0,3.3,5.3,NE,DeVante Parker,3.3
00-0031547,D.Parker,DeVante Parker,WR,NE,NO,5,2023,0,0,0.0,0,0,0.0,0,2,4,20.0,0,2.0,4.0,NE,DeVante Parker,2.0
00-0031547,D.Parker,DeVante Parker,WR,NE,LV,6,2023,0,0,0.0,0,0,0.0,0,1,3,7.0,0,0.7,1.7,NE,DeVante Parker,0.7
00-0031547,D.Parker,DeVante Parker,WR,NE,BUF,7,2023,0,0,0.0,0,0,0.0,0,1,1,8.0,0,0.8,1.8,NE,DeVante Parker,0.8
00-0031547,D.Parker,DeVante Parker,WR,NE,MIA,8,2023,0,0,0.0,0,0,0.0,0,1,2,14.0,0,1.4,2.4,NE,DeVante Parker,1.4
00-0031547,D.Parker,DeVante Parker,WR,NE,NYG,12,2023,0,0,0.0,0,0,0.0,0,3,5,42.0,0,4.2,7.2,NE,DeVante Parker,4.2
00-0031547,D.Parker,DeVante Parker,WR,NE,LAC,13,2023,0,0,0.0,0,0,0.0,0,4,9,64.0,0,6.4,10.4,NE,DeVante Parker,6.4
00-0031547,D.Parker,DeVante Parker,WR,NE,KC,15,2023,0,0,0.0,0,0,0.0,0,5,5,44.0,0,4.4,9.4,NE,DeVante Parker,4.4
00-0031547,D.Parker,DeVante Parker,WR,NE,DEN,16,2023,0,0,0.0,0,0,0.0,0,4,5,65.0,0,6.5,10.5,NE,DeVante Parker,6.5
00-0031547,D.Parker,DeVante Parker,WR,NE,BUF,17,2023,0,0,0.0,0,0,0.0,0,1,2,15.0,0,1.5,2.5,NE,DeVante Parker,1.5
00-0031547,D.Parker,DeVante Parker,WR,NE,NYJ,18,2023,0,0,0.0,0,0,0.0,0,1,4,6.0,0,0.6,1.6,NE,DeVante Parker,0.6
00-0031549,N.Agholor,Nelson Agholor,WR,BAL,CIN,2,2023,0,0,0.0,0,0,0.0,0,5,6,63.0,1,12.3,17.3,BAL,Nelson Agholor,12.3
00-0031549,N.Agholor,Nelson Agholor,WR,BAL,IND,3,2023,0,0,0.0,0,0,0.0,0,4,4,39.0,0,3.9,7.9,BAL,Nelson Agholor,3.9
00-0031549,N.Agholor,Nelson Agholor,WR,BAL,CLE,4,2023,0,0,0.0,0,0,0.0,0,1,2,4.0,0,0.4,1.4,BAL,Nelson Agholor,0.4
00-0031549,N.Agholor,Nelson Agholor,WR,BAL,PIT,5,2023,0,0,0.0,0,0,0.0,0,4,5,64.0,0,6.4,10.4,BAL,Nelson Agholor,6.4
00-0031549,N.Agholor,Nelson Agholor,WR,BAL,TEN,6,2023,0,0,0.0,0,0,0.0,0,2,3,40.0,0,4.0,6.0,BAL,Nelson Agholor,4.0
00-0031549,N.Agholor,Nelson Agholor,WR,BAL,DET,7,2023,0,0,0.0,0,0,0.0,0,1,1,12.0,1,7.2,8.2,BAL,Nelson Agholor,7.2
00-0031549,N.Agholor,Nelson Agholor,WR,BAL,ARI,8,2023,0,0,0.0,0,0,0.0,0,0,1,0.0,0,0.0,0.0,BAL,Nelson Agholor,0.0
00-0031549,N.Agholor,Nelson Agholor,WR,BAL,SEA,9,2023,0,0,0.0,0,0,0.0,0,1,1,2.0,0,0.2,1.2,BAL,Nelson Agholor,0.2
00-0031549,N.Agholor,Nelson Agholor,WR,BAL,CLE,10,2023,0,0,0.0,0,0,0.0,0,0,2,0.0,0,0.0,0.0,BAL,Nelson Agholor,0.0
00-0031549,N.Agholor,Nelson Agholor,WR,BAL,CIN,11,2023,0,0,0.0,0,0,0.0,0,1,1,37.0,1,9.7,10.7,BAL,Nelson Agholor,9.7
00-0031549,N.Agholor,Nelson Agholor,WR,BAL,LAC,12,2023,0,0,0.0,0,0,0.0,0,1,2,21.0,0,2.1,3.1,BAL,Nelson Agholor,2.1
00-0031549,N.Agholor,Nelson Agholor,WR,BAL,LA,14,2023,0,0,0.0,0,0,0.0,0,5,5,32.0,0,3.2,8.2,BAL,Nelson Agholor,3.2
00-0031549,N.Agholor,Nelson Agholor,WR,BAL,JAX,15,2023,0,0,0.0,0,0,0.0,0,0,1,0.0,0,0.0,0.0,BAL,Nelson Agholor,0.0
00-0031549,N.Agholor,Nelson Agholor,WR,BAL,SF,16,2023,0,0,0.0,0,0,0.0,0,3,4,10.0,1,7.0,10.0,BAL,Nelson Agholor,7.0
00-0031549,N.Agholor,Nelson Agholor,WR,BAL,MIA,17,2023,0,0,0.0,0,0,0.0,0,2,2,18.0,0,1.8,3.8,BAL,Nelson Agholor,1.8
00-0031549,N.Agholor,Nelson Agholor,WR,BAL,PIT,18,2023,0,0,0.0,0,0,0.0,0,5,5,39.0,0,3.9,8.9,BAL,Nelson Agholor,3.9
00-0031549,N.Agholor,Nelson Agholor,WR,BAL,HOU,20,2023,0,0,0.0,0,0,0.0,0,2,4,12.0,1,7.2,9.2,BAL,Nelson Agholor,7.2
00-0031549,N.Agholor,Nelson Agholor,WR,BAL,KC,21,2023,0,0,0.0,0,0,0.0,0,1,3,39.0,0,3.9,4.9,BAL,Nelson Agholor,3.9
00-0031585,M.Pruitt,MyCole Pruitt,TE,ATL,DET,3,2023,0,0,0.0,0,0,0.0,0,1,1,10.0,0,1.0,2.0,ATL,MyCole Pruitt,1.0
00-0031585,M.Pruitt,MyCole Pruitt,TE,ATL,JAX,4,2023,0,0,0.0,0,0,0.0,0,0,1,0.0,0,0.0,0.0,ATL,MyCole Pruitt,0.0
00-0031585,M.Pruitt,MyCole Pruitt,TE,ATL,HOU,5,2023,0,0,0.0,0,0,0.0,0,1,1,22.0,0,2.2,3.2,ATL,MyCole Pruitt,2.2
00-0031585,M.Pruitt,MyCole Pruitt,TE,ATL,WAS,6,2023,0,0,0.0,0,0,0.0,0,1,2,9.0,0,0.9,1.9,ATL,MyCole Pruitt,0.9
00-0031585,M.Pruitt,MyCole Pruitt,TE,ATL,TEN,8,2023,0,0,0.0,0,0,0.0,0,1,2,3.0,0,0.3,1.3,ATL,MyCole Pruitt,0.3
00-0031585,M.Pruitt,MyCole Pruitt,TE,ATL,NYJ,13,2023,0,0,0.0,0,0,0.0,0,1,1,20.0,1,8.0,9.0,ATL,MyCole Pruitt,8.0
00-0031585,M.Pruitt,MyCole Pruitt,TE,ATL,TB,14,2023,0,0,0.0,0,0,0.0,0,2,2,15.0,0,1.5,3.5,ATL,MyCole Pruitt,1.5
00-0031585,M.Pruitt,MyCole Pruitt,TE,ATL,CHI,17,2023,0,0,0.0,0,0,0.0,0,1,1,14.0,0,1.4,2.4,ATL,MyCole Pruitt,1.4
00-0031585,M.Pruitt,MyCole Pruitt,TE,ATL,NO,18,2023,0,0,0.0,0,0,0.0,0,1,1,17.0,0,1.7,2.7,ATL,MyCole Pruitt,1.7
00-0031588,S.Diggs,Stefon Diggs,WR,BUF,NYJ,1,2023,0,0,0.0,0,0,0.0,0,10,13,102.0,1,16.2,26.2,BUF,Stefon Diggs,16.2
00-0031588,S.Diggs,Stefon Diggs,WR,BUF,LV,2,2023,0,0,0.0,0,0,0.0,0,7,7,66.0,0,6.6,13.6,BUF,Stefon Diggs,6.6
00-0031588,S.Diggs,Stefon Diggs,WR,BUF,WAS,3,2023,0,0,0.0,0,0,0.0,0,8,12,111.0,0,11.1,19.1,BUF,Stefon Diggs,11.1
00-0031588,S.Diggs,Stefon Diggs,WR,BUF,MIA,4,2023,0,0,0.0,0,0,0.0,0,6,7,120.0,3,30.0,36.0,BUF,Stefon Diggs,30.0
00-0031588,S.Diggs,Stefon Diggs,WR,BUF,JAX,5,2023,0,0,0.0,0,0,0.0,0,8,11,121.0,1,16.1,24.1,BUF,Stefon Diggs,16.1
00-0031588,S.Diggs,Stefon Diggs,WR,BUF,NYG,6,2023,0,0,0.0,0,0,0.0,0,10,16,100.0,0,10.0,20.0,BUF,Stefon Diggs,10.0
00-0031588,S.Diggs,Stefon Diggs,WR,BUF,NE,7,2023,0,0,0.0,0,0,0.0,0,6,12,58.0,1,11.8,17.8,BUF,Stefon Diggs,11.8
00-0031588,S.Diggs,Stefon Diggs,WR,BUF,TB,8,2023,0,0,0.0,0,0,0.0,0,9,12,70.0,0,7.0,16.0,BUF,Stefon Diggs,7.0
00-0031588,S.Diggs,Stefon Diggs,WR,BUF,CIN,9,2023,0,0,0.0,0,0,0.0,0,6,7,86.0,1,16.6,22.6,BUF,Stefon Diggs,16.6
00-0031588,S.Diggs,Stefon Diggs,WR,BUF,DEN,10,2023,0,0,0.0,0,0,0.0,0,3,5,34.0,0,3.4,6.4,BUF,Stefon Diggs,3.4
00-0031588,S.Diggs,Stefon Diggs,WR,BUF,NYJ,11,2023,0,0,0.0,0,0,0.0,0,4,8,27.0,0,2.7,6.7,BUF,Stefon Diggs,2.7
00-0031588,S.Diggs,Stefon Diggs,WR,BUF,PHI,12,2023,0,0,0.0,0,0,0.0,0,6,11,74.0,1,13.4,19.4,BUF,Stefon Diggs,13.4
00-0031588,S.Diggs,Stefon Diggs,WR,BUF,KC,14,2023,0,0,0.0,0,0,0.0,0,4,11,24.0,0,2.4,6.4,BUF,Stefon Diggs,2.4
00-0031588,S.Diggs,Stefon Diggs,WR,BUF,DAL,15,2023,0,0,0.0,0,0,0.0,0,4,5,48.0,0,4.8,8.8,BUF,Stefon Diggs,4.8
00-0031588,S.Diggs,Stefon Diggs,WR,BUF,LAC,16,2023,0,0,0.0,0,0,0.0,0,5,8,29.0,0,2.9,7.9,BUF,Stefon Diggs,2.9
00-0031588,S.Diggs,Stefon Diggs,WR,BUF,NE,17,2023,0,0,0.0,0,1,5.0,0,4,7,26.0,0,3.1,7.1,BUF,Stefon Diggs,3.1
00-0031588,S.Diggs,Stefon Diggs,WR,BUF,MIA,18,2023,0,0,0.0,0,0,0.0,0,7,8,87.0,0,8.7,15.7,BUF,Stefon Diggs,8.7
00-0031588,S.Diggs,Stefon Diggs,WR,BUF,PIT,19,2023,0,0,0.0,0,0,0.0,0,7,9,52.0,0,5.2,12.2,BUF,Stefon Diggs,5.2
00-0031588,S.Diggs,Stefon Diggs,WR,BUF,KC,20,2023,0,0,0.0,0,1,7.0,0,3,8,21.0,0,2.8,5.8,BUF,Stefon Diggs,2.8
00-0031595,M.Burton,Michael Burton,FB,DEN,LV,1,2023,0,0,0.0,0,0,0.0,0,1,1,3.0,0,0.3,1.3,DEN,Michael Burton,0.3
00-0031595,M.Burton,Michael Burton,FB,DEN,WAS,2,2023,0,0,0.0,0,1,3.0,0,0,0,0.0,0,0.3,0.3,DEN,Michael Burton,0.3
00-0031595,M.Burton,Michael Burton,FB,DEN,NYJ,5,2023,0,0,0.0,0,0,0.0,0,0,0,0.0,0,2.0,2.0,DEN,Michael Burton,2.0
00-0031595,M.Burton,Michael Burton,FB,DEN,KC,6,2023,0,0,0.0,0,2,2.0,0,0,0,0.0,0,0.2,0.2,DEN,Michael Burton,0.2
00-0031595,M.Burton,Michael Burton,FB,DEN,GB,7,2023,0,0,0.0,0,1,-2.0,0,0,0,0.0,0,-0.2,-0.2,DEN,Michael Burton,-0.2
00-0031595,M.Burton,Michael Burton,FB,DEN,HOU,13,2023,0,0,0.0,0,1,4.0,0,0,0,0.0,0,0.4,0.4,DEN,Michael Burton,0.4
00-0031595,M.Burton,Michael Burton,FB,DEN,LAC,14,2023,0,0,0.0,0,1,2.0,0,1,1,1.0,0,0.3,1.3,DEN,Michael Burton,0.3
00-0031595,M.Burton,Michael Burton,FB,DEN,NE,16,2023,0,0,0.0,0,1,0.0,0,1,1,4.0,0,0.4,1.4,DEN,Michael Burton,0.4
00-0031610,D.Waller,Darren Waller,TE,NYG,DAL,1,2023,0,0,0.0,0,0,0.0,0,3,5,36.0,0,3.6,6.6,NYG,Darren Waller,3.6
00-0031610,D.Waller,Darren Waller,TE,NYG,ARI,2,2023,0,0,0.0,0,0,0.0,0,6,8,76.0,0,7.6,13.6,NYG,Darren Waller,7.6
00-0031610,D.Waller,Darren Waller,TE,NYG,SF,3,2023,0,0,0.0,0,0,0.0,0,3,7,20.0,0,2.0,5.0,NYG,Darren Waller,2.0
00-0031610,D.Waller,Darren Waller,TE,NYG,SEA,4,2023,0,0,0.0,0,0,0.0,0,3,3,21.0,0,2.1,5.1,NYG,Darren Waller,2.1
00-0031610,D.Waller,Darren Waller,TE,NYG,MIA,5,2023,0,0,0.0,0,0,0.0,0,8,11,86.0,0,8.6,16.6,NYG,Darren Waller,8.6
00-0031610,D.Waller,Darren Waller,TE,NYG,BUF,6,2023,0,0,0.0,0,0,0.0,0,5,7,43.0,0,4.3,9.3,NYG,Darren Waller,4.3
00-0031610,D.Waller,Darren Waller,TE,NYG,WAS,7,2023,0,0,0.0,0,0,0.0,0,7,8,98.0,1,15.8,22.8,NYG,Darren Waller,15.8
00-0031610,D.Waller,Darren Waller,TE,NYG,NYJ,8,2023,0,0,0.0,0,0,0.0,0,1,2,4.0,0,0.4,1.4,NYG,Darren Waller,0.4
00-0031610,D.Waller,Darren Waller,TE,NYG,NO,15,2023,0,0,0.0,0,0,0.0,0,4,6,40.0,0,4.0,8.0,NYG,Darren Waller,4.0
00-0031610,D.Waller,Darren Waller,TE,NYG,PHI,16,2023,0,0,0.0,0,0,0.0,0,2,5,32.0,0,3.2,5.2,NYG,Darren Waller,3.2
00-0031610,D.Waller,Darren Waller,TE,NYG,LA,17,2023,0,0,0.0,0,0,0.0,0,5,6,51.0,0,5.1,10.1,NYG,Darren Waller,5.1
00-0031610,D.Waller,Darren Waller,TE,NYG,PHI,18,2023,0,0,0.0,0,0,0.0,0,5,6,45.0,0,4.5,9.5,NYG,Darren Waller,4.5
00-0031687,R.Mostert,Raheem Mostert,RB,MIA,LAC,1,2023,0,0,0.0,0,10,37.0,1,2,2,13.0,0,11.0,13.0,MIA,Raheem Mostert,11.0
00-0031687,R.Mostert,Raheem Mostert,RB,MIA,NE,2,2023,0,0,0.0,0,18,121.0,2,1,1,6.0,0,24.7,25.7,MIA,Raheem Mostert,24.7
00-0031687,R.Mostert,Raheem Mostert,RB,MIA,DEN,3,2023,0,0,0.0,0,13,82.0,3,7,7,60.0,1,38.2,45.2,MIA,Raheem Mostert,38.2
00-0031687,R.Mostert,Raheem Mostert,RB,MIA,BUF,4,2023,0,0,0.0,0,7,9.0,0,3,5,36.0,0,2.5,5.5,MIA,Raheem Mostert,2.5
00-0031687,R.Mostert,Raheem Mostert,RB,MIA,NYG,5,2023,0,0,0.0,0,10,65.0,1,2,2,13.0,0,13.8,15.8,MIA,Raheem Mostert,13.8
00-0031687,R.Mostert,Raheem Mostert,RB,MIA,CAR,6,2023,0,0,0.0,0,17,115.0,2,3,3,17.0,1,31.2,34.2,MIA,Raheem Mostert,31.2
00-0031687,R.Mostert,Raheem Mostert,RB,MIA,PHI,7,2023,0,0,0.0,0,9,45.0,0,1,3,6.0,0,5.1,6.1,MIA,Raheem Mostert,5.1
00-0031687,R.Mostert,Raheem Mostert,RB,MIA,NE,8,2023,0,0,0.0,0,13,46.0,1,0,0,0.0,0,10.6,10.6,MIA,Raheem Mostert,10.6
00-0031687,R.Mostert,Raheem Mostert,RB,MIA,KC,9,2023,0,0,0.0,0,12,85.0,1,0,1,0.0,0,14.5,14.5,MIA,Raheem Mostert,14.5
00-0031687,R.Mostert,Raheem Mostert,RB,MIA,LV,11,2023,0,0,0.0,0,22,86.0,0,1,2,7.0,0,9.3,10.3,MIA,Raheem Mostert,9.3
00-0031687,R.Mostert,Raheem Mostert,RB,MIA,NYJ,12,2023,0,0,0.0,0,20,94.0,2,0,1,0.0,0,21.4,21.4,MIA,Raheem Mostert,21.4
00-0031687,R.Mostert,Raheem Mostert,RB,MIA,WAS,13,2023,0,0,0.0,0,11,43.0,1,1,1,8.0,0,11.1,12.1,MIA,Raheem Mostert,11.1
00-0031687,R.Mostert,Raheem Mostert,RB,MIA,TEN,14,2023,0,0,0.0,0,21,96.0,2,1,1,4.0,0,22.0,23.0,MIA,Raheem Mostert,22.0
00-0031687,R.Mostert,Raheem Mostert,RB,MIA,NYJ,15,2023,0,0,0.0,0,15,42.0,2,2,2,1.0,0,16.3,18.3,MIA,Raheem Mostert,16.3
00-0031687,R.Mostert,Raheem Mostert,RB,MIA,DAL,16,2023,0,0,0.0,0,11,46.0,0,1,1,4.0,1,11.0,12.0,MIA,Raheem Mostert,11.0
00-0031687,R.Mostert,Raheem Mostert,RB,MIA,KC,19,2023,0,0,0.0,0,8,33.0,0,1,2,-3.0,0,3.0,4.0,MIA,Raheem Mostert,3.0
00-0031763,D.Carter,DeAndre Carter,WR,LV,DEN,1,2023,0,0,0.0,0,0,0.0,0,1,1,5.0,0,0.5,1.5,LV,DeAndre Carter,0.5
00-0031763,D.Carter,DeAndre Carter,WR,LV,BUF,2,2023,0,0,0.0,0,0,0.0,0,0,1,0.0,0,0.0,0.0,LV,DeAndre Carter,0.0
00-0031763,D.Carter,DeAndre Carter,WR,LV,PIT,3,2023,0,0,0.0,0,0,0.0,0,1,1,16.0,0,1.6,2.6,LV,DeAndre Carter,1.6
00-0031763,D.Carter,DeAndre Carter,WR,LV,GB,5,2023,0,0,0.0,0,2,3.0,0,0,1,0.0,0,0.3,0.3,LV,DeAndre Carter,0.3
00-0031763,D.Carter,DeAndre Carter,WR,LV,NE,6,2023,0,0,0.0,0,0,0.0,0,0,1,0.0,0,0.0,0.0,LV,DeAndre Carter,0.0
00-0031763,D.Carter,DeAndre Carter,WR,LV,NYG,9,2023,0,0,0.0,0,0,0.0,0,1,1,15.0,0,1.5,2.5,LV,DeAndre Carter,1.5
00-0031763,D.Carter,DeAndre Carter,WR,LV,NYJ,10,2023,0,0,0.0,0,1,15.0,0,0,0,0.0,0,1.5,1.5,LV,DeAndre Carter,1.5
00-0031763,D.Carter,DeAndre Carter,WR,LV,DEN,18,2023,0,0,0.0,0,0,0.0,0,1,1,3.0,0,0.3,1.3,LV,DeAndre Carter,0.3
00-0031800,T.Heinicke,Taylor Heinicke,QB,ATL,TEN,8,2023,12,21,175.0,1,2,14.0,0,0,0,0.0,0,12.4,12.4,ATL,Taylor Heinicke,12.4
00-0031800,T.Heinicke,Taylor Heinicke,QB,ATL,MIN,9,2023,21,38,268.0,1,3,20.0,0,0,0,0.0,0,14.72,14.72,ATL,Taylor Heinicke,14.72
00-0031800,T.Heinicke,Taylor Heinicke,QB,ATL,ARI,10,2023,8,15,55.0,1,4,34.0,0,0,0,0.0,0,9.6,9.6,ATL,Taylor Heinicke,9.6
00-0031800,T.Heinicke,Taylor Heinicke,QB,ATL,IND,16,2023,23,33,229.0,1,2,10.0,0,0,0,0.0,0,14.16,14.16,ATL,Taylor Heinicke,14.16
00-0031800,T.Heinicke,Taylor Heinicke,QB,ATL,CHI,17,2023,10,29,163.0,1,4,46.0,1,0,0,0.0,0,15.12,15.12,ATL,Taylor Heinicke,15.12
00-0031868,D.Byrd,Damiere Byrd,WR,ATL,MIN,9,2023,0,0,0.0,0,0,0.0,0,0,2,0.0,0,0.0,0.0,ATL,Damiere Byrd,0.0
00-0031941,J.Crowder,Jamison Crowder,WR,WAS,CHI,5,2023,0,0,0.0,0,0,0.0,0,2,2,21.0,0,2.1,4.1,WAS,Jamison Crowder,2.1
00-0031941,J.Crowder,Jamison Crowder,WR,WAS,PHI,8,2023,0,0,0.0,0,0,0.0,0,7,7,95.0,1,15.5,22.5,WAS,Jamison Crowder,15.5
00-0031941,J.Crowder,Jamison Crowder,WR,WAS,NE,9,2023,0,0,0.0,0,0,0.0,0,4,6,23.0,0,2.3,6.3,WAS,Jamison Crowder,2.3
00-0031941,J.Crowder,Jamison Crowder,WR,WAS,SEA,10,2023,0,0,0.0,0,0,0.0,0,0,1,0.0,0,0.0,0.0,WAS,Jamison Crowder,0.0
00-0031941,J.Crowder,Jamison Crowder,WR,WAS,NYG,11,2023,0,0,0.0,0,0,0.0,0,2,2,12.0,0,1.2,3.2,WAS,Jamison Crowder,1.2
00-0031941,J.Crowder,Jamison Crowder,WR,WAS,NYJ,16,2023,0,0,0.0,0,0,0.0,0,0,1,0.0,0,0.0,0.0,WAS,Jamison Crowder,0.0
00-0031941,J.Crowder,Jamison Crowder,WR,WAS,DAL,18,2023,0,0,0.0,0,0,0.0,0,1,1,8.0,0,0.8,1.8,WAS,Jamison Crowder,0.8
00-0032062,B.Bell,Blake Bell,TE,KC,DET,1,2023,0,0,0.0,0,0,0.0,0,2,3,12.0,1,7.2,9.2,KC,Blake Bell,7.2
00-0032062,B.Bell,Blake Bell,TE,KC,LAC,7,2023,0,0,0.0,0,0,0.0,0,1,1,7.0,0,-1.3,-0.3,KC,Blake Bell,-1.3
00-0032062,B.Bell,Blake Bell,TE,KC,DEN,8,2023,0,0,0.0,0,0,0.0,0,0,1,0.0,0,0.0,0.0,KC,Blake Bell,0.0
00-0032062,B.Bell,Blake Bell,TE,KC,NE,15,2023,0,0,0.0,0,0,0.0,0,0,1,0.0,0,0.0,0.0,KC,Blake Bell,0.0
00-0032062,B.Bell,Blake Bell,TE,KC,LV,16,2023,0,0,0.0,0,0,0.0,0,1,1,4.0,0,0.4,1.4,KC,Blake Bell,0.4
00-0032062,B.Bell,Blake Bell,TE,KC,LAC,18,2023,0,0,0.0,0,0,0.0,0,1,2,3.0,0,0.3,1.3,KC,Blake Bell,0.3
00-0032104,A.Abdullah,Ameer Abdullah,RB,LV,DEN,1,2023,0,0,0.0,0,0,0.0,0,0,1,0.0,0,0.0,0.0,LV,Ameer Abdullah,0.0
00-0032104,A.Abdullah,Ameer Abdullah,RB,LV,BUF,2,2023,0,0,0.0,0,0,0.0,0,1,3,5.0,0,0.5,1.5,LV,Ameer Abdullah,0.5
00-0032104,A.Abdullah,Ameer Abdullah,RB,LV,PIT,3,2023,0,0,0.0,0,0,0.0,0,2,3,16.0,0,1.6,3.6,LV,Ameer Abdullah,1.6
00-0032104,A.Abdullah,Ameer Abdullah,RB,LV,LAC,4,2023,0,0,0.0,0,0,0.0,0,2,2,14.0,0,1.4,3.4,LV,Ameer Abdullah,1.4
00-0032104,A.Abdullah,Ameer Abdullah,RB,LV,GB,5,2023,0,0,0.0,0,1,4.0,0,1,1,11.0,0,1.5,2.5,LV,Ameer Abdullah,1.5
00-0032104,A.Abdullah,Ameer Abdullah,RB,LV,NE,6,2023,0,0,0.0,0,0,0.0,0,0,1,0.0,0,0.0,0.0,LV,Ameer Abdullah,0.0
00-0032104,A.Abdullah,Ameer Abdullah,RB,LV,DET,8,2023,0,0,0.0,0,1,7.0,0,1,1,12.0,0,1.9,2.9,LV,Ameer Abdullah,1.9
00-0032104,A.Abdullah,Ameer Abdullah,RB,LV,NYG,9,2023,0,0,0.0,0,2,8.0,0,2,2,17.0,0,2.5,4.5,LV,Ameer Abdullah,2.5
00-0032104,A.Abdullah,Ameer Abdullah,RB,LV,NYJ,10,2023,0,0,0.0,0,0,0.0,0,1,1,4.0,0,0.4,1.4,LV,Ameer Abdullah,0.4
00-0032104,A.Abdullah,Ameer Abdullah,RB,LV,MIA,11,2023,0,0,0.0,0,0,0.0,0,1,1,4.0,0,0.4,1.4,LV,Ameer Abdullah,0.4
00-0032104,A.Abdullah,Ameer Abdullah,RB,LV,KC,12,2023,0,0,0.0,0,1,11.0,0,1,1,2.0,0,1.3,2.3,LV,Ameer Abdullah,1.3
00-0032104,A.Abdullah,Ameer Abdullah,RB,LV,MIN,14,2023,0,0,0.0,0,1,12.0,0,2,2,7.0,0,1.9,3.9,LV,Ameer Abdullah,1.9
00-0032104,A.Abdullah,Ameer Abdullah,RB,LV,LAC,15,2023,0,0,0.0,0,6,32.0,0,2,2,13.0,0,4.5,6.5,LV,Ameer Abdullah,4.5
00-0032104,A.Abdullah,Ameer Abdullah,RB,LV,KC,16,2023,0,0,0.0,0,2,11.0,0,1,1,1.0,0,1.2,2.2,LV,Ameer Abdullah,1.2
00-0032104,A.Abdullah,Ameer Abdullah,RB,LV,IND,17,2023,0,0,0.0,0,1,4.0,0,1,1,18.0,0,2.2,3.2,LV,Ameer Abdullah,2.2
00-0032104,A.Abdullah,Ameer Abdullah,RB,LV,DEN,18,2023,0,0,0.0,0,0,0.0,0,1,1,7.0,0,0.7,1.7,LV,Ameer Abdullah,0.7
00-0032128,C.Conley,Chris Conley,WR,SF,LA,18,2023,0,0,0.0,0,0,0.0,0,3,6,69.0,0,6.9,9.9,SF,Chris Conley,6.9
00-0032128,C.Conley,Chris Conley,WR,SF,GB,20,2023,0,0,0.0,0,0,0.0,0,1,1,17.0,0,1.7,2.7,SF,Chris Conley,1.7
00-0032128,C.Conley,Chris Conley,WR,SF,KC,22,2023,0,0,0.0,0,0,0.0,0,1,1,18.0,0,1.8,2.8,SF,Chris Conley,1.8
00-0032134,C.Uzomah,C.J. Uzomah,TE,NYJ,NE,3,2023,0,0,0.0,0,0,0.0,0,1,1,9.0,0,0.9,1.9,NYJ,C.J. Uzomah,0.9
00-0032134,C.Uzomah,C.J. Uzomah,TE,NYJ,KC,4,2023,0,0,0.0,0,0,0.0,0,1,1,1.0,1,6.1,7.1,NYJ,C.J. Uzomah,6.1
00-0032134,C.Uzomah,C.J. Uzomah,TE,NYJ,DEN,5,2023,0,0,0.0,0,0,0.0,0,2,2,12.0,0,1.2,3.2,NYJ,C.J. Uzomah,1.2
00-0032134,C.Uzomah,C.J. Uzomah,TE,NYJ,PHI,6,2023,0,0,0.0,0,0,0.0,0,0,1,0.0,0,0.0,0.0,NYJ,C.J. Uzomah,0.0
00-0032134,C.Uzomah,C.J. Uzomah,TE,NYJ,NYG,8,2023,0,0,0.0,0,0,0.0,0,1,1,19.0,0,1.9,2.9,NYJ,C.J. Uzomah,1.9
00-0032134,C.Uzomah,C.J. Uzomah,TE,NYJ,LAC,9,2023,0,0,0.0,0,0,0.0,0,2,5,11.0,0,1.1,3.1,NYJ,C.J. Uzomah,1.1
00-0032134,C.Uzomah,C.J. Uzomah,TE,NYJ,LV,10,2023,0,0,0.0,0,0,0.0,0,1,1,6.0,0,0.6,1.6,NYJ,C.J. Uzomah,0.6
00-0032141,G.Swaim,Geoff Swaim,TE,ARI,SF,4,2023,0,0,0.0,0,0,0.0,0,0,1,0.0,0,0.0,0.0,ARI,Geoff Swaim,0.0
00-0032141,G.Swaim,Geoff Swaim,TE,ARI,CIN,5,2023,0,0,0.0,0,0,0.0,0,2,2,22.0,0,2.2,4.2,ARI,Geoff Swaim,2.2
00-0032141,G.Swaim,Geoff Swaim,TE,ARI,SEA,7,2023,0,0,0.0,0,0,0.0,0,1,1,8.0,0,0.8,1.8,ARI,Geoff Swaim,0.8
00-0032141,G.Swaim,Geoff Swaim,TE,ARI,ATL,10,2023,0,0,0.0,0,0,0.0,0,2,2,13.0,0,1.3,3.3,ARI,Geoff Swaim,1.3
00-0032141,G.Swaim,Geoff Swaim,TE,ARI,HOU,11,2023,0,0,0.0,0,0,0.0,0,2,2,15.0,0,1.5,3.5,ARI,Geoff Swaim,1.5
00-0032141,G.Swaim,Geoff Swaim,TE,ARI,PIT,13,2023,0,0,0.0,0,0,0.0,0,2,2,10.0,0,1.0,3.0,ARI,Geoff Swaim,1.0
00-0032141,G.Swaim,Geoff Swaim,TE,ARI,SF,15,2023,0,0,0.0,0,0,0.0,0,1,1,26.0,0,2.6,3.6,ARI,Geoff Swaim,2.6
00-0032144,M.Gordon,Melvin Gordon,RB,BAL,IND,3,2023,0,0,0.0,0,10,32.0,0,2,2,23.0,0,5.5,7.5,BAL,Melvin Gordon,5.5
00-0032144,M.Gordon,Melvin Gordon,RB,BAL,CLE,4,2023,0,0,0.0,0,3,21.0,0,1,1,23.0,0,4.4,5.4,BAL,Melvin Gordon,4.4
00-0032144,M.Gordon,Melvin Gordon,RB,BAL,MIA,17,2023,0,0,0.0,0,6,10.0,1,0,0,0.0,0,7.0,7.0,BAL,Melvin Gordon,7.0
00-0032144,M.Gordon,Melvin Gordon,RB,BAL,PIT,18,2023,0,0,0.0,0,7,18.0,0,0,0,0.0,0,-0.2,-0.2,BAL,Melvin Gordon,-0.2
00-0032156,T.Siemian,Trevor Siemian,QB,NYJ,ATL,13,2023,5,13,66.0,0,1,8.0,0,0,0,0.0,0,1.44,1.44,NYJ,Trevor Siemian,1.44
00-0032156,T.Siemian,Trevor Siemian,QB,NYJ,MIA,15,2023,14,26,110.0,0,0,0.0,0,0,0,0.0,0,-1.6,-1.6,NYJ,Trevor Siemian,-1.6
00-0032156,T.Siemian,Trevor Siemian,QB,NYJ,WAS,16,2023,27,49,217.0,1,4,18.0,0,0,0,0.0,0,10.48,10.48,NYJ,Trevor Siemian,10.48
00-0032156,T.Siemian,Trevor Siemian,QB,NYJ,CLE,17,2023,32,45,261.0,1,4,13.0,0,0,0,0.0,0,13.74,13.74,NYJ,Trevor Siemian,13.74
00-0032156,T.Siemian,Trevor Siemian,QB,NYJ,NE,18,2023,8,20,70.0,0,2,1.0,0,0,0,0.0,0,2.9,2.9,NYJ,Trevor Siemian,2.9
00-0032200,T.Montgomery,Ty Montgomery,WR,NE,PHI,1,2023,0,0,0.0,0,1,7.0,0,2,3,9.0,0,1.6,3.6,NE,Ty Montgomery,1.6
00-0032200,T.Montgomery,Ty Montgomery,WR,NE,MIA,2,2023,0,0,0.0,0,0,0.0,0,0,1,0.0,0,0.0,0.0,NE,Ty Montgomery,0.0
00-0032200,T.Montgomery,Ty Montgomery,WR,NE,NO,5,2023,0,0,0.0,0,1,0.0,0,1,4,5.0,0,0.5,1.5,NE,Ty Montgomery,0.5
00-0032200,T.Montgomery,Ty Montgomery,WR,NE,LV,6,2023,0,0,0.0,0,0,0.0,0,1,1,9.0,0,0.9,1.9,NE,Ty Montgomery,0.9
00-0032200,T.Montgomery,Ty Montgomery,WR,NE,NYG,12,2023,0,0,0.0,0,0,0.0,0,0,1,0.0,0,0.0,0.0,NE,Ty Montgomery,0.0
00-0032200,T.Montgomery,Ty Montgomery,WR,NE,LAC,13,2023,0,0,0.0,0,1,2.0,0,0,0,0.0,0,0.2,0.2,NE,Ty Montgomery,0.2
00-0032200,T.Montgomery,Ty Montgomery,WR,NE,PIT,14,2023,0,0,0.0,0,0,0.0,0,1,2,17.0,0,1.7,2.7,NE,Ty Montgomery,1.7
00-0032208,P.Dorsett,Phillip Dorsett,WR,DEN,LV,1,2023,0,0,0.0,0,0,0.0,0,0,1,0.0,0,0.0,0.0,DEN,Phillip Dorsett,0.0
00-0032208,P.Dorsett,Phillip Dorsett,WR,DEN,LAC,17,2023,0,0,0.0,0,0,0.0,0,0,2,0.0,0,0.0,0.0,DEN,Phillip Dorsett,0.0
00-0032211,T.Lockett,Tyler Lockett,WR,SEA,LA,1,2023,0,0,0.0,0,0,0.0,0,2,4,10.0,0,1.0,3.0,SEA,Tyler Lockett,1.0
00-0032211,T.Lockett,Tyler Lockett,WR,SEA,DET,2,2023,0,0,0.0,0,0,0.0,0,8,10,59.0,2,17.9,25.9,SEA,Tyler Lockett,17.9
00-0032211,T.Lockett,Tyler Lockett,WR,SEA,CAR,3,2023,0,0,0.0,0,0,0.0,0,3,7,34.0,0,5.4,8.4,SEA,Tyler Lockett,5.4
00-0032211,T.Lockett,Tyler Lockett,WR,SEA,NYG,4,2023,0,0,0.0,0,0,0.0,0,4,6,54.0,0,5.4,9.4,SEA,Tyler Lockett,5.4
00-0032211,T.Lockett,Tyler Lockett,WR,SEA,CIN,6,2023,0,0,0.0,0,0,0.0,0,6,8,94.0,0,9.4,15.4,SEA,Tyler Lockett,9.4
00-0032211,T.Lockett,Tyler Lockett,WR,SEA,ARI,7,2023,0,0,0.0,0,0,0.0,0,4,5,38.0,0,3.8,7.8,SEA,Tyler Lockett,3.8
00-0032211,T.Lockett,Tyler Lockett,WR,SEA,CLE,8,2023,0,0,0.0,0,0,0.0,0,8,9,81.0,1,14.1,22.1,SEA,Tyler Lockett,14.1
00-0032211,T.Lockett,Tyler Lockett,WR,SEA,BAL,9,2023,0,0,0.0,0,0,0.0,0,3,8,32.0,0,3.2,6.2,SEA,Tyler Lockett,3.2
00-0032211,T.Lockett,Tyler Lockett,WR,SEA,WAS,10,2023,0,0,0.0,0,0,0.0,0,8,10,92.0,1,15.2,23.2,SEA,Tyler Lockett,15.2
00-0032211,T.Lockett,Tyler Lockett,WR,SEA,LA,11,2023,0,0,0.0,0,0,0.0,0,5,7,51.0,0,5.1,10.1,SEA,Tyler Lockett,5.1
00-0032211,T.Lockett,Tyler Lockett,WR,SEA,SF,12,2023,0,0,0.0,0,0,0.0,0,3,5,30.0,0,3.0,6.0,SEA,Tyler Lockett,3.0
00-0032211,T.Lockett,Tyler Lockett,WR,SEA,DAL,13,2023,0,0,0.0,0,0,0.0,0,5,8,47.0,0,4.7,9.7,SEA,Tyler Lockett,4.7
00-0032211,T.Lockett,Tyler Lockett,WR,SEA,SF,14,2023,0,0,0.0,0,0,0.0,0,6,6,89.0,0,8.9,14.9,SEA,Tyler Lockett,8.9
00-0032211,T.Lockett,Tyler Lockett,WR,SEA,PHI,15,2023,0,0,0.0,0,0,0.0,0,3,9,21.0,0,2.1,5.1,SEA,Tyler Lockett,2.1
00-0032211,T.Lockett,Tyler Lockett,WR,SEA,TEN,16,2023,0,0,0.0,0,0,0.0,0,8,11,81.0,0,8.1,16.1,SEA,Tyler Lockett,8.1
00-0032211,T.Lockett,Tyler Lockett,WR,SEA,PIT,17,2023,0,0,0.0,0,0,0.0,0,1,5,10.0,0,1.0,2.0,SEA,Tyler Lockett,1.0
00-0032211,T.Lockett,Tyler Lockett,WR,SEA,ARI,18,2023,0,0,0.0,0,0,0.0,0,2,4,71.0,1,15.1,17.1,SEA,Tyler Lockett,15.1
00-0032217,D.Smith,Donovan Smith,T,KC,JAX,2,2023,0,0,0.0,0,0,0.0,0,1,1,0.0,0,0.0,1.0,KC,Donovan Smith,0.0
00-0032268,M.Mariota,Marcus Mariota,QB,PHI,SF,13,2023,2,3,16.0,0,2,6.0,0,0,0,0.0,0,1.24,1.24,PHI,Marcus Mariota,1.24
00-0032268,M.Mariota,Marcus Mariota,QB,PHI,NYG,18,2023,13,20,148.0,1,6,46.0,0,0,0,0.0,0,10.52,10.52,PHI,Marcus Mariota,10.52
00-0032385,S.Shepard,Sterling Shepard,WR,NYG,DAL,1,2023,0,0,0.0,0,0,0.0,0,0,1,0.0,0,0.0,0.0,NYG,Sterling Shepard,0.0
00-0032385,S.Shepard,Sterling Shepard,WR,NYG,ARI,2,2023,0,0,0.0,0,0,0.0,0,1,1,4.0,0,0.4,1.4,NYG,Sterling Shepard,0.4
00-0032385,S.Shepard,Sterling Shepard,WR,NYG,SEA,4,2023,0,0,0.0,0,0,0.0,0,1,1,6.0,0,0.6,1.6,NYG,Sterling Shepard,0.6
00-0032385,S.Shepard,Sterling Shepard,WR,NYG,MIA,5,2023,0,0,0.0,0,0,0.0,0,1,2,13.0,0,1.3,2.3,NYG,Sterling Shepard,1.3
00-0032385,S.Shepard,Sterling Shepard,WR,NYG,WAS,7,2023,0,0,0.0,0,0,0.0,0,1,1,3.0,0,0.3,1.3,NYG,Sterling Shepard,0.3
00-0032385,S.Shepard,Sterling Shepard,WR,NYG,DAL,10,2023,0,0,0.0,0,0,0.0,0,1,4,2.0,1,6.2,7.2,NYG,Sterling Shepard,6.2
00-0032385,S.Shepard,Sterling Shepard,WR,NYG,WAS,11,2023,0,0,0.0,0,0,0.0,0,1,3,5.0,0,0.5,1.5,NYG,Sterling Shepard,0.5
00-0032385,S.Shepard,Sterling Shepard,WR,NYG,NE,12,2023,0,0,0.0,0,0,0.0,0,1,3,6.0,0,0.6,1.6,NYG,Sterling Shepard,0.6
00-0032385,S.Shepard,Sterling Shepard,WR,NYG,LA,17,2023,0,0,0.0,0,0,0.0,0,0,1,0.0,0,0.0,0.0,NYG,Sterling Shepard,0.0
00-0032385,S.Shepard,Sterling Shepard,WR,NYG,PHI,18,2023,0,0,0.0,0,1,6.0,0,3,5,18.0,0,2.4,5.4,NYG,Sterling Shepard,2.4
00-0032392,A.Hooper,Austin Hooper,TE,LV,DEN,1,2023,0,0,0.0,0,0,0.0,0,1,1,20.0,0,2.0,3.0,LV,Austin Hooper,2.0
00-0032392,A.Hooper,Austin Hooper,TE,LV,BUF,2,2023,0,0,0.0,0,0,0.0,0,2,2,20.0,0,2.0,4.0,LV,Austin Hooper,2.0
00-0032392,A.Hooper,Austin Hooper,TE,LV,LAC,4,2023,0,0,0.0,0,0,0.0,0,1,2,11.0,0,1.1,2.1,LV,Austin Hooper,1.1
00-0032392,A.Hooper,Austin Hooper,TE,LV,GB,5,2023,0,0,0.0,0,0,0.0,0,2,2,11.0,0,1.1,3.1,LV,Austin Hooper,1.1
00-0032392,A.Hooper,Austin Hooper,TE,LV,NE,6,2023,0,0,0.0,0,0,0.0,0,2,2,19.0,0,1.9,3.9,LV,Austin Hooper,1.9
00-0032392,A.Hooper,Austin Hooper,TE,LV,CHI,7,2023,0,0,0.0,0,0,0.0,0,2,2,18.0,0,1.8,3.8,LV,Austin Hooper,1.8
00-0032392,A.Hooper,Austin Hooper,TE,LV,DET,8,2023,0,0,0.0,0,0,0.0,0,2,2,19.0,0,1.9,3.9,LV,Austin Hooper,1.9
00-0032392,A.Hooper,Austin Hooper,TE,LV,NYG,9,2023,0,0,0.0,0,0,0.0,0,1,1,10.0,0,1.0,2.0,LV,Austin Hooper,1.0
00-0032392,A.Hooper,Austin Hooper,TE,LV,NYJ,10,2023,0,0,0.0,0,0,0.0,0,1,1,7.0,0,0.7,1.7,LV,Austin Hooper,0.7
00-0032392,A.Hooper,Austin Hooper,TE,LV,MIA,11,2023,0,0,0.0,0,0,0.0,0,0,1,0.0,0,0.0,0.0,LV,Austin Hooper,0.0
00-0032392,A.Hooper,Austin Hooper,TE,LV,KC,12,2023,0,0,0.0,0,0,0.0,0,1,2,14.0,0,1.4,2.4,LV,Austin Hooper,1.4
00-0032392,A.Hooper,Austin Hooper,TE,LV,MIN,14,2023,0,0,0.0,0,0,0.0,0,1,1,5.0,0,0.5,1.5,LV,Austin Hooper,0.5
00-0032392,A.Hooper,Austin Hooper,TE,LV,LAC,15,2023,0,0,0.0,0,0,0.0,0,0,1,0.0,0,0.0,0.0,LV,Austin Hooper,0.0
00-0032392,A.Hooper,Austin Hooper,TE,LV,KC,16,2023,0,0,0.0,0,0,0.0,0,2,3,13.0,0,1.3,3.3,LV,Austin Hooper,1.3
00-0032392,A.Hooper,Austin Hooper,TE,LV,IND,17,2023,0,0,0.0,0,0,0.0,0,3,3,28.0,0,2.8,5.8,LV,Austin Hooper,2.8
00-0032392,A.Hooper,Austin Hooper,TE,LV,DEN,18,2023,0,0,0.0,0,0,0.0,0,4,5,39.0,0,3.9,7.9,LV,Austin Hooper,3.9
00-0032394,N.Vannett,Nick Vannett,TE,LAC,KC,18,2023,0,0,0.0,0,0,0.0,0,1,1,3.0,0,0.3,1.3,LAC,Nick Vannett,0.3
00-0032398,C.Moore,Chris Moore,WR,TEN,NO,1,2023,0,0,0.0,0,0,0.0,0,0,1,0.0,0,0.0,0.0,TEN,Chris Moore,0.0
00-0032398,C.Moore,Chris Moore,WR,TEN,LAC,2,2023,0,0,0.0,0,0,0.0,0,1,1,49.0,0,4.9,5.9,TEN,Chris Moore,4.9
00-0032398,C.Moore,Chris Moore,WR,TEN,CLE,3,2023,0,0,0.0,0,0,0.0,0,2,3,41.0,0,4.1,6.1,TEN,Chris Moore,4.1
00-0032398,C.Moore,Chris Moore,WR,TEN,CIN,4,2023,0,0,0.0,0,0,0.0,0,1,3,44.0,0,4.4,5.4,TEN,Chris Moore,4.4
00-0032398,C.Moore,Chris Moore,WR,TEN,BAL,6,2023,0,0,0.0,0,0,0.0,0,1,1,6.0,0,0.6,1.6,TEN,Chris Moore,0.6
00-0032398,C.Moore,Chris Moore,WR,TEN,PIT,9,2023,0,0,0.0,0,0,0.0,0,1,2,29.0,0,2.9,3.9,TEN,Chris Moore,2.9
00-0032398,C.Moore,Chris Moore,WR,TEN,TB,10,2023,0,0,0.0,0,0,0.0,0,2,4,21.0,0,2.1,4.1,TEN,Chris Moore,2.1
00-0032398,C.Moore,Chris Moore,WR,TEN,JAX,11,2023,0,0,0.0,0,1,38.0,0,1,1,49.0,0,8.7,9.7,TEN,Chris Moore,8.7
00-0032398,C.Moore,Chris Moore,WR,TEN,CAR,12,2023,0,0,0.0,0,1,1.0,0,3,4,41.0,0,4.2,7.2,TEN,Chris Moore,4.2
00-0032398,C.Moore,Chris Moore,WR,TEN,IND,13,2023,0,0,0.0,0,0,0.0,0,1,1,12.0,0,1.2,2.2,TEN,Chris Moore,1.2
00-0032398,C.Moore,Chris Moore,WR,TEN,MIA,14,2023,0,0,0.0,0,0,0.0,0,1,1,22.0,0,2.2,3.2,TEN,Chris Moore,2.2
00-0032398,C.Moore,Chris Moore,WR,TEN,HOU,15,2023,0,0,0.0,0,0,0.0,0,3,4,39.0,0,3.9,6.9,TEN,Chris Moore,3.9
00-0032398,C.Moore,Chris Moore,WR,TEN,SEA,16,2023,0,0,0.0,0,0,0.0,0,1,2,9.0,0,0.9,1.9,TEN,Chris Moore,0.9
00-0032398,C.Moore,Chris Moore,WR,TEN,HOU,17,2023,0,0,0.0,0,0,0.0,0,1,3,32.0,0,3.2,4.2,TEN,Chris Moore,3.2
00-0032398,C.Moore,Chris Moore,WR,TEN,JAX,18,2023,0,0,0.0,0,0,0.0,0,3,4,30.0,0,3.0,6.0,TEN,Chris Moore,3.0
00-0032436,J.Driskel,Jeff Driskel,QB,CLE,CIN,18,2023,13,26,166.0,2,7,33.0,0,0,0,0.0,0,13.94,13.94,CLE,Jeff Driskel,13.94
00-0032464,K.Raymond,Kalif Raymond,WR,DET,KC,1,2023,0,0,0.0,0,0,0.0,0,1,1,20.0,0,2.0,3.0,DET,Kalif Raymond,2.0
00-0032464,K.Raymond,Kalif Raymond,WR,DET,SEA,2,2023,0,0,0.0,0,1,11.0,0,2,3,46.0,1,11.7,13.7,DET,Kalif Raymond,11.7
00-0032464,K.Raymond,Kalif Raymond,WR,DET,ATL,3,2023,0,0,0.0,0,0,0.0,0,4,6,55.0,0,5.5,9.5,DET,Kalif Raymond,5.5
00-0032464,K.Raymond,Kalif Raymond,WR,DET,GB,4,2023,0,0,0.0,0,1,40.0,0,1,1,-2.0,0,3.8,4.8,DET,Kalif Raymond,3.8
00-0032464,K.Raymond,Kalif Raymond,WR,DET,CAR,5,2023,0,0,0.0,0,0,0.0,0,3,3,45.0,0,4.5,7.5,DET,Kalif Raymond,4.5
00-0032464,K.Raymond,Kalif Raymond,WR,DET,TB,6,2023,0,0,0.0,0,1,3.0,0,3,3,23.0,0,2.6,5.6,DET,Kalif Raymond,2.6
00-0032464,K.Raymond,Kalif Raymond,WR,DET,BAL,7,2023,0,0,0.0,0,0,0.0,0,2,2,20.0,0,2.0,4.0,DET,Kalif Raymond,2.0
00-0032464,K.Raymond,Kalif Raymond,WR,DET,LV,8,2023,0,0,0.0,0,1,-2.0,0,2,4,24.0,0,2.2,4.2,DET,Kalif Raymond,2.2
00-0032464,K.Raymond,Kalif Raymond,WR,DET,LAC,10,2023,0,0,0.0,0,0,0.0,0,2,4,46.0,0,4.6,6.6,DET,Kalif Raymond,4.6
00-0032464,K.Raymond,Kalif Raymond,WR,DET,CHI,11,2023,0,0,0.0,0,0,0.0,0,1,2,5.0,0,0.5,1.5,DET,Kalif Raymond,0.5
00-0032464,K.Raymond,Kalif Raymond,WR,DET,GB,12,2023,0,0,0.0,0,1,6.0,0,5,5,90.0,0,9.6,14.6,DET,Kalif Raymond,9.6
00-0032464,K.Raymond,Kalif Raymond,WR,DET,NO,13,2023,0,0,0.0,0,1,9.0,0,0,0,0.0,0,0.9,0.9,DET,Kalif Raymond,0.9
00-0032464,K.Raymond,Kalif Raymond,WR,DET,CHI,14,2023,0,0,0.0,0,0,0.0,0,3,4,15.0,0,1.5,4.5,DET,Kalif Raymond,1.5
00-0032464,K.Raymond,Kalif Raymond,WR,DET,DEN,15,2023,0,0,0.0,0,0,0.0,0,1,1,12.0,0,1.2,2.2,DET,Kalif Raymond,1.2
00-0032464,K.Raymond,Kalif Raymond,WR,DET,MIN,16,2023,0,0,0.0,0,1,8.0,0,2,2,29.0,0,3.7,5.7,DET,Kalif Raymond,3.7
00-0032464,K.Raymond,Kalif Raymond,WR,DET,DAL,17,2023,0,0,0.0,0,0,0.0,0,1,1,11.0,0,1.1,2.1,DET,Kalif Raymond,1.1
00-0032464,K.Raymond,Kalif Raymond,WR,DET,MIN,18,2023,0,0,0.0,0,0,0.0,0,2,2,50.0,0,5.0,7.0,DET,Kalif Raymond,5.0
00-0032543,A.Erickson,Alex Erickson,WR,LAC,GB,11,2023,0,0,0.0,0,0,0.0,0,1,1,12.0,0,1.2,2.2,LAC,Alex Erickson,1.2
00-0032543,A.Erickson,Alex Erickson,WR,LAC,BAL,12,2023,0,0,0.0,0,0,0.0,0,1,3,17.0,0,1.7,2.7,LAC,Alex Erickson,1.7
00-0032543,A.Erickson,Alex Erickson,WR,LAC,NE,13,2023,0,0,0.0,0,0,0.0,0,1,1,23.0,0,2.3,3.3,LAC,Alex Erickson,2.3
00-0032543,A.Erickson,Alex Erickson,WR,LAC,DEN,14,2023,0,0,0.0,0,0,0.0,0,1,7,9.0,0,0.9,1.9,LAC,Alex Erickson,0.9
00-0032543,A.Erickson,Alex Erickson,WR,LAC,LV,15,2023,0,0,0.0,0,0,0.0,0,1,2,13.0,1,7.3,8.3,LAC,Alex Erickson,7.3
00-0032543,A.Erickson,Alex Erickson,WR,LAC,BUF,16,2023,0,0,0.0,0,0,0.0,0,2,2,31.0,0,3.1,5.1,LAC,Alex Erickson,3.1
00-0032543,A.Erickson,Alex Erickson,WR,LAC,DEN,17,2023,0,0,0.0,0,0,0.0,0,7,8,98.0,0,9.8,16.8,LAC,Alex Erickson,9.8
00-0032543,A.Erickson,Alex Erickson,WR,LAC,KC,18,2023,0,0,0.0,0,0,0.0,0,2,5,29.0,0,2.9,4.9,LAC,Alex Erickson,2.9
00-0032688,R.Chosen,Robbie Chosen,WR,MIA,DEN,3,2023,0,0,0.0,0,0,0.0,0,1,1,68.0,1,12.8,13.8,MIA,Robbie Chosen,12.8
00-0032688,R.Chosen,Robbie Chosen,WR,MIA,BUF,4,2023,0,0,0.0,0,0,0.0,0,0,1,0.0,0,0.0,0.0,MIA,Robbie Chosen,0.0
00-0032688,R.Chosen,Robbie Chosen,WR,MIA,LV,11,2023,0,0,0.0,0,0,0.0,0,2,2,39.0,0,3.9,5.9,MIA,Robbie Chosen,3.9
00-0032688,R.Chosen,Robbie Chosen,WR,MIA,DAL,16,2023,0,0,0.0,0,0,0.0,0,1,1,19.0,0,1.9,2.9,MIA,Robbie Chosen,1.9
00-0032688,R.Chosen,Robbie Chosen,WR,MIA,BAL,17,2023,0,0,0.0,0,0,0.0,0,0,1,0.0,0,0.0,0.0,MIA,Robbie Chosen,0.0
00-0032764,D.Henry,Derrick Henry,RB,TEN,NO,1,2023,0,0,0.0,0,15,63.0,0,2,3,56.0,0,11.9,13.9,TEN,Derrick Henry,11.9
00-0032764,D.Henry,Derrick Henry,RB,TEN,LAC,2,2023,0,0,0.0,0,25,80.0,1,3,4,15.0,0,15.5,18.5,TEN,Derrick Henry,15.5
00-0032764,D.Henry,Derrick Henry,RB,TEN,CLE,3,2023,0,0,0.0,0,11,20.0,0,0,0,0.0,0,2.0,2.0,TEN,Derrick Henry,2.0
00-0032764,D.Henry,Derrick Henry,RB,TEN,CIN,4,2023,1,1,2.0,1,22,122.0,1,1,1,11.0,0,23.38,24.38,TEN,Derrick Henry,23.38
00-0032764,D.Henry,Derrick Henry,RB,TEN,IND,5,2023,0,1,0.0,0,13,43.0,0,3,3,19.0,0,6.2,9.2,TEN,Derrick Henry,6.2
00-0032764,D.Henry,Derrick Henry,RB,TEN,BAL,6,2023,0,0,0.0,0,12,97.0,1,2,2,16.0,0,17.3,19.3,TEN,Derrick Henry,17.3
00-0032764,D.Henry,Derrick Henry,RB,TEN,ATL,8,2023,0,0,0.0,0,22,101.0,0,4,4,21.0,0,12.2,16.2,TEN,Derrick Henry,12.2
00-0032764,D.Henry,Derrick Henry,RB,TEN,PIT,9,2023,0,0,0.0,0,17,75.0,1,3,4,27.0,0,16.2,19.2,TEN,Derrick Henry,16.2
00-0032764,D.Henry,Derrick Henry,RB,TEN,TB,10,2023,0,0,0.0,0,11,24.0,0,1,1,-4.0,0,2.0,3.0,TEN,Derrick Henry,2.0
00-0032764,D.Henry,Derrick Henry,RB,TEN,JAX,11,2023,0,0,0.0,0,10,38.0,0,1,2,6.0,0,4.4,5.4,TEN,Derrick Henry,4.4
00-0032764,D.Henry,Derrick Henry,RB,TEN,CAR,12,2023,0,0,0.0,0,18,76.0,2,1,2,0.0,0,19.6,20.6,TEN,Derrick Henry,19.6
00-0032764,D.Henry,Derrick Henry,RB,TEN,IND,13,2023,0,0,0.0,0,21,102.0,2,1,2,18.0,0,24.0,25.0,TEN,Derrick Henry,24.0
00-0032764,D.Henry,Derrick Henry,RB,TEN,MIA,14,2023,0,0,0.0,0,17,34.0,2,1,2,17.0,0,17.1,18.1,TEN,Derrick Henry,17.1
00-0032764,D.Henry,Derrick Henry,RB,TEN,HOU,15,2023,0,0,0.0,0,16,9.0,0,4,4,1.0,0,1.0,5.0,TEN,Derrick Henry,1.0
00-0032764,D.Henry,Derrick Henry,RB,TEN,SEA,16,2023,1,1,12.0,1,19,88.0,1,1,1,11.0,0,20.38,21.38,TEN,Derrick Henry,20.38
00-0032764,D.Henry,Derrick Henry,RB,TEN,HOU,17,2023,0,0,0.0,0,12,42.0,0,0,1,0.0,0,4.2,4.2,TEN,Derrick Henry,4.2
00-0032764,D.Henry,Derrick Henry,RB,TEN,JAX,18,2023,0,0,0.0,0,19,153.0,1,0,0,0.0,0,21.3,21.3,TEN,Derrick Henry,21.3
00-0032765,M.Thomas,Michael Thomas,WR,NO,TEN,1,2023,0,0,0.0,0,0,0.0,0,5,8,61.0,0,6.1,11.1,NO,Michael Thomas,6.1
00-0032765,M.Thomas,Michael Thomas,WR,NO,CAR,2,2023,0,0,0.0,0,0,0.0,0,7,9,55.0,0,5.5,12.5,NO,Michael Thomas,5.5
00-0032765,M.Thomas,Michael Thomas,WR,NO,GB,3,2023,0,0,0.0,0,0,0.0,0,6,9,50.0,0,5.0,11.0,NO,Michael Thomas,5.0
00-0032765,M.Thomas,Michael Thomas,WR,NO,TB,4,2023,0,0,0.0,0,0,0.0,0,4,6,53.0,0,5.3,9.3,NO,Michael Thomas,5.3
00-0032765,M.Thomas,Michael Thomas,WR,NO,NE,5,2023,0,0,0.0,0,0,0.0,0,4,7,65.0,0,6.5,10.5,NO,Michael Thomas,6.5
00-0032765,M.Thomas,Michael Thomas,WR,NO,HOU,6,2023,0,0,0.0,0,0,0.0,0,5,8,45.0,0,4.5,9.5,NO,Michael Thomas,4.5
00-0032765,M.Thomas,Michael Thomas,WR,NO,JAX,7,2023,0,0,0.0,0,0,0.0,0,3,7,42.0,1,10.2,13.2,NO,Michael Thomas,10.2
00-0032765,M.Thomas,Michael Thomas,WR,NO,IND,8,2023,0,0,0.0,0,0,0.0,0,4,7,68.0,0,6.8,10.8,NO,Michael Thomas,6.8
00-0032765,M.Thomas,Michael Thomas,WR,NO,CHI,9,2023,0,0,0.0,0,0,0.0,0,0,1,0.0,0,0.0,0.0,NO,Michael Thomas,0.0
00-0032765,M.Thomas,Michael Thomas,WR,NO,MIN,10,2023,0,0,0.0,0,0,0.0,0,1,2,9.0,0,0.9,1.9,NO,Michael Thomas,0.9
00-0032775,D.Robinson,Demarcus Robinson,WR,LA,GB,9,2023,0,0,0.0,0,0,0.0,0,1,1,15.0,0,1.5,2.5,LA,Demarcus Robinson,1.5
00-0032775,D.Robinson,Demarcus Robinson,WR,LA,SEA,11,2023,0,0,0.0,0,0,0.0,0,2,2,24.0,0,2.4,4.4,LA,Demarcus Robinson,2.4
00-0032775,D.Robinson,Demarcus Robinson,WR,LA,ARI,12,2023,0,0,0.0,0,0,0.0,0,2,2,13.0,0,1.3,3.3,LA,Demarcus Robinson,1.3
00-0032775,D.Robinson,Demarcus Robinson,WR,LA,CLE,13,2023,0,0,0.0,0,0,0.0,0,4,5,55.0,1,11.5,15.5,LA,Demarcus Robinson,11.5
00-0032775,D.Robinson,Demarcus Robinson,WR,LA,BAL,14,2023,0,0,0.0,0,0,0.0,0,3,10,46.0,1,10.6,13.6,LA,Demarcus Robinson,10.6
00-0032775,D.Robinson,Demarcus Robinson,WR,LA,WAS,15,2023,0,0,0.0,0,1,23.0,0,2,3,44.0,1,12.7,14.7,LA,Demarcus Robinson,12.7
00-0032775,D.Robinson,Demarcus Robinson,WR,LA,NO,16,2023,0,0,0.0,0,0,0.0,0,6,6,82.0,1,14.2,20.2,LA,Demarcus Robinson,14.2
00-0032775,D.Robinson,Demarcus Robinson,WR,LA,NYG,17,2023,0,0,0.0,0,0,0.0,0,6,10,92.0,0,7.2,13.2,LA,Demarcus Robinson,7.2
00-0032775,D.Robinson,Demarcus Robinson,WR,LA,DET,19,2023,0,0,0.0,0,0,0.0,0,3,6,44.0,0,4.4,7.4,LA,Demarcus Robinson,4.4
00-0032918,C.Ham,C.J. Ham,FB,MIN,TB,1,2023,0,0,0.0,0,0,0.0,0,2,3,7.0,0,0.7,2.7,MIN,C.J. Ham,0.7
00-0032918,C.Ham,C.J. Ham,FB,MIN,LAC,3,2023,0,0,0.0,0,0,0.0,0,1,1,7.0,0,0.7,1.7,MIN,C.J. Ham,0.7
00-0032918,C.Ham,C.J. Ham,FB,MIN,GB,8,2023,0,0,0.0,0,0,0.0,0,1,1,2.0,0,0.2,1.2,MIN,C.J. Ham,0.2
00-0032918,C.Ham,C.J. Ham,FB,MIN,CHI,12,2023,0,0,0.0,0,0,0.0,0,2,3,3.0,0,0.3,2.3,MIN,C.J. Ham,0.3
00-0032918,C.Ham,C.J. Ham,FB,MIN,LV,14,2023,0,0,0.0,0,1,7.0,0,0,0,0.0,0,0.7,0.7,MIN,C.J. Ham,0.7
00-0032918,C.Ham,C.J. Ham,FB,MIN,DET,16,2023,0,0,0.0,0,0,0.0,0,1,1,6.0,0,0.6,1.6,MIN,C.J. Ham,0.6
00-0032950,C.Wentz,Carson Wentz,QB,LA,SF,18,2023,17,24,163.0,2,17,56.0,1,0,0,0.0,0,26.12,26.12,LA,Carson Wentz,26.12
00-0032951,L.Treadwell,Laquon Treadwell,WR,BAL,PIT,18,2023,0,0,0.0,0,0,0.0,0,1,3,16.0,0,1.6,2.6,BAL,Laquon Treadwell,1.6
00-0032975,J.Williams,Jonathan Williams,RB,WAS,LA,15,2023,0,0,0.0,0,1,-2.0,0,0,1,0.0,0,-0.2,-0.2,WAS,Jonathan Williams,-0.2
00-0033009,T.Boyd,Tyler Boyd,WR,CIN,CLE,1,2023,0,0,0.0,0,0,0.0,0,2,3,10.0,0,1.0,3.0,CIN,Tyler Boyd,1.0
00-0033009,T.Boyd,Tyler Boyd,WR,CIN,BAL,2,2023,0,0,0.0,0,0,0.0,0,6,8,52.0,0,5.2,11.2,CIN,Tyler Boyd,5.2
00-0033009,T.Boyd,Tyler Boyd,WR,CIN,LA,3,2023,0,0,0.0,0,0,0.0,0,5,9,39.0,0,3.9,8.9,CIN,Tyler Boyd,3.9
00-0033009,T.Boyd,Tyler Boyd,WR,CIN,TEN,4,2023,0,0,0.0,0,0,0.0,0,4,7,26.0,0,2.6,6.6,CIN,Tyler Boyd,2.6
00-0033009,T.Boyd,Tyler Boyd,WR,CIN,ARI,5,2023,0,0,0.0,0,0,0.0,0,6,7,39.0,0,3.9,9.9,CIN,Tyler Boyd,3.9
00-0033009,T.Boyd,Tyler Boyd,WR,CIN,SEA,6,2023,0,0,0.0,0,0,0.0,0,7,7,38.0,1,9.8,16.8,CIN,Tyler Boyd,9.8
00-0033009,T.Boyd,Tyler Boyd,WR,CIN,SF,8,2023,0,0,0.0,0,1,6.0,0,3,3,40.0,1,10.6,13.6,CIN,Tyler Boyd,10.6
00-0033009,T.Boyd,Tyler Boyd,WR,CIN,BUF,9,2023,0,0,0.0,0,0,0.0,0,3,5,56.0,0,5.6,8.6,CIN,Tyler Boyd,5.6
00-0033009,T.Boyd,Tyler Boyd,WR,CIN,HOU,10,2023,0,0,0.0,0,0,0.0,0,8,12,117.0,0,11.7,19.7,CIN,Tyler Boyd,11.7
00-0033009,T.Boyd,Tyler Boyd,WR,CIN,BAL,11,2023,0,0,0.0,0,0,0.0,0,3,6,22.0,0,2.2,5.2,CIN,Tyler Boyd,2.2
00-0033009,T.Boyd,Tyler Boyd,WR,CIN,PIT,12,2023,0,0,0.0,0,0,0.0,0,3,5,23.0,0,2.3,5.3,CIN,Tyler Boyd,2.3
00-0033009,T.Boyd,Tyler Boyd,WR,CIN,JAX,13,2023,0,1,0.0,0,1,5.0,0,5,7,37.0,0,2.2,7.2,CIN,Tyler Boyd,2.2
00-0033009,T.Boyd,Tyler Boyd,WR,CIN,IND,14,2023,0,0,0.0,0,0,0.0,0,2,3,23.0,0,2.3,4.3,CIN,Tyler Boyd,2.3
00-0033009,T.Boyd,Tyler Boyd,WR,CIN,MIN,15,2023,0,0,0.0,0,0,0.0,0,2,5,53.0,0,5.3,7.3,CIN,Tyler Boyd,5.3
00-0033009,T.Boyd,Tyler Boyd,WR,CIN,PIT,16,2023,0,0,0.0,0,0,0.0,0,5,7,59.0,0,5.9,10.9,CIN,Tyler Boyd,5.9
00-0033009,T.Boyd,Tyler Boyd,WR,CIN,KC,17,2023,0,0,0.0,0,0,0.0,0,2,2,29.0,0,2.9,4.9,CIN,Tyler Boyd,2.9
00-0033009,T.Boyd,Tyler Boyd,WR,CIN,CLE,18,2023,0,0,0.0,0,0,0.0,0,1,2,4.0,0,0.4,1.4,CIN,Tyler Boyd,0.4
00-0033040,T.Hill,Tyreek Hill,WR,MIA,LAC,1,2023,0,0,0.0,0,0,0.0,0,11,15,215.0,2,33.5,44.5,MIA,Tyreek Hill,33.5
00-0033040,T.Hill,Tyreek Hill,WR,MIA,NE,2,2023,0,0,0.0,0,0,0.0,0,5,9,40.0,1,10.0,15.0,MIA,Tyreek Hill,10.0
00-0033040,T.Hill,Tyreek Hill,WR,MIA,DEN,3,2023,0,0,0.0,0,0,0.0,0,9,11,157.0,1,21.7,30.7,MIA,Tyreek Hill,21.7
00-0033040,T.Hill,Tyreek Hill,WR,MIA,BUF,4,2023,0,0,0.0,0,1,14.0,0,3,5,58.0,0,7.2,10.2,MIA,Tyreek Hill,7.2
00-0033040,T.Hill,Tyreek Hill,WR,MIA,NYG,5,2023,0,0,0.0,0,0,0.0,0,8,9,181.0,1,24.1,32.1,MIA,Tyreek Hill,24.1
00-0033040,T.Hill,Tyreek Hill,WR,MIA,CAR,6,2023,0,0,0.0,0,0,0.0,0,6,10,163.0,1,22.3,28.3,MIA,Tyreek Hill,22.3
00-0033040,T.Hill,Tyreek Hill,WR,MIA,PHI,7,2023,0,0,0.0,0,0,0.0,0,11,15,88.0,1,14.8,25.8,MIA,Tyreek Hill,14.8
00-0033040,T.Hill,Tyreek Hill,WR,MIA,NE,8,2023,0,0,0.0,0,0,0.0,0,8,13,112.0,1,17.2,25.2,MIA,Tyreek Hill,17.2
00-0033040,T.Hill,Tyreek Hill,WR,MIA,KC,9,2023,0,0,0.0,0,1,3.0,0,8,10,62.0,0,4.5,12.5,MIA,Tyreek Hill,4.5
00-0033040,T.Hill,Tyreek Hill,WR,MIA,LV,11,2023,0,0,0.0,0,0,0.0,0,10,11,146.0,1,20.6,30.6,MIA,Tyreek Hill,20.6
00-0033040,T.Hill,Tyreek Hill,WR,MIA,NYJ,12,2023,0,0,0.0,0,1,2.0,0,9,12,102.0,1,16.4,25.4,MIA,Tyreek Hill,16.4
00-0033040,T.Hill,Tyreek Hill,WR,MIA,WAS,13,2023,0,0,0.0,0,2,-4.0,0,5,7,157.0,2,27.3,32.3,MIA,Tyreek Hill,27.3
00-0033040,T.Hill,Tyreek Hill,WR,MIA,TEN,14,2023,0,0,0.0,0,0,0.0,0,4,5,61.0,0,6.1,10.1,MIA,Tyreek Hill,6.1
00-0033040,T.Hill,Tyreek Hill,WR,MIA,DAL,16,2023,0,0,0.0,0,0,0.0,0,9,14,99.0,0,9.9,18.9,MIA,Tyreek Hill,9.9
00-0033040,T.Hill,Tyreek Hill,WR,MIA,BAL,17,2023,0,0,0.0,0,1,0.0,0,6,12,76.0,0,7.6,13.6,MIA,Tyreek Hill,7.6
00-0033040,T.Hill,Tyreek Hill,WR,MIA,BUF,18,2023,0,0,0.0,0,0,0.0,0,7,13,82.0,1,14.2,21.2,MIA,Tyreek Hill,14.2
00-0033040,T.Hill,Tyreek Hill,WR,MIA,KC,19,2023,0,0,0.0,0,0,0.0,0,5,8,62.0,1,12.2,17.2,MIA,Tyreek Hill,12.2
00-0033045,E.Elliott,Ezekiel Elliott,RB,NE,PHI,1,2023,0,0,0.0,0,7,29.0,0,5,7,14.0,0,2.3,7.3,NE,Ezekiel Elliott,2.3
00-0033045,E.Elliott,Ezekiel Elliott,RB,NE,MIA,2,2023,0,0,0.0,0,5,13.0,0,0,0,0.0,0,1.3,1.3,NE,Ezekiel Elliott,1.3
00-0033045,E.Elliott,Ezekiel Elliott,RB,NE,NYJ,3,2023,0,0,0.0,0,16,80.0,0,1,1,7.0,0,8.7,9.7,NE,Ezekiel Elliott,8.7
00-0033045,E.Elliott,Ezekiel Elliott,RB,NE,DAL,4,2023,0,0,0.0,0,6,16.0,0,2,3,6.0,0,2.2,4.2,NE,Ezekiel Elliott,2.2
00-0033045,E.Elliott,Ezekiel Elliott,RB,NE,NO,5,2023,0,0,0.0,0,8,21.0,0,4,4,17.0,0,3.8,7.8,NE,Ezekiel Elliott,3.8
00-0033045,E.Elliott,Ezekiel Elliott,RB,NE,LV,6,2023,0,0,0.0,0,7,34.0,1,1,1,15.0,0,10.9,11.9,NE,Ezekiel Elliott,10.9
00-0033045,E.Elliott,Ezekiel Elliott,RB,NE,BUF,7,2023,0,0,0.0,0,11,31.0,1,0,1,0.0,0,9.1,9.1,NE,Ezekiel Elliott,9.1
00-0033045,E.Elliott,Ezekiel Elliott,RB,NE,MIA,8,2023,0,0,0.0,0,7,36.0,0,0,0,0.0,0,3.6,3.6,NE,Ezekiel Elliott,3.6
00-0033045,E.Elliott,Ezekiel Elliott,RB,NE,WAS,9,2023,0,0,0.0,0,6,17.0,0,3,5,15.0,0,3.2,6.2,NE,Ezekiel Elliott,3.2
00-0033045,E.Elliott,Ezekiel Elliott,RB,NE,IND,10,2023,0,0,0.0,0,13,54.0,0,2,2,34.0,0,8.8,10.8,NE,Ezekiel Elliott,8.8
00-0033045,E.Elliott,Ezekiel Elliott,RB,NE,NYG,12,2023,0,0,0.0,0,9,46.0,0,2,2,6.0,0,5.2,7.2,NE,Ezekiel Elliott,5.2
00-0033045,E.Elliott,Ezekiel Elliott,RB,NE,LAC,13,2023,0,0,0.0,0,17,52.0,0,4,5,40.0,0,9.2,13.2,NE,Ezekiel Elliott,9.2
00-0033045,E.Elliott,Ezekiel Elliott,RB,NE,PIT,14,2023,0,0,0.0,0,22,68.0,0,7,8,72.0,1,20.0,27.0,NE,Ezekiel Elliott,20.0
00-0033045,E.Elliott,Ezekiel Elliott,RB,NE,KC,15,2023,0,0,0.0,0,11,25.0,0,5,6,21.0,0,4.6,9.6,NE,Ezekiel Elliott,4.6
00-0033045,E.Elliott,Ezekiel Elliott,RB,NE,DEN,16,2023,0,0,0.0,0,12,27.0,0,9,11,33.0,1,12.0,21.0,NE,Ezekiel Elliott,12.0
00-0033045,E.Elliott,Ezekiel Elliott,RB,NE,BUF,17,2023,0,0,0.0,0,14,39.0,1,1,2,6.0,0,10.5,11.5,NE,Ezekiel Elliott,10.5
00-0033045,E.Elliott,Ezekiel Elliott,RB,NE,NYJ,18,2023,0,0,0.0,0,13,54.0,0,5,7,27.0,0,8.1,13.1,NE,Ezekiel Elliott,8.1
00-0033077,D.Prescott,Dak Prescott,QB,DAL,NYG,1,2023,13,24,143.0,0,1,6.0,0,0,0,0.0,0,6.32,6.32,DAL,Dak Prescott,6.32
00-0033077,D.Prescott,Dak Prescott,QB,DAL,NYJ,2,2023,31,38,255.0,2,6,14.0,0,0,0,0.0,0,19.6,19.6,DAL,Dak Prescott,19.6
00-0033077,D.Prescott,Dak Prescott,QB,DAL,ARI,3,2023,25,40,249.0,1,3,24.0,0,0,0,0.0,0,14.36,14.36,DAL,Dak Prescott,14.36
00-0033077,D.Prescott,Dak Prescott,QB,DAL,NE,4,2023,28,34,261.0,1,1,-1.0,0,0,0,0.0,0,14.34,14.34,DAL,Dak Prescott,14.34
00-0033077,D.Prescott,Dak Prescott,QB,DAL,SF,5,2023,14,24,153.0,1,1,2.0,0,0,0,0.0,0,4.32,4.32,DAL,Dak Prescott,4.32
00-0033077,D.Prescott,Dak Prescott,QB,DAL,LAC,6,2023,21,30,272.0,1,7,40.0,1,0,0,0.0,0,24.88,24.88,DAL,Dak Prescott,24.88
00-0033077,D.Prescott,Dak Prescott,QB,DAL,LA,8,2023,25,31,304.0,4,4,19.0,0,0,0,0.0,0,28.06,28.06,DAL,Dak Prescott,28.06
00-0033077,D.Prescott,Dak Prescott,QB,DAL,PHI,9,2023,29,44,374.0,3,6,14.0,0,0,0,0.0,0,28.36,28.36,DAL,Dak Prescott,28.36
00-0033077,D.Prescott,Dak Prescott,QB,DAL,NYG,10,2023,26,35,404.0,4,2,17.0,1,0,0,0.0,0,37.86,37.86,DAL,Dak Prescott,37.86
00-0033077,D.Prescott,Dak Prescott,QB,DAL,CAR,11,2023,25,38,189.0,2,2,6.0,0,0,0,0.0,0,16.16,16.16,DAL,Dak Prescott,16.16
00-0033077,D.Prescott,Dak Prescott,QB,DAL,WAS,12,2023,22,32,331.0,4,1,10.0,0,0,0,0.0,0,32.24,32.24,DAL,Dak Prescott,32.24
00-0033077,D.Prescott,Dak Prescott,QB,DAL,SEA,13,2023,29,41,299.0,3,7,23.0,0,0,0,0.0,0,28.26,28.26,DAL,Dak Prescott,28.26
00-0033077,D.Prescott,Dak Prescott,QB,DAL,PHI,14,2023,24,39,271.0,2,3,11.0,0,0,0,0.0,0,17.94,17.94,DAL,Dak Prescott,17.94
00-0033077,D.Prescott,Dak Prescott,QB,DAL,BUF,15,2023,21,34,134.0,0,4,27.0,0,0,0,0.0,0,6.06,6.06,DAL,Dak Prescott,6.06
00-0033077,D.Prescott,Dak Prescott,QB,DAL,MIA,16,2023,20,32,253.0,2,5,25.0,0,0,0,0.0,0,18.62,18.62,DAL,Dak Prescott,18.62
00-0033077,D.Prescott,Dak Prescott,QB,DAL,DET,17,2023,26,38,345.0,2,2,5.0,0,0,0,0.0,0,20.3,20.3,DAL,Dak Prescott,20.3
00-0033077,D.Prescott,Dak Prescott,QB,DAL,WAS,18,2023,31,36,279.0,4,0,0.0,0,0,0,0.0,0,25.16,25.16,DAL,Dak Prescott,25.16
00-0033077,D.Prescott,Dak Prescott,QB,DAL,GB,19,2023,41,60,403.0,3,6,45.0,0,0,0,0.0,0,30.62,30.62,DAL,Dak Prescott,30.62
00-0033090,H.Henry,Hunter Henry,TE,NE,PHI,1,2023,0,0,0.0,0,0,0.0,0,5,6,56.0,1,11.6,16.6,NE,Hunter Henry,11.6
00-0033090,H.Henry,Hunter Henry,TE,NE,MIA,2,2023,0,0,0.0,0,0,0.0,0,6,7,52.0,1,11.2,17.2,NE,Hunter Henry,11.2
00-0033090,H.Henry,Hunter Henry,TE,NE,NYJ,3,2023,0,0,0.0,0,0,0.0,0,2,5,17.0,0,1.7,3.7,NE,Hunter Henry,1.7
00-0033090,H.Henry,Hunter Henry,TE,NE,DAL,4,2023,0,0,0.0,0,0,0.0,0,4,5,51.0,0,5.1,9.1,NE,Hunter Henry,5.1
00-0033090,H.Henry,Hunter Henry,TE,NE,NO,5,2023,0,0,0.0,0,0,0.0,0,0,2,0.0,0,0.0,0.0,NE,Hunter Henry,0.0
00-0033090,H.Henry,Hunter Henry,TE,NE,LV,6,2023,0,0,0.0,0,0,0.0,0,1,3,7.0,0,0.7,1.7,NE,Hunter Henry,0.7
00-0033090,H.Henry,Hunter Henry,TE,NE,BUF,7,2023,0,0,0.0,0,0,0.0,0,2,3,27.0,0,2.7,4.7,NE,Hunter Henry,2.7
00-0033090,H.Henry,Hunter Henry,TE,NE,MIA,8,2023,0,0,0.0,0,0,0.0,0,3,3,28.0,0,2.8,5.8,NE,Hunter Henry,2.8
00-0033090,H.Henry,Hunter Henry,TE,NE,WAS,9,2023,0,0,0.0,0,0,0.0,0,4,6,39.0,1,9.9,13.9,NE,Hunter Henry,9.9
00-0033090,H.Henry,Hunter Henry,TE,NE,IND,10,2023,0,0,0.0,0,0,0.0,0,3,5,21.0,0,2.1,5.1,NE,Hunter Henry,2.1
00-0033090,H.Henry,Hunter Henry,TE,NE,LAC,13,2023,0,0,0.0,0,0,0.0,0,2,4,15.0,0,1.5,3.5,NE,Hunter Henry,1.5
00-0033090,H.Henry,Hunter Henry,TE,NE,PIT,14,2023,0,0,0.0,0,0,0.0,0,3,3,40.0,2,16.0,19.0,NE,Hunter Henry,16.0
00-0033090,H.Henry,Hunter Henry,TE,NE,KC,15,2023,0,0,0.0,0,0,0.0,0,7,9,66.0,1,12.6,19.6,NE,Hunter Henry,12.6
00-0033106,J.Goff,Jared Goff,QB,DET,KC,1,2023,22,35,253.0,1,5,-1.0,0,0,0,0.0,0,14.02,14.02,DET,Jared Goff,14.02
00-0033106,J.Goff,Jared Goff,QB,DET,SEA,2,2023,28,35,323.0,3,0,0.0,0,0,0,0.0,0,22.92,22.92,DET,Jared Goff,22.92
00-0033106,J.Goff,Jared Goff,QB,DET,ATL,3,2023,22,33,243.0,1,5,3.0,1,0,0,0.0,0,18.02,18.02,DET,Jared Goff,18.02
00-0033106,J.Goff,Jared Goff,QB,DET,GB,4,2023,19,28,210.0,1,2,10.0,0,0,0,0.0,0,11.4,11.4,DET,Jared Goff,11.4
00-0033106,J.Goff,Jared Goff,QB,DET,CAR,5,2023,20,28,236.0,3,2,0.0,1,0,0,0.0,0,27.44,27.44,DET,Jared Goff,27.44
00-0033106,J.Goff,Jared Goff,QB,DET,TB,6,2023,30,44,353.0,2,2,3.0,0,0,0,0.0,0,22.42,22.42,DET,Jared Goff,22.42
00-0033106,J.Goff,Jared Goff,QB,DET,BAL,7,2023,33,53,284.0,0,0,0.0,0,0,0,0.0,0,9.36,9.36,DET,Jared Goff,9.36
00-0033106,J.Goff,Jared Goff,QB,DET,LV,8,2023,26,37,272.0,1,2,-2.0,0,0,0,0.0,0,12.68,12.68,DET,Jared Goff,12.68
00-0033106,J.Goff,Jared Goff,QB,DET,LAC,10,2023,23,33,333.0,2,3,-2.0,0,0,0,0.0,0,21.12,21.12,DET,Jared Goff,21.12
00-0033106,J.Goff,Jared Goff,QB,DET,CHI,11,2023,23,35,236.0,2,2,3.0,0,0,0,0.0,0,13.74,13.74,DET,Jared Goff,13.74
00-0033106,J.Goff,Jared Goff,QB,DET,GB,12,2023,29,44,332.0,2,3,9.0,0,0,0,0.0,0,18.18,18.18,DET,Jared Goff,18.18
00-0033106,J.Goff,Jared Goff,QB,DET,NO,13,2023,16,25,213.0,2,2,-2.0,0,0,0,0.0,0,16.32,16.32,DET,Jared Goff,16.32
00-0033106,J.Goff,Jared Goff,QB,DET,CHI,14,2023,20,35,161.0,1,1,0.0,0,0,0,0.0,0,4.44,4.44,DET,Jared Goff,4.44
00-0033106,J.Goff,Jared Goff,QB,DET,DEN,15,2023,24,34,278.0,5,0,0.0,0,0,0,0.0,0,31.12,31.12,DET,Jared Goff,31.12
00-0033106,J.Goff,Jared Goff,QB,DET,MIN,16,2023,30,40,257.0,1,3,0.0,0,0,0,0.0,0,14.28,14.28,DET,Jared Goff,14.28
00-0033106,J.Goff,Jared Goff,QB,DET,DAL,17,2023,19,34,271.0,1,0,0.0,0,0,0,0.0,0,10.84,10.84,DET,Jared Goff,10.84
00-0033106,J.Goff,Jared Goff,QB,DET,MIN,18,2023,23,32,320.0,2,0,0.0,0,0,0,0.0,0,20.8,20.8,DET,Jared Goff,20.8
00-0033106,J.Goff,Jared Goff,QB,DET,LA,19,2023,22,27,277.0,1,3,-3.0,0,0,0,0.0,0,14.78,14.78,DET,Jared Goff,14.78
00-0033106,J.Goff,Jared Goff,QB,DET,TB,20,2023,30,43,287.0,2,6,6.0,0,0,0,0.0,0,20.08,20.08,DET,Jared Goff,20.08
00-0033106,J.Goff,Jared Goff,QB,DET,SF,21,2023,25,41,273.0,1,0,0.0,0,0,0,0.0,0,14.92,14.92,DET,Jared Goff,14.92
00-0033110,T.Higbee,Tyler Higbee,TE,LA,SEA,1,2023,0,0,0.0,0,0,0.0,0,3,3,49.0,0,4.9,7.9,LA,Tyler Higbee,4.9
00-0033110,T.Higbee,Tyler Higbee,TE,LA,SF,2,2023,0,0,0.0,0,0,0.0,0,3,7,12.0,0,1.2,4.2,LA,Tyler Higbee,1.2
00-0033110,T.Higbee,Tyler Higbee,TE,LA,CIN,3,2023,0,0,0.0,0,0,0.0,0,5,5,71.0,0,7.1,12.1,LA,Tyler Higbee,7.1
00-0033110,T.Higbee,Tyler Higbee,TE,LA,IND,4,2023,0,0,0.0,0,0,0.0,0,5,11,64.0,0,6.4,11.4,LA,Tyler Higbee,6.4
00-0033110,T.Higbee,Tyler Higbee,TE,LA,PHI,5,2023,0,0,0.0,0,0,0.0,0,2,3,20.0,0,2.0,4.0,LA,Tyler Higbee,2.0
00-0033110,T.Higbee,Tyler Higbee,TE,LA,ARI,6,2023,0,0,0.0,0,0,0.0,0,2,3,18.0,0,1.8,3.8,LA,Tyler Higbee,1.8
00-0033110,T.Higbee,Tyler Higbee,TE,LA,PIT,7,2023,0,0,0.0,0,0,0.0,0,1,3,7.0,0,0.7,1.7,LA,Tyler Higbee,0.7
00-0033110,T.Higbee,Tyler Higbee,TE,LA,DAL,8,2023,0,0,0.0,0,0,0.0,0,5,7,45.0,0,4.5,9.5,LA,Tyler Higbee,4.5
00-0033110,T.Higbee,Tyler Higbee,TE,LA,GB,9,2023,0,0,0.0,0,0,0.0,0,0,1,0.0,0,0.0,0.0,LA,Tyler Higbee,0.0
00-0033110,T.Higbee,Tyler Higbee,TE,LA,SEA,11,2023,0,0,0.0,0,0,0.0,0,1,3,17.0,0,1.7,2.7,LA,Tyler Higbee,1.7
00-0033110,T.Higbee,Tyler Higbee,TE,LA,ARI,12,2023,0,0,0.0,0,0,0.0,0,5,5,29.0,2,14.9,19.9,LA,Tyler Higbee,14.9
00-0033110,T.Higbee,Tyler Higbee,TE,LA,CLE,13,2023,0,0,0.0,0,0,0.0,0,2,4,35.0,0,3.5,5.5,LA,Tyler Higbee,3.5
00-0033110,T.Higbee,Tyler Higbee,TE,LA,WAS,15,2023,0,0,0.0,0,0,0.0,0,4,5,36.0,0,3.6,7.6,LA,Tyler Higbee,3.6
00-0033110,T.Higbee,Tyler Higbee,TE,LA,NO,16,2023,0,0,0.0,0,0,0.0,0,3,3,30.0,0,3.0,6.0,LA,Tyler Higbee,3.0
00-0033110,T.Higbee,Tyler Higbee,TE,LA,NYG,17,2023,0,0,0.0,0,0,0.0,0,6,7,62.0,0,6.2,12.2,LA,Tyler Higbee,6.2
00-0033110,T.Higbee,Tyler Higbee,TE,LA,DET,19,2023,0,0,0.0,0,0,0.0,0,0,1,0.0,0,0.0,0.0,LA,Tyler Higbee,0.0
00-0033118,K.Drake,Kenyan Drake,RB,BAL,IND,3,2023,0,0,0.0,0,1,0.0,0,2,3,31.0,0,1.1,3.1,BAL,Kenyan Drake,1.1
00-0033118,K.Drake,Kenyan Drake,RB,GB,TB,15,2023,0,0,0.0,0,1,0.0,0,0,0,0.0,0,0.0,0.0,GB,Kenyan Drake,0.0
00-0033119,J.Brissett,Jacoby Brissett,QB,WAS,LA,15,2023,8,10,124.0,2,2,9.0,0,0,0,0.0,0,13.86,13.86,WAS,Jacoby Brissett,13.86
00-0033119,J.Brissett,Jacoby Brissett,QB,WAS,NYJ,16,2023,10,13,100.0,1,1,10.0,0,0,0,0.0,0,9.0,9.0,WAS,Jacoby Brissett,9.0
00-0033217,M.Alie-Cox,Mo Alie-Cox,TE,IND,JAX,1,2023,0,0,0.0,0,0,0.0,0,0,2,0.0,0,0.0,0.0,IND,Mo Alie-Cox,0.0
00-0033217,M.Alie-Cox,Mo Alie-Cox,TE,IND,HOU,2,2023,0,0,0.0,0,0,0.0,0,1,1,15.0,0,1.5,2.5,IND,Mo Alie-Cox,1.5
00-0033217,M.Alie-Cox,Mo Alie-Cox,TE,IND,LA,4,2023,0,0,0.0,0,0,0.0,0,1,1,35.0,1,9.5,10.5,IND,Mo Alie-Cox,9.5
00-0033217,M.Alie-Cox,Mo Alie-Cox,TE,IND,TEN,5,2023,0,0,0.0,0,0,0.0,0,1,1,17.0,0,1.7,2.7,IND,Mo Alie-Cox,1.7
00-0033217,M.Alie-Cox,Mo Alie-Cox,TE,IND,CLE,7,2023,0,0,0.0,0,0,0.0,0,1,1,-6.0,0,-0.6,0.4,IND,Mo Alie-Cox,-0.6
00-0033217,M.Alie-Cox,Mo Alie-Cox,TE,IND,NO,8,2023,0,0,0.0,0,0,0.0,0,1,2,11.0,0,1.1,2.1,IND,Mo Alie-Cox,1.1
00-0033217,M.Alie-Cox,Mo Alie-Cox,TE,IND,NE,10,2023,0,0,0.0,0,0,0.0,0,0,1,0.0,0,0.0,0.0,IND,Mo Alie-Cox,0.0
00-0033217,M.Alie-Cox,Mo Alie-Cox,TE,IND,TB,12,2023,0,0,0.0,0,0,0.0,0,1,1,30.0,0,3.0,4.0,IND,Mo Alie-Cox,3.0
00-0033217,M.Alie-Cox,Mo Alie-Cox,TE,IND,CIN,14,2023,0,0,0.0,0,0,0.0,0,1,1,2.0,1,6.2,7.2,IND,Mo Alie-Cox,6.2
00-0033217,M.Alie-Cox,Mo Alie-Cox,TE,IND,PIT,15,2023,0,0,0.0,0,0,0.0,0,2,3,21.0,1,8.1,10.1,IND,Mo Alie-Cox,8.1
00-0033217,M.Alie-Cox,Mo Alie-Cox,TE,IND,ATL,16,2023,0,0,0.0,0,0,0.0,0,0,1,0.0,0,0.0,0.0,IND,Mo Alie-Cox,0.0
00-0033217,M.Alie-Cox,Mo Alie-Cox,TE,IND,LV,17,2023,0,0,0.0,0,0,0.0,0,2,3,18.0,0,1.8,3.8,IND,Mo Alie-Cox,1.8
00-0033217,M.Alie-Cox,Mo Alie-Cox,TE,IND,HOU,18,2023,0,0,0.0,0,0,0.0,0,2,4,18.0,0,3.8,5.8,IND,Mo Alie-Cox,3.8
00-0033246,J.Mundt,Johnny Mundt,TE,MIN,KC,5,2023,0,0,0.0,0,0,0.0,0,1,1,11.0,0,1.1,2.1,MIN,Johnny Mundt,1.1
00-0033246,J.Mundt,Johnny Mundt,TE,MIN,GB,8,2023,0,0,0.0,0,0,0.0,0,1,1,8.0,0,0.8,1.8,MIN,Johnny Mundt,0.8
00-0033246,J.Mundt,Johnny Mundt,TE,MIN,ATL,9,2023,0,0,0.0,0,0,0.0,0,1,1,18.0,0,1.8,2.8,MIN,Johnny Mundt,1.8
00-0033246,J.Mundt,Johnny Mundt,TE,MIN,NO,10,2023,0,0,0.0,0,0,0.0,0,2,2,8.0,0,0.8,2.8,MIN,Johnny Mundt,0.8
00-0033246,J.Mundt,Johnny Mundt,TE,MIN,LV,14,2023,0,0,0.0,0,0,0.0,0,1,1,4.0,0,0.4,1.4,MIN,Johnny Mundt,0.4
00-0033246,J.Mundt,Johnny Mundt,TE,MIN,CIN,15,2023,0,0,0.0,0,0,0.0,0,1,1,3.0,0,0.3,1.3,MIN,Johnny Mundt,0.3
00-0033246,J.Mundt,Johnny Mundt,TE,MIN,DET,16,2023,0,0,0.0,0,0,0.0,0,1,3,23.0,0,2.3,3.3,MIN,Johnny Mundt,2.3
00-0033246,J.Mundt,Johnny Mundt,TE,MIN,GB,17,2023,0,0,0.0,0,0,0.0,0,4,7,39.0,1,9.9,13.9,MIN,Johnny Mundt,9.9
00-0033246,J.Mundt,Johnny Mundt,TE,MIN,DET,18,2023,0,0,0.0,0,0,0.0,0,5,6,58.0,0,5.8,10.8,MIN,Johnny Mundt,5.8
00-0033251,Z.Pascal,Zach Pascal,WR,ARI,WAS,1,2023,0,0,0.0,0,0,0.0,0,0,1,0.0,0,0.0,0.0,ARI,Zach Pascal,0.0
00-0033251,Z.Pascal,Zach Pascal,WR,ARI,NYG,2,2023,0,0,0.0,0,0,0.0,0,1,1,9.0,0,0.9,1.9,ARI,Zach Pascal,0.9
00-0033251,Z.Pascal,Zach Pascal,WR,ARI,SF,4,2023,0,0,0.0,0,0,0.0,0,3,4,10.0,0,1.0,4.0,ARI,Zach Pascal,1.0
00-0033251,Z.Pascal,Zach Pascal,WR,ARI,CIN,5,2023,0,0,0.0,0,0,0.0,0,0,1,0.0,0,0.0,0.0,ARI,Zach Pascal,0.0
00-0033251,Z.Pascal,Zach Pascal,WR,ARI,LA,6,2023,0,0,0.0,0,0,0.0,0,0,1,0.0,0,0.0,0.0,ARI,Zach Pascal,0.0
00-0033251,Z.Pascal,Zach Pascal,WR,ARI,BAL,8,2023,0,0,0.0,0,0,0.0,0,0,1,0.0,0,0.0,0.0,ARI,Zach Pascal,0.0
00-0033251,Z.Pascal,Zach Pascal,WR,ARI,CLE,9,2023,0,0,0.0,0,0,0.0,0,0,1,0.0,0,0.0,0.0,ARI,Zach Pascal,0.0
00-0033251,Z.Pascal,Zach Pascal,WR,ARI,ATL,10,2023,0,0,0.0,0,0,0.0,0,0,1,0.0,0,0.0,0.0,ARI,Zach Pascal,0.0
00-0033251,Z.Pascal,Zach Pascal,WR,ARI,SF,15,2023,0,0,0.0,0,0,0.0,0,0,4,0.0,0,0.0,0.0,ARI,Zach Pascal,0.0
00-0033275,P.Walker,P.J. Walker,QB,CLE,SF,6,2023,18,34,192.0,0,3,1.0,0,0,0,0.0,0,3.78,3.78,CLE,P.J. Walker,3.78
00-0033275,P.Walker,P.J. Walker,QB,CLE,IND,7,2023,15,32,178.0,0,3,3.0,0,0,0,0.0,0,5.42,5.42,CLE,P.J. Walker,5.42
00-0033275,P.Walker,P.J. Walker,QB,CLE,SEA,8,2023,15,31,248.0,1,6,27.0,0,0,0,0.0,0,10.62,10.62,CLE,P.J. Walker,10.62
00-0033275,P.Walker,P.J. Walker,QB,CLE,BAL,10,2023,0,1,0.0,0,0,0.0,0,0,0,0.0,0,0.0,0.0,CLE,P.J. Walker,0.0
00-0033275,P.Walker,P.J. Walker,QB,CLE,DEN,12,2023,6,13,56.0,0,1,-1.0,0,0,0,0.0,0,0.14,0.14,CLE,P.J. Walker,0.14
00-0033280,C.McCaffrey,Christian McCaffrey,RB,SF,PIT,1,2023,0,0,0.0,0,22,152.0,1,3,5,17.0,0,22.9,25.9,SF,Christian McCaffrey,22.9
00-0033280,C.McCaffrey,Christian McCaffrey,RB,SF,LA,2,2023,0,0,0.0,0,20,116.0,1,3,3,19.0,0,19.5,22.5,SF,Christian McCaffrey,19.5
00-0033280,C.McCaffrey,Christian McCaffrey,RB,SF,NYG,3,2023,0,0,0.0,0,18,85.0,1,5,5,34.0,0,17.9,22.9,SF,Christian McCaffrey,17.9
00-0033280,C.McCaffrey,Christian McCaffrey,RB,SF,ARI,4,2023,0,0,0.0,0,20,106.0,3,7,8,71.0,1,41.7,48.7,SF,Christian McCaffrey,41.7
00-0033280,C.McCaffrey,Christian McCaffrey,RB,SF,DAL,5,2023,0,0,0.0,0,19,51.0,1,2,3,27.0,0,11.8,13.8,SF,Christian McCaffrey,11.8
00-0033280,C.McCaffrey,Christian McCaffrey,RB,SF,CLE,6,2023,0,0,0.0,0,11,43.0,0,3,3,9.0,1,11.2,14.2,SF,Christian McCaffrey,11.2
00-0033280,C.McCaffrey,Christian McCaffrey,RB,SF,MIN,7,2023,0,0,0.0,0,15,45.0,1,3,3,51.0,1,19.6,22.6,SF,Christian McCaffrey,19.6
00-0033280,C.McCaffrey,Christian McCaffrey,RB,SF,CIN,8,2023,0,0,0.0,0,12,54.0,1,6,7,64.0,1,23.8,29.8,SF,Christian McCaffrey,23.8
00-0033280,C.McCaffrey,Christian McCaffrey,RB,SF,JAX,10,2023,0,0,0.0,0,16,95.0,0,6,10,47.0,0,14.2,20.2,SF,Christian McCaffrey,14.2
00-0033280,C.McCaffrey,Christian McCaffrey,RB,SF,TB,11,2023,0,0,0.0,0,21,78.0,0,5,5,25.0,1,16.3,21.3,SF,Christian McCaffrey,16.3
00-0033280,C.McCaffrey,Christian McCaffrey,RB,SF,SEA,12,2023,0,0,0.0,0,19,114.0,2,5,6,25.0,0,25.9,30.9,SF,Christian McCaffrey,25.9
00-0033280,C.McCaffrey,Christian McCaffrey,RB,SF,PHI,13,2023,0,0,0.0,0,17,93.0,1,3,4,40.0,0,19.3,22.3,SF,Christian McCaffrey,19.3
00-0033280,C.McCaffrey,Christian McCaffrey,RB,SF,SEA,14,2023,0,0,0.0,0,16,145.0,0,1,1,8.0,0,15.3,16.3,SF,Christian McCaffrey,15.3
00-0033280,C.McCaffrey,Christian McCaffrey,RB,SF,ARI,15,2023,0,0,0.0,0,18,115.0,1,5,5,72.0,2,36.7,41.7,SF,Christian McCaffrey,36.7
00-0033280,C.McCaffrey,Christian McCaffrey,RB,SF,BAL,16,2023,0,0,0.0,0,14,103.0,1,6,10,28.0,0,19.1,25.1,SF,Christian McCaffrey,19.1
00-0033280,C.McCaffrey,Christian McCaffrey,RB,SF,WAS,17,2023,0,0,0.0,0,14,64.0,0,4,5,27.0,0,9.1,13.1,SF,Christian McCaffrey,9.1
00-0033280,C.McCaffrey,Christian McCaffrey,RB,SF,GB,20,2023,0,0,0.0,0,17,98.0,2,7,12,30.0,0,24.8,31.8,SF,Christian McCaffrey,24.8
00-0033280,C.McCaffrey,Christian McCaffrey,RB,SF,DET,21,2023,0,0,0.0,0,20,90.0,2,4,5,42.0,0,25.2,29.2,SF,Christian McCaffrey,25.2
00-0033280,C.McCaffrey,Christian McCaffrey,RB,SF,KC,22,2023,0,0,0.0,0,22,80.0,0,8,8,80.0,1,20.0,28.0,SF,Christian McCaffrey,20.0
00-0033282,C.Samuel,Curtis Samuel,WR,WAS,ARI,1,2023,0,0,0.0,0,1,6.0,0,5,5,54.0,0,6.0,11.0,WAS,Curtis Samuel,6.0
00-0033282,C.Samuel,Curtis Samuel,WR,WAS,DEN,2,2023,0,0,0.0,0,1,13.0,0,3,3,19.0,0,3.2,6.2,WAS,Curtis Samuel,3.2
00-0033282,C.Samuel,Curtis Samuel,WR,WAS,BUF,3,2023,0,0,0.0,0,0,0.0,0,2,4,54.0,0,5.4,7.4,WAS,Curtis Samuel,5.4
00-0033282,C.Samuel,Curtis Samuel,WR,WAS,PHI,4,2023,0,0,0.0,0,1,1.0,1,7,8,51.0,0,11.2,18.2,WAS,Curtis Samuel,11.2
00-0033282,C.Samuel,Curtis Samuel,WR,WAS,CHI,5,2023,0,0,0.0,0,0,0.0,0,6,7,65.0,1,12.5,18.5,WAS,Curtis Samuel,12.5
00-0033282,C.Samuel,Curtis Samuel,WR,WAS,ATL,6,2023,0,0,0.0,0,1,0.0,0,4,4,42.0,1,10.2,14.2,WAS,Curtis Samuel,10.2
00-0033282,C.Samuel,Curtis Samuel,WR,WAS,NYG,7,2023,0,0,0.0,0,0,0.0,0,4,8,25.0,0,2.5,6.5,WAS,Curtis Samuel,2.5
00-0033282,C.Samuel,Curtis Samuel,WR,WAS,PHI,8,2023,0,0,0.0,0,0,0.0,0,4,4,22.0,0,2.2,6.2,WAS,Curtis Samuel,2.2
00-0033282,C.Samuel,Curtis Samuel,WR,WAS,SEA,10,2023,0,0,0.0,0,0,0.0,0,2,6,6.0,0,0.6,2.6,WAS,Curtis Samuel,0.6
00-0033282,C.Samuel,Curtis Samuel,WR,WAS,NYG,11,2023,0,0,0.0,0,0,0.0,0,1,2,5.0,0,0.5,1.5,WAS,Curtis Samuel,0.5
00-0033282,C.Samuel,Curtis Samuel,WR,WAS,DAL,12,2023,0,0,0.0,0,0,0.0,0,9,12,100.0,0,10.0,19.0,WAS,Curtis Samuel,10.0
00-0033282,C.Samuel,Curtis Samuel,WR,WAS,MIA,13,2023,0,0,0.0,0,0,0.0,0,4,5,65.0,0,6.5,10.5,WAS,Curtis Samuel,6.5
00-0033282,C.Samuel,Curtis Samuel,WR,WAS,LA,15,2023,0,0,0.0,0,0,0.0,0,5,9,41.0,2,16.1,21.1,WAS,Curtis Samuel,16.1
00-0033282,C.Samuel,Curtis Samuel,WR,WAS,NYJ,16,2023,0,0,0.0,0,2,4.0,0,1,6,16.0,0,2.0,3.0,WAS,Curtis Samuel,2.0
00-0033282,C.Samuel,Curtis Samuel,WR,WAS,SF,17,2023,0,0,0.0,0,0,0.0,0,3,4,33.0,0,3.3,6.3,WAS,Curtis Samuel,3.3
00-0033282,C.Samuel,Curtis Samuel,WR,WAS,DAL,18,2023,0,0,0.0,0,1,15.0,0,2,4,15.0,0,3.0,5.0,WAS,Curtis Samuel,3.0
00-0033288,G.Kittle,George Kittle,TE,SF,PIT,1,2023,0,0,0.0,0,0,0.0,0,3,6,19.0,0,1.9,4.9,SF,George Kittle,1.9
00-0033288,G.Kittle,George Kittle,TE,SF,LA,2,2023,0,0,0.0,0,0,0.0,0,3,3,30.0,0,3.0,6.0,SF,George Kittle,3.0
00-0033288,G.Kittle,George Kittle,TE,SF,NYG,3,2023,0,0,0.0,0,0,0.0,0,7,9,90.0,0,9.0,16.0,SF,George Kittle,9.0
00-0033288,G.Kittle,George Kittle,TE,SF,ARI,4,2023,0,0,0.0,0,0,0.0,0,1,1,9.0,0,0.9,1.9,SF,George Kittle,0.9
00-0033288,G.Kittle,George Kittle,TE,SF,DAL,5,2023,0,0,0.0,0,0,0.0,0,3,4,67.0,3,24.7,27.7,SF,George Kittle,24.7
00-0033288,G.Kittle,George Kittle,TE,SF,CLE,6,2023,0,0,0.0,0,0,0.0,0,1,2,1.0,0,0.1,1.1,SF,George Kittle,0.1
00-0033288,G.Kittle,George Kittle,TE,SF,MIN,7,2023,0,0,0.0,0,1,2.0,0,5,7,78.0,0,8.0,13.0,SF,George Kittle,8.0
00-0033288,G.Kittle,George Kittle,TE,SF,CIN,8,2023,0,0,0.0,0,0,0.0,0,9,11,149.0,0,14.9,23.9,SF,George Kittle,14.9
00-0033288,G.Kittle,George Kittle,TE,SF,JAX,10,2023,0,0,0.0,0,0,0.0,0,3,4,116.0,1,17.6,20.6,SF,George Kittle,17.6
00-0033288,G.Kittle,George Kittle,TE,SF,TB,11,2023,0,0,0.0,0,0,0.0,0,8,9,89.0,1,14.9,22.9,SF,George Kittle,14.9
00-0033288,G.Kittle,George Kittle,TE,SF,SEA,12,2023,0,0,0.0,0,0,0.0,0,3,5,19.0,0,1.9,4.9,SF,George Kittle,1.9
00-0033288,G.Kittle,George Kittle,TE,SF,PHI,13,2023,0,0,0.0,0,0,0.0,0,4,6,68.0,0,6.8,10.8,SF,George Kittle,6.8
00-0033288,G.Kittle,George Kittle,TE,SF,SEA,14,2023,0,0,0.0,0,0,0.0,0,3,5,76.0,1,13.6,16.6,SF,George Kittle,13.6
00-0033288,G.Kittle,George Kittle,TE,SF,ARI,15,2023,0,0,0.0,0,0,0.0,0,2,4,54.0,0,5.4,7.4,SF,George Kittle,5.4
00-0033288,G.Kittle,George Kittle,TE,SF,BAL,16,2023,0,0,0.0,0,0,0.0,0,7,10,126.0,0,12.6,19.6,SF,George Kittle,12.6
00-0033288,G.Kittle,George Kittle,TE,SF,WAS,17,2023,0,0,0.0,0,0,0.0,0,3,4,29.0,0,2.9,5.9,SF,George Kittle,2.9
00-0033288,G.Kittle,George Kittle,TE,SF,GB,20,2023,0,0,0.0,0,0,0.0,0,4,7,81.0,1,14.1,18.1,SF,George Kittle,14.1
00-0033288,G.Kittle,George Kittle,TE,SF,DET,21,2023,0,0,0.0,0,0,0.0,0,2,3,27.0,0,2.7,4.7,SF,George Kittle,2.7
00-0033288,G.Kittle,George Kittle,TE,SF,KC,22,2023,0,0,0.0,0,0,0.0,0,2,3,4.0,0,0.4,2.4,SF,George Kittle,0.4
00-0033292,T.Taylor,Trent Taylor,WR,CHI,MIN,6,2023,0,0,0.0,0,0,0.0,0,0,1,0.0,0,0.0,0.0,CHI,Trent Taylor,0.0
00-0033292,T.Taylor,Trent Taylor,WR,CHI,LAC,8,2023,0,0,0.0,0,1,-2.0,0,0,0,0.0,0,-0.2,-0.2,CHI,Trent Taylor,-0.2
00-0033292,T.Taylor,Trent Taylor,WR,CHI,MIN,12,2023,0,0,0.0,0,0,0.0,0,0,1,0.0,0,0.0,0.0,CHI,Trent Taylor,0.0
00-0033293,A.Jones,Aaron Jones,RB,GB,CHI,1,2023,0,0,0.0,0,9,41.0,1,2,4,86.0,1,24.7,26.7,GB,Aaron Jones,24.7
00-0033293,A.Jones,Aaron Jones,RB,GB,DET,4,2023,0,0,0.0,0,5,18.0,0,1,2,-4.0,0,1.4,2.4,GB,Aaron Jones,1.4
00-0033293,A.Jones,Aaron Jones,RB,GB,DEN,7,2023,0,0,0.0,0,8,35.0,0,3,5,22.0,0,5.7,8.7,GB,Aaron Jones,5.7
00-0033293,A.Jones,Aaron Jones,RB,GB,MIN,8,2023,0,0,0.0,0,7,29.0,0,4,5,17.0,0,4.6,8.6,GB,Aaron Jones,4.6
00-0033293,A.Jones,Aaron Jones,RB,GB,LA,9,2023,0,0,0.0,0,20,73.0,1,4,6,26.0,0,13.9,17.9,GB,Aaron Jones,13.9
00-0033293,A.Jones,Aaron Jones,RB,GB,PIT,10,2023,0,0,0.0,0,13,35.0,0,4,6,19.0,0,5.4,9.4,GB,Aaron Jones,5.4
00-0033293,A.Jones,Aaron Jones,RB,GB,LAC,11,2023,0,0,0.0,0,4,14.0,0,1,2,3.0,0,1.7,2.7,GB,Aaron Jones,1.7
00-0033293,A.Jones,Aaron Jones,RB,GB,TB,15,2023,0,0,0.0,0,13,53.0,0,4,4,16.0,0,6.9,10.9,GB,Aaron Jones,6.9
00-0033293,A.Jones,Aaron Jones,RB,GB,CAR,16,2023,0,0,0.0,0,21,127.0,0,1,3,8.0,0,13.5,14.5,GB,Aaron Jones,13.5
00-0033293,A.Jones,Aaron Jones,RB,GB,MIN,17,2023,0,0,0.0,0,20,120.0,0,1,1,10.0,0,13.0,14.0,GB,Aaron Jones,13.0
00-0033293,A.Jones,Aaron Jones,RB,GB,CHI,18,2023,0,0,0.0,0,22,111.0,0,5,5,30.0,0,14.1,19.1,GB,Aaron Jones,14.1
00-0033293,A.Jones,Aaron Jones,RB,GB,DAL,19,2023,0,0,0.0,0,21,118.0,3,1,1,13.0,0,31.1,32.1,GB,Aaron Jones,31.1
00-0033293,A.Jones,Aaron Jones,RB,GB,SF,20,2023,0,0,0.0,0,18,108.0,0,3,6,8.0,0,13.6,16.6,GB,Aaron Jones,13.6
00-0033296,A.Armah,Alex Armah,RB,WAS,PHI,8,2023,0,0,0.0,0,0,0.0,0,1,1,0.0,0,0.0,1.0,WAS,Alex Armah,0.0
00-0033296,A.Armah,Alex Armah,RB,WAS,SEA,10,2023,0,0,0.0,0,0,0.0,0,1,1,3.0,0,0.3,1.3,WAS,Alex Armah,0.3
00-0033296,A.Armah,Alex Armah,RB,WAS,DAL,18,2023,0,0,0.0,0,0,0.0,0,1,1,10.0,0,1.0,2.0,WAS,Alex Armah,1.0
00-0033307,K.Bourne,Kendrick Bourne,WR,NE,PHI,1,2023,0,0,0.0,0,0,0.0,0,6,11,64.0,2,18.4,24.4,NE,Kendrick Bourne,18.4
00-0033307,K.Bourne,Kendrick Bourne,WR,NE,MIA,2,2023,0,0,0.0,0,0,0.0,0,4,9,29.0,0,2.9,6.9,NE,Kendrick Bourne,2.9
00-0033307,K.Bourne,Kendrick Bourne,WR,NE,NYJ,3,2023,0,0,0.0,0,0,0.0,0,4,5,46.0,0,4.6,8.6,NE,Kendrick Bourne,4.6
00-0033307,K.Bourne,Kendrick Bourne,WR,NE,DAL,4,2023,0,0,0.0,0,0,0.0,0,2,3,36.0,0,3.6,5.6,NE,Kendrick Bourne,3.6
00-0033307,K.Bourne,Kendrick Bourne,WR,NE,NO,5,2023,0,0,0.0,0,0,0.0,0,2,5,43.0,0,4.3,6.3,NE,Kendrick Bourne,4.3
00-0033307,K.Bourne,Kendrick Bourne,WR,NE,LV,6,2023,0,0,0.0,0,1,4.0,0,10,11,89.0,0,9.3,19.3,NE,Kendrick Bourne,9.3
00-0033307,K.Bourne,Kendrick Bourne,WR,NE,BUF,7,2023,0,0,0.0,0,0,0.0,0,6,7,63.0,1,10.3,16.3,NE,Kendrick Bourne,10.3
00-0033307,K.Bourne,Kendrick Bourne,WR,NE,MIA,8,2023,0,0,0.0,0,0,0.0,0,3,4,36.0,1,9.6,12.6,NE,Kendrick Bourne,9.6
00-0033308,M.Breida,Matt Breida,RB,NYG,DAL,1,2023,0,0,0.0,0,2,9.0,0,1,1,-3.0,0,0.6,1.6,NYG,Matt Breida,0.6
00-0033308,M.Breida,Matt Breida,RB,NYG,ARI,2,2023,0,0,0.0,0,1,5.0,0,0,0,0.0,0,0.5,0.5,NYG,Matt Breida,0.5
00-0033308,M.Breida,Matt Breida,RB,NYG,SF,3,2023,0,0,0.0,0,4,17.0,1,3,3,1.0,0,7.8,10.8,NYG,Matt Breida,7.8
00-0033308,M.Breida,Matt Breida,RB,NYG,SEA,4,2023,0,0,0.0,0,14,30.0,0,5,5,48.0,0,7.8,12.8,NYG,Matt Breida,7.8
00-0033308,M.Breida,Matt Breida,RB,NYG,MIA,5,2023,0,0,0.0,0,9,21.0,0,1,1,3.0,0,2.4,3.4,NYG,Matt Breida,2.4
00-0033308,M.Breida,Matt Breida,RB,NYG,BUF,6,2023,0,0,0.0,0,4,13.0,0,0,1,0.0,0,1.3,1.3,NYG,Matt Breida,1.3
00-0033308,M.Breida,Matt Breida,RB,NYG,WAS,7,2023,0,0,0.0,0,3,4.0,0,1,1,5.0,0,0.9,1.9,NYG,Matt Breida,0.9
00-0033308,M.Breida,Matt Breida,RB,NYG,NYJ,8,2023,0,0,0.0,0,5,13.0,0,1,1,4.0,0,1.7,2.7,NYG,Matt Breida,1.7
00-0033308,M.Breida,Matt Breida,RB,NYG,LV,9,2023,0,0,0.0,0,2,5.0,0,1,2,6.0,0,1.1,2.1,NYG,Matt Breida,1.1
00-0033308,M.Breida,Matt Breida,RB,NYG,DAL,10,2023,0,0,0.0,0,1,3.0,0,0,0,0.0,0,0.3,0.3,NYG,Matt Breida,0.3
00-0033308,M.Breida,Matt Breida,RB,NYG,WAS,11,2023,0,0,0.0,0,3,-1.0,0,0,1,0.0,0,-0.1,-0.1,NYG,Matt Breida,-0.1
00-0033308,M.Breida,Matt Breida,RB,NYG,NE,12,2023,0,0,0.0,0,2,6.0,0,1,1,10.0,0,1.6,2.6,NYG,Matt Breida,1.6
00-0033308,M.Breida,Matt Breida,RB,NYG,GB,14,2023,0,0,0.0,0,2,16.0,0,0,0,0.0,0,1.6,1.6,NYG,Matt Breida,1.6
00-0033308,M.Breida,Matt Breida,RB,NYG,NO,15,2023,0,0,0.0,0,3,10.0,0,2,3,11.0,0,2.1,4.1,NYG,Matt Breida,2.1
00-0033308,M.Breida,Matt Breida,RB,NYG,PHI,16,2023,0,0,0.0,0,0,0.0,0,1,1,3.0,0,0.3,1.3,NYG,Matt Breida,0.3
00-0033319,N.Mullens,Nick Mullens,QB,MIN,LV,14,2023,9,13,83.0,0,0,0.0,0,0,0,0.0,0,3.32,3.32,MIN,Nick Mullens,3.32
00-0033319,N.Mullens,Nick Mullens,QB,MIN,CIN,15,2023,26,33,303.0,2,6,10.0,0,0,0,0.0,0,17.12,17.12,MIN,Nick Mullens,17.12
00-0033319,N.Mullens,Nick Mullens,QB,MIN,DET,16,2023,22,36,411.0,2,1,1.0,0,0,0,0.0,0,16.54,16.54,MIN,Nick Mullens,16.54
00-0033319,N.Mullens,Nick Mullens,QB,MIN,GB,17,2023,13,22,113.0,1,1,6.0,0,0,0,0.0,0,9.12,9.12,MIN,Nick Mullens,9.12
00-0033319,N.Mullens,Nick Mullens,QB,MIN,DET,18,2023,30,44,396.0,2,2,8.0,0,0,0,0.0,0,20.64,20.64,MIN,Nick Mullens,20.64
00-0033357,T.Hill,Taysom Hill,TE,NO,TEN,1,2023,0,0,0.0,0,3,4.0,0,0,1,0.0,0,0.4,0.4,NO,Taysom Hill,0.4
00-0033357,T.Hill,Taysom Hill,TE,NO,CAR,2,2023,1,1,8.0,0,9,75.0,0,1,2,-1.0,0,7.72,8.72,NO,Taysom Hill,7.72
00-0033357,T.Hill,Taysom Hill,TE,NO,GB,3,2023,0,0,0.0,0,4,12.0,0,1,1,9.0,0,2.1,3.1,NO,Taysom Hill,2.1
00-0033357,T.Hill,Taysom Hill,TE,NO,TB,4,2023,1,1,13.0,0,4,10.0,0,1,1,7.0,0,2.22,3.22,NO,Taysom Hill,2.22
00-0033357,T.Hill,Taysom Hill,TE,NO,NE,5,2023,0,0,0.0,0,3,19.0,0,1,1,1.0,0,2.0,3.0,NO,Taysom Hill,2.0
00-0033357,T.Hill,Taysom Hill,TE,NO,HOU,6,2023,1,1,4.0,0,1,2.0,0,7,8,49.0,0,5.26,12.26,NO,Taysom Hill,5.26
00-0033357,T.Hill,Taysom Hill,TE,NO,JAX,7,2023,0,0,0.0,0,5,18.0,1,4,5,50.0,0,12.8,16.8,NO,Taysom Hill,12.8
00-0033357,T.Hill,Taysom Hill,TE,NO,IND,8,2023,1,2,44.0,0,9,63.0,2,1,1,14.0,0,21.46,22.46,NO,Taysom Hill,21.46
00-0033357,T.Hill,Taysom Hill,TE,NO,CHI,9,2023,1,1,3.0,1,11,52.0,0,4,5,13.0,1,16.62,20.62,NO,Taysom Hill,16.62
00-0033357,T.Hill,Taysom Hill,TE,NO,MIN,10,2023,0,0,0.0,0,1,6.0,0,2,4,17.0,0,2.3,4.3,NO,Taysom Hill,2.3
00-0033357,T.Hill,Taysom Hill,TE,NO,ATL,12,2023,0,0,0.0,0,7,26.0,0,2,2,55.0,0,6.1,8.1,NO,Taysom Hill,6.1
00-0033357,T.Hill,Taysom Hill,TE,NO,DET,13,2023,0,2,0.0,0,13,59.0,1,2,2,15.0,0,13.4,15.4,NO,Taysom Hill,13.4
00-0033357,T.Hill,Taysom Hill,TE,NO,NYG,15,2023,0,1,0.0,0,1,1.0,0,1,1,4.0,0,0.5,1.5,NO,Taysom Hill,0.5
00-0033357,T.Hill,Taysom Hill,TE,NO,LA,16,2023,0,0,0.0,0,2,2.0,0,0,0,0.0,0,0.2,0.2,NO,Taysom Hill,0.2
00-0033357,T.Hill,Taysom Hill,TE,NO,TB,17,2023,1,2,11.0,0,2,1.0,0,2,2,30.0,1,9.54,11.54,NO,Taysom Hill,9.54
00-0033357,T.Hill,Taysom Hill,TE,NO,ATL,18,2023,0,0,0.0,0,6,51.0,0,4,4,28.0,0,7.9,11.9,NO,Taysom Hill,7.9
00-0033376,P.Ricard,Patrick Ricard,FB,BAL,CLE,4,2023,0,0,0.0,0,0,0.0,0,1,1,14.0,0,1.4,2.4,BAL,Patrick Ricard,1.4
00-0033376,P.Ricard,Patrick Ricard,FB,BAL,TEN,6,2023,0,0,0.0,0,0,0.0,0,1,1,3.0,0,0.3,1.3,BAL,Patrick Ricard,0.3
00-0033376,P.Ricard,Patrick Ricard,FB,BAL,DET,7,2023,0,0,0.0,0,0,0.0,0,2,2,31.0,0,3.1,5.1,BAL,Patrick Ricard,3.1
00-0033376,P.Ricard,Patrick Ricard,FB,BAL,CLE,10,2023,0,0,0.0,0,0,0.0,0,0,1,0.0,0,0.0,0.0,BAL,Patrick Ricard,0.0
00-0033376,P.Ricard,Patrick Ricard,FB,BAL,SF,16,2023,0,0,0.0,0,0,0.0,0,0,1,0.0,0,0.0,0.0,BAL,Patrick Ricard,0.0
00-0033376,P.Ricard,Patrick Ricard,FB,BAL,MIA,17,2023,0,0,0.0,0,0,0.0,0,1,1,4.0,1,6.4,7.4,BAL,Patrick Ricard,6.4
00-0033439,P.Brown,Pharaoh Brown,TE,NE,NYJ,3,2023,0,0,0.0,0,0,0.0,0,2,2,71.0,1,13.1,15.1,NE,Pharaoh Brown,13.1
00-0033439,P.Brown,Pharaoh Brown,TE,NE,LV,6,2023,0,0,0.0,0,0,0.0,0,1,1,15.0,0,1.5,2.5,NE,Pharaoh Brown,1.5
00-0033439,P.Brown,Pharaoh Brown,TE,NE,BUF,7,2023,0,0,0.0,0,0,0.0,0,2,2,51.0,0,5.1,7.1,NE,Pharaoh Brown,5.1
00-0033439,P.Brown,Pharaoh Brown,TE,NE,MIA,8,2023,0,0,0.0,0,0,0.0,0,2,2,33.0,0,3.3,5.3,NE,Pharaoh Brown,3.3
00-0033439,P.Brown,Pharaoh Brown,TE,NE,PIT,14,2023,0,0,0.0,0,0,0.0,0,1,1,4.0,0,0.4,1.4,NE,Pharaoh Brown,0.4
00-0033439,P.Brown,Pharaoh Brown,TE,NE,KC,15,2023,0,0,0.0,0,0,0.0,0,1,1,4.0,0,0.4,1.4,NE,Pharaoh Brown,0.4
00-0033439,P.Brown,Pharaoh Brown,TE,NE,DEN,16,2023,0,0,0.0,0,0,0.0,0,2,2,25.0,0,2.5,4.5,NE,Pharaoh Brown,2.5
00-0033439,P.Brown,Pharaoh Brown,TE,NE,BUF,17,2023,0,0,0.0,0,0,0.0,0,1,1,5.0,0,-1.5,-0.5,NE,Pharaoh Brown,-1.5
00-0033439,P.Brown,Pharaoh Brown,TE,NE,NYJ,18,2023,0,0,0.0,0,0,0.0,0,1,3,0.0,0,0.0,1.0,NE,Pharaoh Brown,0.0
00-0033455,A.Firkser,Anthony Firkser,TE,DET,SF,21,2023,0,0,0.0,0,0,0.0,0,1,1,8.0,0,0.8,1.8,DET,Anthony Firkser,0.8
00-0033466,I.McKenzie,Isaiah McKenzie,WR,IND,HOU,2,2023,0,0,0.0,0,0,0.0,0,1,1,7.0,0,0.7,1.7,IND,Isaiah McKenzie,0.7
00-0033466,I.McKenzie,Isaiah McKenzie,WR,IND,BAL,3,2023,0,0,0.0,0,0,0.0,0,1,1,3.0,0,0.3,1.3,IND,Isaiah McKenzie,0.3
00-0033466,I.McKenzie,Isaiah McKenzie,WR,IND,LA,4,2023,0,0,0.0,0,0,0.0,0,1,3,6.0,0,0.6,1.6,IND,Isaiah McKenzie,0.6
00-0033466,I.McKenzie,Isaiah McKenzie,WR,IND,TEN,5,2023,0,0,0.0,0,1,4.0,0,0,0,0.0,0,0.4,0.4,IND,Isaiah McKenzie,0.4
00-0033466,I.McKenzie,Isaiah McKenzie,WR,IND,JAX,6,2023,0,0,0.0,0,0,0.0,0,2,2,23.0,0,2.3,4.3,IND,Isaiah McKenzie,2.3
00-0033466,I.McKenzie,Isaiah McKenzie,WR,IND,CLE,7,2023,0,0,0.0,0,1,7.0,0,0,0,0.0,0,0.7,0.7,IND,Isaiah McKenzie,0.7
00-0033466,I.McKenzie,Isaiah McKenzie,WR,IND,CAR,9,2023,0,0,0.0,0,0,0.0,0,2,3,12.0,0,1.2,3.2,IND,Isaiah McKenzie,1.2
00-0033466,I.McKenzie,Isaiah McKenzie,WR,IND,NE,10,2023,0,0,0.0,0,0,0.0,0,4,4,31.0,0,3.1,7.1,IND,Isaiah McKenzie,3.1
00-0033466,I.McKenzie,Isaiah McKenzie,WR,IND,TB,12,2023,0,0,0.0,0,1,3.0,0,0,0,0.0,0,0.3,0.3,IND,Isaiah McKenzie,0.3
00-0033526,S.Perine,Samaje Perine,RB,DEN,LV,1,2023,0,0,0.0,0,8,41.0,0,4,4,37.0,0,7.8,11.8,DEN,Samaje Perine,7.8
00-0033526,S.Perine,Samaje Perine,RB,DEN,WAS,2,2023,0,0,0.0,0,1,4.0,0,3,4,20.0,0,2.4,5.4,DEN,Samaje Perine,2.4
00-0033526,S.Perine,Samaje Perine,RB,DEN,MIA,3,2023,0,0,0.0,0,3,9.0,0,2,3,15.0,0,2.4,4.4,DEN,Samaje Perine,2.4
00-0033526,S.Perine,Samaje Perine,RB,DEN,CHI,4,2023,0,0,0.0,0,6,12.0,0,2,2,23.0,0,3.5,5.5,DEN,Samaje Perine,3.5
00-0033526,S.Perine,Samaje Perine,RB,DEN,NYJ,5,2023,0,0,0.0,0,6,22.0,0,4,5,73.0,0,7.5,11.5,DEN,Samaje Perine,7.5
00-0033526,S.Perine,Samaje Perine,RB,DEN,KC,6,2023,0,0,0.0,0,0,0.0,0,2,2,16.0,0,-0.4,1.6,DEN,Samaje Perine,-0.4
00-0033526,S.Perine,Samaje Perine,RB,DEN,GB,7,2023,0,0,0.0,0,2,10.0,0,3,3,31.0,0,4.1,7.1,DEN,Samaje Perine,4.1
00-0033526,S.Perine,Samaje Perine,RB,DEN,KC,8,2023,0,0,0.0,0,1,5.0,0,2,3,16.0,0,2.1,4.1,DEN,Samaje Perine,2.1
00-0033526,S.Perine,Samaje Perine,RB,DEN,BUF,10,2023,0,0,0.0,0,1,8.0,0,3,3,35.0,0,4.3,7.3,DEN,Samaje Perine,4.3
00-0033526,S.Perine,Samaje Perine,RB,DEN,MIN,11,2023,0,0,0.0,0,1,7.0,0,7,7,60.0,0,6.7,13.7,DEN,Samaje Perine,6.7
00-0033526,S.Perine,Samaje Perine,RB,DEN,CLE,12,2023,0,0,0.0,0,7,55.0,1,1,1,11.0,0,12.6,13.6,DEN,Samaje Perine,12.6
00-0033526,S.Perine,Samaje Perine,RB,DEN,HOU,13,2023,0,0,0.0,0,1,1.0,0,2,2,5.0,0,0.6,2.6,DEN,Samaje Perine,0.6
00-0033526,S.Perine,Samaje Perine,RB,DEN,LAC,14,2023,0,0,0.0,0,2,8.0,0,5,5,36.0,0,4.4,9.4,DEN,Samaje Perine,4.4
00-0033526,S.Perine,Samaje Perine,RB,DEN,DET,15,2023,0,0,0.0,0,6,37.0,0,1,1,11.0,0,4.8,5.8,DEN,Samaje Perine,4.8
00-0033526,S.Perine,Samaje Perine,RB,DEN,NE,16,2023,0,0,0.0,0,1,2.0,0,4,5,27.0,0,2.9,6.9,DEN,Samaje Perine,2.9
00-0033526,S.Perine,Samaje Perine,RB,DEN,LAC,17,2023,0,0,0.0,0,4,10.0,0,2,2,16.0,0,2.6,4.6,DEN,Samaje Perine,2.6
00-0033526,S.Perine,Samaje Perine,RB,DEN,LV,18,2023,0,0,0.0,0,3,7.0,0,3,4,23.0,0,3.0,6.0,DEN,Samaje Perine,3.0
00-0033536,M.Williams,Mike Williams,WR,LAC,MIA,1,2023,0,0,0.0,0,0,0.0,0,4,5,45.0,0,4.5,8.5,LAC,Mike Williams,4.5
00-0033536,M.Williams,Mike Williams,WR,LAC,TEN,2,2023,0,0,0.0,0,1,3.0,0,8,13,83.0,0,8.6,16.6,LAC,Mike Williams,8.6
00-0033536,M.Williams,Mike Williams,WR,LAC,MIN,3,2023,0,0,0.0,0,0,0.0,0,7,8,121.0,1,18.1,25.1,LAC,Mike Williams,18.1
00-0033537,D.Watson,Deshaun Watson,QB,CLE,CIN,1,2023,16,29,154.0,1,5,45.0,1,0,0,0.0,0,20.66,20.66,CLE,Deshaun Watson,20.66
00-0033537,D.Watson,Deshaun Watson,QB,CLE,PIT,2,2023,22,40,235.0,1,6,22.0,0,0,0,0.0,0,11.6,11.6,CLE,Deshaun Watson,11.6
00-0033537,D.Watson,Deshaun Watson,QB,CLE,TEN,3,2023,27,33,289.0,2,4,16.0,0,0,0,0.0,0,21.16,21.16,CLE,Deshaun Watson,21.16
00-0033537,D.Watson,Deshaun Watson,QB,CLE,IND,7,2023,1,5,5.0,0,0,0.0,0,0,0,0.0,0,-1.8,-1.8,CLE,Deshaun Watson,-1.8
00-0033537,D.Watson,Deshaun Watson,QB,CLE,ARI,9,2023,19,30,219.0,2,3,22.0,0,0,0,0.0,0,18.96,18.96,CLE,Deshaun Watson,18.96
00-0033537,D.Watson,Deshaun Watson,QB,CLE,BAL,10,2023,20,34,213.0,1,8,37.0,0,0,0,0.0,0,16.22,16.22,CLE,Deshaun Watson,16.22
00-0033553,J.Conner,James Conner,RB,ARI,WAS,1,2023,0,0,0.0,0,14,62.0,0,5,5,8.0,0,7.0,12.0,ARI,James Conner,7.0
00-0033553,J.Conner,James Conner,RB,ARI,NYG,2,2023,0,0,0.0,0,23,106.0,1,0,1,0.0,0,16.6,16.6,ARI,James Conner,16.6
00-0033553,J.Conner,James Conner,RB,ARI,DAL,3,2023,0,0,0.0,0,14,98.0,1,2,2,18.0,0,17.6,19.6,ARI,James Conner,17.6
00-0033553,J.Conner,James Conner,RB,ARI,SF,4,2023,0,0,0.0,0,11,52.0,0,1,2,4.0,0,5.6,6.6,ARI,James Conner,5.6
00-0033553,J.Conner,James Conner,RB,ARI,CIN,5,2023,0,0,0.0,0,6,46.0,0,0,0,0.0,0,4.6,4.6,ARI,James Conner,4.6
00-0033553,J.Conner,James Conner,RB,ARI,ATL,10,2023,0,0,0.0,0,16,73.0,0,0,0,0.0,0,7.3,7.3,ARI,James Conner,7.3
00-0033553,J.Conner,James Conner,RB,ARI,HOU,11,2023,0,0,0.0,0,14,62.0,0,2,3,1.0,0,6.3,8.3,ARI,James Conner,6.3
00-0033553,J.Conner,James Conner,RB,ARI,LA,12,2023,0,0,0.0,0,6,27.0,0,4,5,5.0,0,3.2,7.2,ARI,James Conner,3.2
00-0033553,J.Conner,James Conner,RB,ARI,PIT,13,2023,0,0,0.0,0,25,105.0,2,0,2,0.0,0,22.5,22.5,ARI,James Conner,22.5
00-0033553,J.Conner,James Conner,RB,ARI,SF,15,2023,0,0,0.0,0,14,86.0,1,3,3,3.0,0,14.9,17.9,ARI,James Conner,14.9
00-0033553,J.Conner,James Conner,RB,ARI,CHI,16,2023,0,0,0.0,0,12,45.0,0,5,5,67.0,1,17.2,22.2,ARI,James Conner,17.2
00-0033553,J.Conner,James Conner,RB,ARI,PHI,17,2023,0,0,0.0,0,26,128.0,1,1,1,5.0,1,25.3,26.3,ARI,James Conner,25.3
00-0033553,J.Conner,James Conner,RB,ARI,SEA,18,2023,0,0,0.0,0,27,150.0,1,4,4,54.0,0,26.4,30.4,ARI,James Conner,26.4
00-0033555,M.Hollins,Mack Hollins,WR,ATL,CAR,1,2023,0,0,0.0,0,0,0.0,0,3,4,31.0,0,3.1,6.1,ATL,Mack Hollins,3.1
00-0033555,M.Hollins,Mack Hollins,WR,ATL,GB,2,2023,0,0,0.0,0,0,0.0,0,3,6,60.0,0,6.0,9.0,ATL,Mack Hollins,6.0
00-0033555,M.Hollins,Mack Hollins,WR,ATL,DET,3,2023,0,0,0.0,0,0,0.0,0,1,4,23.0,0,2.3,3.3,ATL,Mack Hollins,2.3
00-0033555,M.Hollins,Mack Hollins,WR,ATL,JAX,4,2023,0,0,0.0,0,0,0.0,0,0,3,0.0,0,0.0,0.0,ATL,Mack Hollins,0.0
00-0033555,M.Hollins,Mack Hollins,WR,ATL,HOU,5,2023,0,0,0.0,0,0,0.0,0,2,2,29.0,0,2.9,4.9,ATL,Mack Hollins,2.9
00-0033555,M.Hollins,Mack Hollins,WR,ATL,WAS,6,2023,0,0,0.0,0,0,0.0,0,3,4,41.0,0,4.1,7.1,ATL,Mack Hollins,4.1
00-0033555,M.Hollins,Mack Hollins,WR,ATL,TEN,8,2023,0,0,0.0,0,0,0.0,0,2,3,27.0,0,2.7,4.7,ATL,Mack Hollins,2.7
00-0033555,M.Hollins,Mack Hollins,WR,ATL,MIN,9,2023,0,0,0.0,0,0,0.0,0,3,3,36.0,0,3.6,6.6,ATL,Mack Hollins,3.6
00-0033555,M.Hollins,Mack Hollins,WR,ATL,TB,14,2023,0,0,0.0,0,0,0.0,0,1,1,4.0,0,0.4,1.4,ATL,Mack Hollins,0.4
00-0033557,J.Reeves-Maybin,Jalen Reeves-Maybin,OLB,DET,KC,1,2023,0,0,0.0,0,1,3.0,0,0,0,0.0,0,0.3,0.3,DET,Jalen Reeves-Maybin,0.3
00-0033557,J.Reeves-Maybin,Jalen Reeves-Maybin,OLB,DET,GB,12,2023,0,0,0.0,0,1,0.0,0,0,0,0.0,0,0.0,0.0,DET,Jalen Reeves-Maybin,0.0
00-0033557,J.Reeves-Maybin,Jalen Reeves-Maybin,OLB,DET,DAL,17,2023,1,1,31.0,0,0,0.0,0,0,0,0.0,0,1.24,1.24,DET,Jalen Reeves-Maybin,1.24
00-0033572,J.Agnew,Jamal Agnew,WR,JAX,IND,1,2023,0,0,0.0,0,2,-2.0,0,0,0,0.0,0,-0.2,-0.2,JAX,Jamal Agnew,-0.2
00-0033572,J.Agnew,Jamal Agnew,WR,JAX,KC,2,2023,0,0,0.0,0,0,0.0,0,1,1,5.0,0,0.5,1.5,JAX,Jamal Agnew,0.5
00-0033572,J.Agnew,Jamal Agnew,WR,JAX,HOU,3,2023,0,0,0.0,0,0,0.0,0,4,5,49.0,0,2.9,6.9,JAX,Jamal Agnew,2.9
00-0033572,J.Agnew,Jamal Agnew,WR,JAX,BUF,5,2023,0,0,0.0,0,1,1.0,0,0,0,0.0,0,0.1,0.1,JAX,Jamal Agnew,0.1
00-0033572,J.Agnew,Jamal Agnew,WR,JAX,NO,7,2023,0,0,0.0,0,1,-1.0,0,4,6,36.0,0,3.5,7.5,JAX,Jamal Agnew,3.5
00-0033572,J.Agnew,Jamal Agnew,WR,JAX,BAL,15,2023,0,0,0.0,0,0,0.0,0,2,2,70.0,1,13.0,15.0,JAX,Jamal Agnew,13.0
00-0033572,J.Agnew,Jamal Agnew,WR,JAX,TB,16,2023,0,0,0.0,0,0,0.0,0,1,5,12.0,0,1.2,2.2,JAX,Jamal Agnew,1.2
00-0033572,J.Agnew,Jamal Agnew,WR,JAX,CAR,17,2023,0,0,0.0,0,0,0.0,0,2,2,53.0,0,5.3,7.3,JAX,Jamal Agnew,5.3
00-0033576,E.Saubert,Eric Saubert,TE,HOU,DEN,13,2023,0,0,0.0,0,0,0.0,0,1,1,5.0,0,0.5,1.5,HOU,Eric Saubert,0.5
00-0033576,E.Saubert,Eric Saubert,TE,HOU,TEN,17,2023,0,0,0.0,0,0,0.0,0,1,1,2.0,0,0.2,1.2,HOU,Eric Saubert,0.2
00-0033576,E.Saubert,Eric Saubert,TE,HOU,IND,18,2023,0,0,0.0,0,0,0.0,0,1,1,5.0,0,0.5,1.5,HOU,Eric Saubert,0.5
00-0033589,D.Moore,David Moore,WR,TB,IND,12,2023,0,0,0.0,0,0,0.0,0,0,1,0.0,0,0.0,0.0,TB,David Moore,0.0
00-0033589,D.Moore,David Moore,WR,TB,ATL,14,2023,0,0,0.0,0,0,0.0,0,1,1,11.0,0,1.1,2.1,TB,David Moore,1.1
00-0033589,D.Moore,David Moore,WR,TB,GB,15,2023,0,0,0.0,0,0,0.0,0,2,2,68.0,1,12.8,14.8,TB,David Moore,12.8
00-0033589,D.Moore,David Moore,WR,TB,JAX,16,2023,0,0,0.0,0,0,0.0,0,1,1,7.0,0,0.7,1.7,TB,David Moore,0.7
00-0033589,D.Moore,David Moore,WR,TB,NO,17,2023,0,0,0.0,0,0,0.0,0,0,1,0.0,0,0.0,0.0,TB,David Moore,0.0
00-0033589,D.Moore,David Moore,WR,TB,CAR,18,2023,0,0,0.0,0,0,0.0,0,1,1,8.0,0,0.8,1.8,TB,David Moore,0.8
00-0033589,D.Moore,David Moore,WR,TB,PHI,19,2023,0,0,0.0,0,0,0.0,0,2,3,66.0,1,12.6,14.6,TB,David Moore,12.6
00-0033589,D.Moore,David Moore,WR,TB,DET,20,2023,0,0,0.0,0,0,0.0,0,1,1,11.0,0,1.1,2.1,TB,David Moore,1.1
00-0033591,N.Brown,Noah Brown,WR,HOU,BAL,1,2023,0,0,0.0,0,1,-1.0,0,3,4,20.0,0,1.9,4.9,HOU,Noah Brown,1.9
00-0033591,N.Brown,Noah Brown,WR,HOU,NO,6,2023,0,0,0.0,0,0,0.0,0,2,5,37.0,0,3.7,5.7,HOU,Noah Brown,3.7
00-0033591,N.Brown,Noah Brown,WR,HOU,CAR,8,2023,0,0,0.0,0,0,0.0,0,3,5,57.0,0,5.7,8.7,HOU,Noah Brown,5.7
00-0033591,N.Brown,Noah Brown,WR,HOU,TB,9,2023,0,0,0.0,0,0,0.0,0,6,6,153.0,1,21.3,27.3,HOU,Noah Brown,21.3
00-0033591,N.Brown,Noah Brown,WR,HOU,CIN,10,2023,0,0,0.0,0,0,0.0,0,7,8,172.0,0,17.2,24.2,HOU,Noah Brown,17.2
00-0033591,N.Brown,Noah Brown,WR,HOU,DEN,13,2023,0,0,0.0,0,0,0.0,0,0,2,0.0,0,0.0,0.0,HOU,Noah Brown,0.0
00-0033591,N.Brown,Noah Brown,WR,HOU,NYJ,14,2023,0,0,0.0,0,0,0.0,0,0,5,0.0,0,0.0,0.0,HOU,Noah Brown,0.0
00-0033591,N.Brown,Noah Brown,WR,HOU,TEN,15,2023,0,0,0.0,0,0,0.0,0,8,11,82.0,1,14.2,22.2,HOU,Noah Brown,14.2
00-0033591,N.Brown,Noah Brown,WR,HOU,CLE,16,2023,0,0,0.0,0,0,0.0,0,3,7,38.0,0,3.8,6.8,HOU,Noah Brown,3.8
00-0033591,N.Brown,Noah Brown,WR,HOU,TEN,17,2023,0,0,0.0,0,0,0.0,0,1,2,8.0,0,0.8,1.8,HOU,Noah Brown,0.8
00-0033591,N.Brown,Noah Brown,WR,HOU,CLE,19,2023,0,0,0.0,0,0,0.0,0,0,1,0.0,0,0.0,0.0,HOU,Noah Brown,0.0
00-0033662,C.Rush,Cooper Rush,QB,DAL,NYG,1,2023,0,1,0.0,0,0,0.0,0,0,0,0.0,0,0.0,0.0,DAL,Cooper Rush,0.0
00-0033662,C.Rush,Cooper Rush,QB,DAL,NE,4,2023,2,2,20.0,0,3,-2.0,0,0,0,0.0,0,0.6,0.6,DAL,Cooper Rush,0.6
00-0033662,C.Rush,Cooper Rush,QB,DAL,SF,5,2023,2,2,8.0,0,1,-2.0,0,0,0,0.0,0,0.12,0.12,DAL,Cooper Rush,0.12
00-0033662,C.Rush,Cooper Rush,QB,DAL,LA,8,2023,2,3,3.0,0,3,-3.0,0,0,0,0.0,0,-0.18,-0.18,DAL,Cooper Rush,-0.18
00-0033662,C.Rush,Cooper Rush,QB,DAL,NYG,10,2023,7,9,68.0,0,2,5.0,0,0,0,0.0,0,1.22,1.22,DAL,Cooper Rush,1.22
00-0033662,C.Rush,Cooper Rush,QB,DAL,CAR,11,2023,2,3,15.0,0,3,-3.0,0,0,0,0.0,0,0.3,0.3,DAL,Cooper Rush,0.3
00-0033662,C.Rush,Cooper Rush,QB,DAL,WAS,18,2023,3,4,30.0,0,0,0.0,0,0,0,0.0,0,1.2,1.2,DAL,Cooper Rush,1.2
00-0033699,A.Ekeler,Austin Ekeler,RB,LAC,MIA,1,2023,0,0,0.0,0,16,117.0,1,4,5,47.0,0,22.4,26.4,LAC,Austin Ekeler,22.4
00-0033699,A.Ekeler,Austin Ekeler,RB,LAC,DAL,6,2023,0,0,0.0,0,14,27.0,0,4,6,35.0,0,6.2,10.2,LAC,Austin Ekeler,6.2
00-0033699,A.Ekeler,Austin Ekeler,RB,LAC,KC,7,2023,0,0,0.0,0,14,45.0,0,1,2,1.0,0,4.6,5.6,LAC,Austin Ekeler,4.6
00-0033699,A.Ekeler,Austin Ekeler,RB,LAC,CHI,8,2023,0,0,0.0,0,15,29.0,0,7,8,94.0,1,16.3,23.3,LAC,Austin Ekeler,16.3
00-0033699,A.Ekeler,Austin Ekeler,RB,LAC,NYJ,9,2023,0,0,0.0,0,14,47.0,2,2,7,23.0,0,19.0,21.0,LAC,Austin Ekeler,19.0
00-0033699,A.Ekeler,Austin Ekeler,RB,LAC,DET,10,2023,0,0,0.0,0,19,67.0,1,4,7,48.0,0,17.5,21.5,LAC,Austin Ekeler,17.5
00-0033699,A.Ekeler,Austin Ekeler,RB,LAC,GB,11,2023,0,0,0.0,0,10,64.0,0,2,3,6.0,0,5.0,7.0,LAC,Austin Ekeler,5.0
00-0033699,A.Ekeler,Austin Ekeler,RB,LAC,BAL,12,2023,0,0,0.0,0,10,32.0,0,5,6,32.0,0,4.4,9.4,LAC,Austin Ekeler,4.4
00-0033699,A.Ekeler,Austin Ekeler,RB,LAC,NE,13,2023,0,0,0.0,0,14,18.0,0,2,3,9.0,0,2.7,4.7,LAC,Austin Ekeler,2.7
00-0033699,A.Ekeler,Austin Ekeler,RB,LAC,DEN,14,2023,0,0,0.0,0,10,51.0,1,5,7,49.0,0,16.0,21.0,LAC,Austin Ekeler,16.0
00-0033699,A.Ekeler,Austin Ekeler,RB,LAC,LV,15,2023,0,0,0.0,0,5,9.0,0,4,6,29.0,0,3.8,7.8,LAC,Austin Ekeler,3.8
00-0033699,A.Ekeler,Austin Ekeler,RB,LAC,BUF,16,2023,0,0,0.0,0,15,65.0,0,3,4,21.0,0,8.6,11.6,LAC,Austin Ekeler,8.6
00-0033699,A.Ekeler,Austin Ekeler,RB,LAC,DEN,17,2023,0,0,0.0,0,13,46.0,0,1,2,4.0,0,3.0,4.0,LAC,Austin Ekeler,3.0
00-0033699,A.Ekeler,Austin Ekeler,RB,LAC,KC,18,2023,0,0,0.0,0,10,11.0,0,7,8,38.0,0,4.9,11.9,LAC,Austin Ekeler,4.9
00-0033729,C.Johnston,Cameron Johnston,P,HOU,IND,18,2023,0,0,0.0,0,1,-23.0,0,0,0,0.0,0,-2.3,-2.3,HOU,Cameron Johnston,-2.3
00-0033757,R.Tonyan,Robert Tonyan,TE,CHI,TB,2,2023,0,0,0.0,0,0,0.0,0,0,2,0.0,0,0.0,0.0,CHI,Robert Tonyan,0.0
00-0033757,R.Tonyan,Robert Tonyan,TE,CHI,DEN,4,2023,0,0,0.0,0,0,0.0,0,2,2,18.0,0,1.8,3.8,CHI,Robert Tonyan,1.8
00-0033757,R.Tonyan,Robert Tonyan,TE,CHI,WAS,5,2023,0,0,0.0,0,0,0.0,0,2,2,10.0,0,1.0,3.0,CHI,Robert Tonyan,1.0
00-0033757,R.Tonyan,Robert Tonyan,TE,CHI,MIN,6,2023,0,0,0.0,0,0,0.0,0,1,1,11.0,0,1.1,2.1,CHI,Robert Tonyan,1.1
00-0033757,R.Tonyan,Robert Tonyan,TE,CHI,LAC,8,2023,0,0,0.0,0,0,0.0,0,1,1,8.0,0,0.8,1.8,CHI,Robert Tonyan,0.8
00-0033757,R.Tonyan,Robert Tonyan,TE,CHI,NO,9,2023,0,0,0.0,0,0,0.0,0,1,1,11.0,0,1.1,2.1,CHI,Robert Tonyan,1.1
00-0033757,R.Tonyan,Robert Tonyan,TE,CHI,MIN,12,2023,0,0,0.0,0,0,0.0,0,0,1,0.0,0,0.0,0.0,CHI,Robert Tonyan,0.0
00-0033757,R.Tonyan,Robert Tonyan,TE,CHI,CLE,15,2023,0,0,0.0,0,0,0.0,0,0,1,0.0,0,0.0,0.0,CHI,Robert Tonyan,0.0
00-0033757,R.Tonyan,Robert Tonyan,TE,CHI,ARI,16,2023,0,0,0.0,0,0,0.0,0,1,1,14.0,0,1.4,2.4,CHI,Robert Tonyan,1.4
00-0033757,R.Tonyan,Robert Tonyan,TE,CHI,ATL,17,2023,0,0,0.0,0,0,0.0,0,3,4,40.0,0,4.0,7.0,CHI,Robert Tonyan,4.0
00-0033757,R.Tonyan,Robert Tonyan,TE,CHI,GB,18,2023,0,0,0.0,0,0,0.0,0,0,1,0.0,0,0.0,0.0,CHI,Robert Tonyan,0.0
00-0033854,D.Ogunbowale,Dare Ogunbowale,RB,HOU,IND,2,2023,0,0,0.0,0,2,4.0,0,0,0,0.0,0,0.4,0.4,HOU,Dare Ogunbowale,0.4
00-0033854,D.Ogunbowale,Dare Ogunbowale,RB,HOU,DEN,13,2023,0,0,0.0,0,1,1.0,0,1,1,14.0,0,1.5,2.5,HOU,Dare Ogunbowale,1.5
00-0033854,D.Ogunbowale,Dare Ogunbowale,RB,HOU,NYJ,14,2023,0,0,0.0,0,2,7.0,0,1,2,4.0,0,1.1,2.1,HOU,Dare Ogunbowale,1.1
00-0033854,D.Ogunbowale,Dare Ogunbowale,RB,HOU,TEN,15,2023,0,0,0.0,0,1,17.0,0,0,1,0.0,0,1.7,1.7,HOU,Dare Ogunbowale,1.7
00-0033854,D.Ogunbowale,Dare Ogunbowale,RB,HOU,CLE,16,2023,0,0,0.0,0,1,6.0,0,0,3,0.0,0,0.6,0.6,HOU,Dare Ogunbowale,0.6
00-0033854,D.Ogunbowale,Dare Ogunbowale,RB,HOU,TEN,17,2023,0,0,0.0,0,1,0.0,0,0,0,0.0,0,0.0,0.0,HOU,Dare Ogunbowale,0.0
00-0033854,D.Ogunbowale,Dare Ogunbowale,RB,HOU,BAL,20,2023,0,0,0.0,0,2,7.0,0,1,1,13.0,0,2.0,3.0,HOU,Dare Ogunbowale,2.0
00-0033856,L.Fournette,Leonard Fournette,RB,BUF,LAC,16,2023,0,0,0.0,0,5,20.0,0,0,0,0.0,0,2.0,2.0,BUF,Leonard Fournette,2.0
00-0033856,L.Fournette,Leonard Fournette,RB,BUF,MIA,18,2023,0,0,0.0,0,7,20.0,0,0,0,0.0,0,2.0,2.0,BUF,Leonard Fournette,2.0
00-0033857,J.Smith-Schuster,JuJu Smith-Schuster,WR,NE,PHI,1,2023,0,0,0.0,0,0,0.0,0,4,7,33.0,0,3.3,7.3,NE,JuJu Smith-Schuster,3.3
00-0033857,J.Smith-Schuster,JuJu Smith-Schuster,WR,NE,MIA,2,2023,0,0,0.0,0,0,0.0,0,5,6,28.0,0,2.8,7.8,NE,JuJu Smith-Schuster,2.8
00-0033857,J.Smith-Schuster,JuJu Smith-Schuster,WR,NE,NYJ,3,2023,0,0,0.0,0,0,0.0,0,1,3,5.0,0,0.5,1.5,NE,JuJu Smith-Schuster,0.5
00-0033857,J.Smith-Schuster,JuJu Smith-Schuster,WR,NE,DAL,4,2023,0,0,0.0,0,0,0.0,0,1,5,14.0,0,1.4,2.4,NE,JuJu Smith-Schuster,1.4
00-0033857,J.Smith-Schuster,JuJu Smith-Schuster,WR,NE,NO,5,2023,0,0,0.0,0,0,0.0,0,3,4,6.0,0,0.6,3.6,NE,JuJu Smith-Schuster,0.6
00-0033857,J.Smith-Schuster,JuJu Smith-Schuster,WR,NE,MIA,8,2023,0,0,0.0,0,0,0.0,0,1,1,3.0,1,6.3,7.3,NE,JuJu Smith-Schuster,6.3
00-0033857,J.Smith-Schuster,JuJu Smith-Schuster,WR,NE,WAS,9,2023,0,0,0.0,0,0,0.0,0,6,7,51.0,0,5.1,11.1,NE,JuJu Smith-Schuster,5.1
00-0033857,J.Smith-Schuster,JuJu Smith-Schuster,WR,NE,IND,10,2023,0,0,0.0,0,0,0.0,0,1,1,9.0,0,0.9,1.9,NE,JuJu Smith-Schuster,0.9
00-0033857,J.Smith-Schuster,JuJu Smith-Schuster,WR,NE,NYG,12,2023,0,0,0.0,0,0,0.0,0,2,4,10.0,0,1.0,3.0,NE,JuJu Smith-Schuster,1.0
00-0033857,J.Smith-Schuster,JuJu Smith-Schuster,WR,NE,LAC,13,2023,0,0,0.0,0,0,0.0,0,1,3,11.0,0,1.1,2.1,NE,JuJu Smith-Schuster,1.1
00-0033857,J.Smith-Schuster,JuJu Smith-Schuster,WR,NE,PIT,14,2023,0,0,0.0,0,0,0.0,0,4,6,90.0,0,9.0,13.0,NE,JuJu Smith-Schuster,9.0
00-0033858,J.Smith,Jonnu Smith,TE,ATL,GB,2,2023,0,0,0.0,0,0,0.0,0,4,6,47.0,0,4.7,8.7,ATL,Jonnu Smith,4.7
00-0033858,J.Smith,Jonnu Smith,TE,ATL,DET,3,2023,0,0,0.0,0,0,0.0,0,5,8,37.0,0,3.7,8.7,ATL,Jonnu Smith,3.7
00-0033858,J.Smith,Jonnu Smith,TE,ATL,JAX,4,2023,0,0,0.0,0,0,0.0,0,6,6,95.0,0,9.5,15.5,ATL,Jonnu Smith,9.5
00-0033858,J.Smith,Jonnu Smith,TE,ATL,HOU,5,2023,0,0,0.0,0,0,0.0,0,6,7,67.0,0,4.7,10.7,ATL,Jonnu Smith,4.7
00-0033858,J.Smith,Jonnu Smith,TE,ATL,WAS,6,2023,0,0,0.0,0,0,0.0,0,4,5,36.0,1,9.6,13.6,ATL,Jonnu Smith,9.6
00-0033858,J.Smith,Jonnu Smith,TE,ATL,TB,7,2023,0,0,0.0,0,0,0.0,0,3,3,27.0,0,2.7,5.7,ATL,Jonnu Smith,2.7
00-0033858,J.Smith,Jonnu Smith,TE,ATL,TEN,8,2023,0,1,0.0,0,0,0.0,0,1,1,13.0,0,1.3,2.3,ATL,Jonnu Smith,1.3
00-0033858,J.Smith,Jonnu Smith,TE,ATL,MIN,9,2023,0,0,0.0,0,1,0.0,0,5,6,100.0,1,16.0,21.0,ATL,Jonnu Smith,16.0
00-0033858,J.Smith,Jonnu Smith,TE,ATL,ARI,10,2023,0,0,0.0,0,0,0.0,0,1,3,1.0,0,0.1,1.1,ATL,Jonnu Smith,0.1
00-0033858,J.Smith,Jonnu Smith,TE,ATL,NYJ,13,2023,0,0,0.0,0,0,0.0,0,2,3,10.0,0,1.0,3.0,ATL,Jonnu Smith,1.0
00-0033858,J.Smith,Jonnu Smith,TE,ATL,TB,14,2023,0,0,0.0,0,0,0.0,0,4,7,27.0,0,2.7,6.7,ATL,Jonnu Smith,2.7
00-0033858,J.Smith,Jonnu Smith,TE,ATL,CAR,15,2023,0,0,0.0,0,0,0.0,0,2,2,61.0,0,6.1,8.1,ATL,Jonnu Smith,6.1
00-0033858,J.Smith,Jonnu Smith,TE,ATL,IND,16,2023,0,0,0.0,0,0,0.0,0,4,6,32.0,0,3.2,7.2,ATL,Jonnu Smith,3.2
00-0033858,J.Smith,Jonnu Smith,TE,ATL,CHI,17,2023,0,0,0.0,0,0,0.0,0,0,4,0.0,0,0.0,0.0,ATL,Jonnu Smith,0.0
00-0033858,J.Smith,Jonnu Smith,TE,ATL,NO,18,2023,0,0,0.0,0,0,0.0,0,3,3,29.0,1,8.9,11.9,ATL,Jonnu Smith,8.9
00-0033863,D.Skipper,Dan Skipper,T,DET,MIN,18,2023,0,0,0.0,0,0,0.0,0,1,1,4.0,0,0.4,1.4,DET,Dan Skipper,0.4
00-0033869,M.Trubisky,Mitchell Trubisky,QB,PIT,HOU,4,2023,3,5,18.0,0,0,0.0,0,0,0,0.0,0,0.72,0.72,PIT,Mitchell Trubisky,0.72
00-0033869,M.Trubisky,Mitchell Trubisky,QB,PIT,JAX,8,2023,15,27,138.0,1,3,18.0,0,0,0,0.0,0,7.32,7.32,PIT,Mitchell Trubisky,7.32
00-0033869,M.Trubisky,Mitchell Trubisky,QB,PIT,ARI,13,2023,11,17,117.0,1,3,5.0,0,0,0,0.0,0,7.18,7.18,PIT,Mitchell Trubisky,7.18
00-0033869,M.Trubisky,Mitchell Trubisky,QB,PIT,NE,14,2023,22,35,190.0,1,8,30.0,1,0,0,0.0,0,20.6,20.6,PIT,Mitchell Trubisky,20.6
00-0033869,M.Trubisky,Mitchell Trubisky,QB,PIT,IND,15,2023,16,23,169.0,1,2,1.0,1,0,0,0.0,0,12.86,12.86,PIT,Mitchell Trubisky,12.86
00-0033873,P.Mahomes,Patrick Mahomes,QB,KC,DET,1,2023,21,39,226.0,2,6,45.0,0,0,0,0.0,0,19.54,19.54,KC,Patrick Mahomes,19.54
00-0033873,P.Mahomes,Patrick Mahomes,QB,KC,JAX,2,2023,29,41,305.0,2,7,30.0,0,0,0,0.0,0,21.2,21.2,KC,Patrick Mahomes,21.2
00-0033873,P.Mahomes,Patrick Mahomes,QB,KC,CHI,3,2023,24,33,272.0,3,3,28.0,0,0,0,0.0,0,25.68,25.68,KC,Patrick Mahomes,25.68
00-0033873,P.Mahomes,Patrick Mahomes,QB,KC,NYJ,4,2023,18,30,203.0,1,7,51.0,0,0,0,0.0,0,13.22,13.22,KC,Patrick Mahomes,13.22
00-0033873,P.Mahomes,Patrick Mahomes,QB,KC,MIN,5,2023,31,41,281.0,2,0,0.0,0,0,0,0.0,0,19.24,19.24,KC,Patrick Mahomes,19.24
00-0033873,P.Mahomes,Patrick Mahomes,QB,KC,DEN,6,2023,30,40,306.0,1,6,31.0,0,0,0,0.0,0,17.34,17.34,KC,Patrick Mahomes,17.34
00-0033873,P.Mahomes,Patrick Mahomes,QB,KC,LAC,7,2023,32,42,424.0,4,4,29.0,0,0,0,0.0,0,33.86,33.86,KC,Patrick Mahomes,33.86
00-0033873,P.Mahomes,Patrick Mahomes,QB,KC,DEN,8,2023,24,38,240.0,0,3,20.0,0,0,0,0.0,0,5.6,5.6,KC,Patrick Mahomes,5.6
00-0033873,P.Mahomes,Patrick Mahomes,QB,KC,MIA,9,2023,20,30,185.0,2,6,24.0,0,0,0,0.0,0,15.8,15.8,KC,Patrick Mahomes,15.8
00-0033873,P.Mahomes,Patrick Mahomes,QB,KC,PHI,11,2023,24,43,177.0,2,6,38.0,0,0,0,0.0,0,16.88,16.88,KC,Patrick Mahomes,16.88
00-0033873,P.Mahomes,Patrick Mahomes,QB,KC,LV,12,2023,27,34,298.0,2,5,9.0,0,0,0,0.0,0,20.82,20.82,KC,Patrick Mahomes,20.82
00-0033873,P.Mahomes,Patrick Mahomes,QB,KC,GB,13,2023,21,33,210.0,1,4,26.0,0,0,0,0.0,0,13.0,13.0,KC,Patrick Mahomes,13.0
00-0033873,P.Mahomes,Patrick Mahomes,QB,KC,BUF,14,2023,25,43,271.0,1,1,8.0,0,0,0,0.0,0,13.64,13.64,KC,Patrick Mahomes,13.64
00-0033873,P.Mahomes,Patrick Mahomes,QB,KC,NE,15,2023,27,37,305.0,2,3,-5.0,0,0,0,0.0,0,15.7,15.7,KC,Patrick Mahomes,15.7
00-0033873,P.Mahomes,Patrick Mahomes,QB,KC,LV,16,2023,27,44,235.0,1,10,53.0,0,0,0,0.0,0,16.7,16.7,KC,Patrick Mahomes,16.7
00-0033873,P.Mahomes,Patrick Mahomes,QB,KC,CIN,17,2023,21,29,245.0,1,4,2.0,0,0,0,0.0,0,12.0,12.0,KC,Patrick Mahomes,12.0
00-0033873,P.Mahomes,Patrick Mahomes,QB,KC,MIA,19,2023,23,41,262.0,1,2,41.0,0,0,0,0.0,0,18.58,18.58,KC,Patrick Mahomes,18.58
00-0033873,P.Mahomes,Patrick Mahomes,QB,KC,BUF,20,2023,17,23,215.0,2,6,19.0,0,0,0,0.0,0,18.5,18.5,KC,Patrick Mahomes,18.5
00-0033873,P.Mahomes,Patrick Mahomes,QB,KC,BAL,21,2023,30,39,241.0,1,6,15.0,0,0,0,0.0,0,15.14,15.14,KC,Patrick Mahomes,15.14
00-0033873,P.Mahomes,Patrick Mahomes,QB,KC,SF,22,2023,34,46,333.0,2,9,66.0,0,0,0,0.0,0,25.92,25.92,KC,Patrick Mahomes,25.92
00-0033881,E.Engram,Evan Engram,TE,JAX,IND,1,2023,0,0,0.0,0,0,0.0,0,5,5,49.0,0,4.9,9.9,JAX,Evan Engram,4.9
00-0033881,E.Engram,Evan Engram,TE,JAX,KC,2,2023,0,0,0.0,0,0,0.0,0,6,8,57.0,0,5.7,11.7,JAX,Evan Engram,5.7
00-0033881,E.Engram,Evan Engram,TE,JAX,HOU,3,2023,0,0,0.0,0,0,0.0,0,7,8,67.0,0,6.7,13.7,JAX,Evan Engram,6.7
00-0033881,E.Engram,Evan Engram,TE,JAX,ATL,4,2023,0,0,0.0,0,0,0.0,0,7,8,59.0,0,5.9,12.9,JAX,Evan Engram,5.9
00-0033881,E.Engram,Evan Engram,TE,JAX,BUF,5,2023,0,0,0.0,0,0,0.0,0,4,8,28.0,0,2.8,6.8,JAX,Evan Engram,2.8
00-0033881,E.Engram,Evan Engram,TE,JAX,IND,6,2023,0,0,0.0,0,0,0.0,0,7,7,41.0,0,4.1,11.1,JAX,Evan Engram,4.1
00-0033881,E.Engram,Evan Engram,TE,JAX,NO,7,2023,0,0,0.0,0,0,0.0,0,5,7,45.0,0,4.5,9.5,JAX,Evan Engram,4.5
00-0033881,E.Engram,Evan Engram,TE,JAX,PIT,8,2023,0,0,0.0,0,0,0.0,0,10,10,88.0,0,6.8,16.8,JAX,Evan Engram,6.8
00-0033881,E.Engram,Evan Engram,TE,JAX,SF,10,2023,0,0,0.0,0,0,0.0,0,4,7,12.0,0,1.2,5.2,JAX,Evan Engram,1.2
00-0033881,E.Engram,Evan Engram,TE,JAX,TEN,11,2023,0,0,0.0,0,0,0.0,0,4,6,29.0,0,2.9,6.9,JAX,Evan Engram,2.9
00-0033881,E.Engram,Evan Engram,TE,JAX,HOU,12,2023,0,0,0.0,0,0,0.0,0,5,8,49.0,0,4.9,9.9,JAX,Evan Engram,4.9
00-0033881,E.Engram,Evan Engram,TE,JAX,CIN,13,2023,0,0,0.0,0,0,0.0,0,9,9,82.0,1,14.2,23.2,JAX,Evan Engram,14.2
00-0033881,E.Engram,Evan Engram,TE,JAX,CLE,14,2023,0,0,0.0,0,0,0.0,0,11,12,95.0,2,21.5,32.5,JAX,Evan Engram,21.5
00-0033881,E.Engram,Evan Engram,TE,JAX,BAL,15,2023,0,0,0.0,0,0,0.0,0,4,6,28.0,0,2.8,6.8,JAX,Evan Engram,2.8
00-0033881,E.Engram,Evan Engram,TE,JAX,TB,16,2023,0,0,0.0,0,0,0.0,0,10,15,95.0,0,7.5,17.5,JAX,Evan Engram,7.5
00-0033881,E.Engram,Evan Engram,TE,JAX,CAR,17,2023,0,0,0.0,0,0,0.0,0,6,6,60.0,0,6.0,12.0,JAX,Evan Engram,6.0
00-0033881,E.Engram,Evan Engram,TE,JAX,TEN,18,2023,0,0,0.0,0,0,0.0,0,10,13,79.0,1,13.9,23.9,JAX,Evan Engram,13.9
00-0033885,D.Njoku,David Njoku,TE,CLE,CIN,1,2023,0,0,0.0,0,0,0.0,0,2,3,24.0,0,2.4,4.4,CLE,David Njoku,2.4
00-0033885,D.Njoku,David Njoku,TE,CLE,PIT,2,2023,0,0,0.0,0,0,0.0,0,4,4,48.0,0,2.8,6.8,CLE,David Njoku,2.8
00-0033885,D.Njoku,David Njoku,TE,CLE,TEN,3,2023,0,0,0.0,0,0,0.0,0,4,4,20.0,0,2.0,6.0,CLE,David Njoku,2.0
00-0033885,D.Njoku,David Njoku,TE,CLE,BAL,4,2023,0,0,0.0,0,0,0.0,0,6,7,46.0,0,4.6,10.6,CLE,David Njoku,4.6
00-0033885,D.Njoku,David Njoku,TE,CLE,SF,6,2023,0,0,0.0,0,0,0.0,0,3,4,24.0,0,2.4,5.4,CLE,David Njoku,2.4
00-0033885,D.Njoku,David Njoku,TE,CLE,IND,7,2023,0,0,0.0,0,0,0.0,0,5,9,54.0,0,5.4,10.4,CLE,David Njoku,5.4
00-0033885,D.Njoku,David Njoku,TE,CLE,SEA,8,2023,0,0,0.0,0,0,0.0,0,4,8,77.0,1,13.7,17.7,CLE,David Njoku,13.7
00-0033885,D.Njoku,David Njoku,TE,CLE,ARI,9,2023,0,0,0.0,0,0,0.0,0,4,6,26.0,1,8.6,12.6,CLE,David Njoku,8.6
00-0033885,D.Njoku,David Njoku,TE,CLE,BAL,10,2023,0,0,0.0,0,0,0.0,0,6,9,58.0,0,5.8,11.8,CLE,David Njoku,5.8
00-0033885,D.Njoku,David Njoku,TE,CLE,PIT,11,2023,0,0,0.0,0,0,0.0,0,7,15,56.0,0,5.6,12.6,CLE,David Njoku,5.6
00-0033885,D.Njoku,David Njoku,TE,CLE,DEN,12,2023,0,0,0.0,0,0,0.0,0,6,9,59.0,0,5.9,11.9,CLE,David Njoku,5.9
00-0033885,D.Njoku,David Njoku,TE,CLE,LA,13,2023,0,0,0.0,0,0,0.0,0,2,6,17.0,0,1.7,3.7,CLE,David Njoku,1.7
00-0033885,D.Njoku,David Njoku,TE,CLE,JAX,14,2023,0,0,0.0,0,0,0.0,0,6,8,91.0,2,21.1,27.1,CLE,David Njoku,21.1
00-0033885,D.Njoku,David Njoku,TE,CLE,CHI,15,2023,0,0,0.0,0,0,0.0,0,10,14,104.0,1,16.4,26.4,CLE,David Njoku,16.4
00-0033885,D.Njoku,David Njoku,TE,CLE,HOU,16,2023,0,0,0.0,0,0,0.0,0,6,9,44.0,1,10.4,16.4,CLE,David Njoku,10.4
00-0033885,D.Njoku,David Njoku,TE,CLE,NYJ,17,2023,0,0,0.0,0,0,0.0,0,6,8,134.0,0,11.4,17.4,CLE,David Njoku,11.4
00-0033885,D.Njoku,David Njoku,TE,CLE,HOU,19,2023,0,0,0.0,0,0,0.0,0,7,11,93.0,0,9.3,16.3,CLE,David Njoku,9.3
00-0033891,Z.Jones,Zay Jones,WR,JAX,IND,1,2023,0,0,0.0,0,0,0.0,0,5,7,55.0,1,11.5,16.5,JAX,Zay Jones,11.5
00-0033891,Z.Jones,Zay Jones,WR,JAX,KC,2,2023,0,0,0.0,0,0,0.0,0,0,6,0.0,0,0.0,0.0,JAX,Zay Jones,0.0
00-0033891,Z.Jones,Zay Jones,WR,JAX,BUF,5,2023,0,0,0.0,0,0,0.0,0,3,5,23.0,1,8.3,11.3,JAX,Zay Jones,8.3
00-0033891,Z.Jones,Zay Jones,WR,JAX,TEN,11,2023,0,0,0.0,0,0,0.0,0,4,4,20.0,0,2.0,6.0,JAX,Zay Jones,2.0
00-0033891,Z.Jones,Zay Jones,WR,JAX,HOU,12,2023,0,0,0.0,0,0,0.0,0,1,3,10.0,0,1.0,2.0,JAX,Zay Jones,1.0
00-0033891,Z.Jones,Zay Jones,WR,JAX,CIN,13,2023,0,0,0.0,0,0,0.0,0,5,8,78.0,0,7.8,12.8,JAX,Zay Jones,7.8
00-0033891,Z.Jones,Zay Jones,WR,JAX,CLE,14,2023,0,0,0.0,0,0,0.0,0,5,14,29.0,0,2.9,7.9,JAX,Zay Jones,2.9
00-0033891,Z.Jones,Zay Jones,WR,JAX,BAL,15,2023,0,0,0.0,0,0,0.0,0,5,8,59.0,0,5.9,10.9,JAX,Zay Jones,5.9
00-0033891,Z.Jones,Zay Jones,WR,JAX,TEN,18,2023,0,0,0.0,0,0,0.0,0,6,9,47.0,0,4.7,10.7,JAX,Zay Jones,4.7
00-0033893,D.Cook,Dalvin Cook,RB,NYJ,BUF,1,2023,0,0,0.0,0,13,33.0,0,3,3,26.0,0,5.9,8.9,NYJ,Dalvin Cook,5.9
00-0033893,D.Cook,Dalvin Cook,RB,NYJ,DAL,2,2023,0,0,0.0,0,4,7.0,0,1,1,5.0,0,-0.8,0.2,NYJ,Dalvin Cook,-0.8
00-0033893,D.Cook,Dalvin Cook,RB,NYJ,NE,3,2023,0,0,0.0,0,8,18.0,0,3,3,11.0,0,2.9,5.9,NYJ,Dalvin Cook,2.9
00-0033893,D.Cook,Dalvin Cook,RB,NYJ,KC,4,2023,0,0,0.0,0,5,16.0,0,1,1,2.0,0,1.8,2.8,NYJ,Dalvin Cook,1.8
00-0033893,D.Cook,Dalvin Cook,RB,NYJ,DEN,5,2023,0,0,0.0,0,6,23.0,0,0,0,0.0,0,2.3,2.3,NYJ,Dalvin Cook,2.3
00-0033893,D.Cook,Dalvin Cook,RB,NYJ,PHI,6,2023,0,0,0.0,0,3,12.0,0,1,1,2.0,0,1.4,2.4,NYJ,Dalvin Cook,1.4
00-0033893,D.Cook,Dalvin Cook,RB,NYJ,NYG,8,2023,0,0,0.0,0,2,5.0,0,0,0,0.0,0,0.5,0.5,NYJ,Dalvin Cook,0.5
00-0033893,D.Cook,Dalvin Cook,RB,NYJ,LAC,9,2023,0,0,0.0,0,2,7.0,0,1,2,1.0,0,0.8,1.8,NYJ,Dalvin Cook,0.8
00-0033893,D.Cook,Dalvin Cook,RB,NYJ,LV,10,2023,0,0,0.0,0,4,26.0,0,0,1,0.0,0,2.6,2.6,NYJ,Dalvin Cook,2.6
00-0033893,D.Cook,Dalvin Cook,RB,NYJ,BUF,11,2023,0,0,0.0,0,2,13.0,0,0,1,0.0,0,1.3,1.3,NYJ,Dalvin Cook,1.3
00-0033893,D.Cook,Dalvin Cook,RB,NYJ,MIA,12,2023,0,0,0.0,0,1,2.0,0,2,3,19.0,0,2.1,4.1,NYJ,Dalvin Cook,2.1
00-0033893,D.Cook,Dalvin Cook,RB,NYJ,ATL,13,2023,0,0,0.0,0,9,35.0,0,1,2,11.0,0,2.6,3.6,NYJ,Dalvin Cook,2.6
00-0033893,D.Cook,Dalvin Cook,RB,NYJ,HOU,14,2023,0,0,0.0,0,7,13.0,0,1,1,-5.0,0,0.8,1.8,NYJ,Dalvin Cook,0.8
00-0033893,D.Cook,Dalvin Cook,RB,NYJ,MIA,15,2023,0,0,0.0,0,1,4.0,0,1,1,6.0,0,1.0,2.0,NYJ,Dalvin Cook,1.0
00-0033893,D.Cook,Dalvin Cook,RB,BAL,HOU,20,2023,0,0,0.0,0,8,23.0,0,0,0,0.0,0,2.3,2.3,BAL,Dalvin Cook,2.3
00-0033895,G.Everett,Gerald Everett,TE,LAC,MIA,1,2023,0,0,0.0,0,1,2.0,0,2,3,21.0,0,2.3,4.3,LAC,Gerald Everett,2.3
00-0033895,G.Everett,Gerald Everett,TE,LAC,TEN,2,2023,0,0,0.0,0,0,0.0,0,3,3,47.0,0,4.7,7.7,LAC,Gerald Everett,4.7
00-0033895,G.Everett,Gerald Everett,TE,LAC,MIN,3,2023,0,0,0.0,0,0,0.0,0,6,6,30.0,0,3.0,9.0,LAC,Gerald Everett,3.0
00-0033895,G.Everett,Gerald Everett,TE,LAC,LV,4,2023,0,0,0.0,0,0,0.0,0,2,2,9.0,0,0.9,2.9,LAC,Gerald Everett,0.9
00-0033895,G.Everett,Gerald Everett,TE,LAC,DAL,6,2023,0,0,0.0,0,1,2.0,0,3,5,16.0,1,7.8,10.8,LAC,Gerald Everett,7.8
00-0033895,G.Everett,Gerald Everett,TE,LAC,KC,7,2023,0,0,0.0,0,0,0.0,0,3,4,26.0,1,8.6,11.6,LAC,Gerald Everett,8.6
00-0033895,G.Everett,Gerald Everett,TE,LAC,NYJ,9,2023,0,0,0.0,0,0,0.0,0,2,2,18.0,0,1.8,3.8,LAC,Gerald Everett,1.8
00-0033895,G.Everett,Gerald Everett,TE,LAC,DET,10,2023,0,0,0.0,0,0,0.0,0,0,2,0.0,0,0.0,0.0,LAC,Gerald Everett,0.0
00-0033895,G.Everett,Gerald Everett,TE,LAC,BAL,12,2023,0,0,0.0,0,0,0.0,0,4,4,43.0,1,10.3,14.3,LAC,Gerald Everett,10.3
00-0033895,G.Everett,Gerald Everett,TE,LAC,NE,13,2023,0,0,0.0,0,0,0.0,0,4,5,44.0,0,4.4,8.4,LAC,Gerald Everett,4.4
00-0033895,G.Everett,Gerald Everett,TE,LAC,DEN,14,2023,0,0,0.0,0,0,0.0,0,5,8,39.0,0,3.9,8.9,LAC,Gerald Everett,3.9
00-0033895,G.Everett,Gerald Everett,TE,LAC,LV,15,2023,0,0,0.0,0,0,0.0,0,5,8,41.0,0,4.1,9.1,LAC,Gerald Everett,4.1
00-0033895,G.Everett,Gerald Everett,TE,LAC,BUF,16,2023,0,0,0.0,0,0,0.0,0,7,8,42.0,0,4.2,11.2,LAC,Gerald Everett,4.2
00-0033895,G.Everett,Gerald Everett,TE,LAC,DEN,17,2023,0,0,0.0,0,1,6.0,0,4,9,31.0,0,3.7,7.7,LAC,Gerald Everett,3.7
00-0033895,G.Everett,Gerald Everett,TE,LAC,KC,18,2023,0,0,0.0,0,0,0.0,0,1,1,4.0,0,0.4,1.4,LAC,Gerald Everett,0.4
00-0033897,J.Mixon,Joe Mixon,RB,CIN,CLE,1,2023,0,0,0.0,0,13,56.0,0,3,5,17.0,0,7.3,10.3,CIN,Joe Mixon,7.3
00-0033897,J.Mixon,Joe Mixon,RB,CIN,BAL,2,2023,0,0,0.0,0,13,59.0,0,4,5,36.0,0,9.5,13.5,CIN,Joe Mixon,9.5
00-0033897,J.Mixon,Joe Mixon,RB,CIN,LA,3,2023,0,0,0.0,0,19,65.0,1,1,2,5.0,0,13.0,14.0,CIN,Joe Mixon,13.0
00-0033897,J.Mixon,Joe Mixon,RB,CIN,TEN,4,2023,0,0,0.0,0,14,67.0,0,1,1,9.0,0,7.6,8.6,CIN,Joe Mixon,7.6
00-0033897,J.Mixon,Joe Mixon,RB,CIN,ARI,5,2023,0,0,0.0,0,25,81.0,0,4,4,13.0,0,9.4,13.4,CIN,Joe Mixon,9.4
00-0033897,J.Mixon,Joe Mixon,RB,CIN,SEA,6,2023,0,0,0.0,0,12,38.0,0,3,4,24.0,0,6.2,9.2,CIN,Joe Mixon,6.2
00-0033897,J.Mixon,Joe Mixon,RB,CIN,SF,8,2023,0,0,0.0,0,16,87.0,1,3,3,23.0,0,17.0,20.0,CIN,Joe Mixon,17.0
00-0033897,J.Mixon,Joe Mixon,RB,CIN,BUF,9,2023,0,0,0.0,0,14,37.0,1,5,6,31.0,0,12.8,17.8,CIN,Joe Mixon,12.8
00-0033897,J.Mixon,Joe Mixon,RB,CIN,HOU,10,2023,0,0,0.0,0,11,46.0,1,2,3,-1.0,0,10.5,12.5,CIN,Joe Mixon,10.5
00-0033897,J.Mixon,Joe Mixon,RB,CIN,BAL,11,2023,0,0,0.0,0,16,69.0,0,5,5,31.0,1,16.0,21.0,CIN,Joe Mixon,16.0
00-0033897,J.Mixon,Joe Mixon,RB,CIN,PIT,12,2023,0,0,0.0,0,8,16.0,0,2,2,44.0,0,6.0,8.0,CIN,Joe Mixon,6.0
00-0033897,J.Mixon,Joe Mixon,RB,CIN,JAX,13,2023,0,0,0.0,0,19,68.0,2,6,7,49.0,0,23.7,29.7,CIN,Joe Mixon,23.7
00-0033897,J.Mixon,Joe Mixon,RB,CIN,IND,14,2023,0,0,0.0,0,21,79.0,1,3,4,46.0,0,18.5,21.5,CIN,Joe Mixon,18.5
00-0033897,J.Mixon,Joe Mixon,RB,CIN,MIN,15,2023,0,0,0.0,0,10,47.0,1,3,3,14.0,0,12.1,15.1,CIN,Joe Mixon,12.1
00-0033897,J.Mixon,Joe Mixon,RB,CIN,PIT,16,2023,0,0,0.0,0,11,43.0,0,2,4,7.0,0,7.0,9.0,CIN,Joe Mixon,7.0
00-0033897,J.Mixon,Joe Mixon,RB,CIN,KC,17,2023,0,0,0.0,0,21,65.0,0,4,4,22.0,1,14.7,18.7,CIN,Joe Mixon,14.7
00-0033897,J.Mixon,Joe Mixon,RB,CIN,CLE,18,2023,0,0,0.0,0,14,111.0,1,1,2,6.0,1,23.7,24.7,CIN,Joe Mixon,23.7
00-0033906,A.Kamara,Alvin Kamara,RB,NO,TB,4,2023,0,0,0.0,0,11,51.0,0,13,14,33.0,0,8.4,21.4,NO,Alvin Kamara,8.4
00-0033906,A.Kamara,Alvin Kamara,RB,NO,NE,5,2023,0,0,0.0,0,22,80.0,1,3,3,17.0,0,15.7,18.7,NO,Alvin Kamara,15.7
00-0033906,A.Kamara,Alvin Kamara,RB,NO,HOU,6,2023,0,0,0.0,0,19,68.0,0,7,8,36.0,0,10.4,17.4,NO,Alvin Kamara,10.4
00-0033906,A.Kamara,Alvin Kamara,RB,NO,JAX,7,2023,0,0,0.0,0,17,62.0,0,12,14,91.0,0,17.3,29.3,NO,Alvin Kamara,17.3
00-0033906,A.Kamara,Alvin Kamara,RB,NO,IND,8,2023,0,0,0.0,0,17,59.0,1,4,5,51.0,1,23.0,27.0,NO,Alvin Kamara,23.0
00-0033906,A.Kamara,Alvin Kamara,RB,NO,CHI,9,2023,0,0,0.0,0,9,26.0,0,4,5,44.0,0,7.0,11.0,NO,Alvin Kamara,7.0
00-0033906,A.Kamara,Alvin Kamara,RB,NO,MIN,10,2023,0,0,0.0,0,9,42.0,0,7,7,33.0,0,11.5,18.5,NO,Alvin Kamara,11.5
00-0033906,A.Kamara,Alvin Kamara,RB,NO,ATL,12,2023,0,0,0.0,0,15,69.0,0,4,5,50.0,0,11.9,15.9,NO,Alvin Kamara,11.9
00-0033906,A.Kamara,Alvin Kamara,RB,NO,DET,13,2023,0,0,0.0,0,14,51.0,2,6,8,58.0,0,22.9,28.9,NO,Alvin Kamara,22.9
00-0033906,A.Kamara,Alvin Kamara,RB,NO,CAR,14,2023,0,0,0.0,0,12,56.0,1,3,4,-11.0,0,10.5,13.5,NO,Alvin Kamara,10.5
00-0033906,A.Kamara,Alvin Kamara,RB,NO,NYG,15,2023,0,0,0.0,0,16,66.0,0,5,5,44.0,0,11.0,16.0,NO,Alvin Kamara,11.0
00-0033906,A.Kamara,Alvin Kamara,RB,NO,LA,16,2023,0,0,0.0,0,9,19.0,0,5,6,16.0,0,3.5,8.5,NO,Alvin Kamara,3.5
00-0033906,A.Kamara,Alvin Kamara,RB,NO,TB,17,2023,0,0,0.0,0,10,45.0,0,2,2,4.0,0,4.9,6.9,NO,Alvin Kamara,4.9
00-0033908,C.Kupp,Cooper Kupp,WR,LA,PHI,5,2023,0,0,0.0,0,0,0.0,0,8,12,118.0,0,11.8,19.8,LA,Cooper Kupp,11.8
00-0033908,C.Kupp,Cooper Kupp,WR,LA,ARI,6,2023,0,0,0.0,0,0,0.0,0,7,9,148.0,1,20.8,27.8,LA,Cooper Kupp,20.8
00-0033908,C.Kupp,Cooper Kupp,WR,LA,PIT,7,2023,0,0,0.0,0,0,0.0,0,2,7,29.0,0,4.9,6.9,LA,Cooper Kupp,4.9
00-0033908,C.Kupp,Cooper Kupp,WR,LA,DAL,8,2023,0,0,0.0,0,0,0.0,0,4,10,21.0,0,2.1,6.1,LA,Cooper Kupp,2.1
00-0033908,C.Kupp,Cooper Kupp,WR,LA,GB,9,2023,0,0,0.0,0,0,0.0,0,2,7,48.0,0,4.8,6.8,LA,Cooper Kupp,4.8
00-0033908,C.Kupp,Cooper Kupp,WR,LA,SEA,11,2023,0,0,0.0,0,0,0.0,0,1,1,11.0,0,1.1,2.1,LA,Cooper Kupp,1.1
00-0033908,C.Kupp,Cooper Kupp,WR,LA,ARI,12,2023,0,0,0.0,0,0,0.0,0,3,5,18.0,0,1.8,4.8,LA,Cooper Kupp,1.8
00-0033908,C.Kupp,Cooper Kupp,WR,LA,CLE,13,2023,0,0,0.0,0,0,0.0,0,6,8,39.0,1,9.9,15.9,LA,Cooper Kupp,9.9
00-0033908,C.Kupp,Cooper Kupp,WR,LA,BAL,14,2023,0,0,0.0,0,0,0.0,0,8,10,115.0,1,17.5,25.5,LA,Cooper Kupp,17.5
00-0033908,C.Kupp,Cooper Kupp,WR,LA,WAS,15,2023,0,0,0.0,0,0,0.0,0,8,8,111.0,1,17.1,25.1,LA,Cooper Kupp,17.1
00-0033908,C.Kupp,Cooper Kupp,WR,LA,NO,16,2023,0,0,0.0,0,1,-3.0,0,6,12,52.0,0,4.9,10.9,LA,Cooper Kupp,4.9
00-0033908,C.Kupp,Cooper Kupp,WR,LA,NYG,17,2023,0,0,0.0,0,0,0.0,0,4,6,27.0,1,8.7,12.7,LA,Cooper Kupp,8.7
00-0033908,C.Kupp,Cooper Kupp,WR,LA,DET,19,2023,0,0,0.0,0,0,0.0,0,5,9,27.0,0,2.7,7.7,LA,Cooper Kupp,2.7
00-0033921,C.Godwin,Chris Godwin,WR,TB,MIN,1,2023,0,0,0.0,0,0,0.0,0,5,6,51.0,0,5.1,10.1,TB,Chris Godwin,5.1
00-0033921,C.Godwin,Chris Godwin,WR,TB,CHI,2,2023,0,0,0.0,0,0,0.0,0,5,8,58.0,0,5.8,10.8,TB,Chris Godwin,5.8
00-0033921,C.Godwin,Chris Godwin,WR,TB,PHI,3,2023,0,0,0.0,0,0,0.0,0,3,5,32.0,0,5.2,8.2,TB,Chris Godwin,5.2
00-0033921,C.Godwin,Chris Godwin,WR,TB,NO,4,2023,0,1,0.0,0,0,0.0,0,8,11,114.0,0,11.4,19.4,TB,Chris Godwin,11.4
00-0033921,C.Godwin,Chris Godwin,WR,TB,DET,6,2023,0,0,0.0,0,0,0.0,0,6,7,77.0,0,7.7,13.7,TB,Chris Godwin,7.7
00-0033921,C.Godwin,Chris Godwin,WR,TB,ATL,7,2023,0,0,0.0,0,0,0.0,0,6,12,66.0,0,6.6,12.6,TB,Chris Godwin,6.6
00-0033921,C.Godwin,Chris Godwin,WR,TB,BUF,8,2023,0,0,0.0,0,1,14.0,0,5,7,54.0,1,12.8,17.8,TB,Chris Godwin,12.8
00-0033921,C.Godwin,Chris Godwin,WR,TB,HOU,9,2023,0,0,0.0,0,0,0.0,0,2,6,16.0,0,1.6,3.6,TB,Chris Godwin,1.6
00-0033921,C.Godwin,Chris Godwin,WR,TB,TEN,10,2023,0,0,0.0,0,0,0.0,0,4,6,54.0,0,5.4,9.4,TB,Chris Godwin,5.4
00-0033921,C.Godwin,Chris Godwin,WR,TB,SF,11,2023,0,0,0.0,0,0,0.0,0,6,7,39.0,0,3.9,9.9,TB,Chris Godwin,3.9
00-0033921,C.Godwin,Chris Godwin,WR,TB,IND,12,2023,0,0,0.0,0,0,0.0,0,3,7,45.0,0,4.5,7.5,TB,Chris Godwin,4.5
00-0033921,C.Godwin,Chris Godwin,WR,TB,CAR,13,2023,0,0,0.0,0,1,19.0,1,0,3,0.0,0,7.9,7.9,TB,Chris Godwin,7.9
00-0033921,C.Godwin,Chris Godwin,WR,TB,ATL,14,2023,0,0,0.0,0,0,0.0,0,5,11,53.0,0,5.3,10.3,TB,Chris Godwin,5.3
00-0033921,C.Godwin,Chris Godwin,WR,TB,GB,15,2023,0,0,0.0,0,0,0.0,0,10,12,155.0,0,15.5,25.5,TB,Chris Godwin,15.5
00-0033921,C.Godwin,Chris Godwin,WR,TB,JAX,16,2023,0,0,0.0,0,1,1.0,0,6,10,78.0,0,7.9,13.9,TB,Chris Godwin,7.9
00-0033921,C.Godwin,Chris Godwin,WR,TB,NO,17,2023,0,0,0.0,0,0,0.0,0,3,5,81.0,1,14.1,17.1,TB,Chris Godwin,14.1
00-0033921,C.Godwin,Chris Godwin,WR,TB,CAR,18,2023,0,0,0.0,0,1,4.0,0,6,7,51.0,0,5.5,11.5,TB,Chris Godwin,5.5
00-0033921,C.Godwin,Chris Godwin,WR,TB,PHI,19,2023,0,0,0.0,0,0,0.0,0,4,5,45.0,1,10.5,14.5,TB,Chris Godwin,10.5
00-0033921,C.Godwin,Chris Godwin,WR,TB,DET,20,2023,0,0,0.0,0,0,0.0,0,4,8,40.0,0,4.0,8.0,TB,Chris Godwin,4.0
00-0033923,K.Hunt,Kareem Hunt,RB,CLE,TEN,3,2023,0,0,0.0,0,5,13.0,0,2,3,22.0,0,3.5,5.5,CLE,Kareem Hunt,3.5
00-0033923,K.Hunt,Kareem Hunt,RB,CLE,BAL,4,2023,0,0,0.0,0,5,12.0,0,0,0,0.0,0,1.2,1.2,CLE,Kareem Hunt,1.2
00-0033923,K.Hunt,Kareem Hunt,RB,CLE,SF,6,2023,0,0,0.0,0,12,47.0,1,3,3,24.0,0,13.1,16.1,CLE,Kareem Hunt,13.1
00-0033923,K.Hunt,Kareem Hunt,RB,CLE,IND,7,2023,0,0,0.0,0,10,31.0,2,0,1,0.0,0,15.1,15.1,CLE,Kareem Hunt,15.1
00-0033923,K.Hunt,Kareem Hunt,RB,CLE,SEA,8,2023,0,0,0.0,0,14,55.0,1,1,1,12.0,0,12.7,13.7,CLE,Kareem Hunt,12.7
00-0033923,K.Hunt,Kareem Hunt,RB,CLE,ARI,9,2023,0,0,0.0,0,14,38.0,1,0,1,0.0,0,9.8,9.8,CLE,Kareem Hunt,9.8
00-0033923,K.Hunt,Kareem Hunt,RB,CLE,BAL,10,2023,0,0,0.0,0,10,32.0,1,0,0,0.0,0,9.2,9.2,CLE,Kareem Hunt,9.2
00-0033923,K.Hunt,Kareem Hunt,RB,CLE,PIT,11,2023,0,0,0.0,0,12,36.0,0,3,3,1.0,0,3.7,6.7,CLE,Kareem Hunt,3.7
00-0033923,K.Hunt,Kareem Hunt,RB,CLE,DEN,12,2023,0,0,0.0,0,7,22.0,0,0,0,0.0,0,2.2,2.2,CLE,Kareem Hunt,2.2
00-0033923,K.Hunt,Kareem Hunt,RB,CLE,LA,13,2023,0,0,0.0,0,12,48.0,0,1,1,0.0,0,4.8,5.8,CLE,Kareem Hunt,4.8
00-0033923,K.Hunt,Kareem Hunt,RB,CLE,JAX,14,2023,0,0,0.0,0,10,27.0,1,1,1,3.0,0,9.0,10.0,CLE,Kareem Hunt,9.0
00-0033923,K.Hunt,Kareem Hunt,RB,CLE,CHI,15,2023,0,0,0.0,0,7,8.0,0,1,1,12.0,0,2.0,3.0,CLE,Kareem Hunt,2.0
00-0033923,K.Hunt,Kareem Hunt,RB,CLE,HOU,16,2023,0,0,0.0,0,7,11.0,1,2,4,5.0,0,7.6,9.6,CLE,Kareem Hunt,7.6
00-0033923,K.Hunt,Kareem Hunt,RB,CLE,NYJ,17,2023,0,0,0.0,0,10,31.0,1,0,1,0.0,0,9.1,9.1,CLE,Kareem Hunt,9.1
00-0033923,K.Hunt,Kareem Hunt,RB,CLE,CIN,18,2023,0,0,0.0,0,0,0.0,0,1,1,5.0,0,0.5,1.5,CLE,Kareem Hunt,0.5
00-0033923,K.Hunt,Kareem Hunt,RB,CLE,HOU,19,2023,0,0,0.0,0,8,26.0,1,5,6,9.0,1,15.5,20.5,CLE,Kareem Hunt,15.5
00-0033925,D.Foreman,D'Onta Foreman,RB,CHI,GB,1,2023,0,0,0.0,0,5,16.0,0,2,3,8.0,0,2.4,4.4,CHI,D'Onta Foreman,2.4
00-0033925,D.Foreman,D'Onta Foreman,RB,CHI,MIN,6,2023,0,0,0.0,0,15,65.0,0,1,1,2.0,0,6.7,7.7,CHI,D'Onta Foreman,6.7
00-0033925,D.Foreman,D'Onta Foreman,RB,CHI,LV,7,2023,0,0,0.0,0,16,89.0,2,3,5,31.0,1,30.0,33.0,CHI,D'Onta Foreman,30.0
00-0033925,D.Foreman,D'Onta Foreman,RB,CHI,LAC,8,2023,0,0,0.0,0,9,34.0,0,1,2,2.0,0,3.6,4.6,CHI,D'Onta Foreman,3.6
00-0033925,D.Foreman,D'Onta Foreman,RB,CHI,NO,9,2023,0,0,0.0,0,20,83.0,0,0,0,0.0,0,8.3,8.3,CHI,D'Onta Foreman,8.3
00-0033925,D.Foreman,D'Onta Foreman,RB,CHI,CAR,10,2023,0,0,0.0,0,21,80.0,1,2,2,12.0,0,15.2,17.2,CHI,D'Onta Foreman,15.2
00-0033925,D.Foreman,D'Onta Foreman,RB,CHI,DET,11,2023,0,0,0.0,0,6,14.0,1,0,0,0.0,0,7.4,7.4,CHI,D'Onta Foreman,7.4
00-0033925,D.Foreman,D'Onta Foreman,RB,CHI,DET,14,2023,0,0,0.0,0,11,50.0,0,2,3,22.0,0,7.2,9.2,CHI,D'Onta Foreman,7.2
00-0033925,D.Foreman,D'Onta Foreman,RB,CHI,CLE,15,2023,0,0,0.0,0,6,-6.0,0,0,0,0.0,0,-0.6,-0.6,CHI,D'Onta Foreman,-0.6
00-0033936,C.Beathard,C.J. Beathard,QB,JAX,HOU,3,2023,2,2,9.0,0,0,0.0,0,0,0,0.0,0,0.36,0.36,JAX,C.J. Beathard,0.36
00-0033936,C.Beathard,C.J. Beathard,QB,JAX,IND,6,2023,0,0,0.0,0,3,-2.0,0,0,0,0.0,0,-0.2,-0.2,JAX,C.J. Beathard,-0.2
00-0033936,C.Beathard,C.J. Beathard,QB,JAX,SF,10,2023,1,2,5.0,0,0,0.0,0,0,0,0.0,0,0.2,0.2,JAX,C.J. Beathard,0.2
00-0033936,C.Beathard,C.J. Beathard,QB,JAX,CIN,13,2023,9,10,63.0,0,1,7.0,0,0,0,0.0,0,3.22,3.22,JAX,C.J. Beathard,3.22
00-0033936,C.Beathard,C.J. Beathard,QB,JAX,TB,16,2023,11,15,94.0,1,1,6.0,0,0,0,0.0,0,8.36,8.36,JAX,C.J. Beathard,8.36
00-0033936,C.Beathard,C.J. Beathard,QB,JAX,CAR,17,2023,17,24,178.0,0,3,24.0,0,0,0,0.0,0,9.52,9.52,JAX,C.J. Beathard,9.52
00-0033943,J.Reynolds,Josh Reynolds,WR,DET,KC,1,2023,0,0,0.0,0,0,0.0,0,4,7,80.0,0,8.0,12.0,DET,Josh Reynolds,8.0
00-0033943,J.Reynolds,Josh Reynolds,WR,DET,SEA,2,2023,0,0,0.0,0,0,0.0,0,5,6,66.0,2,18.6,23.6,DET,Josh Reynolds,18.6
00-0033943,J.Reynolds,Josh Reynolds,WR,DET,GB,4,2023,0,0,0.0,0,0,0.0,0,3,6,69.0,0,6.9,9.9,DET,Josh Reynolds,6.9
00-0033943,J.Reynolds,Josh Reynolds,WR,DET,CAR,5,2023,0,0,0.0,0,0,0.0,0,4,5,76.0,1,13.6,17.6,DET,Josh Reynolds,13.6
00-0033943,J.Reynolds,Josh Reynolds,WR,DET,TB,6,2023,0,0,0.0,0,0,0.0,0,3,3,50.0,0,5.0,8.0,DET,Josh Reynolds,5.0
00-0033943,J.Reynolds,Josh Reynolds,WR,DET,BAL,7,2023,0,0,0.0,0,0,0.0,0,2,3,43.0,0,4.3,6.3,DET,Josh Reynolds,4.3
00-0033943,J.Reynolds,Josh Reynolds,WR,DET,LV,8,2023,0,0,0.0,0,0,0.0,0,1,1,13.0,0,-0.7,0.3,DET,Josh Reynolds,-0.7
00-0033943,J.Reynolds,Josh Reynolds,WR,DET,LAC,10,2023,0,0,0.0,0,0,0.0,0,2,4,15.0,0,1.5,3.5,DET,Josh Reynolds,1.5
00-0033943,J.Reynolds,Josh Reynolds,WR,DET,CHI,11,2023,0,0,0.0,0,0,0.0,0,1,2,11.0,0,1.1,2.1,DET,Josh Reynolds,1.1
00-0033943,J.Reynolds,Josh Reynolds,WR,DET,GB,12,2023,0,0,0.0,0,0,0.0,0,2,4,15.0,1,7.5,9.5,DET,Josh Reynolds,7.5
00-0033943,J.Reynolds,Josh Reynolds,WR,DET,NO,13,2023,0,0,0.0,0,0,0.0,0,1,3,12.0,0,1.2,2.2,DET,Josh Reynolds,1.2
00-0033943,J.Reynolds,Josh Reynolds,WR,DET,CHI,14,2023,0,0,0.0,0,0,0.0,0,3,4,44.0,1,10.4,13.4,DET,Josh Reynolds,10.4
00-0033943,J.Reynolds,Josh Reynolds,WR,DET,DEN,15,2023,0,0,0.0,0,0,0.0,0,2,3,41.0,0,4.1,6.1,DET,Josh Reynolds,4.1
00-0033943,J.Reynolds,Josh Reynolds,WR,DET,MIN,16,2023,0,0,0.0,0,0,0.0,0,1,4,16.0,0,1.6,2.6,DET,Josh Reynolds,1.6
00-0033943,J.Reynolds,Josh Reynolds,WR,DET,DAL,17,2023,0,0,0.0,0,0,0.0,0,1,2,13.0,0,1.3,2.3,DET,Josh Reynolds,1.3
00-0033943,J.Reynolds,Josh Reynolds,WR,DET,MIN,18,2023,0,0,0.0,0,0,0.0,0,5,7,44.0,0,4.4,9.4,DET,Josh Reynolds,4.4
00-0033943,J.Reynolds,Josh Reynolds,WR,DET,LA,19,2023,0,0,0.0,0,0,0.0,0,5,7,80.0,0,8.0,13.0,DET,Josh Reynolds,8.0
00-0033943,J.Reynolds,Josh Reynolds,WR,DET,TB,20,2023,0,0,0.0,0,0,0.0,0,2,3,27.0,1,8.7,10.7,DET,Josh Reynolds,8.7
00-0033943,J.Reynolds,Josh Reynolds,WR,DET,SF,21,2023,0,0,0.0,0,0,0.0,0,1,4,25.0,0,2.5,3.5,DET,Josh Reynolds,2.5
00-0033948,J.Williams,Jamaal Williams,RB,NO,TEN,1,2023,0,0,0.0,0,18,45.0,0,2,2,7.0,0,5.2,7.2,NO,Jamaal Williams,5.2
00-0033948,J.Williams,Jamaal Williams,RB,NO,CAR,2,2023,0,0,0.0,0,9,29.0,0,0,0,0.0,0,2.9,2.9,NO,Jamaal Williams,2.9
00-0033948,J.Williams,Jamaal Williams,RB,NO,JAX,7,2023,0,0,0.0,0,5,14.0,0,0,0,0.0,0,1.4,1.4,NO,Jamaal Williams,1.4
00-0033948,J.Williams,Jamaal Williams,RB,NO,IND,8,2023,0,0,0.0,0,6,30.0,0,1,1,8.0,0,3.8,4.8,NO,Jamaal Williams,3.8
00-0033948,J.Williams,Jamaal Williams,RB,NO,CHI,9,2023,0,0,0.0,0,3,6.0,0,2,3,6.0,0,1.2,3.2,NO,Jamaal Williams,1.2
00-0033948,J.Williams,Jamaal Williams,RB,NO,MIN,10,2023,0,0,0.0,0,4,7.0,0,1,1,3.0,0,1.0,2.0,NO,Jamaal Williams,1.0
00-0033948,J.Williams,Jamaal Williams,RB,NO,ATL,12,2023,0,0,0.0,0,2,6.0,0,2,2,4.0,0,1.0,3.0,NO,Jamaal Williams,1.0
00-0033948,J.Williams,Jamaal Williams,RB,NO,DET,13,2023,0,0,0.0,0,5,10.0,0,1,1,6.0,0,1.6,2.6,NO,Jamaal Williams,1.6
00-0033948,J.Williams,Jamaal Williams,RB,NO,CAR,14,2023,0,0,0.0,0,11,43.0,0,0,1,0.0,0,4.3,4.3,NO,Jamaal Williams,4.3
00-0033948,J.Williams,Jamaal Williams,RB,NO,NYG,15,2023,0,0,0.0,0,8,24.0,0,1,1,2.0,0,2.6,3.6,NO,Jamaal Williams,2.6
00-0033948,J.Williams,Jamaal Williams,RB,NO,LA,16,2023,0,0,0.0,0,2,8.0,0,1,1,5.0,0,1.3,2.3,NO,Jamaal Williams,1.3
00-0033948,J.Williams,Jamaal Williams,RB,NO,TB,17,2023,0,0,0.0,0,19,58.0,0,4,4,13.0,0,7.1,11.1,NO,Jamaal Williams,7.1
00-0033948,J.Williams,Jamaal Williams,RB,NO,ATL,18,2023,0,0,0.0,0,14,26.0,1,3,3,8.0,0,9.4,12.4,NO,Jamaal Williams,9.4
00-0033949,J.Dobbs,Joshua Dobbs,QB,ARI,WAS,1,2023,21,30,132.0,0,3,-3.0,0,0,0,0.0,0,2.98,2.98,ARI,Joshua Dobbs,2.98
00-0033949,J.Dobbs,Joshua Dobbs,QB,ARI,NYG,2,2023,21,31,228.0,1,3,41.0,1,0,0,0.0,0,25.22,25.22,ARI,Joshua Dobbs,25.22
00-0033949,J.Dobbs,Joshua Dobbs,QB,ARI,DAL,3,2023,17,21,189.0,1,6,55.0,0,0,0,0.0,0,17.06,17.06,ARI,Joshua Dobbs,17.06
00-0033949,J.Dobbs,Joshua Dobbs,QB,ARI,SF,4,2023,28,41,265.0,2,12,48.0,0,0,0,0.0,0,23.4,23.4,ARI,Joshua Dobbs,23.4
00-0033949,J.Dobbs,Joshua Dobbs,QB,ARI,CIN,5,2023,15,32,166.0,2,3,1.0,0,0,0,0.0,0,8.74,8.74,ARI,Joshua Dobbs,8.74
00-0033949,J.Dobbs,Joshua Dobbs,QB,ARI,LA,6,2023,21,41,235.0,0,7,47.0,0,0,0,0.0,0,10.1,10.1,ARI,Joshua Dobbs,10.1
00-0033949,J.Dobbs,Joshua Dobbs,QB,ARI,SEA,7,2023,19,33,146.0,0,7,43.0,1,0,0,0.0,0,16.14,16.14,ARI,Joshua Dobbs,16.14
00-0033949,J.Dobbs,Joshua Dobbs,QB,ARI,BAL,8,2023,25,37,208.0,2,6,26.0,1,0,0,0.0,0,22.92,22.92,ARI,Joshua Dobbs,22.92
00-0033949,J.Dobbs,Joshua Dobbs,QB,MIN,ATL,9,2023,20,30,158.0,2,7,66.0,1,0,0,0.0,0,24.92,24.92,MIN,Joshua Dobbs,24.92
00-0033949,J.Dobbs,Joshua Dobbs,QB,MIN,NO,10,2023,23,34,268.0,1,8,44.0,1,0,0,0.0,0,25.12,25.12,MIN,Joshua Dobbs,25.12
00-0033949,J.Dobbs,Joshua Dobbs,QB,MIN,DEN,11,2023,20,32,221.0,1,8,21.0,1,0,0,0.0,0,16.94,16.94,MIN,Joshua Dobbs,16.94
00-0033949,J.Dobbs,Joshua Dobbs,QB,MIN,CHI,12,2023,22,32,185.0,1,2,11.0,0,0,0,0.0,0,4.5,4.5,MIN,Joshua Dobbs,4.5
00-0033949,J.Dobbs,Joshua Dobbs,QB,MIN,LV,14,2023,10,23,63.0,0,5,21.0,0,0,0,0.0,0,4.62,4.62,MIN,Joshua Dobbs,4.62
00-0033958,N.Peterman,Nathan Peterman,QB,CHI,LV,7,2023,0,0,0.0,0,2,-4.0,0,0,0,0.0,0,-0.4,-0.4,CHI,Nathan Peterman,-0.4
00-0034054,R.Cracraft,River Cracraft,WR,MIA,LAC,1,2023,0,0,0.0,0,0,0.0,0,3,5,40.0,1,10.0,13.0,MIA,River Cracraft,10.0
00-0034054,R.Cracraft,River Cracraft,WR,MIA,NE,2,2023,0,0,0.0,0,0,0.0,0,2,2,34.0,0,3.4,5.4,MIA,River Cracraft,3.4
00-0034054,R.Cracraft,River Cracraft,WR,MIA,DEN,3,2023,0,0,0.0,0,0,0.0,0,1,1,13.0,0,1.3,2.3,MIA,River Cracraft,1.3
00-0034054,R.Cracraft,River Cracraft,WR,MIA,WAS,13,2023,0,0,0.0,0,0,0.0,0,2,2,16.0,0,1.6,3.6,MIA,River Cracraft,1.6
00-0034054,R.Cracraft,River Cracraft,WR,MIA,BAL,17,2023,0,0,0.0,0,0,0.0,0,0,1,0.0,0,0.0,0.0,MIA,River Cracraft,0.0
00-0034054,R.Cracraft,River Cracraft,WR,MIA,BUF,18,2023,0,0,0.0,0,0,0.0,0,1,1,18.0,0,1.8,2.8,MIA,River Cracraft,1.8
00-0034054,R.Cracraft,River Cracraft,WR,MIA,KC,19,2023,0,0,0.0,0,0,0.0,0,2,3,33.0,0,3.3,5.3,MIA,River Cracraft,3.3
00-0034073,R.Dwelley,Ross Dwelley,TE,SF,CLE,6,2023,0,0,0.0,0,0,0.0,0,0,1,0.0,0,0.0,0.0,SF,Ross Dwelley,0.0
00-0034073,R.Dwelley,Ross Dwelley,TE,SF,MIN,7,2023,0,0,0.0,0,0,0.0,0,1,1,12.0,0,1.2,2.2,SF,Ross Dwelley,1.2
00-0034115,J.Wilson,Jeff Wilson,RB,MIA,PHI,7,2023,0,0,0.0,0,0,0.0,0,1,1,4.0,0,0.4,1.4,MIA,Jeff Wilson,0.4
00-0034115,J.Wilson,Jeff Wilson,RB,MIA,NE,8,2023,0,0,0.0,0,5,23.0,0,2,2,14.0,0,3.7,5.7,MIA,Jeff Wilson,3.7
00-0034115,J.Wilson,Jeff Wilson,RB,MIA,KC,9,2023,0,0,0.0,0,2,6.0,0,3,4,32.0,0,3.8,6.8,MIA,Jeff Wilson,3.8
00-0034115,J.Wilson,Jeff Wilson,RB,MIA,NYJ,12,2023,0,0,0.0,0,11,56.0,0,3,3,17.0,0,7.3,10.3,MIA,Jeff Wilson,7.3
00-0034115,J.Wilson,Jeff Wilson,RB,MIA,WAS,13,2023,0,0,0.0,0,4,11.0,0,0,0,0.0,0,1.1,1.1,MIA,Jeff Wilson,1.1
00-0034115,J.Wilson,Jeff Wilson,RB,MIA,NYJ,15,2023,0,0,0.0,0,2,5.0,0,1,2,1.0,0,0.6,1.6,MIA,Jeff Wilson,0.6
00-0034115,J.Wilson,Jeff Wilson,RB,MIA,DAL,16,2023,0,0,0.0,0,5,21.0,0,1,1,4.0,0,2.5,3.5,MIA,Jeff Wilson,2.5
00-0034115,J.Wilson,Jeff Wilson,RB,MIA,BAL,17,2023,0,0,0.0,0,3,21.0,0,3,4,13.0,0,3.4,6.4,MIA,Jeff Wilson,3.4
00-0034115,J.Wilson,Jeff Wilson,RB,MIA,BUF,18,2023,0,0,0.0,0,9,45.0,0,0,0,0.0,0,4.5,4.5,MIA,Jeff Wilson,4.5
00-0034115,J.Wilson,Jeff Wilson,RB,MIA,KC,19,2023,0,0,0.0,0,0,0.0,0,1,2,6.0,0,0.6,1.6,MIA,Jeff Wilson,0.6
00-0034159,W.Dissly,Will Dissly,TE,SEA,LA,1,2023,0,0,0.0,0,0,0.0,0,2,2,17.0,0,1.7,3.7,SEA,Will Dissly,1.7
00-0034159,W.Dissly,Will Dissly,TE,SEA,DET,2,2023,0,0,0.0,0,0,0.0,0,3,3,35.0,0,3.5,6.5,SEA,Will Dissly,3.5
00-0034159,W.Dissly,Will Dissly,TE,SEA,CIN,6,2023,0,0,0.0,0,0,0.0,0,1,1,4.0,0,0.4,1.4,SEA,Will Dissly,0.4
00-0034159,W.Dissly,Will Dissly,TE,SEA,BAL,9,2023,0,0,0.0,0,0,0.0,0,0,1,0.0,0,0.0,0.0,SEA,Will Dissly,0.0
00-0034159,W.Dissly,Will Dissly,TE,SEA,WAS,10,2023,0,0,0.0,0,0,0.0,0,2,2,22.0,0,2.2,4.2,SEA,Will Dissly,2.2
00-0034159,W.Dissly,Will Dissly,TE,SEA,LA,11,2023,0,0,0.0,0,0,0.0,0,1,3,9.0,0,0.9,1.9,SEA,Will Dissly,0.9
00-0034159,W.Dissly,Will Dissly,TE,SEA,SF,12,2023,0,0,0.0,0,0,0.0,0,1,1,21.0,0,2.1,3.1,SEA,Will Dissly,2.1
00-0034159,W.Dissly,Will Dissly,TE,SEA,DAL,13,2023,0,0,0.0,0,0,0.0,0,0,2,0.0,0,0.0,0.0,SEA,Will Dissly,0.0
00-0034159,W.Dissly,Will Dissly,TE,SEA,SF,14,2023,0,0,0.0,0,0,0.0,0,1,1,3.0,0,0.3,1.3,SEA,Will Dissly,0.3
00-0034159,W.Dissly,Will Dissly,TE,SEA,PHI,15,2023,0,0,0.0,0,0,0.0,0,2,2,9.0,0,0.9,2.9,SEA,Will Dissly,0.9
00-0034159,W.Dissly,Will Dissly,TE,SEA,TEN,16,2023,0,0,0.0,0,0,0.0,0,1,1,6.0,0,0.6,1.6,SEA,Will Dissly,0.6
00-0034159,W.Dissly,Will Dissly,TE,SEA,ARI,18,2023,0,0,0.0,0,0,0.0,0,3,3,46.0,1,10.6,13.6,SEA,Will Dissly,10.6
00-0034171,J.Cabinda,Jason Cabinda,FB,DET,ATL,3,2023,0,0,0.0,0,1,0.0,0,0,0,0.0,0,0.0,0.0,DET,Jason Cabinda,0.0
00-0034171,J.Cabinda,Jason Cabinda,FB,DET,TB,20,2023,0,0,0.0,0,0,0.0,0,1,1,0.0,0,0.0,1.0,DET,Jason Cabinda,0.0
00-0034177,T.Boyle,Tim Boyle,QB,NYJ,BUF,11,2023,7,14,33.0,0,1,1.0,0,0,0,0.0,0,-0.58,-0.58,NYJ,Tim Boyle,-0.58
00-0034177,T.Boyle,Tim Boyle,QB,NYJ,MIA,12,2023,27,38,179.0,1,2,2.0,0,0,0,0.0,0,7.36,7.36,NYJ,Tim Boyle,7.36
00-0034177,T.Boyle,Tim Boyle,QB,NYJ,ATL,13,2023,14,25,148.0,0,1,2.0,0,0,0,0.0,0,4.12,4.12,NYJ,Tim Boyle,4.12
00-0034184,G.Edwards,Gus Edwards,RB,BAL,HOU,1,2023,0,0,0.0,0,8,32.0,0,0,0,0.0,0,5.2,5.2,BAL,Gus Edwards,5.2
00-0034184,G.Edwards,Gus Edwards,RB,BAL,CIN,2,2023,0,0,0.0,0,10,62.0,1,0,0,0.0,0,12.2,12.2,BAL,Gus Edwards,12.2
00-0034184,G.Edwards,Gus Edwards,RB,BAL,IND,3,2023,0,0,0.0,0,11,51.0,0,0,0,0.0,0,5.1,5.1,BAL,Gus Edwards,5.1
00-0034184,G.Edwards,Gus Edwards,RB,BAL,CLE,4,2023,0,0,0.0,0,15,48.0,0,2,3,1.0,0,4.9,6.9,BAL,Gus Edwards,4.9
00-0034184,G.Edwards,Gus Edwards,RB,BAL,PIT,5,2023,0,0,0.0,0,12,48.0,0,0,0,0.0,0,4.8,4.8,BAL,Gus Edwards,4.8
00-0034184,G.Edwards,Gus Edwards,RB,BAL,TEN,6,2023,0,0,0.0,0,16,41.0,0,1,1,12.0,0,5.3,6.3,BAL,Gus Edwards,5.3
00-0034184,G.Edwards,Gus Edwards,RB,BAL,DET,7,2023,0,0,0.0,0,14,64.0,1,1,1,80.0,0,20.4,21.4,BAL,Gus Edwards,20.4
00-0034184,G.Edwards,Gus Edwards,RB,BAL,ARI,8,2023,0,0,0.0,0,19,80.0,3,2,2,14.0,0,27.4,29.4,BAL,Gus Edwards,27.4
00-0034184,G.Edwards,Gus Edwards,RB,BAL,SEA,9,2023,0,0,0.0,0,5,52.0,2,0,0,0.0,0,17.2,17.2,BAL,Gus Edwards,17.2
00-0034184,G.Edwards,Gus Edwards,RB,BAL,CLE,10,2023,0,0,0.0,0,11,24.0,1,1,1,4.0,0,8.8,9.8,BAL,Gus Edwards,8.8
00-0034184,G.Edwards,Gus Edwards,RB,BAL,CIN,11,2023,0,0,0.0,0,12,62.0,2,2,2,8.0,0,19.0,21.0,BAL,Gus Edwards,19.0
00-0034184,G.Edwards,Gus Edwards,RB,BAL,LAC,12,2023,0,0,0.0,0,8,26.0,0,1,1,11.0,0,3.7,4.7,BAL,Gus Edwards,3.7
00-0034184,G.Edwards,Gus Edwards,RB,BAL,LA,14,2023,0,0,0.0,0,6,15.0,0,0,0,0.0,0,1.5,1.5,BAL,Gus Edwards,1.5
00-0034184,G.Edwards,Gus Edwards,RB,BAL,JAX,15,2023,0,0,0.0,0,16,58.0,1,1,1,11.0,0,12.9,13.9,BAL,Gus Edwards,12.9
00-0034184,G.Edwards,Gus Edwards,RB,BAL,SF,16,2023,0,0,0.0,0,9,31.0,1,1,1,39.0,0,13.0,14.0,BAL,Gus Edwards,13.0
00-0034184,G.Edwards,Gus Edwards,RB,BAL,MIA,17,2023,0,0,0.0,0,16,68.0,1,0,0,0.0,0,10.8,10.8,BAL,Gus Edwards,10.8
00-0034184,G.Edwards,Gus Edwards,RB,BAL,PIT,18,2023,0,0,0.0,0,10,48.0,0,0,0,0.0,0,2.8,2.8,BAL,Gus Edwards,2.8
00-0034184,G.Edwards,Gus Edwards,RB,BAL,HOU,20,2023,0,0,0.0,0,10,40.0,0,1,2,-1.0,0,3.9,4.9,BAL,Gus Edwards,3.9
00-0034184,G.Edwards,Gus Edwards,RB,BAL,KC,21,2023,0,0,0.0,0,3,20.0,0,1,1,16.0,0,3.6,4.6,BAL,Gus Edwards,3.6
00-0034193,K.Rader,Kevin Rader,TE,TEN,HOU,17,2023,0,0,0.0,0,0,0.0,0,1,1,6.0,0,0.6,1.6,TEN,Kevin Rader,0.6
00-0034193,K.Rader,Kevin Rader,TE,TEN,JAX,18,2023,0,0,0.0,0,0,0.0,0,0,2,0.0,0,0.0,0.0,TEN,Kevin Rader,0.0
00-0034208,M.Boone,Mike Boone,RB,HOU,BAL,1,2023,0,0,0.0,0,0,0.0,0,3,4,18.0,0,1.8,4.8,HOU,Mike Boone,1.8
00-0034208,M.Boone,Mike Boone,RB,HOU,PIT,4,2023,0,0,0.0,0,1,4.0,0,0,0,0.0,0,0.4,0.4,HOU,Mike Boone,0.4
00-0034208,M.Boone,Mike Boone,RB,HOU,NO,6,2023,0,0,0.0,0,1,11.0,0,0,0,0.0,0,1.1,1.1,HOU,Mike Boone,1.1
00-0034208,M.Boone,Mike Boone,RB,HOU,CAR,8,2023,0,0,0.0,0,1,5.0,0,1,1,11.0,0,1.6,2.6,HOU,Mike Boone,1.6
00-0034208,M.Boone,Mike Boone,RB,HOU,TB,9,2023,0,0,0.0,0,1,3.0,0,0,0,0.0,0,0.3,0.3,HOU,Mike Boone,0.3
00-0034208,M.Boone,Mike Boone,RB,HOU,CIN,10,2023,0,0,0.0,0,0,0.0,0,2,3,6.0,0,0.6,2.6,HOU,Mike Boone,0.6
00-0034208,M.Boone,Mike Boone,RB,HOU,ARI,11,2023,0,0,0.0,0,1,0.0,0,1,1,5.0,0,0.5,1.5,HOU,Mike Boone,0.5
00-0034270,T.Conklin,Tyler Conklin,TE,NYJ,BUF,1,2023,0,0,0.0,0,0,0.0,0,1,1,2.0,0,0.2,1.2,NYJ,Tyler Conklin,0.2
00-0034270,T.Conklin,Tyler Conklin,TE,NYJ,DAL,2,2023,0,0,0.0,0,0,0.0,0,5,6,50.0,0,5.0,10.0,NYJ,Tyler Conklin,5.0
00-0034270,T.Conklin,Tyler Conklin,TE,NYJ,NE,3,2023,0,0,0.0,0,0,0.0,0,3,5,26.0,0,2.6,5.6,NYJ,Tyler Conklin,2.6
00-0034270,T.Conklin,Tyler Conklin,TE,NYJ,KC,4,2023,0,0,0.0,0,0,0.0,0,4,6,58.0,0,5.8,9.8,NYJ,Tyler Conklin,5.8
00-0034270,T.Conklin,Tyler Conklin,TE,NYJ,DEN,5,2023,0,0,0.0,0,0,0.0,0,4,5,67.0,0,6.7,10.7,NYJ,Tyler Conklin,6.7
00-0034270,T.Conklin,Tyler Conklin,TE,NYJ,PHI,6,2023,0,0,0.0,0,0,0.0,0,3,4,24.0,0,2.4,5.4,NYJ,Tyler Conklin,2.4
00-0034270,T.Conklin,Tyler Conklin,TE,NYJ,NYG,8,2023,0,0,0.0,0,0,0.0,0,0,2,0.0,0,0.0,0.0,NYJ,Tyler Conklin,0.0
00-0034270,T.Conklin,Tyler Conklin,TE,NYJ,LAC,9,2023,0,0,0.0,0,0,0.0,0,6,6,66.0,0,6.6,12.6,NYJ,Tyler Conklin,6.6
00-0034270,T.Conklin,Tyler Conklin,TE,NYJ,LV,10,2023,0,0,0.0,0,0,0.0,0,7,7,70.0,0,7.0,14.0,NYJ,Tyler Conklin,7.0
00-0034270,T.Conklin,Tyler Conklin,TE,NYJ,BUF,11,2023,0,0,0.0,0,0,0.0,0,2,3,18.0,0,1.8,3.8,NYJ,Tyler Conklin,1.8
00-0034270,T.Conklin,Tyler Conklin,TE,NYJ,MIA,12,2023,0,0,0.0,0,0,0.0,0,4,5,33.0,0,3.3,7.3,NYJ,Tyler Conklin,3.3
00-0034270,T.Conklin,Tyler Conklin,TE,NYJ,ATL,13,2023,0,0,0.0,0,0,0.0,0,3,9,35.0,0,3.5,6.5,NYJ,Tyler Conklin,3.5
00-0034270,T.Conklin,Tyler Conklin,TE,NYJ,HOU,14,2023,0,0,0.0,0,0,0.0,0,4,6,57.0,0,5.7,9.7,NYJ,Tyler Conklin,5.7
00-0034270,T.Conklin,Tyler Conklin,TE,NYJ,MIA,15,2023,0,0,0.0,0,0,0.0,0,4,7,18.0,0,1.8,5.8,NYJ,Tyler Conklin,1.8
00-0034270,T.Conklin,Tyler Conklin,TE,NYJ,WAS,16,2023,0,0,0.0,0,1,0.0,0,4,7,36.0,0,3.6,7.6,NYJ,Tyler Conklin,3.6
00-0034270,T.Conklin,Tyler Conklin,TE,NYJ,CLE,17,2023,0,0,0.0,0,0,0.0,0,5,5,45.0,0,4.5,9.5,NYJ,Tyler Conklin,4.5
00-0034270,T.Conklin,Tyler Conklin,TE,NYJ,NE,18,2023,0,0,0.0,0,0,0.0,0,2,3,16.0,0,1.6,3.6,NYJ,Tyler Conklin,1.6
00-0034272,M.Valdes-Scantling,Marquez Valdes-Scantling,WR,KC,DET,1,2023,0,0,0.0,0,0,0.0,0,2,2,48.0,0,4.8,6.8,KC,Marquez Valdes-Scantling,4.8
00-0034272,M.Valdes-Scantling,Marquez Valdes-Scantling,WR,KC,JAX,2,2023,0,0,0.0,0,0,0.0,0,2,3,13.0,0,1.3,3.3,KC,Marquez Valdes-Scantling,1.3
00-0034272,M.Valdes-Scantling,Marquez Valdes-Scantling,WR,KC,CHI,3,2023,0,0,0.0,0,0,0.0,0,1,2,37.0,0,3.7,4.7,KC,Marquez Valdes-Scantling,3.7
00-0034272,M.Valdes-Scantling,Marquez Valdes-Scantling,WR,KC,NYJ,4,2023,0,0,0.0,0,0,0.0,0,1,2,6.0,0,0.6,1.6,KC,Marquez Valdes-Scantling,0.6
00-0034272,M.Valdes-Scantling,Marquez Valdes-Scantling,WR,KC,MIN,5,2023,0,0,0.0,0,0,0.0,0,1,2,12.0,0,1.2,2.2,KC,Marquez Valdes-Scantling,1.2
00-0034272,M.Valdes-Scantling,Marquez Valdes-Scantling,WR,KC,DEN,6,2023,0,0,0.0,0,0,0.0,0,0,1,0.0,0,0.0,0.0,KC,Marquez Valdes-Scantling,0.0
00-0034272,M.Valdes-Scantling,Marquez Valdes-Scantling,WR,KC,LAC,7,2023,0,0,0.0,0,0,0.0,0,3,5,84.0,1,14.4,17.4,KC,Marquez Valdes-Scantling,14.4
00-0034272,M.Valdes-Scantling,Marquez Valdes-Scantling,WR,KC,DEN,8,2023,0,0,0.0,0,0,0.0,0,2,4,27.0,0,0.7,2.7,KC,Marquez Valdes-Scantling,0.7
00-0034272,M.Valdes-Scantling,Marquez Valdes-Scantling,WR,KC,MIA,9,2023,0,0,0.0,0,0,0.0,0,2,3,22.0,0,2.2,4.2,KC,Marquez Valdes-Scantling,2.2
00-0034272,M.Valdes-Scantling,Marquez Valdes-Scantling,WR,KC,PHI,11,2023,0,0,0.0,0,0,0.0,0,0,3,0.0,0,0.0,0.0,KC,Marquez Valdes-Scantling,0.0
00-0034272,M.Valdes-Scantling,Marquez Valdes-Scantling,WR,KC,LV,12,2023,0,0,0.0,0,0,0.0,0,1,1,-1.0,0,-0.1,0.9,KC,Marquez Valdes-Scantling,-0.1
00-0034272,M.Valdes-Scantling,Marquez Valdes-Scantling,WR,KC,GB,13,2023,0,0,0.0,0,0,0.0,0,2,5,25.0,0,2.5,4.5,KC,Marquez Valdes-Scantling,2.5
00-0034272,M.Valdes-Scantling,Marquez Valdes-Scantling,WR,KC,BUF,14,2023,0,0,0.0,0,0,0.0,0,2,4,22.0,0,2.2,4.2,KC,Marquez Valdes-Scantling,2.2
00-0034272,M.Valdes-Scantling,Marquez Valdes-Scantling,WR,KC,NE,15,2023,0,0,0.0,0,0,0.0,0,1,1,17.0,0,1.7,2.7,KC,Marquez Valdes-Scantling,1.7
00-0034272,M.Valdes-Scantling,Marquez Valdes-Scantling,WR,KC,LV,16,2023,0,0,0.0,0,0,0.0,0,0,1,0.0,0,0.0,0.0,KC,Marquez Valdes-Scantling,0.0
00-0034272,M.Valdes-Scantling,Marquez Valdes-Scantling,WR,KC,CIN,17,2023,0,0,0.0,0,0,0.0,0,1,3,3.0,0,0.3,1.3,KC,Marquez Valdes-Scantling,0.3
00-0034272,M.Valdes-Scantling,Marquez Valdes-Scantling,WR,KC,MIA,19,2023,0,0,0.0,0,0,0.0,0,1,2,8.0,0,0.8,1.8,KC,Marquez Valdes-Scantling,0.8
00-0034272,M.Valdes-Scantling,Marquez Valdes-Scantling,WR,KC,BUF,20,2023,0,0,0.0,0,0,0.0,0,2,4,62.0,0,6.2,8.2,KC,Marquez Valdes-Scantling,6.2
00-0034272,M.Valdes-Scantling,Marquez Valdes-Scantling,WR,KC,BAL,21,2023,0,0,0.0,0,0,0.0,0,2,2,38.0,0,3.8,5.8,KC,Marquez Valdes-Scantling,3.8
00-0034272,M.Valdes-Scantling,Marquez Valdes-Scantling,WR,KC,SF,22,2023,0,0,0.0,0,0,0.0,0,3,5,20.0,1,8.0,11.0,KC,Marquez Valdes-Scantling,8.0
00-0034279,E.St. Brown,Equanimeous St. Brown,WR,CHI,DEN,4,2023,0,0,0.0,0,0,0.0,0,1,1,21.0,0,2.1,3.1,CHI,Equanimeous St. Brown,2.1
00-0034279,E.St. Brown,Equanimeous St. Brown,WR,CHI,WAS,5,2023,0,0,0.0,0,0,0.0,0,0,1,0.0,0,0.0,0.0,CHI,Equanimeous St. Brown,0.0
00-0034279,E.St. Brown,Equanimeous St. Brown,WR,CHI,CAR,10,2023,0,0,0.0,0,0,0.0,0,1,1,4.0,0,0.4,1.4,CHI,Equanimeous St. Brown,0.4
00-0034279,E.St. Brown,Equanimeous St. Brown,WR,CHI,DET,11,2023,0,0,0.0,0,0,0.0,0,2,2,19.0,0,1.9,3.9,CHI,Equanimeous St. Brown,1.9
00-0034279,E.St. Brown,Equanimeous St. Brown,WR,CHI,GB,18,2023,0,0,0.0,0,0,0.0,0,1,1,18.0,0,1.8,2.8,CHI,Equanimeous St. Brown,1.8
00-0034286,R.James,Richie James,WR,KC,DET,1,2023,0,0,0.0,0,0,0.0,0,1,2,6.0,0,0.6,1.6,KC,Richie James,0.6
00-0034286,R.James,Richie James,WR,KC,JAX,2,2023,0,0,0.0,0,0,0.0,0,0,1,0.0,0,0.0,0.0,KC,Richie James,0.0
00-0034286,R.James,Richie James,WR,KC,GB,13,2023,0,0,0.0,0,0,0.0,0,1,2,12.0,0,1.2,2.2,KC,Richie James,1.2
00-0034286,R.James,Richie James,WR,KC,BUF,14,2023,0,0,0.0,0,0,0.0,0,1,2,4.0,0,0.4,1.4,KC,Richie James,0.4
00-0034286,R.James,Richie James,WR,KC,NE,15,2023,0,0,0.0,0,0,0.0,0,1,1,17.0,0,1.7,2.7,KC,Richie James,1.7
00-0034286,R.James,Richie James,WR,KC,LV,16,2023,0,0,0.0,0,0,0.0,0,3,3,54.0,0,5.4,8.4,KC,Richie James,5.4
00-0034286,R.James,Richie James,WR,KC,CIN,17,2023,0,0,0.0,0,0,0.0,0,1,1,6.0,0,0.6,1.6,KC,Richie James,0.6
00-0034286,R.James,Richie James,WR,KC,LAC,18,2023,0,0,0.0,0,0,0.0,0,2,2,15.0,0,1.5,3.5,KC,Richie James,1.5
00-0034286,R.James,Richie James,WR,KC,MIA,19,2023,0,0,0.0,0,0,0.0,0,1,2,6.0,0,0.6,1.6,KC,Richie James,0.6
00-0034286,R.James,Richie James,WR,KC,BAL,21,2023,0,0,0.0,0,0,0.0,0,0,1,0.0,0,0.0,0.0,KC,Richie James,0.0
00-0034286,R.James,Richie James,WR,KC,SF,22,2023,0,0,0.0,0,0,0.0,0,0,1,0.0,0,0.0,0.0,KC,Richie James,0.0
00-0034297,B.Pringle,Byron Pringle,WR,WAS,DEN,2,2023,0,0,0.0,0,0,0.0,0,1,1,4.0,0,0.4,1.4,WAS,Byron Pringle,0.4
00-0034297,B.Pringle,Byron Pringle,WR,WAS,PHI,4,2023,0,0,0.0,0,0,0.0,0,1,2,15.0,0,1.5,2.5,WAS,Byron Pringle,1.5
00-0034297,B.Pringle,Byron Pringle,WR,WAS,CHI,5,2023,0,0,0.0,0,0,0.0,0,1,2,10.0,0,1.0,2.0,WAS,Byron Pringle,1.0
00-0034297,B.Pringle,Byron Pringle,WR,WAS,NYG,7,2023,0,0,0.0,0,0,0.0,0,1,1,16.0,0,1.6,2.6,WAS,Byron Pringle,1.6
00-0034297,B.Pringle,Byron Pringle,WR,WAS,PHI,8,2023,0,0,0.0,0,0,0.0,0,0,1,0.0,0,0.0,0.0,WAS,Byron Pringle,0.0
00-0034297,B.Pringle,Byron Pringle,WR,WAS,NE,9,2023,0,0,0.0,0,0,0.0,0,3,4,55.0,0,5.5,8.5,WAS,Byron Pringle,5.5
00-0034297,B.Pringle,Byron Pringle,WR,WAS,SEA,10,2023,0,0,0.0,0,0,0.0,0,1,2,7.0,0,0.7,1.7,WAS,Byron Pringle,0.7
00-0034297,B.Pringle,Byron Pringle,WR,WAS,NYG,11,2023,0,0,0.0,0,0,0.0,0,3,3,22.0,0,2.2,5.2,WAS,Byron Pringle,2.2
00-0034297,B.Pringle,Byron Pringle,WR,WAS,DAL,12,2023,0,0,0.0,0,0,0.0,0,2,2,27.0,0,2.7,4.7,WAS,Byron Pringle,2.7
00-0034297,B.Pringle,Byron Pringle,WR,WAS,LA,15,2023,0,0,0.0,0,0,0.0,0,1,1,5.0,0,0.5,1.5,WAS,Byron Pringle,0.5
00-0034297,B.Pringle,Byron Pringle,WR,WAS,NYJ,16,2023,0,0,0.0,0,0,0.0,0,0,2,0.0,0,0.0,0.0,WAS,Byron Pringle,0.0
00-0034297,B.Pringle,Byron Pringle,WR,WAS,SF,17,2023,0,0,0.0,0,0,0.0,0,0,1,0.0,0,0.0,0.0,WAS,Byron Pringle,0.0
00-0034317,K.Kirkwood,Keith Kirkwood,WR,NO,TEN,1,2023,0,0,0.0,0,0,0.0,0,0,1,0.0,0,0.0,0.0,NO,Keith Kirkwood,0.0
00-0034317,K.Kirkwood,Keith Kirkwood,WR,NO,CAR,2,2023,0,0,0.0,0,0,0.0,0,0,1,0.0,0,0.0,0.0,NO,Keith Kirkwood,0.0
00-0034317,K.Kirkwood,Keith Kirkwood,WR,NO,GB,3,2023,0,0,0.0,0,0,0.0,0,0,1,0.0,0,0.0,0.0,NO,Keith Kirkwood,0.0
00-0034317,K.Kirkwood,Keith Kirkwood,WR,NO,NE,5,2023,0,0,0.0,0,0,0.0,0,1,1,1.0,0,0.1,1.1,NO,Keith Kirkwood,0.1
00-0034317,K.Kirkwood,Keith Kirkwood,WR,NO,ATL,12,2023,0,0,0.0,0,0,0.0,0,2,3,20.0,0,2.0,4.0,NO,Keith Kirkwood,2.0
00-0034317,K.Kirkwood,Keith Kirkwood,WR,NO,NYG,15,2023,0,0,0.0,0,0,0.0,0,1,1,7.0,1,6.7,7.7,NO,Keith Kirkwood,6.7
00-0034317,K.Kirkwood,Keith Kirkwood,WR,NO,LA,16,2023,0,0,0.0,0,0,0.0,0,1,1,9.0,0,0.9,1.9,NO,Keith Kirkwood,0.9
00-0034348,C.Sutton,Courtland Sutton,WR,DEN,LV,1,2023,0,0,0.0,0,0,0.0,0,4,5,32.0,1,9.2,13.2,DEN,Courtland Sutton,9.2
00-0034348,C.Sutton,Courtland Sutton,WR,DEN,WAS,2,2023,0,0,0.0,0,0,0.0,0,5,7,66.0,0,6.6,11.6,DEN,Courtland Sutton,6.6
00-0034348,C.Sutton,Courtland Sutton,WR,DEN,MIA,3,2023,0,0,0.0,0,0,0.0,0,8,11,91.0,1,11.1,19.1,DEN,Courtland Sutton,11.1
00-0034348,C.Sutton,Courtland Sutton,WR,DEN,CHI,4,2023,0,0,0.0,0,0,0.0,0,3,5,27.0,1,8.7,11.7,DEN,Courtland Sutton,8.7
00-0034348,C.Sutton,Courtland Sutton,WR,DEN,NYJ,5,2023,0,0,0.0,0,0,0.0,0,1,3,13.0,0,1.3,2.3,DEN,Courtland Sutton,1.3
00-0034348,C.Sutton,Courtland Sutton,WR,DEN,KC,6,2023,0,0,0.0,0,0,0.0,0,4,6,46.0,1,10.6,14.6,DEN,Courtland Sutton,10.6
00-0034348,C.Sutton,Courtland Sutton,WR,DEN,GB,7,2023,0,0,0.0,0,0,0.0,0,6,6,76.0,1,13.6,19.6,DEN,Courtland Sutton,13.6
00-0034348,C.Sutton,Courtland Sutton,WR,DEN,KC,8,2023,0,0,0.0,0,0,0.0,0,2,3,29.0,1,8.9,10.9,DEN,Courtland Sutton,8.9
00-0034348,C.Sutton,Courtland Sutton,WR,DEN,BUF,10,2023,0,0,0.0,0,0,0.0,0,8,11,53.0,1,9.3,17.3,DEN,Courtland Sutton,9.3
00-0034348,C.Sutton,Courtland Sutton,WR,DEN,MIN,11,2023,0,0,0.0,0,0,0.0,0,4,5,66.0,1,12.6,16.6,DEN,Courtland Sutton,12.6
00-0034348,C.Sutton,Courtland Sutton,WR,DEN,CLE,12,2023,0,0,0.0,0,0,0.0,0,3,6,61.0,0,6.1,9.1,DEN,Courtland Sutton,6.1
00-0034348,C.Sutton,Courtland Sutton,WR,DEN,HOU,13,2023,0,0,0.0,0,0,0.0,0,2,7,77.0,1,13.7,15.7,DEN,Courtland Sutton,13.7
00-0034348,C.Sutton,Courtland Sutton,WR,DEN,LAC,14,2023,0,0,0.0,0,0,0.0,0,3,4,62.0,1,12.2,15.2,DEN,Courtland Sutton,12.2
00-0034348,C.Sutton,Courtland Sutton,WR,DEN,DET,15,2023,0,0,0.0,0,0,0.0,0,5,6,71.0,0,7.1,12.1,DEN,Courtland Sutton,7.1
00-0034348,C.Sutton,Courtland Sutton,WR,DEN,NE,16,2023,0,0,0.0,0,0,0.0,0,0,1,0.0,0,0.0,0.0,DEN,Courtland Sutton,0.0
00-0034348,C.Sutton,Courtland Sutton,WR,DEN,LV,18,2023,0,0,0.0,0,0,0.0,0,1,4,2.0,0,0.2,1.2,DEN,Courtland Sutton,0.2
00-0034351,D.Goedert,Dallas Goedert,TE,PHI,NE,1,2023,0,0,0.0,0,0,0.0,0,0,1,0.0,0,0.0,0.0,PHI,Dallas Goedert,0.0
00-0034351,D.Goedert,Dallas Goedert,TE,PHI,MIN,2,2023,0,0,0.0,0,0,0.0,0,6,7,22.0,0,2.2,8.2,PHI,Dallas Goedert,2.2
00-0034351,D.Goedert,Dallas Goedert,TE,PHI,TB,3,2023,0,0,0.0,0,0,0.0,0,5,7,41.0,0,4.1,9.1,PHI,Dallas Goedert,4.1
00-0034351,D.Goedert,Dallas Goedert,TE,PHI,WAS,4,2023,0,0,0.0,0,0,0.0,0,2,4,25.0,0,2.5,4.5,PHI,Dallas Goedert,2.5
00-0034351,D.Goedert,Dallas Goedert,TE,PHI,LA,5,2023,0,0,0.0,0,0,0.0,0,8,9,117.0,1,17.7,25.7,PHI,Dallas Goedert,17.7
00-0034351,D.Goedert,Dallas Goedert,TE,PHI,NYJ,6,2023,0,0,0.0,0,0,0.0,0,5,8,42.0,0,4.2,9.2,PHI,Dallas Goedert,4.2
00-0034351,D.Goedert,Dallas Goedert,TE,PHI,MIA,7,2023,0,0,0.0,0,0,0.0,0,5,5,77.0,1,13.7,18.7,PHI,Dallas Goedert,13.7
00-0034351,D.Goedert,Dallas Goedert,TE,PHI,WAS,8,2023,0,0,0.0,0,0,0.0,0,4,7,36.0,0,3.6,7.6,PHI,Dallas Goedert,3.6
00-0034351,D.Goedert,Dallas Goedert,TE,PHI,DAL,9,2023,0,0,0.0,0,0,0.0,0,3,4,50.0,0,5.0,8.0,PHI,Dallas Goedert,5.0
00-0034351,D.Goedert,Dallas Goedert,TE,PHI,DAL,14,2023,0,0,0.0,0,0,0.0,0,4,4,30.0,0,3.0,7.0,PHI,Dallas Goedert,3.0
00-0034351,D.Goedert,Dallas Goedert,TE,PHI,SEA,15,2023,0,0,0.0,0,1,1.0,0,4,9,30.0,0,3.1,7.1,PHI,Dallas Goedert,3.1
00-0034351,D.Goedert,Dallas Goedert,TE,PHI,NYG,16,2023,0,0,0.0,0,0,0.0,0,7,9,71.0,0,7.1,14.1,PHI,Dallas Goedert,7.1
00-0034351,D.Goedert,Dallas Goedert,TE,PHI,ARI,17,2023,0,0,0.0,0,0,0.0,0,5,6,47.0,1,10.7,15.7,PHI,Dallas Goedert,10.7
00-0034351,D.Goedert,Dallas Goedert,TE,PHI,NYG,18,2023,0,0,0.0,0,0,0.0,0,1,3,4.0,0,0.4,1.4,PHI,Dallas Goedert,0.4
00-0034351,D.Goedert,Dallas Goedert,TE,PHI,TB,19,2023,0,0,0.0,0,0,0.0,0,4,6,21.0,1,8.1,12.1,PHI,Dallas Goedert,8.1
00-0034364,J.Akins,Jordan Akins,TE,CLE,CIN,1,2023,0,0,0.0,0,0,0.0,0,1,1,12.0,0,1.2,2.2,CLE,Jordan Akins,1.2
00-0034364,J.Akins,Jordan Akins,TE,CLE,PIT,2,2023,0,0,0.0,0,0,0.0,0,1,1,2.0,0,0.2,1.2,CLE,Jordan Akins,0.2
00-0034364,J.Akins,Jordan Akins,TE,CLE,BAL,4,2023,0,0,0.0,0,0,0.0,0,1,2,6.0,0,0.6,1.6,CLE,Jordan Akins,0.6
00-0034364,J.Akins,Jordan Akins,TE,CLE,SF,6,2023,0,0,0.0,0,0,0.0,0,0,2,0.0,0,0.0,0.0,CLE,Jordan Akins,0.0
00-0034364,J.Akins,Jordan Akins,TE,CLE,SEA,8,2023,0,0,0.0,0,0,0.0,0,1,1,6.0,0,0.6,1.6,CLE,Jordan Akins,0.6
00-0034364,J.Akins,Jordan Akins,TE,CLE,ARI,9,2023,0,0,0.0,0,0,0.0,0,1,3,11.0,0,1.1,2.1,CLE,Jordan Akins,1.1
00-0034364,J.Akins,Jordan Akins,TE,CLE,BAL,10,2023,0,0,0.0,0,0,0.0,0,1,1,8.0,0,0.8,1.8,CLE,Jordan Akins,0.8
00-0034364,J.Akins,Jordan Akins,TE,CLE,LA,13,2023,0,0,0.0,0,0,0.0,0,1,1,6.0,0,0.6,1.6,CLE,Jordan Akins,0.6
00-0034364,J.Akins,Jordan Akins,TE,CLE,JAX,14,2023,0,0,0.0,0,0,0.0,0,1,1,3.0,0,0.3,1.3,CLE,Jordan Akins,0.3
00-0034364,J.Akins,Jordan Akins,TE,CLE,CHI,15,2023,0,0,0.0,0,0,0.0,0,1,1,8.0,0,0.8,1.8,CLE,Jordan Akins,0.8
00-0034364,J.Akins,Jordan Akins,TE,CLE,HOU,16,2023,0,0,0.0,0,0,0.0,0,2,2,18.0,0,1.8,3.8,CLE,Jordan Akins,1.8
00-0034364,J.Akins,Jordan Akins,TE,CLE,NYJ,17,2023,0,0,0.0,0,0,0.0,0,1,1,28.0,0,2.8,3.8,CLE,Jordan Akins,2.8
00-0034364,J.Akins,Jordan Akins,TE,CLE,CIN,18,2023,0,0,0.0,0,0,0.0,0,3,6,24.0,0,2.4,5.4,CLE,Jordan Akins,2.4
00-0034365,I.Thomas,Ian Thomas,TE,CAR,SEA,3,2023,0,0,0.0,0,0,0.0,0,1,1,8.0,0,0.8,1.8,CAR,Ian Thomas,0.8
00-0034365,I.Thomas,Ian Thomas,TE,CAR,MIN,4,2023,0,0,0.0,0,0,0.0,0,0,1,0.0,0,0.0,0.0,CAR,Ian Thomas,0.0
00-0034365,I.Thomas,Ian Thomas,TE,CAR,DET,5,2023,0,0,0.0,0,0,0.0,0,1,2,28.0,0,2.8,3.8,CAR,Ian Thomas,2.8
00-0034365,I.Thomas,Ian Thomas,TE,CAR,TEN,12,2023,0,0,0.0,0,0,0.0,0,1,1,9.0,0,0.9,1.9,CAR,Ian Thomas,0.9
00-0034365,I.Thomas,Ian Thomas,TE,CAR,TB,13,2023,0,0,0.0,0,0,0.0,0,1,1,6.0,0,0.6,1.6,CAR,Ian Thomas,0.6
00-0034365,I.Thomas,Ian Thomas,TE,CAR,JAX,17,2023,0,0,0.0,0,0,0.0,0,0,1,0.0,0,0.0,0.0,CAR,Ian Thomas,0.0
00-0034365,I.Thomas,Ian Thomas,TE,CAR,TB,18,2023,0,0,0.0,0,0,0.0,0,1,2,5.0,0,0.5,1.5,CAR,Ian Thomas,0.5
00-0034383,D.Schultz,Dalton Schultz,TE,HOU,BAL,1,2023,0,0,0.0,0,0,0.0,0,2,4,4.0,0,0.4,2.4,HOU,Dalton Schultz,0.4
00-0034383,D.Schultz,Dalton Schultz,TE,HOU,IND,2,2023,0,0,0.0,0,0,0.0,0,4,7,34.0,0,3.4,7.4,HOU,Dalton Schultz,3.4
00-0034383,D.Schultz,Dalton Schultz,TE,HOU,JAX,3,2023,0,0,0.0,0,0,0.0,0,1,3,9.0,0,0.9,1.9,HOU,Dalton Schultz,0.9
00-0034383,D.Schultz,Dalton Schultz,TE,HOU,PIT,4,2023,0,0,0.0,0,0,0.0,0,3,3,42.0,1,10.2,13.2,HOU,Dalton Schultz,10.2
00-0034383,D.Schultz,Dalton Schultz,TE,HOU,ATL,5,2023,0,0,0.0,0,0,0.0,0,7,10,65.0,1,12.5,19.5,HOU,Dalton Schultz,12.5
00-0034383,D.Schultz,Dalton Schultz,TE,HOU,NO,6,2023,0,0,0.0,0,0,0.0,0,4,7,61.0,1,12.1,16.1,HOU,Dalton Schultz,12.1
00-0034383,D.Schultz,Dalton Schultz,TE,HOU,CAR,8,2023,0,0,0.0,0,0,0.0,0,2,5,5.0,0,0.5,2.5,HOU,Dalton Schultz,0.5
00-0034383,D.Schultz,Dalton Schultz,TE,HOU,TB,9,2023,0,0,0.0,0,0,0.0,0,10,11,130.0,1,17.0,27.0,HOU,Dalton Schultz,17.0
00-0034383,D.Schultz,Dalton Schultz,TE,HOU,CIN,10,2023,0,0,0.0,0,0,0.0,0,4,6,71.0,0,7.1,11.1,HOU,Dalton Schultz,7.1
00-0034383,D.Schultz,Dalton Schultz,TE,HOU,ARI,11,2023,0,0,0.0,0,0,0.0,0,2,3,32.0,1,9.2,11.2,HOU,Dalton Schultz,9.2
00-0034383,D.Schultz,Dalton Schultz,TE,HOU,JAX,12,2023,0,0,0.0,0,0,0.0,0,1,2,2.0,0,0.2,1.2,HOU,Dalton Schultz,0.2
00-0034383,D.Schultz,Dalton Schultz,TE,HOU,TEN,15,2023,0,0,0.0,0,0,0.0,0,4,5,58.0,0,5.8,9.8,HOU,Dalton Schultz,5.8
00-0034383,D.Schultz,Dalton Schultz,TE,HOU,CLE,16,2023,0,0,0.0,0,0,0.0,0,8,11,61.0,0,6.1,14.1,HOU,Dalton Schultz,6.1
00-0034383,D.Schultz,Dalton Schultz,TE,HOU,TEN,17,2023,0,0,0.0,0,0,0.0,0,2,4,19.0,0,1.9,3.9,HOU,Dalton Schultz,1.9
00-0034383,D.Schultz,Dalton Schultz,TE,HOU,IND,18,2023,0,0,0.0,0,0,0.0,0,5,7,42.0,0,4.2,9.2,HOU,Dalton Schultz,4.2
00-0034383,D.Schultz,Dalton Schultz,TE,HOU,CLE,19,2023,0,0,0.0,0,0,0.0,0,1,2,37.0,1,9.7,10.7,HOU,Dalton Schultz,9.7
00-0034383,D.Schultz,Dalton Schultz,TE,HOU,BAL,20,2023,0,0,0.0,0,0,0.0,0,5,7,43.0,0,4.3,9.3,HOU,Dalton Schultz,4.3
00-0034386,J.Watson,Justin Watson,WR,KC,DET,1,2023,0,0,0.0,0,0,0.0,0,2,4,45.0,0,4.5,6.5,KC,Justin Watson,4.5
00-0034386,J.Watson,Justin Watson,WR,KC,JAX,2,2023,0,0,0.0,0,0,0.0,0,3,5,62.0,0,4.2,7.2,KC,Justin Watson,4.2
00-0034386,J.Watson,Justin Watson,WR,KC,CHI,3,2023,0,0,0.0,0,0,0.0,0,2,3,51.0,0,5.1,7.1,KC,Justin Watson,5.1
00-0034386,J.Watson,Justin Watson,WR,KC,NYJ,4,2023,0,0,0.0,0,0,0.0,0,1,1,5.0,0,0.5,1.5,KC,Justin Watson,0.5
00-0034386,J.Watson,Justin Watson,WR,KC,MIN,5,2023,0,0,0.0,0,0,0.0,0,2,3,56.0,0,5.6,7.6,KC,Justin Watson,5.6
00-0034386,J.Watson,Justin Watson,WR,KC,DEN,6,2023,0,0,0.0,0,0,0.0,0,0,1,0.0,0,0.0,0.0,KC,Justin Watson,0.0
00-0034386,J.Watson,Justin Watson,WR,KC,DEN,8,2023,0,0,0.0,0,0,0.0,0,2,3,42.0,0,4.2,6.2,KC,Justin Watson,4.2
00-0034386,J.Watson,Justin Watson,WR,KC,MIA,9,2023,0,0,0.0,0,0,0.0,0,2,5,15.0,0,1.5,3.5,KC,Justin Watson,1.5
00-0034386,J.Watson,Justin Watson,WR,KC,PHI,11,2023,0,0,0.0,0,0,0.0,0,5,11,53.0,1,11.3,16.3,KC,Justin Watson,11.3
00-0034386,J.Watson,Justin Watson,WR,KC,LV,12,2023,0,0,0.0,0,0,0.0,0,1,3,3.0,1,6.3,7.3,KC,Justin Watson,6.3
00-0034386,J.Watson,Justin Watson,WR,KC,BUF,14,2023,0,0,0.0,0,0,0.0,0,1,1,18.0,0,1.8,2.8,KC,Justin Watson,1.8
00-0034386,J.Watson,Justin Watson,WR,KC,NE,15,2023,0,0,0.0,0,0,0.0,0,1,3,31.0,0,3.1,4.1,KC,Justin Watson,3.1
00-0034386,J.Watson,Justin Watson,WR,KC,LV,16,2023,0,0,0.0,0,0,0.0,0,4,6,38.0,1,9.8,13.8,KC,Justin Watson,9.8
00-0034386,J.Watson,Justin Watson,WR,KC,CIN,17,2023,0,0,0.0,0,0,0.0,0,1,3,41.0,0,4.1,5.1,KC,Justin Watson,4.1
00-0034386,J.Watson,Justin Watson,WR,KC,LAC,18,2023,0,0,0.0,0,0,0.0,0,0,1,0.0,0,0.0,0.0,KC,Justin Watson,0.0
00-0034386,J.Watson,Justin Watson,WR,KC,MIA,19,2023,0,0,0.0,0,0,0.0,0,2,2,20.0,0,2.0,4.0,KC,Justin Watson,2.0
00-0034386,J.Watson,Justin Watson,WR,KC,BUF,20,2023,0,0,0.0,0,0,0.0,0,0,1,0.0,0,0.0,0.0,KC,Justin Watson,0.0
00-0034386,J.Watson,Justin Watson,WR,KC,BAL,21,2023,0,0,0.0,0,0,0.0,0,1,2,16.0,0,1.6,2.6,KC,Justin Watson,1.6
00-0034386,J.Watson,Justin Watson,WR,KC,SF,22,2023,0,0,0.0,0,0,0.0,0,3,5,54.0,0,5.4,8.4,KC,Justin Watson,5.4
00-0034401,M.White,Mike White,QB,MIA,DEN,3,2023,2,2,67.0,1,1,-1.0,0,0,0,0.0,0,6.58,6.58,MIA,Mike White,6.58
00-0034401,M.White,Mike White,QB,MIA,CAR,6,2023,0,1,0.0,0,3,-4.0,0,0,0,0.0,0,-2.4,-2.4,MIA,Mike White,-2.4
00-0034401,M.White,Mike White,QB,MIA,NYJ,12,2023,0,0,0.0,0,1,-2.0,0,0,0,0.0,0,-0.2,-0.2,MIA,Mike White,-0.2
00-0034401,M.White,Mike White,QB,MIA,WAS,13,2023,1,1,3.0,0,0,0.0,0,0,0,0.0,0,0.12,0.12,MIA,Mike White,0.12
00-0034401,M.White,Mike White,QB,MIA,NYJ,15,2023,2,2,4.0,0,2,-2.0,0,0,0,0.0,0,-0.04,-0.04,MIA,Mike White,-0.04
00-0034401,M.White,Mike White,QB,MIA,BAL,17,2023,0,0,0.0,0,1,0.0,0,0,0,0.0,0,-2.0,-2.0,MIA,Mike White,-2.0
00-0034407,R.McCloud,Ray-Ray McCloud,WR,SF,ARI,4,2023,0,0,0.0,0,0,0.0,0,2,2,22.0,0,2.2,4.2,SF,Ray-Ray McCloud,2.2
00-0034407,R.McCloud,Ray-Ray McCloud,WR,SF,DAL,5,2023,0,0,0.0,0,0,0.0,0,1,1,1.0,0,0.1,1.1,SF,Ray-Ray McCloud,0.1
00-0034407,R.McCloud,Ray-Ray McCloud,WR,SF,CLE,6,2023,0,0,0.0,0,2,23.0,0,1,2,4.0,0,2.7,3.7,SF,Ray-Ray McCloud,2.7
00-0034407,R.McCloud,Ray-Ray McCloud,WR,SF,MIN,7,2023,0,0,0.0,0,0,0.0,0,2,3,20.0,0,2.0,4.0,SF,Ray-Ray McCloud,2.0
00-0034407,R.McCloud,Ray-Ray McCloud,WR,SF,CIN,8,2023,0,0,0.0,0,0,0.0,0,2,2,43.0,0,4.3,6.3,SF,Ray-Ray McCloud,4.3
00-0034407,R.McCloud,Ray-Ray McCloud,WR,SF,SEA,12,2023,0,0,0.0,0,0,0.0,0,1,1,23.0,0,2.3,3.3,SF,Ray-Ray McCloud,2.3
00-0034407,R.McCloud,Ray-Ray McCloud,WR,SF,LA,18,2023,0,0,0.0,0,1,7.0,0,3,4,22.0,0,2.9,5.9,SF,Ray-Ray McCloud,2.9
00-0034407,R.McCloud,Ray-Ray McCloud,WR,SF,GB,20,2023,0,0,0.0,0,0,0.0,0,1,2,7.0,0,0.7,1.7,SF,Ray-Ray McCloud,0.7
00-0034407,R.McCloud,Ray-Ray McCloud,WR,SF,KC,22,2023,0,0,0.0,0,0,0.0,0,1,1,19.0,0,1.9,2.9,SF,Ray-Ray McCloud,1.9
00-0034414,B.Scott,Boston Scott,RB,PHI,NE,1,2023,0,0,0.0,0,1,3.0,0,1,1,7.0,0,1.0,2.0,PHI,Boston Scott,1.0
00-0034414,B.Scott,Boston Scott,RB,PHI,MIN,2,2023,0,0,0.0,0,5,40.0,0,0,0,0.0,0,4.0,4.0,PHI,Boston Scott,4.0
00-0034414,B.Scott,Boston Scott,RB,PHI,NYJ,6,2023,0,0,0.0,0,2,2.0,0,1,1,14.0,0,1.6,2.6,PHI,Boston Scott,1.6
00-0034414,B.Scott,Boston Scott,RB,PHI,WAS,8,2023,0,0,0.0,0,0,0.0,0,1,1,4.0,0,0.4,1.4,PHI,Boston Scott,0.4
00-0034414,B.Scott,Boston Scott,RB,PHI,KC,11,2023,0,0,0.0,0,2,8.0,0,0,0,0.0,0,0.8,0.8,PHI,Boston Scott,0.8
00-0034414,B.Scott,Boston Scott,RB,PHI,BUF,12,2023,0,0,0.0,0,2,14.0,0,0,1,0.0,0,1.4,1.4,PHI,Boston Scott,1.4
00-0034414,B.Scott,Boston Scott,RB,PHI,SF,13,2023,0,0,0.0,0,1,2.0,0,1,1,27.0,0,2.9,3.9,PHI,Boston Scott,2.9
00-0034414,B.Scott,Boston Scott,RB,PHI,DAL,14,2023,0,0,0.0,0,3,9.0,0,0,0,0.0,0,0.9,0.9,PHI,Boston Scott,0.9
00-0034414,B.Scott,Boston Scott,RB,PHI,NYG,16,2023,0,0,0.0,0,1,3.0,0,0,0,0.0,0,0.3,0.3,PHI,Boston Scott,0.3
00-0034414,B.Scott,Boston Scott,RB,PHI,NYG,18,2023,0,0,0.0,0,3,5.0,0,0,1,0.0,0,0.5,0.5,PHI,Boston Scott,0.5
00-0034418,C.Wilson,Cedrick Wilson Jr.,WR,MIA,BUF,4,2023,0,0,0.0,0,0,0.0,0,1,2,16.0,0,1.6,2.6,MIA,Cedrick Wilson Jr.,1.6
00-0034418,C.Wilson,Cedrick Wilson Jr.,WR,MIA,NYG,5,2023,0,0,0.0,0,0,0.0,0,4,4,52.0,0,5.2,9.2,MIA,Cedrick Wilson Jr.,5.2
00-0034418,C.Wilson,Cedrick Wilson Jr.,WR,MIA,PHI,7,2023,0,0,0.0,0,0,0.0,0,2,3,48.0,0,4.8,6.8,MIA,Cedrick Wilson Jr.,4.8
00-0034418,C.Wilson,Cedrick Wilson Jr.,WR,MIA,NE,8,2023,0,0,0.0,0,0,0.0,0,1,1,1.0,1,6.1,7.1,MIA,Cedrick Wilson Jr.,6.1
00-0034418,C.Wilson,Cedrick Wilson Jr.,WR,MIA,KC,9,2023,0,0,0.0,0,0,0.0,0,1,5,31.0,1,9.1,10.1,MIA,Cedrick Wilson Jr.,9.1
00-0034418,C.Wilson,Cedrick Wilson Jr.,WR,MIA,LV,11,2023,0,0,0.0,0,0,0.0,0,3,4,23.0,0,2.3,5.3,MIA,Cedrick Wilson Jr.,2.3
00-0034418,C.Wilson,Cedrick Wilson Jr.,WR,MIA,TEN,14,2023,0,0,0.0,0,0,0.0,0,2,4,30.0,0,3.0,5.0,MIA,Cedrick Wilson Jr.,3.0
00-0034418,C.Wilson,Cedrick Wilson Jr.,WR,MIA,NYJ,15,2023,0,0,0.0,0,0,0.0,0,2,3,2.0,0,0.2,2.2,MIA,Cedrick Wilson Jr.,0.2
00-0034418,C.Wilson,Cedrick Wilson Jr.,WR,MIA,DAL,16,2023,0,0,0.0,0,0,0.0,0,3,5,42.0,0,4.2,7.2,MIA,Cedrick Wilson Jr.,4.2
00-0034418,C.Wilson,Cedrick Wilson Jr.,WR,MIA,BAL,17,2023,0,0,0.0,0,0,0.0,0,2,4,27.0,1,8.7,10.7,MIA,Cedrick Wilson Jr.,8.7
00-0034418,C.Wilson,Cedrick Wilson Jr.,WR,MIA,BUF,18,2023,0,0,0.0,0,0,0.0,0,1,3,24.0,0,2.4,3.4,MIA,Cedrick Wilson Jr.,2.4
00-0034418,C.Wilson,Cedrick Wilson Jr.,WR,MIA,KC,19,2023,0,0,0.0,0,0,0.0,0,3,7,37.0,0,3.7,6.7,MIA,Cedrick Wilson Jr.,3.7
00-0034419,B.Berrios,Braxton Berrios,WR,MIA,LAC,1,2023,0,0,0.0,0,0,0.0,0,3,5,42.0,0,4.2,7.2,MIA,Braxton Berrios,4.2
00-0034419,B.Berrios,Braxton Berrios,WR,MIA,NE,2,2023,0,0,0.0,0,0,0.0,0,2,3,28.0,0,2.8,4.8,MIA,Braxton Berrios,2.8
00-0034419,B.Berrios,Braxton Berrios,WR,MIA,DEN,3,2023,0,0,0.0,0,0,0.0,0,2,2,33.0,0,3.3,5.3,MIA,Braxton Berrios,3.3
00-0034419,B.Berrios,Braxton Berrios,WR,MIA,BUF,4,2023,0,0,0.0,0,1,11.0,0,6,6,43.0,1,11.4,17.4,MIA,Braxton Berrios,11.4
00-0034419,B.Berrios,Braxton Berrios,WR,MIA,NYG,5,2023,0,0,0.0,0,0,0.0,0,2,2,13.0,0,1.3,3.3,MIA,Braxton Berrios,1.3
00-0034419,B.Berrios,Braxton Berrios,WR,MIA,CAR,6,2023,0,0,0.0,0,0,0.0,0,2,2,20.0,0,2.0,4.0,MIA,Braxton Berrios,2.0
00-0034419,B.Berrios,Braxton Berrios,WR,MIA,PHI,7,2023,0,0,0.0,0,0,0.0,0,1,2,7.0,0,0.7,1.7,MIA,Braxton Berrios,0.7
00-0034419,B.Berrios,Braxton Berrios,WR,MIA,NE,8,2023,0,0,0.0,0,0,0.0,0,2,3,8.0,0,0.8,2.8,MIA,Braxton Berrios,0.8
00-0034419,B.Berrios,Braxton Berrios,WR,MIA,NYJ,12,2023,0,0,0.0,0,0,0.0,0,0,1,0.0,0,0.0,0.0,MIA,Braxton Berrios,0.0
00-0034419,B.Berrios,Braxton Berrios,WR,MIA,TEN,14,2023,0,0,0.0,0,0,0.0,0,2,2,13.0,0,1.3,3.3,MIA,Braxton Berrios,1.3
00-0034419,B.Berrios,Braxton Berrios,WR,MIA,NYJ,15,2023,0,0,0.0,0,0,0.0,0,1,1,12.0,0,1.2,2.2,MIA,Braxton Berrios,1.2
00-0034419,B.Berrios,Braxton Berrios,WR,MIA,BAL,17,2023,0,0,0.0,0,0,0.0,0,2,2,10.0,0,1.0,3.0,MIA,Braxton Berrios,1.0
00-0034419,B.Berrios,Braxton Berrios,WR,MIA,BUF,18,2023,0,0,0.0,0,0,0.0,0,2,2,9.0,0,0.9,2.9,MIA,Braxton Berrios,0.9
00-0034419,B.Berrios,Braxton Berrios,WR,MIA,KC,19,2023,0,0,0.0,0,0,0.0,0,0,1,0.0,0,0.0,0.0,MIA,Braxton Berrios,0.0
00-0034433,N.Bawden,Nick Bawden,FB,NYJ,NE,3,2023,0,0,0.0,0,1,1.0,1,0,0,0.0,0,6.1,6.1,NYJ,Nick Bawden,6.1
00-0034433,N.Bawden,Nick Bawden,FB,NYJ,LAC,9,2023,0,0,0.0,0,0,0.0,0,1,1,7.0,0,0.7,1.7,NYJ,Nick Bawden,0.7
00-0034433,N.Bawden,Nick Bawden,FB,NYJ,MIA,12,2023,0,0,0.0,0,0,0.0,0,1,1,6.0,0,0.6,1.6,NYJ,Nick Bawden,0.6
00-0034433,N.Bawden,Nick Bawden,FB,NYJ,HOU,14,2023,0,0,0.0,0,1,3.0,0,0,0,0.0,0,0.3,0.3,NYJ,Nick Bawden,0.3
00-0034433,N.Bawden,Nick Bawden,FB,NYJ,CLE,17,2023,0,0,0.0,0,0,0.0,0,1,1,8.0,0,0.8,1.8,NYJ,Nick Bawden,0.8
00-0034437,L.Cooke,Logan Cooke,P,JAX,NO,7,2023,1,1,13.0,0,0,0.0,0,0,0,0.0,0,0.52,0.52,JAX,Logan Cooke,0.52
00-0034438,L.Woodside,Logan Woodside,QB,ATL,NO,18,2023,3,4,27.0,0,1,6.0,0,0,0,0.0,0,-0.32,-0.32,ATL,Logan Woodside,-0.32
00-0034487,T.Sherfield,Trent Sherfield,WR,BUF,WAS,3,2023,0,0,0.0,0,0,0.0,0,2,3,18.0,0,1.8,3.8,BUF,Trent Sherfield,1.8
00-0034487,T.Sherfield,Trent Sherfield,WR,BUF,MIA,4,2023,0,0,0.0,0,0,0.0,0,2,3,18.0,0,1.8,3.8,BUF,Trent Sherfield,1.8
00-0034487,T.Sherfield,Trent Sherfield,WR,BUF,JAX,5,2023,0,0,0.0,0,0,0.0,0,1,1,3.0,0,0.3,1.3,BUF,Trent Sherfield,0.3
00-0034487,T.Sherfield,Trent Sherfield,WR,BUF,NE,7,2023,0,0,0.0,0,0,0.0,0,1,1,5.0,0,0.5,1.5,BUF,Trent Sherfield,0.5
00-0034487,T.Sherfield,Trent Sherfield,WR,BUF,CIN,9,2023,0,0,0.0,0,0,0.0,0,1,2,9.0,0,0.9,1.9,BUF,Trent Sherfield,0.9
00-0034487,T.Sherfield,Trent Sherfield,WR,BUF,PHI,12,2023,0,0,0.0,0,0,0.0,0,0,3,0.0,0,0.0,0.0,BUF,Trent Sherfield,0.0
00-0034487,T.Sherfield,Trent Sherfield,WR,BUF,KC,14,2023,0,0,0.0,0,0,0.0,0,1,2,9.0,0,0.9,1.9,BUF,Trent Sherfield,0.9
00-0034487,T.Sherfield,Trent Sherfield,WR,BUF,NE,17,2023,0,0,0.0,0,0,0.0,0,0,3,0.0,0,0.0,0.0,BUF,Trent Sherfield,0.0
00-0034487,T.Sherfield,Trent Sherfield,WR,BUF,MIA,18,2023,0,0,0.0,0,0,0.0,0,3,4,24.0,1,8.4,11.4,BUF,Trent Sherfield,8.4
00-0034487,T.Sherfield,Trent Sherfield,WR,BUF,KC,20,2023,0,0,0.0,0,0,0.0,0,1,3,7.0,0,0.7,1.7,BUF,Trent Sherfield,0.7
00-0034490,E.Turner,Ezekiel Turner,ILB,ARI,SF,4,2023,0,0,0.0,0,1,2.0,0,0,0,0.0,0,0.2,0.2,ARI,Ezekiel Turner,0.2
00-0034521,A.Lazard,Allen Lazard,WR,NYJ,BUF,1,2023,0,0,0.0,0,0,0.0,0,2,4,46.0,0,4.6,6.6,NYJ,Allen Lazard,4.6
00-0034521,A.Lazard,Allen Lazard,WR,NYJ,DAL,2,2023,0,0,0.0,0,0,0.0,0,2,4,23.0,0,2.3,4.3,NYJ,Allen Lazard,2.3
00-0034521,A.Lazard,Allen Lazard,WR,NYJ,NE,3,2023,0,0,0.0,0,0,0.0,0,3,5,39.0,0,3.9,6.9,NYJ,Allen Lazard,3.9
00-0034521,A.Lazard,Allen Lazard,WR,NYJ,KC,4,2023,0,0,0.0,0,0,0.0,0,3,3,61.0,1,12.1,15.1,NYJ,Allen Lazard,12.1
00-0034521,A.Lazard,Allen Lazard,WR,NYJ,DEN,5,2023,0,0,0.0,0,0,0.0,0,3,4,33.0,0,3.3,6.3,NYJ,Allen Lazard,3.3
00-0034521,A.Lazard,Allen Lazard,WR,NYJ,PHI,6,2023,0,0,0.0,0,0,0.0,0,1,3,8.0,0,0.8,1.8,NYJ,Allen Lazard,0.8
00-0034521,A.Lazard,Allen Lazard,WR,NYJ,NYG,8,2023,0,0,0.0,0,0,0.0,0,3,6,45.0,0,4.5,7.5,NYJ,Allen Lazard,4.5
00-0034521,A.Lazard,Allen Lazard,WR,NYJ,LAC,9,2023,0,0,0.0,0,0,0.0,0,2,6,18.0,0,1.8,3.8,NYJ,Allen Lazard,1.8
00-0034521,A.Lazard,Allen Lazard,WR,NYJ,LV,10,2023,0,0,0.0,0,0,0.0,0,1,5,17.0,0,1.7,2.7,NYJ,Allen Lazard,1.7
00-0034521,A.Lazard,Allen Lazard,WR,NYJ,BUF,11,2023,0,0,0.0,0,0,0.0,0,0,1,0.0,0,0.0,0.0,NYJ,Allen Lazard,0.0
00-0034521,A.Lazard,Allen Lazard,WR,NYJ,ATL,13,2023,0,0,0.0,0,0,0.0,0,0,1,0.0,0,0.0,0.0,NYJ,Allen Lazard,0.0
00-0034521,A.Lazard,Allen Lazard,WR,NYJ,MIA,15,2023,0,0,0.0,0,0,0.0,0,3,6,21.0,0,2.1,5.1,NYJ,Allen Lazard,2.1
00-0034521,A.Lazard,Allen Lazard,WR,NYJ,WAS,16,2023,0,0,0.0,0,0,0.0,0,0,1,0.0,0,0.0,0.0,NYJ,Allen Lazard,0.0
00-0034575,D.Wells,David Wells,TE,TB,CHI,2,2023,0,0,0.0,0,0,0.0,0,2,2,-10.0,0,-1.0,1.0,TB,David Wells,-1.0
00-0034577,K.Allen,Kyle Allen,QB,BUF,LV,2,2023,0,0,0.0,0,2,-2.0,0,0,0,0.0,0,-0.2,-0.2,BUF,Kyle Allen,-0.2
00-0034577,K.Allen,Kyle Allen,QB,BUF,WAS,3,2023,0,0,0.0,0,2,-2.0,0,0,0,0.0,0,-0.2,-0.2,BUF,Kyle Allen,-0.2
00-0034577,K.Allen,Kyle Allen,QB,BUF,MIA,4,2023,0,0,0.0,0,3,-3.0,0,0,0,0.0,0,-0.3,-0.3,BUF,Kyle Allen,-0.3
00-0034577,K.Allen,Kyle Allen,QB,BUF,NYJ,11,2023,0,0,0.0,0,2,-2.0,0,0,0,0.0,0,-0.2,-0.2,BUF,Kyle Allen,-0.2
00-0034577,K.Allen,Kyle Allen,QB,BUF,DAL,15,2023,0,0,0.0,0,2,-2.0,0,0,0,0.0,0,-0.2,-0.2,BUF,Kyle Allen,-0.2
00-0034577,K.Allen,Kyle Allen,QB,BUF,NE,17,2023,0,0,0.0,0,2,-2.0,0,0,0,0.0,0,-0.2,-0.2,BUF,Kyle Allen,-0.2
00-0034613,T.Hudson,Tanner Hudson,TE,CIN,LA,3,2023,0,0,0.0,0,0,0.0,0,2,4,30.0,0,3.0,5.0,CIN,Tanner Hudson,3.0
00-0034613,T.Hudson,Tanner Hudson,TE,CIN,TEN,4,2023,0,0,0.0,0,0,0.0,0,2,2,18.0,0,1.8,3.8,CIN,Tanner Hudson,1.8
00-0034613,T.Hudson,Tanner Hudson,TE,CIN,BUF,9,2023,0,0,0.0,0,0,0.0,0,4,5,45.0,0,4.5,8.5,CIN,Tanner Hudson,4.5
00-0034613,T.Hudson,Tanner Hudson,TE,CIN,HOU,10,2023,0,0,0.0,0,0,0.0,0,6,7,33.0,0,3.3,9.3,CIN,Tanner Hudson,3.3
00-0034613,T.Hudson,Tanner Hudson,TE,CIN,BAL,11,2023,0,0,0.0,0,0,0.0,0,4,4,49.0,0,4.9,8.9,CIN,Tanner Hudson,4.9
00-0034613,T.Hudson,Tanner Hudson,TE,CIN,PIT,12,2023,0,0,0.0,0,0,0.0,0,4,5,18.0,0,1.8,5.8,CIN,Tanner Hudson,1.8
00-0034613,T.Hudson,Tanner Hudson,TE,CIN,JAX,13,2023,0,0,0.0,0,0,0.0,0,4,4,35.0,0,3.5,7.5,CIN,Tanner Hudson,3.5
00-0034613,T.Hudson,Tanner Hudson,TE,CIN,IND,14,2023,0,0,0.0,0,0,0.0,0,2,3,21.0,1,8.1,10.1,CIN,Tanner Hudson,8.1
00-0034613,T.Hudson,Tanner Hudson,TE,CIN,MIN,15,2023,0,0,0.0,0,0,0.0,0,5,5,49.0,0,4.9,9.9,CIN,Tanner Hudson,4.9
00-0034613,T.Hudson,Tanner Hudson,TE,CIN,PIT,16,2023,0,0,0.0,0,0,0.0,0,1,2,5.0,0,0.5,1.5,CIN,Tanner Hudson,0.5
00-0034613,T.Hudson,Tanner Hudson,TE,CIN,KC,17,2023,0,0,0.0,0,0,0.0,0,3,7,38.0,0,3.8,6.8,CIN,Tanner Hudson,3.8
00-0034613,T.Hudson,Tanner Hudson,TE,CIN,CLE,18,2023,0,0,0.0,0,0,0.0,0,2,2,11.0,0,1.1,3.1,CIN,Tanner Hudson,1.1
00-0034646,B.Powell,Brandon Powell,WR,MIN,LAC,3,2023,0,0,0.0,0,0,0.0,0,1,1,5.0,0,0.5,1.5,MIN,Brandon Powell,0.5
00-0034646,B.Powell,Brandon Powell,WR,MIN,KC,5,2023,0,0,0.0,0,1,9.0,0,4,6,43.0,0,5.2,9.2,MIN,Brandon Powell,5.2
00-0034646,B.Powell,Brandon Powell,WR,MIN,CHI,6,2023,0,0,0.0,0,1,-1.0,0,3,4,20.0,0,1.9,4.9,MIN,Brandon Powell,1.9
00-0034646,B.Powell,Brandon Powell,WR,MIN,SF,7,2023,0,0,0.0,0,1,5.0,0,4,5,64.0,0,6.9,10.9,MIN,Brandon Powell,6.9
00-0034646,B.Powell,Brandon Powell,WR,MIN,GB,8,2023,0,0,0.0,0,1,2.0,0,1,3,10.0,0,1.2,2.2,MIN,Brandon Powell,1.2
00-0034646,B.Powell,Brandon Powell,WR,MIN,ATL,9,2023,0,0,0.0,0,0,0.0,0,2,3,15.0,1,7.5,9.5,MIN,Brandon Powell,7.5
00-0034646,B.Powell,Brandon Powell,WR,MIN,NO,10,2023,0,0,0.0,0,0,0.0,0,4,5,35.0,0,3.5,7.5,MIN,Brandon Powell,3.5
00-0034646,B.Powell,Brandon Powell,WR,MIN,DEN,11,2023,0,0,0.0,0,0,0.0,0,3,4,32.0,0,3.2,6.2,MIN,Brandon Powell,3.2
00-0034646,B.Powell,Brandon Powell,WR,MIN,CHI,12,2023,0,0,0.0,0,1,2.0,0,3,3,45.0,0,4.7,7.7,MIN,Brandon Powell,4.7
00-0034646,B.Powell,Brandon Powell,WR,MIN,LV,14,2023,0,0,0.0,0,0,0.0,0,0,1,0.0,0,0.0,0.0,MIN,Brandon Powell,0.0
00-0034646,B.Powell,Brandon Powell,WR,MIN,DET,16,2023,0,0,0.0,0,0,0.0,0,3,4,53.0,0,5.3,8.3,MIN,Brandon Powell,5.3
00-0034646,B.Powell,Brandon Powell,WR,MIN,GB,17,2023,0,0,0.0,0,0,0.0,0,0,2,0.0,0,0.0,0.0,MIN,Brandon Powell,0.0
00-0034646,B.Powell,Brandon Powell,WR,MIN,DET,18,2023,0,0,0.0,0,0,0.0,0,1,3,2.0,0,0.2,1.2,MIN,Brandon Powell,0.2
00-0034681,C.Edmonds,Chase Edmonds,RB,TB,MIN,1,2023,0,0,0.0,0,2,8.0,0,0,0,0.0,0,0.8,0.8,TB,Chase Edmonds,0.8
00-0034681,C.Edmonds,Chase Edmonds,RB,TB,CHI,2,2023,0,0,0.0,0,2,12.0,0,0,0,0.0,0,1.2,1.2,TB,Chase Edmonds,1.2
00-0034681,C.Edmonds,Chase Edmonds,RB,TB,BUF,8,2023,0,0,0.0,0,3,5.0,0,2,3,16.0,0,2.1,4.1,TB,Chase Edmonds,2.1
00-0034681,C.Edmonds,Chase Edmonds,RB,TB,HOU,9,2023,0,0,0.0,0,3,-5.0,0,1,1,-1.0,0,-0.6,0.4,TB,Chase Edmonds,-0.6
00-0034681,C.Edmonds,Chase Edmonds,RB,TB,TEN,10,2023,0,0,0.0,0,4,9.0,0,1,1,-2.0,0,0.7,1.7,TB,Chase Edmonds,0.7
00-0034681,C.Edmonds,Chase Edmonds,RB,TB,SF,11,2023,0,0,0.0,0,4,8.0,0,1,1,11.0,0,1.9,2.9,TB,Chase Edmonds,1.9
00-0034681,C.Edmonds,Chase Edmonds,RB,TB,IND,12,2023,0,0,0.0,0,1,11.0,0,0,1,0.0,0,1.1,1.1,TB,Chase Edmonds,1.1
00-0034681,C.Edmonds,Chase Edmonds,RB,TB,CAR,13,2023,0,0,0.0,0,2,7.0,0,1,1,2.0,0,0.9,1.9,TB,Chase Edmonds,0.9
00-0034681,C.Edmonds,Chase Edmonds,RB,TB,ATL,14,2023,0,0,0.0,0,8,40.0,0,2,2,18.0,0,5.8,7.8,TB,Chase Edmonds,5.8
00-0034681,C.Edmonds,Chase Edmonds,RB,TB,GB,15,2023,0,0,0.0,0,3,13.0,0,0,0,0.0,0,1.3,1.3,TB,Chase Edmonds,1.3
00-0034681,C.Edmonds,Chase Edmonds,RB,TB,JAX,16,2023,0,0,0.0,0,10,25.0,0,0,0,0.0,0,2.5,2.5,TB,Chase Edmonds,2.5
00-0034681,C.Edmonds,Chase Edmonds,RB,TB,NO,17,2023,0,0,0.0,0,3,16.0,0,5,6,40.0,0,5.6,10.6,TB,Chase Edmonds,5.6
00-0034681,C.Edmonds,Chase Edmonds,RB,TB,CAR,18,2023,0,0,0.0,0,4,27.0,0,1,1,-3.0,0,2.4,3.4,TB,Chase Edmonds,2.4
00-0034681,C.Edmonds,Chase Edmonds,RB,TB,PHI,19,2023,0,0,0.0,0,7,12.0,0,1,2,8.0,0,2.0,3.0,TB,Chase Edmonds,2.0
00-0034681,C.Edmonds,Chase Edmonds,RB,TB,DET,20,2023,0,0,0.0,0,4,19.0,0,2,2,18.0,0,3.7,5.7,TB,Chase Edmonds,3.7
00-0034750,R.Penny,Rashaad Penny,RB,PHI,MIN,2,2023,0,0,0.0,0,3,9.0,0,1,1,5.0,0,1.4,2.4,PHI,Rashaad Penny,1.4
00-0034750,R.Penny,Rashaad Penny,RB,PHI,DAL,9,2023,0,0,0.0,0,2,8.0,0,0,0,0.0,0,0.8,0.8,PHI,Rashaad Penny,0.8
00-0034750,R.Penny,Rashaad Penny,RB,PHI,NYG,18,2023,0,0,0.0,0,6,16.0,0,0,0,0.0,0,1.6,1.6,PHI,Rashaad Penny,1.6
00-0034753,M.Andrews,Mark Andrews,TE,BAL,CIN,2,2023,0,0,0.0,0,0,0.0,0,5,8,45.0,1,10.5,15.5,BAL,Mark Andrews,10.5
00-0034753,M.Andrews,Mark Andrews,TE,BAL,IND,3,2023,0,0,0.0,0,0,0.0,0,4,5,35.0,0,3.5,7.5,BAL,Mark Andrews,3.5
00-0034753,M.Andrews,Mark Andrews,TE,BAL,CLE,4,2023,0,0,0.0,0,0,0.0,0,5,5,80.0,2,20.0,25.0,BAL,Mark Andrews,20.0
00-0034753,M.Andrews,Mark Andrews,TE,BAL,PIT,5,2023,0,0,0.0,0,0,0.0,0,6,10,65.0,0,6.5,12.5,BAL,Mark Andrews,6.5
00-0034753,M.Andrews,Mark Andrews,TE,BAL,TEN,6,2023,0,0,0.0,0,1,0.0,0,4,6,69.0,0,6.9,10.9,BAL,Mark Andrews,6.9
00-0034753,M.Andrews,Mark Andrews,TE,BAL,DET,7,2023,0,0,0.0,0,0,0.0,0,4,6,63.0,2,18.3,22.3,BAL,Mark Andrews,18.3
00-0034753,M.Andrews,Mark Andrews,TE,BAL,ARI,8,2023,0,0,0.0,0,0,0.0,0,4,5,40.0,1,10.0,14.0,BAL,Mark Andrews,10.0
00-0034753,M.Andrews,Mark Andrews,TE,BAL,SEA,9,2023,0,0,0.0,0,0,0.0,0,9,10,80.0,0,8.0,17.0,BAL,Mark Andrews,8.0
00-0034753,M.Andrews,Mark Andrews,TE,BAL,CLE,10,2023,0,0,0.0,0,0,0.0,0,2,4,44.0,0,4.4,6.4,BAL,Mark Andrews,4.4
00-0034753,M.Andrews,Mark Andrews,TE,BAL,CIN,11,2023,0,0,0.0,0,0,0.0,0,2,2,23.0,0,2.3,4.3,BAL,Mark Andrews,2.3
00-0034753,M.Andrews,Mark Andrews,TE,BAL,KC,21,2023,0,0,0.0,0,0,0.0,0,2,2,15.0,0,1.5,3.5,BAL,Mark Andrews,1.5
00-0034764,M.Gallup,Michael Gallup,WR,DAL,NYG,1,2023,0,0,0.0,0,0,0.0,0,1,2,10.0,0,1.0,2.0,DAL,Michael Gallup,1.0
00-0034764,M.Gallup,Michael Gallup,WR,DAL,NYJ,2,2023,0,0,0.0,0,0,0.0,0,1,2,3.0,0,0.3,1.3,DAL,Michael Gallup,0.3
00-0034764,M.Gallup,Michael Gallup,WR,DAL,ARI,3,2023,0,0,0.0,0,0,0.0,0,6,7,92.0,0,9.2,15.2,DAL,Michael Gallup,9.2
00-0034764,M.Gallup,Michael Gallup,WR,DAL,NE,4,2023,0,0,0.0,0,0,0.0,0,5,6,60.0,0,6.0,11.0,DAL,Michael Gallup,6.0
00-0034764,M.Gallup,Michael Gallup,WR,DAL,SF,5,2023,0,0,0.0,0,0,0.0,0,2,5,15.0,0,1.5,3.5,DAL,Michael Gallup,1.5
00-0034764,M.Gallup,Michael Gallup,WR,DAL,LAC,6,2023,0,0,0.0,0,0,0.0,0,3,10,24.0,0,2.4,5.4,DAL,Michael Gallup,2.4
00-0034764,M.Gallup,Michael Gallup,WR,DAL,LA,8,2023,0,0,0.0,0,0,0.0,0,2,3,20.0,0,2.0,4.0,DAL,Michael Gallup,2.0
00-0034764,M.Gallup,Michael Gallup,WR,DAL,PHI,9,2023,0,0,0.0,0,0,0.0,0,2,3,19.0,0,1.9,3.9,DAL,Michael Gallup,1.9
00-0034764,M.Gallup,Michael Gallup,WR,DAL,NYG,10,2023,0,0,0.0,0,0,0.0,0,2,2,70.0,1,13.0,15.0,DAL,Michael Gallup,13.0
00-0034764,M.Gallup,Michael Gallup,WR,DAL,CAR,11,2023,0,0,0.0,0,0,0.0,0,3,5,31.0,0,3.1,6.1,DAL,Michael Gallup,3.1
00-0034764,M.Gallup,Michael Gallup,WR,DAL,WAS,12,2023,0,0,0.0,0,0,0.0,0,1,1,13.0,0,1.3,2.3,DAL,Michael Gallup,1.3
00-0034764,M.Gallup,Michael Gallup,WR,DAL,SEA,13,2023,0,0,0.0,0,0,0.0,0,0,1,0.0,0,0.0,0.0,DAL,Michael Gallup,0.0
00-0034764,M.Gallup,Michael Gallup,WR,DAL,PHI,14,2023,0,0,0.0,0,0,0.0,0,3,5,48.0,1,10.8,13.8,DAL,Michael Gallup,10.8
00-0034764,M.Gallup,Michael Gallup,WR,DAL,BUF,15,2023,0,0,0.0,0,0,0.0,0,1,1,9.0,0,0.9,1.9,DAL,Michael Gallup,0.9
00-0034764,M.Gallup,Michael Gallup,WR,DAL,MIA,16,2023,0,0,0.0,0,0,0.0,0,2,2,4.0,0,0.4,2.4,DAL,Michael Gallup,0.4
00-0034764,M.Gallup,Michael Gallup,WR,DAL,WAS,18,2023,0,0,0.0,0,0,0.0,0,0,2,0.0,0,0.0,0.0,DAL,Michael Gallup,0.0
00-0034764,M.Gallup,Michael Gallup,WR,DAL,GB,19,2023,0,0,0.0,0,0,0.0,0,6,6,103.0,0,10.3,16.3,DAL,Michael Gallup,10.3
00-0034771,M.Rudolph,Mason Rudolph,QB,PIT,IND,15,2023,2,3,3.0,0,0,0.0,0,0,0,0.0,0,0.12,0.12,PIT,Mason Rudolph,0.12
00-0034771,M.Rudolph,Mason Rudolph,QB,PIT,CIN,16,2023,17,27,290.0,2,2,4.0,0,0,0,0.0,0,20.0,20.0,PIT,Mason Rudolph,20.0
00-0034771,M.Rudolph,Mason Rudolph,QB,PIT,SEA,17,2023,18,24,274.0,0,6,5.0,0,0,0,0.0,0,11.46,11.46,PIT,Mason Rudolph,11.46
00-0034771,M.Rudolph,Mason Rudolph,QB,PIT,BAL,18,2023,18,20,152.0,1,2,-1.0,0,0,0,0.0,0,7.98,7.98,PIT,Mason Rudolph,7.98
00-0034771,M.Rudolph,Mason Rudolph,QB,PIT,BUF,19,2023,22,39,229.0,2,2,16.0,0,0,0,0.0,0,16.76,16.76,PIT,Mason Rudolph,16.76
00-0034775,C.Kirk,Christian Kirk,WR,JAX,IND,1,2023,0,0,0.0,0,0,0.0,0,1,3,9.0,0,0.9,1.9,JAX,Christian Kirk,0.9
00-0034775,C.Kirk,Christian Kirk,WR,JAX,KC,2,2023,1,1,-1.0,0,0,0.0,0,11,14,110.0,0,10.96,21.96,JAX,Christian Kirk,10.96
00-0034775,C.Kirk,Christian Kirk,WR,JAX,HOU,3,2023,0,0,0.0,0,0,0.0,0,4,6,54.0,1,11.4,15.4,JAX,Christian Kirk,11.4
00-0034775,C.Kirk,Christian Kirk,WR,JAX,ATL,4,2023,0,0,0.0,0,0,0.0,0,8,12,84.0,0,8.4,16.4,JAX,Christian Kirk,8.4
00-0034775,C.Kirk,Christian Kirk,WR,JAX,BUF,5,2023,0,0,0.0,0,1,6.0,0,6,8,78.0,0,8.4,14.4,JAX,Christian Kirk,8.4
00-0034775,C.Kirk,Christian Kirk,WR,JAX,IND,6,2023,0,0,0.0,0,0,0.0,0,3,6,49.0,1,10.9,13.9,JAX,Christian Kirk,10.9
00-0034775,C.Kirk,Christian Kirk,WR,JAX,NO,7,2023,0,0,0.0,0,0,0.0,0,6,6,90.0,1,13.0,19.0,JAX,Christian Kirk,13.0
00-0034775,C.Kirk,Christian Kirk,WR,JAX,PIT,8,2023,0,0,0.0,0,0,0.0,0,4,5,46.0,0,4.6,8.6,JAX,Christian Kirk,4.6
00-0034775,C.Kirk,Christian Kirk,WR,JAX,SF,10,2023,0,1,0.0,0,0,0.0,0,6,11,104.0,0,8.4,14.4,JAX,Christian Kirk,8.4
00-0034775,C.Kirk,Christian Kirk,WR,JAX,TEN,11,2023,0,0,0.0,0,0,0.0,0,3,6,48.0,0,4.8,7.8,JAX,Christian Kirk,4.8
00-0034775,C.Kirk,Christian Kirk,WR,JAX,HOU,12,2023,0,0,0.0,0,0,0.0,0,4,7,89.0,0,8.9,12.9,JAX,Christian Kirk,8.9
00-0034775,C.Kirk,Christian Kirk,WR,JAX,CIN,13,2023,0,0,0.0,0,0,0.0,0,1,1,26.0,0,2.6,3.6,JAX,Christian Kirk,2.6
00-0034777,D.Chark,DJ Chark,WR,CAR,NO,2,2023,0,0,0.0,0,0,0.0,0,1,1,15.0,0,1.5,2.5,CAR,DJ Chark,1.5
00-0034777,D.Chark,DJ Chark,WR,CAR,SEA,3,2023,0,0,0.0,0,0,0.0,0,4,11,86.0,1,14.6,18.6,CAR,DJ Chark,14.6
00-0034777,D.Chark,DJ Chark,WR,CAR,MIN,4,2023,0,0,0.0,0,0,0.0,0,2,3,28.0,0,2.8,4.8,CAR,DJ Chark,2.8
00-0034777,D.Chark,DJ Chark,WR,CAR,DET,5,2023,0,0,0.0,0,0,0.0,0,3,6,42.0,1,10.2,13.2,CAR,DJ Chark,10.2
00-0034777,D.Chark,DJ Chark,WR,CAR,MIA,6,2023,0,0,0.0,0,0,0.0,0,3,6,26.0,0,2.6,5.6,CAR,DJ Chark,2.6
00-0034777,D.Chark,DJ Chark,WR,CAR,HOU,8,2023,0,0,0.0,0,0,0.0,0,2,4,23.0,0,2.3,4.3,CAR,DJ Chark,2.3
00-0034777,D.Chark,DJ Chark,WR,CAR,IND,9,2023,0,0,0.0,0,0,0.0,0,2,3,9.0,1,6.9,8.9,CAR,DJ Chark,6.9
00-0034777,D.Chark,DJ Chark,WR,CAR,TEN,12,2023,0,0,0.0,0,0,0.0,0,3,4,34.0,0,3.4,6.4,CAR,DJ Chark,3.4
00-0034777,D.Chark,DJ Chark,WR,CAR,TB,13,2023,0,0,0.0,0,0,0.0,0,3,4,56.0,0,5.6,8.6,CAR,DJ Chark,5.6
00-0034777,D.Chark,DJ Chark,WR,CAR,NO,14,2023,0,0,0.0,0,0,0.0,0,2,4,26.0,0,2.6,4.6,CAR,DJ Chark,2.6
00-0034777,D.Chark,DJ Chark,WR,CAR,ATL,15,2023,0,0,0.0,0,0,0.0,0,1,2,18.0,0,1.8,2.8,CAR,DJ Chark,1.8
00-0034777,D.Chark,DJ Chark,WR,CAR,GB,16,2023,0,0,0.0,0,0,0.0,0,6,8,98.0,2,21.8,27.8,CAR,DJ Chark,21.8
00-0034777,D.Chark,DJ Chark,WR,CAR,JAX,17,2023,0,0,0.0,0,0,0.0,0,1,6,18.0,0,1.8,2.8,CAR,DJ Chark,1.8
00-0034777,D.Chark,DJ Chark,WR,CAR,TB,18,2023,0,0,0.0,0,0,0.0,0,2,4,46.0,0,2.6,4.6,CAR,DJ Chark,2.6
00-0034791,N.Chubb,Nick Chubb,RB,CLE,CIN,1,2023,0,0,0.0,0,18,106.0,0,4,4,21.0,0,12.7,16.7,CLE,Nick Chubb,12.7
00-0034791,N.Chubb,Nick Chubb,RB,CLE,PIT,2,2023,0,0,0.0,0,10,64.0,0,0,0,0.0,0,6.4,6.4,CLE,Nick Chubb,6.4
00-0034796,L.Jackson,Lamar Jackson,QB,BAL,HOU,1,2023,17,22,169.0,0,6,38.0,0,0,0,0.0,0,6.56,6.56,BAL,Lamar Jackson,6.56
00-0034796,L.Jackson,Lamar Jackson,QB,BAL,CIN,2,2023,24,33,237.0,2,12,54.0,0,0,0,0.0,0,22.88,22.88,BAL,Lamar Jackson,22.88
00-0034796,L.Jackson,Lamar Jackson,QB,BAL,IND,3,2023,22,31,202.0,0,14,101.0,2,0,0,0.0,0,28.18,28.18,BAL,Lamar Jackson,28.18
00-0034796,L.Jackson,Lamar Jackson,QB,BAL,CLE,4,2023,15,19,186.0,2,9,27.0,2,0,0,0.0,0,28.14,28.14,BAL,Lamar Jackson,28.14
00-0034796,L.Jackson,Lamar Jackson,QB,BAL,PIT,5,2023,22,38,236.0,0,6,45.0,0,0,0,0.0,0,9.94,9.94,BAL,Lamar Jackson,9.94
00-0034796,L.Jackson,Lamar Jackson,QB,BAL,TEN,6,2023,21,30,223.0,1,13,62.0,0,0,0,0.0,0,17.12,17.12,BAL,Lamar Jackson,17.12
00-0034796,L.Jackson,Lamar Jackson,QB,BAL,DET,7,2023,21,27,357.0,3,9,36.0,1,0,0,0.0,0,33.88,33.88,BAL,Lamar Jackson,33.88
00-0034796,L.Jackson,Lamar Jackson,QB,BAL,ARI,8,2023,18,27,157.0,1,5,17.0,0,0,0,0.0,0,11.98,11.98,BAL,Lamar Jackson,11.98
00-0034796,L.Jackson,Lamar Jackson,QB,BAL,SEA,9,2023,21,26,187.0,0,10,60.0,0,0,0,0.0,0,11.48,11.48,BAL,Lamar Jackson,11.48
00-0034796,L.Jackson,Lamar Jackson,QB,BAL,CLE,10,2023,13,23,223.0,1,8,41.0,0,0,0,0.0,0,13.02,13.02,BAL,Lamar Jackson,13.02
00-0034796,L.Jackson,Lamar Jackson,QB,BAL,CIN,11,2023,16,26,264.0,2,9,54.0,0,0,0,0.0,0,23.96,23.96,BAL,Lamar Jackson,23.96
00-0034796,L.Jackson,Lamar Jackson,QB,BAL,LAC,12,2023,18,32,177.0,1,11,39.0,0,0,0,0.0,0,14.98,14.98,BAL,Lamar Jackson,14.98
00-0034796,L.Jackson,Lamar Jackson,QB,BAL,LA,14,2023,24,43,316.0,3,11,70.0,0,0,0,0.0,0,31.64,31.64,BAL,Lamar Jackson,31.64
00-0034796,L.Jackson,Lamar Jackson,QB,BAL,JAX,15,2023,14,24,171.0,1,12,97.0,0,0,0,0.0,0,18.54,18.54,BAL,Lamar Jackson,18.54
00-0034796,L.Jackson,Lamar Jackson,QB,BAL,SF,16,2023,23,35,252.0,2,7,45.0,0,0,0,0.0,0,22.58,22.58,BAL,Lamar Jackson,22.58
00-0034796,L.Jackson,Lamar Jackson,QB,BAL,MIA,17,2023,18,21,321.0,5,6,35.0,0,0,0,0.0,0,36.34,36.34,BAL,Lamar Jackson,36.34
00-0034796,L.Jackson,Lamar Jackson,QB,BAL,HOU,20,2023,16,22,152.0,2,11,100.0,2,0,0,0.0,0,36.08,36.08,BAL,Lamar Jackson,36.08
00-0034796,L.Jackson,Lamar Jackson,QB,BAL,KC,21,2023,20,37,272.0,1,8,54.0,0,1,1,13.0,0,17.58,18.58,BAL,Lamar Jackson,17.58
00-0034798,D.Smythe,Durham Smythe,TE,MIA,LAC,1,2023,0,0,0.0,0,0,0.0,0,3,7,44.0,0,4.4,7.4,MIA,Durham Smythe,4.4
00-0034798,D.Smythe,Durham Smythe,TE,MIA,NE,2,2023,0,0,0.0,0,0,0.0,0,3,3,23.0,0,2.3,5.3,MIA,Durham Smythe,2.3
00-0034798,D.Smythe,Durham Smythe,TE,MIA,DEN,3,2023,0,0,0.0,0,0,0.0,0,1,1,15.0,0,1.5,2.5,MIA,Durham Smythe,1.5
00-0034798,D.Smythe,Durham Smythe,TE,MIA,BUF,4,2023,0,0,0.0,0,0,0.0,0,4,4,41.0,0,4.1,8.1,MIA,Durham Smythe,4.1
00-0034798,D.Smythe,Durham Smythe,TE,MIA,CAR,6,2023,0,0,0.0,0,0,0.0,0,0,1,0.0,0,0.0,0.0,MIA,Durham Smythe,0.0
00-0034798,D.Smythe,Durham Smythe,TE,MIA,NE,8,2023,0,0,0.0,0,0,0.0,0,3,3,28.0,0,2.8,5.8,MIA,Durham Smythe,2.8
00-0034798,D.Smythe,Durham Smythe,TE,MIA,KC,9,2023,0,0,0.0,0,0,0.0,0,3,3,17.0,0,1.7,4.7,MIA,Durham Smythe,1.7
00-0034798,D.Smythe,Durham Smythe,TE,MIA,NYJ,12,2023,0,0,0.0,0,0,0.0,0,1,3,10.0,0,1.0,2.0,MIA,Durham Smythe,1.0
00-0034798,D.Smythe,Durham Smythe,TE,MIA,TEN,14,2023,0,0,0.0,0,0,0.0,0,2,3,16.0,0,1.6,3.6,MIA,Durham Smythe,1.6
00-0034798,D.Smythe,Durham Smythe,TE,MIA,NYJ,15,2023,0,0,0.0,0,0,0.0,0,4,4,32.0,0,3.2,7.2,MIA,Durham Smythe,3.2
00-0034798,D.Smythe,Durham Smythe,TE,MIA,DAL,16,2023,0,0,0.0,0,0,0.0,0,5,5,56.0,0,5.6,10.6,MIA,Durham Smythe,5.6
00-0034798,D.Smythe,Durham Smythe,TE,MIA,BAL,17,2023,0,0,0.0,0,0,0.0,0,3,3,54.0,0,5.4,8.4,MIA,Durham Smythe,5.4
00-0034798,D.Smythe,Durham Smythe,TE,MIA,BUF,18,2023,0,0,0.0,0,0,0.0,0,3,3,30.0,0,3.0,6.0,MIA,Durham Smythe,3.0
00-0034798,D.Smythe,Durham Smythe,TE,MIA,KC,19,2023,0,0,0.0,0,0,0.0,0,3,4,12.0,0,1.2,4.2,MIA,Durham Smythe,1.2
00-0034827,D.Moore,DJ Moore,WR,CHI,GB,1,2023,0,0,0.0,0,0,0.0,0,2,2,25.0,0,2.5,4.5,CHI,DJ Moore,2.5
00-0034827,D.Moore,DJ Moore,WR,CHI,TB,2,2023,0,0,0.0,0,0,0.0,0,6,7,104.0,0,10.4,16.4,CHI,DJ Moore,10.4
00-0034827,D.Moore,DJ Moore,WR,CHI,KC,3,2023,0,0,0.0,0,0,0.0,0,3,6,41.0,1,10.1,13.1,CHI,DJ Moore,10.1
00-0034827,D.Moore,DJ Moore,WR,CHI,DEN,4,2023,0,0,0.0,0,0,0.0,0,8,9,131.0,1,19.1,27.1,CHI,DJ Moore,19.1
00-0034827,D.Moore,DJ Moore,WR,CHI,WAS,5,2023,0,0,0.0,0,0,0.0,0,8,10,230.0,3,41.0,49.0,CHI,DJ Moore,41.0
00-0034827,D.Moore,DJ Moore,WR,CHI,MIN,6,2023,0,0,0.0,0,0,0.0,0,5,8,51.0,0,5.1,10.1,CHI,DJ Moore,5.1
00-0034827,D.Moore,DJ Moore,WR,CHI,LV,7,2023,0,0,0.0,0,0,0.0,0,8,9,54.0,0,5.4,13.4,CHI,DJ Moore,5.4
00-0034827,D.Moore,DJ Moore,WR,CHI,LAC,8,2023,0,0,0.0,0,0,0.0,0,4,6,55.0,0,5.5,9.5,CHI,DJ Moore,5.5
00-0034827,D.Moore,DJ Moore,WR,CHI,NO,9,2023,0,0,0.0,0,0,0.0,0,3,5,44.0,0,2.4,5.4,CHI,DJ Moore,2.4
00-0034827,D.Moore,DJ Moore,WR,CHI,CAR,10,2023,0,0,0.0,0,1,1.0,0,5,9,58.0,0,5.9,10.9,CHI,DJ Moore,5.9
00-0034827,D.Moore,DJ Moore,WR,CHI,DET,11,2023,0,0,0.0,0,0,0.0,0,7,9,96.0,1,15.6,22.6,CHI,DJ Moore,15.6
00-0034827,D.Moore,DJ Moore,WR,CHI,MIN,12,2023,0,0,0.0,0,0,0.0,0,11,13,114.0,0,11.4,22.4,CHI,DJ Moore,11.4
00-0034827,D.Moore,DJ Moore,WR,CHI,DET,14,2023,0,0,0.0,0,3,20.0,1,6,10,68.0,1,20.8,26.8,CHI,DJ Moore,20.8
00-0034827,D.Moore,DJ Moore,WR,CHI,CLE,15,2023,0,0,0.0,0,0,0.0,0,4,8,52.0,0,5.2,9.2,CHI,DJ Moore,5.2
00-0034827,D.Moore,DJ Moore,WR,CHI,ARI,16,2023,0,0,0.0,0,0,0.0,0,3,6,18.0,0,1.8,4.8,CHI,DJ Moore,1.8
00-0034827,D.Moore,DJ Moore,WR,CHI,ATL,17,2023,0,0,0.0,0,0,0.0,0,9,13,159.0,1,21.9,30.9,CHI,DJ Moore,21.9
00-0034827,D.Moore,DJ Moore,WR,CHI,GB,18,2023,0,0,0.0,0,0,0.0,0,4,6,64.0,0,6.4,10.4,CHI,DJ Moore,6.4
00-0034829,M.Gesicki,Mike Gesicki,TE,NE,PHI,1,2023,0,0,0.0,0,0,0.0,0,3,3,36.0,0,3.6,6.6,NE,Mike Gesicki,3.6
00-0034829,M.Gesicki,Mike Gesicki,TE,NE,MIA,2,2023,0,0,0.0,0,0,0.0,0,5,6,33.0,0,3.3,8.3,NE,Mike Gesicki,3.3
00-0034829,M.Gesicki,Mike Gesicki,TE,NE,NYJ,3,2023,0,0,0.0,0,0,0.0,0,1,1,18.0,0,1.8,2.8,NE,Mike Gesicki,1.8
00-0034829,M.Gesicki,Mike Gesicki,TE,NE,DAL,4,2023,0,0,0.0,0,0,0.0,0,1,3,12.0,0,1.2,2.2,NE,Mike Gesicki,1.2
00-0034829,M.Gesicki,Mike Gesicki,TE,NE,NO,5,2023,0,0,0.0,0,0,0.0,0,2,4,17.0,0,1.7,3.7,NE,Mike Gesicki,1.7
00-0034829,M.Gesicki,Mike Gesicki,TE,NE,LV,6,2023,0,0,0.0,0,0,0.0,0,3,3,28.0,0,2.8,5.8,NE,Mike Gesicki,2.8
00-0034829,M.Gesicki,Mike Gesicki,TE,NE,BUF,7,2023,0,0,0.0,0,0,0.0,0,2,2,5.0,1,6.5,8.5,NE,Mike Gesicki,6.5
00-0034829,M.Gesicki,Mike Gesicki,TE,NE,MIA,8,2023,0,0,0.0,0,0,0.0,0,2,3,11.0,0,1.1,3.1,NE,Mike Gesicki,1.1
00-0034829,M.Gesicki,Mike Gesicki,TE,NE,WAS,9,2023,0,0,0.0,0,0,0.0,0,0,2,0.0,0,0.0,0.0,NE,Mike Gesicki,0.0
00-0034829,M.Gesicki,Mike Gesicki,TE,NE,IND,10,2023,0,0,0.0,0,0,0.0,0,2,3,22.0,0,2.2,4.2,NE,Mike Gesicki,2.2
00-0034829,M.Gesicki,Mike Gesicki,TE,NE,NYG,12,2023,0,0,0.0,0,0,0.0,0,0,2,0.0,0,0.0,0.0,NE,Mike Gesicki,0.0
00-0034829,M.Gesicki,Mike Gesicki,TE,NE,KC,15,2023,0,0,0.0,0,0,0.0,0,1,2,7.0,0,0.7,1.7,NE,Mike Gesicki,0.7
00-0034829,M.Gesicki,Mike Gesicki,TE,NE,DEN,16,2023,0,0,0.0,0,0,0.0,0,2,2,15.0,1,7.5,9.5,NE,Mike Gesicki,7.5
00-0034829,M.Gesicki,Mike Gesicki,TE,NE,BUF,17,2023,0,0,0.0,0,0,0.0,0,4,6,35.0,0,3.5,7.5,NE,Mike Gesicki,3.5
00-0034829,M.Gesicki,Mike Gesicki,TE,NE,NYJ,18,2023,0,0,0.0,0,0,0.0,0,1,3,5.0,0,0.5,1.5,NE,Mike Gesicki,0.5
00-0034830,H.Hurst,Hayden Hurst,TE,CAR,ATL,1,2023,0,0,0.0,0,0,0.0,0,5,7,41.0,1,10.1,15.1,CAR,Hayden Hurst,10.1
00-0034830,H.Hurst,Hayden Hurst,TE,CAR,NO,2,2023,0,0,0.0,0,0,0.0,0,3,3,20.0,0,2.0,5.0,CAR,Hayden Hurst,2.0
00-0034830,H.Hurst,Hayden Hurst,TE,CAR,SEA,3,2023,0,0,0.0,0,0,0.0,0,1,3,11.0,0,1.1,2.1,CAR,Hayden Hurst,1.1
00-0034830,H.Hurst,Hayden Hurst,TE,CAR,MIN,4,2023,0,0,0.0,0,0,0.0,0,1,3,7.0,0,0.7,1.7,CAR,Hayden Hurst,0.7
00-0034830,H.Hurst,Hayden Hurst,TE,CAR,DET,5,2023,0,0,0.0,0,0,0.0,0,3,3,21.0,0,2.1,5.1,CAR,Hayden Hurst,2.1
00-0034830,H.Hurst,Hayden Hurst,TE,CAR,MIA,6,2023,0,0,0.0,0,0,0.0,0,1,3,16.0,0,1.6,2.6,CAR,Hayden Hurst,1.6
00-0034830,H.Hurst,Hayden Hurst,TE,CAR,HOU,8,2023,0,0,0.0,0,0,0.0,0,0,2,0.0,0,0.0,0.0,CAR,Hayden Hurst,0.0
00-0034830,H.Hurst,Hayden Hurst,TE,CAR,IND,9,2023,0,0,0.0,0,0,0.0,0,2,4,54.0,0,5.4,7.4,CAR,Hayden Hurst,5.4
00-0034830,H.Hurst,Hayden Hurst,TE,CAR,CHI,10,2023,0,0,0.0,0,0,0.0,0,2,4,14.0,0,1.4,3.4,CAR,Hayden Hurst,1.4
00-0034837,C.Ridley,Calvin Ridley,WR,JAX,IND,1,2023,0,0,0.0,0,0,0.0,0,8,11,101.0,1,16.1,24.1,JAX,Calvin Ridley,16.1
00-0034837,C.Ridley,Calvin Ridley,WR,JAX,KC,2,2023,0,0,0.0,0,0,0.0,0,2,8,32.0,0,3.2,5.2,JAX,Calvin Ridley,3.2
00-0034837,C.Ridley,Calvin Ridley,WR,JAX,HOU,3,2023,0,0,0.0,0,0,0.0,0,3,7,40.0,0,4.0,7.0,JAX,Calvin Ridley,4.0
00-0034837,C.Ridley,Calvin Ridley,WR,JAX,ATL,4,2023,0,0,0.0,0,0,0.0,0,2,2,38.0,1,9.8,11.8,JAX,Calvin Ridley,9.8
00-0034837,C.Ridley,Calvin Ridley,WR,JAX,BUF,5,2023,0,0,0.0,0,2,14.0,0,7,8,122.0,0,13.6,20.6,JAX,Calvin Ridley,13.6
00-0034837,C.Ridley,Calvin Ridley,WR,JAX,IND,6,2023,0,0,0.0,0,1,-4.0,0,4,8,30.0,0,2.6,6.6,JAX,Calvin Ridley,2.6
00-0034837,C.Ridley,Calvin Ridley,WR,JAX,NO,7,2023,0,0,0.0,0,1,0.0,0,1,4,5.0,0,0.5,1.5,JAX,Calvin Ridley,0.5
00-0034837,C.Ridley,Calvin Ridley,WR,JAX,PIT,8,2023,0,0,0.0,0,0,0.0,0,6,10,83.0,0,8.3,14.3,JAX,Calvin Ridley,8.3
00-0034837,C.Ridley,Calvin Ridley,WR,JAX,SF,10,2023,0,0,0.0,0,0,0.0,0,2,3,20.0,0,2.0,4.0,JAX,Calvin Ridley,2.0
00-0034837,C.Ridley,Calvin Ridley,WR,JAX,TEN,11,2023,0,0,0.0,0,1,18.0,0,7,9,103.0,2,24.1,31.1,JAX,Calvin Ridley,24.1
00-0034837,C.Ridley,Calvin Ridley,WR,JAX,HOU,12,2023,0,0,0.0,0,0,0.0,0,5,6,89.0,1,16.9,21.9,JAX,Calvin Ridley,16.9
00-0034837,C.Ridley,Calvin Ridley,WR,JAX,CIN,13,2023,0,0,0.0,0,3,7.0,0,4,8,26.0,0,3.3,7.3,JAX,Calvin Ridley,3.3
00-0034837,C.Ridley,Calvin Ridley,WR,JAX,CLE,14,2023,0,0,0.0,0,0,0.0,0,4,13,53.0,0,5.3,9.3,JAX,Calvin Ridley,5.3
00-0034837,C.Ridley,Calvin Ridley,WR,JAX,BAL,15,2023,0,0,0.0,0,0,0.0,0,5,12,39.0,0,3.9,8.9,JAX,Calvin Ridley,3.9
00-0034837,C.Ridley,Calvin Ridley,WR,JAX,TB,16,2023,0,0,0.0,0,1,-12.0,0,6,9,90.0,2,19.8,25.8,JAX,Calvin Ridley,19.8
00-0034837,C.Ridley,Calvin Ridley,WR,JAX,CAR,17,2023,0,0,0.0,0,0,0.0,0,4,8,39.0,0,3.9,7.9,JAX,Calvin Ridley,3.9
00-0034837,C.Ridley,Calvin Ridley,WR,JAX,TEN,18,2023,0,0,0.0,0,0,0.0,0,6,10,106.0,1,16.6,22.6,JAX,Calvin Ridley,16.6
00-0034838,R.Freeman,Royce Freeman,RB,LA,PIT,7,2023,0,0,0.0,0,12,66.0,0,0,0,0.0,0,6.6,6.6,LA,Royce Freeman,6.6
00-0034838,R.Freeman,Royce Freeman,RB,LA,DAL,8,2023,0,0,0.0,0,9,44.0,1,0,0,0.0,0,10.4,10.4,LA,Royce Freeman,10.4
00-0034838,R.Freeman,Royce Freeman,RB,LA,GB,9,2023,0,0,0.0,0,12,32.0,0,0,1,0.0,0,3.2,3.2,LA,Royce Freeman,3.2
00-0034838,R.Freeman,Royce Freeman,RB,LA,SEA,11,2023,0,0,0.0,0,17,73.0,0,0,0,0.0,0,7.3,7.3,LA,Royce Freeman,7.3
00-0034838,R.Freeman,Royce Freeman,RB,LA,ARI,12,2023,0,0,0.0,0,13,77.0,1,0,0,0.0,0,13.7,13.7,LA,Royce Freeman,13.7
00-0034838,R.Freeman,Royce Freeman,RB,LA,CLE,13,2023,0,0,0.0,0,1,0.0,0,0,0,0.0,0,0.0,0.0,LA,Royce Freeman,0.0
00-0034838,R.Freeman,Royce Freeman,RB,LA,BAL,14,2023,0,0,0.0,0,3,9.0,0,0,0,0.0,0,0.9,0.9,LA,Royce Freeman,0.9
00-0034838,R.Freeman,Royce Freeman,RB,LA,WAS,15,2023,0,0,0.0,0,6,16.0,0,0,0,0.0,0,1.6,1.6,LA,Royce Freeman,1.6
00-0034838,R.Freeman,Royce Freeman,RB,LA,SF,18,2023,0,0,0.0,0,4,2.0,0,1,1,13.0,0,1.5,2.5,LA,Royce Freeman,1.5
00-0034844,S.Barkley,Saquon Barkley,RB,NYG,DAL,1,2023,0,0,0.0,0,12,51.0,0,3,4,12.0,0,6.3,9.3,NYG,Saquon Barkley,6.3
00-0034844,S.Barkley,Saquon Barkley,RB,NYG,ARI,2,2023,0,0,0.0,0,17,63.0,1,6,7,29.0,1,21.2,27.2,NYG,Saquon Barkley,21.2
00-0034844,S.Barkley,Saquon Barkley,RB,NYG,BUF,6,2023,0,0,0.0,0,24,93.0,0,4,5,5.0,0,9.8,13.8,NYG,Saquon Barkley,9.8
00-0034844,S.Barkley,Saquon Barkley,RB,NYG,WAS,7,2023,0,0,0.0,0,21,77.0,0,3,4,41.0,1,15.8,18.8,NYG,Saquon Barkley,15.8
00-0034844,S.Barkley,Saquon Barkley,RB,NYG,NYJ,8,2023,0,0,0.0,0,36,128.0,0,3,5,0.0,0,12.8,15.8,NYG,Saquon Barkley,12.8
00-0034844,S.Barkley,Saquon Barkley,RB,NYG,LV,9,2023,0,0,0.0,0,16,90.0,0,3,4,23.0,0,11.3,14.3,NYG,Saquon Barkley,11.3
00-0034844,S.Barkley,Saquon Barkley,RB,NYG,DAL,10,2023,0,0,0.0,0,13,66.0,0,1,3,-5.0,0,6.1,7.1,NYG,Saquon Barkley,6.1
00-0034844,S.Barkley,Saquon Barkley,RB,NYG,WAS,11,2023,0,0,0.0,0,14,83.0,0,4,5,57.0,2,26.0,30.0,NYG,Saquon Barkley,26.0
00-0034844,S.Barkley,Saquon Barkley,RB,NYG,NE,12,2023,0,0,0.0,0,12,46.0,0,1,3,6.0,0,5.2,6.2,NYG,Saquon Barkley,5.2
00-0034844,S.Barkley,Saquon Barkley,RB,NYG,GB,14,2023,0,0,0.0,0,20,86.0,2,3,4,15.0,0,20.1,23.1,NYG,Saquon Barkley,20.1
00-0034844,S.Barkley,Saquon Barkley,RB,NYG,NO,15,2023,0,0,0.0,0,9,14.0,0,2,2,23.0,0,3.7,5.7,NYG,Saquon Barkley,3.7
00-0034844,S.Barkley,Saquon Barkley,RB,NYG,PHI,16,2023,0,0,0.0,0,23,80.0,1,3,6,4.0,0,16.4,19.4,NYG,Saquon Barkley,16.4
00-0034844,S.Barkley,Saquon Barkley,RB,NYG,LA,17,2023,0,0,0.0,0,12,39.0,0,3,6,19.0,0,5.8,8.8,NYG,Saquon Barkley,5.8
00-0034844,S.Barkley,Saquon Barkley,RB,NYG,PHI,18,2023,0,0,0.0,0,18,46.0,2,2,2,51.0,0,21.7,23.7,NYG,Saquon Barkley,21.7
00-0034854,K.Hodge,KhaDarel Hodge,WR,ATL,DET,3,2023,0,0,0.0,0,0,0.0,0,1,1,15.0,0,1.5,2.5,ATL,KhaDarel Hodge,1.5
00-0034854,K.Hodge,KhaDarel Hodge,WR,ATL,JAX,4,2023,0,0,0.0,0,0,0.0,0,2,2,19.0,0,1.9,3.9,ATL,KhaDarel Hodge,1.9
00-0034854,K.Hodge,KhaDarel Hodge,WR,ATL,HOU,5,2023,0,0,0.0,0,1,0.0,0,1,1,11.0,0,1.1,2.1,ATL,KhaDarel Hodge,1.1
00-0034854,K.Hodge,KhaDarel Hodge,WR,ATL,WAS,6,2023,0,0,0.0,0,0,0.0,0,0,1,0.0,0,0.0,0.0,ATL,KhaDarel Hodge,0.0
00-0034854,K.Hodge,KhaDarel Hodge,WR,ATL,TB,7,2023,0,0,0.0,0,0,0.0,0,1,1,19.0,0,1.9,2.9,ATL,KhaDarel Hodge,1.9
00-0034854,K.Hodge,KhaDarel Hodge,WR,ATL,TEN,8,2023,0,0,0.0,0,0,0.0,0,3,3,75.0,0,7.5,10.5,ATL,KhaDarel Hodge,7.5
00-0034854,K.Hodge,KhaDarel Hodge,WR,ATL,MIN,9,2023,0,0,0.0,0,0,0.0,0,3,6,60.0,0,6.0,9.0,ATL,KhaDarel Hodge,6.0
00-0034854,K.Hodge,KhaDarel Hodge,WR,ATL,NYJ,13,2023,0,0,0.0,0,0,0.0,0,0,1,0.0,0,0.0,0.0,ATL,KhaDarel Hodge,0.0
00-0034854,K.Hodge,KhaDarel Hodge,WR,ATL,TB,14,2023,0,0,0.0,0,0,0.0,0,1,2,18.0,0,1.8,2.8,ATL,KhaDarel Hodge,1.8
00-0034854,K.Hodge,KhaDarel Hodge,WR,ATL,CAR,15,2023,0,0,0.0,0,0,0.0,0,1,1,10.0,0,1.0,2.0,ATL,KhaDarel Hodge,1.0
00-0034854,K.Hodge,KhaDarel Hodge,WR,ATL,IND,16,2023,0,0,0.0,0,0,0.0,0,1,1,5.0,0,0.5,1.5,ATL,KhaDarel Hodge,0.5
00-0034854,K.Hodge,KhaDarel Hodge,WR,ATL,CHI,17,2023,0,0,0.0,0,0,0.0,0,0,2,0.0,0,0.0,0.0,ATL,KhaDarel Hodge,0.0
00-0034854,K.Hodge,KhaDarel Hodge,WR,ATL,NO,18,2023,0,0,0.0,0,0,0.0,0,0,1,0.0,0,0.0,0.0,ATL,KhaDarel Hodge,0.0
00-0034855,B.Mayfield,Baker Mayfield,QB,TB,MIN,1,2023,21,34,173.0,2,8,11.0,0,0,0,0.0,0,16.02,16.02,TB,Baker Mayfield,16.02
00-0034855,B.Mayfield,Baker Mayfield,QB,TB,CHI,2,2023,26,34,317.0,1,6,17.0,0,0,0,0.0,0,18.38,18.38,TB,Baker Mayfield,18.38
00-0034855,B.Mayfield,Baker Mayfield,QB,TB,PHI,3,2023,15,25,146.0,1,1,2.0,0,0,0,0.0,0,10.04,10.04,TB,Baker Mayfield,10.04
00-0034855,B.Mayfield,Baker Mayfield,QB,TB,NO,4,2023,25,32,246.0,3,8,31.0,0,0,0,0.0,0,22.94,22.94,TB,Baker Mayfield,22.94
00-0034855,B.Mayfield,Baker Mayfield,QB,TB,DET,6,2023,19,37,206.0,0,2,6.0,0,0,0,0.0,0,6.84,6.84,TB,Baker Mayfield,6.84
00-0034855,B.Mayfield,Baker Mayfield,QB,TB,ATL,7,2023,27,42,275.0,1,3,32.0,0,0,0,0.0,0,16.2,16.2,TB,Baker Mayfield,16.2
00-0034855,B.Mayfield,Baker Mayfield,QB,TB,BUF,8,2023,25,42,237.0,2,3,19.0,0,0,0,0.0,0,21.38,21.38,TB,Baker Mayfield,21.38
00-0034855,B.Mayfield,Baker Mayfield,QB,TB,HOU,9,2023,21,30,265.0,2,4,4.0,0,0,0,0.0,0,19.0,19.0,TB,Baker Mayfield,19.0
00-0034855,B.Mayfield,Baker Mayfield,QB,TB,TEN,10,2023,18,29,278.0,2,3,12.0,0,0,0,0.0,0,18.32,18.32,TB,Baker Mayfield,18.32
00-0034855,B.Mayfield,Baker Mayfield,QB,TB,SF,11,2023,29,45,246.0,1,3,5.0,0,0,0,0.0,0,10.34,10.34,TB,Baker Mayfield,10.34
00-0034855,B.Mayfield,Baker Mayfield,QB,TB,IND,12,2023,20,30,199.0,2,3,14.0,0,0,0,0.0,0,13.36,13.36,TB,Baker Mayfield,13.36
00-0034855,B.Mayfield,Baker Mayfield,QB,TB,CAR,13,2023,14,29,202.0,1,2,-2.0,0,0,0,0.0,0,9.88,9.88,TB,Baker Mayfield,9.88
00-0034855,B.Mayfield,Baker Mayfield,QB,TB,ATL,14,2023,14,29,144.0,2,3,3.0,1,0,0,0.0,0,20.06,20.06,TB,Baker Mayfield,20.06
00-0034855,B.Mayfield,Baker Mayfield,QB,TB,GB,15,2023,22,28,381.0,4,2,-2.0,0,0,0,0.0,0,29.04,29.04,TB,Baker Mayfield,29.04
00-0034855,B.Mayfield,Baker Mayfield,QB,TB,JAX,16,2023,26,35,283.0,2,5,5.0,0,0,0,0.0,0,19.82,19.82,TB,Baker Mayfield,19.82
00-0034855,B.Mayfield,Baker Mayfield,QB,TB,NO,17,2023,22,33,309.0,2,1,-1.0,0,0,0,0.0,0,16.26,16.26,TB,Baker Mayfield,16.26
00-0034855,B.Mayfield,Baker Mayfield,QB,TB,CAR,18,2023,20,32,137.0,0,5,7.0,0,0,0,0.0,0,6.18,6.18,TB,Baker Mayfield,6.18
00-0034855,B.Mayfield,Baker Mayfield,QB,TB,PHI,19,2023,22,36,337.0,3,2,16.0,0,0,0,0.0,0,27.08,27.08,TB,Baker Mayfield,27.08
00-0034855,B.Mayfield,Baker Mayfield,QB,TB,DET,20,2023,26,41,349.0,3,2,15.0,0,0,0,0.0,0,23.46,23.46,TB,Baker Mayfield,23.46
00-0034857,J.Allen,Josh Allen,QB,BUF,NYJ,1,2023,29,41,236.0,1,6,36.0,0,0,0,0.0,0,11.04,11.04,BUF,Josh Allen,11.04
00-0034857,J.Allen,Josh Allen,QB,BUF,LV,2,2023,31,37,274.0,3,3,7.0,0,0,0,0.0,0,23.66,23.66,BUF,Josh Allen,23.66
00-0034857,J.Allen,Josh Allen,QB,BUF,WAS,3,2023,20,32,218.0,1,3,46.0,1,0,0,0.0,0,21.32,21.32,BUF,Josh Allen,21.32
00-0034857,J.Allen,Josh Allen,QB,BUF,MIA,4,2023,21,25,320.0,4,4,17.0,1,0,0,0.0,0,36.5,36.5,BUF,Josh Allen,36.5
00-0034857,J.Allen,Josh Allen,QB,BUF,JAX,5,2023,27,40,359.0,2,4,14.0,1,0,0,0.0,0,27.76,27.76,BUF,Josh Allen,27.76
00-0034857,J.Allen,Josh Allen,QB,BUF,NYG,6,2023,19,30,169.0,2,2,11.0,0,0,0,0.0,0,13.86,13.86,BUF,Josh Allen,13.86
00-0034857,J.Allen,Josh Allen,QB,BUF,NE,7,2023,27,41,265.0,2,7,17.0,1,0,0,0.0,0,24.3,24.3,BUF,Josh Allen,24.3
00-0034857,J.Allen,Josh Allen,QB,BUF,TB,8,2023,31,40,324.0,2,7,41.0,1,0,0,0.0,0,29.06,29.06,BUF,Josh Allen,29.06
00-0034857,J.Allen,Josh Allen,QB,BUF,CIN,9,2023,26,38,258.0,1,8,44.0,1,0,0,0.0,0,24.72,24.72,BUF,Josh Allen,24.72
00-0034857,J.Allen,Josh Allen,QB,BUF,DEN,10,2023,15,26,177.0,1,4,13.0,1,0,0,0.0,0,14.38,14.38,BUF,Josh Allen,14.38
00-0034857,J.Allen,Josh Allen,QB,BUF,NYJ,11,2023,20,32,275.0,3,5,15.0,0,0,0,0.0,0,22.5,22.5,BUF,Josh Allen,22.5
00-0034857,J.Allen,Josh Allen,QB,BUF,PHI,12,2023,29,51,339.0,2,9,81.0,2,0,0,0.0,0,39.66,39.66,BUF,Josh Allen,39.66
00-0034857,J.Allen,Josh Allen,QB,BUF,KC,14,2023,23,42,233.0,1,10,32.0,1,0,0,0.0,0,20.52,20.52,BUF,Josh Allen,20.52
00-0034857,J.Allen,Josh Allen,QB,BUF,DAL,15,2023,7,15,94.0,1,8,24.0,1,0,0,0.0,0,16.16,16.16,BUF,Josh Allen,16.16
00-0034857,J.Allen,Josh Allen,QB,BUF,LAC,16,2023,15,21,237.0,1,5,15.0,2,0,0,0.0,0,24.98,24.98,BUF,Josh Allen,24.98
00-0034857,J.Allen,Josh Allen,QB,BUF,NE,17,2023,15,30,169.0,0,11,44.0,2,0,0,0.0,0,21.16,21.16,BUF,Josh Allen,21.16
00-0034857,J.Allen,Josh Allen,QB,BUF,MIA,18,2023,30,38,359.0,2,15,67.0,0,0,0,0.0,0,23.06,23.06,BUF,Josh Allen,23.06
00-0034857,J.Allen,Josh Allen,QB,BUF,PIT,19,2023,21,30,203.0,3,8,74.0,1,0,0,0.0,0,33.52,33.52,BUF,Josh Allen,33.52
00-0034857,J.Allen,Josh Allen,QB,BUF,KC,20,2023,26,39,186.0,1,12,72.0,2,0,0,0.0,0,30.64,30.64,BUF,Josh Allen,30.64
00-0034869,S.Darnold,Sam Darnold,QB,SF,PIT,1,2023,0,0,0.0,0,2,-2.0,0,0,0,0.0,0,-0.2,-0.2,SF,Sam Darnold,-0.2
00-0034869,S.Darnold,Sam Darnold,QB,SF,NYG,3,2023,0,0,0.0,0,1,-1.0,0,0,0,0.0,0,-0.1,-0.1,SF,Sam Darnold,-0.1
00-0034869,S.Darnold,Sam Darnold,QB,SF,ARI,4,2023,0,0,0.0,0,1,-1.0,0,0,0,0.0,0,-0.1,-0.1,SF,Sam Darnold,-0.1
00-0034869,S.Darnold,Sam Darnold,QB,SF,DAL,5,2023,1,1,1.0,0,1,-1.0,0,0,0,0.0,0,-0.06,-0.06,SF,Sam Darnold,-0.06
00-0034869,S.Darnold,Sam Darnold,QB,SF,JAX,10,2023,1,2,6.0,0,3,-3.0,0,0,0,0.0,0,-0.06,-0.06,SF,Sam Darnold,-0.06
00-0034869,S.Darnold,Sam Darnold,QB,SF,PHI,13,2023,0,0,0.0,0,1,-1.0,0,0,0,0.0,0,-0.1,-0.1,SF,Sam Darnold,-0.1
00-0034869,S.Darnold,Sam Darnold,QB,SF,ARI,15,2023,2,3,20.0,0,2,-2.0,0,0,0,0.0,0,0.6,0.6,SF,Sam Darnold,0.6
00-0034869,S.Darnold,Sam Darnold,QB,SF,BAL,16,2023,8,14,81.0,1,1,9.0,0,0,0,0.0,0,6.14,6.14,SF,Sam Darnold,6.14
00-0034869,S.Darnold,Sam Darnold,QB,SF,WAS,17,2023,0,0,0.0,0,2,-2.0,0,0,0,0.0,0,-0.2,-0.2,SF,Sam Darnold,-0.2
00-0034869,S.Darnold,Sam Darnold,QB,SF,LA,18,2023,16,26,189.0,1,7,19.0,1,0,0,0.0,0,17.46,17.46,SF,Sam Darnold,17.46
00-0034928,S.Sims,Steven Sims,WR,HOU,ARI,11,2023,0,0,0.0,0,0,0.0,0,2,2,25.0,0,2.5,4.5,HOU,Steven Sims,2.5
00-0034928,S.Sims,Steven Sims,WR,HOU,TEN,15,2023,0,0,0.0,0,1,1.0,0,1,1,0.0,0,0.1,1.1,HOU,Steven Sims,0.1
00-0034928,S.Sims,Steven Sims,WR,HOU,HOU,20,2023,0,0,0.0,0,0,0.0,0,0,0,0.0,0,6.0,6.0,HOU,Steven Sims,6.0
00-0034955,B.Rypien,Brett Rypien,QB,LA,DAL,8,2023,5,10,42.0,0,0,0.0,0,0,0,0.0,0,1.68,1.68,LA,Brett Rypien,1.68
00-0034955,B.Rypien,Brett Rypien,QB,LA,GB,9,2023,13,28,130.0,0,3,19.0,0,0,0,0.0,0,5.1,5.1,LA,Brett Rypien,5.1
00-0034959,A.Beck,Andrew Beck,FB,HOU,IND,2,2023,0,0,0.0,0,2,2.0,0,0,0,0.0,0,0.2,0.2,HOU,Andrew Beck,0.2
00-0034959,A.Beck,Andrew Beck,FB,HOU,JAX,3,2023,0,0,0.0,0,0,0.0,0,0,0,0.0,0,6.0,6.0,HOU,Andrew Beck,6.0
00-0034959,A.Beck,Andrew Beck,FB,HOU,PIT,4,2023,0,0,0.0,0,0,0.0,0,0,1,0.0,0,0.0,0.0,HOU,Andrew Beck,0.0
00-0034959,A.Beck,Andrew Beck,FB,HOU,CAR,8,2023,0,0,0.0,0,2,1.0,1,1,1,8.0,0,4.9,5.9,HOU,Andrew Beck,4.9
00-0034959,A.Beck,Andrew Beck,FB,HOU,TB,9,2023,0,0,0.0,0,0,0.0,0,2,2,5.0,0,0.5,2.5,HOU,Andrew Beck,0.5
00-0034959,A.Beck,Andrew Beck,FB,HOU,ARI,11,2023,0,0,0.0,0,1,0.0,0,0,0,0.0,0,0.0,0.0,HOU,Andrew Beck,0.0
00-0034959,A.Beck,Andrew Beck,FB,HOU,JAX,12,2023,0,0,0.0,0,0,0.0,0,1,1,1.0,0,0.1,1.1,HOU,Andrew Beck,0.1
00-0034959,A.Beck,Andrew Beck,FB,HOU,DEN,13,2023,0,0,0.0,0,0,0.0,0,1,2,5.0,0,0.5,1.5,HOU,Andrew Beck,0.5
00-0034959,A.Beck,Andrew Beck,FB,HOU,NYJ,14,2023,0,0,0.0,0,0,0.0,0,1,1,26.0,0,2.6,3.6,HOU,Andrew Beck,2.6
00-0034959,A.Beck,Andrew Beck,FB,HOU,TEN,15,2023,0,0,0.0,0,0,0.0,0,1,1,-5.0,0,-0.5,0.5,HOU,Andrew Beck,-0.5
00-0034959,A.Beck,Andrew Beck,FB,HOU,CLE,16,2023,0,0,0.0,0,0,0.0,0,2,2,6.0,1,6.6,8.6,HOU,Andrew Beck,6.6
00-0034959,A.Beck,Andrew Beck,FB,HOU,IND,18,2023,0,0,0.0,0,0,0.0,0,2,2,9.0,1,6.9,8.9,HOU,Andrew Beck,6.9
00-0034959,A.Beck,Andrew Beck,FB,HOU,CLE,19,2023,0,0,0.0,0,0,0.0,0,0,1,0.0,0,0.0,0.0,HOU,Andrew Beck,0.0
00-0034960,J.Meyers,Jakobi Meyers,WR,LV,DEN,1,2023,0,0,0.0,0,0,0.0,0,9,10,81.0,2,20.1,29.1,LV,Jakobi Meyers,20.1
00-0034960,J.Meyers,Jakobi Meyers,WR,LV,PIT,3,2023,0,0,0.0,0,0,0.0,0,7,12,85.0,0,8.5,15.5,LV,Jakobi Meyers,8.5
00-0034960,J.Meyers,Jakobi Meyers,WR,LV,LAC,4,2023,0,0,0.0,0,0,0.0,0,2,4,33.0,0,3.3,5.3,LV,Jakobi Meyers,3.3
00-0034960,J.Meyers,Jakobi Meyers,WR,LV,GB,5,2023,0,0,0.0,0,1,0.0,0,7,10,75.0,1,13.5,20.5,LV,Jakobi Meyers,13.5
00-0034960,J.Meyers,Jakobi Meyers,WR,LV,NE,6,2023,0,0,0.0,0,0,0.0,0,5,7,61.0,1,12.1,17.1,LV,Jakobi Meyers,12.1
00-0034960,J.Meyers,Jakobi Meyers,WR,LV,CHI,7,2023,0,0,0.0,0,0,0.0,0,7,13,50.0,1,11.0,18.0,LV,Jakobi Meyers,11.0
00-0034960,J.Meyers,Jakobi Meyers,WR,LV,DET,8,2023,0,0,0.0,0,0,0.0,0,1,1,19.0,0,1.9,2.9,LV,Jakobi Meyers,1.9
00-0034960,J.Meyers,Jakobi Meyers,WR,LV,NYG,9,2023,0,0,0.0,0,1,17.0,1,2,5,38.0,0,11.5,13.5,LV,Jakobi Meyers,11.5
00-0034960,J.Meyers,Jakobi Meyers,WR,LV,NYJ,10,2023,0,0,0.0,0,0,0.0,0,2,2,21.0,0,2.1,4.1,LV,Jakobi Meyers,2.1
00-0034960,J.Meyers,Jakobi Meyers,WR,LV,MIA,11,2023,0,0,0.0,0,0,0.0,0,4,5,49.0,0,4.9,8.9,LV,Jakobi Meyers,4.9
00-0034960,J.Meyers,Jakobi Meyers,WR,LV,KC,12,2023,0,1,0.0,0,1,2.0,0,6,7,79.0,1,14.1,20.1,LV,Jakobi Meyers,14.1
00-0034960,J.Meyers,Jakobi Meyers,WR,LV,MIN,14,2023,0,0,0.0,0,0,0.0,0,5,6,25.0,0,2.5,7.5,LV,Jakobi Meyers,2.5
00-0034960,J.Meyers,Jakobi Meyers,WR,LV,LAC,15,2023,2,2,12.0,1,0,0.0,0,2,4,32.0,1,13.68,15.68,LV,Jakobi Meyers,13.68
00-0034960,J.Meyers,Jakobi Meyers,WR,LV,KC,16,2023,0,0,0.0,0,0,0.0,0,3,5,42.0,0,4.2,7.2,LV,Jakobi Meyers,4.2
00-0034960,J.Meyers,Jakobi Meyers,WR,LV,IND,17,2023,0,0,0.0,0,0,0.0,0,6,10,56.0,0,5.6,11.6,LV,Jakobi Meyers,5.6
00-0034960,J.Meyers,Jakobi Meyers,WR,LV,DEN,18,2023,0,0,0.0,0,1,5.0,1,3,5,61.0,1,18.6,21.6,LV,Jakobi Meyers,18.6
00-0034970,I.Smith,Irv Smith,TE,CIN,CLE,1,2023,0,0,0.0,0,0,0.0,0,3,5,17.0,0,1.7,4.7,CIN,Irv Smith,1.7
00-0034970,I.Smith,Irv Smith,TE,CIN,BAL,2,2023,0,0,0.0,0,0,0.0,0,2,4,10.0,0,1.0,3.0,CIN,Irv Smith,1.0
00-0034970,I.Smith,Irv Smith,TE,CIN,SEA,6,2023,0,0,0.0,0,0,0.0,0,1,2,5.0,0,0.5,1.5,CIN,Irv Smith,0.5
00-0034970,I.Smith,Irv Smith,TE,CIN,SF,8,2023,0,0,0.0,0,0,0.0,0,4,4,25.0,0,0.5,4.5,CIN,Irv Smith,0.5
00-0034970,I.Smith,Irv Smith,TE,CIN,BUF,9,2023,0,0,0.0,0,0,0.0,0,3,4,26.0,1,8.6,11.6,CIN,Irv Smith,8.6
00-0034970,I.Smith,Irv Smith,TE,CIN,HOU,10,2023,0,0,0.0,0,0,0.0,0,1,1,6.0,0,0.6,1.6,CIN,Irv Smith,0.6
00-0034970,I.Smith,Irv Smith,TE,CIN,BAL,11,2023,0,0,0.0,0,0,0.0,0,0,1,0.0,0,0.0,0.0,CIN,Irv Smith,0.0
00-0034970,I.Smith,Irv Smith,TE,CIN,PIT,12,2023,0,0,0.0,0,0,0.0,0,2,2,8.0,0,0.8,2.8,CIN,Irv Smith,0.8
00-0034970,I.Smith,Irv Smith,TE,CIN,MIN,15,2023,0,0,0.0,0,0,0.0,0,2,3,18.0,0,1.8,3.8,CIN,Irv Smith,1.8
00-0034972,A.Mattison,Alexander Mattison,RB,MIN,TB,1,2023,0,0,0.0,0,11,34.0,0,3,4,10.0,1,10.4,13.4,MIN,Alexander Mattison,10.4
00-0034972,A.Mattison,Alexander Mattison,RB,MIN,PHI,2,2023,0,0,0.0,0,8,28.0,0,3,6,11.0,0,1.9,4.9,MIN,Alexander Mattison,1.9
00-0034972,A.Mattison,Alexander Mattison,RB,MIN,LAC,3,2023,0,0,0.0,0,20,93.0,0,5,7,32.0,0,12.5,17.5,MIN,Alexander Mattison,12.5
00-0034972,A.Mattison,Alexander Mattison,RB,MIN,CAR,4,2023,0,0,0.0,0,17,95.0,0,1,1,3.0,0,9.8,10.8,MIN,Alexander Mattison,9.8
00-0034972,A.Mattison,Alexander Mattison,RB,MIN,KC,5,2023,0,0,0.0,0,8,26.0,0,2,3,20.0,1,10.6,12.6,MIN,Alexander Mattison,10.6
00-0034972,A.Mattison,Alexander Mattison,RB,MIN,CHI,6,2023,0,0,0.0,0,18,44.0,0,4,7,28.0,0,7.2,11.2,MIN,Alexander Mattison,7.2
00-0034972,A.Mattison,Alexander Mattison,RB,MIN,SF,7,2023,0,0,0.0,0,8,39.0,0,2,3,3.0,0,4.2,6.2,MIN,Alexander Mattison,4.2
00-0034972,A.Mattison,Alexander Mattison,RB,MIN,GB,8,2023,0,0,0.0,0,16,31.0,0,1,1,2.0,0,3.3,4.3,MIN,Alexander Mattison,3.3
00-0034972,A.Mattison,Alexander Mattison,RB,MIN,ATL,9,2023,0,0,0.0,0,16,44.0,0,2,2,49.0,1,15.3,17.3,MIN,Alexander Mattison,15.3
00-0034972,A.Mattison,Alexander Mattison,RB,MIN,NO,10,2023,0,0,0.0,0,8,27.0,0,1,2,6.0,0,3.3,4.3,MIN,Alexander Mattison,3.3
00-0034972,A.Mattison,Alexander Mattison,RB,MIN,DEN,11,2023,0,0,0.0,0,18,81.0,0,1,2,-1.0,0,6.0,7.0,MIN,Alexander Mattison,6.0
00-0034972,A.Mattison,Alexander Mattison,RB,MIN,CHI,12,2023,0,0,0.0,0,10,52.0,0,2,2,11.0,0,6.3,8.3,MIN,Alexander Mattison,6.3
00-0034972,A.Mattison,Alexander Mattison,RB,MIN,LV,14,2023,0,0,0.0,0,10,66.0,0,0,1,0.0,0,6.6,6.6,MIN,Alexander Mattison,6.6
00-0034972,A.Mattison,Alexander Mattison,RB,MIN,DET,16,2023,0,0,0.0,0,2,-1.0,0,0,0,0.0,0,-0.1,-0.1,MIN,Alexander Mattison,-0.1
00-0034972,A.Mattison,Alexander Mattison,RB,MIN,GB,17,2023,0,0,0.0,0,3,17.0,0,2,2,13.0,0,3.0,5.0,MIN,Alexander Mattison,3.0
00-0034972,A.Mattison,Alexander Mattison,RB,MIN,DET,18,2023,0,0,0.0,0,7,24.0,0,1,1,5.0,0,2.9,3.9,MIN,Alexander Mattison,2.9
00-0034975,J.Hill,Justice Hill,RB,BAL,HOU,1,2023,0,0,0.0,0,8,9.0,2,0,0,0.0,0,12.9,12.9,BAL,Justice Hill,12.9
00-0034975,J.Hill,Justice Hill,RB,BAL,CIN,2,2023,0,0,0.0,0,11,41.0,0,3,3,12.0,0,5.3,8.3,BAL,Justice Hill,5.3
00-0034975,J.Hill,Justice Hill,RB,BAL,CLE,4,2023,0,0,0.0,0,3,33.0,0,0,0,0.0,0,3.3,3.3,BAL,Justice Hill,3.3
00-0034975,J.Hill,Justice Hill,RB,BAL,PIT,5,2023,0,0,0.0,0,7,32.0,1,4,4,13.0,0,8.5,12.5,BAL,Justice Hill,8.5
00-0034975,J.Hill,Justice Hill,RB,BAL,TEN,6,2023,0,0,0.0,0,8,35.0,0,3,3,0.0,0,3.5,6.5,BAL,Justice Hill,3.5
00-0034975,J.Hill,Justice Hill,RB,BAL,DET,7,2023,0,0,0.0,0,4,46.0,0,1,1,2.0,0,4.8,5.8,BAL,Justice Hill,4.8
00-0034975,J.Hill,Justice Hill,RB,BAL,ARI,8,2023,0,0,0.0,0,4,15.0,0,4,4,40.0,0,5.5,9.5,BAL,Justice Hill,5.5
00-0034975,J.Hill,Justice Hill,RB,BAL,SEA,9,2023,0,0,0.0,0,13,40.0,0,0,1,0.0,0,4.0,4.0,BAL,Justice Hill,4.0
00-0034975,J.Hill,Justice Hill,RB,BAL,CLE,10,2023,0,0,0.0,0,2,7.0,0,0,0,0.0,0,0.7,0.7,BAL,Justice Hill,0.7
00-0034975,J.Hill,Justice Hill,RB,BAL,CIN,11,2023,0,0,0.0,0,1,1.0,0,1,1,6.0,0,0.7,1.7,BAL,Justice Hill,0.7
00-0034975,J.Hill,Justice Hill,RB,BAL,LAC,12,2023,0,0,0.0,0,5,31.0,0,0,1,0.0,0,3.1,3.1,BAL,Justice Hill,3.1
00-0034975,J.Hill,Justice Hill,RB,BAL,LA,14,2023,0,0,0.0,0,0,0.0,0,1,2,12.0,0,1.2,2.2,BAL,Justice Hill,1.2
00-0034975,J.Hill,Justice Hill,RB,BAL,JAX,15,2023,0,0,0.0,0,5,23.0,0,0,1,0.0,0,2.3,2.3,BAL,Justice Hill,2.3
00-0034975,J.Hill,Justice Hill,RB,BAL,SF,16,2023,0,0,0.0,0,10,26.0,0,3,3,31.0,0,5.7,8.7,BAL,Justice Hill,5.7
00-0034975,J.Hill,Justice Hill,RB,BAL,MIA,17,2023,0,0,0.0,0,3,48.0,0,5,5,64.0,1,17.2,22.2,BAL,Justice Hill,17.2
00-0034975,J.Hill,Justice Hill,RB,BAL,PIT,18,2023,0,0,0.0,0,0,0.0,0,3,10,26.0,0,2.6,5.6,BAL,Justice Hill,2.6
00-0034975,J.Hill,Justice Hill,RB,BAL,HOU,20,2023,0,0,0.0,0,13,66.0,0,2,2,11.0,0,7.7,9.7,BAL,Justice Hill,7.7
00-0034975,J.Hill,Justice Hill,RB,BAL,KC,21,2023,0,0,0.0,0,3,3.0,0,4,7,34.0,0,3.7,7.7,BAL,Justice Hill,3.7
00-0034981,F.Moreau,Foster Moreau,TE,NO,CAR,2,2023,0,0,0.0,0,0,0.0,0,2,2,20.0,0,2.0,4.0,NO,Foster Moreau,2.0
00-0034981,F.Moreau,Foster Moreau,TE,NO,NE,5,2023,0,0,0.0,0,0,0.0,0,1,1,6.0,1,6.6,7.6,NO,Foster Moreau,6.6
00-0034981,F.Moreau,Foster Moreau,TE,NO,HOU,6,2023,0,0,0.0,0,0,0.0,0,4,4,33.0,0,3.3,7.3,NO,Foster Moreau,3.3
00-0034981,F.Moreau,Foster Moreau,TE,NO,JAX,7,2023,0,0,0.0,0,0,0.0,0,3,4,33.0,0,3.3,6.3,NO,Foster Moreau,3.3
00-0034981,F.Moreau,Foster Moreau,TE,NO,CHI,9,2023,0,0,0.0,0,0,0.0,0,1,1,23.0,0,2.3,3.3,NO,Foster Moreau,2.3
00-0034981,F.Moreau,Foster Moreau,TE,NO,DET,13,2023,0,0,0.0,0,0,0.0,0,2,2,28.0,0,2.8,4.8,NO,Foster Moreau,2.8
00-0034981,F.Moreau,Foster Moreau,TE,NO,CAR,14,2023,0,0,0.0,0,0,0.0,0,2,2,8.0,0,0.8,2.8,NO,Foster Moreau,0.8
00-0034981,F.Moreau,Foster Moreau,TE,NO,NYG,15,2023,0,0,0.0,0,0,0.0,0,3,5,13.0,0,1.3,4.3,NO,Foster Moreau,1.3
00-0034981,F.Moreau,Foster Moreau,TE,NO,LA,16,2023,0,0,0.0,0,0,0.0,0,1,2,13.0,0,1.3,2.3,NO,Foster Moreau,1.3
00-0034981,F.Moreau,Foster Moreau,TE,NO,TB,17,2023,0,0,0.0,0,0,0.0,0,1,1,13.0,0,1.3,2.3,NO,Foster Moreau,1.3
00-0034981,F.Moreau,Foster Moreau,TE,NO,ATL,18,2023,0,0,0.0,0,0,0.0,0,1,1,3.0,0,0.3,1.3,NO,Foster Moreau,0.3
00-0034983,H.Renfrow,Hunter Renfrow,WR,LV,BUF,2,2023,0,0,0.0,0,0,0.0,0,1,1,23.0,0,2.3,3.3,LV,Hunter Renfrow,2.3
00-0034983,H.Renfrow,Hunter Renfrow,WR,LV,PIT,3,2023,0,0,0.0,0,0,0.0,0,2,2,17.0,0,1.7,3.7,LV,Hunter Renfrow,1.7
00-0034983,H.Renfrow,Hunter Renfrow,WR,LV,LAC,4,2023,0,0,0.0,0,0,0.0,0,2,4,12.0,0,1.2,3.2,LV,Hunter Renfrow,1.2
00-0034983,H.Renfrow,Hunter Renfrow,WR,LV,GB,5,2023,0,0,0.0,0,0,0.0,0,1,2,7.0,0,0.7,1.7,LV,Hunter Renfrow,0.7
00-0034983,H.Renfrow,Hunter Renfrow,WR,LV,CHI,7,2023,0,0,0.0,0,0,0.0,0,2,3,14.0,0,1.4,3.4,LV,Hunter Renfrow,1.4
00-0034983,H.Renfrow,Hunter Renfrow,WR,LV,DET,8,2023,0,0,0.0,0,0,0.0,0,2,4,19.0,0,1.9,3.9,LV,Hunter Renfrow,1.9
00-0034983,H.Renfrow,Hunter Renfrow,WR,LV,NYG,9,2023,0,0,0.0,0,0,0.0,0,2,3,32.0,0,3.2,5.2,LV,Hunter Renfrow,3.2
00-0034983,H.Renfrow,Hunter Renfrow,WR,LV,NYJ,10,2023,0,0,0.0,0,0,0.0,0,1,1,5.0,0,0.5,1.5,LV,Hunter Renfrow,0.5
00-0034983,H.Renfrow,Hunter Renfrow,WR,LV,MIA,11,2023,0,0,0.0,0,0,0.0,0,5,5,42.0,0,4.2,9.2,LV,Hunter Renfrow,4.2
00-0034983,H.Renfrow,Hunter Renfrow,WR,LV,KC,12,2023,0,0,0.0,0,0,0.0,0,4,4,38.0,0,3.8,7.8,LV,Hunter Renfrow,3.8
00-0034983,H.Renfrow,Hunter Renfrow,WR,LV,MIN,14,2023,0,0,0.0,0,0,0.0,0,3,5,46.0,0,2.6,5.6,LV,Hunter Renfrow,2.6
00-0034983,H.Renfrow,Hunter Renfrow,WR,LV,LAC,15,2023,0,0,0.0,0,0,0.0,0,0,2,0.0,0,0.0,0.0,LV,Hunter Renfrow,0.0
00-0034983,H.Renfrow,Hunter Renfrow,WR,LV,KC,16,2023,0,0,0.0,0,0,0.0,0,0,1,0.0,0,0.0,0.0,LV,Hunter Renfrow,0.0
00-0035045,D.Montgomery,D.J. Montgomery,WR,IND,PIT,15,2023,0,0,0.0,0,0,0.0,0,2,4,48.0,1,10.8,12.8,IND,D.J. Montgomery,10.8
00-0035045,D.Montgomery,D.J. Montgomery,WR,IND,ATL,16,2023,0,0,0.0,0,0,0.0,0,1,4,8.0,0,0.8,1.8,IND,D.J. Montgomery,0.8
00-0035099,K.Blasingame,Khari Blasingame,FB,CHI,GB,1,2023,0,0,0.0,0,0,0.0,0,0,1,0.0,0,0.0,0.0,CHI,Khari Blasingame,0.0
00-0035099,K.Blasingame,Khari Blasingame,FB,CHI,WAS,5,2023,0,0,0.0,0,8,26.0,0,0,0,0.0,0,2.6,2.6,CHI,Khari Blasingame,2.6
00-0035099,K.Blasingame,Khari Blasingame,FB,CHI,MIN,6,2023,0,0,0.0,0,0,0.0,0,1,1,1.0,0,0.1,1.1,CHI,Khari Blasingame,0.1
00-0035099,K.Blasingame,Khari Blasingame,FB,CHI,LV,7,2023,0,0,0.0,0,0,0.0,0,1,1,4.0,0,0.4,1.4,CHI,Khari Blasingame,0.4
00-0035099,K.Blasingame,Khari Blasingame,FB,CHI,LAC,8,2023,0,0,0.0,0,0,0.0,0,0,1,0.0,0,0.0,0.0,CHI,Khari Blasingame,0.0
00-0035099,K.Blasingame,Khari Blasingame,FB,CHI,DET,14,2023,0,0,0.0,0,0,0.0,0,1,1,-3.0,0,-0.3,0.7,CHI,Khari Blasingame,-0.3
00-0035099,K.Blasingame,Khari Blasingame,FB,CHI,ATL,17,2023,0,0,0.0,0,0,0.0,0,0,1,0.0,0,0.0,0.0,CHI,Khari Blasingame,0.0
00-0035100,J.Browning,Jake Browning,QB,CIN,CLE,1,2023,0,1,0.0,0,1,-1.0,0,0,0,0.0,0,-0.1,-0.1,CIN,Jake Browning,-0.1
00-0035100,J.Browning,Jake Browning,QB,CIN,BAL,11,2023,8,14,68.0,1,4,40.0,0,0,0,0.0,0,10.72,10.72,CIN,Jake Browning,10.72
00-0035100,J.Browning,Jake Browning,QB,CIN,PIT,12,2023,19,26,227.0,1,3,9.0,0,0,0,0.0,0,11.98,11.98,CIN,Jake Browning,11.98
00-0035100,J.Browning,Jake Browning,QB,CIN,JAX,13,2023,32,37,354.0,1,2,22.0,1,1,1,-7.0,0,25.66,26.66,CIN,Jake Browning,25.66
00-0035100,J.Browning,Jake Browning,QB,CIN,IND,14,2023,18,24,275.0,2,3,7.0,1,0,0,0.0,0,23.7,23.7,CIN,Jake Browning,23.7
00-0035100,J.Browning,Jake Browning,QB,CIN,MIN,15,2023,29,42,324.0,2,4,0.0,0,0,0,0.0,0,18.96,18.96,CIN,Jake Browning,18.96
00-0035100,J.Browning,Jake Browning,QB,CIN,PIT,16,2023,28,42,335.0,1,1,0.0,0,0,0,0.0,0,13.4,13.4,CIN,Jake Browning,13.4
00-0035100,J.Browning,Jake Browning,QB,CIN,KC,17,2023,19,33,197.0,1,7,32.0,1,0,0,0.0,0,21.08,21.08,CIN,Jake Browning,21.08
00-0035100,J.Browning,Jake Browning,QB,CIN,CLE,18,2023,18,24,156.0,3,2,18.0,0,0,0,0.0,0,18.04,18.04,CIN,Jake Browning,18.04
00-0035120,K.Doss,Keelan Doss,WR,LAC,DEN,17,2023,0,0,0.0,0,0,0.0,0,5,8,25.0,0,2.5,7.5,LAC,Keelan Doss,2.5
00-0035120,K.Doss,Keelan Doss,WR,LAC,KC,18,2023,0,0,0.0,0,0,0.0,0,1,5,8.0,0,0.8,1.8,LAC,Keelan Doss,0.8
00-0035125,A.Ingold,Alec Ingold,FB,MIA,LAC,1,2023,0,0,0.0,0,0,0.0,0,2,2,34.0,0,3.4,5.4,MIA,Alec Ingold,3.4
00-0035125,A.Ingold,Alec Ingold,FB,MIA,DEN,3,2023,0,0,0.0,0,2,0.0,0,0,0,0.0,0,0.0,0.0,MIA,Alec Ingold,0.0
00-0035125,A.Ingold,Alec Ingold,FB,MIA,BUF,4,2023,0,0,0.0,0,0,0.0,0,1,1,23.0,0,2.3,3.3,MIA,Alec Ingold,2.3
00-0035125,A.Ingold,Alec Ingold,FB,MIA,NE,8,2023,0,0,0.0,0,0,0.0,0,1,2,5.0,0,0.5,1.5,MIA,Alec Ingold,0.5
00-0035125,A.Ingold,Alec Ingold,FB,MIA,KC,9,2023,0,0,0.0,0,0,0.0,0,1,1,1.0,0,0.1,1.1,MIA,Alec Ingold,0.1
00-0035125,A.Ingold,Alec Ingold,FB,MIA,LV,11,2023,0,0,0.0,0,0,0.0,0,3,4,16.0,0,1.6,4.6,MIA,Alec Ingold,1.6
00-0035125,A.Ingold,Alec Ingold,FB,MIA,WAS,13,2023,0,0,0.0,0,0,0.0,0,1,1,-3.0,0,-0.3,0.7,MIA,Alec Ingold,-0.3
00-0035125,A.Ingold,Alec Ingold,FB,MIA,TEN,14,2023,0,0,0.0,0,0,0.0,0,1,1,13.0,0,1.3,2.3,MIA,Alec Ingold,1.3
00-0035125,A.Ingold,Alec Ingold,FB,MIA,DAL,16,2023,0,0,0.0,0,0,0.0,0,2,2,12.0,0,1.2,3.2,MIA,Alec Ingold,1.2
00-0035125,A.Ingold,Alec Ingold,FB,MIA,BAL,17,2023,0,0,0.0,0,0,0.0,0,1,2,18.0,0,1.8,2.8,MIA,Alec Ingold,1.8
00-0035133,K.Nixon,Keisean Nixon,CB,GB,NO,3,2023,0,0,0.0,0,1,11.0,0,0,0,0.0,0,1.1,1.1,GB,Keisean Nixon,1.1
00-0035140,M.Hardman,Mecole Hardman,WR,NYJ,DAL,2,2023,0,0,0.0,0,0,0.0,0,1,1,6.0,0,0.6,1.6,NYJ,Mecole Hardman,0.6
00-0035140,M.Hardman,Mecole Hardman,WR,NYJ,PHI,6,2023,0,0,0.0,0,0,0.0,0,0,2,0.0,0,0.0,0.0,NYJ,Mecole Hardman,0.0
00-0035140,M.Hardman,Mecole Hardman,WR,KC,LAC,7,2023,0,0,0.0,0,0,0.0,0,1,3,6.0,0,0.6,1.6,KC,Mecole Hardman,0.6
00-0035140,M.Hardman,Mecole Hardman,WR,KC,DEN,8,2023,0,0,0.0,0,1,3.0,0,2,2,13.0,0,1.6,3.6,KC,Mecole Hardman,1.6
00-0035140,M.Hardman,Mecole Hardman,WR,KC,MIA,9,2023,0,0,0.0,0,0,0.0,0,3,3,10.0,0,1.0,4.0,KC,Mecole Hardman,1.0
00-0035140,M.Hardman,Mecole Hardman,WR,KC,PHI,11,2023,0,0,0.0,0,0,0.0,0,2,2,12.0,0,1.2,3.2,KC,Mecole Hardman,1.2
00-0035140,M.Hardman,Mecole Hardman,WR,KC,LAC,18,2023,0,0,0.0,0,0,0.0,0,6,11,77.0,0,7.7,13.7,KC,Mecole Hardman,7.7
00-0035140,M.Hardman,Mecole Hardman,WR,KC,MIA,19,2023,0,0,0.0,0,1,-4.0,0,1,3,3.0,0,-0.1,0.9,KC,Mecole Hardman,-0.1
00-0035140,M.Hardman,Mecole Hardman,WR,KC,BUF,20,2023,0,0,0.0,0,1,-1.0,0,1,1,2.0,0,0.1,1.1,KC,Mecole Hardman,0.1
00-0035140,M.Hardman,Mecole Hardman,WR,KC,SF,22,2023,0,0,0.0,0,0,0.0,0,3,3,57.0,1,11.7,14.7,KC,Mecole Hardman,11.7
00-0035164,C.Thompson,Cody Thompson,WR,SEA,NYG,4,2023,0,0,0.0,0,0,0.0,0,1,1,10.0,0,1.0,2.0,SEA,Cody Thompson,1.0
00-0035184,D.Ozigbo,Devine Ozigbo,RB,DET,TB,6,2023,0,0,0.0,0,3,5.0,0,1,1,8.0,0,1.3,2.3,DET,Devine Ozigbo,1.3
00-0035208,O.Zaccheaus,Olamide Zaccheaus,WR,PHI,TB,3,2023,0,0,0.0,0,0,0.0,0,2,3,58.0,1,11.8,13.8,PHI,Olamide Zaccheaus,11.8
00-0035208,O.Zaccheaus,Olamide Zaccheaus,WR,PHI,WAS,4,2023,0,0,0.0,0,0,0.0,0,1,2,11.0,0,1.1,2.1,PHI,Olamide Zaccheaus,1.1
00-0035208,O.Zaccheaus,Olamide Zaccheaus,WR,PHI,NYJ,6,2023,0,0,0.0,0,0,0.0,0,1,2,5.0,0,0.5,1.5,PHI,Olamide Zaccheaus,0.5
00-0035208,O.Zaccheaus,Olamide Zaccheaus,WR,PHI,MIA,7,2023,0,0,0.0,0,0,0.0,0,0,1,0.0,0,0.0,0.0,PHI,Olamide Zaccheaus,0.0
00-0035208,O.Zaccheaus,Olamide Zaccheaus,WR,PHI,WAS,8,2023,0,0,0.0,0,0,0.0,0,1,2,5.0,0,0.5,1.5,PHI,Olamide Zaccheaus,0.5
00-0035208,O.Zaccheaus,Olamide Zaccheaus,WR,PHI,DAL,9,2023,0,0,0.0,0,0,0.0,0,1,2,8.0,0,0.8,1.8,PHI,Olamide Zaccheaus,0.8
00-0035208,O.Zaccheaus,Olamide Zaccheaus,WR,PHI,KC,11,2023,0,0,0.0,0,0,0.0,0,0,1,0.0,0,0.0,0.0,PHI,Olamide Zaccheaus,0.0
00-0035208,O.Zaccheaus,Olamide Zaccheaus,WR,PHI,BUF,12,2023,0,0,0.0,0,0,0.0,0,1,1,29.0,1,8.9,9.9,PHI,Olamide Zaccheaus,8.9
00-0035208,O.Zaccheaus,Olamide Zaccheaus,WR,PHI,DAL,14,2023,0,0,0.0,0,0,0.0,0,1,1,28.0,0,2.8,3.8,PHI,Olamide Zaccheaus,2.8
00-0035208,O.Zaccheaus,Olamide Zaccheaus,WR,PHI,NYG,16,2023,0,0,0.0,0,0,0.0,0,0,1,0.0,0,0.0,0.0,PHI,Olamide Zaccheaus,0.0
00-0035208,O.Zaccheaus,Olamide Zaccheaus,WR,PHI,NYG,18,2023,0,0,0.0,0,0,0.0,0,2,4,20.0,0,2.0,4.0,PHI,Olamide Zaccheaus,2.0
00-0035208,O.Zaccheaus,Olamide Zaccheaus,WR,PHI,TB,19,2023,0,0,0.0,0,0,0.0,0,1,1,5.0,0,0.5,1.5,PHI,Olamide Zaccheaus,0.5
00-0035215,D.Harty,Deonte Harty,WR,BUF,NYJ,1,2023,0,0,0.0,0,1,4.0,0,3,4,9.0,0,1.3,4.3,BUF,Deonte Harty,1.3
00-0035215,D.Harty,Deonte Harty,WR,BUF,LV,2,2023,0,0,0.0,0,0,0.0,0,2,3,4.0,0,0.4,2.4,BUF,Deonte Harty,0.4
00-0035215,D.Harty,Deonte Harty,WR,BUF,WAS,3,2023,0,0,0.0,0,2,-2.0,0,2,3,15.0,0,1.3,3.3,BUF,Deonte Harty,1.3
00-0035215,D.Harty,Deonte Harty,WR,BUF,MIA,4,2023,0,0,0.0,0,0,0.0,0,2,2,10.0,0,1.0,3.0,BUF,Deonte Harty,1.0
00-0035215,D.Harty,Deonte Harty,WR,BUF,JAX,5,2023,0,0,0.0,0,0,0.0,0,2,2,62.0,0,6.2,8.2,BUF,Deonte Harty,6.2
00-0035215,D.Harty,Deonte Harty,WR,BUF,NYG,6,2023,0,0,0.0,0,0,0.0,0,1,1,3.0,1,6.3,7.3,BUF,Deonte Harty,6.3
00-0035215,D.Harty,Deonte Harty,WR,BUF,NE,7,2023,0,0,0.0,0,0,0.0,0,1,1,10.0,0,1.0,2.0,BUF,Deonte Harty,1.0
00-0035215,D.Harty,Deonte Harty,WR,BUF,CIN,9,2023,0,0,0.0,0,0,0.0,0,0,1,0.0,0,0.0,0.0,BUF,Deonte Harty,0.0
00-0035215,D.Harty,Deonte Harty,WR,BUF,DEN,10,2023,0,0,0.0,0,0,0.0,0,0,1,0.0,0,0.0,0.0,BUF,Deonte Harty,0.0
00-0035215,D.Harty,Deonte Harty,WR,BUF,NYJ,11,2023,0,0,0.0,0,1,-2.0,0,0,1,0.0,0,-0.2,-0.2,BUF,Deonte Harty,-0.2
00-0035215,D.Harty,Deonte Harty,WR,BUF,KC,14,2023,0,0,0.0,0,0,0.0,0,1,1,25.0,0,2.5,3.5,BUF,Deonte Harty,2.5
00-0035215,D.Harty,Deonte Harty,WR,BUF,MIA,18,2023,0,0,0.0,0,0,0.0,0,1,1,12.0,0,7.2,8.2,BUF,Deonte Harty,7.2
00-0035215,D.Harty,Deonte Harty,WR,BUF,PIT,19,2023,0,0,0.0,0,0,0.0,0,1,1,34.0,0,3.4,4.4,BUF,Deonte Harty,3.4
00-0035215,D.Harty,Deonte Harty,WR,BUF,KC,20,2023,0,0,0.0,0,0,0.0,0,1,1,3.0,0,0.3,1.3,BUF,Deonte Harty,0.3
00-0035216,D.Johnson,Diontae Johnson,WR,PIT,SF,1,2023,0,0,0.0,0,0,0.0,0,3,6,48.0,0,4.8,7.8,PIT,Diontae Johnson,4.8
00-0035216,D.Johnson,Diontae Johnson,WR,PIT,LA,7,2023,0,0,0.0,0,0,0.0,0,5,6,79.0,0,7.9,12.9,PIT,Diontae Johnson,7.9
00-0035216,D.Johnson,Diontae Johnson,WR,PIT,JAX,8,2023,0,0,0.0,0,0,0.0,0,8,14,85.0,0,8.5,16.5,PIT,Diontae Johnson,8.5
00-0035216,D.Johnson,Diontae Johnson,WR,PIT,TEN,9,2023,0,0,0.0,0,0,0.0,0,7,9,90.0,1,15.0,22.0,PIT,Diontae Johnson,15.0
00-0035216,D.Johnson,Diontae Johnson,WR,PIT,GB,10,2023,0,0,0.0,0,0,0.0,0,1,4,17.0,0,1.7,2.7,PIT,Diontae Johnson,1.7
00-0035216,D.Johnson,Diontae Johnson,WR,PIT,CLE,11,2023,0,0,0.0,0,0,0.0,0,2,8,16.0,0,1.6,3.6,PIT,Diontae Johnson,1.6
00-0035216,D.Johnson,Diontae Johnson,WR,PIT,CIN,12,2023,0,0,0.0,0,0,0.0,0,4,8,50.0,0,5.0,9.0,PIT,Diontae Johnson,5.0
00-0035216,D.Johnson,Diontae Johnson,WR,PIT,ARI,13,2023,0,0,0.0,0,0,0.0,0,4,5,33.0,1,9.3,13.3,PIT,Diontae Johnson,9.3
00-0035216,D.Johnson,Diontae Johnson,WR,PIT,NE,14,2023,0,0,0.0,0,0,0.0,0,3,7,57.0,1,11.7,14.7,PIT,Diontae Johnson,11.7
00-0035216,D.Johnson,Diontae Johnson,WR,PIT,IND,15,2023,0,0,0.0,0,0,0.0,0,4,6,62.0,1,12.2,16.2,PIT,Diontae Johnson,12.2
00-0035216,D.Johnson,Diontae Johnson,WR,PIT,CIN,16,2023,0,0,0.0,0,0,0.0,0,2,5,15.0,0,1.5,3.5,PIT,Diontae Johnson,1.5
00-0035216,D.Johnson,Diontae Johnson,WR,PIT,SEA,17,2023,0,0,0.0,0,0,0.0,0,4,4,76.0,0,7.6,11.6,PIT,Diontae Johnson,7.6
00-0035216,D.Johnson,Diontae Johnson,WR,PIT,BAL,18,2023,0,0,0.0,0,0,0.0,0,4,5,89.0,1,14.9,18.9,PIT,Diontae Johnson,14.9
00-0035216,D.Johnson,Diontae Johnson,WR,PIT,BUF,19,2023,0,0,0.0,0,0,0.0,0,4,7,48.0,1,10.8,14.8,PIT,Diontae Johnson,10.8
00-0035228,K.Murray,Kyler Murray,QB,ARI,ATL,10,2023,19,32,249.0,0,6,33.0,1,0,0,0.0,0,17.26,17.26,ARI,Kyler Murray,17.26
00-0035228,K.Murray,Kyler Murray,QB,ARI,HOU,11,2023,20,30,214.0,1,7,51.0,1,0,0,0.0,0,21.66,21.66,ARI,Kyler Murray,21.66
00-0035228,K.Murray,Kyler Murray,QB,ARI,LA,12,2023,27,45,256.0,1,1,2.0,1,0,0,0.0,0,20.44,20.44,ARI,Kyler Murray,20.44
00-0035228,K.Murray,Kyler Murray,QB,ARI,PIT,13,2023,13,23,145.0,1,9,20.0,0,0,0,0.0,0,11.8,11.8,ARI,Kyler Murray,11.8
00-0035228,K.Murray,Kyler Murray,QB,ARI,SF,15,2023,26,39,211.0,1,6,49.0,0,0,0,0.0,0,13.34,13.34,ARI,Kyler Murray,13.34
00-0035228,K.Murray,Kyler Murray,QB,ARI,CHI,16,2023,24,38,230.0,2,5,32.0,0,0,0,0.0,0,20.4,20.4,ARI,Kyler Murray,20.4
00-0035228,K.Murray,Kyler Murray,QB,ARI,PHI,17,2023,25,31,232.0,3,5,24.0,0,0,0,0.0,0,23.68,23.68,ARI,Kyler Murray,23.68
00-0035228,K.Murray,Kyler Murray,QB,ARI,SEA,18,2023,22,30,262.0,1,5,33.0,0,0,0,0.0,0,17.78,17.78,ARI,Kyler Murray,17.78
00-0035229,T.Hockenson,T.J. Hockenson,TE,MIN,TB,1,2023,0,0,0.0,0,0,0.0,0,8,9,35.0,0,3.5,11.5,MIN,T.J. Hockenson,3.5
00-0035229,T.Hockenson,T.J. Hockenson,TE,MIN,PHI,2,2023,0,0,0.0,0,0,0.0,0,7,8,66.0,2,18.6,25.6,MIN,T.J. Hockenson,18.6
00-0035229,T.Hockenson,T.J. Hockenson,TE,MIN,LAC,3,2023,0,0,0.0,0,0,0.0,0,8,11,78.0,0,5.8,13.8,MIN,T.J. Hockenson,5.8
00-0035229,T.Hockenson,T.J. Hockenson,TE,MIN,CAR,4,2023,0,0,0.0,0,0,0.0,0,2,3,24.0,0,2.4,4.4,MIN,T.J. Hockenson,2.4
00-0035229,T.Hockenson,T.J. Hockenson,TE,MIN,KC,5,2023,0,0,0.0,0,0,0.0,0,5,8,51.0,0,5.1,10.1,MIN,T.J. Hockenson,5.1
00-0035229,T.Hockenson,T.J. Hockenson,TE,MIN,CHI,6,2023,0,0,0.0,0,0,0.0,0,6,8,50.0,0,5.0,11.0,MIN,T.J. Hockenson,5.0
00-0035229,T.Hockenson,T.J. Hockenson,TE,MIN,SF,7,2023,0,0,0.0,0,0,0.0,0,11,12,86.0,0,8.6,19.6,MIN,T.J. Hockenson,8.6
00-0035229,T.Hockenson,T.J. Hockenson,TE,MIN,GB,8,2023,0,0,0.0,0,0,0.0,0,6,9,88.0,1,14.8,20.8,MIN,T.J. Hockenson,14.8
00-0035229,T.Hockenson,T.J. Hockenson,TE,MIN,ATL,9,2023,0,0,0.0,0,0,0.0,0,7,12,69.0,0,6.9,13.9,MIN,T.J. Hockenson,6.9
00-0035229,T.Hockenson,T.J. Hockenson,TE,MIN,NO,10,2023,0,0,0.0,0,0,0.0,0,11,15,134.0,1,19.4,30.4,MIN,T.J. Hockenson,19.4
00-0035229,T.Hockenson,T.J. Hockenson,TE,MIN,DEN,11,2023,0,0,0.0,0,0,0.0,0,4,7,55.0,0,5.5,9.5,MIN,T.J. Hockenson,5.5
00-0035229,T.Hockenson,T.J. Hockenson,TE,MIN,CHI,12,2023,0,0,0.0,0,0,0.0,0,5,6,50.0,1,11.0,16.0,MIN,T.J. Hockenson,11.0
00-0035229,T.Hockenson,T.J. Hockenson,TE,MIN,LV,14,2023,0,0,0.0,0,0,0.0,0,5,8,53.0,0,5.3,10.3,MIN,T.J. Hockenson,5.3
00-0035229,T.Hockenson,T.J. Hockenson,TE,MIN,CIN,15,2023,0,0,0.0,0,0,0.0,0,6,7,63.0,0,6.3,12.3,MIN,T.J. Hockenson,6.3
00-0035229,T.Hockenson,T.J. Hockenson,TE,MIN,DET,16,2023,0,0,0.0,0,0,0.0,0,4,4,58.0,0,5.8,9.8,MIN,T.J. Hockenson,5.8
00-0035243,M.Sanders,Miles Sanders,RB,CAR,ATL,1,2023,0,0,0.0,0,18,72.0,0,4,6,26.0,0,7.8,11.8,CAR,Miles Sanders,7.8
00-0035243,M.Sanders,Miles Sanders,RB,CAR,NO,2,2023,0,0,0.0,0,14,43.0,0,3,5,4.0,0,4.7,7.7,CAR,Miles Sanders,4.7
00-0035243,M.Sanders,Miles Sanders,RB,CAR,SEA,3,2023,0,0,0.0,0,9,24.0,1,5,9,38.0,0,12.2,17.2,CAR,Miles Sanders,12.2
00-0035243,M.Sanders,Miles Sanders,RB,CAR,MIN,4,2023,0,0,0.0,0,13,19.0,0,3,3,13.0,0,3.2,6.2,CAR,Miles Sanders,3.2
00-0035243,M.Sanders,Miles Sanders,RB,CAR,DET,5,2023,0,0,0.0,0,7,32.0,0,0,1,0.0,0,1.2,1.2,CAR,Miles Sanders,1.2
00-0035243,M.Sanders,Miles Sanders,RB,CAR,HOU,8,2023,0,0,0.0,0,2,0.0,0,0,0,0.0,0,0.0,0.0,CAR,Miles Sanders,0.0
00-0035243,M.Sanders,Miles Sanders,RB,CAR,IND,9,2023,0,0,0.0,0,6,39.0,0,3,5,22.0,0,6.1,9.1,CAR,Miles Sanders,6.1
00-0035243,M.Sanders,Miles Sanders,RB,CAR,CHI,10,2023,0,0,0.0,0,2,-5.0,0,2,2,15.0,0,1.0,3.0,CAR,Miles Sanders,1.0
00-0035243,M.Sanders,Miles Sanders,RB,CAR,DAL,11,2023,0,0,0.0,0,11,50.0,0,1,1,2.0,0,5.2,6.2,CAR,Miles Sanders,5.2
00-0035243,M.Sanders,Miles Sanders,RB,CAR,TEN,12,2023,0,0,0.0,0,15,28.0,0,0,1,0.0,0,2.8,2.8,CAR,Miles Sanders,2.8
00-0035243,M.Sanders,Miles Sanders,RB,CAR,TB,13,2023,0,0,0.0,0,8,23.0,0,1,2,6.0,0,2.9,3.9,CAR,Miles Sanders,2.9
00-0035243,M.Sanders,Miles Sanders,RB,CAR,NO,14,2023,0,0,0.0,0,10,74.0,0,0,0,0.0,0,7.4,7.4,CAR,Miles Sanders,7.4
00-0035243,M.Sanders,Miles Sanders,RB,CAR,ATL,15,2023,0,0,0.0,0,6,2.0,0,2,2,11.0,0,1.3,3.3,CAR,Miles Sanders,1.3
00-0035243,M.Sanders,Miles Sanders,RB,CAR,GB,16,2023,0,0,0.0,0,3,3.0,0,1,2,5.0,0,0.8,1.8,CAR,Miles Sanders,0.8
00-0035243,M.Sanders,Miles Sanders,RB,CAR,JAX,17,2023,0,0,0.0,0,2,10.0,0,2,2,12.0,0,2.2,4.2,CAR,Miles Sanders,2.2
00-0035243,M.Sanders,Miles Sanders,RB,CAR,TB,18,2023,0,0,0.0,0,3,18.0,0,0,0,0.0,0,1.8,1.8,CAR,Miles Sanders,1.8
00-0035249,J.Oliver,Josh Oliver,TE,MIN,TB,1,2023,0,0,0.0,0,0,0.0,0,3,3,32.0,0,3.2,6.2,MIN,Josh Oliver,3.2
00-0035249,J.Oliver,Josh Oliver,TE,MIN,PHI,2,2023,0,0,0.0,0,0,0.0,0,2,3,13.0,0,1.3,3.3,MIN,Josh Oliver,1.3
00-0035249,J.Oliver,Josh Oliver,TE,MIN,LAC,3,2023,0,0,0.0,0,0,0.0,0,2,2,4.0,1,6.4,8.4,MIN,Josh Oliver,6.4
00-0035249,J.Oliver,Josh Oliver,TE,MIN,KC,5,2023,0,0,0.0,0,0,0.0,0,1,2,15.0,0,-0.5,0.5,MIN,Josh Oliver,-0.5
00-0035249,J.Oliver,Josh Oliver,TE,MIN,SF,7,2023,0,0,0.0,0,0,0.0,0,2,2,6.0,0,0.6,2.6,MIN,Josh Oliver,0.6
00-0035249,J.Oliver,Josh Oliver,TE,MIN,ATL,9,2023,0,0,0.0,0,0,0.0,0,2,2,1.0,0,0.1,2.1,MIN,Josh Oliver,0.1
00-0035249,J.Oliver,Josh Oliver,TE,MIN,DEN,11,2023,0,0,0.0,0,0,0.0,0,4,4,47.0,1,10.7,14.7,MIN,Josh Oliver,10.7
00-0035249,J.Oliver,Josh Oliver,TE,MIN,LV,14,2023,0,0,0.0,0,0,0.0,0,0,1,0.0,0,0.0,0.0,MIN,Josh Oliver,0.0
00-0035249,J.Oliver,Josh Oliver,TE,MIN,CIN,15,2023,0,0,0.0,0,0,0.0,0,2,2,14.0,0,1.4,3.4,MIN,Josh Oliver,1.4
00-0035249,J.Oliver,Josh Oliver,TE,MIN,DET,16,2023,0,0,0.0,0,0,0.0,0,1,2,33.0,0,3.3,4.3,MIN,Josh Oliver,3.3
00-0035249,J.Oliver,Josh Oliver,TE,MIN,GB,17,2023,0,0,0.0,0,0,0.0,0,1,2,17.0,0,1.7,2.7,MIN,Josh Oliver,1.7
00-0035249,J.Oliver,Josh Oliver,TE,MIN,DET,18,2023,0,0,0.0,0,0,0.0,0,2,3,31.0,0,3.1,5.1,MIN,Josh Oliver,3.1
00-0035250,D.Singletary,Devin Singletary,RB,HOU,BAL,1,2023,0,0,0.0,0,7,15.0,0,0,0,0.0,0,1.5,1.5,HOU,Devin Singletary,1.5
00-0035250,D.Singletary,Devin Singletary,RB,HOU,IND,2,2023,0,0,0.0,0,4,14.0,0,1,1,10.0,0,2.4,3.4,HOU,Devin Singletary,2.4
00-0035250,D.Singletary,Devin Singletary,RB,HOU,JAX,3,2023,0,0,0.0,0,9,41.0,0,2,2,4.0,0,4.5,6.5,HOU,Devin Singletary,4.5
00-0035250,D.Singletary,Devin Singletary,RB,HOU,PIT,4,2023,1,1,6.0,1,7,25.0,0,1,1,11.0,0,7.84,8.84,HOU,Devin Singletary,7.84
00-0035250,D.Singletary,Devin Singletary,RB,HOU,ATL,5,2023,0,0,0.0,0,0,0.0,0,0,1,0.0,0,0.0,0.0,HOU,Devin Singletary,0.0
00-0035250,D.Singletary,Devin Singletary,RB,HOU,NO,6,2023,0,0,0.0,0,12,58.0,0,1,2,4.0,0,6.2,7.2,HOU,Devin Singletary,6.2
00-0035250,D.Singletary,Devin Singletary,RB,HOU,CAR,8,2023,0,0,0.0,0,10,30.0,0,2,2,13.0,0,4.3,6.3,HOU,Devin Singletary,4.3
00-0035250,D.Singletary,Devin Singletary,RB,HOU,TB,9,2023,0,0,0.0,0,13,26.0,0,2,2,0.0,0,2.6,4.6,HOU,Devin Singletary,2.6
00-0035250,D.Singletary,Devin Singletary,RB,HOU,CIN,10,2023,0,0,0.0,0,30,150.0,1,1,2,11.0,0,22.1,23.1,HOU,Devin Singletary,22.1
00-0035250,D.Singletary,Devin Singletary,RB,HOU,ARI,11,2023,0,0,0.0,0,22,112.0,1,2,2,6.0,0,17.8,19.8,HOU,Devin Singletary,17.8
00-0035250,D.Singletary,Devin Singletary,RB,HOU,JAX,12,2023,0,0,0.0,0,6,18.0,0,6,7,54.0,0,7.2,13.2,HOU,Devin Singletary,7.2
00-0035250,D.Singletary,Devin Singletary,RB,HOU,DEN,13,2023,0,0,0.0,0,8,36.0,0,1,1,4.0,0,4.0,5.0,HOU,Devin Singletary,4.0
00-0035250,D.Singletary,Devin Singletary,RB,HOU,NYJ,14,2023,0,0,0.0,0,13,65.0,1,0,3,0.0,0,12.5,12.5,HOU,Devin Singletary,12.5
00-0035250,D.Singletary,Devin Singletary,RB,HOU,TEN,15,2023,0,0,0.0,0,26,121.0,0,4,5,49.0,0,17.0,21.0,HOU,Devin Singletary,17.0
00-0035250,D.Singletary,Devin Singletary,RB,HOU,CLE,16,2023,0,0,0.0,0,9,44.0,0,3,3,19.0,0,6.3,9.3,HOU,Devin Singletary,6.3
00-0035250,D.Singletary,Devin Singletary,RB,HOU,TEN,17,2023,0,0,0.0,0,16,80.0,0,3,3,6.0,0,8.6,11.6,HOU,Devin Singletary,8.6
00-0035250,D.Singletary,Devin Singletary,RB,HOU,IND,18,2023,0,0,0.0,0,24,63.0,1,1,1,2.0,0,12.5,13.5,HOU,Devin Singletary,12.5
00-0035250,D.Singletary,Devin Singletary,RB,HOU,CLE,19,2023,0,0,0.0,0,13,66.0,1,3,3,4.0,0,13.0,16.0,HOU,Devin Singletary,13.0
00-0035250,D.Singletary,Devin Singletary,RB,HOU,BAL,20,2023,0,0,0.0,0,9,22.0,0,5,6,48.0,0,7.0,12.0,HOU,Devin Singletary,7.0
00-0035259,T.Wesco,Trevon Wesco,TE,TEN,LAC,2,2023,0,0,0.0,0,0,0.0,0,0,1,0.0,0,0.0,0.0,TEN,Trevon Wesco,0.0
00-0035259,T.Wesco,Trevon Wesco,TE,TEN,IND,5,2023,0,0,0.0,0,0,0.0,0,1,1,21.0,0,2.1,3.1,TEN,Trevon Wesco,2.1
00-0035259,T.Wesco,Trevon Wesco,TE,TEN,IND,13,2023,0,0,0.0,0,0,0.0,0,0,1,0.0,0,0.0,0.0,TEN,Trevon Wesco,0.0
00-0035261,T.Pollard,Tony Pollard,RB,DAL,NYG,1,2023,0,0,0.0,0,14,70.0,2,2,3,12.0,0,20.2,22.2,DAL,Tony Pollard,20.2
00-0035261,T.Pollard,Tony Pollard,RB,DAL,NYJ,2,2023,0,0,0.0,0,25,72.0,0,7,8,37.0,0,12.9,19.9,DAL,Tony Pollard,12.9
00-0035261,T.Pollard,Tony Pollard,RB,DAL,ARI,3,2023,0,0,0.0,0,23,122.0,0,3,3,-1.0,0,12.1,15.1,DAL,Tony Pollard,12.1
00-0035261,T.Pollard,Tony Pollard,RB,DAL,NE,4,2023,0,0,0.0,0,11,47.0,0,3,3,13.0,0,6.0,9.0,DAL,Tony Pollard,6.0
00-0035261,T.Pollard,Tony Pollard,RB,DAL,SF,5,2023,0,0,0.0,0,8,29.0,0,4,5,35.0,0,4.4,8.4,DAL,Tony Pollard,4.4
00-0035261,T.Pollard,Tony Pollard,RB,DAL,LAC,6,2023,0,0,0.0,0,15,30.0,0,6,7,80.0,0,11.0,17.0,DAL,Tony Pollard,11.0
00-0035261,T.Pollard,Tony Pollard,RB,DAL,LA,8,2023,0,0,0.0,0,12,53.0,0,1,1,2.0,0,5.5,6.5,DAL,Tony Pollard,5.5
00-0035261,T.Pollard,Tony Pollard,RB,DAL,PHI,9,2023,0,0,0.0,0,12,51.0,0,3,5,12.0,0,6.3,9.3,DAL,Tony Pollard,6.3
00-0035261,T.Pollard,Tony Pollard,RB,DAL,NYG,10,2023,0,0,0.0,0,15,55.0,0,0,0,0.0,0,5.5,5.5,DAL,Tony Pollard,5.5
00-0035261,T.Pollard,Tony Pollard,RB,DAL,CAR,11,2023,0,0,0.0,0,12,61.0,1,4,5,19.0,0,14.0,18.0,DAL,Tony Pollard,14.0
00-0035261,T.Pollard,Tony Pollard,RB,DAL,WAS,12,2023,0,0,0.0,0,13,79.0,1,6,6,24.0,0,16.3,22.3,DAL,Tony Pollard,16.3
00-0035261,T.Pollard,Tony Pollard,RB,DAL,SEA,13,2023,0,0,0.0,0,20,68.0,1,3,4,15.0,0,14.3,17.3,DAL,Tony Pollard,14.3
00-0035261,T.Pollard,Tony Pollard,RB,DAL,PHI,14,2023,0,0,0.0,0,16,59.0,0,7,8,37.0,0,9.6,16.6,DAL,Tony Pollard,9.6
00-0035261,T.Pollard,Tony Pollard,RB,DAL,BUF,15,2023,0,0,0.0,0,11,52.0,0,2,3,5.0,0,5.7,7.7,DAL,Tony Pollard,5.7
00-0035261,T.Pollard,Tony Pollard,RB,DAL,MIA,16,2023,0,0,0.0,0,12,38.0,0,1,1,5.0,0,4.3,5.3,DAL,Tony Pollard,4.3
00-0035261,T.Pollard,Tony Pollard,RB,DAL,DET,17,2023,0,0,0.0,0,16,49.0,0,1,3,0.0,0,4.9,5.9,DAL,Tony Pollard,4.9
00-0035261,T.Pollard,Tony Pollard,RB,DAL,WAS,18,2023,0,0,0.0,0,17,70.0,1,2,2,16.0,0,14.6,16.6,DAL,Tony Pollard,14.6
00-0035261,T.Pollard,Tony Pollard,RB,DAL,GB,19,2023,0,0,0.0,0,15,56.0,1,7,9,29.0,0,14.5,21.5,DAL,Tony Pollard,14.5
00-0035264,J.Stidham,Jarrett Stidham,QB,DEN,LAC,17,2023,20,32,224.0,1,6,6.0,0,0,0,0.0,0,13.56,13.56,DEN,Jarrett Stidham,13.56
00-0035264,J.Stidham,Jarrett Stidham,QB,DEN,LV,18,2023,20,34,272.0,1,3,2.0,0,0,0,0.0,0,13.08,13.08,DEN,Jarrett Stidham,13.08
00-0035282,E.Stick,Easton Stick,QB,LAC,DEN,14,2023,13,24,179.0,0,0,0.0,0,0,0,0.0,0,5.16,5.16,LAC,Easton Stick,5.16
00-0035282,E.Stick,Easton Stick,QB,LAC,LV,15,2023,23,32,257.0,3,2,11.0,0,0,0,0.0,0,17.38,17.38,LAC,Easton Stick,17.38
00-0035282,E.Stick,Easton Stick,QB,LAC,BUF,16,2023,23,33,215.0,0,7,25.0,1,0,0,0.0,0,17.1,17.1,LAC,Easton Stick,17.1
00-0035282,E.Stick,Easton Stick,QB,LAC,DEN,17,2023,24,38,220.0,0,5,31.0,0,0,0,0.0,0,11.9,11.9,LAC,Easton Stick,11.9
00-0035282,E.Stick,Easton Stick,QB,LAC,KC,18,2023,28,47,258.0,0,13,77.0,0,0,0,0.0,0,16.02,16.02,LAC,Easton Stick,16.02
00-0035289,G.Minshew,Gardner Minshew,QB,IND,JAX,1,2023,0,2,0.0,0,0,0.0,0,0,0,0.0,0,0.0,0.0,IND,Gardner Minshew,0.0
00-0035289,G.Minshew,Gardner Minshew,QB,IND,HOU,2,2023,19,23,171.0,1,2,3.0,0,0,0,0.0,0,11.14,11.14,IND,Gardner Minshew,11.14
00-0035289,G.Minshew,Gardner Minshew,QB,IND,BAL,3,2023,27,44,227.0,1,0,0.0,0,0,0,0.0,0,13.08,13.08,IND,Gardner Minshew,13.08
00-0035289,G.Minshew,Gardner Minshew,QB,IND,TEN,5,2023,11,14,155.0,0,2,1.0,0,0,0,0.0,0,6.3,6.3,IND,Gardner Minshew,6.3
00-0035289,G.Minshew,Gardner Minshew,QB,IND,JAX,6,2023,33,55,329.0,1,2,4.0,0,0,0,0.0,0,9.56,9.56,IND,Gardner Minshew,9.56
00-0035289,G.Minshew,Gardner Minshew,QB,IND,CLE,7,2023,15,23,305.0,2,3,29.0,2,0,0,0.0,0,27.1,27.1,IND,Gardner Minshew,27.1
00-0035289,G.Minshew,Gardner Minshew,QB,IND,NO,8,2023,23,41,213.0,2,1,3.0,0,0,0,0.0,0,14.82,14.82,IND,Gardner Minshew,14.82
00-0035289,G.Minshew,Gardner Minshew,QB,IND,CAR,9,2023,17,26,127.0,1,5,5.0,0,0,0,0.0,0,9.58,9.58,IND,Gardner Minshew,9.58
00-0035289,G.Minshew,Gardner Minshew,QB,IND,NE,10,2023,18,28,194.0,0,2,-1.0,0,0,0,0.0,0,5.66,5.66,IND,Gardner Minshew,5.66
00-0035289,G.Minshew,Gardner Minshew,QB,IND,TB,12,2023,24,41,251.0,0,3,6.0,1,0,0,0.0,0,14.64,14.64,IND,Gardner Minshew,14.64
00-0035289,G.Minshew,Gardner Minshew,QB,IND,TEN,13,2023,26,42,312.0,2,3,2.0,0,0,0,0.0,0,18.68,18.68,IND,Gardner Minshew,18.68
00-0035289,G.Minshew,Gardner Minshew,QB,IND,CIN,14,2023,26,39,240.0,1,2,5.0,0,0,0,0.0,0,14.1,14.1,IND,Gardner Minshew,14.1
00-0035289,G.Minshew,Gardner Minshew,QB,IND,PIT,15,2023,18,28,215.0,3,2,0.0,0,0,0,0.0,0,20.6,20.6,IND,Gardner Minshew,20.6
00-0035289,G.Minshew,Gardner Minshew,QB,IND,ATL,16,2023,20,37,201.0,0,4,31.0,0,0,0,0.0,0,9.14,9.14,IND,Gardner Minshew,9.14
00-0035289,G.Minshew,Gardner Minshew,QB,IND,LV,17,2023,15,23,224.0,1,2,3.0,0,0,0,0.0,0,13.26,13.26,IND,Gardner Minshew,13.26
00-0035289,G.Minshew,Gardner Minshew,QB,IND,HOU,18,2023,13,24,141.0,0,1,9.0,0,0,0,0.0,0,8.54,8.54,IND,Gardner Minshew,8.54
00-0035291,T.Williams,Trayveon Williams,RB,CIN,CLE,1,2023,0,0,0.0,0,2,7.0,0,0,0,0.0,0,0.7,0.7,CIN,Trayveon Williams,0.7
00-0035291,T.Williams,Trayveon Williams,RB,CIN,BAL,2,2023,0,0,0.0,0,0,0.0,0,2,2,4.0,0,0.4,2.4,CIN,Trayveon Williams,0.4
00-0035291,T.Williams,Trayveon Williams,RB,CIN,LA,3,2023,0,0,0.0,0,1,4.0,0,0,2,0.0,0,0.4,0.4,CIN,Trayveon Williams,0.4
00-0035291,T.Williams,Trayveon Williams,RB,CIN,TEN,4,2023,0,0,0.0,0,1,4.0,0,0,0,0.0,0,0.4,0.4,CIN,Trayveon Williams,0.4
00-0035291,T.Williams,Trayveon Williams,RB,CIN,ARI,5,2023,0,0,0.0,0,1,5.0,0,0,0,0.0,0,0.5,0.5,CIN,Trayveon Williams,0.5
00-0035291,T.Williams,Trayveon Williams,RB,CIN,SEA,6,2023,0,0,0.0,0,0,0.0,0,2,2,3.0,0,0.3,2.3,CIN,Trayveon Williams,0.3
00-0035291,T.Williams,Trayveon Williams,RB,CIN,SF,8,2023,0,0,0.0,0,2,6.0,0,0,0,0.0,0,0.6,0.6,CIN,Trayveon Williams,0.6
00-0035291,T.Williams,Trayveon Williams,RB,CIN,BUF,9,2023,0,0,0.0,0,3,13.0,0,0,0,0.0,0,1.3,1.3,CIN,Trayveon Williams,1.3
00-0035291,T.Williams,Trayveon Williams,RB,CIN,HOU,10,2023,0,0,0.0,0,0,0.0,0,1,1,2.0,0,0.2,1.2,CIN,Trayveon Williams,0.2
00-0035291,T.Williams,Trayveon Williams,RB,CIN,BAL,11,2023,0,0,0.0,0,2,20.0,0,0,0,0.0,0,2.0,2.0,CIN,Trayveon Williams,2.0
00-0035291,T.Williams,Trayveon Williams,RB,CIN,IND,14,2023,0,0,0.0,0,0,0.0,0,1,1,-1.0,0,-0.1,0.9,CIN,Trayveon Williams,-0.1
00-0035291,T.Williams,Trayveon Williams,RB,CIN,MIN,15,2023,0,0,0.0,0,1,10.0,0,1,1,2.0,0,1.2,2.2,CIN,Trayveon Williams,1.2
00-0035291,T.Williams,Trayveon Williams,RB,CIN,KC,17,2023,0,0,0.0,0,1,2.0,0,0,0,0.0,0,0.2,0.2,CIN,Trayveon Williams,0.2
00-0035291,T.Williams,Trayveon Williams,RB,CIN,CLE,18,2023,0,0,0.0,0,1,-2.0,0,0,0,0.0,0,-0.2,-0.2,CIN,Trayveon Williams,-0.2
00-0035298,S.Miller,Scott Miller,WR,ATL,HOU,5,2023,0,0,0.0,0,0,0.0,0,2,2,10.0,0,1.0,3.0,ATL,Scott Miller,1.0
00-0035298,S.Miller,Scott Miller,WR,ATL,WAS,6,2023,0,0,0.0,0,0,0.0,0,1,2,4.0,0,0.4,1.4,ATL,Scott Miller,0.4
00-0035298,S.Miller,Scott Miller,WR,ATL,TB,7,2023,0,0,0.0,0,0,0.0,0,1,1,46.0,0,4.6,5.6,ATL,Scott Miller,4.6
00-0035298,S.Miller,Scott Miller,WR,ATL,TEN,8,2023,0,0,0.0,0,0,0.0,0,2,2,14.0,1,7.4,9.4,ATL,Scott Miller,7.4
00-0035298,S.Miller,Scott Miller,WR,ATL,ARI,10,2023,0,0,0.0,0,0,0.0,0,1,1,2.0,1,6.2,7.2,ATL,Scott Miller,6.2
00-0035298,S.Miller,Scott Miller,WR,ATL,NO,12,2023,0,0,0.0,0,0,0.0,0,1,2,4.0,0,0.4,1.4,ATL,Scott Miller,0.4
00-0035298,S.Miller,Scott Miller,WR,ATL,TB,14,2023,0,0,0.0,0,0,0.0,0,0,3,0.0,0,0.0,0.0,ATL,Scott Miller,0.0
00-0035298,S.Miller,Scott Miller,WR,ATL,IND,16,2023,0,0,0.0,0,0,0.0,0,1,1,15.0,0,1.5,2.5,ATL,Scott Miller,1.5
00-0035298,S.Miller,Scott Miller,WR,ATL,NO,18,2023,0,0,0.0,0,0,0.0,0,2,2,66.0,0,6.6,8.6,ATL,Scott Miller,6.6
00-0035329,D.Parham,Donald Parham,TE,LAC,MIA,1,2023,0,0,0.0,0,0,0.0,0,3,3,22.0,1,8.2,11.2,LAC,Donald Parham,8.2
00-0035329,D.Parham,Donald Parham,TE,LAC,TEN,2,2023,0,0,0.0,0,0,0.0,0,1,2,7.0,0,0.7,1.7,LAC,Donald Parham,0.7
00-0035329,D.Parham,Donald Parham,TE,LAC,MIN,3,2023,0,0,0.0,0,0,0.0,0,2,2,4.0,2,12.4,14.4,LAC,Donald Parham,12.4
00-0035329,D.Parham,Donald Parham,TE,LAC,LV,4,2023,0,0,0.0,0,0,0.0,0,0,1,0.0,0,0.0,0.0,LAC,Donald Parham,0.0
00-0035329,D.Parham,Donald Parham,TE,LAC,DAL,6,2023,0,0,0.0,0,0,0.0,0,2,3,19.0,0,1.9,3.9,LAC,Donald Parham,1.9
00-0035329,D.Parham,Donald Parham,TE,LAC,KC,7,2023,0,0,0.0,0,0,0.0,0,1,3,9.0,0,0.9,1.9,LAC,Donald Parham,0.9
00-0035329,D.Parham,Donald Parham,TE,LAC,CHI,8,2023,0,0,0.0,0,0,0.0,0,4,5,43.0,1,10.3,14.3,LAC,Donald Parham,10.3
00-0035329,D.Parham,Donald Parham,TE,LAC,NYJ,9,2023,0,0,0.0,0,0,0.0,0,0,2,0.0,0,0.0,0.0,LAC,Donald Parham,0.0
00-0035329,D.Parham,Donald Parham,TE,LAC,DET,10,2023,0,0,0.0,0,0,0.0,0,2,2,18.0,0,1.8,3.8,LAC,Donald Parham,1.8
00-0035329,D.Parham,Donald Parham,TE,LAC,GB,11,2023,0,0,0.0,0,0,0.0,0,4,6,57.0,0,5.7,9.7,LAC,Donald Parham,5.7
00-0035329,D.Parham,Donald Parham,TE,LAC,NE,13,2023,0,0,0.0,0,0,0.0,0,2,4,12.0,0,1.2,3.2,LAC,Donald Parham,1.2
00-0035329,D.Parham,Donald Parham,TE,LAC,DEN,14,2023,0,0,0.0,0,0,0.0,0,1,2,11.0,0,1.1,2.1,LAC,Donald Parham,1.1
00-0035329,D.Parham,Donald Parham,TE,LAC,KC,18,2023,0,0,0.0,0,0,0.0,0,5,6,83.0,0,8.3,13.3,LAC,Donald Parham,8.3
00-0035341,T.Irwin,Trenton Irwin,WR,CIN,TEN,4,2023,0,0,0.0,0,0,0.0,0,1,1,17.0,0,1.7,2.7,CIN,Trenton Irwin,1.7
00-0035341,T.Irwin,Trenton Irwin,WR,CIN,ARI,5,2023,0,0,0.0,0,0,0.0,0,8,10,60.0,0,6.0,14.0,CIN,Trenton Irwin,6.0
00-0035341,T.Irwin,Trenton Irwin,WR,CIN,SF,8,2023,0,0,0.0,0,0,0.0,0,2,2,24.0,0,2.4,4.4,CIN,Trenton Irwin,2.4
00-0035341,T.Irwin,Trenton Irwin,WR,CIN,HOU,10,2023,0,0,0.0,0,0,0.0,0,2,4,54.0,1,11.4,13.4,CIN,Trenton Irwin,11.4
00-0035341,T.Irwin,Trenton Irwin,WR,CIN,BAL,11,2023,0,0,0.0,0,0,0.0,0,3,5,36.0,0,3.6,6.6,CIN,Trenton Irwin,3.6
00-0035341,T.Irwin,Trenton Irwin,WR,CIN,PIT,12,2023,0,0,0.0,0,0,0.0,0,1,1,25.0,0,2.5,3.5,CIN,Trenton Irwin,2.5
00-0035341,T.Irwin,Trenton Irwin,WR,CIN,JAX,13,2023,0,0,0.0,0,0,0.0,0,1,1,25.0,0,2.5,3.5,CIN,Trenton Irwin,2.5
00-0035341,T.Irwin,Trenton Irwin,WR,CIN,PIT,16,2023,0,0,0.0,0,0,0.0,0,4,4,37.0,0,3.7,7.7,CIN,Trenton Irwin,3.7
00-0035341,T.Irwin,Trenton Irwin,WR,CIN,KC,17,2023,0,0,0.0,0,0,0.0,0,1,2,4.0,0,0.4,1.4,CIN,Trenton Irwin,0.4
00-0035341,T.Irwin,Trenton Irwin,WR,CIN,CLE,18,2023,0,0,0.0,0,0,0.0,0,2,2,34.0,0,3.4,5.4,CIN,Trenton Irwin,3.4
00-0035406,L.Humphrey,Lil'Jordan Humphrey,WR,DEN,LV,1,2023,0,0,0.0,0,0,0.0,0,2,2,11.0,1,7.1,9.1,DEN,Lil'Jordan Humphrey,7.1
00-0035406,L.Humphrey,Lil'Jordan Humphrey,WR,DEN,WAS,2,2023,0,0,0.0,0,0,0.0,0,1,2,4.0,0,0.4,1.4,DEN,Lil'Jordan Humphrey,0.4
00-0035406,L.Humphrey,Lil'Jordan Humphrey,WR,DEN,CHI,4,2023,0,0,0.0,0,0,0.0,0,1,1,11.0,0,1.1,2.1,DEN,Lil'Jordan Humphrey,1.1
00-0035406,L.Humphrey,Lil'Jordan Humphrey,WR,DEN,BUF,10,2023,0,0,0.0,0,0,0.0,0,1,1,14.0,0,1.4,2.4,DEN,Lil'Jordan Humphrey,1.4
00-0035406,L.Humphrey,Lil'Jordan Humphrey,WR,DEN,MIN,11,2023,0,0,0.0,0,0,0.0,0,0,1,0.0,0,0.0,0.0,DEN,Lil'Jordan Humphrey,0.0
00-0035406,L.Humphrey,Lil'Jordan Humphrey,WR,DEN,CLE,12,2023,0,0,0.0,0,0,0.0,0,1,1,13.0,0,1.3,2.3,DEN,Lil'Jordan Humphrey,1.3
00-0035406,L.Humphrey,Lil'Jordan Humphrey,WR,DEN,HOU,13,2023,0,0,0.0,0,0,0.0,0,1,1,12.0,0,1.2,2.2,DEN,Lil'Jordan Humphrey,1.2
00-0035406,L.Humphrey,Lil'Jordan Humphrey,WR,DEN,LAC,14,2023,0,0,0.0,0,0,0.0,0,1,1,12.0,0,1.2,2.2,DEN,Lil'Jordan Humphrey,1.2
00-0035406,L.Humphrey,Lil'Jordan Humphrey,WR,DEN,DET,15,2023,0,0,0.0,0,0,0.0,0,3,4,16.0,1,7.6,10.6,DEN,Lil'Jordan Humphrey,7.6
00-0035406,L.Humphrey,Lil'Jordan Humphrey,WR,DEN,LAC,17,2023,0,0,0.0,0,0,0.0,0,2,4,69.0,1,12.9,14.9,DEN,Lil'Jordan Humphrey,12.9
00-0035406,L.Humphrey,Lil'Jordan Humphrey,WR,DEN,LV,18,2023,0,0,0.0,0,0,0.0,0,0,1,0.0,0,0.0,0.0,DEN,Lil'Jordan Humphrey,0.0
00-0035414,J.Guyton,Jalen Guyton,WR,LAC,NYJ,9,2023,0,0,0.0,0,0,0.0,0,0,2,0.0,0,0.0,0.0,LAC,Jalen Guyton,0.0
00-0035414,J.Guyton,Jalen Guyton,WR,LAC,DET,10,2023,0,0,0.0,0,0,0.0,0,4,6,41.0,1,10.1,14.1,LAC,Jalen Guyton,10.1
00-0035414,J.Guyton,Jalen Guyton,WR,LAC,BAL,12,2023,0,0,0.0,0,0,0.0,0,1,5,4.0,0,0.4,1.4,LAC,Jalen Guyton,0.4
00-0035414,J.Guyton,Jalen Guyton,WR,LAC,NE,13,2023,0,0,0.0,0,0,0.0,0,1,3,5.0,0,0.5,1.5,LAC,Jalen Guyton,0.5
00-0035414,J.Guyton,Jalen Guyton,WR,LAC,DEN,14,2023,0,0,0.0,0,0,0.0,0,1,1,8.0,0,0.8,1.8,LAC,Jalen Guyton,0.8
00-0035414,J.Guyton,Jalen Guyton,WR,LAC,LV,15,2023,0,0,0.0,0,0,0.0,0,2,2,19.0,0,1.9,3.9,LAC,Jalen Guyton,1.9
00-0035414,J.Guyton,Jalen Guyton,WR,LAC,BUF,16,2023,0,0,0.0,0,0,0.0,0,1,2,12.0,0,1.2,2.2,LAC,Jalen Guyton,1.2
00-0035480,M.Taylor,Malik Taylor,WR,NYJ,LAC,9,2023,0,0,0.0,0,0,0.0,0,1,2,7.0,0,0.7,1.7,NYJ,Malik Taylor,0.7
00-0035480,M.Taylor,Malik Taylor,WR,NYJ,LV,10,2023,0,0,0.0,0,0,0.0,0,1,2,6.0,0,0.6,1.6,NYJ,Malik Taylor,0.6
00-0035500,G.Dortch,Greg Dortch,WR,ARI,LA,6,2023,0,0,0.0,0,0,0.0,0,0,1,0.0,0,0.0,0.0,ARI,Greg Dortch,0.0
00-0035500,G.Dortch,Greg Dortch,WR,ARI,CLE,9,2023,0,0,0.0,0,0,0.0,0,1,1,2.0,0,0.2,1.2,ARI,Greg Dortch,0.2
00-0035500,G.Dortch,Greg Dortch,WR,ARI,HOU,11,2023,0,0,0.0,0,0,0.0,0,6,8,76.0,0,7.6,13.6,ARI,Greg Dortch,7.6
00-0035500,G.Dortch,Greg Dortch,WR,ARI,LA,12,2023,0,0,0.0,0,0,0.0,0,3,9,27.0,1,8.7,11.7,ARI,Greg Dortch,8.7
00-0035500,G.Dortch,Greg Dortch,WR,ARI,PIT,13,2023,0,0,0.0,0,0,0.0,0,1,3,19.0,0,1.9,2.9,ARI,Greg Dortch,1.9
00-0035500,G.Dortch,Greg Dortch,WR,ARI,SF,15,2023,0,0,0.0,0,1,5.0,0,2,3,15.0,0,2.0,4.0,ARI,Greg Dortch,2.0
00-0035500,G.Dortch,Greg Dortch,WR,ARI,CHI,16,2023,0,0,0.0,0,0,0.0,0,2,5,45.0,1,10.5,12.5,ARI,Greg Dortch,10.5
00-0035500,G.Dortch,Greg Dortch,WR,ARI,PHI,17,2023,0,0,0.0,0,0,0.0,0,7,7,82.0,0,8.2,15.2,ARI,Greg Dortch,8.2
00-0035500,G.Dortch,Greg Dortch,WR,ARI,SEA,18,2023,0,0,0.0,0,0,0.0,0,2,4,14.0,0,1.4,3.4,ARI,Greg Dortch,1.4
00-0035527,A.Isabella,Andy Isabella,WR,BUF,PIT,19,2023,0,0,0.0,0,0,0.0,0,0,1,0.0,0,0.0,0.0,BUF,Andy Isabella,0.0
00-0035535,D.Slayton,Darius Slayton,WR,NYG,DAL,1,2023,0,0,0.0,0,0,0.0,0,3,5,15.0,0,1.5,4.5,NYG,Darius Slayton,1.5
00-0035535,D.Slayton,Darius Slayton,WR,NYG,ARI,2,2023,0,0,0.0,0,0,0.0,0,3,6,62.0,0,6.2,9.2,NYG,Darius Slayton,6.2
00-0035535,D.Slayton,Darius Slayton,WR,NYG,SF,3,2023,0,0,0.0,0,0,0.0,0,3,6,32.0,0,3.2,6.2,NYG,Darius Slayton,3.2
00-0035535,D.Slayton,Darius Slayton,WR,NYG,SEA,4,2023,0,0,0.0,0,0,0.0,0,2,3,23.0,0,2.3,4.3,NYG,Darius Slayton,2.3
00-0035535,D.Slayton,Darius Slayton,WR,NYG,MIA,5,2023,0,0,0.0,0,0,0.0,0,2,4,35.0,0,3.5,5.5,NYG,Darius Slayton,3.5
00-0035535,D.Slayton,Darius Slayton,WR,NYG,BUF,6,2023,0,0,0.0,0,0,0.0,0,4,6,69.0,0,6.9,10.9,NYG,Darius Slayton,6.9
00-0035535,D.Slayton,Darius Slayton,WR,NYG,WAS,7,2023,0,0,0.0,0,0,0.0,0,1,2,22.0,0,2.2,3.2,NYG,Darius Slayton,2.2
00-0035535,D.Slayton,Darius Slayton,WR,NYG,NYJ,8,2023,0,0,0.0,0,0,0.0,0,1,2,-1.0,0,-0.1,0.9,NYG,Darius Slayton,-0.1
00-0035535,D.Slayton,Darius Slayton,WR,NYG,LV,9,2023,0,0,0.0,0,0,0.0,0,4,7,59.0,0,5.9,9.9,NYG,Darius Slayton,5.9
00-0035535,D.Slayton,Darius Slayton,WR,NYG,DAL,10,2023,0,0,0.0,0,0,0.0,0,3,4,21.0,0,2.1,5.1,NYG,Darius Slayton,2.1
00-0035535,D.Slayton,Darius Slayton,WR,NYG,WAS,11,2023,0,0,0.0,0,0,0.0,0,4,5,82.0,1,14.2,18.2,NYG,Darius Slayton,14.2
00-0035535,D.Slayton,Darius Slayton,WR,NYG,NE,12,2023,0,0,0.0,0,0,0.0,0,2,3,16.0,0,1.6,3.6,NYG,Darius Slayton,1.6
00-0035535,D.Slayton,Darius Slayton,WR,NYG,GB,14,2023,0,0,0.0,0,0,0.0,0,2,2,14.0,0,1.4,3.4,NYG,Darius Slayton,1.4
00-0035535,D.Slayton,Darius Slayton,WR,NYG,NO,15,2023,0,0,0.0,0,0,0.0,0,4,8,63.0,0,6.3,10.3,NYG,Darius Slayton,6.3
00-0035535,D.Slayton,Darius Slayton,WR,NYG,PHI,16,2023,0,0,0.0,0,0,0.0,0,3,3,90.0,1,15.0,18.0,NYG,Darius Slayton,15.0
00-0035535,D.Slayton,Darius Slayton,WR,NYG,LA,17,2023,0,0,0.0,0,0,0.0,0,4,6,106.0,1,16.6,20.6,NYG,Darius Slayton,16.6
00-0035535,D.Slayton,Darius Slayton,WR,NYG,PHI,18,2023,0,0,0.0,0,0,0.0,0,5,7,62.0,1,12.2,17.2,NYG,Darius Slayton,12.2
00-0035537,T.Johnson,Ty Johnson,RB,BUF,DEN,10,2023,0,0,0.0,0,1,2.0,0,0,0,0.0,0,0.2,0.2,BUF,Ty Johnson,0.2
00-0035537,T.Johnson,Ty Johnson,RB,BUF,NYJ,11,2023,0,0,0.0,0,3,11.0,0,3,3,47.0,1,11.8,14.8,BUF,Ty Johnson,11.8
00-0035537,T.Johnson,Ty Johnson,RB,BUF,PHI,12,2023,0,0,0.0,0,6,19.0,0,0,0,0.0,0,1.9,1.9,BUF,Ty Johnson,1.9
00-0035537,T.Johnson,Ty Johnson,RB,BUF,KC,14,2023,0,0,0.0,0,5,19.0,0,2,2,2.0,0,2.1,4.1,BUF,Ty Johnson,2.1
00-0035537,T.Johnson,Ty Johnson,RB,BUF,DAL,15,2023,0,0,0.0,0,9,54.0,0,1,1,4.0,0,5.8,6.8,BUF,Ty Johnson,5.8
00-0035537,T.Johnson,Ty Johnson,RB,BUF,NE,17,2023,0,0,0.0,0,5,22.0,0,0,0,0.0,0,2.2,2.2,BUF,Ty Johnson,2.2
00-0035537,T.Johnson,Ty Johnson,RB,BUF,MIA,18,2023,0,0,0.0,0,1,5.0,0,1,1,9.0,0,1.4,2.4,BUF,Ty Johnson,1.4
00-0035537,T.Johnson,Ty Johnson,RB,BUF,PIT,19,2023,0,0,0.0,0,8,26.0,0,0,2,0.0,0,2.6,2.6,BUF,Ty Johnson,2.6
00-0035537,T.Johnson,Ty Johnson,RB,BUF,KC,20,2023,0,0,0.0,0,7,40.0,0,1,1,14.0,0,5.4,6.4,BUF,Ty Johnson,5.4
00-0035562,J.Horsted,Jesper Horsted,TE,LV,CHI,7,2023,0,0,0.0,0,0,0.0,0,1,1,4.0,0,0.4,1.4,LV,Jesper Horsted,0.4
00-0035567,C.Reynolds,Craig Reynolds,RB,DET,SEA,2,2023,0,0,0.0,0,3,7.0,0,1,1,-2.0,0,0.5,1.5,DET,Craig Reynolds,0.5
00-0035567,C.Reynolds,Craig Reynolds,RB,DET,ATL,3,2023,0,0,0.0,0,4,15.0,0,0,0,0.0,0,1.5,1.5,DET,Craig Reynolds,1.5
00-0035567,C.Reynolds,Craig Reynolds,RB,DET,CAR,5,2023,0,0,0.0,0,7,52.0,1,0,0,0.0,0,11.2,11.2,DET,Craig Reynolds,11.2
00-0035567,C.Reynolds,Craig Reynolds,RB,DET,TB,6,2023,0,0,0.0,0,10,15.0,0,2,2,28.0,0,4.3,6.3,DET,Craig Reynolds,4.3
00-0035567,C.Reynolds,Craig Reynolds,RB,DET,BAL,7,2023,0,0,0.0,0,3,16.0,0,1,1,9.0,0,2.5,3.5,DET,Craig Reynolds,2.5
00-0035567,C.Reynolds,Craig Reynolds,RB,DET,LV,8,2023,0,0,0.0,0,14,74.0,0,1,1,12.0,0,6.6,7.6,DET,Craig Reynolds,6.6
00-0035567,C.Reynolds,Craig Reynolds,RB,DET,TB,20,2023,0,0,0.0,0,1,1.0,1,0,0,0.0,0,6.1,6.1,DET,Craig Reynolds,6.1
00-0035593,J.Winfree,Juwann Winfree,WR,IND,NO,8,2023,0,0,0.0,0,0,0.0,0,0,1,0.0,0,0.0,0.0,IND,Juwann Winfree,0.0
00-0035594,T.Homer,Travis Homer,RB,CHI,LV,7,2023,0,0,0.0,0,0,0.0,0,0,1,0.0,0,0.0,0.0,CHI,Travis Homer,0.0
00-0035628,D.Johnson,D'Ernest Johnson,RB,JAX,IND,1,2023,0,0,0.0,0,1,-4.0,0,0,0,0.0,0,-0.4,-0.4,JAX,D'Ernest Johnson,-0.4
00-0035628,D.Johnson,D'Ernest Johnson,RB,JAX,KC,2,2023,0,0,0.0,0,1,8.0,0,1,1,9.0,0,1.7,2.7,JAX,D'Ernest Johnson,1.7
00-0035628,D.Johnson,D'Ernest Johnson,RB,JAX,HOU,3,2023,0,0,0.0,0,3,6.0,0,2,2,6.0,0,1.2,3.2,JAX,D'Ernest Johnson,1.2
00-0035628,D.Johnson,D'Ernest Johnson,RB,JAX,ATL,4,2023,0,0,0.0,0,1,-2.0,0,0,0,0.0,0,-0.2,-0.2,JAX,D'Ernest Johnson,-0.2
00-0035628,D.Johnson,D'Ernest Johnson,RB,JAX,IND,6,2023,0,0,0.0,0,1,19.0,0,0,0,0.0,0,1.9,1.9,JAX,D'Ernest Johnson,1.9
00-0035628,D.Johnson,D'Ernest Johnson,RB,JAX,PIT,8,2023,0,0,0.0,0,2,8.0,0,0,0,0.0,0,0.8,0.8,JAX,D'Ernest Johnson,0.8
00-0035628,D.Johnson,D'Ernest Johnson,RB,JAX,SF,10,2023,0,0,0.0,0,3,12.0,0,2,2,28.0,0,4.0,6.0,JAX,D'Ernest Johnson,4.0
00-0035628,D.Johnson,D'Ernest Johnson,RB,JAX,TEN,11,2023,0,0,0.0,0,7,20.0,0,1,1,34.0,0,5.4,6.4,JAX,D'Ernest Johnson,5.4
00-0035628,D.Johnson,D'Ernest Johnson,RB,JAX,HOU,12,2023,0,0,0.0,0,7,19.0,0,1,2,42.0,0,6.1,7.1,JAX,D'Ernest Johnson,6.1
00-0035628,D.Johnson,D'Ernest Johnson,RB,JAX,CIN,13,2023,0,0,0.0,0,5,4.0,0,1,1,5.0,0,0.9,1.9,JAX,D'Ernest Johnson,0.9
00-0035628,D.Johnson,D'Ernest Johnson,RB,JAX,CLE,14,2023,0,0,0.0,0,3,12.0,0,2,3,16.0,0,2.8,4.8,JAX,D'Ernest Johnson,2.8
00-0035628,D.Johnson,D'Ernest Johnson,RB,JAX,BAL,15,2023,0,0,0.0,0,2,5.0,0,0,0,0.0,0,0.5,0.5,JAX,D'Ernest Johnson,0.5
00-0035628,D.Johnson,D'Ernest Johnson,RB,JAX,TB,16,2023,0,0,0.0,0,1,2.0,0,0,0,0.0,0,0.2,0.2,JAX,D'Ernest Johnson,0.2
00-0035628,D.Johnson,D'Ernest Johnson,RB,JAX,CAR,17,2023,0,0,0.0,0,3,0.0,0,0,0,0.0,0,0.0,0.0,JAX,D'Ernest Johnson,0.0
00-0035628,D.Johnson,D'Ernest Johnson,RB,JAX,TEN,18,2023,0,0,0.0,0,1,-1.0,0,0,0,0.0,0,-0.1,-0.1,JAX,D'Ernest Johnson,-0.1
00-0035631,D.Sample,Drew Sample,TE,CIN,LA,3,2023,0,0,0.0,0,0,0.0,0,1,1,7.0,0,0.7,1.7,CIN,Drew Sample,0.7
00-0035631,D.Sample,Drew Sample,TE,CIN,TEN,4,2023,0,0,0.0,0,0,0.0,0,1,1,-1.0,0,-0.1,0.9,CIN,Drew Sample,-0.1
00-0035631,D.Sample,Drew Sample,TE,CIN,SEA,6,2023,0,0,0.0,0,0,0.0,0,1,1,4.0,0,0.4,1.4,CIN,Drew Sample,0.4
00-0035631,D.Sample,Drew Sample,TE,CIN,SF,8,2023,0,0,0.0,0,0,0.0,0,0,1,0.0,0,0.0,0.0,CIN,Drew Sample,0.0
00-0035631,D.Sample,Drew Sample,TE,CIN,BUF,9,2023,0,0,0.0,0,0,0.0,0,3,4,30.0,1,9.0,12.0,CIN,Drew Sample,9.0
00-0035631,D.Sample,Drew Sample,TE,CIN,HOU,10,2023,0,0,0.0,0,0,0.0,0,2,3,12.0,0,1.2,3.2,CIN,Drew Sample,1.2
00-0035631,D.Sample,Drew Sample,TE,CIN,BAL,11,2023,0,0,0.0,0,0,0.0,0,2,2,19.0,0,1.9,3.9,CIN,Drew Sample,1.9
00-0035631,D.Sample,Drew Sample,TE,CIN,PIT,12,2023,0,0,0.0,0,0,0.0,0,1,1,11.0,1,7.1,8.1,CIN,Drew Sample,7.1
00-0035631,D.Sample,Drew Sample,TE,CIN,JAX,13,2023,0,0,0.0,0,0,0.0,0,1,1,11.0,0,1.1,2.1,CIN,Drew Sample,1.1
00-0035631,D.Sample,Drew Sample,TE,CIN,IND,14,2023,0,0,0.0,0,0,0.0,0,2,2,4.0,0,0.4,2.4,CIN,Drew Sample,0.4
00-0035631,D.Sample,Drew Sample,TE,CIN,MIN,15,2023,0,0,0.0,0,0,0.0,0,0,1,0.0,0,0.0,0.0,CIN,Drew Sample,0.0
00-0035631,D.Sample,Drew Sample,TE,CIN,PIT,16,2023,0,0,0.0,0,0,0.0,0,3,3,38.0,0,3.8,6.8,CIN,Drew Sample,3.8
00-0035631,D.Sample,Drew Sample,TE,CIN,KC,17,2023,0,0,0.0,0,0,0.0,0,3,4,21.0,0,2.1,5.1,CIN,Drew Sample,2.1
00-0035631,D.Sample,Drew Sample,TE,CIN,CLE,18,2023,0,0,0.0,0,0,0.0,0,2,2,7.0,0,0.7,2.7,CIN,Drew Sample,0.7
00-0035632,A.Hooker,Amani Hooker,FS,TEN,ATL,8,2023,0,0,0.0,0,1,2.0,0,0,0,0.0,0,0.2,0.2,TEN,Amani Hooker,0.2
00-0035639,P.Campbell,Parris Campbell,WR,NYG,DAL,1,2023,0,0,0.0,0,0,0.0,0,1,4,2.0,0,0.2,1.2,NYG,Parris Campbell,0.2
00-0035639,P.Campbell,Parris Campbell,WR,NYG,ARI,2,2023,0,0,0.0,0,0,0.0,0,4,6,21.0,0,2.1,6.1,NYG,Parris Campbell,2.1
00-0035639,P.Campbell,Parris Campbell,WR,NYG,SF,3,2023,0,0,0.0,0,0,0.0,0,6,6,24.0,0,2.4,8.4,NYG,Parris Campbell,2.4
00-0035639,P.Campbell,Parris Campbell,WR,NYG,SEA,4,2023,0,0,0.0,0,0,0.0,0,3,5,15.0,0,1.5,4.5,NYG,Parris Campbell,1.5
00-0035639,P.Campbell,Parris Campbell,WR,NYG,MIA,5,2023,0,0,0.0,0,0,0.0,0,2,2,23.0,0,2.3,4.3,NYG,Parris Campbell,2.3
00-0035639,P.Campbell,Parris Campbell,WR,NYG,LV,9,2023,0,0,0.0,0,0,0.0,0,2,2,15.0,0,1.5,3.5,NYG,Parris Campbell,1.5
00-0035639,P.Campbell,Parris Campbell,WR,NYG,DAL,10,2023,0,0,0.0,0,0,0.0,0,1,1,6.0,0,0.6,1.6,NYG,Parris Campbell,0.6
00-0035639,P.Campbell,Parris Campbell,WR,NYG,NE,12,2023,0,0,0.0,0,0,0.0,0,1,1,-2.0,0,-0.2,0.8,NYG,Parris Campbell,-0.2
00-0035640,D.Metcalf,DK Metcalf,WR,SEA,LA,1,2023,0,0,0.0,0,0,0.0,0,3,5,47.0,1,10.7,13.7,SEA,DK Metcalf,10.7
00-0035640,D.Metcalf,DK Metcalf,WR,SEA,DET,2,2023,0,0,0.0,0,0,0.0,0,6,6,75.0,0,7.5,13.5,SEA,DK Metcalf,7.5
00-0035640,D.Metcalf,DK Metcalf,WR,SEA,CAR,3,2023,0,0,0.0,0,0,0.0,0,6,8,112.0,0,11.2,17.2,SEA,DK Metcalf,11.2
00-0035640,D.Metcalf,DK Metcalf,WR,SEA,NYG,4,2023,0,0,0.0,0,0,0.0,0,3,4,34.0,1,9.4,12.4,SEA,DK Metcalf,9.4
00-0035640,D.Metcalf,DK Metcalf,WR,SEA,CIN,6,2023,0,0,0.0,0,0,0.0,0,4,9,69.0,0,6.9,10.9,SEA,DK Metcalf,6.9
00-0035640,D.Metcalf,DK Metcalf,WR,SEA,CLE,8,2023,0,0,0.0,0,0,0.0,0,5,14,67.0,0,6.7,11.7,SEA,DK Metcalf,6.7
00-0035640,D.Metcalf,DK Metcalf,WR,SEA,BAL,9,2023,0,0,0.0,0,0,0.0,0,1,4,50.0,0,5.0,6.0,SEA,DK Metcalf,5.0
00-0035640,D.Metcalf,DK Metcalf,WR,SEA,WAS,10,2023,0,0,0.0,0,0,0.0,0,7,12,98.0,0,9.8,16.8,SEA,DK Metcalf,9.8
00-0035640,D.Metcalf,DK Metcalf,WR,SEA,LA,11,2023,0,0,0.0,0,0,0.0,0,5,9,94.0,1,15.4,20.4,SEA,DK Metcalf,15.4
00-0035640,D.Metcalf,DK Metcalf,WR,SEA,SF,12,2023,0,0,0.0,0,0,0.0,0,3,9,32.0,0,3.2,6.2,SEA,DK Metcalf,3.2
00-0035640,D.Metcalf,DK Metcalf,WR,SEA,DAL,13,2023,0,0,0.0,0,0,0.0,0,6,8,134.0,3,31.4,37.4,SEA,DK Metcalf,31.4
00-0035640,D.Metcalf,DK Metcalf,WR,SEA,SF,14,2023,0,0,0.0,0,0,0.0,0,2,5,52.0,1,11.2,13.2,SEA,DK Metcalf,11.2
00-0035640,D.Metcalf,DK Metcalf,WR,SEA,PHI,15,2023,0,0,0.0,0,0,0.0,0,5,6,78.0,0,7.8,12.8,SEA,DK Metcalf,7.8
00-0035640,D.Metcalf,DK Metcalf,WR,SEA,TEN,16,2023,0,0,0.0,0,0,0.0,0,4,6,56.0,1,11.6,15.6,SEA,DK Metcalf,11.6
00-0035640,D.Metcalf,DK Metcalf,WR,SEA,PIT,17,2023,0,0,0.0,0,0,0.0,0,5,8,106.0,0,10.6,15.6,SEA,DK Metcalf,10.6
00-0035640,D.Metcalf,DK Metcalf,WR,SEA,ARI,18,2023,0,0,0.0,0,0,0.0,0,1,6,10.0,0,1.0,2.0,SEA,DK Metcalf,1.0
00-0035643,J.Simmons,Jeffery Simmons,DT,TEN,JAX,11,2023,0,0,0.0,0,0,0.0,0,1,1,2.0,1,6.2,7.2,TEN,Jeffery Simmons,6.2
00-0035644,N.Fant,Noah Fant,TE,SEA,DET,2,2023,0,0,0.0,0,0,0.0,0,4,4,56.0,0,5.6,9.6,SEA,Noah Fant,5.6
00-0035644,N.Fant,Noah Fant,TE,SEA,CAR,3,2023,0,0,0.0,0,0,0.0,0,4,5,41.0,0,4.1,8.1,SEA,Noah Fant,4.1
00-0035644,N.Fant,Noah Fant,TE,SEA,NYG,4,2023,0,0,0.0,0,0,0.0,0,2,2,63.0,0,6.3,8.3,SEA,Noah Fant,6.3
00-0035644,N.Fant,Noah Fant,TE,SEA,CIN,6,2023,0,0,0.0,0,0,0.0,0,1,1,9.0,0,0.9,1.9,SEA,Noah Fant,0.9
00-0035644,N.Fant,Noah Fant,TE,SEA,ARI,7,2023,0,0,0.0,0,0,0.0,0,1,1,25.0,0,2.5,3.5,SEA,Noah Fant,2.5
00-0035644,N.Fant,Noah Fant,TE,SEA,CLE,8,2023,0,0,0.0,0,0,0.0,0,2,3,32.0,0,3.2,5.2,SEA,Noah Fant,3.2
00-0035644,N.Fant,Noah Fant,TE,SEA,BAL,9,2023,0,0,0.0,0,0,0.0,0,0,1,0.0,0,0.0,0.0,SEA,Noah Fant,0.0
00-0035644,N.Fant,Noah Fant,TE,SEA,WAS,10,2023,0,0,0.0,0,0,0.0,0,2,3,6.0,0,0.6,2.6,SEA,Noah Fant,0.6
00-0035644,N.Fant,Noah Fant,TE,SEA,LA,11,2023,0,0,0.0,0,0,0.0,0,1,2,4.0,0,0.4,1.4,SEA,Noah Fant,0.4
00-0035644,N.Fant,Noah Fant,TE,SEA,SF,12,2023,0,0,0.0,0,0,0.0,0,2,2,25.0,0,2.5,4.5,SEA,Noah Fant,2.5
00-0035644,N.Fant,Noah Fant,TE,SEA,DAL,13,2023,0,0,0.0,0,0,0.0,0,3,4,43.0,0,4.3,7.3,SEA,Noah Fant,4.3
00-0035644,N.Fant,Noah Fant,TE,SEA,SF,14,2023,0,0,0.0,0,0,0.0,0,2,4,35.0,0,3.5,5.5,SEA,Noah Fant,3.5
00-0035644,N.Fant,Noah Fant,TE,SEA,PHI,15,2023,0,0,0.0,0,0,0.0,0,3,5,16.0,0,1.6,4.6,SEA,Noah Fant,1.6
00-0035644,N.Fant,Noah Fant,TE,SEA,PIT,17,2023,0,0,0.0,0,0,0.0,0,5,6,59.0,0,5.9,10.9,SEA,Noah Fant,5.9
00-0035645,G.Olszewski,Gunner Olszewski,WR,PIT,CLE,2,2023,0,0,0.0,0,0,0.0,0,1,1,0.0,0,-2.0,-1.0,PIT,Gunner Olszewski,-2.0
00-0035645,G.Olszewski,Gunner Olszewski,WR,NYG,NYG,17,2023,0,0,0.0,0,0,0.0,0,0,0,0.0,0,6.0,6.0,NYG,Gunner Olszewski,6.0
00-0035657,D.Harris,Damien Harris,RB,BUF,NYJ,1,2023,0,0,0.0,0,1,3.0,0,2,2,16.0,0,1.9,3.9,BUF,Damien Harris,1.9
00-0035657,D.Harris,Damien Harris,RB,BUF,LV,2,2023,0,0,0.0,0,7,33.0,1,0,0,0.0,0,9.3,9.3,BUF,Damien Harris,9.3
00-0035657,D.Harris,Damien Harris,RB,BUF,WAS,3,2023,0,0,0.0,0,5,15.0,0,0,0,0.0,0,1.5,1.5,BUF,Damien Harris,1.5
00-0035657,D.Harris,Damien Harris,RB,BUF,MIA,4,2023,0,0,0.0,0,6,29.0,0,0,0,0.0,0,2.9,2.9,BUF,Damien Harris,2.9
00-0035657,D.Harris,Damien Harris,RB,BUF,JAX,5,2023,0,0,0.0,0,3,13.0,0,0,0,0.0,0,1.3,1.3,BUF,Damien Harris,1.3
00-0035657,D.Harris,Damien Harris,RB,BUF,NYG,6,2023,0,0,0.0,0,1,1.0,0,0,0,0.0,0,0.1,0.1,BUF,Damien Harris,0.1
00-0035659,T.McLaurin,Terry McLaurin,WR,WAS,ARI,1,2023,0,0,0.0,0,0,0.0,0,2,4,31.0,0,3.1,5.1,WAS,Terry McLaurin,3.1
00-0035659,T.McLaurin,Terry McLaurin,WR,WAS,DEN,2,2023,0,0,0.0,0,0,0.0,0,5,6,54.0,1,11.4,16.4,WAS,Terry McLaurin,11.4
00-0035659,T.McLaurin,Terry McLaurin,WR,WAS,BUF,3,2023,0,0,0.0,0,0,0.0,0,6,6,41.0,0,4.1,10.1,WAS,Terry McLaurin,4.1
00-0035659,T.McLaurin,Terry McLaurin,WR,WAS,PHI,4,2023,0,0,0.0,0,0,0.0,0,8,10,86.0,0,8.6,16.6,WAS,Terry McLaurin,8.6
00-0035659,T.McLaurin,Terry McLaurin,WR,WAS,CHI,5,2023,0,0,0.0,0,0,0.0,0,4,5,49.0,0,4.9,8.9,WAS,Terry McLaurin,4.9
00-0035659,T.McLaurin,Terry McLaurin,WR,WAS,ATL,6,2023,0,0,0.0,0,0,0.0,0,6,11,81.0,0,8.1,14.1,WAS,Terry McLaurin,8.1
00-0035659,T.McLaurin,Terry McLaurin,WR,WAS,NYG,7,2023,0,0,0.0,0,0,0.0,0,6,9,90.0,0,9.0,15.0,WAS,Terry McLaurin,9.0
00-0035659,T.McLaurin,Terry McLaurin,WR,WAS,PHI,8,2023,0,0,0.0,0,0,0.0,0,5,12,63.0,1,12.3,17.3,WAS,Terry McLaurin,12.3
00-0035659,T.McLaurin,Terry McLaurin,WR,WAS,NE,9,2023,0,0,0.0,0,0,0.0,0,5,8,73.0,0,7.3,12.3,WAS,Terry McLaurin,7.3
00-0035659,T.McLaurin,Terry McLaurin,WR,WAS,SEA,10,2023,0,0,0.0,0,0,0.0,0,4,8,33.0,0,3.3,7.3,WAS,Terry McLaurin,3.3
00-0035659,T.McLaurin,Terry McLaurin,WR,WAS,NYG,11,2023,0,0,0.0,0,0,0.0,0,5,7,43.0,0,4.3,9.3,WAS,Terry McLaurin,4.3
00-0035659,T.McLaurin,Terry McLaurin,WR,WAS,DAL,12,2023,0,0,0.0,0,0,0.0,0,4,11,50.0,0,5.0,9.0,WAS,Terry McLaurin,5.0
00-0035659,T.McLaurin,Terry McLaurin,WR,WAS,MIA,13,2023,0,0,0.0,0,0,0.0,0,0,3,0.0,0,0.0,0.0,WAS,Terry McLaurin,0.0
00-0035659,T.McLaurin,Terry McLaurin,WR,WAS,LA,15,2023,0,0,0.0,0,0,0.0,0,6,12,141.0,1,20.1,26.1,WAS,Terry McLaurin,20.1
00-0035659,T.McLaurin,Terry McLaurin,WR,WAS,NYJ,16,2023,0,0,0.0,0,0,0.0,0,3,5,50.0,0,5.0,8.0,WAS,Terry McLaurin,5.0
00-0035659,T.McLaurin,Terry McLaurin,WR,WAS,SF,17,2023,0,0,0.0,0,0,0.0,0,4,7,61.0,1,12.1,16.1,WAS,Terry McLaurin,12.1
00-0035659,T.McLaurin,Terry McLaurin,WR,WAS,DAL,18,2023,0,0,0.0,0,0,0.0,0,6,8,56.0,0,5.6,11.6,WAS,Terry McLaurin,5.6
00-0035662,M.Brown,Marquise Brown,WR,ARI,WAS,1,2023,0,0,0.0,0,1,29.0,0,3,5,28.0,0,5.7,8.7,ARI,Marquise Brown,5.7
00-0035662,M.Brown,Marquise Brown,WR,ARI,NYG,2,2023,0,0,0.0,0,0,0.0,0,6,10,54.0,1,11.4,17.4,ARI,Marquise Brown,11.4
00-0035662,M.Brown,Marquise Brown,WR,ARI,DAL,3,2023,0,0,0.0,0,0,0.0,0,5,7,61.0,1,12.1,17.1,ARI,Marquise Brown,12.1
00-0035662,M.Brown,Marquise Brown,WR,ARI,SF,4,2023,0,0,0.0,0,0,0.0,0,7,10,96.0,0,9.6,16.6,ARI,Marquise Brown,9.6
00-0035662,M.Brown,Marquise Brown,WR,ARI,CIN,5,2023,0,0,0.0,0,0,0.0,0,4,10,61.0,1,12.1,16.1,ARI,Marquise Brown,12.1
00-0035662,M.Brown,Marquise Brown,WR,ARI,LA,6,2023,0,0,0.0,0,0,0.0,0,4,11,34.0,0,3.4,7.4,ARI,Marquise Brown,3.4
00-0035662,M.Brown,Marquise Brown,WR,ARI,SEA,7,2023,0,0,0.0,0,0,0.0,0,3,7,49.0,0,4.9,7.9,ARI,Marquise Brown,4.9
00-0035662,M.Brown,Marquise Brown,WR,ARI,BAL,8,2023,0,0,0.0,0,0,0.0,0,6,9,33.0,1,9.3,15.3,ARI,Marquise Brown,9.3
00-0035662,M.Brown,Marquise Brown,WR,ARI,CLE,9,2023,0,0,0.0,0,0,0.0,0,4,8,24.0,0,2.4,6.4,ARI,Marquise Brown,2.4
00-0035662,M.Brown,Marquise Brown,WR,ARI,ATL,10,2023,0,0,0.0,0,0,0.0,0,1,4,28.0,0,2.8,3.8,ARI,Marquise Brown,2.8
00-0035662,M.Brown,Marquise Brown,WR,ARI,HOU,11,2023,0,0,0.0,0,1,-6.0,0,2,5,18.0,0,1.2,3.2,ARI,Marquise Brown,1.2
00-0035662,M.Brown,Marquise Brown,WR,ARI,LA,12,2023,0,0,0.0,0,0,0.0,0,6,12,88.0,0,8.8,14.8,ARI,Marquise Brown,8.8
00-0035662,M.Brown,Marquise Brown,WR,ARI,PIT,13,2023,0,0,0.0,0,0,0.0,0,0,3,0.0,0,0.0,0.0,ARI,Marquise Brown,0.0
00-0035664,D.Henderson,Darrell Henderson,RB,LA,PIT,7,2023,0,0,0.0,0,18,61.0,1,1,2,5.0,0,12.6,13.6,LA,Darrell Henderson,12.6
00-0035664,D.Henderson,Darrell Henderson,RB,LA,DAL,8,2023,0,0,0.0,0,12,31.0,0,3,3,54.0,0,8.5,11.5,LA,Darrell Henderson,8.5
00-0035664,D.Henderson,Darrell Henderson,RB,LA,GB,9,2023,0,0,0.0,0,10,19.0,0,2,2,16.0,0,3.5,5.5,LA,Darrell Henderson,3.5
00-0035664,D.Henderson,Darrell Henderson,RB,LA,SEA,11,2023,0,0,0.0,0,6,1.0,1,4,7,28.0,0,8.9,12.9,LA,Darrell Henderson,8.9
00-0035676,A.Brown,A.J. Brown,WR,PHI,NE,1,2023,0,0,0.0,0,0,0.0,0,7,10,79.0,0,7.9,14.9,PHI,A.J. Brown,7.9
00-0035676,A.Brown,A.J. Brown,WR,PHI,MIN,2,2023,0,0,0.0,0,0,0.0,0,4,6,29.0,0,2.9,6.9,PHI,A.J. Brown,2.9
00-0035676,A.Brown,A.J. Brown,WR,PHI,TB,3,2023,0,0,0.0,0,0,0.0,0,9,14,131.0,0,13.1,22.1,PHI,A.J. Brown,13.1
00-0035676,A.Brown,A.J. Brown,WR,PHI,WAS,4,2023,0,0,0.0,0,0,0.0,0,9,13,175.0,2,29.5,38.5,PHI,A.J. Brown,29.5
00-0035676,A.Brown,A.J. Brown,WR,PHI,LA,5,2023,0,0,0.0,0,0,0.0,0,6,8,127.0,0,12.7,18.7,PHI,A.J. Brown,12.7
00-0035676,A.Brown,A.J. Brown,WR,PHI,NYJ,6,2023,0,0,0.0,0,0,0.0,0,7,9,131.0,0,13.1,20.1,PHI,A.J. Brown,13.1
00-0035676,A.Brown,A.J. Brown,WR,PHI,MIA,7,2023,0,0,0.0,0,0,0.0,0,10,15,137.0,1,19.7,29.7,PHI,A.J. Brown,19.7
00-0035676,A.Brown,A.J. Brown,WR,PHI,WAS,8,2023,0,0,0.0,0,0,0.0,0,8,8,130.0,2,25.0,33.0,PHI,A.J. Brown,25.0
00-0035676,A.Brown,A.J. Brown,WR,PHI,DAL,9,2023,0,0,0.0,0,0,0.0,0,7,9,66.0,1,12.6,19.6,PHI,A.J. Brown,12.6
00-0035676,A.Brown,A.J. Brown,WR,PHI,KC,11,2023,0,0,0.0,0,0,0.0,0,1,4,8.0,0,0.8,1.8,PHI,A.J. Brown,0.8
00-0035676,A.Brown,A.J. Brown,WR,PHI,BUF,12,2023,0,0,0.0,0,0,0.0,0,5,9,37.0,1,9.7,14.7,PHI,A.J. Brown,9.7
00-0035676,A.Brown,A.J. Brown,WR,PHI,SF,13,2023,0,0,0.0,0,0,0.0,0,8,13,114.0,0,11.4,19.4,PHI,A.J. Brown,11.4
00-0035676,A.Brown,A.J. Brown,WR,PHI,DAL,14,2023,0,0,0.0,0,0,0.0,0,9,13,94.0,0,7.4,16.4,PHI,A.J. Brown,7.4
00-0035676,A.Brown,A.J. Brown,WR,PHI,SEA,15,2023,0,0,0.0,0,0,0.0,0,5,10,56.0,0,5.6,10.6,PHI,A.J. Brown,5.6
00-0035676,A.Brown,A.J. Brown,WR,PHI,NYG,16,2023,0,0,0.0,0,0,0.0,0,6,11,80.0,0,8.0,14.0,PHI,A.J. Brown,8.0
00-0035676,A.Brown,A.J. Brown,WR,PHI,ARI,17,2023,0,0,0.0,0,0,0.0,0,4,5,53.0,0,5.3,9.3,PHI,A.J. Brown,5.3
00-0035676,A.Brown,A.J. Brown,WR,PHI,NYG,18,2023,0,0,0.0,0,0,0.0,0,1,1,9.0,0,-1.1,-0.1,PHI,A.J. Brown,-1.1
00-0035685,D.Montgomery,David Montgomery,RB,DET,KC,1,2023,0,0,0.0,0,21,74.0,1,0,0,0.0,0,13.4,13.4,DET,David Montgomery,13.4
00-0035685,D.Montgomery,David Montgomery,RB,DET,SEA,2,2023,0,0,0.0,0,16,67.0,1,1,1,7.0,0,11.4,12.4,DET,David Montgomery,11.4
00-0035685,D.Montgomery,David Montgomery,RB,DET,GB,4,2023,0,0,0.0,0,32,121.0,3,2,2,20.0,0,32.1,34.1,DET,David Montgomery,32.1
00-0035685,D.Montgomery,David Montgomery,RB,DET,CAR,5,2023,0,0,0.0,0,19,109.0,1,2,6,20.0,0,18.9,20.9,DET,David Montgomery,18.9
00-0035685,D.Montgomery,David Montgomery,RB,DET,TB,6,2023,0,0,0.0,0,6,14.0,0,1,1,19.0,0,3.3,4.3,DET,David Montgomery,3.3
00-0035685,D.Montgomery,David Montgomery,RB,DET,LAC,10,2023,0,0,0.0,0,12,116.0,1,0,0,0.0,0,17.6,17.6,DET,David Montgomery,17.6
00-0035685,D.Montgomery,David Montgomery,RB,DET,CHI,11,2023,0,0,0.0,0,12,76.0,1,2,2,22.0,0,15.8,17.8,DET,David Montgomery,15.8
00-0035685,D.Montgomery,David Montgomery,RB,DET,GB,12,2023,0,0,0.0,0,15,71.0,1,0,1,0.0,0,15.1,15.1,DET,David Montgomery,15.1
00-0035685,D.Montgomery,David Montgomery,RB,DET,NO,13,2023,0,0,0.0,0,18,56.0,1,1,2,-1.0,0,11.5,12.5,DET,David Montgomery,11.5
00-0035685,D.Montgomery,David Montgomery,RB,DET,CHI,14,2023,0,0,0.0,0,10,66.0,0,3,3,19.0,0,8.5,11.5,DET,David Montgomery,8.5
00-0035685,D.Montgomery,David Montgomery,RB,DET,DEN,15,2023,0,0,0.0,0,17,85.0,0,2,3,-3.0,0,8.2,10.2,DET,David Montgomery,8.2
00-0035685,D.Montgomery,David Montgomery,RB,DET,MIN,16,2023,0,0,0.0,0,17,55.0,1,2,2,14.0,0,12.9,14.9,DET,David Montgomery,12.9
00-0035685,D.Montgomery,David Montgomery,RB,DET,DAL,17,2023,0,0,0.0,0,14,65.0,1,0,1,0.0,0,12.5,12.5,DET,David Montgomery,12.5
00-0035685,D.Montgomery,David Montgomery,RB,DET,MIN,18,2023,0,0,0.0,0,10,40.0,1,0,0,0.0,0,10.0,10.0,DET,David Montgomery,10.0
00-0035685,D.Montgomery,David Montgomery,RB,DET,LA,19,2023,0,0,0.0,0,14,57.0,1,1,1,11.0,0,12.8,13.8,DET,David Montgomery,12.8
00-0035685,D.Montgomery,David Montgomery,RB,DET,TB,20,2023,0,0,0.0,0,10,33.0,0,3,4,14.0,0,4.7,7.7,DET,David Montgomery,4.7
00-0035685,D.Montgomery,David Montgomery,RB,DET,SF,21,2023,0,0,0.0,0,15,93.0,1,2,2,20.0,0,17.3,19.3,DET,David Montgomery,17.3
00-0035688,T.Pipkins,Trey Pipkins,T,LAC,TEN,2,2023,0,0,0.0,0,0,0.0,0,0,0,0.0,0,2.0,2.0,LAC,Trey Pipkins,2.0
00-0035689,D.Knox,Dawson Knox,TE,BUF,NYJ,1,2023,0,0,0.0,0,0,0.0,0,3,4,25.0,0,2.5,5.5,BUF,Dawson Knox,2.5
00-0035689,D.Knox,Dawson Knox,TE,BUF,LV,2,2023,0,0,0.0,0,0,0.0,0,3,5,10.0,1,7.0,10.0,BUF,Dawson Knox,7.0
00-0035689,D.Knox,Dawson Knox,TE,BUF,WAS,3,2023,0,0,0.0,0,0,0.0,0,1,3,11.0,0,1.1,2.1,BUF,Dawson Knox,1.1
00-0035689,D.Knox,Dawson Knox,TE,BUF,MIA,4,2023,0,0,0.0,0,0,0.0,0,1,1,12.0,0,1.2,2.2,BUF,Dawson Knox,1.2
00-0035689,D.Knox,Dawson Knox,TE,BUF,JAX,5,2023,0,0,0.0,0,0,0.0,0,3,6,17.0,0,1.7,4.7,BUF,Dawson Knox,1.7
00-0035689,D.Knox,Dawson Knox,TE,BUF,NYG,6,2023,0,0,0.0,0,0,0.0,0,3,6,17.0,0,1.7,4.7,BUF,Dawson Knox,1.7
00-0035689,D.Knox,Dawson Knox,TE,BUF,NE,7,2023,0,0,0.0,0,0,0.0,0,1,3,10.0,0,3.0,4.0,BUF,Dawson Knox,3.0
00-0035689,D.Knox,Dawson Knox,TE,BUF,KC,14,2023,0,0,0.0,0,0,0.0,0,3,3,36.0,0,3.6,6.6,BUF,Dawson Knox,3.6
00-0035689,D.Knox,Dawson Knox,TE,BUF,LAC,16,2023,0,0,0.0,0,0,0.0,0,2,2,26.0,0,2.6,4.6,BUF,Dawson Knox,2.6
00-0035689,D.Knox,Dawson Knox,TE,BUF,MIA,18,2023,0,0,0.0,0,0,0.0,0,2,3,22.0,1,8.2,10.2,BUF,Dawson Knox,8.2
00-0035689,D.Knox,Dawson Knox,TE,BUF,PIT,19,2023,0,0,0.0,0,0,0.0,0,1,2,9.0,1,6.9,7.9,BUF,Dawson Knox,6.9
00-0035689,D.Knox,Dawson Knox,TE,BUF,KC,20,2023,0,0,0.0,0,0,0.0,0,1,1,4.0,0,0.4,1.4,BUF,Dawson Knox,0.4
00-0035700,J.Jacobs,Josh Jacobs,RB,LV,DEN,1,2023,0,0,0.0,0,19,48.0,0,2,3,23.0,0,7.1,9.1,LV,Josh Jacobs,7.1
00-0035700,J.Jacobs,Josh Jacobs,RB,LV,BUF,2,2023,0,0,0.0,0,9,-2.0,0,5,6,51.0,0,4.9,9.9,LV,Josh Jacobs,4.9
00-0035700,J.Jacobs,Josh Jacobs,RB,LV,PIT,3,2023,0,0,0.0,0,17,62.0,0,3,5,18.0,0,8.0,11.0,LV,Josh Jacobs,8.0
00-0035700,J.Jacobs,Josh Jacobs,RB,LV,LAC,4,2023,0,0,0.0,0,17,58.0,1,8,11,81.0,0,19.9,27.9,LV,Josh Jacobs,19.9
00-0035700,J.Jacobs,Josh Jacobs,RB,LV,GB,5,2023,0,0,0.0,0,20,69.0,1,5,5,20.0,0,14.9,19.9,LV,Josh Jacobs,14.9
00-0035700,J.Jacobs,Josh Jacobs,RB,LV,NE,6,2023,0,0,0.0,0,25,77.0,0,2,5,16.0,0,9.3,11.3,LV,Josh Jacobs,9.3
00-0035700,J.Jacobs,Josh Jacobs,RB,LV,CHI,7,2023,0,0,0.0,0,11,35.0,0,1,4,6.0,0,4.1,5.1,LV,Josh Jacobs,4.1
00-0035700,J.Jacobs,Josh Jacobs,RB,LV,DET,8,2023,0,0,0.0,0,15,61.0,1,2,4,27.0,0,14.8,16.8,LV,Josh Jacobs,14.8
00-0035700,J.Jacobs,Josh Jacobs,RB,LV,NYG,9,2023,0,0,0.0,0,26,98.0,2,0,0,0.0,0,21.8,21.8,LV,Josh Jacobs,21.8
00-0035700,J.Jacobs,Josh Jacobs,RB,LV,NYJ,10,2023,0,0,0.0,0,27,116.0,0,2,2,11.0,0,10.7,12.7,LV,Josh Jacobs,10.7
00-0035700,J.Jacobs,Josh Jacobs,RB,LV,MIA,11,2023,0,0,0.0,0,14,39.0,0,1,1,12.0,0,5.1,6.1,LV,Josh Jacobs,5.1
00-0035700,J.Jacobs,Josh Jacobs,RB,LV,KC,12,2023,0,0,0.0,0,20,110.0,1,4,6,15.0,0,18.5,22.5,LV,Josh Jacobs,18.5
00-0035700,J.Jacobs,Josh Jacobs,RB,LV,MIN,14,2023,0,0,0.0,0,13,34.0,0,2,2,16.0,0,5.0,7.0,LV,Josh Jacobs,5.0
00-0035703,M.Boykin,Miles Boykin,WR,PIT,CLE,2,2023,0,0,0.0,0,0,0.0,0,1,1,5.0,0,0.5,1.5,PIT,Miles Boykin,0.5
00-0035703,M.Boykin,Miles Boykin,WR,PIT,BAL,5,2023,0,0,0.0,0,0,0.0,0,0,1,0.0,0,0.0,0.0,PIT,Miles Boykin,0.0
00-0035703,M.Boykin,Miles Boykin,WR,PIT,TEN,9,2023,0,0,0.0,0,0,0.0,0,1,1,6.0,0,0.6,1.6,PIT,Miles Boykin,0.6
00-0035703,M.Boykin,Miles Boykin,WR,PIT,CIN,16,2023,0,0,0.0,0,0,0.0,0,1,1,6.0,0,0.6,1.6,PIT,Miles Boykin,0.6
00-0035704,D.Lock,Drew Lock,QB,SEA,NYG,4,2023,2,6,63.0,0,1,11.0,0,0,0,0.0,0,3.62,3.62,SEA,Drew Lock,3.62
00-0035704,D.Lock,Drew Lock,QB,SEA,LA,11,2023,2,6,3.0,0,0,0.0,0,0,0,0.0,0,-1.88,-1.88,SEA,Drew Lock,-1.88
00-0035704,D.Lock,Drew Lock,QB,SEA,SF,14,2023,22,31,269.0,2,3,5.0,0,0,0,0.0,0,15.26,15.26,SEA,Drew Lock,15.26
00-0035704,D.Lock,Drew Lock,QB,SEA,PHI,15,2023,22,33,208.0,1,1,-2.0,0,0,0,0.0,0,12.12,12.12,SEA,Drew Lock,12.12
00-0035710,D.Jones,Daniel Jones,QB,NYG,DAL,1,2023,15,28,104.0,0,13,43.0,0,0,0,0.0,0,4.46,4.46,NYG,Daniel Jones,4.46
00-0035710,D.Jones,Daniel Jones,QB,NYG,ARI,2,2023,26,37,321.0,2,9,59.0,1,0,0,0.0,0,30.74,30.74,NYG,Daniel Jones,30.74
00-0035710,D.Jones,Daniel Jones,QB,NYG,SF,3,2023,22,32,137.0,0,2,5.0,0,0,0,0.0,0,3.98,3.98,NYG,Daniel Jones,3.98
00-0035710,D.Jones,Daniel Jones,QB,NYG,SEA,4,2023,27,34,203.0,0,10,66.0,0,0,0,0.0,0,8.72,8.72,NYG,Daniel Jones,8.72
00-0035710,D.Jones,Daniel Jones,QB,NYG,MIA,5,2023,14,20,119.0,0,4,24.0,0,0,0,0.0,0,7.16,7.16,NYG,Daniel Jones,7.16
00-0035710,D.Jones,Daniel Jones,QB,NYG,LV,9,2023,4,9,25.0,0,2,9.0,0,0,0,0.0,0,1.9,1.9,NYG,Daniel Jones,1.9
00-0035715,D.Gore,Derrick Gore,RB,WAS,NYG,11,2023,0,0,0.0,0,2,23.0,0,0,0,0.0,0,2.3,2.3,WAS,Derrick Gore,2.3
00-0035715,D.Gore,Derrick Gore,RB,WAS,DAL,18,2023,0,0,0.0,0,1,3.0,0,0,0,0.0,0,0.3,0.3,WAS,Derrick Gore,0.3
00-0035719,D.Samuel,Deebo Samuel Sr.,WR,SF,PIT,1,2023,0,0,0.0,0,2,8.0,0,5,7,55.0,0,6.3,11.3,SF,Deebo Samuel Sr.,6.3
00-0035719,D.Samuel,Deebo Samuel Sr.,WR,SF,LA,2,2023,0,0,0.0,0,5,38.0,1,6,9,63.0,0,16.1,22.1,SF,Deebo Samuel Sr.,16.1
00-0035719,D.Samuel,Deebo Samuel Sr.,WR,SF,NYG,3,2023,0,0,0.0,0,1,2.0,0,6,12,129.0,1,19.1,25.1,SF,Deebo Samuel Sr.,19.1
00-0035719,D.Samuel,Deebo Samuel Sr.,WR,SF,ARI,4,2023,0,0,0.0,0,3,6.0,0,0,0,0.0,0,0.6,0.6,SF,Deebo Samuel Sr.,0.6
00-0035719,D.Samuel,Deebo Samuel Sr.,WR,SF,DAL,5,2023,0,0,0.0,0,5,30.0,0,3,3,55.0,0,8.5,11.5,SF,Deebo Samuel Sr.,8.5
00-0035719,D.Samuel,Deebo Samuel Sr.,WR,SF,CLE,6,2023,0,0,0.0,0,2,11.0,0,0,1,0.0,0,1.1,1.1,SF,Deebo Samuel Sr.,1.1
00-0035719,D.Samuel,Deebo Samuel Sr.,WR,SF,JAX,10,2023,0,0,0.0,0,3,29.0,1,4,4,30.0,0,11.9,15.9,SF,Deebo Samuel Sr.,11.9
00-0035719,D.Samuel,Deebo Samuel Sr.,WR,SF,TB,11,2023,0,0,0.0,0,1,-1.0,0,3,4,63.0,0,6.2,9.2,SF,Deebo Samuel Sr.,6.2
00-0035719,D.Samuel,Deebo Samuel Sr.,WR,SF,SEA,12,2023,0,1,0.0,0,4,15.0,1,7,9,79.0,0,15.4,22.4,SF,Deebo Samuel Sr.,15.4
00-0035719,D.Samuel,Deebo Samuel Sr.,WR,SF,PHI,13,2023,0,0,0.0,0,3,22.0,1,4,4,116.0,2,31.8,35.8,SF,Deebo Samuel Sr.,31.8
00-0035719,D.Samuel,Deebo Samuel Sr.,WR,SF,SEA,14,2023,0,0,0.0,0,1,1.0,1,7,9,149.0,1,27.0,34.0,SF,Deebo Samuel Sr.,27.0
00-0035719,D.Samuel,Deebo Samuel Sr.,WR,SF,ARI,15,2023,0,0,0.0,0,1,11.0,0,4,7,48.0,2,17.9,21.9,SF,Deebo Samuel Sr.,17.9
00-0035719,D.Samuel,Deebo Samuel Sr.,WR,SF,BAL,16,2023,0,0,0.0,0,2,7.0,0,4,12,47.0,0,5.4,9.4,SF,Deebo Samuel Sr.,5.4
00-0035719,D.Samuel,Deebo Samuel Sr.,WR,SF,WAS,17,2023,0,0,0.0,0,3,35.0,0,5,6,37.0,1,13.2,18.2,SF,Deebo Samuel Sr.,13.2
00-0035719,D.Samuel,Deebo Samuel Sr.,WR,SF,LA,18,2023,0,0,0.0,0,1,11.0,0,2,2,21.0,0,3.2,5.2,SF,Deebo Samuel Sr.,3.2
00-0035719,D.Samuel,Deebo Samuel Sr.,WR,SF,GB,20,2023,0,0,0.0,0,0,0.0,0,2,2,24.0,0,2.4,4.4,SF,Deebo Samuel Sr.,2.4
00-0035719,D.Samuel,Deebo Samuel Sr.,WR,SF,DET,21,2023,0,0,0.0,0,3,7.0,0,8,9,89.0,0,9.6,17.6,SF,Deebo Samuel Sr.,9.6
00-0035719,D.Samuel,Deebo Samuel Sr.,WR,SF,KC,22,2023,0,0,0.0,0,3,8.0,0,3,11,33.0,0,4.1,7.1,SF,Deebo Samuel Sr.,4.1
00-0035726,J.Johnson,Jakob Johnson,FB,LV,LAC,4,2023,0,0,0.0,0,0,0.0,0,1,2,12.0,0,1.2,2.2,LV,Jakob Johnson,1.2
00-0035771,M.Wilcox,Mitchell Wilcox,TE,CIN,LA,3,2023,0,0,0.0,0,0,0.0,0,2,3,10.0,0,1.0,3.0,CIN,Mitchell Wilcox,1.0
00-0035771,M.Wilcox,Mitchell Wilcox,TE,CIN,TEN,4,2023,0,0,0.0,0,0,0.0,0,1,1,7.0,0,0.7,1.7,CIN,Mitchell Wilcox,0.7
00-0035771,M.Wilcox,Mitchell Wilcox,TE,CIN,HOU,10,2023,0,0,0.0,0,0,0.0,0,0,1,0.0,0,0.0,0.0,CIN,Mitchell Wilcox,0.0
00-0035771,M.Wilcox,Mitchell Wilcox,TE,CIN,PIT,12,2023,0,0,0.0,0,0,0.0,0,1,1,1.0,0,0.1,1.1,CIN,Mitchell Wilcox,0.1
00-0035771,M.Wilcox,Mitchell Wilcox,TE,CIN,JAX,13,2023,0,0,0.0,0,0,0.0,0,1,1,12.0,0,1.2,2.2,CIN,Mitchell Wilcox,1.2
00-0035771,M.Wilcox,Mitchell Wilcox,TE,CIN,IND,14,2023,0,0,0.0,0,0,0.0,0,1,1,0.0,0,0.0,1.0,CIN,Mitchell Wilcox,0.0
00-0035771,M.Wilcox,Mitchell Wilcox,TE,CIN,MIN,15,2023,0,0,0.0,0,0,0.0,0,2,2,20.0,0,2.0,4.0,CIN,Mitchell Wilcox,2.0
00-0035771,M.Wilcox,Mitchell Wilcox,TE,CIN,PIT,16,2023,0,0,0.0,0,0,0.0,0,1,1,6.0,0,0.6,1.6,CIN,Mitchell Wilcox,0.6
00-0035771,M.Wilcox,Mitchell Wilcox,TE,CIN,KC,17,2023,0,0,0.0,0,0,0.0,0,0,1,0.0,0,0.0,0.0,CIN,Mitchell Wilcox,0.0
00-0035806,J.Hasty,JaMycal Hasty,RB,JAX,ATL,4,2023,0,0,0.0,0,0,0.0,0,0,2,0.0,0,0.0,0.0,JAX,JaMycal Hasty,0.0
00-0035831,J.Robinson,James Robinson,RB,GB,KC,13,2023,0,0,0.0,0,1,2.0,0,1,1,-2.0,0,0.0,1.0,GB,James Robinson,0.0
00-0035859,B.Gillikin,Blake Gillikin,P,ARI,LA,12,2023,0,0,0.0,0,1,10.0,0,0,0,0.0,0,1.0,1.0,ARI,Blake Gillikin,1.0
00-0035860,T.Jones,Tony Jones,RB,NO,TEN,1,2023,0,0,0.0,0,1,5.0,0,0,0,0.0,0,0.5,0.5,NO,Tony Jones,0.5
00-0035860,T.Jones,Tony Jones,RB,NO,CAR,2,2023,0,0,0.0,0,12,34.0,2,0,2,0.0,0,15.4,15.4,NO,Tony Jones,15.4
00-0035860,T.Jones,Tony Jones,RB,NO,GB,3,2023,0,0,0.0,0,8,31.0,0,4,4,21.0,0,5.2,9.2,NO,Tony Jones,5.2
00-0035860,T.Jones,Tony Jones,RB,ARI,CLE,9,2023,0,0,0.0,0,3,2.0,0,2,3,5.0,0,0.7,2.7,ARI,Tony Jones,0.7
00-0035860,T.Jones,Tony Jones,RB,ARI,ATL,10,2023,0,0,0.0,0,1,13.0,0,0,0,0.0,0,1.3,1.3,ARI,Tony Jones,1.3
00-0035860,T.Jones,Tony Jones,RB,ARI,HOU,11,2023,0,0,0.0,0,1,10.0,0,1,1,11.0,0,2.1,3.1,ARI,Tony Jones,2.1
00-0035889,T.Townsend,Tommy Townsend,P,KC,LV,16,2023,1,1,11.0,0,0,0.0,0,0,0,0.0,0,0.44,0.44,KC,Tommy Townsend,0.44
00-0035924,J.Ward,Jonathan Ward,RB,TEN,HOU,17,2023,0,0,0.0,0,3,11.0,0,0,0,0.0,0,1.1,1.1,TEN,Jonathan Ward,1.1
00-0035934,T.Jackson,Trishton Jackson,WR,MIN,SF,7,2023,0,0,0.0,0,0,0.0,0,1,1,7.0,0,0.7,1.7,MIN,Trishton Jackson,0.7
00-0035934,T.Jackson,Trishton Jackson,WR,MIN,ATL,9,2023,0,0,0.0,0,0,0.0,0,1,3,2.0,0,2.2,3.2,MIN,Trishton Jackson,2.2
00-0035956,G.Ricci,Giovanni Ricci,TE,CAR,ATL,1,2023,0,0,0.0,0,0,0.0,0,1,1,2.0,0,0.2,1.2,CAR,Giovanni Ricci,0.2
00-0035973,P.Taylor,Patrick Taylor,RB,GB,CHI,1,2023,0,0,0.0,0,5,22.0,0,0,0,0.0,0,2.2,2.2,GB,Patrick Taylor,2.2
00-0035973,P.Taylor,Patrick Taylor,RB,GB,ATL,2,2023,0,0,0.0,0,1,1.0,0,0,1,0.0,0,0.1,0.1,GB,Patrick Taylor,0.1
00-0035973,P.Taylor,Patrick Taylor,RB,GB,NO,3,2023,0,0,0.0,0,3,6.0,0,3,4,23.0,0,2.9,5.9,GB,Patrick Taylor,2.9
00-0035973,P.Taylor,Patrick Taylor,RB,GB,LV,5,2023,0,0,0.0,0,2,2.0,0,2,5,5.0,0,0.7,2.7,GB,Patrick Taylor,0.7
00-0035973,P.Taylor,Patrick Taylor,RB,GB,DET,12,2023,0,0,0.0,0,3,11.0,0,1,1,4.0,0,1.5,2.5,GB,Patrick Taylor,1.5
00-0035973,P.Taylor,Patrick Taylor,RB,GB,KC,13,2023,0,0,0.0,0,2,29.0,0,0,1,0.0,0,2.9,2.9,GB,Patrick Taylor,2.9
00-0035973,P.Taylor,Patrick Taylor,RB,GB,NYG,14,2023,0,0,0.0,0,4,30.0,0,2,2,22.0,0,5.2,7.2,GB,Patrick Taylor,5.2
00-0035973,P.Taylor,Patrick Taylor,RB,GB,TB,15,2023,0,0,0.0,0,1,6.0,0,2,2,-4.0,0,0.2,2.2,GB,Patrick Taylor,0.2
00-0035973,P.Taylor,Patrick Taylor,RB,GB,CAR,16,2023,0,0,0.0,0,3,4.0,0,1,1,-1.0,0,0.3,1.3,GB,Patrick Taylor,0.3
00-0035973,P.Taylor,Patrick Taylor,RB,GB,MIN,17,2023,0,0,0.0,0,8,30.0,0,0,0,0.0,0,3.0,3.0,GB,Patrick Taylor,3.0
00-0035973,P.Taylor,Patrick Taylor,RB,GB,DAL,19,2023,0,0,0.0,0,3,6.0,0,0,0,0.0,0,0.6,0.6,GB,Patrick Taylor,0.6
00-0035993,T.Huntley,Tyler Huntley,QB,BAL,CLE,4,2023,0,0,0.0,0,2,8.0,0,0,0,0.0,0,0.8,0.8,BAL,Tyler Huntley,0.8
00-0035993,T.Huntley,Tyler Huntley,QB,BAL,DET,7,2023,0,1,0.0,0,0,0.0,0,0,0,0.0,0,0.0,0.0,BAL,Tyler Huntley,0.0
00-0035993,T.Huntley,Tyler Huntley,QB,BAL,SEA,9,2023,5,7,38.0,1,4,8.0,0,0,0,0.0,0,6.32,6.32,BAL,Tyler Huntley,6.32
00-0035993,T.Huntley,Tyler Huntley,QB,BAL,MIA,17,2023,1,1,19.0,1,1,-1.0,0,0,0,0.0,0,4.66,4.66,BAL,Tyler Huntley,4.66
00-0035993,T.Huntley,Tyler Huntley,QB,BAL,PIT,18,2023,15,28,146.0,1,8,40.0,0,0,0,0.0,0,13.84,13.84,BAL,Tyler Huntley,13.84
00-0036020,S.Ahmed,Salvon Ahmed,RB,MIA,LAC,1,2023,0,0,0.0,0,3,11.0,0,0,3,0.0,0,1.1,1.1,MIA,Salvon Ahmed,1.1
00-0036020,S.Ahmed,Salvon Ahmed,RB,MIA,NE,2,2023,0,0,0.0,0,3,13.0,0,3,3,28.0,0,4.1,7.1,MIA,Salvon Ahmed,4.1
00-0036020,S.Ahmed,Salvon Ahmed,RB,MIA,CAR,6,2023,0,0,0.0,0,6,23.0,1,3,5,11.0,0,9.4,12.4,MIA,Salvon Ahmed,9.4
00-0036020,S.Ahmed,Salvon Ahmed,RB,MIA,PHI,7,2023,0,0,0.0,0,2,3.0,0,1,2,0.0,0,0.3,1.3,MIA,Salvon Ahmed,0.3
00-0036020,S.Ahmed,Salvon Ahmed,RB,MIA,NE,8,2023,0,0,0.0,0,2,1.0,0,4,4,16.0,0,1.7,5.7,MIA,Salvon Ahmed,1.7
00-0036020,S.Ahmed,Salvon Ahmed,RB,MIA,KC,9,2023,0,0,0.0,0,3,4.0,0,2,3,8.0,0,1.2,3.2,MIA,Salvon Ahmed,1.2
00-0036020,S.Ahmed,Salvon Ahmed,RB,MIA,LV,11,2023,0,0,0.0,0,3,6.0,0,3,3,25.0,1,9.1,12.1,MIA,Salvon Ahmed,9.1
00-0036032,S.McKeon,Sean McKeon,TE,DAL,LAC,6,2023,0,0,0.0,0,0,0.0,0,0,1,0.0,0,0.0,0.0,DAL,Sean McKeon,0.0
00-0036032,S.McKeon,Sean McKeon,TE,DAL,LA,8,2023,0,0,0.0,0,0,0.0,0,0,1,0.0,0,0.0,0.0,DAL,Sean McKeon,0.0
00-0036040,J.Johnson,Juwan Johnson,TE,NO,TEN,1,2023,0,0,0.0,0,0,0.0,0,3,5,36.0,0,3.6,6.6,NO,Juwan Johnson,3.6
00-0036040,J.Johnson,Juwan Johnson,TE,NO,CAR,2,2023,0,0,0.0,0,0,0.0,0,2,3,13.0,0,1.3,3.3,NO,Juwan Johnson,1.3
00-0036040,J.Johnson,Juwan Johnson,TE,NO,GB,3,2023,0,0,0.0,0,0,0.0,0,2,4,12.0,0,1.2,3.2,NO,Juwan Johnson,1.2
00-0036040,J.Johnson,Juwan Johnson,TE,NO,IND,8,2023,0,0,0.0,0,0,0.0,0,1,2,5.0,0,0.5,1.5,NO,Juwan Johnson,0.5
00-0036040,J.Johnson,Juwan Johnson,TE,NO,CHI,9,2023,0,0,0.0,0,0,0.0,0,5,5,29.0,1,8.9,13.9,NO,Juwan Johnson,8.9
00-0036040,J.Johnson,Juwan Johnson,TE,NO,MIN,10,2023,0,0,0.0,0,0,0.0,0,1,3,2.0,0,0.2,1.2,NO,Juwan Johnson,0.2
00-0036040,J.Johnson,Juwan Johnson,TE,NO,ATL,12,2023,0,0,0.0,0,0,0.0,0,4,7,45.0,0,4.5,8.5,NO,Juwan Johnson,4.5
00-0036040,J.Johnson,Juwan Johnson,TE,NO,DET,13,2023,0,0,0.0,0,0,0.0,0,0,3,0.0,0,0.0,0.0,NO,Juwan Johnson,0.0
00-0036040,J.Johnson,Juwan Johnson,TE,NO,CAR,14,2023,0,0,0.0,0,0,0.0,0,2,3,10.0,0,1.0,3.0,NO,Juwan Johnson,1.0
00-0036040,J.Johnson,Juwan Johnson,TE,NO,NYG,15,2023,0,0,0.0,0,0,0.0,0,2,2,38.0,1,9.8,11.8,NO,Juwan Johnson,9.8
00-0036040,J.Johnson,Juwan Johnson,TE,NO,LA,16,2023,0,0,0.0,0,0,0.0,0,4,7,48.0,1,10.8,14.8,NO,Juwan Johnson,10.8
00-0036040,J.Johnson,Juwan Johnson,TE,NO,TB,17,2023,0,0,0.0,0,0,0.0,0,8,12,90.0,1,15.0,23.0,NO,Juwan Johnson,15.0
00-0036040,J.Johnson,Juwan Johnson,TE,NO,ATL,18,2023,0,0,0.0,0,0,0.0,0,3,3,40.0,0,4.0,7.0,NO,Juwan Johnson,4.0
00-0036124,K.Dorsey,Khalil Dorsey,CB,DET,DAL,17,2023,0,0,0.0,0,0,0.0,0,1,1,31.0,0,3.1,4.1,DET,Khalil Dorsey,3.1
00-0036132,B.Bredeson,Ben Bredeson,G,NYG,SEA,4,2023,0,0,0.0,0,0,0.0,0,1,1,0.0,0,0.0,1.0,NYG,Ben Bredeson,0.0
00-0036133,J.Proche,James Proche,WR,CLE,BAL,10,2023,0,0,0.0,0,0,0.0,0,0,1,0.0,0,0.0,0.0,CLE,James Proche,0.0
00-0036133,J.Proche,James Proche,WR,CLE,CIN,18,2023,0,0,0.0,0,0,0.0,0,0,4,0.0,0,0.0,0.0,CLE,James Proche,0.0
00-0036139,R.Dowdle,Rico Dowdle,RB,DAL,NYG,1,2023,0,0,0.0,0,6,24.0,0,0,0,0.0,0,2.4,2.4,DAL,Rico Dowdle,2.4
00-0036139,R.Dowdle,Rico Dowdle,RB,DAL,NYJ,2,2023,0,0,0.0,0,7,26.0,0,1,1,17.0,0,4.3,5.3,DAL,Rico Dowdle,4.3
00-0036139,R.Dowdle,Rico Dowdle,RB,DAL,ARI,3,2023,0,0,0.0,0,4,21.0,0,3,3,25.0,1,10.6,13.6,DAL,Rico Dowdle,10.6
00-0036139,R.Dowdle,Rico Dowdle,RB,DAL,NE,4,2023,0,0,0.0,0,3,9.0,0,1,1,8.0,0,1.7,2.7,DAL,Rico Dowdle,1.7
00-0036139,R.Dowdle,Rico Dowdle,RB,DAL,SF,5,2023,0,0,0.0,0,5,15.0,0,0,1,0.0,0,1.5,1.5,DAL,Rico Dowdle,1.5
00-0036139,R.Dowdle,Rico Dowdle,RB,DAL,LAC,6,2023,0,0,0.0,0,3,12.0,0,0,0,0.0,0,1.2,1.2,DAL,Rico Dowdle,1.2
00-0036139,R.Dowdle,Rico Dowdle,RB,DAL,LA,8,2023,0,0,0.0,0,5,18.0,0,2,2,7.0,0,2.5,4.5,DAL,Rico Dowdle,2.5
00-0036139,R.Dowdle,Rico Dowdle,RB,DAL,PHI,9,2023,0,0,0.0,0,2,8.0,0,0,0,0.0,0,0.8,0.8,DAL,Rico Dowdle,0.8
00-0036139,R.Dowdle,Rico Dowdle,RB,DAL,NYG,10,2023,0,0,0.0,0,12,79.0,1,0,0,0.0,0,13.9,13.9,DAL,Rico Dowdle,13.9
00-0036139,R.Dowdle,Rico Dowdle,RB,DAL,CAR,11,2023,0,0,0.0,0,8,23.0,0,2,2,-3.0,0,2.0,4.0,DAL,Rico Dowdle,2.0
00-0036139,R.Dowdle,Rico Dowdle,RB,DAL,WAS,12,2023,0,0,0.0,0,3,11.0,0,1,1,15.0,1,8.6,9.6,DAL,Rico Dowdle,8.6
00-0036139,R.Dowdle,Rico Dowdle,RB,DAL,SEA,13,2023,0,0,0.0,0,5,15.0,0,1,1,7.0,0,2.2,3.2,DAL,Rico Dowdle,2.2
00-0036139,R.Dowdle,Rico Dowdle,RB,DAL,PHI,14,2023,0,0,0.0,0,12,46.0,1,1,1,6.0,0,11.2,12.2,DAL,Rico Dowdle,11.2
00-0036139,R.Dowdle,Rico Dowdle,RB,DAL,BUF,15,2023,0,0,0.0,0,3,4.0,0,2,3,8.0,0,1.2,3.2,DAL,Rico Dowdle,1.2
00-0036139,R.Dowdle,Rico Dowdle,RB,DAL,MIA,16,2023,0,0,0.0,0,2,4.0,0,0,2,0.0,0,0.4,0.4,DAL,Rico Dowdle,0.4
00-0036139,R.Dowdle,Rico Dowdle,RB,DAL,WAS,18,2023,0,0,0.0,0,9,46.0,0,3,4,54.0,0,10.0,13.0,DAL,Rico Dowdle,10.0
00-0036139,R.Dowdle,Rico Dowdle,RB,DAL,GB,19,2023,0,0,0.0,0,2,11.0,0,2,3,14.0,0,4.5,6.5,DAL,Rico Dowdle,4.5
00-0036145,L.Cager,Lawrence Cager,TE,NYG,DAL,1,2023,0,0,0.0,0,0,0.0,0,2,2,17.0,0,1.7,3.7,NYG,Lawrence Cager,1.7
00-0036145,L.Cager,Lawrence Cager,TE,NYG,DAL,10,2023,0,0,0.0,0,0,0.0,0,1,2,10.0,1,7.0,8.0,NYG,Lawrence Cager,7.0
00-0036145,L.Cager,Lawrence Cager,TE,NYG,NO,15,2023,0,0,0.0,0,0,0.0,0,1,1,9.0,0,0.9,1.9,NYG,Lawrence Cager,0.9
00-0036158,J.Dobbins,J.K. Dobbins,RB,BAL,HOU,1,2023,0,0,0.0,0,8,22.0,1,2,3,15.0,0,9.7,11.7,BAL,J.K. Dobbins,9.7
00-0036165,I.Hodgins,Isaiah Hodgins,WR,NYG,DAL,1,2023,0,0,0.0,0,0,0.0,0,1,3,24.0,0,0.4,1.4,NYG,Isaiah Hodgins,0.4
00-0036165,I.Hodgins,Isaiah Hodgins,WR,NYG,ARI,2,2023,0,0,0.0,0,0,0.0,0,4,5,40.0,1,10.0,14.0,NYG,Isaiah Hodgins,10.0
00-0036165,I.Hodgins,Isaiah Hodgins,WR,NYG,SF,3,2023,0,0,0.0,0,0,0.0,0,0,1,0.0,0,0.0,0.0,NYG,Isaiah Hodgins,0.0
00-0036165,I.Hodgins,Isaiah Hodgins,WR,NYG,SEA,4,2023,0,0,0.0,0,0,0.0,0,3,3,24.0,0,2.4,5.4,NYG,Isaiah Hodgins,2.4
00-0036165,I.Hodgins,Isaiah Hodgins,WR,NYG,MIA,5,2023,0,0,0.0,0,0,0.0,0,2,2,19.0,0,1.9,3.9,NYG,Isaiah Hodgins,1.9
00-0036165,I.Hodgins,Isaiah Hodgins,WR,NYG,WAS,7,2023,0,0,0.0,0,0,0.0,0,2,4,13.0,0,1.3,3.3,NYG,Isaiah Hodgins,1.3
00-0036165,I.Hodgins,Isaiah Hodgins,WR,NYG,LV,9,2023,0,0,0.0,0,0,0.0,0,0,1,0.0,0,0.0,0.0,NYG,Isaiah Hodgins,0.0
00-0036165,I.Hodgins,Isaiah Hodgins,WR,NYG,DAL,10,2023,0,0,0.0,0,0,0.0,0,0,2,0.0,0,0.0,0.0,NYG,Isaiah Hodgins,0.0
00-0036165,I.Hodgins,Isaiah Hodgins,WR,NYG,WAS,11,2023,0,0,0.0,0,0,0.0,0,2,3,22.0,0,2.2,4.2,NYG,Isaiah Hodgins,2.2
00-0036165,I.Hodgins,Isaiah Hodgins,WR,NYG,NE,12,2023,0,0,0.0,0,0,0.0,0,1,1,12.0,1,7.2,8.2,NYG,Isaiah Hodgins,7.2
00-0036165,I.Hodgins,Isaiah Hodgins,WR,NYG,GB,14,2023,0,0,0.0,0,0,0.0,0,2,2,22.0,1,8.2,10.2,NYG,Isaiah Hodgins,8.2
00-0036165,I.Hodgins,Isaiah Hodgins,WR,NYG,NO,15,2023,0,0,0.0,0,0,0.0,0,0,1,0.0,0,0.0,0.0,NYG,Isaiah Hodgins,0.0
00-0036165,I.Hodgins,Isaiah Hodgins,WR,NYG,LA,17,2023,0,0,0.0,0,0,0.0,0,1,2,18.0,0,1.8,2.8,NYG,Isaiah Hodgins,1.8
00-0036165,I.Hodgins,Isaiah Hodgins,WR,NYG,PHI,18,2023,0,0,0.0,0,0,0.0,0,3,3,36.0,0,3.6,6.6,NYG,Isaiah Hodgins,3.6
00-0036176,M.Kinsey,Mason Kinsey,WR,TEN,SEA,16,2023,0,0,0.0,0,0,0.0,0,1,1,6.0,0,0.6,1.6,TEN,Mason Kinsey,0.6
00-0036182,N.Westbrook-Ikhine,Nick Westbrook-Ikhine,WR,TEN,NO,1,2023,0,0,0.0,0,0,0.0,0,4,7,58.0,0,5.8,9.8,TEN,Nick Westbrook-Ikhine,5.8
00-0036182,N.Westbrook-Ikhine,Nick Westbrook-Ikhine,WR,TEN,LAC,2,2023,0,0,0.0,0,0,0.0,0,3,3,25.0,1,8.5,11.5,TEN,Nick Westbrook-Ikhine,8.5
00-0036182,N.Westbrook-Ikhine,Nick Westbrook-Ikhine,WR,TEN,CIN,4,2023,0,0,0.0,0,0,0.0,0,5,6,51.0,1,11.1,16.1,TEN,Nick Westbrook-Ikhine,11.1
00-0036182,N.Westbrook-Ikhine,Nick Westbrook-Ikhine,WR,TEN,IND,5,2023,0,0,0.0,0,0,0.0,0,1,3,9.0,0,0.9,1.9,TEN,Nick Westbrook-Ikhine,0.9
00-0036182,N.Westbrook-Ikhine,Nick Westbrook-Ikhine,WR,TEN,BAL,6,2023,0,0,0.0,0,0,0.0,0,3,4,25.0,0,2.5,5.5,TEN,Nick Westbrook-Ikhine,2.5
00-0036182,N.Westbrook-Ikhine,Nick Westbrook-Ikhine,WR,TEN,ATL,8,2023,0,0,0.0,0,0,0.0,0,1,2,33.0,1,9.3,10.3,TEN,Nick Westbrook-Ikhine,9.3
00-0036182,N.Westbrook-Ikhine,Nick Westbrook-Ikhine,WR,TEN,PIT,9,2023,0,0,0.0,0,0,0.0,0,1,1,23.0,0,2.3,3.3,TEN,Nick Westbrook-Ikhine,2.3
00-0036182,N.Westbrook-Ikhine,Nick Westbrook-Ikhine,WR,TEN,TB,10,2023,0,0,0.0,0,0,0.0,0,1,4,9.0,0,0.9,1.9,TEN,Nick Westbrook-Ikhine,0.9
00-0036182,N.Westbrook-Ikhine,Nick Westbrook-Ikhine,WR,TEN,JAX,11,2023,0,0,0.0,0,0,0.0,0,1,1,7.0,0,0.7,1.7,TEN,Nick Westbrook-Ikhine,0.7
00-0036182,N.Westbrook-Ikhine,Nick Westbrook-Ikhine,WR,TEN,CAR,12,2023,0,0,0.0,0,0,0.0,0,4,5,41.0,0,4.1,8.1,TEN,Nick Westbrook-Ikhine,4.1
00-0036182,N.Westbrook-Ikhine,Nick Westbrook-Ikhine,WR,TEN,IND,13,2023,0,0,0.0,0,0,0.0,0,1,3,28.0,0,2.8,3.8,TEN,Nick Westbrook-Ikhine,2.8
00-0036182,N.Westbrook-Ikhine,Nick Westbrook-Ikhine,WR,TEN,MIA,14,2023,0,0,0.0,0,0,0.0,0,2,4,28.0,0,4.8,6.8,TEN,Nick Westbrook-Ikhine,4.8
00-0036182,N.Westbrook-Ikhine,Nick Westbrook-Ikhine,WR,TEN,HOU,15,2023,0,0,0.0,0,0,0.0,0,1,2,33.0,0,3.3,4.3,TEN,Nick Westbrook-Ikhine,3.3
00-0036187,R.Gilliam,Reggie Gilliam,FB,BUF,LV,2,2023,0,0,0.0,0,0,0.0,0,1,1,3.0,0,0.3,1.3,BUF,Reggie Gilliam,0.3
00-0036196,G.Davis,Gabe Davis,WR,BUF,NYJ,1,2023,0,0,0.0,0,0,0.0,0,2,4,32.0,0,3.2,5.2,BUF,Gabe Davis,3.2
00-0036196,G.Davis,Gabe Davis,WR,BUF,LV,2,2023,0,0,0.0,0,0,0.0,0,6,7,92.0,1,15.2,21.2,BUF,Gabe Davis,15.2
00-0036196,G.Davis,Gabe Davis,WR,BUF,WAS,3,2023,0,0,0.0,0,1,-2.0,0,1,4,35.0,1,9.3,10.3,BUF,Gabe Davis,9.3
00-0036196,G.Davis,Gabe Davis,WR,BUF,MIA,4,2023,0,0,0.0,0,0,0.0,0,3,3,61.0,1,12.1,15.1,BUF,Gabe Davis,12.1
00-0036196,G.Davis,Gabe Davis,WR,BUF,JAX,5,2023,0,0,0.0,0,0,0.0,0,6,8,100.0,1,16.0,22.0,BUF,Gabe Davis,16.0
00-0036196,G.Davis,Gabe Davis,WR,BUF,NYG,6,2023,0,0,0.0,0,0,0.0,0,3,4,21.0,0,0.1,3.1,BUF,Gabe Davis,0.1
00-0036196,G.Davis,Gabe Davis,WR,BUF,NE,7,2023,0,0,0.0,0,0,0.0,0,1,5,6.0,0,0.6,1.6,BUF,Gabe Davis,0.6
00-0036196,G.Davis,Gabe Davis,WR,BUF,TB,8,2023,0,0,0.0,0,0,0.0,0,9,12,87.0,1,14.7,23.7,BUF,Gabe Davis,14.7
00-0036196,G.Davis,Gabe Davis,WR,BUF,CIN,9,2023,0,0,0.0,0,0,0.0,0,0,2,0.0,0,0.0,0.0,BUF,Gabe Davis,0.0
00-0036196,G.Davis,Gabe Davis,WR,BUF,DEN,10,2023,0,0,0.0,0,0,0.0,0,2,6,56.0,0,7.6,9.6,BUF,Gabe Davis,7.6
00-0036196,G.Davis,Gabe Davis,WR,BUF,PHI,12,2023,0,0,0.0,0,0,0.0,0,6,12,105.0,1,16.5,22.5,BUF,Gabe Davis,16.5
00-0036196,G.Davis,Gabe Davis,WR,BUF,KC,14,2023,0,0,0.0,0,0,0.0,0,0,2,0.0,0,0.0,0.0,BUF,Gabe Davis,0.0
00-0036196,G.Davis,Gabe Davis,WR,BUF,DAL,15,2023,0,0,0.0,0,0,0.0,0,0,1,0.0,0,0.0,0.0,BUF,Gabe Davis,0.0
00-0036196,G.Davis,Gabe Davis,WR,BUF,LAC,16,2023,0,0,0.0,0,0,0.0,0,4,6,130.0,1,19.0,23.0,BUF,Gabe Davis,19.0
00-0036196,G.Davis,Gabe Davis,WR,BUF,NE,17,2023,0,0,0.0,0,0,0.0,0,2,3,21.0,0,2.1,4.1,BUF,Gabe Davis,2.1
00-0036196,G.Davis,Gabe Davis,WR,BUF,MIA,18,2023,0,0,0.0,0,0,0.0,0,0,2,0.0,0,0.0,0.0,BUF,Gabe Davis,0.0
00-0036212,T.Tagovailoa,Tua Tagovailoa,QB,MIA,LAC,1,2023,28,45,466.0,3,5,5.0,0,0,0,0.0,0,27.14,27.14,MIA,Tua Tagovailoa,27.14
00-0036212,T.Tagovailoa,Tua Tagovailoa,QB,MIA,NE,2,2023,21,30,249.0,1,4,3.0,0,0,0,0.0,0,12.26,12.26,MIA,Tua Tagovailoa,12.26
00-0036212,T.Tagovailoa,Tua Tagovailoa,QB,MIA,DEN,3,2023,23,26,309.0,4,0,0.0,0,0,0,0.0,0,28.36,28.36,MIA,Tua Tagovailoa,28.36
00-0036212,T.Tagovailoa,Tua Tagovailoa,QB,MIA,BUF,4,2023,25,35,282.0,1,2,7.0,0,0,0,0.0,0,13.98,13.98,MIA,Tua Tagovailoa,13.98
00-0036212,T.Tagovailoa,Tua Tagovailoa,QB,MIA,NYG,5,2023,22,30,308.0,2,2,6.0,0,0,0,0.0,0,16.92,16.92,MIA,Tua Tagovailoa,16.92
00-0036212,T.Tagovailoa,Tua Tagovailoa,QB,MIA,CAR,6,2023,21,31,262.0,3,1,0.0,0,0,0,0.0,0,22.48,22.48,MIA,Tua Tagovailoa,22.48
00-0036212,T.Tagovailoa,Tua Tagovailoa,QB,MIA,PHI,7,2023,23,32,216.0,1,1,-3.0,0,0,0,0.0,0,10.34,10.34,MIA,Tua Tagovailoa,10.34
00-0036212,T.Tagovailoa,Tua Tagovailoa,QB,MIA,NE,8,2023,30,45,324.0,3,6,8.0,0,0,0,0.0,0,21.76,21.76,MIA,Tua Tagovailoa,21.76
00-0036212,T.Tagovailoa,Tua Tagovailoa,QB,MIA,KC,9,2023,21,34,193.0,1,2,7.0,0,0,0,0.0,0,12.42,12.42,MIA,Tua Tagovailoa,12.42
00-0036212,T.Tagovailoa,Tua Tagovailoa,QB,MIA,LV,11,2023,28,39,325.0,2,2,6.0,0,0,0,0.0,0,17.6,17.6,MIA,Tua Tagovailoa,17.6
00-0036212,T.Tagovailoa,Tua Tagovailoa,QB,MIA,NYJ,12,2023,21,30,243.0,1,2,1.0,0,0,0,0.0,0,7.82,7.82,MIA,Tua Tagovailoa,7.82
00-0036212,T.Tagovailoa,Tua Tagovailoa,QB,MIA,WAS,13,2023,18,24,280.0,2,0,0.0,0,0,0,0.0,0,19.2,19.2,MIA,Tua Tagovailoa,19.2
00-0036212,T.Tagovailoa,Tua Tagovailoa,QB,MIA,TEN,14,2023,23,33,240.0,0,3,15.0,0,0,0,0.0,0,11.1,11.1,MIA,Tua Tagovailoa,11.1
00-0036212,T.Tagovailoa,Tua Tagovailoa,QB,MIA,NYJ,15,2023,21,24,224.0,1,0,0.0,0,0,0,0.0,0,12.96,12.96,MIA,Tua Tagovailoa,12.96
00-0036212,T.Tagovailoa,Tua Tagovailoa,QB,MIA,DAL,16,2023,24,37,293.0,1,2,-2.0,0,0,0,0.0,0,15.52,15.52,MIA,Tua Tagovailoa,15.52
00-0036212,T.Tagovailoa,Tua Tagovailoa,QB,MIA,BAL,17,2023,22,38,237.0,2,2,14.0,0,0,0,0.0,0,14.88,14.88,MIA,Tua Tagovailoa,14.88
00-0036212,T.Tagovailoa,Tua Tagovailoa,QB,MIA,BUF,18,2023,17,27,173.0,1,1,7.0,0,0,0,0.0,0,7.62,7.62,MIA,Tua Tagovailoa,7.62
00-0036212,T.Tagovailoa,Tua Tagovailoa,QB,MIA,KC,19,2023,20,39,199.0,1,3,25.0,0,0,0,0.0,0,12.46,12.46,MIA,Tua Tagovailoa,12.46
00-0036223,J.Taylor,Jonathan Taylor,RB,IND,TEN,5,2023,0,0,0.0,0,6,18.0,0,1,1,16.0,0,3.4,4.4,IND,Jonathan Taylor,3.4
00-0036223,J.Taylor,Jonathan Taylor,RB,IND,JAX,6,2023,0,0,0.0,0,8,19.0,0,5,6,46.0,0,6.5,11.5,IND,Jonathan Taylor,6.5
00-0036223,J.Taylor,Jonathan Taylor,RB,IND,CLE,7,2023,0,0,0.0,0,18,75.0,1,3,4,45.0,0,18.0,21.0,IND,Jonathan Taylor,18.0
00-0036223,J.Taylor,Jonathan Taylor,RB,IND,NO,8,2023,0,0,0.0,0,12,95.0,0,1,2,2.0,0,9.7,10.7,IND,Jonathan Taylor,9.7
00-0036223,J.Taylor,Jonathan Taylor,RB,IND,CAR,9,2023,0,0,0.0,0,18,47.0,0,5,5,22.0,1,12.9,17.9,IND,Jonathan Taylor,12.9
00-0036223,J.Taylor,Jonathan Taylor,RB,IND,NE,10,2023,0,0,0.0,0,23,69.0,1,1,1,6.0,0,13.5,14.5,IND,Jonathan Taylor,13.5
00-0036223,J.Taylor,Jonathan Taylor,RB,IND,TB,12,2023,0,0,0.0,0,15,91.0,2,0,0,0.0,0,21.1,21.1,IND,Jonathan Taylor,21.1
00-0036223,J.Taylor,Jonathan Taylor,RB,IND,ATL,16,2023,0,0,0.0,0,18,43.0,1,0,1,0.0,0,10.3,10.3,IND,Jonathan Taylor,10.3
00-0036223,J.Taylor,Jonathan Taylor,RB,IND,LV,17,2023,0,0,0.0,0,21,96.0,1,1,1,8.0,0,16.4,17.4,IND,Jonathan Taylor,16.4
00-0036223,J.Taylor,Jonathan Taylor,RB,IND,HOU,18,2023,0,0,0.0,0,30,188.0,1,2,2,8.0,0,25.6,27.6,IND,Jonathan Taylor,25.6
00-0036232,H.Bryant,Harrison Bryant,TE,CLE,CIN,1,2023,0,0,0.0,0,0,0.0,0,2,2,5.0,1,6.5,8.5,CLE,Harrison Bryant,6.5
00-0036232,H.Bryant,Harrison Bryant,TE,CLE,PIT,2,2023,0,0,0.0,0,0,0.0,0,0,2,0.0,0,0.0,0.0,CLE,Harrison Bryant,0.0
00-0036232,H.Bryant,Harrison Bryant,TE,CLE,TEN,3,2023,0,0,0.0,0,2,4.0,0,0,0,0.0,0,0.4,0.4,CLE,Harrison Bryant,0.4
00-0036232,H.Bryant,Harrison Bryant,TE,CLE,BAL,4,2023,0,0,0.0,0,1,2.0,0,1,1,2.0,0,0.4,1.4,CLE,Harrison Bryant,0.4
00-0036232,H.Bryant,Harrison Bryant,TE,CLE,SF,6,2023,0,0,0.0,0,0,0.0,0,0,1,0.0,0,0.0,0.0,CLE,Harrison Bryant,0.0
00-0036232,H.Bryant,Harrison Bryant,TE,CLE,IND,7,2023,0,0,0.0,0,0,0.0,0,0,1,0.0,0,0.0,0.0,CLE,Harrison Bryant,0.0
00-0036232,H.Bryant,Harrison Bryant,TE,CLE,SEA,8,2023,0,0,0.0,0,0,0.0,0,0,1,0.0,0,0.0,0.0,CLE,Harrison Bryant,0.0
00-0036232,H.Bryant,Harrison Bryant,TE,CLE,BAL,10,2023,0,0,0.0,0,1,2.0,0,1,1,3.0,0,0.5,1.5,CLE,Harrison Bryant,0.5
00-0036232,H.Bryant,Harrison Bryant,TE,CLE,DEN,12,2023,0,0,0.0,0,1,0.0,0,1,1,2.0,1,4.2,5.2,CLE,Harrison Bryant,4.2
00-0036232,H.Bryant,Harrison Bryant,TE,CLE,LA,13,2023,0,0,0.0,0,0,0.0,0,5,5,49.0,1,10.9,15.9,CLE,Harrison Bryant,10.9
00-0036232,H.Bryant,Harrison Bryant,TE,CLE,CHI,15,2023,0,0,0.0,0,0,0.0,0,0,1,0.0,0,0.0,0.0,CLE,Harrison Bryant,0.0
00-0036232,H.Bryant,Harrison Bryant,TE,CLE,HOU,16,2023,0,0,0.0,0,0,0.0,0,1,1,6.0,0,0.6,1.6,CLE,Harrison Bryant,0.6
00-0036232,H.Bryant,Harrison Bryant,TE,CLE,NYJ,17,2023,0,0,0.0,0,0,0.0,0,2,3,14.0,0,1.4,3.4,CLE,Harrison Bryant,1.4
00-0036232,H.Bryant,Harrison Bryant,TE,CLE,HOU,19,2023,0,0,0.0,0,0,0.0,0,4,6,65.0,0,6.5,10.5,CLE,Harrison Bryant,6.5
00-0036233,D.Peoples-Jones,Donovan Peoples-Jones,WR,CLE,CIN,1,2023,0,0,0.0,0,0,0.0,0,1,2,12.0,0,1.2,2.2,CLE,Donovan Peoples-Jones,1.2
00-0036233,D.Peoples-Jones,Donovan Peoples-Jones,WR,CLE,PIT,2,2023,0,0,0.0,0,0,0.0,0,1,4,7.0,0,0.7,1.7,CLE,Donovan Peoples-Jones,0.7
00-0036233,D.Peoples-Jones,Donovan Peoples-Jones,WR,CLE,TEN,3,2023,0,0,0.0,0,0,0.0,0,3,4,49.0,0,4.9,7.9,CLE,Donovan Peoples-Jones,4.9
00-0036233,D.Peoples-Jones,Donovan Peoples-Jones,WR,CLE,BAL,4,2023,0,0,0.0,0,0,0.0,0,1,4,7.0,0,0.7,1.7,CLE,Donovan Peoples-Jones,0.7
00-0036233,D.Peoples-Jones,Donovan Peoples-Jones,WR,CLE,SF,6,2023,0,0,0.0,0,0,0.0,0,0,1,0.0,0,0.0,0.0,CLE,Donovan Peoples-Jones,0.0
00-0036233,D.Peoples-Jones,Donovan Peoples-Jones,WR,CLE,IND,7,2023,0,0,0.0,0,0,0.0,0,2,3,22.0,0,2.2,4.2,CLE,Donovan Peoples-Jones,2.2
00-0036233,D.Peoples-Jones,Donovan Peoples-Jones,WR,DET,CHI,11,2023,0,0,0.0,0,0,0.0,0,0,1,0.0,0,0.0,0.0,DET,Donovan Peoples-Jones,0.0
00-0036233,D.Peoples-Jones,Donovan Peoples-Jones,WR,DET,NO,13,2023,0,0,0.0,0,0,0.0,0,0,1,0.0,0,0.0,0.0,DET,Donovan Peoples-Jones,0.0
00-0036233,D.Peoples-Jones,Donovan Peoples-Jones,WR,DET,CHI,14,2023,0,0,0.0,0,0,0.0,0,1,1,17.0,0,1.7,2.7,DET,Donovan Peoples-Jones,1.7
00-0036233,D.Peoples-Jones,Donovan Peoples-Jones,WR,DET,DEN,15,2023,0,0,0.0,0,0,0.0,0,1,1,5.0,0,0.5,1.5,DET,Donovan Peoples-Jones,0.5
00-0036233,D.Peoples-Jones,Donovan Peoples-Jones,WR,DET,MIN,16,2023,0,0,0.0,0,0,0.0,0,1,1,11.0,0,1.1,2.1,DET,Donovan Peoples-Jones,1.1
00-0036233,D.Peoples-Jones,Donovan Peoples-Jones,WR,DET,MIN,18,2023,0,0,0.0,0,0,0.0,0,2,2,25.0,0,2.5,4.5,DET,Donovan Peoples-Jones,2.5
00-0036244,C.Parkinson,Colby Parkinson,TE,SEA,LA,1,2023,0,0,0.0,0,0,0.0,0,1,2,8.0,0,0.8,1.8,SEA,Colby Parkinson,0.8
00-0036244,C.Parkinson,Colby Parkinson,TE,SEA,DET,2,2023,0,0,0.0,0,0,0.0,0,2,3,41.0,0,4.1,6.1,SEA,Colby Parkinson,4.1
00-0036244,C.Parkinson,Colby Parkinson,TE,SEA,CAR,3,2023,0,0,0.0,0,0,0.0,0,3,4,38.0,0,3.8,6.8,SEA,Colby Parkinson,3.8
00-0036244,C.Parkinson,Colby Parkinson,TE,SEA,NYG,4,2023,0,0,0.0,0,0,0.0,0,0,1,0.0,0,0.0,0.0,SEA,Colby Parkinson,0.0
00-0036244,C.Parkinson,Colby Parkinson,TE,SEA,CIN,6,2023,0,0,0.0,0,0,0.0,0,3,5,19.0,0,1.9,4.9,SEA,Colby Parkinson,1.9
00-0036244,C.Parkinson,Colby Parkinson,TE,SEA,ARI,7,2023,0,0,0.0,0,0,0.0,0,2,2,26.0,0,2.6,4.6,SEA,Colby Parkinson,2.6
00-0036244,C.Parkinson,Colby Parkinson,TE,SEA,BAL,9,2023,0,0,0.0,0,0,0.0,0,1,1,6.0,0,0.6,1.6,SEA,Colby Parkinson,0.6
00-0036244,C.Parkinson,Colby Parkinson,TE,SEA,WAS,10,2023,0,0,0.0,0,0,0.0,0,1,1,3.0,0,0.3,1.3,SEA,Colby Parkinson,0.3
00-0036244,C.Parkinson,Colby Parkinson,TE,SEA,SF,12,2023,0,0,0.0,0,0,0.0,0,1,1,9.0,0,0.9,1.9,SEA,Colby Parkinson,0.9
00-0036244,C.Parkinson,Colby Parkinson,TE,SEA,SF,14,2023,0,0,0.0,0,0,0.0,0,2,2,28.0,1,8.8,10.8,SEA,Colby Parkinson,8.8
00-0036244,C.Parkinson,Colby Parkinson,TE,SEA,PHI,15,2023,0,0,0.0,0,0,0.0,0,1,1,6.0,0,0.6,1.6,SEA,Colby Parkinson,0.6
00-0036244,C.Parkinson,Colby Parkinson,TE,SEA,TEN,16,2023,0,0,0.0,0,0,0.0,0,3,4,17.0,1,7.7,10.7,SEA,Colby Parkinson,7.7
00-0036244,C.Parkinson,Colby Parkinson,TE,SEA,PIT,17,2023,0,0,0.0,0,0,0.0,0,2,3,38.0,0,3.8,5.8,SEA,Colby Parkinson,3.8
00-0036244,C.Parkinson,Colby Parkinson,TE,SEA,ARI,18,2023,0,0,0.0,0,0,0.0,0,3,4,8.0,0,0.8,3.8,SEA,Colby Parkinson,0.8
00-0036251,Z.Moss,Zack Moss,RB,IND,HOU,2,2023,0,0,0.0,0,18,88.0,1,4,4,19.0,0,16.7,20.7,IND,Zack Moss,16.7
00-0036251,Z.Moss,Zack Moss,RB,IND,BAL,3,2023,0,0,0.0,0,30,122.0,0,2,3,23.0,1,20.5,22.5,IND,Zack Moss,20.5
00-0036251,Z.Moss,Zack Moss,RB,IND,LA,4,2023,0,0,0.0,0,18,70.0,0,0,1,0.0,0,9.0,9.0,IND,Zack Moss,9.0
00-0036251,Z.Moss,Zack Moss,RB,IND,TEN,5,2023,0,0,0.0,0,23,165.0,2,2,2,30.0,0,31.5,33.5,IND,Zack Moss,31.5
00-0036251,Z.Moss,Zack Moss,RB,IND,JAX,6,2023,0,0,0.0,0,7,21.0,1,6,7,38.0,0,11.9,17.9,IND,Zack Moss,11.9
00-0036251,Z.Moss,Zack Moss,RB,IND,CLE,7,2023,0,0,0.0,0,18,57.0,0,1,2,5.0,0,6.2,7.2,IND,Zack Moss,6.2
00-0036251,Z.Moss,Zack Moss,RB,IND,NO,8,2023,0,0,0.0,0,11,66.0,1,1,1,8.0,0,13.4,14.4,IND,Zack Moss,13.4
00-0036251,Z.Moss,Zack Moss,RB,IND,CAR,9,2023,0,0,0.0,0,7,26.0,0,0,0,0.0,0,2.6,2.6,IND,Zack Moss,2.6
00-0036251,Z.Moss,Zack Moss,RB,IND,NE,10,2023,0,0,0.0,0,1,2.0,0,0,0,0.0,0,0.2,0.2,IND,Zack Moss,0.2
00-0036251,Z.Moss,Zack Moss,RB,IND,TB,12,2023,0,0,0.0,0,8,55.0,0,2,3,15.0,0,7.0,9.0,IND,Zack Moss,7.0
00-0036251,Z.Moss,Zack Moss,RB,IND,TEN,13,2023,0,0,0.0,0,19,51.0,0,2,3,6.0,0,5.7,7.7,IND,Zack Moss,5.7
00-0036251,Z.Moss,Zack Moss,RB,IND,CIN,14,2023,0,0,0.0,0,13,28.0,0,4,8,28.0,0,5.6,9.6,IND,Zack Moss,5.6
00-0036251,Z.Moss,Zack Moss,RB,IND,PIT,15,2023,0,0,0.0,0,4,13.0,0,3,3,20.0,1,9.3,12.3,IND,Zack Moss,9.3
00-0036251,Z.Moss,Zack Moss,RB,IND,HOU,18,2023,0,0,0.0,0,6,30.0,0,0,0,0.0,0,3.0,3.0,IND,Zack Moss,3.0
00-0036252,M.Pittman,Michael Pittman,WR,IND,JAX,1,2023,0,0,0.0,0,0,0.0,0,8,11,97.0,1,15.7,23.7,IND,Michael Pittman,15.7
00-0036252,M.Pittman,Michael Pittman,WR,IND,HOU,2,2023,0,0,0.0,0,0,0.0,0,8,12,56.0,0,5.6,13.6,IND,Michael Pittman,5.6
00-0036252,M.Pittman,Michael Pittman,WR,IND,BAL,3,2023,0,0,0.0,0,0,0.0,0,9,11,77.0,0,7.7,16.7,IND,Michael Pittman,7.7
00-0036252,M.Pittman,Michael Pittman,WR,IND,LA,4,2023,0,0,0.0,0,0,0.0,0,1,5,15.0,0,3.5,4.5,IND,Michael Pittman,3.5
00-0036252,M.Pittman,Michael Pittman,WR,IND,TEN,5,2023,0,0,0.0,0,0,0.0,0,5,7,52.0,0,5.2,10.2,IND,Michael Pittman,5.2
00-0036252,M.Pittman,Michael Pittman,WR,IND,JAX,6,2023,0,0,0.0,0,0,0.0,0,9,14,109.0,0,10.9,19.9,IND,Michael Pittman,10.9
00-0036252,M.Pittman,Michael Pittman,WR,IND,CLE,7,2023,0,0,0.0,0,0,0.0,0,2,5,83.0,1,14.3,16.3,IND,Michael Pittman,14.3
00-0036252,M.Pittman,Michael Pittman,WR,IND,NO,8,2023,0,0,0.0,0,0,0.0,0,8,13,40.0,1,10.0,18.0,IND,Michael Pittman,10.0
00-0036252,M.Pittman,Michael Pittman,WR,IND,CAR,9,2023,0,0,0.0,0,0,0.0,0,8,8,64.0,0,6.4,14.4,IND,Michael Pittman,6.4
00-0036252,M.Pittman,Michael Pittman,WR,IND,NE,10,2023,0,0,0.0,0,0,0.0,0,8,12,84.0,0,8.4,16.4,IND,Michael Pittman,8.4
00-0036252,M.Pittman,Michael Pittman,WR,IND,TB,12,2023,0,0,0.0,0,0,0.0,0,10,13,107.0,0,10.7,20.7,IND,Michael Pittman,10.7
00-0036252,M.Pittman,Michael Pittman,WR,IND,TEN,13,2023,0,0,0.0,0,0,0.0,0,11,16,105.0,1,16.5,27.5,IND,Michael Pittman,16.5
00-0036252,M.Pittman,Michael Pittman,WR,IND,CIN,14,2023,0,0,0.0,0,0,0.0,0,8,11,95.0,0,11.5,19.5,IND,Michael Pittman,11.5
00-0036252,M.Pittman,Michael Pittman,WR,IND,PIT,15,2023,0,0,0.0,0,0,0.0,0,4,5,78.0,0,7.8,11.8,IND,Michael Pittman,7.8
00-0036252,M.Pittman,Michael Pittman,WR,IND,LV,17,2023,0,0,0.0,0,0,0.0,0,5,7,46.0,0,4.6,9.6,IND,Michael Pittman,4.6
00-0036252,M.Pittman,Michael Pittman,WR,IND,HOU,18,2023,0,0,0.0,0,0,0.0,0,5,6,44.0,0,4.4,9.4,IND,Michael Pittman,4.4
00-0036254,C.Johnson,Collin Johnson,WR,CHI,ATL,17,2023,0,0,0.0,0,0,0.0,0,1,1,11.0,0,1.1,2.1,CHI,Collin Johnson,1.1
00-0036259,J.Jennings,Jauan Jennings,WR,SF,PIT,1,2023,0,0,0.0,0,0,0.0,0,0,1,0.0,0,0.0,0.0,SF,Jauan Jennings,0.0
00-0036259,J.Jennings,Jauan Jennings,WR,SF,LA,2,2023,0,0,0.0,0,0,0.0,0,2,3,51.0,0,5.1,7.1,SF,Jauan Jennings,5.1
00-0036259,J.Jennings,Jauan Jennings,WR,SF,NYG,3,2023,0,0,0.0,0,0,0.0,0,2,3,31.0,0,3.1,5.1,SF,Jauan Jennings,3.1
00-0036259,J.Jennings,Jauan Jennings,WR,SF,DAL,5,2023,0,0,0.0,0,0,0.0,0,1,1,19.0,0,1.9,2.9,SF,Jauan Jennings,1.9
00-0036259,J.Jennings,Jauan Jennings,WR,SF,CLE,6,2023,0,0,0.0,0,0,0.0,0,2,4,26.0,0,2.6,4.6,SF,Jauan Jennings,2.6
00-0036259,J.Jennings,Jauan Jennings,WR,SF,MIN,7,2023,0,0,0.0,0,0,0.0,0,5,9,54.0,0,5.4,10.4,SF,Jauan Jennings,5.4
00-0036259,J.Jennings,Jauan Jennings,WR,SF,JAX,10,2023,0,0,0.0,0,0,0.0,0,1,2,8.0,0,0.8,1.8,SF,Jauan Jennings,0.8
00-0036259,J.Jennings,Jauan Jennings,WR,SF,TB,11,2023,0,0,0.0,0,0,0.0,0,0,1,0.0,0,0.0,0.0,SF,Jauan Jennings,0.0
00-0036259,J.Jennings,Jauan Jennings,WR,SF,SEA,12,2023,0,0,0.0,0,0,0.0,0,1,2,7.0,0,0.7,1.7,SF,Jauan Jennings,0.7
00-0036259,J.Jennings,Jauan Jennings,WR,SF,PHI,13,2023,0,0,0.0,0,0,0.0,0,3,4,44.0,1,10.4,13.4,SF,Jauan Jennings,10.4
00-0036259,J.Jennings,Jauan Jennings,WR,SF,SEA,14,2023,0,0,0.0,0,0,0.0,0,0,1,0.0,0,0.0,0.0,SF,Jauan Jennings,0.0
00-0036259,J.Jennings,Jauan Jennings,WR,SF,ARI,15,2023,0,0,0.0,0,0,0.0,0,2,2,25.0,0,2.5,4.5,SF,Jauan Jennings,2.5
00-0036259,J.Jennings,Jauan Jennings,WR,SF,GB,20,2023,0,0,0.0,0,1,-1.0,0,5,6,61.0,0,6.0,11.0,SF,Jauan Jennings,6.0
00-0036259,J.Jennings,Jauan Jennings,WR,SF,DET,21,2023,0,0,0.0,0,0,0.0,0,1,2,8.0,0,0.8,1.8,SF,Jauan Jennings,0.8
00-0036259,J.Jennings,Jauan Jennings,WR,SF,KC,22,2023,1,1,21.0,1,0,0.0,0,4,5,42.0,1,15.04,19.04,SF,Jauan Jennings,15.04
00-0036261,B.Aiyuk,Brandon Aiyuk,WR,SF,PIT,1,2023,0,0,0.0,0,0,0.0,0,8,8,129.0,2,24.9,32.9,SF,Brandon Aiyuk,24.9
00-0036261,B.Aiyuk,Brandon Aiyuk,WR,SF,LA,2,2023,0,0,0.0,0,0,0.0,0,3,6,43.0,0,4.3,7.3,SF,Brandon Aiyuk,4.3
00-0036261,B.Aiyuk,Brandon Aiyuk,WR,SF,ARI,4,2023,0,0,0.0,0,0,0.0,0,6,6,148.0,0,14.8,20.8,SF,Brandon Aiyuk,14.8
00-0036261,B.Aiyuk,Brandon Aiyuk,WR,SF,DAL,5,2023,0,0,0.0,0,0,0.0,0,4,7,58.0,0,5.8,9.8,SF,Brandon Aiyuk,5.8
00-0036261,B.Aiyuk,Brandon Aiyuk,WR,SF,CLE,6,2023,0,0,0.0,0,0,0.0,0,4,10,76.0,0,7.6,11.6,SF,Brandon Aiyuk,7.6
00-0036261,B.Aiyuk,Brandon Aiyuk,WR,SF,MIN,7,2023,0,0,0.0,0,0,0.0,0,5,6,57.0,0,5.7,10.7,SF,Brandon Aiyuk,5.7
00-0036261,B.Aiyuk,Brandon Aiyuk,WR,SF,CIN,8,2023,0,0,0.0,0,0,0.0,0,5,9,109.0,0,10.9,15.9,SF,Brandon Aiyuk,10.9
00-0036261,B.Aiyuk,Brandon Aiyuk,WR,SF,JAX,10,2023,0,0,0.0,0,0,0.0,0,3,3,55.0,1,11.5,14.5,SF,Brandon Aiyuk,11.5
00-0036261,B.Aiyuk,Brandon Aiyuk,WR,SF,TB,11,2023,0,0,0.0,0,0,0.0,0,5,6,156.0,1,21.6,26.6,SF,Brandon Aiyuk,21.6
00-0036261,B.Aiyuk,Brandon Aiyuk,WR,SF,SEA,12,2023,0,0,0.0,0,0,0.0,0,2,4,50.0,1,11.0,13.0,SF,Brandon Aiyuk,11.0
00-0036261,B.Aiyuk,Brandon Aiyuk,WR,SF,PHI,13,2023,0,0,0.0,0,0,0.0,0,5,7,46.0,1,10.6,15.6,SF,Brandon Aiyuk,10.6
00-0036261,B.Aiyuk,Brandon Aiyuk,WR,SF,SEA,14,2023,0,0,0.0,0,0,0.0,0,6,9,126.0,0,10.6,16.6,SF,Brandon Aiyuk,10.6
00-0036261,B.Aiyuk,Brandon Aiyuk,WR,SF,ARI,15,2023,0,0,0.0,0,0,0.0,0,3,5,37.0,0,3.7,6.7,SF,Brandon Aiyuk,3.7
00-0036261,B.Aiyuk,Brandon Aiyuk,WR,SF,BAL,16,2023,0,0,0.0,0,0,0.0,0,6,7,113.0,0,11.3,17.3,SF,Brandon Aiyuk,11.3
00-0036261,B.Aiyuk,Brandon Aiyuk,WR,SF,WAS,17,2023,0,0,0.0,0,0,0.0,0,7,8,114.0,1,17.4,24.4,SF,Brandon Aiyuk,17.4
00-0036261,B.Aiyuk,Brandon Aiyuk,WR,SF,LA,18,2023,0,0,0.0,0,0,0.0,0,3,4,25.0,0,2.5,5.5,SF,Brandon Aiyuk,2.5
00-0036261,B.Aiyuk,Brandon Aiyuk,WR,SF,GB,20,2023,0,0,0.0,0,0,0.0,0,3,6,32.0,0,3.2,6.2,SF,Brandon Aiyuk,3.2
00-0036261,B.Aiyuk,Brandon Aiyuk,WR,SF,DET,21,2023,0,0,0.0,0,0,0.0,0,3,8,68.0,1,12.8,15.8,SF,Brandon Aiyuk,12.8
00-0036261,B.Aiyuk,Brandon Aiyuk,WR,SF,KC,22,2023,0,0,0.0,0,0,0.0,0,3,6,49.0,0,4.9,7.9,SF,Brandon Aiyuk,4.9
00-0036264,J.Love,Jordan Love,QB,GB,CHI,1,2023,15,27,245.0,3,3,12.0,0,0,0,0.0,0,23.0,23.0,GB,Jordan Love,23.0
00-0036264,J.Love,Jordan Love,QB,GB,ATL,2,2023,14,25,151.0,3,2,23.0,0,0,0,0.0,0,20.34,20.34,GB,Jordan Love,20.34
00-0036264,J.Love,Jordan Love,QB,GB,NO,3,2023,22,44,259.0,1,9,39.0,1,0,0,0.0,0,24.26,24.26,GB,Jordan Love,24.26
00-0036264,J.Love,Jordan Love,QB,GB,DET,4,2023,23,36,246.0,1,2,-2.0,1,0,0,0.0,0,17.64,17.64,GB,Jordan Love,17.64
00-0036264,J.Love,Jordan Love,QB,GB,LV,5,2023,16,30,182.0,0,2,37.0,0,0,0,0.0,0,4.98,4.98,GB,Jordan Love,4.98
00-0036264,J.Love,Jordan Love,QB,GB,DEN,7,2023,21,31,180.0,2,3,21.0,0,0,0,0.0,0,15.3,15.3,GB,Jordan Love,15.3
00-0036264,J.Love,Jordan Love,QB,GB,MIN,8,2023,24,41,229.0,1,4,34.0,0,0,0,0.0,0,14.56,14.56,GB,Jordan Love,14.56
00-0036264,J.Love,Jordan Love,QB,GB,LA,9,2023,20,26,228.0,1,4,7.0,0,0,0,0.0,0,13.82,13.82,GB,Jordan Love,13.82
00-0036264,J.Love,Jordan Love,QB,GB,PIT,10,2023,21,40,289.0,2,2,11.0,0,0,0,0.0,0,16.66,16.66,GB,Jordan Love,16.66
00-0036264,J.Love,Jordan Love,QB,GB,LAC,11,2023,27,40,322.0,2,3,0.0,0,0,0,0.0,0,20.88,20.88,GB,Jordan Love,20.88
00-0036264,J.Love,Jordan Love,QB,GB,DET,12,2023,22,32,268.0,3,3,39.0,0,0,0,0.0,0,26.62,26.62,GB,Jordan Love,26.62
00-0036264,J.Love,Jordan Love,QB,GB,KC,13,2023,25,36,267.0,3,2,10.0,0,0,0,0.0,0,23.68,23.68,GB,Jordan Love,23.68
00-0036264,J.Love,Jordan Love,QB,GB,NYG,14,2023,25,39,218.0,1,2,2.0,0,0,0,0.0,0,8.92,8.92,GB,Jordan Love,8.92
00-0036264,J.Love,Jordan Love,QB,GB,TB,15,2023,29,39,284.0,2,2,1.0,0,0,0,0.0,0,17.46,17.46,GB,Jordan Love,17.46
00-0036264,J.Love,Jordan Love,QB,GB,CAR,16,2023,17,28,219.0,2,2,12.0,1,0,0,0.0,0,23.96,23.96,GB,Jordan Love,23.96
00-0036264,J.Love,Jordan Love,QB,GB,MIN,17,2023,24,33,256.0,3,2,2.0,1,0,0,0.0,0,28.44,28.44,GB,Jordan Love,28.44
00-0036264,J.Love,Jordan Love,QB,GB,CHI,18,2023,27,32,316.0,2,3,-1.0,0,0,0,0.0,0,18.54,18.54,GB,Jordan Love,18.54
00-0036264,J.Love,Jordan Love,QB,GB,DAL,19,2023,16,21,272.0,3,1,-1.0,0,0,0,0.0,0,22.78,22.78,GB,Jordan Love,22.78
00-0036264,J.Love,Jordan Love,QB,GB,SF,20,2023,21,34,194.0,2,5,3.0,0,0,0,0.0,0,14.06,14.06,GB,Jordan Love,14.06
00-0036265,A.Dillon,AJ Dillon,RB,GB,CHI,1,2023,0,0,0.0,0,13,19.0,0,2,3,17.0,0,3.6,5.6,GB,AJ Dillon,3.6
00-0036265,A.Dillon,AJ Dillon,RB,GB,ATL,2,2023,0,0,0.0,0,15,55.0,0,1,1,8.0,0,6.3,7.3,GB,AJ Dillon,6.3
00-0036265,A.Dillon,AJ Dillon,RB,GB,NO,3,2023,0,0,0.0,0,11,33.0,0,0,0,0.0,0,3.3,3.3,GB,AJ Dillon,3.3
00-0036265,A.Dillon,AJ Dillon,RB,GB,DET,4,2023,0,0,0.0,0,5,11.0,0,0,1,0.0,0,1.1,1.1,GB,AJ Dillon,1.1
00-0036265,A.Dillon,AJ Dillon,RB,GB,LV,5,2023,0,0,0.0,0,20,76.0,1,0,1,0.0,0,13.6,13.6,GB,AJ Dillon,13.6
00-0036265,A.Dillon,AJ Dillon,RB,GB,DEN,7,2023,0,0,0.0,0,15,61.0,0,2,2,34.0,0,9.5,11.5,GB,AJ Dillon,9.5
00-0036265,A.Dillon,AJ Dillon,RB,GB,MIN,8,2023,0,0,0.0,0,6,11.0,0,5,5,41.0,0,5.2,10.2,GB,AJ Dillon,5.2
00-0036265,A.Dillon,AJ Dillon,RB,GB,LA,9,2023,0,0,0.0,0,9,40.0,0,1,1,3.0,0,4.3,5.3,GB,AJ Dillon,4.3
00-0036265,A.Dillon,AJ Dillon,RB,GB,PIT,10,2023,0,0,0.0,0,9,70.0,0,1,3,11.0,0,8.1,9.1,GB,AJ Dillon,8.1
00-0036265,A.Dillon,AJ Dillon,RB,GB,LAC,11,2023,0,0,0.0,0,14,29.0,0,4,4,32.0,0,6.1,10.1,GB,AJ Dillon,6.1
00-0036265,A.Dillon,AJ Dillon,RB,GB,DET,12,2023,0,0,0.0,0,14,43.0,0,3,3,38.0,0,8.1,11.1,GB,AJ Dillon,8.1
00-0036265,A.Dillon,AJ Dillon,RB,GB,KC,13,2023,0,0,0.0,0,18,73.0,0,1,1,14.0,0,8.7,9.7,GB,AJ Dillon,8.7
00-0036265,A.Dillon,AJ Dillon,RB,GB,NYG,14,2023,0,0,0.0,0,15,53.0,0,2,3,25.0,0,7.8,9.8,GB,AJ Dillon,7.8
00-0036265,A.Dillon,AJ Dillon,RB,GB,CAR,16,2023,0,0,0.0,0,7,12.0,1,0,0,0.0,0,7.2,7.2,GB,AJ Dillon,7.2
00-0036265,A.Dillon,AJ Dillon,RB,GB,MIN,17,2023,0,0,0.0,0,7,27.0,0,0,0,0.0,0,2.7,2.7,GB,AJ Dillon,2.7
00-0036268,L.Shenault,Laviska Shenault Jr.,WR,CAR,ATL,1,2023,0,0,0.0,0,2,5.0,0,2,2,16.0,0,2.1,4.1,CAR,Laviska Shenault Jr.,2.1
00-0036268,L.Shenault,Laviska Shenault Jr.,WR,CAR,NO,2,2023,0,0,0.0,0,1,7.0,0,0,0,0.0,0,0.7,0.7,CAR,Laviska Shenault Jr.,0.7
00-0036268,L.Shenault,Laviska Shenault Jr.,WR,CAR,SEA,3,2023,0,0,0.0,0,2,7.0,0,1,1,0.0,0,0.7,1.7,CAR,Laviska Shenault Jr.,0.7
00-0036268,L.Shenault,Laviska Shenault Jr.,WR,CAR,MIN,4,2023,0,0,0.0,0,1,7.0,0,1,1,12.0,0,1.9,2.9,CAR,Laviska Shenault Jr.,1.9
00-0036268,L.Shenault,Laviska Shenault Jr.,WR,CAR,DET,5,2023,0,0,0.0,0,5,27.0,0,0,0,0.0,0,2.7,2.7,CAR,Laviska Shenault Jr.,2.7
00-0036268,L.Shenault,Laviska Shenault Jr.,WR,CAR,MIA,6,2023,0,0,0.0,0,1,2.0,0,3,3,15.0,0,1.7,4.7,CAR,Laviska Shenault Jr.,1.7
00-0036268,L.Shenault,Laviska Shenault Jr.,WR,CAR,DAL,11,2023,0,0,0.0,0,0,0.0,0,2,2,9.0,0,0.9,2.9,CAR,Laviska Shenault Jr.,0.9
00-0036268,L.Shenault,Laviska Shenault Jr.,WR,CAR,TEN,12,2023,0,0,0.0,0,0,0.0,0,1,1,8.0,0,0.8,1.8,CAR,Laviska Shenault Jr.,0.8
00-0036269,L.Perine,La'Mical Perine,RB,KC,MIA,9,2023,0,0,0.0,0,1,1.0,0,0,1,0.0,0,0.1,0.1,KC,La'Mical Perine,0.1
00-0036269,L.Perine,La'Mical Perine,RB,KC,LAC,18,2023,0,0,0.0,0,21,76.0,0,3,4,33.0,0,10.9,13.9,KC,La'Mical Perine,10.9
00-0036271,Q.Watkins,Quez Watkins,WR,PHI,NE,1,2023,0,0,0.0,0,0,0.0,0,2,2,17.0,0,1.7,3.7,PHI,Quez Watkins,1.7
00-0036271,Q.Watkins,Quez Watkins,WR,PHI,LA,5,2023,0,0,0.0,0,0,0.0,0,2,3,4.0,0,0.4,2.4,PHI,Quez Watkins,0.4
00-0036271,Q.Watkins,Quez Watkins,WR,PHI,SF,13,2023,0,0,0.0,0,0,0.0,0,3,4,28.0,0,2.8,5.8,PHI,Quez Watkins,2.8
00-0036271,Q.Watkins,Quez Watkins,WR,PHI,SEA,15,2023,0,0,0.0,0,0,0.0,0,0,1,0.0,0,0.0,0.0,PHI,Quez Watkins,0.0
00-0036271,Q.Watkins,Quez Watkins,WR,PHI,NYG,18,2023,0,0,0.0,0,0,0.0,0,8,11,93.0,1,15.3,23.3,PHI,Quez Watkins,15.3
00-0036271,Q.Watkins,Quez Watkins,WR,PHI,TB,19,2023,0,0,0.0,0,0,0.0,0,3,4,12.0,0,1.2,4.2,PHI,Quez Watkins,1.2
00-0036275,D.Swift,D'Andre Swift,RB,PHI,NE,1,2023,0,0,0.0,0,1,3.0,0,1,2,0.0,0,0.3,1.3,PHI,D'Andre Swift,0.3
00-0036275,D.Swift,D'Andre Swift,RB,PHI,MIN,2,2023,0,0,0.0,0,28,175.0,1,3,3,6.0,0,24.1,27.1,PHI,D'Andre Swift,24.1
00-0036275,D.Swift,D'Andre Swift,RB,PHI,TB,3,2023,0,0,0.0,0,16,130.0,0,1,2,8.0,0,13.8,14.8,PHI,D'Andre Swift,13.8
00-0036275,D.Swift,D'Andre Swift,RB,PHI,WAS,4,2023,0,0,0.0,0,14,56.0,1,4,4,23.0,0,13.9,17.9,PHI,D'Andre Swift,13.9
00-0036275,D.Swift,D'Andre Swift,RB,PHI,LA,5,2023,0,0,0.0,0,17,70.0,0,6,6,38.0,0,10.8,16.8,PHI,D'Andre Swift,10.8
00-0036275,D.Swift,D'Andre Swift,RB,PHI,NYJ,6,2023,0,0,0.0,0,10,18.0,0,8,10,40.0,1,9.8,17.8,PHI,D'Andre Swift,9.8
00-0036275,D.Swift,D'Andre Swift,RB,PHI,MIA,7,2023,0,0,0.0,0,15,62.0,0,3,3,13.0,0,7.5,10.5,PHI,D'Andre Swift,7.5
00-0036275,D.Swift,D'Andre Swift,RB,PHI,WAS,8,2023,0,0,0.0,0,16,57.0,1,2,3,7.0,0,12.4,14.4,PHI,D'Andre Swift,12.4
00-0036275,D.Swift,D'Andre Swift,RB,PHI,DAL,9,2023,0,0,0.0,0,18,43.0,0,2,2,31.0,0,7.4,9.4,PHI,D'Andre Swift,7.4
00-0036275,D.Swift,D'Andre Swift,RB,PHI,KC,11,2023,0,0,0.0,0,12,76.0,1,3,3,31.0,0,16.7,19.7,PHI,D'Andre Swift,16.7
00-0036275,D.Swift,D'Andre Swift,RB,PHI,BUF,12,2023,0,0,0.0,0,14,80.0,0,1,1,4.0,0,8.4,9.4,PHI,D'Andre Swift,8.4
00-0036275,D.Swift,D'Andre Swift,RB,PHI,SF,13,2023,0,0,0.0,0,6,13.0,0,2,6,7.0,0,2.0,4.0,PHI,D'Andre Swift,2.0
00-0036275,D.Swift,D'Andre Swift,RB,PHI,DAL,14,2023,0,0,0.0,0,11,39.0,0,0,0,0.0,0,3.9,3.9,PHI,D'Andre Swift,3.9
00-0036275,D.Swift,D'Andre Swift,RB,PHI,SEA,15,2023,0,0,0.0,0,18,74.0,0,2,3,1.0,0,7.5,9.5,PHI,D'Andre Swift,7.5
00-0036275,D.Swift,D'Andre Swift,RB,PHI,NYG,16,2023,0,0,0.0,0,20,92.0,1,0,0,0.0,0,15.2,15.2,PHI,D'Andre Swift,15.2
00-0036275,D.Swift,D'Andre Swift,RB,PHI,ARI,17,2023,0,0,0.0,0,13,61.0,0,1,1,5.0,0,6.6,7.6,PHI,D'Andre Swift,6.6
00-0036275,D.Swift,D'Andre Swift,RB,PHI,TB,19,2023,0,0,0.0,0,10,34.0,0,4,4,32.0,0,6.6,10.6,PHI,D'Andre Swift,6.6
00-0036287,N.Igbinoghene,Noah Igbinoghene,CB,DAL,DAL,1,2023,0,0,0.0,0,0,0.0,0,0,0,0.0,0,6.0,6.0,DAL,Noah Igbinoghene,6.0
00-0036290,C.Kmet,Cole Kmet,TE,CHI,GB,1,2023,0,0,0.0,0,1,0.0,0,5,7,44.0,0,4.4,9.4,CHI,Cole Kmet,4.4
00-0036290,C.Kmet,Cole Kmet,TE,CHI,TB,2,2023,0,0,0.0,0,0,0.0,0,4,6,38.0,0,3.8,7.8,CHI,Cole Kmet,3.8
00-0036290,C.Kmet,Cole Kmet,TE,CHI,KC,3,2023,0,0,0.0,0,0,0.0,0,2,2,22.0,0,2.2,4.2,CHI,Cole Kmet,2.2
00-0036290,C.Kmet,Cole Kmet,TE,CHI,DEN,4,2023,0,0,0.0,0,1,1.0,0,7,9,85.0,2,20.6,27.6,CHI,Cole Kmet,20.6
00-0036290,C.Kmet,Cole Kmet,TE,CHI,WAS,5,2023,0,0,0.0,0,0,0.0,0,5,5,42.0,1,10.2,15.2,CHI,Cole Kmet,10.2
00-0036290,C.Kmet,Cole Kmet,TE,CHI,MIN,6,2023,0,0,0.0,0,0,0.0,0,2,3,9.0,0,0.9,2.9,CHI,Cole Kmet,0.9
00-0036290,C.Kmet,Cole Kmet,TE,CHI,LAC,8,2023,0,0,0.0,0,0,0.0,0,10,10,79.0,0,7.9,17.9,CHI,Cole Kmet,7.9
00-0036290,C.Kmet,Cole Kmet,TE,CHI,NO,9,2023,0,0,0.0,0,0,0.0,0,6,8,55.0,2,17.5,23.5,CHI,Cole Kmet,17.5
00-0036290,C.Kmet,Cole Kmet,TE,CHI,CAR,10,2023,0,0,0.0,0,1,1.0,0,5,7,45.0,0,4.6,9.6,CHI,Cole Kmet,4.6
00-0036290,C.Kmet,Cole Kmet,TE,CHI,DET,11,2023,0,0,0.0,0,0,0.0,0,3,4,20.0,0,2.0,5.0,CHI,Cole Kmet,2.0
00-0036290,C.Kmet,Cole Kmet,TE,CHI,MIN,12,2023,0,0,0.0,0,0,0.0,0,7,7,43.0,0,4.3,11.3,CHI,Cole Kmet,4.3
00-0036290,C.Kmet,Cole Kmet,TE,CHI,DET,14,2023,0,0,0.0,0,0,0.0,0,5,6,66.0,0,6.6,11.6,CHI,Cole Kmet,6.6
00-0036290,C.Kmet,Cole Kmet,TE,CHI,CLE,15,2023,0,0,0.0,0,0,0.0,0,5,7,23.0,1,8.3,13.3,CHI,Cole Kmet,8.3
00-0036290,C.Kmet,Cole Kmet,TE,CHI,ARI,16,2023,0,0,0.0,0,0,0.0,0,4,5,107.0,0,10.7,14.7,CHI,Cole Kmet,10.7
00-0036290,C.Kmet,Cole Kmet,TE,CHI,GB,18,2023,0,0,0.0,0,0,0.0,0,3,4,41.0,0,4.1,7.1,CHI,Cole Kmet,4.1
00-0036297,D.Evans,Darrynton Evans,RB,CHI,MIN,6,2023,0,0,0.0,0,9,32.0,0,1,1,2.0,0,3.4,4.4,CHI,Darrynton Evans,3.4
00-0036297,D.Evans,Darrynton Evans,RB,CHI,LV,7,2023,0,0,0.0,0,14,48.0,0,1,3,6.0,0,5.4,6.4,CHI,Darrynton Evans,5.4
00-0036297,D.Evans,Darrynton Evans,RB,CHI,LAC,8,2023,0,0,0.0,0,4,18.0,1,3,4,22.0,0,10.0,13.0,CHI,Darrynton Evans,10.0
00-0036297,D.Evans,Darrynton Evans,RB,CHI,NO,9,2023,0,0,0.0,0,1,2.0,0,2,2,19.0,0,2.1,4.1,CHI,Darrynton Evans,2.1
00-0036297,D.Evans,Darrynton Evans,RB,CHI,CAR,10,2023,0,0,0.0,0,2,5.0,0,0,2,0.0,0,0.5,0.5,CHI,Darrynton Evans,0.5
00-0036297,D.Evans,Darrynton Evans,RB,MIA,NYJ,12,2023,0,0,0.0,0,2,16.0,0,0,0,0.0,0,1.6,1.6,MIA,Darrynton Evans,1.6
00-0036309,D.Mooney,Darnell Mooney,WR,CHI,GB,1,2023,0,0,0.0,0,0,0.0,0,4,7,53.0,1,11.3,15.3,CHI,Darnell Mooney,11.3
00-0036309,D.Mooney,Darnell Mooney,WR,CHI,KC,3,2023,0,0,0.0,0,0,0.0,0,0,1,0.0,0,0.0,0.0,CHI,Darnell Mooney,0.0
00-0036309,D.Mooney,Darnell Mooney,WR,CHI,DEN,4,2023,0,0,0.0,0,0,0.0,0,4,4,51.0,0,5.1,9.1,CHI,Darnell Mooney,5.1
00-0036309,D.Mooney,Darnell Mooney,WR,CHI,WAS,5,2023,0,0,0.0,0,0,0.0,0,0,4,0.0,0,0.0,0.0,CHI,Darnell Mooney,0.0
00-0036309,D.Mooney,Darnell Mooney,WR,CHI,MIN,6,2023,0,0,0.0,0,0,0.0,0,2,3,48.0,0,4.8,6.8,CHI,Darnell Mooney,4.8
00-0036309,D.Mooney,Darnell Mooney,WR,CHI,LV,7,2023,0,0,0.0,0,1,2.0,0,4,5,32.0,0,3.4,7.4,CHI,Darnell Mooney,3.4
00-0036309,D.Mooney,Darnell Mooney,WR,CHI,LAC,8,2023,0,0,0.0,0,1,3.0,0,1,4,41.0,0,4.4,5.4,CHI,Darnell Mooney,4.4
00-0036309,D.Mooney,Darnell Mooney,WR,CHI,NO,9,2023,0,0,0.0,0,0,0.0,0,5,6,82.0,0,8.2,13.2,CHI,Darnell Mooney,8.2
00-0036309,D.Mooney,Darnell Mooney,WR,CHI,CAR,10,2023,0,0,0.0,0,0,0.0,0,2,4,14.0,0,1.4,3.4,CHI,Darnell Mooney,1.4
00-0036309,D.Mooney,Darnell Mooney,WR,CHI,DET,11,2023,0,0,0.0,0,0,0.0,0,1,1,24.0,0,2.4,3.4,CHI,Darnell Mooney,2.4
00-0036309,D.Mooney,Darnell Mooney,WR,CHI,MIN,12,2023,0,0,0.0,0,0,0.0,0,2,3,6.0,0,0.6,2.6,CHI,Darnell Mooney,0.6
00-0036309,D.Mooney,Darnell Mooney,WR,CHI,DET,14,2023,0,0,0.0,0,0,0.0,0,2,7,44.0,0,4.4,6.4,CHI,Darnell Mooney,4.4
00-0036309,D.Mooney,Darnell Mooney,WR,CHI,CLE,15,2023,0,0,0.0,0,0,0.0,0,2,8,14.0,0,1.4,3.4,CHI,Darnell Mooney,1.4
00-0036309,D.Mooney,Darnell Mooney,WR,CHI,ARI,16,2023,0,0,0.0,0,0,0.0,0,2,4,5.0,0,0.5,2.5,CHI,Darnell Mooney,0.5
00-0036313,B.Mann,Braden Mann,P,PHI,DAL,14,2023,1,1,28.0,0,0,0.0,0,0,0,0.0,0,1.12,1.12,PHI,Braden Mann,1.12
00-0036322,J.Jefferson,Justin Jefferson,WR,MIN,TB,1,2023,0,0,0.0,0,0,0.0,0,9,12,150.0,0,15.0,24.0,MIN,Justin Jefferson,15.0
00-0036322,J.Jefferson,Justin Jefferson,WR,MIN,PHI,2,2023,0,0,0.0,0,0,0.0,0,11,13,159.0,0,15.9,26.9,MIN,Justin Jefferson,15.9
00-0036322,J.Jefferson,Justin Jefferson,WR,MIN,LAC,3,2023,0,0,0.0,0,0,0.0,0,7,13,149.0,1,20.9,27.9,MIN,Justin Jefferson,20.9
00-0036322,J.Jefferson,Justin Jefferson,WR,MIN,CAR,4,2023,0,0,0.0,0,0,0.0,0,6,9,85.0,2,20.5,26.5,MIN,Justin Jefferson,20.5
00-0036322,J.Jefferson,Justin Jefferson,WR,MIN,KC,5,2023,0,0,0.0,0,0,0.0,0,3,6,28.0,0,2.8,5.8,MIN,Justin Jefferson,2.8
00-0036322,J.Jefferson,Justin Jefferson,WR,MIN,LV,14,2023,0,0,0.0,0,0,0.0,0,2,3,27.0,0,2.7,4.7,MIN,Justin Jefferson,2.7
00-0036322,J.Jefferson,Justin Jefferson,WR,MIN,CIN,15,2023,0,1,0.0,0,0,0.0,0,7,10,84.0,0,8.4,15.4,MIN,Justin Jefferson,8.4
00-0036322,J.Jefferson,Justin Jefferson,WR,MIN,DET,16,2023,0,0,0.0,0,0,0.0,0,6,10,141.0,1,20.1,26.1,MIN,Justin Jefferson,20.1
00-0036322,J.Jefferson,Justin Jefferson,WR,MIN,GB,17,2023,0,0,0.0,0,0,0.0,0,5,10,59.0,0,5.9,10.9,MIN,Justin Jefferson,5.9
00-0036322,J.Jefferson,Justin Jefferson,WR,MIN,DET,18,2023,0,0,0.0,0,1,-12.0,0,12,14,192.0,1,24.0,36.0,MIN,Justin Jefferson,24.0
00-0036326,C.Claypool,Chase Claypool,WR,CHI,GB,1,2023,0,0,0.0,0,0,0.0,0,0,2,0.0,0,0.0,0.0,CHI,Chase Claypool,0.0
00-0036326,C.Claypool,Chase Claypool,WR,CHI,TB,2,2023,0,0,0.0,0,0,0.0,0,3,8,36.0,1,9.6,12.6,CHI,Chase Claypool,9.6
00-0036326,C.Claypool,Chase Claypool,WR,CHI,KC,3,2023,0,0,0.0,0,0,0.0,0,1,4,15.0,0,1.5,2.5,CHI,Chase Claypool,1.5
00-0036326,C.Claypool,Chase Claypool,WR,MIA,NE,8,2023,0,0,0.0,0,0,0.0,0,1,2,15.0,0,1.5,2.5,MIA,Chase Claypool,1.5
00-0036326,C.Claypool,Chase Claypool,WR,MIA,NYJ,15,2023,0,0,0.0,0,0,0.0,0,2,2,8.0,0,0.8,2.8,MIA,Chase Claypool,0.8
00-0036326,C.Claypool,Chase Claypool,WR,MIA,BAL,17,2023,0,0,0.0,0,0,0.0,0,0,1,0.0,0,0.0,0.0,MIA,Chase Claypool,0.0
00-0036326,C.Claypool,Chase Claypool,WR,MIA,BUF,18,2023,0,0,0.0,0,0,0.0,0,1,2,3.0,0,0.3,1.3,MIA,Chase Claypool,0.3
00-0036328,A.Gibson,Antonio Gibson,RB,WAS,ARI,1,2023,0,0,0.0,0,3,9.0,0,1,1,10.0,0,-0.1,0.9,WAS,Antonio Gibson,-0.1
00-0036328,A.Gibson,Antonio Gibson,RB,WAS,DEN,2,2023,0,0,0.0,0,2,9.0,0,3,3,44.0,0,5.3,8.3,WAS,Antonio Gibson,5.3
00-0036328,A.Gibson,Antonio Gibson,RB,WAS,BUF,3,2023,0,0,0.0,0,2,17.0,0,3,5,7.0,0,0.4,3.4,WAS,Antonio Gibson,0.4
00-0036328,A.Gibson,Antonio Gibson,RB,WAS,PHI,4,2023,0,0,0.0,0,6,19.0,0,1,1,7.0,0,2.6,3.6,WAS,Antonio Gibson,2.6
00-0036328,A.Gibson,Antonio Gibson,RB,WAS,CHI,5,2023,0,0,0.0,0,0,0.0,0,4,6,64.0,0,6.4,10.4,WAS,Antonio Gibson,6.4
00-0036328,A.Gibson,Antonio Gibson,RB,WAS,ATL,6,2023,0,0,0.0,0,3,15.0,0,1,1,1.0,1,7.6,8.6,WAS,Antonio Gibson,7.6
00-0036328,A.Gibson,Antonio Gibson,RB,WAS,NYG,7,2023,0,0,0.0,0,2,7.0,0,2,2,24.0,0,3.1,5.1,WAS,Antonio Gibson,3.1
00-0036328,A.Gibson,Antonio Gibson,RB,WAS,PHI,8,2023,0,0,0.0,0,2,14.0,0,5,5,28.0,0,4.2,9.2,WAS,Antonio Gibson,4.2
00-0036328,A.Gibson,Antonio Gibson,RB,WAS,NE,9,2023,0,0,0.0,0,6,34.0,0,5,5,42.0,0,7.6,12.6,WAS,Antonio Gibson,7.6
00-0036328,A.Gibson,Antonio Gibson,RB,WAS,SEA,10,2023,0,0,0.0,0,4,13.0,0,5,6,42.0,1,11.5,16.5,WAS,Antonio Gibson,11.5
00-0036328,A.Gibson,Antonio Gibson,RB,WAS,DAL,12,2023,0,0,0.0,0,6,21.0,0,3,4,16.0,0,3.7,6.7,WAS,Antonio Gibson,3.7
00-0036328,A.Gibson,Antonio Gibson,RB,WAS,MIA,13,2023,0,0,0.0,0,10,35.0,0,4,5,37.0,0,7.2,11.2,WAS,Antonio Gibson,7.2
00-0036328,A.Gibson,Antonio Gibson,RB,WAS,LA,15,2023,0,0,0.0,0,4,15.0,0,5,5,20.0,0,3.5,8.5,WAS,Antonio Gibson,3.5
00-0036328,A.Gibson,Antonio Gibson,RB,WAS,NYJ,16,2023,0,0,0.0,0,9,30.0,1,1,2,2.0,0,9.2,10.2,WAS,Antonio Gibson,9.2
00-0036328,A.Gibson,Antonio Gibson,RB,WAS,SF,17,2023,0,0,0.0,0,4,19.0,0,2,4,17.0,0,3.6,5.6,WAS,Antonio Gibson,3.6
00-0036328,A.Gibson,Antonio Gibson,RB,WAS,DAL,18,2023,0,0,0.0,0,2,8.0,0,3,4,28.0,0,3.6,6.6,WAS,Antonio Gibson,3.6
00-0036329,A.Davis,Ashtyn Davis,SS,NYJ,DAL,2,2023,0,0,0.0,0,1,4.0,0,0,0,0.0,0,0.4,0.4,NYJ,Ashtyn Davis,0.4
00-0036329,A.Davis,Ashtyn Davis,SS,NYJ,MIA,15,2023,0,0,0.0,0,1,-1.0,0,0,0,0.0,0,-0.1,-0.1,NYJ,Ashtyn Davis,-0.1
00-0036331,D.Duvernay,Devin Duvernay,WR,BAL,CIN,2,2023,0,0,0.0,0,3,15.0,0,0,3,0.0,0,1.5,1.5,BAL,Devin Duvernay,1.5
00-0036331,D.Duvernay,Devin Duvernay,WR,BAL,IND,3,2023,0,0,0.0,0,0,0.0,0,0,1,0.0,0,0.0,0.0,BAL,Devin Duvernay,0.0
00-0036331,D.Duvernay,Devin Duvernay,WR,BAL,CLE,4,2023,0,0,0.0,0,0,0.0,0,2,2,8.0,0,0.8,2.8,BAL,Devin Duvernay,0.8
00-0036331,D.Duvernay,Devin Duvernay,WR,BAL,PIT,5,2023,0,0,0.0,0,0,0.0,0,0,1,0.0,0,0.0,0.0,BAL,Devin Duvernay,0.0
00-0036331,D.Duvernay,Devin Duvernay,WR,BAL,SEA,9,2023,0,0,0.0,0,0,0.0,0,2,2,10.0,0,1.0,3.0,BAL,Devin Duvernay,1.0
00-0036331,D.Duvernay,Devin Duvernay,WR,BAL,LAC,12,2023,0,0,0.0,0,1,0.0,0,0,0,0.0,0,0.0,0.0,BAL,Devin Duvernay,0.0
00-0036332,J.Deguara,Josiah Deguara,TE,GB,ATL,2,2023,0,0,0.0,0,0,0.0,0,2,2,5.0,0,0.5,2.5,GB,Josiah Deguara,0.5
00-0036332,J.Deguara,Josiah Deguara,TE,GB,DET,4,2023,0,0,0.0,0,0,0.0,0,4,4,34.0,0,3.4,7.4,GB,Josiah Deguara,3.4
00-0036332,J.Deguara,Josiah Deguara,TE,GB,LV,5,2023,0,0,0.0,0,0,0.0,0,1,1,19.0,0,1.9,2.9,GB,Josiah Deguara,1.9
00-0036332,J.Deguara,Josiah Deguara,TE,GB,LA,9,2023,0,0,0.0,0,0,0.0,0,1,1,7.0,0,0.7,1.7,GB,Josiah Deguara,0.7
00-0036336,A.McFarland,Anthony McFarland,RB,PIT,SF,1,2023,0,0,0.0,0,0,0.0,0,2,2,11.0,0,1.1,3.1,PIT,Anthony McFarland,1.1
00-0036345,K.Osborn,K.J. Osborn,WR,MIN,TB,1,2023,0,0,0.0,0,0,0.0,0,3,6,31.0,0,3.1,6.1,MIN,K.J. Osborn,3.1
00-0036345,K.Osborn,K.J. Osborn,WR,MIN,PHI,2,2023,0,0,0.0,0,0,0.0,0,3,6,34.0,1,9.4,12.4,MIN,K.J. Osborn,9.4
00-0036345,K.Osborn,K.J. Osborn,WR,MIN,LAC,3,2023,0,0,0.0,0,0,0.0,0,1,3,36.0,1,9.6,10.6,MIN,K.J. Osborn,9.6
00-0036345,K.Osborn,K.J. Osborn,WR,MIN,CAR,4,2023,0,0,0.0,0,0,0.0,0,1,2,16.0,0,1.6,2.6,MIN,K.J. Osborn,1.6
00-0036345,K.Osborn,K.J. Osborn,WR,MIN,KC,5,2023,0,0,0.0,0,0,0.0,0,5,9,49.0,0,4.9,9.9,MIN,K.J. Osborn,4.9
00-0036345,K.Osborn,K.J. Osborn,WR,MIN,CHI,6,2023,0,0,0.0,0,0,0.0,0,4,5,48.0,0,4.8,8.8,MIN,K.J. Osborn,4.8
00-0036345,K.Osborn,K.J. Osborn,WR,MIN,SF,7,2023,0,0,0.0,0,0,0.0,0,5,6,47.0,0,4.7,9.7,MIN,K.J. Osborn,4.7
00-0036345,K.Osborn,K.J. Osborn,WR,MIN,GB,8,2023,0,0,0.0,0,0,0.0,0,8,10,99.0,0,9.9,17.9,MIN,K.J. Osborn,9.9
00-0036345,K.Osborn,K.J. Osborn,WR,MIN,ATL,9,2023,0,0,0.0,0,0,0.0,0,2,2,17.0,0,1.7,3.7,MIN,K.J. Osborn,1.7
00-0036345,K.Osborn,K.J. Osborn,WR,MIN,DEN,11,2023,0,0,0.0,0,0,0.0,0,1,2,7.0,0,0.7,1.7,MIN,K.J. Osborn,0.7
00-0036345,K.Osborn,K.J. Osborn,WR,MIN,CHI,12,2023,0,0,0.0,0,0,0.0,0,3,4,34.0,0,3.4,6.4,MIN,K.J. Osborn,3.4
00-0036345,K.Osborn,K.J. Osborn,WR,MIN,LV,14,2023,0,0,0.0,0,0,0.0,0,4,7,15.0,0,1.5,5.5,MIN,K.J. Osborn,1.5
00-0036345,K.Osborn,K.J. Osborn,WR,MIN,CIN,15,2023,0,0,0.0,0,0,0.0,0,1,2,3.0,0,0.3,1.3,MIN,K.J. Osborn,0.3
00-0036345,K.Osborn,K.J. Osborn,WR,MIN,DET,16,2023,0,0,0.0,0,0,0.0,0,5,7,95.0,1,15.5,20.5,MIN,K.J. Osborn,15.5
00-0036345,K.Osborn,K.J. Osborn,WR,MIN,DET,18,2023,0,0,0.0,0,0,0.0,0,2,4,9.0,0,0.9,2.9,MIN,K.J. Osborn,0.9
00-0036355,J.Herbert,Justin Herbert,QB,LAC,MIA,1,2023,23,33,229.0,1,5,17.0,1,0,0,0.0,0,20.86,20.86,LAC,Justin Herbert,20.86
00-0036355,J.Herbert,Justin Herbert,QB,LAC,TEN,2,2023,27,41,305.0,2,1,0.0,0,0,0,0.0,0,22.2,22.2,LAC,Justin Herbert,22.2
00-0036355,J.Herbert,Justin Herbert,QB,LAC,MIN,3,2023,40,47,405.0,3,2,11.0,0,0,0,0.0,0,29.3,29.3,LAC,Justin Herbert,29.3
00-0036355,J.Herbert,Justin Herbert,QB,LAC,LV,4,2023,13,24,167.0,1,12,27.0,2,0,0,0.0,0,23.38,23.38,LAC,Justin Herbert,23.38
00-0036355,J.Herbert,Justin Herbert,QB,LAC,DAL,6,2023,22,37,227.0,2,6,20.0,0,1,1,10.0,0,18.08,19.08,LAC,Justin Herbert,18.08
00-0036355,J.Herbert,Justin Herbert,QB,LAC,KC,7,2023,17,30,259.0,1,2,5.0,0,0,0,0.0,0,10.86,10.86,LAC,Justin Herbert,10.86
00-0036355,J.Herbert,Justin Herbert,QB,LAC,CHI,8,2023,31,40,298.0,3,1,1.0,0,0,0,0.0,0,24.02,24.02,LAC,Justin Herbert,24.02
00-0036355,J.Herbert,Justin Herbert,QB,LAC,NYJ,9,2023,16,30,136.0,0,3,17.0,0,0,0,0.0,0,7.14,7.14,LAC,Justin Herbert,7.14
00-0036355,J.Herbert,Justin Herbert,QB,LAC,DET,10,2023,27,40,323.0,4,4,15.0,0,0,0,0.0,0,28.42,28.42,LAC,Justin Herbert,28.42
00-0036355,J.Herbert,Justin Herbert,QB,LAC,GB,11,2023,21,36,260.0,2,8,73.0,0,0,0,0.0,0,25.7,25.7,LAC,Justin Herbert,25.7
00-0036355,J.Herbert,Justin Herbert,QB,LAC,BAL,12,2023,29,44,217.0,1,4,47.0,0,0,0,0.0,0,13.38,13.38,LAC,Justin Herbert,13.38
00-0036355,J.Herbert,Justin Herbert,QB,LAC,NE,13,2023,22,37,212.0,0,4,-5.0,0,0,0,0.0,0,7.98,7.98,LAC,Justin Herbert,7.98
00-0036355,J.Herbert,Justin Herbert,QB,LAC,DEN,14,2023,9,17,96.0,0,0,0.0,0,0,0,0.0,0,1.84,1.84,LAC,Justin Herbert,1.84
00-0036358,C.Lamb,CeeDee Lamb,WR,DAL,NYG,1,2023,0,0,0.0,0,0,0.0,0,4,4,77.0,0,7.7,11.7,DAL,CeeDee Lamb,7.7
00-0036358,C.Lamb,CeeDee Lamb,WR,DAL,NYJ,2,2023,0,0,0.0,0,0,0.0,0,11,13,143.0,0,14.3,25.3,DAL,CeeDee Lamb,14.3
00-0036358,C.Lamb,CeeDee Lamb,WR,DAL,ARI,3,2023,0,0,0.0,0,2,9.0,0,4,7,53.0,0,6.2,10.2,DAL,CeeDee Lamb,6.2
00-0036358,C.Lamb,CeeDee Lamb,WR,DAL,NE,4,2023,0,0,0.0,0,1,12.0,0,4,6,36.0,1,10.8,14.8,DAL,CeeDee Lamb,10.8
00-0036358,C.Lamb,CeeDee Lamb,WR,DAL,SF,5,2023,0,0,0.0,0,0,0.0,0,4,5,49.0,0,4.9,8.9,DAL,CeeDee Lamb,4.9
00-0036358,C.Lamb,CeeDee Lamb,WR,DAL,LAC,6,2023,0,0,0.0,0,0,0.0,0,7,7,117.0,0,11.7,18.7,DAL,CeeDee Lamb,11.7
00-0036358,C.Lamb,CeeDee Lamb,WR,DAL,LA,8,2023,0,0,0.0,0,1,12.0,0,12,14,158.0,2,29.0,41.0,DAL,CeeDee Lamb,29.0
00-0036358,C.Lamb,CeeDee Lamb,WR,DAL,PHI,9,2023,0,0,0.0,0,0,0.0,0,11,16,191.0,0,17.1,28.1,DAL,CeeDee Lamb,17.1
00-0036358,C.Lamb,CeeDee Lamb,WR,DAL,NYG,10,2023,0,0,0.0,0,1,14.0,1,11,14,151.0,1,28.5,39.5,DAL,CeeDee Lamb,28.5
00-0036358,C.Lamb,CeeDee Lamb,WR,DAL,CAR,11,2023,0,0,0.0,0,1,7.0,0,6,9,38.0,1,10.5,16.5,DAL,CeeDee Lamb,10.5
00-0036358,C.Lamb,CeeDee Lamb,WR,DAL,WAS,12,2023,0,0,0.0,0,1,0.0,0,4,9,53.0,1,13.3,17.3,DAL,CeeDee Lamb,13.3
00-0036358,C.Lamb,CeeDee Lamb,WR,DAL,SEA,13,2023,0,0,0.0,0,2,30.0,0,12,17,116.0,1,20.6,32.6,DAL,CeeDee Lamb,20.6
00-0036358,C.Lamb,CeeDee Lamb,WR,DAL,PHI,14,2023,0,0,0.0,0,0,0.0,0,6,10,71.0,1,13.1,19.1,DAL,CeeDee Lamb,13.1
00-0036358,C.Lamb,CeeDee Lamb,WR,DAL,BUF,15,2023,0,0,0.0,0,1,3.0,1,7,10,53.0,0,11.6,18.6,DAL,CeeDee Lamb,11.6
00-0036358,C.Lamb,CeeDee Lamb,WR,DAL,MIA,16,2023,0,0,0.0,0,2,14.0,0,6,10,118.0,1,19.2,25.2,DAL,CeeDee Lamb,19.2
00-0036358,C.Lamb,CeeDee Lamb,WR,DAL,DET,17,2023,0,0,0.0,0,1,5.0,0,13,17,227.0,1,29.2,42.2,DAL,CeeDee Lamb,29.2
00-0036358,C.Lamb,CeeDee Lamb,WR,DAL,WAS,18,2023,0,0,0.0,0,1,7.0,0,13,13,98.0,2,22.5,35.5,DAL,CeeDee Lamb,22.5
00-0036358,C.Lamb,CeeDee Lamb,WR,DAL,GB,19,2023,0,0,0.0,0,1,5.0,0,9,17,110.0,0,11.5,20.5,DAL,CeeDee Lamb,11.5
00-0036360,C.Edwards-Helaire,Clyde Edwards-Helaire,RB,KC,DET,1,2023,0,0,0.0,0,6,22.0,0,1,1,7.0,0,2.9,3.9,KC,Clyde Edwards-Helaire,2.9
00-0036360,C.Edwards-Helaire,Clyde Edwards-Helaire,RB,KC,JAX,2,2023,0,0,0.0,0,1,0.0,0,2,2,17.0,0,1.7,3.7,KC,Clyde Edwards-Helaire,1.7
00-0036360,C.Edwards-Helaire,Clyde Edwards-Helaire,RB,KC,CHI,3,2023,0,0,0.0,0,15,55.0,1,1,1,2.0,0,11.7,12.7,KC,Clyde Edwards-Helaire,11.7
00-0036360,C.Edwards-Helaire,Clyde Edwards-Helaire,RB,KC,NYJ,4,2023,0,0,0.0,0,3,12.0,0,1,1,1.0,0,1.3,2.3,KC,Clyde Edwards-Helaire,1.3
00-0036360,C.Edwards-Helaire,Clyde Edwards-Helaire,RB,KC,MIN,5,2023,0,0,0.0,0,3,4.0,0,0,0,0.0,0,0.4,0.4,KC,Clyde Edwards-Helaire,0.4
00-0036360,C.Edwards-Helaire,Clyde Edwards-Helaire,RB,KC,DEN,6,2023,0,0,0.0,0,2,7.0,0,1,1,9.0,0,1.6,2.6,KC,Clyde Edwards-Helaire,1.6
00-0036360,C.Edwards-Helaire,Clyde Edwards-Helaire,RB,KC,LAC,7,2023,0,0,0.0,0,2,5.0,0,0,1,0.0,0,0.5,0.5,KC,Clyde Edwards-Helaire,0.5
00-0036360,C.Edwards-Helaire,Clyde Edwards-Helaire,RB,KC,DEN,8,2023,0,0,0.0,0,1,4.0,0,0,0,0.0,0,0.4,0.4,KC,Clyde Edwards-Helaire,0.4
00-0036360,C.Edwards-Helaire,Clyde Edwards-Helaire,RB,KC,PHI,11,2023,0,0,0.0,0,2,20.0,0,0,0,0.0,0,2.0,2.0,KC,Clyde Edwards-Helaire,2.0
00-0036360,C.Edwards-Helaire,Clyde Edwards-Helaire,RB,KC,LV,12,2023,0,0,0.0,0,3,5.0,0,0,0,0.0,0,0.5,0.5,KC,Clyde Edwards-Helaire,0.5
00-0036360,C.Edwards-Helaire,Clyde Edwards-Helaire,RB,KC,GB,13,2023,0,0,0.0,0,2,6.0,0,1,2,8.0,0,1.4,2.4,KC,Clyde Edwards-Helaire,1.4
00-0036360,C.Edwards-Helaire,Clyde Edwards-Helaire,RB,KC,BUF,14,2023,0,0,0.0,0,11,39.0,0,2,4,29.0,0,6.8,8.8,KC,Clyde Edwards-Helaire,6.8
00-0036360,C.Edwards-Helaire,Clyde Edwards-Helaire,RB,KC,NE,15,2023,0,0,0.0,0,13,37.0,0,4,4,64.0,1,16.1,20.1,KC,Clyde Edwards-Helaire,16.1
00-0036360,C.Edwards-Helaire,Clyde Edwards-Helaire,RB,KC,LV,16,2023,0,0,0.0,0,4,6.0,0,3,3,42.0,0,4.8,7.8,KC,Clyde Edwards-Helaire,4.8
00-0036360,C.Edwards-Helaire,Clyde Edwards-Helaire,RB,KC,LAC,18,2023,0,0,0.0,0,2,1.0,0,1,2,9.0,0,1.0,2.0,KC,Clyde Edwards-Helaire,1.0
00-0036360,C.Edwards-Helaire,Clyde Edwards-Helaire,RB,KC,MIA,19,2023,0,0,0.0,0,7,21.0,0,1,1,5.0,0,0.6,1.6,KC,Clyde Edwards-Helaire,0.6
00-0036360,C.Edwards-Helaire,Clyde Edwards-Helaire,RB,KC,BUF,20,2023,0,0,0.0,0,2,31.0,0,1,1,-1.0,0,3.0,4.0,KC,Clyde Edwards-Helaire,3.0
00-0036360,C.Edwards-Helaire,Clyde Edwards-Helaire,RB,KC,BAL,21,2023,0,0,0.0,0,1,1.0,0,2,2,3.0,0,0.4,2.4,KC,Clyde Edwards-Helaire,0.4
00-0036360,C.Edwards-Helaire,Clyde Edwards-Helaire,RB,KC,SF,22,2023,0,0,0.0,0,1,0.0,0,0,0,0.0,0,0.0,0.0,KC,Clyde Edwards-Helaire,0.0
00-0036364,L.Bowden,Lynn Bowden,WR,NO,TB,4,2023,0,0,0.0,0,0,0.0,0,0,1,0.0,0,0.0,0.0,NO,Lynn Bowden,0.0
00-0036364,L.Bowden,Lynn Bowden,WR,NO,MIN,10,2023,0,0,0.0,0,0,0.0,0,1,1,12.0,0,1.2,2.2,NO,Lynn Bowden,1.2
00-0036364,L.Bowden,Lynn Bowden,WR,NO,ATL,12,2023,0,0,0.0,0,2,40.0,0,0,2,0.0,0,4.0,4.0,NO,Lynn Bowden,4.0
00-0036364,L.Bowden,Lynn Bowden,WR,NO,DET,13,2023,0,0,0.0,0,2,-6.0,0,1,1,5.0,0,-0.1,0.9,NO,Lynn Bowden,-0.1
00-0036364,L.Bowden,Lynn Bowden,WR,NO,CAR,14,2023,0,0,0.0,0,0,0.0,0,4,4,24.0,0,2.4,6.4,NO,Lynn Bowden,2.4
00-0036364,L.Bowden,Lynn Bowden,WR,NO,NYG,15,2023,0,0,0.0,0,0,0.0,0,3,5,31.0,0,3.1,6.1,NO,Lynn Bowden,3.1
00-0036364,L.Bowden,Lynn Bowden,WR,NO,TB,17,2023,0,0,0.0,0,0,0.0,0,1,1,6.0,0,0.6,1.6,NO,Lynn Bowden,0.6
00-0036364,L.Bowden,Lynn Bowden,WR,NO,ATL,18,2023,0,0,0.0,0,1,-2.0,0,1,1,5.0,0,0.3,1.3,NO,Lynn Bowden,0.3
00-0036370,J.Kelley,Joshua Kelley,RB,LAC,MIA,1,2023,0,0,0.0,0,16,91.0,1,0,1,0.0,0,15.1,15.1,LAC,Joshua Kelley,15.1
00-0036370,J.Kelley,Joshua Kelley,RB,LAC,TEN,2,2023,0,0,0.0,0,13,39.0,0,0,1,0.0,0,3.9,3.9,LAC,Joshua Kelley,3.9
00-0036370,J.Kelley,Joshua Kelley,RB,LAC,MIN,3,2023,0,0,0.0,0,11,12.0,0,1,1,5.0,0,1.7,2.7,LAC,Joshua Kelley,1.7
00-0036370,J.Kelley,Joshua Kelley,RB,LAC,LV,4,2023,0,0,0.0,0,17,65.0,0,0,0,0.0,0,6.5,6.5,LAC,Joshua Kelley,6.5
00-0036370,J.Kelley,Joshua Kelley,RB,LAC,DAL,6,2023,0,0,0.0,0,1,2.0,0,1,2,2.0,0,0.4,1.4,LAC,Joshua Kelley,0.4
00-0036370,J.Kelley,Joshua Kelley,RB,LAC,KC,7,2023,0,0,0.0,0,7,75.0,1,0,0,0.0,0,13.5,13.5,LAC,Joshua Kelley,13.5
00-0036370,J.Kelley,Joshua Kelley,RB,LAC,CHI,8,2023,0,0,0.0,0,6,21.0,0,0,0,0.0,0,2.1,2.1,LAC,Joshua Kelley,2.1
00-0036370,J.Kelley,Joshua Kelley,RB,LAC,NYJ,9,2023,0,0,0.0,0,3,18.0,0,1,1,4.0,0,2.2,3.2,LAC,Joshua Kelley,2.2
00-0036370,J.Kelley,Joshua Kelley,RB,LAC,DET,10,2023,0,0,0.0,0,5,16.0,0,0,0,0.0,0,1.6,1.6,LAC,Joshua Kelley,1.6
00-0036370,J.Kelley,Joshua Kelley,RB,LAC,GB,11,2023,0,0,0.0,0,6,13.0,0,0,0,0.0,0,1.3,1.3,LAC,Joshua Kelley,1.3
00-0036370,J.Kelley,Joshua Kelley,RB,LAC,BAL,12,2023,0,0,0.0,0,3,8.0,0,2,2,6.0,0,1.4,3.4,LAC,Joshua Kelley,1.4
00-0036370,J.Kelley,Joshua Kelley,RB,LAC,NE,13,2023,0,0,0.0,0,6,16.0,0,2,3,9.0,0,2.5,4.5,LAC,Joshua Kelley,2.5
00-0036370,J.Kelley,Joshua Kelley,RB,LAC,DEN,14,2023,0,0,0.0,0,3,6.0,0,0,0,0.0,0,0.6,0.6,LAC,Joshua Kelley,0.6
00-0036370,J.Kelley,Joshua Kelley,RB,LAC,LV,15,2023,0,0,0.0,0,5,22.0,0,1,1,6.0,0,0.8,1.8,LAC,Joshua Kelley,0.8
00-0036370,J.Kelley,Joshua Kelley,RB,LAC,BUF,16,2023,0,0,0.0,0,1,-2.0,0,0,0,0.0,0,-0.2,-0.2,LAC,Joshua Kelley,-0.2
00-0036370,J.Kelley,Joshua Kelley,RB,LAC,DEN,17,2023,0,0,0.0,0,2,2.0,0,0,0,0.0,0,0.2,0.2,LAC,Joshua Kelley,0.2
00-0036370,J.Kelley,Joshua Kelley,RB,LAC,KC,18,2023,0,0,0.0,0,2,1.0,0,0,0,0.0,0,0.1,0.1,LAC,Joshua Kelley,0.1
00-0036387,J.Reagor,Jalen Reagor,WR,NE,BUF,7,2023,0,0,0.0,0,0,0.0,0,1,1,11.0,0,1.1,2.1,NE,Jalen Reagor,1.1
00-0036387,J.Reagor,Jalen Reagor,WR,NE,MIA,8,2023,0,0,0.0,0,0,0.0,0,0,2,0.0,0,0.0,0.0,NE,Jalen Reagor,0.0
00-0036387,J.Reagor,Jalen Reagor,WR,NE,WAS,9,2023,0,0,0.0,0,0,0.0,0,1,6,11.0,0,1.1,2.1,NE,Jalen Reagor,1.1
00-0036387,J.Reagor,Jalen Reagor,WR,NE,LAC,13,2023,0,0,0.0,0,0,0.0,0,1,1,11.0,0,1.1,2.1,NE,Jalen Reagor,1.1
00-0036387,J.Reagor,Jalen Reagor,WR,NE,PIT,14,2023,0,0,0.0,0,0,0.0,0,0,1,0.0,0,0.0,0.0,NE,Jalen Reagor,0.0
00-0036387,J.Reagor,Jalen Reagor,WR,NE,KC,15,2023,0,0,0.0,0,0,0.0,0,0,2,0.0,0,0.0,0.0,NE,Jalen Reagor,0.0
00-0036387,J.Reagor,Jalen Reagor,WR,NE,DEN,16,2023,0,0,0.0,0,0,0.0,0,2,2,33.0,0,3.3,5.3,NE,Jalen Reagor,3.3
00-0036387,J.Reagor,Jalen Reagor,WR,NE,BUF,17,2023,0,0,0.0,0,0,0.0,0,1,3,39.0,0,9.9,10.9,NE,Jalen Reagor,9.9
00-0036387,J.Reagor,Jalen Reagor,WR,NE,NYJ,18,2023,0,0,0.0,0,1,17.0,0,1,5,33.0,0,5.0,6.0,NE,Jalen Reagor,5.0
00-0036389,J.Hurts,Jalen Hurts,QB,PHI,NE,1,2023,22,33,170.0,1,9,37.0,0,0,0,0.0,0,12.5,12.5,PHI,Jalen Hurts,12.5
00-0036389,J.Hurts,Jalen Hurts,QB,PHI,MIN,2,2023,18,23,193.0,1,12,35.0,2,0,0,0.0,0,25.22,25.22,PHI,Jalen Hurts,25.22
00-0036389,J.Hurts,Jalen Hurts,QB,PHI,TB,3,2023,23,37,277.0,1,10,28.0,1,0,0,0.0,0,19.88,19.88,PHI,Jalen Hurts,19.88
00-0036389,J.Hurts,Jalen Hurts,QB,PHI,WAS,4,2023,25,37,319.0,2,9,34.0,0,0,0,0.0,0,24.16,24.16,PHI,Jalen Hurts,24.16
00-0036389,J.Hurts,Jalen Hurts,QB,PHI,LA,5,2023,25,38,303.0,1,15,72.0,1,0,0,0.0,0,27.32,27.32,PHI,Jalen Hurts,27.32
00-0036389,J.Hurts,Jalen Hurts,QB,PHI,NYJ,6,2023,28,45,280.0,1,8,47.0,1,0,0,0.0,0,19.9,19.9,PHI,Jalen Hurts,19.9
00-0036389,J.Hurts,Jalen Hurts,QB,PHI,MIA,7,2023,23,31,279.0,2,11,21.0,1,0,0,0.0,0,23.26,23.26,PHI,Jalen Hurts,23.26
00-0036389,J.Hurts,Jalen Hurts,QB,PHI,WAS,8,2023,29,38,319.0,4,4,6.0,0,0,0,0.0,0,27.36,27.36,PHI,Jalen Hurts,27.36
00-0036389,J.Hurts,Jalen Hurts,QB,PHI,DAL,9,2023,17,23,207.0,2,10,36.0,1,0,0,0.0,0,25.88,25.88,PHI,Jalen Hurts,25.88
00-0036389,J.Hurts,Jalen Hurts,QB,PHI,KC,11,2023,14,22,150.0,0,12,29.0,2,0,0,0.0,0,18.9,18.9,PHI,Jalen Hurts,18.9
00-0036389,J.Hurts,Jalen Hurts,QB,PHI,BUF,12,2023,18,31,200.0,3,14,65.0,2,0,0,0.0,0,34.5,34.5,PHI,Jalen Hurts,34.5
00-0036389,J.Hurts,Jalen Hurts,QB,PHI,SF,13,2023,26,45,298.0,1,7,20.0,1,0,0,0.0,0,23.92,23.92,PHI,Jalen Hurts,23.92
00-0036389,J.Hurts,Jalen Hurts,QB,PHI,DAL,14,2023,18,27,197.0,0,5,30.0,0,0,0,0.0,0,8.88,8.88,PHI,Jalen Hurts,8.88
00-0036389,J.Hurts,Jalen Hurts,QB,PHI,SEA,15,2023,17,31,143.0,0,13,82.0,2,0,0,0.0,0,21.92,21.92,PHI,Jalen Hurts,21.92
00-0036389,J.Hurts,Jalen Hurts,QB,PHI,NYG,16,2023,24,38,301.0,1,8,34.0,1,0,0,0.0,0,23.44,23.44,PHI,Jalen Hurts,23.44
00-0036389,J.Hurts,Jalen Hurts,QB,PHI,ARI,17,2023,18,23,167.0,3,8,25.0,0,0,0,0.0,0,19.18,19.18,PHI,Jalen Hurts,19.18
00-0036389,J.Hurts,Jalen Hurts,QB,PHI,NYG,18,2023,7,16,55.0,0,2,4.0,0,0,0,0.0,0,0.6,0.6,PHI,Jalen Hurts,0.6
00-0036389,J.Hurts,Jalen Hurts,QB,PHI,TB,19,2023,25,35,250.0,1,1,5.0,0,0,0,0.0,0,14.5,14.5,PHI,Jalen Hurts,14.5
00-0036407,J.Jeudy,Jerry Jeudy,WR,DEN,WAS,2,2023,0,0,0.0,0,0,0.0,0,3,5,25.0,0,2.5,5.5,DEN,Jerry Jeudy,2.5
00-0036407,J.Jeudy,Jerry Jeudy,WR,DEN,MIA,3,2023,0,0,0.0,0,0,0.0,0,5,7,81.0,0,8.1,13.1,DEN,Jerry Jeudy,8.1
00-0036407,J.Jeudy,Jerry Jeudy,WR,DEN,CHI,4,2023,0,0,0.0,0,0,0.0,0,3,5,52.0,0,5.2,8.2,DEN,Jerry Jeudy,5.2
00-0036407,J.Jeudy,Jerry Jeudy,WR,DEN,NYJ,5,2023,0,0,0.0,0,0,0.0,0,6,7,50.0,0,5.0,11.0,DEN,Jerry Jeudy,5.0
00-0036407,J.Jeudy,Jerry Jeudy,WR,DEN,KC,6,2023,0,0,0.0,0,0,0.0,0,3,5,14.0,0,1.4,4.4,DEN,Jerry Jeudy,1.4
00-0036407,J.Jeudy,Jerry Jeudy,WR,DEN,GB,7,2023,0,0,0.0,0,0,0.0,0,5,5,64.0,0,6.4,11.4,DEN,Jerry Jeudy,6.4
00-0036407,J.Jeudy,Jerry Jeudy,WR,DEN,KC,8,2023,0,0,0.0,0,0,0.0,0,2,6,50.0,1,11.0,13.0,DEN,Jerry Jeudy,11.0
00-0036407,J.Jeudy,Jerry Jeudy,WR,DEN,BUF,10,2023,0,0,0.0,0,0,0.0,0,3,3,35.0,0,3.5,6.5,DEN,Jerry Jeudy,3.5
00-0036407,J.Jeudy,Jerry Jeudy,WR,DEN,MIN,11,2023,0,0,0.0,0,0,0.0,0,5,7,58.0,0,5.8,10.8,DEN,Jerry Jeudy,5.8
00-0036407,J.Jeudy,Jerry Jeudy,WR,DEN,CLE,12,2023,0,0,0.0,0,0,0.0,0,2,3,11.0,0,1.1,3.1,DEN,Jerry Jeudy,1.1
00-0036407,J.Jeudy,Jerry Jeudy,WR,DEN,HOU,13,2023,0,0,0.0,0,0,0.0,0,3,4,51.0,0,5.1,8.1,DEN,Jerry Jeudy,5.1
00-0036407,J.Jeudy,Jerry Jeudy,WR,DEN,LAC,14,2023,0,0,0.0,0,0,0.0,0,2,6,16.0,0,1.6,3.6,DEN,Jerry Jeudy,1.6
00-0036407,J.Jeudy,Jerry Jeudy,WR,DEN,DET,15,2023,0,0,0.0,0,0,0.0,0,3,7,74.0,0,7.4,10.4,DEN,Jerry Jeudy,7.4
00-0036407,J.Jeudy,Jerry Jeudy,WR,DEN,NE,16,2023,0,0,0.0,0,0,0.0,0,3,5,44.0,0,4.4,7.4,DEN,Jerry Jeudy,4.4
00-0036407,J.Jeudy,Jerry Jeudy,WR,DEN,LAC,17,2023,0,0,0.0,0,0,0.0,0,3,6,54.0,0,5.4,8.4,DEN,Jerry Jeudy,5.4
00-0036407,J.Jeudy,Jerry Jeudy,WR,DEN,LV,18,2023,0,0,0.0,0,0,0.0,0,3,6,79.0,1,13.9,16.9,DEN,Jerry Jeudy,13.9
00-0036410,T.Higgins,Tee Higgins,WR,CIN,CLE,1,2023,0,0,0.0,0,0,0.0,0,0,8,0.0,0,0.0,0.0,CIN,Tee Higgins,0.0
00-0036410,T.Higgins,Tee Higgins,WR,CIN,BAL,2,2023,0,0,0.0,0,0,0.0,0,8,12,89.0,2,20.9,28.9,CIN,Tee Higgins,20.9
00-0036410,T.Higgins,Tee Higgins,WR,CIN,LA,3,2023,0,0,0.0,0,0,0.0,0,2,8,21.0,0,2.1,4.1,CIN,Tee Higgins,2.1
00-0036410,T.Higgins,Tee Higgins,WR,CIN,TEN,4,2023,0,0,0.0,0,0,0.0,0,2,4,19.0,0,1.9,3.9,CIN,Tee Higgins,1.9
00-0036410,T.Higgins,Tee Higgins,WR,CIN,SEA,6,2023,0,0,0.0,0,0,0.0,0,2,4,20.0,0,2.0,4.0,CIN,Tee Higgins,2.0
00-0036410,T.Higgins,Tee Higgins,WR,CIN,SF,8,2023,0,0,0.0,0,0,0.0,0,5,6,69.0,0,6.9,11.9,CIN,Tee Higgins,6.9
00-0036410,T.Higgins,Tee Higgins,WR,CIN,BUF,9,2023,0,0,0.0,0,0,0.0,0,8,9,110.0,0,11.0,19.0,CIN,Tee Higgins,11.0
00-0036410,T.Higgins,Tee Higgins,WR,CIN,JAX,13,2023,0,0,0.0,0,0,0.0,0,3,3,36.0,0,3.6,6.6,CIN,Tee Higgins,3.6
00-0036410,T.Higgins,Tee Higgins,WR,CIN,IND,14,2023,0,0,0.0,0,0,0.0,0,2,4,72.0,0,7.2,9.2,CIN,Tee Higgins,7.2
00-0036410,T.Higgins,Tee Higgins,WR,CIN,MIN,15,2023,0,0,0.0,0,0,0.0,0,4,8,61.0,2,18.1,22.1,CIN,Tee Higgins,18.1
00-0036410,T.Higgins,Tee Higgins,WR,CIN,PIT,16,2023,0,0,0.0,0,0,0.0,0,5,8,140.0,1,20.0,25.0,CIN,Tee Higgins,20.0
00-0036410,T.Higgins,Tee Higgins,WR,CIN,KC,17,2023,0,0,0.0,0,0,0.0,0,1,2,19.0,0,1.9,2.9,CIN,Tee Higgins,1.9
00-0036414,C.Akers,Cam Akers,RB,LA,SEA,1,2023,0,0,0.0,0,22,29.0,1,0,0,0.0,0,8.9,8.9,LA,Cam Akers,8.9
00-0036414,C.Akers,Cam Akers,RB,MIN,CAR,4,2023,0,0,0.0,0,5,40.0,0,2,2,11.0,0,5.1,7.1,MIN,Cam Akers,5.1
00-0036414,C.Akers,Cam Akers,RB,MIN,KC,5,2023,0,0,0.0,0,5,15.0,0,2,2,3.0,0,1.8,3.8,MIN,Cam Akers,1.8
00-0036414,C.Akers,Cam Akers,RB,MIN,CHI,6,2023,0,0,0.0,0,1,8.0,0,1,1,7.0,0,1.5,2.5,MIN,Cam Akers,1.5
00-0036414,C.Akers,Cam Akers,RB,MIN,SF,7,2023,0,0,0.0,0,10,31.0,0,2,3,30.0,0,6.1,8.1,MIN,Cam Akers,6.1
00-0036414,C.Akers,Cam Akers,RB,MIN,GB,8,2023,0,0,0.0,0,9,19.0,1,1,1,6.0,0,8.5,9.5,MIN,Cam Akers,8.5
00-0036414,C.Akers,Cam Akers,RB,MIN,ATL,9,2023,0,0,0.0,0,8,25.0,0,3,3,13.0,0,3.8,6.8,MIN,Cam Akers,3.8
00-0036415,V.Jefferson,Van Jefferson,WR,LA,SEA,1,2023,0,0,0.0,0,0,0.0,0,4,5,24.0,0,2.4,6.4,LA,Van Jefferson,2.4
00-0036415,V.Jefferson,Van Jefferson,WR,LA,SF,2,2023,0,0,0.0,0,0,0.0,0,1,4,9.0,0,0.9,1.9,LA,Van Jefferson,0.9
00-0036415,V.Jefferson,Van Jefferson,WR,LA,CIN,3,2023,0,0,0.0,0,1,4.0,0,1,3,46.0,0,5.0,6.0,LA,Van Jefferson,5.0
00-0036415,V.Jefferson,Van Jefferson,WR,LA,IND,4,2023,0,0,0.0,0,0,0.0,0,2,3,29.0,0,2.9,4.9,LA,Van Jefferson,2.9
00-0036415,V.Jefferson,Van Jefferson,WR,ATL,WAS,6,2023,0,0,0.0,0,0,0.0,0,0,2,0.0,0,0.0,0.0,ATL,Van Jefferson,0.0
00-0036415,V.Jefferson,Van Jefferson,WR,ATL,TB,7,2023,0,0,0.0,0,0,0.0,0,1,2,5.0,0,0.5,1.5,ATL,Van Jefferson,0.5
00-0036415,V.Jefferson,Van Jefferson,WR,ATL,TEN,8,2023,0,0,0.0,0,0,0.0,0,3,5,24.0,0,2.4,5.4,ATL,Van Jefferson,2.4
00-0036415,V.Jefferson,Van Jefferson,WR,ATL,MIN,9,2023,0,0,0.0,0,0,0.0,0,1,4,14.0,0,1.4,2.4,ATL,Van Jefferson,1.4
00-0036415,V.Jefferson,Van Jefferson,WR,ATL,ARI,10,2023,0,0,0.0,0,0,0.0,0,0,1,0.0,0,0.0,0.0,ATL,Van Jefferson,0.0
00-0036415,V.Jefferson,Van Jefferson,WR,ATL,NO,12,2023,0,0,0.0,0,0,0.0,0,1,2,13.0,0,1.3,2.3,ATL,Van Jefferson,1.3
00-0036415,V.Jefferson,Van Jefferson,WR,ATL,CAR,15,2023,0,0,0.0,0,0,0.0,0,0,1,0.0,0,0.0,0.0,ATL,Van Jefferson,0.0
00-0036415,V.Jefferson,Van Jefferson,WR,ATL,IND,16,2023,0,0,0.0,0,0,0.0,0,1,3,13.0,0,1.3,2.3,ATL,Van Jefferson,1.3
00-0036415,V.Jefferson,Van Jefferson,WR,ATL,CHI,17,2023,0,0,0.0,0,0,0.0,0,3,5,19.0,0,1.9,4.9,ATL,Van Jefferson,1.9
00-0036415,V.Jefferson,Van Jefferson,WR,ATL,NO,18,2023,0,0,0.0,0,0,0.0,0,2,3,13.0,0,1.3,3.3,ATL,Van Jefferson,1.3
00-0036422,A.Trautman,Adam Trautman,TE,DEN,LV,1,2023,0,0,0.0,0,0,0.0,0,5,5,34.0,0,3.4,8.4,DEN,Adam Trautman,3.4
00-0036422,A.Trautman,Adam Trautman,TE,DEN,WAS,2,2023,0,0,0.0,0,0,0.0,0,0,1,0.0,0,0.0,0.0,DEN,Adam Trautman,0.0
00-0036422,A.Trautman,Adam Trautman,TE,DEN,MIA,3,2023,0,0,0.0,0,0,0.0,0,0,2,0.0,0,0.0,0.0,DEN,Adam Trautman,0.0
00-0036422,A.Trautman,Adam Trautman,TE,DEN,CHI,4,2023,0,0,0.0,0,0,0.0,0,0,1,0.0,0,0.0,0.0,DEN,Adam Trautman,0.0
00-0036422,A.Trautman,Adam Trautman,TE,DEN,NYJ,5,2023,0,0,0.0,0,0,0.0,0,4,5,26.0,1,8.6,12.6,DEN,Adam Trautman,8.6
00-0036422,A.Trautman,Adam Trautman,TE,DEN,KC,6,2023,0,0,0.0,0,0,0.0,0,1,2,4.0,0,0.4,1.4,DEN,Adam Trautman,0.4
00-0036422,A.Trautman,Adam Trautman,TE,DEN,GB,7,2023,0,0,0.0,0,0,0.0,0,1,2,5.0,0,0.5,1.5,DEN,Adam Trautman,0.5
00-0036422,A.Trautman,Adam Trautman,TE,DEN,BUF,10,2023,0,0,0.0,0,0,0.0,0,2,2,15.0,0,1.5,3.5,DEN,Adam Trautman,1.5
00-0036422,A.Trautman,Adam Trautman,TE,DEN,MIN,11,2023,0,0,0.0,0,0,0.0,0,2,2,33.0,0,3.3,5.3,DEN,Adam Trautman,3.3
00-0036422,A.Trautman,Adam Trautman,TE,DEN,CLE,12,2023,0,0,0.0,0,0,0.0,0,1,1,8.0,1,6.8,7.8,DEN,Adam Trautman,6.8
00-0036422,A.Trautman,Adam Trautman,TE,DEN,HOU,13,2023,0,0,0.0,0,0,0.0,0,1,2,6.0,0,0.6,1.6,DEN,Adam Trautman,0.6
00-0036422,A.Trautman,Adam Trautman,TE,DEN,LAC,14,2023,0,0,0.0,0,0,0.0,0,2,3,19.0,1,7.9,9.9,DEN,Adam Trautman,7.9
00-0036422,A.Trautman,Adam Trautman,TE,DEN,DET,15,2023,0,0,0.0,0,0,0.0,0,1,3,24.0,0,2.4,3.4,DEN,Adam Trautman,2.4
00-0036422,A.Trautman,Adam Trautman,TE,DEN,NE,16,2023,0,0,0.0,0,0,0.0,0,0,1,0.0,0,0.0,0.0,DEN,Adam Trautman,0.0
00-0036422,A.Trautman,Adam Trautman,TE,DEN,LAC,17,2023,0,0,0.0,0,0,0.0,0,1,2,9.0,0,0.9,1.9,DEN,Adam Trautman,0.9
00-0036422,A.Trautman,Adam Trautman,TE,DEN,LV,18,2023,0,0,0.0,0,0,0.0,0,1,1,21.0,0,2.1,3.1,DEN,Adam Trautman,2.1
00-0036423,A.Okwuegbunam,Albert Okwuegbunam,TE,PHI,SF,13,2023,0,0,0.0,0,0,0.0,0,0,1,0.0,0,0.0,0.0,PHI,Albert Okwuegbunam,0.0
00-0036424,B.Hopkins,Brycen Hopkins,TE,LA,SEA,1,2023,0,0,0.0,0,0,0.0,0,1,2,21.0,0,2.1,3.1,LA,Brycen Hopkins,2.1
00-0036424,B.Hopkins,Brycen Hopkins,TE,LA,IND,4,2023,0,0,0.0,0,0,0.0,0,1,1,5.0,0,0.5,1.5,LA,Brycen Hopkins,0.5
00-0036424,B.Hopkins,Brycen Hopkins,TE,LA,PIT,7,2023,0,0,0.0,0,0,0.0,0,1,1,5.0,0,0.5,1.5,LA,Brycen Hopkins,0.5
00-0036424,B.Hopkins,Brycen Hopkins,TE,LA,SF,18,2023,0,0,0.0,0,0,0.0,0,2,3,47.0,0,4.7,6.7,LA,Brycen Hopkins,4.7
00-0036425,D.Dallas,DeeJay Dallas,RB,SEA,LA,1,2023,0,0,0.0,0,2,4.0,0,1,1,14.0,0,1.8,2.8,SEA,DeeJay Dallas,1.8
00-0036425,D.Dallas,DeeJay Dallas,RB,SEA,DET,2,2023,0,0,0.0,0,1,3.0,0,0,0,0.0,0,0.3,0.3,SEA,DeeJay Dallas,0.3
00-0036425,D.Dallas,DeeJay Dallas,RB,SEA,CAR,3,2023,0,0,0.0,0,2,7.0,0,1,1,-2.0,0,0.5,1.5,SEA,DeeJay Dallas,0.5
00-0036425,D.Dallas,DeeJay Dallas,RB,SEA,NYG,4,2023,0,0,0.0,0,0,0.0,0,0,1,0.0,0,0.0,0.0,SEA,DeeJay Dallas,0.0
00-0036425,D.Dallas,DeeJay Dallas,RB,SEA,CIN,6,2023,0,0,0.0,0,0,0.0,0,1,1,-1.0,0,-0.1,0.9,SEA,DeeJay Dallas,-0.1
00-0036425,D.Dallas,DeeJay Dallas,RB,SEA,ARI,7,2023,0,0,0.0,0,0,0.0,0,1,1,0.0,0,0.0,1.0,SEA,DeeJay Dallas,0.0
00-0036425,D.Dallas,DeeJay Dallas,RB,SEA,LA,11,2023,0,0,0.0,0,1,4.0,0,1,1,10.0,0,1.4,2.4,SEA,DeeJay Dallas,1.4
00-0036425,D.Dallas,DeeJay Dallas,RB,SEA,SF,12,2023,0,0,0.0,0,2,10.0,0,1,1,5.0,0,1.5,2.5,SEA,DeeJay Dallas,1.5
00-0036425,D.Dallas,DeeJay Dallas,RB,SEA,DAL,13,2023,0,0,0.0,0,1,6.0,0,0,2,0.0,0,0.6,0.6,SEA,DeeJay Dallas,0.6
00-0036425,D.Dallas,DeeJay Dallas,RB,SEA,TEN,16,2023,0,0,0.0,0,1,2.0,0,0,0,0.0,0,0.2,0.2,SEA,DeeJay Dallas,0.2
00-0036427,T.Johnson,Tyler Johnson,WR,LA,SF,18,2023,0,0,0.0,0,0,0.0,0,2,3,8.0,1,6.8,8.8,LA,Tyler Johnson,6.8
00-0036429,C.Woerner,Charlie Woerner,TE,SF,SEA,12,2023,0,0,0.0,0,0,0.0,0,1,1,9.0,0,0.9,1.9,SF,Charlie Woerner,0.9
00-0036429,C.Woerner,Charlie Woerner,TE,SF,SEA,14,2023,0,0,0.0,0,0,0.0,0,1,1,3.0,0,0.3,1.3,SF,Charlie Woerner,0.3
00-0036429,C.Woerner,Charlie Woerner,TE,SF,LA,18,2023,0,0,0.0,0,0,0.0,0,1,1,20.0,0,2.0,3.0,SF,Charlie Woerner,2.0
00-0036438,S.Sullivan,Stephen Sullivan,TE,CAR,HOU,8,2023,0,0,0.0,0,0,0.0,0,1,1,13.0,0,1.3,2.3,CAR,Stephen Sullivan,1.3
00-0036438,S.Sullivan,Stephen Sullivan,TE,CAR,IND,9,2023,0,0,0.0,0,0,0.0,0,4,5,28.0,0,2.8,6.8,CAR,Stephen Sullivan,2.8
00-0036438,S.Sullivan,Stephen Sullivan,TE,CAR,DAL,11,2023,0,0,0.0,0,0,0.0,0,1,1,20.0,0,2.0,3.0,CAR,Stephen Sullivan,2.0
00-0036438,S.Sullivan,Stephen Sullivan,TE,CAR,TEN,12,2023,0,0,0.0,0,0,0.0,0,1,1,13.0,0,1.3,2.3,CAR,Stephen Sullivan,1.3
00-0036438,S.Sullivan,Stephen Sullivan,TE,CAR,TB,13,2023,0,0,0.0,0,0,0.0,0,1,2,16.0,0,1.6,2.6,CAR,Stephen Sullivan,1.6
00-0036438,S.Sullivan,Stephen Sullivan,TE,CAR,NO,14,2023,0,0,0.0,0,0,0.0,0,0,4,0.0,0,0.0,0.0,CAR,Stephen Sullivan,0.0
00-0036438,S.Sullivan,Stephen Sullivan,TE,CAR,ATL,15,2023,0,0,0.0,0,0,0.0,0,1,1,14.0,0,1.4,2.4,CAR,Stephen Sullivan,1.4
00-0036438,S.Sullivan,Stephen Sullivan,TE,CAR,GB,16,2023,0,0,0.0,0,0,0.0,0,3,5,21.0,0,2.1,5.1,CAR,Stephen Sullivan,2.1
00-0036438,S.Sullivan,Stephen Sullivan,TE,CAR,JAX,17,2023,0,0,0.0,0,0,0.0,0,0,2,0.0,0,0.0,0.0,CAR,Stephen Sullivan,0.0
00-0036438,S.Sullivan,Stephen Sullivan,TE,CAR,TB,18,2023,0,0,0.0,0,0,0.0,0,0,2,0.0,0,0.0,0.0,CAR,Stephen Sullivan,0.0
00-0036442,J.Burrow,Joe Burrow,QB,CIN,CLE,1,2023,14,31,82.0,0,1,-1.0,0,0,0,0.0,0,3.18,3.18,CIN,Joe Burrow,3.18
00-0036442,J.Burrow,Joe Burrow,QB,CIN,BAL,2,2023,27,41,222.0,2,1,5.0,0,0,0,0.0,0,15.38,15.38,CIN,Joe Burrow,15.38
00-0036442,J.Burrow,Joe Burrow,QB,CIN,LA,3,2023,26,49,259.0,0,3,-2.0,0,0,0,0.0,0,8.16,8.16,CIN,Joe Burrow,8.16
00-0036442,J.Burrow,Joe Burrow,QB,CIN,TEN,4,2023,20,30,165.0,0,3,1.0,0,0,0,0.0,0,4.7,4.7,CIN,Joe Burrow,4.7
00-0036442,J.Burrow,Joe Burrow,QB,CIN,ARI,5,2023,36,46,317.0,3,4,7.0,0,0,0,0.0,0,23.38,23.38,CIN,Joe Burrow,23.38
00-0036442,J.Burrow,Joe Burrow,QB,CIN,SEA,6,2023,24,35,185.0,2,2,4.0,0,0,0,0.0,0,13.8,13.8,CIN,Joe Burrow,13.8
00-0036442,J.Burrow,Joe Burrow,QB,CIN,SF,8,2023,28,32,283.0,3,6,43.0,0,0,0,0.0,0,27.62,27.62,CIN,Joe Burrow,27.62
00-0036442,J.Burrow,Joe Burrow,QB,CIN,BUF,9,2023,31,44,348.0,2,5,4.0,0,0,0,0.0,0,22.32,22.32,CIN,Joe Burrow,22.32
00-0036442,J.Burrow,Joe Burrow,QB,CIN,HOU,10,2023,27,40,347.0,2,5,20.0,0,0,0,0.0,0,19.88,19.88,CIN,Joe Burrow,19.88
00-0036442,J.Burrow,Joe Burrow,QB,CIN,BAL,11,2023,11,17,101.0,1,1,7.0,0,0,0,0.0,0,8.74,8.74,CIN,Joe Burrow,8.74
00-0036450,K.Vaughn,Ke'Shawn Vaughn,RB,TB,NO,4,2023,0,0,0.0,0,9,16.0,0,1,1,3.0,0,1.9,2.9,TB,Ke'Shawn Vaughn,1.9
00-0036450,K.Vaughn,Ke'Shawn Vaughn,RB,TB,DET,6,2023,0,0,0.0,0,6,9.0,0,0,2,0.0,0,0.9,0.9,TB,Ke'Shawn Vaughn,0.9
00-0036450,K.Vaughn,Ke'Shawn Vaughn,RB,TB,ATL,7,2023,0,0,0.0,0,4,7.0,0,0,1,0.0,0,0.7,0.7,TB,Ke'Shawn Vaughn,0.7
00-0036450,K.Vaughn,Ke'Shawn Vaughn,RB,TB,BUF,8,2023,0,0,0.0,0,1,1.0,0,0,0,0.0,0,0.1,0.1,TB,Ke'Shawn Vaughn,0.1
00-0036450,K.Vaughn,Ke'Shawn Vaughn,RB,TB,HOU,9,2023,0,0,0.0,0,4,9.0,0,1,1,-1.0,0,0.8,1.8,TB,Ke'Shawn Vaughn,0.8
00-0036482,M.Strachan,Mike Strachan,WR,CAR,CHI,10,2023,0,0,0.0,0,0,0.0,0,1,2,45.0,0,4.5,5.5,CAR,Mike Strachan,4.5
00-0036482,M.Strachan,Mike Strachan,WR,CAR,TB,13,2023,0,0,0.0,0,0,0.0,0,0,1,0.0,0,0.0,0.0,CAR,Mike Strachan,0.0
00-0036493,D.Jackson,Deon Jackson,RB,IND,JAX,1,2023,0,0,0.0,0,13,14.0,0,5,6,14.0,0,-1.2,3.8,IND,Deon Jackson,-1.2
00-0036493,D.Jackson,Deon Jackson,RB,NYG,LV,9,2023,0,0,0.0,0,1,2.0,0,0,0,0.0,0,0.2,0.2,NYG,Deon Jackson,0.2
00-0036497,T.Jones,Tim Jones,WR,JAX,HOU,3,2023,0,0,0.0,0,0,0.0,0,2,3,11.0,0,1.1,3.1,JAX,Tim Jones,1.1
00-0036497,T.Jones,Tim Jones,WR,JAX,ATL,4,2023,0,0,0.0,0,0,0.0,0,1,1,-1.0,0,-0.1,0.9,JAX,Tim Jones,-0.1
00-0036497,T.Jones,Tim Jones,WR,JAX,BUF,5,2023,0,0,0.0,0,0,0.0,0,0,1,0.0,0,0.0,0.0,JAX,Tim Jones,0.0
00-0036497,T.Jones,Tim Jones,WR,JAX,NO,7,2023,0,0,0.0,0,0,0.0,0,2,2,17.0,0,1.7,3.7,JAX,Tim Jones,1.7
00-0036497,T.Jones,Tim Jones,WR,JAX,SF,10,2023,0,0,0.0,0,0,0.0,0,2,2,17.0,0,1.7,3.7,JAX,Tim Jones,1.7
00-0036497,T.Jones,Tim Jones,WR,JAX,CIN,13,2023,0,0,0.0,0,0,0.0,0,0,1,0.0,0,0.0,0.0,JAX,Tim Jones,0.0
00-0036497,T.Jones,Tim Jones,WR,JAX,TB,16,2023,0,0,0.0,0,0,0.0,0,3,5,32.0,0,3.2,6.2,JAX,Tim Jones,3.2
00-0036497,T.Jones,Tim Jones,WR,JAX,CAR,17,2023,0,0,0.0,0,0,0.0,0,0,1,0.0,0,0.0,0.0,JAX,Tim Jones,0.0
00-0036497,T.Jones,Tim Jones,WR,JAX,TEN,18,2023,0,0,0.0,0,0,0.0,0,1,2,7.0,0,0.7,1.7,JAX,Tim Jones,0.7
00-0036504,B.Echols,Brandin Echols,CB,NYJ,BUF,11,2023,0,0,0.0,0,0,0.0,0,1,1,18.0,0,1.8,2.8,NYJ,Brandin Echols,1.8
00-0036510,K.Yeboah,Kenny Yeboah,TE,NYJ,WAS,16,2023,0,0,0.0,0,0,0.0,0,0,1,0.0,0,0.0,0.0,NYJ,Kenny Yeboah,0.0
00-0036510,K.Yeboah,Kenny Yeboah,TE,NYJ,CLE,17,2023,0,0,0.0,0,0,0.0,0,2,3,28.0,0,2.8,4.8,NYJ,Kenny Yeboah,2.8
00-0036550,R.Bateman,Rashod Bateman,WR,BAL,HOU,1,2023,0,0,0.0,0,0,0.0,0,3,3,35.0,0,3.5,6.5,BAL,Rashod Bateman,3.5
00-0036550,R.Bateman,Rashod Bateman,WR,BAL,CIN,2,2023,0,0,0.0,0,0,0.0,0,3,3,18.0,0,1.8,4.8,BAL,Rashod Bateman,1.8
00-0036550,R.Bateman,Rashod Bateman,WR,BAL,IND,3,2023,0,0,0.0,0,0,0.0,0,1,3,6.0,0,0.6,1.6,BAL,Rashod Bateman,0.6
00-0036550,R.Bateman,Rashod Bateman,WR,BAL,PIT,5,2023,0,0,0.0,0,0,0.0,0,1,3,8.0,0,0.8,1.8,BAL,Rashod Bateman,0.8
00-0036550,R.Bateman,Rashod Bateman,WR,BAL,TEN,6,2023,0,0,0.0,0,0,0.0,0,2,3,15.0,0,1.5,3.5,BAL,Rashod Bateman,1.5
00-0036550,R.Bateman,Rashod Bateman,WR,BAL,DET,7,2023,0,0,0.0,0,0,0.0,0,2,3,36.0,0,3.6,5.6,BAL,Rashod Bateman,3.6
00-0036550,R.Bateman,Rashod Bateman,WR,BAL,ARI,8,2023,0,0,0.0,0,1,18.0,0,2,2,34.0,0,5.2,7.2,BAL,Rashod Bateman,5.2
00-0036550,R.Bateman,Rashod Bateman,WR,BAL,SEA,9,2023,0,0,0.0,0,0,0.0,0,3,5,28.0,0,2.8,5.8,BAL,Rashod Bateman,2.8
00-0036550,R.Bateman,Rashod Bateman,WR,BAL,CLE,10,2023,0,0,0.0,0,0,0.0,0,2,4,25.0,0,2.5,4.5,BAL,Rashod Bateman,2.5
00-0036550,R.Bateman,Rashod Bateman,WR,BAL,CIN,11,2023,0,0,0.0,0,0,0.0,0,1,2,10.0,1,7.0,8.0,BAL,Rashod Bateman,7.0
00-0036550,R.Bateman,Rashod Bateman,WR,BAL,LAC,12,2023,0,0,0.0,0,0,0.0,0,2,5,21.0,0,2.1,4.1,BAL,Rashod Bateman,2.1
00-0036550,R.Bateman,Rashod Bateman,WR,BAL,LA,14,2023,0,0,0.0,0,0,0.0,0,2,4,24.0,0,2.4,4.4,BAL,Rashod Bateman,2.4
00-0036550,R.Bateman,Rashod Bateman,WR,BAL,JAX,15,2023,0,0,0.0,0,0,0.0,0,3,6,39.0,0,3.9,6.9,BAL,Rashod Bateman,3.9
00-0036550,R.Bateman,Rashod Bateman,WR,BAL,SF,16,2023,0,0,0.0,0,0,0.0,0,1,4,14.0,0,1.4,2.4,BAL,Rashod Bateman,1.4
00-0036550,R.Bateman,Rashod Bateman,WR,BAL,MIA,17,2023,0,0,0.0,0,0,0.0,0,4,6,54.0,0,5.4,9.4,BAL,Rashod Bateman,5.4
00-0036550,R.Bateman,Rashod Bateman,WR,BAL,HOU,20,2023,0,0,0.0,0,0,0.0,0,3,3,39.0,0,3.9,6.9,BAL,Rashod Bateman,3.9
00-0036550,R.Bateman,Rashod Bateman,WR,BAL,KC,21,2023,0,0,0.0,0,0,0.0,0,1,3,2.0,0,0.2,1.2,BAL,Rashod Bateman,0.2
00-0036554,N.Collins,Nico Collins,WR,HOU,BAL,1,2023,0,0,0.0,0,0,0.0,0,6,11,80.0,0,8.0,14.0,HOU,Nico Collins,8.0
00-0036554,N.Collins,Nico Collins,WR,HOU,IND,2,2023,0,0,0.0,0,0,0.0,0,7,9,146.0,1,20.6,27.6,HOU,Nico Collins,20.6
00-0036554,N.Collins,Nico Collins,WR,HOU,JAX,3,2023,0,0,0.0,0,0,0.0,0,2,3,34.0,0,3.4,5.4,HOU,Nico Collins,3.4
00-0036554,N.Collins,Nico Collins,WR,HOU,PIT,4,2023,0,0,0.0,0,0,0.0,0,7,9,168.0,2,28.8,35.8,HOU,Nico Collins,28.8
00-0036554,N.Collins,Nico Collins,WR,HOU,ATL,5,2023,0,0,0.0,0,0,0.0,0,3,4,39.0,0,3.9,6.9,HOU,Nico Collins,3.9
00-0036554,N.Collins,Nico Collins,WR,HOU,NO,6,2023,0,0,0.0,0,0,0.0,0,4,6,80.0,0,8.0,12.0,HOU,Nico Collins,8.0
00-0036554,N.Collins,Nico Collins,WR,HOU,CAR,8,2023,0,0,0.0,0,0,0.0,0,4,6,30.0,0,3.0,7.0,HOU,Nico Collins,3.0
00-0036554,N.Collins,Nico Collins,WR,HOU,TB,9,2023,0,0,0.0,0,0,0.0,0,3,5,54.0,1,11.4,14.4,HOU,Nico Collins,11.4
00-0036554,N.Collins,Nico Collins,WR,HOU,ARI,11,2023,0,0,0.0,0,0,0.0,0,7,11,65.0,0,6.5,13.5,HOU,Nico Collins,6.5
00-0036554,N.Collins,Nico Collins,WR,HOU,JAX,12,2023,0,0,0.0,0,0,0.0,0,7,9,104.0,1,16.4,23.4,HOU,Nico Collins,16.4
00-0036554,N.Collins,Nico Collins,WR,HOU,DEN,13,2023,0,0,0.0,0,0,0.0,0,9,12,191.0,1,25.1,34.1,HOU,Nico Collins,25.1
00-0036554,N.Collins,Nico Collins,WR,HOU,NYJ,14,2023,0,0,0.0,0,0,0.0,0,1,1,13.0,0,1.3,2.3,HOU,Nico Collins,1.3
00-0036554,N.Collins,Nico Collins,WR,HOU,CLE,16,2023,0,0,0.0,0,0,0.0,0,4,6,18.0,1,9.8,13.8,HOU,Nico Collins,9.8
00-0036554,N.Collins,Nico Collins,WR,HOU,TEN,17,2023,0,0,0.0,0,1,7.0,0,7,8,80.0,0,8.7,15.7,HOU,Nico Collins,8.7
00-0036554,N.Collins,Nico Collins,WR,HOU,IND,18,2023,0,0,0.0,0,0,0.0,0,9,9,195.0,1,25.5,34.5,HOU,Nico Collins,25.5
00-0036554,N.Collins,Nico Collins,WR,HOU,CLE,19,2023,0,0,0.0,0,1,4.0,0,6,7,96.0,1,16.0,22.0,HOU,Nico Collins,16.0
00-0036554,N.Collins,Nico Collins,WR,HOU,BAL,20,2023,0,0,0.0,0,0,0.0,0,5,10,68.0,0,6.8,11.8,HOU,Nico Collins,6.8
00-0036555,C.Hubbard,Chuba Hubbard,RB,CAR,ATL,1,2023,0,0,0.0,0,9,60.0,0,2,2,9.0,0,6.9,8.9,CAR,Chuba Hubbard,6.9
00-0036555,C.Hubbard,Chuba Hubbard,RB,CAR,NO,2,2023,0,0,0.0,0,2,16.0,0,5,5,34.0,0,5.0,10.0,CAR,Chuba Hubbard,5.0
00-0036555,C.Hubbard,Chuba Hubbard,RB,CAR,SEA,3,2023,0,0,0.0,0,1,2.0,0,2,3,2.0,0,0.4,2.4,CAR,Chuba Hubbard,0.4
00-0036555,C.Hubbard,Chuba Hubbard,RB,CAR,MIN,4,2023,0,0,0.0,0,14,41.0,0,2,2,12.0,0,5.3,7.3,CAR,Chuba Hubbard,5.3
00-0036555,C.Hubbard,Chuba Hubbard,RB,CAR,DET,5,2023,0,0,0.0,0,9,35.0,0,1,2,0.0,0,3.5,4.5,CAR,Chuba Hubbard,3.5
00-0036555,C.Hubbard,Chuba Hubbard,RB,CAR,MIA,6,2023,0,0,0.0,0,19,88.0,1,1,1,2.0,0,15.0,16.0,CAR,Chuba Hubbard,15.0
00-0036555,C.Hubbard,Chuba Hubbard,RB,CAR,HOU,8,2023,0,0,0.0,0,15,28.0,0,2,2,26.0,0,5.4,7.4,CAR,Chuba Hubbard,5.4
00-0036555,C.Hubbard,Chuba Hubbard,RB,CAR,IND,9,2023,0,0,0.0,0,16,58.0,0,4,6,9.0,0,6.7,10.7,CAR,Chuba Hubbard,6.7
00-0036555,C.Hubbard,Chuba Hubbard,RB,CAR,CHI,10,2023,0,0,0.0,0,9,23.0,0,2,2,16.0,0,3.9,5.9,CAR,Chuba Hubbard,3.9
00-0036555,C.Hubbard,Chuba Hubbard,RB,CAR,DAL,11,2023,0,0,0.0,0,10,57.0,0,2,2,8.0,0,6.5,8.5,CAR,Chuba Hubbard,6.5
00-0036555,C.Hubbard,Chuba Hubbard,RB,CAR,TEN,12,2023,0,0,0.0,0,14,45.0,1,5,5,47.0,0,15.2,20.2,CAR,Chuba Hubbard,15.2
00-0036555,C.Hubbard,Chuba Hubbard,RB,CAR,TB,13,2023,0,0,0.0,0,25,104.0,2,0,0,0.0,0,22.4,22.4,CAR,Chuba Hubbard,22.4
00-0036555,C.Hubbard,Chuba Hubbard,RB,CAR,NO,14,2023,0,0,0.0,0,23,87.0,0,2,2,9.0,0,9.6,11.6,CAR,Chuba Hubbard,9.6
00-0036555,C.Hubbard,Chuba Hubbard,RB,CAR,ATL,15,2023,0,0,0.0,0,22,87.0,0,2,2,16.0,0,10.3,12.3,CAR,Chuba Hubbard,10.3
00-0036555,C.Hubbard,Chuba Hubbard,RB,CAR,GB,16,2023,0,0,0.0,0,16,43.0,1,1,1,8.0,0,11.1,12.1,CAR,Chuba Hubbard,11.1
00-0036555,C.Hubbard,Chuba Hubbard,RB,CAR,JAX,17,2023,0,0,0.0,0,11,45.0,0,4,5,26.0,0,7.1,11.1,CAR,Chuba Hubbard,7.1
00-0036555,C.Hubbard,Chuba Hubbard,RB,CAR,TB,18,2023,0,0,0.0,0,23,83.0,0,2,2,9.0,0,9.2,11.2,CAR,Chuba Hubbard,9.2
00-0036556,B.Jordan,Brevin Jordan,TE,HOU,IND,2,2023,0,0,0.0,0,0,0.0,0,2,2,27.0,0,2.7,4.7,HOU,Brevin Jordan,2.7
00-0036556,B.Jordan,Brevin Jordan,TE,HOU,JAX,3,2023,0,0,0.0,0,0,0.0,0,2,2,13.0,1,7.3,9.3,HOU,Brevin Jordan,7.3
00-0036556,B.Jordan,Brevin Jordan,TE,HOU,NO,6,2023,0,0,0.0,0,0,0.0,0,1,1,11.0,0,1.1,2.1,HOU,Brevin Jordan,1.1
00-0036556,B.Jordan,Brevin Jordan,TE,HOU,JAX,12,2023,0,0,0.0,0,0,0.0,0,1,2,9.0,0,0.9,1.9,HOU,Brevin Jordan,0.9
00-0036556,B.Jordan,Brevin Jordan,TE,HOU,DEN,13,2023,0,0,0.0,0,0,0.0,0,3,5,64.0,0,6.4,9.4,HOU,Brevin Jordan,6.4
00-0036556,B.Jordan,Brevin Jordan,TE,HOU,NYJ,14,2023,0,0,0.0,0,0,0.0,0,3,3,35.0,0,3.5,6.5,HOU,Brevin Jordan,3.5
00-0036556,B.Jordan,Brevin Jordan,TE,HOU,TEN,15,2023,0,0,0.0,0,0,0.0,0,1,1,14.0,0,1.4,2.4,HOU,Brevin Jordan,1.4
00-0036556,B.Jordan,Brevin Jordan,TE,HOU,CLE,16,2023,0,0,0.0,0,0,0.0,0,2,3,27.0,0,2.7,4.7,HOU,Brevin Jordan,2.7
00-0036556,B.Jordan,Brevin Jordan,TE,HOU,TEN,17,2023,0,0,0.0,0,0,0.0,0,2,2,19.0,1,7.9,9.9,HOU,Brevin Jordan,7.9
00-0036556,B.Jordan,Brevin Jordan,TE,HOU,CLE,19,2023,0,0,0.0,0,0,0.0,0,1,1,76.0,1,13.6,14.6,HOU,Brevin Jordan,13.6
00-0036556,B.Jordan,Brevin Jordan,TE,HOU,BAL,20,2023,0,0,0.0,0,0,0.0,0,0,1,0.0,0,0.0,0.0,HOU,Brevin Jordan,0.0
00-0036567,E.Mitchell,Elijah Mitchell,RB,SF,PIT,1,2023,0,0,0.0,0,5,10.0,0,0,1,0.0,0,1.0,1.0,SF,Elijah Mitchell,1.0
00-0036567,E.Mitchell,Elijah Mitchell,RB,SF,NYG,3,2023,0,0,0.0,0,11,42.0,0,3,3,2.0,0,4.4,7.4,SF,Elijah Mitchell,4.4
00-0036567,E.Mitchell,Elijah Mitchell,RB,SF,CLE,6,2023,0,0,0.0,0,2,-3.0,0,0,0,0.0,0,-0.3,-0.3,SF,Elijah Mitchell,-0.3
00-0036567,E.Mitchell,Elijah Mitchell,RB,SF,MIN,7,2023,0,0,0.0,0,1,-1.0,0,0,0,0.0,0,-0.1,-0.1,SF,Elijah Mitchell,-0.1
00-0036567,E.Mitchell,Elijah Mitchell,RB,SF,CIN,8,2023,0,0,0.0,0,3,2.0,0,0,1,0.0,0,0.2,0.2,SF,Elijah Mitchell,0.2
00-0036567,E.Mitchell,Elijah Mitchell,RB,SF,JAX,10,2023,0,0,0.0,0,8,23.0,0,0,0,0.0,0,2.3,2.3,SF,Elijah Mitchell,2.3
00-0036567,E.Mitchell,Elijah Mitchell,RB,SF,TB,11,2023,0,0,0.0,0,4,24.0,0,0,0,0.0,0,2.4,2.4,SF,Elijah Mitchell,2.4
00-0036567,E.Mitchell,Elijah Mitchell,RB,SF,SEA,12,2023,0,0,0.0,0,7,39.0,0,1,1,-3.0,0,3.6,4.6,SF,Elijah Mitchell,3.6
00-0036567,E.Mitchell,Elijah Mitchell,RB,SF,PHI,13,2023,0,0,0.0,0,3,13.0,0,0,0,0.0,0,1.3,1.3,SF,Elijah Mitchell,1.3
00-0036567,E.Mitchell,Elijah Mitchell,RB,SF,WAS,17,2023,0,0,0.0,0,17,80.0,1,0,0,0.0,0,14.0,14.0,SF,Elijah Mitchell,14.0
00-0036567,E.Mitchell,Elijah Mitchell,RB,SF,LA,18,2023,0,0,0.0,0,14,52.0,1,2,2,15.0,0,12.7,14.7,SF,Elijah Mitchell,12.7
00-0036567,E.Mitchell,Elijah Mitchell,RB,SF,DET,21,2023,0,0,0.0,0,4,7.0,1,0,0,0.0,0,6.7,6.7,SF,Elijah Mitchell,6.7
00-0036567,E.Mitchell,Elijah Mitchell,RB,SF,KC,22,2023,0,0,0.0,0,2,8.0,0,0,0,0.0,0,0.8,0.8,SF,Elijah Mitchell,0.8
00-0036569,G.Brightwell,Gary Brightwell,RB,NYG,DAL,1,2023,0,0,0.0,0,1,5.0,0,2,2,6.0,0,1.1,3.1,NYG,Gary Brightwell,1.1
00-0036569,G.Brightwell,Gary Brightwell,RB,NYG,SF,3,2023,0,0,0.0,0,4,5.0,0,2,3,31.0,0,3.6,5.6,NYG,Gary Brightwell,3.6
00-0036569,G.Brightwell,Gary Brightwell,RB,NYG,SEA,4,2023,0,0,0.0,0,4,9.0,0,1,2,10.0,0,1.9,2.9,NYG,Gary Brightwell,1.9
00-0036590,Q.Morris,Quintin Morris,TE,BUF,NYG,6,2023,0,0,0.0,0,0,0.0,0,1,1,15.0,1,7.5,8.5,BUF,Quintin Morris,7.5
00-0036590,Q.Morris,Quintin Morris,TE,BUF,NYJ,11,2023,0,0,0.0,0,0,0.0,0,1,2,11.0,0,1.1,2.1,BUF,Quintin Morris,1.1
00-0036613,J.Waddle,Jaylen Waddle,WR,MIA,LAC,1,2023,0,0,0.0,0,0,0.0,0,4,5,78.0,0,7.8,11.8,MIA,Jaylen Waddle,7.8
00-0036613,J.Waddle,Jaylen Waddle,WR,MIA,NE,2,2023,0,0,0.0,0,1,-2.0,0,4,6,86.0,0,8.4,12.4,MIA,Jaylen Waddle,8.4
00-0036613,J.Waddle,Jaylen Waddle,WR,MIA,BUF,4,2023,0,0,0.0,0,0,0.0,0,4,5,46.0,0,4.6,8.6,MIA,Jaylen Waddle,4.6
00-0036613,J.Waddle,Jaylen Waddle,WR,MIA,NYG,5,2023,0,0,0.0,0,0,0.0,0,5,10,35.0,1,9.5,14.5,MIA,Jaylen Waddle,9.5
00-0036613,J.Waddle,Jaylen Waddle,WR,MIA,CAR,6,2023,0,0,0.0,0,0,0.0,0,7,9,51.0,1,11.1,18.1,MIA,Jaylen Waddle,11.1
00-0036613,J.Waddle,Jaylen Waddle,WR,MIA,PHI,7,2023,0,0,0.0,0,0,0.0,0,6,6,63.0,0,6.3,12.3,MIA,Jaylen Waddle,6.3
00-0036613,J.Waddle,Jaylen Waddle,WR,MIA,NE,8,2023,0,0,0.0,0,0,0.0,0,7,12,121.0,1,18.1,25.1,MIA,Jaylen Waddle,18.1
00-0036613,J.Waddle,Jaylen Waddle,WR,MIA,KC,9,2023,0,0,0.0,0,1,12.0,0,3,6,42.0,0,5.4,8.4,MIA,Jaylen Waddle,5.4
00-0036613,J.Waddle,Jaylen Waddle,WR,MIA,LV,11,2023,0,0,0.0,0,0,0.0,0,4,8,55.0,0,5.5,9.5,MIA,Jaylen Waddle,5.5
00-0036613,J.Waddle,Jaylen Waddle,WR,MIA,NYJ,12,2023,0,0,0.0,0,0,0.0,0,8,8,114.0,0,11.4,19.4,MIA,Jaylen Waddle,11.4
00-0036613,J.Waddle,Jaylen Waddle,WR,MIA,WAS,13,2023,0,0,0.0,0,0,0.0,0,5,8,52.0,0,5.2,10.2,MIA,Jaylen Waddle,5.2
00-0036613,J.Waddle,Jaylen Waddle,WR,MIA,TEN,14,2023,0,0,0.0,0,0,0.0,0,6,8,79.0,0,7.9,13.9,MIA,Jaylen Waddle,7.9
00-0036613,J.Waddle,Jaylen Waddle,WR,MIA,NYJ,15,2023,0,0,0.0,0,0,0.0,0,8,9,142.0,1,20.2,28.2,MIA,Jaylen Waddle,20.2
00-0036613,J.Waddle,Jaylen Waddle,WR,MIA,DAL,16,2023,0,0,0.0,0,1,2.0,0,1,4,50.0,0,5.2,6.2,MIA,Jaylen Waddle,5.2
00-0036613,J.Waddle,Jaylen Waddle,WR,MIA,KC,19,2023,0,0,0.0,0,1,9.0,0,2,5,31.0,0,4.0,6.0,MIA,Jaylen Waddle,4.0
00-0036620,D.Eskridge,Dee Eskridge,WR,SEA,CLE,8,2023,0,0,0.0,0,1,-5.0,0,0,0,0.0,0,-0.5,-0.5,SEA,Dee Eskridge,-0.5
00-0036620,D.Eskridge,Dee Eskridge,WR,SEA,LA,11,2023,0,0,0.0,0,0,0.0,0,0,1,0.0,0,0.0,0.0,SEA,Dee Eskridge,0.0
00-0036620,D.Eskridge,Dee Eskridge,WR,SEA,SF,12,2023,0,0,0.0,0,1,10.0,0,0,0,0.0,0,1.0,1.0,SEA,Dee Eskridge,1.0
00-0036626,D.Brown,Dyami Brown,WR,WAS,DEN,2,2023,0,0,0.0,0,0,0.0,0,3,3,25.0,0,2.5,5.5,WAS,Dyami Brown,2.5
00-0036626,D.Brown,Dyami Brown,WR,WAS,BUF,3,2023,0,0,0.0,0,0,0.0,0,0,1,0.0,0,0.0,0.0,WAS,Dyami Brown,0.0
00-0036626,D.Brown,Dyami Brown,WR,WAS,PHI,4,2023,0,0,0.0,0,0,0.0,0,2,3,51.0,0,5.1,7.1,WAS,Dyami Brown,5.1
00-0036626,D.Brown,Dyami Brown,WR,WAS,CHI,5,2023,0,0,0.0,0,0,0.0,0,1,3,11.0,0,1.1,2.1,WAS,Dyami Brown,1.1
00-0036626,D.Brown,Dyami Brown,WR,WAS,ATL,6,2023,0,0,0.0,0,0,0.0,0,0,1,0.0,0,0.0,0.0,WAS,Dyami Brown,0.0
00-0036626,D.Brown,Dyami Brown,WR,WAS,PHI,8,2023,0,0,0.0,0,1,0.0,0,0,0,0.0,0,0.0,0.0,WAS,Dyami Brown,0.0
00-0036626,D.Brown,Dyami Brown,WR,WAS,NE,9,2023,0,0,0.0,0,0,0.0,0,2,4,33.0,0,3.3,5.3,WAS,Dyami Brown,3.3
00-0036626,D.Brown,Dyami Brown,WR,WAS,SEA,10,2023,0,0,0.0,0,0,0.0,0,2,2,41.0,1,10.1,12.1,WAS,Dyami Brown,10.1
00-0036626,D.Brown,Dyami Brown,WR,WAS,NYG,11,2023,0,0,0.0,0,0,0.0,0,1,3,7.0,0,0.7,1.7,WAS,Dyami Brown,0.7
00-0036626,D.Brown,Dyami Brown,WR,WAS,DAL,12,2023,0,0,0.0,0,0,0.0,0,0,1,0.0,0,0.0,0.0,WAS,Dyami Brown,0.0
00-0036626,D.Brown,Dyami Brown,WR,WAS,MIA,13,2023,0,0,0.0,0,0,0.0,0,1,1,0.0,0,0.0,1.0,WAS,Dyami Brown,0.0
00-0036626,D.Brown,Dyami Brown,WR,WAS,LA,15,2023,0,0,0.0,0,0,0.0,0,0,1,0.0,0,0.0,0.0,WAS,Dyami Brown,0.0
00-0036626,D.Brown,Dyami Brown,WR,WAS,DAL,18,2023,1,1,4.0,0,0,0.0,0,0,0,0.0,0,0.16,0.16,WAS,Dyami Brown,0.16
00-0036628,J.Bates,John Bates,TE,WAS,DEN,2,2023,0,0,0.0,0,0,0.0,0,3,5,46.0,0,4.6,7.6,WAS,John Bates,4.6
00-0036628,J.Bates,John Bates,TE,WAS,BUF,3,2023,0,0,0.0,0,0,0.0,0,2,2,12.0,0,1.2,3.2,WAS,John Bates,1.2
00-0036628,J.Bates,John Bates,TE,WAS,PHI,4,2023,0,0,0.0,0,0,0.0,0,1,1,6.0,0,0.6,1.6,WAS,John Bates,0.6
00-0036628,J.Bates,John Bates,TE,WAS,CHI,5,2023,0,0,0.0,0,0,0.0,0,2,2,19.0,0,1.9,3.9,WAS,John Bates,1.9
00-0036628,J.Bates,John Bates,TE,WAS,NYG,7,2023,0,0,0.0,0,0,0.0,0,0,1,0.0,0,0.0,0.0,WAS,John Bates,0.0
00-0036628,J.Bates,John Bates,TE,WAS,PHI,8,2023,0,0,0.0,0,0,0.0,0,1,1,17.0,0,1.7,2.7,WAS,John Bates,1.7
00-0036628,J.Bates,John Bates,TE,WAS,NE,9,2023,0,0,0.0,0,0,0.0,0,1,2,-5.0,0,-0.5,0.5,WAS,John Bates,-0.5
00-0036628,J.Bates,John Bates,TE,WAS,SEA,10,2023,0,0,0.0,0,0,0.0,0,3,3,21.0,0,2.1,5.1,WAS,John Bates,2.1
00-0036628,J.Bates,John Bates,TE,WAS,NYG,11,2023,0,0,0.0,0,0,0.0,0,2,2,15.0,0,1.5,3.5,WAS,John Bates,1.5
00-0036628,J.Bates,John Bates,TE,WAS,MIA,13,2023,0,0,0.0,0,0,0.0,0,0,1,0.0,0,0.0,0.0,WAS,John Bates,0.0
00-0036628,J.Bates,John Bates,TE,WAS,LA,15,2023,0,0,0.0,0,0,0.0,0,0,1,0.0,0,0.0,0.0,WAS,John Bates,0.0
00-0036628,J.Bates,John Bates,TE,WAS,NYJ,16,2023,0,0,0.0,0,0,0.0,0,3,5,14.0,0,1.4,4.4,WAS,John Bates,1.4
00-0036628,J.Bates,John Bates,TE,WAS,SF,17,2023,0,0,0.0,0,0,0.0,0,1,1,6.0,0,0.6,1.6,WAS,John Bates,0.6
00-0036628,J.Bates,John Bates,TE,WAS,DAL,18,2023,0,0,0.0,0,0,0.0,0,0,1,0.0,0,0.0,0.0,WAS,John Bates,0.0
00-0036630,T.Wallace,Tylan Wallace,WR,BAL,BAL,14,2023,0,0,0.0,0,0,0.0,0,0,0,0.0,0,6.0,6.0,BAL,Tylan Wallace,6.0
00-0036630,T.Wallace,Tylan Wallace,WR,BAL,PIT,18,2023,0,0,0.0,0,0,0.0,0,1,2,11.0,0,1.1,2.1,BAL,Tylan Wallace,1.1
00-0036635,I.Smith-Marsette,Ihmir Smith-Marsette,WR,CAR,CAR,10,2023,0,0,0.0,0,0,0.0,0,0,0,0.0,0,6.0,6.0,CAR,Ihmir Smith-Marsette,6.0
00-0036635,I.Smith-Marsette,Ihmir Smith-Marsette,WR,CAR,TEN,12,2023,0,0,0.0,0,0,0.0,0,1,1,14.0,0,1.4,2.4,CAR,Ihmir Smith-Marsette,1.4
00-0036635,I.Smith-Marsette,Ihmir Smith-Marsette,WR,CAR,NO,14,2023,0,0,0.0,0,1,10.0,0,0,1,0.0,0,1.0,1.0,CAR,Ihmir Smith-Marsette,1.0
00-0036635,I.Smith-Marsette,Ihmir Smith-Marsette,WR,CAR,ATL,15,2023,0,0,0.0,0,4,31.0,0,2,2,1.0,0,3.2,5.2,CAR,Ihmir Smith-Marsette,3.2
00-0036635,I.Smith-Marsette,Ihmir Smith-Marsette,WR,CAR,GB,16,2023,0,0,0.0,0,2,33.0,1,1,1,18.0,0,11.1,12.1,CAR,Ihmir Smith-Marsette,11.1
00-0036635,I.Smith-Marsette,Ihmir Smith-Marsette,WR,CAR,JAX,17,2023,0,0,0.0,0,1,0.0,0,3,3,12.0,0,1.2,4.2,CAR,Ihmir Smith-Marsette,1.2
00-0036635,I.Smith-Marsette,Ihmir Smith-Marsette,WR,CAR,TB,18,2023,0,0,0.0,0,0,0.0,0,1,2,6.0,0,0.6,1.6,CAR,Ihmir Smith-Marsette,0.6
00-0036637,N.Gray,Noah Gray,TE,KC,DET,1,2023,0,0,0.0,0,0,0.0,0,3,5,31.0,0,3.1,6.1,KC,Noah Gray,3.1
00-0036637,N.Gray,Noah Gray,TE,KC,JAX,2,2023,0,0,0.0,0,0,0.0,0,3,3,38.0,0,3.8,6.8,KC,Noah Gray,3.8
00-0036637,N.Gray,Noah Gray,TE,KC,CHI,3,2023,0,0,0.0,0,0,0.0,0,1,2,9.0,0,0.9,1.9,KC,Noah Gray,0.9
00-0036637,N.Gray,Noah Gray,TE,KC,NYJ,4,2023,0,0,0.0,0,0,0.0,0,1,3,34.0,1,9.4,10.4,KC,Noah Gray,9.4
00-0036637,N.Gray,Noah Gray,TE,KC,MIN,5,2023,0,0,0.0,0,0,0.0,0,2,2,21.0,0,2.1,4.1,KC,Noah Gray,2.1
00-0036637,N.Gray,Noah Gray,TE,KC,DEN,6,2023,0,0,0.0,0,1,1.0,0,2,2,14.0,0,1.5,3.5,KC,Noah Gray,1.5
00-0036637,N.Gray,Noah Gray,TE,KC,LAC,7,2023,0,0,0.0,0,0,0.0,0,1,1,8.0,0,0.8,1.8,KC,Noah Gray,0.8
00-0036637,N.Gray,Noah Gray,TE,KC,DEN,8,2023,0,0,0.0,0,0,0.0,0,2,3,25.0,0,2.5,4.5,KC,Noah Gray,2.5
00-0036637,N.Gray,Noah Gray,TE,KC,MIA,9,2023,0,0,0.0,0,0,0.0,0,3,3,34.0,0,3.4,6.4,KC,Noah Gray,3.4
00-0036637,N.Gray,Noah Gray,TE,KC,PHI,11,2023,0,0,0.0,0,0,0.0,0,0,1,0.0,0,0.0,0.0,KC,Noah Gray,0.0
00-0036637,N.Gray,Noah Gray,TE,KC,LV,12,2023,0,0,0.0,0,0,0.0,0,3,3,30.0,0,3.0,6.0,KC,Noah Gray,3.0
00-0036637,N.Gray,Noah Gray,TE,KC,GB,13,2023,0,0,0.0,0,0,0.0,0,1,1,2.0,1,6.2,7.2,KC,Noah Gray,6.2
00-0036637,N.Gray,Noah Gray,TE,KC,NE,15,2023,0,0,0.0,0,0,0.0,0,2,2,37.0,0,3.7,5.7,KC,Noah Gray,3.7
00-0036637,N.Gray,Noah Gray,TE,KC,LV,16,2023,0,0,0.0,0,0,0.0,0,1,3,5.0,0,0.5,1.5,KC,Noah Gray,0.5
00-0036637,N.Gray,Noah Gray,TE,KC,CIN,17,2023,0,0,0.0,0,0,0.0,0,3,4,17.0,0,1.7,4.7,KC,Noah Gray,1.7
00-0036637,N.Gray,Noah Gray,TE,KC,LAC,18,2023,0,0,0.0,0,0,0.0,0,0,3,0.0,0,0.0,0.0,KC,Noah Gray,0.0
00-0036637,N.Gray,Noah Gray,TE,KC,MIA,19,2023,0,0,0.0,0,0,0.0,0,1,1,20.0,0,2.0,3.0,KC,Noah Gray,2.0
00-0036637,N.Gray,Noah Gray,TE,KC,BUF,20,2023,0,0,0.0,0,0,0.0,0,3,3,16.0,0,1.6,4.6,KC,Noah Gray,1.6
00-0036637,N.Gray,Noah Gray,TE,KC,BAL,21,2023,0,0,0.0,0,0,0.0,0,2,5,8.0,0,0.8,2.8,KC,Noah Gray,0.8
00-0036637,N.Gray,Noah Gray,TE,KC,SF,22,2023,0,0,0.0,0,0,0.0,0,2,2,22.0,0,2.2,4.2,KC,Noah Gray,2.2
00-0036646,S.Fehoko,Simi Fehoko,WR,LAC,CHI,8,2023,0,0,0.0,0,0,0.0,0,1,2,9.0,1,6.9,7.9,LAC,Simi Fehoko,6.9
00-0036648,N.Niemann,Nick Niemann,ILB,LAC,DEN,17,2023,0,0,0.0,0,1,0.0,0,0,0,0.0,0,0.0,0.0,LAC,Nick Niemann,0.0
00-0036672,G.Stuard,Grant Stuard,MLB,IND,IND,13,2023,0,0,0.0,0,0,0.0,0,0,0,0.0,0,6.0,6.0,IND,Grant Stuard,6.0
00-0036727,A.Prentice,Adam Prentice,FB,NO,TB,4,2023,0,0,0.0,0,1,5.0,0,1,2,5.0,0,-1.0,0.0,NO,Adam Prentice,-1.0
00-0036727,A.Prentice,Adam Prentice,FB,NO,TB,17,2023,0,0,0.0,0,1,7.0,0,1,1,7.0,0,1.4,2.4,NO,Adam Prentice,1.4
00-0036741,J.Stoll,Jack Stoll,TE,PHI,TB,3,2023,0,0,0.0,0,0,0.0,0,1,2,6.0,0,0.6,1.6,PHI,Jack Stoll,0.6
00-0036741,J.Stoll,Jack Stoll,TE,PHI,LA,5,2023,0,0,0.0,0,0,0.0,0,1,1,4.0,0,0.4,1.4,PHI,Jack Stoll,0.4
00-0036741,J.Stoll,Jack Stoll,TE,PHI,KC,11,2023,0,0,0.0,0,0,0.0,0,1,2,3.0,0,0.3,1.3,PHI,Jack Stoll,0.3
00-0036741,J.Stoll,Jack Stoll,TE,PHI,BUF,12,2023,0,0,0.0,0,0,0.0,0,1,2,14.0,0,1.4,2.4,PHI,Jack Stoll,1.4
00-0036741,J.Stoll,Jack Stoll,TE,PHI,NYG,18,2023,0,0,0.0,0,0,0.0,0,1,1,11.0,0,1.1,2.1,PHI,Jack Stoll,1.1
00-0036754,B.Wright,Brock Wright,TE,DET,KC,1,2023,0,0,0.0,0,0,0.0,0,2,2,17.0,0,1.7,3.7,DET,Brock Wright,1.7
00-0036754,B.Wright,Brock Wright,TE,DET,CAR,5,2023,0,0,0.0,0,0,0.0,0,3,3,16.0,0,1.6,4.6,DET,Brock Wright,1.6
00-0036754,B.Wright,Brock Wright,TE,DET,TB,6,2023,0,0,0.0,0,0,0.0,0,1,1,7.0,0,0.7,1.7,DET,Brock Wright,0.7
00-0036754,B.Wright,Brock Wright,TE,DET,LV,8,2023,0,0,0.0,0,0,0.0,0,1,1,5.0,0,0.5,1.5,DET,Brock Wright,0.5
00-0036754,B.Wright,Brock Wright,TE,DET,LAC,10,2023,0,0,0.0,0,0,0.0,0,2,3,23.0,1,8.3,10.3,DET,Brock Wright,8.3
00-0036754,B.Wright,Brock Wright,TE,DET,GB,12,2023,0,0,0.0,0,0,0.0,0,1,1,9.0,0,0.9,1.9,DET,Brock Wright,0.9
00-0036754,B.Wright,Brock Wright,TE,DET,NO,13,2023,0,0,0.0,0,0,0.0,0,1,1,8.0,0,0.8,1.8,DET,Brock Wright,0.8
00-0036754,B.Wright,Brock Wright,TE,DET,CHI,14,2023,0,0,0.0,0,0,0.0,0,2,2,6.0,0,0.6,2.6,DET,Brock Wright,0.6
00-0036754,B.Wright,Brock Wright,TE,DET,TB,20,2023,0,0,0.0,0,0,0.0,0,1,1,29.0,0,2.9,3.9,DET,Brock Wright,2.9
00-0036841,A.Trammell,Austin Trammell,WR,LA,GB,9,2023,0,0,0.0,0,0,0.0,0,1,1,6.0,0,0.6,1.6,LA,Austin Trammell,0.6
00-0036841,A.Trammell,Austin Trammell,WR,LA,SEA,11,2023,0,0,0.0,0,0,0.0,0,3,6,23.0,0,2.3,5.3,LA,Austin Trammell,2.3
00-0036842,K.Nwangwu,Kene Nwangwu,RB,MIN,NO,10,2023,0,0,0.0,0,2,9.0,0,0,0,0.0,0,0.9,0.9,MIN,Kene Nwangwu,0.9
00-0036842,K.Nwangwu,Kene Nwangwu,RB,MIN,LV,14,2023,0,0,0.0,0,2,3.0,0,0,0,0.0,0,0.3,0.3,MIN,Kene Nwangwu,0.3
00-0036842,K.Nwangwu,Kene Nwangwu,RB,MIN,CIN,15,2023,0,0,0.0,0,1,1.0,0,0,0,0.0,0,0.1,0.1,MIN,Kene Nwangwu,0.1
00-0036849,T.Atwell,Tutu Atwell,WR,LA,SEA,1,2023,0,0,0.0,0,0,0.0,0,6,8,119.0,0,11.9,17.9,LA,Tutu Atwell,11.9
00-0036849,T.Atwell,Tutu Atwell,WR,LA,SF,2,2023,0,0,0.0,0,1,5.0,0,7,9,77.0,0,8.2,15.2,LA,Tutu Atwell,8.2
00-0036849,T.Atwell,Tutu Atwell,WR,LA,CIN,3,2023,0,0,0.0,0,1,22.0,0,4,9,50.0,1,13.2,17.2,LA,Tutu Atwell,13.2
00-0036849,T.Atwell,Tutu Atwell,WR,LA,IND,4,2023,0,0,0.0,0,0,0.0,0,5,9,24.0,0,2.4,7.4,LA,Tutu Atwell,2.4
00-0036849,T.Atwell,Tutu Atwell,WR,LA,PHI,5,2023,0,0,0.0,0,0,0.0,0,2,5,9.0,1,6.9,8.9,LA,Tutu Atwell,6.9
00-0036849,T.Atwell,Tutu Atwell,WR,LA,ARI,6,2023,0,0,0.0,0,0,0.0,0,1,1,30.0,0,3.0,4.0,LA,Tutu Atwell,3.0
00-0036849,T.Atwell,Tutu Atwell,WR,LA,PIT,7,2023,0,0,0.0,0,0,0.0,0,1,2,31.0,1,9.1,10.1,LA,Tutu Atwell,9.1
00-0036849,T.Atwell,Tutu Atwell,WR,LA,DAL,8,2023,0,0,0.0,0,2,8.0,0,2,4,21.0,0,4.9,6.9,LA,Tutu Atwell,4.9
00-0036849,T.Atwell,Tutu Atwell,WR,LA,GB,9,2023,0,0,0.0,0,0,0.0,0,4,7,13.0,0,1.3,5.3,LA,Tutu Atwell,1.3
00-0036849,T.Atwell,Tutu Atwell,WR,LA,SEA,11,2023,0,0,0.0,0,0,0.0,0,1,3,17.0,0,1.7,2.7,LA,Tutu Atwell,1.7
00-0036849,T.Atwell,Tutu Atwell,WR,LA,ARI,12,2023,0,0,0.0,0,0,0.0,0,3,3,76.0,0,7.6,10.6,LA,Tutu Atwell,7.6
00-0036849,T.Atwell,Tutu Atwell,WR,LA,CLE,13,2023,0,0,0.0,0,0,0.0,0,1,2,9.0,0,0.9,1.9,LA,Tutu Atwell,0.9
00-0036849,T.Atwell,Tutu Atwell,WR,LA,BAL,14,2023,0,0,0.0,0,0,0.0,0,0,1,0.0,0,0.0,0.0,LA,Tutu Atwell,0.0
00-0036849,T.Atwell,Tutu Atwell,WR,LA,SF,18,2023,0,0,0.0,0,1,-4.0,0,2,4,7.0,0,2.3,4.3,LA,Tutu Atwell,2.3
00-0036849,T.Atwell,Tutu Atwell,WR,LA,DET,19,2023,0,0,0.0,0,0,0.0,0,1,1,38.0,1,9.8,10.8,LA,Tutu Atwell,9.8
00-0036857,C.Evans,Chris Evans,RB,CIN,CLE,1,2023,0,0,0.0,0,2,12.0,0,1,1,-1.0,0,1.1,2.1,CIN,Chris Evans,1.1
00-0036860,J.Funk,Jake Funk,RB,IND,JAX,1,2023,0,0,0.0,0,2,10.0,0,1,1,12.0,0,2.2,3.2,IND,Jake Funk,2.2
00-0036862,B.Skowronek,Ben Skowronek,WR,LA,SEA,1,2023,0,0,0.0,0,0,0.0,0,0,2,0.0,0,0.0,0.0,LA,Ben Skowronek,0.0
00-0036862,B.Skowronek,Ben Skowronek,WR,LA,SF,2,2023,0,0,0.0,0,1,11.0,0,1,1,10.0,0,2.1,3.1,LA,Ben Skowronek,2.1
00-0036862,B.Skowronek,Ben Skowronek,WR,LA,CIN,3,2023,0,0,0.0,0,0,0.0,0,1,1,3.0,0,0.3,1.3,LA,Ben Skowronek,0.3
00-0036862,B.Skowronek,Ben Skowronek,WR,LA,PHI,5,2023,0,0,0.0,0,0,0.0,0,0,1,0.0,0,0.0,0.0,LA,Ben Skowronek,0.0
00-0036862,B.Skowronek,Ben Skowronek,WR,LA,DAL,8,2023,0,0,0.0,0,0,0.0,0,1,1,20.0,1,8.0,9.0,LA,Ben Skowronek,8.0
00-0036862,B.Skowronek,Ben Skowronek,WR,LA,GB,9,2023,0,0,0.0,0,1,-2.0,0,0,0,0.0,0,-0.2,-0.2,LA,Ben Skowronek,-0.2
00-0036862,B.Skowronek,Ben Skowronek,WR,LA,ARI,12,2023,0,0,0.0,0,0,0.0,0,1,1,-1.0,0,-0.1,0.9,LA,Ben Skowronek,-0.1
00-0036862,B.Skowronek,Ben Skowronek,WR,LA,CLE,13,2023,0,0,0.0,0,0,0.0,0,2,3,12.0,0,1.2,3.2,LA,Ben Skowronek,1.2
00-0036862,B.Skowronek,Ben Skowronek,WR,LA,SF,18,2023,0,0,0.0,0,0,0.0,0,2,2,22.0,0,2.2,4.2,LA,Ben Skowronek,2.2
00-0036862,B.Skowronek,Ben Skowronek,WR,LA,DET,19,2023,0,0,0.0,0,0,0.0,0,1,1,5.0,0,0.5,1.5,LA,Ben Skowronek,0.5
00-0036875,R.Stevenson,Rhamondre Stevenson,RB,NE,PHI,1,2023,0,0,0.0,0,12,25.0,0,6,6,64.0,0,8.9,14.9,NE,Rhamondre Stevenson,8.9
00-0036875,R.Stevenson,Rhamondre Stevenson,RB,NE,MIA,2,2023,0,0,0.0,0,15,50.0,1,3,3,10.0,0,12.0,15.0,NE,Rhamondre Stevenson,12.0
00-0036875,R.Stevenson,Rhamondre Stevenson,RB,NE,NYJ,3,2023,0,0,0.0,0,19,59.0,0,1,4,3.0,0,6.2,7.2,NE,Rhamondre Stevenson,6.2
00-0036875,R.Stevenson,Rhamondre Stevenson,RB,NE,DAL,4,2023,0,0,0.0,0,14,30.0,0,2,3,10.0,0,4.0,6.0,NE,Rhamondre Stevenson,4.0
00-0036875,R.Stevenson,Rhamondre Stevenson,RB,NE,NO,5,2023,0,0,0.0,0,8,24.0,0,0,2,0.0,0,2.4,2.4,NE,Rhamondre Stevenson,2.4
00-0036875,R.Stevenson,Rhamondre Stevenson,RB,NE,LV,6,2023,0,0,0.0,0,10,46.0,1,5,6,24.0,0,13.0,18.0,NE,Rhamondre Stevenson,13.0
00-0036875,R.Stevenson,Rhamondre Stevenson,RB,NE,BUF,7,2023,0,0,0.0,0,9,34.0,0,6,6,51.0,0,8.5,14.5,NE,Rhamondre Stevenson,8.5
00-0036875,R.Stevenson,Rhamondre Stevenson,RB,NE,MIA,8,2023,0,0,0.0,0,10,39.0,0,2,4,11.0,0,5.0,7.0,NE,Rhamondre Stevenson,5.0
00-0036875,R.Stevenson,Rhamondre Stevenson,RB,NE,WAS,9,2023,0,0,0.0,0,9,87.0,1,4,6,42.0,0,18.9,22.9,NE,Rhamondre Stevenson,18.9
00-0036875,R.Stevenson,Rhamondre Stevenson,RB,NE,IND,10,2023,0,0,0.0,0,20,88.0,0,3,5,14.0,0,10.2,13.2,NE,Rhamondre Stevenson,10.2
00-0036875,R.Stevenson,Rhamondre Stevenson,RB,NE,NYG,12,2023,0,0,0.0,0,21,98.0,1,5,5,9.0,0,16.7,21.7,NE,Rhamondre Stevenson,16.7
00-0036875,R.Stevenson,Rhamondre Stevenson,RB,NE,LAC,13,2023,0,0,0.0,0,9,39.0,0,1,1,0.0,0,1.9,2.9,NE,Rhamondre Stevenson,1.9
00-0036876,K.Granson,Kylen Granson,TE,IND,JAX,1,2023,0,0,0.0,0,0,0.0,0,4,6,39.0,0,3.9,7.9,IND,Kylen Granson,3.9
00-0036876,K.Granson,Kylen Granson,TE,IND,HOU,2,2023,0,0,0.0,0,0,0.0,0,3,4,16.0,1,7.6,10.6,IND,Kylen Granson,7.6
00-0036876,K.Granson,Kylen Granson,TE,IND,BAL,3,2023,0,0,0.0,0,0,0.0,0,2,4,9.0,0,0.9,2.9,IND,Kylen Granson,0.9
00-0036876,K.Granson,Kylen Granson,TE,IND,LA,4,2023,0,0,0.0,0,0,0.0,0,2,5,24.0,0,2.4,4.4,IND,Kylen Granson,2.4
00-0036876,K.Granson,Kylen Granson,TE,IND,TEN,5,2023,0,0,0.0,0,0,0.0,0,2,3,15.0,0,1.5,3.5,IND,Kylen Granson,1.5
00-0036876,K.Granson,Kylen Granson,TE,IND,JAX,6,2023,0,0,0.0,0,0,0.0,0,3,4,67.0,0,6.7,9.7,IND,Kylen Granson,6.7
00-0036876,K.Granson,Kylen Granson,TE,IND,CAR,9,2023,0,0,0.0,0,0,0.0,0,0,2,0.0,0,0.0,0.0,IND,Kylen Granson,0.0
00-0036876,K.Granson,Kylen Granson,TE,IND,NE,10,2023,0,0,0.0,0,0,0.0,0,1,2,5.0,0,0.5,1.5,IND,Kylen Granson,0.5
00-0036876,K.Granson,Kylen Granson,TE,IND,TB,12,2023,0,0,0.0,0,0,0.0,0,0,1,0.0,0,0.0,0.0,IND,Kylen Granson,0.0
00-0036876,K.Granson,Kylen Granson,TE,IND,TEN,13,2023,0,0,0.0,0,1,2.0,0,3,3,72.0,0,7.4,10.4,IND,Kylen Granson,7.4
00-0036876,K.Granson,Kylen Granson,TE,IND,CIN,14,2023,0,0,0.0,0,0,0.0,0,2,4,17.0,0,1.7,3.7,IND,Kylen Granson,1.7
00-0036876,K.Granson,Kylen Granson,TE,IND,PIT,15,2023,0,0,0.0,0,0,0.0,0,1,1,6.0,0,0.6,1.6,IND,Kylen Granson,0.6
00-0036876,K.Granson,Kylen Granson,TE,IND,ATL,16,2023,0,0,0.0,0,0,0.0,0,5,7,62.0,0,6.2,11.2,IND,Kylen Granson,6.2
00-0036876,K.Granson,Kylen Granson,TE,IND,LV,17,2023,0,0,0.0,0,0,0.0,0,1,3,13.0,0,1.3,2.3,IND,Kylen Granson,1.3
00-0036876,K.Granson,Kylen Granson,TE,IND,HOU,18,2023,0,0,0.0,0,0,0.0,0,1,1,23.0,0,2.3,3.3,IND,Kylen Granson,2.3
00-0036887,L.Farrell,Luke Farrell,TE,JAX,HOU,3,2023,0,0,0.0,0,0,0.0,0,1,1,4.0,0,0.4,1.4,JAX,Luke Farrell,0.4
00-0036887,L.Farrell,Luke Farrell,TE,JAX,ATL,4,2023,0,0,0.0,0,0,0.0,0,2,2,10.0,0,1.0,3.0,JAX,Luke Farrell,1.0
00-0036887,L.Farrell,Luke Farrell,TE,JAX,BUF,5,2023,0,0,0.0,0,0,0.0,0,1,1,16.0,0,1.6,2.6,JAX,Luke Farrell,1.6
00-0036887,L.Farrell,Luke Farrell,TE,JAX,PIT,8,2023,0,0,0.0,0,0,0.0,0,1,1,5.0,0,0.5,1.5,JAX,Luke Farrell,0.5
00-0036887,L.Farrell,Luke Farrell,TE,JAX,TEN,11,2023,0,0,0.0,0,0,0.0,0,2,2,21.0,0,2.1,4.1,JAX,Luke Farrell,2.1
00-0036887,L.Farrell,Luke Farrell,TE,JAX,HOU,12,2023,0,0,0.0,0,0,0.0,0,3,5,55.0,0,5.5,8.5,JAX,Luke Farrell,5.5
00-0036887,L.Farrell,Luke Farrell,TE,JAX,CIN,13,2023,0,0,0.0,0,0,0.0,0,1,1,9.0,0,0.9,1.9,JAX,Luke Farrell,0.9
00-0036887,L.Farrell,Luke Farrell,TE,JAX,BAL,15,2023,0,0,0.0,0,0,0.0,0,1,1,28.0,0,2.8,3.8,JAX,Luke Farrell,2.8
00-0036887,L.Farrell,Luke Farrell,TE,JAX,CAR,17,2023,0,0,0.0,0,0,0.0,0,1,1,7.0,0,0.7,1.7,JAX,Luke Farrell,0.7
00-0036888,D.Hamlin,Damar Hamlin,SS,BUF,KC,20,2023,0,0,0.0,0,1,2.0,0,0,0,0.0,0,0.2,0.2,BUF,Damar Hamlin,0.2
00-0036893,N.Harris,Najee Harris,RB,PIT,SF,1,2023,0,0,0.0,0,6,31.0,0,2,2,2.0,0,3.3,5.3,PIT,Najee Harris,3.3
00-0036893,N.Harris,Najee Harris,RB,PIT,CLE,2,2023,0,0,0.0,0,10,43.0,0,1,3,0.0,0,4.3,5.3,PIT,Najee Harris,4.3
00-0036893,N.Harris,Najee Harris,RB,PIT,LV,3,2023,0,0,0.0,0,19,65.0,0,0,1,0.0,0,6.5,6.5,PIT,Najee Harris,6.5
00-0036893,N.Harris,Najee Harris,RB,PIT,HOU,4,2023,0,0,0.0,0,14,71.0,0,1,2,32.0,0,10.3,11.3,PIT,Najee Harris,10.3
00-0036893,N.Harris,Najee Harris,RB,PIT,BAL,5,2023,0,0,0.0,0,14,37.0,0,1,1,3.0,0,4.0,5.0,PIT,Najee Harris,4.0
00-0036893,N.Harris,Najee Harris,RB,PIT,LA,7,2023,0,0,0.0,0,14,53.0,1,3,3,15.0,0,12.8,15.8,PIT,Najee Harris,12.8
00-0036893,N.Harris,Najee Harris,RB,PIT,JAX,8,2023,0,0,0.0,0,7,13.0,0,5,5,42.0,0,5.5,10.5,PIT,Najee Harris,5.5
00-0036893,N.Harris,Najee Harris,RB,PIT,TEN,9,2023,0,0,0.0,0,16,69.0,1,2,4,7.0,0,13.6,15.6,PIT,Najee Harris,13.6
00-0036893,N.Harris,Najee Harris,RB,PIT,GB,10,2023,0,0,0.0,0,16,82.0,1,3,4,14.0,0,15.6,18.6,PIT,Najee Harris,15.6
00-0036893,N.Harris,Najee Harris,RB,PIT,CLE,11,2023,0,0,0.0,0,12,35.0,0,1,2,1.0,0,3.6,4.6,PIT,Najee Harris,3.6
00-0036893,N.Harris,Najee Harris,RB,PIT,CIN,12,2023,0,0,0.0,0,15,99.0,1,0,0,0.0,0,15.9,15.9,PIT,Najee Harris,15.9
00-0036893,N.Harris,Najee Harris,RB,PIT,ARI,13,2023,0,0,0.0,0,16,63.0,0,2,3,14.0,0,7.7,9.7,PIT,Najee Harris,7.7
00-0036893,N.Harris,Najee Harris,RB,PIT,NE,14,2023,0,0,0.0,0,12,29.0,0,3,3,19.0,0,4.8,7.8,PIT,Najee Harris,4.8
00-0036893,N.Harris,Najee Harris,RB,PIT,IND,15,2023,0,0,0.0,0,12,33.0,0,0,0,0.0,0,1.3,1.3,PIT,Najee Harris,1.3
00-0036893,N.Harris,Najee Harris,RB,PIT,CIN,16,2023,0,0,0.0,0,19,78.0,1,0,0,0.0,0,13.8,13.8,PIT,Najee Harris,13.8
00-0036893,N.Harris,Najee Harris,RB,PIT,SEA,17,2023,0,0,0.0,0,27,122.0,2,0,0,0.0,0,24.2,24.2,PIT,Najee Harris,24.2
00-0036893,N.Harris,Najee Harris,RB,PIT,BAL,18,2023,0,0,0.0,0,26,112.0,1,5,5,21.0,0,19.3,24.3,PIT,Najee Harris,19.3
00-0036893,N.Harris,Najee Harris,RB,PIT,BUF,19,2023,0,0,0.0,0,12,37.0,0,2,3,15.0,0,5.2,7.2,PIT,Najee Harris,5.2
00-0036894,P.Freiermuth,Pat Freiermuth,TE,PIT,SF,1,2023,0,0,0.0,0,0,0.0,0,1,4,3.0,1,6.3,7.3,PIT,Pat Freiermuth,6.3
00-0036894,P.Freiermuth,Pat Freiermuth,TE,PIT,CLE,2,2023,0,0,0.0,0,0,0.0,0,1,1,2.0,0,0.2,1.2,PIT,Pat Freiermuth,0.2
00-0036894,P.Freiermuth,Pat Freiermuth,TE,PIT,LV,3,2023,0,0,0.0,0,0,0.0,0,3,4,41.0,1,10.1,13.1,PIT,Pat Freiermuth,10.1
00-0036894,P.Freiermuth,Pat Freiermuth,TE,PIT,HOU,4,2023,0,0,0.0,0,0,0.0,0,3,4,7.0,0,0.7,3.7,PIT,Pat Freiermuth,0.7
00-0036894,P.Freiermuth,Pat Freiermuth,TE,PIT,CLE,11,2023,0,0,0.0,0,0,0.0,0,1,1,7.0,0,0.7,1.7,PIT,Pat Freiermuth,0.7
00-0036894,P.Freiermuth,Pat Freiermuth,TE,PIT,CIN,12,2023,0,0,0.0,0,0,0.0,0,9,11,120.0,0,12.0,21.0,PIT,Pat Freiermuth,12.0
00-0036894,P.Freiermuth,Pat Freiermuth,TE,PIT,ARI,13,2023,0,0,0.0,0,0,0.0,0,3,5,29.0,0,2.9,5.9,PIT,Pat Freiermuth,2.9
00-0036894,P.Freiermuth,Pat Freiermuth,TE,PIT,NE,14,2023,0,0,0.0,0,0,0.0,0,3,7,18.0,0,3.8,6.8,PIT,Pat Freiermuth,3.8
00-0036894,P.Freiermuth,Pat Freiermuth,TE,PIT,IND,15,2023,0,0,0.0,0,0,0.0,0,3,4,16.0,0,1.6,4.6,PIT,Pat Freiermuth,1.6
00-0036894,P.Freiermuth,Pat Freiermuth,TE,PIT,SEA,17,2023,0,0,0.0,0,0,0.0,0,3,4,44.0,0,4.4,7.4,PIT,Pat Freiermuth,4.4
00-0036894,P.Freiermuth,Pat Freiermuth,TE,PIT,BAL,18,2023,0,0,0.0,0,0,0.0,0,2,2,21.0,0,2.1,4.1,PIT,Pat Freiermuth,2.1
00-0036894,P.Freiermuth,Pat Freiermuth,TE,PIT,BUF,19,2023,0,0,0.0,0,0,0.0,0,5,8,76.0,0,7.6,12.6,PIT,Pat Freiermuth,7.6
00-0036898,D.Mills,Davis Mills,QB,HOU,ARI,11,2023,1,1,2.0,0,0,0.0,0,0,0,0.0,0,0.08,0.08,HOU,Davis Mills,0.08
00-0036898,D.Mills,Davis Mills,QB,HOU,DEN,13,2023,1,1,18.0,0,0,0.0,0,0,0,0.0,0,0.72,0.72,HOU,Davis Mills,0.72
00-0036898,D.Mills,Davis Mills,QB,HOU,NYJ,14,2023,1,5,4.0,0,0,0.0,0,0,0,0.0,0,0.16,0.16,HOU,Davis Mills,0.16
00-0036898,D.Mills,Davis Mills,QB,HOU,TEN,15,2023,0,0,0.0,0,0,0.0,0,0,0,0.0,0,0.0,0.0,HOU,Davis Mills,0.0
00-0036898,D.Mills,Davis Mills,QB,HOU,CLE,16,2023,15,32,149.0,2,2,9.0,0,0,0,0.0,0,16.86,16.86,HOU,Davis Mills,16.86
00-0036898,D.Mills,Davis Mills,QB,HOU,CLE,19,2023,1,1,6.0,0,3,-4.0,0,0,0,0.0,0,-0.16,-0.16,HOU,Davis Mills,-0.16
00-0036900,J.Chase,Ja'Marr Chase,WR,CIN,CLE,1,2023,0,0,0.0,0,1,2.0,0,5,9,39.0,0,4.1,9.1,CIN,Ja'Marr Chase,4.1
00-0036900,J.Chase,Ja'Marr Chase,WR,CIN,BAL,2,2023,0,0,0.0,0,0,0.0,0,5,8,31.0,0,3.1,8.1,CIN,Ja'Marr Chase,3.1
00-0036900,J.Chase,Ja'Marr Chase,WR,CIN,LA,3,2023,0,0,0.0,0,0,0.0,0,12,15,141.0,0,14.1,26.1,CIN,Ja'Marr Chase,14.1
00-0036900,J.Chase,Ja'Marr Chase,WR,CIN,TEN,4,2023,0,0,0.0,0,0,0.0,0,7,9,73.0,0,7.3,14.3,CIN,Ja'Marr Chase,7.3
00-0036900,J.Chase,Ja'Marr Chase,WR,CIN,ARI,5,2023,0,0,0.0,0,0,0.0,0,15,19,192.0,3,37.2,52.2,CIN,Ja'Marr Chase,37.2
00-0036900,J.Chase,Ja'Marr Chase,WR,CIN,SEA,6,2023,0,0,0.0,0,0,0.0,0,6,13,80.0,0,8.0,14.0,CIN,Ja'Marr Chase,8.0
00-0036900,J.Chase,Ja'Marr Chase,WR,CIN,SF,8,2023,0,0,0.0,0,2,-8.0,0,10,12,100.0,1,15.2,25.2,CIN,Ja'Marr Chase,15.2
00-0036900,J.Chase,Ja'Marr Chase,WR,CIN,BUF,9,2023,0,0,0.0,0,0,0.0,0,4,8,41.0,0,4.1,8.1,CIN,Ja'Marr Chase,4.1
00-0036900,J.Chase,Ja'Marr Chase,WR,CIN,HOU,10,2023,0,0,0.0,0,0,0.0,0,5,6,124.0,1,18.4,23.4,CIN,Ja'Marr Chase,18.4
00-0036900,J.Chase,Ja'Marr Chase,WR,CIN,BAL,11,2023,0,0,0.0,0,0,0.0,0,2,7,12.0,1,7.2,9.2,CIN,Ja'Marr Chase,7.2
00-0036900,J.Chase,Ja'Marr Chase,WR,CIN,PIT,12,2023,0,0,0.0,0,0,0.0,0,4,6,81.0,0,8.1,12.1,CIN,Ja'Marr Chase,8.1
00-0036900,J.Chase,Ja'Marr Chase,WR,CIN,JAX,13,2023,1,1,-7.0,0,0,0.0,0,11,12,149.0,1,20.62,31.62,CIN,Ja'Marr Chase,20.62
00-0036900,J.Chase,Ja'Marr Chase,WR,CIN,IND,14,2023,0,0,0.0,0,0,0.0,0,3,4,29.0,0,2.9,5.9,CIN,Ja'Marr Chase,2.9
00-0036900,J.Chase,Ja'Marr Chase,WR,CIN,MIN,15,2023,0,0,0.0,0,0,0.0,0,4,4,64.0,0,6.4,10.4,CIN,Ja'Marr Chase,6.4
00-0036900,J.Chase,Ja'Marr Chase,WR,CIN,KC,17,2023,0,0,0.0,0,0,0.0,0,3,7,41.0,0,4.1,7.1,CIN,Ja'Marr Chase,4.1
00-0036900,J.Chase,Ja'Marr Chase,WR,CIN,CLE,18,2023,0,0,0.0,0,0,0.0,0,4,6,19.0,0,1.9,5.9,CIN,Ja'Marr Chase,1.9
00-0036906,K.Herbert,Khalil Herbert,RB,CHI,GB,1,2023,0,0,0.0,0,9,27.0,0,3,5,37.0,0,8.4,11.4,CHI,Khalil Herbert,8.4
00-0036906,K.Herbert,Khalil Herbert,RB,CHI,TB,2,2023,0,0,0.0,0,7,35.0,0,1,3,23.0,0,5.8,6.8,CHI,Khalil Herbert,5.8
00-0036906,K.Herbert,Khalil Herbert,RB,CHI,KC,3,2023,0,0,0.0,0,7,31.0,0,2,2,4.0,0,1.5,3.5,CHI,Khalil Herbert,1.5
00-0036906,K.Herbert,Khalil Herbert,RB,CHI,DEN,4,2023,0,0,0.0,0,18,103.0,0,4,5,19.0,1,18.2,22.2,CHI,Khalil Herbert,18.2
00-0036906,K.Herbert,Khalil Herbert,RB,CHI,WAS,5,2023,0,0,0.0,0,10,76.0,0,0,3,0.0,0,7.6,7.6,CHI,Khalil Herbert,7.6
00-0036906,K.Herbert,Khalil Herbert,RB,CHI,DET,11,2023,0,0,0.0,0,16,35.0,0,2,3,6.0,0,4.1,6.1,CHI,Khalil Herbert,4.1
00-0036906,K.Herbert,Khalil Herbert,RB,CHI,MIN,12,2023,0,0,0.0,0,6,24.0,0,2,2,14.0,0,3.8,5.8,CHI,Khalil Herbert,3.8
00-0036906,K.Herbert,Khalil Herbert,RB,CHI,DET,14,2023,0,0,0.0,0,3,8.0,0,0,0,0.0,0,0.8,0.8,CHI,Khalil Herbert,0.8
00-0036906,K.Herbert,Khalil Herbert,RB,CHI,CLE,15,2023,0,0,0.0,0,6,8.0,0,1,1,4.0,0,1.2,2.2,CHI,Khalil Herbert,1.2
00-0036906,K.Herbert,Khalil Herbert,RB,CHI,ARI,16,2023,0,0,0.0,0,20,112.0,1,1,2,9.0,0,18.1,19.1,CHI,Khalil Herbert,18.1
00-0036906,K.Herbert,Khalil Herbert,RB,CHI,ATL,17,2023,0,0,0.0,0,18,124.0,1,2,3,5.0,0,18.9,20.9,CHI,Khalil Herbert,18.9
00-0036906,K.Herbert,Khalil Herbert,RB,CHI,GB,18,2023,0,0,0.0,0,12,28.0,0,2,2,13.0,0,4.1,6.1,CHI,Khalil Herbert,4.1
00-0036912,D.Smith,DeVonta Smith,WR,PHI,NE,1,2023,0,0,0.0,0,0,0.0,0,7,10,47.0,1,10.7,17.7,PHI,DeVonta Smith,10.7
00-0036912,D.Smith,DeVonta Smith,WR,PHI,MIN,2,2023,0,0,0.0,0,0,0.0,0,4,5,131.0,1,19.1,23.1,PHI,DeVonta Smith,19.1
00-0036912,D.Smith,DeVonta Smith,WR,PHI,TB,3,2023,0,0,0.0,0,0,0.0,0,4,5,28.0,0,2.8,6.8,PHI,DeVonta Smith,2.8
00-0036912,D.Smith,DeVonta Smith,WR,PHI,WAS,4,2023,0,0,0.0,0,0,0.0,0,7,9,78.0,0,7.8,14.8,PHI,DeVonta Smith,7.8
00-0036912,D.Smith,DeVonta Smith,WR,PHI,LA,5,2023,0,0,0.0,0,0,0.0,0,1,5,6.0,0,0.6,1.6,PHI,DeVonta Smith,0.6
00-0036912,D.Smith,DeVonta Smith,WR,PHI,NYJ,6,2023,0,0,0.0,0,0,0.0,0,5,11,44.0,0,4.4,9.4,PHI,DeVonta Smith,4.4
00-0036912,D.Smith,DeVonta Smith,WR,PHI,MIA,7,2023,0,0,0.0,0,0,0.0,0,4,5,49.0,0,4.9,8.9,PHI,DeVonta Smith,4.9
00-0036912,D.Smith,DeVonta Smith,WR,PHI,WAS,8,2023,0,0,0.0,0,0,0.0,0,7,7,99.0,1,15.9,22.9,PHI,DeVonta Smith,15.9
00-0036912,D.Smith,DeVonta Smith,WR,PHI,DAL,9,2023,0,0,0.0,0,0,0.0,0,3,3,51.0,1,11.1,14.1,PHI,DeVonta Smith,11.1
00-0036912,D.Smith,DeVonta Smith,WR,PHI,KC,11,2023,0,0,0.0,0,0,0.0,0,6,8,99.0,0,9.9,15.9,PHI,DeVonta Smith,9.9
00-0036912,D.Smith,DeVonta Smith,WR,PHI,BUF,12,2023,0,0,0.0,0,0,0.0,0,7,8,106.0,1,16.6,23.6,PHI,DeVonta Smith,16.6
00-0036912,D.Smith,DeVonta Smith,WR,PHI,SF,13,2023,0,0,0.0,0,0,0.0,0,9,11,96.0,1,15.6,24.6,PHI,DeVonta Smith,15.6
00-0036912,D.Smith,DeVonta Smith,WR,PHI,DAL,14,2023,0,0,0.0,0,0,0.0,0,5,10,73.0,0,5.3,10.3,PHI,DeVonta Smith,5.3
00-0036912,D.Smith,DeVonta Smith,WR,PHI,SEA,15,2023,0,0,0.0,0,0,0.0,0,5,5,50.0,0,5.0,10.0,PHI,DeVonta Smith,5.0
00-0036912,D.Smith,DeVonta Smith,WR,PHI,NYG,16,2023,0,0,0.0,0,0,0.0,0,4,5,79.0,1,13.9,17.9,PHI,DeVonta Smith,13.9
00-0036912,D.Smith,DeVonta Smith,WR,PHI,ARI,17,2023,0,0,0.0,0,0,0.0,0,3,5,30.0,0,3.0,6.0,PHI,DeVonta Smith,3.0
00-0036912,D.Smith,DeVonta Smith,WR,PHI,TB,19,2023,0,0,0.0,0,0,0.0,0,8,12,148.0,0,14.8,22.8,PHI,DeVonta Smith,14.8
00-0036913,K.Toney,Kadarius Toney,WR,KC,DET,1,2023,0,0,0.0,0,1,-1.0,0,1,5,1.0,0,0.0,1.0,KC,Kadarius Toney,0.0
00-0036913,K.Toney,Kadarius Toney,WR,KC,JAX,2,2023,0,0,0.0,0,1,3.0,0,5,5,35.0,0,3.8,8.8,KC,Kadarius Toney,3.8
00-0036913,K.Toney,Kadarius Toney,WR,KC,CHI,3,2023,0,0,0.0,0,0,0.0,0,1,1,-1.0,0,-0.1,0.9,KC,Kadarius Toney,-0.1
00-0036913,K.Toney,Kadarius Toney,WR,KC,NYJ,4,2023,0,0,0.0,0,0,0.0,0,2,2,22.0,0,2.2,4.2,KC,Kadarius Toney,2.2
00-0036913,K.Toney,Kadarius Toney,WR,KC,MIN,5,2023,0,0,0.0,0,1,1.0,0,5,6,26.0,0,2.7,7.7,KC,Kadarius Toney,2.7
00-0036913,K.Toney,Kadarius Toney,WR,KC,DEN,6,2023,0,1,0.0,0,2,-5.0,0,3,6,9.0,1,6.4,9.4,KC,Kadarius Toney,6.4
00-0036913,K.Toney,Kadarius Toney,WR,KC,LAC,7,2023,0,0,0.0,0,0,0.0,0,1,1,13.0,0,1.3,2.3,KC,Kadarius Toney,1.3
00-0036913,K.Toney,Kadarius Toney,WR,KC,DEN,8,2023,0,0,0.0,0,1,-3.0,0,1,1,4.0,0,0.1,1.1,KC,Kadarius Toney,0.1
00-0036913,K.Toney,Kadarius Toney,WR,KC,MIA,9,2023,0,0,0.0,0,0,0.0,0,1,1,18.0,0,1.8,2.8,KC,Kadarius Toney,1.8
00-0036913,K.Toney,Kadarius Toney,WR,KC,PHI,11,2023,0,0,0.0,0,2,14.0,0,2,2,12.0,0,2.6,4.6,KC,Kadarius Toney,2.6
00-0036913,K.Toney,Kadarius Toney,WR,KC,GB,13,2023,0,0,0.0,0,1,6.0,0,0,0,0.0,0,0.6,0.6,KC,Kadarius Toney,0.6
00-0036913,K.Toney,Kadarius Toney,WR,KC,BUF,14,2023,0,0,0.0,0,2,16.0,0,3,4,25.0,0,4.1,7.1,KC,Kadarius Toney,4.1
00-0036913,K.Toney,Kadarius Toney,WR,KC,NE,15,2023,0,0,0.0,0,0,0.0,0,2,4,5.0,0,0.5,2.5,KC,Kadarius Toney,0.5
00-0036919,K.Gainwell,Kenneth Gainwell,RB,PHI,NE,1,2023,0,0,0.0,0,14,54.0,0,4,4,20.0,0,7.4,11.4,PHI,Kenneth Gainwell,7.4
00-0036919,K.Gainwell,Kenneth Gainwell,RB,PHI,TB,3,2023,0,0,0.0,0,14,43.0,0,1,2,5.0,0,4.8,5.8,PHI,Kenneth Gainwell,4.8
00-0036919,K.Gainwell,Kenneth Gainwell,RB,PHI,WAS,4,2023,0,0,0.0,0,4,14.0,0,2,2,7.0,0,4.1,6.1,PHI,Kenneth Gainwell,4.1
00-0036919,K.Gainwell,Kenneth Gainwell,RB,PHI,LA,5,2023,0,0,0.0,0,7,17.0,0,1,2,7.0,0,2.4,3.4,PHI,Kenneth Gainwell,2.4
00-0036919,K.Gainwell,Kenneth Gainwell,RB,PHI,NYJ,6,2023,0,0,0.0,0,2,13.0,0,1,2,4.0,0,1.7,2.7,PHI,Kenneth Gainwell,1.7
00-0036919,K.Gainwell,Kenneth Gainwell,RB,PHI,MIA,7,2023,0,0,0.0,0,8,16.0,1,0,0,0.0,0,7.6,7.6,PHI,Kenneth Gainwell,7.6
00-0036919,K.Gainwell,Kenneth Gainwell,RB,PHI,WAS,8,2023,0,0,0.0,0,2,-4.0,0,5,5,30.0,0,0.6,5.6,PHI,Kenneth Gainwell,0.6
00-0036919,K.Gainwell,Kenneth Gainwell,RB,PHI,DAL,9,2023,0,0,0.0,0,3,22.0,1,1,1,1.0,0,8.3,9.3,PHI,Kenneth Gainwell,8.3
00-0036919,K.Gainwell,Kenneth Gainwell,RB,PHI,KC,11,2023,0,0,0.0,0,1,1.0,0,1,1,4.0,0,0.5,1.5,PHI,Kenneth Gainwell,0.5
00-0036919,K.Gainwell,Kenneth Gainwell,RB,PHI,BUF,12,2023,0,0,0.0,0,2,26.0,0,2,3,10.0,0,3.6,5.6,PHI,Kenneth Gainwell,3.6
00-0036919,K.Gainwell,Kenneth Gainwell,RB,PHI,SF,13,2023,0,0,0.0,0,2,5.0,0,5,6,42.0,0,4.7,9.7,PHI,Kenneth Gainwell,4.7
00-0036919,K.Gainwell,Kenneth Gainwell,RB,PHI,DAL,14,2023,0,0,0.0,0,4,28.0,0,0,0,0.0,0,2.8,2.8,PHI,Kenneth Gainwell,2.8
00-0036919,K.Gainwell,Kenneth Gainwell,RB,PHI,SEA,15,2023,0,0,0.0,0,6,21.0,0,0,1,0.0,0,2.1,2.1,PHI,Kenneth Gainwell,2.1
00-0036919,K.Gainwell,Kenneth Gainwell,RB,PHI,NYG,16,2023,0,0,0.0,0,6,41.0,0,3,3,38.0,0,7.9,10.9,PHI,Kenneth Gainwell,7.9
00-0036919,K.Gainwell,Kenneth Gainwell,RB,PHI,ARI,17,2023,1,1,17.0,0,2,5.0,0,4,4,15.0,0,2.68,6.68,PHI,Kenneth Gainwell,2.68
00-0036919,K.Gainwell,Kenneth Gainwell,RB,PHI,NYG,18,2023,0,0,0.0,0,7,62.0,0,0,1,0.0,0,6.2,6.2,PHI,Kenneth Gainwell,6.2
00-0036919,K.Gainwell,Kenneth Gainwell,RB,PHI,TB,19,2023,0,0,0.0,0,4,3.0,0,2,2,10.0,0,1.3,3.3,PHI,Kenneth Gainwell,1.3
00-0036924,M.Carter,Michael Carter,RB,NYJ,BUF,1,2023,0,0,0.0,0,1,6.0,0,2,2,12.0,0,1.8,3.8,NYJ,Michael Carter,1.8
00-0036924,M.Carter,Michael Carter,RB,NYJ,DAL,2,2023,0,0,0.0,0,2,8.0,0,1,2,3.0,0,1.1,2.1,NYJ,Michael Carter,1.1
00-0036924,M.Carter,Michael Carter,RB,NYJ,NE,3,2023,0,0,0.0,0,0,0.0,0,1,1,3.0,0,0.3,1.3,NYJ,Michael Carter,0.3
00-0036924,M.Carter,Michael Carter,RB,NYJ,KC,4,2023,0,0,0.0,0,1,9.0,0,2,3,12.0,0,2.1,4.1,NYJ,Michael Carter,2.1
00-0036924,M.Carter,Michael Carter,RB,NYJ,DEN,5,2023,0,0,0.0,0,1,8.0,0,3,3,14.0,0,2.2,5.2,NYJ,Michael Carter,2.2
00-0036924,M.Carter,Michael Carter,RB,NYJ,PHI,6,2023,0,0,0.0,0,1,5.0,0,0,1,0.0,0,0.5,0.5,NYJ,Michael Carter,0.5
00-0036924,M.Carter,Michael Carter,RB,NYJ,NYG,8,2023,0,0,0.0,0,2,2.0,0,0,1,0.0,0,0.2,0.2,NYJ,Michael Carter,0.2
00-0036924,M.Carter,Michael Carter,RB,NYJ,LAC,9,2023,0,0,0.0,0,0,0.0,0,6,6,24.0,0,2.4,8.4,NYJ,Michael Carter,2.4
00-0036924,M.Carter,Michael Carter,RB,NYJ,LV,10,2023,0,0,0.0,0,0,0.0,0,0,1,0.0,0,0.0,0.0,NYJ,Michael Carter,0.0
00-0036924,M.Carter,Michael Carter,RB,ARI,LA,12,2023,0,0,0.0,0,4,19.0,0,4,4,15.0,0,3.4,7.4,ARI,Michael Carter,3.4
00-0036924,M.Carter,Michael Carter,RB,ARI,PIT,13,2023,0,0,0.0,0,4,25.0,0,0,0,0.0,0,2.5,2.5,ARI,Michael Carter,2.5
00-0036924,M.Carter,Michael Carter,RB,ARI,SF,15,2023,0,0,0.0,0,3,27.0,0,3,3,10.0,0,3.7,6.7,ARI,Michael Carter,3.7
00-0036924,M.Carter,Michael Carter,RB,ARI,CHI,16,2023,0,0,0.0,0,0,0.0,0,0,1,0.0,0,0.0,0.0,ARI,Michael Carter,0.0
00-0036924,M.Carter,Michael Carter,RB,ARI,PHI,17,2023,0,0,0.0,0,7,61.0,0,1,1,6.0,1,12.7,13.7,ARI,Michael Carter,12.7
00-0036924,M.Carter,Michael Carter,RB,ARI,SEA,18,2023,0,0,0.0,0,4,17.0,0,1,2,2.0,0,1.9,2.9,ARI,Michael Carter,1.9
00-0036928,K.Trask,Kyle Trask,QB,TB,TEN,10,2023,0,0,0.0,0,1,-1.0,0,0,0,0.0,0,-0.1,-0.1,TB,Kyle Trask,-0.1
00-0036928,K.Trask,Kyle Trask,QB,TB,IND,12,2023,0,1,0.0,0,0,0.0,0,0,0,0.0,0,0.0,0.0,TB,Kyle Trask,0.0
00-0036936,R.Moore,Rondale Moore,WR,ARI,WAS,1,2023,0,0,0.0,0,2,12.0,0,3,3,33.0,0,4.5,7.5,ARI,Rondale Moore,4.5
00-0036936,R.Moore,Rondale Moore,WR,ARI,NYG,2,2023,0,0,0.0,0,0,0.0,0,1,1,14.0,0,1.4,2.4,ARI,Rondale Moore,1.4
00-0036936,R.Moore,Rondale Moore,WR,ARI,DAL,3,2023,0,0,0.0,0,3,54.0,1,4,6,8.0,0,12.2,16.2,ARI,Rondale Moore,12.2
00-0036936,R.Moore,Rondale Moore,WR,ARI,SF,4,2023,0,0,0.0,0,0,0.0,0,0,2,0.0,0,0.0,0.0,ARI,Rondale Moore,0.0
00-0036936,R.Moore,Rondale Moore,WR,ARI,CIN,5,2023,0,0,0.0,0,3,50.0,0,3,5,26.0,0,7.6,10.6,ARI,Rondale Moore,7.6
00-0036936,R.Moore,Rondale Moore,WR,ARI,LA,6,2023,0,0,0.0,0,3,-4.0,0,4,7,30.0,0,2.6,6.6,ARI,Rondale Moore,2.6
00-0036936,R.Moore,Rondale Moore,WR,ARI,SEA,7,2023,0,0,0.0,0,4,24.0,0,2,4,2.0,0,2.6,4.6,ARI,Rondale Moore,2.6
00-0036936,R.Moore,Rondale Moore,WR,ARI,BAL,8,2023,0,0,0.0,0,2,11.0,0,2,3,10.0,0,2.1,4.1,ARI,Rondale Moore,2.1
00-0036936,R.Moore,Rondale Moore,WR,ARI,CLE,9,2023,0,0,0.0,0,4,3.0,0,1,2,5.0,0,0.8,1.8,ARI,Rondale Moore,0.8
00-0036936,R.Moore,Rondale Moore,WR,ARI,ATL,10,2023,0,0,0.0,0,0,0.0,0,5,8,43.0,0,4.3,9.3,ARI,Rondale Moore,4.3
00-0036936,R.Moore,Rondale Moore,WR,ARI,HOU,11,2023,0,0,0.0,0,2,6.0,0,1,1,48.0,1,11.4,12.4,ARI,Rondale Moore,11.4
00-0036936,R.Moore,Rondale Moore,WR,ARI,LA,12,2023,0,0,0.0,0,0,0.0,0,2,3,35.0,0,3.5,5.5,ARI,Rondale Moore,3.5
00-0036936,R.Moore,Rondale Moore,WR,ARI,PIT,13,2023,0,0,0.0,0,0,0.0,0,1,2,6.0,0,0.6,1.6,ARI,Rondale Moore,0.6
00-0036936,R.Moore,Rondale Moore,WR,ARI,SF,15,2023,0,0,0.0,0,1,3.0,0,2,3,5.0,0,0.8,2.8,ARI,Rondale Moore,0.8
00-0036936,R.Moore,Rondale Moore,WR,ARI,CHI,16,2023,0,0,0.0,0,1,6.0,0,2,3,30.0,0,3.6,5.6,ARI,Rondale Moore,3.6
00-0036936,R.Moore,Rondale Moore,WR,ARI,PHI,17,2023,0,0,0.0,0,2,8.0,0,3,4,26.0,0,3.4,6.4,ARI,Rondale Moore,3.4
00-0036936,R.Moore,Rondale Moore,WR,ARI,SEA,18,2023,0,0,0.0,0,1,5.0,0,4,5,31.0,0,3.6,7.6,ARI,Rondale Moore,3.6
00-0036945,J.Fields,Justin Fields,QB,CHI,GB,1,2023,24,37,216.0,1,9,59.0,0,0,0,0.0,0,14.54,14.54,CHI,Justin Fields,14.54
00-0036945,J.Fields,Justin Fields,QB,CHI,TB,2,2023,16,29,211.0,1,4,3.0,1,0,0,0.0,0,14.74,14.74,CHI,Justin Fields,14.74
00-0036945,J.Fields,Justin Fields,QB,CHI,KC,3,2023,11,22,99.0,1,11,47.0,0,0,0,0.0,0,10.66,10.66,CHI,Justin Fields,10.66
00-0036945,J.Fields,Justin Fields,QB,CHI,DEN,4,2023,28,35,335.0,4,4,25.0,0,0,0,0.0,0,27.9,27.9,CHI,Justin Fields,27.9
00-0036945,J.Fields,Justin Fields,QB,CHI,WAS,5,2023,15,29,282.0,4,11,57.0,0,0,0,0.0,0,32.98,32.98,CHI,Justin Fields,32.98
00-0036945,J.Fields,Justin Fields,QB,CHI,MIN,6,2023,6,10,58.0,0,8,46.0,0,0,0,0.0,0,4.92,4.92,CHI,Justin Fields,4.92
00-0036945,J.Fields,Justin Fields,QB,CHI,DET,11,2023,16,23,169.0,1,18,104.0,0,0,0,0.0,0,21.16,21.16,CHI,Justin Fields,21.16
00-0036945,J.Fields,Justin Fields,QB,CHI,MIN,12,2023,27,37,217.0,0,12,59.0,0,0,0,0.0,0,10.58,10.58,CHI,Justin Fields,10.58
00-0036945,J.Fields,Justin Fields,QB,CHI,DET,14,2023,19,33,223.0,1,12,58.0,1,0,0,0.0,0,24.72,24.72,CHI,Justin Fields,24.72
00-0036945,J.Fields,Justin Fields,QB,CHI,CLE,15,2023,19,40,166.0,1,7,30.0,0,0,0,0.0,0,9.64,9.64,CHI,Justin Fields,9.64
00-0036945,J.Fields,Justin Fields,QB,CHI,ARI,16,2023,15,27,170.0,1,9,97.0,1,0,0,0.0,0,24.5,24.5,CHI,Justin Fields,24.5
00-0036945,J.Fields,Justin Fields,QB,CHI,ATL,17,2023,20,32,268.0,1,11,45.0,1,0,0,0.0,0,25.22,25.22,CHI,Justin Fields,25.22
00-0036945,J.Fields,Justin Fields,QB,CHI,GB,18,2023,11,16,148.0,0,8,27.0,0,0,0,0.0,0,8.62,8.62,CHI,Justin Fields,8.62
00-0036955,T.Marshall,Terrace Marshall Jr.,WR,CAR,ATL,1,2023,0,0,0.0,0,0,0.0,0,2,6,23.0,0,2.3,4.3,CAR,Terrace Marshall Jr.,2.3
00-0036955,T.Marshall,Terrace Marshall Jr.,WR,CAR,SEA,3,2023,0,0,0.0,0,0,0.0,0,5,8,35.0,0,3.5,8.5,CAR,Terrace Marshall Jr.,3.5
00-0036955,T.Marshall,Terrace Marshall Jr.,WR,CAR,MIN,4,2023,0,0,0.0,0,0,0.0,0,9,10,56.0,0,5.6,14.6,CAR,Terrace Marshall Jr.,5.6
00-0036955,T.Marshall,Terrace Marshall Jr.,WR,CAR,MIA,6,2023,0,0,0.0,0,0,0.0,0,0,3,0.0,0,0.0,0.0,CAR,Terrace Marshall Jr.,0.0
00-0036955,T.Marshall,Terrace Marshall Jr.,WR,CAR,HOU,8,2023,0,0,0.0,0,0,0.0,0,1,1,9.0,0,0.9,1.9,CAR,Terrace Marshall Jr.,0.9
00-0036955,T.Marshall,Terrace Marshall Jr.,WR,CAR,IND,9,2023,0,0,0.0,0,0,0.0,0,0,1,0.0,0,0.0,0.0,CAR,Terrace Marshall Jr.,0.0
00-0036955,T.Marshall,Terrace Marshall Jr.,WR,CAR,CHI,10,2023,0,0,0.0,0,0,0.0,0,1,3,11.0,0,1.1,2.1,CAR,Terrace Marshall Jr.,1.1
00-0036955,T.Marshall,Terrace Marshall Jr.,WR,CAR,TB,18,2023,0,0,0.0,0,0,0.0,0,1,1,5.0,0,0.5,1.5,CAR,Terrace Marshall Jr.,0.5
00-0036963,A.St. Brown,Amon-Ra St. Brown,WR,DET,KC,1,2023,0,0,0.0,0,0,0.0,0,6,9,71.0,1,13.1,19.1,DET,Amon-Ra St. Brown,13.1
00-0036963,A.St. Brown,Amon-Ra St. Brown,WR,DET,SEA,2,2023,0,0,0.0,0,0,0.0,0,6,7,102.0,0,8.2,14.2,DET,Amon-Ra St. Brown,8.2
00-0036963,A.St. Brown,Amon-Ra St. Brown,WR,DET,ATL,3,2023,0,0,0.0,0,1,4.0,0,9,12,102.0,0,10.6,19.6,DET,Amon-Ra St. Brown,10.6
00-0036963,A.St. Brown,Amon-Ra St. Brown,WR,DET,GB,4,2023,0,0,0.0,0,0,0.0,0,5,7,56.0,1,11.6,16.6,DET,Amon-Ra St. Brown,11.6
00-0036963,A.St. Brown,Amon-Ra St. Brown,WR,DET,TB,6,2023,0,0,0.0,0,0,0.0,0,12,15,124.0,1,18.4,30.4,DET,Amon-Ra St. Brown,18.4
00-0036963,A.St. Brown,Amon-Ra St. Brown,WR,DET,BAL,7,2023,0,0,0.0,0,0,0.0,0,13,19,102.0,0,10.2,23.2,DET,Amon-Ra St. Brown,10.2
00-0036963,A.St. Brown,Amon-Ra St. Brown,WR,DET,LV,8,2023,0,0,0.0,0,0,0.0,0,6,9,108.0,0,10.8,16.8,DET,Amon-Ra St. Brown,10.8
00-0036963,A.St. Brown,Amon-Ra St. Brown,WR,DET,LAC,10,2023,0,0,0.0,0,2,9.0,0,8,9,156.0,1,22.5,30.5,DET,Amon-Ra St. Brown,22.5
00-0036963,A.St. Brown,Amon-Ra St. Brown,WR,DET,CHI,11,2023,0,0,0.0,0,0,0.0,0,8,11,77.0,1,13.7,21.7,DET,Amon-Ra St. Brown,13.7
00-0036963,A.St. Brown,Amon-Ra St. Brown,WR,DET,GB,12,2023,0,0,0.0,0,0,0.0,0,9,11,95.0,0,9.5,18.5,DET,Amon-Ra St. Brown,9.5
00-0036963,A.St. Brown,Amon-Ra St. Brown,WR,DET,NO,13,2023,0,0,0.0,0,0,0.0,0,2,6,49.0,1,10.9,12.9,DET,Amon-Ra St. Brown,10.9
00-0036963,A.St. Brown,Amon-Ra St. Brown,WR,DET,CHI,14,2023,0,0,0.0,0,0,0.0,0,3,8,21.0,0,2.1,5.1,DET,Amon-Ra St. Brown,2.1
00-0036963,A.St. Brown,Amon-Ra St. Brown,WR,DET,DEN,15,2023,0,0,0.0,0,0,0.0,0,7,9,112.0,1,17.2,24.2,DET,Amon-Ra St. Brown,17.2
00-0036963,A.St. Brown,Amon-Ra St. Brown,WR,DET,MIN,16,2023,0,0,0.0,0,0,0.0,0,12,14,106.0,1,16.6,28.6,DET,Amon-Ra St. Brown,16.6
00-0036963,A.St. Brown,Amon-Ra St. Brown,WR,DET,DAL,17,2023,0,0,0.0,0,1,11.0,0,6,8,90.0,1,16.1,22.1,DET,Amon-Ra St. Brown,16.1
00-0036963,A.St. Brown,Amon-Ra St. Brown,WR,DET,MIN,18,2023,0,0,0.0,0,0,0.0,0,7,10,144.0,1,20.4,27.4,DET,Amon-Ra St. Brown,20.4
00-0036963,A.St. Brown,Amon-Ra St. Brown,WR,DET,LA,19,2023,0,0,0.0,0,0,0.0,0,7,9,110.0,0,11.0,18.0,DET,Amon-Ra St. Brown,11.0
00-0036963,A.St. Brown,Amon-Ra St. Brown,WR,DET,TB,20,2023,0,0,0.0,0,0,0.0,0,8,14,77.0,1,13.7,21.7,DET,Amon-Ra St. Brown,13.7
00-0036963,A.St. Brown,Amon-Ra St. Brown,WR,DET,SF,21,2023,0,0,0.0,0,1,2.0,0,7,11,87.0,0,8.9,15.9,DET,Amon-Ra St. Brown,8.9
00-0036970,K.Pitts,Kyle Pitts,TE,ATL,CAR,1,2023,0,0,0.0,0,0,0.0,0,2,3,44.0,0,4.4,6.4,ATL,Kyle Pitts,4.4
00-0036970,K.Pitts,Kyle Pitts,TE,ATL,GB,2,2023,0,0,0.0,0,0,0.0,0,2,5,15.0,0,1.5,3.5,ATL,Kyle Pitts,1.5
00-0036970,K.Pitts,Kyle Pitts,TE,ATL,DET,3,2023,0,0,0.0,0,1,-4.0,0,5,9,41.0,0,3.7,8.7,ATL,Kyle Pitts,3.7
00-0036970,K.Pitts,Kyle Pitts,TE,ATL,JAX,4,2023,0,0,0.0,0,0,0.0,0,2,4,21.0,0,2.1,4.1,ATL,Kyle Pitts,2.1
00-0036970,K.Pitts,Kyle Pitts,TE,ATL,HOU,5,2023,0,0,0.0,0,0,0.0,0,7,11,87.0,0,8.7,15.7,ATL,Kyle Pitts,8.7
00-0036970,K.Pitts,Kyle Pitts,TE,ATL,WAS,6,2023,0,0,0.0,0,0,0.0,0,4,6,43.0,1,10.3,14.3,ATL,Kyle Pitts,10.3
00-0036970,K.Pitts,Kyle Pitts,TE,ATL,TB,7,2023,0,0,0.0,0,0,0.0,0,3,5,47.0,0,4.7,7.7,ATL,Kyle Pitts,4.7
00-0036970,K.Pitts,Kyle Pitts,TE,ATL,TEN,8,2023,0,0,0.0,0,0,0.0,0,3,5,35.0,0,3.5,6.5,ATL,Kyle Pitts,3.5
00-0036970,K.Pitts,Kyle Pitts,TE,ATL,MIN,9,2023,0,0,0.0,0,0,0.0,0,4,5,56.0,0,5.6,9.6,ATL,Kyle Pitts,5.6
00-0036970,K.Pitts,Kyle Pitts,TE,ATL,ARI,10,2023,0,0,0.0,0,0,0.0,0,3,5,30.0,0,3.0,6.0,ATL,Kyle Pitts,3.0
00-0036970,K.Pitts,Kyle Pitts,TE,ATL,NO,12,2023,0,0,0.0,0,0,0.0,0,2,2,22.0,0,2.2,4.2,ATL,Kyle Pitts,2.2
00-0036970,K.Pitts,Kyle Pitts,TE,ATL,NYJ,13,2023,0,0,0.0,0,0,0.0,0,4,8,51.0,0,5.1,9.1,ATL,Kyle Pitts,5.1
00-0036970,K.Pitts,Kyle Pitts,TE,ATL,TB,14,2023,0,0,0.0,0,0,0.0,0,3,6,57.0,1,11.7,14.7,ATL,Kyle Pitts,11.7
00-0036970,K.Pitts,Kyle Pitts,TE,ATL,CAR,15,2023,0,0,0.0,0,0,0.0,0,3,4,37.0,0,3.7,6.7,ATL,Kyle Pitts,3.7
00-0036970,K.Pitts,Kyle Pitts,TE,ATL,IND,16,2023,0,0,0.0,0,0,0.0,0,3,4,49.0,1,10.9,13.9,ATL,Kyle Pitts,10.9
00-0036970,K.Pitts,Kyle Pitts,TE,ATL,CHI,17,2023,0,0,0.0,0,0,0.0,0,1,5,5.0,0,0.5,1.5,ATL,Kyle Pitts,0.5
00-0036970,K.Pitts,Kyle Pitts,TE,ATL,NO,18,2023,0,0,0.0,0,0,0.0,0,2,3,27.0,0,2.7,4.7,ATL,Kyle Pitts,2.7
00-0036971,T.Lawrence,Trevor Lawrence,QB,JAX,IND,1,2023,24,32,241.0,2,7,21.0,0,0,0,0.0,0,17.74,17.74,JAX,Trevor Lawrence,17.74
00-0036971,T.Lawrence,Trevor Lawrence,QB,JAX,KC,2,2023,22,41,216.0,0,5,26.0,0,0,0,0.0,0,9.24,9.24,JAX,Trevor Lawrence,9.24
00-0036971,T.Lawrence,Trevor Lawrence,QB,JAX,HOU,3,2023,27,40,279.0,1,3,12.0,0,0,0,0.0,0,14.36,14.36,JAX,Trevor Lawrence,14.36
00-0036971,T.Lawrence,Trevor Lawrence,QB,JAX,ATL,4,2023,23,30,207.0,1,8,42.0,0,0,0,0.0,0,16.48,16.48,JAX,Trevor Lawrence,16.48
00-0036971,T.Lawrence,Trevor Lawrence,QB,JAX,BUF,5,2023,25,37,315.0,1,7,31.0,0,0,0,0.0,0,15.7,15.7,JAX,Trevor Lawrence,15.7
00-0036971,T.Lawrence,Trevor Lawrence,QB,JAX,IND,6,2023,20,30,181.0,2,3,15.0,0,0,0,0.0,0,14.74,14.74,JAX,Trevor Lawrence,14.74
00-0036971,T.Lawrence,Trevor Lawrence,QB,JAX,NO,7,2023,20,29,204.0,1,8,59.0,0,0,0,0.0,0,18.06,18.06,JAX,Trevor Lawrence,18.06
00-0036971,T.Lawrence,Trevor Lawrence,QB,JAX,PIT,8,2023,24,32,292.0,1,1,10.0,0,0,0,0.0,0,14.68,14.68,JAX,Trevor Lawrence,14.68
00-0036971,T.Lawrence,Trevor Lawrence,QB,JAX,SF,10,2023,17,29,185.0,0,2,7.0,0,0,0,0.0,0,2.1,2.1,JAX,Trevor Lawrence,2.1
00-0036971,T.Lawrence,Trevor Lawrence,QB,JAX,TEN,11,2023,24,32,262.0,2,5,17.0,2,0,0,0.0,0,32.18,32.18,JAX,Trevor Lawrence,32.18
00-0036971,T.Lawrence,Trevor Lawrence,QB,JAX,HOU,12,2023,23,38,364.0,1,2,0.0,1,0,0,0.0,0,24.56,24.56,JAX,Trevor Lawrence,24.56
00-0036971,T.Lawrence,Trevor Lawrence,QB,JAX,CIN,13,2023,22,29,258.0,2,5,8.0,1,0,0,0.0,0,25.12,25.12,JAX,Trevor Lawrence,25.12
00-0036971,T.Lawrence,Trevor Lawrence,QB,JAX,CLE,14,2023,28,50,257.0,3,3,11.0,0,0,0,0.0,0,17.38,17.38,JAX,Trevor Lawrence,17.38
00-0036971,T.Lawrence,Trevor Lawrence,QB,JAX,BAL,15,2023,25,43,264.0,1,4,41.0,0,0,0,0.0,0,14.66,14.66,JAX,Trevor Lawrence,14.66
00-0036971,T.Lawrence,Trevor Lawrence,QB,JAX,TB,16,2023,17,29,211.0,1,4,29.0,0,0,0,0.0,0,9.34,9.34,JAX,Trevor Lawrence,9.34
00-0036971,T.Lawrence,Trevor Lawrence,QB,JAX,TEN,18,2023,29,43,280.0,2,3,10.0,0,0,0,0.0,0,16.2,16.2,JAX,Trevor Lawrence,16.2
00-0036972,M.Jones,Mac Jones,QB,NE,PHI,1,2023,35,54,316.0,3,2,15.0,0,0,0,0.0,0,24.14,24.14,NE,Mac Jones,24.14
00-0036972,M.Jones,Mac Jones,QB,NE,MIA,2,2023,31,42,231.0,1,5,25.0,0,0,0,0.0,0,13.74,13.74,NE,Mac Jones,13.74
00-0036972,M.Jones,Mac Jones,QB,NE,NYJ,3,2023,15,29,201.0,1,4,13.0,0,0,0,0.0,0,13.34,13.34,NE,Mac Jones,13.34
00-0036972,M.Jones,Mac Jones,QB,NE,DAL,4,2023,12,21,150.0,0,3,7.0,0,0,0,0.0,0,0.7,0.7,NE,Mac Jones,0.7
00-0036972,M.Jones,Mac Jones,QB,NE,NO,5,2023,12,22,110.0,0,1,0.0,0,0,0,0.0,0,-1.6,-1.6,NE,Mac Jones,-1.6
00-0036972,M.Jones,Mac Jones,QB,NE,LV,6,2023,24,33,200.0,0,1,-1.0,0,0,0,0.0,0,5.9,5.9,NE,Mac Jones,5.9
00-0036972,M.Jones,Mac Jones,QB,NE,BUF,7,2023,25,30,272.0,2,3,11.0,0,0,0,0.0,0,19.98,19.98,NE,Mac Jones,19.98
00-0036972,M.Jones,Mac Jones,QB,NE,MIA,8,2023,19,29,161.0,2,1,-2.0,0,0,0,0.0,0,12.24,12.24,NE,Mac Jones,12.24
00-0036972,M.Jones,Mac Jones,QB,NE,WAS,9,2023,24,44,220.0,1,3,3.0,0,0,0,0.0,0,11.1,11.1,NE,Mac Jones,11.1
00-0036972,M.Jones,Mac Jones,QB,NE,IND,10,2023,15,20,170.0,0,3,25.0,0,0,0,0.0,0,7.3,7.3,NE,Mac Jones,7.3
00-0036972,M.Jones,Mac Jones,QB,NE,NYG,12,2023,12,21,89.0,0,0,0.0,0,0,0,0.0,0,-0.44,-0.44,NE,Mac Jones,-0.44
00-0036973,T.Etienne,Travis Etienne,RB,JAX,IND,1,2023,0,0,0.0,0,18,77.0,1,5,5,27.0,0,16.4,21.4,JAX,Travis Etienne,16.4
00-0036973,T.Etienne,Travis Etienne,RB,JAX,KC,2,2023,0,0,0.0,0,12,40.0,0,2,3,2.0,0,4.2,6.2,JAX,Travis Etienne,4.2
00-0036973,T.Etienne,Travis Etienne,RB,JAX,HOU,3,2023,0,0,0.0,0,19,88.0,0,4,5,50.0,0,13.8,17.8,JAX,Travis Etienne,13.8
00-0036973,T.Etienne,Travis Etienne,RB,JAX,ATL,4,2023,0,0,0.0,0,20,55.0,0,3,3,17.0,0,7.2,10.2,JAX,Travis Etienne,7.2
00-0036973,T.Etienne,Travis Etienne,RB,JAX,BUF,5,2023,0,0,0.0,0,26,136.0,2,4,5,48.0,0,32.4,36.4,JAX,Travis Etienne,32.4
00-0036973,T.Etienne,Travis Etienne,RB,JAX,IND,6,2023,0,0,0.0,0,18,55.0,2,3,3,28.0,0,20.3,23.3,JAX,Travis Etienne,20.3
00-0036973,T.Etienne,Travis Etienne,RB,JAX,NO,7,2023,0,0,0.0,0,14,53.0,2,3,5,24.0,0,19.7,22.7,JAX,Travis Etienne,19.7
00-0036973,T.Etienne,Travis Etienne,RB,JAX,PIT,8,2023,0,0,0.0,0,24,79.0,0,3,6,70.0,1,22.9,25.9,JAX,Travis Etienne,22.9
00-0036973,T.Etienne,Travis Etienne,RB,JAX,SF,10,2023,0,0,0.0,0,9,35.0,0,2,4,9.0,0,4.4,6.4,JAX,Travis Etienne,4.4
00-0036973,T.Etienne,Travis Etienne,RB,JAX,TEN,11,2023,0,0,0.0,0,14,52.0,0,3,3,7.0,0,5.9,8.9,JAX,Travis Etienne,5.9
00-0036973,T.Etienne,Travis Etienne,RB,JAX,HOU,12,2023,0,0,0.0,0,20,56.0,0,4,6,30.0,0,8.6,12.6,JAX,Travis Etienne,8.6
00-0036973,T.Etienne,Travis Etienne,RB,JAX,CIN,13,2023,0,0,0.0,0,11,45.0,1,4,4,34.0,0,13.9,17.9,JAX,Travis Etienne,13.9
00-0036973,T.Etienne,Travis Etienne,RB,JAX,CLE,14,2023,0,0,0.0,0,14,35.0,1,4,4,37.0,0,13.2,17.2,JAX,Travis Etienne,13.2
00-0036973,T.Etienne,Travis Etienne,RB,JAX,BAL,15,2023,0,0,0.0,0,10,31.0,0,4,6,28.0,0,5.9,9.9,JAX,Travis Etienne,5.9
00-0036973,T.Etienne,Travis Etienne,RB,JAX,TB,16,2023,0,0,0.0,0,6,12.0,0,3,3,19.0,0,3.1,6.1,JAX,Travis Etienne,3.1
00-0036973,T.Etienne,Travis Etienne,RB,JAX,CAR,17,2023,0,0,0.0,0,16,102.0,2,2,2,16.0,0,23.8,25.8,JAX,Travis Etienne,23.8
00-0036973,T.Etienne,Travis Etienne,RB,JAX,TEN,18,2023,0,0,0.0,0,16,57.0,0,5,6,30.0,0,8.7,13.7,JAX,Travis Etienne,8.7
00-0036980,E.Moore,Elijah Moore,WR,CLE,CIN,1,2023,0,0,0.0,0,2,19.0,0,3,7,43.0,0,6.2,9.2,CLE,Elijah Moore,6.2
00-0036980,E.Moore,Elijah Moore,WR,CLE,PIT,2,2023,0,0,0.0,0,1,5.0,0,3,9,36.0,0,4.1,7.1,CLE,Elijah Moore,4.1
00-0036980,E.Moore,Elijah Moore,WR,CLE,TEN,3,2023,0,0,0.0,0,3,-1.0,0,9,9,49.0,0,2.8,11.8,CLE,Elijah Moore,2.8
00-0036980,E.Moore,Elijah Moore,WR,CLE,BAL,4,2023,0,0,0.0,0,1,-20.0,0,2,4,20.0,0,0.0,2.0,CLE,Elijah Moore,0.0
00-0036980,E.Moore,Elijah Moore,WR,CLE,SF,6,2023,0,0,0.0,0,1,8.0,0,4,7,19.0,0,2.7,6.7,CLE,Elijah Moore,2.7
00-0036980,E.Moore,Elijah Moore,WR,CLE,IND,7,2023,0,0,0.0,0,0,0.0,0,4,7,59.0,0,5.9,9.9,CLE,Elijah Moore,5.9
00-0036980,E.Moore,Elijah Moore,WR,CLE,SEA,8,2023,0,0,0.0,0,0,0.0,0,2,5,30.0,0,3.0,5.0,CLE,Elijah Moore,3.0
00-0036980,E.Moore,Elijah Moore,WR,CLE,ARI,9,2023,0,0,0.0,0,0,0.0,0,2,2,14.0,0,1.4,3.4,CLE,Elijah Moore,1.4
00-0036980,E.Moore,Elijah Moore,WR,CLE,BAL,10,2023,0,0,0.0,0,0,0.0,0,5,7,44.0,1,10.4,15.4,CLE,Elijah Moore,10.4
00-0036980,E.Moore,Elijah Moore,WR,CLE,PIT,11,2023,0,0,0.0,0,0,0.0,0,6,7,60.0,0,6.0,12.0,CLE,Elijah Moore,6.0
00-0036980,E.Moore,Elijah Moore,WR,CLE,DEN,12,2023,0,0,0.0,0,1,0.0,0,3,9,44.0,0,2.4,5.4,CLE,Elijah Moore,2.4
00-0036980,E.Moore,Elijah Moore,WR,CLE,LA,13,2023,0,0,0.0,0,0,0.0,0,4,12,83.0,0,8.3,12.3,CLE,Elijah Moore,8.3
00-0036980,E.Moore,Elijah Moore,WR,CLE,JAX,14,2023,0,0,0.0,0,0,0.0,0,3,6,42.0,0,4.2,7.2,CLE,Elijah Moore,4.2
00-0036980,E.Moore,Elijah Moore,WR,CLE,CHI,15,2023,0,0,0.0,0,0,0.0,0,2,3,17.0,0,1.7,3.7,CLE,Elijah Moore,1.7
00-0036980,E.Moore,Elijah Moore,WR,CLE,HOU,16,2023,0,0,0.0,0,0,0.0,0,2,4,19.0,0,1.9,3.9,CLE,Elijah Moore,1.9
00-0036980,E.Moore,Elijah Moore,WR,CLE,NYJ,17,2023,0,0,0.0,0,0,0.0,0,5,6,61.0,1,12.1,17.1,CLE,Elijah Moore,12.1
00-0036980,E.Moore,Elijah Moore,WR,CLE,HOU,19,2023,0,0,0.0,0,0,0.0,0,2,2,12.0,0,1.2,3.2,CLE,Elijah Moore,1.2
00-0036982,C.Golston,Chauncey Golston,DE,DAL,NE,4,2023,0,0,0.0,0,0,0.0,0,0,0,0.0,0,2.0,2.0,DAL,Chauncey Golston,2.0
00-0036984,T.Sermon,Trey Sermon,RB,IND,BAL,3,2023,0,0,0.0,0,5,17.0,0,1,2,4.0,0,2.1,3.1,IND,Trey Sermon,2.1
00-0036984,T.Sermon,Trey Sermon,RB,IND,LA,4,2023,0,0,0.0,0,3,7.0,0,0,0,0.0,0,0.7,0.7,IND,Trey Sermon,0.7
00-0036984,T.Sermon,Trey Sermon,RB,IND,JAX,6,2023,0,0,0.0,0,0,0.0,0,0,1,0.0,0,0.0,0.0,IND,Trey Sermon,0.0
00-0036984,T.Sermon,Trey Sermon,RB,IND,TEN,13,2023,0,0,0.0,0,0,0.0,0,0,1,0.0,0,0.0,0.0,IND,Trey Sermon,0.0
00-0036984,T.Sermon,Trey Sermon,RB,IND,CIN,14,2023,0,0,0.0,0,3,13.0,0,0,0,0.0,0,1.3,1.3,IND,Trey Sermon,1.3
00-0036984,T.Sermon,Trey Sermon,RB,IND,PIT,15,2023,0,0,0.0,0,17,88.0,0,0,0,0.0,0,8.8,8.8,IND,Trey Sermon,8.8
00-0036984,T.Sermon,Trey Sermon,RB,IND,ATL,16,2023,0,0,0.0,0,2,3.0,0,0,0,0.0,0,0.3,0.3,IND,Trey Sermon,0.3
00-0036984,T.Sermon,Trey Sermon,RB,IND,LV,17,2023,0,0,0.0,0,5,32.0,0,2,2,9.0,0,4.1,6.1,IND,Trey Sermon,4.1
00-0036988,J.Palmer,Josh Palmer,WR,LAC,MIA,1,2023,0,0,0.0,0,0,0.0,0,1,1,4.0,0,0.4,1.4,LAC,Josh Palmer,0.4
00-0036988,J.Palmer,Josh Palmer,WR,LAC,TEN,2,2023,0,0,0.0,0,0,0.0,0,3,5,13.0,0,1.3,4.3,LAC,Josh Palmer,1.3
00-0036988,J.Palmer,Josh Palmer,WR,LAC,MIN,3,2023,0,0,0.0,0,0,0.0,0,4,7,66.0,1,10.6,14.6,LAC,Josh Palmer,10.6
00-0036988,J.Palmer,Josh Palmer,WR,LAC,LV,4,2023,0,0,0.0,0,0,0.0,0,3,8,77.0,0,7.7,10.7,LAC,Josh Palmer,7.7
00-0036988,J.Palmer,Josh Palmer,WR,LAC,DAL,6,2023,0,0,0.0,0,0,0.0,0,4,7,60.0,0,6.0,10.0,LAC,Josh Palmer,6.0
00-0036988,J.Palmer,Josh Palmer,WR,LAC,KC,7,2023,0,0,0.0,0,0,0.0,0,5,7,133.0,0,13.3,18.3,LAC,Josh Palmer,13.3
00-0036988,J.Palmer,Josh Palmer,WR,LAC,CHI,8,2023,0,0,0.0,0,0,0.0,0,3,4,24.0,0,2.4,5.4,LAC,Josh Palmer,2.4
00-0036988,J.Palmer,Josh Palmer,WR,LAC,LV,15,2023,0,0,0.0,0,0,0.0,0,4,4,113.0,1,17.3,21.3,LAC,Josh Palmer,17.3
00-0036988,J.Palmer,Josh Palmer,WR,LAC,BUF,16,2023,0,0,0.0,0,0,0.0,0,5,8,47.0,0,4.7,9.7,LAC,Josh Palmer,4.7
00-0036988,J.Palmer,Josh Palmer,WR,LAC,KC,18,2023,0,0,0.0,0,1,6.0,0,6,10,44.0,0,5.0,11.0,LAC,Josh Palmer,5.0
00-0036991,A.Rodgers,Amari Rodgers,WR,IND,JAX,6,2023,0,0,0.0,0,0,0.0,0,0,2,0.0,0,0.0,0.0,IND,Amari Rodgers,0.0
00-0036997,J.Williams,Javonte Williams,RB,DEN,LV,1,2023,0,0,0.0,0,13,52.0,0,4,6,5.0,0,5.7,9.7,DEN,Javonte Williams,5.7
00-0036997,J.Williams,Javonte Williams,RB,DEN,WAS,2,2023,0,0,0.0,0,12,44.0,0,2,3,14.0,0,5.8,7.8,DEN,Javonte Williams,5.8
00-0036997,J.Williams,Javonte Williams,RB,DEN,MIA,3,2023,0,0,0.0,0,11,42.0,0,2,3,23.0,0,6.5,8.5,DEN,Javonte Williams,6.5
00-0036997,J.Williams,Javonte Williams,RB,DEN,CHI,4,2023,0,0,0.0,0,2,0.0,0,3,3,9.0,0,0.9,3.9,DEN,Javonte Williams,0.9
00-0036997,J.Williams,Javonte Williams,RB,DEN,KC,6,2023,0,0,0.0,0,10,52.0,0,0,0,0.0,0,7.2,7.2,DEN,Javonte Williams,7.2
00-0036997,J.Williams,Javonte Williams,RB,DEN,GB,7,2023,0,0,0.0,0,15,82.0,0,3,4,14.0,0,9.6,12.6,DEN,Javonte Williams,9.6
00-0036997,J.Williams,Javonte Williams,RB,DEN,KC,8,2023,0,0,0.0,0,27,85.0,0,3,3,13.0,1,15.8,18.8,DEN,Javonte Williams,15.8
00-0036997,J.Williams,Javonte Williams,RB,DEN,BUF,10,2023,0,0,0.0,0,21,79.0,0,4,4,31.0,1,17.0,21.0,DEN,Javonte Williams,17.0
00-0036997,J.Williams,Javonte Williams,RB,DEN,MIN,11,2023,0,0,0.0,0,11,37.0,0,2,2,16.0,0,5.3,7.3,DEN,Javonte Williams,5.3
00-0036997,J.Williams,Javonte Williams,RB,DEN,CLE,12,2023,0,0,0.0,0,18,65.0,0,3,6,6.0,0,7.1,10.1,DEN,Javonte Williams,7.1
00-0036997,J.Williams,Javonte Williams,RB,DEN,HOU,13,2023,0,0,0.0,0,13,46.0,0,3,3,24.0,0,7.0,10.0,DEN,Javonte Williams,7.0
00-0036997,J.Williams,Javonte Williams,RB,DEN,LAC,14,2023,0,0,0.0,0,17,66.0,1,3,4,25.0,0,15.1,18.1,DEN,Javonte Williams,15.1
00-0036997,J.Williams,Javonte Williams,RB,DEN,DET,15,2023,0,0,0.0,0,12,27.0,0,2,2,-7.0,0,2.0,4.0,DEN,Javonte Williams,2.0
00-0036997,J.Williams,Javonte Williams,RB,DEN,NE,16,2023,0,0,0.0,0,11,24.0,1,3,3,-5.0,0,7.9,10.9,DEN,Javonte Williams,7.9
00-0036997,J.Williams,Javonte Williams,RB,DEN,LAC,17,2023,0,0,0.0,0,15,41.0,0,3,3,17.0,0,5.8,8.8,DEN,Javonte Williams,5.8
00-0036997,J.Williams,Javonte Williams,RB,DEN,LV,18,2023,0,0,0.0,0,9,32.0,1,7,9,43.0,0,13.5,20.5,DEN,Javonte Williams,13.5
00-0037005,T.Tremble,Tommy Tremble,TE,CAR,SEA,3,2023,0,0,0.0,0,0,0.0,0,1,1,15.0,0,1.5,2.5,CAR,Tommy Tremble,1.5
00-0037005,T.Tremble,Tommy Tremble,TE,CAR,DET,5,2023,0,0,0.0,0,0,0.0,0,1,1,1.0,1,6.1,7.1,CAR,Tommy Tremble,6.1
00-0037005,T.Tremble,Tommy Tremble,TE,CAR,MIA,6,2023,0,0,0.0,0,0,0.0,0,2,2,25.0,0,2.5,4.5,CAR,Tommy Tremble,2.5
00-0037005,T.Tremble,Tommy Tremble,TE,CAR,HOU,8,2023,0,0,0.0,0,0,0.0,0,2,3,4.0,1,6.4,8.4,CAR,Tommy Tremble,6.4
00-0037005,T.Tremble,Tommy Tremble,TE,CAR,IND,9,2023,0,0,0.0,0,0,0.0,0,2,2,12.0,0,1.2,3.2,CAR,Tommy Tremble,1.2
00-0037005,T.Tremble,Tommy Tremble,TE,CAR,CHI,10,2023,0,0,0.0,0,0,0.0,0,3,3,16.0,0,1.6,4.6,CAR,Tommy Tremble,1.6
00-0037005,T.Tremble,Tommy Tremble,TE,CAR,DAL,11,2023,0,0,0.0,0,0,0.0,0,1,3,4.0,1,6.4,7.4,CAR,Tommy Tremble,6.4
00-0037005,T.Tremble,Tommy Tremble,TE,CAR,TEN,12,2023,0,0,0.0,0,0,0.0,0,1,1,7.0,0,0.7,1.7,CAR,Tommy Tremble,0.7
00-0037005,T.Tremble,Tommy Tremble,TE,CAR,NO,14,2023,0,0,0.0,0,0,0.0,0,1,3,2.0,0,0.2,1.2,CAR,Tommy Tremble,0.2
00-0037005,T.Tremble,Tommy Tremble,TE,CAR,ATL,15,2023,0,0,0.0,0,0,0.0,0,2,2,32.0,0,3.2,5.2,CAR,Tommy Tremble,3.2
00-0037005,T.Tremble,Tommy Tremble,TE,CAR,GB,16,2023,0,0,0.0,0,0,0.0,0,4,6,59.0,0,5.9,9.9,CAR,Tommy Tremble,5.9
00-0037005,T.Tremble,Tommy Tremble,TE,CAR,JAX,17,2023,0,0,0.0,0,0,0.0,0,1,3,6.0,0,0.6,1.6,CAR,Tommy Tremble,0.6
00-0037005,T.Tremble,Tommy Tremble,TE,CAR,TB,18,2023,0,0,0.0,0,0,0.0,0,2,2,11.0,0,1.1,3.1,CAR,Tommy Tremble,1.1
00-0037013,Z.Wilson,Zach Wilson,QB,NYJ,BUF,1,2023,14,21,140.0,1,4,6.0,0,0,0,0.0,0,8.2,8.2,NYJ,Zach Wilson,8.2
00-0037013,Z.Wilson,Zach Wilson,QB,NYJ,DAL,2,2023,12,27,170.0,1,5,36.0,0,0,0,0.0,0,8.4,8.4,NYJ,Zach Wilson,8.4
00-0037013,Z.Wilson,Zach Wilson,QB,NYJ,NE,3,2023,18,36,157.0,0,1,1.0,0,0,0,0.0,0,6.38,6.38,NYJ,Zach Wilson,6.38
00-0037013,Z.Wilson,Zach Wilson,QB,NYJ,KC,4,2023,28,39,245.0,2,2,14.0,0,0,0,0.0,0,19.2,19.2,NYJ,Zach Wilson,19.2
00-0037013,Z.Wilson,Zach Wilson,QB,NYJ,DEN,5,2023,19,26,199.0,0,3,26.0,0,0,0,0.0,0,8.56,8.56,NYJ,Zach Wilson,8.56
00-0037013,Z.Wilson,Zach Wilson,QB,NYJ,PHI,6,2023,19,33,186.0,0,4,15.0,0,0,0,0.0,0,10.94,10.94,NYJ,Zach Wilson,10.94
00-0037013,Z.Wilson,Zach Wilson,QB,NYJ,NYG,8,2023,17,36,240.0,1,4,25.0,0,0,0,0.0,0,12.1,12.1,NYJ,Zach Wilson,12.1
00-0037013,Z.Wilson,Zach Wilson,QB,NYJ,LAC,9,2023,33,49,263.0,0,2,7.0,0,0,0,0.0,0,7.22,7.22,NYJ,Zach Wilson,7.22
00-0037013,Z.Wilson,Zach Wilson,QB,NYJ,LV,10,2023,23,39,263.0,0,4,54.0,0,0,0,0.0,0,13.92,13.92,NYJ,Zach Wilson,13.92
00-0037013,Z.Wilson,Zach Wilson,QB,NYJ,BUF,11,2023,7,15,81.0,1,4,15.0,0,0,0,0.0,0,6.74,6.74,NYJ,Zach Wilson,6.74
00-0037013,Z.Wilson,Zach Wilson,QB,NYJ,HOU,14,2023,27,36,301.0,2,3,12.0,0,0,0,0.0,0,19.24,19.24,NYJ,Zach Wilson,19.24
00-0037013,Z.Wilson,Zach Wilson,QB,NYJ,MIA,15,2023,4,11,26.0,0,0,0.0,0,0,0,0.0,0,-0.96,-0.96,NYJ,Zach Wilson,-0.96
00-0037077,S.Howell,Sam Howell,QB,WAS,ARI,1,2023,19,31,202.0,1,2,11.0,1,0,0,0.0,0,15.18,15.18,WAS,Sam Howell,15.18
00-0037077,S.Howell,Sam Howell,QB,WAS,DEN,2,2023,27,39,299.0,2,2,13.0,0,0,0,0.0,0,21.26,21.26,WAS,Sam Howell,21.26
00-0037077,S.Howell,Sam Howell,QB,WAS,BUF,3,2023,19,29,170.0,0,1,18.0,0,0,0,0.0,0,0.6,0.6,WAS,Sam Howell,0.6
00-0037077,S.Howell,Sam Howell,QB,WAS,PHI,4,2023,29,41,290.0,1,6,40.0,0,0,0,0.0,0,19.6,19.6,WAS,Sam Howell,19.6
00-0037077,S.Howell,Sam Howell,QB,WAS,CHI,5,2023,37,51,388.0,2,4,19.0,0,0,0,0.0,0,25.42,25.42,WAS,Sam Howell,25.42
00-0037077,S.Howell,Sam Howell,QB,WAS,ATL,6,2023,14,23,151.0,3,4,3.0,0,0,0,0.0,0,18.34,18.34,WAS,Sam Howell,18.34
00-0037077,S.Howell,Sam Howell,QB,WAS,NYG,7,2023,22,42,249.0,0,2,15.0,0,0,0,0.0,0,9.46,9.46,WAS,Sam Howell,9.46
00-0037077,S.Howell,Sam Howell,QB,WAS,PHI,8,2023,39,52,397.0,4,3,11.0,0,0,0,0.0,0,30.98,30.98,WAS,Sam Howell,30.98
00-0037077,S.Howell,Sam Howell,QB,WAS,NE,9,2023,29,45,325.0,1,5,27.0,0,0,0,0.0,0,17.7,17.7,WAS,Sam Howell,17.7
00-0037077,S.Howell,Sam Howell,QB,WAS,SEA,10,2023,29,44,312.0,3,2,17.0,0,0,0,0.0,0,24.18,24.18,WAS,Sam Howell,24.18
00-0037077,S.Howell,Sam Howell,QB,WAS,NYG,11,2023,31,45,256.0,1,3,35.0,1,0,0,0.0,0,17.74,17.74,WAS,Sam Howell,17.74
00-0037077,S.Howell,Sam Howell,QB,WAS,DAL,12,2023,28,44,300.0,0,2,13.0,1,0,0,0.0,0,17.3,17.3,WAS,Sam Howell,17.3
00-0037077,S.Howell,Sam Howell,QB,WAS,MIA,13,2023,12,23,127.0,0,4,21.0,2,0,0,0.0,0,19.18,19.18,WAS,Sam Howell,19.18
00-0037077,S.Howell,Sam Howell,QB,WAS,LA,15,2023,11,26,102.0,1,3,22.0,0,0,0,0.0,0,8.28,8.28,WAS,Sam Howell,8.28
00-0037077,S.Howell,Sam Howell,QB,WAS,NYJ,16,2023,6,22,56.0,0,0,0.0,0,0,0,0.0,0,-1.76,-1.76,WAS,Sam Howell,-1.76
00-0037077,S.Howell,Sam Howell,QB,WAS,SF,17,2023,17,28,169.0,1,1,-1.0,0,0,0,0.0,0,6.66,6.66,WAS,Sam Howell,6.66
00-0037077,S.Howell,Sam Howell,QB,WAS,DAL,18,2023,19,27,153.0,1,4,-1.0,0,1,1,4.0,0,6.42,7.42,WAS,Sam Howell,6.42
00-0037078,C.Turner,Cole Turner,TE,WAS,ARI,1,2023,0,0,0.0,0,0,0.0,0,1,2,17.0,0,1.7,2.7,WAS,Cole Turner,1.7
00-0037078,C.Turner,Cole Turner,TE,WAS,DEN,2,2023,0,0,0.0,0,0,0.0,0,2,2,21.0,0,2.1,4.1,WAS,Cole Turner,2.1
00-0037078,C.Turner,Cole Turner,TE,WAS,BUF,3,2023,0,0,0.0,0,0,0.0,0,4,7,35.0,0,3.5,7.5,WAS,Cole Turner,3.5
00-0037078,C.Turner,Cole Turner,TE,WAS,CHI,5,2023,0,0,0.0,0,0,0.0,0,1,1,9.0,0,0.9,1.9,WAS,Cole Turner,0.9
00-0037078,C.Turner,Cole Turner,TE,WAS,NYG,11,2023,0,0,0.0,0,0,0.0,0,1,1,7.0,0,0.7,1.7,WAS,Cole Turner,0.7
00-0037078,C.Turner,Cole Turner,TE,WAS,DAL,12,2023,0,0,0.0,0,0,0.0,0,1,1,29.0,0,2.9,3.9,WAS,Cole Turner,2.9
00-0037078,C.Turner,Cole Turner,TE,WAS,MIA,13,2023,0,0,0.0,0,0,0.0,0,1,1,2.0,0,0.2,1.2,WAS,Cole Turner,0.2
00-0037086,G.Calcaterra,Grant Calcaterra,TE,PHI,NYG,16,2023,0,0,0.0,0,0,0.0,0,2,2,21.0,0,2.1,4.1,PHI,Grant Calcaterra,2.1
00-0037086,G.Calcaterra,Grant Calcaterra,TE,PHI,NYG,18,2023,0,0,0.0,0,0,0.0,0,2,2,18.0,0,1.8,3.8,PHI,Grant Calcaterra,1.8
00-0037091,B.Melton,Bo Melton,WR,GB,TB,15,2023,0,0,0.0,0,0,0.0,0,1,2,7.0,0,0.7,1.7,GB,Bo Melton,0.7
00-0037091,B.Melton,Bo Melton,WR,GB,CAR,16,2023,0,0,0.0,0,1,7.0,0,4,6,44.0,0,5.1,9.1,GB,Bo Melton,5.1
00-0037091,B.Melton,Bo Melton,WR,GB,MIN,17,2023,0,0,0.0,0,0,0.0,0,6,9,105.0,1,16.5,22.5,GB,Bo Melton,16.5
00-0037091,B.Melton,Bo Melton,WR,GB,CHI,18,2023,0,0,0.0,0,2,14.0,0,5,7,62.0,0,7.6,12.6,GB,Bo Melton,7.6
00-0037091,B.Melton,Bo Melton,WR,GB,DAL,19,2023,0,0,0.0,0,0,0.0,0,1,2,7.0,0,0.7,1.7,GB,Bo Melton,0.7
00-0037091,B.Melton,Bo Melton,WR,GB,SF,20,2023,0,0,0.0,0,0,0.0,0,1,1,19.0,1,7.9,8.9,GB,Bo Melton,7.9
00-0037098,S.Toure,Samori Toure,WR,GB,CHI,1,2023,0,0,0.0,0,0,0.0,0,2,3,18.0,0,1.8,3.8,GB,Samori Toure,1.8
00-0037098,S.Toure,Samori Toure,WR,GB,ATL,2,2023,0,0,0.0,0,0,0.0,0,1,2,6.0,0,0.6,1.6,GB,Samori Toure,0.6
00-0037098,S.Toure,Samori Toure,WR,GB,NO,3,2023,0,0,0.0,0,0,0.0,0,0,3,0.0,0,2.0,2.0,GB,Samori Toure,2.0
00-0037098,S.Toure,Samori Toure,WR,GB,DET,4,2023,0,0,0.0,0,0,0.0,0,1,1,35.0,0,3.5,4.5,GB,Samori Toure,3.5
00-0037098,S.Toure,Samori Toure,WR,GB,DEN,7,2023,0,0,0.0,0,0,0.0,0,1,2,3.0,0,0.3,1.3,GB,Samori Toure,0.3
00-0037098,S.Toure,Samori Toure,WR,GB,NYG,14,2023,0,0,0.0,0,0,0.0,0,2,4,22.0,0,2.2,4.2,GB,Samori Toure,2.2
00-0037098,S.Toure,Samori Toure,WR,GB,CAR,16,2023,0,0,0.0,0,0,0.0,0,0,2,0.0,0,0.0,0.0,GB,Samori Toure,0.0
00-0037098,S.Toure,Samori Toure,WR,GB,MIN,17,2023,0,0,0.0,0,0,0.0,0,1,1,-6.0,0,-0.6,0.4,GB,Samori Toure,-0.6
00-0037120,T.Goodson,Tyler Goodson,RB,IND,TEN,13,2023,0,0,0.0,0,0,0.0,0,2,2,11.0,0,1.1,3.1,IND,Tyler Goodson,1.1
00-0037120,T.Goodson,Tyler Goodson,RB,IND,CIN,14,2023,0,0,0.0,0,0,0.0,0,1,1,-2.0,0,-0.2,0.8,IND,Tyler Goodson,-0.2
00-0037120,T.Goodson,Tyler Goodson,RB,IND,PIT,15,2023,0,0,0.0,0,11,69.0,0,2,2,10.0,0,7.9,9.9,IND,Tyler Goodson,7.9
00-0037120,T.Goodson,Tyler Goodson,RB,IND,ATL,16,2023,0,0,0.0,0,1,15.0,0,1,2,15.0,0,3.0,4.0,IND,Tyler Goodson,3.0
00-0037120,T.Goodson,Tyler Goodson,RB,IND,LV,17,2023,0,0,0.0,0,1,3.0,0,0,0,0.0,0,0.3,0.3,IND,Tyler Goodson,0.3
00-0037120,T.Goodson,Tyler Goodson,RB,IND,HOU,18,2023,0,0,0.0,0,0,0.0,0,0,2,0.0,0,0.0,0.0,IND,Tyler Goodson,0.0
00-0037132,B.Covey,Britain Covey,WR,PHI,NYG,16,2023,0,0,0.0,0,0,0.0,0,1,1,7.0,0,0.7,1.7,PHI,Britain Covey,0.7
00-0037132,B.Covey,Britain Covey,WR,PHI,NYG,18,2023,0,0,0.0,0,0,0.0,0,3,5,35.0,0,3.5,6.5,PHI,Britain Covey,3.5
00-0037156,I.Charles,Irvin Charles,WR,NYJ,NE,18,2023,0,0,0.0,0,0,0.0,0,0,1,0.0,0,0.0,0.0,NYJ,Irvin Charles,0.0
00-0037157,Z.Knight,Bam Knight,RB,DET,ATL,3,2023,0,0,0.0,0,3,13.0,0,0,0,0.0,0,1.3,1.3,DET,Bam Knight,1.3
00-0037157,Z.Knight,Bam Knight,RB,DET,CAR,5,2023,0,0,0.0,0,0,0.0,0,1,1,8.0,0,0.8,1.8,DET,Bam Knight,0.8
00-0037197,I.Pacheco,Isiah Pacheco,RB,KC,DET,1,2023,0,0,0.0,0,8,23.0,0,4,4,31.0,0,5.4,9.4,KC,Isiah Pacheco,5.4
00-0037197,I.Pacheco,Isiah Pacheco,RB,KC,JAX,2,2023,0,0,0.0,0,12,70.0,0,1,2,0.0,0,7.0,8.0,KC,Isiah Pacheco,7.0
00-0037197,I.Pacheco,Isiah Pacheco,RB,KC,CHI,3,2023,0,0,0.0,0,15,62.0,1,2,3,16.0,0,13.8,15.8,KC,Isiah Pacheco,13.8
00-0037197,I.Pacheco,Isiah Pacheco,RB,KC,NYJ,4,2023,0,0,0.0,0,20,115.0,1,3,3,43.0,0,21.8,24.8,KC,Isiah Pacheco,21.8
00-0037197,I.Pacheco,Isiah Pacheco,RB,KC,MIN,5,2023,0,0,0.0,0,16,55.0,1,1,1,9.0,0,12.4,13.4,KC,Isiah Pacheco,12.4
00-0037197,I.Pacheco,Isiah Pacheco,RB,KC,DEN,6,2023,0,0,0.0,0,16,62.0,0,6,6,36.0,0,9.8,15.8,KC,Isiah Pacheco,9.8
00-0037197,I.Pacheco,Isiah Pacheco,RB,KC,LAC,7,2023,0,0,0.0,0,13,32.0,0,4,4,28.0,1,12.0,16.0,KC,Isiah Pacheco,12.0
00-0037197,I.Pacheco,Isiah Pacheco,RB,KC,DEN,8,2023,0,0,0.0,0,8,40.0,0,3,4,-3.0,0,3.7,6.7,KC,Isiah Pacheco,3.7
00-0037197,I.Pacheco,Isiah Pacheco,RB,KC,MIA,9,2023,0,0,0.0,0,16,66.0,0,0,1,0.0,0,6.6,6.6,KC,Isiah Pacheco,6.6
00-0037197,I.Pacheco,Isiah Pacheco,RB,KC,PHI,11,2023,0,0,0.0,0,19,89.0,0,1,1,2.0,0,9.1,10.1,KC,Isiah Pacheco,9.1
00-0037197,I.Pacheco,Isiah Pacheco,RB,KC,LV,12,2023,0,0,0.0,0,15,55.0,2,5,5,34.0,0,20.9,25.9,KC,Isiah Pacheco,20.9
00-0037197,I.Pacheco,Isiah Pacheco,RB,KC,GB,13,2023,0,0,0.0,0,18,110.0,1,3,4,13.0,0,18.3,21.3,KC,Isiah Pacheco,18.3
00-0037197,I.Pacheco,Isiah Pacheco,RB,KC,LV,16,2023,0,0,0.0,0,11,26.0,1,4,4,0.0,0,6.6,10.6,KC,Isiah Pacheco,6.6
00-0037197,I.Pacheco,Isiah Pacheco,RB,KC,CIN,17,2023,0,0,0.0,0,18,130.0,0,7,7,35.0,1,22.5,29.5,KC,Isiah Pacheco,22.5
00-0037197,I.Pacheco,Isiah Pacheco,RB,KC,MIA,19,2023,0,0,0.0,0,24,89.0,1,1,1,-1.0,0,14.8,15.8,KC,Isiah Pacheco,14.8
00-0037197,I.Pacheco,Isiah Pacheco,RB,KC,BUF,20,2023,0,0,0.0,0,15,97.0,1,1,1,14.0,0,17.1,18.1,KC,Isiah Pacheco,17.1
00-0037197,I.Pacheco,Isiah Pacheco,RB,KC,BAL,21,2023,0,0,0.0,0,24,68.0,1,4,4,14.0,0,14.2,18.2,KC,Isiah Pacheco,14.2
00-0037197,I.Pacheco,Isiah Pacheco,RB,KC,SF,22,2023,0,0,0.0,0,18,59.0,0,6,6,33.0,0,7.2,13.2,KC,Isiah Pacheco,7.2
00-0037216,J.Ross,Justyn Ross,WR,KC,DET,1,2023,0,0,0.0,0,0,0.0,0,1,1,6.0,0,0.6,1.6,KC,Justyn Ross,0.6
00-0037216,J.Ross,Justyn Ross,WR,KC,CHI,3,2023,0,0,0.0,0,0,0.0,0,0,1,0.0,0,0.0,0.0,KC,Justyn Ross,0.0
00-0037216,J.Ross,Justyn Ross,WR,KC,MIN,5,2023,0,0,0.0,0,0,0.0,0,2,4,28.0,0,2.8,4.8,KC,Justyn Ross,2.8
00-0037216,J.Ross,Justyn Ross,WR,KC,LV,16,2023,0,0,0.0,0,0,0.0,0,1,1,2.0,0,0.2,1.2,KC,Justyn Ross,0.2
00-0037216,J.Ross,Justyn Ross,WR,KC,LAC,18,2023,0,0,0.0,0,0,0.0,0,2,4,17.0,0,1.7,3.7,KC,Justyn Ross,1.7
00-0037228,J.Warren,Jaylen Warren,RB,PIT,SF,1,2023,0,0,0.0,0,3,6.0,0,5,6,12.0,0,1.8,6.8,PIT,Jaylen Warren,1.8
00-0037228,J.Warren,Jaylen Warren,RB,PIT,CLE,2,2023,0,0,0.0,0,6,20.0,0,4,6,66.0,0,8.6,12.6,PIT,Jaylen Warren,8.6
00-0037228,J.Warren,Jaylen Warren,RB,PIT,LV,3,2023,0,0,0.0,0,8,29.0,0,3,4,23.0,0,5.2,8.2,PIT,Jaylen Warren,5.2
00-0037228,J.Warren,Jaylen Warren,RB,PIT,HOU,4,2023,0,0,0.0,0,8,29.0,0,6,6,26.0,0,5.5,11.5,PIT,Jaylen Warren,5.5
00-0037228,J.Warren,Jaylen Warren,RB,PIT,BAL,5,2023,0,0,0.0,0,9,40.0,0,3,3,39.0,0,7.9,10.9,PIT,Jaylen Warren,7.9
00-0037228,J.Warren,Jaylen Warren,RB,PIT,LA,7,2023,0,0,0.0,0,6,32.0,1,1,2,-1.0,0,9.1,10.1,PIT,Jaylen Warren,9.1
00-0037228,J.Warren,Jaylen Warren,RB,PIT,JAX,8,2023,0,0,0.0,0,5,19.0,0,4,5,19.0,0,3.8,7.8,PIT,Jaylen Warren,3.8
00-0037228,J.Warren,Jaylen Warren,RB,PIT,TEN,9,2023,0,0,0.0,0,11,88.0,0,3,3,25.0,0,11.3,14.3,PIT,Jaylen Warren,11.3
00-0037228,J.Warren,Jaylen Warren,RB,PIT,GB,10,2023,0,0,0.0,0,15,101.0,1,2,4,9.0,0,17.0,19.0,PIT,Jaylen Warren,17.0
00-0037228,J.Warren,Jaylen Warren,RB,PIT,CLE,11,2023,0,0,0.0,0,9,129.0,1,3,3,16.0,0,20.5,23.5,PIT,Jaylen Warren,20.5
00-0037228,J.Warren,Jaylen Warren,RB,PIT,CIN,12,2023,0,0,0.0,0,13,49.0,0,3,3,13.0,0,4.2,7.2,PIT,Jaylen Warren,4.2
00-0037228,J.Warren,Jaylen Warren,RB,PIT,ARI,13,2023,0,0,0.0,0,9,59.0,0,1,3,-4.0,0,5.5,6.5,PIT,Jaylen Warren,5.5
00-0037228,J.Warren,Jaylen Warren,RB,PIT,NE,14,2023,0,0,0.0,0,7,11.0,0,4,5,29.0,0,4.0,8.0,PIT,Jaylen Warren,4.0
00-0037228,J.Warren,Jaylen Warren,RB,PIT,IND,15,2023,0,0,0.0,0,10,40.0,0,5,6,28.0,0,6.8,11.8,PIT,Jaylen Warren,6.8
00-0037228,J.Warren,Jaylen Warren,RB,PIT,CIN,16,2023,0,0,0.0,0,8,24.0,0,5,6,30.0,0,5.4,10.4,PIT,Jaylen Warren,5.4
00-0037228,J.Warren,Jaylen Warren,RB,PIT,SEA,17,2023,0,0,0.0,0,13,75.0,1,4,4,23.0,0,15.8,19.8,PIT,Jaylen Warren,15.8
00-0037228,J.Warren,Jaylen Warren,RB,PIT,BAL,18,2023,0,0,0.0,0,9,33.0,0,5,5,17.0,0,3.0,8.0,PIT,Jaylen Warren,3.0
00-0037228,J.Warren,Jaylen Warren,RB,PIT,BUF,19,2023,0,0,0.0,0,8,38.0,0,2,2,16.0,0,5.4,7.4,PIT,Jaylen Warren,5.4
00-0037238,D.London,Drake London,WR,ATL,CAR,1,2023,0,0,0.0,0,0,0.0,0,0,1,0.0,0,0.0,0.0,ATL,Drake London,0.0
00-0037238,D.London,Drake London,WR,ATL,GB,2,2023,0,0,0.0,0,0,0.0,0,6,8,67.0,1,12.7,18.7,ATL,Drake London,12.7
00-0037238,D.London,Drake London,WR,ATL,DET,3,2023,0,0,0.0,0,0,0.0,0,2,6,31.0,0,3.1,5.1,ATL,Drake London,3.1
00-0037238,D.London,Drake London,WR,ATL,JAX,4,2023,0,0,0.0,0,0,0.0,0,3,7,28.0,1,8.8,11.8,ATL,Drake London,8.8
00-0037238,D.London,Drake London,WR,ATL,HOU,5,2023,1,1,22.0,0,0,0.0,0,6,9,78.0,0,8.68,14.68,ATL,Drake London,8.68
00-0037238,D.London,Drake London,WR,ATL,WAS,6,2023,0,0,0.0,0,0,0.0,0,9,12,125.0,0,12.5,21.5,ATL,Drake London,12.5
00-0037238,D.London,Drake London,WR,ATL,TB,7,2023,0,0,0.0,0,0,0.0,0,6,7,54.0,0,5.4,11.4,ATL,Drake London,5.4
00-0037238,D.London,Drake London,WR,ATL,TEN,8,2023,0,0,0.0,0,0,0.0,0,5,7,55.0,0,5.5,10.5,ATL,Drake London,5.5
00-0037238,D.London,Drake London,WR,ATL,ARI,10,2023,0,0,0.0,0,0,0.0,0,3,4,36.0,0,3.6,6.6,ATL,Drake London,3.6
00-0037238,D.London,Drake London,WR,ATL,NO,12,2023,0,0,0.0,0,0,0.0,0,5,7,91.0,0,9.1,14.1,ATL,Drake London,9.1
00-0037238,D.London,Drake London,WR,ATL,NYJ,13,2023,0,0,0.0,0,0,0.0,0,1,5,8.0,0,0.8,1.8,ATL,Drake London,0.8
00-0037238,D.London,Drake London,WR,ATL,TB,14,2023,0,0,0.0,0,0,0.0,0,10,11,172.0,0,19.2,29.2,ATL,Drake London,19.2
00-0037238,D.London,Drake London,WR,ATL,CAR,15,2023,0,0,0.0,0,0,0.0,0,2,3,24.0,0,2.4,4.4,ATL,Drake London,2.4
00-0037238,D.London,Drake London,WR,ATL,IND,16,2023,0,0,0.0,0,0,0.0,0,3,4,39.0,0,3.9,6.9,ATL,Drake London,3.9
00-0037238,D.London,Drake London,WR,ATL,CHI,17,2023,0,0,0.0,0,0,0.0,0,4,10,56.0,0,5.6,9.6,ATL,Drake London,5.6
00-0037238,D.London,Drake London,WR,ATL,NO,18,2023,0,0,0.0,0,0,0.0,0,4,9,41.0,0,4.1,8.1,ATL,Drake London,4.1
00-0037239,C.Olave,Chris Olave,WR,NO,TEN,1,2023,0,0,0.0,0,0,0.0,0,8,10,112.0,0,11.2,19.2,NO,Chris Olave,11.2
00-0037239,C.Olave,Chris Olave,WR,NO,CAR,2,2023,0,0,0.0,0,0,0.0,0,6,11,86.0,0,8.6,14.6,NO,Chris Olave,8.6
00-0037239,C.Olave,Chris Olave,WR,NO,GB,3,2023,0,0,0.0,0,0,0.0,0,8,11,104.0,0,10.4,18.4,NO,Chris Olave,10.4
00-0037239,C.Olave,Chris Olave,WR,NO,TB,4,2023,0,0,0.0,0,0,0.0,0,1,6,4.0,0,0.4,1.4,NO,Chris Olave,0.4
00-0037239,C.Olave,Chris Olave,WR,NO,NE,5,2023,0,0,0.0,0,0,0.0,0,2,5,12.0,1,7.2,9.2,NO,Chris Olave,7.2
00-0037239,C.Olave,Chris Olave,WR,NO,HOU,6,2023,0,0,0.0,0,0,0.0,0,7,10,96.0,0,9.6,16.6,NO,Chris Olave,9.6
00-0037239,C.Olave,Chris Olave,WR,NO,JAX,7,2023,0,0,0.0,0,0,0.0,0,7,15,57.0,0,5.7,12.7,NO,Chris Olave,5.7
00-0037239,C.Olave,Chris Olave,WR,NO,IND,8,2023,0,0,0.0,0,0,0.0,0,5,9,46.0,0,4.6,9.6,NO,Chris Olave,4.6
00-0037239,C.Olave,Chris Olave,WR,NO,CHI,9,2023,0,0,0.0,0,0,0.0,0,6,8,46.0,1,10.6,16.6,NO,Chris Olave,10.6
00-0037239,C.Olave,Chris Olave,WR,NO,MIN,10,2023,0,0,0.0,0,0,0.0,0,6,9,94.0,1,15.4,21.4,NO,Chris Olave,15.4
00-0037239,C.Olave,Chris Olave,WR,NO,ATL,12,2023,0,0,0.0,0,0,0.0,0,7,9,114.0,0,11.4,18.4,NO,Chris Olave,11.4
00-0037239,C.Olave,Chris Olave,WR,NO,DET,13,2023,0,0,0.0,0,0,0.0,0,5,8,119.0,0,11.9,16.9,NO,Chris Olave,11.9
00-0037239,C.Olave,Chris Olave,WR,NO,CAR,14,2023,0,0,0.0,0,0,0.0,0,4,5,28.0,1,8.8,12.8,NO,Chris Olave,8.8
00-0037239,C.Olave,Chris Olave,WR,NO,LA,16,2023,0,0,0.0,0,0,0.0,0,9,13,123.0,0,14.3,23.3,NO,Chris Olave,14.3
00-0037239,C.Olave,Chris Olave,WR,NO,TB,17,2023,0,0,0.0,0,0,0.0,0,3,6,26.0,0,2.6,5.6,NO,Chris Olave,2.6
00-0037239,C.Olave,Chris Olave,WR,NO,ATL,18,2023,0,0,0.0,0,0,0.0,0,3,3,56.0,1,11.6,14.6,NO,Chris Olave,11.6
00-0037240,J.Williams,Jameson Williams,WR,DET,CAR,5,2023,0,0,0.0,0,0,0.0,0,2,3,2.0,0,0.2,2.2,DET,Jameson Williams,0.2
00-0037240,J.Williams,Jameson Williams,WR,DET,TB,6,2023,0,0,0.0,0,0,0.0,0,2,3,53.0,1,11.3,13.3,DET,Jameson Williams,11.3
00-0037240,J.Williams,Jameson Williams,WR,DET,BAL,7,2023,0,0,0.0,0,0,0.0,0,0,6,0.0,0,0.0,0.0,DET,Jameson Williams,0.0
00-0037240,J.Williams,Jameson Williams,WR,DET,LV,8,2023,0,0,0.0,0,0,0.0,0,2,3,16.0,0,1.6,3.6,DET,Jameson Williams,1.6
00-0037240,J.Williams,Jameson Williams,WR,DET,LAC,10,2023,0,0,0.0,0,0,0.0,0,2,2,18.0,0,1.8,3.8,DET,Jameson Williams,1.8
00-0037240,J.Williams,Jameson Williams,WR,DET,CHI,11,2023,0,0,0.0,0,0,0.0,0,2,3,44.0,1,10.4,12.4,DET,Jameson Williams,10.4
00-0037240,J.Williams,Jameson Williams,WR,DET,GB,12,2023,0,0,0.0,0,0,0.0,0,2,3,51.0,0,5.1,7.1,DET,Jameson Williams,5.1
00-0037240,J.Williams,Jameson Williams,WR,DET,NO,13,2023,0,0,0.0,0,1,19.0,1,1,1,11.0,0,9.0,10.0,DET,Jameson Williams,9.0
00-0037240,J.Williams,Jameson Williams,WR,DET,CHI,14,2023,0,0,0.0,0,1,4.0,0,0,2,0.0,0,0.4,0.4,DET,Jameson Williams,0.4
00-0037240,J.Williams,Jameson Williams,WR,DET,DEN,15,2023,0,0,0.0,0,0,0.0,0,4,7,47.0,0,4.7,8.7,DET,Jameson Williams,4.7
00-0037240,J.Williams,Jameson Williams,WR,DET,MIN,16,2023,0,0,0.0,0,0,0.0,0,5,6,43.0,0,4.3,9.3,DET,Jameson Williams,4.3
00-0037240,J.Williams,Jameson Williams,WR,DET,DAL,17,2023,0,0,0.0,0,1,6.0,0,2,3,69.0,0,7.5,9.5,DET,Jameson Williams,7.5
00-0037240,J.Williams,Jameson Williams,WR,DET,LA,19,2023,0,0,0.0,0,0,0.0,0,2,2,19.0,0,1.9,3.9,DET,Jameson Williams,1.9
00-0037240,J.Williams,Jameson Williams,WR,DET,TB,20,2023,0,0,0.0,0,0,0.0,0,2,4,35.0,0,3.5,5.5,DET,Jameson Williams,3.5
00-0037240,J.Williams,Jameson Williams,WR,DET,SF,21,2023,0,0,0.0,0,1,42.0,1,2,3,25.0,1,18.7,20.7,DET,Jameson Williams,18.7
00-0037247,G.Pickens,George Pickens,WR,PIT,SF,1,2023,0,0,0.0,0,0,0.0,0,5,7,36.0,0,3.6,8.6,PIT,George Pickens,3.6
00-0037247,G.Pickens,George Pickens,WR,PIT,CLE,2,2023,0,0,0.0,0,0,0.0,0,4,10,127.0,1,18.7,22.7,PIT,George Pickens,18.7
00-0037247,G.Pickens,George Pickens,WR,PIT,LV,3,2023,0,0,0.0,0,0,0.0,0,4,6,75.0,0,7.5,11.5,PIT,George Pickens,7.5
00-0037247,G.Pickens,George Pickens,WR,PIT,HOU,4,2023,0,0,0.0,0,0,0.0,0,3,7,25.0,0,2.5,5.5,PIT,George Pickens,2.5
00-0037247,G.Pickens,George Pickens,WR,PIT,BAL,5,2023,0,0,0.0,0,1,16.0,0,6,10,130.0,1,20.6,26.6,PIT,George Pickens,20.6
00-0037247,G.Pickens,George Pickens,WR,PIT,LA,7,2023,0,0,0.0,0,0,0.0,0,5,8,107.0,0,10.7,15.7,PIT,George Pickens,10.7
00-0037247,G.Pickens,George Pickens,WR,PIT,JAX,8,2023,0,0,0.0,0,0,0.0,0,1,5,22.0,1,8.2,9.2,PIT,George Pickens,8.2
00-0037247,G.Pickens,George Pickens,WR,PIT,TEN,9,2023,0,0,0.0,0,0,0.0,0,2,5,-1.0,0,-0.1,1.9,PIT,George Pickens,-0.1
00-0037247,G.Pickens,George Pickens,WR,PIT,GB,10,2023,0,0,0.0,0,0,0.0,0,3,4,45.0,0,4.5,7.5,PIT,George Pickens,4.5
00-0037247,G.Pickens,George Pickens,WR,PIT,CLE,11,2023,0,0,0.0,0,1,-1.0,0,4,6,38.0,0,3.7,7.7,PIT,George Pickens,3.7
00-0037247,G.Pickens,George Pickens,WR,PIT,CIN,12,2023,0,0,0.0,0,0,0.0,0,3,5,58.0,0,5.8,8.8,PIT,George Pickens,5.8
00-0037247,G.Pickens,George Pickens,WR,PIT,ARI,13,2023,0,0,0.0,0,0,0.0,0,4,5,86.0,0,8.6,12.6,PIT,George Pickens,8.6
00-0037247,G.Pickens,George Pickens,WR,PIT,NE,14,2023,0,0,0.0,0,0,0.0,0,5,6,19.0,0,1.9,6.9,PIT,George Pickens,1.9
00-0037247,G.Pickens,George Pickens,WR,PIT,IND,15,2023,0,0,0.0,0,0,0.0,0,3,7,47.0,0,4.7,7.7,PIT,George Pickens,4.7
00-0037247,G.Pickens,George Pickens,WR,PIT,CIN,16,2023,0,0,0.0,0,0,0.0,0,4,6,195.0,2,31.5,35.5,PIT,George Pickens,31.5
00-0037247,G.Pickens,George Pickens,WR,PIT,SEA,17,2023,0,0,0.0,0,0,0.0,0,7,9,131.0,0,13.1,20.1,PIT,George Pickens,13.1
00-0037247,G.Pickens,George Pickens,WR,PIT,BAL,18,2023,0,0,0.0,0,1,3.0,0,0,0,0.0,0,0.3,0.3,PIT,George Pickens,0.3
00-0037247,G.Pickens,George Pickens,WR,PIT,BUF,19,2023,0,0,0.0,0,1,15.0,0,5,11,50.0,0,4.5,9.5,PIT,George Pickens,4.5
00-0037248,J.Cook,James Cook,RB,BUF,NYJ,1,2023,0,0,0.0,0,12,46.0,0,4,6,17.0,0,6.3,10.3,BUF,James Cook,6.3
00-0037248,J.Cook,James Cook,RB,BUF,LV,2,2023,0,0,0.0,0,17,123.0,0,4,4,36.0,0,15.9,19.9,BUF,James Cook,15.9
00-0037248,J.Cook,James Cook,RB,BUF,WAS,3,2023,0,0,0.0,0,15,98.0,0,2,3,14.0,0,11.2,13.2,BUF,James Cook,11.2
00-0037248,J.Cook,James Cook,RB,BUF,MIA,4,2023,0,0,0.0,0,12,29.0,1,1,1,48.0,0,13.7,14.7,BUF,James Cook,13.7
00-0037248,J.Cook,James Cook,RB,BUF,JAX,5,2023,0,0,0.0,0,5,-4.0,0,3,4,25.0,0,2.1,5.1,BUF,James Cook,2.1
00-0037248,J.Cook,James Cook,RB,BUF,NYG,6,2023,0,0,0.0,0,14,71.0,0,0,0,0.0,0,7.1,7.1,BUF,James Cook,7.1
00-0037248,J.Cook,James Cook,RB,BUF,NE,7,2023,0,0,0.0,0,13,56.0,0,3,3,46.0,1,16.2,19.2,BUF,James Cook,16.2
00-0037248,J.Cook,James Cook,RB,BUF,TB,8,2023,0,0,0.0,0,14,67.0,0,1,1,6.0,0,7.3,8.3,BUF,James Cook,7.3
00-0037248,J.Cook,James Cook,RB,BUF,CIN,9,2023,0,0,0.0,0,6,20.0,0,4,4,19.0,0,3.9,7.9,BUF,James Cook,3.9
00-0037248,J.Cook,James Cook,RB,BUF,DEN,10,2023,0,0,0.0,0,12,109.0,0,2,2,11.0,0,10.0,12.0,BUF,James Cook,10.0
00-0037248,J.Cook,James Cook,RB,BUF,NYJ,11,2023,0,0,0.0,0,17,73.0,0,3,4,29.0,1,16.2,19.2,BUF,James Cook,16.2
00-0037248,J.Cook,James Cook,RB,BUF,PHI,12,2023,0,0,0.0,0,16,43.0,0,6,7,57.0,0,10.0,16.0,BUF,James Cook,10.0
00-0037248,J.Cook,James Cook,RB,BUF,KC,14,2023,0,0,0.0,0,10,58.0,0,5,5,83.0,1,20.1,25.1,BUF,James Cook,20.1
00-0037248,J.Cook,James Cook,RB,BUF,DAL,15,2023,0,0,0.0,0,25,179.0,1,2,3,42.0,1,34.1,36.1,BUF,James Cook,34.1
00-0037248,J.Cook,James Cook,RB,BUF,LAC,16,2023,0,0,0.0,0,20,70.0,0,0,0,0.0,0,5.0,5.0,BUF,James Cook,5.0
00-0037248,J.Cook,James Cook,RB,BUF,NE,17,2023,0,0,0.0,0,16,48.0,0,1,3,-4.0,0,4.4,5.4,BUF,James Cook,4.4
00-0037248,J.Cook,James Cook,RB,BUF,MIA,18,2023,0,0,0.0,0,13,36.0,0,3,4,16.0,0,5.2,8.2,BUF,James Cook,5.2
00-0037248,J.Cook,James Cook,RB,BUF,PIT,19,2023,0,0,0.0,0,18,79.0,0,4,4,5.0,0,8.4,12.4,BUF,James Cook,8.4
00-0037248,J.Cook,James Cook,RB,BUF,KC,20,2023,0,0,0.0,0,18,61.0,0,4,5,21.0,0,8.2,12.2,BUF,James Cook,8.2
00-0037252,G.Dulcich,Greg Dulcich,TE,DEN,LV,1,2023,0,0,0.0,0,0,0.0,0,2,2,22.0,0,2.2,4.2,DEN,Greg Dulcich,2.2
00-0037252,G.Dulcich,Greg Dulcich,TE,DEN,KC,6,2023,0,0,0.0,0,0,0.0,0,1,2,3.0,0,0.3,1.3,DEN,Greg Dulcich,0.3
00-0037256,R.White,Rachaad White,RB,TB,MIN,1,2023,0,0,0.0,0,17,39.0,0,2,2,10.0,0,4.9,6.9,TB,Rachaad White,4.9
00-0037256,R.White,Rachaad White,RB,TB,CHI,2,2023,0,0,0.0,0,17,73.0,1,5,5,30.0,0,16.3,21.3,TB,Rachaad White,16.3
00-0037256,R.White,Rachaad White,RB,TB,PHI,3,2023,0,0,0.0,0,14,38.0,0,3,3,24.0,0,4.2,7.2,TB,Rachaad White,4.2
00-0037256,R.White,Rachaad White,RB,TB,NO,4,2023,0,0,0.0,0,15,56.0,0,3,3,22.0,0,7.8,10.8,TB,Rachaad White,7.8
00-0037256,R.White,Rachaad White,RB,TB,DET,6,2023,0,0,0.0,0,7,26.0,0,3,4,12.0,0,3.8,6.8,TB,Rachaad White,3.8
00-0037256,R.White,Rachaad White,RB,TB,ATL,7,2023,0,0,0.0,0,13,34.0,0,6,6,65.0,0,9.9,15.9,TB,Rachaad White,9.9
00-0037256,R.White,Rachaad White,RB,TB,BUF,8,2023,0,0,0.0,0,9,39.0,0,7,7,70.0,0,10.9,17.9,TB,Rachaad White,10.9
00-0037256,R.White,Rachaad White,RB,TB,HOU,9,2023,0,0,0.0,0,20,73.0,2,4,4,46.0,0,23.9,27.9,TB,Rachaad White,23.9
00-0037256,R.White,Rachaad White,RB,TB,TEN,10,2023,0,0,0.0,0,20,51.0,0,2,3,47.0,1,15.8,17.8,TB,Rachaad White,15.8
00-0037256,R.White,Rachaad White,RB,TB,SF,11,2023,0,0,0.0,0,9,30.0,1,6,7,28.0,0,11.8,17.8,TB,Rachaad White,11.8
00-0037256,R.White,Rachaad White,RB,TB,IND,12,2023,0,0,0.0,0,15,100.0,0,2,2,10.0,0,11.0,13.0,TB,Rachaad White,11.0
00-0037256,R.White,Rachaad White,RB,TB,CAR,13,2023,0,0,0.0,0,20,84.0,1,3,5,22.0,0,16.6,19.6,TB,Rachaad White,16.6
00-0037256,R.White,Rachaad White,RB,TB,ATL,14,2023,0,0,0.0,0,25,102.0,0,2,2,33.0,1,19.5,21.5,TB,Rachaad White,19.5
00-0037256,R.White,Rachaad White,RB,TB,GB,15,2023,0,0,0.0,0,21,89.0,0,2,2,50.0,1,19.9,21.9,TB,Rachaad White,19.9
00-0037256,R.White,Rachaad White,RB,TB,JAX,16,2023,0,0,0.0,0,20,39.0,1,6,7,38.0,0,13.7,19.7,TB,Rachaad White,13.7
00-0037256,R.White,Rachaad White,RB,TB,NO,17,2023,0,0,0.0,0,11,42.0,0,4,4,24.0,0,4.6,8.6,TB,Rachaad White,4.6
00-0037256,R.White,Rachaad White,RB,TB,CAR,18,2023,0,0,0.0,0,19,75.0,0,4,4,18.0,0,9.3,13.3,TB,Rachaad White,9.3
00-0037256,R.White,Rachaad White,RB,TB,PHI,19,2023,0,0,0.0,0,18,72.0,0,1,3,3.0,0,7.5,8.5,TB,Rachaad White,7.5
00-0037256,R.White,Rachaad White,RB,TB,DET,20,2023,0,0,0.0,0,9,55.0,0,4,5,36.0,1,15.1,19.1,TB,Rachaad White,15.1
00-0037257,D.Bell,David Bell,WR,CLE,CIN,1,2023,0,0,0.0,0,0,0.0,0,0,1,0.0,0,0.0,0.0,CLE,David Bell,0.0
00-0037257,D.Bell,David Bell,WR,CLE,PIT,2,2023,0,0,0.0,0,0,0.0,0,3,3,27.0,0,2.7,5.7,CLE,David Bell,2.7
00-0037257,D.Bell,David Bell,WR,CLE,SF,6,2023,0,0,0.0,0,0,0.0,0,1,3,6.0,0,0.6,1.6,CLE,David Bell,0.6
00-0037257,D.Bell,David Bell,WR,CLE,DEN,12,2023,0,0,0.0,0,0,0.0,0,0,2,0.0,0,0.0,0.0,CLE,David Bell,0.0
00-0037257,D.Bell,David Bell,WR,CLE,LA,13,2023,0,0,0.0,0,0,0.0,0,2,2,12.0,0,1.2,3.2,CLE,David Bell,1.2
00-0037257,D.Bell,David Bell,WR,CLE,JAX,14,2023,0,0,0.0,0,0,0.0,0,1,3,41.0,1,10.1,11.1,CLE,David Bell,10.1
00-0037257,D.Bell,David Bell,WR,CLE,HOU,16,2023,0,0,0.0,0,0,0.0,0,1,2,6.0,0,0.6,1.6,CLE,David Bell,0.6
00-0037257,D.Bell,David Bell,WR,CLE,NYJ,17,2023,0,0,0.0,0,0,0.0,0,2,3,7.0,0,0.7,2.7,CLE,David Bell,0.7
00-0037257,D.Bell,David Bell,WR,CLE,CIN,18,2023,0,0,0.0,0,0,0.0,0,4,4,68.0,2,18.8,22.8,CLE,David Bell,18.8
00-0037257,D.Bell,David Bell,WR,CLE,HOU,19,2023,0,0,0.0,0,0,0.0,0,8,8,54.0,0,5.4,13.4,CLE,David Bell,5.4
00-0037258,D.Pierce,Dameon Pierce,RB,HOU,BAL,1,2023,0,0,0.0,0,11,38.0,0,2,3,9.0,0,4.7,6.7,HOU,Dameon Pierce,4.7
00-0037258,D.Pierce,Dameon Pierce,RB,HOU,IND,2,2023,0,0,0.0,0,15,31.0,0,2,3,4.0,0,3.5,5.5,HOU,Dameon Pierce,3.5
00-0037258,D.Pierce,Dameon Pierce,RB,HOU,JAX,3,2023,0,0,0.0,0,14,31.0,1,3,3,28.0,0,11.9,14.9,HOU,Dameon Pierce,11.9
00-0037258,D.Pierce,Dameon Pierce,RB,HOU,PIT,4,2023,0,0,0.0,0,24,81.0,0,1,2,27.0,0,10.8,11.8,HOU,Dameon Pierce,10.8
00-0037258,D.Pierce,Dameon Pierce,RB,HOU,ATL,5,2023,0,0,0.0,0,20,66.0,0,1,1,16.0,0,8.2,9.2,HOU,Dameon Pierce,8.2
00-0037258,D.Pierce,Dameon Pierce,RB,HOU,NO,6,2023,0,0,0.0,0,13,34.0,0,0,0,0.0,0,3.4,3.4,HOU,Dameon Pierce,3.4
00-0037258,D.Pierce,Dameon Pierce,RB,HOU,CAR,8,2023,0,0,0.0,0,12,46.0,0,0,0,0.0,0,4.6,4.6,HOU,Dameon Pierce,4.6
00-0037258,D.Pierce,Dameon Pierce,RB,HOU,JAX,12,2023,0,0,0.0,0,5,14.0,0,1,1,4.0,0,1.8,2.8,HOU,Dameon Pierce,1.8
00-0037258,D.Pierce,Dameon Pierce,RB,HOU,DEN,13,2023,0,0,0.0,0,15,41.0,1,0,0,0.0,0,10.1,10.1,HOU,Dameon Pierce,10.1
00-0037258,D.Pierce,Dameon Pierce,RB,HOU,NYJ,14,2023,0,0,0.0,0,4,9.0,0,1,1,-2.0,0,0.7,1.7,HOU,Dameon Pierce,0.7
00-0037258,D.Pierce,Dameon Pierce,RB,HOU,TEN,15,2023,0,0,0.0,0,1,3.0,0,0,0,0.0,0,0.3,0.3,HOU,Dameon Pierce,0.3
00-0037258,D.Pierce,Dameon Pierce,RB,HOU,CLE,16,2023,0,0,0.0,0,3,6.0,0,1,2,10.0,0,7.6,8.6,HOU,Dameon Pierce,7.6
00-0037258,D.Pierce,Dameon Pierce,RB,HOU,TEN,17,2023,0,0,0.0,0,8,16.0,0,1,1,5.0,0,2.1,3.1,HOU,Dameon Pierce,2.1
00-0037258,D.Pierce,Dameon Pierce,RB,HOU,CLE,19,2023,0,0,0.0,0,3,0.0,0,0,0,0.0,0,0.0,0.0,HOU,Dameon Pierce,0.0
00-0037261,K.Shakir,Khalil Shakir,WR,BUF,LV,2,2023,0,0,0.0,0,0,0.0,0,1,1,11.0,1,7.1,8.1,BUF,Khalil Shakir,7.1
00-0037261,K.Shakir,Khalil Shakir,WR,BUF,WAS,3,2023,0,0,0.0,0,0,0.0,0,1,1,5.0,0,0.5,1.5,BUF,Khalil Shakir,0.5
00-0037261,K.Shakir,Khalil Shakir,WR,BUF,MIA,4,2023,0,0,0.0,0,0,0.0,0,0,1,0.0,0,0.0,0.0,BUF,Khalil Shakir,0.0
00-0037261,K.Shakir,Khalil Shakir,WR,BUF,JAX,5,2023,0,0,0.0,0,0,0.0,0,1,1,11.0,0,1.1,2.1,BUF,Khalil Shakir,1.1
00-0037261,K.Shakir,Khalil Shakir,WR,BUF,NYG,6,2023,0,0,0.0,0,0,0.0,0,1,1,13.0,0,1.3,2.3,BUF,Khalil Shakir,1.3
00-0037261,K.Shakir,Khalil Shakir,WR,BUF,NE,7,2023,0,0,0.0,0,0,0.0,0,4,4,35.0,0,3.5,7.5,BUF,Khalil Shakir,3.5
00-0037261,K.Shakir,Khalil Shakir,WR,BUF,TB,8,2023,0,0,0.0,0,0,0.0,0,6,6,92.0,0,9.2,15.2,BUF,Khalil Shakir,9.2
00-0037261,K.Shakir,Khalil Shakir,WR,BUF,CIN,9,2023,0,0,0.0,0,0,0.0,0,4,4,57.0,0,5.7,9.7,BUF,Khalil Shakir,5.7
00-0037261,K.Shakir,Khalil Shakir,WR,BUF,DEN,10,2023,0,0,0.0,0,0,0.0,0,1,2,24.0,0,2.4,3.4,BUF,Khalil Shakir,2.4
00-0037261,K.Shakir,Khalil Shakir,WR,BUF,NYJ,11,2023,0,0,0.0,0,0,0.0,0,3,4,115.0,1,17.5,20.5,BUF,Khalil Shakir,17.5
00-0037261,K.Shakir,Khalil Shakir,WR,BUF,PHI,12,2023,0,0,0.0,0,0,0.0,0,3,5,47.0,0,4.7,7.7,BUF,Khalil Shakir,4.7
00-0037261,K.Shakir,Khalil Shakir,WR,BUF,KC,14,2023,0,0,0.0,0,0,0.0,0,1,1,12.0,0,1.2,2.2,BUF,Khalil Shakir,1.2
00-0037261,K.Shakir,Khalil Shakir,WR,BUF,DAL,15,2023,0,0,0.0,0,0,0.0,0,0,1,0.0,0,0.0,0.0,BUF,Khalil Shakir,0.0
00-0037261,K.Shakir,Khalil Shakir,WR,BUF,LAC,16,2023,0,0,0.0,0,0,0.0,0,3,3,45.0,0,4.5,7.5,BUF,Khalil Shakir,4.5
00-0037261,K.Shakir,Khalil Shakir,WR,BUF,NE,17,2023,0,0,0.0,0,1,10.0,0,4,4,39.0,0,4.9,8.9,BUF,Khalil Shakir,4.9
00-0037261,K.Shakir,Khalil Shakir,WR,BUF,MIA,18,2023,0,0,0.0,0,0,0.0,0,6,6,105.0,0,10.5,16.5,BUF,Khalil Shakir,10.5
00-0037261,K.Shakir,Khalil Shakir,WR,BUF,PIT,19,2023,0,0,0.0,0,0,0.0,0,3,3,31.0,1,9.1,12.1,BUF,Khalil Shakir,9.1
00-0037261,K.Shakir,Khalil Shakir,WR,BUF,KC,20,2023,0,0,0.0,0,0,0.0,0,7,9,44.0,1,10.4,17.4,BUF,Khalil Shakir,10.4
00-0037263,T.Allgeier,Tyler Allgeier,RB,ATL,CAR,1,2023,0,0,0.0,0,15,75.0,2,3,3,19.0,0,21.4,24.4,ATL,Tyler Allgeier,21.4
00-0037263,T.Allgeier,Tyler Allgeier,RB,ATL,GB,2,2023,0,0,0.0,0,16,48.0,0,0,0,0.0,0,4.8,4.8,ATL,Tyler Allgeier,4.8
00-0037263,T.Allgeier,Tyler Allgeier,RB,ATL,DET,3,2023,0,0,0.0,0,7,12.0,0,2,3,17.0,0,2.9,4.9,ATL,Tyler Allgeier,2.9
00-0037263,T.Allgeier,Tyler Allgeier,RB,ATL,JAX,4,2023,0,0,0.0,0,7,16.0,0,1,2,-4.0,0,1.2,2.2,ATL,Tyler Allgeier,1.2
00-0037263,T.Allgeier,Tyler Allgeier,RB,ATL,HOU,5,2023,0,0,0.0,0,17,40.0,0,0,1,0.0,0,6.0,6.0,ATL,Tyler Allgeier,6.0
00-0037263,T.Allgeier,Tyler Allgeier,RB,ATL,WAS,6,2023,0,0,0.0,0,13,51.0,0,0,1,0.0,0,5.1,5.1,ATL,Tyler Allgeier,5.1
00-0037263,T.Allgeier,Tyler Allgeier,RB,ATL,TB,7,2023,0,0,0.0,0,21,59.0,0,3,3,53.0,0,11.2,14.2,ATL,Tyler Allgeier,11.2
00-0037263,T.Allgeier,Tyler Allgeier,RB,ATL,TEN,8,2023,0,0,0.0,0,8,31.0,0,0,0,0.0,0,3.1,3.1,ATL,Tyler Allgeier,3.1
00-0037263,T.Allgeier,Tyler Allgeier,RB,ATL,MIN,9,2023,0,0,0.0,0,12,39.0,1,2,3,-9.0,0,9.0,11.0,ATL,Tyler Allgeier,9.0
00-0037263,T.Allgeier,Tyler Allgeier,RB,ATL,ARI,10,2023,0,0,0.0,0,9,31.0,0,1,1,7.0,0,3.8,4.8,ATL,Tyler Allgeier,3.8
00-0037263,T.Allgeier,Tyler Allgeier,RB,ATL,NO,12,2023,0,0,0.0,0,10,64.0,0,0,0,0.0,0,6.4,6.4,ATL,Tyler Allgeier,6.4
00-0037263,T.Allgeier,Tyler Allgeier,RB,ATL,NYJ,13,2023,0,0,0.0,0,8,26.0,0,0,0,0.0,0,2.6,2.6,ATL,Tyler Allgeier,2.6
00-0037263,T.Allgeier,Tyler Allgeier,RB,ATL,TB,14,2023,0,0,0.0,0,9,40.0,0,0,0,0.0,0,4.0,4.0,ATL,Tyler Allgeier,4.0
00-0037263,T.Allgeier,Tyler Allgeier,RB,ATL,CAR,15,2023,0,0,0.0,0,14,45.0,0,1,1,6.0,0,5.1,6.1,ATL,Tyler Allgeier,5.1
00-0037263,T.Allgeier,Tyler Allgeier,RB,ATL,IND,16,2023,0,0,0.0,0,9,69.0,1,1,1,19.0,0,14.8,15.8,ATL,Tyler Allgeier,14.8
00-0037263,T.Allgeier,Tyler Allgeier,RB,ATL,CHI,17,2023,0,0,0.0,0,5,13.0,0,1,1,75.0,1,14.8,15.8,ATL,Tyler Allgeier,14.8
00-0037263,T.Allgeier,Tyler Allgeier,RB,ATL,NO,18,2023,0,0,0.0,0,6,24.0,0,3,3,10.0,0,3.4,6.4,ATL,Tyler Allgeier,3.4
00-0037267,J.Ford,Jerome Ford,RB,CLE,CIN,1,2023,0,0,0.0,0,15,36.0,0,0,0,0.0,0,3.6,3.6,CLE,Jerome Ford,3.6
00-0037267,J.Ford,Jerome Ford,RB,CLE,PIT,2,2023,0,0,0.0,0,16,106.0,0,3,4,25.0,1,21.1,24.1,CLE,Jerome Ford,21.1
00-0037267,J.Ford,Jerome Ford,RB,CLE,TEN,3,2023,0,0,0.0,0,10,18.0,1,2,3,33.0,1,17.1,19.1,CLE,Jerome Ford,17.1
00-0037267,J.Ford,Jerome Ford,RB,CLE,BAL,4,2023,0,0,0.0,0,9,26.0,0,5,6,19.0,0,4.5,9.5,CLE,Jerome Ford,4.5
00-0037267,J.Ford,Jerome Ford,RB,CLE,SF,6,2023,0,0,0.0,0,17,84.0,0,2,2,7.0,0,9.1,11.1,CLE,Jerome Ford,9.1
00-0037267,J.Ford,Jerome Ford,RB,CLE,IND,7,2023,0,0,0.0,0,11,74.0,1,2,4,20.0,0,15.4,17.4,CLE,Jerome Ford,15.4
00-0037267,J.Ford,Jerome Ford,RB,CLE,SEA,8,2023,0,0,0.0,0,9,37.0,0,1,2,2.0,0,3.9,4.9,CLE,Jerome Ford,3.9
00-0037267,J.Ford,Jerome Ford,RB,CLE,ARI,9,2023,0,0,0.0,0,20,44.0,0,5,7,33.0,0,7.7,12.7,CLE,Jerome Ford,7.7
00-0037267,J.Ford,Jerome Ford,RB,CLE,BAL,10,2023,0,0,0.0,0,17,107.0,0,1,1,2.0,0,10.9,11.9,CLE,Jerome Ford,10.9
00-0037267,J.Ford,Jerome Ford,RB,CLE,PIT,11,2023,0,0,0.0,0,12,31.0,1,2,5,8.0,0,9.9,11.9,CLE,Jerome Ford,9.9
00-0037267,J.Ford,Jerome Ford,RB,CLE,DEN,12,2023,0,0,0.0,0,9,65.0,0,4,7,14.0,0,7.9,11.9,CLE,Jerome Ford,7.9
00-0037267,J.Ford,Jerome Ford,RB,CLE,LA,13,2023,0,0,0.0,0,9,19.0,0,3,3,33.0,1,11.2,14.2,CLE,Jerome Ford,11.2
00-0037267,J.Ford,Jerome Ford,RB,CLE,JAX,14,2023,0,0,0.0,0,12,51.0,0,5,6,31.0,0,8.2,13.2,CLE,Jerome Ford,8.2
00-0037267,J.Ford,Jerome Ford,RB,CLE,CHI,15,2023,0,0,0.0,0,8,20.0,0,4,5,11.0,0,3.1,7.1,CLE,Jerome Ford,3.1
00-0037267,J.Ford,Jerome Ford,RB,CLE,HOU,16,2023,0,0,0.0,0,15,25.0,1,1,2,-2.0,0,8.3,9.3,CLE,Jerome Ford,8.3
00-0037267,J.Ford,Jerome Ford,RB,CLE,NYJ,17,2023,0,0,0.0,0,12,64.0,0,2,3,57.0,2,24.1,26.1,CLE,Jerome Ford,24.1
00-0037267,J.Ford,Jerome Ford,RB,CLE,CIN,18,2023,0,0,0.0,0,3,6.0,0,2,3,26.0,0,3.2,5.2,CLE,Jerome Ford,3.2
00-0037267,J.Ford,Jerome Ford,RB,CLE,HOU,19,2023,0,0,0.0,0,9,17.0,0,4,4,15.0,0,3.2,7.2,CLE,Jerome Ford,3.2
00-0037273,K.Philips,Kyle Philips,WR,TEN,IND,5,2023,0,0,0.0,0,0,0.0,0,0,1,0.0,0,0.0,0.0,TEN,Kyle Philips,0.0
00-0037273,K.Philips,Kyle Philips,WR,TEN,BAL,6,2023,0,0,0.0,0,0,0.0,0,1,2,6.0,0,0.6,1.6,TEN,Kyle Philips,0.6
00-0037273,K.Philips,Kyle Philips,WR,TEN,ATL,8,2023,0,0,0.0,0,0,0.0,0,3,3,24.0,0,2.4,5.4,TEN,Kyle Philips,2.4
00-0037273,K.Philips,Kyle Philips,WR,TEN,PIT,9,2023,0,0,0.0,0,0,0.0,0,4,5,68.0,0,6.8,10.8,TEN,Kyle Philips,6.8
00-0037273,K.Philips,Kyle Philips,WR,TEN,TB,10,2023,0,0,0.0,0,0,0.0,0,3,5,61.0,0,6.1,9.1,TEN,Kyle Philips,6.1
00-0037273,K.Philips,Kyle Philips,WR,TEN,JAX,11,2023,0,0,0.0,0,0,0.0,0,1,1,10.0,0,1.0,2.0,TEN,Kyle Philips,1.0
00-0037273,K.Philips,Kyle Philips,WR,TEN,CAR,12,2023,0,0,0.0,0,0,0.0,0,1,2,-3.0,0,-0.3,0.7,TEN,Kyle Philips,-0.3
00-0037273,K.Philips,Kyle Philips,WR,TEN,JAX,18,2023,0,0,0.0,0,0,0.0,0,2,3,15.0,0,1.5,3.5,TEN,Kyle Philips,1.5
00-0037276,T.Chandler,Ty Chandler,RB,MIN,TB,1,2023,0,0,0.0,0,3,0.0,0,1,1,18.0,0,1.8,2.8,MIN,Ty Chandler,1.8
00-0037276,T.Chandler,Ty Chandler,RB,MIN,PHI,2,2023,0,0,0.0,0,1,0.0,0,2,2,9.0,0,0.9,2.9,MIN,Ty Chandler,0.9
00-0037276,T.Chandler,Ty Chandler,RB,MIN,LAC,3,2023,0,0,0.0,0,3,27.0,0,1,2,4.0,0,3.1,4.1,MIN,Ty Chandler,3.1
00-0037276,T.Chandler,Ty Chandler,RB,MIN,KC,5,2023,0,0,0.0,0,1,15.0,0,0,0,0.0,0,1.5,1.5,MIN,Ty Chandler,1.5
00-0037276,T.Chandler,Ty Chandler,RB,MIN,SF,7,2023,0,0,0.0,0,0,0.0,0,1,1,12.0,0,1.2,2.2,MIN,Ty Chandler,1.2
00-0037276,T.Chandler,Ty Chandler,RB,MIN,NO,10,2023,0,0,0.0,0,15,45.0,1,0,0,0.0,0,10.5,10.5,MIN,Ty Chandler,10.5
00-0037276,T.Chandler,Ty Chandler,RB,MIN,DEN,11,2023,0,0,0.0,0,10,73.0,0,4,4,37.0,0,11.0,15.0,MIN,Ty Chandler,11.0
00-0037276,T.Chandler,Ty Chandler,RB,MIN,CHI,12,2023,0,0,0.0,0,4,8.0,0,1,2,3.0,0,1.1,2.1,MIN,Ty Chandler,1.1
00-0037276,T.Chandler,Ty Chandler,RB,MIN,LV,14,2023,0,0,0.0,0,12,35.0,0,3,3,7.0,0,4.2,7.2,MIN,Ty Chandler,4.2
00-0037276,T.Chandler,Ty Chandler,RB,MIN,CIN,15,2023,0,0,0.0,0,23,132.0,1,3,4,25.0,0,21.7,24.7,MIN,Ty Chandler,21.7
00-0037276,T.Chandler,Ty Chandler,RB,MIN,DET,16,2023,0,0,0.0,0,8,17.0,1,0,0,0.0,0,7.7,7.7,MIN,Ty Chandler,7.7
00-0037276,T.Chandler,Ty Chandler,RB,MIN,GB,17,2023,0,0,0.0,0,10,40.0,0,3,3,24.0,0,6.4,9.4,MIN,Ty Chandler,6.4
00-0037276,T.Chandler,Ty Chandler,RB,MIN,DET,18,2023,0,0,0.0,0,12,69.0,0,2,3,20.0,0,8.9,10.9,MIN,Ty Chandler,8.9
00-0037277,T.Quitoriano,Teagan Quitoriano,TE,HOU,BAL,1,2023,0,0,0.0,0,0,0.0,0,1,1,11.0,0,1.1,2.1,HOU,Teagan Quitoriano,1.1
00-0037277,T.Quitoriano,Teagan Quitoriano,TE,HOU,JAX,3,2023,0,0,0.0,0,0,0.0,0,0,1,0.0,0,0.0,0.0,HOU,Teagan Quitoriano,0.0
00-0037277,T.Quitoriano,Teagan Quitoriano,TE,HOU,ATL,5,2023,0,0,0.0,0,0,0.0,0,1,1,22.0,0,2.2,3.2,HOU,Teagan Quitoriano,2.2
00-0037282,J.Mitchell,James Mitchell,TE,DET,DAL,17,2023,0,0,0.0,0,0,0.0,0,1,1,4.0,0,0.4,1.4,DET,James Mitchell,0.4
00-0037282,J.Mitchell,James Mitchell,TE,DET,MIN,18,2023,0,0,0.0,0,0,0.0,0,1,1,24.0,0,2.4,3.4,DET,James Mitchell,2.4
00-0037286,K.Harris,Kevin Harris,RB,NE,KC,15,2023,0,0,0.0,0,4,25.0,1,0,0,0.0,0,8.5,8.5,NE,Kevin Harris,8.5
00-0037286,K.Harris,Kevin Harris,RB,NE,DEN,16,2023,0,0,0.0,0,7,21.0,0,0,0,0.0,0,2.1,2.1,NE,Kevin Harris,2.1
00-0037286,K.Harris,Kevin Harris,RB,NE,BUF,17,2023,0,0,0.0,0,2,15.0,0,2,2,54.0,0,6.9,8.9,NE,Kevin Harris,6.9
00-0037286,K.Harris,Kevin Harris,RB,NE,NYJ,18,2023,0,0,0.0,0,3,4.0,0,1,1,4.0,0,0.8,1.8,NE,Kevin Harris,0.8
00-0037289,M.Rodriguez,Malcolm Rodriguez,ILB,DET,GB,12,2023,0,0,0.0,0,0,0.0,0,1,1,6.0,0,0.6,1.6,DET,Malcolm Rodriguez,0.6
00-0037291,J.Nailor,Jalen Nailor,WR,MIN,NO,10,2023,0,0,0.0,0,0,0.0,0,1,1,16.0,0,1.6,2.6,MIN,Jalen Nailor,1.6
00-0037291,J.Nailor,Jalen Nailor,WR,MIN,LV,14,2023,0,0,0.0,0,0,0.0,0,2,5,13.0,0,1.3,3.3,MIN,Jalen Nailor,1.3
00-0037292,A.Ogletree,Andrew Ogletree,TE,IND,JAX,1,2023,0,0,0.0,0,0,0.0,0,1,2,20.0,0,2.0,3.0,IND,Andrew Ogletree,2.0
00-0037292,A.Ogletree,Andrew Ogletree,TE,IND,BAL,3,2023,0,0,0.0,0,0,0.0,0,1,2,11.0,0,1.1,2.1,IND,Andrew Ogletree,1.1
00-0037292,A.Ogletree,Andrew Ogletree,TE,IND,LA,4,2023,0,0,0.0,0,0,0.0,0,3,4,48.0,1,10.8,13.8,IND,Andrew Ogletree,10.8
00-0037292,A.Ogletree,Andrew Ogletree,TE,IND,TEN,5,2023,0,0,0.0,0,0,0.0,0,2,2,16.0,0,1.6,3.6,IND,Andrew Ogletree,1.6
00-0037292,A.Ogletree,Andrew Ogletree,TE,IND,JAX,6,2023,0,0,0.0,0,0,0.0,0,0,1,0.0,0,0.0,0.0,IND,Andrew Ogletree,0.0
00-0037292,A.Ogletree,Andrew Ogletree,TE,IND,NO,8,2023,0,0,0.0,0,0,0.0,0,1,3,33.0,1,9.3,10.3,IND,Andrew Ogletree,9.3
00-0037292,A.Ogletree,Andrew Ogletree,TE,IND,CAR,9,2023,0,0,0.0,0,0,0.0,0,1,3,19.0,0,1.9,2.9,IND,Andrew Ogletree,1.9
00-0037292,A.Ogletree,Andrew Ogletree,TE,IND,TEN,13,2023,0,0,0.0,0,0,0.0,0,0,1,0.0,0,0.0,0.0,IND,Andrew Ogletree,0.0
00-0037292,A.Ogletree,Andrew Ogletree,TE,IND,CIN,14,2023,0,0,0.0,0,0,0.0,0,0,2,0.0,0,0.0,0.0,IND,Andrew Ogletree,0.0
00-0037292,A.Ogletree,Andrew Ogletree,TE,IND,PIT,15,2023,0,0,0.0,0,0,0.0,0,0,1,0.0,0,0.0,0.0,IND,Andrew Ogletree,0.0
00-0037299,K.Ingram,Keaontay Ingram,RB,ARI,WAS,1,2023,0,0,0.0,0,5,-4.0,0,0,0,0.0,0,-0.4,-0.4,ARI,Keaontay Ingram,-0.4
00-0037299,K.Ingram,Keaontay Ingram,RB,ARI,NYG,2,2023,0,0,0.0,0,2,6.0,0,0,0,0.0,0,0.6,0.6,ARI,Keaontay Ingram,0.6
00-0037299,K.Ingram,Keaontay Ingram,RB,ARI,DAL,3,2023,0,0,0.0,0,5,13.0,0,1,1,8.0,0,2.1,3.1,ARI,Keaontay Ingram,2.1
00-0037299,K.Ingram,Keaontay Ingram,RB,ARI,LA,6,2023,0,0,0.0,0,10,40.0,0,2,2,11.0,0,5.1,7.1,ARI,Keaontay Ingram,5.1
00-0037299,K.Ingram,Keaontay Ingram,RB,ARI,BAL,8,2023,0,0,0.0,0,2,9.0,0,1,1,7.0,0,1.6,2.6,ARI,Keaontay Ingram,1.6
00-0037299,K.Ingram,Keaontay Ingram,RB,ARI,CLE,9,2023,0,0,0.0,0,9,8.0,0,0,0,0.0,0,0.8,0.8,ARI,Keaontay Ingram,0.8
00-0037299,K.Ingram,Keaontay Ingram,RB,ARI,ATL,10,2023,0,0,0.0,0,2,2.0,0,0,0,0.0,0,0.2,0.2,ARI,Keaontay Ingram,0.2
00-0037304,C.Heyward,Connor Heyward,TE,PIT,SF,1,2023,0,0,0.0,0,0,0.0,0,2,4,19.0,0,1.9,3.9,PIT,Connor Heyward,1.9
00-0037304,C.Heyward,Connor Heyward,TE,PIT,LV,3,2023,0,0,0.0,0,1,0.0,0,0,2,0.0,0,0.0,0.0,PIT,Connor Heyward,0.0
00-0037304,C.Heyward,Connor Heyward,TE,PIT,BAL,5,2023,0,0,0.0,0,0,0.0,0,3,4,23.0,0,2.3,5.3,PIT,Connor Heyward,2.3
00-0037304,C.Heyward,Connor Heyward,TE,PIT,LA,7,2023,0,0,0.0,0,0,0.0,0,2,3,23.0,0,2.3,4.3,PIT,Connor Heyward,2.3
00-0037304,C.Heyward,Connor Heyward,TE,PIT,JAX,8,2023,0,0,0.0,0,0,0.0,0,5,6,24.0,0,2.4,7.4,PIT,Connor Heyward,2.4
00-0037304,C.Heyward,Connor Heyward,TE,PIT,TEN,9,2023,0,0,0.0,0,0,0.0,0,2,3,16.0,0,1.6,3.6,PIT,Connor Heyward,1.6
00-0037304,C.Heyward,Connor Heyward,TE,PIT,GB,10,2023,0,0,0.0,0,0,0.0,0,3,4,32.0,0,3.2,6.2,PIT,Connor Heyward,3.2
00-0037304,C.Heyward,Connor Heyward,TE,PIT,CIN,12,2023,0,0,0.0,0,0,0.0,0,2,2,11.0,0,1.1,3.1,PIT,Connor Heyward,1.1
00-0037304,C.Heyward,Connor Heyward,TE,PIT,ARI,13,2023,0,0,0.0,0,0,0.0,0,0,2,0.0,0,0.0,0.0,PIT,Connor Heyward,0.0
00-0037304,C.Heyward,Connor Heyward,TE,PIT,NE,14,2023,0,1,0.0,0,0,0.0,0,2,2,15.0,0,1.5,3.5,PIT,Connor Heyward,1.5
00-0037304,C.Heyward,Connor Heyward,TE,PIT,BAL,18,2023,0,0,0.0,0,0,0.0,0,2,2,4.0,0,0.4,2.4,PIT,Connor Heyward,0.4
00-0037304,C.Heyward,Connor Heyward,TE,PIT,BUF,19,2023,0,0,0.0,0,0,0.0,0,1,1,5.0,0,0.5,1.5,PIT,Connor Heyward,0.5
00-0037306,J.FitzPatrick,John FitzPatrick,TE,ATL,NO,18,2023,0,0,0.0,0,0,0.0,0,1,1,12.0,0,1.2,2.2,ATL,John FitzPatrick,1.2
00-0037311,K.Kieft,Ko Kieft,TE,TB,MIN,1,2023,0,0,0.0,0,0,0.0,0,0,3,0.0,0,0.0,0.0,TB,Ko Kieft,0.0
00-0037311,K.Kieft,Ko Kieft,TE,TB,ATL,14,2023,0,0,0.0,0,0,0.0,0,0,1,0.0,0,0.0,0.0,TB,Ko Kieft,0.0
00-0037311,K.Kieft,Ko Kieft,TE,TB,GB,15,2023,0,0,0.0,0,0,0.0,0,1,1,2.0,1,6.2,7.2,TB,Ko Kieft,6.2
00-0037317,N.Muse,Nick Muse,TE,MIN,DET,18,2023,0,0,0.0,0,0,0.0,0,1,1,22.0,0,2.2,3.2,MIN,Nick Muse,2.2
00-0037382,B.Johnson,Brandon Johnson,WR,DEN,LV,1,2023,0,0,0.0,0,0,0.0,0,2,3,31.0,0,3.1,5.1,DEN,Brandon Johnson,3.1
00-0037382,B.Johnson,Brandon Johnson,WR,DEN,WAS,2,2023,0,0,0.0,0,0,0.0,0,2,3,66.0,2,18.6,20.6,DEN,Brandon Johnson,18.6
00-0037382,B.Johnson,Brandon Johnson,WR,DEN,MIA,3,2023,0,0,0.0,0,0,0.0,0,2,3,12.0,0,1.2,3.2,DEN,Brandon Johnson,1.2
00-0037382,B.Johnson,Brandon Johnson,WR,DEN,CHI,4,2023,0,0,0.0,0,0,0.0,0,1,1,4.0,1,6.4,7.4,DEN,Brandon Johnson,6.4
00-0037382,B.Johnson,Brandon Johnson,WR,DEN,NYJ,5,2023,0,0,0.0,0,0,0.0,0,1,1,9.0,0,0.9,1.9,DEN,Brandon Johnson,0.9
00-0037382,B.Johnson,Brandon Johnson,WR,DEN,KC,6,2023,0,0,0.0,0,0,0.0,0,0,2,0.0,0,0.0,0.0,DEN,Brandon Johnson,0.0
00-0037382,B.Johnson,Brandon Johnson,WR,DEN,DET,15,2023,0,0,0.0,0,0,0.0,0,0,1,0.0,0,0.0,0.0,DEN,Brandon Johnson,0.0
00-0037382,B.Johnson,Brandon Johnson,WR,DEN,NE,16,2023,0,0,0.0,0,0,0.0,0,3,5,47.0,1,12.7,15.7,DEN,Brandon Johnson,12.7
00-0037382,B.Johnson,Brandon Johnson,WR,DEN,LAC,17,2023,0,0,0.0,0,0,0.0,0,4,6,27.0,0,2.7,6.7,DEN,Brandon Johnson,2.7
00-0037382,B.Johnson,Brandon Johnson,WR,DEN,LV,18,2023,0,0,0.0,0,0,0.0,0,4,5,88.0,0,8.8,12.8,DEN,Brandon Johnson,8.8
00-0037410,J.Corbin,Jashaun Corbin,RB,NYG,DAL,10,2023,0,0,0.0,0,1,1.0,0,3,3,12.0,0,1.3,4.3,NYG,Jashaun Corbin,1.3
00-0037420,K.Lassiter,Kwamie Lassiter,WR,CIN,ARI,5,2023,0,0,0.0,0,0,0.0,0,1,1,2.0,0,0.2,1.2,CIN,Kwamie Lassiter,0.2
00-0037429,R.Blackshear,Raheem Blackshear,RB,CAR,MIA,6,2023,0,0,0.0,0,5,18.0,0,1,1,4.0,0,2.2,3.2,CAR,Raheem Blackshear,2.2
00-0037429,R.Blackshear,Raheem Blackshear,RB,CAR,HOU,8,2023,0,0,0.0,0,3,5.0,0,2,2,26.0,0,3.1,5.1,CAR,Raheem Blackshear,3.1
00-0037429,R.Blackshear,Raheem Blackshear,RB,CAR,IND,9,2023,0,0,0.0,0,1,0.0,0,1,1,5.0,0,0.5,1.5,CAR,Raheem Blackshear,0.5
00-0037429,R.Blackshear,Raheem Blackshear,RB,CAR,CHI,10,2023,0,0,0.0,0,2,7.0,0,1,1,6.0,0,1.3,2.3,CAR,Raheem Blackshear,1.3
00-0037429,R.Blackshear,Raheem Blackshear,RB,CAR,TB,13,2023,0,0,0.0,0,1,6.0,0,0,0,0.0,0,0.6,0.6,CAR,Raheem Blackshear,0.6
00-0037429,R.Blackshear,Raheem Blackshear,RB,CAR,NO,14,2023,0,0,0.0,0,1,4.0,0,1,2,4.0,0,0.8,1.8,CAR,Raheem Blackshear,0.8
00-0037429,R.Blackshear,Raheem Blackshear,RB,CAR,GB,16,2023,0,0,0.0,0,0,0.0,0,0,0,0.0,0,2.0,2.0,CAR,Raheem Blackshear,2.0
00-0037429,R.Blackshear,Raheem Blackshear,RB,CAR,TB,18,2023,0,0,0.0,0,1,6.0,0,0,0,0.0,0,0.6,0.6,CAR,Raheem Blackshear,0.6
00-0037451,R.Williams,Rod Williams,TE,PIT,JAX,8,2023,0,0,0.0,0,0,0.0,0,0,2,0.0,0,0.0,0.0,PIT,Rod Williams,0.0
00-0037475,S.Smartt,Stone Smartt,TE,LAC,TEN,2,2023,0,0,0.0,0,0,0.0,0,1,1,24.0,0,2.4,3.4,LAC,Stone Smartt,2.4
00-0037475,S.Smartt,Stone Smartt,TE,LAC,LV,4,2023,0,0,0.0,0,0,0.0,0,0,1,0.0,0,0.0,0.0,LAC,Stone Smartt,0.0
00-0037475,S.Smartt,Stone Smartt,TE,LAC,KC,7,2023,0,0,0.0,0,0,0.0,0,1,1,5.0,0,0.5,1.5,LAC,Stone Smartt,0.5
00-0037475,S.Smartt,Stone Smartt,TE,LAC,NYJ,9,2023,0,0,0.0,0,0,0.0,0,0,1,0.0,0,0.0,0.0,LAC,Stone Smartt,0.0
00-0037475,S.Smartt,Stone Smartt,TE,LAC,DET,10,2023,0,0,0.0,0,0,0.0,0,0,3,0.0,0,0.0,0.0,LAC,Stone Smartt,0.0
00-0037475,S.Smartt,Stone Smartt,TE,LAC,GB,11,2023,0,0,0.0,0,0,0.0,0,1,3,51.0,1,11.1,12.1,LAC,Stone Smartt,11.1
00-0037475,S.Smartt,Stone Smartt,TE,LAC,BAL,12,2023,0,0,0.0,0,0,0.0,0,0,1,0.0,0,0.0,0.0,LAC,Stone Smartt,0.0
00-0037475,S.Smartt,Stone Smartt,TE,LAC,NE,13,2023,0,0,0.0,0,0,0.0,0,0,1,0.0,0,0.0,0.0,LAC,Stone Smartt,0.0
00-0037475,S.Smartt,Stone Smartt,TE,LAC,LV,15,2023,0,0,0.0,0,0,0.0,0,3,3,15.0,0,1.5,4.5,LAC,Stone Smartt,1.5
00-0037475,S.Smartt,Stone Smartt,TE,LAC,BUF,16,2023,0,0,0.0,0,0,0.0,0,1,1,23.0,0,2.3,3.3,LAC,Stone Smartt,2.3
00-0037475,S.Smartt,Stone Smartt,TE,LAC,DEN,17,2023,0,0,0.0,0,0,0.0,0,2,2,23.0,0,2.3,4.3,LAC,Stone Smartt,2.3
00-0037475,S.Smartt,Stone Smartt,TE,LAC,KC,18,2023,0,0,0.0,0,0,0.0,0,2,3,14.0,0,1.4,3.4,LAC,Stone Smartt,1.4
00-0037487,D.Thompkins,Deven Thompkins,WR,TB,MIN,1,2023,0,0,0.0,0,0,0.0,0,2,3,10.0,0,1.0,3.0,TB,Deven Thompkins,1.0
00-0037487,D.Thompkins,Deven Thompkins,WR,TB,CHI,2,2023,0,0,0.0,0,1,11.0,0,0,0,0.0,0,1.1,1.1,TB,Deven Thompkins,1.1
00-0037487,D.Thompkins,Deven Thompkins,WR,TB,PHI,3,2023,0,0,0.0,0,0,0.0,0,2,4,6.0,0,0.6,2.6,TB,Deven Thompkins,0.6
00-0037487,D.Thompkins,Deven Thompkins,WR,TB,NO,4,2023,0,0,0.0,0,1,11.0,0,4,4,45.0,1,11.6,15.6,TB,Deven Thompkins,11.6
00-0037487,D.Thompkins,Deven Thompkins,WR,TB,DET,6,2023,0,0,0.0,0,1,5.0,0,2,4,-2.0,0,0.3,2.3,TB,Deven Thompkins,0.3
00-0037487,D.Thompkins,Deven Thompkins,WR,TB,ATL,7,2023,0,0,0.0,0,0,0.0,0,3,3,14.0,0,-0.6,2.4,TB,Deven Thompkins,-0.6
00-0037487,D.Thompkins,Deven Thompkins,WR,TB,TEN,10,2023,0,0,0.0,0,1,6.0,0,1,2,5.0,0,1.1,2.1,TB,Deven Thompkins,1.1
00-0037487,D.Thompkins,Deven Thompkins,WR,TB,SF,11,2023,0,0,0.0,0,1,17.0,0,0,1,0.0,0,1.7,1.7,TB,Deven Thompkins,1.7
00-0037487,D.Thompkins,Deven Thompkins,WR,TB,CAR,13,2023,0,0,0.0,0,2,7.0,0,1,1,4.0,0,1.1,2.1,TB,Deven Thompkins,1.1
00-0037487,D.Thompkins,Deven Thompkins,WR,TB,GB,15,2023,0,0,0.0,0,1,-1.0,0,0,0,0.0,0,-0.1,-0.1,TB,Deven Thompkins,-0.1
00-0037487,D.Thompkins,Deven Thompkins,WR,TB,NO,17,2023,0,0,0.0,0,0,0.0,0,1,2,0.0,0,0.0,1.0,TB,Deven Thompkins,0.0
00-0037487,D.Thompkins,Deven Thompkins,WR,TB,CAR,18,2023,0,0,0.0,0,0,0.0,0,1,1,1.0,0,0.1,1.1,TB,Deven Thompkins,0.1
00-0037487,D.Thompkins,Deven Thompkins,WR,TB,PHI,19,2023,0,0,0.0,0,1,10.0,0,1,1,4.0,0,1.4,2.4,TB,Deven Thompkins,1.4
00-0037487,D.Thompkins,Deven Thompkins,WR,TB,DET,20,2023,0,0,0.0,0,0,0.0,0,0,1,0.0,0,0.0,0.0,TB,Deven Thompkins,0.0
00-0037506,C.Fotheringham,Cole Fotheringham,TE,LV,KC,16,2023,0,0,0.0,0,0,0.0,0,1,1,6.0,0,0.6,1.6,LV,Cole Fotheringham,0.6
00-0037525,J.Mason,Jordan Mason,RB,SF,NYG,3,2023,0,0,0.0,0,3,11.0,0,0,0,0.0,0,1.1,1.1,SF,Jordan Mason,1.1
00-0037525,J.Mason,Jordan Mason,RB,SF,ARI,4,2023,0,0,0.0,0,3,10.0,0,1,1,13.0,0,2.3,3.3,SF,Jordan Mason,2.3
00-0037525,J.Mason,Jordan Mason,RB,SF,DAL,5,2023,0,0,0.0,0,10,69.0,1,0,1,0.0,0,12.9,12.9,SF,Jordan Mason,12.9
00-0037525,J.Mason,Jordan Mason,RB,SF,CLE,6,2023,0,0,0.0,0,5,27.0,1,0,0,0.0,0,8.7,8.7,SF,Jordan Mason,8.7
00-0037525,J.Mason,Jordan Mason,RB,SF,PHI,13,2023,0,0,0.0,0,2,10.0,0,0,0,0.0,0,1.0,1.0,SF,Jordan Mason,1.0
00-0037525,J.Mason,Jordan Mason,RB,SF,SEA,14,2023,0,0,0.0,0,4,20.0,1,1,1,6.0,0,8.6,9.6,SF,Jordan Mason,8.6
00-0037525,J.Mason,Jordan Mason,RB,SF,ARI,15,2023,0,0,0.0,0,5,20.0,0,0,0,0.0,0,2.0,2.0,SF,Jordan Mason,2.0
00-0037525,J.Mason,Jordan Mason,RB,SF,WAS,17,2023,0,0,0.0,0,2,3.0,0,0,0,0.0,0,0.3,0.3,SF,Jordan Mason,0.3
00-0037525,J.Mason,Jordan Mason,RB,SF,LA,18,2023,0,0,0.0,0,6,36.0,0,1,1,12.0,0,4.8,5.8,SF,Jordan Mason,4.8
00-0037539,L.Krull,Lucas Krull,TE,DEN,BUF,10,2023,0,0,0.0,0,0,0.0,0,0,1,0.0,0,0.0,0.0,DEN,Lucas Krull,0.0
00-0037539,L.Krull,Lucas Krull,TE,DEN,HOU,13,2023,0,0,0.0,0,0,0.0,0,0,1,0.0,0,0.0,0.0,DEN,Lucas Krull,0.0
00-0037539,L.Krull,Lucas Krull,TE,DEN,LAC,14,2023,0,0,0.0,0,0,0.0,0,1,1,35.0,0,3.5,4.5,DEN,Lucas Krull,3.5
00-0037539,L.Krull,Lucas Krull,TE,DEN,DET,15,2023,0,0,0.0,0,0,0.0,0,1,3,18.0,0,1.8,2.8,DEN,Lucas Krull,1.8
00-0037539,L.Krull,Lucas Krull,TE,DEN,NE,16,2023,0,0,0.0,0,0,0.0,0,4,5,28.0,1,8.8,12.8,DEN,Lucas Krull,8.8
00-0037539,L.Krull,Lucas Krull,TE,DEN,LAC,17,2023,0,0,0.0,0,0,0.0,0,2,2,14.0,0,1.4,3.4,DEN,Lucas Krull,1.4
00-0037539,L.Krull,Lucas Krull,TE,DEN,LV,18,2023,0,0,0.0,0,0,0.0,0,0,1,0.0,0,0.0,0.0,DEN,Lucas Krull,0.0
00-0037545,R.Shaheed,Rashid Shaheed,WR,NO,TEN,1,2023,0,0,0.0,0,2,11.0,0,5,6,89.0,1,16.0,21.0,NO,Rashid Shaheed,16.0
00-0037545,R.Shaheed,Rashid Shaheed,WR,NO,CAR,2,2023,0,0,0.0,0,0,0.0,0,4,4,63.0,0,6.3,10.3,NO,Rashid Shaheed,6.3
00-0037545,R.Shaheed,Rashid Shaheed,WR,NO,GB,3,2023,0,0,0.0,0,1,0.0,0,0,2,0.0,0,6.0,6.0,NO,Rashid Shaheed,6.0
00-0037545,R.Shaheed,Rashid Shaheed,WR,NO,TB,4,2023,0,0,0.0,0,0,0.0,0,3,7,33.0,0,3.3,6.3,NO,Rashid Shaheed,3.3
00-0037545,R.Shaheed,Rashid Shaheed,WR,NO,NE,5,2023,0,0,0.0,0,0,0.0,0,2,2,28.0,0,2.8,4.8,NO,Rashid Shaheed,2.8
00-0037545,R.Shaheed,Rashid Shaheed,WR,NO,HOU,6,2023,0,0,0.0,0,2,18.0,0,2,6,85.0,1,16.3,18.3,NO,Rashid Shaheed,16.3
00-0037545,R.Shaheed,Rashid Shaheed,WR,NO,JAX,7,2023,0,0,0.0,0,1,4.0,0,4,8,28.0,0,3.2,7.2,NO,Rashid Shaheed,3.2
00-0037545,R.Shaheed,Rashid Shaheed,WR,NO,IND,8,2023,0,0,0.0,0,0,0.0,0,3,3,153.0,1,21.3,24.3,NO,Rashid Shaheed,21.3
00-0037545,R.Shaheed,Rashid Shaheed,WR,NO,CHI,9,2023,0,0,0.0,0,0,0.0,0,3,3,22.0,0,2.2,5.2,NO,Rashid Shaheed,2.2
00-0037545,R.Shaheed,Rashid Shaheed,WR,NO,MIN,10,2023,0,0,0.0,0,0,0.0,0,5,9,24.0,0,2.4,7.4,NO,Rashid Shaheed,2.4
00-0037545,R.Shaheed,Rashid Shaheed,WR,NO,ATL,12,2023,0,0,0.0,0,0,0.0,0,2,5,9.0,0,0.9,2.9,NO,Rashid Shaheed,0.9
00-0037545,R.Shaheed,Rashid Shaheed,WR,NO,NYG,15,2023,0,0,0.0,0,0,0.0,0,3,4,36.0,0,3.6,6.6,NO,Rashid Shaheed,3.6
00-0037545,R.Shaheed,Rashid Shaheed,WR,NO,LA,16,2023,0,0,0.0,0,1,4.0,0,5,9,70.0,1,13.4,18.4,NO,Rashid Shaheed,13.4
00-0037545,R.Shaheed,Rashid Shaheed,WR,NO,TB,17,2023,0,0,0.0,0,0,0.0,0,2,3,14.0,0,1.4,3.4,NO,Rashid Shaheed,1.4
00-0037545,R.Shaheed,Rashid Shaheed,WR,NO,ATL,18,2023,0,0,0.0,0,0,0.0,0,3,4,65.0,1,12.5,15.5,NO,Rashid Shaheed,12.5
00-0037557,R.Rivers,Ronnie Rivers,RB,LA,SF,2,2023,0,0,0.0,0,0,0.0,0,1,1,4.0,0,0.4,1.4,LA,Ronnie Rivers,0.4
00-0037557,R.Rivers,Ronnie Rivers,RB,LA,IND,4,2023,0,0,0.0,0,9,47.0,0,2,2,10.0,0,5.7,7.7,LA,Ronnie Rivers,5.7
00-0037557,R.Rivers,Ronnie Rivers,RB,LA,PHI,5,2023,0,0,0.0,0,1,1.0,0,0,0,0.0,0,0.1,0.1,LA,Ronnie Rivers,0.1
00-0037557,R.Rivers,Ronnie Rivers,RB,LA,ARI,6,2023,0,0,0.0,0,3,9.0,0,1,1,4.0,0,1.3,2.3,LA,Ronnie Rivers,1.3
00-0037557,R.Rivers,Ronnie Rivers,RB,LA,NO,16,2023,0,0,0.0,0,6,20.0,0,0,0,0.0,0,2.0,2.0,LA,Ronnie Rivers,2.0
00-0037557,R.Rivers,Ronnie Rivers,RB,LA,NYG,17,2023,0,0,0.0,0,0,0.0,0,1,1,4.0,0,0.4,1.4,LA,Ronnie Rivers,0.4
00-0037557,R.Rivers,Ronnie Rivers,RB,LA,SF,18,2023,0,0,0.0,0,13,52.0,0,0,0,0.0,0,5.2,5.2,LA,Ronnie Rivers,5.2
00-0037557,R.Rivers,Ronnie Rivers,RB,LA,DET,19,2023,0,0,0.0,0,3,9.0,0,3,3,35.0,0,4.4,7.4,LA,Ronnie Rivers,4.4
00-0037569,P.Hendershot,Peyton Hendershot,TE,DAL,NYG,1,2023,0,0,0.0,0,0,0.0,0,0,1,0.0,0,0.0,0.0,DAL,Peyton Hendershot,0.0
00-0037569,P.Hendershot,Peyton Hendershot,TE,DAL,NYJ,2,2023,0,0,0.0,0,1,0.0,0,0,0,0.0,0,0.0,0.0,DAL,Peyton Hendershot,0.0
00-0037569,P.Hendershot,Peyton Hendershot,TE,DAL,ARI,3,2023,0,0,0.0,0,0,0.0,0,1,1,3.0,0,0.3,1.3,DAL,Peyton Hendershot,0.3
00-0037569,P.Hendershot,Peyton Hendershot,TE,DAL,BUF,15,2023,0,0,0.0,0,0,0.0,0,1,1,5.0,0,0.5,1.5,DAL,Peyton Hendershot,0.5
00-0037569,P.Hendershot,Peyton Hendershot,TE,DAL,MIA,16,2023,0,0,0.0,0,0,0.0,0,0,2,0.0,0,0.0,0.0,DAL,Peyton Hendershot,0.0
00-0037569,P.Hendershot,Peyton Hendershot,TE,DAL,DET,17,2023,0,0,0.0,0,0,0.0,0,1,1,6.0,0,0.6,1.6,DAL,Peyton Hendershot,0.6
00-0037569,P.Hendershot,Peyton Hendershot,TE,DAL,WAS,18,2023,0,0,0.0,0,0,0.0,0,1,1,24.0,0,2.4,3.4,DAL,Peyton Hendershot,2.4
00-0037607,R.Stonehouse,Ryan Stonehouse,P,TEN,IND,13,2023,0,0,0.0,0,1,-11.0,0,0,0,0.0,0,-3.1,-3.1,TEN,Ryan Stonehouse,-3.1
00-0037614,J.Metchie,John Metchie III,WR,HOU,IND,2,2023,0,0,0.0,0,0,0.0,0,1,1,17.0,0,1.7,2.7,HOU,John Metchie III,1.7
00-0037614,J.Metchie,John Metchie III,WR,HOU,JAX,3,2023,0,0,0.0,0,0,0.0,0,2,2,13.0,0,1.3,3.3,HOU,John Metchie III,1.3
00-0037614,J.Metchie,John Metchie III,WR,HOU,PIT,4,2023,0,0,0.0,0,0,0.0,0,1,2,22.0,0,2.2,3.2,HOU,John Metchie III,2.2
00-0037614,J.Metchie,John Metchie III,WR,HOU,ATL,5,2023,0,0,0.0,0,0,0.0,0,2,2,20.0,0,2.0,4.0,HOU,John Metchie III,2.0
00-0037614,J.Metchie,John Metchie III,WR,HOU,TB,9,2023,0,0,0.0,0,0,0.0,0,1,1,14.0,0,1.4,2.4,HOU,John Metchie III,1.4
00-0037614,J.Metchie,John Metchie III,WR,HOU,CIN,10,2023,0,0,0.0,0,0,0.0,0,2,2,25.0,0,2.5,4.5,HOU,John Metchie III,2.5
00-0037614,J.Metchie,John Metchie III,WR,HOU,ARI,11,2023,0,0,0.0,0,0,0.0,0,1,1,12.0,0,1.2,2.2,HOU,John Metchie III,1.2
00-0037614,J.Metchie,John Metchie III,WR,HOU,JAX,12,2023,0,0,0.0,0,0,0.0,0,1,2,6.0,0,0.6,1.6,HOU,John Metchie III,0.6
00-0037614,J.Metchie,John Metchie III,WR,HOU,DEN,13,2023,0,0,0.0,0,0,0.0,0,1,3,9.0,0,0.9,1.9,HOU,John Metchie III,0.9
00-0037614,J.Metchie,John Metchie III,WR,HOU,NYJ,14,2023,0,0,0.0,0,0,0.0,0,1,5,6.0,0,0.6,1.6,HOU,John Metchie III,0.6
00-0037614,J.Metchie,John Metchie III,WR,HOU,TEN,15,2023,0,0,0.0,0,0,0.0,0,1,1,1.0,0,0.1,1.1,HOU,John Metchie III,0.1
00-0037614,J.Metchie,John Metchie III,WR,HOU,CLE,16,2023,0,0,0.0,0,0,0.0,0,0,3,0.0,0,0.0,0.0,HOU,John Metchie III,0.0
00-0037614,J.Metchie,John Metchie III,WR,HOU,TEN,17,2023,0,0,0.0,0,1,4.0,0,1,3,8.0,0,1.2,2.2,HOU,John Metchie III,1.2
00-0037614,J.Metchie,John Metchie III,WR,HOU,IND,18,2023,0,0,0.0,0,0,0.0,0,1,2,5.0,0,0.5,1.5,HOU,John Metchie III,0.5
00-0037614,J.Metchie,John Metchie III,WR,HOU,CLE,19,2023,0,0,0.0,0,1,9.0,0,3,3,44.0,0,5.3,8.3,HOU,John Metchie III,5.3
00-0037654,T.Fisk,Tucker Fisk,TE,ATL,CAR,15,2023,0,0,0.0,0,0,0.0,0,1,1,9.0,0,0.9,1.9,ATL,Tucker Fisk,0.9
00-0037664,A.Pierce,Alec Pierce,WR,IND,JAX,1,2023,0,0,0.0,0,0,0.0,0,1,3,5.0,0,0.5,1.5,IND,Alec Pierce,0.5
00-0037664,A.Pierce,Alec Pierce,WR,IND,HOU,2,2023,0,0,0.0,0,0,0.0,0,2,2,28.0,0,2.8,4.8,IND,Alec Pierce,2.8
00-0037664,A.Pierce,Alec Pierce,WR,IND,BAL,3,2023,0,0,0.0,0,0,0.0,0,3,7,43.0,0,4.3,7.3,IND,Alec Pierce,4.3
00-0037664,A.Pierce,Alec Pierce,WR,IND,LA,4,2023,0,0,0.0,0,0,0.0,0,1,2,38.0,0,3.8,4.8,IND,Alec Pierce,3.8
00-0037664,A.Pierce,Alec Pierce,WR,IND,TEN,5,2023,0,0,0.0,0,0,0.0,0,1,2,10.0,0,1.0,2.0,IND,Alec Pierce,1.0
00-0037664,A.Pierce,Alec Pierce,WR,IND,JAX,6,2023,0,0,0.0,0,0,0.0,0,3,6,25.0,0,2.5,5.5,IND,Alec Pierce,2.5
00-0037664,A.Pierce,Alec Pierce,WR,IND,CLE,7,2023,0,0,0.0,0,0,0.0,0,3,3,53.0,0,5.3,8.3,IND,Alec Pierce,5.3
00-0037664,A.Pierce,Alec Pierce,WR,IND,NO,8,2023,0,0,0.0,0,0,0.0,0,3,5,41.0,0,4.1,7.1,IND,Alec Pierce,4.1
00-0037664,A.Pierce,Alec Pierce,WR,IND,CAR,9,2023,0,0,0.0,0,0,0.0,0,0,2,0.0,0,0.0,0.0,IND,Alec Pierce,0.0
00-0037664,A.Pierce,Alec Pierce,WR,IND,NE,10,2023,0,0,0.0,0,0,0.0,0,1,1,21.0,0,2.1,3.1,IND,Alec Pierce,2.1
00-0037664,A.Pierce,Alec Pierce,WR,IND,TB,12,2023,0,0,0.0,0,0,0.0,0,4,6,27.0,0,2.7,6.7,IND,Alec Pierce,2.7
00-0037664,A.Pierce,Alec Pierce,WR,IND,TEN,13,2023,0,0,0.0,0,0,0.0,0,3,6,100.0,1,16.0,19.0,IND,Alec Pierce,16.0
00-0037664,A.Pierce,Alec Pierce,WR,IND,CIN,14,2023,0,0,0.0,0,0,0.0,0,2,3,22.0,0,2.2,4.2,IND,Alec Pierce,2.2
00-0037664,A.Pierce,Alec Pierce,WR,IND,PIT,15,2023,0,0,0.0,0,0,0.0,0,1,5,13.0,0,1.3,2.3,IND,Alec Pierce,1.3
00-0037664,A.Pierce,Alec Pierce,WR,IND,ATL,16,2023,0,0,0.0,0,0,0.0,0,3,7,30.0,0,3.0,6.0,IND,Alec Pierce,3.0
00-0037664,A.Pierce,Alec Pierce,WR,IND,LV,17,2023,0,0,0.0,0,0,0.0,0,1,1,58.0,1,11.8,12.8,IND,Alec Pierce,11.8
00-0037664,A.Pierce,Alec Pierce,WR,IND,HOU,18,2023,0,0,0.0,0,0,0.0,0,0,4,0.0,0,0.0,0.0,IND,Alec Pierce,0.0
00-0037666,J.Tolbert,Jalen Tolbert,WR,DAL,NYG,1,2023,0,0,0.0,0,0,0.0,0,0,1,0.0,0,0.0,0.0,DAL,Jalen Tolbert,0.0
00-0037666,J.Tolbert,Jalen Tolbert,WR,DAL,NYJ,2,2023,0,0,0.0,0,0,0.0,0,3,4,18.0,0,1.8,4.8,DAL,Jalen Tolbert,1.8
00-0037666,J.Tolbert,Jalen Tolbert,WR,DAL,NE,4,2023,0,0,0.0,0,0,0.0,0,4,4,53.0,0,5.3,9.3,DAL,Jalen Tolbert,5.3
00-0037666,J.Tolbert,Jalen Tolbert,WR,DAL,LA,8,2023,0,0,0.0,0,0,0.0,0,0,1,0.0,0,0.0,0.0,DAL,Jalen Tolbert,0.0
00-0037666,J.Tolbert,Jalen Tolbert,WR,DAL,PHI,9,2023,0,0,0.0,0,0,0.0,0,3,5,49.0,1,10.9,13.9,DAL,Jalen Tolbert,10.9
00-0037666,J.Tolbert,Jalen Tolbert,WR,DAL,NYG,10,2023,0,0,0.0,0,0,0.0,0,2,5,2.0,0,0.2,2.2,DAL,Jalen Tolbert,0.2
00-0037666,J.Tolbert,Jalen Tolbert,WR,DAL,CAR,11,2023,0,0,0.0,0,0,0.0,0,2,5,12.0,0,1.2,3.2,DAL,Jalen Tolbert,1.2
00-0037666,J.Tolbert,Jalen Tolbert,WR,DAL,WAS,12,2023,0,0,0.0,0,0,0.0,0,2,3,49.0,0,4.9,6.9,DAL,Jalen Tolbert,4.9
00-0037666,J.Tolbert,Jalen Tolbert,WR,DAL,SEA,13,2023,0,0,0.0,0,0,0.0,0,1,1,17.0,0,1.7,2.7,DAL,Jalen Tolbert,1.7
00-0037666,J.Tolbert,Jalen Tolbert,WR,DAL,PHI,14,2023,0,0,0.0,0,0,0.0,0,0,1,0.0,0,0.0,0.0,DAL,Jalen Tolbert,0.0
00-0037666,J.Tolbert,Jalen Tolbert,WR,DAL,MIA,16,2023,0,0,0.0,0,0,0.0,0,2,2,51.0,0,5.1,7.1,DAL,Jalen Tolbert,5.1
00-0037666,J.Tolbert,Jalen Tolbert,WR,DAL,DET,17,2023,0,0,0.0,0,0,0.0,0,1,1,9.0,0,0.9,1.9,DAL,Jalen Tolbert,0.9
00-0037666,J.Tolbert,Jalen Tolbert,WR,DAL,WAS,18,2023,0,0,0.0,0,0,0.0,0,2,3,8.0,1,6.8,8.8,DAL,Jalen Tolbert,6.8
00-0037666,J.Tolbert,Jalen Tolbert,WR,DAL,GB,19,2023,0,0,0.0,0,0,0.0,0,0,2,0.0,0,0.0,0.0,DAL,Jalen Tolbert,0.0
00-0037740,G.Wilson,Garrett Wilson,WR,NYJ,BUF,1,2023,0,0,0.0,0,0,0.0,0,5,5,34.0,1,9.4,14.4,NYJ,Garrett Wilson,9.4
00-0037740,G.Wilson,Garrett Wilson,WR,NYJ,DAL,2,2023,0,0,0.0,0,0,0.0,0,2,8,83.0,1,14.3,16.3,NYJ,Garrett Wilson,14.3
00-0037740,G.Wilson,Garrett Wilson,WR,NYJ,NE,3,2023,0,0,0.0,0,0,0.0,0,5,9,48.0,0,4.8,9.8,NYJ,Garrett Wilson,4.8
00-0037740,G.Wilson,Garrett Wilson,WR,NYJ,KC,4,2023,0,0,0.0,0,0,0.0,0,9,14,60.0,0,6.0,15.0,NYJ,Garrett Wilson,6.0
00-0037740,G.Wilson,Garrett Wilson,WR,NYJ,DEN,5,2023,0,0,0.0,0,0,0.0,0,3,7,54.0,0,5.4,8.4,NYJ,Garrett Wilson,5.4
00-0037740,G.Wilson,Garrett Wilson,WR,NYJ,PHI,6,2023,0,0,0.0,0,0,0.0,0,8,12,90.0,0,9.0,17.0,NYJ,Garrett Wilson,9.0
00-0037740,G.Wilson,Garrett Wilson,WR,NYJ,NYG,8,2023,0,0,0.0,0,1,6.0,0,7,13,100.0,0,10.6,17.6,NYJ,Garrett Wilson,10.6
00-0037740,G.Wilson,Garrett Wilson,WR,NYJ,LAC,9,2023,0,0,0.0,0,0,0.0,0,7,13,80.0,0,6.0,13.0,NYJ,Garrett Wilson,6.0
00-0037740,G.Wilson,Garrett Wilson,WR,NYJ,LV,10,2023,0,1,0.0,0,0,0.0,0,9,14,93.0,0,9.3,18.3,NYJ,Garrett Wilson,9.3
00-0037740,G.Wilson,Garrett Wilson,WR,NYJ,BUF,11,2023,0,0,0.0,0,0,0.0,0,2,8,9.0,0,-1.1,0.9,NYJ,Garrett Wilson,-1.1
00-0037740,G.Wilson,Garrett Wilson,WR,NYJ,MIA,12,2023,0,0,0.0,0,0,0.0,0,7,10,44.0,1,10.4,17.4,NYJ,Garrett Wilson,10.4
00-0037740,G.Wilson,Garrett Wilson,WR,NYJ,ATL,13,2023,0,0,0.0,0,0,0.0,0,3,7,50.0,0,5.0,8.0,NYJ,Garrett Wilson,5.0
00-0037740,G.Wilson,Garrett Wilson,WR,NYJ,HOU,14,2023,0,0,0.0,0,1,3.0,0,9,14,108.0,0,11.1,20.1,NYJ,Garrett Wilson,11.1
00-0037740,G.Wilson,Garrett Wilson,WR,NYJ,MIA,15,2023,0,0,0.0,0,0,0.0,0,3,4,29.0,0,2.9,5.9,NYJ,Garrett Wilson,2.9
00-0037740,G.Wilson,Garrett Wilson,WR,NYJ,WAS,16,2023,0,0,0.0,0,1,-8.0,0,9,15,76.0,0,6.8,15.8,NYJ,Garrett Wilson,6.8
00-0037740,G.Wilson,Garrett Wilson,WR,NYJ,CLE,17,2023,0,0,0.0,0,1,-1.0,0,5,10,50.0,0,4.9,9.9,NYJ,Garrett Wilson,4.9
00-0037740,G.Wilson,Garrett Wilson,WR,NYJ,NE,18,2023,0,0,0.0,0,0,0.0,0,2,5,34.0,0,3.4,5.4,NYJ,Garrett Wilson,3.4
00-0037741,J.Dotson,Jahan Dotson,WR,WAS,ARI,1,2023,0,0,0.0,0,0,0.0,0,5,7,40.0,0,4.0,9.0,WAS,Jahan Dotson,4.0
00-0037741,J.Dotson,Jahan Dotson,WR,WAS,DEN,2,2023,0,0,0.0,0,0,0.0,0,3,5,22.0,0,2.2,5.2,WAS,Jahan Dotson,2.2
00-0037741,J.Dotson,Jahan Dotson,WR,WAS,BUF,3,2023,0,0,0.0,0,0,0.0,0,2,4,21.0,0,2.1,4.1,WAS,Jahan Dotson,2.1
00-0037741,J.Dotson,Jahan Dotson,WR,WAS,PHI,4,2023,0,0,0.0,0,0,0.0,0,4,9,27.0,1,8.7,12.7,WAS,Jahan Dotson,8.7
00-0037741,J.Dotson,Jahan Dotson,WR,WAS,CHI,5,2023,0,0,0.0,0,0,0.0,0,3,5,30.0,0,3.0,6.0,WAS,Jahan Dotson,3.0
00-0037741,J.Dotson,Jahan Dotson,WR,WAS,ATL,6,2023,0,0,0.0,0,0,0.0,0,0,1,0.0,0,0.0,0.0,WAS,Jahan Dotson,0.0
00-0037741,J.Dotson,Jahan Dotson,WR,WAS,NYG,7,2023,0,0,0.0,0,0,0.0,0,5,8,43.0,0,4.3,9.3,WAS,Jahan Dotson,4.3
00-0037741,J.Dotson,Jahan Dotson,WR,WAS,PHI,8,2023,0,0,0.0,0,0,0.0,0,8,10,108.0,1,16.8,24.8,WAS,Jahan Dotson,16.8
00-0037741,J.Dotson,Jahan Dotson,WR,WAS,NE,9,2023,0,0,0.0,0,0,0.0,0,4,8,69.0,1,12.9,16.9,WAS,Jahan Dotson,12.9
00-0037741,J.Dotson,Jahan Dotson,WR,WAS,SEA,10,2023,0,0,0.0,0,0,0.0,0,0,2,0.0,0,0.0,0.0,WAS,Jahan Dotson,0.0
00-0037741,J.Dotson,Jahan Dotson,WR,WAS,NYG,11,2023,0,0,0.0,0,0,0.0,0,3,4,23.0,1,8.3,11.3,WAS,Jahan Dotson,8.3
00-0037741,J.Dotson,Jahan Dotson,WR,WAS,DAL,12,2023,0,0,0.0,0,0,0.0,0,5,6,52.0,0,5.2,10.2,WAS,Jahan Dotson,5.2
00-0037741,J.Dotson,Jahan Dotson,WR,WAS,MIA,13,2023,0,0,0.0,0,0,0.0,0,2,5,23.0,0,2.3,4.3,WAS,Jahan Dotson,2.3
00-0037741,J.Dotson,Jahan Dotson,WR,WAS,LA,15,2023,0,0,0.0,0,0,0.0,0,1,1,12.0,0,1.2,2.2,WAS,Jahan Dotson,1.2
00-0037741,J.Dotson,Jahan Dotson,WR,WAS,NYJ,16,2023,0,0,0.0,0,0,0.0,0,2,4,31.0,0,3.1,5.1,WAS,Jahan Dotson,3.1
00-0037741,J.Dotson,Jahan Dotson,WR,WAS,SF,17,2023,0,0,0.0,0,0,0.0,0,0,1,0.0,0,0.0,0.0,WAS,Jahan Dotson,0.0
00-0037741,J.Dotson,Jahan Dotson,WR,WAS,DAL,18,2023,0,0,0.0,0,0,0.0,0,2,3,17.0,0,1.7,3.7,WAS,Jahan Dotson,1.7
00-0037742,T.Burks,Treylon Burks,WR,TEN,NO,1,2023,0,0,0.0,0,1,9.0,0,2,3,18.0,0,2.7,4.7,TEN,Treylon Burks,2.7
00-0037742,T.Burks,Treylon Burks,WR,TEN,LAC,2,2023,0,0,0.0,0,0,0.0,0,3,4,76.0,0,7.6,10.6,TEN,Treylon Burks,7.6
00-0037742,T.Burks,Treylon Burks,WR,TEN,CLE,3,2023,0,0,0.0,0,0,0.0,0,1,6,5.0,0,0.5,1.5,TEN,Treylon Burks,0.5
00-0037742,T.Burks,Treylon Burks,WR,TEN,ATL,8,2023,0,0,0.0,0,0,0.0,0,0,2,0.0,0,0.0,0.0,TEN,Treylon Burks,0.0
00-0037742,T.Burks,Treylon Burks,WR,TEN,PIT,9,2023,0,0,0.0,0,1,5.0,0,2,3,23.0,0,2.8,4.8,TEN,Treylon Burks,2.8
00-0037742,T.Burks,Treylon Burks,WR,TEN,MIA,14,2023,0,0,0.0,0,1,5.0,0,1,3,1.0,0,0.6,1.6,TEN,Treylon Burks,0.6
00-0037742,T.Burks,Treylon Burks,WR,TEN,HOU,15,2023,0,0,0.0,0,1,2.0,0,3,3,62.0,0,6.4,9.4,TEN,Treylon Burks,6.4
00-0037742,T.Burks,Treylon Burks,WR,TEN,SEA,16,2023,0,0,0.0,0,1,-3.0,0,2,3,25.0,0,2.2,4.2,TEN,Treylon Burks,2.2
00-0037742,T.Burks,Treylon Burks,WR,TEN,HOU,17,2023,0,0,0.0,0,0,0.0,0,2,3,11.0,0,1.1,3.1,TEN,Treylon Burks,1.1
00-0037744,T.McBride,Trey McBride,TE,ARI,WAS,1,2023,0,0,0.0,0,0,0.0,0,2,2,23.0,0,2.3,4.3,ARI,Trey McBride,2.3
00-0037744,T.McBride,Trey McBride,TE,ARI,NYG,2,2023,0,0,0.0,0,0,0.0,0,2,3,32.0,0,3.2,5.2,ARI,Trey McBride,3.2
00-0037744,T.McBride,Trey McBride,TE,ARI,DAL,3,2023,0,0,0.0,0,0,0.0,0,1,1,2.0,0,0.2,1.2,ARI,Trey McBride,0.2
00-0037744,T.McBride,Trey McBride,TE,ARI,SF,4,2023,0,0,0.0,0,0,0.0,0,1,1,5.0,0,0.5,1.5,ARI,Trey McBride,0.5
00-0037744,T.McBride,Trey McBride,TE,ARI,CIN,5,2023,0,0,0.0,0,0,0.0,0,2,3,17.0,0,1.7,3.7,ARI,Trey McBride,1.7
00-0037744,T.McBride,Trey McBride,TE,ARI,LA,6,2023,0,0,0.0,0,0,0.0,0,4,5,62.0,0,6.2,10.2,ARI,Trey McBride,6.2
00-0037744,T.McBride,Trey McBride,TE,ARI,SEA,7,2023,0,0,0.0,0,0,0.0,0,3,6,29.0,0,2.9,5.9,ARI,Trey McBride,2.9
00-0037744,T.McBride,Trey McBride,TE,ARI,BAL,8,2023,0,0,0.0,0,0,0.0,0,10,14,95.0,1,15.5,25.5,ARI,Trey McBride,15.5
00-0037744,T.McBride,Trey McBride,TE,ARI,CLE,9,2023,0,0,0.0,0,0,0.0,0,3,5,22.0,0,2.2,5.2,ARI,Trey McBride,2.2
00-0037744,T.McBride,Trey McBride,TE,ARI,ATL,10,2023,0,0,0.0,0,0,0.0,0,8,9,131.0,0,13.1,21.1,ARI,Trey McBride,13.1
00-0037744,T.McBride,Trey McBride,TE,ARI,HOU,11,2023,0,0,0.0,0,0,0.0,0,5,7,43.0,0,4.3,9.3,ARI,Trey McBride,4.3
00-0037744,T.McBride,Trey McBride,TE,ARI,LA,12,2023,0,0,0.0,0,0,0.0,0,7,9,60.0,0,6.0,13.0,ARI,Trey McBride,6.0
00-0037744,T.McBride,Trey McBride,TE,ARI,PIT,13,2023,0,0,0.0,0,0,0.0,0,8,9,89.0,1,14.9,22.9,ARI,Trey McBride,14.9
00-0037744,T.McBride,Trey McBride,TE,ARI,SF,15,2023,0,0,0.0,0,0,0.0,0,10,11,102.0,0,10.2,20.2,ARI,Trey McBride,10.2
00-0037744,T.McBride,Trey McBride,TE,ARI,CHI,16,2023,0,0,0.0,0,0,0.0,0,6,8,31.0,0,3.1,9.1,ARI,Trey McBride,3.1
00-0037744,T.McBride,Trey McBride,TE,ARI,PHI,17,2023,0,0,0.0,0,0,0.0,0,6,7,48.0,0,4.8,10.8,ARI,Trey McBride,4.8
00-0037744,T.McBride,Trey McBride,TE,ARI,SEA,18,2023,0,0,0.0,0,0,0.0,0,3,6,34.0,1,9.4,12.4,ARI,Trey McBride,9.4
00-0037745,V.Jones,Velus Jones Jr.,RB,CHI,TB,2,2023,0,0,0.0,0,1,-3.0,0,0,0,0.0,0,-0.3,-0.3,CHI,Velus Jones Jr.,-0.3
00-0037745,V.Jones,Velus Jones Jr.,RB,CHI,DEN,4,2023,0,0,0.0,0,1,10.0,0,0,0,0.0,0,1.0,1.0,CHI,Velus Jones Jr.,1.0
00-0037745,V.Jones,Velus Jones Jr.,RB,CHI,MIN,6,2023,0,0,0.0,0,2,15.0,0,1,1,5.0,0,2.0,3.0,CHI,Velus Jones Jr.,2.0
00-0037745,V.Jones,Velus Jones Jr.,RB,CHI,LV,7,2023,0,0,0.0,0,0,0.0,0,1,1,0.0,0,0.0,1.0,CHI,Velus Jones Jr.,0.0
00-0037745,V.Jones,Velus Jones Jr.,RB,CHI,LAC,8,2023,0,0,0.0,0,0,0.0,0,1,2,4.0,0,0.4,1.4,CHI,Velus Jones Jr.,0.4
00-0037745,V.Jones,Velus Jones Jr.,RB,CHI,NO,9,2023,0,0,0.0,0,0,0.0,0,0,1,0.0,0,0.0,0.0,CHI,Velus Jones Jr.,0.0
00-0037745,V.Jones,Velus Jones Jr.,RB,CHI,DET,14,2023,0,0,0.0,0,0,0.0,0,1,1,11.0,0,1.1,2.1,CHI,Velus Jones Jr.,1.1
00-0037745,V.Jones,Velus Jones Jr.,RB,CHI,CLE,15,2023,0,0,0.0,0,2,23.0,0,0,0,0.0,0,2.3,2.3,CHI,Velus Jones Jr.,2.3
00-0037745,V.Jones,Velus Jones Jr.,RB,CHI,ARI,16,2023,0,0,0.0,0,1,4.0,0,0,1,0.0,0,0.4,0.4,CHI,Velus Jones Jr.,0.4
00-0037745,V.Jones,Velus Jones Jr.,RB,CHI,ATL,17,2023,0,0,0.0,0,1,2.0,0,0,0,0.0,0,0.2,0.2,CHI,Velus Jones Jr.,0.2
00-0037746,B.Robinson,Brian Robinson,RB,WAS,ARI,1,2023,0,0,0.0,0,19,59.0,0,1,2,7.0,1,12.6,13.6,WAS,Brian Robinson,12.6
00-0037746,B.Robinson,Brian Robinson,RB,WAS,DEN,2,2023,0,0,0.0,0,18,87.0,2,2,3,42.0,0,26.9,28.9,WAS,Brian Robinson,26.9
00-0037746,B.Robinson,Brian Robinson,RB,WAS,BUF,3,2023,0,0,0.0,0,10,70.0,0,0,0,0.0,0,7.0,7.0,WAS,Brian Robinson,7.0
00-0037746,B.Robinson,Brian Robinson,RB,WAS,PHI,4,2023,0,0,0.0,0,14,45.0,1,2,2,6.0,0,11.1,13.1,WAS,Brian Robinson,11.1
00-0037746,B.Robinson,Brian Robinson,RB,WAS,CHI,5,2023,0,0,0.0,0,6,10.0,0,4,4,33.0,0,4.3,8.3,WAS,Brian Robinson,4.3
00-0037746,B.Robinson,Brian Robinson,RB,WAS,ATL,6,2023,0,0,0.0,0,10,31.0,0,2,2,25.0,1,11.6,13.6,WAS,Brian Robinson,11.6
00-0037746,B.Robinson,Brian Robinson,RB,WAS,NYG,7,2023,0,0,0.0,0,8,23.0,1,0,1,0.0,0,8.3,8.3,WAS,Brian Robinson,8.3
00-0037746,B.Robinson,Brian Robinson,RB,WAS,PHI,8,2023,0,0,0.0,0,10,59.0,0,2,2,20.0,0,7.9,9.9,WAS,Brian Robinson,7.9
00-0037746,B.Robinson,Brian Robinson,RB,WAS,NE,9,2023,0,0,0.0,0,18,63.0,1,1,2,4.0,0,10.7,11.7,WAS,Brian Robinson,10.7
00-0037746,B.Robinson,Brian Robinson,RB,WAS,SEA,10,2023,0,0,0.0,0,8,38.0,0,6,6,119.0,1,21.7,27.7,WAS,Brian Robinson,21.7
00-0037746,B.Robinson,Brian Robinson,RB,WAS,NYG,11,2023,0,0,0.0,0,17,73.0,0,7,9,59.0,0,13.2,20.2,WAS,Brian Robinson,13.2
00-0037746,B.Robinson,Brian Robinson,RB,WAS,DAL,12,2023,0,0,0.0,0,15,53.0,0,2,3,11.0,0,6.4,8.4,WAS,Brian Robinson,6.4
00-0037746,B.Robinson,Brian Robinson,RB,WAS,MIA,13,2023,0,0,0.0,0,7,53.0,0,0,0,0.0,0,5.3,5.3,WAS,Brian Robinson,5.3
00-0037746,B.Robinson,Brian Robinson,RB,WAS,SF,17,2023,0,0,0.0,0,9,44.0,0,4,4,32.0,0,7.6,11.6,WAS,Brian Robinson,7.6
00-0037746,B.Robinson,Brian Robinson,RB,WAS,DAL,18,2023,0,0,0.0,0,9,25.0,0,3,3,10.0,1,7.5,10.5,WAS,Brian Robinson,7.5
00-0037801,K.Turpin,KaVontae Turpin,WR,DAL,NYG,1,2023,0,0,0.0,0,3,14.0,1,2,3,11.0,0,8.5,10.5,DAL,KaVontae Turpin,8.5
00-0037801,K.Turpin,KaVontae Turpin,WR,DAL,NYJ,2,2023,0,0,0.0,0,2,6.0,0,1,1,9.0,0,1.5,2.5,DAL,KaVontae Turpin,1.5
00-0037801,K.Turpin,KaVontae Turpin,WR,DAL,NE,4,2023,0,0,0.0,0,1,46.0,0,1,1,5.0,0,5.1,6.1,DAL,KaVontae Turpin,5.1
00-0037801,K.Turpin,KaVontae Turpin,WR,DAL,SF,5,2023,0,0,0.0,0,0,0.0,0,1,1,26.0,1,8.6,9.6,DAL,KaVontae Turpin,8.6
00-0037801,K.Turpin,KaVontae Turpin,WR,DAL,LA,8,2023,0,0,0.0,0,0,0.0,0,1,2,13.0,0,1.3,2.3,DAL,KaVontae Turpin,1.3
00-0037801,K.Turpin,KaVontae Turpin,WR,DAL,PHI,9,2023,0,0,0.0,0,1,0.0,0,1,1,5.0,1,6.5,7.5,DAL,KaVontae Turpin,6.5
00-0037801,K.Turpin,KaVontae Turpin,WR,DAL,CAR,11,2023,0,0,0.0,0,1,13.0,0,2,3,10.0,0,2.3,4.3,DAL,KaVontae Turpin,2.3
00-0037801,K.Turpin,KaVontae Turpin,WR,DAL,WAS,12,2023,0,0,0.0,0,0,0.0,0,1,1,34.0,1,9.4,10.4,DAL,KaVontae Turpin,9.4
00-0037801,K.Turpin,KaVontae Turpin,WR,DAL,SEA,13,2023,0,0,0.0,0,0,0.0,0,1,3,10.0,0,1.0,2.0,DAL,KaVontae Turpin,1.0
00-0037801,K.Turpin,KaVontae Turpin,WR,DAL,PHI,14,2023,0,0,0.0,0,1,22.0,0,0,1,0.0,0,2.2,2.2,DAL,KaVontae Turpin,2.2
00-0037801,K.Turpin,KaVontae Turpin,WR,DAL,MIA,16,2023,0,0,0.0,0,1,4.0,0,1,1,4.0,0,0.8,1.8,DAL,KaVontae Turpin,0.8
00-0037801,K.Turpin,KaVontae Turpin,WR,DAL,WAS,18,2023,0,0,0.0,0,1,5.0,0,0,0,0.0,0,0.5,0.5,DAL,KaVontae Turpin,0.5
00-0037805,J.Ruckert,Jeremy Ruckert,TE,NYJ,KC,4,2023,0,0,0.0,0,0,0.0,0,2,2,26.0,0,2.6,4.6,NYJ,Jeremy Ruckert,2.6
00-0037805,J.Ruckert,Jeremy Ruckert,TE,NYJ,DEN,5,2023,0,0,0.0,0,0,0.0,0,1,1,2.0,0,0.2,1.2,NYJ,Jeremy Ruckert,0.2
00-0037805,J.Ruckert,Jeremy Ruckert,TE,NYJ,PHI,6,2023,0,0,0.0,0,0,0.0,0,1,1,8.0,0,0.8,1.8,NYJ,Jeremy Ruckert,0.8
00-0037805,J.Ruckert,Jeremy Ruckert,TE,NYJ,NYG,8,2023,0,0,0.0,0,0,0.0,0,0,1,0.0,0,0.0,0.0,NYJ,Jeremy Ruckert,0.0
00-0037805,J.Ruckert,Jeremy Ruckert,TE,NYJ,LAC,9,2023,0,0,0.0,0,0,0.0,0,1,1,7.0,0,0.7,1.7,NYJ,Jeremy Ruckert,0.7
00-0037805,J.Ruckert,Jeremy Ruckert,TE,NYJ,BUF,11,2023,0,0,0.0,0,0,0.0,0,3,4,25.0,0,2.5,5.5,NYJ,Jeremy Ruckert,2.5
00-0037805,J.Ruckert,Jeremy Ruckert,TE,NYJ,MIA,12,2023,0,0,0.0,0,0,0.0,0,2,4,18.0,0,1.8,3.8,NYJ,Jeremy Ruckert,1.8
00-0037805,J.Ruckert,Jeremy Ruckert,TE,NYJ,ATL,13,2023,0,0,0.0,0,0,0.0,0,1,3,12.0,0,1.2,2.2,NYJ,Jeremy Ruckert,1.2
00-0037805,J.Ruckert,Jeremy Ruckert,TE,NYJ,HOU,14,2023,0,0,0.0,0,0,0.0,0,3,3,37.0,0,3.7,6.7,NYJ,Jeremy Ruckert,3.7
00-0037805,J.Ruckert,Jeremy Ruckert,TE,NYJ,MIA,15,2023,0,0,0.0,0,0,0.0,0,2,2,16.0,0,1.6,3.6,NYJ,Jeremy Ruckert,1.6
00-0037809,C.Okonkwo,Chig Okonkwo,TE,TEN,NO,1,2023,0,0,0.0,0,0,0.0,0,0,2,0.0,0,0.0,0.0,TEN,Chig Okonkwo,0.0
00-0037809,C.Okonkwo,Chig Okonkwo,TE,TEN,LAC,2,2023,0,0,0.0,0,0,0.0,0,4,4,35.0,0,3.5,7.5,TEN,Chig Okonkwo,3.5
00-0037809,C.Okonkwo,Chig Okonkwo,TE,TEN,CLE,3,2023,0,0,0.0,0,0,0.0,0,3,4,7.0,0,0.7,3.7,TEN,Chig Okonkwo,0.7
00-0037809,C.Okonkwo,Chig Okonkwo,TE,TEN,CIN,4,2023,0,0,0.0,0,0,0.0,0,3,3,29.0,0,2.9,5.9,TEN,Chig Okonkwo,2.9
00-0037809,C.Okonkwo,Chig Okonkwo,TE,TEN,IND,5,2023,0,0,0.0,0,0,0.0,0,5,9,33.0,0,3.3,8.3,TEN,Chig Okonkwo,3.3
00-0037809,C.Okonkwo,Chig Okonkwo,TE,TEN,BAL,6,2023,0,0,0.0,0,0,0.0,0,2,4,18.0,0,1.8,3.8,TEN,Chig Okonkwo,1.8
00-0037809,C.Okonkwo,Chig Okonkwo,TE,TEN,ATL,8,2023,0,0,0.0,0,1,4.0,0,4,5,23.0,0,2.7,6.7,TEN,Chig Okonkwo,2.7
00-0037809,C.Okonkwo,Chig Okonkwo,TE,TEN,PIT,9,2023,0,0,0.0,0,0,0.0,0,3,4,28.0,0,2.8,5.8,TEN,Chig Okonkwo,2.8
00-0037809,C.Okonkwo,Chig Okonkwo,TE,TEN,TB,10,2023,0,0,0.0,0,0,0.0,0,3,6,27.0,0,2.7,5.7,TEN,Chig Okonkwo,2.7
00-0037809,C.Okonkwo,Chig Okonkwo,TE,TEN,JAX,11,2023,0,0,0.0,0,0,0.0,0,1,2,6.0,0,0.6,1.6,TEN,Chig Okonkwo,0.6
00-0037809,C.Okonkwo,Chig Okonkwo,TE,TEN,CAR,12,2023,0,0,0.0,0,0,0.0,0,4,5,45.0,0,4.5,8.5,TEN,Chig Okonkwo,4.5
00-0037809,C.Okonkwo,Chig Okonkwo,TE,TEN,IND,13,2023,0,0,0.0,0,1,2.0,0,3,6,62.0,0,6.4,9.4,TEN,Chig Okonkwo,6.4
00-0037809,C.Okonkwo,Chig Okonkwo,TE,TEN,MIA,14,2023,0,0,0.0,0,0,0.0,0,5,6,46.0,0,4.6,9.6,TEN,Chig Okonkwo,4.6
00-0037809,C.Okonkwo,Chig Okonkwo,TE,TEN,HOU,15,2023,0,0,0.0,0,0,0.0,0,3,3,36.0,0,3.6,6.6,TEN,Chig Okonkwo,3.6
00-0037809,C.Okonkwo,Chig Okonkwo,TE,TEN,SEA,16,2023,0,0,0.0,0,0,0.0,0,6,7,63.0,1,12.3,18.3,TEN,Chig Okonkwo,12.3
00-0037809,C.Okonkwo,Chig Okonkwo,TE,TEN,HOU,17,2023,0,0,0.0,0,0,0.0,0,3,4,34.0,0,3.4,6.4,TEN,Chig Okonkwo,3.4
00-0037809,C.Okonkwo,Chig Okonkwo,TE,TEN,JAX,18,2023,0,0,0.0,0,0,0.0,0,2,3,36.0,0,3.6,5.6,TEN,Chig Okonkwo,3.6
00-0037816,R.Doubs,Romeo Doubs,WR,GB,CHI,1,2023,0,0,0.0,0,0,0.0,0,4,5,26.0,2,14.6,18.6,GB,Romeo Doubs,14.6
00-0037816,R.Doubs,Romeo Doubs,WR,GB,ATL,2,2023,0,0,0.0,0,0,0.0,0,2,3,30.0,0,3.0,5.0,GB,Romeo Doubs,3.0
00-0037816,R.Doubs,Romeo Doubs,WR,GB,NO,3,2023,0,0,0.0,0,0,0.0,0,5,12,73.0,1,13.3,18.3,GB,Romeo Doubs,13.3
00-0037816,R.Doubs,Romeo Doubs,WR,GB,DET,4,2023,0,0,0.0,0,0,0.0,0,9,13,95.0,0,9.5,18.5,GB,Romeo Doubs,9.5
00-0037816,R.Doubs,Romeo Doubs,WR,GB,LV,5,2023,0,0,0.0,0,0,0.0,0,1,4,4.0,0,0.4,1.4,GB,Romeo Doubs,0.4
00-0037816,R.Doubs,Romeo Doubs,WR,GB,DEN,7,2023,0,0,0.0,0,0,0.0,0,2,5,30.0,1,9.0,11.0,GB,Romeo Doubs,9.0
00-0037816,R.Doubs,Romeo Doubs,WR,GB,MIN,8,2023,0,0,0.0,0,0,0.0,0,4,9,18.0,1,7.8,11.8,GB,Romeo Doubs,7.8
00-0037816,R.Doubs,Romeo Doubs,WR,GB,LA,9,2023,0,0,0.0,0,0,0.0,0,3,3,36.0,0,3.6,6.6,GB,Romeo Doubs,3.6
00-0037816,R.Doubs,Romeo Doubs,WR,GB,PIT,10,2023,0,0,0.0,0,0,0.0,0,3,5,31.0,1,9.1,12.1,GB,Romeo Doubs,9.1
00-0037816,R.Doubs,Romeo Doubs,WR,GB,LAC,11,2023,0,0,0.0,0,0,0.0,0,5,6,53.0,1,11.3,16.3,GB,Romeo Doubs,11.3
00-0037816,R.Doubs,Romeo Doubs,WR,GB,DET,12,2023,0,0,0.0,0,0,0.0,0,3,4,37.0,0,3.7,6.7,GB,Romeo Doubs,3.7
00-0037816,R.Doubs,Romeo Doubs,WR,GB,KC,13,2023,0,0,0.0,0,0,0.0,0,4,5,72.0,0,7.2,11.2,GB,Romeo Doubs,7.2
00-0037816,R.Doubs,Romeo Doubs,WR,GB,NYG,14,2023,0,0,0.0,0,0,0.0,0,4,7,32.0,0,3.2,7.2,GB,Romeo Doubs,3.2
00-0037816,R.Doubs,Romeo Doubs,WR,GB,TB,15,2023,0,0,0.0,0,0,0.0,0,3,3,30.0,0,3.0,6.0,GB,Romeo Doubs,3.0
00-0037816,R.Doubs,Romeo Doubs,WR,GB,CAR,16,2023,0,0,0.0,0,0,0.0,0,4,5,79.0,1,13.9,17.9,GB,Romeo Doubs,13.9
00-0037816,R.Doubs,Romeo Doubs,WR,GB,MIN,17,2023,0,0,0.0,0,0,0.0,0,3,6,28.0,0,2.8,5.8,GB,Romeo Doubs,2.8
00-0037816,R.Doubs,Romeo Doubs,WR,GB,CHI,18,2023,0,0,0.0,0,0,0.0,0,0,1,0.0,0,0.0,0.0,GB,Romeo Doubs,0.0
00-0037816,R.Doubs,Romeo Doubs,WR,GB,DAL,19,2023,0,0,0.0,0,0,0.0,0,6,6,151.0,1,21.1,27.1,GB,Romeo Doubs,21.1
00-0037816,R.Doubs,Romeo Doubs,WR,GB,SF,20,2023,0,0,0.0,0,0,0.0,0,4,6,83.0,0,8.3,12.3,GB,Romeo Doubs,8.3
00-0037827,T.Davis-Price,Tyrion Davis-Price,RB,SF,DAL,5,2023,0,0,0.0,0,6,21.0,0,0,0,0.0,0,2.1,2.1,SF,Tyrion Davis-Price,2.1
00-0037834,B.Purdy,Brock Purdy,QB,SF,PIT,1,2023,19,29,220.0,2,3,20.0,0,0,0,0.0,0,16.8,16.8,SF,Brock Purdy,16.8
00-0037834,B.Purdy,Brock Purdy,QB,SF,LA,2,2023,17,25,206.0,0,3,5.0,1,0,0,0.0,0,14.74,14.74,SF,Brock Purdy,14.74
00-0037834,B.Purdy,Brock Purdy,QB,SF,NYG,3,2023,25,37,310.0,2,4,-1.0,0,0,0,0.0,0,20.3,20.3,SF,Brock Purdy,20.3
00-0037834,B.Purdy,Brock Purdy,QB,SF,ARI,4,2023,20,21,283.0,1,2,0.0,1,0,0,0.0,0,21.32,21.32,SF,Brock Purdy,21.32
00-0037834,B.Purdy,Brock Purdy,QB,SF,DAL,5,2023,17,24,252.0,4,0,0.0,0,0,0,0.0,0,26.08,26.08,SF,Brock Purdy,26.08
00-0037834,B.Purdy,Brock Purdy,QB,SF,CLE,6,2023,12,27,125.0,1,3,7.0,0,0,0,0.0,0,7.7,7.7,SF,Brock Purdy,7.7
00-0037834,B.Purdy,Brock Purdy,QB,SF,MIN,7,2023,21,30,272.0,1,5,19.0,0,0,0,0.0,0,12.78,12.78,SF,Brock Purdy,12.78
00-0037834,B.Purdy,Brock Purdy,QB,SF,CIN,8,2023,22,31,365.0,1,6,57.0,0,0,0,0.0,0,18.3,18.3,SF,Brock Purdy,18.3
00-0037834,B.Purdy,Brock Purdy,QB,SF,JAX,10,2023,19,26,296.0,3,0,0.0,0,0,0,0.0,0,23.84,23.84,SF,Brock Purdy,23.84
00-0037834,B.Purdy,Brock Purdy,QB,SF,TB,11,2023,21,25,333.0,3,4,14.0,0,0,0,0.0,0,26.72,26.72,SF,Brock Purdy,26.72
00-0037834,B.Purdy,Brock Purdy,QB,SF,SEA,12,2023,21,30,209.0,1,3,1.0,0,0,0,0.0,0,10.46,10.46,SF,Brock Purdy,10.46
00-0037834,B.Purdy,Brock Purdy,QB,SF,PHI,13,2023,19,27,314.0,4,2,9.0,0,0,0,0.0,0,29.46,29.46,SF,Brock Purdy,29.46
00-0037834,B.Purdy,Brock Purdy,QB,SF,SEA,14,2023,19,27,368.0,2,2,7.0,0,0,0,0.0,0,21.42,21.42,SF,Brock Purdy,21.42
00-0037834,B.Purdy,Brock Purdy,QB,SF,ARI,15,2023,16,25,242.0,4,0,0.0,0,0,0,0.0,0,25.68,25.68,SF,Brock Purdy,25.68
00-0037834,B.Purdy,Brock Purdy,QB,SF,BAL,16,2023,18,32,255.0,0,1,2.0,0,0,0,0.0,0,2.4,2.4,SF,Brock Purdy,2.4
00-0037834,B.Purdy,Brock Purdy,QB,SF,WAS,17,2023,22,28,230.0,2,1,4.0,0,0,0,0.0,0,17.6,17.6,SF,Brock Purdy,17.6
00-0037834,B.Purdy,Brock Purdy,QB,SF,GB,20,2023,23,39,252.0,1,6,14.0,0,0,0,0.0,0,15.48,15.48,SF,Brock Purdy,15.48
00-0037834,B.Purdy,Brock Purdy,QB,SF,DET,21,2023,20,31,267.0,1,5,48.0,0,0,0,0.0,0,17.48,17.48,SF,Brock Purdy,17.48
00-0037834,B.Purdy,Brock Purdy,QB,SF,KC,22,2023,23,38,255.0,1,3,12.0,0,0,0,0.0,0,15.4,15.4,SF,Brock Purdy,15.4
00-0037837,C.Austin,Calvin Austin III,WR,PIT,SF,1,2023,0,0,0.0,0,0,0.0,0,6,6,37.0,0,3.7,9.7,PIT,Calvin Austin III,3.7
00-0037837,C.Austin,Calvin Austin III,WR,PIT,CLE,2,2023,0,0,0.0,0,1,-2.0,0,1,4,10.0,0,0.8,1.8,PIT,Calvin Austin III,0.8
00-0037837,C.Austin,Calvin Austin III,WR,PIT,LV,3,2023,0,0,0.0,0,0,0.0,0,2,6,72.0,1,13.2,15.2,PIT,Calvin Austin III,13.2
00-0037837,C.Austin,Calvin Austin III,WR,PIT,HOU,4,2023,0,0,0.0,0,1,5.0,0,3,5,24.0,0,2.9,5.9,PIT,Calvin Austin III,2.9
00-0037837,C.Austin,Calvin Austin III,WR,PIT,BAL,5,2023,0,0,0.0,0,0,0.0,0,0,1,0.0,0,0.0,0.0,PIT,Calvin Austin III,0.0
00-0037837,C.Austin,Calvin Austin III,WR,PIT,LA,7,2023,0,0,0.0,0,1,1.0,0,0,0,0.0,0,0.1,0.1,PIT,Calvin Austin III,0.1
00-0037837,C.Austin,Calvin Austin III,WR,PIT,JAX,8,2023,0,0,0.0,0,2,10.0,0,2,2,19.0,0,2.9,4.9,PIT,Calvin Austin III,2.9
00-0037837,C.Austin,Calvin Austin III,WR,PIT,TEN,9,2023,0,0,0.0,0,2,10.0,0,0,1,0.0,0,1.0,1.0,PIT,Calvin Austin III,1.0
00-0037837,C.Austin,Calvin Austin III,WR,PIT,GB,10,2023,0,0,0.0,0,1,6.0,0,1,1,3.0,0,0.9,1.9,PIT,Calvin Austin III,0.9
00-0037837,C.Austin,Calvin Austin III,WR,PIT,CIN,12,2023,0,0,0.0,0,0,0.0,0,1,1,5.0,0,0.5,1.5,PIT,Calvin Austin III,0.5
00-0037837,C.Austin,Calvin Austin III,WR,PIT,ARI,13,2023,0,0,0.0,0,0,0.0,0,1,1,10.0,0,1.0,2.0,PIT,Calvin Austin III,1.0
00-0037837,C.Austin,Calvin Austin III,WR,PIT,NE,14,2023,0,0,0.0,0,1,12.0,0,0,0,0.0,0,1.2,1.2,PIT,Calvin Austin III,1.2
00-0037837,C.Austin,Calvin Austin III,WR,PIT,CIN,16,2023,0,0,0.0,0,1,7.0,1,0,2,0.0,0,6.7,6.7,PIT,Calvin Austin III,6.7
00-0037837,C.Austin,Calvin Austin III,WR,PIT,BAL,18,2023,0,0,0.0,0,1,8.0,0,0,0,0.0,0,0.8,0.8,PIT,Calvin Austin III,0.8
00-0037837,C.Austin,Calvin Austin III,WR,PIT,BUF,19,2023,0,0,0.0,0,0,0.0,0,1,2,7.0,1,6.7,7.7,PIT,Calvin Austin III,6.7
00-0037838,I.Likely,Isaiah Likely,TE,BAL,HOU,1,2023,0,0,0.0,0,0,0.0,0,1,1,4.0,0,0.4,1.4,BAL,Isaiah Likely,0.4
00-0037838,I.Likely,Isaiah Likely,TE,BAL,CIN,2,2023,0,0,0.0,0,0,0.0,0,1,1,8.0,0,0.8,1.8,BAL,Isaiah Likely,0.8
00-0037838,I.Likely,Isaiah Likely,TE,BAL,IND,3,2023,0,0,0.0,0,0,0.0,0,1,2,20.0,0,2.0,3.0,BAL,Isaiah Likely,2.0
00-0037838,I.Likely,Isaiah Likely,TE,BAL,ARI,8,2023,0,0,0.0,0,0,0.0,0,1,1,10.0,0,1.0,2.0,BAL,Isaiah Likely,1.0
00-0037838,I.Likely,Isaiah Likely,TE,BAL,SEA,9,2023,0,0,0.0,0,0,0.0,0,4,4,42.0,0,4.2,8.2,BAL,Isaiah Likely,4.2
00-0037838,I.Likely,Isaiah Likely,TE,BAL,CLE,10,2023,0,0,0.0,0,0,0.0,0,1,1,5.0,0,0.5,1.5,BAL,Isaiah Likely,0.5
00-0037838,I.Likely,Isaiah Likely,TE,BAL,CIN,11,2023,0,0,0.0,0,0,0.0,0,0,2,0.0,0,0.0,0.0,BAL,Isaiah Likely,0.0
00-0037838,I.Likely,Isaiah Likely,TE,BAL,LAC,12,2023,0,0,0.0,0,0,0.0,0,4,6,40.0,0,4.0,8.0,BAL,Isaiah Likely,4.0
00-0037838,I.Likely,Isaiah Likely,TE,BAL,LA,14,2023,0,0,0.0,0,0,0.0,0,5,7,83.0,1,14.3,19.3,BAL,Isaiah Likely,14.3
00-0037838,I.Likely,Isaiah Likely,TE,BAL,JAX,15,2023,0,0,0.0,0,0,0.0,0,5,6,70.0,1,13.0,18.0,BAL,Isaiah Likely,13.0
00-0037838,I.Likely,Isaiah Likely,TE,BAL,SF,16,2023,0,0,0.0,0,0,0.0,0,3,4,56.0,0,5.6,8.6,BAL,Isaiah Likely,5.6
00-0037838,I.Likely,Isaiah Likely,TE,BAL,MIA,17,2023,0,0,0.0,0,0,0.0,0,2,3,42.0,2,16.2,18.2,BAL,Isaiah Likely,16.2
00-0037838,I.Likely,Isaiah Likely,TE,BAL,PIT,18,2023,0,0,0.0,0,0,0.0,0,2,2,31.0,1,9.1,11.1,BAL,Isaiah Likely,9.1
00-0037838,I.Likely,Isaiah Likely,TE,BAL,HOU,20,2023,0,0,0.0,0,0,0.0,0,2,3,34.0,1,9.4,11.4,BAL,Isaiah Likely,9.4
00-0037838,I.Likely,Isaiah Likely,TE,BAL,KC,21,2023,0,0,0.0,0,0,0.0,0,2,3,16.0,0,1.6,3.6,BAL,Isaiah Likely,1.6
00-0037840,K.Williams,Kyren Williams,RB,LA,SEA,1,2023,0,0,0.0,0,15,52.0,2,0,2,2.0,0,17.4,17.4,LA,Kyren Williams,17.4
00-0037840,K.Williams,Kyren Williams,RB,LA,SF,2,2023,0,0,0.0,0,14,52.0,1,6,10,48.0,1,22.0,28.0,LA,Kyren Williams,22.0
00-0037840,K.Williams,Kyren Williams,RB,LA,CIN,3,2023,0,0,0.0,0,10,38.0,0,2,7,27.0,0,6.5,8.5,LA,Kyren Williams,6.5
00-0037840,K.Williams,Kyren Williams,RB,LA,IND,4,2023,0,0,0.0,0,25,103.0,2,3,3,24.0,0,24.7,27.7,LA,Kyren Williams,24.7
00-0037840,K.Williams,Kyren Williams,RB,LA,PHI,5,2023,0,0,0.0,0,13,53.0,0,2,2,4.0,0,5.7,7.7,LA,Kyren Williams,5.7
00-0037840,K.Williams,Kyren Williams,RB,LA,ARI,6,2023,0,0,0.0,0,20,158.0,1,0,0,0.0,0,21.8,21.8,LA,Kyren Williams,21.8
00-0037840,K.Williams,Kyren Williams,RB,LA,ARI,12,2023,0,0,0.0,0,16,143.0,0,6,6,61.0,2,32.4,38.4,LA,Kyren Williams,32.4
00-0037840,K.Williams,Kyren Williams,RB,LA,CLE,13,2023,0,0,0.0,0,21,88.0,1,3,5,24.0,0,17.2,20.2,LA,Kyren Williams,17.2
00-0037840,K.Williams,Kyren Williams,RB,LA,BAL,14,2023,0,0,0.0,0,25,114.0,0,3,4,-1.0,0,11.3,14.3,LA,Kyren Williams,11.3
00-0037840,K.Williams,Kyren Williams,RB,LA,WAS,15,2023,0,0,0.0,0,27,152.0,1,5,7,3.0,0,19.5,24.5,LA,Kyren Williams,19.5
00-0037840,K.Williams,Kyren Williams,RB,LA,NO,16,2023,0,0,0.0,0,22,104.0,1,0,0,0.0,0,16.4,16.4,LA,Kyren Williams,16.4
00-0037840,K.Williams,Kyren Williams,RB,LA,NYG,17,2023,0,0,0.0,0,20,87.0,3,2,2,14.0,0,28.1,30.1,LA,Kyren Williams,28.1
00-0037840,K.Williams,Kyren Williams,RB,LA,DET,19,2023,0,0,0.0,0,13,61.0,0,1,1,9.0,0,7.0,8.0,LA,Kyren Williams,7.0
00-0038040,Z.White,Zamir White,RB,LV,DEN,1,2023,0,0,0.0,0,1,2.0,0,1,1,5.0,0,0.7,1.7,LV,Zamir White,0.7
00-0038040,Z.White,Zamir White,RB,LV,BUF,2,2023,0,0,0.0,0,4,22.0,0,0,0,0.0,0,0.2,0.2,LV,Zamir White,0.2
00-0038040,Z.White,Zamir White,RB,LV,LAC,4,2023,0,0,0.0,0,3,15.0,0,0,0,0.0,0,1.5,1.5,LV,Zamir White,1.5
00-0038040,Z.White,Zamir White,RB,LV,NE,6,2023,0,0,0.0,0,2,2.0,0,2,2,7.0,0,0.9,2.9,LV,Zamir White,0.9
00-0038040,Z.White,Zamir White,RB,LV,CHI,7,2023,0,0,0.0,0,2,2.0,0,3,3,26.0,0,2.8,5.8,LV,Zamir White,2.8
00-0038040,Z.White,Zamir White,RB,LV,NYG,9,2023,0,0,0.0,0,4,-2.0,0,0,0,0.0,0,-0.2,-0.2,LV,Zamir White,-0.2
00-0038040,Z.White,Zamir White,RB,LV,NYJ,10,2023,0,0,0.0,0,1,5.0,0,0,0,0.0,0,0.5,0.5,LV,Zamir White,0.5
00-0038040,Z.White,Zamir White,RB,LV,KC,12,2023,0,0,0.0,0,1,0.0,0,0,0,0.0,0,0.0,0.0,LV,Zamir White,0.0
00-0038040,Z.White,Zamir White,RB,LV,MIN,14,2023,0,0,0.0,0,2,8.0,0,0,0,0.0,0,0.8,0.8,LV,Zamir White,0.8
00-0038040,Z.White,Zamir White,RB,LV,LAC,15,2023,0,0,0.0,0,17,69.0,1,3,4,16.0,0,14.5,17.5,LV,Zamir White,14.5
00-0038040,Z.White,Zamir White,RB,LV,KC,16,2023,0,0,0.0,0,22,145.0,0,0,1,0.0,0,14.5,14.5,LV,Zamir White,14.5
00-0038040,Z.White,Zamir White,RB,LV,IND,17,2023,0,0,0.0,0,20,71.0,0,5,6,35.0,0,10.6,15.6,LV,Zamir White,10.6
00-0038040,Z.White,Zamir White,RB,LV,DEN,18,2023,0,0,0.0,0,25,112.0,0,1,2,9.0,0,12.1,13.1,LV,Zamir White,12.1
00-0038041,J.Ferguson,Jake Ferguson,TE,DAL,NYG,1,2023,0,0,0.0,0,0,0.0,0,2,7,11.0,0,1.1,3.1,DAL,Jake Ferguson,1.1
00-0038041,J.Ferguson,Jake Ferguson,TE,DAL,NYJ,2,2023,0,0,0.0,0,0,0.0,0,3,4,11.0,1,7.1,10.1,DAL,Jake Ferguson,7.1
00-0038041,J.Ferguson,Jake Ferguson,TE,DAL,ARI,3,2023,0,0,0.0,0,0,0.0,0,5,7,48.0,0,4.8,9.8,DAL,Jake Ferguson,4.8
00-0038041,J.Ferguson,Jake Ferguson,TE,DAL,NE,4,2023,0,0,0.0,0,0,0.0,0,7,7,77.0,0,7.7,14.7,DAL,Jake Ferguson,7.7
00-0038041,J.Ferguson,Jake Ferguson,TE,DAL,SF,5,2023,0,0,0.0,0,0,0.0,0,3,3,28.0,0,2.8,5.8,DAL,Jake Ferguson,2.8
00-0038041,J.Ferguson,Jake Ferguson,TE,DAL,LAC,6,2023,0,0,0.0,0,0,0.0,0,1,1,15.0,0,1.5,2.5,DAL,Jake Ferguson,1.5
00-0038041,J.Ferguson,Jake Ferguson,TE,DAL,LA,8,2023,0,0,0.0,0,0,0.0,0,4,4,47.0,1,10.7,14.7,DAL,Jake Ferguson,10.7
00-0038041,J.Ferguson,Jake Ferguson,TE,DAL,PHI,9,2023,0,0,0.0,0,0,0.0,0,7,10,91.0,1,15.1,22.1,DAL,Jake Ferguson,15.1
00-0038041,J.Ferguson,Jake Ferguson,TE,DAL,NYG,10,2023,0,0,0.0,0,0,0.0,0,4,7,26.0,1,8.6,12.6,DAL,Jake Ferguson,8.6
00-0038041,J.Ferguson,Jake Ferguson,TE,DAL,CAR,11,2023,0,0,0.0,0,0,0.0,0,3,5,32.0,0,3.2,6.2,DAL,Jake Ferguson,3.2
00-0038041,J.Ferguson,Jake Ferguson,TE,DAL,WAS,12,2023,0,0,0.0,0,0,0.0,0,1,3,35.0,0,3.5,4.5,DAL,Jake Ferguson,3.5
00-0038041,J.Ferguson,Jake Ferguson,TE,DAL,SEA,13,2023,0,0,0.0,0,0,0.0,0,6,8,77.0,1,13.7,19.7,DAL,Jake Ferguson,13.7
00-0038041,J.Ferguson,Jake Ferguson,TE,DAL,PHI,14,2023,0,0,0.0,0,0,0.0,0,5,8,72.0,0,7.2,12.2,DAL,Jake Ferguson,7.2
00-0038041,J.Ferguson,Jake Ferguson,TE,DAL,BUF,15,2023,0,0,0.0,0,0,0.0,0,6,8,44.0,0,4.4,10.4,DAL,Jake Ferguson,4.4
00-0038041,J.Ferguson,Jake Ferguson,TE,DAL,MIA,16,2023,0,0,0.0,0,0,0.0,0,4,8,45.0,0,4.5,8.5,DAL,Jake Ferguson,4.5
00-0038041,J.Ferguson,Jake Ferguson,TE,DAL,DET,17,2023,0,0,0.0,0,0,0.0,0,4,6,33.0,0,3.3,7.3,DAL,Jake Ferguson,3.3
00-0038041,J.Ferguson,Jake Ferguson,TE,DAL,WAS,18,2023,0,0,0.0,0,0,0.0,0,6,6,69.0,0,6.9,12.9,DAL,Jake Ferguson,6.9
00-0038041,J.Ferguson,Jake Ferguson,TE,DAL,GB,19,2023,0,0,0.0,0,0,0.0,0,10,12,93.0,3,27.3,37.3,DAL,Jake Ferguson,27.3
00-0038045,I.Spiller,Isaiah Spiller,RB,LAC,TEN,2,2023,0,0,0.0,0,1,3.0,0,0,0,0.0,0,0.3,0.3,LAC,Isaiah Spiller,0.3
00-0038045,I.Spiller,Isaiah Spiller,RB,LAC,MIN,3,2023,0,0,0.0,0,2,7.0,0,0,0,0.0,0,0.7,0.7,LAC,Isaiah Spiller,0.7
00-0038045,I.Spiller,Isaiah Spiller,RB,LAC,LV,4,2023,0,0,0.0,0,5,12.0,0,2,2,15.0,0,2.7,4.7,LAC,Isaiah Spiller,2.7
00-0038045,I.Spiller,Isaiah Spiller,RB,LAC,DAL,6,2023,0,0,0.0,0,1,2.0,0,0,0,0.0,0,0.2,0.2,LAC,Isaiah Spiller,0.2
00-0038045,I.Spiller,Isaiah Spiller,RB,LAC,CHI,8,2023,0,0,0.0,0,3,3.0,0,1,1,5.0,0,0.8,1.8,LAC,Isaiah Spiller,0.8
00-0038045,I.Spiller,Isaiah Spiller,RB,LAC,DEN,14,2023,0,0,0.0,0,6,19.0,0,0,0,0.0,0,1.9,1.9,LAC,Isaiah Spiller,1.9
00-0038045,I.Spiller,Isaiah Spiller,RB,LAC,LV,15,2023,0,0,0.0,0,16,50.0,0,0,0,0.0,0,5.0,5.0,LAC,Isaiah Spiller,5.0
00-0038045,I.Spiller,Isaiah Spiller,RB,LAC,BUF,16,2023,0,0,0.0,0,2,1.0,0,1,1,4.0,0,0.5,1.5,LAC,Isaiah Spiller,0.5
00-0038045,I.Spiller,Isaiah Spiller,RB,LAC,DEN,17,2023,0,0,0.0,0,1,-1.0,0,2,2,10.0,0,0.9,2.9,LAC,Isaiah Spiller,0.9
00-0038046,C.Kolar,Charlie Kolar,TE,BAL,HOU,1,2023,0,0,0.0,0,0,0.0,0,0,1,0.0,0,0.0,0.0,BAL,Charlie Kolar,0.0
00-0038046,C.Kolar,Charlie Kolar,TE,BAL,CIN,11,2023,0,0,0.0,0,0,0.0,0,1,1,13.0,0,1.3,2.3,BAL,Charlie Kolar,1.3
00-0038046,C.Kolar,Charlie Kolar,TE,BAL,JAX,15,2023,0,0,0.0,0,0,0.0,0,1,1,15.0,0,1.5,2.5,BAL,Charlie Kolar,1.5
00-0038046,C.Kolar,Charlie Kolar,TE,BAL,SF,16,2023,0,0,0.0,0,0,0.0,0,1,1,17.0,0,1.7,2.7,BAL,Charlie Kolar,1.7
00-0038046,C.Kolar,Charlie Kolar,TE,BAL,MIA,17,2023,0,0,0.0,0,0,0.0,0,1,1,19.0,1,7.9,8.9,BAL,Charlie Kolar,7.9
00-0038046,C.Kolar,Charlie Kolar,TE,BAL,PIT,18,2023,0,0,0.0,0,0,0.0,0,3,4,23.0,0,2.3,5.3,BAL,Charlie Kolar,2.3
00-0038046,C.Kolar,Charlie Kolar,TE,BAL,HOU,20,2023,0,0,0.0,0,0,0.0,0,1,1,4.0,0,0.4,1.4,BAL,Charlie Kolar,0.4
00-0038090,S.Moore,Skyy Moore,WR,KC,DET,1,2023,0,0,0.0,0,1,4.0,0,0,3,0.0,0,0.4,0.4,KC,Skyy Moore,0.4
00-0038090,S.Moore,Skyy Moore,WR,KC,JAX,2,2023,0,0,0.0,0,0,0.0,0,3,4,70.0,1,13.0,16.0,KC,Skyy Moore,13.0
00-0038090,S.Moore,Skyy Moore,WR,KC,CHI,3,2023,0,0,0.0,0,0,0.0,0,4,6,42.0,0,4.2,8.2,KC,Skyy Moore,4.2
00-0038090,S.Moore,Skyy Moore,WR,KC,NYJ,4,2023,0,0,0.0,0,2,19.0,0,0,2,0.0,0,1.9,1.9,KC,Skyy Moore,1.9
00-0038090,S.Moore,Skyy Moore,WR,KC,MIN,5,2023,0,0,0.0,0,0,0.0,0,2,2,11.0,0,1.1,3.1,KC,Skyy Moore,1.1
00-0038090,S.Moore,Skyy Moore,WR,KC,DEN,6,2023,0,0,0.0,0,0,0.0,0,2,4,22.0,0,2.2,4.2,KC,Skyy Moore,2.2
00-0038090,S.Moore,Skyy Moore,WR,KC,LAC,7,2023,0,0,0.0,0,0,0.0,0,2,3,15.0,0,1.5,3.5,KC,Skyy Moore,1.5
00-0038090,S.Moore,Skyy Moore,WR,KC,DEN,8,2023,0,0,0.0,0,0,0.0,0,1,3,8.0,0,0.8,1.8,KC,Skyy Moore,0.8
00-0038090,S.Moore,Skyy Moore,WR,KC,MIA,9,2023,0,0,0.0,0,0,0.0,0,2,3,33.0,0,3.3,5.3,KC,Skyy Moore,3.3
00-0038090,S.Moore,Skyy Moore,WR,KC,PHI,11,2023,0,0,0.0,0,0,0.0,0,1,2,4.0,0,0.4,1.4,KC,Skyy Moore,0.4
00-0038090,S.Moore,Skyy Moore,WR,KC,LV,12,2023,0,0,0.0,0,0,0.0,0,3,3,34.0,0,3.4,6.4,KC,Skyy Moore,3.4
00-0038090,S.Moore,Skyy Moore,WR,KC,GB,13,2023,0,0,0.0,0,0,0.0,0,1,2,5.0,0,0.5,1.5,KC,Skyy Moore,0.5
00-0038090,S.Moore,Skyy Moore,WR,KC,BUF,14,2023,0,0,0.0,0,0,0.0,0,0,1,0.0,0,0.0,0.0,KC,Skyy Moore,0.0
00-0038092,E.Ezukanma,Erik Ezukanma,WR,MIA,LAC,1,2023,0,0,0.0,0,2,17.0,0,0,0,0.0,0,1.7,1.7,MIA,Erik Ezukanma,1.7
00-0038092,E.Ezukanma,Erik Ezukanma,WR,MIA,NE,2,2023,0,0,0.0,0,3,5.0,0,0,1,0.0,0,0.5,0.5,MIA,Erik Ezukanma,0.5
00-0038098,P.Strong,Pierre Strong,RB,CLE,PIT,2,2023,0,0,0.0,0,2,1.0,1,0,1,0.0,0,6.1,6.1,CLE,Pierre Strong,6.1
00-0038098,P.Strong,Pierre Strong,RB,CLE,TEN,3,2023,0,0,0.0,0,6,27.0,0,0,0,0.0,0,2.7,2.7,CLE,Pierre Strong,2.7
00-0038098,P.Strong,Pierre Strong,RB,CLE,BAL,4,2023,0,0,0.0,0,5,49.0,0,0,0,0.0,0,4.9,4.9,CLE,Pierre Strong,4.9
00-0038098,P.Strong,Pierre Strong,RB,CLE,IND,7,2023,0,0,0.0,0,8,25.0,0,0,0,0.0,0,2.5,2.5,CLE,Pierre Strong,2.5
00-0038098,P.Strong,Pierre Strong,RB,CLE,SEA,8,2023,0,0,0.0,0,10,41.0,0,1,1,41.0,0,8.2,9.2,CLE,Pierre Strong,8.2
00-0038098,P.Strong,Pierre Strong,RB,CLE,ARI,9,2023,0,0,0.0,0,3,9.0,0,1,1,-7.0,0,0.2,1.2,CLE,Pierre Strong,0.2
00-0038098,P.Strong,Pierre Strong,RB,CLE,PIT,11,2023,0,0,0.0,0,1,1.0,0,1,1,4.0,0,0.5,1.5,CLE,Pierre Strong,0.5
00-0038098,P.Strong,Pierre Strong,RB,CLE,LA,13,2023,0,0,0.0,0,2,20.0,0,0,0,0.0,0,2.0,2.0,CLE,Pierre Strong,2.0
00-0038098,P.Strong,Pierre Strong,RB,CLE,JAX,14,2023,0,0,0.0,0,1,0.0,0,0,0,0.0,0,0.0,0.0,CLE,Pierre Strong,0.0
00-0038098,P.Strong,Pierre Strong,RB,CLE,CHI,15,2023,0,0,0.0,0,2,2.0,0,2,2,9.0,0,1.1,3.1,CLE,Pierre Strong,1.1
00-0038098,P.Strong,Pierre Strong,RB,CLE,HOU,16,2023,0,0,0.0,0,5,22.0,0,0,1,0.0,0,2.2,2.2,CLE,Pierre Strong,2.2
00-0038098,P.Strong,Pierre Strong,RB,CLE,NYJ,17,2023,0,0,0.0,0,4,29.0,0,0,0,0.0,0,0.9,0.9,CLE,Pierre Strong,0.9
00-0038098,P.Strong,Pierre Strong,RB,CLE,CIN,18,2023,0,0,0.0,0,14,65.0,0,0,1,0.0,0,6.5,6.5,CLE,Pierre Strong,6.5
00-0038102,K.Pickett,Kenny Pickett,QB,PIT,SF,1,2023,31,46,232.0,1,1,4.0,0,0,0,0.0,0,9.68,9.68,PIT,Kenny Pickett,9.68
00-0038102,K.Pickett,Kenny Pickett,QB,PIT,CLE,2,2023,15,30,222.0,1,4,-6.0,0,0,0,0.0,0,10.28,10.28,PIT,Kenny Pickett,10.28
00-0038102,K.Pickett,Kenny Pickett,QB,PIT,LV,3,2023,16,28,235.0,2,3,11.0,0,0,0,0.0,0,18.5,18.5,PIT,Kenny Pickett,18.5
00-0038102,K.Pickett,Kenny Pickett,QB,PIT,HOU,4,2023,15,23,114.0,0,2,9.0,0,0,0,0.0,0,3.46,3.46,PIT,Kenny Pickett,3.46
00-0038102,K.Pickett,Kenny Pickett,QB,PIT,BAL,5,2023,18,32,224.0,1,6,-6.0,0,0,0,0.0,0,12.36,12.36,PIT,Kenny Pickett,12.36
00-0038102,K.Pickett,Kenny Pickett,QB,PIT,LA,7,2023,17,25,230.0,0,8,0.0,1,0,0,0.0,0,15.2,15.2,PIT,Kenny Pickett,15.2
00-0038102,K.Pickett,Kenny Pickett,QB,PIT,JAX,8,2023,10,16,73.0,0,1,10.0,0,0,0,0.0,0,3.92,3.92,PIT,Kenny Pickett,3.92
00-0038102,K.Pickett,Kenny Pickett,QB,PIT,TEN,9,2023,19,30,160.0,1,1,-1.0,0,0,0,0.0,0,10.3,10.3,PIT,Kenny Pickett,10.3
00-0038102,K.Pickett,Kenny Pickett,QB,PIT,GB,10,2023,14,23,126.0,0,4,16.0,0,0,0,0.0,0,6.64,6.64,PIT,Kenny Pickett,6.64
00-0038102,K.Pickett,Kenny Pickett,QB,PIT,CLE,11,2023,15,28,106.0,0,4,9.0,0,0,0,0.0,0,5.14,5.14,PIT,Kenny Pickett,5.14
00-0038102,K.Pickett,Kenny Pickett,QB,PIT,CIN,12,2023,24,33,278.0,0,5,5.0,0,0,0,0.0,0,11.62,11.62,PIT,Kenny Pickett,11.62
00-0038102,K.Pickett,Kenny Pickett,QB,PIT,ARI,13,2023,7,10,70.0,0,3,3.0,0,0,0,0.0,0,3.1,3.1,PIT,Kenny Pickett,3.1
00-0038104,T.Thornton,Tyquan Thornton,WR,NE,LV,6,2023,0,0,0.0,0,0,0.0,0,1,2,6.0,0,0.6,1.6,NE,Tyquan Thornton,0.6
00-0038104,T.Thornton,Tyquan Thornton,WR,NE,BUF,7,2023,0,0,0.0,0,0,0.0,0,1,1,2.0,0,0.2,1.2,NE,Tyquan Thornton,0.2
00-0038104,T.Thornton,Tyquan Thornton,WR,NE,WAS,9,2023,0,0,0.0,0,0,0.0,0,1,4,7.0,0,0.7,1.7,NE,Tyquan Thornton,0.7
00-0038104,T.Thornton,Tyquan Thornton,WR,NE,NYG,12,2023,0,0,0.0,0,1,3.0,0,2,5,19.0,0,2.2,4.2,NE,Tyquan Thornton,2.2
00-0038104,T.Thornton,Tyquan Thornton,WR,NE,LAC,13,2023,0,0,0.0,0,1,39.0,0,0,1,0.0,0,3.9,3.9,NE,Tyquan Thornton,3.9
00-0038104,T.Thornton,Tyquan Thornton,WR,NE,PIT,14,2023,0,0,0.0,0,0,0.0,0,3,5,17.0,0,1.7,4.7,NE,Tyquan Thornton,1.7
00-0038104,T.Thornton,Tyquan Thornton,WR,NE,KC,15,2023,0,0,0.0,0,0,0.0,0,1,1,5.0,0,0.5,1.5,NE,Tyquan Thornton,0.5
00-0038104,T.Thornton,Tyquan Thornton,WR,NE,DEN,16,2023,0,0,0.0,0,1,9.0,0,1,1,11.0,0,2.0,3.0,NE,Tyquan Thornton,2.0
00-0038104,T.Thornton,Tyquan Thornton,WR,NE,BUF,17,2023,0,0,0.0,0,0,0.0,0,3,3,24.0,0,2.4,5.4,NE,Tyquan Thornton,2.4
00-0038108,B.Zappe,Bailey Zappe,QB,NE,DAL,4,2023,4,9,57.0,0,0,0.0,0,0,0,0.0,0,2.28,2.28,NE,Bailey Zappe,2.28
00-0038108,B.Zappe,Bailey Zappe,QB,NE,NO,5,2023,3,9,22.0,0,0,0.0,0,0,0,0.0,0,0.88,0.88,NE,Bailey Zappe,0.88
00-0038108,B.Zappe,Bailey Zappe,QB,NE,IND,10,2023,3,7,25.0,0,0,0.0,0,0,0,0.0,0,-1.0,-1.0,NE,Bailey Zappe,-1.0
00-0038108,B.Zappe,Bailey Zappe,QB,NE,NYG,12,2023,9,14,54.0,0,0,0.0,0,0,0,0.0,0,0.16,0.16,NE,Bailey Zappe,0.16
00-0038108,B.Zappe,Bailey Zappe,QB,NE,LAC,13,2023,13,25,141.0,0,4,16.0,0,0,0,0.0,0,7.24,7.24,NE,Bailey Zappe,7.24
00-0038108,B.Zappe,Bailey Zappe,QB,NE,PIT,14,2023,19,28,240.0,3,3,13.0,0,0,0,0.0,0,20.9,20.9,NE,Bailey Zappe,20.9
00-0038108,B.Zappe,Bailey Zappe,QB,NE,KC,15,2023,23,31,180.0,1,1,2.0,0,0,0,0.0,0,9.4,9.4,NE,Bailey Zappe,9.4
00-0038108,B.Zappe,Bailey Zappe,QB,NE,DEN,16,2023,25,33,256.0,2,1,2.0,0,0,0,0.0,0,16.44,16.44,NE,Bailey Zappe,16.44
00-0038108,B.Zappe,Bailey Zappe,QB,NE,BUF,17,2023,16,26,209.0,0,5,37.0,1,0,0,0.0,0,12.06,12.06,NE,Bailey Zappe,12.06
00-0038108,B.Zappe,Bailey Zappe,QB,NE,NYJ,18,2023,12,30,88.0,0,3,13.0,0,0,0,0.0,0,0.82,0.82,NE,Bailey Zappe,0.82
00-0038115,D.Bellinger,Daniel Bellinger,TE,NYG,DAL,1,2023,0,0,0.0,0,0,0.0,0,1,1,1.0,0,0.1,1.1,NYG,Daniel Bellinger,0.1
00-0038115,D.Bellinger,Daniel Bellinger,TE,NYG,SF,3,2023,0,0,0.0,0,0,0.0,0,1,1,8.0,0,0.8,1.8,NYG,Daniel Bellinger,0.8
00-0038115,D.Bellinger,Daniel Bellinger,TE,NYG,SEA,4,2023,0,0,0.0,0,0,0.0,0,1,1,6.0,0,0.6,1.6,NYG,Daniel Bellinger,0.6
00-0038115,D.Bellinger,Daniel Bellinger,TE,NYG,MIA,5,2023,0,0,0.0,0,0,0.0,0,1,1,7.0,0,0.7,1.7,NYG,Daniel Bellinger,0.7
00-0038115,D.Bellinger,Daniel Bellinger,TE,NYG,NYJ,8,2023,0,0,0.0,0,0,0.0,0,0,1,0.0,0,0.0,0.0,NYG,Daniel Bellinger,0.0
00-0038115,D.Bellinger,Daniel Bellinger,TE,NYG,LV,9,2023,0,0,0.0,0,0,0.0,0,3,3,43.0,0,4.3,7.3,NYG,Daniel Bellinger,4.3
00-0038115,D.Bellinger,Daniel Bellinger,TE,NYG,DAL,10,2023,0,0,0.0,0,0,0.0,0,2,3,34.0,0,3.4,5.4,NYG,Daniel Bellinger,3.4
00-0038115,D.Bellinger,Daniel Bellinger,TE,NYG,WAS,11,2023,0,0,0.0,0,0,0.0,0,3,3,38.0,0,3.8,6.8,NYG,Daniel Bellinger,3.8
00-0038115,D.Bellinger,Daniel Bellinger,TE,NYG,NE,12,2023,0,0,0.0,0,0,0.0,0,1,1,8.0,0,0.8,1.8,NYG,Daniel Bellinger,0.8
00-0038115,D.Bellinger,Daniel Bellinger,TE,NYG,GB,14,2023,0,0,0.0,0,0,0.0,0,2,2,15.0,0,1.5,3.5,NYG,Daniel Bellinger,1.5
00-0038115,D.Bellinger,Daniel Bellinger,TE,NYG,NO,15,2023,0,0,0.0,0,0,0.0,0,2,2,13.0,0,1.3,3.3,NYG,Daniel Bellinger,1.3
00-0038115,D.Bellinger,Daniel Bellinger,TE,NYG,PHI,16,2023,0,0,0.0,0,0,0.0,0,4,5,43.0,0,4.3,8.3,NYG,Daniel Bellinger,4.3
00-0038115,D.Bellinger,Daniel Bellinger,TE,NYG,LA,17,2023,0,0,0.0,0,0,0.0,0,4,4,39.0,0,3.9,7.9,NYG,Daniel Bellinger,3.9
00-0038117,W.Robinson,Wan'Dale Robinson,WR,NYG,SF,3,2023,0,0,0.0,0,0,0.0,0,4,5,21.0,0,2.1,6.1,NYG,Wan'Dale Robinson,2.1
00-0038117,W.Robinson,Wan'Dale Robinson,WR,NYG,SEA,4,2023,0,0,0.0,0,1,7.0,0,5,6,40.0,0,4.7,9.7,NYG,Wan'Dale Robinson,4.7
00-0038117,W.Robinson,Wan'Dale Robinson,WR,NYG,MIA,5,2023,0,0,0.0,0,1,1.0,0,5,6,18.0,0,1.9,6.9,NYG,Wan'Dale Robinson,1.9
00-0038117,W.Robinson,Wan'Dale Robinson,WR,NYG,BUF,6,2023,0,0,0.0,0,0,0.0,0,8,8,62.0,0,6.2,14.2,NYG,Wan'Dale Robinson,6.2
00-0038117,W.Robinson,Wan'Dale Robinson,WR,NYG,WAS,7,2023,0,0,0.0,0,0,0.0,0,1,2,22.0,0,2.2,3.2,NYG,Wan'Dale Robinson,2.2
00-0038117,W.Robinson,Wan'Dale Robinson,WR,NYG,NYJ,8,2023,0,0,0.0,0,2,17.0,0,0,1,0.0,0,1.7,1.7,NYG,Wan'Dale Robinson,1.7
00-0038117,W.Robinson,Wan'Dale Robinson,WR,NYG,LV,9,2023,0,0,0.0,0,0,0.0,0,4,5,35.0,1,9.5,13.5,NYG,Wan'Dale Robinson,9.5
00-0038117,W.Robinson,Wan'Dale Robinson,WR,NYG,DAL,10,2023,0,0,0.0,0,1,0.0,0,2,3,6.0,0,0.6,2.6,NYG,Wan'Dale Robinson,0.6
00-0038117,W.Robinson,Wan'Dale Robinson,WR,NYG,WAS,11,2023,0,0,0.0,0,1,2.0,0,3,4,35.0,0,3.7,6.7,NYG,Wan'Dale Robinson,3.7
00-0038117,W.Robinson,Wan'Dale Robinson,WR,NYG,NE,12,2023,0,0,0.0,0,0,0.0,0,4,5,26.0,0,2.6,6.6,NYG,Wan'Dale Robinson,2.6
00-0038117,W.Robinson,Wan'Dale Robinson,WR,NYG,GB,14,2023,0,0,0.0,0,2,36.0,0,6,7,79.0,0,11.5,17.5,NYG,Wan'Dale Robinson,11.5
00-0038117,W.Robinson,Wan'Dale Robinson,WR,NYG,NO,15,2023,0,0,0.0,0,0,0.0,0,4,4,25.0,0,2.5,6.5,NYG,Wan'Dale Robinson,2.5
00-0038117,W.Robinson,Wan'Dale Robinson,WR,NYG,PHI,16,2023,0,0,0.0,0,0,0.0,0,3,7,16.0,0,1.6,4.6,NYG,Wan'Dale Robinson,1.6
00-0038117,W.Robinson,Wan'Dale Robinson,WR,NYG,LA,17,2023,0,0,0.0,0,1,24.0,1,6,9,55.0,0,13.9,19.9,NYG,Wan'Dale Robinson,13.9
00-0038117,W.Robinson,Wan'Dale Robinson,WR,NYG,PHI,18,2023,0,0,0.0,0,0,0.0,0,5,6,85.0,0,8.5,13.5,NYG,Wan'Dale Robinson,8.5
00-0038120,B.Hall,Breece Hall,RB,NYJ,BUF,1,2023,0,0,0.0,0,10,127.0,0,1,2,20.0,0,14.7,15.7,NYJ,Breece Hall,14.7
00-0038120,B.Hall,Breece Hall,RB,NYJ,DAL,2,2023,0,0,0.0,0,4,9.0,0,0,2,0.0,0,0.9,0.9,NYJ,Breece Hall,0.9
00-0038120,B.Hall,Breece Hall,RB,NYJ,NE,3,2023,0,0,0.0,0,12,18.0,0,1,2,9.0,0,2.7,3.7,NYJ,Breece Hall,2.7
00-0038120,B.Hall,Breece Hall,RB,NYJ,KC,4,2023,0,0,0.0,0,6,56.0,0,3,4,13.0,0,6.9,9.9,NYJ,Breece Hall,6.9
00-0038120,B.Hall,Breece Hall,RB,NYJ,DEN,5,2023,0,0,0.0,0,22,177.0,1,3,3,17.0,0,25.4,28.4,NYJ,Breece Hall,25.4
00-0038120,B.Hall,Breece Hall,RB,NYJ,PHI,6,2023,0,0,0.0,0,12,39.0,1,5,5,54.0,0,15.3,20.3,NYJ,Breece Hall,15.3
00-0038120,B.Hall,Breece Hall,RB,NYJ,NYG,8,2023,0,0,0.0,0,12,17.0,0,6,9,76.0,1,15.3,21.3,NYJ,Breece Hall,15.3
00-0038120,B.Hall,Breece Hall,RB,NYJ,LAC,9,2023,0,0,0.0,0,16,50.0,0,4,4,10.0,0,6.0,10.0,NYJ,Breece Hall,6.0
00-0038120,B.Hall,Breece Hall,RB,NYJ,LV,10,2023,0,0,0.0,0,13,28.0,0,3,3,47.0,0,7.5,10.5,NYJ,Breece Hall,7.5
00-0038120,B.Hall,Breece Hall,RB,NYJ,BUF,11,2023,0,0,0.0,0,10,23.0,0,5,6,50.0,1,13.3,18.3,NYJ,Breece Hall,13.3
00-0038120,B.Hall,Breece Hall,RB,NYJ,MIA,12,2023,0,0,0.0,0,7,25.0,0,7,9,24.0,0,4.9,11.9,NYJ,Breece Hall,4.9
00-0038120,B.Hall,Breece Hall,RB,NYJ,ATL,13,2023,0,0,0.0,0,13,16.0,0,6,8,29.0,0,4.5,10.5,NYJ,Breece Hall,4.5
00-0038120,B.Hall,Breece Hall,RB,NYJ,HOU,14,2023,0,0,0.0,0,10,40.0,0,8,9,86.0,1,18.6,26.6,NYJ,Breece Hall,18.6
00-0038120,B.Hall,Breece Hall,RB,NYJ,MIA,15,2023,0,0,0.0,0,6,12.0,0,1,2,6.0,0,1.8,2.8,NYJ,Breece Hall,1.8
00-0038120,B.Hall,Breece Hall,RB,NYJ,WAS,16,2023,0,0,0.0,0,20,95.0,2,12,16,96.0,0,31.1,43.1,NYJ,Breece Hall,31.1
00-0038120,B.Hall,Breece Hall,RB,NYJ,CLE,17,2023,0,0,0.0,0,13,84.0,0,9,9,42.0,1,18.6,27.6,NYJ,Breece Hall,18.6
00-0038120,B.Hall,Breece Hall,RB,NYJ,NE,18,2023,0,0,0.0,0,37,178.0,1,2,2,12.0,0,27.0,29.0,NYJ,Breece Hall,27.0
00-0038122,D.Ridder,Desmond Ridder,QB,ATL,CAR,1,2023,15,18,115.0,1,1,-1.0,0,1,1,-6.0,0,7.9,8.9,ATL,Desmond Ridder,7.9
00-0038122,D.Ridder,Desmond Ridder,QB,ATL,GB,2,2023,19,32,237.0,1,10,39.0,1,0,0,0.0,0,21.38,21.38,ATL,Desmond Ridder,21.38
00-0038122,D.Ridder,Desmond Ridder,QB,ATL,DET,3,2023,21,38,201.0,0,2,3.0,0,0,0,0.0,0,6.34,6.34,ATL,Desmond Ridder,6.34
00-0038122,D.Ridder,Desmond Ridder,QB,ATL,JAX,4,2023,19,31,191.0,1,1,6.0,0,0,0,0.0,0,6.24,6.24,ATL,Desmond Ridder,6.24
00-0038122,D.Ridder,Desmond Ridder,QB,ATL,HOU,5,2023,28,37,329.0,1,4,10.0,1,0,0,0.0,0,26.16,26.16,ATL,Desmond Ridder,26.16
00-0038122,D.Ridder,Desmond Ridder,QB,ATL,WAS,6,2023,28,47,307.0,2,2,18.0,0,0,0,0.0,0,16.08,16.08,ATL,Desmond Ridder,16.08
00-0038122,D.Ridder,Desmond Ridder,QB,ATL,TB,7,2023,19,25,250.0,0,6,38.0,1,0,0,0.0,0,17.8,17.8,ATL,Desmond Ridder,17.8
00-0038122,D.Ridder,Desmond Ridder,QB,ATL,TEN,8,2023,8,12,71.0,0,3,26.0,0,0,0,0.0,0,3.44,3.44,ATL,Desmond Ridder,3.44
00-0038122,D.Ridder,Desmond Ridder,QB,ATL,ARI,10,2023,4,6,39.0,0,3,11.0,1,0,0,0.0,0,8.66,8.66,ATL,Desmond Ridder,8.66
00-0038122,D.Ridder,Desmond Ridder,QB,ATL,NO,12,2023,13,21,168.0,1,7,30.0,0,0,0,0.0,0,9.72,9.72,ATL,Desmond Ridder,9.72
00-0038122,D.Ridder,Desmond Ridder,QB,ATL,NYJ,13,2023,12,27,121.0,1,3,0.0,0,0,0,0.0,0,8.84,8.84,ATL,Desmond Ridder,8.84
00-0038122,D.Ridder,Desmond Ridder,QB,ATL,TB,14,2023,26,40,347.0,1,4,15.0,1,0,0,0.0,0,25.38,25.38,ATL,Desmond Ridder,25.38
00-0038122,D.Ridder,Desmond Ridder,QB,ATL,CAR,15,2023,12,20,152.0,1,5,-2.0,0,0,0,0.0,0,7.88,7.88,ATL,Desmond Ridder,7.88
00-0038122,D.Ridder,Desmond Ridder,QB,ATL,CHI,17,2023,3,4,17.0,0,0,0.0,0,0,0,0.0,0,-1.32,-1.32,ATL,Desmond Ridder,-1.32
00-0038122,D.Ridder,Desmond Ridder,QB,ATL,NO,18,2023,22,30,291.0,2,2,0.0,0,0,0,0.0,0,15.64,15.64,ATL,Desmond Ridder,15.64
00-0038124,C.Watson,Christian Watson,WR,GB,DET,4,2023,0,0,0.0,0,0,0.0,0,2,4,25.0,1,8.5,10.5,GB,Christian Watson,8.5
00-0038124,C.Watson,Christian Watson,WR,GB,LV,5,2023,0,0,0.0,0,1,-5.0,0,3,7,91.0,0,8.6,11.6,GB,Christian Watson,8.6
00-0038124,C.Watson,Christian Watson,WR,GB,DEN,7,2023,0,0,0.0,0,0,0.0,0,3,5,27.0,0,2.7,5.7,GB,Christian Watson,2.7
00-0038124,C.Watson,Christian Watson,WR,GB,MIN,8,2023,0,0,0.0,0,0,0.0,0,3,8,33.0,0,3.3,6.3,GB,Christian Watson,3.3
00-0038124,C.Watson,Christian Watson,WR,GB,LA,9,2023,0,0,0.0,0,0,0.0,0,1,2,37.0,0,3.7,4.7,GB,Christian Watson,3.7
00-0038124,C.Watson,Christian Watson,WR,GB,PIT,10,2023,0,0,0.0,0,0,0.0,0,2,7,23.0,0,2.3,4.3,GB,Christian Watson,2.3
00-0038124,C.Watson,Christian Watson,WR,GB,LAC,11,2023,0,0,0.0,0,1,1.0,0,2,4,21.0,1,8.2,10.2,GB,Christian Watson,8.2
00-0038124,C.Watson,Christian Watson,WR,GB,DET,12,2023,0,0,0.0,0,0,0.0,0,5,7,94.0,1,15.4,20.4,GB,Christian Watson,15.4
00-0038124,C.Watson,Christian Watson,WR,GB,KC,13,2023,0,0,0.0,0,2,15.0,0,7,9,71.0,2,20.6,27.6,GB,Christian Watson,20.6
00-0038124,C.Watson,Christian Watson,WR,GB,DAL,19,2023,0,0,0.0,0,0,0.0,0,1,1,9.0,0,0.9,1.9,GB,Christian Watson,0.9
00-0038124,C.Watson,Christian Watson,WR,GB,SF,20,2023,0,0,0.0,0,0,0.0,0,1,2,11.0,0,1.1,2.1,GB,Christian Watson,1.1
00-0038128,M.Willis,Malik Willis,QB,TEN,BAL,6,2023,4,5,74.0,0,3,17.0,0,0,0,0.0,0,4.66,4.66,TEN,Malik Willis,4.66
00-0038128,M.Willis,Malik Willis,QB,TEN,ATL,8,2023,0,0,0.0,0,2,4.0,0,0,0,0.0,0,-1.6,-1.6,TEN,Malik Willis,-1.6
00-0038129,C.Otton,Cade Otton,TE,TB,MIN,1,2023,0,0,0.0,0,0,0.0,0,2,3,19.0,0,1.9,3.9,TB,Cade Otton,1.9
00-0038129,C.Otton,Cade Otton,TE,TB,CHI,2,2023,0,0,0.0,0,0,0.0,0,6,6,41.0,0,4.1,10.1,TB,Cade Otton,4.1
00-0038129,C.Otton,Cade Otton,TE,TB,PHI,3,2023,0,0,0.0,0,0,0.0,0,1,2,16.0,0,1.6,2.6,TB,Cade Otton,1.6
00-0038129,C.Otton,Cade Otton,TE,TB,NO,4,2023,0,0,0.0,0,0,0.0,0,3,4,13.0,1,7.3,10.3,TB,Cade Otton,7.3
00-0038129,C.Otton,Cade Otton,TE,TB,DET,6,2023,0,0,0.0,0,0,0.0,0,1,2,15.0,0,1.5,2.5,TB,Cade Otton,1.5
00-0038129,C.Otton,Cade Otton,TE,TB,ATL,7,2023,0,0,0.0,0,0,0.0,0,5,6,43.0,0,4.3,9.3,TB,Cade Otton,4.3
00-0038129,C.Otton,Cade Otton,TE,TB,BUF,8,2023,0,0,0.0,0,0,0.0,0,4,6,27.0,0,4.7,8.7,TB,Cade Otton,4.7
00-0038129,C.Otton,Cade Otton,TE,TB,HOU,9,2023,0,0,0.0,0,0,0.0,0,6,9,70.0,2,17.0,23.0,TB,Cade Otton,17.0
00-0038129,C.Otton,Cade Otton,TE,TB,TEN,10,2023,0,0,0.0,0,0,0.0,0,2,3,10.0,0,1.0,3.0,TB,Cade Otton,1.0
00-0038129,C.Otton,Cade Otton,TE,TB,SF,11,2023,0,0,0.0,0,0,0.0,0,4,5,49.0,0,4.9,8.9,TB,Cade Otton,4.9
00-0038129,C.Otton,Cade Otton,TE,TB,IND,12,2023,0,0,0.0,0,0,0.0,0,4,4,45.0,0,4.5,8.5,TB,Cade Otton,4.5
00-0038129,C.Otton,Cade Otton,TE,TB,ATL,14,2023,0,0,0.0,0,0,0.0,0,2,5,16.0,1,7.6,9.6,TB,Cade Otton,7.6
00-0038129,C.Otton,Cade Otton,TE,TB,GB,15,2023,0,0,0.0,0,0,0.0,0,2,2,44.0,0,4.4,6.4,TB,Cade Otton,4.4
00-0038129,C.Otton,Cade Otton,TE,TB,JAX,16,2023,0,0,0.0,0,0,0.0,0,1,1,7.0,0,0.7,1.7,TB,Cade Otton,0.7
00-0038129,C.Otton,Cade Otton,TE,TB,NO,17,2023,0,0,0.0,0,0,0.0,0,2,6,10.0,0,1.0,3.0,TB,Cade Otton,1.0
00-0038129,C.Otton,Cade Otton,TE,TB,CAR,18,2023,0,0,0.0,0,0,0.0,0,2,3,30.0,0,3.0,5.0,TB,Cade Otton,3.0
00-0038129,C.Otton,Cade Otton,TE,TB,PHI,19,2023,0,0,0.0,0,0,0.0,0,8,11,89.0,0,8.9,16.9,TB,Cade Otton,8.9
00-0038129,C.Otton,Cade Otton,TE,TB,DET,20,2023,0,0,0.0,0,0,0.0,0,5,8,65.0,1,12.5,17.5,TB,Cade Otton,12.5
00-0038134,K.Walker,Kenneth Walker III,RB,SEA,LA,1,2023,0,0,0.0,0,12,64.0,0,4,5,3.0,0,6.7,10.7,SEA,Kenneth Walker III,6.7
00-0038134,K.Walker,Kenneth Walker III,RB,SEA,DET,2,2023,0,0,0.0,0,17,43.0,2,1,2,11.0,0,17.4,18.4,SEA,Kenneth Walker III,17.4
00-0038134,K.Walker,Kenneth Walker III,RB,SEA,CAR,3,2023,0,0,0.0,0,18,97.0,2,3,3,59.0,0,27.6,30.6,SEA,Kenneth Walker III,27.6
00-0038134,K.Walker,Kenneth Walker III,RB,SEA,NYG,4,2023,0,0,0.0,0,17,79.0,1,0,0,0.0,0,13.9,13.9,SEA,Kenneth Walker III,13.9
00-0038134,K.Walker,Kenneth Walker III,RB,SEA,CIN,6,2023,0,0,0.0,0,19,62.0,1,3,3,27.0,0,14.9,17.9,SEA,Kenneth Walker III,14.9
00-0038134,K.Walker,Kenneth Walker III,RB,SEA,ARI,7,2023,0,0,0.0,0,26,105.0,0,2,3,6.0,0,11.1,13.1,SEA,Kenneth Walker III,11.1
00-0038134,K.Walker,Kenneth Walker III,RB,SEA,CLE,8,2023,0,0,0.0,0,8,66.0,0,1,2,4.0,0,7.0,8.0,SEA,Kenneth Walker III,7.0
00-0038134,K.Walker,Kenneth Walker III,RB,SEA,BAL,9,2023,0,0,0.0,0,9,16.0,0,1,2,1.0,0,1.7,2.7,SEA,Kenneth Walker III,1.7
00-0038134,K.Walker,Kenneth Walker III,RB,SEA,WAS,10,2023,0,0,0.0,0,19,63.0,0,1,2,64.0,1,18.7,19.7,SEA,Kenneth Walker III,18.7
00-0038134,K.Walker,Kenneth Walker III,RB,SEA,LA,11,2023,0,0,0.0,0,4,18.0,0,1,1,-2.0,0,1.6,2.6,SEA,Kenneth Walker III,1.6
00-0038134,K.Walker,Kenneth Walker III,RB,SEA,SF,14,2023,0,0,0.0,0,8,21.0,0,4,5,33.0,0,5.4,9.4,SEA,Kenneth Walker III,5.4
00-0038134,K.Walker,Kenneth Walker III,RB,SEA,PHI,15,2023,0,0,0.0,0,19,86.0,1,3,3,26.0,0,17.2,20.2,SEA,Kenneth Walker III,17.2
00-0038134,K.Walker,Kenneth Walker III,RB,SEA,TEN,16,2023,0,0,0.0,0,16,54.0,0,1,2,2.0,0,5.6,6.6,SEA,Kenneth Walker III,5.6
00-0038134,K.Walker,Kenneth Walker III,RB,SEA,PIT,17,2023,0,0,0.0,0,10,53.0,1,3,3,22.0,0,13.5,16.5,SEA,Kenneth Walker III,13.5
00-0038134,K.Walker,Kenneth Walker III,RB,SEA,ARI,18,2023,0,0,0.0,0,17,78.0,0,1,1,3.0,0,8.1,9.1,SEA,Kenneth Walker III,8.1
00-0038389,I.Abanikanda,Israel Abanikanda,RB,NYJ,BUF,11,2023,0,0,0.0,0,1,11.0,0,1,2,5.0,0,1.6,2.6,NYJ,Israel Abanikanda,1.6
00-0038389,I.Abanikanda,Israel Abanikanda,RB,NYJ,HOU,14,2023,0,0,0.0,0,3,-1.0,0,0,0,0.0,0,-0.1,-0.1,NYJ,Israel Abanikanda,-0.1
00-0038389,I.Abanikanda,Israel Abanikanda,RB,NYJ,MIA,15,2023,0,0,0.0,0,4,8.0,0,2,2,11.0,0,1.9,3.9,NYJ,Israel Abanikanda,1.9
00-0038389,I.Abanikanda,Israel Abanikanda,RB,NYJ,WAS,16,2023,0,0,0.0,0,9,43.0,0,0,0,0.0,0,4.3,4.3,NYJ,Israel Abanikanda,4.3
00-0038389,I.Abanikanda,Israel Abanikanda,RB,NYJ,CLE,17,2023,0,0,0.0,0,2,3.0,0,4,7,27.0,0,3.0,7.0,NYJ,Israel Abanikanda,3.0
00-0038389,I.Abanikanda,Israel Abanikanda,RB,NYJ,NE,18,2023,0,0,0.0,0,3,6.0,0,0,0,0.0,0,0.6,0.6,NYJ,Israel Abanikanda,0.6
00-0038391,S.Clifford,Sean Clifford,QB,GB,CHI,1,2023,0,0,0.0,0,1,0.0,0,0,0,0.0,0,0.0,0.0,GB,Sean Clifford,0.0
00-0038391,S.Clifford,Sean Clifford,QB,GB,MIN,17,2023,1,1,37.0,0,2,-2.0,0,0,0,0.0,0,1.28,1.28,GB,Sean Clifford,1.28
00-0038393,D.Wicks,Dontayvion Wicks,WR,GB,CHI,1,2023,0,0,0.0,0,0,0.0,0,0,2,0.0,0,0.0,0.0,GB,Dontayvion Wicks,0.0
00-0038393,D.Wicks,Dontayvion Wicks,WR,GB,ATL,2,2023,0,0,0.0,0,0,0.0,0,2,4,40.0,1,10.0,12.0,GB,Dontayvion Wicks,10.0
00-0038393,D.Wicks,Dontayvion Wicks,WR,GB,NO,3,2023,0,0,0.0,0,0,0.0,0,4,6,45.0,0,4.5,8.5,GB,Dontayvion Wicks,4.5
00-0038393,D.Wicks,Dontayvion Wicks,WR,GB,DET,4,2023,0,0,0.0,0,0,0.0,0,0,1,0.0,0,0.0,0.0,GB,Dontayvion Wicks,0.0
00-0038393,D.Wicks,Dontayvion Wicks,WR,GB,LV,5,2023,0,0,0.0,0,0,0.0,0,1,1,10.0,0,1.0,2.0,GB,Dontayvion Wicks,1.0
00-0038393,D.Wicks,Dontayvion Wicks,WR,GB,DEN,7,2023,1,1,14.0,0,1,1.0,0,1,1,17.0,0,2.36,3.36,GB,Dontayvion Wicks,2.36
00-0038393,D.Wicks,Dontayvion Wicks,WR,GB,MIN,8,2023,0,0,0.0,0,0,0.0,0,2,4,28.0,0,2.8,4.8,GB,Dontayvion Wicks,2.8
00-0038393,D.Wicks,Dontayvion Wicks,WR,GB,LA,9,2023,0,0,0.0,0,0,0.0,0,4,4,49.0,0,2.9,6.9,GB,Dontayvion Wicks,2.9
00-0038393,D.Wicks,Dontayvion Wicks,WR,GB,PIT,10,2023,0,0,0.0,0,0,0.0,0,3,4,51.0,0,5.1,8.1,GB,Dontayvion Wicks,5.1
00-0038393,D.Wicks,Dontayvion Wicks,WR,GB,LAC,11,2023,0,0,0.0,0,0,0.0,0,3,5,91.0,0,9.1,12.1,GB,Dontayvion Wicks,9.1
00-0038393,D.Wicks,Dontayvion Wicks,WR,GB,KC,13,2023,0,0,0.0,0,0,0.0,0,3,4,43.0,0,4.3,7.3,GB,Dontayvion Wicks,4.3
00-0038393,D.Wicks,Dontayvion Wicks,WR,GB,NYG,14,2023,0,0,0.0,0,0,0.0,0,2,6,20.0,0,2.0,4.0,GB,Dontayvion Wicks,2.0
00-0038393,D.Wicks,Dontayvion Wicks,WR,GB,TB,15,2023,0,0,0.0,0,0,0.0,0,6,7,97.0,0,9.7,15.7,GB,Dontayvion Wicks,9.7
00-0038393,D.Wicks,Dontayvion Wicks,WR,GB,CAR,16,2023,0,0,0.0,0,0,0.0,0,2,2,29.0,1,8.9,10.9,GB,Dontayvion Wicks,8.9
00-0038393,D.Wicks,Dontayvion Wicks,WR,GB,CHI,18,2023,0,0,0.0,0,0,0.0,0,6,7,61.0,2,18.1,24.1,GB,Dontayvion Wicks,18.1
00-0038393,D.Wicks,Dontayvion Wicks,WR,GB,DAL,19,2023,0,0,0.0,0,0,0.0,0,2,2,25.0,1,8.5,10.5,GB,Dontayvion Wicks,8.5
00-0038393,D.Wicks,Dontayvion Wicks,WR,GB,SF,20,2023,0,0,0.0,0,0,0.0,0,0,2,0.0,0,0.0,0.0,GB,Dontayvion Wicks,0.0
00-0038394,W.Mallory,Will Mallory,TE,IND,HOU,2,2023,0,0,0.0,0,0,0.0,0,2,2,49.0,0,4.9,6.9,IND,Will Mallory,4.9
00-0038394,W.Mallory,Will Mallory,TE,IND,JAX,6,2023,0,0,0.0,0,0,0.0,0,0,1,0.0,0,0.0,0.0,IND,Will Mallory,0.0
00-0038394,W.Mallory,Will Mallory,TE,IND,CLE,7,2023,0,0,0.0,0,0,0.0,0,0,1,0.0,0,0.0,0.0,IND,Will Mallory,0.0
00-0038394,W.Mallory,Will Mallory,TE,IND,NO,8,2023,0,0,0.0,0,0,0.0,0,1,2,6.0,0,0.6,1.6,IND,Will Mallory,0.6
00-0038394,W.Mallory,Will Mallory,TE,IND,NE,10,2023,0,0,0.0,0,0,0.0,0,1,2,7.0,0,0.7,1.7,IND,Will Mallory,0.7
00-0038394,W.Mallory,Will Mallory,TE,IND,TB,12,2023,0,0,0.0,0,0,0.0,0,2,3,29.0,0,2.9,4.9,IND,Will Mallory,2.9
00-0038394,W.Mallory,Will Mallory,TE,IND,TEN,13,2023,0,0,0.0,0,0,0.0,0,2,4,4.0,0,0.4,2.4,IND,Will Mallory,0.4
00-0038394,W.Mallory,Will Mallory,TE,IND,CIN,14,2023,0,0,0.0,0,0,0.0,0,5,5,46.0,0,4.6,9.6,IND,Will Mallory,4.6
00-0038394,W.Mallory,Will Mallory,TE,IND,ATL,16,2023,0,0,0.0,0,0,0.0,0,4,4,47.0,0,4.7,8.7,IND,Will Mallory,4.7
00-0038394,W.Mallory,Will Mallory,TE,IND,LV,17,2023,0,0,0.0,0,0,0.0,0,1,1,19.0,0,1.9,2.9,IND,Will Mallory,1.9
00-0038394,W.Mallory,Will Mallory,TE,IND,HOU,18,2023,0,0,0.0,0,0,0.0,0,0,1,0.0,0,0.0,0.0,IND,Will Mallory,0.0
00-0038396,E.Gray,Eric Gray,RB,NYG,MIA,5,2023,0,0,0.0,0,12,25.0,0,1,1,1.0,0,2.6,3.6,NYG,Eric Gray,2.6
00-0038396,E.Gray,Eric Gray,RB,NYG,BUF,6,2023,0,0,0.0,0,1,2.0,0,0,0,0.0,0,0.2,0.2,NYG,Eric Gray,0.2
00-0038396,E.Gray,Eric Gray,RB,NYG,NO,15,2023,0,0,0.0,0,0,0.0,0,3,4,6.0,0,0.6,3.6,NYG,Eric Gray,0.6
00-0038396,E.Gray,Eric Gray,RB,NYG,LA,17,2023,0,0,0.0,0,1,2.0,0,1,1,6.0,0,0.8,1.8,NYG,Eric Gray,0.8
00-0038396,E.Gray,Eric Gray,RB,NYG,PHI,18,2023,0,0,0.0,0,3,19.0,0,1,1,9.0,0,2.8,3.8,NYG,Eric Gray,2.8
00-0038397,E.Hull,Evan Hull,RB,IND,JAX,1,2023,0,0,0.0,0,1,1.0,0,1,1,6.0,0,0.7,1.7,IND,Evan Hull,0.7
00-0038416,T.Bagent,Tyson Bagent,QB,CHI,MIN,6,2023,10,14,83.0,0,2,4.0,1,0,0,0.0,0,5.72,5.72,CHI,Tyson Bagent,5.72
00-0038416,T.Bagent,Tyson Bagent,QB,CHI,LV,7,2023,21,29,162.0,1,3,24.0,0,0,0,0.0,0,12.88,12.88,CHI,Tyson Bagent,12.88
00-0038416,T.Bagent,Tyson Bagent,QB,CHI,LAC,8,2023,25,37,232.0,0,4,-1.0,1,0,0,0.0,0,11.18,11.18,CHI,Tyson Bagent,11.18
00-0038416,T.Bagent,Tyson Bagent,QB,CHI,NO,9,2023,18,30,220.0,2,8,70.0,0,0,0,0.0,0,15.8,15.8,CHI,Tyson Bagent,15.8
00-0038416,T.Bagent,Tyson Bagent,QB,CHI,CAR,10,2023,20,33,162.0,0,6,12.0,0,0,0,0.0,0,7.68,7.68,CHI,Tyson Bagent,7.68
00-0038454,K.Mitchell,Keaton Mitchell,RB,BAL,DET,7,2023,0,0,0.0,0,0,0.0,0,1,1,9.0,0,0.9,1.9,BAL,Keaton Mitchell,0.9
00-0038454,K.Mitchell,Keaton Mitchell,RB,BAL,SEA,9,2023,0,0,0.0,0,9,138.0,1,1,1,-4.0,0,19.4,20.4,BAL,Keaton Mitchell,19.4
00-0038454,K.Mitchell,Keaton Mitchell,RB,BAL,CLE,10,2023,0,0,0.0,0,3,34.0,1,1,2,32.0,0,12.6,13.6,BAL,Keaton Mitchell,12.6
00-0038454,K.Mitchell,Keaton Mitchell,RB,BAL,CIN,11,2023,0,0,0.0,0,8,33.0,0,1,1,8.0,0,4.1,5.1,BAL,Keaton Mitchell,4.1
00-0038454,K.Mitchell,Keaton Mitchell,RB,BAL,LAC,12,2023,0,0,0.0,0,9,64.0,0,2,2,25.0,0,8.9,10.9,BAL,Keaton Mitchell,8.9
00-0038454,K.Mitchell,Keaton Mitchell,RB,BAL,LA,14,2023,0,0,0.0,0,9,54.0,0,1,2,8.0,0,6.2,7.2,BAL,Keaton Mitchell,6.2
00-0038454,K.Mitchell,Keaton Mitchell,RB,BAL,JAX,15,2023,0,0,0.0,0,9,73.0,0,2,2,15.0,0,8.8,10.8,BAL,Keaton Mitchell,8.8
00-0038465,M.Heath,Malik Heath,WR,GB,CHI,1,2023,0,0,0.0,0,0,0.0,0,0,1,0.0,0,0.0,0.0,GB,Malik Heath,0.0
00-0038465,M.Heath,Malik Heath,WR,GB,ATL,2,2023,0,0,0.0,0,0,0.0,0,0,1,0.0,0,0.0,0.0,GB,Malik Heath,0.0
00-0038465,M.Heath,Malik Heath,WR,GB,NO,3,2023,0,0,0.0,0,0,0.0,0,0,2,0.0,0,0.0,0.0,GB,Malik Heath,0.0
00-0038465,M.Heath,Malik Heath,WR,GB,LA,9,2023,0,0,0.0,0,0,0.0,0,0,1,0.0,0,0.0,0.0,GB,Malik Heath,0.0
00-0038465,M.Heath,Malik Heath,WR,GB,LAC,11,2023,0,0,0.0,0,0,0.0,0,1,1,7.0,0,0.7,1.7,GB,Malik Heath,0.7
00-0038465,M.Heath,Malik Heath,WR,GB,DET,12,2023,0,0,0.0,0,0,0.0,0,4,4,46.0,0,4.6,8.6,GB,Malik Heath,4.6
00-0038465,M.Heath,Malik Heath,WR,GB,KC,13,2023,0,0,0.0,0,0,0.0,0,1,2,15.0,0,1.5,2.5,GB,Malik Heath,1.5
00-0038465,M.Heath,Malik Heath,WR,GB,NYG,14,2023,0,0,0.0,0,0,0.0,0,1,2,6.0,1,6.6,7.6,GB,Malik Heath,6.6
00-0038465,M.Heath,Malik Heath,WR,GB,TB,15,2023,0,0,0.0,0,0,0.0,0,3,3,29.0,0,2.9,5.9,GB,Malik Heath,2.9
00-0038465,M.Heath,Malik Heath,WR,GB,CAR,16,2023,0,0,0.0,0,0,0.0,0,1,1,0.0,0,0.0,1.0,GB,Malik Heath,0.0
00-0038465,M.Heath,Malik Heath,WR,GB,MIN,17,2023,0,0,0.0,0,0,0.0,0,1,2,13.0,0,1.3,2.3,GB,Malik Heath,1.3
00-0038465,M.Heath,Malik Heath,WR,GB,CHI,18,2023,0,0,0.0,0,0,0.0,0,3,4,9.0,0,0.9,3.9,GB,Malik Heath,0.9
00-0038476,T.DeVito,Tommy DeVito,QB,NYG,NYJ,8,2023,2,7,-1.0,0,4,12.0,1,0,0,0.0,0,7.16,7.16,NYG,Tommy DeVito,7.16
00-0038476,T.DeVito,Tommy DeVito,QB,NYG,LV,9,2023,15,20,175.0,1,4,17.0,0,0,0,0.0,0,8.7,8.7,NYG,Tommy DeVito,8.7
00-0038476,T.DeVito,Tommy DeVito,QB,NYG,DAL,10,2023,14,27,86.0,2,7,41.0,0,0,0,0.0,0,13.54,13.54,NYG,Tommy DeVito,13.54
00-0038476,T.DeVito,Tommy DeVito,QB,NYG,WAS,11,2023,18,26,246.0,3,1,7.0,0,0,0,0.0,0,22.54,22.54,NYG,Tommy DeVito,22.54
00-0038476,T.DeVito,Tommy DeVito,QB,NYG,NE,12,2023,17,25,191.0,1,5,6.0,0,0,0,0.0,0,10.24,10.24,NYG,Tommy DeVito,10.24
00-0038476,T.DeVito,Tommy DeVito,QB,NYG,GB,14,2023,17,21,158.0,1,10,71.0,0,0,0,0.0,0,17.42,17.42,NYG,Tommy DeVito,17.42
00-0038476,T.DeVito,Tommy DeVito,QB,NYG,NO,15,2023,20,34,177.0,0,4,36.0,0,0,0,0.0,0,10.68,10.68,NYG,Tommy DeVito,10.68
00-0038476,T.DeVito,Tommy DeVito,QB,NYG,PHI,16,2023,9,16,55.0,0,1,5.0,0,0,0,0.0,0,2.7,2.7,NYG,Tommy DeVito,2.7
00-0038476,T.DeVito,Tommy DeVito,QB,NYG,PHI,18,2023,2,2,14.0,0,0,0.0,0,0,0,0.0,0,0.56,0.56,NYG,Tommy DeVito,0.56
00-0038490,T.Zentner,Ty Zentner,P,TEN,JAX,18,2023,0,0,0.0,0,1,0.0,0,0,0,0.0,0,0.0,0.0,TEN,Ty Zentner,0.0
00-0038492,J.Brownlee,Jason Brownlee,WR,NYJ,MIA,12,2023,0,0,0.0,0,0,0.0,0,2,2,20.0,0,2.0,4.0,NYJ,Jason Brownlee,2.0
00-0038492,J.Brownlee,Jason Brownlee,WR,NYJ,WAS,16,2023,0,0,0.0,0,0,0.0,0,1,3,8.0,1,6.8,7.8,NYJ,Jason Brownlee,6.8
00-0038492,J.Brownlee,Jason Brownlee,WR,NYJ,CLE,17,2023,0,0,0.0,0,0,0.0,0,2,2,28.0,0,2.8,4.8,NYJ,Jason Brownlee,2.8
00-0038492,J.Brownlee,Jason Brownlee,WR,NYJ,NE,18,2023,0,0,0.0,0,0,0.0,0,0,1,0.0,0,0.0,0.0,NYJ,Jason Brownlee,0.0
00-0038496,X.Gipson,Xavier Gipson,WR,NYJ,NYJ,1,2023,0,0,0.0,0,0,0.0,0,0,0,0.0,0,6.0,6.0,NYJ,Xavier Gipson,6.0
00-0038496,X.Gipson,Xavier Gipson,WR,NYJ,KC,4,2023,0,0,0.0,0,2,13.0,0,1,1,4.0,0,1.7,2.7,NYJ,Xavier Gipson,1.7
00-0038496,X.Gipson,Xavier Gipson,WR,NYJ,PHI,6,2023,0,0,0.0,0,1,18.0,0,0,0,0.0,0,1.8,1.8,NYJ,Xavier Gipson,1.8
00-0038496,X.Gipson,Xavier Gipson,WR,NYJ,NYG,8,2023,0,0,0.0,0,1,3.0,0,0,1,0.0,0,0.3,0.3,NYJ,Xavier Gipson,0.3
00-0038496,X.Gipson,Xavier Gipson,WR,NYJ,LAC,9,2023,0,0,0.0,0,0,0.0,0,2,2,32.0,0,3.2,5.2,NYJ,Xavier Gipson,3.2
00-0038496,X.Gipson,Xavier Gipson,WR,NYJ,LV,10,2023,0,0,0.0,0,0,0.0,0,1,3,24.0,0,2.4,3.4,NYJ,Xavier Gipson,2.4
00-0038496,X.Gipson,Xavier Gipson,WR,NYJ,BUF,11,2023,0,0,0.0,0,0,0.0,0,1,2,7.0,0,0.7,1.7,NYJ,Xavier Gipson,0.7
00-0038496,X.Gipson,Xavier Gipson,WR,NYJ,MIA,12,2023,0,0,0.0,0,0,0.0,0,2,2,15.0,0,1.5,3.5,NYJ,Xavier Gipson,1.5
00-0038496,X.Gipson,Xavier Gipson,WR,NYJ,ATL,13,2023,0,0,0.0,0,1,1.0,0,5,6,77.0,0,7.8,12.8,NYJ,Xavier Gipson,7.8
00-0038496,X.Gipson,Xavier Gipson,WR,NYJ,HOU,14,2023,0,0,0.0,0,1,9.0,1,1,1,3.0,0,7.2,8.2,NYJ,Xavier Gipson,7.2
00-0038496,X.Gipson,Xavier Gipson,WR,NYJ,MIA,15,2023,0,0,0.0,0,0,0.0,0,2,6,29.0,0,2.9,4.9,NYJ,Xavier Gipson,2.9
00-0038496,X.Gipson,Xavier Gipson,WR,NYJ,WAS,16,2023,0,0,0.0,0,1,16.0,0,1,2,1.0,0,1.7,2.7,NYJ,Xavier Gipson,1.7
00-0038496,X.Gipson,Xavier Gipson,WR,NYJ,CLE,17,2023,0,0,0.0,0,1,8.0,0,4,7,33.0,0,4.1,8.1,NYJ,Xavier Gipson,4.1
00-0038496,X.Gipson,Xavier Gipson,WR,NYJ,NE,18,2023,0,0,0.0,0,0,0.0,0,1,5,4.0,0,0.4,1.4,NYJ,Xavier Gipson,0.4
00-0038542,B.Robinson,Bijan Robinson,RB,ATL,CAR,1,2023,0,0,0.0,0,10,56.0,0,6,6,27.0,1,14.3,20.3,ATL,Bijan Robinson,14.3
00-0038542,B.Robinson,Bijan Robinson,RB,ATL,GB,2,2023,0,0,0.0,0,19,124.0,0,4,5,48.0,0,17.2,21.2,ATL,Bijan Robinson,17.2
00-0038542,B.Robinson,Bijan Robinson,RB,ATL,DET,3,2023,0,0,0.0,0,10,33.0,0,4,6,27.0,0,6.0,10.0,ATL,Bijan Robinson,6.0
00-0038542,B.Robinson,Bijan Robinson,RB,ATL,JAX,4,2023,0,0,0.0,0,14,105.0,0,5,5,32.0,0,13.7,18.7,ATL,Bijan Robinson,13.7
00-0038542,B.Robinson,Bijan Robinson,RB,ATL,HOU,5,2023,0,0,0.0,0,14,46.0,0,2,2,12.0,1,9.8,11.8,ATL,Bijan Robinson,9.8
00-0038542,B.Robinson,Bijan Robinson,RB,ATL,WAS,6,2023,0,0,0.0,0,13,37.0,0,5,8,43.0,0,8.0,13.0,ATL,Bijan Robinson,8.0
00-0038542,B.Robinson,Bijan Robinson,RB,ATL,TB,7,2023,0,0,0.0,0,1,3.0,0,0,0,0.0,0,0.3,0.3,ATL,Bijan Robinson,0.3
00-0038542,B.Robinson,Bijan Robinson,RB,ATL,TEN,8,2023,0,0,0.0,0,11,62.0,1,0,5,0.0,0,12.2,12.2,ATL,Bijan Robinson,12.2
00-0038542,B.Robinson,Bijan Robinson,RB,ATL,MIN,9,2023,0,0,0.0,0,11,51.0,0,2,4,8.0,0,3.9,5.9,ATL,Bijan Robinson,3.9
00-0038542,B.Robinson,Bijan Robinson,RB,ATL,ARI,10,2023,0,0,0.0,0,22,95.0,1,1,2,11.0,0,16.6,17.6,ATL,Bijan Robinson,16.6
00-0038542,B.Robinson,Bijan Robinson,RB,ATL,NO,12,2023,0,0,0.0,0,16,91.0,1,3,6,32.0,1,24.3,27.3,ATL,Bijan Robinson,24.3
00-0038542,B.Robinson,Bijan Robinson,RB,ATL,NYJ,13,2023,0,0,0.0,0,18,53.0,0,3,5,26.0,0,7.9,10.9,ATL,Bijan Robinson,7.9
00-0038542,B.Robinson,Bijan Robinson,RB,ATL,TB,14,2023,0,0,0.0,0,10,34.0,1,5,7,54.0,0,14.8,19.8,ATL,Bijan Robinson,14.8
00-0038542,B.Robinson,Bijan Robinson,RB,ATL,CAR,15,2023,0,0,0.0,0,7,11.0,0,1,3,3.0,0,-0.6,0.4,ATL,Bijan Robinson,-0.6
00-0038542,B.Robinson,Bijan Robinson,RB,ATL,IND,16,2023,0,0,0.0,0,12,72.0,0,7,10,50.0,0,12.2,19.2,ATL,Bijan Robinson,12.2
00-0038542,B.Robinson,Bijan Robinson,RB,ATL,CHI,17,2023,0,0,0.0,0,15,75.0,0,3,4,11.0,0,8.6,11.6,ATL,Bijan Robinson,8.6
00-0038542,B.Robinson,Bijan Robinson,RB,ATL,NO,18,2023,0,0,0.0,0,11,28.0,0,7,8,103.0,1,19.1,26.1,ATL,Bijan Robinson,19.1
00-0038543,J.Smith-Njigba,Jaxon Smith-Njigba,WR,SEA,LA,1,2023,0,0,0.0,0,0,0.0,0,3,5,13.0,0,1.3,4.3,SEA,Jaxon Smith-Njigba,1.3
00-0038543,J.Smith-Njigba,Jaxon Smith-Njigba,WR,SEA,DET,2,2023,0,0,0.0,0,0,0.0,0,5,6,34.0,0,3.4,8.4,SEA,Jaxon Smith-Njigba,3.4
00-0038543,J.Smith-Njigba,Jaxon Smith-Njigba,WR,SEA,CAR,3,2023,0,0,0.0,0,0,0.0,0,1,3,10.0,0,1.0,2.0,SEA,Jaxon Smith-Njigba,1.0
00-0038543,J.Smith-Njigba,Jaxon Smith-Njigba,WR,SEA,NYG,4,2023,0,0,0.0,0,0,0.0,0,3,6,5.0,0,0.5,3.5,SEA,Jaxon Smith-Njigba,0.5
00-0038543,J.Smith-Njigba,Jaxon Smith-Njigba,WR,SEA,CIN,6,2023,0,0,0.0,0,0,0.0,0,4,5,48.0,0,4.8,8.8,SEA,Jaxon Smith-Njigba,4.8
00-0038543,J.Smith-Njigba,Jaxon Smith-Njigba,WR,SEA,ARI,7,2023,0,0,0.0,0,0,0.0,0,4,7,63.0,1,12.3,16.3,SEA,Jaxon Smith-Njigba,12.3
00-0038543,J.Smith-Njigba,Jaxon Smith-Njigba,WR,SEA,CLE,8,2023,0,0,0.0,0,0,0.0,0,3,4,36.0,1,9.6,12.6,SEA,Jaxon Smith-Njigba,9.6
00-0038543,J.Smith-Njigba,Jaxon Smith-Njigba,WR,SEA,BAL,9,2023,0,0,0.0,0,0,0.0,0,6,7,63.0,0,6.3,12.3,SEA,Jaxon Smith-Njigba,6.3
00-0038543,J.Smith-Njigba,Jaxon Smith-Njigba,WR,SEA,WAS,10,2023,0,0,0.0,0,0,0.0,0,4,5,53.0,0,5.3,9.3,SEA,Jaxon Smith-Njigba,5.3
00-0038543,J.Smith-Njigba,Jaxon Smith-Njigba,WR,SEA,LA,11,2023,0,0,0.0,0,0,0.0,0,3,6,40.0,0,4.0,7.0,SEA,Jaxon Smith-Njigba,4.0
00-0038543,J.Smith-Njigba,Jaxon Smith-Njigba,WR,SEA,SF,12,2023,0,0,0.0,0,0,0.0,0,2,3,41.0,0,4.1,6.1,SEA,Jaxon Smith-Njigba,4.1
00-0038543,J.Smith-Njigba,Jaxon Smith-Njigba,WR,SEA,DAL,13,2023,0,0,0.0,0,0,0.0,0,7,11,62.0,0,6.2,13.2,SEA,Jaxon Smith-Njigba,6.2
00-0038543,J.Smith-Njigba,Jaxon Smith-Njigba,WR,SEA,SF,14,2023,0,0,0.0,0,0,0.0,0,4,7,25.0,0,2.5,6.5,SEA,Jaxon Smith-Njigba,2.5
00-0038543,J.Smith-Njigba,Jaxon Smith-Njigba,WR,SEA,PHI,15,2023,0,0,0.0,0,0,0.0,0,4,4,48.0,1,10.8,14.8,SEA,Jaxon Smith-Njigba,10.8
00-0038543,J.Smith-Njigba,Jaxon Smith-Njigba,WR,SEA,TEN,16,2023,0,0,0.0,0,0,0.0,0,6,7,61.0,0,6.1,12.1,SEA,Jaxon Smith-Njigba,6.1
00-0038543,J.Smith-Njigba,Jaxon Smith-Njigba,WR,SEA,PIT,17,2023,0,0,0.0,0,0,0.0,0,1,2,12.0,1,7.2,8.2,SEA,Jaxon Smith-Njigba,7.2
00-0038543,J.Smith-Njigba,Jaxon Smith-Njigba,WR,SEA,ARI,18,2023,0,0,0.0,0,0,0.0,0,3,5,14.0,0,1.4,4.4,SEA,Jaxon Smith-Njigba,1.4
00-0038544,Q.Johnston,Quentin Johnston,WR,LAC,MIA,1,2023,0,0,0.0,0,0,0.0,0,2,3,9.0,0,0.9,2.9,LAC,Quentin Johnston,0.9
00-0038544,Q.Johnston,Quentin Johnston,WR,LAC,TEN,2,2023,0,0,0.0,0,0,0.0,0,1,2,7.0,0,0.7,1.7,LAC,Quentin Johnston,0.7
00-0038544,Q.Johnston,Quentin Johnston,WR,LAC,MIN,3,2023,0,0,0.0,0,0,0.0,0,2,3,10.0,0,1.0,3.0,LAC,Quentin Johnston,1.0
00-0038544,Q.Johnston,Quentin Johnston,WR,LAC,LV,4,2023,0,0,0.0,0,0,0.0,0,1,3,18.0,0,1.8,2.8,LAC,Quentin Johnston,1.8
00-0038544,Q.Johnston,Quentin Johnston,WR,LAC,DAL,6,2023,0,0,0.0,0,0,0.0,0,0,2,0.0,0,0.0,0.0,LAC,Quentin Johnston,0.0
00-0038544,Q.Johnston,Quentin Johnston,WR,LAC,KC,7,2023,0,0,0.0,0,0,0.0,0,1,2,20.0,0,2.0,3.0,LAC,Quentin Johnston,2.0
00-0038544,Q.Johnston,Quentin Johnston,WR,LAC,CHI,8,2023,0,0,0.0,0,0,0.0,0,5,6,50.0,0,5.0,10.0,LAC,Quentin Johnston,5.0
00-0038544,Q.Johnston,Quentin Johnston,WR,LAC,NYJ,9,2023,0,0,0.0,0,1,2.0,0,2,3,14.0,0,1.6,3.6,LAC,Quentin Johnston,1.6
00-0038544,Q.Johnston,Quentin Johnston,WR,LAC,DET,10,2023,0,0,0.0,0,0,0.0,0,4,4,34.0,1,9.4,13.4,LAC,Quentin Johnston,9.4
00-0038544,Q.Johnston,Quentin Johnston,WR,LAC,GB,11,2023,0,0,0.0,0,0,0.0,0,2,6,21.0,0,2.1,4.1,LAC,Quentin Johnston,2.1
00-0038544,Q.Johnston,Quentin Johnston,WR,LAC,BAL,12,2023,0,0,0.0,0,0,0.0,0,1,3,7.0,0,0.7,1.7,LAC,Quentin Johnston,0.7
00-0038544,Q.Johnston,Quentin Johnston,WR,LAC,NE,13,2023,0,0,0.0,0,0,0.0,0,5,7,52.0,0,5.2,10.2,LAC,Quentin Johnston,5.2
00-0038544,Q.Johnston,Quentin Johnston,WR,LAC,DEN,14,2023,0,0,0.0,0,0,0.0,0,3,4,91.0,0,9.1,12.1,LAC,Quentin Johnston,9.1
00-0038544,Q.Johnston,Quentin Johnston,WR,LAC,LV,15,2023,0,0,0.0,0,0,0.0,0,2,3,23.0,1,8.3,10.3,LAC,Quentin Johnston,8.3
00-0038544,Q.Johnston,Quentin Johnston,WR,LAC,BUF,16,2023,0,0,0.0,0,1,1.0,0,2,5,29.0,0,3.0,5.0,LAC,Quentin Johnston,3.0
00-0038544,Q.Johnston,Quentin Johnston,WR,LAC,DEN,17,2023,0,0,0.0,0,0,0.0,0,3,6,29.0,0,2.9,5.9,LAC,Quentin Johnston,2.9
00-0038544,Q.Johnston,Quentin Johnston,WR,LAC,KC,18,2023,0,0,0.0,0,1,6.0,0,2,5,17.0,0,2.3,4.3,LAC,Quentin Johnston,2.3
00-0038547,L.Schoonmaker,Luke Schoonmaker,TE,DAL,NYJ,2,2023,0,0,0.0,0,0,0.0,0,1,1,1.0,1,6.1,7.1,DAL,Luke Schoonmaker,6.1
00-0038547,L.Schoonmaker,Luke Schoonmaker,TE,DAL,ARI,3,2023,0,0,0.0,0,0,0.0,0,0,1,0.0,0,0.0,0.0,DAL,Luke Schoonmaker,0.0
00-0038547,L.Schoonmaker,Luke Schoonmaker,TE,DAL,NE,4,2023,0,0,0.0,0,0,0.0,0,0,3,0.0,0,0.0,0.0,DAL,Luke Schoonmaker,0.0
00-0038547,L.Schoonmaker,Luke Schoonmaker,TE,DAL,SF,5,2023,0,0,0.0,0,0,0.0,0,0,1,0.0,0,0.0,0.0,DAL,Luke Schoonmaker,0.0
00-0038547,L.Schoonmaker,Luke Schoonmaker,TE,DAL,LA,8,2023,0,0,0.0,0,0,0.0,0,1,1,13.0,0,1.3,2.3,DAL,Luke Schoonmaker,1.3
00-0038547,L.Schoonmaker,Luke Schoonmaker,TE,DAL,PHI,9,2023,0,0,0.0,0,0,0.0,0,1,1,0.0,0,0.0,1.0,DAL,Luke Schoonmaker,0.0
00-0038547,L.Schoonmaker,Luke Schoonmaker,TE,DAL,NYG,10,2023,0,0,0.0,0,0,0.0,0,0,1,0.0,0,0.0,0.0,DAL,Luke Schoonmaker,0.0
00-0038547,L.Schoonmaker,Luke Schoonmaker,TE,DAL,CAR,11,2023,0,0,0.0,0,0,0.0,0,2,2,23.0,1,8.3,10.3,DAL,Luke Schoonmaker,8.3
00-0038547,L.Schoonmaker,Luke Schoonmaker,TE,DAL,WAS,12,2023,0,0,0.0,0,0,0.0,0,1,2,12.0,0,1.2,2.2,DAL,Luke Schoonmaker,1.2
00-0038547,L.Schoonmaker,Luke Schoonmaker,TE,DAL,SEA,13,2023,0,0,0.0,0,0,0.0,0,1,1,12.0,0,1.2,2.2,DAL,Luke Schoonmaker,1.2
00-0038547,L.Schoonmaker,Luke Schoonmaker,TE,DAL,MIA,16,2023,0,0,0.0,0,0,0.0,0,1,1,4.0,0,0.4,1.4,DAL,Luke Schoonmaker,0.4
00-0038547,L.Schoonmaker,Luke Schoonmaker,TE,DAL,GB,19,2023,0,0,0.0,0,0,0.0,0,1,1,7.0,0,0.7,1.7,DAL,Luke Schoonmaker,0.7
00-0038551,K.Miller,Kendre Miller,RB,NO,GB,3,2023,0,0,0.0,0,9,34.0,0,1,1,0.0,0,3.4,4.4,NO,Kendre Miller,3.4
00-0038551,K.Miller,Kendre Miller,RB,NO,TB,4,2023,0,0,0.0,0,1,3.0,0,1,1,5.0,0,0.8,1.8,NO,Kendre Miller,0.8
00-0038551,K.Miller,Kendre Miller,RB,NO,NE,5,2023,0,0,0.0,0,12,37.0,0,4,4,53.0,0,9.0,13.0,NO,Kendre Miller,9.0
00-0038551,K.Miller,Kendre Miller,RB,NO,HOU,6,2023,0,0,0.0,0,2,-1.0,0,1,2,13.0,0,1.2,2.2,NO,Kendre Miller,1.2
00-0038551,K.Miller,Kendre Miller,RB,NO,IND,8,2023,0,0,0.0,0,3,10.0,0,1,1,9.0,0,1.9,2.9,NO,Kendre Miller,1.9
00-0038551,K.Miller,Kendre Miller,RB,NO,CHI,9,2023,0,0,0.0,0,1,0.0,0,1,1,31.0,0,3.1,4.1,NO,Kendre Miller,3.1
00-0038551,K.Miller,Kendre Miller,RB,NO,ATL,18,2023,0,0,0.0,0,13,73.0,1,1,1,6.0,0,13.9,14.9,NO,Kendre Miller,13.9
00-0038555,T.Bigsby,Tank Bigsby,RB,JAX,IND,1,2023,0,0,0.0,0,7,13.0,1,0,1,0.0,0,7.3,7.3,JAX,Tank Bigsby,7.3
00-0038555,T.Bigsby,Tank Bigsby,RB,JAX,HOU,3,2023,0,0,0.0,0,2,10.0,1,0,1,0.0,0,7.0,7.0,JAX,Tank Bigsby,7.0
00-0038555,T.Bigsby,Tank Bigsby,RB,JAX,ATL,4,2023,0,0,0.0,0,3,10.0,0,0,0,0.0,0,1.0,1.0,JAX,Tank Bigsby,1.0
00-0038555,T.Bigsby,Tank Bigsby,RB,JAX,BUF,5,2023,0,0,0.0,0,3,8.0,0,0,0,0.0,0,0.8,0.8,JAX,Tank Bigsby,0.8
00-0038555,T.Bigsby,Tank Bigsby,RB,JAX,IND,6,2023,0,0,0.0,0,3,2.0,0,1,1,6.0,0,0.8,1.8,JAX,Tank Bigsby,0.8
00-0038555,T.Bigsby,Tank Bigsby,RB,JAX,NO,7,2023,0,0,0.0,0,2,2.0,0,0,0,0.0,0,0.2,0.2,JAX,Tank Bigsby,0.2
00-0038555,T.Bigsby,Tank Bigsby,RB,JAX,PIT,8,2023,0,0,0.0,0,3,9.0,0,0,0,0.0,0,-1.1,-1.1,JAX,Tank Bigsby,-1.1
00-0038555,T.Bigsby,Tank Bigsby,RB,JAX,SF,10,2023,0,0,0.0,0,3,5.0,0,0,1,0.0,0,0.5,0.5,JAX,Tank Bigsby,0.5
00-0038555,T.Bigsby,Tank Bigsby,RB,JAX,TEN,11,2023,0,0,0.0,0,9,21.0,0,0,0,0.0,0,2.1,2.1,JAX,Tank Bigsby,2.1
00-0038555,T.Bigsby,Tank Bigsby,RB,JAX,HOU,12,2023,0,0,0.0,0,1,6.0,0,0,0,0.0,0,0.6,0.6,JAX,Tank Bigsby,0.6
00-0038555,T.Bigsby,Tank Bigsby,RB,JAX,BAL,15,2023,0,0,0.0,0,1,-2.0,0,0,0,0.0,0,-0.2,-0.2,JAX,Tank Bigsby,-0.2
00-0038555,T.Bigsby,Tank Bigsby,RB,JAX,CAR,17,2023,0,0,0.0,0,10,32.0,0,0,0,0.0,0,3.2,3.2,JAX,Tank Bigsby,3.2
00-0038555,T.Bigsby,Tank Bigsby,RB,JAX,TEN,18,2023,0,0,0.0,0,3,16.0,0,0,0,0.0,0,1.6,1.6,JAX,Tank Bigsby,1.6
00-0038558,D.Washington,Darnell Washington,TE,PIT,HOU,4,2023,0,0,0.0,0,0,0.0,0,1,1,10.0,0,1.0,2.0,PIT,Darnell Washington,1.0
00-0038558,D.Washington,Darnell Washington,TE,PIT,BAL,5,2023,0,0,0.0,0,0,0.0,0,0,2,0.0,0,0.0,0.0,PIT,Darnell Washington,0.0
00-0038558,D.Washington,Darnell Washington,TE,PIT,TEN,9,2023,0,0,0.0,0,0,0.0,0,1,1,7.0,0,0.7,1.7,PIT,Darnell Washington,0.7
00-0038558,D.Washington,Darnell Washington,TE,PIT,GB,10,2023,0,0,0.0,0,0,0.0,0,1,1,6.0,0,0.6,1.6,PIT,Darnell Washington,0.6
00-0038558,D.Washington,Darnell Washington,TE,PIT,CLE,11,2023,0,0,0.0,0,0,0.0,0,1,1,8.0,0,0.8,1.8,PIT,Darnell Washington,0.8
00-0038558,D.Washington,Darnell Washington,TE,PIT,CIN,12,2023,0,0,0.0,0,0,0.0,0,1,1,10.0,0,1.0,2.0,PIT,Darnell Washington,1.0
00-0038558,D.Washington,Darnell Washington,TE,PIT,NE,14,2023,0,0,0.0,0,0,0.0,0,1,2,12.0,0,1.2,2.2,PIT,Darnell Washington,1.2
00-0038558,D.Washington,Darnell Washington,TE,PIT,CIN,16,2023,0,0,0.0,0,0,0.0,0,1,1,8.0,0,0.8,1.8,PIT,Darnell Washington,0.8
00-0038558,D.Washington,Darnell Washington,TE,PIT,BUF,19,2023,0,0,0.0,0,0,0.0,0,0,1,0.0,0,0.0,0.0,PIT,Darnell Washington,0.0
00-0038559,M.Wilson,Michael Wilson,WR,ARI,WAS,1,2023,0,0,0.0,0,0,0.0,0,2,4,19.0,0,1.9,3.9,ARI,Michael Wilson,1.9
00-0038559,M.Wilson,Michael Wilson,WR,ARI,NYG,2,2023,0,0,0.0,0,0,0.0,0,3,3,56.0,0,5.6,8.6,ARI,Michael Wilson,5.6
00-0038559,M.Wilson,Michael Wilson,WR,ARI,DAL,3,2023,0,0,0.0,0,0,0.0,0,2,2,86.0,0,8.6,10.6,ARI,Michael Wilson,8.6
00-0038559,M.Wilson,Michael Wilson,WR,ARI,SF,4,2023,0,0,0.0,0,0,0.0,0,7,7,76.0,2,19.6,26.6,ARI,Michael Wilson,19.6
00-0038559,M.Wilson,Michael Wilson,WR,ARI,CIN,5,2023,0,0,0.0,0,0,0.0,0,1,2,18.0,0,1.8,2.8,ARI,Michael Wilson,1.8
00-0038559,M.Wilson,Michael Wilson,WR,ARI,LA,6,2023,0,0,0.0,0,0,0.0,0,3,4,62.0,0,6.2,9.2,ARI,Michael Wilson,6.2
00-0038559,M.Wilson,Michael Wilson,WR,ARI,SEA,7,2023,0,0,0.0,0,0,0.0,0,3,5,26.0,0,2.6,5.6,ARI,Michael Wilson,2.6
00-0038559,M.Wilson,Michael Wilson,WR,ARI,BAL,8,2023,0,0,0.0,0,0,0.0,0,4,6,58.0,0,5.8,9.8,ARI,Michael Wilson,5.8
00-0038559,M.Wilson,Michael Wilson,WR,ARI,ATL,10,2023,0,0,0.0,0,0,0.0,0,3,6,34.0,0,3.4,6.4,ARI,Michael Wilson,3.4
00-0038559,M.Wilson,Michael Wilson,WR,ARI,SF,15,2023,0,0,0.0,0,0,0.0,0,0,3,0.0,0,0.0,0.0,ARI,Michael Wilson,0.0
00-0038559,M.Wilson,Michael Wilson,WR,ARI,CHI,16,2023,0,0,0.0,0,0,0.0,0,0,4,0.0,0,0.0,0.0,ARI,Michael Wilson,0.0
00-0038559,M.Wilson,Michael Wilson,WR,ARI,PHI,17,2023,0,0,0.0,0,0,0.0,0,4,6,35.0,1,11.5,15.5,ARI,Michael Wilson,11.5
00-0038559,M.Wilson,Michael Wilson,WR,ARI,SEA,18,2023,0,0,0.0,0,0,0.0,0,6,6,95.0,0,9.5,15.5,ARI,Michael Wilson,9.5
00-0038563,T.Tucker,Tre Tucker,WR,LV,BUF,2,2023,0,0,0.0,0,1,34.0,0,0,1,0.0,0,3.4,3.4,LV,Tre Tucker,3.4
00-0038563,T.Tucker,Tre Tucker,WR,LV,GB,5,2023,0,0,0.0,0,1,16.0,0,0,1,0.0,0,1.6,1.6,LV,Tre Tucker,1.6
00-0038563,T.Tucker,Tre Tucker,WR,LV,NE,6,2023,0,0,0.0,0,1,4.0,0,2,2,57.0,0,6.1,8.1,LV,Tre Tucker,6.1
00-0038563,T.Tucker,Tre Tucker,WR,LV,CHI,7,2023,0,0,0.0,0,1,2.0,0,2,3,16.0,0,1.8,3.8,LV,Tre Tucker,1.8
00-0038563,T.Tucker,Tre Tucker,WR,LV,NYG,9,2023,0,0,0.0,0,1,4.0,0,2,3,52.0,0,5.6,7.6,LV,Tre Tucker,5.6
00-0038563,T.Tucker,Tre Tucker,WR,LV,NYJ,10,2023,0,0,0.0,0,1,9.0,0,0,0,0.0,0,0.9,0.9,LV,Tre Tucker,0.9
00-0038563,T.Tucker,Tre Tucker,WR,LV,MIA,11,2023,0,0,0.0,0,1,-6.0,0,2,7,36.0,0,3.0,5.0,LV,Tre Tucker,3.0
00-0038563,T.Tucker,Tre Tucker,WR,LV,KC,12,2023,0,0,0.0,0,0,0.0,0,0,1,0.0,0,0.0,0.0,LV,Tre Tucker,0.0
00-0038563,T.Tucker,Tre Tucker,WR,LV,MIN,14,2023,0,0,0.0,0,0,0.0,0,0,1,0.0,0,0.0,0.0,LV,Tre Tucker,0.0
00-0038563,T.Tucker,Tre Tucker,WR,LV,LAC,15,2023,0,0,0.0,0,1,-2.0,0,3,4,59.0,2,17.7,20.7,LV,Tre Tucker,17.7
00-0038563,T.Tucker,Tre Tucker,WR,LV,KC,16,2023,0,0,0.0,0,1,5.0,0,1,1,-4.0,0,0.1,1.1,LV,Tre Tucker,0.1
00-0038563,T.Tucker,Tre Tucker,WR,LV,IND,17,2023,0,0,0.0,0,0,0.0,0,2,5,36.0,0,3.6,5.6,LV,Tre Tucker,3.6
00-0038563,T.Tucker,Tre Tucker,WR,LV,DEN,18,2023,0,0,0.0,0,1,11.0,0,5,5,79.0,0,9.0,14.0,LV,Tre Tucker,9.0
00-0038573,D.Davis,Derius Davis,WR,LAC,MIA,1,2023,0,0,0.0,0,0,0.0,0,1,1,5.0,0,0.5,1.5,LAC,Derius Davis,0.5
00-0038573,D.Davis,Derius Davis,WR,LAC,TEN,2,2023,0,0,0.0,0,1,10.0,0,0,0,0.0,0,1.0,1.0,LAC,Derius Davis,1.0
00-0038573,D.Davis,Derius Davis,WR,LAC,MIN,3,2023,0,0,0.0,0,0,0.0,0,1,1,3.0,0,0.3,1.3,LAC,Derius Davis,0.3
00-0038573,D.Davis,Derius Davis,WR,LAC,LV,4,2023,0,0,0.0,0,3,51.0,0,2,2,16.0,0,6.7,8.7,LAC,Derius Davis,6.7
00-0038573,D.Davis,Derius Davis,WR,LAC,KC,7,2023,0,0,0.0,0,3,14.0,0,1,2,10.0,0,2.4,3.4,LAC,Derius Davis,2.4
00-0038573,D.Davis,Derius Davis,WR,LAC,CHI,8,2023,0,0,0.0,0,0,0.0,0,2,2,4.0,0,0.4,2.4,LAC,Derius Davis,0.4
00-0038573,D.Davis,Derius Davis,WR,LAC,NYJ,9,2023,0,0,0.0,0,0,0.0,0,1,1,0.0,0,6.0,7.0,LAC,Derius Davis,6.0
00-0038573,D.Davis,Derius Davis,WR,LAC,DET,10,2023,0,0,0.0,0,0,0.0,0,2,2,7.0,0,0.7,2.7,LAC,Derius Davis,0.7
00-0038573,D.Davis,Derius Davis,WR,LAC,GB,11,2023,0,0,0.0,0,0,0.0,0,1,1,-3.0,0,-0.3,0.7,LAC,Derius Davis,-0.3
00-0038573,D.Davis,Derius Davis,WR,LAC,BAL,12,2023,0,0,0.0,0,2,-1.0,0,1,1,2.0,0,0.1,1.1,LAC,Derius Davis,0.1
00-0038573,D.Davis,Derius Davis,WR,LAC,LV,15,2023,0,0,0.0,0,0,0.0,0,1,2,-2.0,0,-0.2,0.8,LAC,Derius Davis,-0.2
00-0038573,D.Davis,Derius Davis,WR,LAC,BUF,16,2023,0,0,0.0,0,1,8.0,0,1,1,6.0,0,1.4,2.4,LAC,Derius Davis,1.4
00-0038573,D.Davis,Derius Davis,WR,LAC,DEN,17,2023,0,0,0.0,0,1,2.0,0,0,0,0.0,0,0.2,0.2,LAC,Derius Davis,0.2
00-0038573,D.Davis,Derius Davis,WR,LAC,KC,18,2023,0,0,0.0,0,3,17.0,0,1,1,18.0,0,3.5,4.5,LAC,Derius Davis,3.5
00-0038576,C.Jones,Charlie Jones,WR,CIN,CIN,2,2023,0,0,0.0,0,0,0.0,0,0,0,0.0,0,6.0,6.0,CIN,Charlie Jones,6.0
00-0038576,C.Jones,Charlie Jones,WR,CIN,LA,3,2023,0,0,0.0,0,0,0.0,0,1,2,6.0,0,0.6,1.6,CIN,Charlie Jones,0.6
00-0038576,C.Jones,Charlie Jones,WR,CIN,MIN,15,2023,0,0,0.0,0,0,0.0,0,2,3,10.0,0,1.0,3.0,CIN,Charlie Jones,1.0
00-0038576,C.Jones,Charlie Jones,WR,CIN,PIT,16,2023,0,0,0.0,0,0,0.0,0,1,1,-1.0,0,-0.1,0.9,CIN,Charlie Jones,-0.1
00-0038576,C.Jones,Charlie Jones,WR,CIN,CLE,18,2023,0,0,0.0,0,2,13.0,0,3,3,49.0,0,6.2,9.2,CIN,Charlie Jones,6.2
00-0038579,A.O'Connell,Aidan O'Connell,QB,LV,LAC,4,2023,24,39,238.0,0,3,3.0,1,0,0,0.0,0,9.82,9.82,LV,Aidan O'Connell,9.82
00-0038579,A.O'Connell,Aidan O'Connell,QB,LV,CHI,7,2023,10,13,75.0,1,0,0.0,0,0,0,0.0,0,5.0,5.0,LV,Aidan O'Connell,5.0
00-0038579,A.O'Connell,Aidan O'Connell,QB,LV,NYG,9,2023,16,25,209.0,0,0,0.0,0,0,0,0.0,0,8.36,8.36,LV,Aidan O'Connell,8.36
00-0038579,A.O'Connell,Aidan O'Connell,QB,LV,NYJ,10,2023,16,27,153.0,1,2,3.0,0,0,0,0.0,0,8.42,8.42,LV,Aidan O'Connell,8.42
00-0038579,A.O'Connell,Aidan O'Connell,QB,LV,MIA,11,2023,24,41,271.0,1,1,3.0,0,0,0,0.0,0,9.14,9.14,LV,Aidan O'Connell,9.14
00-0038579,A.O'Connell,Aidan O'Connell,QB,LV,KC,12,2023,23,33,248.0,1,0,0.0,0,0,0,0.0,0,13.92,13.92,LV,Aidan O'Connell,13.92
00-0038579,A.O'Connell,Aidan O'Connell,QB,LV,MIN,14,2023,21,32,171.0,0,1,2.0,0,0,0,0.0,0,5.04,5.04,LV,Aidan O'Connell,5.04
00-0038579,A.O'Connell,Aidan O'Connell,QB,LV,LAC,15,2023,20,34,248.0,4,0,0.0,0,0,0,0.0,0,25.92,25.92,LV,Aidan O'Connell,25.92
00-0038579,A.O'Connell,Aidan O'Connell,QB,LV,KC,16,2023,9,21,62.0,0,4,-4.0,0,0,0,0.0,0,2.08,2.08,LV,Aidan O'Connell,2.08
00-0038579,A.O'Connell,Aidan O'Connell,QB,LV,IND,17,2023,30,47,299.0,2,2,3.0,0,0,0,0.0,0,20.26,20.26,LV,Aidan O'Connell,20.26
00-0038579,A.O'Connell,Aidan O'Connell,QB,LV,DEN,18,2023,20,31,244.0,2,4,1.0,0,0,0,0.0,0,17.86,17.86,LV,Aidan O'Connell,17.86
00-0038582,C.Tune,Clayton Tune,QB,ARI,SEA,7,2023,1,1,4.0,0,0,0.0,0,0,0,0.0,0,0.16,0.16,ARI,Clayton Tune,0.16
00-0038582,C.Tune,Clayton Tune,QB,ARI,CLE,9,2023,11,20,58.0,0,5,28.0,0,0,0,0.0,0,-0.88,-0.88,ARI,Clayton Tune,-0.88
00-0038582,C.Tune,Clayton Tune,QB,ARI,ATL,10,2023,0,0,0.0,0,1,1.0,1,0,0,0.0,0,6.1,6.1,ARI,Clayton Tune,6.1
00-0038582,C.Tune,Clayton Tune,QB,ARI,LA,12,2023,0,0,0.0,0,0,0.0,0,0,0,0.0,0,2.0,2.0,ARI,Clayton Tune,2.0
00-0038582,C.Tune,Clayton Tune,QB,ARI,SF,15,2023,0,0,0.0,0,1,0.0,0,0,0,0.0,0,0.0,0.0,ARI,Clayton Tune,0.0
00-0038582,C.Tune,Clayton Tune,QB,ARI,SEA,18,2023,0,0,0.0,0,1,1.0,0,0,0,0.0,0,0.1,0.1,ARI,Clayton Tune,0.1
00-0038583,D.Thompson-Robinson,Dorian Thompson-Robinson,QB,CLE,BAL,4,2023,19,36,121.0,0,4,24.0,0,0,0,0.0,0,1.24,1.24,CLE,Dorian Thompson-Robinson,1.24
00-0038583,D.Thompson-Robinson,Dorian Thompson-Robinson,QB,CLE,SEA,8,2023,1,1,9.0,0,0,0.0,0,0,0,0.0,0,0.36,0.36,CLE,Dorian Thompson-Robinson,0.36
00-0038583,D.Thompson-Robinson,Dorian Thompson-Robinson,QB,CLE,PIT,11,2023,24,43,165.0,0,3,20.0,0,0,0,0.0,0,6.6,6.6,CLE,Dorian Thompson-Robinson,6.6
00-0038583,D.Thompson-Robinson,Dorian Thompson-Robinson,QB,CLE,DEN,12,2023,14,29,134.0,1,5,21.0,0,0,0,0.0,0,11.46,11.46,CLE,Dorian Thompson-Robinson,11.46
00-0038583,D.Thompson-Robinson,Dorian Thompson-Robinson,QB,CLE,JAX,14,2023,0,0,0.0,0,1,5.0,0,0,0,0.0,0,0.5,0.5,CLE,Dorian Thompson-Robinson,0.5
00-0038583,D.Thompson-Robinson,Dorian Thompson-Robinson,QB,CLE,CHI,15,2023,1,1,5.0,0,0,0.0,0,0,0,0.0,0,0.2,0.2,CLE,Dorian Thompson-Robinson,0.2
00-0038583,D.Thompson-Robinson,Dorian Thompson-Robinson,QB,CLE,HOU,16,2023,1,2,6.0,0,1,-5.0,0,0,0,0.0,0,1.74,1.74,CLE,Dorian Thompson-Robinson,1.74
00-0038589,J.Whyle,Josh Whyle,TE,TEN,CIN,4,2023,0,0,0.0,0,0,0.0,0,2,2,26.0,1,8.6,10.6,TEN,Josh Whyle,8.6
00-0038589,J.Whyle,Josh Whyle,TE,TEN,IND,5,2023,0,0,0.0,0,0,0.0,0,1,1,7.0,0,0.7,1.7,TEN,Josh Whyle,0.7
00-0038589,J.Whyle,Josh Whyle,TE,TEN,BAL,6,2023,0,0,0.0,0,0,0.0,0,1,1,11.0,0,1.1,2.1,TEN,Josh Whyle,1.1
00-0038589,J.Whyle,Josh Whyle,TE,TEN,PIT,9,2023,0,0,0.0,0,0,0.0,0,0,1,0.0,0,0.0,0.0,TEN,Josh Whyle,0.0
00-0038589,J.Whyle,Josh Whyle,TE,TEN,TB,10,2023,0,0,0.0,0,0,0.0,0,2,5,16.0,0,1.6,3.6,TEN,Josh Whyle,1.6
00-0038589,J.Whyle,Josh Whyle,TE,TEN,JAX,11,2023,0,0,0.0,0,0,0.0,0,1,2,7.0,0,0.7,1.7,TEN,Josh Whyle,0.7
00-0038589,J.Whyle,Josh Whyle,TE,TEN,CAR,12,2023,0,0,0.0,0,0,0.0,0,1,1,11.0,0,1.1,2.1,TEN,Josh Whyle,1.1
00-0038589,J.Whyle,Josh Whyle,TE,TEN,IND,13,2023,0,0,0.0,0,0,0.0,0,1,2,16.0,0,1.6,2.6,TEN,Josh Whyle,1.6
00-0038597,C.Brown,Chase Brown,RB,CIN,BAL,2,2023,0,0,0.0,0,1,2.0,0,0,0,0.0,0,0.2,0.2,CIN,Chase Brown,0.2
00-0038597,C.Brown,Chase Brown,RB,CIN,TEN,4,2023,0,0,0.0,0,0,0.0,0,1,1,-3.0,0,-0.3,0.7,CIN,Chase Brown,-0.3
00-0038597,C.Brown,Chase Brown,RB,CIN,ARI,5,2023,0,0,0.0,0,0,0.0,0,1,1,2.0,0,0.2,1.2,CIN,Chase Brown,0.2
00-0038597,C.Brown,Chase Brown,RB,CIN,SEA,6,2023,0,0,0.0,0,1,4.0,0,1,1,8.0,0,1.2,2.2,CIN,Chase Brown,1.2
00-0038597,C.Brown,Chase Brown,RB,CIN,JAX,13,2023,0,0,0.0,0,9,61.0,0,0,0,0.0,0,6.1,6.1,CIN,Chase Brown,6.1
00-0038597,C.Brown,Chase Brown,RB,CIN,IND,14,2023,0,0,0.0,0,8,25.0,0,3,3,80.0,1,16.5,19.5,CIN,Chase Brown,16.5
00-0038597,C.Brown,Chase Brown,RB,CIN,MIN,15,2023,0,0,0.0,0,7,23.0,0,3,3,28.0,0,5.1,8.1,CIN,Chase Brown,5.1
00-0038597,C.Brown,Chase Brown,RB,CIN,PIT,16,2023,0,0,0.0,0,4,16.0,0,2,2,8.0,0,2.4,4.4,CIN,Chase Brown,2.4
00-0038597,C.Brown,Chase Brown,RB,CIN,KC,17,2023,0,0,0.0,0,3,5.0,0,2,2,23.0,0,2.8,4.8,CIN,Chase Brown,2.8
00-0038597,C.Brown,Chase Brown,RB,CIN,CLE,18,2023,0,0,0.0,0,11,43.0,0,1,2,10.0,0,5.3,6.3,CIN,Chase Brown,5.3
00-0038598,J.Hall,Jaren Hall,QB,MIN,GB,8,2023,3,4,23.0,0,2,-1.0,0,0,0,0.0,0,-1.18,-1.18,MIN,Jaren Hall,-1.18
00-0038598,J.Hall,Jaren Hall,QB,MIN,ATL,9,2023,5,6,78.0,0,2,11.0,0,0,0,0.0,0,4.22,4.22,MIN,Jaren Hall,4.22
00-0038598,J.Hall,Jaren Hall,QB,MIN,GB,17,2023,5,10,67.0,0,2,4.0,0,0,0,0.0,0,-0.92,-0.92,MIN,Jaren Hall,-0.92
00-0038606,P.Washington,Parker Washington,WR,JAX,CIN,13,2023,0,0,0.0,0,0,0.0,0,6,6,61.0,1,12.1,18.1,JAX,Parker Washington,12.1
00-0038606,P.Washington,Parker Washington,WR,JAX,CLE,14,2023,0,0,0.0,0,0,0.0,0,2,3,27.0,1,6.7,8.7,JAX,Parker Washington,6.7
00-0038606,P.Washington,Parker Washington,WR,JAX,BAL,15,2023,0,0,0.0,0,0,0.0,0,4,6,12.0,0,1.2,5.2,JAX,Parker Washington,1.2
00-0038606,P.Washington,Parker Washington,WR,JAX,TB,16,2023,0,0,0.0,0,0,0.0,0,2,4,19.0,0,1.9,3.9,JAX,Parker Washington,1.9
00-0038606,P.Washington,Parker Washington,WR,JAX,CAR,17,2023,0,0,0.0,0,0,0.0,0,1,1,2.0,0,0.2,1.2,JAX,Parker Washington,0.2
00-0038606,P.Washington,Parker Washington,WR,JAX,TEN,18,2023,0,0,0.0,0,0,0.0,0,1,1,11.0,0,1.1,2.1,JAX,Parker Washington,1.1
00-0038608,K.Boutte,Kayshon Boutte,WR,NE,PHI,1,2023,0,0,0.0,0,0,0.0,0,0,4,0.0,0,0.0,0.0,NE,Kayshon Boutte,0.0
00-0038608,K.Boutte,Kayshon Boutte,WR,NE,IND,10,2023,0,0,0.0,0,0,0.0,0,1,1,11.0,0,1.1,2.1,NE,Kayshon Boutte,1.1
00-0038608,K.Boutte,Kayshon Boutte,WR,NE,NYG,12,2023,0,0,0.0,0,0,0.0,0,1,2,8.0,0,0.8,1.8,NE,Kayshon Boutte,0.8
00-0038611,C.Rodriguez,Chris Rodriguez Jr.,RB,WAS,ARI,1,2023,0,0,0.0,0,3,7.0,0,0,0,0.0,0,0.7,0.7,WAS,Chris Rodriguez Jr.,0.7
00-0038611,C.Rodriguez,Chris Rodriguez Jr.,RB,WAS,ATL,6,2023,0,0,0.0,0,4,23.0,0,0,0,0.0,0,2.3,2.3,WAS,Chris Rodriguez Jr.,2.3
00-0038611,C.Rodriguez,Chris Rodriguez Jr.,RB,WAS,NYG,7,2023,0,0,0.0,0,7,31.0,0,0,0,0.0,0,3.1,3.1,WAS,Chris Rodriguez Jr.,3.1
00-0038611,C.Rodriguez,Chris Rodriguez Jr.,RB,WAS,NYG,11,2023,0,0,0.0,0,6,43.0,0,1,1,5.0,0,2.8,3.8,WAS,Chris Rodriguez Jr.,2.8
00-0038611,C.Rodriguez,Chris Rodriguez Jr.,RB,WAS,DAL,12,2023,0,0,0.0,0,4,21.0,0,0,0,0.0,0,2.1,2.1,WAS,Chris Rodriguez Jr.,2.1
00-0038611,C.Rodriguez,Chris Rodriguez Jr.,RB,WAS,MIA,13,2023,0,0,0.0,0,7,29.0,0,0,0,0.0,0,2.9,2.9,WAS,Chris Rodriguez Jr.,2.9
00-0038611,C.Rodriguez,Chris Rodriguez Jr.,RB,WAS,LA,15,2023,0,0,0.0,0,10,35.0,0,0,0,0.0,0,3.5,3.5,WAS,Chris Rodriguez Jr.,3.5
00-0038611,C.Rodriguez,Chris Rodriguez Jr.,RB,WAS,NYJ,16,2023,0,0,0.0,0,10,58.0,2,1,1,7.0,0,18.5,19.5,WAS,Chris Rodriguez Jr.,18.5
00-0038612,A.Perry,A.T. Perry,WR,NO,MIN,10,2023,0,0,0.0,0,0,0.0,0,2,4,38.0,1,9.8,11.8,NO,A.T. Perry,9.8
00-0038612,A.Perry,A.T. Perry,WR,NO,ATL,12,2023,0,0,0.0,0,0,0.0,0,1,2,7.0,0,0.7,1.7,NO,A.T. Perry,0.7
00-0038612,A.Perry,A.T. Perry,WR,NO,DET,13,2023,0,0,0.0,0,0,0.0,0,1,3,30.0,0,3.0,4.0,NO,A.T. Perry,3.0
00-0038612,A.Perry,A.T. Perry,WR,NO,CAR,14,2023,0,0,0.0,0,0,0.0,0,1,1,44.0,0,4.4,5.4,NO,A.T. Perry,4.4
00-0038612,A.Perry,A.T. Perry,WR,NO,NYG,15,2023,0,0,0.0,0,0,0.0,0,2,2,34.0,0,3.4,5.4,NO,A.T. Perry,3.4
00-0038612,A.Perry,A.T. Perry,WR,NO,LA,16,2023,0,0,0.0,0,0,0.0,0,1,1,35.0,1,9.5,10.5,NO,A.T. Perry,9.5
00-0038612,A.Perry,A.T. Perry,WR,NO,TB,17,2023,0,0,0.0,0,0,0.0,0,1,2,5.0,0,0.5,1.5,NO,A.T. Perry,0.5
00-0038612,A.Perry,A.T. Perry,WR,NO,ATL,18,2023,0,0,0.0,0,0,0.0,0,3,3,53.0,2,17.3,20.3,NO,A.T. Perry,17.3
00-0038618,X.Hutchinson,Xavier Hutchinson,WR,HOU,BAL,1,2023,0,0,0.0,0,0,0.0,0,1,1,9.0,0,0.9,1.9,HOU,Xavier Hutchinson,0.9
00-0038618,X.Hutchinson,Xavier Hutchinson,WR,HOU,IND,2,2023,0,0,0.0,0,0,0.0,0,0,1,0.0,0,0.0,0.0,HOU,Xavier Hutchinson,0.0
00-0038618,X.Hutchinson,Xavier Hutchinson,WR,HOU,NO,6,2023,0,0,0.0,0,2,15.0,0,0,0,0.0,0,1.5,1.5,HOU,Xavier Hutchinson,1.5
00-0038618,X.Hutchinson,Xavier Hutchinson,WR,HOU,TB,9,2023,0,0,0.0,0,1,12.0,0,0,0,0.0,0,1.2,1.2,HOU,Xavier Hutchinson,1.2
00-0038618,X.Hutchinson,Xavier Hutchinson,WR,HOU,CIN,10,2023,0,0,0.0,0,1,17.0,0,0,1,0.0,0,1.7,1.7,HOU,Xavier Hutchinson,1.7
00-0038618,X.Hutchinson,Xavier Hutchinson,WR,HOU,JAX,12,2023,0,0,0.0,0,0,0.0,0,1,1,34.0,0,3.4,4.4,HOU,Xavier Hutchinson,3.4
00-0038618,X.Hutchinson,Xavier Hutchinson,WR,HOU,NYJ,14,2023,0,0,0.0,0,0,0.0,0,2,3,15.0,0,1.5,3.5,HOU,Xavier Hutchinson,1.5
00-0038618,X.Hutchinson,Xavier Hutchinson,WR,HOU,TEN,15,2023,0,0,0.0,0,1,5.0,0,0,3,0.0,0,0.5,0.5,HOU,Xavier Hutchinson,0.5
00-0038618,X.Hutchinson,Xavier Hutchinson,WR,HOU,CLE,16,2023,0,0,0.0,0,0,0.0,0,1,2,18.0,0,1.8,2.8,HOU,Xavier Hutchinson,1.8
00-0038618,X.Hutchinson,Xavier Hutchinson,WR,HOU,TEN,17,2023,0,0,0.0,0,0,0.0,0,2,3,8.0,0,0.8,2.8,HOU,Xavier Hutchinson,0.8
00-0038618,X.Hutchinson,Xavier Hutchinson,WR,HOU,IND,18,2023,0,0,0.0,0,0,0.0,0,1,4,6.0,0,0.6,1.6,HOU,Xavier Hutchinson,0.6
00-0038618,X.Hutchinson,Xavier Hutchinson,WR,HOU,CLE,19,2023,0,0,0.0,0,0,0.0,0,2,2,12.0,0,1.2,3.2,HOU,Xavier Hutchinson,1.2
00-0038618,X.Hutchinson,Xavier Hutchinson,WR,HOU,BAL,20,2023,0,0,0.0,0,0,0.0,0,2,2,-3.0,0,-0.3,1.7,HOU,Xavier Hutchinson,-0.3
00-0038619,A.Iosivas,Andrei Iosivas,WR,CIN,ARI,5,2023,0,0,0.0,0,0,0.0,0,1,2,9.0,0,0.9,1.9,CIN,Andrei Iosivas,0.9
00-0038619,A.Iosivas,Andrei Iosivas,WR,CIN,SEA,6,2023,0,0,0.0,0,0,0.0,0,1,1,3.0,1,6.3,7.3,CIN,Andrei Iosivas,6.3
00-0038619,A.Iosivas,Andrei Iosivas,WR,CIN,SF,8,2023,0,0,0.0,0,0,0.0,0,1,1,2.0,1,6.2,7.2,CIN,Andrei Iosivas,6.2
00-0038619,A.Iosivas,Andrei Iosivas,WR,CIN,BUF,9,2023,0,0,0.0,0,0,0.0,0,1,1,9.0,0,0.9,1.9,CIN,Andrei Iosivas,0.9
00-0038619,A.Iosivas,Andrei Iosivas,WR,CIN,HOU,10,2023,0,0,0.0,0,0,0.0,0,0,1,0.0,0,0.0,0.0,CIN,Andrei Iosivas,0.0
00-0038619,A.Iosivas,Andrei Iosivas,WR,CIN,PIT,12,2023,0,0,0.0,0,0,0.0,0,1,2,16.0,0,1.6,2.6,CIN,Andrei Iosivas,1.6
00-0038619,A.Iosivas,Andrei Iosivas,WR,CIN,MIN,15,2023,0,0,0.0,0,0,0.0,0,1,2,5.0,0,0.5,1.5,CIN,Andrei Iosivas,0.5
00-0038619,A.Iosivas,Andrei Iosivas,WR,CIN,PIT,16,2023,0,0,0.0,0,0,0.0,0,4,8,36.0,0,3.6,7.6,CIN,Andrei Iosivas,3.6
00-0038619,A.Iosivas,Andrei Iosivas,WR,CIN,CLE,18,2023,0,0,0.0,0,0,0.0,0,5,7,36.0,2,15.6,20.6,CIN,Andrei Iosivas,15.6
00-0038621,D.Douglas,Demario Douglas,WR,NE,PHI,1,2023,0,0,0.0,0,0,0.0,0,4,7,40.0,0,4.0,8.0,NE,Demario Douglas,4.0
00-0038621,D.Douglas,Demario Douglas,WR,NE,MIA,2,2023,0,0,0.0,0,0,0.0,0,2,2,19.0,0,-0.1,1.9,NE,Demario Douglas,-0.1
00-0038621,D.Douglas,Demario Douglas,WR,NE,NYJ,3,2023,0,0,0.0,0,1,5.0,0,1,3,15.0,0,2.0,3.0,NE,Demario Douglas,2.0
00-0038621,D.Douglas,Demario Douglas,WR,NE,DAL,4,2023,0,0,0.0,0,0,0.0,0,2,3,45.0,0,4.5,6.5,NE,Demario Douglas,4.5
00-0038621,D.Douglas,Demario Douglas,WR,NE,NO,5,2023,0,0,0.0,0,0,0.0,0,1,2,24.0,0,2.4,3.4,NE,Demario Douglas,2.4
00-0038621,D.Douglas,Demario Douglas,WR,NE,BUF,7,2023,0,0,0.0,0,1,20.0,0,4,6,54.0,0,7.4,11.4,NE,Demario Douglas,7.4
00-0038621,D.Douglas,Demario Douglas,WR,NE,MIA,8,2023,0,0,0.0,0,1,4.0,0,5,7,25.0,0,2.9,7.9,NE,Demario Douglas,2.9
00-0038621,D.Douglas,Demario Douglas,WR,NE,WAS,9,2023,0,0,0.0,0,1,0.0,0,5,7,55.0,0,5.5,10.5,NE,Demario Douglas,5.5
00-0038621,D.Douglas,Demario Douglas,WR,NE,IND,10,2023,0,0,0.0,0,0,0.0,0,6,9,84.0,0,8.4,14.4,NE,Demario Douglas,8.4
00-0038621,D.Douglas,Demario Douglas,WR,NE,NYG,12,2023,0,0,0.0,0,0,0.0,0,6,9,49.0,0,4.9,10.9,NE,Demario Douglas,4.9
00-0038621,D.Douglas,Demario Douglas,WR,NE,KC,15,2023,0,0,0.0,0,0,0.0,0,3,5,33.0,0,3.3,6.3,NE,Demario Douglas,3.3
00-0038621,D.Douglas,Demario Douglas,WR,NE,DEN,16,2023,0,0,0.0,0,0,0.0,0,5,8,74.0,0,7.4,12.4,NE,Demario Douglas,7.4
00-0038621,D.Douglas,Demario Douglas,WR,NE,BUF,17,2023,0,0,0.0,0,3,12.0,0,3,5,31.0,0,4.3,7.3,NE,Demario Douglas,4.3
00-0038621,D.Douglas,Demario Douglas,WR,NE,NYJ,18,2023,0,0,0.0,0,1,0.0,0,2,6,13.0,0,1.3,3.3,NE,Demario Douglas,1.3
00-0038622,D.Vaughn,Deuce Vaughn,RB,DAL,NYG,1,2023,0,0,0.0,0,6,8.0,0,0,0,0.0,0,0.8,0.8,DAL,Deuce Vaughn,0.8
00-0038622,D.Vaughn,Deuce Vaughn,RB,DAL,NYJ,2,2023,0,0,0.0,0,3,16.0,0,3,3,16.0,0,3.2,6.2,DAL,Deuce Vaughn,3.2
00-0038622,D.Vaughn,Deuce Vaughn,RB,DAL,NE,4,2023,0,0,0.0,0,8,9.0,0,1,1,2.0,0,1.1,2.1,DAL,Deuce Vaughn,1.1
00-0038622,D.Vaughn,Deuce Vaughn,RB,DAL,SF,5,2023,0,0,0.0,0,3,7.0,0,1,1,1.0,0,0.8,1.8,DAL,Deuce Vaughn,0.8
00-0038622,D.Vaughn,Deuce Vaughn,RB,DAL,NYG,10,2023,0,0,0.0,0,1,-2.0,0,1,1,11.0,0,0.9,1.9,DAL,Deuce Vaughn,0.9
00-0038622,D.Vaughn,Deuce Vaughn,RB,DAL,DET,17,2023,0,0,0.0,0,2,2.0,0,1,1,10.0,0,1.2,2.2,DAL,Deuce Vaughn,1.2
00-0038627,A.Green,Antoine Green,WR,DET,SEA,2,2023,0,0,0.0,0,0,0.0,0,1,1,2.0,0,0.2,1.2,DET,Antoine Green,0.2
00-0038627,A.Green,Antoine Green,WR,DET,BAL,7,2023,0,0,0.0,0,0,0.0,0,0,1,0.0,0,0.0,0.0,DET,Antoine Green,0.0
00-0038632,C.Dowell,Colton Dowell,WR,TEN,CIN,4,2023,0,0,0.0,0,0,0.0,0,0,1,0.0,0,0.0,0.0,TEN,Colton Dowell,0.0
00-0038632,C.Dowell,Colton Dowell,WR,TEN,SEA,16,2023,0,0,0.0,0,0,0.0,0,1,1,3.0,0,0.3,1.3,TEN,Colton Dowell,0.3
00-0038640,J.Brooks,Jalen Brooks,WR,DAL,NYG,10,2023,0,0,0.0,0,0,0.0,0,4,4,39.0,0,3.9,7.9,DAL,Jalen Brooks,3.9
00-0038640,J.Brooks,Jalen Brooks,WR,DAL,WAS,12,2023,0,0,0.0,0,0,0.0,0,1,1,24.0,0,2.4,3.4,DAL,Jalen Brooks,2.4
00-0038640,J.Brooks,Jalen Brooks,WR,DAL,WAS,18,2023,0,0,0.0,0,0,0.0,0,1,1,1.0,0,0.1,1.1,DAL,Jalen Brooks,0.1
00-0038647,R.Bell,Ronnie Bell,WR,SF,NYG,3,2023,0,0,0.0,0,0,0.0,0,2,2,24.0,1,8.4,10.4,SF,Ronnie Bell,8.4
00-0038647,R.Bell,Ronnie Bell,WR,SF,ARI,4,2023,0,0,0.0,0,0,0.0,0,1,1,7.0,0,0.7,1.7,SF,Ronnie Bell,0.7
00-0038647,R.Bell,Ronnie Bell,WR,SF,DAL,5,2023,0,0,0.0,0,0,0.0,0,0,1,0.0,0,0.0,0.0,SF,Ronnie Bell,0.0
00-0038647,R.Bell,Ronnie Bell,WR,SF,JAX,10,2023,0,0,0.0,0,0,0.0,0,1,1,20.0,0,2.0,3.0,SF,Ronnie Bell,2.0
00-0038647,R.Bell,Ronnie Bell,WR,SF,ARI,15,2023,0,0,0.0,0,0,0.0,0,0,1,0.0,0,0.0,0.0,SF,Ronnie Bell,0.0
00-0038647,R.Bell,Ronnie Bell,WR,SF,BAL,16,2023,0,0,0.0,0,0,0.0,0,1,1,12.0,1,7.2,8.2,SF,Ronnie Bell,7.2
00-0038647,R.Bell,Ronnie Bell,WR,SF,WAS,17,2023,0,0,0.0,0,0,0.0,0,0,1,0.0,0,0.0,0.0,SF,Ronnie Bell,0.0
00-0038647,R.Bell,Ronnie Bell,WR,SF,LA,18,2023,0,0,0.0,0,0,0.0,0,1,5,5.0,1,6.5,7.5,SF,Ronnie Bell,6.5
00-0038667,E.Cooks,Elijah Cooks,WR,JAX,BAL,15,2023,0,0,0.0,0,0,0.0,0,0,1,0.0,0,0.0,0.0,JAX,Elijah Cooks,0.0
00-0038667,E.Cooks,Elijah Cooks,WR,JAX,TB,16,2023,0,0,0.0,0,0,0.0,0,3,3,38.0,0,3.8,6.8,JAX,Elijah Cooks,3.8
00-0038678,J.Mims,Jordan Mims,RB,NO,ATL,18,2023,0,0,0.0,0,0,0.0,0,0,2,0.0,0,0.0,0.0,NO,Jordan Mims,0.0
00-0038685,C.Brooks,Chris Brooks,RB,MIA,DEN,3,2023,0,0,0.0,0,9,66.0,0,0,0,0.0,0,6.6,6.6,MIA,Chris Brooks,6.6
00-0038685,C.Brooks,Chris Brooks,RB,MIA,CAR,6,2023,0,0,0.0,0,6,28.0,0,0,0,0.0,0,2.8,2.8,MIA,Chris Brooks,2.8
00-0038685,C.Brooks,Chris Brooks,RB,MIA,BAL,17,2023,0,0,0.0,0,4,12.0,0,0,0,0.0,0,1.2,1.2,MIA,Chris Brooks,1.2
00-0038705,E.Demercado,Emari Demercado,RB,ARI,NYG,2,2023,0,0,0.0,0,1,-2.0,0,2,2,7.0,0,0.5,2.5,ARI,Emari Demercado,0.5
00-0038705,E.Demercado,Emari Demercado,RB,ARI,DAL,3,2023,0,0,0.0,0,2,2.0,0,0,0,0.0,0,0.2,0.2,ARI,Emari Demercado,0.2
00-0038705,E.Demercado,Emari Demercado,RB,ARI,SF,4,2023,0,0,0.0,0,1,3.0,0,3,4,21.0,0,2.4,5.4,ARI,Emari Demercado,2.4
00-0038705,E.Demercado,Emari Demercado,RB,ARI,CIN,5,2023,0,0,0.0,0,10,45.0,1,1,3,12.0,0,11.7,12.7,ARI,Emari Demercado,11.7
00-0038705,E.Demercado,Emari Demercado,RB,ARI,LA,6,2023,0,0,0.0,0,2,11.0,0,1,1,6.0,0,1.7,2.7,ARI,Emari Demercado,1.7
00-0038705,E.Demercado,Emari Demercado,RB,ARI,SEA,7,2023,0,0,0.0,0,13,58.0,0,4,5,17.0,0,7.5,11.5,ARI,Emari Demercado,7.5
00-0038705,E.Demercado,Emari Demercado,RB,ARI,BAL,8,2023,0,0,0.0,0,20,78.0,0,1,1,1.0,0,7.9,8.9,ARI,Emari Demercado,7.9
00-0038705,E.Demercado,Emari Demercado,RB,ARI,LA,12,2023,0,0,0.0,0,3,15.0,0,0,0,0.0,0,1.5,1.5,ARI,Emari Demercado,1.5
00-0038705,E.Demercado,Emari Demercado,RB,ARI,SF,15,2023,0,0,0.0,0,4,64.0,1,1,3,6.0,0,13.0,14.0,ARI,Emari Demercado,13.0
00-0038705,E.Demercado,Emari Demercado,RB,ARI,CHI,16,2023,0,0,0.0,0,2,10.0,0,7,8,40.0,0,5.0,12.0,ARI,Emari Demercado,5.0
00-0038705,E.Demercado,Emari Demercado,RB,ARI,PHI,17,2023,0,0,0.0,0,0,0.0,0,1,3,9.0,0,0.9,1.9,ARI,Emari Demercado,0.9
00-0038720,J.Hill,Julian Hill,TE,MIA,DEN,3,2023,0,0,0.0,0,0,0.0,0,0,1,0.0,0,0.0,0.0,MIA,Julian Hill,0.0
00-0038720,J.Hill,Julian Hill,TE,MIA,NE,8,2023,0,0,0.0,0,0,0.0,0,1,2,4.0,0,0.4,1.4,MIA,Julian Hill,0.4
00-0038720,J.Hill,Julian Hill,TE,MIA,LV,11,2023,0,0,0.0,0,0,0.0,0,1,1,10.0,0,-1.0,0.0,MIA,Julian Hill,-1.0
00-0038720,J.Hill,Julian Hill,TE,MIA,WAS,13,2023,0,0,0.0,0,0,0.0,0,2,2,23.0,0,2.3,4.3,MIA,Julian Hill,2.3
00-0038720,J.Hill,Julian Hill,TE,MIA,BAL,17,2023,0,0,0.0,0,0,0.0,0,1,1,9.0,0,0.9,1.9,MIA,Julian Hill,0.9
00-0038720,J.Hill,Julian Hill,TE,MIA,BUF,18,2023,0,0,0.0,0,0,0.0,0,1,2,2.0,0,0.2,1.2,MIA,Julian Hill,0.2
00-0038738,H.Luepke,Hunter Luepke,FB,DAL,ARI,3,2023,0,0,0.0,0,1,9.0,0,1,1,12.0,0,2.1,3.1,DAL,Hunter Luepke,2.1
00-0038738,H.Luepke,Hunter Luepke,FB,DAL,NE,4,2023,0,0,0.0,0,2,4.0,1,0,0,0.0,0,6.4,6.4,DAL,Hunter Luepke,6.4
00-0038738,H.Luepke,Hunter Luepke,FB,DAL,LA,8,2023,0,0,0.0,0,0,0.0,0,1,1,-2.0,0,-0.2,0.8,DAL,Hunter Luepke,-0.2
00-0038738,H.Luepke,Hunter Luepke,FB,DAL,PHI,9,2023,0,0,0.0,0,0,0.0,0,0,1,0.0,0,0.0,0.0,DAL,Hunter Luepke,0.0
00-0038738,H.Luepke,Hunter Luepke,FB,DAL,BUF,15,2023,0,0,0.0,0,1,3.0,0,0,0,0.0,0,0.3,0.3,DAL,Hunter Luepke,0.3
00-0038738,H.Luepke,Hunter Luepke,FB,DAL,MIA,16,2023,0,0,0.0,0,2,3.0,0,1,1,8.0,0,1.1,2.1,DAL,Hunter Luepke,1.1
00-0038752,J.Bobo,Jake Bobo,WR,SEA,DET,2,2023,0,0,0.0,0,0,0.0,0,1,1,3.0,0,0.3,1.3,SEA,Jake Bobo,0.3
00-0038752,J.Bobo,Jake Bobo,WR,SEA,CAR,3,2023,0,0,0.0,0,0,0.0,0,1,2,5.0,1,6.5,7.5,SEA,Jake Bobo,6.5
00-0038752,J.Bobo,Jake Bobo,WR,SEA,NYG,4,2023,0,0,0.0,0,0,0.0,0,0,1,0.0,0,0.0,0.0,SEA,Jake Bobo,0.0
00-0038752,J.Bobo,Jake Bobo,WR,SEA,CIN,6,2023,0,0,0.0,0,0,0.0,0,2,2,43.0,0,4.3,6.3,SEA,Jake Bobo,4.3
00-0038752,J.Bobo,Jake Bobo,WR,SEA,ARI,7,2023,0,0,0.0,0,0,0.0,0,4,5,61.0,1,12.1,16.1,SEA,Jake Bobo,12.1
00-0038752,J.Bobo,Jake Bobo,WR,SEA,CLE,8,2023,0,0,0.0,0,1,3.0,1,2,2,23.0,0,8.6,10.6,SEA,Jake Bobo,8.6
00-0038752,J.Bobo,Jake Bobo,WR,SEA,WAS,10,2023,0,0,0.0,0,0,0.0,0,2,2,13.0,0,1.3,3.3,SEA,Jake Bobo,1.3
00-0038752,J.Bobo,Jake Bobo,WR,SEA,LA,11,2023,0,0,0.0,0,0,0.0,0,1,2,8.0,0,0.8,1.8,SEA,Jake Bobo,0.8
00-0038752,J.Bobo,Jake Bobo,WR,SEA,SF,12,2023,0,0,0.0,0,0,0.0,0,1,1,6.0,0,0.6,1.6,SEA,Jake Bobo,0.6
00-0038752,J.Bobo,Jake Bobo,WR,SEA,DAL,13,2023,0,0,0.0,0,0,0.0,0,1,1,9.0,0,0.9,1.9,SEA,Jake Bobo,0.9
00-0038752,J.Bobo,Jake Bobo,WR,SEA,PHI,15,2023,0,0,0.0,0,0,0.0,0,1,1,4.0,0,0.4,1.4,SEA,Jake Bobo,0.4
00-0038752,J.Bobo,Jake Bobo,WR,SEA,TEN,16,2023,0,0,0.0,0,0,0.0,0,1,3,8.0,0,0.8,1.8,SEA,Jake Bobo,0.8
00-0038752,J.Bobo,Jake Bobo,WR,SEA,PIT,17,2023,0,0,0.0,0,0,0.0,0,1,1,4.0,0,0.4,1.4,SEA,Jake Bobo,0.4
00-0038752,J.Bobo,Jake Bobo,WR,SEA,ARI,18,2023,0,0,0.0,0,0,0.0,0,1,1,9.0,0,0.9,1.9,SEA,Jake Bobo,0.9
00-0038783,N.Adkins,Nate Adkins,TE,DEN,MIA,3,2023,0,0,0.0,0,0,0.0,0,1,1,11.0,0,1.1,2.1,DEN,Nate Adkins,1.1
00-0038783,N.Adkins,Nate Adkins,TE,DEN,CHI,4,2023,0,0,0.0,0,0,0.0,0,2,2,8.0,0,0.8,2.8,DEN,Nate Adkins,0.8
00-0038783,N.Adkins,Nate Adkins,TE,DEN,NYJ,5,2023,0,0,0.0,0,0,0.0,0,0,1,0.0,0,0.0,0.0,DEN,Nate Adkins,0.0
00-0038783,N.Adkins,Nate Adkins,TE,DEN,GB,7,2023,0,0,0.0,0,0,0.0,0,1,1,3.0,0,0.3,1.3,DEN,Nate Adkins,0.3
00-0038794,J.McLaughlin,Jaleel McLaughlin,RB,DEN,LV,1,2023,0,0,0.0,0,0,0.0,0,1,1,-7.0,0,-0.7,0.3,DEN,Jaleel McLaughlin,-0.7
00-0038794,J.McLaughlin,Jaleel McLaughlin,RB,DEN,WAS,2,2023,0,0,0.0,0,1,5.0,1,0,0,0.0,0,6.5,6.5,DEN,Jaleel McLaughlin,6.5
00-0038794,J.McLaughlin,Jaleel McLaughlin,RB,DEN,MIA,3,2023,0,0,0.0,0,5,15.0,0,0,0,0.0,0,1.5,1.5,DEN,Jaleel McLaughlin,1.5
00-0038794,J.McLaughlin,Jaleel McLaughlin,RB,DEN,CHI,4,2023,0,0,0.0,0,7,72.0,0,3,3,32.0,1,16.4,19.4,DEN,Jaleel McLaughlin,16.4
00-0038794,J.McLaughlin,Jaleel McLaughlin,RB,DEN,NYJ,5,2023,0,0,0.0,0,9,68.0,0,3,4,21.0,1,14.9,17.9,DEN,Jaleel McLaughlin,14.9
00-0038794,J.McLaughlin,Jaleel McLaughlin,RB,DEN,KC,6,2023,0,0,0.0,0,7,30.0,0,2,2,12.0,0,4.2,6.2,DEN,Jaleel McLaughlin,4.2
00-0038794,J.McLaughlin,Jaleel McLaughlin,RB,DEN,GB,7,2023,0,0,0.0,0,5,45.0,0,1,2,1.0,0,4.6,5.6,DEN,Jaleel McLaughlin,4.6
00-0038794,J.McLaughlin,Jaleel McLaughlin,RB,DEN,KC,8,2023,0,0,0.0,0,4,33.0,0,2,2,6.0,0,3.9,5.9,DEN,Jaleel McLaughlin,3.9
00-0038794,J.McLaughlin,Jaleel McLaughlin,RB,DEN,BUF,10,2023,0,0,0.0,0,6,8.0,0,2,2,4.0,0,1.2,3.2,DEN,Jaleel McLaughlin,1.2
00-0038794,J.McLaughlin,Jaleel McLaughlin,RB,DEN,MIN,11,2023,0,0,0.0,0,1,1.0,0,5,5,14.0,0,1.5,6.5,DEN,Jaleel McLaughlin,1.5
00-0038794,J.McLaughlin,Jaleel McLaughlin,RB,DEN,CLE,12,2023,0,0,0.0,0,2,4.0,0,0,0,0.0,0,0.4,0.4,DEN,Jaleel McLaughlin,0.4
00-0038794,J.McLaughlin,Jaleel McLaughlin,RB,DEN,HOU,13,2023,0,0,0.0,0,4,15.0,0,2,2,6.0,0,2.1,4.1,DEN,Jaleel McLaughlin,2.1
00-0038794,J.McLaughlin,Jaleel McLaughlin,RB,DEN,LAC,14,2023,0,0,0.0,0,5,25.0,0,1,2,7.0,0,3.2,4.2,DEN,Jaleel McLaughlin,3.2
00-0038794,J.McLaughlin,Jaleel McLaughlin,RB,DEN,DET,15,2023,0,0,0.0,0,2,2.0,0,2,3,16.0,0,1.8,3.8,DEN,Jaleel McLaughlin,1.8
00-0038794,J.McLaughlin,Jaleel McLaughlin,RB,DEN,NE,16,2023,0,0,0.0,0,6,37.0,0,4,5,30.0,0,6.7,10.7,DEN,Jaleel McLaughlin,6.7
00-0038794,J.McLaughlin,Jaleel McLaughlin,RB,DEN,LAC,17,2023,0,0,0.0,0,8,44.0,0,3,3,18.0,0,6.2,9.2,DEN,Jaleel McLaughlin,6.2
00-0038794,J.McLaughlin,Jaleel McLaughlin,RB,DEN,LV,18,2023,0,0,0.0,0,4,6.0,0,0,0,0.0,0,0.6,0.6,DEN,Jaleel McLaughlin,0.6
00-0038797,E.Wilson,Emanuel Wilson,RB,GB,ATL,2,2023,0,0,0.0,0,3,5.0,0,0,0,0.0,0,0.5,0.5,GB,Emanuel Wilson,0.5
00-0038797,E.Wilson,Emanuel Wilson,RB,GB,NO,3,2023,0,0,0.0,0,2,6.0,0,1,1,6.0,0,1.2,2.2,GB,Emanuel Wilson,1.2
00-0038797,E.Wilson,Emanuel Wilson,RB,GB,DEN,7,2023,0,0,0.0,0,2,19.0,0,2,2,8.0,0,2.7,4.7,GB,Emanuel Wilson,2.7
00-0038797,E.Wilson,Emanuel Wilson,RB,GB,LA,9,2023,0,0,0.0,0,4,43.0,0,0,0,0.0,0,4.3,4.3,GB,Emanuel Wilson,4.3
00-0038797,E.Wilson,Emanuel Wilson,RB,GB,LAC,11,2023,0,0,0.0,0,3,12.0,0,1,2,9.0,0,2.1,3.1,GB,Emanuel Wilson,2.1
00-0038797,E.Wilson,Emanuel Wilson,RB,GB,DAL,19,2023,0,0,0.0,0,8,20.0,0,0,0,0.0,0,2.0,2.0,GB,Emanuel Wilson,2.0
00-0038797,E.Wilson,Emanuel Wilson,RB,GB,SF,20,2023,0,0,0.0,0,4,16.0,0,1,1,11.0,0,2.7,3.7,GB,Emanuel Wilson,2.7
00-0038809,B.Sims,Ben Sims,TE,GB,LV,5,2023,0,0,0.0,0,0,0.0,0,1,1,12.0,0,1.2,2.2,GB,Ben Sims,1.2
00-0038809,B.Sims,Ben Sims,TE,GB,DEN,7,2023,0,0,0.0,0,0,0.0,0,1,1,2.0,0,0.2,1.2,GB,Ben Sims,0.2
00-0038809,B.Sims,Ben Sims,TE,GB,DET,12,2023,0,0,0.0,0,0,0.0,0,0,1,0.0,0,0.0,0.0,GB,Ben Sims,0.0
00-0038809,B.Sims,Ben Sims,TE,GB,KC,13,2023,0,0,0.0,0,0,0.0,0,1,1,1.0,1,6.1,7.1,GB,Ben Sims,6.1
00-0038809,B.Sims,Ben Sims,TE,GB,TB,15,2023,0,0,0.0,0,0,0.0,0,0,1,0.0,0,0.0,0.0,GB,Ben Sims,0.0
00-0038809,B.Sims,Ben Sims,TE,GB,MIN,17,2023,0,0,0.0,0,0,0.0,0,1,1,6.0,0,0.6,1.6,GB,Ben Sims,0.6
00-0038809,B.Sims,Ben Sims,TE,GB,SF,20,2023,0,0,0.0,0,0,0.0,0,1,1,4.0,0,0.4,1.4,GB,Ben Sims,0.4
00-0038821,R.Jarrett,Rakim Jarrett,WR,TB,MIN,1,2023,0,0,0.0,0,1,0.0,0,0,0,0.0,0,0.0,0.0,TB,Rakim Jarrett,0.0
00-0038821,R.Jarrett,Rakim Jarrett,WR,TB,CHI,2,2023,0,0,0.0,0,0,0.0,0,1,1,7.0,0,0.7,1.7,TB,Rakim Jarrett,0.7
00-0038821,R.Jarrett,Rakim Jarrett,WR,TB,NO,4,2023,0,0,0.0,0,0,0.0,0,1,1,3.0,0,0.3,1.3,TB,Rakim Jarrett,0.3
00-0038821,R.Jarrett,Rakim Jarrett,WR,TB,ATL,7,2023,0,0,0.0,0,0,0.0,0,0,2,0.0,0,0.0,0.0,TB,Rakim Jarrett,0.0
00-0038821,R.Jarrett,Rakim Jarrett,WR,TB,BUF,8,2023,0,0,0.0,0,0,0.0,0,1,3,9.0,0,0.9,1.9,TB,Rakim Jarrett,0.9
00-0038821,R.Jarrett,Rakim Jarrett,WR,TB,SF,11,2023,0,0,0.0,0,0,0.0,0,1,2,41.0,0,4.1,5.1,TB,Rakim Jarrett,4.1
00-0038862,E.Dotson,Elijah Dotson,RB,LAC,TEN,2,2023,0,0,0.0,0,4,6.0,0,2,2,13.0,0,1.9,3.9,LAC,Elijah Dotson,1.9
00-0038891,S.Jackson,Shedrick Jackson,WR,CIN,BAL,11,2023,0,0,0.0,0,0,0.0,0,0,1,0.0,0,0.0,0.0,CIN,Shedrick Jackson,0.0
00-0038911,M.Cunningham,Malik Cunningham,WR,NE,LV,6,2023,0,0,0.0,0,0,0.0,0,0,0,0.0,0,0.0,0.0,NE,Malik Cunningham,0.0
00-0038933,D.Kincaid,Dalton Kincaid,TE,BUF,NYJ,1,2023,0,0,0.0,0,0,0.0,0,4,4,26.0,0,2.6,6.6,BUF,Dalton Kincaid,2.6
00-0038933,D.Kincaid,Dalton Kincaid,TE,BUF,LV,2,2023,0,0,0.0,0,0,0.0,0,5,6,43.0,0,4.3,9.3,BUF,Dalton Kincaid,4.3
00-0038933,D.Kincaid,Dalton Kincaid,TE,BUF,WAS,3,2023,0,0,0.0,0,0,0.0,0,2,2,3.0,0,0.3,2.3,BUF,Dalton Kincaid,0.3
00-0038933,D.Kincaid,Dalton Kincaid,TE,BUF,MIA,4,2023,0,0,0.0,0,0,0.0,0,4,5,27.0,0,2.7,6.7,BUF,Dalton Kincaid,2.7
00-0038933,D.Kincaid,Dalton Kincaid,TE,BUF,JAX,5,2023,0,0,0.0,0,0,0.0,0,2,2,19.0,0,1.9,3.9,BUF,Dalton Kincaid,1.9
00-0038933,D.Kincaid,Dalton Kincaid,TE,BUF,NE,7,2023,0,0,0.0,0,0,0.0,0,8,8,75.0,0,7.5,15.5,BUF,Dalton Kincaid,7.5
00-0038933,D.Kincaid,Dalton Kincaid,TE,BUF,TB,8,2023,0,0,0.0,0,0,0.0,0,5,7,65.0,1,12.5,17.5,BUF,Dalton Kincaid,12.5
00-0038933,D.Kincaid,Dalton Kincaid,TE,BUF,CIN,9,2023,0,0,0.0,0,0,0.0,0,10,11,81.0,0,6.1,16.1,BUF,Dalton Kincaid,6.1
00-0038933,D.Kincaid,Dalton Kincaid,TE,BUF,DEN,10,2023,0,0,0.0,0,0,0.0,0,5,6,51.0,1,11.1,16.1,BUF,Dalton Kincaid,11.1
00-0038933,D.Kincaid,Dalton Kincaid,TE,BUF,NYJ,11,2023,0,0,0.0,0,0,0.0,0,6,7,46.0,0,4.6,10.6,BUF,Dalton Kincaid,4.6
00-0038933,D.Kincaid,Dalton Kincaid,TE,BUF,PHI,12,2023,0,0,0.0,0,0,0.0,0,5,6,38.0,0,3.8,8.8,BUF,Dalton Kincaid,3.8
00-0038933,D.Kincaid,Dalton Kincaid,TE,BUF,KC,14,2023,0,0,0.0,0,0,0.0,0,5,8,21.0,0,2.1,7.1,BUF,Dalton Kincaid,2.1
00-0038933,D.Kincaid,Dalton Kincaid,TE,BUF,DAL,15,2023,0,0,0.0,0,0,0.0,0,0,2,0.0,0,0.0,0.0,BUF,Dalton Kincaid,0.0
00-0038933,D.Kincaid,Dalton Kincaid,TE,BUF,LAC,16,2023,0,0,0.0,0,0,0.0,0,1,2,7.0,0,0.7,1.7,BUF,Dalton Kincaid,0.7
00-0038933,D.Kincaid,Dalton Kincaid,TE,BUF,NE,17,2023,0,0,0.0,0,0,0.0,0,4,7,87.0,0,8.7,12.7,BUF,Dalton Kincaid,8.7
00-0038933,D.Kincaid,Dalton Kincaid,TE,BUF,MIA,18,2023,0,0,0.0,0,0,0.0,0,7,8,84.0,0,8.4,15.4,BUF,Dalton Kincaid,8.4
00-0038933,D.Kincaid,Dalton Kincaid,TE,BUF,PIT,19,2023,0,0,0.0,0,0,0.0,0,3,6,59.0,1,11.9,14.9,BUF,Dalton Kincaid,11.9
00-0038933,D.Kincaid,Dalton Kincaid,TE,BUF,KC,20,2023,0,0,0.0,0,0,0.0,0,5,5,45.0,0,4.5,9.5,BUF,Dalton Kincaid,4.5
00-0038935,B.Strange,Brenton Strange,TE,JAX,HOU,3,2023,0,0,0.0,0,0,0.0,0,2,2,7.0,0,0.7,2.7,JAX,Brenton Strange,0.7
00-0038935,B.Strange,Brenton Strange,TE,JAX,BUF,5,2023,0,0,0.0,0,0,0.0,0,0,1,0.0,0,0.0,0.0,JAX,Brenton Strange,0.0
00-0038935,B.Strange,Brenton Strange,TE,JAX,IND,6,2023,0,0,0.0,0,0,0.0,0,2,3,27.0,1,8.7,10.7,JAX,Brenton Strange,8.7
00-0038935,B.Strange,Brenton Strange,TE,JAX,SF,10,2023,0,0,0.0,0,0,0.0,0,0,1,0.0,0,0.0,0.0,JAX,Brenton Strange,0.0
00-0038935,B.Strange,Brenton Strange,TE,JAX,CAR,17,2023,0,0,0.0,0,0,0.0,0,1,2,1.0,0,0.1,1.1,JAX,Brenton Strange,0.1
00-0038938,J.Hyatt,Jalin Hyatt,WR,NYG,DAL,1,2023,0,0,0.0,0,0,0.0,0,0,1,0.0,0,0.0,0.0,NYG,Jalin Hyatt,0.0
00-0038938,J.Hyatt,Jalin Hyatt,WR,NYG,ARI,2,2023,0,0,0.0,0,0,0.0,0,2,2,89.0,0,8.9,10.9,NYG,Jalin Hyatt,8.9
00-0038938,J.Hyatt,Jalin Hyatt,WR,NYG,SEA,4,2023,0,0,0.0,0,0,0.0,0,2,2,10.0,0,1.0,3.0,NYG,Jalin Hyatt,1.0
00-0038938,J.Hyatt,Jalin Hyatt,WR,NYG,BUF,6,2023,0,0,0.0,0,0,0.0,0,3,4,21.0,0,2.1,5.1,NYG,Jalin Hyatt,2.1
00-0038938,J.Hyatt,Jalin Hyatt,WR,NYG,WAS,7,2023,0,0,0.0,0,0,0.0,0,2,5,75.0,0,7.5,9.5,NYG,Jalin Hyatt,7.5
00-0038938,J.Hyatt,Jalin Hyatt,WR,NYG,LV,9,2023,0,0,0.0,0,0,0.0,0,2,5,19.0,0,1.9,3.9,NYG,Jalin Hyatt,1.9
00-0038938,J.Hyatt,Jalin Hyatt,WR,NYG,DAL,10,2023,0,0,0.0,0,0,0.0,0,0,1,0.0,0,0.0,0.0,NYG,Jalin Hyatt,0.0
00-0038938,J.Hyatt,Jalin Hyatt,WR,NYG,WAS,11,2023,0,0,0.0,0,0,0.0,0,1,2,7.0,0,0.7,1.7,NYG,Jalin Hyatt,0.7
00-0038938,J.Hyatt,Jalin Hyatt,WR,NYG,NE,12,2023,0,0,0.0,0,0,0.0,0,5,6,109.0,0,10.9,15.9,NYG,Jalin Hyatt,10.9
00-0038938,J.Hyatt,Jalin Hyatt,WR,NYG,GB,14,2023,0,0,0.0,0,0,0.0,0,2,3,13.0,0,1.3,3.3,NYG,Jalin Hyatt,1.3
00-0038938,J.Hyatt,Jalin Hyatt,WR,NYG,NO,15,2023,0,0,0.0,0,0,0.0,0,0,3,0.0,0,0.0,0.0,NYG,Jalin Hyatt,0.0
00-0038938,J.Hyatt,Jalin Hyatt,WR,NYG,LA,17,2023,0,0,0.0,0,0,0.0,0,3,4,25.0,0,2.5,5.5,NYG,Jalin Hyatt,2.5
00-0038938,J.Hyatt,Jalin Hyatt,WR,NYG,PHI,18,2023,0,0,0.0,0,0,0.0,0,1,2,5.0,0,0.5,1.5,NYG,Jalin Hyatt,0.5
00-0038941,T.Scott,Tyler Scott,WR,CHI,GB,1,2023,0,0,0.0,0,0,0.0,0,2,2,14.0,0,1.4,3.4,CHI,Tyler Scott,1.4
00-0038941,T.Scott,Tyler Scott,WR,CHI,KC,3,2023,0,0,0.0,0,0,0.0,0,1,3,6.0,0,0.6,1.6,CHI,Tyler Scott,0.6
00-0038941,T.Scott,Tyler Scott,WR,CHI,DEN,4,2023,0,0,0.0,0,2,19.0,0,0,0,0.0,0,1.9,1.9,CHI,Tyler Scott,1.9
00-0038941,T.Scott,Tyler Scott,WR,CHI,MIN,6,2023,0,0,0.0,0,0,0.0,0,2,4,12.0,0,1.2,3.2,CHI,Tyler Scott,1.2
00-0038941,T.Scott,Tyler Scott,WR,CHI,LV,7,2023,0,0,0.0,0,2,14.0,0,2,3,19.0,0,3.3,5.3,CHI,Tyler Scott,3.3
00-0038941,T.Scott,Tyler Scott,WR,CHI,LAC,8,2023,0,0,0.0,0,0,0.0,0,1,3,11.0,0,1.1,2.1,CHI,Tyler Scott,1.1
00-0038941,T.Scott,Tyler Scott,WR,CHI,NO,9,2023,0,0,0.0,0,1,-5.0,0,0,2,0.0,0,-0.5,-0.5,CHI,Tyler Scott,-0.5
00-0038941,T.Scott,Tyler Scott,WR,CHI,CAR,10,2023,0,0,0.0,0,1,16.0,0,1,1,15.0,0,3.1,4.1,CHI,Tyler Scott,3.1
00-0038941,T.Scott,Tyler Scott,WR,CHI,DET,11,2023,0,0,0.0,0,0,0.0,0,1,2,4.0,0,-1.6,-0.6,CHI,Tyler Scott,-1.6
00-0038941,T.Scott,Tyler Scott,WR,CHI,DET,14,2023,0,0,0.0,0,0,0.0,0,1,1,11.0,0,1.1,2.1,CHI,Tyler Scott,1.1
00-0038941,T.Scott,Tyler Scott,WR,CHI,CLE,15,2023,0,0,0.0,0,1,-3.0,0,3,4,49.0,0,4.6,7.6,CHI,Tyler Scott,4.6
00-0038941,T.Scott,Tyler Scott,WR,CHI,ATL,17,2023,0,0,0.0,0,0,0.0,0,2,5,15.0,0,1.5,3.5,CHI,Tyler Scott,1.5
00-0038941,T.Scott,Tyler Scott,WR,CHI,GB,18,2023,0,0,0.0,0,0,0.0,0,1,2,12.0,0,1.2,2.2,CHI,Tyler Scott,1.2
00-0038951,S.Tucker,Sean Tucker,RB,TB,MIN,1,2023,0,0,0.0,0,5,15.0,0,2,2,9.0,0,2.4,4.4,TB,Sean Tucker,2.4
00-0038951,S.Tucker,Sean Tucker,RB,TB,CHI,2,2023,0,0,0.0,0,8,7.0,0,0,0,0.0,0,0.7,0.7,TB,Sean Tucker,0.7
00-0038951,S.Tucker,Sean Tucker,RB,TB,PHI,3,2023,0,0,0.0,0,2,1.0,0,0,0,0.0,0,0.1,0.1,TB,Sean Tucker,0.1
00-0038976,M.Mims,Marvin Mims Jr.,WR,DEN,LV,1,2023,0,0,0.0,0,0,0.0,0,2,2,9.0,0,0.9,2.9,DEN,Marvin Mims Jr.,0.9
00-0038976,M.Mims,Marvin Mims Jr.,WR,DEN,WAS,2,2023,0,0,0.0,0,2,10.0,0,2,2,113.0,1,18.3,20.3,DEN,Marvin Mims Jr.,18.3
00-0038976,M.Mims,Marvin Mims Jr.,WR,DEN,MIA,3,2023,0,0,0.0,0,1,3.0,0,3,5,73.0,0,13.6,16.6,DEN,Marvin Mims Jr.,13.6
00-0038976,M.Mims,Marvin Mims Jr.,WR,DEN,CHI,4,2023,0,0,0.0,0,0,0.0,0,2,2,47.0,0,4.7,6.7,DEN,Marvin Mims Jr.,4.7
00-0038976,M.Mims,Marvin Mims Jr.,WR,DEN,NYJ,5,2023,0,0,0.0,0,0,0.0,0,1,1,4.0,0,0.4,1.4,DEN,Marvin Mims Jr.,0.4
00-0038976,M.Mims,Marvin Mims Jr.,WR,DEN,GB,7,2023,0,0,0.0,0,1,-11.0,0,0,1,0.0,0,-1.1,-1.1,DEN,Marvin Mims Jr.,-1.1
00-0038976,M.Mims,Marvin Mims Jr.,WR,DEN,KC,8,2023,0,0,0.0,0,0,0.0,0,1,1,0.0,0,0.0,1.0,DEN,Marvin Mims Jr.,0.0
00-0038976,M.Mims,Marvin Mims Jr.,WR,DEN,BUF,10,2023,0,0,0.0,0,1,-3.0,0,0,1,0.0,0,-0.3,-0.3,DEN,Marvin Mims Jr.,-0.3
00-0038976,M.Mims,Marvin Mims Jr.,WR,DEN,MIN,11,2023,0,0,0.0,0,0,0.0,0,2,3,12.0,0,1.2,3.2,DEN,Marvin Mims Jr.,1.2
00-0038976,M.Mims,Marvin Mims Jr.,WR,DEN,CLE,12,2023,0,0,0.0,0,1,11.0,0,2,3,24.0,0,3.5,5.5,DEN,Marvin Mims Jr.,3.5
00-0038976,M.Mims,Marvin Mims Jr.,WR,DEN,HOU,13,2023,0,0,0.0,0,1,8.0,0,1,2,5.0,0,1.3,2.3,DEN,Marvin Mims Jr.,1.3
00-0038976,M.Mims,Marvin Mims Jr.,WR,DEN,LAC,14,2023,0,0,0.0,0,0,0.0,0,2,3,11.0,0,1.1,3.1,DEN,Marvin Mims Jr.,1.1
00-0038976,M.Mims,Marvin Mims Jr.,WR,DEN,DET,15,2023,0,0,0.0,0,1,11.0,0,0,2,0.0,0,1.1,1.1,DEN,Marvin Mims Jr.,1.1
00-0038976,M.Mims,Marvin Mims Jr.,WR,DEN,NE,16,2023,0,0,0.0,0,0,0.0,0,3,4,63.0,0,6.3,9.3,DEN,Marvin Mims Jr.,6.3
00-0038976,M.Mims,Marvin Mims Jr.,WR,DEN,LV,18,2023,0,0,0.0,0,1,1.0,0,1,1,16.0,0,1.7,2.7,DEN,Marvin Mims Jr.,1.7
00-0038977,T.Dell,Tank Dell,WR,HOU,BAL,1,2023,0,0,0.0,0,0,0.0,0,3,4,34.0,0,3.4,6.4,HOU,Tank Dell,3.4
00-0038977,T.Dell,Tank Dell,WR,HOU,IND,2,2023,0,0,0.0,0,0,0.0,0,7,10,72.0,1,13.2,20.2,HOU,Tank Dell,13.2
00-0038977,T.Dell,Tank Dell,WR,HOU,JAX,3,2023,0,0,0.0,0,0,0.0,0,5,7,145.0,1,20.5,25.5,HOU,Tank Dell,20.5
00-0038977,T.Dell,Tank Dell,WR,HOU,PIT,4,2023,0,0,0.0,0,2,13.0,0,1,3,16.0,0,2.9,3.9,HOU,Tank Dell,2.9
00-0038977,T.Dell,Tank Dell,WR,HOU,ATL,5,2023,0,0,0.0,0,2,-4.0,0,3,4,57.0,0,5.3,8.3,HOU,Tank Dell,5.3
00-0038977,T.Dell,Tank Dell,WR,HOU,CAR,8,2023,0,0,0.0,0,3,15.0,0,3,4,16.0,0,3.1,6.1,HOU,Tank Dell,3.1
00-0038977,T.Dell,Tank Dell,WR,HOU,TB,9,2023,0,0,0.0,0,2,2.0,0,6,11,114.0,2,23.6,29.6,HOU,Tank Dell,23.6
00-0038977,T.Dell,Tank Dell,WR,HOU,CIN,10,2023,0,0,0.0,0,1,13.0,0,6,14,56.0,1,12.9,18.9,HOU,Tank Dell,12.9
00-0038977,T.Dell,Tank Dell,WR,HOU,ARI,11,2023,0,0,0.0,0,0,0.0,0,8,10,149.0,1,20.9,28.9,HOU,Tank Dell,20.9
00-0038977,T.Dell,Tank Dell,WR,HOU,JAX,12,2023,0,0,0.0,0,1,12.0,0,5,8,50.0,1,12.2,17.2,HOU,Tank Dell,12.2
00-0038979,C.Tillman,Cedric Tillman,WR,CLE,BAL,4,2023,0,0,0.0,0,0,0.0,0,1,3,5.0,0,0.5,1.5,CLE,Cedric Tillman,0.5
00-0038979,C.Tillman,Cedric Tillman,WR,CLE,ARI,9,2023,0,0,0.0,0,0,0.0,0,1,1,3.0,0,0.3,1.3,CLE,Cedric Tillman,0.3
00-0038979,C.Tillman,Cedric Tillman,WR,CLE,BAL,10,2023,0,0,0.0,0,0,0.0,0,0,3,0.0,0,0.0,0.0,CLE,Cedric Tillman,0.0
00-0038979,C.Tillman,Cedric Tillman,WR,CLE,PIT,11,2023,0,0,0.0,0,1,8.0,0,1,2,2.0,0,1.0,2.0,CLE,Cedric Tillman,1.0
00-0038979,C.Tillman,Cedric Tillman,WR,CLE,DEN,12,2023,0,0,0.0,0,0,0.0,0,4,5,55.0,0,5.5,9.5,CLE,Cedric Tillman,5.5
00-0038979,C.Tillman,Cedric Tillman,WR,CLE,LA,13,2023,0,0,0.0,0,0,0.0,0,2,6,20.0,0,2.0,4.0,CLE,Cedric Tillman,2.0
00-0038979,C.Tillman,Cedric Tillman,WR,CLE,JAX,14,2023,0,0,0.0,0,0,0.0,0,2,4,23.0,0,2.3,4.3,CLE,Cedric Tillman,2.3
00-0038979,C.Tillman,Cedric Tillman,WR,CLE,CHI,15,2023,0,0,0.0,0,0,0.0,0,4,8,52.0,0,5.2,9.2,CLE,Cedric Tillman,5.2
00-0038979,C.Tillman,Cedric Tillman,WR,CLE,HOU,16,2023,0,0,0.0,0,0,0.0,0,2,2,13.0,0,1.3,3.3,CLE,Cedric Tillman,1.3
00-0038979,C.Tillman,Cedric Tillman,WR,CLE,NYJ,17,2023,0,0,0.0,0,0,0.0,0,1,4,8.0,0,0.8,1.8,CLE,Cedric Tillman,0.8
00-0038979,C.Tillman,Cedric Tillman,WR,CLE,CIN,18,2023,0,0,0.0,0,0,0.0,0,3,6,43.0,0,4.3,7.3,CLE,Cedric Tillman,4.3
00-0038994,J.Addison,Jordan Addison,WR,MIN,TB,1,2023,0,0,0.0,0,0,0.0,0,4,6,61.0,1,12.1,16.1,MIN,Jordan Addison,12.1
00-0038994,J.Addison,Jordan Addison,WR,MIN,PHI,2,2023,0,0,0.0,0,0,0.0,0,3,5,72.0,1,13.2,16.2,MIN,Jordan Addison,13.2
00-0038994,J.Addison,Jordan Addison,WR,MIN,LAC,3,2023,0,0,0.0,0,0,0.0,0,6,8,52.0,0,5.2,11.2,MIN,Jordan Addison,5.2
00-0038994,J.Addison,Jordan Addison,WR,MIN,CAR,4,2023,0,0,0.0,0,0,0.0,0,0,1,0.0,0,0.0,0.0,MIN,Jordan Addison,0.0
00-0038994,J.Addison,Jordan Addison,WR,MIN,KC,5,2023,0,0,0.0,0,0,0.0,0,6,9,64.0,1,12.4,18.4,MIN,Jordan Addison,12.4
00-0038994,J.Addison,Jordan Addison,WR,MIN,CHI,6,2023,0,0,0.0,0,0,0.0,0,3,5,28.0,1,8.8,11.8,MIN,Jordan Addison,8.8
00-0038994,J.Addison,Jordan Addison,WR,MIN,SF,7,2023,0,0,0.0,0,0,0.0,0,7,10,123.0,2,24.3,31.3,MIN,Jordan Addison,24.3
00-0038994,J.Addison,Jordan Addison,WR,MIN,GB,8,2023,0,0,0.0,0,1,2.0,0,7,8,82.0,1,14.4,21.4,MIN,Jordan Addison,14.4
00-0038994,J.Addison,Jordan Addison,WR,MIN,ATL,9,2023,0,0,0.0,0,0,0.0,0,5,7,52.0,0,5.2,10.2,MIN,Jordan Addison,5.2
00-0038994,J.Addison,Jordan Addison,WR,MIN,NO,10,2023,0,0,0.0,0,0,0.0,0,4,7,69.0,0,6.9,10.9,MIN,Jordan Addison,6.9
00-0038994,J.Addison,Jordan Addison,WR,MIN,DEN,11,2023,0,0,0.0,0,0,0.0,0,3,6,44.0,0,4.4,7.4,MIN,Jordan Addison,4.4
00-0038994,J.Addison,Jordan Addison,WR,MIN,CHI,12,2023,0,0,0.0,0,0,0.0,0,6,10,39.0,0,3.9,9.9,MIN,Jordan Addison,3.9
00-0038994,J.Addison,Jordan Addison,WR,MIN,LV,14,2023,0,0,0.0,0,0,0.0,0,2,3,27.0,0,2.7,4.7,MIN,Jordan Addison,2.7
00-0038994,J.Addison,Jordan Addison,WR,MIN,CIN,15,2023,0,0,0.0,0,0,0.0,0,6,6,111.0,2,23.1,29.1,MIN,Jordan Addison,23.1
00-0038994,J.Addison,Jordan Addison,WR,MIN,DET,16,2023,0,0,0.0,0,0,0.0,0,1,4,2.0,0,0.2,1.2,MIN,Jordan Addison,0.2
00-0038994,J.Addison,Jordan Addison,WR,MIN,GB,17,2023,0,0,0.0,0,0,0.0,0,3,5,28.0,0,2.8,5.8,MIN,Jordan Addison,2.8
00-0038994,J.Addison,Jordan Addison,WR,MIN,DET,18,2023,0,0,0.0,0,0,0.0,0,4,8,57.0,1,11.7,15.7,MIN,Jordan Addison,11.7
00-0038996,T.Kraft,Tucker Kraft,TE,GB,DET,4,2023,0,0,0.0,0,0,0.0,0,2,2,5.0,0,0.5,2.5,GB,Tucker Kraft,0.5
00-0038996,T.Kraft,Tucker Kraft,TE,GB,PIT,10,2023,0,0,0.0,0,0,0.0,0,1,3,6.0,0,0.6,1.6,GB,Tucker Kraft,0.6
00-0038996,T.Kraft,Tucker Kraft,TE,GB,LAC,11,2023,0,0,0.0,0,0,0.0,0,2,2,32.0,0,3.2,5.2,GB,Tucker Kraft,3.2
00-0038996,T.Kraft,Tucker Kraft,TE,GB,DET,12,2023,0,0,0.0,0,0,0.0,0,2,2,15.0,1,7.5,9.5,GB,Tucker Kraft,7.5
00-0038996,T.Kraft,Tucker Kraft,TE,GB,KC,13,2023,0,0,0.0,0,0,0.0,0,3,6,37.0,0,3.7,6.7,GB,Tucker Kraft,3.7
00-0038996,T.Kraft,Tucker Kraft,TE,GB,NYG,14,2023,0,0,0.0,0,0,0.0,0,4,4,64.0,0,6.4,10.4,GB,Tucker Kraft,6.4
00-0038996,T.Kraft,Tucker Kraft,TE,GB,TB,15,2023,0,0,0.0,0,0,0.0,0,4,6,57.0,1,11.7,15.7,GB,Tucker Kraft,11.7
00-0038996,T.Kraft,Tucker Kraft,TE,GB,CAR,16,2023,0,0,0.0,0,0,0.0,0,4,6,60.0,0,6.0,10.0,GB,Tucker Kraft,6.0
00-0038996,T.Kraft,Tucker Kraft,TE,GB,MIN,17,2023,0,0,0.0,0,0,0.0,0,6,6,48.0,0,4.8,10.8,GB,Tucker Kraft,4.8
00-0038996,T.Kraft,Tucker Kraft,TE,GB,CHI,18,2023,0,0,0.0,0,0,0.0,0,3,3,31.0,0,3.1,6.1,GB,Tucker Kraft,3.1
00-0038996,T.Kraft,Tucker Kraft,TE,GB,DAL,19,2023,0,0,0.0,0,0,0.0,0,2,3,15.0,0,1.5,3.5,GB,Tucker Kraft,1.5
00-0038996,T.Kraft,Tucker Kraft,TE,GB,SF,20,2023,0,0,0.0,0,0,0.0,0,3,6,9.0,1,6.9,9.9,GB,Tucker Kraft,6.9
00-0038997,J.Downs,Josh Downs,WR,IND,JAX,1,2023,0,0,0.0,0,0,0.0,0,3,7,30.0,0,3.0,6.0,IND,Josh Downs,3.0
00-0038997,J.Downs,Josh Downs,WR,IND,HOU,2,2023,0,0,0.0,0,0,0.0,0,4,5,37.0,0,3.7,7.7,IND,Josh Downs,3.7
00-0038997,J.Downs,Josh Downs,WR,IND,BAL,3,2023,0,0,0.0,0,0,0.0,0,8,12,57.0,0,5.7,13.7,IND,Josh Downs,5.7
00-0038997,J.Downs,Josh Downs,WR,IND,LA,4,2023,0,0,0.0,0,0,0.0,0,2,3,34.0,0,3.4,5.4,IND,Josh Downs,3.4
00-0038997,J.Downs,Josh Downs,WR,IND,TEN,5,2023,0,0,0.0,0,0,0.0,0,6,6,97.0,0,9.7,15.7,IND,Josh Downs,9.7
00-0038997,J.Downs,Josh Downs,WR,IND,JAX,6,2023,0,0,0.0,0,0,0.0,0,5,8,21.0,1,8.1,13.1,IND,Josh Downs,8.1
00-0038997,J.Downs,Josh Downs,WR,IND,CLE,7,2023,0,0,0.0,0,0,0.0,0,5,6,125.0,1,18.5,23.5,IND,Josh Downs,18.5
00-0038997,J.Downs,Josh Downs,WR,IND,NO,8,2023,0,0,0.0,0,0,0.0,0,7,9,72.0,0,7.2,14.2,IND,Josh Downs,7.2
00-0038997,J.Downs,Josh Downs,WR,IND,CAR,9,2023,0,0,0.0,0,0,0.0,0,1,1,10.0,0,1.0,2.0,IND,Josh Downs,1.0
00-0038997,J.Downs,Josh Downs,WR,IND,NE,10,2023,0,0,0.0,0,0,0.0,0,2,3,40.0,0,4.0,6.0,IND,Josh Downs,4.0
00-0038997,J.Downs,Josh Downs,WR,IND,TB,12,2023,0,0,0.0,0,0,0.0,0,5,13,43.0,0,4.3,9.3,IND,Josh Downs,4.3
00-0038997,J.Downs,Josh Downs,WR,IND,TEN,13,2023,0,0,0.0,0,0,0.0,0,3,5,14.0,0,1.4,4.4,IND,Josh Downs,1.4
00-0038997,J.Downs,Josh Downs,WR,IND,CIN,14,2023,0,0,0.0,0,0,0.0,0,3,3,32.0,0,3.2,6.2,IND,Josh Downs,3.2
00-0038997,J.Downs,Josh Downs,WR,IND,PIT,15,2023,0,0,0.0,0,0,0.0,0,3,3,19.0,0,1.9,4.9,IND,Josh Downs,1.9
00-0038997,J.Downs,Josh Downs,WR,IND,ATL,16,2023,0,0,0.0,0,0,0.0,0,6,9,39.0,0,3.9,9.9,IND,Josh Downs,3.9
00-0038997,J.Downs,Josh Downs,WR,IND,LV,17,2023,0,0,0.0,0,0,0.0,0,2,2,53.0,0,5.3,7.3,IND,Josh Downs,5.3
00-0038997,J.Downs,Josh Downs,WR,IND,HOU,18,2023,0,0,0.0,0,0,0.0,0,3,3,48.0,0,4.8,7.8,IND,Josh Downs,4.8
00-0039021,R.Johnson,Roschon Johnson,RB,CHI,GB,1,2023,0,0,0.0,0,5,20.0,1,6,7,35.0,0,11.5,17.5,CHI,Roschon Johnson,11.5
00-0039021,R.Johnson,Roschon Johnson,RB,CHI,TB,2,2023,0,0,0.0,0,4,32.0,0,2,2,10.0,0,4.2,6.2,CHI,Roschon Johnson,4.2
00-0039021,R.Johnson,Roschon Johnson,RB,CHI,KC,3,2023,0,0,0.0,0,8,38.0,0,2,2,11.0,0,4.9,6.9,CHI,Roschon Johnson,4.9
00-0039021,R.Johnson,Roschon Johnson,RB,CHI,DEN,4,2023,0,0,0.0,0,5,13.0,0,1,1,2.0,0,1.5,2.5,CHI,Roschon Johnson,1.5
00-0039021,R.Johnson,Roschon Johnson,RB,CHI,WAS,5,2023,0,0,0.0,0,3,19.0,0,0,0,0.0,0,1.9,1.9,CHI,Roschon Johnson,1.9
00-0039021,R.Johnson,Roschon Johnson,RB,CHI,LAC,8,2023,0,0,0.0,0,6,21.0,0,3,4,10.0,0,3.1,6.1,CHI,Roschon Johnson,3.1
00-0039021,R.Johnson,Roschon Johnson,RB,CHI,NO,9,2023,0,0,0.0,0,2,6.0,0,1,1,9.0,0,1.5,2.5,CHI,Roschon Johnson,1.5
00-0039021,R.Johnson,Roschon Johnson,RB,CHI,CAR,10,2023,0,0,0.0,0,5,18.0,0,4,6,14.0,0,3.2,7.2,CHI,Roschon Johnson,3.2
00-0039021,R.Johnson,Roschon Johnson,RB,CHI,DET,11,2023,0,0,0.0,0,6,30.0,0,0,0,0.0,0,3.0,3.0,CHI,Roschon Johnson,3.0
00-0039021,R.Johnson,Roschon Johnson,RB,CHI,MIN,12,2023,0,0,0.0,0,10,35.0,0,5,5,40.0,0,7.5,12.5,CHI,Roschon Johnson,7.5
00-0039021,R.Johnson,Roschon Johnson,RB,CHI,DET,14,2023,0,0,0.0,0,1,6.0,0,0,0,0.0,0,0.6,0.6,CHI,Roschon Johnson,0.6
00-0039021,R.Johnson,Roschon Johnson,RB,CHI,CLE,15,2023,0,0,0.0,0,5,36.0,0,4,6,24.0,0,6.0,10.0,CHI,Roschon Johnson,6.0
00-0039021,R.Johnson,Roschon Johnson,RB,CHI,ARI,16,2023,0,0,0.0,0,9,37.0,0,3,3,16.0,0,5.3,8.3,CHI,Roschon Johnson,5.3
00-0039021,R.Johnson,Roschon Johnson,RB,CHI,ATL,17,2023,0,0,0.0,0,7,21.0,1,3,3,38.0,0,11.9,14.9,CHI,Roschon Johnson,11.9
00-0039021,R.Johnson,Roschon Johnson,RB,CHI,GB,18,2023,0,0,0.0,0,5,20.0,0,0,0,0.0,0,2.0,2.0,CHI,Roschon Johnson,2.0
00-0039032,T.Spears,Tyjae Spears,RB,TEN,NO,1,2023,0,0,0.0,0,3,27.0,0,1,4,1.0,0,2.8,3.8,TEN,Tyjae Spears,2.8
00-0039032,T.Spears,Tyjae Spears,RB,TEN,LAC,2,2023,0,0,0.0,0,8,49.0,0,2,2,6.0,0,5.5,7.5,TEN,Tyjae Spears,5.5
00-0039032,T.Spears,Tyjae Spears,RB,TEN,CLE,3,2023,0,0,0.0,0,4,6.0,0,4,4,3.0,0,0.9,4.9,TEN,Tyjae Spears,0.9
00-0039032,T.Spears,Tyjae Spears,RB,TEN,CIN,4,2023,0,0,0.0,0,5,40.0,0,3,4,18.0,0,5.8,8.8,TEN,Tyjae Spears,5.8
00-0039032,T.Spears,Tyjae Spears,RB,TEN,IND,5,2023,0,0,0.0,0,7,34.0,1,4,5,35.0,0,12.9,16.9,TEN,Tyjae Spears,12.9
00-0039032,T.Spears,Tyjae Spears,RB,TEN,BAL,6,2023,0,0,0.0,0,4,15.0,0,1,1,48.0,0,6.3,7.3,TEN,Tyjae Spears,6.3
00-0039032,T.Spears,Tyjae Spears,RB,TEN,ATL,8,2023,0,0,0.0,0,3,27.0,0,3,4,9.0,0,3.6,6.6,TEN,Tyjae Spears,3.6
00-0039032,T.Spears,Tyjae Spears,RB,TEN,PIT,9,2023,0,0,0.0,0,5,18.0,0,4,6,4.0,0,2.2,6.2,TEN,Tyjae Spears,2.2
00-0039032,T.Spears,Tyjae Spears,RB,TEN,TB,10,2023,0,0,0.0,0,5,18.0,0,4,5,42.0,0,6.0,10.0,TEN,Tyjae Spears,6.0
00-0039032,T.Spears,Tyjae Spears,RB,TEN,JAX,11,2023,0,0,0.0,0,4,14.0,0,2,2,12.0,0,2.6,4.6,TEN,Tyjae Spears,2.6
00-0039032,T.Spears,Tyjae Spears,RB,TEN,CAR,12,2023,0,0,0.0,0,2,6.0,0,1,3,1.0,0,0.7,1.7,TEN,Tyjae Spears,0.7
00-0039032,T.Spears,Tyjae Spears,RB,TEN,IND,13,2023,0,0,0.0,0,16,75.0,0,4,6,13.0,0,8.8,12.8,TEN,Tyjae Spears,8.8
00-0039032,T.Spears,Tyjae Spears,RB,TEN,MIA,14,2023,0,0,0.0,0,7,29.0,0,6,8,89.0,0,11.8,17.8,TEN,Tyjae Spears,11.8
00-0039032,T.Spears,Tyjae Spears,RB,TEN,HOU,15,2023,0,0,0.0,0,9,30.0,0,1,1,7.0,0,3.7,4.7,TEN,Tyjae Spears,3.7
00-0039032,T.Spears,Tyjae Spears,RB,TEN,SEA,16,2023,0,0,0.0,0,9,40.0,0,5,6,27.0,0,6.7,11.7,TEN,Tyjae Spears,6.7
00-0039032,T.Spears,Tyjae Spears,RB,TEN,HOU,17,2023,0,0,0.0,0,6,0.0,0,4,6,29.0,0,2.9,6.9,TEN,Tyjae Spears,2.9
00-0039032,T.Spears,Tyjae Spears,RB,TEN,JAX,18,2023,0,0,0.0,0,3,25.0,1,3,3,41.0,1,18.6,21.6,TEN,Tyjae Spears,18.6
00-0039040,D.Achane,De'Von Achane,RB,MIA,NE,2,2023,0,0,0.0,0,1,5.0,0,1,1,4.0,0,0.9,1.9,MIA,De'Von Achane,0.9
00-0039040,D.Achane,De'Von Achane,RB,MIA,DEN,3,2023,0,0,0.0,0,18,203.0,2,4,4,30.0,2,47.3,51.3,MIA,De'Von Achane,47.3
00-0039040,D.Achane,De'Von Achane,RB,MIA,BUF,4,2023,0,0,0.0,0,8,101.0,2,3,5,19.0,0,24.0,27.0,MIA,De'Von Achane,24.0
00-0039040,D.Achane,De'Von Achane,RB,MIA,NYG,5,2023,0,0,0.0,0,11,151.0,1,1,1,14.0,0,20.5,21.5,MIA,De'Von Achane,20.5
00-0039040,D.Achane,De'Von Achane,RB,MIA,LV,11,2023,0,0,0.0,0,1,1.0,0,1,1,4.0,0,0.5,1.5,MIA,De'Von Achane,0.5
00-0039040,D.Achane,De'Von Achane,RB,MIA,WAS,13,2023,0,0,0.0,0,17,73.0,2,3,4,30.0,0,22.3,25.3,MIA,De'Von Achane,22.3
00-0039040,D.Achane,De'Von Achane,RB,MIA,TEN,14,2023,0,0,0.0,0,7,47.0,0,5,9,24.0,0,7.1,12.1,MIA,De'Von Achane,7.1
00-0039040,D.Achane,De'Von Achane,RB,MIA,NYJ,15,2023,0,0,0.0,0,9,32.0,0,3,3,30.0,0,6.2,9.2,MIA,De'Von Achane,6.2
00-0039040,D.Achane,De'Von Achane,RB,MIA,DAL,16,2023,0,0,0.0,0,7,24.0,0,1,3,7.0,0,3.1,4.1,MIA,De'Von Achane,3.1
00-0039040,D.Achane,De'Von Achane,RB,MIA,BAL,17,2023,0,0,0.0,0,14,107.0,0,4,5,30.0,1,19.7,23.7,MIA,De'Von Achane,19.7
00-0039040,D.Achane,De'Von Achane,RB,MIA,BUF,18,2023,0,0,0.0,0,10,56.0,1,1,1,5.0,0,12.1,13.1,MIA,De'Von Achane,12.1
00-0039040,D.Achane,De'Von Achane,RB,MIA,KC,19,2023,0,0,0.0,0,6,9.0,0,3,6,21.0,0,3.0,6.0,MIA,De'Von Achane,3.0
00-0039041,E.Higgins,Elijah Higgins,TE,ARI,SEA,7,2023,0,0,0.0,0,0,0.0,0,1,1,0.0,0,0.0,1.0,ARI,Elijah Higgins,0.0
00-0039041,E.Higgins,Elijah Higgins,TE,ARI,ATL,10,2023,0,0,0.0,0,0,0.0,0,0,1,0.0,0,0.0,0.0,ARI,Elijah Higgins,0.0
00-0039041,E.Higgins,Elijah Higgins,TE,ARI,HOU,11,2023,0,0,0.0,0,0,0.0,0,1,2,2.0,0,0.2,1.2,ARI,Elijah Higgins,0.2
00-0039041,E.Higgins,Elijah Higgins,TE,ARI,LA,12,2023,0,0,0.0,0,0,0.0,0,1,2,26.0,0,2.6,3.6,ARI,Elijah Higgins,2.6
00-0039041,E.Higgins,Elijah Higgins,TE,ARI,PIT,13,2023,0,0,0.0,0,0,0.0,0,1,2,21.0,0,2.1,3.1,ARI,Elijah Higgins,2.1
00-0039041,E.Higgins,Elijah Higgins,TE,ARI,SF,15,2023,0,0,0.0,0,0,0.0,0,4,4,44.0,1,10.4,14.4,ARI,Elijah Higgins,10.4
00-0039041,E.Higgins,Elijah Higgins,TE,ARI,CHI,16,2023,0,0,0.0,0,0,0.0,0,2,3,17.0,0,1.7,3.7,ARI,Elijah Higgins,1.7
00-0039041,E.Higgins,Elijah Higgins,TE,ARI,PHI,17,2023,0,0,0.0,0,0,0.0,0,2,2,21.0,0,2.1,4.1,ARI,Elijah Higgins,2.1
00-0039041,E.Higgins,Elijah Higgins,TE,ARI,SEA,18,2023,0,0,0.0,0,0,0.0,0,2,2,32.0,0,3.2,5.2,ARI,Elijah Higgins,3.2
00-0039050,P.Durham,Payne Durham,TE,TB,DET,6,2023,0,0,0.0,0,0,0.0,0,1,1,8.0,0,0.8,1.8,TB,Payne Durham,0.8
00-0039050,P.Durham,Payne Durham,TE,TB,ATL,7,2023,0,0,0.0,0,0,0.0,0,0,1,0.0,0,0.0,0.0,TB,Payne Durham,0.0
00-0039050,P.Durham,Payne Durham,TE,TB,BUF,8,2023,0,0,0.0,0,0,0.0,0,0,1,0.0,0,0.0,0.0,TB,Payne Durham,0.0
00-0039050,P.Durham,Payne Durham,TE,TB,SF,11,2023,0,0,0.0,0,0,0.0,0,2,2,13.0,0,1.3,3.3,TB,Payne Durham,1.3
00-0039050,P.Durham,Payne Durham,TE,TB,IND,12,2023,0,0,0.0,0,0,0.0,0,1,1,12.0,0,1.2,2.2,TB,Payne Durham,1.2
00-0039050,P.Durham,Payne Durham,TE,TB,JAX,16,2023,0,0,0.0,0,0,0.0,0,1,1,25.0,0,2.5,3.5,TB,Payne Durham,2.5
00-0039050,P.Durham,Payne Durham,TE,TB,PHI,19,2023,0,0,0.0,0,0,0.0,0,1,1,18.0,0,1.8,2.8,TB,Payne Durham,1.8
00-0039052,T.Palmer,Trey Palmer,WR,TB,MIN,1,2023,0,0,0.0,0,0,0.0,0,2,3,8.0,1,6.8,8.8,TB,Trey Palmer,6.8
00-0039052,T.Palmer,Trey Palmer,WR,TB,CHI,2,2023,0,0,0.0,0,0,0.0,0,1,2,20.0,0,2.0,3.0,TB,Trey Palmer,2.0
00-0039052,T.Palmer,Trey Palmer,WR,TB,PHI,3,2023,0,0,0.0,0,0,0.0,0,1,1,8.0,0,0.8,1.8,TB,Trey Palmer,0.8
00-0039052,T.Palmer,Trey Palmer,WR,TB,NO,4,2023,0,0,0.0,0,0,0.0,0,2,3,6.0,1,6.6,8.6,TB,Trey Palmer,6.6
00-0039052,T.Palmer,Trey Palmer,WR,TB,DET,6,2023,0,0,0.0,0,0,0.0,0,2,7,47.0,0,4.7,6.7,TB,Trey Palmer,4.7
00-0039052,T.Palmer,Trey Palmer,WR,TB,ATL,7,2023,0,0,0.0,0,0,0.0,0,1,2,5.0,0,0.5,1.5,TB,Trey Palmer,0.5
00-0039052,T.Palmer,Trey Palmer,WR,TB,BUF,8,2023,0,0,0.0,0,0,0.0,0,3,6,22.0,0,2.2,5.2,TB,Trey Palmer,2.2
00-0039052,T.Palmer,Trey Palmer,WR,TB,HOU,9,2023,0,0,0.0,0,0,0.0,0,3,4,51.0,0,5.1,8.1,TB,Trey Palmer,5.1
00-0039052,T.Palmer,Trey Palmer,WR,TB,TEN,10,2023,0,0,0.0,0,0,0.0,0,2,4,21.0,0,2.1,4.1,TB,Trey Palmer,2.1
00-0039052,T.Palmer,Trey Palmer,WR,TB,SF,11,2023,0,0,0.0,0,1,6.0,0,4,6,22.0,0,2.8,6.8,TB,Trey Palmer,2.8
00-0039052,T.Palmer,Trey Palmer,WR,TB,IND,12,2023,0,0,0.0,0,0,0.0,0,4,5,17.0,0,1.7,5.7,TB,Trey Palmer,1.7
00-0039052,T.Palmer,Trey Palmer,WR,TB,CAR,13,2023,0,0,0.0,0,1,13.0,0,2,5,12.0,0,2.5,4.5,TB,Trey Palmer,2.5
00-0039052,T.Palmer,Trey Palmer,WR,TB,ATL,14,2023,0,0,0.0,0,1,3.0,0,1,1,5.0,0,0.8,1.8,TB,Trey Palmer,0.8
00-0039052,T.Palmer,Trey Palmer,WR,TB,GB,15,2023,0,0,0.0,0,0,0.0,0,1,2,5.0,0,0.5,1.5,TB,Trey Palmer,0.5
00-0039052,T.Palmer,Trey Palmer,WR,TB,JAX,16,2023,0,0,0.0,0,0,0.0,0,4,6,42.0,0,4.2,8.2,TB,Trey Palmer,4.2
00-0039052,T.Palmer,Trey Palmer,WR,TB,NO,17,2023,0,0,0.0,0,0,0.0,0,4,5,84.0,1,12.4,16.4,TB,Trey Palmer,12.4
00-0039052,T.Palmer,Trey Palmer,WR,TB,CAR,18,2023,0,0,0.0,0,0,0.0,0,2,6,10.0,0,1.0,3.0,TB,Trey Palmer,1.0
00-0039052,T.Palmer,Trey Palmer,WR,TB,PHI,19,2023,0,0,0.0,0,1,9.0,0,1,2,56.0,1,12.5,13.5,TB,Trey Palmer,12.5
00-0039052,T.Palmer,Trey Palmer,WR,TB,DET,20,2023,0,0,0.0,0,0,0.0,0,2,2,32.0,0,3.2,5.2,TB,Trey Palmer,3.2
00-0039062,J.Mingo,Jonathan Mingo,WR,CAR,ATL,1,2023,0,0,0.0,0,0,0.0,0,2,5,17.0,0,1.7,3.7,CAR,Jonathan Mingo,1.7
00-0039062,J.Mingo,Jonathan Mingo,WR,CAR,NO,2,2023,0,0,0.0,0,0,0.0,0,3,8,26.0,0,2.6,5.6,CAR,Jonathan Mingo,2.6
00-0039062,J.Mingo,Jonathan Mingo,WR,CAR,SEA,3,2023,0,0,0.0,0,0,0.0,0,3,6,21.0,0,2.1,5.1,CAR,Jonathan Mingo,2.1
00-0039062,J.Mingo,Jonathan Mingo,WR,CAR,DET,5,2023,0,0,0.0,0,0,0.0,0,5,7,48.0,0,4.8,9.8,CAR,Jonathan Mingo,4.8
00-0039062,J.Mingo,Jonathan Mingo,WR,CAR,MIA,6,2023,0,0,0.0,0,0,0.0,0,2,3,21.0,0,2.1,4.1,CAR,Jonathan Mingo,2.1
00-0039062,J.Mingo,Jonathan Mingo,WR,CAR,HOU,8,2023,0,0,0.0,0,0,0.0,0,4,5,62.0,0,6.2,10.2,CAR,Jonathan Mingo,6.2
00-0039062,J.Mingo,Jonathan Mingo,WR,CAR,IND,9,2023,0,0,0.0,0,0,0.0,0,1,4,5.0,0,0.5,1.5,CAR,Jonathan Mingo,0.5
00-0039062,J.Mingo,Jonathan Mingo,WR,CAR,CHI,10,2023,0,0,0.0,0,0,0.0,0,3,7,20.0,0,2.0,5.0,CAR,Jonathan Mingo,2.0
00-0039062,J.Mingo,Jonathan Mingo,WR,CAR,DAL,11,2023,0,0,0.0,0,0,0.0,0,1,6,6.0,0,0.6,1.6,CAR,Jonathan Mingo,0.6
00-0039062,J.Mingo,Jonathan Mingo,WR,CAR,TEN,12,2023,0,0,0.0,0,0,0.0,0,4,6,60.0,0,6.0,10.0,CAR,Jonathan Mingo,6.0
00-0039062,J.Mingo,Jonathan Mingo,WR,CAR,TB,13,2023,0,0,0.0,0,0,0.0,0,6,10,69.0,0,6.9,12.9,CAR,Jonathan Mingo,6.9
00-0039062,J.Mingo,Jonathan Mingo,WR,CAR,NO,14,2023,0,0,0.0,0,0,0.0,0,2,9,22.0,0,2.2,4.2,CAR,Jonathan Mingo,2.2
00-0039062,J.Mingo,Jonathan Mingo,WR,CAR,ATL,15,2023,0,0,0.0,0,0,0.0,0,4,5,32.0,0,3.2,7.2,CAR,Jonathan Mingo,3.2
00-0039062,J.Mingo,Jonathan Mingo,WR,CAR,GB,16,2023,0,0,0.0,0,0,0.0,0,1,1,9.0,0,0.9,1.9,CAR,Jonathan Mingo,0.9
00-0039062,J.Mingo,Jonathan Mingo,WR,CAR,JAX,17,2023,0,0,0.0,0,0,0.0,0,2,3,0.0,0,0.0,2.0,CAR,Jonathan Mingo,0.0
00-0039064,Z.Flowers,Zay Flowers,WR,BAL,HOU,1,2023,0,0,0.0,0,2,9.0,0,9,10,78.0,0,8.7,17.7,BAL,Zay Flowers,8.7
00-0039064,Z.Flowers,Zay Flowers,WR,BAL,CIN,2,2023,0,0,0.0,0,1,6.0,0,4,5,62.0,0,6.8,10.8,BAL,Zay Flowers,6.8
00-0039064,Z.Flowers,Zay Flowers,WR,BAL,IND,3,2023,0,0,0.0,0,1,2.0,0,8,10,48.0,0,5.0,13.0,BAL,Zay Flowers,5.0
00-0039064,Z.Flowers,Zay Flowers,WR,BAL,CLE,4,2023,0,0,0.0,0,1,-6.0,0,3,4,56.0,0,5.0,8.0,BAL,Zay Flowers,5.0
00-0039064,Z.Flowers,Zay Flowers,WR,BAL,PIT,5,2023,0,0,0.0,0,0,0.0,0,5,11,73.0,0,7.3,12.3,BAL,Zay Flowers,7.3
00-0039064,Z.Flowers,Zay Flowers,WR,BAL,TEN,6,2023,0,0,0.0,0,1,1.0,0,6,8,50.0,1,11.1,17.1,BAL,Zay Flowers,11.1
00-0039064,Z.Flowers,Zay Flowers,WR,BAL,DET,7,2023,0,0,0.0,0,0,0.0,0,4,6,75.0,0,7.5,11.5,BAL,Zay Flowers,7.5
00-0039064,Z.Flowers,Zay Flowers,WR,BAL,ARI,8,2023,0,0,0.0,0,0,0.0,0,5,7,19.0,0,1.9,6.9,BAL,Zay Flowers,1.9
00-0039064,Z.Flowers,Zay Flowers,WR,BAL,SEA,9,2023,0,0,0.0,0,0,0.0,0,1,1,11.0,0,1.1,2.1,BAL,Zay Flowers,1.1
00-0039064,Z.Flowers,Zay Flowers,WR,BAL,CLE,10,2023,0,0,0.0,0,0,0.0,0,5,6,73.0,0,7.3,12.3,BAL,Zay Flowers,7.3
00-0039064,Z.Flowers,Zay Flowers,WR,BAL,CIN,11,2023,0,0,0.0,0,1,7.0,0,3,4,43.0,0,5.0,8.0,BAL,Zay Flowers,5.0
00-0039064,Z.Flowers,Zay Flowers,WR,BAL,LAC,12,2023,0,0,0.0,0,1,37.0,1,5,8,25.0,1,18.2,23.2,BAL,Zay Flowers,18.2
00-0039064,Z.Flowers,Zay Flowers,WR,BAL,LA,14,2023,0,0,0.0,0,0,0.0,0,6,10,60.0,1,14.0,20.0,BAL,Zay Flowers,14.0
00-0039064,Z.Flowers,Zay Flowers,WR,BAL,JAX,15,2023,0,0,0.0,0,0,0.0,0,1,2,7.0,0,0.7,1.7,BAL,Zay Flowers,0.7
00-0039064,Z.Flowers,Zay Flowers,WR,BAL,SF,16,2023,0,0,0.0,0,0,0.0,0,9,13,72.0,1,13.2,22.2,BAL,Zay Flowers,13.2
00-0039064,Z.Flowers,Zay Flowers,WR,BAL,MIA,17,2023,0,0,0.0,0,0,0.0,0,3,3,106.0,1,16.6,19.6,BAL,Zay Flowers,16.6
00-0039064,Z.Flowers,Zay Flowers,WR,BAL,HOU,20,2023,0,0,0.0,0,0,0.0,0,4,5,41.0,0,4.1,8.1,BAL,Zay Flowers,4.1
00-0039064,Z.Flowers,Zay Flowers,WR,BAL,KC,21,2023,0,0,0.0,0,2,4.0,0,5,8,115.0,1,15.9,20.9,BAL,Zay Flowers,15.9
00-0039065,S.LaPorta,Sam LaPorta,TE,DET,KC,1,2023,0,0,0.0,0,0,0.0,0,5,5,39.0,0,3.9,8.9,DET,Sam LaPorta,3.9
00-0039065,S.LaPorta,Sam LaPorta,TE,DET,SEA,2,2023,0,0,0.0,0,0,0.0,0,5,6,63.0,0,6.3,11.3,DET,Sam LaPorta,6.3
00-0039065,S.LaPorta,Sam LaPorta,TE,DET,ATL,3,2023,0,0,0.0,0,0,0.0,0,8,11,84.0,1,14.4,22.4,DET,Sam LaPorta,14.4
00-0039065,S.LaPorta,Sam LaPorta,TE,DET,GB,4,2023,0,0,0.0,0,0,0.0,0,4,5,56.0,0,5.6,9.6,DET,Sam LaPorta,5.6
00-0039065,S.LaPorta,Sam LaPorta,TE,DET,CAR,5,2023,0,0,0.0,0,0,0.0,0,3,4,47.0,2,16.7,19.7,DET,Sam LaPorta,16.7
00-0039065,S.LaPorta,Sam LaPorta,TE,DET,TB,6,2023,0,0,0.0,0,0,0.0,0,4,11,36.0,0,3.6,7.6,DET,Sam LaPorta,3.6
00-0039065,S.LaPorta,Sam LaPorta,TE,DET,BAL,7,2023,0,0,0.0,0,0,0.0,0,6,7,52.0,0,5.2,11.2,DET,Sam LaPorta,5.2
00-0039065,S.LaPorta,Sam LaPorta,TE,DET,LV,8,2023,0,0,0.0,0,0,0.0,0,8,10,57.0,1,11.7,19.7,DET,Sam LaPorta,11.7
00-0039065,S.LaPorta,Sam LaPorta,TE,DET,LAC,10,2023,0,0,0.0,0,0,0.0,0,4,5,40.0,0,4.0,8.0,DET,Sam LaPorta,4.0
00-0039065,S.LaPorta,Sam LaPorta,TE,DET,CHI,11,2023,0,0,0.0,0,0,0.0,0,3,5,18.0,0,3.8,6.8,DET,Sam LaPorta,3.8
00-0039065,S.LaPorta,Sam LaPorta,TE,DET,GB,12,2023,0,0,0.0,0,0,0.0,0,5,8,47.0,1,12.7,17.7,DET,Sam LaPorta,12.7
00-0039065,S.LaPorta,Sam LaPorta,TE,DET,NO,13,2023,0,0,0.0,0,0,0.0,0,9,9,140.0,1,20.0,29.0,DET,Sam LaPorta,20.0
00-0039065,S.LaPorta,Sam LaPorta,TE,DET,CHI,14,2023,0,0,0.0,0,1,4.0,0,2,6,23.0,0,2.7,4.7,DET,Sam LaPorta,2.7
00-0039065,S.LaPorta,Sam LaPorta,TE,DET,DEN,15,2023,0,0,0.0,0,0,0.0,0,5,6,56.0,3,23.6,28.6,DET,Sam LaPorta,23.6
00-0039065,S.LaPorta,Sam LaPorta,TE,DET,MIN,16,2023,0,0,0.0,0,0,0.0,0,3,3,18.0,0,1.8,4.8,DET,Sam LaPorta,1.8
00-0039065,S.LaPorta,Sam LaPorta,TE,DET,DAL,17,2023,0,0,0.0,0,0,0.0,0,7,12,84.0,0,8.4,15.4,DET,Sam LaPorta,8.4
00-0039065,S.LaPorta,Sam LaPorta,TE,DET,MIN,18,2023,0,0,0.0,0,0,0.0,0,5,7,29.0,1,8.9,13.9,DET,Sam LaPorta,8.9
00-0039065,S.LaPorta,Sam LaPorta,TE,DET,LA,19,2023,0,0,0.0,0,0,0.0,0,3,3,14.0,1,7.4,10.4,DET,Sam LaPorta,7.4
00-0039065,S.LaPorta,Sam LaPorta,TE,DET,TB,20,2023,0,0,0.0,0,0,0.0,0,9,11,65.0,0,6.5,15.5,DET,Sam LaPorta,6.5
00-0039065,S.LaPorta,Sam LaPorta,TE,DET,SF,21,2023,0,0,0.0,0,0,0.0,0,9,13,97.0,0,9.7,18.7,DET,Sam LaPorta,9.7
00-0039066,M.Mayer,Michael Mayer,TE,LV,BUF,2,2023,0,0,0.0,0,0,0.0,0,1,1,2.0,0,0.2,1.2,LV,Michael Mayer,0.2
00-0039066,M.Mayer,Michael Mayer,TE,LV,PIT,3,2023,0,0,0.0,0,0,0.0,0,0,1,0.0,0,2.0,2.0,LV,Michael Mayer,2.0
00-0039066,M.Mayer,Michael Mayer,TE,LV,GB,5,2023,0,0,0.0,0,0,0.0,0,2,3,39.0,0,3.9,5.9,LV,Michael Mayer,3.9
00-0039066,M.Mayer,Michael Mayer,TE,LV,NE,6,2023,0,0,0.0,0,0,0.0,0,5,6,75.0,0,7.5,12.5,LV,Michael Mayer,7.5
00-0039066,M.Mayer,Michael Mayer,TE,LV,CHI,7,2023,0,0,0.0,0,0,0.0,0,2,4,13.0,0,1.3,3.3,LV,Michael Mayer,1.3
00-0039066,M.Mayer,Michael Mayer,TE,LV,DET,8,2023,0,0,0.0,0,0,0.0,0,1,2,19.0,0,1.9,2.9,LV,Michael Mayer,1.9
00-0039066,M.Mayer,Michael Mayer,TE,LV,NYG,9,2023,0,0,0.0,0,0,0.0,0,2,2,11.0,0,1.1,3.1,LV,Michael Mayer,1.1
00-0039066,M.Mayer,Michael Mayer,TE,LV,NYJ,10,2023,0,0,0.0,0,0,0.0,0,3,5,19.0,1,7.9,10.9,LV,Michael Mayer,7.9
00-0039066,M.Mayer,Michael Mayer,TE,LV,MIA,11,2023,0,0,0.0,0,0,0.0,0,4,5,46.0,0,4.6,8.6,LV,Michael Mayer,4.6
00-0039066,M.Mayer,Michael Mayer,TE,LV,KC,12,2023,0,0,0.0,0,0,0.0,0,2,4,27.0,0,2.7,4.7,LV,Michael Mayer,2.7
00-0039066,M.Mayer,Michael Mayer,TE,LV,MIN,14,2023,0,0,0.0,0,0,0.0,0,1,2,14.0,0,1.4,2.4,LV,Michael Mayer,1.4
00-0039066,M.Mayer,Michael Mayer,TE,LV,LAC,15,2023,0,0,0.0,0,0,0.0,0,4,5,39.0,1,9.9,13.9,LV,Michael Mayer,9.9
00-0039067,R.Rice,Rashee Rice,WR,KC,DET,1,2023,0,0,0.0,0,1,-3.0,0,3,5,29.0,1,8.6,11.6,KC,Rashee Rice,8.6
00-0039067,R.Rice,Rashee Rice,WR,KC,JAX,2,2023,0,0,0.0,0,0,0.0,0,2,2,20.0,0,2.0,4.0,KC,Rashee Rice,2.0
00-0039067,R.Rice,Rashee Rice,WR,KC,CHI,3,2023,0,0,0.0,0,0,0.0,0,5,7,59.0,0,5.9,10.9,KC,Rashee Rice,5.9
00-0039067,R.Rice,Rashee Rice,WR,KC,NYJ,4,2023,0,0,0.0,0,0,0.0,0,3,5,32.0,0,3.2,6.2,KC,Rashee Rice,3.2
00-0039067,R.Rice,Rashee Rice,WR,KC,MIN,5,2023,0,0,0.0,0,0,0.0,0,4,5,33.0,1,9.3,13.3,KC,Rashee Rice,9.3
00-0039067,R.Rice,Rashee Rice,WR,KC,DEN,6,2023,0,0,0.0,0,0,0.0,0,4,4,72.0,0,7.2,11.2,KC,Rashee Rice,7.2
00-0039067,R.Rice,Rashee Rice,WR,KC,LAC,7,2023,0,0,0.0,0,0,0.0,0,5,6,60.0,1,12.0,17.0,KC,Rashee Rice,12.0
00-0039067,R.Rice,Rashee Rice,WR,KC,DEN,8,2023,0,0,0.0,0,0,0.0,0,4,5,56.0,0,5.6,9.6,KC,Rashee Rice,5.6
00-0039067,R.Rice,Rashee Rice,WR,KC,MIA,9,2023,0,0,0.0,0,0,0.0,0,2,2,17.0,1,7.7,9.7,KC,Rashee Rice,7.7
00-0039067,R.Rice,Rashee Rice,WR,KC,PHI,11,2023,0,0,0.0,0,0,0.0,0,4,5,42.0,0,4.2,8.2,KC,Rashee Rice,4.2
00-0039067,R.Rice,Rashee Rice,WR,KC,LV,12,2023,0,0,0.0,0,0,0.0,0,8,10,107.0,1,16.7,24.7,KC,Rashee Rice,16.7
00-0039067,R.Rice,Rashee Rice,WR,KC,GB,13,2023,0,0,0.0,0,0,0.0,0,8,9,64.0,0,6.4,14.4,KC,Rashee Rice,6.4
00-0039067,R.Rice,Rashee Rice,WR,KC,BUF,14,2023,0,0,0.0,0,0,0.0,0,7,10,72.0,1,11.2,18.2,KC,Rashee Rice,11.2
00-0039067,R.Rice,Rashee Rice,WR,KC,NE,15,2023,0,0,0.0,0,0,0.0,0,9,9,91.0,1,15.1,24.1,KC,Rashee Rice,15.1
00-0039067,R.Rice,Rashee Rice,WR,KC,LV,16,2023,0,0,0.0,0,0,0.0,0,6,12,57.0,0,5.7,11.7,KC,Rashee Rice,5.7
00-0039067,R.Rice,Rashee Rice,WR,KC,CIN,17,2023,0,0,0.0,0,0,0.0,0,5,6,127.0,0,12.7,17.7,KC,Rashee Rice,12.7
00-0039067,R.Rice,Rashee Rice,WR,KC,MIA,19,2023,0,0,0.0,0,0,0.0,0,8,12,130.0,1,19.0,27.0,KC,Rashee Rice,19.0
00-0039067,R.Rice,Rashee Rice,WR,KC,BUF,20,2023,0,0,0.0,0,0,0.0,0,4,4,47.0,0,4.7,8.7,KC,Rashee Rice,4.7
00-0039067,R.Rice,Rashee Rice,WR,KC,BAL,21,2023,0,0,0.0,0,0,0.0,0,8,9,46.0,0,4.6,12.6,KC,Rashee Rice,4.6
00-0039067,R.Rice,Rashee Rice,WR,KC,SF,22,2023,0,0,0.0,0,2,5.0,0,6,8,39.0,0,4.4,10.4,KC,Rashee Rice,4.4
00-0039074,D.Allen,Davis Allen,TE,LA,ARI,12,2023,0,0,0.0,0,0,0.0,0,1,1,6.0,0,0.6,1.6,LA,Davis Allen,0.6
00-0039074,D.Allen,Davis Allen,TE,LA,BAL,14,2023,0,0,0.0,0,0,0.0,0,4,5,50.0,1,11.0,15.0,LA,Davis Allen,11.0
00-0039074,D.Allen,Davis Allen,TE,LA,WAS,15,2023,0,0,0.0,0,0,0.0,0,1,1,14.0,0,1.4,2.4,LA,Davis Allen,1.4
00-0039074,D.Allen,Davis Allen,TE,LA,SF,18,2023,0,0,0.0,0,0,0.0,0,4,4,25.0,0,2.5,6.5,LA,Davis Allen,2.5
00-0039074,D.Allen,Davis Allen,TE,LA,DET,19,2023,0,0,0.0,0,0,0.0,0,2,2,28.0,0,2.8,4.8,LA,Davis Allen,2.8
00-0039075,P.Nacua,Puka Nacua,WR,LA,SEA,1,2023,0,0,0.0,0,0,0.0,0,10,15,119.0,0,11.9,21.9,LA,Puka Nacua,11.9
00-0039075,P.Nacua,Puka Nacua,WR,LA,SF,2,2023,0,0,0.0,0,2,4.0,0,15,20,147.0,0,15.1,30.1,LA,Puka Nacua,15.1
00-0039075,P.Nacua,Puka Nacua,WR,LA,CIN,3,2023,0,0,0.0,0,0,0.0,0,5,7,72.0,0,7.2,12.2,LA,Puka Nacua,7.2
00-0039075,P.Nacua,Puka Nacua,WR,LA,IND,4,2023,0,0,0.0,0,0,0.0,0,9,10,163.0,1,22.3,31.3,LA,Puka Nacua,22.3
00-0039075,P.Nacua,Puka Nacua,WR,LA,PHI,5,2023,0,0,0.0,0,0,0.0,0,7,11,71.0,1,13.1,20.1,LA,Puka Nacua,13.1
00-0039075,P.Nacua,Puka Nacua,WR,LA,ARI,6,2023,0,0,0.0,0,0,0.0,0,4,7,26.0,0,2.6,6.6,LA,Puka Nacua,2.6
00-0039075,P.Nacua,Puka Nacua,WR,LA,PIT,7,2023,0,0,0.0,0,0,0.0,0,8,12,154.0,0,15.4,23.4,LA,Puka Nacua,15.4
00-0039075,P.Nacua,Puka Nacua,WR,LA,DAL,8,2023,0,0,0.0,0,0,0.0,0,3,7,43.0,0,4.3,7.3,LA,Puka Nacua,4.3
00-0039075,P.Nacua,Puka Nacua,WR,LA,GB,9,2023,0,0,0.0,0,0,0.0,0,3,7,32.0,0,3.2,6.2,LA,Puka Nacua,3.2
00-0039075,P.Nacua,Puka Nacua,WR,LA,SEA,11,2023,0,0,0.0,0,1,7.0,0,5,7,70.0,1,13.7,18.7,LA,Puka Nacua,13.7
00-0039075,P.Nacua,Puka Nacua,WR,LA,ARI,12,2023,0,0,0.0,0,0,0.0,0,4,8,27.0,0,2.7,6.7,LA,Puka Nacua,2.7
00-0039075,P.Nacua,Puka Nacua,WR,LA,CLE,13,2023,0,0,0.0,0,2,34.0,0,4,7,105.0,1,19.9,23.9,LA,Puka Nacua,19.9
00-0039075,P.Nacua,Puka Nacua,WR,LA,BAL,14,2023,0,0,0.0,0,1,6.0,0,5,9,84.0,0,9.0,14.0,LA,Puka Nacua,9.0
00-0039075,P.Nacua,Puka Nacua,WR,LA,WAS,15,2023,0,0,0.0,0,2,3.0,0,5,8,50.0,0,5.3,10.3,LA,Puka Nacua,5.3
00-0039075,P.Nacua,Puka Nacua,WR,LA,NO,16,2023,0,0,0.0,0,2,16.0,0,9,11,164.0,1,24.0,33.0,LA,Puka Nacua,24.0
00-0039075,P.Nacua,Puka Nacua,WR,LA,NYG,17,2023,0,0,0.0,0,2,19.0,0,5,8,118.0,0,13.7,18.7,LA,Puka Nacua,13.7
00-0039075,P.Nacua,Puka Nacua,WR,LA,SF,18,2023,0,0,0.0,0,0,0.0,0,4,6,41.0,1,10.1,14.1,LA,Puka Nacua,10.1
00-0039075,P.Nacua,Puka Nacua,WR,LA,DET,19,2023,0,0,0.0,0,1,-2.0,0,9,10,181.0,1,23.9,32.9,LA,Puka Nacua,23.9
00-0039136,Z.Evans,Zach Evans,RB,LA,ARI,6,2023,0,0,0.0,0,4,10.0,0,0,0,0.0,0,1.0,1.0,LA,Zach Evans,1.0
00-0039136,Z.Evans,Zach Evans,RB,LA,SEA,11,2023,0,0,0.0,0,1,0.0,0,0,0,0.0,0,0.0,0.0,LA,Zach Evans,0.0
00-0039136,Z.Evans,Zach Evans,RB,LA,ARI,12,2023,0,0,0.0,0,3,6.0,0,0,0,0.0,0,0.6,0.6,LA,Zach Evans,0.6
00-0039136,Z.Evans,Zach Evans,RB,LA,SF,18,2023,0,0,0.0,0,1,3.0,0,0,0,0.0,0,0.3,0.3,LA,Zach Evans,0.3
00-0039139,J.Gibbs,Jahmyr Gibbs,RB,DET,KC,1,2023,0,0,0.0,0,7,42.0,0,2,2,18.0,0,6.0,8.0,DET,Jahmyr Gibbs,6.0
00-0039139,J.Gibbs,Jahmyr Gibbs,RB,DET,SEA,2,2023,0,0,0.0,0,7,17.0,0,7,9,39.0,0,5.6,12.6,DET,Jahmyr Gibbs,5.6
00-0039139,J.Gibbs,Jahmyr Gibbs,RB,DET,ATL,3,2023,0,0,0.0,0,17,80.0,0,1,2,2.0,0,8.2,9.2,DET,Jahmyr Gibbs,8.2
00-0039139,J.Gibbs,Jahmyr Gibbs,RB,DET,GB,4,2023,0,0,0.0,0,8,40.0,0,4,5,11.0,0,5.1,9.1,DET,Jahmyr Gibbs,5.1
00-0039139,J.Gibbs,Jahmyr Gibbs,RB,DET,BAL,7,2023,0,0,0.0,0,11,68.0,1,9,10,58.0,0,18.6,27.6,DET,Jahmyr Gibbs,18.6
00-0039139,J.Gibbs,Jahmyr Gibbs,RB,DET,LV,8,2023,0,0,0.0,0,26,152.0,1,5,5,37.0,0,24.9,29.9,DET,Jahmyr Gibbs,24.9
00-0039139,J.Gibbs,Jahmyr Gibbs,RB,DET,LAC,10,2023,0,0,0.0,0,14,77.0,2,3,5,35.0,0,23.2,26.2,DET,Jahmyr Gibbs,23.2
00-0039139,J.Gibbs,Jahmyr Gibbs,RB,DET,CHI,11,2023,0,0,0.0,0,8,36.0,1,6,6,59.0,0,15.5,21.5,DET,Jahmyr Gibbs,15.5
00-0039139,J.Gibbs,Jahmyr Gibbs,RB,DET,GB,12,2023,0,0,0.0,0,11,54.0,0,4,8,19.0,0,7.3,11.3,DET,Jahmyr Gibbs,7.3
00-0039139,J.Gibbs,Jahmyr Gibbs,RB,DET,NO,13,2023,0,0,0.0,0,8,60.0,0,1,2,-6.0,0,5.4,6.4,DET,Jahmyr Gibbs,5.4
00-0039139,J.Gibbs,Jahmyr Gibbs,RB,DET,CHI,14,2023,0,0,0.0,0,11,66.0,1,3,4,16.0,0,14.2,17.2,DET,Jahmyr Gibbs,14.2
00-0039139,J.Gibbs,Jahmyr Gibbs,RB,DET,DEN,15,2023,0,0,0.0,0,11,100.0,1,2,2,8.0,1,22.8,24.8,DET,Jahmyr Gibbs,22.8
00-0039139,J.Gibbs,Jahmyr Gibbs,RB,DET,MIN,16,2023,0,0,0.0,0,15,80.0,2,4,7,20.0,0,20.0,24.0,DET,Jahmyr Gibbs,20.0
00-0039139,J.Gibbs,Jahmyr Gibbs,RB,DET,DAL,17,2023,0,0,0.0,0,15,43.0,0,1,3,0.0,0,4.3,5.3,DET,Jahmyr Gibbs,4.3
00-0039139,J.Gibbs,Jahmyr Gibbs,RB,DET,MIN,18,2023,0,0,0.0,0,13,30.0,1,0,1,0.0,0,9.0,9.0,DET,Jahmyr Gibbs,9.0
00-0039139,J.Gibbs,Jahmyr Gibbs,RB,DET,LA,19,2023,0,0,0.0,0,8,25.0,1,4,4,43.0,0,12.8,16.8,DET,Jahmyr Gibbs,12.8
00-0039139,J.Gibbs,Jahmyr Gibbs,RB,DET,TB,20,2023,0,0,0.0,0,9,74.0,1,4,4,40.0,0,17.4,21.4,DET,Jahmyr Gibbs,17.4
00-0039139,J.Gibbs,Jahmyr Gibbs,RB,DET,SF,21,2023,0,0,0.0,0,12,45.0,1,3,6,11.0,0,9.6,12.6,DET,Jahmyr Gibbs,9.6
00-0039144,L.Musgrave,Luke Musgrave,TE,GB,CHI,1,2023,0,0,0.0,0,0,0.0,0,3,4,50.0,0,5.0,8.0,GB,Luke Musgrave,5.0
00-0039144,L.Musgrave,Luke Musgrave,TE,GB,ATL,2,2023,0,0,0.0,0,0,0.0,0,2,3,25.0,0,2.5,4.5,GB,Luke Musgrave,2.5
00-0039144,L.Musgrave,Luke Musgrave,TE,GB,NO,3,2023,0,0,0.0,0,0,0.0,0,6,8,49.0,0,4.9,10.9,GB,Luke Musgrave,4.9
00-0039144,L.Musgrave,Luke Musgrave,TE,GB,DET,4,2023,0,0,0.0,0,0,0.0,0,1,1,1.0,0,0.1,1.1,GB,Luke Musgrave,0.1
00-0039144,L.Musgrave,Luke Musgrave,TE,GB,LV,5,2023,0,0,0.0,0,0,0.0,0,6,7,34.0,0,3.4,9.4,GB,Luke Musgrave,3.4
00-0039144,L.Musgrave,Luke Musgrave,TE,GB,DEN,7,2023,0,0,0.0,0,0,0.0,0,4,5,30.0,0,3.0,7.0,GB,Luke Musgrave,3.0
00-0039144,L.Musgrave,Luke Musgrave,TE,GB,MIN,8,2023,0,0,0.0,0,0,0.0,0,2,3,9.0,0,0.9,2.9,GB,Luke Musgrave,0.9
00-0039144,L.Musgrave,Luke Musgrave,TE,GB,LA,9,2023,0,0,0.0,0,0,0.0,0,3,4,51.0,1,11.1,14.1,GB,Luke Musgrave,11.1
00-0039144,L.Musgrave,Luke Musgrave,TE,GB,PIT,10,2023,0,0,0.0,0,0,0.0,0,2,4,64.0,0,6.4,8.4,GB,Luke Musgrave,6.4
00-0039144,L.Musgrave,Luke Musgrave,TE,GB,LAC,11,2023,0,0,0.0,0,0,0.0,0,4,6,28.0,0,2.8,6.8,GB,Luke Musgrave,2.8
00-0039144,L.Musgrave,Luke Musgrave,TE,GB,CHI,18,2023,0,0,0.0,0,0,0.0,0,1,1,11.0,0,1.1,2.1,GB,Luke Musgrave,1.1
00-0039144,L.Musgrave,Luke Musgrave,TE,GB,DAL,19,2023,0,0,0.0,0,0,0.0,0,3,3,52.0,1,11.2,14.2,GB,Luke Musgrave,11.2
00-0039144,L.Musgrave,Luke Musgrave,TE,GB,SF,20,2023,0,0,0.0,0,0,0.0,0,3,4,14.0,0,1.4,4.4,GB,Luke Musgrave,1.4
00-0039146,J.Reed,Jayden Reed,WR,GB,CHI,1,2023,0,0,0.0,0,1,-2.0,0,2,5,48.0,0,4.6,6.6,GB,Jayden Reed,4.6
00-0039146,J.Reed,Jayden Reed,WR,GB,ATL,2,2023,0,0,0.0,0,0,0.0,0,4,8,37.0,2,15.7,19.7,GB,Jayden Reed,15.7
00-0039146,J.Reed,Jayden Reed,WR,GB,NO,3,2023,0,0,0.0,0,0,0.0,0,3,7,63.0,0,6.3,9.3,GB,Jayden Reed,6.3
00-0039146,J.Reed,Jayden Reed,WR,GB,DET,4,2023,0,0,0.0,0,0,0.0,0,3,5,55.0,0,7.5,10.5,GB,Jayden Reed,7.5
00-0039146,J.Reed,Jayden Reed,WR,GB,LV,5,2023,0,0,0.0,0,0,0.0,0,1,2,7.0,0,0.7,1.7,GB,Jayden Reed,0.7
00-0039146,J.Reed,Jayden Reed,WR,GB,DEN,7,2023,0,0,0.0,0,0,0.0,0,3,4,21.0,1,8.1,11.1,GB,Jayden Reed,8.1
00-0039146,J.Reed,Jayden Reed,WR,GB,MIN,8,2023,0,0,0.0,0,0,0.0,0,4,6,83.0,0,8.3,12.3,GB,Jayden Reed,8.3
00-0039146,J.Reed,Jayden Reed,WR,GB,LA,9,2023,0,0,0.0,0,1,21.0,0,3,3,19.0,0,4.0,7.0,GB,Jayden Reed,4.0
00-0039146,J.Reed,Jayden Reed,WR,GB,PIT,10,2023,0,0,0.0,0,0,0.0,0,5,5,84.0,1,14.4,19.4,GB,Jayden Reed,14.4
00-0039146,J.Reed,Jayden Reed,WR,GB,LAC,11,2023,0,0,0.0,0,3,46.0,1,4,6,46.0,0,15.2,19.2,GB,Jayden Reed,15.2
00-0039146,J.Reed,Jayden Reed,WR,GB,DET,12,2023,0,0,0.0,0,2,16.0,0,4,8,34.0,1,11.0,15.0,GB,Jayden Reed,11.0
00-0039146,J.Reed,Jayden Reed,WR,GB,KC,13,2023,0,0,0.0,0,0,0.0,0,4,5,16.0,0,1.6,5.6,GB,Jayden Reed,1.6
00-0039146,J.Reed,Jayden Reed,WR,GB,NYG,14,2023,0,0,0.0,0,4,38.0,1,8,10,27.0,0,12.5,20.5,GB,Jayden Reed,12.5
00-0039146,J.Reed,Jayden Reed,WR,GB,TB,15,2023,0,0,0.0,0,0,0.0,0,6,8,52.0,1,11.2,17.2,GB,Jayden Reed,11.2
00-0039146,J.Reed,Jayden Reed,WR,GB,MIN,17,2023,0,0,0.0,0,0,0.0,0,6,8,89.0,2,20.9,26.9,GB,Jayden Reed,20.9
00-0039146,J.Reed,Jayden Reed,WR,GB,CHI,18,2023,0,0,0.0,0,0,0.0,0,4,4,112.0,0,11.2,15.2,GB,Jayden Reed,11.2
00-0039146,J.Reed,Jayden Reed,WR,GB,DAL,19,2023,0,0,0.0,0,0,0.0,0,0,3,0.0,0,0.0,0.0,GB,Jayden Reed,0.0
00-0039146,J.Reed,Jayden Reed,WR,GB,SF,20,2023,0,0,0.0,0,1,9.0,0,4,4,35.0,0,4.4,8.4,GB,Jayden Reed,4.4
00-0039150,B.Young,Bryce Young,QB,CAR,ATL,1,2023,20,38,146.0,1,3,17.0,0,0,0,0.0,0,7.54,7.54,CAR,Bryce Young,7.54
00-0039150,B.Young,Bryce Young,QB,CAR,NO,2,2023,22,33,153.0,1,2,34.0,0,0,0,0.0,0,13.52,13.52,CAR,Bryce Young,13.52
00-0039150,B.Young,Bryce Young,QB,CAR,MIN,4,2023,25,32,204.0,0,2,10.0,0,0,0,0.0,0,7.16,7.16,CAR,Bryce Young,7.16
00-0039150,B.Young,Bryce Young,QB,CAR,DET,5,2023,25,41,247.0,3,1,4.0,0,0,0,0.0,0,18.28,18.28,CAR,Bryce Young,18.28
00-0039150,B.Young,Bryce Young,QB,CAR,MIA,6,2023,23,38,217.0,1,0,0.0,0,0,0,0.0,0,12.68,12.68,CAR,Bryce Young,12.68
00-0039150,B.Young,Bryce Young,QB,CAR,HOU,8,2023,22,31,235.0,1,4,11.0,0,0,0,0.0,0,14.5,14.5,CAR,Bryce Young,14.5
00-0039150,B.Young,Bryce Young,QB,CAR,IND,9,2023,24,39,173.0,1,5,41.0,0,0,0,0.0,0,9.02,9.02,CAR,Bryce Young,9.02
00-0039150,B.Young,Bryce Young,QB,CAR,CHI,10,2023,21,38,185.0,0,3,18.0,0,0,0,0.0,0,9.2,9.2,CAR,Bryce Young,9.2
00-0039150,B.Young,Bryce Young,QB,CAR,DAL,11,2023,16,29,123.0,1,2,3.0,0,0,0,0.0,0,5.22,5.22,CAR,Bryce Young,5.22
00-0039150,B.Young,Bryce Young,QB,CAR,TEN,12,2023,18,31,194.0,0,3,23.0,0,0,0,0.0,0,8.06,8.06,CAR,Bryce Young,8.06
00-0039150,B.Young,Bryce Young,QB,CAR,TB,13,2023,15,31,178.0,0,0,0.0,0,0,0,0.0,0,7.12,7.12,CAR,Bryce Young,7.12
00-0039150,B.Young,Bryce Young,QB,CAR,NO,14,2023,13,36,137.0,0,3,40.0,0,0,0,0.0,0,7.48,7.48,CAR,Bryce Young,7.48
00-0039150,B.Young,Bryce Young,QB,CAR,ATL,15,2023,18,24,167.0,0,4,9.0,0,0,0,0.0,0,7.58,7.58,CAR,Bryce Young,7.58
00-0039150,B.Young,Bryce Young,QB,CAR,GB,16,2023,23,36,312.0,2,4,17.0,0,0,0,0.0,0,22.18,22.18,CAR,Bryce Young,22.18
00-0039150,B.Young,Bryce Young,QB,CAR,JAX,17,2023,19,32,112.0,0,1,2.0,0,0,0,0.0,0,2.68,2.68,CAR,Bryce Young,2.68
00-0039150,B.Young,Bryce Young,QB,CAR,TB,18,2023,11,18,94.0,0,2,24.0,0,0,0,0.0,0,4.16,4.16,CAR,Bryce Young,4.16
00-0039152,W.Levis,Will Levis,QB,TEN,ATL,8,2023,19,29,238.0,4,7,11.0,0,0,0,0.0,0,26.62,26.62,TEN,Will Levis,26.62
00-0039152,W.Levis,Will Levis,QB,TEN,PIT,9,2023,22,39,262.0,0,1,2.0,0,0,0,0.0,0,8.68,8.68,TEN,Will Levis,8.68
00-0039152,W.Levis,Will Levis,QB,TEN,TB,10,2023,19,39,199.0,0,0,0.0,0,0,0,0.0,0,5.96,5.96,TEN,Will Levis,5.96
00-0039152,W.Levis,Will Levis,QB,TEN,JAX,11,2023,13,17,158.0,2,4,2.0,0,0,0,0.0,0,12.52,12.52,TEN,Will Levis,12.52
00-0039152,W.Levis,Will Levis,QB,TEN,CAR,12,2023,18,28,185.0,0,3,-3.0,0,0,0,0.0,0,7.1,7.1,TEN,Will Levis,7.1
00-0039152,W.Levis,Will Levis,QB,TEN,IND,13,2023,16,33,224.0,1,2,5.0,0,0,0,0.0,0,11.46,11.46,TEN,Will Levis,11.46
00-0039152,W.Levis,Will Levis,QB,TEN,MIA,14,2023,23,38,327.0,1,4,15.0,0,0,0,0.0,0,16.58,16.58,TEN,Will Levis,16.58
00-0039152,W.Levis,Will Levis,QB,TEN,HOU,15,2023,17,26,199.0,0,4,25.0,1,0,0,0.0,0,14.46,14.46,TEN,Will Levis,14.46
00-0039152,W.Levis,Will Levis,QB,TEN,HOU,17,2023,2,6,16.0,0,0,0.0,0,0,0,0.0,0,-1.36,-1.36,TEN,Will Levis,-1.36
00-0039163,C.Stroud,C.J. Stroud,QB,HOU,BAL,1,2023,28,44,242.0,0,4,20.0,0,1,1,0.0,0,9.68,10.68,HOU,C.J. Stroud,9.68
00-0039163,C.Stroud,C.J. Stroud,QB,HOU,IND,2,2023,30,47,384.0,2,3,1.0,0,0,0,0.0,0,21.46,21.46,HOU,C.J. Stroud,21.46
00-0039163,C.Stroud,C.J. Stroud,QB,HOU,JAX,3,2023,20,30,280.0,2,3,14.0,0,0,0,0.0,0,20.6,20.6,HOU,C.J. Stroud,20.6
00-0039163,C.Stroud,C.J. Stroud,QB,HOU,PIT,4,2023,16,30,306.0,2,4,16.0,0,0,0,0.0,0,21.84,21.84,HOU,C.J. Stroud,21.84
00-0039163,C.Stroud,C.J. Stroud,QB,HOU,ATL,5,2023,20,35,249.0,1,1,2.0,0,0,0,0.0,0,14.16,14.16,HOU,C.J. Stroud,14.16
00-0039163,C.Stroud,C.J. Stroud,QB,HOU,NO,6,2023,13,27,199.0,2,3,2.0,0,0,0,0.0,0,14.16,14.16,HOU,C.J. Stroud,14.16
00-0039163,C.Stroud,C.J. Stroud,QB,HOU,CAR,8,2023,16,24,140.0,0,2,13.0,1,0,0,0.0,0,12.9,12.9,HOU,C.J. Stroud,12.9
00-0039163,C.Stroud,C.J. Stroud,QB,HOU,TB,9,2023,30,42,470.0,5,0,0.0,0,0,0,0.0,0,40.8,40.8,HOU,C.J. Stroud,40.8
00-0039163,C.Stroud,C.J. Stroud,QB,HOU,CIN,10,2023,23,39,356.0,1,2,8.0,1,0,0,0.0,0,19.04,19.04,HOU,C.J. Stroud,19.04
00-0039163,C.Stroud,C.J. Stroud,QB,HOU,ARI,11,2023,27,37,336.0,2,1,-1.0,0,0,0,0.0,0,15.34,15.34,HOU,C.J. Stroud,15.34
00-0039163,C.Stroud,C.J. Stroud,QB,HOU,JAX,12,2023,26,36,304.0,2,6,47.0,1,0,0,0.0,0,30.86,30.86,HOU,C.J. Stroud,30.86
00-0039163,C.Stroud,C.J. Stroud,QB,HOU,DEN,13,2023,16,27,274.0,1,6,11.0,0,0,0,0.0,0,16.06,16.06,HOU,C.J. Stroud,16.06
00-0039163,C.Stroud,C.J. Stroud,QB,HOU,NYJ,14,2023,10,23,91.0,0,0,0.0,0,0,0,0.0,0,3.64,3.64,HOU,C.J. Stroud,3.64
00-0039163,C.Stroud,C.J. Stroud,QB,HOU,TEN,17,2023,24,32,213.0,1,1,4.0,0,0,0,0.0,0,12.92,12.92,HOU,C.J. Stroud,12.92
00-0039163,C.Stroud,C.J. Stroud,QB,HOU,IND,18,2023,20,26,264.0,2,3,20.0,0,0,0,0.0,0,20.56,20.56,HOU,C.J. Stroud,20.56
00-0039163,C.Stroud,C.J. Stroud,QB,HOU,CLE,19,2023,16,21,274.0,3,1,1.0,0,0,0,0.0,0,23.06,23.06,HOU,C.J. Stroud,23.06
00-0039163,C.Stroud,C.J. Stroud,QB,HOU,BAL,20,2023,19,33,175.0,0,3,9.0,0,0,0,0.0,0,7.9,7.9,HOU,C.J. Stroud,7.9
00-0039164,A.Richardson,Anthony Richardson,QB,IND,JAX,1,2023,24,37,223.0,1,10,40.0,1,0,0,0.0,0,20.92,20.92,IND,Anthony Richardson,20.92
00-0039164,A.Richardson,Anthony Richardson,QB,IND,HOU,2,2023,6,10,56.0,0,3,35.0,2,0,0,0.0,0,17.74,17.74,IND,Anthony Richardson,17.74
00-0039164,A.Richardson,Anthony Richardson,QB,IND,LA,4,2023,11,25,200.0,2,10,56.0,1,0,0,0.0,0,29.6,29.6,IND,Anthony Richardson,29.6
00-0039164,A.Richardson,Anthony Richardson,QB,IND,TEN,5,2023,9,12,98.0,0,2,5.0,0,0,0,0.0,0,4.42,4.42,IND,Anthony Richardson,4.42
00-0039165,Z.Charbonnet,Zach Charbonnet,RB,SEA,LA,1,2023,0,0,0.0,0,3,11.0,0,0,0,0.0,0,1.1,1.1,SEA,Zach Charbonnet,1.1
00-0039165,Z.Charbonnet,Zach Charbonnet,RB,SEA,DET,2,2023,0,0,0.0,0,4,16.0,0,2,2,14.0,0,3.0,5.0,SEA,Zach Charbonnet,3.0
00-0039165,Z.Charbonnet,Zach Charbonnet,RB,SEA,CAR,3,2023,0,0,0.0,0,9,46.0,0,1,2,-1.0,0,4.5,5.5,SEA,Zach Charbonnet,4.5
00-0039165,Z.Charbonnet,Zach Charbonnet,RB,SEA,NYG,4,2023,0,0,0.0,0,5,31.0,0,1,3,9.0,0,4.0,5.0,SEA,Zach Charbonnet,4.0
00-0039165,Z.Charbonnet,Zach Charbonnet,RB,SEA,CIN,6,2023,0,0,0.0,0,2,5.0,0,2,2,14.0,0,1.9,3.9,SEA,Zach Charbonnet,1.9
00-0039165,Z.Charbonnet,Zach Charbonnet,RB,SEA,CLE,8,2023,0,0,0.0,0,5,53.0,0,2,2,11.0,0,6.4,8.4,SEA,Zach Charbonnet,6.4
00-0039165,Z.Charbonnet,Zach Charbonnet,RB,SEA,BAL,9,2023,0,0,0.0,0,4,8.0,0,1,1,5.0,0,1.3,2.3,SEA,Zach Charbonnet,1.3
00-0039165,Z.Charbonnet,Zach Charbonnet,RB,SEA,WAS,10,2023,0,0,0.0,0,6,44.0,0,4,5,18.0,0,6.2,10.2,SEA,Zach Charbonnet,6.2
00-0039165,Z.Charbonnet,Zach Charbonnet,RB,SEA,LA,11,2023,0,0,0.0,0,15,47.0,0,6,6,22.0,0,6.9,12.9,SEA,Zach Charbonnet,6.9
00-0039165,Z.Charbonnet,Zach Charbonnet,RB,SEA,SF,12,2023,0,0,0.0,0,14,47.0,0,4,4,11.0,0,5.8,9.8,SEA,Zach Charbonnet,5.8
00-0039165,Z.Charbonnet,Zach Charbonnet,RB,SEA,DAL,13,2023,0,0,0.0,0,19,60.0,1,1,2,39.0,0,15.9,16.9,SEA,Zach Charbonnet,15.9
00-0039165,Z.Charbonnet,Zach Charbonnet,RB,SEA,SF,14,2023,0,0,0.0,0,9,44.0,0,1,1,4.0,0,4.8,5.8,SEA,Zach Charbonnet,4.8
00-0039165,Z.Charbonnet,Zach Charbonnet,RB,SEA,PHI,15,2023,0,0,0.0,0,4,16.0,0,0,1,0.0,0,1.6,1.6,SEA,Zach Charbonnet,1.6
00-0039165,Z.Charbonnet,Zach Charbonnet,RB,SEA,TEN,16,2023,0,0,0.0,0,2,0.0,0,1,2,-4.0,0,-0.4,0.6,SEA,Zach Charbonnet,-0.4
00-0039165,Z.Charbonnet,Zach Charbonnet,RB,SEA,PIT,17,2023,0,0,0.0,0,2,2.0,0,5,5,39.0,0,4.1,9.1,SEA,Zach Charbonnet,4.1
00-0039165,Z.Charbonnet,Zach Charbonnet,RB,SEA,ARI,18,2023,0,0,0.0,0,5,32.0,0,2,2,28.0,0,6.0,8.0,SEA,Zach Charbonnet,6.0
