player_id,player_name,player_display_name,position,recent_team,opponent_team,week,season,completions,attempts,passing_yards,passing_tds,carries,rushing_yards,rushing_tds,receptions,targets,receiving_yards,receiving_tds,fantasy_points,fantasy_points_ppr,team,player,points
00-0019596,T.Brady,Tom Brady,QB,TB,DAL,1,2022,18,27,212.0,1,2,-1.0,0,0,0,0.0,0,10.38,10.38,TB,Tom Brady,10.38
00-0019596,T.Brady,Tom Brady,QB,TB,NO,2,2022,18,34,190.0,1,3,-2.0,0,0,0,0.0,0,9.4,9.4,TB,Tom Brady,9.4
00-0019596,T.Brady,Tom Brady,QB,TB,GB,3,2022,31,42,271.0,1,1,-1.0,0,0,0,0.0,0,14.74,14.74,TB,Tom Brady,14.74
00-0019596,T.Brady,Tom Brady,QB,TB,KC,4,2022,39,52,385.0,3,0,0.0,0,0,0,0.0,0,25.4,25.4,TB,Tom Brady,25.4
00-0019596,T.Brady,Tom Brady,QB,TB,ATL,5,2022,35,52,351.0,1,3,-3.0,0,0,0,0.0,0,19.74,19.74,TB,Tom Brady,19.74
00-0019596,T.Brady,Tom Brady,QB,TB,PIT,6,2022,25,40,243.0,1,1,0.0,0,0,0,0.0,0,13.72,13.72,TB,Tom Brady,13.72
00-0019596,T.Brady,Tom Brady,QB,TB,CAR,7,2022,32,49,290.0,0,1,1.0,0,0,0,0.0,0,11.7,11.7,TB,Tom Brady,11.7
00-0019596,T.Brady,Tom Brady,QB,TB,BAL,8,2022,26,44,325.0,1,1,1.0,0,0,0,0.0,0,17.1,17.1,TB,Tom Brady,17.1
00-0019596,T.Brady,Tom Brady,QB,TB,LA,9,2022,36,58,280.0,1,0,0.0,0,0,0,0.0,0,15.2,15.2,TB,Tom Brady,15.2
00-0019596,T.Brady,Tom Brady,QB,TB,SEA,10,2022,22,29,258.0,2,6,-3.0,0,0,1,0.0,0,16.02,16.02,TB,Tom Brady,16.02
00-0019596,T.Brady,Tom Brady,QB,TB,CLE,12,2022,29,43,246.0,2,1,2.0,0,0,0,0.0,0,18.04,18.04,TB,Tom Brady,18.04
00-0019596,T.Brady,Tom Brady,QB,TB,NO,13,2022,36,54,281.0,2,1,-1.0,0,0,0,0.0,0,17.14,17.14,TB,Tom Brady,17.14
00-0019596,T.Brady,Tom Brady,QB,TB,SF,14,2022,34,55,253.0,1,2,0.0,0,0,0,0.0,0,10.12,10.12,TB,Tom Brady,10.12
00-0019596,T.Brady,Tom Brady,QB,TB,CIN,15,2022,30,44,312.0,3,2,1.0,0,0,0,0.0,0,16.58,16.58,TB,Tom Brady,16.58
00-0019596,T.Brady,Tom Brady,QB,TB,ARI,16,2022,32,48,281.0,1,2,1.0,0,0,0,0.0,0,11.34,11.34,TB,Tom Brady,11.34
00-0019596,T.Brady,Tom Brady,QB,TB,CAR,17,2022,34,45,432.0,3,3,4.0,1,0,0,0.0,0,37.68,37.68,TB,Tom Brady,37.68
00-0019596,T.Brady,Tom Brady,QB,TB,ATL,18,2022,13,17,84.0,1,0,0.0,0,0,0,0.0,0,7.36,7.36,TB,Tom Brady,7.36
00-0019596,T.Brady,Tom Brady,QB,TB,DAL,19,2022,35,66,351.0,2,0,0.0,0,0,0,0.0,0,22.04,22.04,TB,Tom Brady,22.04
00-0022824,A.Lee,Andy Lee,P,ARI,TB,16,2022,1,1,4.0,0,0,0.0,0,0,0,0.0,0,0.16,0.16,ARI,Andy Lee,0.16
00-0023459,A.Rodgers,Aaron Rodgers,QB,GB,MIN,1,2022,22,34,195.0,0,1,-1.0,0,0,0,0.0,0,3.7,3.7,GB,Aaron Rodgers,3.7
00-0023459,A.Rodgers,Aaron Rodgers,QB,GB,CHI,2,2022,19,25,234.0,2,5,10.0,0,0,0,0.0,0,16.36,16.36,GB,Aaron Rodgers,16.36
00-0023459,A.Rodgers,Aaron Rodgers,QB,GB,TB,3,2022,27,35,255.0,2,1,-1.0,0,0,0,0.0,0,16.1,16.1,GB,Aaron Rodgers,16.1
00-0023459,A.Rodgers,Aaron Rodgers,QB,GB,NE,4,2022,21,35,251.0,2,1,1.0,0,0,0,0.0,0,16.14,16.14,GB,Aaron Rodgers,16.14
00-0023459,A.Rodgers,Aaron Rodgers,QB,GB,NYG,5,2022,25,39,222.0,2,0,0.0,0,0,0,0.0,0,16.88,16.88,GB,Aaron Rodgers,16.88
00-0023459,A.Rodgers,Aaron Rodgers,QB,GB,NYJ,6,2022,26,41,246.0,1,1,0.0,0,0,0,0.0,0,11.84,11.84,GB,Aaron Rodgers,11.84
00-0023459,A.Rodgers,Aaron Rodgers,QB,GB,WAS,7,2022,23,35,194.0,2,0,0.0,0,0,0,0.0,0,15.76,15.76,GB,Aaron Rodgers,15.76
00-0023459,A.Rodgers,Aaron Rodgers,QB,GB,BUF,8,2022,19,30,203.0,2,1,11.0,0,0,0,0.0,0,15.22,15.22,GB,Aaron Rodgers,15.22
00-0023459,A.Rodgers,Aaron Rodgers,QB,GB,DET,9,2022,23,43,291.0,1,4,40.0,0,0,0,0.0,0,13.64,13.64,GB,Aaron Rodgers,13.64
00-0023459,A.Rodgers,Aaron Rodgers,QB,GB,DAL,10,2022,14,20,224.0,3,2,4.0,0,0,0,0.0,0,19.36,19.36,GB,Aaron Rodgers,19.36
00-0023459,A.Rodgers,Aaron Rodgers,QB,GB,TEN,11,2022,24,39,227.0,2,0,0.0,0,0,0,0.0,0,19.08,19.08,GB,Aaron Rodgers,19.08
00-0023459,A.Rodgers,Aaron Rodgers,QB,GB,PHI,12,2022,11,16,140.0,2,1,-1.0,0,0,0,0.0,0,9.5,9.5,GB,Aaron Rodgers,9.5
00-0023459,A.Rodgers,Aaron Rodgers,QB,GB,CHI,13,2022,18,31,182.0,1,3,4.0,0,0,0,0.0,0,13.68,13.68,GB,Aaron Rodgers,13.68
00-0023459,A.Rodgers,Aaron Rodgers,QB,GB,LA,15,2022,22,30,229.0,1,3,-3.0,0,0,0,0.0,0,10.86,10.86,GB,Aaron Rodgers,10.86
00-0023459,A.Rodgers,Aaron Rodgers,QB,GB,MIA,16,2022,24,38,238.0,1,7,18.0,0,0,0,0.0,0,13.32,13.32,GB,Aaron Rodgers,13.32
00-0023459,A.Rodgers,Aaron Rodgers,QB,GB,MIN,17,2022,15,24,159.0,1,1,2.0,1,0,0,0.0,0,16.56,16.56,GB,Aaron Rodgers,16.56
00-0023459,A.Rodgers,Aaron Rodgers,QB,GB,DET,18,2022,17,27,205.0,1,3,10.0,0,0,0,0.0,0,11.2,11.2,GB,Aaron Rodgers,11.2
00-0024243,M.Lewis,Marcedes Lewis,TE,GB,NYG,5,2022,0,0,0.0,0,0,0.0,0,1,1,2.0,1,6.2,7.2,GB,Marcedes Lewis,6.2
00-0024243,M.Lewis,Marcedes Lewis,TE,GB,DET,9,2022,0,0,0.0,0,0,0.0,0,1,1,19.0,0,1.9,2.9,GB,Marcedes Lewis,1.9
00-0024243,M.Lewis,Marcedes Lewis,TE,GB,DAL,10,2022,0,0,0.0,0,0,0.0,0,1,1,-1.0,0,-0.1,0.9,GB,Marcedes Lewis,-0.1
00-0024243,M.Lewis,Marcedes Lewis,TE,GB,CHI,13,2022,0,0,0.0,0,0,0.0,0,0,1,0.0,0,2.0,2.0,GB,Marcedes Lewis,2.0
00-0024243,M.Lewis,Marcedes Lewis,TE,GB,LA,15,2022,0,0,0.0,0,0,0.0,0,1,1,14.0,0,1.4,2.4,GB,Marcedes Lewis,1.4
00-0024243,M.Lewis,Marcedes Lewis,TE,GB,MIA,16,2022,0,0,0.0,0,0,0.0,0,2,2,32.0,1,9.2,11.2,GB,Marcedes Lewis,9.2
00-0026143,M.Ryan,Matt Ryan,QB,IND,HOU,1,2022,32,50,352.0,1,4,12.0,0,0,0,0.0,0,15.28,15.28,IND,Matt Ryan,15.28
00-0026143,M.Ryan,Matt Ryan,QB,IND,JAX,2,2022,16,30,195.0,0,0,0.0,0,0,0,0.0,0,1.8,1.8,IND,Matt Ryan,1.8
00-0026143,M.Ryan,Matt Ryan,QB,IND,KC,3,2022,27,37,222.0,2,3,4.0,0,0,0,0.0,0,15.28,15.28,IND,Matt Ryan,15.28
00-0026143,M.Ryan,Matt Ryan,QB,IND,TEN,4,2022,27,37,356.0,2,2,-4.0,0,0,0,0.0,0,17.84,17.84,IND,Matt Ryan,17.84
00-0026143,M.Ryan,Matt Ryan,QB,IND,DEN,5,2022,26,41,251.0,0,1,1.0,0,0,0,0.0,0,6.14,6.14,IND,Matt Ryan,6.14
00-0026143,M.Ryan,Matt Ryan,QB,IND,JAX,6,2022,42,58,389.0,3,1,-4.0,0,0,0,0.0,0,27.16,27.16,IND,Matt Ryan,27.16
00-0026143,M.Ryan,Matt Ryan,QB,IND,TEN,7,2022,33,44,243.0,1,1,2.0,0,0,0,0.0,0,9.92,9.92,IND,Matt Ryan,9.92
00-0026143,M.Ryan,Matt Ryan,QB,IND,LV,10,2022,21,28,222.0,1,4,38.0,1,0,0,0.0,0,22.68,22.68,IND,Matt Ryan,22.68
00-0026143,M.Ryan,Matt Ryan,QB,IND,PHI,11,2022,23,32,213.0,0,1,1.0,0,0,0,0.0,0,8.62,8.62,IND,Matt Ryan,8.62
00-0026143,M.Ryan,Matt Ryan,QB,IND,PIT,12,2022,22,34,199.0,1,4,22.0,0,0,0,0.0,0,10.16,10.16,IND,Matt Ryan,10.16
00-0026143,M.Ryan,Matt Ryan,QB,IND,DAL,13,2022,21,37,233.0,2,3,-2.0,0,0,0,0.0,0,9.12,9.12,IND,Matt Ryan,9.12
00-0026143,M.Ryan,Matt Ryan,QB,IND,MIN,15,2022,19,33,182.0,1,3,0.0,0,0,0,0.0,0,11.28,11.28,IND,Matt Ryan,11.28
00-0026158,J.Flacco,Joe Flacco,QB,NYJ,BAL,1,2022,37,59,309.0,1,1,0.0,0,0,0,0.0,0,14.36,14.36,NYJ,Joe Flacco,14.36
00-0026158,J.Flacco,Joe Flacco,QB,NYJ,CLE,2,2022,26,44,307.0,4,2,6.0,0,0,0,0.0,0,26.88,26.88,NYJ,Joe Flacco,26.88
00-0026158,J.Flacco,Joe Flacco,QB,NYJ,CIN,3,2022,28,52,285.0,0,0,0.0,0,0,0,0.0,0,3.4,3.4,NYJ,Joe Flacco,3.4
00-0026158,J.Flacco,Joe Flacco,QB,NYJ,BUF,14,2022,1,3,1.0,0,0,0.0,0,0,0,0.0,0,-1.96,-1.96,NYJ,Joe Flacco,-1.96
00-0026158,J.Flacco,Joe Flacco,QB,NYJ,MIA,18,2022,18,33,149.0,0,0,0.0,0,0,0,0.0,0,5.96,5.96,NYJ,Joe Flacco,5.96
00-0026189,D.Jackson,DeSean Jackson,WR,BAL,NO,9,2022,0,0,0.0,0,0,0.0,0,1,2,16.0,0,1.6,2.6,BAL,DeSean Jackson,1.6
00-0026189,D.Jackson,DeSean Jackson,WR,BAL,JAX,12,2022,0,0,0.0,0,0,0.0,0,2,3,74.0,0,7.4,9.4,BAL,DeSean Jackson,7.4
00-0026189,D.Jackson,DeSean Jackson,WR,BAL,DEN,13,2022,0,0,0.0,0,0,0.0,0,2,3,10.0,0,1.0,3.0,BAL,DeSean Jackson,1.0
00-0026189,D.Jackson,DeSean Jackson,WR,BAL,PIT,14,2022,0,0,0.0,0,0,0.0,0,2,2,34.0,0,3.4,5.4,BAL,DeSean Jackson,3.4
00-0026189,D.Jackson,DeSean Jackson,WR,BAL,CLE,15,2022,0,0,0.0,0,0,0.0,0,0,3,0.0,0,0.0,0.0,BAL,DeSean Jackson,0.0
00-0026189,D.Jackson,DeSean Jackson,WR,BAL,ATL,16,2022,0,0,0.0,0,0,0.0,0,1,2,10.0,0,1.0,2.0,BAL,DeSean Jackson,1.0
00-0026189,D.Jackson,DeSean Jackson,WR,BAL,PIT,17,2022,0,0,0.0,0,0,0.0,0,1,2,9.0,0,0.9,1.9,BAL,DeSean Jackson,0.9
00-0026197,C.Henne,Chad Henne,QB,KC,SF,7,2022,0,2,0.0,0,3,-3.0,0,0,0,0.0,0,-0.3,-0.3,KC,Chad Henne,-0.3
00-0026197,C.Henne,Chad Henne,QB,KC,LV,18,2022,0,0,0.0,0,2,-2.0,0,0,0,0.0,0,-0.2,-0.2,KC,Chad Henne,-0.2
00-0026197,C.Henne,Chad Henne,QB,KC,JAX,20,2022,5,7,23.0,1,1,-1.0,0,0,0,0.0,0,4.82,4.82,KC,Chad Henne,4.82
00-0026300,J.Johnson,Josh Johnson,QB,SF,TB,14,2022,1,2,10.0,0,2,3.0,0,0,0,0.0,0,0.7,0.7,SF,Josh Johnson,0.7
00-0026300,J.Johnson,Josh Johnson,QB,SF,PHI,21,2022,7,13,74.0,0,2,2.0,0,0,0,0.0,0,1.16,1.16,SF,Josh Johnson,1.16
00-0026498,M.Stafford,Matthew Stafford,QB,LA,BUF,1,2022,29,41,240.0,1,1,2.0,0,0,0,0.0,0,7.8,7.8,LA,Matthew Stafford,7.8
00-0026498,M.Stafford,Matthew Stafford,QB,LA,ATL,2,2022,27,36,272.0,3,0,0.0,0,0,0,0.0,0,18.88,18.88,LA,Matthew Stafford,18.88
00-0026498,M.Stafford,Matthew Stafford,QB,LA,ARI,3,2022,18,25,249.0,0,3,2.0,0,0,0,0.0,0,10.16,10.16,LA,Matthew Stafford,10.16
00-0026498,M.Stafford,Matthew Stafford,QB,LA,SF,4,2022,32,48,254.0,0,2,6.0,0,0,0,0.0,0,6.76,6.76,LA,Matthew Stafford,6.76
00-0026498,M.Stafford,Matthew Stafford,QB,LA,DAL,5,2022,28,42,308.0,1,0,0.0,0,0,0,0.0,0,10.32,10.32,LA,Matthew Stafford,10.32
00-0026498,M.Stafford,Matthew Stafford,QB,LA,CAR,6,2022,26,33,253.0,1,2,-3.0,0,0,0,0.0,0,11.82,11.82,LA,Matthew Stafford,11.82
00-0026498,M.Stafford,Matthew Stafford,QB,LA,SF,8,2022,22,33,187.0,1,2,-1.0,1,0,0,0.0,0,17.38,17.38,LA,Matthew Stafford,17.38
00-0026498,M.Stafford,Matthew Stafford,QB,LA,TB,9,2022,13,27,165.0,1,2,-1.0,0,0,0,0.0,0,10.5,10.5,LA,Matthew Stafford,10.5
00-0026498,M.Stafford,Matthew Stafford,QB,LA,NO,11,2022,11,18,159.0,2,1,4.0,0,0,0,0.0,0,14.76,14.76,LA,Matthew Stafford,14.76
00-0026544,C.Daniel,Chase Daniel,QB,LAC,SF,10,2022,0,2,0.0,0,0,0.0,0,0,0,0.0,0,0.0,0.0,LAC,Chase Daniel,0.0
00-0026544,C.Daniel,Chase Daniel,QB,LAC,LA,17,2022,3,3,27.0,0,0,0.0,0,0,0,0.0,0,1.08,1.08,LAC,Chase Daniel,1.08
00-0026544,C.Daniel,Chase Daniel,QB,LAC,DEN,18,2022,5,7,25.0,1,1,4.0,0,0,0,0.0,0,7.4,7.4,LAC,Chase Daniel,7.4
00-0026625,B.Hoyer,Brian Hoyer,QB,NE,GB,4,2022,5,6,37.0,0,0,0.0,0,0,0,0.0,0,1.48,1.48,NE,Brian Hoyer,1.48
00-0027688,C.McCoy,Colt McCoy,QB,ARI,LA,10,2022,26,37,238.0,1,4,4.0,0,0,0,0.0,0,13.92,13.92,ARI,Colt McCoy,13.92
00-0027688,C.McCoy,Colt McCoy,QB,ARI,SF,11,2022,24,34,218.0,0,3,6.0,0,0,0,0.0,0,7.32,7.32,ARI,Colt McCoy,7.32
00-0027688,C.McCoy,Colt McCoy,QB,ARI,NE,14,2022,27,40,246.0,0,5,24.0,0,0,0,0.0,0,10.24,10.24,ARI,Colt McCoy,10.24
00-0027688,C.McCoy,Colt McCoy,QB,ARI,DEN,15,2022,13,21,78.0,0,2,2.0,0,0,0,0.0,0,1.32,1.32,ARI,Colt McCoy,1.32
00-0027942,A.Green,A.J. Green,WR,ARI,KC,1,2022,0,0,0.0,0,0,0.0,0,2,4,13.0,0,1.3,3.3,ARI,A.J. Green,1.3
00-0027942,A.Green,A.J. Green,WR,ARI,LV,2,2022,0,0,0.0,0,0,0.0,0,3,7,16.0,0,3.6,6.6,ARI,A.J. Green,3.6
00-0027942,A.Green,A.J. Green,WR,ARI,LA,3,2022,0,0,0.0,0,0,0.0,0,0,2,0.0,0,0.0,0.0,ARI,A.J. Green,0.0
00-0027942,A.Green,A.J. Green,WR,ARI,PHI,5,2022,0,0,0.0,0,0,0.0,0,3,5,20.0,0,2.0,5.0,ARI,A.J. Green,2.0
00-0027942,A.Green,A.J. Green,WR,ARI,SEA,6,2022,0,0,0.0,0,0,0.0,0,2,4,7.0,0,0.7,2.7,ARI,A.J. Green,0.7
00-0027942,A.Green,A.J. Green,WR,ARI,MIN,8,2022,0,0,0.0,0,0,0.0,0,0,1,0.0,0,0.0,0.0,ARI,A.J. Green,0.0
00-0027942,A.Green,A.J. Green,WR,ARI,LA,10,2022,0,0,0.0,0,0,0.0,0,2,2,10.0,1,7.0,9.0,ARI,A.J. Green,7.0
00-0027942,A.Green,A.J. Green,WR,ARI,SF,11,2022,0,0,0.0,0,0,0.0,0,5,9,50.0,0,5.0,10.0,ARI,A.J. Green,5.0
00-0027942,A.Green,A.J. Green,WR,ARI,LAC,12,2022,0,0,0.0,0,0,0.0,0,1,2,5.0,0,0.5,1.5,ARI,A.J. Green,0.5
00-0027942,A.Green,A.J. Green,WR,ARI,NE,14,2022,0,0,0.0,0,0,0.0,0,1,2,7.0,0,0.7,1.7,ARI,A.J. Green,0.7
00-0027942,A.Green,A.J. Green,WR,ARI,DEN,15,2022,0,0,0.0,0,0,0.0,0,0,2,0.0,0,0.0,0.0,ARI,A.J. Green,0.0
00-0027942,A.Green,A.J. Green,WR,ARI,ATL,17,2022,0,0,0.0,0,0,0.0,0,2,2,17.0,0,1.7,3.7,ARI,A.J. Green,1.7
00-0027942,A.Green,A.J. Green,WR,ARI,SF,18,2022,0,0,0.0,0,0,0.0,0,3,5,91.0,1,15.1,18.1,ARI,A.J. Green,15.1
00-0027944,J.Jones,Julio Jones,WR,TB,DAL,1,2022,0,0,0.0,0,2,17.0,0,3,5,69.0,0,8.6,11.6,TB,Julio Jones,8.6
00-0027944,J.Jones,Julio Jones,WR,TB,KC,4,2022,0,0,0.0,0,0,0.0,0,1,2,7.0,0,0.7,1.7,TB,Julio Jones,0.7
00-0027944,J.Jones,Julio Jones,WR,TB,BAL,8,2022,0,0,0.0,0,1,0.0,0,2,4,21.0,1,8.1,10.1,TB,Julio Jones,8.1
00-0027944,J.Jones,Julio Jones,WR,TB,LA,9,2022,0,0,0.0,0,0,0.0,0,2,5,28.0,0,2.8,4.8,TB,Julio Jones,2.8
00-0027944,J.Jones,Julio Jones,WR,TB,SEA,10,2022,0,0,0.0,0,0,0.0,0,3,5,53.0,1,11.3,14.3,TB,Julio Jones,11.3
00-0027944,J.Jones,Julio Jones,WR,TB,CLE,12,2022,0,0,0.0,0,1,15.0,0,3,4,40.0,0,5.5,8.5,TB,Julio Jones,5.5
00-0027944,J.Jones,Julio Jones,WR,TB,NO,13,2022,0,0,0.0,0,0,0.0,0,3,6,28.0,0,2.8,5.8,TB,Julio Jones,2.8
00-0027944,J.Jones,Julio Jones,WR,TB,SF,14,2022,0,0,0.0,0,0,0.0,0,5,8,38.0,0,3.8,8.8,TB,Julio Jones,3.8
00-0027944,J.Jones,Julio Jones,WR,TB,ARI,16,2022,0,0,0.0,0,0,0.0,0,1,2,5.0,0,0.5,1.5,TB,Julio Jones,0.5
00-0027944,J.Jones,Julio Jones,WR,TB,CAR,17,2022,0,0,0.0,0,1,13.0,0,1,2,10.0,0,2.3,3.3,TB,Julio Jones,2.3
00-0027944,J.Jones,Julio Jones,WR,TB,DAL,19,2022,0,0,0.0,0,0,0.0,0,7,11,74.0,1,13.4,20.4,TB,Julio Jones,13.4
00-0027948,B.Gabbert,Blaine Gabbert,QB,TB,ATL,18,2022,6,8,29.0,1,0,0.0,0,0,0,0.0,0,5.16,5.16,TB,Blaine Gabbert,5.16
00-0027966,M.Ingram,Mark Ingram,RB,NO,ATL,1,2022,0,0,0.0,0,4,22.0,0,1,1,1.0,0,0.3,1.3,NO,Mark Ingram,0.3
00-0027966,M.Ingram,Mark Ingram,RB,NO,TB,2,2022,0,0,0.0,0,10,58.0,0,2,2,3.0,0,4.1,6.1,NO,Mark Ingram,4.1
00-0027966,M.Ingram,Mark Ingram,RB,NO,CAR,3,2022,0,0,0.0,0,5,18.0,1,0,0,0.0,0,7.8,7.8,NO,Mark Ingram,7.8
00-0027966,M.Ingram,Mark Ingram,RB,NO,MIN,4,2022,0,0,0.0,0,10,30.0,0,3,3,13.0,0,4.3,7.3,NO,Mark Ingram,4.3
00-0027966,M.Ingram,Mark Ingram,RB,NO,SEA,5,2022,0,0,0.0,0,9,16.0,0,0,0,0.0,0,3.6,3.6,NO,Mark Ingram,3.6
00-0027966,M.Ingram,Mark Ingram,RB,NO,CIN,6,2022,0,0,0.0,0,9,46.0,0,1,2,11.0,0,5.7,6.7,NO,Mark Ingram,5.7
00-0027966,M.Ingram,Mark Ingram,RB,NO,ARI,7,2022,0,0,0.0,0,4,6.0,0,3,3,16.0,0,2.2,5.2,NO,Mark Ingram,2.2
00-0027966,M.Ingram,Mark Ingram,RB,NO,LV,8,2022,0,0,0.0,0,0,0.0,0,1,1,2.0,0,0.2,1.2,NO,Mark Ingram,0.2
00-0027966,M.Ingram,Mark Ingram,RB,NO,SF,12,2022,0,0,0.0,0,4,10.0,0,0,1,0.0,0,1.0,1.0,NO,Mark Ingram,1.0
00-0027966,M.Ingram,Mark Ingram,RB,NO,TB,13,2022,0,0,0.0,0,7,27.0,0,5,5,22.0,0,4.9,9.9,NO,Mark Ingram,4.9
00-0027973,A.Dalton,Andy Dalton,QB,NO,MIN,4,2022,20,28,236.0,1,1,3.0,0,0,0,0.0,0,13.74,13.74,NO,Andy Dalton,13.74
00-0027973,A.Dalton,Andy Dalton,QB,NO,SEA,5,2022,16,24,187.0,1,7,4.0,0,0,0,0.0,0,9.88,9.88,NO,Andy Dalton,9.88
00-0027973,A.Dalton,Andy Dalton,QB,NO,CIN,6,2022,17,32,162.0,1,0,0.0,0,0,0,0.0,0,10.48,10.48,NO,Andy Dalton,10.48
00-0027973,A.Dalton,Andy Dalton,QB,NO,ARI,7,2022,30,47,361.0,4,4,21.0,0,0,0,0.0,0,26.54,26.54,NO,Andy Dalton,26.54
00-0027973,A.Dalton,Andy Dalton,QB,NO,LV,8,2022,22,30,229.0,2,0,0.0,0,0,0,0.0,0,17.16,17.16,NO,Andy Dalton,17.16
00-0027973,A.Dalton,Andy Dalton,QB,NO,BAL,9,2022,19,29,210.0,1,2,5.0,0,0,0,0.0,0,10.9,10.9,NO,Andy Dalton,10.9
00-0027973,A.Dalton,Andy Dalton,QB,NO,PIT,10,2022,17,27,174.0,1,3,1.0,0,0,0,0.0,0,7.06,7.06,NO,Andy Dalton,7.06
00-0027973,A.Dalton,Andy Dalton,QB,NO,LA,11,2022,21,25,260.0,3,2,-2.0,0,0,0,0.0,0,22.2,22.2,NO,Andy Dalton,22.2
00-0027973,A.Dalton,Andy Dalton,QB,NO,SF,12,2022,18,29,204.0,0,4,21.0,0,0,0,0.0,0,10.26,10.26,NO,Andy Dalton,10.26
00-0027973,A.Dalton,Andy Dalton,QB,NO,TB,13,2022,20,28,229.0,1,1,1.0,0,0,0,0.0,0,13.26,13.26,NO,Andy Dalton,13.26
00-0027973,A.Dalton,Andy Dalton,QB,NO,ATL,15,2022,11,17,151.0,2,2,1.0,0,0,0,0.0,0,14.14,14.14,NO,Andy Dalton,14.14
00-0027973,A.Dalton,Andy Dalton,QB,NO,CLE,16,2022,8,15,92.0,0,1,-1.0,0,0,0,0.0,0,1.58,1.58,NO,Andy Dalton,1.58
00-0027973,A.Dalton,Andy Dalton,QB,NO,PHI,17,2022,18,22,205.0,0,2,-2.0,0,0,0,0.0,0,6.0,6.0,NO,Andy Dalton,6.0
00-0027973,A.Dalton,Andy Dalton,QB,NO,CAR,18,2022,15,25,171.0,1,1,2.0,0,0,0,0.0,0,11.04,11.04,NO,Andy Dalton,11.04
00-0027981,K.Rudolph,Kyle Rudolph,TE,TB,GB,3,2022,0,0,0.0,0,0,0.0,0,1,1,12.0,0,1.2,2.2,TB,Kyle Rudolph,1.2
00-0027981,K.Rudolph,Kyle Rudolph,TE,TB,ATL,5,2022,0,0,0.0,0,0,0.0,0,0,1,0.0,0,0.0,0.0,TB,Kyle Rudolph,0.0
00-0027981,K.Rudolph,Kyle Rudolph,TE,TB,CAR,7,2022,0,0,0.0,0,0,0.0,0,1,1,8.0,0,0.8,1.8,TB,Kyle Rudolph,0.8
00-0027981,K.Rudolph,Kyle Rudolph,TE,TB,BAL,8,2022,0,0,0.0,0,0,0.0,0,0,1,0.0,0,0.0,0.0,TB,Kyle Rudolph,0.0
00-0027981,K.Rudolph,Kyle Rudolph,TE,TB,ATL,18,2022,0,0,0.0,0,0,0.0,0,1,1,8.0,1,6.8,7.8,TB,Kyle Rudolph,6.8
00-0028002,R.Cobb,Randall Cobb,WR,GB,MIN,1,2022,0,0,0.0,0,0,0.0,0,2,3,14.0,0,1.4,3.4,GB,Randall Cobb,1.4
00-0028002,R.Cobb,Randall Cobb,WR,GB,CHI,2,2022,0,0,0.0,0,0,0.0,0,3,3,37.0,0,3.7,6.7,GB,Randall Cobb,3.7
00-0028002,R.Cobb,Randall Cobb,WR,GB,TB,3,2022,0,0,0.0,0,0,0.0,0,2,2,57.0,0,5.7,7.7,GB,Randall Cobb,5.7
00-0028002,R.Cobb,Randall Cobb,WR,GB,NE,4,2022,0,0,0.0,0,0,0.0,0,3,4,42.0,0,4.2,7.2,GB,Randall Cobb,4.2
00-0028002,R.Cobb,Randall Cobb,WR,GB,NYG,5,2022,0,0,0.0,0,0,0.0,0,7,13,99.0,0,9.9,16.9,GB,Randall Cobb,9.9
00-0028002,R.Cobb,Randall Cobb,WR,GB,NYJ,6,2022,0,0,0.0,0,0,0.0,0,1,1,8.0,0,0.8,1.8,GB,Randall Cobb,0.8
00-0028002,R.Cobb,Randall Cobb,WR,GB,TEN,11,2022,0,0,0.0,0,0,0.0,0,6,6,73.0,0,7.3,13.3,GB,Randall Cobb,7.3
00-0028002,R.Cobb,Randall Cobb,WR,GB,PHI,12,2022,0,0,0.0,0,0,0.0,0,2,4,19.0,1,7.9,9.9,GB,Randall Cobb,7.9
00-0028002,R.Cobb,Randall Cobb,WR,GB,CHI,13,2022,0,0,0.0,0,0,0.0,0,0,4,0.0,0,0.0,0.0,GB,Randall Cobb,0.0
00-0028002,R.Cobb,Randall Cobb,WR,GB,LA,15,2022,0,0,0.0,0,0,0.0,0,3,4,32.0,0,3.2,6.2,GB,Randall Cobb,3.2
00-0028002,R.Cobb,Randall Cobb,WR,GB,MIA,16,2022,0,0,0.0,0,0,0.0,0,1,2,5.0,0,0.5,1.5,GB,Randall Cobb,0.5
00-0028002,R.Cobb,Randall Cobb,WR,GB,MIN,17,2022,0,0,0.0,0,0,0.0,0,2,2,20.0,0,2.0,4.0,GB,Randall Cobb,2.0
00-0028002,R.Cobb,Randall Cobb,WR,GB,DET,18,2022,0,0,0.0,0,0,0.0,0,2,2,11.0,0,1.1,3.1,GB,Randall Cobb,1.1
00-0028118,T.Taylor,Tyrod Taylor,QB,NYG,CHI,4,2022,1,3,11.0,0,3,30.0,0,0,0,0.0,0,1.44,1.44,NYG,Tyrod Taylor,1.44
00-0028118,T.Taylor,Tyrod Taylor,QB,NYG,PHI,14,2022,5,5,47.0,1,2,40.0,0,0,0,0.0,0,9.88,9.88,NYG,Tyrod Taylor,9.88
00-0028292,N.Bellore,Nick Bellore,ILB,SEA,LA,18,2022,0,0,0.0,0,1,3.0,0,0,0,0.0,0,0.3,0.3,SEA,Nick Bellore,0.3
00-0028986,C.Keenum,Case Keenum,QB,BUF,TEN,2,2022,0,2,0.0,0,3,2.0,0,0,0,0.0,0,0.2,0.2,BUF,Case Keenum,0.2
00-0028986,C.Keenum,Case Keenum,QB,BUF,PIT,5,2022,2,5,8.0,0,2,-2.0,0,0,0,0.0,0,0.12,0.12,BUF,Case Keenum,0.12
00-0029000,C.Beasley,Cole Beasley,WR,TB,GB,3,2022,0,0,0.0,0,0,0.0,0,3,4,12.0,0,1.2,4.2,TB,Cole Beasley,1.2
00-0029000,C.Beasley,Cole Beasley,WR,TB,KC,4,2022,0,0,0.0,0,0,0.0,0,1,1,5.0,0,0.5,1.5,TB,Cole Beasley,0.5
00-0029000,C.Beasley,Cole Beasley,WR,BUF,MIA,15,2022,0,0,0.0,0,0,0.0,0,1,1,9.0,0,0.9,1.9,BUF,Cole Beasley,0.9
00-0029000,C.Beasley,Cole Beasley,WR,BUF,CHI,16,2022,0,0,0.0,0,0,0.0,0,1,1,9.0,0,0.9,1.9,BUF,Cole Beasley,0.9
00-0029000,C.Beasley,Cole Beasley,WR,BUF,MIA,19,2022,0,0,0.0,0,0,0.0,0,2,5,35.0,1,9.5,11.5,BUF,Cole Beasley,9.5
00-0029000,C.Beasley,Cole Beasley,WR,BUF,CIN,20,2022,0,0,0.0,0,0,0.0,0,3,4,33.0,0,3.3,6.3,BUF,Cole Beasley,3.3
00-0029239,B.Bolden,Brandon Bolden,RB,LV,LAC,1,2022,0,0,0.0,0,3,7.0,0,2,2,21.0,1,8.8,10.8,LV,Brandon Bolden,8.8
00-0029239,B.Bolden,Brandon Bolden,RB,LV,TEN,3,2022,0,0,0.0,0,3,17.0,0,2,2,4.0,0,2.1,4.1,LV,Brandon Bolden,2.1
00-0029239,B.Bolden,Brandon Bolden,RB,LV,DEN,4,2022,0,0,0.0,0,0,0.0,0,1,1,-1.0,0,-0.1,0.9,LV,Brandon Bolden,-0.1
00-0029239,B.Bolden,Brandon Bolden,RB,LV,KC,5,2022,0,0,0.0,0,1,5.0,0,3,3,29.0,0,3.4,6.4,LV,Brandon Bolden,3.4
00-0029239,B.Bolden,Brandon Bolden,RB,LV,JAX,9,2022,0,0,0.0,0,1,5.0,0,0,0,0.0,0,0.5,0.5,LV,Brandon Bolden,0.5
00-0029239,B.Bolden,Brandon Bolden,RB,LV,DEN,11,2022,0,0,0.0,0,0,0.0,0,1,1,4.0,0,0.4,1.4,LV,Brandon Bolden,0.4
00-0029239,B.Bolden,Brandon Bolden,RB,LV,PIT,16,2022,0,0,0.0,0,1,0.0,0,0,0,0.0,0,0.0,0.0,LV,Brandon Bolden,0.0
00-0029239,B.Bolden,Brandon Bolden,RB,LV,SF,17,2022,0,0,0.0,0,8,32.0,0,0,0,0.0,0,3.2,3.2,LV,Brandon Bolden,3.2
00-0029263,R.Wilson,Russell Wilson,QB,DEN,SEA,1,2022,29,42,340.0,1,1,2.0,0,0,0,0.0,0,17.8,17.8,DEN,Russell Wilson,17.8
00-0029263,R.Wilson,Russell Wilson,QB,DEN,HOU,2,2022,14,31,219.0,1,2,3.0,0,0,0,0.0,0,11.06,11.06,DEN,Russell Wilson,11.06
00-0029263,R.Wilson,Russell Wilson,QB,DEN,SF,3,2022,20,33,184.0,0,6,17.0,0,0,0,0.0,0,9.06,9.06,DEN,Russell Wilson,9.06
00-0029263,R.Wilson,Russell Wilson,QB,DEN,LV,4,2022,17,25,237.0,2,4,29.0,1,1,1,1.0,0,26.48,27.48,DEN,Russell Wilson,26.48
00-0029263,R.Wilson,Russell Wilson,QB,DEN,IND,5,2022,21,39,274.0,0,4,22.0,0,0,0,0.0,0,9.16,9.16,DEN,Russell Wilson,9.16
00-0029263,R.Wilson,Russell Wilson,QB,DEN,LAC,6,2022,15,28,188.0,1,4,23.0,0,0,0,0.0,0,13.82,13.82,DEN,Russell Wilson,13.82
00-0029263,R.Wilson,Russell Wilson,QB,DEN,JAX,8,2022,18,30,252.0,1,4,17.0,0,0,0,0.0,0,13.78,13.78,DEN,Russell Wilson,13.78
00-0029263,R.Wilson,Russell Wilson,QB,DEN,TEN,10,2022,21,42,286.0,1,7,8.0,0,0,0,0.0,0,14.24,14.24,DEN,Russell Wilson,14.24
00-0029263,R.Wilson,Russell Wilson,QB,DEN,LV,11,2022,24,31,247.0,0,1,8.0,0,0,0,0.0,0,10.68,10.68,DEN,Russell Wilson,10.68
00-0029263,R.Wilson,Russell Wilson,QB,DEN,CAR,12,2022,19,35,142.0,1,2,8.0,0,0,0,0.0,0,8.48,8.48,DEN,Russell Wilson,8.48
00-0029263,R.Wilson,Russell Wilson,QB,DEN,BAL,13,2022,17,22,189.0,0,2,21.0,0,0,0,0.0,0,9.66,9.66,DEN,Russell Wilson,9.66
00-0029263,R.Wilson,Russell Wilson,QB,DEN,KC,14,2022,23,36,247.0,3,4,57.0,0,0,0,0.0,0,25.58,25.58,DEN,Russell Wilson,25.58
00-0029263,R.Wilson,Russell Wilson,QB,DEN,LA,16,2022,15,27,214.0,1,2,17.0,0,0,0,0.0,0,8.26,8.26,DEN,Russell Wilson,8.26
00-0029263,R.Wilson,Russell Wilson,QB,DEN,KC,17,2022,26,38,222.0,1,4,27.0,2,0,0,0.0,0,23.58,23.58,DEN,Russell Wilson,23.58
00-0029263,R.Wilson,Russell Wilson,QB,DEN,LAC,18,2022,13,24,283.0,3,8,18.0,0,0,0,0.0,0,23.12,23.12,DEN,Russell Wilson,23.12
00-0029293,M.Jones,Marvin Jones,WR,JAX,WAS,1,2022,0,0,0.0,0,0,0.0,0,4,6,38.0,0,3.8,7.8,JAX,Marvin Jones,3.8
00-0029293,M.Jones,Marvin Jones,WR,JAX,IND,2,2022,0,0,0.0,0,0,0.0,0,3,5,33.0,0,3.3,6.3,JAX,Marvin Jones,3.3
00-0029293,M.Jones,Marvin Jones,WR,JAX,LAC,3,2022,0,0,0.0,0,0,0.0,0,4,7,33.0,1,9.3,13.3,JAX,Marvin Jones,9.3
00-0029293,M.Jones,Marvin Jones,WR,JAX,PHI,4,2022,0,0,0.0,0,0,0.0,0,0,1,0.0,0,0.0,0.0,JAX,Marvin Jones,0.0
00-0029293,M.Jones,Marvin Jones,WR,JAX,HOU,5,2022,0,0,0.0,0,0,0.0,0,7,11,104.0,0,10.4,17.4,JAX,Marvin Jones,10.4
00-0029293,M.Jones,Marvin Jones,WR,JAX,NYG,7,2022,0,0,0.0,0,0,0.0,0,4,8,57.0,0,5.7,9.7,JAX,Marvin Jones,5.7
00-0029293,M.Jones,Marvin Jones,WR,JAX,DEN,8,2022,0,0,0.0,0,0,0.0,0,0,3,0.0,0,0.0,0.0,JAX,Marvin Jones,0.0
00-0029293,M.Jones,Marvin Jones,WR,JAX,LV,9,2022,0,0,0.0,0,0,0.0,0,5,6,48.0,0,4.8,9.8,JAX,Marvin Jones,4.8
00-0029293,M.Jones,Marvin Jones,WR,JAX,KC,10,2022,0,0,0.0,0,0,0.0,0,1,3,33.0,0,3.3,4.3,JAX,Marvin Jones,3.3
00-0029293,M.Jones,Marvin Jones,WR,JAX,BAL,12,2022,0,0,0.0,0,0,0.0,0,3,3,22.0,1,8.2,11.2,JAX,Marvin Jones,8.2
00-0029293,M.Jones,Marvin Jones,WR,JAX,DET,13,2022,0,0,0.0,0,0,0.0,0,1,4,17.0,0,1.7,2.7,JAX,Marvin Jones,1.7
00-0029293,M.Jones,Marvin Jones,WR,JAX,TEN,14,2022,0,0,0.0,0,0,0.0,0,1,1,22.0,0,2.2,3.2,JAX,Marvin Jones,2.2
00-0029293,M.Jones,Marvin Jones,WR,JAX,DAL,15,2022,0,0,0.0,0,0,0.0,0,2,6,17.0,1,7.7,9.7,JAX,Marvin Jones,7.7
00-0029293,M.Jones,Marvin Jones,WR,JAX,NYJ,16,2022,0,0,0.0,0,0,0.0,0,3,4,15.0,0,1.5,4.5,JAX,Marvin Jones,1.5
00-0029293,M.Jones,Marvin Jones,WR,JAX,HOU,17,2022,0,0,0.0,0,0,0.0,0,6,7,61.0,0,6.1,12.1,JAX,Marvin Jones,6.1
00-0029293,M.Jones,Marvin Jones,WR,JAX,TEN,18,2022,0,0,0.0,0,0,0.0,0,2,6,29.0,0,2.9,4.9,JAX,Marvin Jones,2.9
00-0029293,M.Jones,Marvin Jones,WR,JAX,LAC,19,2022,0,0,0.0,0,0,0.0,0,3,6,29.0,1,8.9,11.9,JAX,Marvin Jones,8.9
00-0029293,M.Jones,Marvin Jones,WR,JAX,KC,20,2022,0,0,0.0,0,0,0.0,0,1,3,21.0,0,2.1,3.1,JAX,Marvin Jones,2.1
00-0029567,N.Foles,Nick Foles,QB,IND,LAC,16,2022,17,29,144.0,0,1,0.0,0,0,0,0.0,0,-0.24,-0.24,IND,Nick Foles,-0.24
00-0029567,N.Foles,Nick Foles,QB,IND,NYG,17,2022,8,13,81.0,0,1,8.0,0,0,0,0.0,0,2.04,2.04,IND,Nick Foles,2.04
00-0029604,K.Cousins,Kirk Cousins,QB,MIN,GB,1,2022,23,32,277.0,2,0,0.0,0,0,0,0.0,0,19.08,19.08,MIN,Kirk Cousins,19.08
00-0029604,K.Cousins,Kirk Cousins,QB,MIN,PHI,2,2022,27,46,221.0,1,2,20.0,0,0,0,0.0,0,8.84,8.84,MIN,Kirk Cousins,8.84
00-0029604,K.Cousins,Kirk Cousins,QB,MIN,DET,3,2022,24,41,260.0,2,1,-1.0,0,0,0,0.0,0,18.3,18.3,MIN,Kirk Cousins,18.3
00-0029604,K.Cousins,Kirk Cousins,QB,MIN,NO,4,2022,25,38,273.0,1,0,0.0,0,0,0,0.0,0,12.92,12.92,MIN,Kirk Cousins,12.92
00-0029604,K.Cousins,Kirk Cousins,QB,MIN,CHI,5,2022,32,41,296.0,1,4,4.0,1,0,0,0.0,0,22.24,22.24,MIN,Kirk Cousins,22.24
00-0029604,K.Cousins,Kirk Cousins,QB,MIN,MIA,6,2022,20,30,175.0,2,2,-5.0,0,0,0,0.0,0,16.5,16.5,MIN,Kirk Cousins,16.5
00-0029604,K.Cousins,Kirk Cousins,QB,MIN,ARI,8,2022,24,36,232.0,2,4,22.0,1,0,0,0.0,0,23.48,23.48,MIN,Kirk Cousins,23.48
00-0029604,K.Cousins,Kirk Cousins,QB,MIN,WAS,9,2022,22,40,265.0,2,2,-2.0,0,0,0,0.0,0,16.4,16.4,MIN,Kirk Cousins,16.4
00-0029604,K.Cousins,Kirk Cousins,QB,MIN,BUF,10,2022,30,50,357.0,1,6,12.0,0,0,0,0.0,0,15.48,15.48,MIN,Kirk Cousins,15.48
00-0029604,K.Cousins,Kirk Cousins,QB,MIN,DAL,11,2022,12,23,105.0,0,0,0.0,0,0,0,0.0,0,2.2,2.2,MIN,Kirk Cousins,2.2
00-0029604,K.Cousins,Kirk Cousins,QB,MIN,NE,12,2022,30,37,299.0,3,1,-1.0,0,0,0,0.0,0,21.86,21.86,MIN,Kirk Cousins,21.86
00-0029604,K.Cousins,Kirk Cousins,QB,MIN,NYJ,13,2022,21,35,173.0,1,3,9.0,0,0,0,0.0,0,11.82,11.82,MIN,Kirk Cousins,11.82
00-0029604,K.Cousins,Kirk Cousins,QB,MIN,DET,14,2022,31,41,425.0,2,0,0.0,0,0,0,0.0,0,25.0,25.0,MIN,Kirk Cousins,25.0
00-0029604,K.Cousins,Kirk Cousins,QB,MIN,IND,15,2022,34,54,460.0,4,2,0.0,0,0,0,0.0,0,32.4,32.4,MIN,Kirk Cousins,32.4
00-0029604,K.Cousins,Kirk Cousins,QB,MIN,NYG,16,2022,34,48,299.0,3,1,2.0,0,0,0,0.0,0,24.16,24.16,MIN,Kirk Cousins,24.16
00-0029604,K.Cousins,Kirk Cousins,QB,MIN,GB,17,2022,18,31,205.0,1,3,37.0,0,0,0,0.0,0,7.9,7.9,MIN,Kirk Cousins,7.9
00-0029604,K.Cousins,Kirk Cousins,QB,MIN,CHI,18,2022,17,20,225.0,1,0,0.0,0,0,0,0.0,0,13.0,13.0,MIN,Kirk Cousins,13.0
00-0029604,K.Cousins,Kirk Cousins,QB,MIN,NYG,19,2022,31,39,273.0,2,1,1.0,1,1,1,-2.0,0,24.82,25.82,MIN,Kirk Cousins,24.82
00-0029608,T.Hilton,T.Y. Hilton,WR,DAL,PHI,16,2022,0,0,0.0,0,0,0.0,0,1,1,52.0,0,5.2,6.2,DAL,T.Y. Hilton,5.2
00-0029608,T.Hilton,T.Y. Hilton,WR,DAL,TEN,17,2022,0,0,0.0,0,0,0.0,0,4,5,50.0,0,5.0,9.0,DAL,T.Y. Hilton,5.0
00-0029608,T.Hilton,T.Y. Hilton,WR,DAL,WAS,18,2022,0,0,0.0,0,0,0.0,0,2,4,19.0,0,1.9,3.9,DAL,T.Y. Hilton,1.9
00-0029608,T.Hilton,T.Y. Hilton,WR,DAL,TB,19,2022,0,0,0.0,0,0,0.0,0,2,4,23.0,0,2.3,4.3,DAL,T.Y. Hilton,2.3
00-0029608,T.Hilton,T.Y. Hilton,WR,DAL,SF,20,2022,0,0,0.0,0,0,0.0,0,1,1,15.0,0,1.5,2.5,DAL,T.Y. Hilton,1.5
00-0029664,J.Gordon,Josh Gordon,WR,TEN,BUF,2,2022,0,0,0.0,0,0,0.0,0,0,1,0.0,0,0.0,0.0,TEN,Josh Gordon,0.0
00-0029692,B.Anger,Bryan Anger,P,DAL,WAS,18,2022,0,0,0.0,0,1,0.0,0,0,0,0.0,0,0.0,0.0,DAL,Bryan Anger,0.0
00-0029701,R.Tannehill,Ryan Tannehill,QB,TEN,NYG,1,2022,20,33,266.0,2,2,7.0,0,0,0,0.0,0,19.34,19.34,TEN,Ryan Tannehill,19.34
00-0029701,R.Tannehill,Ryan Tannehill,QB,TEN,BUF,2,2022,11,20,117.0,0,1,2.0,0,0,0,0.0,0,0.88,0.88,TEN,Ryan Tannehill,0.88
00-0029701,R.Tannehill,Ryan Tannehill,QB,TEN,LV,3,2022,19,27,264.0,1,4,2.0,1,0,0,0.0,0,18.76,18.76,TEN,Ryan Tannehill,18.76
00-0029701,R.Tannehill,Ryan Tannehill,QB,TEN,IND,4,2022,17,21,137.0,2,5,9.0,0,0,0,0.0,0,14.38,14.38,TEN,Ryan Tannehill,14.38
00-0029701,R.Tannehill,Ryan Tannehill,QB,TEN,WAS,5,2022,15,25,181.0,1,3,3.0,0,0,0,0.0,0,11.54,11.54,TEN,Ryan Tannehill,11.54
00-0029701,R.Tannehill,Ryan Tannehill,QB,TEN,IND,7,2022,13,20,132.0,0,4,6.0,0,0,0,0.0,0,3.88,3.88,TEN,Ryan Tannehill,3.88
00-0029701,R.Tannehill,Ryan Tannehill,QB,TEN,DEN,10,2022,19,36,255.0,2,2,12.0,0,0,0,0.0,0,19.4,19.4,TEN,Ryan Tannehill,19.4
00-0029701,R.Tannehill,Ryan Tannehill,QB,TEN,GB,11,2022,22,27,333.0,2,3,-3.0,0,0,0,0.0,0,19.02,19.02,TEN,Ryan Tannehill,19.02
00-0029701,R.Tannehill,Ryan Tannehill,QB,TEN,CIN,12,2022,22,34,291.0,1,2,9.0,0,0,0,0.0,0,16.54,16.54,TEN,Ryan Tannehill,16.54
00-0029701,R.Tannehill,Ryan Tannehill,QB,TEN,PHI,13,2022,14,22,141.0,1,3,34.0,0,0,0,0.0,0,13.04,13.04,TEN,Ryan Tannehill,13.04
00-0029701,R.Tannehill,Ryan Tannehill,QB,TEN,JAX,14,2022,25,38,254.0,2,2,16.0,0,0,0,0.0,0,17.76,17.76,TEN,Ryan Tannehill,17.76
00-0029701,R.Tannehill,Ryan Tannehill,QB,TEN,LAC,15,2022,15,22,165.0,0,3,1.0,1,0,0,0.0,0,10.7,10.7,TEN,Ryan Tannehill,10.7
00-0029892,K.Juszczyk,Kyle Juszczyk,FB,SF,CHI,1,2022,0,0,0.0,0,0,0.0,0,0,2,0.0,0,0.0,0.0,SF,Kyle Juszczyk,0.0
00-0029892,K.Juszczyk,Kyle Juszczyk,FB,SF,SEA,2,2022,0,0,0.0,0,2,1.0,1,0,1,0.0,0,6.1,6.1,SF,Kyle Juszczyk,6.1
00-0029892,K.Juszczyk,Kyle Juszczyk,FB,SF,DEN,3,2022,0,0,0.0,0,0,0.0,0,1,1,24.0,0,2.4,3.4,SF,Kyle Juszczyk,2.4
00-0029892,K.Juszczyk,Kyle Juszczyk,FB,SF,LA,4,2022,0,0,0.0,0,1,9.0,0,1,1,35.0,0,4.4,5.4,SF,Kyle Juszczyk,4.4
00-0029892,K.Juszczyk,Kyle Juszczyk,FB,SF,CAR,5,2022,0,0,0.0,0,0,0.0,0,2,2,27.0,0,2.7,4.7,SF,Kyle Juszczyk,2.7
00-0029892,K.Juszczyk,Kyle Juszczyk,FB,SF,ATL,6,2022,0,0,0.0,0,0,0.0,0,4,4,33.0,0,3.3,7.3,SF,Kyle Juszczyk,3.3
00-0029892,K.Juszczyk,Kyle Juszczyk,FB,SF,KC,7,2022,0,0,0.0,0,0,0.0,0,3,4,34.0,0,3.4,6.4,SF,Kyle Juszczyk,3.4
00-0029892,K.Juszczyk,Kyle Juszczyk,FB,SF,ARI,11,2022,0,0,0.0,0,1,4.0,0,0,0,0.0,0,0.4,0.4,SF,Kyle Juszczyk,0.4
00-0029892,K.Juszczyk,Kyle Juszczyk,FB,SF,NO,12,2022,0,0,0.0,0,0,0.0,0,2,2,2.0,0,0.2,2.2,SF,Kyle Juszczyk,0.2
00-0029892,K.Juszczyk,Kyle Juszczyk,FB,SF,MIA,13,2022,0,0,0.0,0,1,0.0,0,3,3,12.0,1,7.2,10.2,SF,Kyle Juszczyk,7.2
00-0029892,K.Juszczyk,Kyle Juszczyk,FB,SF,TB,14,2022,0,0,0.0,0,0,0.0,0,2,2,7.0,0,0.7,2.7,SF,Kyle Juszczyk,0.7
00-0029892,K.Juszczyk,Kyle Juszczyk,FB,SF,LV,17,2022,0,0,0.0,0,1,9.0,0,0,0,0.0,0,0.9,0.9,SF,Kyle Juszczyk,0.9
00-0029892,K.Juszczyk,Kyle Juszczyk,FB,SF,ARI,18,2022,0,0,0.0,0,1,3.0,0,1,1,26.0,0,2.9,3.9,SF,Kyle Juszczyk,2.9
00-0029892,K.Juszczyk,Kyle Juszczyk,FB,SF,SEA,19,2022,0,0,0.0,0,0,0.0,0,1,1,6.0,0,0.6,1.6,SF,Kyle Juszczyk,0.6
00-0029892,K.Juszczyk,Kyle Juszczyk,FB,SF,DAL,20,2022,0,0,0.0,0,1,8.0,0,0,0,0.0,0,0.8,0.8,SF,Kyle Juszczyk,0.8
00-0030035,A.Thielen,Adam Thielen,WR,MIN,GB,1,2022,0,0,0.0,0,0,0.0,0,3,4,36.0,0,3.6,6.6,MIN,Adam Thielen,3.6
00-0030035,A.Thielen,Adam Thielen,WR,MIN,PHI,2,2022,0,0,0.0,0,0,0.0,0,4,7,52.0,0,5.2,9.2,MIN,Adam Thielen,5.2
00-0030035,A.Thielen,Adam Thielen,WR,MIN,DET,3,2022,0,0,0.0,0,0,0.0,0,6,8,61.0,1,12.1,18.1,MIN,Adam Thielen,12.1
00-0030035,A.Thielen,Adam Thielen,WR,MIN,NO,4,2022,0,0,0.0,0,0,0.0,0,8,9,72.0,0,7.2,15.2,MIN,Adam Thielen,7.2
00-0030035,A.Thielen,Adam Thielen,WR,MIN,CHI,5,2022,0,0,0.0,0,0,0.0,0,4,7,27.0,0,2.7,6.7,MIN,Adam Thielen,2.7
00-0030035,A.Thielen,Adam Thielen,WR,MIN,MIA,6,2022,0,0,0.0,0,0,0.0,0,4,8,36.0,1,11.6,15.6,MIN,Adam Thielen,11.6
00-0030035,A.Thielen,Adam Thielen,WR,MIN,ARI,8,2022,0,0,0.0,0,0,0.0,0,6,7,67.0,0,6.7,12.7,MIN,Adam Thielen,6.7
00-0030035,A.Thielen,Adam Thielen,WR,MIN,WAS,9,2022,0,0,0.0,0,0,0.0,0,3,7,67.0,0,6.7,9.7,MIN,Adam Thielen,6.7
00-0030035,A.Thielen,Adam Thielen,WR,MIN,BUF,10,2022,0,0,0.0,0,0,0.0,0,5,7,49.0,0,4.9,9.9,MIN,Adam Thielen,4.9
00-0030035,A.Thielen,Adam Thielen,WR,MIN,DAL,11,2022,0,0,0.0,0,0,0.0,0,2,3,25.0,0,2.5,4.5,MIN,Adam Thielen,2.5
00-0030035,A.Thielen,Adam Thielen,WR,MIN,NE,12,2022,0,0,0.0,0,0,0.0,0,9,10,61.0,1,12.1,21.1,MIN,Adam Thielen,12.1
00-0030035,A.Thielen,Adam Thielen,WR,MIN,NYJ,13,2022,0,0,0.0,0,0,0.0,0,2,6,27.0,0,2.7,4.7,MIN,Adam Thielen,2.7
00-0030035,A.Thielen,Adam Thielen,WR,MIN,DET,14,2022,0,0,0.0,0,0,0.0,0,7,8,65.0,1,12.5,19.5,MIN,Adam Thielen,12.5
00-0030035,A.Thielen,Adam Thielen,WR,MIN,IND,15,2022,0,0,0.0,0,0,0.0,0,3,4,41.0,1,10.1,13.1,MIN,Adam Thielen,10.1
00-0030035,A.Thielen,Adam Thielen,WR,MIN,NYG,16,2022,0,0,0.0,0,0,0.0,0,1,5,6.0,0,0.6,1.6,MIN,Adam Thielen,0.6
00-0030035,A.Thielen,Adam Thielen,WR,MIN,GB,17,2022,0,0,0.0,0,0,0.0,0,1,4,16.0,0,1.6,2.6,MIN,Adam Thielen,1.6
00-0030035,A.Thielen,Adam Thielen,WR,MIN,CHI,18,2022,0,0,0.0,0,1,4.0,0,2,3,8.0,1,7.2,9.2,MIN,Adam Thielen,7.2
00-0030035,A.Thielen,Adam Thielen,WR,MIN,NYG,19,2022,0,0,0.0,0,0,0.0,0,3,4,50.0,0,5.0,8.0,MIN,Adam Thielen,5.0
00-0030061,Z.Ertz,Zach Ertz,TE,ARI,KC,1,2022,0,0,0.0,0,0,0.0,0,2,4,14.0,1,9.4,11.4,ARI,Zach Ertz,9.4
00-0030061,Z.Ertz,Zach Ertz,TE,ARI,LV,2,2022,0,0,0.0,0,0,0.0,0,8,11,75.0,0,7.5,15.5,ARI,Zach Ertz,7.5
00-0030061,Z.Ertz,Zach Ertz,TE,ARI,LA,3,2022,0,0,0.0,0,0,0.0,0,6,10,45.0,0,4.5,10.5,ARI,Zach Ertz,4.5
00-0030061,Z.Ertz,Zach Ertz,TE,ARI,CAR,4,2022,0,0,0.0,0,0,0.0,0,6,6,47.0,1,10.7,16.7,ARI,Zach Ertz,10.7
00-0030061,Z.Ertz,Zach Ertz,TE,ARI,PHI,5,2022,0,0,0.0,0,0,0.0,0,6,10,48.0,0,4.8,10.8,ARI,Zach Ertz,4.8
00-0030061,Z.Ertz,Zach Ertz,TE,ARI,SEA,6,2022,0,0,0.0,0,0,0.0,0,7,10,70.0,0,7.0,14.0,ARI,Zach Ertz,7.0
00-0030061,Z.Ertz,Zach Ertz,TE,ARI,NO,7,2022,0,0,0.0,0,0,0.0,0,2,4,21.0,0,4.1,6.1,ARI,Zach Ertz,4.1
00-0030061,Z.Ertz,Zach Ertz,TE,ARI,MIN,8,2022,0,0,0.0,0,0,0.0,0,4,5,34.0,1,9.4,13.4,ARI,Zach Ertz,9.4
00-0030061,Z.Ertz,Zach Ertz,TE,ARI,SEA,9,2022,0,0,0.0,0,0,0.0,0,5,8,40.0,1,10.0,15.0,ARI,Zach Ertz,10.0
00-0030061,Z.Ertz,Zach Ertz,TE,ARI,LA,10,2022,0,0,0.0,0,0,0.0,0,1,1,12.0,0,1.2,2.2,ARI,Zach Ertz,1.2
00-0030068,M.Goodwin,Marquise Goodwin,WR,SEA,DEN,1,2022,0,0,0.0,0,0,0.0,0,2,2,22.0,0,2.2,4.2,SEA,Marquise Goodwin,2.2
00-0030068,M.Goodwin,Marquise Goodwin,WR,SEA,SF,2,2022,0,0,0.0,0,0,0.0,0,0,1,0.0,0,0.0,0.0,SEA,Marquise Goodwin,0.0
00-0030068,M.Goodwin,Marquise Goodwin,WR,SEA,ATL,3,2022,0,0,0.0,0,0,0.0,0,2,5,31.0,0,3.1,5.1,SEA,Marquise Goodwin,3.1
00-0030068,M.Goodwin,Marquise Goodwin,WR,SEA,ARI,6,2022,0,0,0.0,0,0,0.0,0,2,2,26.0,0,2.6,4.6,SEA,Marquise Goodwin,2.6
00-0030068,M.Goodwin,Marquise Goodwin,WR,SEA,LAC,7,2022,0,0,0.0,0,0,0.0,0,4,5,67.0,2,18.7,22.7,SEA,Marquise Goodwin,18.7
00-0030068,M.Goodwin,Marquise Goodwin,WR,SEA,NYG,8,2022,0,0,0.0,0,0,0.0,0,4,5,33.0,0,3.3,7.3,SEA,Marquise Goodwin,3.3
00-0030068,M.Goodwin,Marquise Goodwin,WR,SEA,TB,10,2022,0,0,0.0,0,0,0.0,0,2,2,38.0,1,9.8,11.8,SEA,Marquise Goodwin,9.8
00-0030068,M.Goodwin,Marquise Goodwin,WR,SEA,LV,12,2022,0,0,0.0,0,1,7.0,0,3,3,48.0,0,5.5,8.5,SEA,Marquise Goodwin,5.5
00-0030068,M.Goodwin,Marquise Goodwin,WR,SEA,LA,13,2022,0,0,0.0,0,0,0.0,0,1,2,17.0,0,1.7,2.7,SEA,Marquise Goodwin,1.7
00-0030068,M.Goodwin,Marquise Goodwin,WR,SEA,CAR,14,2022,0,0,0.0,0,1,-2.0,0,5,6,95.0,1,15.3,20.3,SEA,Marquise Goodwin,15.3
00-0030068,M.Goodwin,Marquise Goodwin,WR,SEA,SF,15,2022,0,0,0.0,0,0,0.0,0,2,5,10.0,0,1.0,3.0,SEA,Marquise Goodwin,1.0
00-0030068,M.Goodwin,Marquise Goodwin,WR,SEA,KC,16,2022,0,0,0.0,0,0,0.0,0,0,4,0.0,0,0.0,0.0,SEA,Marquise Goodwin,0.0
00-0030074,D.Bakhtiari,David Bakhtiari,T,GB,DET,9,2022,0,0,0.0,0,0,0.0,0,0,1,0.0,0,0.0,0.0,GB,David Bakhtiari,0.0
00-0030108,R.Griffin,Ryan Griffin,TE,CHI,SF,1,2022,0,0,0.0,0,0,0.0,0,0,2,0.0,0,0.0,0.0,CHI,Ryan Griffin,0.0
00-0030108,R.Griffin,Ryan Griffin,TE,CHI,GB,2,2022,0,0,0.0,0,0,0.0,0,1,1,18.0,0,1.8,2.8,CHI,Ryan Griffin,1.8
00-0030108,R.Griffin,Ryan Griffin,TE,CHI,MIN,5,2022,0,0,0.0,0,0,0.0,0,1,1,1.0,0,0.1,1.1,CHI,Ryan Griffin,0.1
00-0030108,R.Griffin,Ryan Griffin,TE,CHI,WAS,6,2022,0,0,0.0,0,0,0.0,0,0,1,0.0,0,0.0,0.0,CHI,Ryan Griffin,0.0
00-0030108,R.Griffin,Ryan Griffin,TE,CHI,NE,7,2022,0,0,0.0,0,0,0.0,0,1,1,5.0,0,0.5,1.5,CHI,Ryan Griffin,0.5
00-0030108,R.Griffin,Ryan Griffin,TE,CHI,BUF,16,2022,0,0,0.0,0,0,0.0,0,1,1,2.0,0,0.2,1.2,CHI,Ryan Griffin,0.2
00-0030108,R.Griffin,Ryan Griffin,TE,CHI,DET,17,2022,0,0,0.0,0,0,0.0,0,0,1,0.0,0,0.0,0.0,CHI,Ryan Griffin,0.0
00-0030279,K.Allen,Keenan Allen,WR,LAC,LV,1,2022,0,0,0.0,0,0,0.0,0,4,4,66.0,0,6.6,10.6,LAC,Keenan Allen,6.6
00-0030279,K.Allen,Keenan Allen,WR,LAC,SEA,7,2022,0,0,0.0,0,0,0.0,0,2,2,11.0,0,1.1,3.1,LAC,Keenan Allen,1.1
00-0030279,K.Allen,Keenan Allen,WR,LAC,KC,11,2022,0,0,0.0,0,0,0.0,0,5,8,94.0,0,7.4,12.4,LAC,Keenan Allen,7.4
00-0030279,K.Allen,Keenan Allen,WR,LAC,ARI,12,2022,0,0,0.0,0,0,0.0,0,5,7,49.0,1,10.9,15.9,LAC,Keenan Allen,10.9
00-0030279,K.Allen,Keenan Allen,WR,LAC,LV,13,2022,0,0,0.0,0,0,0.0,0,6,14,88.0,1,14.8,20.8,LAC,Keenan Allen,14.8
00-0030279,K.Allen,Keenan Allen,WR,LAC,MIA,14,2022,0,0,0.0,0,0,0.0,0,12,14,92.0,0,9.2,21.2,LAC,Keenan Allen,9.2
00-0030279,K.Allen,Keenan Allen,WR,LAC,TEN,15,2022,0,0,0.0,0,0,0.0,0,8,9,86.0,0,8.6,16.6,LAC,Keenan Allen,8.6
00-0030279,K.Allen,Keenan Allen,WR,LAC,IND,16,2022,0,0,0.0,0,0,0.0,0,11,14,104.0,0,10.4,21.4,LAC,Keenan Allen,10.4
00-0030279,K.Allen,Keenan Allen,WR,LAC,LA,17,2022,0,0,0.0,0,1,8.0,0,5,6,60.0,0,6.8,11.8,LAC,Keenan Allen,6.8
00-0030279,K.Allen,Keenan Allen,WR,LAC,DEN,18,2022,0,0,0.0,0,0,0.0,0,8,11,102.0,2,22.2,30.2,LAC,Keenan Allen,22.2
00-0030279,K.Allen,Keenan Allen,WR,LAC,JAX,19,2022,0,0,0.0,0,0,0.0,0,6,13,61.0,0,6.1,12.1,LAC,Keenan Allen,6.1
00-0030288,R.Burkhead,Rex Burkhead,RB,HOU,IND,1,2022,0,0,0.0,0,14,40.0,0,5,8,30.0,0,7.0,12.0,HOU,Rex Burkhead,7.0
00-0030288,R.Burkhead,Rex Burkhead,RB,HOU,DEN,2,2022,0,0,0.0,0,0,0.0,0,2,3,9.0,0,0.9,2.9,HOU,Rex Burkhead,0.9
00-0030288,R.Burkhead,Rex Burkhead,RB,HOU,CHI,3,2022,0,0,0.0,0,3,9.0,0,4,5,21.0,0,3.0,7.0,HOU,Rex Burkhead,3.0
00-0030288,R.Burkhead,Rex Burkhead,RB,HOU,LAC,4,2022,0,0,0.0,0,0,0.0,0,5,5,39.0,1,9.9,14.9,HOU,Rex Burkhead,9.9
00-0030288,R.Burkhead,Rex Burkhead,RB,HOU,JAX,5,2022,0,0,0.0,0,3,15.0,0,2,3,13.0,0,2.8,4.8,HOU,Rex Burkhead,2.8
00-0030288,R.Burkhead,Rex Burkhead,RB,HOU,LV,7,2022,0,0,0.0,0,2,8.0,0,5,6,11.0,0,1.9,6.9,HOU,Rex Burkhead,1.9
00-0030288,R.Burkhead,Rex Burkhead,RB,HOU,TEN,8,2022,0,1,0.0,0,0,0.0,0,1,1,2.0,0,0.2,1.2,HOU,Rex Burkhead,0.2
00-0030288,R.Burkhead,Rex Burkhead,RB,HOU,PHI,9,2022,0,0,0.0,0,1,9.0,0,1,2,6.0,0,1.5,2.5,HOU,Rex Burkhead,1.5
00-0030288,R.Burkhead,Rex Burkhead,RB,HOU,NYG,10,2022,0,0,0.0,0,1,2.0,0,2,2,28.0,0,3.0,5.0,HOU,Rex Burkhead,3.0
00-0030288,R.Burkhead,Rex Burkhead,RB,HOU,MIA,12,2022,0,0,0.0,0,0,0.0,0,1,2,5.0,0,0.5,1.5,HOU,Rex Burkhead,0.5
00-0030288,R.Burkhead,Rex Burkhead,RB,HOU,DAL,14,2022,0,0,0.0,0,2,-3.0,0,1,1,5.0,0,0.2,1.2,HOU,Rex Burkhead,0.2
00-0030288,R.Burkhead,Rex Burkhead,RB,HOU,KC,15,2022,0,0,0.0,0,0,0.0,0,2,4,17.0,0,1.7,3.7,HOU,Rex Burkhead,1.7
00-0030288,R.Burkhead,Rex Burkhead,RB,HOU,TEN,16,2022,0,0,0.0,0,0,0.0,0,2,2,7.0,0,0.7,2.7,HOU,Rex Burkhead,0.7
00-0030288,R.Burkhead,Rex Burkhead,RB,HOU,JAX,17,2022,0,0,0.0,0,0,0.0,0,3,5,10.0,0,1.0,4.0,HOU,Rex Burkhead,1.0
00-0030288,R.Burkhead,Rex Burkhead,RB,HOU,IND,18,2022,0,0,0.0,0,0,0.0,0,1,2,1.0,0,0.1,1.1,HOU,Rex Burkhead,0.1
00-0030431,R.Woods,Robert Woods,WR,TEN,NYG,1,2022,0,0,0.0,0,0,0.0,0,1,2,13.0,0,1.3,2.3,TEN,Robert Woods,1.3
00-0030431,R.Woods,Robert Woods,WR,TEN,BUF,2,2022,0,0,0.0,0,0,0.0,0,4,5,39.0,0,3.9,7.9,TEN,Robert Woods,3.9
00-0030431,R.Woods,Robert Woods,WR,TEN,LV,3,2022,0,0,0.0,0,0,0.0,0,4,9,85.0,0,8.5,12.5,TEN,Robert Woods,8.5
00-0030431,R.Woods,Robert Woods,WR,TEN,IND,4,2022,0,0,0.0,0,0,0.0,0,4,4,30.0,1,9.0,13.0,TEN,Robert Woods,9.0
00-0030431,R.Woods,Robert Woods,WR,TEN,WAS,5,2022,0,0,0.0,0,0,0.0,0,4,8,37.0,0,3.7,7.7,TEN,Robert Woods,3.7
00-0030431,R.Woods,Robert Woods,WR,TEN,IND,7,2022,0,0,0.0,0,0,0.0,0,3,4,26.0,0,2.6,5.6,TEN,Robert Woods,2.6
00-0030431,R.Woods,Robert Woods,WR,TEN,HOU,8,2022,0,0,0.0,0,0,0.0,0,2,2,26.0,0,2.6,4.6,TEN,Robert Woods,2.6
00-0030431,R.Woods,Robert Woods,WR,TEN,KC,9,2022,0,0,0.0,0,0,0.0,0,0,2,0.0,0,0.0,0.0,TEN,Robert Woods,0.0
00-0030431,R.Woods,Robert Woods,WR,TEN,DEN,10,2022,0,0,0.0,0,0,0.0,0,2,7,10.0,0,1.0,3.0,TEN,Robert Woods,1.0
00-0030431,R.Woods,Robert Woods,WR,TEN,GB,11,2022,0,0,0.0,0,0,0.0,0,6,7,69.0,0,6.9,12.9,TEN,Robert Woods,6.9
00-0030431,R.Woods,Robert Woods,WR,TEN,CIN,12,2022,0,0,0.0,0,0,0.0,0,2,6,16.0,0,1.6,3.6,TEN,Robert Woods,1.6
00-0030431,R.Woods,Robert Woods,WR,TEN,PHI,13,2022,0,0,0.0,0,0,0.0,0,1,5,6.0,0,0.6,1.6,TEN,Robert Woods,0.6
00-0030431,R.Woods,Robert Woods,WR,TEN,JAX,14,2022,0,0,0.0,0,0,0.0,0,5,7,49.0,0,4.9,9.9,TEN,Robert Woods,4.9
00-0030431,R.Woods,Robert Woods,WR,TEN,LAC,15,2022,0,0,0.0,0,0,0.0,0,2,4,12.0,0,1.2,3.2,TEN,Robert Woods,1.2
00-0030431,R.Woods,Robert Woods,WR,TEN,HOU,16,2022,0,0,0.0,0,0,0.0,0,4,5,30.0,0,3.0,7.0,TEN,Robert Woods,3.0
00-0030431,R.Woods,Robert Woods,WR,TEN,DAL,17,2022,0,0,0.0,0,0,0.0,0,5,9,39.0,1,9.9,14.9,TEN,Robert Woods,9.9
00-0030431,R.Woods,Robert Woods,WR,TEN,JAX,18,2022,0,0,0.0,0,0,0.0,0,4,5,40.0,0,4.0,8.0,TEN,Robert Woods,4.0
00-0030456,G.Bernard,Giovani Bernard,RB,TB,CIN,15,2022,0,0,0.0,0,1,0.0,0,0,0,0.0,0,0.0,0.0,TB,Giovani Bernard,0.0
00-0030456,G.Bernard,Giovani Bernard,RB,TB,ATL,18,2022,0,0,0.0,0,7,28.0,0,2,2,-1.0,0,2.7,4.7,TB,Giovani Bernard,2.7
00-0030506,T.Kelce,Travis Kelce,TE,KC,ARI,1,2022,0,0,0.0,0,0,0.0,0,8,9,121.0,1,18.1,26.1,KC,Travis Kelce,18.1
00-0030506,T.Kelce,Travis Kelce,TE,KC,LAC,2,2022,0,0,0.0,0,0,0.0,0,5,7,51.0,0,5.1,10.1,KC,Travis Kelce,5.1
00-0030506,T.Kelce,Travis Kelce,TE,KC,IND,3,2022,0,0,0.0,0,1,1.0,0,4,8,58.0,1,13.9,17.9,KC,Travis Kelce,13.9
00-0030506,T.Kelce,Travis Kelce,TE,KC,TB,4,2022,0,0,0.0,0,0,0.0,0,9,10,92.0,1,15.2,24.2,KC,Travis Kelce,15.2
00-0030506,T.Kelce,Travis Kelce,TE,KC,LV,5,2022,0,0,0.0,0,0,0.0,0,7,8,25.0,4,26.5,33.5,KC,Travis Kelce,26.5
00-0030506,T.Kelce,Travis Kelce,TE,KC,BUF,6,2022,0,0,0.0,0,1,4.0,0,8,10,108.0,0,11.2,19.2,KC,Travis Kelce,11.2
00-0030506,T.Kelce,Travis Kelce,TE,KC,SF,7,2022,0,0,0.0,0,0,0.0,0,6,8,98.0,0,9.8,15.8,KC,Travis Kelce,9.8
00-0030506,T.Kelce,Travis Kelce,TE,KC,TEN,9,2022,0,0,0.0,0,0,0.0,0,10,17,106.0,0,10.6,20.6,KC,Travis Kelce,10.6
00-0030506,T.Kelce,Travis Kelce,TE,KC,JAX,10,2022,0,0,0.0,0,0,0.0,0,6,7,81.0,1,14.1,20.1,KC,Travis Kelce,14.1
00-0030506,T.Kelce,Travis Kelce,TE,KC,LAC,11,2022,0,0,0.0,0,0,0.0,0,6,10,115.0,3,29.5,35.5,KC,Travis Kelce,29.5
00-0030506,T.Kelce,Travis Kelce,TE,KC,LA,12,2022,0,0,0.0,0,0,0.0,0,4,8,57.0,1,11.7,15.7,KC,Travis Kelce,11.7
00-0030506,T.Kelce,Travis Kelce,TE,KC,CIN,13,2022,0,0,0.0,0,0,0.0,0,4,6,56.0,0,3.6,7.6,KC,Travis Kelce,3.6
00-0030506,T.Kelce,Travis Kelce,TE,KC,DEN,14,2022,0,0,0.0,0,0,0.0,0,4,9,71.0,0,7.1,11.1,KC,Travis Kelce,7.1
00-0030506,T.Kelce,Travis Kelce,TE,KC,HOU,15,2022,0,0,0.0,0,0,0.0,0,10,10,105.0,0,10.5,20.5,KC,Travis Kelce,10.5
00-0030506,T.Kelce,Travis Kelce,TE,KC,SEA,16,2022,0,0,0.0,0,0,0.0,0,6,8,113.0,0,11.3,17.3,KC,Travis Kelce,11.3
00-0030506,T.Kelce,Travis Kelce,TE,KC,DEN,17,2022,0,0,0.0,0,0,0.0,0,7,10,43.0,0,4.3,11.3,KC,Travis Kelce,4.3
00-0030506,T.Kelce,Travis Kelce,TE,KC,LV,18,2022,0,0,0.0,0,0,0.0,0,6,7,38.0,0,3.8,9.8,KC,Travis Kelce,3.8
00-0030506,T.Kelce,Travis Kelce,TE,KC,JAX,20,2022,0,0,0.0,0,0,0.0,0,14,17,98.0,2,21.8,35.8,KC,Travis Kelce,21.8
00-0030506,T.Kelce,Travis Kelce,TE,KC,CIN,21,2022,0,0,0.0,0,0,0.0,0,7,8,78.0,1,13.8,20.8,KC,Travis Kelce,13.8
00-0030506,T.Kelce,Travis Kelce,TE,KC,PHI,22,2022,0,0,0.0,0,0,0.0,0,6,6,81.0,1,14.1,20.1,KC,Travis Kelce,14.1
00-0030513,L.Murray,Latavius Murray,RB,NO,MIN,4,2022,0,0,0.0,0,11,57.0,1,1,1,8.0,0,12.5,13.5,NO,Latavius Murray,12.5
00-0030513,L.Murray,Latavius Murray,RB,DEN,LAC,6,2022,0,0,0.0,0,15,66.0,0,1,1,-2.0,0,6.4,7.4,DEN,Latavius Murray,6.4
00-0030513,L.Murray,Latavius Murray,RB,DEN,NYJ,7,2022,0,0,0.0,0,8,24.0,1,2,3,-1.0,0,8.3,10.3,DEN,Latavius Murray,8.3
00-0030513,L.Murray,Latavius Murray,RB,DEN,JAX,8,2022,0,0,0.0,0,14,46.0,1,1,2,13.0,0,11.9,12.9,DEN,Latavius Murray,11.9
00-0030513,L.Murray,Latavius Murray,RB,DEN,TEN,10,2022,0,0,0.0,0,9,24.0,0,3,3,23.0,0,4.7,7.7,DEN,Latavius Murray,4.7
00-0030513,L.Murray,Latavius Murray,RB,DEN,LV,11,2022,0,0,0.0,0,17,49.0,1,4,4,23.0,0,13.2,17.2,DEN,Latavius Murray,13.2
00-0030513,L.Murray,Latavius Murray,RB,DEN,CAR,12,2022,0,0,0.0,0,13,92.0,0,1,1,6.0,0,9.8,10.8,DEN,Latavius Murray,9.8
00-0030513,L.Murray,Latavius Murray,RB,DEN,BAL,13,2022,0,0,0.0,0,17,47.0,0,4,4,14.0,0,6.1,10.1,DEN,Latavius Murray,6.1
00-0030513,L.Murray,Latavius Murray,RB,DEN,KC,14,2022,0,0,0.0,0,8,32.0,0,3,5,-1.0,0,3.1,6.1,DEN,Latavius Murray,3.1
00-0030513,L.Murray,Latavius Murray,RB,DEN,ARI,15,2022,0,0,0.0,0,24,130.0,1,1,1,12.0,0,20.2,21.2,DEN,Latavius Murray,20.2
00-0030513,L.Murray,Latavius Murray,RB,DEN,LA,16,2022,0,0,0.0,0,8,34.0,0,1,3,6.0,0,6.0,7.0,DEN,Latavius Murray,6.0
00-0030513,L.Murray,Latavius Murray,RB,DEN,KC,17,2022,0,0,0.0,0,12,56.0,0,4,6,16.0,0,7.2,11.2,DEN,Latavius Murray,7.2
00-0030513,L.Murray,Latavius Murray,RB,DEN,LAC,18,2022,0,0,0.0,0,15,103.0,1,1,1,15.0,0,17.8,18.8,DEN,Latavius Murray,17.8
00-0030564,D.Hopkins,DeAndre Hopkins,WR,ARI,NO,7,2022,0,0,0.0,0,0,0.0,0,10,14,103.0,0,10.3,20.3,ARI,DeAndre Hopkins,10.3
00-0030564,D.Hopkins,DeAndre Hopkins,WR,ARI,MIN,8,2022,0,0,0.0,0,0,0.0,0,12,13,159.0,1,21.9,33.9,ARI,DeAndre Hopkins,21.9
00-0030564,D.Hopkins,DeAndre Hopkins,WR,ARI,SEA,9,2022,0,0,0.0,0,0,0.0,0,4,5,36.0,1,9.6,13.6,ARI,DeAndre Hopkins,9.6
00-0030564,D.Hopkins,DeAndre Hopkins,WR,ARI,LA,10,2022,0,0,0.0,0,0,0.0,0,10,14,98.0,0,9.8,19.8,ARI,DeAndre Hopkins,9.8
00-0030564,D.Hopkins,DeAndre Hopkins,WR,ARI,SF,11,2022,0,0,0.0,0,0,0.0,0,9,12,91.0,0,9.1,18.1,ARI,DeAndre Hopkins,9.1
00-0030564,D.Hopkins,DeAndre Hopkins,WR,ARI,LAC,12,2022,0,0,0.0,0,0,0.0,0,4,6,87.0,1,14.7,18.7,ARI,DeAndre Hopkins,14.7
00-0030564,D.Hopkins,DeAndre Hopkins,WR,ARI,NE,14,2022,0,0,0.0,0,0,0.0,0,7,11,79.0,0,5.9,12.9,ARI,DeAndre Hopkins,5.9
00-0030564,D.Hopkins,DeAndre Hopkins,WR,ARI,DEN,15,2022,0,0,0.0,0,0,0.0,0,7,11,60.0,0,6.0,13.0,ARI,DeAndre Hopkins,6.0
00-0030564,D.Hopkins,DeAndre Hopkins,WR,ARI,TB,16,2022,0,0,0.0,0,0,0.0,0,1,10,4.0,0,0.4,1.4,ARI,DeAndre Hopkins,0.4
00-0030565,G.Smith,Geno Smith,QB,SEA,DEN,1,2022,23,28,195.0,2,6,14.0,0,0,0,0.0,0,17.2,17.2,SEA,Geno Smith,17.2
00-0030565,G.Smith,Geno Smith,QB,SEA,SF,2,2022,24,30,197.0,0,2,2.0,0,0,0,0.0,0,6.08,6.08,SEA,Geno Smith,6.08
00-0030565,G.Smith,Geno Smith,QB,SEA,ATL,3,2022,32,44,325.0,2,2,-1.0,0,0,0,0.0,0,18.9,18.9,SEA,Geno Smith,18.9
00-0030565,G.Smith,Geno Smith,QB,SEA,DET,4,2022,23,30,320.0,2,7,49.0,1,0,0,0.0,0,31.7,31.7,SEA,Geno Smith,31.7
00-0030565,G.Smith,Geno Smith,QB,SEA,NO,5,2022,16,25,268.0,3,3,13.0,0,0,0,0.0,0,24.02,24.02,SEA,Geno Smith,24.02
00-0030565,G.Smith,Geno Smith,QB,SEA,ARI,6,2022,20,31,197.0,0,6,48.0,0,0,0,0.0,0,12.68,12.68,SEA,Geno Smith,12.68
00-0030565,G.Smith,Geno Smith,QB,SEA,LAC,7,2022,20,27,210.0,2,4,7.0,0,0,0,0.0,0,13.1,13.1,SEA,Geno Smith,13.1
00-0030565,G.Smith,Geno Smith,QB,SEA,NYG,8,2022,23,34,212.0,2,5,26.0,0,0,0,0.0,0,19.08,19.08,SEA,Geno Smith,19.08
00-0030565,G.Smith,Geno Smith,QB,SEA,ARI,9,2022,26,34,275.0,2,6,38.0,0,0,0,0.0,0,20.8,20.8,SEA,Geno Smith,20.8
00-0030565,G.Smith,Geno Smith,QB,SEA,TB,10,2022,23,33,275.0,2,4,22.0,0,0,0,0.0,0,19.2,19.2,SEA,Geno Smith,19.2
00-0030565,G.Smith,Geno Smith,QB,SEA,LV,12,2022,27,37,328.0,2,5,22.0,0,0,0,0.0,0,19.32,19.32,SEA,Geno Smith,19.32
00-0030565,G.Smith,Geno Smith,QB,SEA,LA,13,2022,28,39,367.0,3,2,3.0,0,0,0,0.0,0,22.98,22.98,SEA,Geno Smith,22.98
00-0030565,G.Smith,Geno Smith,QB,SEA,CAR,14,2022,21,36,264.0,3,3,20.0,0,0,0,0.0,0,20.56,20.56,SEA,Geno Smith,20.56
00-0030565,G.Smith,Geno Smith,QB,SEA,SF,15,2022,31,44,238.0,1,1,18.0,0,0,0,0.0,0,15.32,15.32,SEA,Geno Smith,15.32
00-0030565,G.Smith,Geno Smith,QB,SEA,KC,16,2022,25,40,215.0,1,3,16.0,0,0,0,0.0,0,12.2,12.2,SEA,Geno Smith,12.2
00-0030565,G.Smith,Geno Smith,QB,SEA,NYJ,17,2022,18,29,183.0,2,5,18.0,0,0,0,0.0,0,17.12,17.12,SEA,Geno Smith,17.12
00-0030565,G.Smith,Geno Smith,QB,SEA,LA,18,2022,19,31,213.0,1,4,51.0,0,0,0,0.0,0,13.62,13.62,SEA,Geno Smith,13.62
00-0030565,G.Smith,Geno Smith,QB,SEA,SF,19,2022,25,35,253.0,2,4,28.0,0,0,0,0.0,0,16.92,16.92,SEA,Geno Smith,16.92
00-0030578,C.Patterson,Cordarrelle Patterson,RB,ATL,NO,1,2022,0,0,0.0,0,22,120.0,1,3,5,16.0,0,19.6,22.6,ATL,Cordarrelle Patterson,19.6
00-0030578,C.Patterson,Cordarrelle Patterson,RB,ATL,LA,2,2022,0,0,0.0,0,10,41.0,0,0,1,0.0,0,4.1,4.1,ATL,Cordarrelle Patterson,4.1
00-0030578,C.Patterson,Cordarrelle Patterson,RB,ATL,SEA,3,2022,0,0,0.0,0,17,141.0,1,1,1,12.0,0,21.3,22.3,ATL,Cordarrelle Patterson,21.3
00-0030578,C.Patterson,Cordarrelle Patterson,RB,ATL,CLE,4,2022,0,0,0.0,0,9,38.0,1,0,0,0.0,0,9.8,9.8,ATL,Cordarrelle Patterson,9.8
00-0030578,C.Patterson,Cordarrelle Patterson,RB,ATL,LAC,9,2022,0,0,0.0,0,13,44.0,2,1,1,9.0,0,17.3,18.3,ATL,Cordarrelle Patterson,17.3
00-0030578,C.Patterson,Cordarrelle Patterson,RB,ATL,CAR,10,2022,0,0,0.0,0,5,18.0,0,1,1,2.0,0,2.0,3.0,ATL,Cordarrelle Patterson,2.0
00-0030578,C.Patterson,Cordarrelle Patterson,RB,ATL,CHI,11,2022,0,0,0.0,0,10,52.0,0,2,2,7.0,0,9.9,11.9,ATL,Cordarrelle Patterson,9.9
00-0030578,C.Patterson,Cordarrelle Patterson,RB,ATL,WAS,12,2022,0,0,0.0,0,11,52.0,0,3,5,19.0,0,7.1,10.1,ATL,Cordarrelle Patterson,7.1
00-0030578,C.Patterson,Cordarrelle Patterson,RB,ATL,PIT,13,2022,0,0,0.0,0,11,60.0,0,0,0,0.0,0,6.0,6.0,ATL,Cordarrelle Patterson,6.0
00-0030578,C.Patterson,Cordarrelle Patterson,RB,ATL,NO,15,2022,0,0,0.0,0,14,52.0,1,1,3,0.0,0,11.2,12.2,ATL,Cordarrelle Patterson,11.2
00-0030578,C.Patterson,Cordarrelle Patterson,RB,ATL,BAL,16,2022,0,0,0.0,0,8,17.0,0,1,1,14.0,0,3.1,4.1,ATL,Cordarrelle Patterson,3.1
00-0030578,C.Patterson,Cordarrelle Patterson,RB,ATL,ARI,17,2022,0,0,0.0,0,9,42.0,1,6,8,42.0,0,14.4,20.4,ATL,Cordarrelle Patterson,14.4
00-0030578,C.Patterson,Cordarrelle Patterson,RB,ATL,TB,18,2022,0,0,0.0,0,5,18.0,1,2,3,1.0,0,7.9,9.9,ATL,Cordarrelle Patterson,7.9
00-0030874,D.Williams,Damien Williams,RB,ATL,NO,1,2022,0,0,0.0,0,2,2.0,0,0,0,0.0,0,0.2,0.2,ATL,Damien Williams,0.2
00-0030968,K.Smith,Keith Smith,FB,ATL,CLE,4,2022,0,0,0.0,0,0,0.0,0,0,1,0.0,0,0.0,0.0,ATL,Keith Smith,0.0
00-0030968,K.Smith,Keith Smith,FB,ATL,SF,6,2022,0,0,0.0,0,1,2.0,0,1,1,8.0,0,1.0,2.0,ATL,Keith Smith,1.0
00-0031051,J.Brown,John Brown,WR,BUF,NYJ,14,2022,0,0,0.0,0,0,0.0,0,0,1,0.0,0,0.0,0.0,BUF,John Brown,0.0
00-0031051,J.Brown,John Brown,WR,BUF,NE,18,2022,0,0,0.0,0,0,0.0,0,1,1,42.0,1,10.2,11.2,BUF,John Brown,10.2
00-0031051,J.Brown,John Brown,WR,BUF,MIA,19,2022,0,0,0.0,0,0,0.0,0,0,1,0.0,0,0.0,0.0,BUF,John Brown,0.0
00-0031236,B.Cooks,Brandin Cooks,WR,HOU,IND,1,2022,0,0,0.0,0,0,0.0,0,7,12,82.0,0,8.2,15.2,HOU,Brandin Cooks,8.2
00-0031236,B.Cooks,Brandin Cooks,WR,HOU,DEN,2,2022,0,0,0.0,0,0,0.0,0,4,10,54.0,0,5.4,9.4,HOU,Brandin Cooks,5.4
00-0031236,B.Cooks,Brandin Cooks,WR,HOU,CHI,3,2022,0,0,0.0,0,0,0.0,0,2,7,22.0,0,2.2,4.2,HOU,Brandin Cooks,2.2
00-0031236,B.Cooks,Brandin Cooks,WR,HOU,LAC,4,2022,0,0,0.0,0,0,0.0,0,7,7,57.0,1,11.7,18.7,HOU,Brandin Cooks,11.7
00-0031236,B.Cooks,Brandin Cooks,WR,HOU,JAX,5,2022,0,0,0.0,0,0,0.0,0,4,6,20.0,0,2.0,6.0,HOU,Brandin Cooks,2.0
00-0031236,B.Cooks,Brandin Cooks,WR,HOU,LV,7,2022,0,0,0.0,0,0,0.0,0,4,5,46.0,0,4.6,8.6,HOU,Brandin Cooks,4.6
00-0031236,B.Cooks,Brandin Cooks,WR,HOU,TEN,8,2022,0,0,0.0,0,0,0.0,0,4,6,73.0,0,7.3,11.3,HOU,Brandin Cooks,7.3
00-0031236,B.Cooks,Brandin Cooks,WR,HOU,NYG,10,2022,0,0,0.0,0,1,5.0,0,4,7,37.0,0,4.2,8.2,HOU,Brandin Cooks,4.2
00-0031236,B.Cooks,Brandin Cooks,WR,HOU,WAS,11,2022,0,0,0.0,0,0,0.0,0,3,6,70.0,0,7.0,10.0,HOU,Brandin Cooks,7.0
00-0031236,B.Cooks,Brandin Cooks,WR,HOU,MIA,12,2022,0,0,0.0,0,1,2.0,0,5,5,59.0,0,6.1,11.1,HOU,Brandin Cooks,6.1
00-0031236,B.Cooks,Brandin Cooks,WR,HOU,TEN,16,2022,0,0,0.0,0,0,0.0,0,4,9,34.0,1,9.4,13.4,HOU,Brandin Cooks,9.4
00-0031236,B.Cooks,Brandin Cooks,WR,HOU,JAX,17,2022,0,0,0.0,0,0,0.0,0,4,7,39.0,0,3.9,7.9,HOU,Brandin Cooks,3.9
00-0031236,B.Cooks,Brandin Cooks,WR,HOU,IND,18,2022,0,0,0.0,0,0,0.0,0,5,6,106.0,1,16.6,21.6,HOU,Brandin Cooks,16.6
00-0031237,T.Bridgewater,Teddy Bridgewater,QB,MIA,BUF,3,2022,0,2,0.0,0,0,0.0,0,0,0,0.0,0,0.0,0.0,MIA,Teddy Bridgewater,0.0
00-0031237,T.Bridgewater,Teddy Bridgewater,QB,MIA,CIN,4,2022,14,23,193.0,1,1,11.0,0,0,0,0.0,0,10.82,10.82,MIA,Teddy Bridgewater,10.82
00-0031237,T.Bridgewater,Teddy Bridgewater,QB,MIA,NYJ,5,2022,0,1,0.0,0,0,0.0,0,0,0,0.0,0,0.0,0.0,MIA,Teddy Bridgewater,0.0
00-0031237,T.Bridgewater,Teddy Bridgewater,QB,MIA,MIN,6,2022,23,34,329.0,2,1,10.0,0,0,0,0.0,0,18.16,18.16,MIA,Teddy Bridgewater,18.16
00-0031237,T.Bridgewater,Teddy Bridgewater,QB,MIA,NE,17,2022,12,19,161.0,1,1,6.0,0,0,0,0.0,0,9.04,9.04,MIA,Teddy Bridgewater,9.04
00-0031260,L.Thomas,Logan Thomas,TE,WAS,JAX,1,2022,0,0,0.0,0,0,0.0,0,3,6,45.0,0,4.5,7.5,WAS,Logan Thomas,4.5
00-0031260,L.Thomas,Logan Thomas,TE,WAS,DET,2,2022,0,0,0.0,0,0,0.0,0,3,5,37.0,1,9.7,12.7,WAS,Logan Thomas,9.7
00-0031260,L.Thomas,Logan Thomas,TE,WAS,PHI,3,2022,0,0,0.0,0,0,0.0,0,2,3,5.0,0,0.5,2.5,WAS,Logan Thomas,0.5
00-0031260,L.Thomas,Logan Thomas,TE,WAS,DAL,4,2022,0,0,0.0,0,0,0.0,0,5,6,19.0,0,1.9,6.9,WAS,Logan Thomas,1.9
00-0031260,L.Thomas,Logan Thomas,TE,WAS,MIN,9,2022,0,0,0.0,0,0,0.0,0,0,3,0.0,0,0.0,0.0,WAS,Logan Thomas,0.0
00-0031260,L.Thomas,Logan Thomas,TE,WAS,PHI,10,2022,0,0,0.0,0,0,0.0,0,2,4,12.0,0,1.2,3.2,WAS,Logan Thomas,1.2
00-0031260,L.Thomas,Logan Thomas,TE,WAS,HOU,11,2022,0,0,0.0,0,0,0.0,0,5,6,65.0,0,6.5,11.5,WAS,Logan Thomas,6.5
00-0031260,L.Thomas,Logan Thomas,TE,WAS,ATL,12,2022,0,0,0.0,0,0,0.0,0,1,3,7.0,0,0.7,1.7,WAS,Logan Thomas,0.7
00-0031260,L.Thomas,Logan Thomas,TE,WAS,NYG,13,2022,0,0,0.0,0,0,0.0,0,3,4,20.0,0,2.0,5.0,WAS,Logan Thomas,2.0
00-0031260,L.Thomas,Logan Thomas,TE,WAS,NYG,15,2022,0,0,0.0,0,0,0.0,0,1,3,6.0,0,0.6,1.6,WAS,Logan Thomas,0.6
00-0031260,L.Thomas,Logan Thomas,TE,WAS,SF,16,2022,0,0,0.0,0,0,0.0,0,6,8,35.0,0,3.5,9.5,WAS,Logan Thomas,3.5
00-0031260,L.Thomas,Logan Thomas,TE,WAS,CLE,17,2022,0,0,0.0,0,0,0.0,0,6,7,56.0,0,5.6,11.6,WAS,Logan Thomas,5.6
00-0031260,L.Thomas,Logan Thomas,TE,WAS,DAL,18,2022,0,0,0.0,0,0,0.0,0,2,3,16.0,0,1.6,3.6,WAS,Logan Thomas,1.6
00-0031273,C.Brate,Cameron Brate,TE,TB,DAL,1,2022,0,0,0.0,0,0,0.0,0,1,3,7.0,0,0.7,1.7,TB,Cameron Brate,0.7
00-0031273,C.Brate,Cameron Brate,TE,TB,NO,2,2022,0,0,0.0,0,0,0.0,0,1,2,9.0,0,0.9,1.9,TB,Cameron Brate,0.9
00-0031273,C.Brate,Cameron Brate,TE,TB,GB,3,2022,0,0,0.0,0,0,0.0,0,5,6,52.0,0,5.2,10.2,TB,Cameron Brate,5.2
00-0031273,C.Brate,Cameron Brate,TE,TB,KC,4,2022,0,0,0.0,0,0,0.0,0,4,8,32.0,0,3.2,7.2,TB,Cameron Brate,3.2
00-0031273,C.Brate,Cameron Brate,TE,TB,PIT,6,2022,0,0,0.0,0,0,0.0,0,2,3,14.0,0,1.4,3.4,TB,Cameron Brate,1.4
00-0031273,C.Brate,Cameron Brate,TE,TB,SEA,10,2022,0,0,0.0,0,0,0.0,0,1,2,8.0,0,0.8,1.8,TB,Cameron Brate,0.8
00-0031273,C.Brate,Cameron Brate,TE,TB,CLE,12,2022,0,0,0.0,0,0,0.0,0,2,5,15.0,0,1.5,3.5,TB,Cameron Brate,1.5
00-0031273,C.Brate,Cameron Brate,TE,TB,SF,14,2022,0,0,0.0,0,0,0.0,0,2,4,12.0,0,1.2,3.2,TB,Cameron Brate,1.2
00-0031273,C.Brate,Cameron Brate,TE,TB,CIN,15,2022,0,0,0.0,0,0,0.0,0,2,5,25.0,0,2.5,4.5,TB,Cameron Brate,2.5
00-0031273,C.Brate,Cameron Brate,TE,TB,DAL,19,2022,0,0,0.0,0,0,0.0,0,1,3,8.0,1,6.8,7.8,TB,Cameron Brate,6.8
00-0031280,D.Carr,Derek Carr,QB,LV,LAC,1,2022,22,37,295.0,2,0,0.0,0,0,0,0.0,0,13.8,13.8,LV,Derek Carr,13.8
00-0031280,D.Carr,Derek Carr,QB,LV,ARI,2,2022,25,39,252.0,2,1,9.0,0,0,0,0.0,0,18.98,18.98,LV,Derek Carr,18.98
00-0031280,D.Carr,Derek Carr,QB,LV,TEN,3,2022,26,44,303.0,2,2,17.0,0,0,0,0.0,0,19.82,19.82,LV,Derek Carr,19.82
00-0031280,D.Carr,Derek Carr,QB,LV,DEN,4,2022,21,34,188.0,0,7,40.0,0,0,0,0.0,0,11.52,11.52,LV,Derek Carr,11.52
00-0031280,D.Carr,Derek Carr,QB,LV,KC,5,2022,19,30,241.0,2,1,3.0,0,0,0,0.0,0,17.94,17.94,LV,Derek Carr,17.94
00-0031280,D.Carr,Derek Carr,QB,LV,HOU,7,2022,21,27,241.0,1,3,-1.0,0,0,0,0.0,0,13.54,13.54,LV,Derek Carr,13.54
00-0031280,D.Carr,Derek Carr,QB,LV,NO,8,2022,15,26,101.0,0,1,-1.0,0,0,0,0.0,0,1.94,1.94,LV,Derek Carr,1.94
00-0031280,D.Carr,Derek Carr,QB,LV,JAX,9,2022,21,36,259.0,2,0,0.0,0,0,0,0.0,0,18.36,18.36,LV,Derek Carr,18.36
00-0031280,D.Carr,Derek Carr,QB,LV,IND,10,2022,24,38,248.0,2,0,0.0,0,0,0,0.0,0,17.92,17.92,LV,Derek Carr,17.92
00-0031280,D.Carr,Derek Carr,QB,LV,DEN,11,2022,23,37,307.0,2,0,0.0,0,0,0,0.0,0,20.28,20.28,LV,Derek Carr,20.28
00-0031280,D.Carr,Derek Carr,QB,LV,SEA,12,2022,25,36,295.0,3,2,10.0,0,0,0,0.0,0,20.8,20.8,LV,Derek Carr,20.8
00-0031280,D.Carr,Derek Carr,QB,LV,LAC,13,2022,16,30,250.0,2,0,0.0,0,0,0,0.0,0,16.0,16.0,LV,Derek Carr,16.0
00-0031280,D.Carr,Derek Carr,QB,LV,LA,14,2022,11,20,137.0,0,4,11.0,0,0,0,0.0,0,2.58,2.58,LV,Derek Carr,2.58
00-0031280,D.Carr,Derek Carr,QB,LV,NE,15,2022,20,38,231.0,3,0,0.0,0,0,0,0.0,0,19.24,19.24,LV,Derek Carr,19.24
00-0031280,D.Carr,Derek Carr,QB,LV,PIT,16,2022,16,30,174.0,1,3,14.0,0,0,0,0.0,0,6.36,6.36,LV,Derek Carr,6.36
00-0031325,S.Watkins,Sammy Watkins,WR,GB,MIN,1,2022,0,0,0.0,0,0,0.0,0,3,3,18.0,0,1.8,4.8,GB,Sammy Watkins,1.8
00-0031325,S.Watkins,Sammy Watkins,WR,GB,CHI,2,2022,0,0,0.0,0,0,0.0,0,3,4,93.0,0,9.3,12.3,GB,Sammy Watkins,9.3
00-0031325,S.Watkins,Sammy Watkins,WR,GB,WAS,7,2022,0,0,0.0,0,0,0.0,0,2,4,36.0,0,3.6,5.6,GB,Sammy Watkins,3.6
00-0031325,S.Watkins,Sammy Watkins,WR,GB,BUF,8,2022,0,0,0.0,0,0,0.0,0,1,1,3.0,0,0.3,1.3,GB,Sammy Watkins,0.3
00-0031325,S.Watkins,Sammy Watkins,WR,GB,DET,9,2022,0,0,0.0,0,0,0.0,0,1,5,9.0,0,0.9,1.9,GB,Sammy Watkins,0.9
00-0031325,S.Watkins,Sammy Watkins,WR,GB,DAL,10,2022,0,0,0.0,0,0,0.0,0,3,3,47.0,0,4.7,7.7,GB,Sammy Watkins,4.7
00-0031325,S.Watkins,Sammy Watkins,WR,GB,TEN,11,2022,0,0,0.0,0,0,0.0,0,0,2,0.0,0,0.0,0.0,GB,Sammy Watkins,0.0
00-0031325,S.Watkins,Sammy Watkins,WR,BAL,ATL,16,2022,0,0,0.0,0,0,0.0,0,1,1,40.0,0,4.0,5.0,BAL,Sammy Watkins,4.0
00-0031325,S.Watkins,Sammy Watkins,WR,BAL,CIN,18,2022,0,0,0.0,0,0,0.0,0,2,4,79.0,0,5.9,7.9,BAL,Sammy Watkins,5.9
00-0031325,S.Watkins,Sammy Watkins,WR,BAL,CIN,19,2022,0,0,0.0,0,0,0.0,0,1,3,12.0,0,1.2,2.2,BAL,Sammy Watkins,1.2
00-0031345,J.Garoppolo,Jimmy Garoppolo,QB,SF,SEA,2,2022,13,21,154.0,1,4,5.0,1,0,0,0.0,0,16.66,16.66,SF,Jimmy Garoppolo,16.66
00-0031345,J.Garoppolo,Jimmy Garoppolo,QB,SF,DEN,3,2022,18,29,211.0,1,1,0.0,0,0,0,0.0,0,8.44,8.44,SF,Jimmy Garoppolo,8.44
00-0031345,J.Garoppolo,Jimmy Garoppolo,QB,SF,LA,4,2022,16,27,239.0,1,1,3.0,0,0,0,0.0,0,13.86,13.86,SF,Jimmy Garoppolo,13.86
00-0031345,J.Garoppolo,Jimmy Garoppolo,QB,SF,CAR,5,2022,18,30,253.0,2,1,-1.0,0,0,0,0.0,0,18.02,18.02,SF,Jimmy Garoppolo,18.02
00-0031345,J.Garoppolo,Jimmy Garoppolo,QB,SF,ATL,6,2022,29,41,296.0,2,3,11.0,0,0,0,0.0,0,16.94,16.94,SF,Jimmy Garoppolo,16.94
00-0031345,J.Garoppolo,Jimmy Garoppolo,QB,SF,KC,7,2022,25,37,303.0,2,2,2.0,0,0,0,0.0,0,16.32,16.32,SF,Jimmy Garoppolo,16.32
00-0031345,J.Garoppolo,Jimmy Garoppolo,QB,SF,LA,8,2022,21,25,235.0,2,1,3.0,0,0,0,0.0,0,17.7,17.7,SF,Jimmy Garoppolo,17.7
00-0031345,J.Garoppolo,Jimmy Garoppolo,QB,SF,LAC,10,2022,19,28,240.0,0,5,3.0,1,0,0,0.0,0,15.9,15.9,SF,Jimmy Garoppolo,15.9
00-0031345,J.Garoppolo,Jimmy Garoppolo,QB,SF,ARI,11,2022,20,29,228.0,4,1,3.0,0,0,0,0.0,0,25.42,25.42,SF,Jimmy Garoppolo,25.42
00-0031345,J.Garoppolo,Jimmy Garoppolo,QB,SF,NO,12,2022,26,37,222.0,1,4,4.0,0,0,0,0.0,0,13.28,13.28,SF,Jimmy Garoppolo,13.28
00-0031345,J.Garoppolo,Jimmy Garoppolo,QB,SF,MIA,13,2022,2,4,56.0,0,0,0.0,0,0,0,0.0,0,2.24,2.24,SF,Jimmy Garoppolo,2.24
00-0031376,J.McKinnon,Jerick McKinnon,RB,KC,ARI,1,2022,0,0,0.0,0,4,22.0,0,3,4,27.0,0,4.9,7.9,KC,Jerick McKinnon,4.9
00-0031376,J.McKinnon,Jerick McKinnon,RB,KC,LAC,2,2022,0,0,0.0,0,4,12.0,0,2,2,4.0,1,7.6,9.6,KC,Jerick McKinnon,7.6
00-0031376,J.McKinnon,Jerick McKinnon,RB,KC,IND,3,2022,0,0,0.0,0,7,20.0,0,0,1,0.0,0,2.0,2.0,KC,Jerick McKinnon,2.0
00-0031376,J.McKinnon,Jerick McKinnon,RB,KC,TB,4,2022,0,0,0.0,0,2,-1.0,0,1,1,1.0,0,0.0,1.0,KC,Jerick McKinnon,0.0
00-0031376,J.McKinnon,Jerick McKinnon,RB,KC,LV,5,2022,0,0,0.0,0,8,53.0,0,2,3,19.0,0,7.2,9.2,KC,Jerick McKinnon,7.2
00-0031376,J.McKinnon,Jerick McKinnon,RB,KC,BUF,6,2022,0,0,0.0,0,2,1.0,0,3,3,29.0,0,3.0,6.0,KC,Jerick McKinnon,3.0
00-0031376,J.McKinnon,Jerick McKinnon,RB,KC,SF,7,2022,0,0,0.0,0,2,12.0,0,2,3,36.0,0,4.8,6.8,KC,Jerick McKinnon,4.8
00-0031376,J.McKinnon,Jerick McKinnon,RB,KC,TEN,9,2022,0,0,0.0,0,3,4.0,0,6,8,40.0,0,4.4,10.4,KC,Jerick McKinnon,4.4
00-0031376,J.McKinnon,Jerick McKinnon,RB,KC,JAX,10,2022,0,0,0.0,0,1,2.0,0,6,8,56.0,0,5.8,11.8,KC,Jerick McKinnon,5.8
00-0031376,J.McKinnon,Jerick McKinnon,RB,KC,LAC,11,2022,0,0,0.0,0,6,24.0,0,1,1,0.0,0,0.4,1.4,KC,Jerick McKinnon,0.4
00-0031376,J.McKinnon,Jerick McKinnon,RB,KC,LA,12,2022,0,0,0.0,0,0,0.0,0,3,6,26.0,0,2.6,5.6,KC,Jerick McKinnon,2.6
00-0031376,J.McKinnon,Jerick McKinnon,RB,KC,CIN,13,2022,0,0,0.0,0,8,51.0,0,2,2,9.0,1,12.0,14.0,KC,Jerick McKinnon,12.0
00-0031376,J.McKinnon,Jerick McKinnon,RB,KC,DEN,14,2022,0,0,0.0,0,6,22.0,0,7,9,112.0,2,25.4,32.4,KC,Jerick McKinnon,25.4
00-0031376,J.McKinnon,Jerick McKinnon,RB,KC,HOU,15,2022,0,0,0.0,0,10,52.0,1,8,8,70.0,1,26.2,34.2,KC,Jerick McKinnon,26.2
00-0031376,J.McKinnon,Jerick McKinnon,RB,KC,SEA,16,2022,0,0,0.0,0,5,7.0,0,3,3,31.0,1,9.8,12.8,KC,Jerick McKinnon,9.8
00-0031376,J.McKinnon,Jerick McKinnon,RB,KC,DEN,17,2022,0,0,0.0,0,2,4.0,0,5,6,52.0,2,17.6,22.6,KC,Jerick McKinnon,17.6
00-0031376,J.McKinnon,Jerick McKinnon,RB,KC,LV,18,2022,0,0,0.0,0,2,6.0,0,2,3,0.0,1,6.6,8.6,KC,Jerick McKinnon,6.6
00-0031376,J.McKinnon,Jerick McKinnon,RB,KC,JAX,20,2022,0,0,0.0,0,11,25.0,0,0,0,0.0,0,2.5,2.5,KC,Jerick McKinnon,2.5
00-0031376,J.McKinnon,Jerick McKinnon,RB,KC,CIN,21,2022,0,0,0.0,0,4,1.0,0,2,4,17.0,0,1.8,3.8,KC,Jerick McKinnon,1.8
00-0031376,J.McKinnon,Jerick McKinnon,RB,KC,PHI,22,2022,0,0,0.0,0,4,34.0,0,3,3,15.0,0,4.9,7.9,KC,Jerick McKinnon,4.9
00-0031381,D.Adams,Davante Adams,WR,LV,LAC,1,2022,0,0,0.0,0,0,0.0,0,10,17,141.0,1,20.1,30.1,LV,Davante Adams,20.1
00-0031381,D.Adams,Davante Adams,WR,LV,ARI,2,2022,0,0,0.0,0,0,0.0,0,2,7,12.0,1,7.2,9.2,LV,Davante Adams,7.2
00-0031381,D.Adams,Davante Adams,WR,LV,TEN,3,2022,0,0,0.0,0,1,-4.0,0,5,10,36.0,1,9.2,14.2,LV,Davante Adams,9.2
00-0031381,D.Adams,Davante Adams,WR,LV,DEN,4,2022,0,0,0.0,0,1,4.0,0,9,13,101.0,0,10.5,19.5,LV,Davante Adams,10.5
00-0031381,D.Adams,Davante Adams,WR,LV,KC,5,2022,0,0,0.0,0,0,0.0,0,3,7,124.0,2,24.4,27.4,LV,Davante Adams,24.4
00-0031381,D.Adams,Davante Adams,WR,LV,HOU,7,2022,0,0,0.0,0,0,0.0,0,8,9,95.0,0,9.5,17.5,LV,Davante Adams,9.5
00-0031381,D.Adams,Davante Adams,WR,LV,NO,8,2022,0,0,0.0,0,1,-1.0,0,1,5,3.0,0,0.2,1.2,LV,Davante Adams,0.2
00-0031381,D.Adams,Davante Adams,WR,LV,JAX,9,2022,0,0,0.0,0,0,0.0,0,10,17,146.0,2,26.6,36.6,LV,Davante Adams,26.6
00-0031381,D.Adams,Davante Adams,WR,LV,IND,10,2022,0,0,0.0,0,0,0.0,0,9,14,126.0,1,18.6,27.6,LV,Davante Adams,18.6
00-0031381,D.Adams,Davante Adams,WR,LV,DEN,11,2022,0,0,0.0,0,0,0.0,0,7,13,141.0,2,26.1,33.1,LV,Davante Adams,26.1
00-0031381,D.Adams,Davante Adams,WR,LV,SEA,12,2022,0,0,0.0,0,0,0.0,0,7,11,74.0,0,7.4,14.4,LV,Davante Adams,7.4
00-0031381,D.Adams,Davante Adams,WR,LV,LAC,13,2022,0,0,0.0,0,0,0.0,0,8,12,177.0,2,29.7,37.7,LV,Davante Adams,29.7
00-0031381,D.Adams,Davante Adams,WR,LV,LA,14,2022,0,0,0.0,0,0,0.0,0,3,7,71.0,0,7.1,10.1,LV,Davante Adams,7.1
00-0031381,D.Adams,Davante Adams,WR,LV,NE,15,2022,0,0,0.0,0,0,0.0,0,4,9,28.0,0,2.8,6.8,LV,Davante Adams,2.8
00-0031381,D.Adams,Davante Adams,WR,LV,PIT,16,2022,0,0,0.0,0,0,0.0,0,2,9,15.0,0,1.5,3.5,LV,Davante Adams,1.5
00-0031381,D.Adams,Davante Adams,WR,LV,SF,17,2022,0,0,0.0,0,0,0.0,0,7,11,153.0,2,27.3,34.3,LV,Davante Adams,27.3
00-0031381,D.Adams,Davante Adams,WR,LV,KC,18,2022,0,0,0.0,0,0,0.0,0,5,9,73.0,0,7.3,12.3,LV,Davante Adams,7.3
00-0031382,J.Landry,Jarvis Landry,WR,NO,ATL,1,2022,0,0,0.0,0,0,0.0,0,7,9,114.0,0,11.4,18.4,NO,Jarvis Landry,11.4
00-0031382,J.Landry,Jarvis Landry,WR,NO,TB,2,2022,0,0,0.0,0,0,0.0,0,4,5,25.0,0,2.5,6.5,NO,Jarvis Landry,2.5
00-0031382,J.Landry,Jarvis Landry,WR,NO,CAR,3,2022,0,0,0.0,0,0,0.0,0,2,5,22.0,0,2.2,4.2,NO,Jarvis Landry,2.2
00-0031382,J.Landry,Jarvis Landry,WR,NO,MIN,4,2022,0,0,0.0,0,0,0.0,0,2,2,7.0,0,2.7,4.7,NO,Jarvis Landry,2.7
00-0031382,J.Landry,Jarvis Landry,WR,NO,PIT,10,2022,0,0,0.0,0,0,0.0,0,3,6,37.0,0,3.7,6.7,NO,Jarvis Landry,3.7
00-0031382,J.Landry,Jarvis Landry,WR,NO,LA,11,2022,0,0,0.0,0,0,0.0,0,3,4,33.0,1,9.3,12.3,NO,Jarvis Landry,9.3
00-0031382,J.Landry,Jarvis Landry,WR,NO,SF,12,2022,0,0,0.0,0,0,0.0,0,2,4,20.0,0,2.0,4.0,NO,Jarvis Landry,2.0
00-0031382,J.Landry,Jarvis Landry,WR,NO,TB,13,2022,0,0,0.0,0,0,0.0,0,2,3,14.0,0,1.4,3.4,NO,Jarvis Landry,1.4
00-0031382,J.Landry,Jarvis Landry,WR,NO,ATL,15,2022,0,0,0.0,0,0,0.0,0,0,1,0.0,0,0.0,0.0,NO,Jarvis Landry,0.0
00-0031384,R.Rodgers,Richard Rodgers,TE,LAC,LV,1,2022,0,0,0.0,0,0,0.0,0,0,1,0.0,0,0.0,0.0,LAC,Richard Rodgers,0.0
00-0031384,R.Rodgers,Richard Rodgers,TE,LAC,ATL,9,2022,0,0,0.0,0,0,0.0,0,0,2,0.0,0,0.0,0.0,LAC,Richard Rodgers,0.0
00-0031384,R.Rodgers,Richard Rodgers,TE,LAC,SF,10,2022,0,0,0.0,0,0,0.0,0,1,1,4.0,0,0.4,1.4,LAC,Richard Rodgers,0.4
00-0031408,M.Evans,Mike Evans,WR,TB,DAL,1,2022,0,0,0.0,0,0,0.0,0,5,7,71.0,1,13.1,18.1,TB,Mike Evans,13.1
00-0031408,M.Evans,Mike Evans,WR,TB,NO,2,2022,0,0,0.0,0,0,0.0,0,3,4,61.0,0,6.1,9.1,TB,Mike Evans,6.1
00-0031408,M.Evans,Mike Evans,WR,TB,KC,4,2022,0,0,0.0,0,0,0.0,0,8,10,103.0,2,22.3,30.3,TB,Mike Evans,22.3
00-0031408,M.Evans,Mike Evans,WR,TB,ATL,5,2022,0,0,0.0,0,0,0.0,0,4,8,81.0,0,8.1,12.1,TB,Mike Evans,8.1
00-0031408,M.Evans,Mike Evans,WR,TB,PIT,6,2022,0,0,0.0,0,0,0.0,0,4,4,42.0,0,4.2,8.2,TB,Mike Evans,4.2
00-0031408,M.Evans,Mike Evans,WR,TB,CAR,7,2022,0,0,0.0,0,0,0.0,0,9,15,96.0,0,9.6,18.6,TB,Mike Evans,9.6
00-0031408,M.Evans,Mike Evans,WR,TB,BAL,8,2022,0,0,0.0,0,0,0.0,0,6,11,123.0,0,12.3,18.3,TB,Mike Evans,12.3
00-0031408,M.Evans,Mike Evans,WR,TB,LA,9,2022,0,0,0.0,0,0,0.0,0,5,11,40.0,0,4.0,9.0,TB,Mike Evans,4.0
00-0031408,M.Evans,Mike Evans,WR,TB,SEA,10,2022,0,0,0.0,0,0,0.0,0,5,6,54.0,0,5.4,10.4,TB,Mike Evans,5.4
00-0031408,M.Evans,Mike Evans,WR,TB,CLE,12,2022,0,0,0.0,0,0,0.0,0,2,9,31.0,0,3.1,5.1,TB,Mike Evans,3.1
00-0031408,M.Evans,Mike Evans,WR,TB,NO,13,2022,0,0,0.0,0,0,0.0,0,4,4,59.0,0,5.9,9.9,TB,Mike Evans,5.9
00-0031408,M.Evans,Mike Evans,WR,TB,SF,14,2022,0,0,0.0,0,0,0.0,0,4,9,44.0,0,4.4,8.4,TB,Mike Evans,4.4
00-0031408,M.Evans,Mike Evans,WR,TB,CIN,15,2022,0,0,0.0,0,0,0.0,0,5,9,83.0,0,8.3,13.3,TB,Mike Evans,8.3
00-0031408,M.Evans,Mike Evans,WR,TB,ARI,16,2022,0,0,0.0,0,0,0.0,0,3,8,29.0,0,2.9,5.9,TB,Mike Evans,2.9
00-0031408,M.Evans,Mike Evans,WR,TB,CAR,17,2022,0,0,0.0,0,0,0.0,0,10,12,207.0,3,38.7,48.7,TB,Mike Evans,38.7
00-0031408,M.Evans,Mike Evans,WR,TB,DAL,19,2022,0,0,0.0,0,0,0.0,0,6,11,74.0,0,9.4,15.4,TB,Mike Evans,9.4
00-0031428,A.Robinson,Allen Robinson,WR,LA,BUF,1,2022,0,0,0.0,0,0,0.0,0,1,2,12.0,0,1.2,2.2,LA,Allen Robinson,1.2
00-0031428,A.Robinson,Allen Robinson,WR,LA,ATL,2,2022,0,0,0.0,0,0,0.0,0,4,5,53.0,1,11.3,15.3,LA,Allen Robinson,11.3
00-0031428,A.Robinson,Allen Robinson,WR,LA,ARI,3,2022,0,0,0.0,0,0,0.0,0,2,5,23.0,0,2.3,4.3,LA,Allen Robinson,2.3
00-0031428,A.Robinson,Allen Robinson,WR,LA,SF,4,2022,0,0,0.0,0,0,0.0,0,2,6,7.0,0,0.7,2.7,LA,Allen Robinson,0.7
00-0031428,A.Robinson,Allen Robinson,WR,LA,DAL,5,2022,0,0,0.0,0,0,0.0,0,3,5,12.0,0,1.2,4.2,LA,Allen Robinson,1.2
00-0031428,A.Robinson,Allen Robinson,WR,LA,CAR,6,2022,0,0,0.0,0,0,0.0,0,5,6,63.0,1,12.3,17.3,LA,Allen Robinson,12.3
00-0031428,A.Robinson,Allen Robinson,WR,LA,SF,8,2022,0,0,0.0,0,0,0.0,0,5,7,54.0,0,5.4,10.4,LA,Allen Robinson,5.4
00-0031428,A.Robinson,Allen Robinson,WR,LA,TB,9,2022,0,0,0.0,0,0,0.0,0,3,5,24.0,0,2.4,5.4,LA,Allen Robinson,2.4
00-0031428,A.Robinson,Allen Robinson,WR,LA,ARI,10,2022,0,0,0.0,0,0,0.0,0,4,6,44.0,0,4.4,8.4,LA,Allen Robinson,4.4
00-0031428,A.Robinson,Allen Robinson,WR,LA,NO,11,2022,0,0,0.0,0,0,0.0,0,4,5,47.0,1,10.7,14.7,LA,Allen Robinson,10.7
00-0031484,C.Manhertz,Chris Manhertz,TE,JAX,PHI,4,2022,0,0,0.0,0,0,0.0,0,1,1,0.0,0,0.0,1.0,JAX,Chris Manhertz,0.0
00-0031484,C.Manhertz,Chris Manhertz,TE,JAX,HOU,5,2022,0,0,0.0,0,0,0.0,0,2,2,15.0,0,1.5,3.5,JAX,Chris Manhertz,1.5
00-0031484,C.Manhertz,Chris Manhertz,TE,JAX,DEN,8,2022,0,0,0.0,0,0,0.0,0,1,1,-1.0,0,-0.1,0.9,JAX,Chris Manhertz,-0.1
00-0031484,C.Manhertz,Chris Manhertz,TE,JAX,LV,9,2022,0,0,0.0,0,0,0.0,0,1,2,7.0,0,0.7,1.7,JAX,Chris Manhertz,0.7
00-0031484,C.Manhertz,Chris Manhertz,TE,JAX,DET,13,2022,0,0,0.0,0,0,0.0,0,0,1,0.0,0,0.0,0.0,JAX,Chris Manhertz,0.0
00-0031484,C.Manhertz,Chris Manhertz,TE,JAX,TEN,14,2022,0,0,0.0,0,0,0.0,0,1,1,21.0,0,2.1,3.1,JAX,Chris Manhertz,2.1
00-0031503,J.Winston,Jameis Winston,QB,NO,ATL,1,2022,23,34,269.0,2,2,9.0,0,0,0,0.0,0,21.66,21.66,NO,Jameis Winston,21.66
00-0031503,J.Winston,Jameis Winston,QB,NO,TB,2,2022,25,40,236.0,1,1,2.0,0,0,0,0.0,0,7.64,7.64,NO,Jameis Winston,7.64
00-0031503,J.Winston,Jameis Winston,QB,NO,CAR,3,2022,25,41,353.0,1,2,5.0,0,0,0,0.0,0,14.62,14.62,NO,Jameis Winston,14.62
00-0031544,A.Cooper,Amari Cooper,WR,CLE,CAR,1,2022,0,0,0.0,0,0,0.0,0,3,6,17.0,0,1.7,4.7,CLE,Amari Cooper,1.7
00-0031544,A.Cooper,Amari Cooper,WR,CLE,NYJ,2,2022,0,0,0.0,0,0,0.0,0,9,10,101.0,1,16.1,25.1,CLE,Amari Cooper,16.1
00-0031544,A.Cooper,Amari Cooper,WR,CLE,PIT,3,2022,0,0,0.0,0,0,0.0,0,7,11,101.0,1,16.1,23.1,CLE,Amari Cooper,16.1
00-0031544,A.Cooper,Amari Cooper,WR,CLE,ATL,4,2022,0,0,0.0,0,0,0.0,0,1,4,9.0,0,0.9,1.9,CLE,Amari Cooper,0.9
00-0031544,A.Cooper,Amari Cooper,WR,CLE,LAC,5,2022,0,0,0.0,0,0,0.0,0,7,12,76.0,1,13.6,20.6,CLE,Amari Cooper,13.6
00-0031544,A.Cooper,Amari Cooper,WR,CLE,NE,6,2022,0,0,0.0,0,0,0.0,0,4,12,44.0,1,10.4,14.4,CLE,Amari Cooper,10.4
00-0031544,A.Cooper,Amari Cooper,WR,CLE,BAL,7,2022,0,0,0.0,0,0,0.0,0,3,4,74.0,0,7.4,10.4,CLE,Amari Cooper,7.4
00-0031544,A.Cooper,Amari Cooper,WR,CLE,CIN,8,2022,0,1,0.0,0,0,0.0,0,5,7,131.0,1,17.1,22.1,CLE,Amari Cooper,17.1
00-0031544,A.Cooper,Amari Cooper,WR,CLE,MIA,10,2022,0,0,0.0,0,0,0.0,0,3,3,32.0,0,3.2,6.2,CLE,Amari Cooper,3.2
00-0031544,A.Cooper,Amari Cooper,WR,CLE,BUF,11,2022,0,0,0.0,0,0,0.0,0,8,12,113.0,2,23.3,31.3,CLE,Amari Cooper,23.3
00-0031544,A.Cooper,Amari Cooper,WR,CLE,TB,12,2022,0,0,0.0,0,0,0.0,0,7,12,94.0,0,9.4,16.4,CLE,Amari Cooper,9.4
00-0031544,A.Cooper,Amari Cooper,WR,CLE,HOU,13,2022,0,0,0.0,0,0,0.0,0,4,9,40.0,0,4.0,8.0,CLE,Amari Cooper,4.0
00-0031544,A.Cooper,Amari Cooper,WR,CLE,CIN,14,2022,0,0,0.0,0,0,0.0,0,2,7,42.0,0,4.2,6.2,CLE,Amari Cooper,4.2
00-0031544,A.Cooper,Amari Cooper,WR,CLE,BAL,15,2022,0,0,0.0,0,0,0.0,0,4,6,58.0,0,5.8,9.8,CLE,Amari Cooper,5.8
00-0031544,A.Cooper,Amari Cooper,WR,CLE,NO,16,2022,0,0,0.0,0,0,0.0,0,6,10,72.0,0,7.2,13.2,CLE,Amari Cooper,7.2
00-0031544,A.Cooper,Amari Cooper,WR,CLE,WAS,17,2022,0,0,0.0,0,0,0.0,0,3,4,105.0,2,22.5,25.5,CLE,Amari Cooper,22.5
00-0031544,A.Cooper,Amari Cooper,WR,CLE,PIT,18,2022,0,0,0.0,0,0,0.0,0,2,3,51.0,0,5.1,7.1,CLE,Amari Cooper,5.1
00-0031545,K.White,Kevin White,WR,NO,CIN,6,2022,0,0,0.0,0,0,0.0,0,0,1,0.0,0,0.0,0.0,NO,Kevin White,0.0
00-0031545,K.White,Kevin White,WR,NO,ARI,7,2022,0,0,0.0,0,0,0.0,0,1,1,64.0,0,6.4,7.4,NO,Kevin White,6.4
00-0031545,K.White,Kevin White,WR,NO,BAL,9,2022,0,0,0.0,0,0,0.0,0,1,1,10.0,0,1.0,2.0,NO,Kevin White,1.0
00-0031545,K.White,Kevin White,WR,NO,PIT,10,2022,0,0,0.0,0,0,0.0,0,0,2,0.0,0,0.0,0.0,NO,Kevin White,0.0
00-0031547,D.Parker,DeVante Parker,WR,NE,MIA,1,2022,0,0,0.0,0,0,0.0,0,1,2,9.0,0,0.9,1.9,NE,DeVante Parker,0.9
00-0031547,D.Parker,DeVante Parker,WR,NE,PIT,2,2022,0,0,0.0,0,0,0.0,0,0,2,0.0,0,0.0,0.0,NE,DeVante Parker,0.0
00-0031547,D.Parker,DeVante Parker,WR,NE,BAL,3,2022,0,0,0.0,0,0,0.0,0,5,10,156.0,0,15.6,20.6,NE,DeVante Parker,15.6
00-0031547,D.Parker,DeVante Parker,WR,NE,GB,4,2022,0,0,0.0,0,0,0.0,0,2,2,24.0,1,8.4,10.4,NE,DeVante Parker,8.4
00-0031547,D.Parker,DeVante Parker,WR,NE,CLE,6,2022,0,0,0.0,0,0,0.0,0,4,6,64.0,0,6.4,10.4,NE,DeVante Parker,6.4
00-0031547,D.Parker,DeVante Parker,WR,NE,CHI,7,2022,0,0,0.0,0,0,0.0,0,3,5,68.0,0,6.8,9.8,NE,DeVante Parker,6.8
00-0031547,D.Parker,DeVante Parker,WR,NE,NYJ,8,2022,0,0,0.0,0,0,0.0,0,0,1,0.0,0,0.0,0.0,NE,DeVante Parker,0.0
00-0031547,D.Parker,DeVante Parker,WR,NE,NYJ,11,2022,0,0,0.0,0,0,0.0,0,2,2,19.0,0,1.9,3.9,NE,DeVante Parker,1.9
00-0031547,D.Parker,DeVante Parker,WR,NE,MIN,12,2022,0,0,0.0,0,0,0.0,0,4,4,80.0,0,8.0,12.0,NE,DeVante Parker,8.0
00-0031547,D.Parker,DeVante Parker,WR,NE,BUF,13,2022,0,0,0.0,0,0,0.0,0,2,4,16.0,0,1.6,3.6,NE,DeVante Parker,1.6
00-0031547,D.Parker,DeVante Parker,WR,NE,ARI,14,2022,0,0,0.0,0,0,0.0,0,2,2,24.0,0,2.4,4.4,NE,DeVante Parker,2.4
00-0031547,D.Parker,DeVante Parker,WR,NE,BUF,18,2022,0,0,0.0,0,0,0.0,0,6,7,79.0,2,19.9,25.9,NE,DeVante Parker,19.9
00-0031549,N.Agholor,Nelson Agholor,WR,NE,MIA,1,2022,0,0,0.0,0,0,0.0,0,3,5,28.0,0,0.8,3.8,NE,Nelson Agholor,0.8
00-0031549,N.Agholor,Nelson Agholor,WR,NE,PIT,2,2022,0,0,0.0,0,0,0.0,0,6,6,110.0,1,17.0,23.0,NE,Nelson Agholor,17.0
00-0031549,N.Agholor,Nelson Agholor,WR,NE,BAL,3,2022,0,0,0.0,0,0,0.0,0,2,3,41.0,0,2.1,4.1,NE,Nelson Agholor,2.1
00-0031549,N.Agholor,Nelson Agholor,WR,NE,GB,4,2022,0,0,0.0,0,0,0.0,0,3,4,46.0,0,4.6,7.6,NE,Nelson Agholor,4.6
00-0031549,N.Agholor,Nelson Agholor,WR,NE,DET,5,2022,0,0,0.0,0,0,0.0,0,0,1,0.0,0,0.0,0.0,NE,Nelson Agholor,0.0
00-0031549,N.Agholor,Nelson Agholor,WR,NE,CHI,7,2022,0,0,0.0,0,0,0.0,0,0,1,0.0,0,0.0,0.0,NE,Nelson Agholor,0.0
00-0031549,N.Agholor,Nelson Agholor,WR,NE,NYJ,8,2022,0,0,0.0,0,0,0.0,0,1,1,2.0,0,0.2,1.2,NE,Nelson Agholor,0.2
00-0031549,N.Agholor,Nelson Agholor,WR,NE,NYJ,11,2022,0,0,0.0,0,0,0.0,0,2,3,18.0,0,1.8,3.8,NE,Nelson Agholor,1.8
00-0031549,N.Agholor,Nelson Agholor,WR,NE,MIN,12,2022,0,0,0.0,0,0,0.0,0,6,8,65.0,1,12.5,18.5,NE,Nelson Agholor,12.5
00-0031549,N.Agholor,Nelson Agholor,WR,NE,BUF,13,2022,0,0,0.0,0,0,0.0,0,2,3,17.0,0,1.7,3.7,NE,Nelson Agholor,1.7
00-0031549,N.Agholor,Nelson Agholor,WR,NE,ARI,14,2022,0,0,0.0,0,0,0.0,0,5,10,32.0,0,3.2,8.2,NE,Nelson Agholor,3.2
00-0031549,N.Agholor,Nelson Agholor,WR,NE,LV,15,2022,0,0,0.0,0,0,0.0,0,1,6,3.0,0,0.3,1.3,NE,Nelson Agholor,0.3
00-0031549,N.Agholor,Nelson Agholor,WR,NE,MIA,17,2022,0,0,0.0,0,0,0.0,0,0,1,0.0,0,0.0,0.0,NE,Nelson Agholor,0.0
00-0031549,N.Agholor,Nelson Agholor,WR,NE,BUF,18,2022,0,0,0.0,0,0,0.0,0,0,1,0.0,0,0.0,0.0,NE,Nelson Agholor,0.0
00-0031558,M.Williams,Maxx Williams,TE,ARI,SF,11,2022,0,0,0.0,0,0,0.0,0,1,1,7.0,0,0.7,1.7,ARI,Maxx Williams,0.7
00-0031558,M.Williams,Maxx Williams,TE,ARI,DEN,15,2022,0,0,0.0,0,0,0.0,0,2,2,11.0,0,1.1,3.1,ARI,Maxx Williams,1.1
00-0031585,M.Pruitt,MyCole Pruitt,TE,ATL,SF,6,2022,0,0,0.0,0,0,0.0,0,1,1,2.0,1,6.2,7.2,ATL,MyCole Pruitt,6.2
00-0031585,M.Pruitt,MyCole Pruitt,TE,ATL,LAC,9,2022,0,0,0.0,0,0,0.0,0,1,1,6.0,0,0.6,1.6,ATL,MyCole Pruitt,0.6
00-0031585,M.Pruitt,MyCole Pruitt,TE,ATL,CAR,10,2022,0,0,0.0,0,0,0.0,0,1,1,6.0,0,0.6,1.6,ATL,MyCole Pruitt,0.6
00-0031585,M.Pruitt,MyCole Pruitt,TE,ATL,CHI,11,2022,0,0,0.0,0,0,0.0,0,1,1,17.0,0,1.7,2.7,ATL,MyCole Pruitt,1.7
00-0031585,M.Pruitt,MyCole Pruitt,TE,ATL,WAS,12,2022,0,0,0.0,0,0,0.0,0,2,3,9.0,1,6.9,8.9,ATL,MyCole Pruitt,6.9
00-0031585,M.Pruitt,MyCole Pruitt,TE,ATL,PIT,13,2022,0,0,0.0,0,0,0.0,0,1,1,7.0,1,6.7,7.7,ATL,MyCole Pruitt,6.7
00-0031585,M.Pruitt,MyCole Pruitt,TE,ATL,NO,15,2022,0,0,0.0,0,0,0.0,0,2,3,20.0,0,2.0,4.0,ATL,MyCole Pruitt,2.0
00-0031585,M.Pruitt,MyCole Pruitt,TE,ATL,BAL,16,2022,0,0,0.0,0,0,0.0,0,0,1,0.0,0,0.0,0.0,ATL,MyCole Pruitt,0.0
00-0031585,M.Pruitt,MyCole Pruitt,TE,ATL,ARI,17,2022,0,0,0.0,0,0,0.0,0,4,4,49.0,0,4.9,8.9,ATL,MyCole Pruitt,4.9
00-0031585,M.Pruitt,MyCole Pruitt,TE,ATL,TB,18,2022,0,0,0.0,0,0,0.0,0,3,5,34.0,1,9.4,12.4,ATL,MyCole Pruitt,9.4
00-0031588,S.Diggs,Stefon Diggs,WR,BUF,LA,1,2022,0,0,0.0,0,0,0.0,0,8,9,122.0,1,18.2,26.2,BUF,Stefon Diggs,18.2
00-0031588,S.Diggs,Stefon Diggs,WR,BUF,TEN,2,2022,0,0,0.0,0,0,0.0,0,12,15,148.0,3,32.8,44.8,BUF,Stefon Diggs,32.8
00-0031588,S.Diggs,Stefon Diggs,WR,BUF,MIA,3,2022,0,0,0.0,0,0,0.0,0,7,11,74.0,0,7.4,14.4,BUF,Stefon Diggs,7.4
00-0031588,S.Diggs,Stefon Diggs,WR,BUF,BAL,4,2022,0,0,0.0,0,0,0.0,0,4,6,62.0,0,6.2,10.2,BUF,Stefon Diggs,6.2
00-0031588,S.Diggs,Stefon Diggs,WR,BUF,PIT,5,2022,0,0,0.0,0,0,0.0,0,8,11,102.0,1,16.2,24.2,BUF,Stefon Diggs,16.2
00-0031588,S.Diggs,Stefon Diggs,WR,BUF,KC,6,2022,0,0,0.0,0,0,0.0,0,10,13,148.0,1,20.8,30.8,BUF,Stefon Diggs,20.8
00-0031588,S.Diggs,Stefon Diggs,WR,BUF,GB,8,2022,0,0,0.0,0,0,0.0,0,6,8,108.0,1,16.8,22.8,BUF,Stefon Diggs,16.8
00-0031588,S.Diggs,Stefon Diggs,WR,BUF,NYJ,9,2022,0,0,0.0,0,0,0.0,0,5,10,93.0,0,9.3,14.3,BUF,Stefon Diggs,9.3
00-0031588,S.Diggs,Stefon Diggs,WR,BUF,MIN,10,2022,0,0,0.0,0,0,0.0,0,12,16,128.0,0,12.8,24.8,BUF,Stefon Diggs,12.8
00-0031588,S.Diggs,Stefon Diggs,WR,BUF,CLE,11,2022,0,0,0.0,0,0,0.0,0,4,5,48.0,1,10.8,14.8,BUF,Stefon Diggs,10.8
00-0031588,S.Diggs,Stefon Diggs,WR,BUF,DET,12,2022,0,0,0.0,0,0,0.0,0,8,15,77.0,1,13.7,21.7,BUF,Stefon Diggs,13.7
00-0031588,S.Diggs,Stefon Diggs,WR,BUF,NE,13,2022,0,0,0.0,0,0,0.0,0,7,9,92.0,1,15.2,22.2,BUF,Stefon Diggs,15.2
00-0031588,S.Diggs,Stefon Diggs,WR,BUF,NYJ,14,2022,0,0,0.0,0,0,0.0,0,3,5,37.0,0,3.7,6.7,BUF,Stefon Diggs,3.7
00-0031588,S.Diggs,Stefon Diggs,WR,BUF,MIA,15,2022,0,0,0.0,0,1,-3.0,0,5,9,60.0,0,5.7,10.7,BUF,Stefon Diggs,5.7
00-0031588,S.Diggs,Stefon Diggs,WR,BUF,CHI,16,2022,0,0,0.0,0,0,0.0,0,2,2,26.0,0,2.6,4.6,BUF,Stefon Diggs,2.6
00-0031588,S.Diggs,Stefon Diggs,WR,BUF,NE,18,2022,0,0,0.0,0,0,0.0,0,7,10,104.0,1,16.4,23.4,BUF,Stefon Diggs,16.4
00-0031588,S.Diggs,Stefon Diggs,WR,BUF,MIA,19,2022,0,0,0.0,0,0,0.0,0,7,9,114.0,0,11.4,18.4,BUF,Stefon Diggs,11.4
00-0031588,S.Diggs,Stefon Diggs,WR,BUF,CIN,20,2022,0,0,0.0,0,0,0.0,0,4,10,35.0,0,3.5,7.5,BUF,Stefon Diggs,3.5
00-0031595,M.Burton,Michael Burton,FB,KC,LAC,2,2022,0,0,0.0,0,1,6.0,0,1,1,2.0,0,0.8,1.8,KC,Michael Burton,0.8
00-0031595,M.Burton,Michael Burton,FB,KC,IND,3,2022,0,0,0.0,0,1,2.0,0,0,0,0.0,0,0.2,0.2,KC,Michael Burton,0.2
00-0031595,M.Burton,Michael Burton,FB,KC,BUF,6,2022,0,0,0.0,0,0,0.0,0,0,1,0.0,0,0.0,0.0,KC,Michael Burton,0.0
00-0031595,M.Burton,Michael Burton,FB,KC,TEN,9,2022,0,0,0.0,0,1,0.0,0,1,1,9.0,0,0.9,1.9,KC,Michael Burton,0.9
00-0031595,M.Burton,Michael Burton,FB,KC,JAX,10,2022,0,0,0.0,0,1,-1.0,0,0,0,0.0,0,-0.1,-0.1,KC,Michael Burton,-0.1
00-0031595,M.Burton,Michael Burton,FB,KC,DEN,14,2022,0,0,0.0,0,1,0.0,0,0,0,0.0,0,0.0,0.0,KC,Michael Burton,0.0
00-0031610,D.Waller,Darren Waller,TE,LV,LAC,1,2022,0,0,0.0,0,0,0.0,0,4,6,79.0,0,7.9,11.9,LV,Darren Waller,7.9
00-0031610,D.Waller,Darren Waller,TE,LV,ARI,2,2022,0,0,0.0,0,0,0.0,0,6,8,50.0,1,11.0,17.0,LV,Darren Waller,11.0
00-0031610,D.Waller,Darren Waller,TE,LV,TEN,3,2022,0,0,0.0,0,0,0.0,0,3,5,22.0,0,2.2,5.2,LV,Darren Waller,2.2
00-0031610,D.Waller,Darren Waller,TE,LV,DEN,4,2022,0,0,0.0,0,0,0.0,0,3,5,24.0,0,2.4,5.4,LV,Darren Waller,2.4
00-0031610,D.Waller,Darren Waller,TE,LV,NE,15,2022,0,0,0.0,0,0,0.0,0,3,3,48.0,1,10.8,13.8,LV,Darren Waller,10.8
00-0031610,D.Waller,Darren Waller,TE,LV,PIT,16,2022,0,0,0.0,0,0,0.0,0,4,5,58.0,0,5.8,9.8,LV,Darren Waller,5.8
00-0031610,D.Waller,Darren Waller,TE,LV,SF,17,2022,0,0,0.0,0,0,0.0,0,3,5,72.0,1,13.2,16.2,LV,Darren Waller,13.2
00-0031610,D.Waller,Darren Waller,TE,LV,KC,18,2022,0,0,0.0,0,0,0.0,0,2,6,35.0,0,3.5,5.5,LV,Darren Waller,3.5
00-0031687,R.Mostert,Raheem Mostert,RB,MIA,NE,1,2022,0,0,0.0,0,5,16.0,0,1,1,16.0,0,3.2,4.2,MIA,Raheem Mostert,3.2
00-0031687,R.Mostert,Raheem Mostert,RB,MIA,BAL,2,2022,0,0,0.0,0,11,51.0,0,3,3,28.0,0,7.9,10.9,MIA,Raheem Mostert,7.9
00-0031687,R.Mostert,Raheem Mostert,RB,MIA,BUF,3,2022,0,0,0.0,0,8,11.0,0,0,2,0.0,0,1.1,1.1,MIA,Raheem Mostert,1.1
00-0031687,R.Mostert,Raheem Mostert,RB,MIA,CIN,4,2022,0,0,0.0,0,15,69.0,0,2,3,12.0,0,8.1,10.1,MIA,Raheem Mostert,8.1
00-0031687,R.Mostert,Raheem Mostert,RB,MIA,NYJ,5,2022,0,0,0.0,0,18,113.0,1,1,3,9.0,0,18.2,19.2,MIA,Raheem Mostert,18.2
00-0031687,R.Mostert,Raheem Mostert,RB,MIA,MIN,6,2022,0,0,0.0,0,14,49.0,0,1,2,-1.0,0,4.8,5.8,MIA,Raheem Mostert,4.8
00-0031687,R.Mostert,Raheem Mostert,RB,MIA,PIT,7,2022,0,0,0.0,0,16,79.0,0,4,5,30.0,1,16.9,20.9,MIA,Raheem Mostert,16.9
00-0031687,R.Mostert,Raheem Mostert,RB,MIA,DET,8,2022,0,0,0.0,0,14,64.0,0,1,1,3.0,0,6.7,7.7,MIA,Raheem Mostert,6.7
00-0031687,R.Mostert,Raheem Mostert,RB,MIA,CHI,9,2022,0,0,0.0,0,9,26.0,1,0,2,0.0,0,8.6,8.6,MIA,Raheem Mostert,8.6
00-0031687,R.Mostert,Raheem Mostert,RB,MIA,CLE,10,2022,0,0,0.0,0,8,65.0,1,4,4,22.0,0,14.7,18.7,MIA,Raheem Mostert,14.7
00-0031687,R.Mostert,Raheem Mostert,RB,MIA,SF,13,2022,0,0,0.0,0,7,30.0,0,0,0,0.0,0,3.0,3.0,MIA,Raheem Mostert,3.0
00-0031687,R.Mostert,Raheem Mostert,RB,MIA,LAC,14,2022,0,0,0.0,0,11,37.0,0,1,1,7.0,0,4.4,5.4,MIA,Raheem Mostert,4.4
00-0031687,R.Mostert,Raheem Mostert,RB,MIA,BUF,15,2022,0,0,0.0,0,17,136.0,0,1,2,20.0,0,15.6,16.6,MIA,Raheem Mostert,15.6
00-0031687,R.Mostert,Raheem Mostert,RB,MIA,GB,16,2022,0,0,0.0,0,8,45.0,0,2,3,4.0,0,2.9,4.9,MIA,Raheem Mostert,2.9
00-0031687,R.Mostert,Raheem Mostert,RB,MIA,NE,17,2022,0,0,0.0,0,9,29.0,0,8,8,62.0,1,15.1,23.1,MIA,Raheem Mostert,15.1
00-0031687,R.Mostert,Raheem Mostert,RB,MIA,NYJ,18,2022,0,0,0.0,0,11,71.0,0,2,2,-10.0,0,6.1,8.1,MIA,Raheem Mostert,6.1
00-0031690,E.Tomlinson,Eric Tomlinson,TE,DEN,SEA,1,2022,0,0,0.0,0,0,0.0,0,0,1,0.0,0,0.0,0.0,DEN,Eric Tomlinson,0.0
00-0031690,E.Tomlinson,Eric Tomlinson,TE,DEN,IND,5,2022,0,0,0.0,0,0,0.0,0,0,1,0.0,0,0.0,0.0,DEN,Eric Tomlinson,0.0
00-0031690,E.Tomlinson,Eric Tomlinson,TE,DEN,LAC,6,2022,0,0,0.0,0,0,0.0,0,1,1,16.0,0,1.6,2.6,DEN,Eric Tomlinson,1.6
00-0031690,E.Tomlinson,Eric Tomlinson,TE,DEN,NYJ,7,2022,0,0,0.0,0,0,0.0,0,2,2,21.0,0,2.1,4.1,DEN,Eric Tomlinson,2.1
00-0031690,E.Tomlinson,Eric Tomlinson,TE,DEN,TEN,10,2022,0,0,0.0,0,0,0.0,0,0,1,0.0,0,0.0,0.0,DEN,Eric Tomlinson,0.0
00-0031690,E.Tomlinson,Eric Tomlinson,TE,DEN,KC,14,2022,0,0,0.0,0,0,0.0,0,2,3,11.0,0,1.1,3.1,DEN,Eric Tomlinson,1.1
00-0031690,E.Tomlinson,Eric Tomlinson,TE,DEN,ARI,15,2022,0,0,0.0,0,0,0.0,0,3,3,28.0,1,8.8,11.8,DEN,Eric Tomlinson,8.8
00-0031690,E.Tomlinson,Eric Tomlinson,TE,DEN,LAC,18,2022,0,0,0.0,0,0,0.0,0,1,1,3.0,1,6.3,7.3,DEN,Eric Tomlinson,6.3
00-0031763,D.Carter,DeAndre Carter,WR,LAC,LV,1,2022,0,0,0.0,0,0,0.0,0,3,4,64.0,1,12.4,15.4,LAC,DeAndre Carter,12.4
00-0031763,D.Carter,DeAndre Carter,WR,LAC,KC,2,2022,0,0,0.0,0,0,0.0,0,3,3,55.0,0,5.5,8.5,LAC,DeAndre Carter,5.5
00-0031763,D.Carter,DeAndre Carter,WR,LAC,JAX,3,2022,0,0,0.0,0,1,-5.0,0,3,4,31.0,0,2.6,5.6,LAC,DeAndre Carter,2.6
00-0031763,D.Carter,DeAndre Carter,WR,LAC,HOU,4,2022,0,0,0.0,0,0,0.0,0,2,3,16.0,0,1.6,3.6,LAC,DeAndre Carter,1.6
00-0031763,D.Carter,DeAndre Carter,WR,LAC,CLE,5,2022,0,0,0.0,0,0,0.0,0,2,2,9.0,0,0.9,2.9,LAC,DeAndre Carter,0.9
00-0031763,D.Carter,DeAndre Carter,WR,LAC,DEN,6,2022,0,0,0.0,0,0,0.0,0,3,5,17.0,0,1.7,4.7,LAC,DeAndre Carter,1.7
00-0031763,D.Carter,DeAndre Carter,WR,LAC,SEA,7,2022,0,0,0.0,0,0,0.0,0,3,7,37.0,0,3.7,6.7,LAC,DeAndre Carter,3.7
00-0031763,D.Carter,DeAndre Carter,WR,LAC,ATL,9,2022,0,0,0.0,0,0,0.0,0,5,6,53.0,0,5.3,10.3,LAC,DeAndre Carter,5.3
00-0031763,D.Carter,DeAndre Carter,WR,LAC,SF,10,2022,0,0,0.0,0,0,0.0,0,4,4,64.0,1,12.4,16.4,LAC,DeAndre Carter,12.4
00-0031763,D.Carter,DeAndre Carter,WR,LAC,KC,11,2022,0,0,0.0,0,0,0.0,0,3,3,33.0,0,3.3,6.3,LAC,DeAndre Carter,3.3
00-0031763,D.Carter,DeAndre Carter,WR,LAC,ARI,12,2022,0,0,0.0,0,0,0.0,0,7,10,73.0,1,13.3,20.3,LAC,DeAndre Carter,13.3
00-0031763,D.Carter,DeAndre Carter,WR,LAC,LV,13,2022,0,0,0.0,0,0,0.0,0,1,2,14.0,0,1.4,2.4,LAC,DeAndre Carter,1.4
00-0031763,D.Carter,DeAndre Carter,WR,LAC,MIA,14,2022,0,0,0.0,0,0,0.0,0,1,2,0.0,0,0.0,1.0,LAC,DeAndre Carter,0.0
00-0031763,D.Carter,DeAndre Carter,WR,LAC,TEN,15,2022,0,0,0.0,0,1,-10.0,0,1,2,15.0,0,0.5,1.5,LAC,DeAndre Carter,0.5
00-0031763,D.Carter,DeAndre Carter,WR,LAC,LA,17,2022,0,0,0.0,0,0,0.0,0,2,3,14.0,0,1.4,3.4,LAC,DeAndre Carter,1.4
00-0031763,D.Carter,DeAndre Carter,WR,LAC,DEN,18,2022,0,0,0.0,0,0,0.0,0,3,5,43.0,0,2.3,5.3,LAC,DeAndre Carter,2.3
00-0031763,D.Carter,DeAndre Carter,WR,LAC,JAX,19,2022,0,0,0.0,0,0,0.0,0,2,3,17.0,0,1.7,3.7,LAC,DeAndre Carter,1.7
00-0031787,J.Kumerow,Jake Kumerow,WR,BUF,TEN,2,2022,0,0,0.0,0,0,0.0,0,2,3,50.0,0,5.0,7.0,BUF,Jake Kumerow,5.0
00-0031787,J.Kumerow,Jake Kumerow,WR,BUF,MIA,3,2022,0,0,0.0,0,0,0.0,0,2,2,14.0,0,1.4,3.4,BUF,Jake Kumerow,1.4
00-0031787,J.Kumerow,Jake Kumerow,WR,BUF,GB,8,2022,0,0,0.0,0,0,0.0,0,0,1,0.0,0,0.0,0.0,BUF,Jake Kumerow,0.0
00-0031787,J.Kumerow,Jake Kumerow,WR,BUF,NYJ,9,2022,0,0,0.0,0,0,0.0,0,0,1,0.0,0,0.0,0.0,BUF,Jake Kumerow,0.0
00-0031800,T.Heinicke,Taylor Heinicke,QB,WAS,GB,7,2022,20,33,201.0,2,2,4.0,0,0,0,0.0,0,14.44,14.44,WAS,Taylor Heinicke,14.44
00-0031800,T.Heinicke,Taylor Heinicke,QB,WAS,IND,8,2022,23,31,279.0,1,6,29.0,1,0,0,0.0,0,22.06,22.06,WAS,Taylor Heinicke,22.06
00-0031800,T.Heinicke,Taylor Heinicke,QB,WAS,MIN,9,2022,15,28,149.0,2,4,17.0,0,0,0,0.0,0,13.66,13.66,WAS,Taylor Heinicke,13.66
00-0031800,T.Heinicke,Taylor Heinicke,QB,WAS,PHI,10,2022,17,29,211.0,0,5,10.0,0,0,0,0.0,0,5.44,5.44,WAS,Taylor Heinicke,5.44
00-0031800,T.Heinicke,Taylor Heinicke,QB,WAS,HOU,11,2022,15,27,191.0,0,3,2.0,0,0,0,0.0,0,7.84,7.84,WAS,Taylor Heinicke,7.84
00-0031800,T.Heinicke,Taylor Heinicke,QB,WAS,ATL,12,2022,14,23,138.0,2,1,-1.0,0,0,0,0.0,0,11.42,11.42,WAS,Taylor Heinicke,11.42
00-0031800,T.Heinicke,Taylor Heinicke,QB,WAS,NYG,13,2022,27,41,275.0,2,2,6.0,0,0,0,0.0,0,17.6,17.6,WAS,Taylor Heinicke,17.6
00-0031800,T.Heinicke,Taylor Heinicke,QB,WAS,NYG,15,2022,17,29,249.0,1,3,33.0,0,0,0,0.0,0,13.26,13.26,WAS,Taylor Heinicke,13.26
00-0031800,T.Heinicke,Taylor Heinicke,QB,WAS,SF,16,2022,13,18,166.0,2,2,-4.0,0,0,0,0.0,0,10.24,10.24,WAS,Taylor Heinicke,10.24
00-0031806,M.Brown,Malcolm Brown,RB,LA,CAR,6,2022,0,0,0.0,0,7,15.0,0,1,1,13.0,0,2.8,3.8,LA,Malcolm Brown,2.8
00-0031806,M.Brown,Malcolm Brown,RB,LA,SF,8,2022,0,0,0.0,0,5,10.0,0,0,0,0.0,0,1.0,1.0,LA,Malcolm Brown,1.0
00-0031806,M.Brown,Malcolm Brown,RB,LA,TB,9,2022,0,0,0.0,0,2,9.0,0,1,1,10.0,0,1.9,2.9,LA,Malcolm Brown,1.9
00-0031806,M.Brown,Malcolm Brown,RB,LA,LV,14,2022,0,0,0.0,0,1,5.0,0,2,2,12.0,0,1.7,3.7,LA,Malcolm Brown,1.7
00-0031806,M.Brown,Malcolm Brown,RB,LA,GB,15,2022,0,0,0.0,0,0,0.0,0,0,1,0.0,0,0.0,0.0,LA,Malcolm Brown,0.0
00-0031806,M.Brown,Malcolm Brown,RB,LA,DEN,16,2022,0,0,0.0,0,2,19.0,0,1,1,2.0,0,2.1,3.1,LA,Malcolm Brown,2.1
00-0031806,M.Brown,Malcolm Brown,RB,LA,LAC,17,2022,0,0,0.0,0,1,23.0,1,0,0,0.0,0,8.3,8.3,LA,Malcolm Brown,8.3
00-0031868,D.Byrd,Damiere Byrd,WR,ATL,CLE,4,2022,0,0,0.0,0,0,0.0,0,0,1,0.0,0,0.0,0.0,ATL,Damiere Byrd,0.0
00-0031868,D.Byrd,Damiere Byrd,WR,ATL,TB,5,2022,0,0,0.0,0,0,0.0,0,0,1,0.0,0,0.0,0.0,ATL,Damiere Byrd,0.0
00-0031868,D.Byrd,Damiere Byrd,WR,ATL,CIN,7,2022,0,0,0.0,0,0,0.0,0,1,1,75.0,1,13.5,14.5,ATL,Damiere Byrd,13.5
00-0031868,D.Byrd,Damiere Byrd,WR,ATL,CAR,8,2022,0,0,0.0,0,0,0.0,0,3,6,67.0,1,12.7,15.7,ATL,Damiere Byrd,12.7
00-0031868,D.Byrd,Damiere Byrd,WR,ATL,LAC,9,2022,0,0,0.0,0,0,0.0,0,0,1,0.0,0,0.0,0.0,ATL,Damiere Byrd,0.0
00-0031868,D.Byrd,Damiere Byrd,WR,ATL,CAR,10,2022,0,0,0.0,0,0,0.0,0,3,4,58.0,0,5.8,8.8,ATL,Damiere Byrd,5.8
00-0031868,D.Byrd,Damiere Byrd,WR,ATL,CHI,11,2022,0,0,0.0,0,0,0.0,0,2,2,29.0,0,2.9,4.9,ATL,Damiere Byrd,2.9
00-0031868,D.Byrd,Damiere Byrd,WR,ATL,PIT,13,2022,0,0,0.0,0,0,0.0,0,1,1,12.0,0,1.2,2.2,ATL,Damiere Byrd,1.2
00-0031868,D.Byrd,Damiere Byrd,WR,ATL,NO,15,2022,0,0,0.0,0,0,0.0,0,0,1,0.0,0,0.0,0.0,ATL,Damiere Byrd,0.0
00-0031868,D.Byrd,Damiere Byrd,WR,ATL,BAL,16,2022,0,0,0.0,0,0,0.0,0,1,2,15.0,0,1.5,2.5,ATL,Damiere Byrd,1.5
00-0031868,D.Byrd,Damiere Byrd,WR,ATL,ARI,17,2022,0,0,0.0,0,0,0.0,0,1,2,12.0,0,1.2,2.2,ATL,Damiere Byrd,1.2
00-0031868,D.Byrd,Damiere Byrd,WR,ATL,TB,18,2022,0,0,0.0,0,0,0.0,0,1,1,0.0,0,0.0,1.0,ATL,Damiere Byrd,0.0
00-0031941,J.Crowder,Jamison Crowder,WR,BUF,LA,1,2022,0,0,0.0,0,0,0.0,0,3,4,28.0,0,2.8,5.8,BUF,Jamison Crowder,2.8
00-0031941,J.Crowder,Jamison Crowder,WR,BUF,TEN,2,2022,0,0,0.0,0,0,0.0,0,1,2,16.0,0,1.6,2.6,BUF,Jamison Crowder,1.6
00-0031941,J.Crowder,Jamison Crowder,WR,BUF,MIA,3,2022,0,0,0.0,0,0,0.0,0,1,3,9.0,0,0.9,1.9,BUF,Jamison Crowder,0.9
00-0031941,J.Crowder,Jamison Crowder,WR,BUF,BAL,4,2022,0,0,0.0,0,0,0.0,0,1,4,7.0,0,0.7,1.7,BUF,Jamison Crowder,0.7
00-0032054,B.Perriman,Breshad Perriman,WR,TB,DAL,1,2022,0,0,0.0,0,1,-7.0,0,0,3,0.0,0,-0.7,-0.7,TB,Breshad Perriman,-0.7
00-0032054,B.Perriman,Breshad Perriman,WR,TB,NO,2,2022,0,0,0.0,0,0,0.0,0,3,5,45.0,1,10.5,13.5,TB,Breshad Perriman,10.5
00-0032054,B.Perriman,Breshad Perriman,WR,TB,GB,3,2022,0,0,0.0,0,1,0.0,0,3,4,44.0,0,2.4,5.4,TB,Breshad Perriman,2.4
00-0032054,B.Perriman,Breshad Perriman,WR,TB,PIT,6,2022,0,0,0.0,0,0,0.0,0,0,1,0.0,0,0.0,0.0,TB,Breshad Perriman,0.0
00-0032054,B.Perriman,Breshad Perriman,WR,TB,BAL,8,2022,0,0,0.0,0,0,0.0,0,1,1,11.0,0,1.1,2.1,TB,Breshad Perriman,1.1
00-0032054,B.Perriman,Breshad Perriman,WR,TB,LA,9,2022,0,0,0.0,0,0,0.0,0,1,2,1.0,0,0.1,1.1,TB,Breshad Perriman,0.1
00-0032054,B.Perriman,Breshad Perriman,WR,TB,CLE,12,2022,0,0,0.0,0,0,0.0,0,0,1,0.0,0,0.0,0.0,TB,Breshad Perriman,0.0
00-0032054,B.Perriman,Breshad Perriman,WR,TB,ATL,18,2022,0,0,0.0,0,0,0.0,0,1,2,9.0,0,0.9,1.9,TB,Breshad Perriman,0.9
00-0032058,T.Coleman,Tevin Coleman,RB,SF,CAR,5,2022,0,0,0.0,0,8,23.0,1,3,3,44.0,1,18.7,21.7,SF,Tevin Coleman,18.7
00-0032058,T.Coleman,Tevin Coleman,RB,SF,ATL,6,2022,0,0,0.0,0,4,3.0,0,0,0,0.0,0,0.3,0.3,SF,Tevin Coleman,0.3
00-0032062,B.Bell,Blake Bell,TE,KC,DEN,17,2022,0,0,0.0,0,0,0.0,0,1,1,17.0,1,7.7,8.7,KC,Blake Bell,7.7
00-0032062,B.Bell,Blake Bell,TE,KC,LV,18,2022,0,0,0.0,0,0,0.0,0,1,1,3.0,0,0.3,1.3,KC,Blake Bell,0.3
00-0032062,B.Bell,Blake Bell,TE,KC,JAX,20,2022,0,0,0.0,0,0,0.0,0,1,2,4.0,0,0.4,1.4,KC,Blake Bell,0.4
00-0032063,M.Davis,Mike Davis,RB,BAL,NYJ,1,2022,0,0,0.0,0,2,11.0,0,0,0,0.0,0,1.1,1.1,BAL,Mike Davis,1.1
00-0032063,M.Davis,Mike Davis,RB,BAL,MIA,2,2022,0,0,0.0,0,5,4.0,0,0,0,0.0,0,0.4,0.4,BAL,Mike Davis,0.4
00-0032063,M.Davis,Mike Davis,RB,BAL,CIN,5,2022,0,0,0.0,0,1,3.0,0,0,0,0.0,0,0.3,0.3,BAL,Mike Davis,0.3
00-0032063,M.Davis,Mike Davis,RB,BAL,NO,9,2022,0,0,0.0,0,0,0.0,0,1,1,7.0,0,0.7,1.7,BAL,Mike Davis,0.7
00-0032063,M.Davis,Mike Davis,RB,BAL,CAR,11,2022,0,0,0.0,0,0,0.0,0,1,1,-3.0,0,-0.3,0.7,BAL,Mike Davis,-0.3
00-0032104,A.Abdullah,Ameer Abdullah,RB,LV,LAC,1,2022,0,0,0.0,0,0,0.0,0,0,1,0.0,0,0.0,0.0,LV,Ameer Abdullah,0.0
00-0032104,A.Abdullah,Ameer Abdullah,RB,LV,ARI,2,2022,0,0,0.0,0,0,0.0,0,1,1,23.0,0,2.3,3.3,LV,Ameer Abdullah,2.3
00-0032104,A.Abdullah,Ameer Abdullah,RB,LV,HOU,7,2022,0,0,0.0,0,0,0.0,0,2,2,7.0,0,0.7,2.7,LV,Ameer Abdullah,0.7
00-0032104,A.Abdullah,Ameer Abdullah,RB,LV,NO,8,2022,0,0,0.0,0,0,0.0,0,4,5,28.0,0,2.8,6.8,LV,Ameer Abdullah,2.8
00-0032104,A.Abdullah,Ameer Abdullah,RB,LV,JAX,9,2022,0,0,0.0,0,0,0.0,0,1,3,8.0,0,0.8,1.8,LV,Ameer Abdullah,0.8
00-0032104,A.Abdullah,Ameer Abdullah,RB,LV,IND,10,2022,0,0,0.0,0,0,0.0,0,4,4,33.0,0,3.3,7.3,LV,Ameer Abdullah,3.3
00-0032104,A.Abdullah,Ameer Abdullah,RB,LV,DEN,11,2022,0,0,0.0,0,0,0.0,0,3,4,5.0,0,0.5,3.5,LV,Ameer Abdullah,0.5
00-0032104,A.Abdullah,Ameer Abdullah,RB,LV,SEA,12,2022,0,0,0.0,0,3,16.0,0,3,3,39.0,1,11.5,14.5,LV,Ameer Abdullah,11.5
00-0032104,A.Abdullah,Ameer Abdullah,RB,LV,LAC,13,2022,0,0,0.0,0,1,4.0,0,0,1,0.0,0,0.4,0.4,LV,Ameer Abdullah,0.4
00-0032104,A.Abdullah,Ameer Abdullah,RB,LV,LA,14,2022,0,0,0.0,0,0,0.0,0,2,2,17.0,0,1.7,3.7,LV,Ameer Abdullah,1.7
00-0032104,A.Abdullah,Ameer Abdullah,RB,LV,NE,15,2022,0,0,0.0,0,0,0.0,0,2,2,14.0,0,1.4,3.4,LV,Ameer Abdullah,1.4
00-0032104,A.Abdullah,Ameer Abdullah,RB,LV,PIT,16,2022,0,0,0.0,0,0,0.0,0,2,2,27.0,0,2.7,4.7,LV,Ameer Abdullah,2.7
00-0032104,A.Abdullah,Ameer Abdullah,RB,LV,KC,18,2022,0,0,0.0,0,0,0.0,0,1,2,10.0,0,1.0,2.0,LV,Ameer Abdullah,1.0
00-0032128,C.Conley,Chris Conley,WR,HOU,IND,1,2022,0,0,0.0,0,0,0.0,0,0,2,0.0,0,0.0,0.0,HOU,Chris Conley,0.0
00-0032128,C.Conley,Chris Conley,WR,TEN,KC,9,2022,0,0,0.0,0,0,0.0,0,0,1,0.0,0,0.0,0.0,TEN,Chris Conley,0.0
00-0032128,C.Conley,Chris Conley,WR,TEN,JAX,14,2022,0,0,0.0,0,0,0.0,0,1,1,27.0,0,2.7,3.7,TEN,Chris Conley,2.7
00-0032128,C.Conley,Chris Conley,WR,TEN,LAC,15,2022,0,0,0.0,0,0,0.0,0,3,3,19.0,0,1.9,4.9,TEN,Chris Conley,1.9
00-0032134,C.Uzomah,C.J. Uzomah,TE,NYJ,CIN,3,2022,0,0,0.0,0,0,0.0,0,1,1,5.0,0,0.5,1.5,NYJ,C.J. Uzomah,0.5
00-0032134,C.Uzomah,C.J. Uzomah,TE,NYJ,MIA,5,2022,0,0,0.0,0,0,0.0,0,2,2,12.0,0,1.2,3.2,NYJ,C.J. Uzomah,1.2
00-0032134,C.Uzomah,C.J. Uzomah,TE,NYJ,GB,6,2022,0,0,0.0,0,0,0.0,0,2,2,17.0,0,1.7,3.7,NYJ,C.J. Uzomah,1.7
00-0032134,C.Uzomah,C.J. Uzomah,TE,NYJ,DEN,7,2022,0,0,0.0,0,0,0.0,0,1,2,5.0,0,0.5,1.5,NYJ,C.J. Uzomah,0.5
00-0032134,C.Uzomah,C.J. Uzomah,TE,NYJ,NE,8,2022,0,0,0.0,0,0,0.0,0,1,1,27.0,0,2.7,3.7,NYJ,C.J. Uzomah,2.7
00-0032134,C.Uzomah,C.J. Uzomah,TE,NYJ,BUF,9,2022,0,0,0.0,0,0,0.0,0,3,3,16.0,0,1.6,4.6,NYJ,C.J. Uzomah,1.6
00-0032134,C.Uzomah,C.J. Uzomah,TE,NYJ,CHI,12,2022,0,0,0.0,0,0,0.0,0,3,3,17.0,0,1.7,4.7,NYJ,C.J. Uzomah,1.7
00-0032134,C.Uzomah,C.J. Uzomah,TE,NYJ,MIN,13,2022,0,0,0.0,0,0,0.0,0,1,1,31.0,0,3.1,4.1,NYJ,C.J. Uzomah,3.1
00-0032134,C.Uzomah,C.J. Uzomah,TE,NYJ,BUF,14,2022,0,0,0.0,0,0,0.0,0,1,2,7.0,0,0.7,1.7,NYJ,C.J. Uzomah,0.7
00-0032134,C.Uzomah,C.J. Uzomah,TE,NYJ,DET,15,2022,0,0,0.0,0,0,0.0,0,2,2,41.0,2,16.1,18.1,NYJ,C.J. Uzomah,16.1
00-0032134,C.Uzomah,C.J. Uzomah,TE,NYJ,JAX,16,2022,0,0,0.0,0,0,0.0,0,1,1,30.0,0,3.0,4.0,NYJ,C.J. Uzomah,3.0
00-0032134,C.Uzomah,C.J. Uzomah,TE,NYJ,SEA,17,2022,0,0,0.0,0,0,0.0,0,3,7,24.0,0,2.4,5.4,NYJ,C.J. Uzomah,2.4
00-0032141,G.Swaim,Geoff Swaim,TE,TEN,NYG,1,2022,0,0,0.0,0,0,0.0,0,3,4,19.0,0,1.9,4.9,TEN,Geoff Swaim,1.9
00-0032141,G.Swaim,Geoff Swaim,TE,TEN,LV,3,2022,0,0,0.0,0,0,0.0,0,3,3,19.0,1,7.9,10.9,TEN,Geoff Swaim,7.9
00-0032141,G.Swaim,Geoff Swaim,TE,TEN,WAS,5,2022,0,0,0.0,0,0,0.0,0,1,1,5.0,0,0.5,1.5,TEN,Geoff Swaim,0.5
00-0032141,G.Swaim,Geoff Swaim,TE,TEN,IND,7,2022,0,0,0.0,0,0,0.0,0,0,1,0.0,0,0.0,0.0,TEN,Geoff Swaim,0.0
00-0032141,G.Swaim,Geoff Swaim,TE,TEN,DEN,10,2022,0,0,0.0,0,0,0.0,0,0,1,0.0,0,0.0,0.0,TEN,Geoff Swaim,0.0
00-0032141,G.Swaim,Geoff Swaim,TE,TEN,GB,11,2022,0,0,0.0,0,0,0.0,0,1,1,3.0,0,0.3,1.3,TEN,Geoff Swaim,0.3
00-0032141,G.Swaim,Geoff Swaim,TE,TEN,CIN,12,2022,0,0,0.0,0,0,0.0,0,0,1,0.0,0,0.0,0.0,TEN,Geoff Swaim,0.0
00-0032141,G.Swaim,Geoff Swaim,TE,TEN,PHI,13,2022,0,0,0.0,0,0,0.0,0,1,1,4.0,0,0.4,1.4,TEN,Geoff Swaim,0.4
00-0032141,G.Swaim,Geoff Swaim,TE,TEN,HOU,16,2022,0,0,0.0,0,0,0.0,0,1,1,-1.0,0,-0.1,0.9,TEN,Geoff Swaim,-0.1
00-0032141,G.Swaim,Geoff Swaim,TE,TEN,DAL,17,2022,0,0,0.0,0,0,0.0,0,1,1,4.0,0,0.4,1.4,TEN,Geoff Swaim,0.4
00-0032141,G.Swaim,Geoff Swaim,TE,TEN,JAX,18,2022,0,0,0.0,0,0,0.0,0,1,1,5.0,0,0.5,1.5,TEN,Geoff Swaim,0.5
00-0032144,M.Gordon,Melvin Gordon,RB,DEN,SEA,1,2022,0,0,0.0,0,12,58.0,0,2,2,14.0,0,5.2,7.2,DEN,Melvin Gordon,5.2
00-0032144,M.Gordon,Melvin Gordon,RB,DEN,HOU,2,2022,0,0,0.0,0,10,47.0,0,1,1,6.0,0,5.3,6.3,DEN,Melvin Gordon,5.3
00-0032144,M.Gordon,Melvin Gordon,RB,DEN,SF,3,2022,0,0,0.0,0,12,26.0,1,5,6,29.0,0,11.5,16.5,DEN,Melvin Gordon,11.5
00-0032144,M.Gordon,Melvin Gordon,RB,DEN,LV,4,2022,0,0,0.0,0,3,8.0,0,0,1,0.0,0,-1.2,-1.2,DEN,Melvin Gordon,-1.2
00-0032144,M.Gordon,Melvin Gordon,RB,DEN,IND,5,2022,0,0,0.0,0,15,54.0,0,3,3,49.0,0,10.3,13.3,DEN,Melvin Gordon,10.3
00-0032144,M.Gordon,Melvin Gordon,RB,DEN,LAC,6,2022,0,0,0.0,0,3,8.0,0,0,0,0.0,0,0.8,0.8,DEN,Melvin Gordon,0.8
00-0032144,M.Gordon,Melvin Gordon,RB,DEN,NYJ,7,2022,0,0,0.0,0,11,33.0,0,2,4,17.0,0,5.0,7.0,DEN,Melvin Gordon,5.0
00-0032144,M.Gordon,Melvin Gordon,RB,DEN,JAX,8,2022,0,0,0.0,0,9,29.0,1,3,4,23.0,0,11.2,14.2,DEN,Melvin Gordon,11.2
00-0032144,M.Gordon,Melvin Gordon,RB,DEN,TEN,10,2022,0,0,0.0,0,7,24.0,0,4,6,46.0,0,7.0,11.0,DEN,Melvin Gordon,7.0
00-0032144,M.Gordon,Melvin Gordon,RB,DEN,LV,11,2022,0,0,0.0,0,8,31.0,0,5,5,39.0,0,7.0,12.0,DEN,Melvin Gordon,7.0
00-0032156,T.Siemian,Trevor Siemian,QB,CHI,DAL,8,2022,1,1,5.0,0,0,0.0,0,0,0,0.0,0,0.2,0.2,CHI,Trevor Siemian,0.2
00-0032156,T.Siemian,Trevor Siemian,QB,CHI,NYJ,12,2022,14,25,179.0,1,4,8.0,0,0,0,0.0,0,9.96,9.96,CHI,Trevor Siemian,9.96
00-0032187,D.Johnson,David Johnson,RB,NO,LA,11,2022,0,0,0.0,0,1,-4.0,0,1,1,11.0,0,0.7,1.7,NO,David Johnson,0.7
00-0032187,D.Johnson,David Johnson,RB,NO,ATL,15,2022,0,0,0.0,0,4,12.0,0,0,0,0.0,0,-0.8,-0.8,NO,David Johnson,-0.8
00-0032187,D.Johnson,David Johnson,RB,NO,CLE,16,2022,0,0,0.0,0,7,16.0,0,1,1,8.0,0,2.4,3.4,NO,David Johnson,2.4
00-0032187,D.Johnson,David Johnson,RB,NO,CAR,18,2022,0,0,0.0,0,0,0.0,0,2,2,28.0,0,2.8,4.8,NO,David Johnson,2.8
00-0032200,T.Montgomery,Ty Montgomery,WR,NE,MIA,1,2022,0,0,0.0,0,2,-2.0,0,3,4,15.0,1,7.3,10.3,NE,Ty Montgomery,7.3
00-0032208,P.Dorsett,Phillip Dorsett,WR,HOU,IND,1,2022,0,0,0.0,0,0,0.0,0,0,1,0.0,0,0.0,0.0,HOU,Phillip Dorsett,0.0
00-0032208,P.Dorsett,Phillip Dorsett,WR,HOU,CHI,3,2022,0,0,0.0,0,0,0.0,0,1,1,15.0,0,1.5,2.5,HOU,Phillip Dorsett,1.5
00-0032208,P.Dorsett,Phillip Dorsett,WR,HOU,LAC,4,2022,0,0,0.0,0,0,0.0,0,0,2,0.0,0,0.0,0.0,HOU,Phillip Dorsett,0.0
00-0032208,P.Dorsett,Phillip Dorsett,WR,HOU,LV,7,2022,0,0,0.0,0,0,0.0,0,2,3,45.0,1,10.5,12.5,HOU,Phillip Dorsett,10.5
00-0032208,P.Dorsett,Phillip Dorsett,WR,HOU,TEN,8,2022,0,0,0.0,0,0,0.0,0,1,5,6.0,0,0.6,1.6,HOU,Phillip Dorsett,0.6
00-0032208,P.Dorsett,Phillip Dorsett,WR,HOU,PHI,9,2022,0,0,0.0,0,0,0.0,0,3,5,69.0,0,6.9,9.9,HOU,Phillip Dorsett,6.9
00-0032208,P.Dorsett,Phillip Dorsett,WR,HOU,NYG,10,2022,0,0,0.0,0,0,0.0,0,2,4,22.0,0,2.2,4.2,HOU,Phillip Dorsett,2.2
00-0032208,P.Dorsett,Phillip Dorsett,WR,HOU,WAS,11,2022,0,0,0.0,0,0,0.0,0,0,1,0.0,0,0.0,0.0,HOU,Phillip Dorsett,0.0
00-0032208,P.Dorsett,Phillip Dorsett,WR,HOU,MIA,12,2022,0,0,0.0,0,0,0.0,0,1,2,5.0,0,0.5,1.5,HOU,Phillip Dorsett,0.5
00-0032208,P.Dorsett,Phillip Dorsett,WR,HOU,CLE,13,2022,0,0,0.0,0,0,0.0,0,2,3,18.0,0,1.8,3.8,HOU,Phillip Dorsett,1.8
00-0032208,P.Dorsett,Phillip Dorsett,WR,HOU,DAL,14,2022,0,0,0.0,0,0,0.0,0,2,3,18.0,0,1.8,3.8,HOU,Phillip Dorsett,1.8
00-0032208,P.Dorsett,Phillip Dorsett,WR,HOU,KC,15,2022,0,1,0.0,0,0,0.0,0,0,1,0.0,0,0.0,0.0,HOU,Phillip Dorsett,0.0
00-0032208,P.Dorsett,Phillip Dorsett,WR,HOU,TEN,16,2022,0,0,0.0,0,0,0.0,0,3,3,45.0,0,4.5,7.5,HOU,Phillip Dorsett,4.5
00-0032208,P.Dorsett,Phillip Dorsett,WR,HOU,JAX,17,2022,0,0,0.0,0,0,0.0,0,3,6,14.0,0,1.4,4.4,HOU,Phillip Dorsett,1.4
00-0032211,T.Lockett,Tyler Lockett,WR,SEA,DEN,1,2022,0,0,0.0,0,0,0.0,0,3,4,28.0,0,2.8,5.8,SEA,Tyler Lockett,2.8
00-0032211,T.Lockett,Tyler Lockett,WR,SEA,SF,2,2022,0,0,0.0,0,0,0.0,0,9,11,107.0,0,10.7,19.7,SEA,Tyler Lockett,10.7
00-0032211,T.Lockett,Tyler Lockett,WR,SEA,ATL,3,2022,0,0,0.0,0,0,0.0,0,9,11,76.0,0,7.6,16.6,SEA,Tyler Lockett,7.6
00-0032211,T.Lockett,Tyler Lockett,WR,SEA,DET,4,2022,0,0,0.0,0,0,0.0,0,6,8,91.0,0,9.1,15.1,SEA,Tyler Lockett,9.1
00-0032211,T.Lockett,Tyler Lockett,WR,SEA,NO,5,2022,0,0,0.0,0,0,0.0,0,5,6,104.0,2,22.4,27.4,SEA,Tyler Lockett,22.4
00-0032211,T.Lockett,Tyler Lockett,WR,SEA,ARI,6,2022,0,0,0.0,0,0,0.0,0,2,5,17.0,0,1.7,3.7,SEA,Tyler Lockett,1.7
00-0032211,T.Lockett,Tyler Lockett,WR,SEA,LAC,7,2022,0,0,0.0,0,0,0.0,0,7,8,45.0,0,4.5,11.5,SEA,Tyler Lockett,4.5
00-0032211,T.Lockett,Tyler Lockett,WR,SEA,NYG,8,2022,0,0,0.0,0,0,0.0,0,5,8,63.0,1,10.3,15.3,SEA,Tyler Lockett,10.3
00-0032211,T.Lockett,Tyler Lockett,WR,SEA,ARI,9,2022,0,0,0.0,0,0,0.0,0,5,5,67.0,1,12.7,17.7,SEA,Tyler Lockett,12.7
00-0032211,T.Lockett,Tyler Lockett,WR,SEA,TB,10,2022,0,0,0.0,0,0,0.0,0,3,5,42.0,1,10.2,13.2,SEA,Tyler Lockett,10.2
00-0032211,T.Lockett,Tyler Lockett,WR,SEA,LV,12,2022,0,0,0.0,0,0,0.0,0,3,7,68.0,1,12.8,15.8,SEA,Tyler Lockett,12.8
00-0032211,T.Lockett,Tyler Lockett,WR,SEA,LA,13,2022,0,0,0.0,0,0,0.0,0,9,12,128.0,1,18.8,27.8,SEA,Tyler Lockett,18.8
00-0032211,T.Lockett,Tyler Lockett,WR,SEA,CAR,14,2022,0,0,0.0,0,0,0.0,0,5,9,60.0,1,12.0,17.0,SEA,Tyler Lockett,12.0
00-0032211,T.Lockett,Tyler Lockett,WR,SEA,SF,15,2022,0,0,0.0,0,0,0.0,0,7,9,68.0,0,6.8,13.8,SEA,Tyler Lockett,6.8
00-0032211,T.Lockett,Tyler Lockett,WR,SEA,NYJ,17,2022,0,0,0.0,0,0,0.0,0,2,2,15.0,0,1.5,3.5,SEA,Tyler Lockett,1.5
00-0032211,T.Lockett,Tyler Lockett,WR,SEA,LA,18,2022,0,0,0.0,0,0,0.0,0,4,7,54.0,1,11.4,15.4,SEA,Tyler Lockett,11.4
00-0032211,T.Lockett,Tyler Lockett,WR,SEA,SF,19,2022,0,0,0.0,0,0,0.0,0,6,8,39.0,0,3.9,9.9,SEA,Tyler Lockett,3.9
00-0032214,T.Kroft,Tyler Kroft,TE,SF,CHI,1,2022,0,0,0.0,0,0,0.0,0,1,2,9.0,0,0.9,1.9,SF,Tyler Kroft,0.9
00-0032214,T.Kroft,Tyler Kroft,TE,SF,LA,8,2022,0,0,0.0,0,0,0.0,0,1,1,6.0,0,0.6,1.6,SF,Tyler Kroft,0.6
00-0032214,T.Kroft,Tyler Kroft,TE,SF,MIA,13,2022,0,0,0.0,0,0,0.0,0,1,1,14.0,0,1.4,2.4,SF,Tyler Kroft,1.4
00-0032214,T.Kroft,Tyler Kroft,TE,SF,SEA,15,2022,0,0,0.0,0,0,0.0,0,1,1,28.0,0,2.8,3.8,SF,Tyler Kroft,2.8
00-0032257,D.Johnson,Duke Johnson,RB,BUF,MIN,10,2022,0,0,0.0,0,2,4.0,0,0,0,0.0,0,0.4,0.4,BUF,Duke Johnson,0.4
00-0032268,M.Mariota,Marcus Mariota,QB,ATL,NO,1,2022,20,33,215.0,0,12,72.0,1,0,0,0.0,0,19.8,19.8,ATL,Marcus Mariota,19.8
00-0032268,M.Mariota,Marcus Mariota,QB,ATL,LA,2,2022,17,26,196.0,2,6,16.0,0,0,0,0.0,0,13.44,13.44,ATL,Marcus Mariota,13.44
00-0032268,M.Mariota,Marcus Mariota,QB,ATL,SEA,3,2022,13,20,229.0,1,7,4.0,1,0,0,0.0,0,15.56,15.56,ATL,Marcus Mariota,15.56
00-0032268,M.Mariota,Marcus Mariota,QB,ATL,CLE,4,2022,7,19,139.0,0,5,3.0,0,0,0,0.0,0,3.86,3.86,ATL,Marcus Mariota,3.86
00-0032268,M.Mariota,Marcus Mariota,QB,ATL,TB,5,2022,14,25,147.0,1,7,61.0,0,0,0,0.0,0,17.98,17.98,ATL,Marcus Mariota,17.98
00-0032268,M.Mariota,Marcus Mariota,QB,ATL,SF,6,2022,13,14,129.0,2,6,50.0,1,0,0,0.0,0,24.16,24.16,ATL,Marcus Mariota,24.16
00-0032268,M.Mariota,Marcus Mariota,QB,ATL,CIN,7,2022,8,13,124.0,1,6,31.0,0,0,0,0.0,0,12.06,12.06,ATL,Marcus Mariota,12.06
00-0032268,M.Mariota,Marcus Mariota,QB,ATL,CAR,8,2022,20,28,253.0,3,6,43.0,0,0,0,0.0,0,22.42,22.42,ATL,Marcus Mariota,22.42
00-0032268,M.Mariota,Marcus Mariota,QB,ATL,LAC,9,2022,12,23,129.0,0,5,24.0,0,0,0,0.0,0,7.56,7.56,ATL,Marcus Mariota,7.56
00-0032268,M.Mariota,Marcus Mariota,QB,ATL,CAR,10,2022,19,30,186.0,2,3,43.0,0,0,0,0.0,0,17.74,17.74,ATL,Marcus Mariota,17.74
00-0032268,M.Mariota,Marcus Mariota,QB,ATL,CHI,11,2022,13,20,131.0,1,13,25.0,1,0,0,0.0,0,17.74,17.74,ATL,Marcus Mariota,17.74
00-0032268,M.Mariota,Marcus Mariota,QB,ATL,WAS,12,2022,15,25,174.0,1,6,49.0,0,0,0,0.0,0,13.86,13.86,ATL,Marcus Mariota,13.86
00-0032268,M.Mariota,Marcus Mariota,QB,ATL,PIT,13,2022,13,24,167.0,1,3,17.0,0,0,0,0.0,0,10.38,10.38,ATL,Marcus Mariota,10.38
00-0032385,S.Shepard,Sterling Shepard,WR,NYG,TEN,1,2022,0,0,0.0,0,0,0.0,0,2,4,71.0,1,13.1,15.1,NYG,Sterling Shepard,13.1
00-0032385,S.Shepard,Sterling Shepard,WR,NYG,CAR,2,2022,0,0,0.0,0,0,0.0,0,6,10,34.0,0,3.4,9.4,NYG,Sterling Shepard,3.4
00-0032385,S.Shepard,Sterling Shepard,WR,NYG,DAL,3,2022,0,0,0.0,0,0,0.0,0,5,10,49.0,0,4.9,9.9,NYG,Sterling Shepard,4.9
00-0032392,A.Hooper,Austin Hooper,TE,TEN,NYG,1,2022,0,0,0.0,0,0,0.0,0,1,2,6.0,0,0.6,1.6,TEN,Austin Hooper,0.6
00-0032392,A.Hooper,Austin Hooper,TE,TEN,BUF,2,2022,0,0,0.0,0,0,0.0,0,1,5,19.0,0,1.9,2.9,TEN,Austin Hooper,1.9
00-0032392,A.Hooper,Austin Hooper,TE,TEN,LV,3,2022,0,0,0.0,0,0,0.0,0,2,2,19.0,0,1.9,3.9,TEN,Austin Hooper,1.9
00-0032392,A.Hooper,Austin Hooper,TE,TEN,IND,4,2022,0,0,0.0,0,0,0.0,0,1,1,4.0,0,0.4,1.4,TEN,Austin Hooper,0.4
00-0032392,A.Hooper,Austin Hooper,TE,TEN,WAS,5,2022,0,0,0.0,0,0,0.0,0,1,1,7.0,0,0.7,1.7,TEN,Austin Hooper,0.7
00-0032392,A.Hooper,Austin Hooper,TE,TEN,IND,7,2022,0,0,0.0,0,0,0.0,0,3,3,56.0,0,5.6,8.6,TEN,Austin Hooper,5.6
00-0032392,A.Hooper,Austin Hooper,TE,TEN,HOU,8,2022,0,0,0.0,0,0,0.0,0,1,1,5.0,0,0.5,1.5,TEN,Austin Hooper,0.5
00-0032392,A.Hooper,Austin Hooper,TE,TEN,KC,9,2022,0,0,0.0,0,0,0.0,0,2,3,34.0,0,3.4,5.4,TEN,Austin Hooper,3.4
00-0032392,A.Hooper,Austin Hooper,TE,TEN,DEN,10,2022,0,0,0.0,0,0,0.0,0,5,7,41.0,0,4.1,9.1,TEN,Austin Hooper,4.1
00-0032392,A.Hooper,Austin Hooper,TE,TEN,GB,11,2022,0,0,0.0,0,0,0.0,0,4,4,36.0,2,15.6,19.6,TEN,Austin Hooper,15.6
00-0032392,A.Hooper,Austin Hooper,TE,TEN,CIN,12,2022,0,0,0.0,0,0,0.0,0,3,4,30.0,0,3.0,6.0,TEN,Austin Hooper,3.0
00-0032392,A.Hooper,Austin Hooper,TE,TEN,PHI,13,2022,0,0,0.0,0,0,0.0,0,3,5,22.0,0,2.2,5.2,TEN,Austin Hooper,2.2
00-0032392,A.Hooper,Austin Hooper,TE,TEN,JAX,14,2022,0,0,0.0,0,0,0.0,0,5,5,68.0,0,6.8,11.8,TEN,Austin Hooper,6.8
00-0032392,A.Hooper,Austin Hooper,TE,TEN,LAC,15,2022,0,0,0.0,0,0,0.0,0,2,4,33.0,0,3.3,5.3,TEN,Austin Hooper,3.3
00-0032392,A.Hooper,Austin Hooper,TE,TEN,HOU,16,2022,0,0,0.0,0,0,0.0,0,2,3,20.0,0,2.0,4.0,TEN,Austin Hooper,2.0
00-0032392,A.Hooper,Austin Hooper,TE,TEN,DAL,17,2022,0,0,0.0,0,0,0.0,0,1,6,6.0,0,0.6,1.6,TEN,Austin Hooper,0.6
00-0032392,A.Hooper,Austin Hooper,TE,TEN,JAX,18,2022,0,0,0.0,0,0,0.0,0,4,4,38.0,0,3.8,7.8,TEN,Austin Hooper,3.8
00-0032394,N.Vannett,Nick Vannett,TE,NO,CAR,3,2022,0,0,0.0,0,0,0.0,0,1,1,5.0,0,0.5,1.5,NO,Nick Vannett,0.5
00-0032394,N.Vannett,Nick Vannett,TE,NO,LV,8,2022,0,0,0.0,0,0,0.0,0,1,1,8.0,0,0.8,1.8,NO,Nick Vannett,0.8
00-0032394,N.Vannett,Nick Vannett,TE,NYG,PHI,14,2022,0,0,0.0,0,0,0.0,0,1,2,9.0,0,0.9,1.9,NYG,Nick Vannett,0.9
00-0032394,N.Vannett,Nick Vannett,TE,NYG,WAS,15,2022,0,0,0.0,0,0,0.0,0,1,1,15.0,0,1.5,2.5,NYG,Nick Vannett,1.5
00-0032394,N.Vannett,Nick Vannett,TE,NYG,PHI,18,2022,0,0,0.0,0,0,0.0,0,2,4,18.0,0,1.8,3.8,NYG,Nick Vannett,1.8
00-0032398,C.Moore,Chris Moore,WR,HOU,IND,1,2022,0,0,0.0,0,0,0.0,0,3,3,31.0,0,3.1,6.1,HOU,Chris Moore,3.1
00-0032398,C.Moore,Chris Moore,WR,HOU,DEN,2,2022,0,0,0.0,0,0,0.0,0,2,4,14.0,0,1.4,3.4,HOU,Chris Moore,1.4
00-0032398,C.Moore,Chris Moore,WR,HOU,CHI,3,2022,0,0,0.0,0,0,0.0,0,3,3,63.0,0,6.3,9.3,HOU,Chris Moore,6.3
00-0032398,C.Moore,Chris Moore,WR,HOU,LAC,4,2022,0,0,0.0,0,0,0.0,0,0,2,0.0,0,0.0,0.0,HOU,Chris Moore,0.0
00-0032398,C.Moore,Chris Moore,WR,HOU,LV,7,2022,0,0,0.0,0,0,0.0,0,2,4,20.0,1,8.0,10.0,HOU,Chris Moore,8.0
00-0032398,C.Moore,Chris Moore,WR,HOU,PHI,9,2022,0,0,0.0,0,1,2.0,0,4,5,43.0,1,10.5,14.5,HOU,Chris Moore,10.5
00-0032398,C.Moore,Chris Moore,WR,HOU,NYG,10,2022,0,0,0.0,0,0,0.0,0,3,6,70.0,0,7.0,10.0,HOU,Chris Moore,7.0
00-0032398,C.Moore,Chris Moore,WR,HOU,WAS,11,2022,0,0,0.0,0,1,3.0,0,5,7,20.0,0,2.3,7.3,HOU,Chris Moore,2.3
00-0032398,C.Moore,Chris Moore,WR,HOU,MIA,12,2022,0,0,0.0,0,0,0.0,0,2,3,7.0,0,0.7,2.7,HOU,Chris Moore,0.7
00-0032398,C.Moore,Chris Moore,WR,HOU,CLE,13,2022,0,0,0.0,0,0,0.0,0,3,3,46.0,0,4.6,7.6,HOU,Chris Moore,4.6
00-0032398,C.Moore,Chris Moore,WR,HOU,DAL,14,2022,0,0,0.0,0,0,0.0,0,10,11,124.0,0,12.4,22.4,HOU,Chris Moore,12.4
00-0032398,C.Moore,Chris Moore,WR,HOU,KC,15,2022,0,0,0.0,0,0,0.0,0,4,8,42.0,0,4.2,8.2,HOU,Chris Moore,4.2
00-0032398,C.Moore,Chris Moore,WR,HOU,TEN,16,2022,0,0,0.0,0,0,0.0,0,2,4,25.0,0,2.5,4.5,HOU,Chris Moore,2.5
00-0032398,C.Moore,Chris Moore,WR,HOU,JAX,17,2022,0,0,0.0,0,0,0.0,0,3,5,21.0,0,2.1,5.1,HOU,Chris Moore,2.1
00-0032398,C.Moore,Chris Moore,WR,HOU,IND,18,2022,0,0,0.0,0,1,-2.0,0,2,6,22.0,0,2.0,4.0,HOU,Chris Moore,2.0
00-0032434,B.Allen,Brandon Allen,QB,CIN,CAR,9,2022,3,3,22.0,0,3,-1.0,0,0,0,0.0,0,0.78,0.78,CIN,Brandon Allen,0.78
00-0032436,J.Driskel,Jeff Driskel,QB,HOU,IND,1,2022,0,0,0.0,0,1,5.0,0,0,0,0.0,0,0.5,0.5,HOU,Jeff Driskel,0.5
00-0032436,J.Driskel,Jeff Driskel,QB,HOU,DEN,2,2022,0,0,0.0,0,1,10.0,0,0,0,0.0,0,1.0,1.0,HOU,Jeff Driskel,1.0
00-0032436,J.Driskel,Jeff Driskel,QB,HOU,DAL,14,2022,4,6,38.0,1,7,36.0,0,0,0,0.0,0,9.12,9.12,HOU,Jeff Driskel,9.12
00-0032436,J.Driskel,Jeff Driskel,QB,HOU,KC,15,2022,2,4,8.0,0,4,8.0,0,0,0,0.0,0,1.12,1.12,HOU,Jeff Driskel,1.12
00-0032436,J.Driskel,Jeff Driskel,QB,HOU,TEN,16,2022,3,4,40.0,0,2,2.0,0,1,1,4.0,0,2.2,3.2,HOU,Jeff Driskel,2.2
00-0032436,J.Driskel,Jeff Driskel,QB,HOU,JAX,17,2022,3,4,9.0,0,2,7.0,0,0,0,0.0,0,1.06,1.06,HOU,Jeff Driskel,1.06
00-0032436,J.Driskel,Jeff Driskel,QB,HOU,IND,18,2022,2,2,13.0,0,3,7.0,0,0,0,0.0,0,1.22,1.22,HOU,Jeff Driskel,1.22
00-0032437,K.Grugier-Hill,Kamu Grugier-Hill,ILB,ARI,TB,16,2022,0,0,0.0,0,0,0.0,0,1,1,4.0,0,0.4,1.4,ARI,Kamu Grugier-Hill,0.4
00-0032450,D.Washington,Dwayne Washington,RB,NO,TB,2,2022,0,0,0.0,0,4,18.0,0,0,0,0.0,0,1.8,1.8,NO,Dwayne Washington,1.8
00-0032450,D.Washington,Dwayne Washington,RB,NO,LV,8,2022,0,0,0.0,0,4,13.0,0,0,0,0.0,0,1.3,1.3,NO,Dwayne Washington,1.3
00-0032450,D.Washington,Dwayne Washington,RB,NO,BAL,9,2022,0,0,0.0,0,3,7.0,0,1,1,7.0,0,1.4,2.4,NO,Dwayne Washington,1.4
00-0032464,K.Raymond,Kalif Raymond,WR,DET,PHI,1,2022,0,0,0.0,0,0,0.0,0,0,2,0.0,0,0.0,0.0,DET,Kalif Raymond,0.0
00-0032464,K.Raymond,Kalif Raymond,WR,DET,MIN,3,2022,0,0,0.0,0,0,0.0,0,1,1,4.0,0,0.4,1.4,DET,Kalif Raymond,0.4
00-0032464,K.Raymond,Kalif Raymond,WR,DET,SEA,4,2022,0,0,0.0,0,1,3.0,0,3,5,38.0,0,2.1,5.1,DET,Kalif Raymond,2.1
00-0032464,K.Raymond,Kalif Raymond,WR,DET,NE,5,2022,0,0,0.0,0,0,0.0,0,5,7,45.0,0,4.5,9.5,DET,Kalif Raymond,4.5
00-0032464,K.Raymond,Kalif Raymond,WR,DET,DAL,7,2022,0,0,0.0,0,2,20.0,0,5,6,75.0,0,9.5,14.5,DET,Kalif Raymond,9.5
00-0032464,K.Raymond,Kalif Raymond,WR,DET,MIA,8,2022,0,0,0.0,0,0,0.0,0,3,4,76.0,0,7.6,10.6,DET,Kalif Raymond,7.6
00-0032464,K.Raymond,Kalif Raymond,WR,DET,GB,9,2022,0,0,0.0,0,0,0.0,0,3,3,17.0,0,1.7,4.7,DET,Kalif Raymond,1.7
00-0032464,K.Raymond,Kalif Raymond,WR,DET,CHI,10,2022,0,0,0.0,0,0,0.0,0,3,3,47.0,0,4.7,7.7,DET,Kalif Raymond,4.7
00-0032464,K.Raymond,Kalif Raymond,WR,DET,NYG,11,2022,0,0,0.0,0,1,7.0,0,3,7,33.0,0,4.0,7.0,DET,Kalif Raymond,4.0
00-0032464,K.Raymond,Kalif Raymond,WR,DET,BUF,12,2022,0,0,0.0,0,0,0.0,0,4,6,35.0,0,3.5,7.5,DET,Kalif Raymond,3.5
00-0032464,K.Raymond,Kalif Raymond,WR,DET,JAX,13,2022,0,0,0.0,0,1,-6.0,0,2,2,12.0,0,0.6,2.6,DET,Kalif Raymond,0.6
00-0032464,K.Raymond,Kalif Raymond,WR,DET,MIN,14,2022,0,0,0.0,0,0,0.0,0,2,2,19.0,0,1.9,3.9,DET,Kalif Raymond,1.9
00-0032464,K.Raymond,Kalif Raymond,WR,DET,NYJ,15,2022,0,0,0.0,0,0,0.0,0,5,6,53.0,0,11.3,16.3,DET,Kalif Raymond,11.3
00-0032464,K.Raymond,Kalif Raymond,WR,DET,CAR,16,2022,0,0,0.0,0,1,8.0,0,1,1,56.0,0,6.4,7.4,DET,Kalif Raymond,6.4
00-0032464,K.Raymond,Kalif Raymond,WR,DET,CHI,17,2022,0,0,0.0,0,1,4.0,0,3,3,40.0,0,4.4,7.4,DET,Kalif Raymond,4.4
00-0032464,K.Raymond,Kalif Raymond,WR,DET,GB,18,2022,0,0,0.0,0,0,0.0,0,4,6,66.0,0,6.6,10.6,DET,Kalif Raymond,6.6
00-0032496,M.Farley,Matthias Farley,FS,LV,NO,8,2022,0,0,0.0,0,1,-3.0,0,0,0,0.0,0,-0.3,-0.3,LV,Matthias Farley,-0.3
00-0032602,J.McKissic,J.D. McKissic,RB,WAS,JAX,1,2022,0,0,0.0,0,3,8.0,0,3,3,20.0,0,4.8,7.8,WAS,J.D. McKissic,4.8
00-0032602,J.McKissic,J.D. McKissic,RB,WAS,DET,2,2022,0,0,0.0,0,3,9.0,0,7,7,54.0,0,6.3,13.3,WAS,J.D. McKissic,6.3
00-0032602,J.McKissic,J.D. McKissic,RB,WAS,PHI,3,2022,0,0,0.0,0,3,8.0,0,6,9,32.0,0,4.0,10.0,WAS,J.D. McKissic,4.0
00-0032602,J.McKissic,J.D. McKissic,RB,WAS,DAL,4,2022,0,0,0.0,0,8,40.0,0,3,4,16.0,0,5.6,8.6,WAS,J.D. McKissic,5.6
00-0032602,J.McKissic,J.D. McKissic,RB,WAS,TEN,5,2022,0,0,0.0,0,0,0.0,0,5,7,37.0,0,3.7,8.7,WAS,J.D. McKissic,3.7
00-0032602,J.McKissic,J.D. McKissic,RB,WAS,CHI,6,2022,0,0,0.0,0,2,20.0,0,0,3,0.0,0,2.0,2.0,WAS,J.D. McKissic,2.0
00-0032602,J.McKissic,J.D. McKissic,RB,WAS,GB,7,2022,0,0,0.0,0,1,4.0,0,0,2,0.0,0,0.4,0.4,WAS,J.D. McKissic,0.4
00-0032602,J.McKissic,J.D. McKissic,RB,WAS,IND,8,2022,0,0,0.0,0,2,6.0,0,3,5,14.0,0,2.0,5.0,WAS,J.D. McKissic,2.0
00-0032688,R.Chosen,Robbie Chosen,WR,CAR,CLE,1,2022,0,0,0.0,0,0,0.0,0,5,8,102.0,1,16.2,21.2,CAR,Robbie Chosen,16.2
00-0032688,R.Chosen,Robbie Chosen,WR,CAR,NYG,2,2022,0,0,0.0,0,0,0.0,0,3,5,32.0,0,1.2,4.2,CAR,Robbie Chosen,1.2
00-0032688,R.Chosen,Robbie Chosen,WR,CAR,NO,3,2022,0,0,0.0,0,0,0.0,0,1,4,14.0,0,1.4,2.4,CAR,Robbie Chosen,1.4
00-0032688,R.Chosen,Robbie Chosen,WR,CAR,ARI,4,2022,0,0,0.0,0,0,0.0,0,3,5,26.0,0,2.6,5.6,CAR,Robbie Chosen,2.6
00-0032688,R.Chosen,Robbie Chosen,WR,CAR,SF,5,2022,0,0,0.0,0,0,0.0,0,1,5,32.0,0,3.2,4.2,CAR,Robbie Chosen,3.2
00-0032688,R.Chosen,Robbie Chosen,WR,ARI,NO,7,2022,0,0,0.0,0,0,0.0,0,0,1,0.0,0,0.0,0.0,ARI,Robbie Chosen,0.0
00-0032688,R.Chosen,Robbie Chosen,WR,ARI,MIN,8,2022,0,0,0.0,0,0,0.0,0,0,3,0.0,0,0.0,0.0,ARI,Robbie Chosen,0.0
00-0032688,R.Chosen,Robbie Chosen,WR,ARI,SEA,9,2022,0,0,0.0,0,0,0.0,0,1,3,-4.0,0,-0.4,0.6,ARI,Robbie Chosen,-0.4
00-0032688,R.Chosen,Robbie Chosen,WR,ARI,LAC,12,2022,0,0,0.0,0,0,0.0,0,1,3,17.0,0,1.7,2.7,ARI,Robbie Chosen,1.7
00-0032688,R.Chosen,Robbie Chosen,WR,ARI,NE,14,2022,0,0,0.0,0,0,0.0,0,4,4,50.0,0,5.0,9.0,ARI,Robbie Chosen,5.0
00-0032688,R.Chosen,Robbie Chosen,WR,ARI,DEN,15,2022,0,0,0.0,0,0,0.0,0,0,2,0.0,0,0.0,0.0,ARI,Robbie Chosen,0.0
00-0032688,R.Chosen,Robbie Chosen,WR,ARI,ATL,17,2022,0,0,0.0,0,0,0.0,0,1,1,13.0,0,1.3,2.3,ARI,Robbie Chosen,1.3
00-0032725,S.Anderson,Stephen Anderson,TE,ARI,LV,2,2022,0,0,0.0,0,0,0.0,0,1,1,2.0,0,0.2,1.2,ARI,Stephen Anderson,0.2
00-0032725,S.Anderson,Stephen Anderson,TE,ARI,LA,10,2022,0,0,0.0,0,0,0.0,0,0,1,0.0,0,0.0,0.0,ARI,Stephen Anderson,0.0
00-0032725,S.Anderson,Stephen Anderson,TE,ARI,SF,11,2022,0,0,0.0,0,0,0.0,0,0,1,0.0,0,0.0,0.0,ARI,Stephen Anderson,0.0
00-0032725,S.Anderson,Stephen Anderson,TE,ARI,NE,14,2022,0,0,0.0,0,0,0.0,0,2,2,7.0,0,0.7,2.7,ARI,Stephen Anderson,0.7
00-0032725,S.Anderson,Stephen Anderson,TE,ARI,TB,16,2022,0,0,0.0,0,0,0.0,0,0,2,0.0,0,0.0,0.0,ARI,Stephen Anderson,0.0
00-0032764,D.Henry,Derrick Henry,RB,TEN,NYG,1,2022,0,0,0.0,0,21,82.0,0,0,1,0.0,0,8.2,8.2,TEN,Derrick Henry,8.2
00-0032764,D.Henry,Derrick Henry,RB,TEN,BUF,2,2022,0,0,0.0,0,13,25.0,1,0,0,0.0,0,8.5,8.5,TEN,Derrick Henry,8.5
00-0032764,D.Henry,Derrick Henry,RB,TEN,LV,3,2022,0,0,0.0,0,20,85.0,1,5,6,58.0,0,20.3,25.3,TEN,Derrick Henry,20.3
00-0032764,D.Henry,Derrick Henry,RB,TEN,IND,4,2022,0,0,0.0,0,22,114.0,1,3,5,33.0,0,20.7,23.7,TEN,Derrick Henry,20.7
00-0032764,D.Henry,Derrick Henry,RB,TEN,WAS,5,2022,0,0,0.0,0,28,102.0,2,2,2,30.0,0,25.2,27.2,TEN,Derrick Henry,25.2
00-0032764,D.Henry,Derrick Henry,RB,TEN,IND,7,2022,0,0,0.0,0,30,128.0,0,3,3,10.0,0,13.8,16.8,TEN,Derrick Henry,13.8
00-0032764,D.Henry,Derrick Henry,RB,TEN,HOU,8,2022,0,0,0.0,0,32,219.0,2,1,1,9.0,0,34.8,35.8,TEN,Derrick Henry,34.8
00-0032764,D.Henry,Derrick Henry,RB,TEN,KC,9,2022,0,0,0.0,0,17,115.0,2,0,0,0.0,0,23.5,23.5,TEN,Derrick Henry,23.5
00-0032764,D.Henry,Derrick Henry,RB,TEN,DEN,10,2022,0,0,0.0,0,19,53.0,0,2,3,14.0,0,6.7,8.7,TEN,Derrick Henry,6.7
00-0032764,D.Henry,Derrick Henry,RB,TEN,GB,11,2022,2,2,4.0,1,28,87.0,1,2,2,45.0,0,23.36,25.36,TEN,Derrick Henry,23.36
00-0032764,D.Henry,Derrick Henry,RB,TEN,CIN,12,2022,0,0,0.0,0,17,38.0,0,3,3,79.0,0,11.7,14.7,TEN,Derrick Henry,11.7
00-0032764,D.Henry,Derrick Henry,RB,TEN,PHI,13,2022,0,0,0.0,0,11,30.0,0,2,3,8.0,0,3.8,5.8,TEN,Derrick Henry,3.8
00-0032764,D.Henry,Derrick Henry,RB,TEN,JAX,14,2022,0,0,0.0,0,17,121.0,1,3,5,34.0,0,17.5,20.5,TEN,Derrick Henry,17.5
00-0032764,D.Henry,Derrick Henry,RB,TEN,LAC,15,2022,0,0,0.0,0,21,104.0,1,4,4,59.0,0,22.3,26.3,TEN,Derrick Henry,22.3
00-0032764,D.Henry,Derrick Henry,RB,TEN,HOU,16,2022,0,0,0.0,0,23,126.0,1,2,2,0.0,0,16.6,18.6,TEN,Derrick Henry,16.6
00-0032764,D.Henry,Derrick Henry,RB,TEN,JAX,18,2022,0,0,0.0,0,30,109.0,0,1,1,19.0,0,12.8,13.8,TEN,Derrick Henry,12.8
00-0032765,M.Thomas,Michael Thomas,WR,NO,ATL,1,2022,0,0,0.0,0,0,0.0,0,5,8,57.0,2,17.7,22.7,NO,Michael Thomas,17.7
00-0032765,M.Thomas,Michael Thomas,WR,NO,TB,2,2022,0,0,0.0,0,0,0.0,0,6,9,65.0,1,12.5,18.5,NO,Michael Thomas,12.5
00-0032765,M.Thomas,Michael Thomas,WR,NO,CAR,3,2022,0,0,0.0,0,0,0.0,0,5,5,49.0,0,4.9,9.9,NO,Michael Thomas,4.9
00-0032775,D.Robinson,Demarcus Robinson,WR,BAL,NYJ,1,2022,0,0,0.0,0,0,0.0,0,2,4,19.0,0,1.9,3.9,BAL,Demarcus Robinson,1.9
00-0032775,D.Robinson,Demarcus Robinson,WR,BAL,MIA,2,2022,0,0,0.0,0,0,0.0,0,1,2,12.0,1,7.2,8.2,BAL,Demarcus Robinson,7.2
00-0032775,D.Robinson,Demarcus Robinson,WR,BAL,NE,3,2022,0,0,0.0,0,0,0.0,0,0,1,0.0,0,0.0,0.0,BAL,Demarcus Robinson,0.0
00-0032775,D.Robinson,Demarcus Robinson,WR,BAL,BUF,4,2022,0,0,0.0,0,0,0.0,0,2,3,10.0,0,1.0,3.0,BAL,Demarcus Robinson,1.0
00-0032775,D.Robinson,Demarcus Robinson,WR,BAL,CIN,5,2022,0,0,0.0,0,0,0.0,0,1,2,8.0,0,0.8,1.8,BAL,Demarcus Robinson,0.8
00-0032775,D.Robinson,Demarcus Robinson,WR,BAL,NYG,6,2022,0,0,0.0,0,0,0.0,0,3,5,27.0,0,2.7,5.7,BAL,Demarcus Robinson,2.7
00-0032775,D.Robinson,Demarcus Robinson,WR,BAL,TB,8,2022,0,0,0.0,0,0,0.0,0,6,8,64.0,0,6.4,12.4,BAL,Demarcus Robinson,6.4
00-0032775,D.Robinson,Demarcus Robinson,WR,BAL,NO,9,2022,0,0,0.0,0,0,0.0,0,1,4,12.0,0,1.2,2.2,BAL,Demarcus Robinson,1.2
00-0032775,D.Robinson,Demarcus Robinson,WR,BAL,CAR,11,2022,0,0,0.0,0,0,0.0,0,9,9,128.0,0,12.8,21.8,BAL,Demarcus Robinson,12.8
00-0032775,D.Robinson,Demarcus Robinson,WR,BAL,JAX,12,2022,0,0,0.0,0,0,0.0,0,1,4,17.0,0,1.7,2.7,BAL,Demarcus Robinson,1.7
00-0032775,D.Robinson,Demarcus Robinson,WR,BAL,DEN,13,2022,0,0,0.0,0,0,0.0,0,7,8,41.0,0,4.1,11.1,BAL,Demarcus Robinson,4.1
00-0032775,D.Robinson,Demarcus Robinson,WR,BAL,PIT,14,2022,0,0,0.0,0,0,0.0,0,5,6,52.0,0,5.2,10.2,BAL,Demarcus Robinson,5.2
00-0032775,D.Robinson,Demarcus Robinson,WR,BAL,CLE,15,2022,0,0,0.0,0,0,0.0,0,6,6,29.0,0,0.9,6.9,BAL,Demarcus Robinson,0.9
00-0032775,D.Robinson,Demarcus Robinson,WR,BAL,ATL,16,2022,0,0,0.0,0,0,0.0,0,1,1,6.0,1,6.6,7.6,BAL,Demarcus Robinson,6.6
00-0032775,D.Robinson,Demarcus Robinson,WR,BAL,PIT,17,2022,0,0,0.0,0,0,0.0,0,1,3,9.0,0,0.9,1.9,BAL,Demarcus Robinson,0.9
00-0032775,D.Robinson,Demarcus Robinson,WR,BAL,CIN,18,2022,0,0,0.0,0,0,0.0,0,2,9,24.0,0,2.4,4.4,BAL,Demarcus Robinson,2.4
00-0032775,D.Robinson,Demarcus Robinson,WR,BAL,CIN,19,2022,0,0,0.0,0,0,0.0,0,2,3,49.0,1,10.9,12.9,BAL,Demarcus Robinson,10.9
00-0032780,J.Howard,Jordan Howard,RB,NO,PIT,10,2022,0,0,0.0,0,1,1.0,0,0,0,0.0,0,0.1,0.1,NO,Jordan Howard,0.1
00-0032792,N.Sudfeld,Nate Sudfeld,QB,DET,JAX,13,2022,0,0,0.0,0,2,-1.0,0,0,0,0.0,0,-0.1,-0.1,DET,Nate Sudfeld,-0.1
00-0032792,N.Sudfeld,Nate Sudfeld,QB,DET,CHI,17,2022,0,0,0.0,0,3,-3.0,0,0,0,0.0,0,-0.3,-0.3,DET,Nate Sudfeld,-0.3
00-0032807,C.Fejedelem,Clayton Fejedelem,SS,MIA,MIN,6,2022,0,0,0.0,0,1,0.0,0,0,0,0.0,0,0.0,0.0,MIA,Clayton Fejedelem,0.0
00-0032897,D.Watt,Derek Watt,FB,PIT,NE,2,2022,0,0,0.0,0,1,2.0,0,0,0,0.0,0,0.2,0.2,PIT,Derek Watt,0.2
00-0032897,D.Watt,Derek Watt,FB,PIT,BUF,5,2022,0,0,0.0,0,0,0.0,0,1,1,1.0,0,0.1,1.1,PIT,Derek Watt,0.1
00-0032897,D.Watt,Derek Watt,FB,PIT,PHI,8,2022,0,0,0.0,0,0,0.0,0,2,2,6.0,1,6.6,8.6,PIT,Derek Watt,6.6
00-0032897,D.Watt,Derek Watt,FB,PIT,NO,10,2022,0,0,0.0,0,2,5.0,0,0,0,0.0,0,0.5,0.5,PIT,Derek Watt,0.5
00-0032897,D.Watt,Derek Watt,FB,PIT,IND,12,2022,0,0,0.0,0,1,4.0,0,1,1,1.0,0,0.5,1.5,PIT,Derek Watt,0.5
00-0032897,D.Watt,Derek Watt,FB,PIT,ATL,13,2022,0,0,0.0,0,1,4.0,0,1,1,3.0,0,0.7,1.7,PIT,Derek Watt,0.7
00-0032897,D.Watt,Derek Watt,FB,PIT,CAR,15,2022,0,0,0.0,0,1,2.0,0,0,0,0.0,0,0.2,0.2,PIT,Derek Watt,0.2
00-0032897,D.Watt,Derek Watt,FB,PIT,LV,16,2022,0,0,0.0,0,1,0.0,0,0,0,0.0,0,0.0,0.0,PIT,Derek Watt,0.0
00-0032897,D.Watt,Derek Watt,FB,PIT,BAL,17,2022,0,0,0.0,0,1,3.0,0,0,0,0.0,0,0.3,0.3,PIT,Derek Watt,0.3
00-0032897,D.Watt,Derek Watt,FB,PIT,CLE,18,2022,0,0,0.0,0,1,1.0,1,0,0,0.0,0,6.1,6.1,PIT,Derek Watt,6.1
00-0032918,C.Ham,C.J. Ham,FB,MIN,GB,1,2022,0,0,0.0,0,0,0.0,0,1,1,6.0,0,0.6,1.6,MIN,C.J. Ham,0.6
00-0032918,C.Ham,C.J. Ham,FB,MIN,DET,3,2022,0,0,0.0,0,0,0.0,0,2,3,15.0,0,1.5,3.5,MIN,C.J. Ham,1.5
00-0032918,C.Ham,C.J. Ham,FB,MIN,NO,4,2022,0,0,0.0,0,0,0.0,0,0,1,0.0,0,0.0,0.0,MIN,C.J. Ham,0.0
00-0032918,C.Ham,C.J. Ham,FB,MIN,MIA,6,2022,0,0,0.0,0,1,3.0,0,0,0,0.0,0,0.3,0.3,MIN,C.J. Ham,0.3
00-0032918,C.Ham,C.J. Ham,FB,MIN,BUF,10,2022,0,0,0.0,0,1,3.0,1,0,0,0.0,0,6.3,6.3,MIN,C.J. Ham,6.3
00-0032918,C.Ham,C.J. Ham,FB,MIN,DET,14,2022,0,0,0.0,0,0,0.0,0,1,1,9.0,0,0.9,1.9,MIN,C.J. Ham,0.9
00-0032918,C.Ham,C.J. Ham,FB,MIN,IND,15,2022,0,0,0.0,0,2,1.0,1,1,1,4.0,0,6.5,7.5,MIN,C.J. Ham,6.5
00-0032918,C.Ham,C.J. Ham,FB,MIN,NYG,16,2022,0,0,0.0,0,0,0.0,0,1,1,5.0,0,0.5,1.5,MIN,C.J. Ham,0.5
00-0032918,C.Ham,C.J. Ham,FB,MIN,CHI,18,2022,0,0,0.0,0,0,0.0,0,4,4,47.0,0,4.7,8.7,MIN,C.J. Ham,4.7
00-0032943,R.Dixon,Riley Dixon,P,LA,DAL,5,2022,1,1,12.0,0,0,0.0,0,0,0,0.0,0,0.48,0.48,LA,Riley Dixon,0.48
00-0032943,R.Dixon,Riley Dixon,P,LA,KC,12,2022,1,1,6.0,0,0,0.0,0,0,0,0.0,0,0.24,0.24,LA,Riley Dixon,0.24
00-0032950,C.Wentz,Carson Wentz,QB,WAS,JAX,1,2022,27,41,313.0,4,6,12.0,0,0,0,0.0,0,27.72,27.72,WAS,Carson Wentz,27.72
00-0032950,C.Wentz,Carson Wentz,QB,WAS,DET,2,2022,30,46,337.0,3,2,23.0,0,0,0,0.0,0,27.78,27.78,WAS,Carson Wentz,27.78
00-0032950,C.Wentz,Carson Wentz,QB,WAS,PHI,3,2022,25,43,211.0,0,3,22.0,0,0,0,0.0,0,8.64,8.64,WAS,Carson Wentz,8.64
00-0032950,C.Wentz,Carson Wentz,QB,WAS,DAL,4,2022,25,42,170.0,1,1,5.0,0,0,0,0.0,0,7.3,7.3,WAS,Carson Wentz,7.3
00-0032950,C.Wentz,Carson Wentz,QB,WAS,TEN,5,2022,25,38,359.0,2,5,15.0,0,0,0,0.0,0,21.86,21.86,WAS,Carson Wentz,21.86
00-0032950,C.Wentz,Carson Wentz,QB,WAS,CHI,6,2022,12,22,99.0,0,2,2.0,0,0,0,0.0,0,4.16,4.16,WAS,Carson Wentz,4.16
00-0032950,C.Wentz,Carson Wentz,QB,WAS,SF,16,2022,12,16,123.0,1,0,0.0,0,0,0,0.0,0,8.92,8.92,WAS,Carson Wentz,8.92
00-0032950,C.Wentz,Carson Wentz,QB,WAS,CLE,17,2022,16,28,143.0,0,3,7.0,1,0,0,0.0,0,6.42,6.42,WAS,Carson Wentz,6.42
00-0032951,L.Treadwell,Laquon Treadwell,WR,SEA,LA,13,2022,0,0,0.0,0,0,0.0,0,1,1,1.0,0,0.1,1.1,SEA,Laquon Treadwell,0.1
00-0032951,L.Treadwell,Laquon Treadwell,WR,SEA,KC,16,2022,0,0,0.0,0,0,0.0,0,3,7,26.0,0,2.6,5.6,SEA,Laquon Treadwell,2.6
00-0032951,L.Treadwell,Laquon Treadwell,WR,SEA,NYJ,17,2022,0,0,0.0,0,0,0.0,0,2,2,15.0,0,1.5,3.5,SEA,Laquon Treadwell,1.5
00-0032958,W.Parks,Will Parks,FS,NYJ,NYJ,6,2022,0,0,0.0,0,0,0.0,0,0,0,0.0,0,6.0,6.0,NYJ,Will Parks,6.0
00-0032975,J.Williams,Jonathan Williams,RB,WAS,PHI,3,2022,0,0,0.0,0,1,6.0,0,0,0,0.0,0,0.6,0.6,WAS,Jonathan Williams,0.6
00-0032975,J.Williams,Jonathan Williams,RB,WAS,DAL,4,2022,0,0,0.0,0,5,48.0,0,0,0,0.0,0,4.8,4.8,WAS,Jonathan Williams,4.8
00-0032975,J.Williams,Jonathan Williams,RB,WAS,ATL,12,2022,0,0,0.0,0,4,22.0,0,0,0,0.0,0,2.2,2.2,WAS,Jonathan Williams,2.2
00-0032975,J.Williams,Jonathan Williams,RB,WAS,NYG,13,2022,0,0,0.0,0,1,1.0,0,0,0,0.0,0,0.1,0.1,WAS,Jonathan Williams,0.1
00-0032975,J.Williams,Jonathan Williams,RB,WAS,SF,16,2022,0,0,0.0,0,3,13.0,0,2,3,28.0,0,4.1,6.1,WAS,Jonathan Williams,4.1
00-0032975,J.Williams,Jonathan Williams,RB,WAS,CLE,17,2022,0,0,0.0,0,9,30.0,0,3,5,3.0,0,3.3,6.3,WAS,Jonathan Williams,3.3
00-0032975,J.Williams,Jonathan Williams,RB,WAS,DAL,18,2022,0,0,0.0,0,14,32.0,0,2,2,9.0,0,4.1,6.1,WAS,Jonathan Williams,4.1
00-0032980,M.Johnson,Marcus Johnson,WR,NYG,GB,5,2022,0,0,0.0,0,0,0.0,0,3,3,35.0,0,3.5,6.5,NYG,Marcus Johnson,3.5
00-0032980,M.Johnson,Marcus Johnson,WR,NYG,BAL,6,2022,0,0,0.0,0,0,0.0,0,2,4,25.0,0,2.5,4.5,NYG,Marcus Johnson,2.5
00-0032980,M.Johnson,Marcus Johnson,WR,NYG,JAX,7,2022,0,0,0.0,0,0,0.0,0,0,3,0.0,0,0.0,0.0,NYG,Marcus Johnson,0.0
00-0032980,M.Johnson,Marcus Johnson,WR,NYG,SEA,8,2022,0,0,0.0,0,0,0.0,0,1,6,3.0,0,0.3,1.3,NYG,Marcus Johnson,0.3
00-0032980,M.Johnson,Marcus Johnson,WR,NYG,PHI,18,2022,0,0,0.0,0,0,0.0,0,3,6,36.0,0,3.6,6.6,NYG,Marcus Johnson,3.6
00-0032980,M.Johnson,Marcus Johnson,WR,NYG,PHI,20,2022,0,0,0.0,0,0,0.0,0,1,1,17.0,0,1.7,2.7,NYG,Marcus Johnson,1.7
00-0033009,T.Boyd,Tyler Boyd,WR,CIN,PIT,1,2022,0,0,0.0,0,0,0.0,0,4,7,33.0,1,9.3,13.3,CIN,Tyler Boyd,9.3
00-0033009,T.Boyd,Tyler Boyd,WR,CIN,DAL,2,2022,0,0,0.0,0,0,0.0,0,2,2,17.0,0,3.7,5.7,CIN,Tyler Boyd,3.7
00-0033009,T.Boyd,Tyler Boyd,WR,CIN,NYJ,3,2022,0,0,0.0,0,0,0.0,0,4,5,105.0,1,16.5,20.5,CIN,Tyler Boyd,16.5
00-0033009,T.Boyd,Tyler Boyd,WR,CIN,MIA,4,2022,1,1,23.0,0,0,0.0,0,2,5,47.0,0,5.62,7.62,CIN,Tyler Boyd,5.62
00-0033009,T.Boyd,Tyler Boyd,WR,CIN,BAL,5,2022,0,0,0.0,0,0,0.0,0,3,4,32.0,0,3.2,6.2,CIN,Tyler Boyd,3.2
00-0033009,T.Boyd,Tyler Boyd,WR,CIN,NO,6,2022,0,0,0.0,0,0,0.0,0,6,6,66.0,0,6.6,12.6,CIN,Tyler Boyd,6.6
00-0033009,T.Boyd,Tyler Boyd,WR,CIN,ATL,7,2022,0,0,0.0,0,0,0.0,0,8,9,155.0,1,21.5,29.5,CIN,Tyler Boyd,21.5
00-0033009,T.Boyd,Tyler Boyd,WR,CIN,CLE,8,2022,0,0,0.0,0,0,0.0,0,3,5,38.0,1,9.8,12.8,CIN,Tyler Boyd,9.8
00-0033009,T.Boyd,Tyler Boyd,WR,CIN,CAR,9,2022,0,0,0.0,0,0,0.0,0,5,6,44.0,0,4.4,9.4,CIN,Tyler Boyd,4.4
00-0033009,T.Boyd,Tyler Boyd,WR,CIN,PIT,11,2022,0,0,0.0,0,0,0.0,0,2,7,42.0,0,4.2,6.2,CIN,Tyler Boyd,4.2
00-0033009,T.Boyd,Tyler Boyd,WR,CIN,TEN,12,2022,0,0,0.0,0,0,0.0,0,2,4,16.0,0,1.6,3.6,CIN,Tyler Boyd,1.6
00-0033009,T.Boyd,Tyler Boyd,WR,CIN,KC,13,2022,0,0,0.0,0,0,0.0,0,4,5,60.0,0,6.0,10.0,CIN,Tyler Boyd,6.0
00-0033009,T.Boyd,Tyler Boyd,WR,CIN,CLE,14,2022,0,0,0.0,0,0,0.0,0,0,1,0.0,0,0.0,0.0,CIN,Tyler Boyd,0.0
00-0033009,T.Boyd,Tyler Boyd,WR,CIN,TB,15,2022,0,0,0.0,0,0,0.0,0,5,5,35.0,1,9.5,14.5,CIN,Tyler Boyd,9.5
00-0033009,T.Boyd,Tyler Boyd,WR,CIN,NE,16,2022,0,0,0.0,0,0,0.0,0,3,4,21.0,0,2.1,5.1,CIN,Tyler Boyd,2.1
00-0033009,T.Boyd,Tyler Boyd,WR,CIN,BAL,18,2022,0,0,0.0,0,0,0.0,0,5,7,51.0,0,5.1,10.1,CIN,Tyler Boyd,5.1
00-0033009,T.Boyd,Tyler Boyd,WR,CIN,BAL,19,2022,0,0,0.0,0,0,0.0,0,3,3,26.0,0,2.6,5.6,CIN,Tyler Boyd,2.6
00-0033009,T.Boyd,Tyler Boyd,WR,CIN,BUF,20,2022,0,0,0.0,0,0,0.0,0,1,2,23.0,0,2.3,3.3,CIN,Tyler Boyd,2.3
00-0033009,T.Boyd,Tyler Boyd,WR,CIN,KC,21,2022,0,0,0.0,0,0,0.0,0,2,2,40.0,0,4.0,6.0,CIN,Tyler Boyd,4.0
00-0033040,T.Hill,Tyreek Hill,WR,MIA,NE,1,2022,0,0,0.0,0,1,6.0,0,8,12,94.0,0,10.0,18.0,MIA,Tyreek Hill,10.0
00-0033040,T.Hill,Tyreek Hill,WR,MIA,BAL,2,2022,0,0,0.0,0,0,0.0,0,11,13,190.0,2,31.0,42.0,MIA,Tyreek Hill,31.0
00-0033040,T.Hill,Tyreek Hill,WR,MIA,BUF,3,2022,0,0,0.0,0,0,0.0,0,2,4,33.0,0,3.3,5.3,MIA,Tyreek Hill,3.3
00-0033040,T.Hill,Tyreek Hill,WR,MIA,CIN,4,2022,0,0,0.0,0,1,-1.0,0,10,14,160.0,0,15.9,25.9,MIA,Tyreek Hill,15.9
00-0033040,T.Hill,Tyreek Hill,WR,MIA,NYJ,5,2022,0,0,0.0,0,2,13.0,0,7,7,47.0,0,6.0,13.0,MIA,Tyreek Hill,6.0
00-0033040,T.Hill,Tyreek Hill,WR,MIA,MIN,6,2022,0,0,0.0,0,0,0.0,0,12,15,177.0,0,17.7,29.7,MIA,Tyreek Hill,17.7
00-0033040,T.Hill,Tyreek Hill,WR,MIA,PIT,7,2022,0,0,0.0,0,0,0.0,0,7,13,72.0,0,7.2,14.2,MIA,Tyreek Hill,7.2
00-0033040,T.Hill,Tyreek Hill,WR,MIA,DET,8,2022,0,0,0.0,0,1,7.0,0,12,14,188.0,0,19.5,31.5,MIA,Tyreek Hill,19.5
00-0033040,T.Hill,Tyreek Hill,WR,MIA,CHI,9,2022,0,0,0.0,0,0,0.0,0,7,8,143.0,1,20.3,27.3,MIA,Tyreek Hill,20.3
00-0033040,T.Hill,Tyreek Hill,WR,MIA,CLE,10,2022,0,0,0.0,0,0,0.0,0,5,6,44.0,1,10.4,15.4,MIA,Tyreek Hill,10.4
00-0033040,T.Hill,Tyreek Hill,WR,MIA,HOU,12,2022,0,0,0.0,0,1,5.0,0,6,9,85.0,0,9.0,15.0,MIA,Tyreek Hill,9.0
00-0033040,T.Hill,Tyreek Hill,WR,MIA,SF,13,2022,0,0,0.0,0,0,0.0,0,9,14,146.0,1,20.6,29.6,MIA,Tyreek Hill,20.6
00-0033040,T.Hill,Tyreek Hill,WR,MIA,LAC,14,2022,0,0,0.0,0,0,0.0,0,4,10,81.0,1,14.1,18.1,MIA,Tyreek Hill,14.1
00-0033040,T.Hill,Tyreek Hill,WR,MIA,BUF,15,2022,0,0,0.0,0,0,0.0,0,9,13,69.0,1,12.9,21.9,MIA,Tyreek Hill,12.9
00-0033040,T.Hill,Tyreek Hill,WR,MIA,GB,16,2022,0,0,0.0,0,0,0.0,0,4,6,103.0,0,10.3,14.3,MIA,Tyreek Hill,10.3
00-0033040,T.Hill,Tyreek Hill,WR,MIA,NE,17,2022,0,0,0.0,0,1,2.0,1,4,7,55.0,0,11.7,15.7,MIA,Tyreek Hill,11.7
00-0033040,T.Hill,Tyreek Hill,WR,MIA,NYJ,18,2022,0,0,0.0,0,0,0.0,0,2,5,23.0,0,2.3,4.3,MIA,Tyreek Hill,2.3
00-0033040,T.Hill,Tyreek Hill,WR,MIA,BUF,19,2022,0,0,0.0,0,2,5.0,0,7,15,69.0,0,9.4,16.4,MIA,Tyreek Hill,9.4
00-0033045,E.Elliott,Ezekiel Elliott,RB,DAL,TB,1,2022,0,0,0.0,0,10,52.0,0,1,2,-3.0,0,4.9,5.9,DAL,Ezekiel Elliott,4.9
00-0033045,E.Elliott,Ezekiel Elliott,RB,DAL,CIN,2,2022,0,0,0.0,0,15,53.0,0,1,2,-4.0,0,4.9,5.9,DAL,Ezekiel Elliott,4.9
00-0033045,E.Elliott,Ezekiel Elliott,RB,DAL,NYG,3,2022,0,0,0.0,0,15,73.0,1,1,1,2.0,0,13.5,14.5,DAL,Ezekiel Elliott,13.5
00-0033045,E.Elliott,Ezekiel Elliott,RB,DAL,WAS,4,2022,0,0,0.0,0,19,49.0,0,2,2,32.0,0,8.1,10.1,DAL,Ezekiel Elliott,8.1
00-0033045,E.Elliott,Ezekiel Elliott,RB,DAL,LA,5,2022,0,0,0.0,0,22,78.0,0,0,0,0.0,0,7.8,7.8,DAL,Ezekiel Elliott,7.8
00-0033045,E.Elliott,Ezekiel Elliott,RB,DAL,PHI,6,2022,0,0,0.0,0,13,81.0,1,1,1,5.0,0,14.6,15.6,DAL,Ezekiel Elliott,14.6
00-0033045,E.Elliott,Ezekiel Elliott,RB,DAL,DET,7,2022,0,0,0.0,0,15,57.0,2,0,0,0.0,0,17.7,17.7,DAL,Ezekiel Elliott,17.7
00-0033045,E.Elliott,Ezekiel Elliott,RB,DAL,MIN,11,2022,0,0,0.0,0,15,42.0,2,1,1,5.0,0,16.7,17.7,DAL,Ezekiel Elliott,16.7
00-0033045,E.Elliott,Ezekiel Elliott,RB,DAL,NYG,12,2022,0,0,0.0,0,16,92.0,1,1,1,3.0,0,15.5,16.5,DAL,Ezekiel Elliott,15.5
00-0033045,E.Elliott,Ezekiel Elliott,RB,DAL,IND,13,2022,0,0,0.0,0,17,77.0,1,3,3,14.0,0,15.1,18.1,DAL,Ezekiel Elliott,15.1
00-0033045,E.Elliott,Ezekiel Elliott,RB,DAL,HOU,14,2022,0,0,0.0,0,15,62.0,1,3,5,19.0,0,14.1,17.1,DAL,Ezekiel Elliott,14.1
00-0033045,E.Elliott,Ezekiel Elliott,RB,DAL,JAX,15,2022,0,0,0.0,0,16,58.0,1,2,2,13.0,0,13.1,15.1,DAL,Ezekiel Elliott,13.1
00-0033045,E.Elliott,Ezekiel Elliott,RB,DAL,PHI,16,2022,0,0,0.0,0,16,55.0,1,1,1,6.0,0,12.1,13.1,DAL,Ezekiel Elliott,12.1
00-0033045,E.Elliott,Ezekiel Elliott,RB,DAL,TEN,17,2022,0,0,0.0,0,19,37.0,1,0,0,0.0,0,9.7,9.7,DAL,Ezekiel Elliott,9.7
00-0033045,E.Elliott,Ezekiel Elliott,RB,DAL,WAS,18,2022,0,0,0.0,0,8,10.0,0,0,2,0.0,0,1.0,1.0,DAL,Ezekiel Elliott,1.0
00-0033045,E.Elliott,Ezekiel Elliott,RB,DAL,TB,19,2022,0,0,0.0,0,13,27.0,0,1,2,9.0,0,3.6,4.6,DAL,Ezekiel Elliott,3.6
00-0033045,E.Elliott,Ezekiel Elliott,RB,DAL,SF,20,2022,0,0,0.0,0,10,26.0,0,2,4,7.0,0,3.3,5.3,DAL,Ezekiel Elliott,3.3
00-0033057,J.Conklin,Jack Conklin,T,CLE,WAS,17,2022,0,0,0.0,0,0,0.0,0,0,1,0.0,0,0.0,0.0,CLE,Jack Conklin,0.0
00-0033077,D.Prescott,Dak Prescott,QB,DAL,TB,1,2022,14,29,134.0,0,2,11.0,0,0,0,0.0,0,4.46,4.46,DAL,Dak Prescott,4.46
00-0033077,D.Prescott,Dak Prescott,QB,DAL,DET,7,2022,19,25,207.0,1,3,0.0,0,0,0,0.0,0,12.28,12.28,DAL,Dak Prescott,12.28
00-0033077,D.Prescott,Dak Prescott,QB,DAL,CHI,8,2022,21,27,250.0,2,5,34.0,1,0,0,0.0,0,25.4,25.4,DAL,Dak Prescott,25.4
00-0033077,D.Prescott,Dak Prescott,QB,DAL,GB,10,2022,27,46,265.0,3,4,6.0,0,0,0,0.0,0,19.2,19.2,DAL,Dak Prescott,19.2
00-0033077,D.Prescott,Dak Prescott,QB,DAL,MIN,11,2022,22,25,276.0,2,3,16.0,0,0,0,0.0,0,20.64,20.64,DAL,Dak Prescott,20.64
00-0033077,D.Prescott,Dak Prescott,QB,DAL,NYG,12,2022,21,30,261.0,2,2,4.0,0,0,0,0.0,0,14.84,14.84,DAL,Dak Prescott,14.84
00-0033077,D.Prescott,Dak Prescott,QB,DAL,IND,13,2022,20,30,170.0,3,0,0.0,0,0,0,0.0,0,16.8,16.8,DAL,Dak Prescott,16.8
00-0033077,D.Prescott,Dak Prescott,QB,DAL,HOU,14,2022,24,39,284.0,1,6,23.0,0,0,0,0.0,0,13.66,13.66,DAL,Dak Prescott,13.66
00-0033077,D.Prescott,Dak Prescott,QB,DAL,JAX,15,2022,23,30,256.0,3,5,20.0,0,0,0,0.0,0,20.24,20.24,DAL,Dak Prescott,20.24
00-0033077,D.Prescott,Dak Prescott,QB,DAL,PHI,16,2022,27,35,347.0,3,6,41.0,0,0,0,0.0,0,27.98,27.98,DAL,Dak Prescott,27.98
00-0033077,D.Prescott,Dak Prescott,QB,DAL,TEN,17,2022,29,41,282.0,2,3,11.0,0,0,0,0.0,0,14.38,14.38,DAL,Dak Prescott,14.38
00-0033077,D.Prescott,Dak Prescott,QB,DAL,WAS,18,2022,14,37,128.0,1,6,16.0,0,0,0,0.0,0,8.72,8.72,DAL,Dak Prescott,8.72
00-0033077,D.Prescott,Dak Prescott,QB,DAL,TB,19,2022,25,33,305.0,4,7,24.0,1,0,0,0.0,0,36.6,36.6,DAL,Dak Prescott,36.6
00-0033077,D.Prescott,Dak Prescott,QB,DAL,SF,20,2022,23,37,206.0,1,4,22.0,0,0,0,0.0,0,10.44,10.44,DAL,Dak Prescott,10.44
00-0033090,H.Henry,Hunter Henry,TE,NE,MIA,1,2022,0,0,0.0,0,0,0.0,0,2,3,20.0,0,2.0,4.0,NE,Hunter Henry,2.0
00-0033090,H.Henry,Hunter Henry,TE,NE,PIT,2,2022,0,0,0.0,0,0,0.0,0,0,1,0.0,0,0.0,0.0,NE,Hunter Henry,0.0
00-0033090,H.Henry,Hunter Henry,TE,NE,BAL,3,2022,0,0,0.0,0,0,0.0,0,1,1,8.0,0,0.8,1.8,NE,Hunter Henry,0.8
00-0033090,H.Henry,Hunter Henry,TE,NE,GB,4,2022,0,0,0.0,0,0,0.0,0,2,4,13.0,0,1.3,3.3,NE,Hunter Henry,1.3
00-0033090,H.Henry,Hunter Henry,TE,NE,DET,5,2022,0,0,0.0,0,0,0.0,0,4,5,54.0,0,5.4,9.4,NE,Hunter Henry,5.4
00-0033090,H.Henry,Hunter Henry,TE,NE,CLE,6,2022,0,0,0.0,0,0,0.0,0,4,7,61.0,1,12.1,16.1,NE,Hunter Henry,12.1
00-0033090,H.Henry,Hunter Henry,TE,NE,CHI,7,2022,0,0,0.0,0,0,0.0,0,1,2,12.0,0,1.2,2.2,NE,Hunter Henry,1.2
00-0033090,H.Henry,Hunter Henry,TE,NE,NYJ,8,2022,0,0,0.0,0,0,0.0,0,1,1,22.0,0,2.2,3.2,NE,Hunter Henry,2.2
00-0033090,H.Henry,Hunter Henry,TE,NE,IND,9,2022,0,0,0.0,0,0,0.0,0,4,4,50.0,0,5.0,9.0,NE,Hunter Henry,5.0
00-0033090,H.Henry,Hunter Henry,TE,NE,NYJ,11,2022,0,0,0.0,0,0,0.0,0,1,1,20.0,0,2.0,3.0,NE,Hunter Henry,2.0
00-0033090,H.Henry,Hunter Henry,TE,NE,MIN,12,2022,0,0,0.0,0,0,0.0,0,3,5,63.0,1,12.3,15.3,NE,Hunter Henry,12.3
00-0033090,H.Henry,Hunter Henry,TE,NE,BUF,13,2022,0,0,0.0,0,0,0.0,0,2,5,13.0,0,1.3,3.3,NE,Hunter Henry,1.3
00-0033090,H.Henry,Hunter Henry,TE,NE,ARI,14,2022,0,0,0.0,0,0,0.0,0,3,3,70.0,0,7.0,10.0,NE,Hunter Henry,7.0
00-0033090,H.Henry,Hunter Henry,TE,NE,LV,15,2022,0,0,0.0,0,0,0.0,0,2,4,9.0,0,0.9,2.9,NE,Hunter Henry,0.9
00-0033090,H.Henry,Hunter Henry,TE,NE,MIA,17,2022,0,0,0.0,0,0,0.0,0,5,6,52.0,0,5.2,10.2,NE,Hunter Henry,5.2
00-0033090,H.Henry,Hunter Henry,TE,NE,BUF,18,2022,0,0,0.0,0,0,0.0,0,6,7,42.0,0,4.2,10.2,NE,Hunter Henry,4.2
00-0033106,J.Goff,Jared Goff,QB,DET,PHI,1,2022,21,37,215.0,2,2,9.0,0,0,0,0.0,0,15.5,15.5,DET,Jared Goff,15.5
00-0033106,J.Goff,Jared Goff,QB,DET,WAS,2,2022,20,34,256.0,4,2,-2.0,0,0,0,0.0,0,26.04,26.04,DET,Jared Goff,26.04
00-0033106,J.Goff,Jared Goff,QB,DET,MIN,3,2022,25,41,277.0,1,2,8.0,0,0,0,0.0,0,13.88,13.88,DET,Jared Goff,13.88
00-0033106,J.Goff,Jared Goff,QB,DET,SEA,4,2022,26,39,378.0,4,1,1.0,0,0,0,0.0,0,33.22,33.22,DET,Jared Goff,33.22
00-0033106,J.Goff,Jared Goff,QB,DET,NE,5,2022,19,35,229.0,0,3,7.0,0,0,0,0.0,0,5.86,5.86,DET,Jared Goff,5.86
00-0033106,J.Goff,Jared Goff,QB,DET,DAL,7,2022,21,26,228.0,0,1,4.0,0,0,0,0.0,0,1.52,1.52,DET,Jared Goff,1.52
00-0033106,J.Goff,Jared Goff,QB,DET,MIA,8,2022,27,37,321.0,1,1,3.0,0,1,1,5.0,0,17.64,18.64,DET,Jared Goff,17.64
00-0033106,J.Goff,Jared Goff,QB,DET,GB,9,2022,14,26,137.0,2,1,-1.0,0,0,0,0.0,0,11.38,11.38,DET,Jared Goff,11.38
00-0033106,J.Goff,Jared Goff,QB,DET,CHI,10,2022,19,26,236.0,1,4,14.0,0,0,0,0.0,0,14.84,14.84,DET,Jared Goff,14.84
00-0033106,J.Goff,Jared Goff,QB,DET,NYG,11,2022,17,26,165.0,0,4,-1.0,0,0,0,0.0,0,6.5,6.5,DET,Jared Goff,6.5
00-0033106,J.Goff,Jared Goff,QB,DET,BUF,12,2022,23,37,240.0,2,0,0.0,0,0,0,0.0,0,17.6,17.6,DET,Jared Goff,17.6
00-0033106,J.Goff,Jared Goff,QB,DET,JAX,13,2022,31,41,340.0,2,0,0.0,0,0,0,0.0,0,21.6,21.6,DET,Jared Goff,21.6
00-0033106,J.Goff,Jared Goff,QB,DET,MIN,14,2022,27,39,330.0,3,2,9.0,0,0,0,0.0,0,26.1,26.1,DET,Jared Goff,26.1
00-0033106,J.Goff,Jared Goff,QB,DET,NYJ,15,2022,23,38,252.0,1,0,0.0,0,0,0,0.0,0,14.08,14.08,DET,Jared Goff,14.08
00-0033106,J.Goff,Jared Goff,QB,DET,CAR,16,2022,25,42,355.0,3,3,15.0,0,0,0,0.0,0,25.7,25.7,DET,Jared Goff,25.7
00-0033106,J.Goff,Jared Goff,QB,DET,CHI,17,2022,21,29,255.0,3,1,2.0,0,0,0,0.0,0,22.4,22.4,DET,Jared Goff,22.4
00-0033106,J.Goff,Jared Goff,QB,DET,GB,18,2022,23,34,224.0,0,2,5.0,0,0,0,0.0,0,9.46,9.46,DET,Jared Goff,9.46
00-0033110,T.Higbee,Tyler Higbee,TE,LA,BUF,1,2022,0,0,0.0,0,0,0.0,0,5,11,39.0,0,3.9,8.9,LA,Tyler Higbee,3.9
00-0033110,T.Higbee,Tyler Higbee,TE,LA,ATL,2,2022,0,0,0.0,0,0,0.0,0,7,9,71.0,0,7.1,14.1,LA,Tyler Higbee,7.1
00-0033110,T.Higbee,Tyler Higbee,TE,LA,ARI,3,2022,0,0,0.0,0,0,0.0,0,4,4,61.0,0,6.1,10.1,LA,Tyler Higbee,6.1
00-0033110,T.Higbee,Tyler Higbee,TE,LA,SF,4,2022,0,0,0.0,0,0,0.0,0,10,14,73.0,0,7.3,17.3,LA,Tyler Higbee,7.3
00-0033110,T.Higbee,Tyler Higbee,TE,LA,DAL,5,2022,0,0,0.0,0,0,0.0,0,7,10,46.0,0,4.6,11.6,LA,Tyler Higbee,4.6
00-0033110,T.Higbee,Tyler Higbee,TE,LA,CAR,6,2022,0,0,0.0,0,0,0.0,0,1,2,7.0,0,0.7,1.7,LA,Tyler Higbee,0.7
00-0033110,T.Higbee,Tyler Higbee,TE,LA,SF,8,2022,0,0,0.0,0,0,0.0,0,2,6,15.0,0,1.5,3.5,LA,Tyler Higbee,1.5
00-0033110,T.Higbee,Tyler Higbee,TE,LA,TB,9,2022,0,0,0.0,0,0,0.0,0,0,1,0.0,0,0.0,0.0,LA,Tyler Higbee,0.0
00-0033110,T.Higbee,Tyler Higbee,TE,LA,ARI,10,2022,0,0,0.0,0,0,0.0,0,8,8,73.0,0,7.3,15.3,LA,Tyler Higbee,7.3
00-0033110,T.Higbee,Tyler Higbee,TE,LA,NO,11,2022,0,0,0.0,0,0,0.0,0,4,8,45.0,0,4.5,8.5,LA,Tyler Higbee,4.5
00-0033110,T.Higbee,Tyler Higbee,TE,LA,SEA,13,2022,0,0,0.0,0,0,0.0,0,2,5,14.0,0,1.4,3.4,LA,Tyler Higbee,1.4
00-0033110,T.Higbee,Tyler Higbee,TE,LA,LV,14,2022,0,0,0.0,0,0,0.0,0,2,3,11.0,0,1.1,3.1,LA,Tyler Higbee,1.1
00-0033110,T.Higbee,Tyler Higbee,TE,LA,GB,15,2022,0,0,0.0,0,0,0.0,0,4,5,27.0,1,8.7,12.7,LA,Tyler Higbee,8.7
00-0033110,T.Higbee,Tyler Higbee,TE,LA,DEN,16,2022,0,0,0.0,0,0,0.0,0,9,11,94.0,2,21.4,30.4,LA,Tyler Higbee,21.4
00-0033110,T.Higbee,Tyler Higbee,TE,LA,LAC,17,2022,0,0,0.0,0,0,0.0,0,3,4,11.0,0,1.1,4.1,LA,Tyler Higbee,1.1
00-0033110,T.Higbee,Tyler Higbee,TE,LA,SEA,18,2022,0,0,0.0,0,0,0.0,0,4,7,33.0,0,3.3,7.3,LA,Tyler Higbee,3.3
00-0033111,P.Cooper,Pharoh Cooper,WR,ARI,ATL,17,2022,0,0,0.0,0,2,8.0,0,0,0,0.0,0,0.8,0.8,ARI,Pharoh Cooper,0.8
00-0033111,P.Cooper,Pharoh Cooper,WR,ARI,SF,18,2022,0,0,0.0,0,2,7.0,0,2,2,6.0,0,1.3,3.3,ARI,Pharoh Cooper,1.3
00-0033114,M.Thomas,Mike Thomas,WR,CIN,PIT,1,2022,0,0,0.0,0,0,0.0,0,1,5,5.0,0,2.5,3.5,CIN,Mike Thomas,2.5
00-0033114,M.Thomas,Mike Thomas,WR,CIN,BAL,5,2022,0,0,0.0,0,0,0.0,0,1,3,33.0,0,3.3,4.3,CIN,Mike Thomas,3.3
00-0033114,M.Thomas,Mike Thomas,WR,CIN,CLE,8,2022,0,0,0.0,0,0,0.0,0,0,1,0.0,0,0.0,0.0,CIN,Mike Thomas,0.0
00-0033114,M.Thomas,Mike Thomas,WR,CIN,PIT,11,2022,0,0,0.0,0,0,0.0,0,0,1,0.0,0,0.0,0.0,CIN,Mike Thomas,0.0
00-0033118,K.Drake,Kenyan Drake,RB,BAL,NYJ,1,2022,0,0,0.0,0,11,31.0,0,1,1,15.0,0,4.6,5.6,BAL,Kenyan Drake,4.6
00-0033118,K.Drake,Kenyan Drake,RB,BAL,MIA,2,2022,0,0,0.0,0,6,8.0,0,0,0,0.0,0,0.8,0.8,BAL,Kenyan Drake,0.8
00-0033118,K.Drake,Kenyan Drake,RB,BAL,CIN,5,2022,0,0,0.0,0,4,26.0,0,1,1,1.0,0,2.7,3.7,BAL,Kenyan Drake,2.7
00-0033118,K.Drake,Kenyan Drake,RB,BAL,NYG,6,2022,0,0,0.0,0,10,119.0,1,1,2,8.0,0,18.7,19.7,BAL,Kenyan Drake,18.7
00-0033118,K.Drake,Kenyan Drake,RB,BAL,CLE,7,2022,0,0,0.0,0,11,5.0,0,0,1,0.0,0,0.5,0.5,BAL,Kenyan Drake,0.5
00-0033118,K.Drake,Kenyan Drake,RB,BAL,TB,8,2022,0,0,0.0,0,7,62.0,0,4,4,5.0,1,12.7,16.7,BAL,Kenyan Drake,12.7
00-0033118,K.Drake,Kenyan Drake,RB,BAL,NO,9,2022,0,0,0.0,0,24,93.0,2,2,2,16.0,0,22.9,24.9,BAL,Kenyan Drake,22.9
00-0033118,K.Drake,Kenyan Drake,RB,BAL,CAR,11,2022,0,0,0.0,0,10,46.0,0,2,4,7.0,0,5.3,7.3,BAL,Kenyan Drake,5.3
00-0033118,K.Drake,Kenyan Drake,RB,BAL,JAX,12,2022,0,0,0.0,0,2,2.0,0,0,1,0.0,0,0.2,0.2,BAL,Kenyan Drake,0.2
00-0033118,K.Drake,Kenyan Drake,RB,BAL,DEN,13,2022,0,0,0.0,0,7,29.0,0,2,3,17.0,0,4.6,6.6,BAL,Kenyan Drake,4.6
00-0033118,K.Drake,Kenyan Drake,RB,BAL,PIT,14,2022,0,0,0.0,0,1,1.0,0,2,2,1.0,0,0.2,2.2,BAL,Kenyan Drake,0.2
00-0033118,K.Drake,Kenyan Drake,RB,BAL,CIN,18,2022,0,0,0.0,0,16,60.0,1,2,5,19.0,0,13.9,15.9,BAL,Kenyan Drake,13.9
00-0033119,J.Brissett,Jacoby Brissett,QB,CLE,CAR,1,2022,18,34,147.0,1,4,10.0,0,0,0,0.0,0,10.88,10.88,CLE,Jacoby Brissett,10.88
00-0033119,J.Brissett,Jacoby Brissett,QB,CLE,NYJ,2,2022,22,27,229.0,1,6,43.0,0,0,0,0.0,0,15.46,15.46,CLE,Jacoby Brissett,15.46
00-0033119,J.Brissett,Jacoby Brissett,QB,CLE,PIT,3,2022,21,31,220.0,2,3,11.0,0,0,0,0.0,0,17.9,17.9,CLE,Jacoby Brissett,17.9
00-0033119,J.Brissett,Jacoby Brissett,QB,CLE,ATL,4,2022,21,35,234.0,0,5,16.0,1,0,0,0.0,0,14.96,14.96,CLE,Jacoby Brissett,14.96
00-0033119,J.Brissett,Jacoby Brissett,QB,CLE,LAC,5,2022,21,34,230.0,1,3,32.0,0,0,0,0.0,0,14.4,14.4,CLE,Jacoby Brissett,14.4
00-0033119,J.Brissett,Jacoby Brissett,QB,CLE,NE,6,2022,21,45,266.0,1,1,0.0,0,0,0,0.0,0,8.64,8.64,CLE,Jacoby Brissett,8.64
00-0033119,J.Brissett,Jacoby Brissett,QB,CLE,BAL,7,2022,22,27,258.0,0,3,18.0,0,0,0,0.0,0,10.12,10.12,CLE,Jacoby Brissett,10.12
00-0033119,J.Brissett,Jacoby Brissett,QB,CLE,CIN,8,2022,17,22,278.0,1,6,12.0,1,0,0,0.0,0,20.32,20.32,CLE,Jacoby Brissett,20.32
00-0033119,J.Brissett,Jacoby Brissett,QB,CLE,MIA,10,2022,22,35,212.0,1,7,40.0,0,0,0,0.0,0,16.48,16.48,CLE,Jacoby Brissett,16.48
00-0033119,J.Brissett,Jacoby Brissett,QB,CLE,BUF,11,2022,28,41,324.0,3,7,29.0,0,0,0,0.0,0,25.86,25.86,CLE,Jacoby Brissett,25.86
00-0033119,J.Brissett,Jacoby Brissett,QB,CLE,TB,12,2022,23,37,210.0,1,2,27.0,0,0,0,0.0,0,13.1,13.1,CLE,Jacoby Brissett,13.1
00-0033119,J.Brissett,Jacoby Brissett,QB,CLE,CIN,14,2022,0,1,0.0,0,0,0.0,0,0,0,0.0,0,0.0,0.0,CLE,Jacoby Brissett,0.0
00-0033119,J.Brissett,Jacoby Brissett,QB,CLE,BAL,15,2022,0,0,0.0,0,1,3.0,0,0,0,0.0,0,0.3,0.3,CLE,Jacoby Brissett,0.3
00-0033119,J.Brissett,Jacoby Brissett,QB,CLE,WAS,17,2022,0,0,0.0,0,1,2.0,0,0,0,0.0,0,0.2,0.2,CLE,Jacoby Brissett,0.2
00-0033217,M.Alie-Cox,Mo Alie-Cox,TE,IND,HOU,1,2022,0,0,0.0,0,0,0.0,0,2,2,26.0,0,2.6,4.6,IND,Mo Alie-Cox,2.6
00-0033217,M.Alie-Cox,Mo Alie-Cox,TE,IND,JAX,2,2022,0,0,0.0,0,0,0.0,0,1,3,9.0,0,0.9,1.9,IND,Mo Alie-Cox,0.9
00-0033217,M.Alie-Cox,Mo Alie-Cox,TE,IND,KC,3,2022,0,0,0.0,0,0,0.0,0,1,3,9.0,0,0.9,1.9,IND,Mo Alie-Cox,0.9
00-0033217,M.Alie-Cox,Mo Alie-Cox,TE,IND,TEN,4,2022,0,0,0.0,0,0,0.0,0,6,6,85.0,2,20.5,26.5,IND,Mo Alie-Cox,20.5
00-0033217,M.Alie-Cox,Mo Alie-Cox,TE,IND,DEN,5,2022,0,0,0.0,0,0,0.0,0,1,1,7.0,0,0.7,1.7,IND,Mo Alie-Cox,0.7
00-0033217,M.Alie-Cox,Mo Alie-Cox,TE,IND,WAS,8,2022,0,0,0.0,0,0,0.0,0,0,1,0.0,0,0.0,0.0,IND,Mo Alie-Cox,0.0
00-0033217,M.Alie-Cox,Mo Alie-Cox,TE,IND,NE,9,2022,0,0,0.0,0,0,0.0,0,2,2,13.0,0,1.3,3.3,IND,Mo Alie-Cox,1.3
00-0033217,M.Alie-Cox,Mo Alie-Cox,TE,IND,PHI,11,2022,0,0,0.0,0,0,0.0,0,1,1,14.0,0,1.4,2.4,IND,Mo Alie-Cox,1.4
00-0033217,M.Alie-Cox,Mo Alie-Cox,TE,IND,PIT,12,2022,0,0,0.0,0,0,0.0,0,2,3,14.0,0,1.4,3.4,IND,Mo Alie-Cox,1.4
00-0033217,M.Alie-Cox,Mo Alie-Cox,TE,IND,DAL,13,2022,0,0,0.0,0,0,0.0,0,1,1,6.0,0,-1.4,-0.4,IND,Mo Alie-Cox,-1.4
00-0033217,M.Alie-Cox,Mo Alie-Cox,TE,IND,MIN,15,2022,0,0,0.0,0,0,0.0,0,0,1,0.0,0,0.0,0.0,IND,Mo Alie-Cox,0.0
00-0033217,M.Alie-Cox,Mo Alie-Cox,TE,IND,LAC,16,2022,0,0,0.0,0,0,0.0,0,1,2,2.0,0,0.2,1.2,IND,Mo Alie-Cox,0.2
00-0033217,M.Alie-Cox,Mo Alie-Cox,TE,IND,NYG,17,2022,0,0,0.0,0,0,0.0,0,0,1,0.0,0,0.0,0.0,IND,Mo Alie-Cox,0.0
00-0033217,M.Alie-Cox,Mo Alie-Cox,TE,IND,HOU,18,2022,0,0,0.0,0,0,0.0,0,1,1,4.0,1,6.4,7.4,IND,Mo Alie-Cox,6.4
00-0033246,J.Mundt,Johnny Mundt,TE,MIN,GB,1,2022,0,0,0.0,0,0,0.0,0,3,3,17.0,0,1.7,4.7,MIN,Johnny Mundt,1.7
00-0033246,J.Mundt,Johnny Mundt,TE,MIN,PHI,2,2022,0,0,0.0,0,0,0.0,0,2,3,28.0,0,2.8,4.8,MIN,Johnny Mundt,2.8
00-0033246,J.Mundt,Johnny Mundt,TE,MIN,DET,3,2022,0,0,0.0,0,0,0.0,0,2,2,23.0,0,2.3,4.3,MIN,Johnny Mundt,2.3
00-0033246,J.Mundt,Johnny Mundt,TE,MIN,NO,4,2022,0,0,0.0,0,0,0.0,0,0,1,0.0,0,0.0,0.0,MIN,Johnny Mundt,0.0
00-0033246,J.Mundt,Johnny Mundt,TE,MIN,CHI,5,2022,0,0,0.0,0,0,0.0,0,2,2,6.0,0,0.6,2.6,MIN,Johnny Mundt,0.6
00-0033246,J.Mundt,Johnny Mundt,TE,MIN,MIA,6,2022,0,0,0.0,0,0,0.0,0,2,2,1.0,0,0.1,2.1,MIN,Johnny Mundt,0.1
00-0033246,J.Mundt,Johnny Mundt,TE,MIN,ARI,8,2022,0,0,0.0,0,0,0.0,0,1,1,1.0,1,6.1,7.1,MIN,Johnny Mundt,6.1
00-0033246,J.Mundt,Johnny Mundt,TE,MIN,WAS,9,2022,0,0,0.0,0,0,0.0,0,1,1,1.0,0,0.1,1.1,MIN,Johnny Mundt,0.1
00-0033246,J.Mundt,Johnny Mundt,TE,MIN,DAL,11,2022,0,0,0.0,0,0,0.0,0,1,1,8.0,0,0.8,1.8,MIN,Johnny Mundt,0.8
00-0033246,J.Mundt,Johnny Mundt,TE,MIN,NE,12,2022,0,0,0.0,0,0,0.0,0,2,2,20.0,0,2.0,4.0,MIN,Johnny Mundt,2.0
00-0033246,J.Mundt,Johnny Mundt,TE,MIN,NYJ,13,2022,0,0,0.0,0,0,0.0,0,1,1,12.0,0,1.2,2.2,MIN,Johnny Mundt,1.2
00-0033246,J.Mundt,Johnny Mundt,TE,MIN,IND,15,2022,0,0,0.0,0,0,0.0,0,1,1,7.0,0,0.7,1.7,MIN,Johnny Mundt,0.7
00-0033246,J.Mundt,Johnny Mundt,TE,MIN,NYG,16,2022,0,0,0.0,0,0,0.0,0,1,1,16.0,0,1.6,2.6,MIN,Johnny Mundt,1.6
00-0033246,J.Mundt,Johnny Mundt,TE,MIN,NYG,19,2022,0,0,0.0,0,0,0.0,0,1,1,12.0,0,1.2,2.2,MIN,Johnny Mundt,1.2
00-0033251,Z.Pascal,Zach Pascal,WR,PHI,DET,1,2022,0,0,0.0,0,0,0.0,0,1,1,7.0,0,0.7,1.7,PHI,Zach Pascal,0.7
00-0033251,Z.Pascal,Zach Pascal,WR,PHI,MIN,2,2022,0,0,0.0,0,0,0.0,0,2,2,14.0,0,1.4,3.4,PHI,Zach Pascal,1.4
00-0033251,Z.Pascal,Zach Pascal,WR,PHI,WAS,3,2022,0,0,0.0,0,1,0.0,0,3,3,18.0,0,1.8,4.8,PHI,Zach Pascal,1.8
00-0033251,Z.Pascal,Zach Pascal,WR,PHI,JAX,4,2022,0,0,0.0,0,0,0.0,0,0,1,0.0,0,0.0,0.0,PHI,Zach Pascal,0.0
00-0033251,Z.Pascal,Zach Pascal,WR,PHI,PIT,8,2022,0,0,0.0,0,0,0.0,0,2,2,57.0,1,11.7,13.7,PHI,Zach Pascal,11.7
00-0033251,Z.Pascal,Zach Pascal,WR,PHI,HOU,9,2022,0,0,0.0,0,0,0.0,0,1,1,8.0,0,0.8,1.8,PHI,Zach Pascal,0.8
00-0033251,Z.Pascal,Zach Pascal,WR,PHI,WAS,10,2022,0,0,0.0,0,0,0.0,0,1,2,10.0,0,1.0,2.0,PHI,Zach Pascal,1.0
00-0033251,Z.Pascal,Zach Pascal,WR,PHI,IND,11,2022,0,0,0.0,0,0,0.0,0,1,1,9.0,0,0.9,1.9,PHI,Zach Pascal,0.9
00-0033251,Z.Pascal,Zach Pascal,WR,PHI,TEN,13,2022,0,0,0.0,0,0,0.0,0,2,3,16.0,0,1.6,3.6,PHI,Zach Pascal,1.6
00-0033251,Z.Pascal,Zach Pascal,WR,PHI,NYG,14,2022,0,0,0.0,0,0,0.0,0,1,1,5.0,0,0.5,1.5,PHI,Zach Pascal,0.5
00-0033251,Z.Pascal,Zach Pascal,WR,PHI,CHI,15,2022,0,0,0.0,0,0,0.0,0,0,1,0.0,0,0.0,0.0,PHI,Zach Pascal,0.0
00-0033251,Z.Pascal,Zach Pascal,WR,PHI,DAL,16,2022,0,0,0.0,0,0,0.0,0,1,1,6.0,0,0.6,1.6,PHI,Zach Pascal,0.6
00-0033251,Z.Pascal,Zach Pascal,WR,PHI,NYG,20,2022,0,0,0.0,0,0,0.0,0,1,1,4.0,0,0.4,1.4,PHI,Zach Pascal,0.4
00-0033251,Z.Pascal,Zach Pascal,WR,PHI,SF,21,2022,0,0,0.0,0,0,0.0,0,0,1,0.0,0,0.0,0.0,PHI,Zach Pascal,0.0
00-0033251,Z.Pascal,Zach Pascal,WR,PHI,KC,22,2022,0,0,0.0,0,0,0.0,0,2,2,11.0,0,1.1,3.1,PHI,Zach Pascal,1.1
00-0033275,P.Walker,P.J. Walker,QB,CAR,SF,5,2022,5,6,60.0,0,0,0.0,0,0,0,0.0,0,2.4,2.4,CAR,P.J. Walker,2.4
00-0033275,P.Walker,P.J. Walker,QB,CAR,LA,6,2022,10,16,60.0,0,1,-1.0,0,0,0,0.0,0,2.3,2.3,CAR,P.J. Walker,2.3
00-0033275,P.Walker,P.J. Walker,QB,CAR,TB,7,2022,16,22,177.0,2,0,0.0,0,0,0,0.0,0,15.08,15.08,CAR,P.J. Walker,15.08
00-0033275,P.Walker,P.J. Walker,QB,CAR,ATL,8,2022,19,36,317.0,1,1,20.0,0,0,0,0.0,0,16.68,16.68,CAR,P.J. Walker,16.68
00-0033275,P.Walker,P.J. Walker,QB,CAR,CIN,9,2022,3,10,9.0,0,1,6.0,0,0,0,0.0,0,-3.04,-3.04,CAR,P.J. Walker,-3.04
00-0033275,P.Walker,P.J. Walker,QB,CAR,ATL,10,2022,10,16,108.0,0,3,14.0,0,0,0,0.0,0,5.72,5.72,CAR,P.J. Walker,5.72
00-0033280,C.McCaffrey,Christian McCaffrey,RB,CAR,CLE,1,2022,0,0,0.0,0,10,33.0,1,4,5,24.0,0,11.7,15.7,CAR,Christian McCaffrey,11.7
00-0033280,C.McCaffrey,Christian McCaffrey,RB,CAR,NYG,2,2022,0,0,0.0,0,15,102.0,0,4,5,26.0,0,12.8,16.8,CAR,Christian McCaffrey,12.8
00-0033280,C.McCaffrey,Christian McCaffrey,RB,CAR,NO,3,2022,0,0,0.0,0,25,108.0,0,2,4,7.0,0,11.5,13.5,CAR,Christian McCaffrey,11.5
00-0033280,C.McCaffrey,Christian McCaffrey,RB,CAR,ARI,4,2022,0,0,0.0,0,8,27.0,0,9,9,81.0,1,16.8,25.8,CAR,Christian McCaffrey,16.8
00-0033280,C.McCaffrey,Christian McCaffrey,RB,CAR,SF,5,2022,0,0,0.0,0,14,54.0,1,7,12,50.0,0,16.4,23.4,CAR,Christian McCaffrey,16.4
00-0033280,C.McCaffrey,Christian McCaffrey,RB,CAR,LA,6,2022,0,0,0.0,0,13,69.0,0,7,8,89.0,0,15.8,22.8,CAR,Christian McCaffrey,15.8
00-0033280,C.McCaffrey,Christian McCaffrey,RB,SF,KC,7,2022,0,0,0.0,0,8,38.0,0,2,2,24.0,0,6.2,8.2,SF,Christian McCaffrey,6.2
00-0033280,C.McCaffrey,Christian McCaffrey,RB,SF,LA,8,2022,1,1,34.0,1,18,94.0,1,8,9,55.0,1,32.26,40.26,SF,Christian McCaffrey,32.26
00-0033280,C.McCaffrey,Christian McCaffrey,RB,SF,LAC,10,2022,0,0,0.0,0,14,38.0,1,4,6,39.0,0,13.7,17.7,SF,Christian McCaffrey,13.7
00-0033280,C.McCaffrey,Christian McCaffrey,RB,SF,ARI,11,2022,0,0,0.0,0,7,39.0,0,7,7,67.0,0,10.6,17.6,SF,Christian McCaffrey,10.6
00-0033280,C.McCaffrey,Christian McCaffrey,RB,SF,NO,12,2022,0,0,0.0,0,11,32.0,0,4,6,17.0,0,4.9,8.9,SF,Christian McCaffrey,4.9
00-0033280,C.McCaffrey,Christian McCaffrey,RB,SF,MIA,13,2022,0,0,0.0,0,17,66.0,0,8,10,80.0,1,20.6,28.6,SF,Christian McCaffrey,20.6
00-0033280,C.McCaffrey,Christian McCaffrey,RB,SF,TB,14,2022,0,0,0.0,0,14,119.0,1,2,3,34.0,1,27.3,29.3,SF,Christian McCaffrey,27.3
00-0033280,C.McCaffrey,Christian McCaffrey,RB,SF,SEA,15,2022,0,0,0.0,0,26,108.0,1,6,8,30.0,0,19.8,25.8,SF,Christian McCaffrey,19.8
00-0033280,C.McCaffrey,Christian McCaffrey,RB,SF,WAS,16,2022,0,0,0.0,0,15,46.0,1,2,2,12.0,0,11.8,13.8,SF,Christian McCaffrey,11.8
00-0033280,C.McCaffrey,Christian McCaffrey,RB,SF,LV,17,2022,0,0,0.0,0,19,121.0,1,6,9,72.0,0,25.3,31.3,SF,Christian McCaffrey,25.3
00-0033280,C.McCaffrey,Christian McCaffrey,RB,SF,ARI,18,2022,0,0,0.0,0,10,45.0,0,3,3,34.0,1,13.9,16.9,SF,Christian McCaffrey,13.9
00-0033280,C.McCaffrey,Christian McCaffrey,RB,SF,SEA,19,2022,0,0,0.0,0,15,119.0,0,2,2,17.0,1,19.6,21.6,SF,Christian McCaffrey,19.6
00-0033280,C.McCaffrey,Christian McCaffrey,RB,SF,DAL,20,2022,0,0,0.0,0,10,35.0,1,6,8,22.0,0,11.7,17.7,SF,Christian McCaffrey,11.7
00-0033280,C.McCaffrey,Christian McCaffrey,RB,SF,PHI,21,2022,0,1,0.0,0,15,84.0,1,4,4,22.0,0,16.6,20.6,SF,Christian McCaffrey,16.6
00-0033282,C.Samuel,Curtis Samuel,WR,WAS,JAX,1,2022,0,0,0.0,0,4,17.0,0,8,11,55.0,1,11.2,19.2,WAS,Curtis Samuel,11.2
00-0033282,C.Samuel,Curtis Samuel,WR,WAS,DET,2,2022,0,0,0.0,0,1,21.0,0,7,9,78.0,1,15.9,22.9,WAS,Curtis Samuel,15.9
00-0033282,C.Samuel,Curtis Samuel,WR,WAS,PHI,3,2022,0,0,0.0,0,3,13.0,0,7,10,48.0,0,6.1,13.1,WAS,Curtis Samuel,6.1
00-0033282,C.Samuel,Curtis Samuel,WR,WAS,DAL,4,2022,0,0,0.0,0,0,0.0,0,4,7,38.0,0,3.8,7.8,WAS,Curtis Samuel,3.8
00-0033282,C.Samuel,Curtis Samuel,WR,WAS,TEN,5,2022,0,0,0.0,0,0,0.0,0,6,8,62.0,0,6.2,12.2,WAS,Curtis Samuel,6.2
00-0033282,C.Samuel,Curtis Samuel,WR,WAS,CHI,6,2022,0,0,0.0,0,0,0.0,0,2,5,6.0,0,0.6,2.6,WAS,Curtis Samuel,0.6
00-0033282,C.Samuel,Curtis Samuel,WR,WAS,GB,7,2022,0,0,0.0,0,5,26.0,0,5,8,53.0,0,7.9,12.9,WAS,Curtis Samuel,7.9
00-0033282,C.Samuel,Curtis Samuel,WR,WAS,IND,8,2022,0,0,0.0,0,4,29.0,0,3,4,50.0,0,7.9,10.9,WAS,Curtis Samuel,7.9
00-0033282,C.Samuel,Curtis Samuel,WR,WAS,MIN,9,2022,0,0,0.0,0,1,16.0,0,3,4,65.0,1,14.1,17.1,WAS,Curtis Samuel,14.1
00-0033282,C.Samuel,Curtis Samuel,WR,WAS,PHI,10,2022,0,0,0.0,0,4,12.0,0,2,4,28.0,0,4.0,6.0,WAS,Curtis Samuel,4.0
00-0033282,C.Samuel,Curtis Samuel,WR,WAS,HOU,11,2022,0,0,0.0,0,2,18.0,1,1,2,10.0,0,8.8,9.8,WAS,Curtis Samuel,8.8
00-0033282,C.Samuel,Curtis Samuel,WR,WAS,ATL,12,2022,0,0,0.0,0,4,13.0,0,0,0,0.0,0,1.3,1.3,WAS,Curtis Samuel,1.3
00-0033282,C.Samuel,Curtis Samuel,WR,WAS,NYG,13,2022,0,0,0.0,0,3,23.0,0,6,7,63.0,0,8.6,14.6,WAS,Curtis Samuel,8.6
00-0033282,C.Samuel,Curtis Samuel,WR,WAS,NYG,15,2022,0,0,0.0,0,5,1.0,0,3,5,44.0,0,4.5,7.5,WAS,Curtis Samuel,4.5
00-0033282,C.Samuel,Curtis Samuel,WR,WAS,SF,16,2022,0,0,0.0,0,1,2.0,0,5,5,52.0,1,11.4,16.4,WAS,Curtis Samuel,11.4
00-0033282,C.Samuel,Curtis Samuel,WR,WAS,CLE,17,2022,0,0,0.0,0,0,0.0,0,1,2,6.0,0,0.6,1.6,WAS,Curtis Samuel,0.6
00-0033282,C.Samuel,Curtis Samuel,WR,WAS,DAL,18,2022,0,0,0.0,0,1,-4.0,0,1,1,-2.0,0,-0.6,0.4,WAS,Curtis Samuel,-0.6
00-0033288,G.Kittle,George Kittle,TE,SF,DEN,3,2022,0,0,0.0,0,0,0.0,0,4,5,28.0,0,2.8,6.8,SF,George Kittle,2.8
00-0033288,G.Kittle,George Kittle,TE,SF,LA,4,2022,0,0,0.0,0,0,0.0,0,2,4,24.0,0,2.4,4.4,SF,George Kittle,2.4
00-0033288,G.Kittle,George Kittle,TE,SF,CAR,5,2022,0,0,0.0,0,0,0.0,0,5,6,47.0,0,2.7,7.7,SF,George Kittle,2.7
00-0033288,G.Kittle,George Kittle,TE,SF,ATL,6,2022,0,0,0.0,0,0,0.0,0,8,10,83.0,0,8.3,16.3,SF,George Kittle,8.3
00-0033288,G.Kittle,George Kittle,TE,SF,KC,7,2022,0,0,0.0,0,0,0.0,0,6,9,98.0,1,15.8,21.8,SF,George Kittle,15.8
00-0033288,G.Kittle,George Kittle,TE,SF,LA,8,2022,0,0,0.0,0,0,0.0,0,3,5,39.0,1,9.9,12.9,SF,George Kittle,9.9
00-0033288,G.Kittle,George Kittle,TE,SF,LAC,10,2022,0,0,0.0,0,0,0.0,0,1,2,21.0,0,2.1,3.1,SF,George Kittle,2.1
00-0033288,G.Kittle,George Kittle,TE,SF,ARI,11,2022,0,0,0.0,0,0,0.0,0,4,6,84.0,2,20.4,24.4,SF,George Kittle,20.4
00-0033288,G.Kittle,George Kittle,TE,SF,NO,12,2022,0,0,0.0,0,0,0.0,0,3,4,26.0,0,2.6,5.6,SF,George Kittle,2.6
00-0033288,G.Kittle,George Kittle,TE,SF,MIA,13,2022,0,0,0.0,0,0,0.0,0,2,3,22.0,0,2.2,4.2,SF,George Kittle,2.2
00-0033288,G.Kittle,George Kittle,TE,SF,TB,14,2022,0,0,0.0,0,0,0.0,0,4,5,28.0,0,2.8,6.8,SF,George Kittle,2.8
00-0033288,G.Kittle,George Kittle,TE,SF,SEA,15,2022,0,0,0.0,0,0,0.0,0,4,5,93.0,2,21.3,25.3,SF,George Kittle,21.3
00-0033288,G.Kittle,George Kittle,TE,SF,WAS,16,2022,0,0,0.0,0,0,0.0,0,6,8,120.0,2,24.0,30.0,SF,George Kittle,24.0
00-0033288,G.Kittle,George Kittle,TE,SF,LV,17,2022,0,0,0.0,0,0,0.0,0,4,8,23.0,1,8.3,12.3,SF,George Kittle,8.3
00-0033288,G.Kittle,George Kittle,TE,SF,ARI,18,2022,0,0,0.0,0,0,0.0,0,4,6,29.0,2,14.9,18.9,SF,George Kittle,14.9
00-0033288,G.Kittle,George Kittle,TE,SF,SEA,19,2022,0,0,0.0,0,0,0.0,0,2,2,37.0,0,5.7,7.7,SF,George Kittle,5.7
00-0033288,G.Kittle,George Kittle,TE,SF,DAL,20,2022,0,0,0.0,0,0,0.0,0,5,5,95.0,0,9.5,14.5,SF,George Kittle,9.5
00-0033288,G.Kittle,George Kittle,TE,SF,PHI,21,2022,0,0,0.0,0,1,4.0,0,3,4,32.0,0,3.6,6.6,SF,George Kittle,3.6
00-0033292,T.Taylor,Trent Taylor,WR,CIN,CLE,8,2022,0,0,0.0,0,0,0.0,0,1,1,5.0,0,0.5,1.5,CIN,Trent Taylor,0.5
00-0033292,T.Taylor,Trent Taylor,WR,CIN,CAR,9,2022,0,0,0.0,0,3,18.0,0,2,2,14.0,0,3.2,5.2,CIN,Trent Taylor,3.2
00-0033292,T.Taylor,Trent Taylor,WR,CIN,PIT,11,2022,0,0,0.0,0,0,0.0,0,1,1,1.0,0,0.1,1.1,CIN,Trent Taylor,0.1
00-0033292,T.Taylor,Trent Taylor,WR,CIN,TEN,12,2022,0,0,0.0,0,0,0.0,0,1,2,8.0,0,0.8,1.8,CIN,Trent Taylor,0.8
00-0033292,T.Taylor,Trent Taylor,WR,CIN,KC,13,2022,0,0,0.0,0,1,-3.0,0,0,0,0.0,0,-0.3,-0.3,CIN,Trent Taylor,-0.3
00-0033292,T.Taylor,Trent Taylor,WR,CIN,CLE,14,2022,0,0,0.0,0,0,0.0,0,1,4,34.0,0,3.4,4.4,CIN,Trent Taylor,3.4
00-0033293,A.Jones,Aaron Jones,RB,GB,MIN,1,2022,0,0,0.0,0,5,49.0,0,3,5,27.0,0,7.6,10.6,GB,Aaron Jones,7.6
00-0033293,A.Jones,Aaron Jones,RB,GB,CHI,2,2022,0,0,0.0,0,15,132.0,1,3,3,38.0,1,29.0,32.0,GB,Aaron Jones,29.0
00-0033293,A.Jones,Aaron Jones,RB,GB,TB,3,2022,0,0,0.0,0,12,36.0,0,3,4,11.0,0,2.7,5.7,GB,Aaron Jones,2.7
00-0033293,A.Jones,Aaron Jones,RB,GB,NE,4,2022,0,0,0.0,0,16,110.0,0,3,4,5.0,0,11.5,14.5,GB,Aaron Jones,11.5
00-0033293,A.Jones,Aaron Jones,RB,GB,NYG,5,2022,0,0,0.0,0,13,63.0,0,2,3,17.0,0,8.0,10.0,GB,Aaron Jones,8.0
00-0033293,A.Jones,Aaron Jones,RB,GB,NYJ,6,2022,0,0,0.0,0,9,19.0,0,3,4,25.0,0,4.4,7.4,GB,Aaron Jones,4.4
00-0033293,A.Jones,Aaron Jones,RB,GB,WAS,7,2022,0,0,0.0,0,8,23.0,0,9,10,53.0,2,19.6,28.6,GB,Aaron Jones,19.6
00-0033293,A.Jones,Aaron Jones,RB,GB,BUF,8,2022,0,0,0.0,0,20,143.0,0,4,5,14.0,0,15.7,19.7,GB,Aaron Jones,15.7
00-0033293,A.Jones,Aaron Jones,RB,GB,DET,9,2022,0,0,0.0,0,9,25.0,0,2,2,20.0,0,4.5,6.5,GB,Aaron Jones,4.5
00-0033293,A.Jones,Aaron Jones,RB,GB,DAL,10,2022,0,0,0.0,0,24,138.0,1,2,2,18.0,0,21.6,23.6,GB,Aaron Jones,21.6
00-0033293,A.Jones,Aaron Jones,RB,GB,TEN,11,2022,0,0,0.0,0,12,40.0,0,6,7,20.0,0,8.0,14.0,GB,Aaron Jones,8.0
00-0033293,A.Jones,Aaron Jones,RB,GB,PHI,12,2022,0,0,0.0,0,12,43.0,0,3,4,56.0,1,15.9,18.9,GB,Aaron Jones,15.9
00-0033293,A.Jones,Aaron Jones,RB,GB,CHI,13,2022,0,0,0.0,0,9,26.0,0,5,5,24.0,0,5.0,10.0,GB,Aaron Jones,5.0
00-0033293,A.Jones,Aaron Jones,RB,GB,LA,15,2022,0,0,0.0,0,17,90.0,0,4,5,36.0,1,16.6,20.6,GB,Aaron Jones,16.6
00-0033293,A.Jones,Aaron Jones,RB,GB,MIA,16,2022,0,0,0.0,0,6,25.0,0,2,2,9.0,0,3.4,5.4,GB,Aaron Jones,3.4
00-0033293,A.Jones,Aaron Jones,RB,GB,MIN,17,2022,0,0,0.0,0,14,111.0,0,2,3,2.0,0,11.3,13.3,GB,Aaron Jones,11.3
00-0033293,A.Jones,Aaron Jones,RB,GB,DET,18,2022,0,0,0.0,0,12,48.0,0,3,4,20.0,0,4.8,7.8,GB,Aaron Jones,4.8
00-0033307,K.Bourne,Kendrick Bourne,WR,NE,MIA,1,2022,0,0,0.0,0,0,0.0,0,1,1,41.0,0,4.1,5.1,NE,Kendrick Bourne,4.1
00-0033307,K.Bourne,Kendrick Bourne,WR,NE,PIT,2,2022,0,0,0.0,0,0,0.0,0,2,3,16.0,0,1.6,3.6,NE,Kendrick Bourne,1.6
00-0033307,K.Bourne,Kendrick Bourne,WR,NE,BAL,3,2022,0,0,0.0,0,0,0.0,0,4,5,58.0,0,5.8,9.8,NE,Kendrick Bourne,5.8
00-0033307,K.Bourne,Kendrick Bourne,WR,NE,GB,4,2022,0,0,0.0,0,1,15.0,0,2,3,23.0,0,3.8,5.8,NE,Kendrick Bourne,3.8
00-0033307,K.Bourne,Kendrick Bourne,WR,NE,DET,5,2022,0,0,0.0,0,1,-1.0,0,1,1,1.0,0,0.0,1.0,NE,Kendrick Bourne,0.0
00-0033307,K.Bourne,Kendrick Bourne,WR,NE,CLE,6,2022,0,0,0.0,0,0,0.0,0,1,1,17.0,0,1.7,2.7,NE,Kendrick Bourne,1.7
00-0033307,K.Bourne,Kendrick Bourne,WR,NE,NYJ,8,2022,0,0,0.0,0,0,0.0,0,0,1,0.0,0,0.0,0.0,NE,Kendrick Bourne,0.0
00-0033307,K.Bourne,Kendrick Bourne,WR,NE,IND,9,2022,0,0,0.0,0,1,1.0,0,3,4,11.0,0,1.2,4.2,NE,Kendrick Bourne,1.2
00-0033307,K.Bourne,Kendrick Bourne,WR,NE,NYJ,11,2022,0,0,0.0,0,0,0.0,0,1,1,8.0,0,0.8,1.8,NE,Kendrick Bourne,0.8
00-0033307,K.Bourne,Kendrick Bourne,WR,NE,MIN,12,2022,0,0,0.0,0,1,-7.0,0,3,4,36.0,0,2.9,5.9,NE,Kendrick Bourne,2.9
00-0033307,K.Bourne,Kendrick Bourne,WR,NE,BUF,13,2022,0,0,0.0,0,0,0.0,0,1,2,15.0,0,1.5,2.5,NE,Kendrick Bourne,1.5
00-0033307,K.Bourne,Kendrick Bourne,WR,NE,ARI,14,2022,0,0,0.0,0,0,0.0,0,5,5,47.0,0,4.7,9.7,NE,Kendrick Bourne,4.7
00-0033307,K.Bourne,Kendrick Bourne,WR,NE,LV,15,2022,0,0,0.0,0,0,0.0,0,0,1,0.0,0,0.0,0.0,NE,Kendrick Bourne,0.0
00-0033307,K.Bourne,Kendrick Bourne,WR,NE,CIN,16,2022,0,0,0.0,0,1,29.0,0,6,9,100.0,1,18.9,24.9,NE,Kendrick Bourne,18.9
00-0033307,K.Bourne,Kendrick Bourne,WR,NE,MIA,17,2022,0,0,0.0,0,1,2.0,0,1,2,16.0,0,1.8,2.8,NE,Kendrick Bourne,1.8
00-0033307,K.Bourne,Kendrick Bourne,WR,NE,BUF,18,2022,0,0,0.0,0,0,0.0,0,4,5,45.0,0,4.5,8.5,NE,Kendrick Bourne,4.5
00-0033308,M.Breida,Matt Breida,RB,NYG,TEN,1,2022,0,0,0.0,0,5,24.0,0,0,0,0.0,0,2.4,2.4,NYG,Matt Breida,2.4
00-0033308,M.Breida,Matt Breida,RB,NYG,CAR,2,2022,0,0,0.0,0,1,-4.0,0,0,1,0.0,0,-0.4,-0.4,NYG,Matt Breida,-0.4
00-0033308,M.Breida,Matt Breida,RB,NYG,DAL,3,2022,0,0,0.0,0,1,3.0,0,0,0,0.0,0,0.3,0.3,NYG,Matt Breida,0.3
00-0033308,M.Breida,Matt Breida,RB,NYG,CHI,4,2022,0,0,0.0,0,3,18.0,0,0,0,0.0,0,1.8,1.8,NYG,Matt Breida,1.8
00-0033308,M.Breida,Matt Breida,RB,NYG,GB,5,2022,0,0,0.0,0,4,14.0,0,2,2,13.0,0,2.7,4.7,NYG,Matt Breida,2.7
00-0033308,M.Breida,Matt Breida,RB,NYG,BAL,6,2022,0,0,0.0,0,3,-6.0,0,2,2,17.0,0,1.1,3.1,NYG,Matt Breida,1.1
00-0033308,M.Breida,Matt Breida,RB,NYG,JAX,7,2022,0,0,0.0,0,4,19.0,0,1,1,14.0,0,3.3,4.3,NYG,Matt Breida,3.3
00-0033308,M.Breida,Matt Breida,RB,NYG,SEA,8,2022,0,0,0.0,0,2,5.0,0,1,2,10.0,0,1.5,2.5,NYG,Matt Breida,1.5
00-0033308,M.Breida,Matt Breida,RB,NYG,HOU,10,2022,0,0,0.0,0,6,20.0,0,0,0,0.0,0,2.0,2.0,NYG,Matt Breida,2.0
00-0033308,M.Breida,Matt Breida,RB,NYG,DET,11,2022,0,0,0.0,0,3,13.0,1,1,1,16.0,0,8.9,9.9,NYG,Matt Breida,8.9
00-0033308,M.Breida,Matt Breida,RB,NYG,DAL,12,2022,0,0,0.0,0,2,6.0,0,1,1,9.0,0,1.5,2.5,NYG,Matt Breida,1.5
00-0033308,M.Breida,Matt Breida,RB,NYG,WAS,13,2022,0,0,0.0,0,0,0.0,0,1,1,4.0,0,0.4,1.4,NYG,Matt Breida,0.4
00-0033308,M.Breida,Matt Breida,RB,NYG,PHI,14,2022,0,0,0.0,0,3,6.0,0,2,4,9.0,0,1.5,3.5,NYG,Matt Breida,1.5
00-0033308,M.Breida,Matt Breida,RB,NYG,WAS,15,2022,0,0,0.0,0,2,6.0,0,1,1,6.0,0,1.2,2.2,NYG,Matt Breida,1.2
00-0033308,M.Breida,Matt Breida,RB,NYG,MIN,16,2022,0,0,0.0,0,2,9.0,0,0,0,0.0,0,0.9,0.9,NYG,Matt Breida,0.9
00-0033308,M.Breida,Matt Breida,RB,NYG,IND,17,2022,0,0,0.0,0,9,59.0,0,1,1,8.0,0,6.7,7.7,NYG,Matt Breida,6.7
00-0033308,M.Breida,Matt Breida,RB,NYG,PHI,18,2022,0,0,0.0,0,4,28.0,0,7,8,12.0,0,4.0,11.0,NYG,Matt Breida,4.0
00-0033308,M.Breida,Matt Breida,RB,NYG,MIN,19,2022,0,0,0.0,0,3,8.0,0,0,0,0.0,0,0.8,0.8,NYG,Matt Breida,0.8
00-0033308,M.Breida,Matt Breida,RB,NYG,PHI,20,2022,0,0,0.0,0,4,23.0,1,1,1,19.0,0,10.2,11.2,NYG,Matt Breida,10.2
00-0033319,N.Mullens,Nick Mullens,QB,MIN,WAS,9,2022,1,1,-3.0,0,0,0.0,0,0,0,0.0,0,-0.12,-0.12,MIN,Nick Mullens,-0.12
00-0033319,N.Mullens,Nick Mullens,QB,MIN,DAL,11,2022,5,7,54.0,0,0,0.0,0,0,0,0.0,0,2.16,2.16,MIN,Nick Mullens,2.16
00-0033319,N.Mullens,Nick Mullens,QB,MIN,GB,17,2022,4,4,57.0,1,0,0.0,0,0,0,0.0,0,6.28,6.28,MIN,Nick Mullens,6.28
00-0033319,N.Mullens,Nick Mullens,QB,MIN,CHI,18,2022,11,13,116.0,0,4,8.0,0,0,0,0.0,0,3.44,3.44,MIN,Nick Mullens,3.44
00-0033357,T.Hill,Taysom Hill,QB,NO,ATL,1,2022,0,0,0.0,0,4,81.0,1,1,1,2.0,0,14.3,15.3,NO,Taysom Hill,14.3
00-0033357,T.Hill,Taysom Hill,QB,NO,TB,2,2022,0,0,0.0,0,3,14.0,0,0,0,0.0,0,1.4,1.4,NO,Taysom Hill,1.4
00-0033357,T.Hill,Taysom Hill,QB,NO,MIN,4,2022,0,0,0.0,0,5,21.0,1,0,0,0.0,0,8.1,8.1,NO,Taysom Hill,8.1
00-0033357,T.Hill,Taysom Hill,QB,NO,SEA,5,2022,1,1,22.0,1,9,112.0,3,0,0,0.0,0,34.08,34.08,NO,Taysom Hill,34.08
00-0033357,T.Hill,Taysom Hill,QB,NO,CIN,6,2022,2,4,16.0,0,5,39.0,0,0,0,0.0,0,4.54,4.54,NO,Taysom Hill,4.54
00-0033357,T.Hill,Taysom Hill,QB,NO,ARI,7,2022,2,2,48.0,0,3,9.0,0,1,1,3.0,1,9.12,10.12,NO,Taysom Hill,9.12
00-0033357,T.Hill,Taysom Hill,QB,NO,LV,8,2022,1,1,2.0,0,10,61.0,0,1,2,11.0,0,7.28,8.28,NO,Taysom Hill,7.28
00-0033357,T.Hill,Taysom Hill,QB,NO,BAL,9,2022,1,1,13.0,0,1,6.0,0,0,1,0.0,0,1.12,1.12,NO,Taysom Hill,1.12
00-0033357,T.Hill,Taysom Hill,QB,NO,PIT,10,2022,0,1,0.0,0,3,1.0,0,0,0,0.0,0,0.1,0.1,NO,Taysom Hill,0.1
00-0033357,T.Hill,Taysom Hill,QB,NO,LA,11,2022,1,3,14.0,0,9,52.0,0,1,1,8.0,0,6.56,7.56,NO,Taysom Hill,6.56
00-0033357,T.Hill,Taysom Hill,QB,NO,SF,12,2022,0,1,0.0,0,6,13.0,0,1,2,7.0,0,2.0,3.0,NO,Taysom Hill,2.0
00-0033357,T.Hill,Taysom Hill,QB,NO,TB,13,2022,1,1,21.0,0,3,10.0,0,2,3,35.0,1,11.34,13.34,NO,Taysom Hill,11.34
00-0033357,T.Hill,Taysom Hill,QB,NO,ATL,15,2022,2,2,80.0,1,7,30.0,0,0,0,0.0,0,10.2,10.2,NO,Taysom Hill,10.2
00-0033357,T.Hill,Taysom Hill,QB,NO,CLE,16,2022,0,0,0.0,0,9,56.0,1,0,0,0.0,0,11.6,11.6,NO,Taysom Hill,11.6
00-0033357,T.Hill,Taysom Hill,QB,NO,PHI,17,2022,2,2,24.0,0,14,46.0,1,1,1,10.0,0,12.56,13.56,NO,Taysom Hill,12.56
00-0033357,T.Hill,Taysom Hill,QB,NO,CAR,18,2022,0,0,0.0,0,5,24.0,0,1,1,1.0,0,2.5,3.5,NO,Taysom Hill,2.5
00-0033367,C.Board,C.J. Board,WR,TEN,PHI,13,2022,0,0,0.0,0,0,0.0,0,1,1,6.0,0,0.6,1.6,TEN,C.J. Board,0.6
00-0033376,P.Ricard,Patrick Ricard,FB,BAL,NYJ,1,2022,0,0,0.0,0,0,0.0,0,1,1,7.0,0,0.7,1.7,BAL,Patrick Ricard,0.7
00-0033376,P.Ricard,Patrick Ricard,FB,BAL,MIA,2,2022,0,0,0.0,0,1,5.0,0,0,0,0.0,0,0.5,0.5,BAL,Patrick Ricard,0.5
00-0033376,P.Ricard,Patrick Ricard,FB,BAL,NE,3,2022,0,0,0.0,0,0,0.0,0,1,1,12.0,0,1.2,2.2,BAL,Patrick Ricard,1.2
00-0033376,P.Ricard,Patrick Ricard,FB,BAL,BUF,4,2022,0,0,0.0,0,1,3.0,0,3,3,17.0,0,2.0,5.0,BAL,Patrick Ricard,2.0
00-0033376,P.Ricard,Patrick Ricard,FB,BAL,NYG,6,2022,0,0,0.0,0,0,0.0,0,0,1,0.0,0,0.0,0.0,BAL,Patrick Ricard,0.0
00-0033376,P.Ricard,Patrick Ricard,FB,BAL,CLE,7,2022,0,0,0.0,0,1,0.0,0,2,2,20.0,0,2.0,4.0,BAL,Patrick Ricard,2.0
00-0033376,P.Ricard,Patrick Ricard,FB,BAL,NO,9,2022,0,0,0.0,0,1,2.0,0,1,1,4.0,0,0.6,1.6,BAL,Patrick Ricard,0.6
00-0033376,P.Ricard,Patrick Ricard,FB,BAL,CAR,11,2022,0,0,0.0,0,1,4.0,0,0,0,0.0,0,0.4,0.4,BAL,Patrick Ricard,0.4
00-0033376,P.Ricard,Patrick Ricard,FB,BAL,JAX,12,2022,0,0,0.0,0,0,0.0,0,2,3,14.0,0,1.4,3.4,BAL,Patrick Ricard,1.4
00-0033376,P.Ricard,Patrick Ricard,FB,BAL,DEN,13,2022,0,0,0.0,0,0,0.0,0,1,1,0.0,0,0.0,1.0,BAL,Patrick Ricard,0.0
00-0033376,P.Ricard,Patrick Ricard,FB,BAL,PIT,14,2022,0,0,0.0,0,1,2.0,0,0,0,0.0,0,0.2,0.2,BAL,Patrick Ricard,0.2
00-0033376,P.Ricard,Patrick Ricard,FB,BAL,CLE,15,2022,0,0,0.0,0,1,0.0,0,0,0,0.0,0,0.0,0.0,BAL,Patrick Ricard,0.0
00-0033376,P.Ricard,Patrick Ricard,FB,BAL,CIN,19,2022,0,0,0.0,0,0,0.0,0,0,2,0.0,0,0.0,0.0,BAL,Patrick Ricard,0.0
00-0033386,C.Hollister,Cody Hollister,WR,TEN,NYG,1,2022,0,0,0.0,0,0,0.0,0,1,1,22.0,0,2.2,3.2,TEN,Cody Hollister,2.2
00-0033386,C.Hollister,Cody Hollister,WR,TEN,IND,7,2022,0,0,0.0,0,0,0.0,0,2,2,32.0,0,3.2,5.2,TEN,Cody Hollister,3.2
00-0033386,C.Hollister,Cody Hollister,WR,TEN,HOU,8,2022,0,0,0.0,0,0,0.0,0,0,1,0.0,0,0.0,0.0,TEN,Cody Hollister,0.0
00-0033386,C.Hollister,Cody Hollister,WR,TEN,KC,9,2022,0,0,0.0,0,0,0.0,0,0,1,0.0,0,0.0,0.0,TEN,Cody Hollister,0.0
00-0033439,P.Brown,Pharaoh Brown,TE,HOU,IND,1,2022,0,0,0.0,0,0,0.0,0,1,1,17.0,0,1.7,2.7,HOU,Pharaoh Brown,1.7
00-0033439,P.Brown,Pharaoh Brown,TE,HOU,DEN,2,2022,0,0,0.0,0,0,0.0,0,3,5,24.0,0,2.4,5.4,HOU,Pharaoh Brown,2.4
00-0033439,P.Brown,Pharaoh Brown,TE,HOU,CHI,3,2022,0,0,0.0,0,0,0.0,0,3,4,31.0,0,3.1,6.1,HOU,Pharaoh Brown,3.1
00-0033439,P.Brown,Pharaoh Brown,TE,CLE,NE,6,2022,0,0,0.0,0,0,0.0,0,2,3,21.0,0,2.1,4.1,CLE,Pharaoh Brown,2.1
00-0033439,P.Brown,Pharaoh Brown,TE,CLE,MIA,10,2022,0,0,0.0,0,0,0.0,0,2,5,13.0,0,1.3,3.3,CLE,Pharaoh Brown,1.3
00-0033439,P.Brown,Pharaoh Brown,TE,CLE,BUF,11,2022,0,0,0.0,0,0,0.0,0,0,1,0.0,0,0.0,0.0,CLE,Pharaoh Brown,0.0
00-0033439,P.Brown,Pharaoh Brown,TE,CLE,HOU,13,2022,0,0,0.0,0,0,0.0,0,1,1,11.0,0,1.1,2.1,CLE,Pharaoh Brown,1.1
00-0033455,A.Firkser,Anthony Firkser,TE,ATL,NO,1,2022,0,0,0.0,0,0,0.0,0,1,2,6.0,0,0.6,1.6,ATL,Anthony Firkser,0.6
00-0033455,A.Firkser,Anthony Firkser,TE,ATL,SEA,3,2022,0,0,0.0,0,0,0.0,0,1,1,22.0,0,2.2,3.2,ATL,Anthony Firkser,2.2
00-0033455,A.Firkser,Anthony Firkser,TE,ATL,TB,5,2022,0,0,0.0,0,0,0.0,0,1,1,11.0,0,1.1,2.1,ATL,Anthony Firkser,1.1
00-0033455,A.Firkser,Anthony Firkser,TE,ATL,WAS,12,2022,0,0,0.0,0,0,0.0,0,1,1,16.0,0,1.6,2.6,ATL,Anthony Firkser,1.6
00-0033455,A.Firkser,Anthony Firkser,TE,ATL,PIT,13,2022,0,0,0.0,0,0,0.0,0,2,2,24.0,0,2.4,4.4,ATL,Anthony Firkser,2.4
00-0033455,A.Firkser,Anthony Firkser,TE,ATL,NO,15,2022,0,0,0.0,0,0,0.0,0,0,2,0.0,0,0.0,0.0,ATL,Anthony Firkser,0.0
00-0033455,A.Firkser,Anthony Firkser,TE,ATL,BAL,16,2022,0,0,0.0,0,0,0.0,0,2,3,10.0,0,1.0,3.0,ATL,Anthony Firkser,1.0
00-0033455,A.Firkser,Anthony Firkser,TE,ATL,TB,18,2022,0,0,0.0,0,0,0.0,0,1,1,11.0,0,1.1,2.1,ATL,Anthony Firkser,1.1
00-0033466,I.McKenzie,Isaiah McKenzie,WR,BUF,LA,1,2022,0,0,0.0,0,0,0.0,0,2,3,19.0,1,7.9,9.9,BUF,Isaiah McKenzie,7.9
00-0033466,I.McKenzie,Isaiah McKenzie,WR,BUF,TEN,2,2022,0,0,0.0,0,0,0.0,0,2,3,37.0,0,3.7,5.7,BUF,Isaiah McKenzie,3.7
00-0033466,I.McKenzie,Isaiah McKenzie,WR,BUF,MIA,3,2022,0,0,0.0,0,1,6.0,0,7,9,76.0,1,14.2,21.2,BUF,Isaiah McKenzie,14.2
00-0033466,I.McKenzie,Isaiah McKenzie,WR,BUF,BAL,4,2022,0,0,0.0,0,0,0.0,0,4,6,21.0,1,8.1,12.1,BUF,Isaiah McKenzie,8.1
00-0033466,I.McKenzie,Isaiah McKenzie,WR,BUF,KC,6,2022,0,0,0.0,0,0,0.0,0,2,5,9.0,0,0.9,2.9,BUF,Isaiah McKenzie,0.9
00-0033466,I.McKenzie,Isaiah McKenzie,WR,BUF,GB,8,2022,0,0,0.0,0,2,2.0,1,1,1,8.0,0,7.0,8.0,BUF,Isaiah McKenzie,7.0
00-0033466,I.McKenzie,Isaiah McKenzie,WR,BUF,NYJ,9,2022,0,0,0.0,0,1,9.0,0,2,3,12.0,0,2.1,4.1,BUF,Isaiah McKenzie,2.1
00-0033466,I.McKenzie,Isaiah McKenzie,WR,BUF,MIN,10,2022,0,0,0.0,0,1,18.0,0,4,4,37.0,0,5.5,9.5,BUF,Isaiah McKenzie,5.5
00-0033466,I.McKenzie,Isaiah McKenzie,WR,BUF,CLE,11,2022,0,0,0.0,0,0,0.0,0,0,1,0.0,0,0.0,0.0,BUF,Isaiah McKenzie,0.0
00-0033466,I.McKenzie,Isaiah McKenzie,WR,BUF,DET,12,2022,0,0,0.0,0,2,7.0,0,6,10,96.0,1,16.3,22.3,BUF,Isaiah McKenzie,16.3
00-0033466,I.McKenzie,Isaiah McKenzie,WR,BUF,NE,13,2022,0,0,0.0,0,0,0.0,0,5,5,44.0,0,4.4,9.4,BUF,Isaiah McKenzie,4.4
00-0033466,I.McKenzie,Isaiah McKenzie,WR,BUF,NYJ,14,2022,0,0,0.0,0,1,7.0,0,3,5,21.0,0,2.8,5.8,BUF,Isaiah McKenzie,2.8
00-0033466,I.McKenzie,Isaiah McKenzie,WR,BUF,MIA,15,2022,0,0,0.0,0,0,0.0,0,2,5,24.0,0,2.4,4.4,BUF,Isaiah McKenzie,2.4
00-0033466,I.McKenzie,Isaiah McKenzie,WR,BUF,CHI,16,2022,0,0,0.0,0,1,6.0,0,0,2,0.0,0,0.6,0.6,BUF,Isaiah McKenzie,0.6
00-0033466,I.McKenzie,Isaiah McKenzie,WR,BUF,NE,18,2022,0,0,0.0,0,0,0.0,0,2,3,19.0,0,1.9,3.9,BUF,Isaiah McKenzie,1.9
00-0033466,I.McKenzie,Isaiah McKenzie,WR,BUF,CIN,20,2022,0,0,0.0,0,0,0.0,0,2,2,10.0,0,1.0,3.0,BUF,Isaiah McKenzie,1.0
00-0033481,M.Kemp,Marcus Kemp,WR,KC,CIN,21,2022,0,0,0.0,0,0,0.0,0,1,1,13.0,0,1.3,2.3,KC,Marcus Kemp,1.3
00-0033526,S.Perine,Samaje Perine,RB,CIN,PIT,1,2022,0,0,0.0,0,1,4.0,0,3,5,33.0,0,3.7,6.7,CIN,Samaje Perine,3.7
00-0033526,S.Perine,Samaje Perine,RB,CIN,DAL,2,2022,0,0,0.0,0,1,2.0,0,1,1,8.0,0,1.0,2.0,CIN,Samaje Perine,1.0
00-0033526,S.Perine,Samaje Perine,RB,CIN,NYJ,3,2022,0,0,0.0,0,9,47.0,0,2,2,14.0,1,12.1,14.1,CIN,Samaje Perine,12.1
00-0033526,S.Perine,Samaje Perine,RB,CIN,MIA,4,2022,0,0,0.0,0,1,0.0,0,0,1,0.0,0,0.0,0.0,CIN,Samaje Perine,0.0
00-0033526,S.Perine,Samaje Perine,RB,CIN,BAL,5,2022,0,0,0.0,0,3,17.0,0,4,4,39.0,0,5.6,9.6,CIN,Samaje Perine,5.6
00-0033526,S.Perine,Samaje Perine,RB,CIN,NO,6,2022,0,0,0.0,0,2,5.0,0,2,2,11.0,0,1.6,3.6,CIN,Samaje Perine,1.6
00-0033526,S.Perine,Samaje Perine,RB,CIN,ATL,7,2022,0,0,0.0,0,1,0.0,0,2,2,8.0,0,0.8,2.8,CIN,Samaje Perine,0.8
00-0033526,S.Perine,Samaje Perine,RB,CIN,CLE,8,2022,0,0,0.0,0,1,7.0,0,3,3,10.0,0,1.7,4.7,CIN,Samaje Perine,1.7
00-0033526,S.Perine,Samaje Perine,RB,CIN,CAR,9,2022,0,0,0.0,0,6,51.0,0,1,2,3.0,0,5.4,6.4,CIN,Samaje Perine,5.4
00-0033526,S.Perine,Samaje Perine,RB,CIN,PIT,11,2022,0,0,0.0,0,11,30.0,0,4,4,52.0,3,26.2,30.2,CIN,Samaje Perine,26.2
00-0033526,S.Perine,Samaje Perine,RB,CIN,TEN,12,2022,0,0,0.0,0,17,58.0,1,4,7,35.0,0,15.3,19.3,CIN,Samaje Perine,15.3
00-0033526,S.Perine,Samaje Perine,RB,CIN,KC,13,2022,0,0,0.0,0,21,106.0,0,6,7,49.0,0,15.5,21.5,CIN,Samaje Perine,15.5
00-0033526,S.Perine,Samaje Perine,RB,CIN,CLE,14,2022,0,0,0.0,0,4,22.0,1,1,5,2.0,0,8.4,9.4,CIN,Samaje Perine,8.4
00-0033526,S.Perine,Samaje Perine,RB,CIN,TB,15,2022,0,0,0.0,0,7,24.0,0,1,1,0.0,0,2.4,3.4,CIN,Samaje Perine,2.4
00-0033526,S.Perine,Samaje Perine,RB,CIN,NE,16,2022,0,0,0.0,0,4,3.0,0,3,4,19.0,0,2.2,5.2,CIN,Samaje Perine,2.2
00-0033526,S.Perine,Samaje Perine,RB,CIN,BAL,18,2022,0,0,0.0,0,6,18.0,0,1,1,4.0,0,2.2,3.2,CIN,Samaje Perine,2.2
00-0033526,S.Perine,Samaje Perine,RB,CIN,BAL,19,2022,0,0,0.0,0,2,3.0,0,0,1,0.0,0,0.3,0.3,CIN,Samaje Perine,0.3
00-0033526,S.Perine,Samaje Perine,RB,CIN,BUF,20,2022,0,0,0.0,0,7,33.0,0,5,5,31.0,0,6.4,11.4,CIN,Samaje Perine,6.4
00-0033526,S.Perine,Samaje Perine,RB,CIN,KC,21,2022,0,0,0.0,0,5,22.0,1,3,4,4.0,0,8.6,11.6,CIN,Samaje Perine,8.6
00-0033536,M.Williams,Mike Williams,WR,LAC,LV,1,2022,0,0,0.0,0,0,0.0,0,2,4,10.0,0,1.0,3.0,LAC,Mike Williams,1.0
00-0033536,M.Williams,Mike Williams,WR,LAC,KC,2,2022,0,0,0.0,0,0,0.0,0,8,10,113.0,1,17.3,25.3,LAC,Mike Williams,17.3
00-0033536,M.Williams,Mike Williams,WR,LAC,JAX,3,2022,0,0,0.0,0,0,0.0,0,1,6,15.0,1,7.5,8.5,LAC,Mike Williams,7.5
00-0033536,M.Williams,Mike Williams,WR,LAC,HOU,4,2022,0,0,0.0,0,0,0.0,0,7,11,120.0,0,12.0,19.0,LAC,Mike Williams,12.0
00-0033536,M.Williams,Mike Williams,WR,LAC,CLE,5,2022,0,0,0.0,0,0,0.0,0,10,13,134.0,0,13.4,23.4,LAC,Mike Williams,13.4
00-0033536,M.Williams,Mike Williams,WR,LAC,DEN,6,2022,0,0,0.0,0,0,0.0,0,2,6,17.0,0,1.7,3.7,LAC,Mike Williams,1.7
00-0033536,M.Williams,Mike Williams,WR,LAC,SEA,7,2022,0,0,0.0,0,0,0.0,0,7,9,86.0,1,14.6,21.6,LAC,Mike Williams,14.6
00-0033536,M.Williams,Mike Williams,WR,LAC,KC,11,2022,0,0,0.0,0,0,0.0,0,1,1,15.0,0,1.5,2.5,LAC,Mike Williams,1.5
00-0033536,M.Williams,Mike Williams,WR,LAC,MIA,14,2022,0,0,0.0,0,0,0.0,0,6,6,116.0,1,17.6,23.6,LAC,Mike Williams,17.6
00-0033536,M.Williams,Mike Williams,WR,LAC,TEN,15,2022,0,0,0.0,0,0,0.0,0,4,8,67.0,0,6.7,10.7,LAC,Mike Williams,6.7
00-0033536,M.Williams,Mike Williams,WR,LAC,IND,16,2022,0,0,0.0,0,0,0.0,0,4,4,76.0,0,7.6,11.6,LAC,Mike Williams,7.6
00-0033536,M.Williams,Mike Williams,WR,LAC,LA,17,2022,0,0,0.0,0,0,0.0,0,7,10,94.0,0,9.4,16.4,LAC,Mike Williams,9.4
00-0033536,M.Williams,Mike Williams,WR,LAC,DEN,18,2022,0,0,0.0,0,0,0.0,0,4,5,32.0,0,3.2,7.2,LAC,Mike Williams,3.2
00-0033537,D.Watson,Deshaun Watson,QB,CLE,HOU,13,2022,12,22,131.0,0,7,21.0,0,0,0,0.0,0,5.34,5.34,CLE,Deshaun Watson,5.34
00-0033537,D.Watson,Deshaun Watson,QB,CLE,CIN,14,2022,26,42,276.0,1,6,33.0,0,0,0,0.0,0,16.34,16.34,CLE,Deshaun Watson,16.34
00-0033537,D.Watson,Deshaun Watson,QB,CLE,BAL,15,2022,18,28,161.0,1,6,22.0,0,0,0,0.0,0,12.64,12.64,CLE,Deshaun Watson,12.64
00-0033537,D.Watson,Deshaun Watson,QB,CLE,NO,16,2022,15,31,135.0,0,3,24.0,1,0,0,0.0,0,11.8,11.8,CLE,Deshaun Watson,11.8
00-0033537,D.Watson,Deshaun Watson,QB,CLE,WAS,17,2022,9,18,169.0,3,8,31.0,0,0,0,0.0,0,21.86,21.86,CLE,Deshaun Watson,21.86
00-0033537,D.Watson,Deshaun Watson,QB,CLE,PIT,18,2022,19,29,230.0,2,6,44.0,0,0,0,0.0,0,17.6,17.6,CLE,Deshaun Watson,17.6
00-0033550,D.Webb,Davis Webb,QB,NYG,PHI,18,2022,23,40,168.0,1,6,41.0,1,0,0,0.0,0,20.82,20.82,NYG,Davis Webb,20.82
00-0033553,J.Conner,James Conner,RB,ARI,KC,1,2022,0,0,0.0,0,10,26.0,1,5,6,29.0,0,11.5,16.5,ARI,James Conner,11.5
00-0033553,J.Conner,James Conner,RB,ARI,LV,2,2022,0,0,0.0,0,7,25.0,0,2,4,26.0,0,5.1,7.1,ARI,James Conner,5.1
00-0033553,J.Conner,James Conner,RB,ARI,LA,3,2022,0,0,0.0,0,13,39.0,0,3,5,18.0,0,5.7,8.7,ARI,James Conner,5.7
00-0033553,J.Conner,James Conner,RB,ARI,CAR,4,2022,0,0,0.0,0,15,55.0,0,3,3,22.0,0,7.7,10.7,ARI,James Conner,7.7
00-0033553,J.Conner,James Conner,RB,ARI,PHI,5,2022,0,0,0.0,0,9,55.0,0,1,1,8.0,0,6.3,7.3,ARI,James Conner,6.3
00-0033553,J.Conner,James Conner,RB,ARI,SEA,9,2022,0,0,0.0,0,7,45.0,0,5,5,19.0,0,6.4,11.4,ARI,James Conner,6.4
00-0033553,J.Conner,James Conner,RB,ARI,LA,10,2022,0,0,0.0,0,21,69.0,2,3,3,17.0,0,20.6,23.6,ARI,James Conner,20.6
00-0033553,J.Conner,James Conner,RB,ARI,SF,11,2022,0,0,0.0,0,14,42.0,1,2,5,12.0,0,11.4,13.4,ARI,James Conner,11.4
00-0033553,J.Conner,James Conner,RB,ARI,LAC,12,2022,0,0,0.0,0,25,120.0,0,3,3,20.0,1,18.0,21.0,ARI,James Conner,18.0
00-0033553,J.Conner,James Conner,RB,ARI,NE,14,2022,0,0,0.0,0,15,85.0,1,6,7,29.0,0,17.4,23.4,ARI,James Conner,17.4
00-0033553,J.Conner,James Conner,RB,ARI,DEN,15,2022,0,0,0.0,0,16,63.0,1,3,5,28.0,0,15.1,18.1,ARI,James Conner,15.1
00-0033553,J.Conner,James Conner,RB,ARI,TB,16,2022,0,0,0.0,0,15,79.0,1,7,8,41.0,0,18.0,25.0,ARI,James Conner,18.0
00-0033553,J.Conner,James Conner,RB,ARI,ATL,17,2022,0,0,0.0,0,16,79.0,0,3,3,31.0,0,11.0,14.0,ARI,James Conner,11.0
00-0033555,M.Hollins,Mack Hollins,WR,LV,LAC,1,2022,0,0,0.0,0,0,0.0,0,1,1,16.0,0,1.6,2.6,LV,Mack Hollins,1.6
00-0033555,M.Hollins,Mack Hollins,WR,LV,ARI,2,2022,0,0,0.0,0,0,0.0,0,5,8,66.0,0,6.6,11.6,LV,Mack Hollins,6.6
00-0033555,M.Hollins,Mack Hollins,WR,LV,TEN,3,2022,1,1,4.0,0,0,0.0,0,8,11,158.0,1,21.96,29.96,LV,Mack Hollins,21.96
00-0033555,M.Hollins,Mack Hollins,WR,LV,DEN,4,2022,0,0,0.0,0,0,0.0,0,3,5,33.0,0,3.3,6.3,LV,Mack Hollins,3.3
00-0033555,M.Hollins,Mack Hollins,WR,LV,KC,5,2022,0,0,0.0,0,0,0.0,0,0,4,0.0,0,0.0,0.0,LV,Mack Hollins,0.0
00-0033555,M.Hollins,Mack Hollins,WR,LV,HOU,7,2022,0,0,0.0,0,0,0.0,0,2,3,44.0,1,10.4,12.4,LV,Mack Hollins,10.4
00-0033555,M.Hollins,Mack Hollins,WR,LV,NO,8,2022,0,0,0.0,0,0,0.0,0,7,8,64.0,0,6.4,13.4,LV,Mack Hollins,6.4
00-0033555,M.Hollins,Mack Hollins,WR,LV,JAX,9,2022,0,0,0.0,0,0,0.0,0,2,4,17.0,0,1.7,3.7,LV,Mack Hollins,1.7
00-0033555,M.Hollins,Mack Hollins,WR,LV,IND,10,2022,0,0,0.0,0,1,0.0,0,2,6,18.0,0,1.8,3.8,LV,Mack Hollins,1.8
00-0033555,M.Hollins,Mack Hollins,WR,LV,DEN,11,2022,0,0,0.0,0,0,0.0,0,6,9,52.0,0,5.2,11.2,LV,Mack Hollins,5.2
00-0033555,M.Hollins,Mack Hollins,WR,LV,SEA,12,2022,0,0,0.0,0,0,0.0,0,4,5,63.0,1,12.3,16.3,LV,Mack Hollins,12.3
00-0033555,M.Hollins,Mack Hollins,WR,LV,LAC,13,2022,0,0,0.0,0,0,0.0,0,5,9,35.0,0,3.5,8.5,LV,Mack Hollins,3.5
00-0033555,M.Hollins,Mack Hollins,WR,LV,LA,14,2022,0,0,0.0,0,3,40.0,0,2,4,22.0,0,6.2,8.2,LV,Mack Hollins,6.2
00-0033555,M.Hollins,Mack Hollins,WR,LV,NE,15,2022,0,0,0.0,0,0,0.0,0,4,8,40.0,1,10.0,14.0,LV,Mack Hollins,10.0
00-0033555,M.Hollins,Mack Hollins,WR,LV,PIT,16,2022,0,0,0.0,0,0,0.0,0,1,2,7.0,0,0.7,1.7,LV,Mack Hollins,0.7
00-0033555,M.Hollins,Mack Hollins,WR,LV,SF,17,2022,0,0,0.0,0,0,0.0,0,3,4,40.0,0,4.0,7.0,LV,Mack Hollins,4.0
00-0033555,M.Hollins,Mack Hollins,WR,LV,KC,18,2022,0,0,0.0,0,0,0.0,0,2,3,15.0,0,1.5,3.5,LV,Mack Hollins,1.5
00-0033572,J.Agnew,Jamal Agnew,WR,JAX,WAS,1,2022,0,0,0.0,0,1,6.0,0,1,1,6.0,0,1.2,2.2,JAX,Jamal Agnew,1.2
00-0033572,J.Agnew,Jamal Agnew,WR,JAX,IND,2,2022,0,0,0.0,0,2,1.0,0,0,1,0.0,0,0.1,0.1,JAX,Jamal Agnew,0.1
00-0033572,J.Agnew,Jamal Agnew,WR,JAX,LAC,3,2022,0,0,0.0,0,0,0.0,0,1,1,17.0,0,1.7,2.7,JAX,Jamal Agnew,1.7
00-0033572,J.Agnew,Jamal Agnew,WR,JAX,PHI,4,2022,0,0,0.0,0,0,0.0,0,4,6,50.0,2,17.0,21.0,JAX,Jamal Agnew,17.0
00-0033572,J.Agnew,Jamal Agnew,WR,JAX,HOU,5,2022,0,0,0.0,0,1,3.0,0,0,1,0.0,0,0.3,0.3,JAX,Jamal Agnew,0.3
00-0033572,J.Agnew,Jamal Agnew,WR,JAX,IND,6,2022,0,0,0.0,0,1,19.0,0,1,1,5.0,0,2.4,3.4,JAX,Jamal Agnew,2.4
00-0033572,J.Agnew,Jamal Agnew,WR,JAX,KC,10,2022,0,0,0.0,0,0,0.0,0,3,4,4.0,0,0.4,3.4,JAX,Jamal Agnew,0.4
00-0033572,J.Agnew,Jamal Agnew,WR,JAX,BAL,12,2022,0,0,0.0,0,0,0.0,0,5,5,37.0,1,9.7,14.7,JAX,Jamal Agnew,9.7
00-0033572,J.Agnew,Jamal Agnew,WR,JAX,DET,13,2022,0,0,0.0,0,1,3.0,0,0,1,0.0,0,2.3,2.3,JAX,Jamal Agnew,2.3
00-0033572,J.Agnew,Jamal Agnew,WR,JAX,TEN,14,2022,0,0,0.0,0,1,8.0,0,3,3,36.0,0,4.4,7.4,JAX,Jamal Agnew,4.4
00-0033572,J.Agnew,Jamal Agnew,WR,JAX,DAL,15,2022,0,0,0.0,0,3,52.0,0,2,3,12.0,0,6.4,8.4,JAX,Jamal Agnew,6.4
00-0033572,J.Agnew,Jamal Agnew,WR,JAX,NYJ,16,2022,0,0,0.0,0,0,0.0,0,1,1,8.0,0,0.8,1.8,JAX,Jamal Agnew,0.8
00-0033572,J.Agnew,Jamal Agnew,WR,JAX,HOU,17,2022,0,0,0.0,0,2,-6.0,0,1,1,4.0,0,-0.2,0.8,JAX,Jamal Agnew,-0.2
00-0033572,J.Agnew,Jamal Agnew,WR,JAX,TEN,18,2022,0,0,0.0,0,0,0.0,0,1,1,8.0,0,0.8,1.8,JAX,Jamal Agnew,0.8
00-0033572,J.Agnew,Jamal Agnew,WR,JAX,LAC,19,2022,0,0,0.0,0,0,0.0,0,1,1,2.0,0,0.2,1.2,JAX,Jamal Agnew,0.2
00-0033572,J.Agnew,Jamal Agnew,WR,JAX,KC,20,2022,0,0,0.0,0,1,2.0,0,2,3,5.0,0,-1.3,0.7,JAX,Jamal Agnew,-1.3
00-0033576,E.Saubert,Eric Saubert,TE,DEN,SEA,1,2022,0,0,0.0,0,0,0.0,0,0,1,0.0,0,0.0,0.0,DEN,Eric Saubert,0.0
00-0033576,E.Saubert,Eric Saubert,TE,DEN,HOU,2,2022,0,0,0.0,0,0,0.0,0,1,2,22.0,1,8.2,9.2,DEN,Eric Saubert,8.2
00-0033576,E.Saubert,Eric Saubert,TE,DEN,SF,3,2022,0,0,0.0,0,0,0.0,0,0,1,0.0,0,0.0,0.0,DEN,Eric Saubert,0.0
00-0033576,E.Saubert,Eric Saubert,TE,DEN,LV,4,2022,0,0,0.0,0,0,0.0,0,1,2,25.0,0,2.5,3.5,DEN,Eric Saubert,2.5
00-0033576,E.Saubert,Eric Saubert,TE,DEN,IND,5,2022,0,0,0.0,0,0,0.0,0,5,7,36.0,0,3.6,8.6,DEN,Eric Saubert,3.6
00-0033576,E.Saubert,Eric Saubert,TE,DEN,NYJ,7,2022,0,0,0.0,0,0,0.0,0,0,1,0.0,0,0.0,0.0,DEN,Eric Saubert,0.0
00-0033576,E.Saubert,Eric Saubert,TE,DEN,TEN,10,2022,0,0,0.0,0,0,0.0,0,1,1,12.0,0,1.2,2.2,DEN,Eric Saubert,1.2
00-0033576,E.Saubert,Eric Saubert,TE,DEN,LV,11,2022,0,0,0.0,0,0,0.0,0,2,2,16.0,0,1.6,3.6,DEN,Eric Saubert,1.6
00-0033576,E.Saubert,Eric Saubert,TE,DEN,KC,14,2022,0,0,0.0,0,0,0.0,0,1,2,2.0,0,0.2,1.2,DEN,Eric Saubert,0.2
00-0033576,E.Saubert,Eric Saubert,TE,DEN,ARI,15,2022,0,0,0.0,0,0,0.0,0,1,2,5.0,0,0.5,1.5,DEN,Eric Saubert,0.5
00-0033576,E.Saubert,Eric Saubert,TE,DEN,KC,17,2022,0,0,0.0,0,0,0.0,0,3,3,30.0,0,3.0,6.0,DEN,Eric Saubert,3.0
00-0033591,N.Brown,Noah Brown,WR,DAL,TB,1,2022,0,0,0.0,0,0,0.0,0,5,9,68.0,0,6.8,11.8,DAL,Noah Brown,6.8
00-0033591,N.Brown,Noah Brown,WR,DAL,CIN,2,2022,0,0,0.0,0,0,0.0,0,5,5,91.0,1,15.1,20.1,DAL,Noah Brown,15.1
00-0033591,N.Brown,Noah Brown,WR,DAL,NYG,3,2022,0,0,0.0,0,0,0.0,0,5,7,54.0,0,5.4,10.4,DAL,Noah Brown,5.4
00-0033591,N.Brown,Noah Brown,WR,DAL,WAS,4,2022,0,0,0.0,0,0,0.0,0,3,6,61.0,0,6.1,9.1,DAL,Noah Brown,6.1
00-0033591,N.Brown,Noah Brown,WR,DAL,LA,5,2022,0,0,0.0,0,0,0.0,0,1,2,5.0,0,0.5,1.5,DAL,Noah Brown,0.5
00-0033591,N.Brown,Noah Brown,WR,DAL,PHI,6,2022,0,0,0.0,0,0,0.0,0,1,3,10.0,0,1.0,2.0,DAL,Noah Brown,1.0
00-0033591,N.Brown,Noah Brown,WR,DAL,DET,7,2022,0,0,0.0,0,0,0.0,0,5,7,50.0,0,3.0,8.0,DAL,Noah Brown,3.0
00-0033591,N.Brown,Noah Brown,WR,DAL,GB,10,2022,0,0,0.0,0,0,0.0,0,1,4,3.0,0,0.3,1.3,DAL,Noah Brown,0.3
00-0033591,N.Brown,Noah Brown,WR,DAL,MIN,11,2022,0,0,0.0,0,0,0.0,0,2,2,42.0,0,4.2,6.2,DAL,Noah Brown,4.2
00-0033591,N.Brown,Noah Brown,WR,DAL,IND,13,2022,0,0,0.0,0,0,0.0,0,2,2,15.0,0,1.5,3.5,DAL,Noah Brown,1.5
00-0033591,N.Brown,Noah Brown,WR,DAL,HOU,14,2022,0,0,0.0,0,0,0.0,0,4,6,85.0,0,8.5,12.5,DAL,Noah Brown,8.5
00-0033591,N.Brown,Noah Brown,WR,DAL,JAX,15,2022,0,0,0.0,0,0,0.0,0,6,9,49.0,2,16.9,22.9,DAL,Noah Brown,16.9
00-0033591,N.Brown,Noah Brown,WR,DAL,PHI,16,2022,0,0,0.0,0,0,0.0,0,1,2,5.0,0,0.5,1.5,DAL,Noah Brown,0.5
00-0033591,N.Brown,Noah Brown,WR,DAL,TEN,17,2022,0,0,0.0,0,0,0.0,0,1,4,7.0,0,0.7,1.7,DAL,Noah Brown,0.7
00-0033591,N.Brown,Noah Brown,WR,DAL,WAS,18,2022,0,0,0.0,0,0,0.0,0,1,6,10.0,0,1.0,2.0,DAL,Noah Brown,1.0
00-0033591,N.Brown,Noah Brown,WR,DAL,TB,19,2022,0,0,0.0,0,0,0.0,0,2,2,18.0,0,1.8,3.8,DAL,Noah Brown,1.8
00-0033591,N.Brown,Noah Brown,WR,DAL,SF,20,2022,0,0,0.0,0,0,0.0,0,2,2,21.0,0,2.1,4.1,DAL,Noah Brown,2.1
00-0033633,T.Gentry,Tanner Gentry,WR,BUF,PIT,5,2022,0,0,0.0,0,0,0.0,0,0,1,0.0,0,0.0,0.0,BUF,Tanner Gentry,0.0
00-0033662,C.Rush,Cooper Rush,QB,DAL,TB,1,2022,7,13,64.0,0,0,0.0,0,0,0,0.0,0,2.56,2.56,DAL,Cooper Rush,2.56
00-0033662,C.Rush,Cooper Rush,QB,DAL,CIN,2,2022,19,31,235.0,1,1,2.0,0,0,0,0.0,0,13.6,13.6,DAL,Cooper Rush,13.6
00-0033662,C.Rush,Cooper Rush,QB,DAL,NYG,3,2022,21,31,215.0,1,2,-2.0,0,0,0,0.0,0,12.4,12.4,DAL,Cooper Rush,12.4
00-0033662,C.Rush,Cooper Rush,QB,DAL,WAS,4,2022,15,27,223.0,2,2,7.0,0,0,0,0.0,0,17.62,17.62,DAL,Cooper Rush,17.62
00-0033662,C.Rush,Cooper Rush,QB,DAL,LA,5,2022,10,16,102.0,0,4,-1.0,0,0,0,0.0,0,3.98,3.98,DAL,Cooper Rush,3.98
00-0033662,C.Rush,Cooper Rush,QB,DAL,PHI,6,2022,18,38,181.0,1,0,0.0,0,0,0,0.0,0,5.24,5.24,DAL,Cooper Rush,5.24
00-0033662,C.Rush,Cooper Rush,QB,DAL,MIN,11,2022,4,5,31.0,0,0,0.0,0,0,0,0.0,0,1.24,1.24,DAL,Cooper Rush,1.24
00-0033662,C.Rush,Cooper Rush,QB,DAL,WAS,18,2022,0,1,0.0,0,0,0.0,0,0,0,0.0,0,0.0,0.0,DAL,Cooper Rush,0.0
00-0033681,K.Cole,Keelan Cole,WR,LV,TEN,3,2022,0,0,0.0,0,0,0.0,0,1,4,12.0,0,1.2,2.2,LV,Keelan Cole,1.2
00-0033681,K.Cole,Keelan Cole,WR,LV,NO,8,2022,0,0,0.0,0,0,0.0,0,2,5,30.0,0,3.0,5.0,LV,Keelan Cole,3.0
00-0033681,K.Cole,Keelan Cole,WR,LV,IND,10,2022,0,0,0.0,0,0,0.0,0,0,2,0.0,0,0.0,0.0,LV,Keelan Cole,0.0
00-0033681,K.Cole,Keelan Cole,WR,LV,DEN,11,2022,0,0,0.0,0,0,0.0,0,1,2,21.0,0,2.1,3.1,LV,Keelan Cole,2.1
00-0033681,K.Cole,Keelan Cole,WR,LV,SEA,12,2022,0,0,0.0,0,0,0.0,0,2,2,12.0,0,1.2,3.2,LV,Keelan Cole,1.2
00-0033681,K.Cole,Keelan Cole,WR,LV,LA,14,2022,0,0,0.0,0,0,0.0,0,1,1,11.0,0,1.1,2.1,LV,Keelan Cole,1.1
00-0033681,K.Cole,Keelan Cole,WR,LV,NE,15,2022,0,0,0.0,0,0,0.0,0,2,2,50.0,1,11.0,13.0,LV,Keelan Cole,11.0
00-0033681,K.Cole,Keelan Cole,WR,LV,PIT,16,2022,0,0,0.0,0,0,0.0,0,0,1,0.0,0,0.0,0.0,LV,Keelan Cole,0.0
00-0033681,K.Cole,Keelan Cole,WR,LV,KC,18,2022,0,0,0.0,0,0,0.0,0,1,2,5.0,0,0.5,1.5,LV,Keelan Cole,0.5
00-0033699,A.Ekeler,Austin Ekeler,RB,LAC,LV,1,2022,0,0,0.0,0,14,36.0,0,4,4,36.0,0,7.2,11.2,LAC,Austin Ekeler,7.2
00-0033699,A.Ekeler,Austin Ekeler,RB,LAC,KC,2,2022,0,0,0.0,0,14,39.0,0,9,10,55.0,0,9.4,18.4,LAC,Austin Ekeler,9.4
00-0033699,A.Ekeler,Austin Ekeler,RB,LAC,JAX,3,2022,0,0,0.0,0,4,5.0,0,8,8,48.0,0,5.3,13.3,LAC,Austin Ekeler,5.3
00-0033699,A.Ekeler,Austin Ekeler,RB,LAC,HOU,4,2022,0,0,0.0,0,13,60.0,2,6,7,49.0,1,28.9,34.9,LAC,Austin Ekeler,28.9
00-0033699,A.Ekeler,Austin Ekeler,RB,LAC,CLE,5,2022,0,0,0.0,0,16,173.0,1,4,4,26.0,1,31.9,35.9,LAC,Austin Ekeler,31.9
00-0033699,A.Ekeler,Austin Ekeler,RB,LAC,DEN,6,2022,0,0,0.0,0,14,36.0,1,10,16,47.0,0,14.3,24.3,LAC,Austin Ekeler,14.3
00-0033699,A.Ekeler,Austin Ekeler,RB,LAC,SEA,7,2022,0,0,0.0,0,9,31.0,1,12,12,96.0,1,24.7,36.7,LAC,Austin Ekeler,24.7
00-0033699,A.Ekeler,Austin Ekeler,RB,LAC,ATL,9,2022,0,0,0.0,0,14,47.0,1,7,8,24.0,1,17.1,24.1,LAC,Austin Ekeler,17.1
00-0033699,A.Ekeler,Austin Ekeler,RB,LAC,SF,10,2022,0,0,0.0,0,6,24.0,0,7,12,39.0,0,6.3,13.3,LAC,Austin Ekeler,6.3
00-0033699,A.Ekeler,Austin Ekeler,RB,LAC,KC,11,2022,0,0,0.0,0,19,83.0,1,2,2,17.0,0,16.0,18.0,LAC,Austin Ekeler,16.0
00-0033699,A.Ekeler,Austin Ekeler,RB,LAC,ARI,12,2022,0,0,0.0,0,5,20.0,0,11,15,60.0,1,14.0,25.0,LAC,Austin Ekeler,14.0
00-0033699,A.Ekeler,Austin Ekeler,RB,LAC,LV,13,2022,0,0,0.0,0,10,35.0,0,5,6,67.0,0,8.2,13.2,LAC,Austin Ekeler,8.2
00-0033699,A.Ekeler,Austin Ekeler,RB,LAC,MIA,14,2022,0,0,0.0,0,15,45.0,1,8,8,59.0,0,16.4,24.4,LAC,Austin Ekeler,16.4
00-0033699,A.Ekeler,Austin Ekeler,RB,LAC,TEN,15,2022,0,0,0.0,0,12,58.0,1,2,3,12.0,0,13.0,15.0,LAC,Austin Ekeler,13.0
00-0033699,A.Ekeler,Austin Ekeler,RB,LAC,IND,16,2022,0,0,0.0,0,18,67.0,2,4,4,12.0,0,19.9,23.9,LAC,Austin Ekeler,19.9
00-0033699,A.Ekeler,Austin Ekeler,RB,LAC,LA,17,2022,0,0,0.0,0,10,122.0,2,4,4,39.0,0,28.1,32.1,LAC,Austin Ekeler,28.1
00-0033699,A.Ekeler,Austin Ekeler,RB,LAC,DEN,18,2022,0,0,0.0,0,11,34.0,0,4,4,36.0,0,5.0,9.0,LAC,Austin Ekeler,5.0
00-0033699,A.Ekeler,Austin Ekeler,RB,LAC,JAX,19,2022,0,0,0.0,0,13,35.0,2,2,4,8.0,0,16.3,18.3,LAC,Austin Ekeler,16.3
00-0033725,C.Clement,Corey Clement,RB,ARI,LAC,12,2022,0,0,0.0,0,0,0.0,0,1,1,8.0,0,0.8,1.8,ARI,Corey Clement,0.8
00-0033725,C.Clement,Corey Clement,RB,ARI,NE,14,2022,0,0,0.0,0,0,0.0,0,1,1,21.0,0,2.1,3.1,ARI,Corey Clement,2.1
00-0033725,C.Clement,Corey Clement,RB,ARI,ATL,17,2022,0,0,0.0,0,7,32.0,0,0,1,0.0,0,3.2,3.2,ARI,Corey Clement,3.2
00-0033725,C.Clement,Corey Clement,RB,ARI,SF,18,2022,0,0,0.0,0,8,23.0,1,3,4,25.0,0,10.8,13.8,ARI,Corey Clement,10.8
00-0033757,R.Tonyan,Robert Tonyan,TE,GB,MIN,1,2022,0,0,0.0,0,0,0.0,0,3,5,36.0,0,3.6,6.6,GB,Robert Tonyan,3.6
00-0033757,R.Tonyan,Robert Tonyan,TE,GB,CHI,2,2022,0,0,0.0,0,0,0.0,0,2,2,11.0,0,1.1,3.1,GB,Robert Tonyan,1.1
00-0033757,R.Tonyan,Robert Tonyan,TE,GB,TB,3,2022,0,0,0.0,0,0,0.0,0,6,7,37.0,0,3.7,9.7,GB,Robert Tonyan,3.7
00-0033757,R.Tonyan,Robert Tonyan,TE,GB,NE,4,2022,0,0,0.0,0,0,0.0,0,2,2,22.0,1,8.2,10.2,GB,Robert Tonyan,8.2
00-0033757,R.Tonyan,Robert Tonyan,TE,GB,NYG,5,2022,0,0,0.0,0,0,0.0,0,4,4,23.0,0,2.3,6.3,GB,Robert Tonyan,2.3
00-0033757,R.Tonyan,Robert Tonyan,TE,GB,NYJ,6,2022,0,0,0.0,0,0,0.0,0,10,12,90.0,0,9.0,19.0,GB,Robert Tonyan,9.0
00-0033757,R.Tonyan,Robert Tonyan,TE,GB,WAS,7,2022,0,0,0.0,0,0,0.0,0,3,4,32.0,0,3.2,6.2,GB,Robert Tonyan,3.2
00-0033757,R.Tonyan,Robert Tonyan,TE,GB,BUF,8,2022,0,0,0.0,0,0,0.0,0,5,6,35.0,0,3.5,8.5,GB,Robert Tonyan,3.5
00-0033757,R.Tonyan,Robert Tonyan,TE,GB,DET,9,2022,0,0,0.0,0,0,0.0,0,3,4,29.0,0,2.9,5.9,GB,Robert Tonyan,2.9
00-0033757,R.Tonyan,Robert Tonyan,TE,GB,DAL,10,2022,0,0,0.0,0,0,0.0,0,1,1,8.0,0,0.8,1.8,GB,Robert Tonyan,0.8
00-0033757,R.Tonyan,Robert Tonyan,TE,GB,TEN,11,2022,0,0,0.0,0,0,0.0,0,2,4,19.0,0,1.9,3.9,GB,Robert Tonyan,1.9
00-0033757,R.Tonyan,Robert Tonyan,TE,GB,PHI,12,2022,0,0,0.0,0,0,0.0,0,3,3,20.0,0,2.0,5.0,GB,Robert Tonyan,2.0
00-0033757,R.Tonyan,Robert Tonyan,TE,GB,CHI,13,2022,0,0,0.0,0,0,0.0,0,1,2,10.0,0,1.0,2.0,GB,Robert Tonyan,1.0
00-0033757,R.Tonyan,Robert Tonyan,TE,GB,LA,15,2022,0,0,0.0,0,0,0.0,0,1,2,4.0,0,0.4,1.4,GB,Robert Tonyan,0.4
00-0033757,R.Tonyan,Robert Tonyan,TE,GB,MIA,16,2022,0,0,0.0,0,0,0.0,0,1,2,13.0,0,1.3,2.3,GB,Robert Tonyan,1.3
00-0033757,R.Tonyan,Robert Tonyan,TE,GB,MIN,17,2022,0,0,0.0,0,0,0.0,0,3,4,52.0,1,11.2,14.2,GB,Robert Tonyan,11.2
00-0033757,R.Tonyan,Robert Tonyan,TE,GB,DET,18,2022,0,0,0.0,0,0,0.0,0,3,3,29.0,0,2.9,5.9,GB,Robert Tonyan,2.9
00-0033798,M.Schreck,Mason Schreck,TE,HOU,LAC,4,2022,0,0,0.0,0,0,0.0,0,1,1,0.0,0,0.0,1.0,HOU,Mason Schreck,0.0
00-0033798,M.Schreck,Mason Schreck,TE,HOU,JAX,5,2022,0,0,0.0,0,0,0.0,0,1,1,6.0,0,0.6,1.6,HOU,Mason Schreck,0.6
00-0033854,D.Ogunbowale,Dare Ogunbowale,RB,HOU,LV,7,2022,0,0,0.0,0,1,8.0,0,5,7,54.0,0,6.2,11.2,HOU,Dare Ogunbowale,6.2
00-0033854,D.Ogunbowale,Dare Ogunbowale,RB,HOU,TEN,8,2022,0,0,0.0,0,0,0.0,0,1,1,0.0,0,0.0,1.0,HOU,Dare Ogunbowale,0.0
00-0033854,D.Ogunbowale,Dare Ogunbowale,RB,HOU,NYG,10,2022,0,0,0.0,0,0,0.0,0,1,1,13.0,0,1.3,2.3,HOU,Dare Ogunbowale,1.3
00-0033854,D.Ogunbowale,Dare Ogunbowale,RB,HOU,WAS,11,2022,0,0,0.0,0,0,0.0,0,1,1,5.0,0,0.5,1.5,HOU,Dare Ogunbowale,0.5
00-0033854,D.Ogunbowale,Dare Ogunbowale,RB,HOU,MIA,12,2022,0,0,0.0,0,4,14.0,1,1,2,6.0,0,8.0,9.0,HOU,Dare Ogunbowale,8.0
00-0033854,D.Ogunbowale,Dare Ogunbowale,RB,HOU,CLE,13,2022,0,0,0.0,0,2,8.0,0,2,3,13.0,0,2.1,4.1,HOU,Dare Ogunbowale,2.1
00-0033854,D.Ogunbowale,Dare Ogunbowale,RB,HOU,DAL,14,2022,0,0,0.0,0,1,-3.0,0,2,2,4.0,0,0.1,2.1,HOU,Dare Ogunbowale,0.1
00-0033854,D.Ogunbowale,Dare Ogunbowale,RB,HOU,KC,15,2022,0,0,0.0,0,8,14.0,0,0,0,0.0,0,1.4,1.4,HOU,Dare Ogunbowale,1.4
00-0033854,D.Ogunbowale,Dare Ogunbowale,RB,HOU,TEN,16,2022,0,0,0.0,0,8,28.0,0,0,0,0.0,0,2.8,2.8,HOU,Dare Ogunbowale,2.8
00-0033854,D.Ogunbowale,Dare Ogunbowale,RB,HOU,JAX,17,2022,0,0,0.0,0,7,21.0,0,2,3,4.0,0,2.5,4.5,HOU,Dare Ogunbowale,2.5
00-0033854,D.Ogunbowale,Dare Ogunbowale,RB,HOU,IND,18,2022,0,0,0.0,0,11,33.0,0,5,6,5.0,0,3.8,8.8,HOU,Dare Ogunbowale,3.8
00-0033856,L.Fournette,Leonard Fournette,RB,TB,DAL,1,2022,0,0,0.0,0,21,127.0,0,2,2,10.0,0,13.7,15.7,TB,Leonard Fournette,13.7
00-0033856,L.Fournette,Leonard Fournette,RB,TB,NO,2,2022,0,0,0.0,0,24,65.0,0,2,4,9.0,0,7.4,9.4,TB,Leonard Fournette,7.4
00-0033856,L.Fournette,Leonard Fournette,RB,TB,GB,3,2022,0,0,0.0,0,12,35.0,0,5,6,35.0,0,7.0,12.0,TB,Leonard Fournette,7.0
00-0033856,L.Fournette,Leonard Fournette,RB,TB,KC,4,2022,0,0,0.0,0,3,-3.0,0,7,7,57.0,1,11.4,18.4,TB,Leonard Fournette,11.4
00-0033856,L.Fournette,Leonard Fournette,RB,TB,ATL,5,2022,0,0,0.0,0,14,56.0,1,10,11,83.0,1,25.9,35.9,TB,Leonard Fournette,25.9
00-0033856,L.Fournette,Leonard Fournette,RB,TB,PIT,6,2022,0,0,0.0,0,21,63.0,0,6,6,38.0,1,16.1,22.1,TB,Leonard Fournette,16.1
00-0033856,L.Fournette,Leonard Fournette,RB,TB,CAR,7,2022,0,0,0.0,0,8,19.0,0,2,3,7.0,0,2.6,4.6,TB,Leonard Fournette,2.6
00-0033856,L.Fournette,Leonard Fournette,RB,TB,BAL,8,2022,0,0,0.0,0,9,24.0,1,3,3,34.0,0,11.8,14.8,TB,Leonard Fournette,11.8
00-0033856,L.Fournette,Leonard Fournette,RB,TB,LA,9,2022,0,0,0.0,0,9,19.0,0,5,7,41.0,0,6.0,11.0,TB,Leonard Fournette,6.0
00-0033856,L.Fournette,Leonard Fournette,RB,TB,SEA,10,2022,0,1,0.0,0,14,57.0,1,1,1,1.0,0,9.8,10.8,TB,Leonard Fournette,9.8
00-0033856,L.Fournette,Leonard Fournette,RB,TB,NO,13,2022,0,0,0.0,0,10,49.0,0,6,7,32.0,0,8.1,14.1,TB,Leonard Fournette,8.1
00-0033856,L.Fournette,Leonard Fournette,RB,TB,SF,14,2022,0,0,0.0,0,4,13.0,0,6,7,33.0,0,4.6,10.6,TB,Leonard Fournette,4.6
00-0033856,L.Fournette,Leonard Fournette,RB,TB,CIN,15,2022,0,0,0.0,0,10,44.0,0,4,4,30.0,0,7.4,11.4,TB,Leonard Fournette,7.4
00-0033856,L.Fournette,Leonard Fournette,RB,TB,ARI,16,2022,0,0,0.0,0,20,72.0,0,9,10,90.0,0,16.2,25.2,TB,Leonard Fournette,16.2
00-0033856,L.Fournette,Leonard Fournette,RB,TB,CAR,17,2022,0,0,0.0,0,10,28.0,0,4,4,19.0,0,4.7,8.7,TB,Leonard Fournette,4.7
00-0033856,L.Fournette,Leonard Fournette,RB,TB,ATL,18,2022,0,0,0.0,0,0,0.0,0,1,1,4.0,0,0.4,1.4,TB,Leonard Fournette,0.4
00-0033856,L.Fournette,Leonard Fournette,RB,TB,DAL,19,2022,0,0,0.0,0,5,11.0,0,1,1,6.0,0,1.7,2.7,TB,Leonard Fournette,1.7
00-0033857,J.Smith-Schuster,JuJu Smith-Schuster,WR,KC,ARI,1,2022,0,0,0.0,0,0,0.0,0,6,8,79.0,0,5.9,11.9,KC,JuJu Smith-Schuster,5.9
00-0033857,J.Smith-Schuster,JuJu Smith-Schuster,WR,KC,LAC,2,2022,0,0,0.0,0,0,0.0,0,3,3,10.0,0,1.0,4.0,KC,JuJu Smith-Schuster,1.0
00-0033857,J.Smith-Schuster,JuJu Smith-Schuster,WR,KC,IND,3,2022,0,0,0.0,0,0,0.0,0,5,8,89.0,0,8.9,13.9,KC,JuJu Smith-Schuster,8.9
00-0033857,J.Smith-Schuster,JuJu Smith-Schuster,WR,KC,TB,4,2022,0,0,0.0,0,0,0.0,0,5,8,46.0,0,4.6,9.6,KC,JuJu Smith-Schuster,4.6
00-0033857,J.Smith-Schuster,JuJu Smith-Schuster,WR,KC,LV,5,2022,0,0,0.0,0,0,0.0,0,3,8,33.0,0,3.3,6.3,KC,JuJu Smith-Schuster,3.3
00-0033857,J.Smith-Schuster,JuJu Smith-Schuster,WR,KC,BUF,6,2022,0,0,0.0,0,0,0.0,0,5,5,113.0,1,17.3,22.3,KC,JuJu Smith-Schuster,17.3
00-0033857,J.Smith-Schuster,JuJu Smith-Schuster,WR,KC,SF,7,2022,0,0,0.0,0,0,0.0,0,7,8,124.0,1,18.4,25.4,KC,JuJu Smith-Schuster,18.4
00-0033857,J.Smith-Schuster,JuJu Smith-Schuster,WR,KC,TEN,9,2022,0,0,0.0,0,0,0.0,0,10,12,88.0,0,8.8,18.8,KC,JuJu Smith-Schuster,8.8
00-0033857,J.Smith-Schuster,JuJu Smith-Schuster,WR,KC,JAX,10,2022,0,0,0.0,0,0,0.0,0,2,4,33.0,0,3.3,5.3,KC,JuJu Smith-Schuster,3.3
00-0033857,J.Smith-Schuster,JuJu Smith-Schuster,WR,KC,LA,12,2022,0,0,0.0,0,0,0.0,0,3,3,38.0,0,3.8,6.8,KC,JuJu Smith-Schuster,3.8
00-0033857,J.Smith-Schuster,JuJu Smith-Schuster,WR,KC,CIN,13,2022,0,0,0.0,0,0,0.0,0,3,4,35.0,0,3.5,6.5,KC,JuJu Smith-Schuster,3.5
00-0033857,J.Smith-Schuster,JuJu Smith-Schuster,WR,KC,DEN,14,2022,0,0,0.0,0,0,0.0,0,9,11,74.0,1,13.4,22.4,KC,JuJu Smith-Schuster,13.4
00-0033857,J.Smith-Schuster,JuJu Smith-Schuster,WR,KC,HOU,15,2022,0,0,0.0,0,0,0.0,0,10,10,88.0,0,6.8,16.8,KC,JuJu Smith-Schuster,6.8
00-0033857,J.Smith-Schuster,JuJu Smith-Schuster,WR,KC,SEA,16,2022,0,0,0.0,0,0,0.0,0,3,4,27.0,0,2.7,5.7,KC,JuJu Smith-Schuster,2.7
00-0033857,J.Smith-Schuster,JuJu Smith-Schuster,WR,KC,DEN,17,2022,0,0,0.0,0,0,0.0,0,2,3,21.0,0,2.1,4.1,KC,JuJu Smith-Schuster,2.1
00-0033857,J.Smith-Schuster,JuJu Smith-Schuster,WR,KC,LV,18,2022,0,0,0.0,0,0,0.0,0,2,2,35.0,0,3.5,5.5,KC,JuJu Smith-Schuster,3.5
00-0033857,J.Smith-Schuster,JuJu Smith-Schuster,WR,KC,JAX,20,2022,0,0,0.0,0,0,0.0,0,2,2,29.0,0,2.9,4.9,KC,JuJu Smith-Schuster,2.9
00-0033857,J.Smith-Schuster,JuJu Smith-Schuster,WR,KC,CIN,21,2022,0,0,0.0,0,0,0.0,0,1,1,7.0,0,0.7,1.7,KC,JuJu Smith-Schuster,0.7
00-0033857,J.Smith-Schuster,JuJu Smith-Schuster,WR,KC,PHI,22,2022,0,0,0.0,0,0,0.0,0,7,9,53.0,0,5.3,12.3,KC,JuJu Smith-Schuster,5.3
00-0033858,J.Smith,Jonnu Smith,TE,NE,MIA,1,2022,0,0,0.0,0,0,0.0,0,3,4,33.0,0,3.3,6.3,NE,Jonnu Smith,3.3
00-0033858,J.Smith,Jonnu Smith,TE,NE,PIT,2,2022,0,0,0.0,0,0,0.0,0,0,3,0.0,0,0.0,0.0,NE,Jonnu Smith,0.0
00-0033858,J.Smith,Jonnu Smith,TE,NE,BAL,3,2022,0,0,0.0,0,0,0.0,0,4,4,25.0,0,2.5,6.5,NE,Jonnu Smith,2.5
00-0033858,J.Smith,Jonnu Smith,TE,NE,CLE,6,2022,0,0,0.0,0,0,0.0,0,2,2,61.0,0,6.1,8.1,NE,Jonnu Smith,6.1
00-0033858,J.Smith,Jonnu Smith,TE,NE,CHI,7,2022,0,0,0.0,0,0,0.0,0,1,3,4.0,0,0.4,1.4,NE,Jonnu Smith,0.4
00-0033858,J.Smith,Jonnu Smith,TE,NE,NYJ,8,2022,0,0,0.0,0,0,0.0,0,3,4,10.0,0,1.0,4.0,NE,Jonnu Smith,1.0
00-0033858,J.Smith,Jonnu Smith,TE,NE,IND,9,2022,0,0,0.0,0,0,0.0,0,3,3,21.0,0,2.1,5.1,NE,Jonnu Smith,2.1
00-0033858,J.Smith,Jonnu Smith,TE,NE,NYJ,11,2022,0,0,0.0,0,1,5.0,0,4,4,40.0,0,4.5,8.5,NE,Jonnu Smith,4.5
00-0033858,J.Smith,Jonnu Smith,TE,NE,BUF,13,2022,0,0,0.0,0,0,0.0,0,2,2,6.0,0,0.6,2.6,NE,Jonnu Smith,0.6
00-0033858,J.Smith,Jonnu Smith,TE,NE,ARI,14,2022,0,0,0.0,0,0,0.0,0,0,2,0.0,0,0.0,0.0,NE,Jonnu Smith,0.0
00-0033858,J.Smith,Jonnu Smith,TE,NE,LV,15,2022,0,0,0.0,0,0,0.0,0,2,3,24.0,0,2.4,4.4,NE,Jonnu Smith,2.4
00-0033858,J.Smith,Jonnu Smith,TE,NE,CIN,16,2022,0,0,0.0,0,0,0.0,0,3,4,21.0,0,2.1,5.1,NE,Jonnu Smith,2.1
00-0033869,M.Trubisky,Mitchell Trubisky,QB,PIT,CIN,1,2022,21,38,194.0,1,3,9.0,0,0,0,0.0,0,12.66,12.66,PIT,Mitchell Trubisky,12.66
00-0033869,M.Trubisky,Mitchell Trubisky,QB,PIT,NE,2,2022,21,33,168.0,1,1,7.0,0,0,0,0.0,0,11.42,11.42,PIT,Mitchell Trubisky,11.42
00-0033869,M.Trubisky,Mitchell Trubisky,QB,PIT,CLE,3,2022,20,32,207.0,0,2,7.0,1,0,0,0.0,0,14.98,14.98,PIT,Mitchell Trubisky,14.98
00-0033869,M.Trubisky,Mitchell Trubisky,QB,PIT,NYJ,4,2022,7,13,84.0,0,1,1.0,0,0,0,0.0,0,1.46,1.46,PIT,Mitchell Trubisky,1.46
00-0033869,M.Trubisky,Mitchell Trubisky,QB,PIT,TB,6,2022,9,12,144.0,1,6,5.0,0,0,0,0.0,0,10.26,10.26,PIT,Mitchell Trubisky,10.26
00-0033869,M.Trubisky,Mitchell Trubisky,QB,PIT,BAL,14,2022,22,30,276.0,1,0,0.0,0,0,0,0.0,0,9.04,9.04,PIT,Mitchell Trubisky,9.04
00-0033869,M.Trubisky,Mitchell Trubisky,QB,PIT,CAR,15,2022,17,22,179.0,0,6,9.0,1,0,0,0.0,0,14.06,14.06,PIT,Mitchell Trubisky,14.06
00-0033871,C.Davis,Corey Davis,WR,NYJ,BAL,1,2022,0,0,0.0,0,0,0.0,0,6,10,77.0,0,7.7,13.7,NYJ,Corey Davis,7.7
00-0033871,C.Davis,Corey Davis,WR,NYJ,CLE,2,2022,0,0,0.0,0,0,0.0,0,2,4,83.0,1,14.3,16.3,NYJ,Corey Davis,14.3
00-0033871,C.Davis,Corey Davis,WR,NYJ,CIN,3,2022,0,0,0.0,0,0,0.0,0,2,5,27.0,0,2.7,4.7,NYJ,Corey Davis,2.7
00-0033871,C.Davis,Corey Davis,WR,NYJ,PIT,4,2022,0,0,0.0,0,0,0.0,0,5,6,74.0,1,13.4,18.4,NYJ,Corey Davis,13.4
00-0033871,C.Davis,Corey Davis,WR,NYJ,MIA,5,2022,0,0,0.0,0,0,0.0,0,2,4,38.0,0,3.8,5.8,NYJ,Corey Davis,3.8
00-0033871,C.Davis,Corey Davis,WR,NYJ,GB,6,2022,0,0,0.0,0,0,0.0,0,2,4,52.0,0,5.2,7.2,NYJ,Corey Davis,5.2
00-0033871,C.Davis,Corey Davis,WR,NYJ,DEN,7,2022,0,0,0.0,0,0,0.0,0,0,1,0.0,0,0.0,0.0,NYJ,Corey Davis,0.0
00-0033871,C.Davis,Corey Davis,WR,NYJ,CHI,12,2022,0,0,0.0,0,0,0.0,0,1,3,9.0,0,0.9,1.9,NYJ,Corey Davis,0.9
00-0033871,C.Davis,Corey Davis,WR,NYJ,MIN,13,2022,0,0,0.0,0,0,0.0,0,5,10,85.0,0,8.5,13.5,NYJ,Corey Davis,8.5
00-0033871,C.Davis,Corey Davis,WR,NYJ,BUF,14,2022,0,0,0.0,0,0,0.0,0,1,1,15.0,0,1.5,2.5,NYJ,Corey Davis,1.5
00-0033871,C.Davis,Corey Davis,WR,NYJ,JAX,16,2022,0,0,0.0,0,0,0.0,0,2,7,14.0,0,1.4,3.4,NYJ,Corey Davis,1.4
00-0033871,C.Davis,Corey Davis,WR,NYJ,SEA,17,2022,0,0,0.0,0,0,0.0,0,3,6,45.0,0,4.5,7.5,NYJ,Corey Davis,4.5
00-0033871,C.Davis,Corey Davis,WR,NYJ,MIA,18,2022,0,0,0.0,0,0,0.0,0,1,3,17.0,0,1.7,2.7,NYJ,Corey Davis,1.7
00-0033873,P.Mahomes,Patrick Mahomes,QB,KC,ARI,1,2022,30,39,360.0,5,3,5.0,0,0,0,0.0,0,34.9,34.9,KC,Patrick Mahomes,34.9
00-0033873,P.Mahomes,Patrick Mahomes,QB,KC,LAC,2,2022,24,35,235.0,2,2,-1.0,0,0,0,0.0,0,17.3,17.3,KC,Patrick Mahomes,17.3
00-0033873,P.Mahomes,Patrick Mahomes,QB,KC,IND,3,2022,20,35,262.0,1,4,26.0,0,0,0,0.0,0,17.08,17.08,KC,Patrick Mahomes,17.08
00-0033873,P.Mahomes,Patrick Mahomes,QB,KC,TB,4,2022,23,37,249.0,3,4,34.0,0,0,0,0.0,0,23.36,23.36,KC,Patrick Mahomes,23.36
00-0033873,P.Mahomes,Patrick Mahomes,QB,KC,LV,5,2022,29,43,292.0,4,4,28.0,0,0,0,0.0,0,30.48,30.48,KC,Patrick Mahomes,30.48
00-0033873,P.Mahomes,Patrick Mahomes,QB,KC,BUF,6,2022,25,40,338.0,2,4,21.0,0,0,0,0.0,0,19.62,19.62,KC,Patrick Mahomes,19.62
00-0033873,P.Mahomes,Patrick Mahomes,QB,KC,SF,7,2022,25,34,423.0,3,0,0.0,0,0,0,0.0,0,26.92,26.92,KC,Patrick Mahomes,26.92
00-0033873,P.Mahomes,Patrick Mahomes,QB,KC,TEN,9,2022,43,68,446.0,1,6,63.0,1,0,0,0.0,0,34.14,34.14,KC,Patrick Mahomes,34.14
00-0033873,P.Mahomes,Patrick Mahomes,QB,KC,JAX,10,2022,26,35,331.0,4,7,39.0,0,0,0,0.0,0,31.14,31.14,KC,Patrick Mahomes,31.14
00-0033873,P.Mahomes,Patrick Mahomes,QB,KC,LAC,11,2022,20,34,329.0,3,4,23.0,0,0,0,0.0,0,27.46,27.46,KC,Patrick Mahomes,27.46
00-0033873,P.Mahomes,Patrick Mahomes,QB,KC,LA,12,2022,27,42,320.0,1,4,36.0,0,0,0,0.0,0,18.4,18.4,KC,Patrick Mahomes,18.4
00-0033873,P.Mahomes,Patrick Mahomes,QB,KC,CIN,13,2022,16,27,223.0,1,2,9.0,1,0,0,0.0,0,19.82,19.82,KC,Patrick Mahomes,19.82
00-0033873,P.Mahomes,Patrick Mahomes,QB,KC,DEN,14,2022,28,42,352.0,3,3,-3.0,0,0,0,0.0,0,19.78,19.78,KC,Patrick Mahomes,19.78
00-0033873,P.Mahomes,Patrick Mahomes,QB,KC,HOU,15,2022,36,41,336.0,2,5,33.0,1,0,0,0.0,0,32.74,32.74,KC,Patrick Mahomes,32.74
00-0033873,P.Mahomes,Patrick Mahomes,QB,KC,SEA,16,2022,16,28,224.0,2,2,8.0,1,0,0,0.0,0,23.76,23.76,KC,Patrick Mahomes,23.76
00-0033873,P.Mahomes,Patrick Mahomes,QB,KC,DEN,17,2022,29,42,328.0,3,4,8.0,0,1,1,6.0,0,24.52,25.52,KC,Patrick Mahomes,24.52
00-0033873,P.Mahomes,Patrick Mahomes,QB,KC,LV,18,2022,18,26,202.0,1,3,29.0,0,0,0,0.0,0,14.98,14.98,KC,Patrick Mahomes,14.98
00-0033873,P.Mahomes,Patrick Mahomes,QB,KC,JAX,20,2022,22,30,195.0,2,3,8.0,0,0,0,0.0,0,16.6,16.6,KC,Patrick Mahomes,16.6
00-0033873,P.Mahomes,Patrick Mahomes,QB,KC,CIN,21,2022,29,43,326.0,2,3,8.0,0,0,0,0.0,0,19.84,19.84,KC,Patrick Mahomes,19.84
00-0033873,P.Mahomes,Patrick Mahomes,QB,KC,PHI,22,2022,21,27,182.0,3,6,44.0,0,0,0,0.0,0,23.68,23.68,KC,Patrick Mahomes,23.68
00-0033879,O.Howard,O.J. Howard,TE,HOU,IND,1,2022,0,0,0.0,0,0,0.0,0,2,2,38.0,2,15.8,17.8,HOU,O.J. Howard,15.8
00-0033879,O.Howard,O.J. Howard,TE,HOU,DEN,2,2022,0,0,0.0,0,0,0.0,0,1,1,7.0,0,0.7,1.7,HOU,O.J. Howard,0.7
00-0033879,O.Howard,O.J. Howard,TE,HOU,CHI,3,2022,0,0,0.0,0,0,0.0,0,0,1,0.0,0,0.0,0.0,HOU,O.J. Howard,0.0
00-0033879,O.Howard,O.J. Howard,TE,HOU,LAC,4,2022,0,0,0.0,0,0,0.0,0,2,5,27.0,0,2.7,4.7,HOU,O.J. Howard,2.7
00-0033879,O.Howard,O.J. Howard,TE,HOU,JAX,5,2022,0,0,0.0,0,0,0.0,0,0,1,0.0,0,0.0,0.0,HOU,O.J. Howard,0.0
00-0033879,O.Howard,O.J. Howard,TE,HOU,TEN,8,2022,0,0,0.0,0,0,0.0,0,2,3,24.0,0,2.4,4.4,HOU,O.J. Howard,2.4
00-0033879,O.Howard,O.J. Howard,TE,HOU,PHI,9,2022,0,0,0.0,0,0,0.0,0,1,2,14.0,0,1.4,2.4,HOU,O.J. Howard,1.4
00-0033879,O.Howard,O.J. Howard,TE,HOU,NYG,10,2022,0,0,0.0,0,0,0.0,0,0,1,0.0,0,0.0,0.0,HOU,O.J. Howard,0.0
00-0033879,O.Howard,O.J. Howard,TE,HOU,WAS,11,2022,0,0,0.0,0,0,0.0,0,1,3,9.0,0,0.9,1.9,HOU,O.J. Howard,0.9
00-0033879,O.Howard,O.J. Howard,TE,HOU,MIA,12,2022,0,0,0.0,0,0,0.0,0,0,2,0.0,0,0.0,0.0,HOU,O.J. Howard,0.0
00-0033879,O.Howard,O.J. Howard,TE,HOU,JAX,17,2022,0,0,0.0,0,0,0.0,0,1,2,26.0,0,2.6,3.6,HOU,O.J. Howard,2.6
00-0033881,E.Engram,Evan Engram,TE,JAX,WAS,1,2022,0,0,0.0,0,0,0.0,0,4,4,28.0,0,2.8,6.8,JAX,Evan Engram,2.8
00-0033881,E.Engram,Evan Engram,TE,JAX,IND,2,2022,0,0,0.0,0,0,0.0,0,7,8,46.0,0,4.6,11.6,JAX,Evan Engram,4.6
00-0033881,E.Engram,Evan Engram,TE,JAX,LAC,3,2022,0,0,0.0,0,1,0.0,0,1,3,9.0,0,2.9,3.9,JAX,Evan Engram,2.9
00-0033881,E.Engram,Evan Engram,TE,JAX,PHI,4,2022,0,0,0.0,0,0,0.0,0,1,1,16.0,0,1.6,2.6,JAX,Evan Engram,1.6
00-0033881,E.Engram,Evan Engram,TE,JAX,HOU,5,2022,0,0,0.0,0,0,0.0,0,6,10,69.0,0,6.9,12.9,JAX,Evan Engram,6.9
00-0033881,E.Engram,Evan Engram,TE,JAX,IND,6,2022,0,0,0.0,0,0,0.0,0,5,6,40.0,0,4.0,9.0,JAX,Evan Engram,4.0
00-0033881,E.Engram,Evan Engram,TE,JAX,NYG,7,2022,0,0,0.0,0,0,0.0,0,4,7,67.0,0,6.7,10.7,JAX,Evan Engram,6.7
00-0033881,E.Engram,Evan Engram,TE,JAX,DEN,8,2022,0,0,0.0,0,0,0.0,0,4,6,55.0,1,11.5,15.5,JAX,Evan Engram,11.5
00-0033881,E.Engram,Evan Engram,TE,JAX,LV,9,2022,0,0,0.0,0,0,0.0,0,1,2,8.0,0,0.8,1.8,JAX,Evan Engram,0.8
00-0033881,E.Engram,Evan Engram,TE,JAX,KC,10,2022,0,0,0.0,0,0,0.0,0,3,4,14.0,0,1.4,4.4,JAX,Evan Engram,1.4
00-0033881,E.Engram,Evan Engram,TE,JAX,BAL,12,2022,0,0,0.0,0,0,0.0,0,1,1,4.0,0,0.4,1.4,JAX,Evan Engram,0.4
00-0033881,E.Engram,Evan Engram,TE,JAX,DET,13,2022,0,0,0.0,0,0,0.0,0,5,7,30.0,1,9.0,14.0,JAX,Evan Engram,9.0
00-0033881,E.Engram,Evan Engram,TE,JAX,TEN,14,2022,0,0,0.0,0,0,0.0,0,11,15,162.0,2,28.2,39.2,JAX,Evan Engram,28.2
00-0033881,E.Engram,Evan Engram,TE,JAX,DAL,15,2022,0,0,0.0,0,0,0.0,0,8,10,62.0,0,6.2,14.2,JAX,Evan Engram,6.2
00-0033881,E.Engram,Evan Engram,TE,JAX,NYJ,16,2022,0,0,0.0,0,0,0.0,0,7,8,113.0,0,11.3,18.3,JAX,Evan Engram,11.3
00-0033881,E.Engram,Evan Engram,TE,JAX,HOU,17,2022,0,0,0.0,0,1,13.0,0,1,2,16.0,0,2.9,3.9,JAX,Evan Engram,2.9
00-0033881,E.Engram,Evan Engram,TE,JAX,TEN,18,2022,0,0,0.0,0,0,0.0,0,4,4,27.0,0,2.7,6.7,JAX,Evan Engram,2.7
00-0033881,E.Engram,Evan Engram,TE,JAX,LAC,19,2022,0,0,0.0,0,0,0.0,0,7,11,93.0,1,15.3,22.3,JAX,Evan Engram,15.3
00-0033881,E.Engram,Evan Engram,TE,JAX,KC,20,2022,0,0,0.0,0,0,0.0,0,5,6,31.0,0,3.1,8.1,JAX,Evan Engram,3.1
00-0033885,D.Njoku,David Njoku,TE,CLE,CAR,1,2022,0,0,0.0,0,0,0.0,0,1,1,7.0,0,0.7,1.7,CLE,David Njoku,0.7
00-0033885,D.Njoku,David Njoku,TE,CLE,NYJ,2,2022,0,0,0.0,0,0,0.0,0,3,5,32.0,0,3.2,6.2,CLE,David Njoku,3.2
00-0033885,D.Njoku,David Njoku,TE,CLE,PIT,3,2022,0,0,0.0,0,0,0.0,0,9,10,89.0,1,14.9,23.9,CLE,David Njoku,14.9
00-0033885,D.Njoku,David Njoku,TE,CLE,ATL,4,2022,0,0,0.0,0,1,-6.0,0,5,7,73.0,0,4.7,9.7,CLE,David Njoku,4.7
00-0033885,D.Njoku,David Njoku,TE,CLE,LAC,5,2022,0,0,0.0,0,0,0.0,0,6,6,88.0,0,8.8,14.8,CLE,David Njoku,8.8
00-0033885,D.Njoku,David Njoku,TE,CLE,NE,6,2022,0,0,0.0,0,0,0.0,0,3,6,58.0,0,5.8,8.8,CLE,David Njoku,5.8
00-0033885,D.Njoku,David Njoku,TE,CLE,BAL,7,2022,0,0,0.0,0,0,0.0,0,7,7,71.0,0,7.1,14.1,CLE,David Njoku,7.1
00-0033885,D.Njoku,David Njoku,TE,CLE,BUF,11,2022,0,0,0.0,0,0,0.0,0,2,3,17.0,0,1.7,3.7,CLE,David Njoku,1.7
00-0033885,D.Njoku,David Njoku,TE,CLE,TB,12,2022,0,0,0.0,0,0,0.0,0,5,7,29.0,1,8.9,13.9,CLE,David Njoku,8.9
00-0033885,D.Njoku,David Njoku,TE,CLE,CIN,14,2022,0,0,0.0,0,1,-2.0,0,7,9,59.0,1,11.7,18.7,CLE,David Njoku,11.7
00-0033885,D.Njoku,David Njoku,TE,CLE,BAL,15,2022,0,0,0.0,0,0,0.0,0,3,6,28.0,0,2.8,5.8,CLE,David Njoku,2.8
00-0033885,D.Njoku,David Njoku,TE,CLE,NO,16,2022,0,0,0.0,0,0,0.0,0,2,5,14.0,0,1.4,3.4,CLE,David Njoku,1.4
00-0033885,D.Njoku,David Njoku,TE,CLE,WAS,17,2022,0,0,0.0,0,0,0.0,0,1,3,21.0,0,2.1,3.1,CLE,David Njoku,2.1
00-0033885,D.Njoku,David Njoku,TE,CLE,PIT,18,2022,0,0,0.0,0,0,0.0,0,4,5,42.0,1,10.2,14.2,CLE,David Njoku,10.2
00-0033891,Z.Jones,Zay Jones,WR,JAX,WAS,1,2022,0,0,0.0,0,0,0.0,0,6,9,65.0,0,6.5,12.5,JAX,Zay Jones,6.5
00-0033891,Z.Jones,Zay Jones,WR,JAX,IND,2,2022,0,0,0.0,0,0,0.0,0,3,4,23.0,0,2.3,5.3,JAX,Zay Jones,2.3
00-0033891,Z.Jones,Zay Jones,WR,JAX,LAC,3,2022,0,0,0.0,0,1,0.0,0,10,11,85.0,1,14.5,24.5,JAX,Zay Jones,14.5
00-0033891,Z.Jones,Zay Jones,WR,JAX,HOU,5,2022,0,0,0.0,0,0,0.0,0,3,8,12.0,0,1.2,4.2,JAX,Zay Jones,1.2
00-0033891,Z.Jones,Zay Jones,WR,JAX,IND,6,2022,0,0,0.0,0,0,0.0,0,5,5,42.0,0,4.2,9.2,JAX,Zay Jones,4.2
00-0033891,Z.Jones,Zay Jones,WR,JAX,NYG,7,2022,0,0,0.0,0,1,14.0,0,4,10,54.0,0,6.8,10.8,JAX,Zay Jones,6.8
00-0033891,Z.Jones,Zay Jones,WR,JAX,DEN,8,2022,0,0,0.0,0,1,7.0,0,3,3,28.0,0,3.5,6.5,JAX,Zay Jones,3.5
00-0033891,Z.Jones,Zay Jones,WR,JAX,LV,9,2022,0,0,0.0,0,0,0.0,0,5,5,40.0,0,4.0,9.0,JAX,Zay Jones,4.0
00-0033891,Z.Jones,Zay Jones,WR,JAX,KC,10,2022,0,0,0.0,0,0,0.0,0,8,10,68.0,0,6.8,14.8,JAX,Zay Jones,6.8
00-0033891,Z.Jones,Zay Jones,WR,JAX,BAL,12,2022,0,0,0.0,0,0,0.0,0,11,14,145.0,0,16.5,27.5,JAX,Zay Jones,16.5
00-0033891,Z.Jones,Zay Jones,WR,JAX,DET,13,2022,0,0,0.0,0,0,0.0,0,2,7,16.0,0,1.6,3.6,JAX,Zay Jones,1.6
00-0033891,Z.Jones,Zay Jones,WR,JAX,TEN,14,2022,0,0,0.0,0,0,0.0,0,8,12,77.0,1,13.7,21.7,JAX,Zay Jones,13.7
00-0033891,Z.Jones,Zay Jones,WR,JAX,DAL,15,2022,0,0,0.0,0,0,0.0,0,6,8,109.0,3,28.9,34.9,JAX,Zay Jones,28.9
00-0033891,Z.Jones,Zay Jones,WR,JAX,NYJ,16,2022,0,0,0.0,0,1,-3.0,0,1,4,14.0,0,1.1,2.1,JAX,Zay Jones,1.1
00-0033891,Z.Jones,Zay Jones,WR,JAX,HOU,17,2022,0,0,0.0,0,0,0.0,0,3,5,24.0,0,2.4,5.4,JAX,Zay Jones,2.4
00-0033891,Z.Jones,Zay Jones,WR,JAX,TEN,18,2022,0,0,0.0,0,0,0.0,0,4,6,21.0,0,2.1,6.1,JAX,Zay Jones,2.1
00-0033891,Z.Jones,Zay Jones,WR,JAX,LAC,19,2022,0,0,0.0,0,0,0.0,0,8,13,74.0,1,13.4,21.4,JAX,Zay Jones,13.4
00-0033891,Z.Jones,Zay Jones,WR,JAX,KC,20,2022,0,0,0.0,0,0,0.0,0,5,7,83.0,0,8.3,13.3,JAX,Zay Jones,8.3
00-0033893,D.Cook,Dalvin Cook,RB,MIN,GB,1,2022,0,0,0.0,0,20,90.0,0,3,5,18.0,0,10.8,13.8,MIN,Dalvin Cook,10.8
00-0033893,D.Cook,Dalvin Cook,RB,MIN,PHI,2,2022,0,0,0.0,0,6,17.0,0,4,6,19.0,0,3.6,7.6,MIN,Dalvin Cook,3.6
00-0033893,D.Cook,Dalvin Cook,RB,MIN,DET,3,2022,0,0,0.0,0,17,96.0,1,0,0,0.0,0,13.6,13.6,MIN,Dalvin Cook,13.6
00-0033893,D.Cook,Dalvin Cook,RB,MIN,NO,4,2022,0,0,0.0,0,20,76.0,0,2,2,10.0,0,8.6,10.6,MIN,Dalvin Cook,8.6
00-0033893,D.Cook,Dalvin Cook,RB,MIN,CHI,5,2022,0,0,0.0,0,18,94.0,2,2,2,27.0,0,24.1,26.1,MIN,Dalvin Cook,24.1
00-0033893,D.Cook,Dalvin Cook,RB,MIN,MIA,6,2022,0,0,0.0,0,13,77.0,1,1,1,6.0,0,14.3,15.3,MIN,Dalvin Cook,14.3
00-0033893,D.Cook,Dalvin Cook,RB,MIN,ARI,8,2022,0,0,0.0,0,20,111.0,1,5,6,30.0,0,20.1,25.1,MIN,Dalvin Cook,20.1
00-0033893,D.Cook,Dalvin Cook,RB,MIN,WAS,9,2022,0,0,0.0,0,17,47.0,0,2,6,9.0,1,11.6,13.6,MIN,Dalvin Cook,11.6
00-0033893,D.Cook,Dalvin Cook,RB,MIN,BUF,10,2022,0,0,0.0,0,14,119.0,1,3,5,27.0,0,20.6,23.6,MIN,Dalvin Cook,20.6
00-0033893,D.Cook,Dalvin Cook,RB,MIN,DAL,11,2022,0,0,0.0,0,11,72.0,0,0,1,0.0,0,7.2,7.2,MIN,Dalvin Cook,7.2
00-0033893,D.Cook,Dalvin Cook,RB,MIN,NE,12,2022,0,0,0.0,0,22,42.0,0,4,5,14.0,0,5.6,9.6,MIN,Dalvin Cook,5.6
00-0033893,D.Cook,Dalvin Cook,RB,MIN,NYJ,13,2022,0,0,0.0,0,20,86.0,1,2,3,-3.0,0,14.3,16.3,MIN,Dalvin Cook,14.3
00-0033893,D.Cook,Dalvin Cook,RB,MIN,DET,14,2022,0,0,0.0,0,15,23.0,1,1,2,13.0,0,7.6,8.6,MIN,Dalvin Cook,7.6
00-0033893,D.Cook,Dalvin Cook,RB,MIN,IND,15,2022,0,0,0.0,0,17,95.0,0,4,4,95.0,1,23.0,27.0,MIN,Dalvin Cook,23.0
00-0033893,D.Cook,Dalvin Cook,RB,MIN,NYG,16,2022,0,0,0.0,0,14,64.0,0,3,4,13.0,0,7.7,10.7,MIN,Dalvin Cook,7.7
00-0033893,D.Cook,Dalvin Cook,RB,MIN,GB,17,2022,0,0,0.0,0,9,27.0,0,2,3,17.0,0,4.4,6.4,MIN,Dalvin Cook,4.4
00-0033893,D.Cook,Dalvin Cook,RB,MIN,CHI,18,2022,0,0,0.0,0,11,37.0,0,1,1,0.0,0,1.7,2.7,MIN,Dalvin Cook,1.7
00-0033893,D.Cook,Dalvin Cook,RB,MIN,NYG,19,2022,0,0,0.0,0,15,60.0,0,6,7,10.0,0,7.0,13.0,MIN,Dalvin Cook,7.0
00-0033895,G.Everett,Gerald Everett,TE,LAC,LV,1,2022,0,0,0.0,0,0,0.0,0,3,4,54.0,1,11.4,14.4,LAC,Gerald Everett,11.4
00-0033895,G.Everett,Gerald Everett,TE,LAC,KC,2,2022,0,0,0.0,0,0,0.0,0,6,10,71.0,0,7.1,13.1,LAC,Gerald Everett,7.1
00-0033895,G.Everett,Gerald Everett,TE,LAC,JAX,3,2022,0,0,0.0,0,0,0.0,0,2,6,25.0,0,2.5,4.5,LAC,Gerald Everett,2.5
00-0033895,G.Everett,Gerald Everett,TE,LAC,HOU,4,2022,0,0,0.0,0,0,0.0,0,5,6,61.0,1,12.1,17.1,LAC,Gerald Everett,12.1
00-0033895,G.Everett,Gerald Everett,TE,LAC,CLE,5,2022,0,0,0.0,0,0,0.0,0,1,3,2.0,0,0.2,1.2,LAC,Gerald Everett,0.2
00-0033895,G.Everett,Gerald Everett,TE,LAC,DEN,6,2022,0,0,0.0,0,0,0.0,0,5,7,29.0,0,2.9,7.9,LAC,Gerald Everett,2.9
00-0033895,G.Everett,Gerald Everett,TE,LAC,SEA,7,2022,0,0,0.0,0,0,0.0,0,5,9,63.0,0,6.3,11.3,LAC,Gerald Everett,6.3
00-0033895,G.Everett,Gerald Everett,TE,LAC,ATL,9,2022,0,0,0.0,0,1,0.0,0,5,8,36.0,0,3.6,8.6,LAC,Gerald Everett,3.6
00-0033895,G.Everett,Gerald Everett,TE,LAC,SF,10,2022,0,0,0.0,0,0,0.0,0,2,2,23.0,0,2.3,4.3,LAC,Gerald Everett,2.3
00-0033895,G.Everett,Gerald Everett,TE,LAC,ARI,12,2022,0,0,0.0,0,0,0.0,0,4,4,18.0,0,3.8,7.8,LAC,Gerald Everett,3.8
00-0033895,G.Everett,Gerald Everett,TE,LAC,LV,13,2022,0,0,0.0,0,0,0.0,0,5,6,80.0,0,8.0,13.0,LAC,Gerald Everett,8.0
00-0033895,G.Everett,Gerald Everett,TE,LAC,MIA,14,2022,0,0,0.0,0,0,0.0,0,5,8,28.0,0,2.8,7.8,LAC,Gerald Everett,2.8
00-0033895,G.Everett,Gerald Everett,TE,LAC,TEN,15,2022,0,0,0.0,0,0,0.0,0,4,6,42.0,0,4.2,8.2,LAC,Gerald Everett,4.2
00-0033895,G.Everett,Gerald Everett,TE,LAC,LA,17,2022,0,0,0.0,0,0,0.0,0,3,3,15.0,1,7.5,10.5,LAC,Gerald Everett,7.5
00-0033895,G.Everett,Gerald Everett,TE,LAC,DEN,18,2022,0,0,0.0,0,0,0.0,0,3,5,8.0,1,6.8,9.8,LAC,Gerald Everett,6.8
00-0033895,G.Everett,Gerald Everett,TE,LAC,JAX,19,2022,0,0,0.0,0,0,0.0,0,6,8,109.0,1,16.9,22.9,LAC,Gerald Everett,16.9
00-0033897,J.Mixon,Joe Mixon,RB,CIN,PIT,1,2022,0,0,0.0,0,27,82.0,0,7,9,63.0,0,14.5,21.5,CIN,Joe Mixon,14.5
00-0033897,J.Mixon,Joe Mixon,RB,CIN,DAL,2,2022,0,0,0.0,0,19,57.0,0,3,4,26.0,0,8.3,11.3,CIN,Joe Mixon,8.3
00-0033897,J.Mixon,Joe Mixon,RB,CIN,NYJ,3,2022,0,0,0.0,0,12,24.0,0,3,7,14.0,0,3.8,6.8,CIN,Joe Mixon,3.8
00-0033897,J.Mixon,Joe Mixon,RB,CIN,MIA,4,2022,0,0,0.0,0,24,61.0,1,4,4,13.0,0,13.4,17.4,CIN,Joe Mixon,13.4
00-0033897,J.Mixon,Joe Mixon,RB,CIN,BAL,5,2022,0,0,0.0,0,14,78.0,0,3,3,10.0,0,8.8,11.8,CIN,Joe Mixon,8.8
00-0033897,J.Mixon,Joe Mixon,RB,CIN,NO,6,2022,0,0,0.0,0,8,45.0,0,4,6,23.0,1,12.8,16.8,CIN,Joe Mixon,12.8
00-0033897,J.Mixon,Joe Mixon,RB,CIN,ATL,7,2022,0,0,0.0,0,17,58.0,1,3,3,33.0,0,15.1,18.1,CIN,Joe Mixon,15.1
00-0033897,J.Mixon,Joe Mixon,RB,CIN,CLE,8,2022,0,0,0.0,0,8,27.0,0,7,9,32.0,0,5.9,12.9,CIN,Joe Mixon,5.9
00-0033897,J.Mixon,Joe Mixon,RB,CIN,CAR,9,2022,0,0,0.0,0,22,153.0,4,4,5,58.0,1,51.1,55.1,CIN,Joe Mixon,51.1
00-0033897,J.Mixon,Joe Mixon,RB,CIN,PIT,11,2022,0,0,0.0,0,7,20.0,0,3,3,42.0,0,6.2,9.2,CIN,Joe Mixon,6.2
00-0033897,J.Mixon,Joe Mixon,RB,CIN,CLE,14,2022,0,0,0.0,0,14,96.0,0,2,2,10.0,0,10.6,12.6,CIN,Joe Mixon,10.6
00-0033897,J.Mixon,Joe Mixon,RB,CIN,TB,15,2022,0,0,0.0,0,11,21.0,0,5,6,33.0,0,5.4,10.4,CIN,Joe Mixon,5.4
00-0033897,J.Mixon,Joe Mixon,RB,CIN,NE,16,2022,0,0,0.0,0,16,65.0,0,7,9,43.0,0,10.8,17.8,CIN,Joe Mixon,10.8
00-0033897,J.Mixon,Joe Mixon,RB,CIN,BAL,18,2022,0,0,0.0,0,11,27.0,1,5,5,41.0,0,12.8,17.8,CIN,Joe Mixon,12.8
00-0033897,J.Mixon,Joe Mixon,RB,CIN,BAL,19,2022,0,0,0.0,0,11,39.0,0,3,4,17.0,0,5.6,8.6,CIN,Joe Mixon,5.6
00-0033897,J.Mixon,Joe Mixon,RB,CIN,BUF,20,2022,0,0,0.0,0,20,105.0,1,2,3,18.0,0,18.3,20.3,CIN,Joe Mixon,18.3
00-0033897,J.Mixon,Joe Mixon,RB,CIN,KC,21,2022,0,0,0.0,0,8,19.0,0,3,3,15.0,0,3.4,6.4,CIN,Joe Mixon,3.4
00-0033906,A.Kamara,Alvin Kamara,RB,NO,ATL,1,2022,0,0,0.0,0,9,39.0,0,3,4,7.0,0,4.6,7.6,NO,Alvin Kamara,4.6
00-0033906,A.Kamara,Alvin Kamara,RB,NO,CAR,3,2022,0,0,0.0,0,15,61.0,0,2,7,12.0,0,5.3,7.3,NO,Alvin Kamara,5.3
00-0033906,A.Kamara,Alvin Kamara,RB,NO,SEA,5,2022,0,0,0.0,0,23,103.0,0,6,6,91.0,0,17.4,23.4,NO,Alvin Kamara,17.4
00-0033906,A.Kamara,Alvin Kamara,RB,NO,CIN,6,2022,0,0,0.0,0,19,99.0,0,6,9,25.0,0,12.4,18.4,NO,Alvin Kamara,12.4
00-0033906,A.Kamara,Alvin Kamara,RB,NO,ARI,7,2022,0,0,0.0,0,11,49.0,0,7,9,56.0,0,10.5,17.5,NO,Alvin Kamara,10.5
00-0033906,A.Kamara,Alvin Kamara,RB,NO,LV,8,2022,0,0,0.0,0,18,62.0,1,9,10,96.0,2,33.8,42.8,NO,Alvin Kamara,33.8
00-0033906,A.Kamara,Alvin Kamara,RB,NO,BAL,9,2022,0,0,0.0,0,9,30.0,0,3,4,32.0,0,6.2,9.2,NO,Alvin Kamara,6.2
00-0033906,A.Kamara,Alvin Kamara,RB,NO,PIT,10,2022,0,0,0.0,0,8,26.0,0,3,4,19.0,0,4.5,7.5,NO,Alvin Kamara,4.5
00-0033906,A.Kamara,Alvin Kamara,RB,NO,LA,11,2022,0,0,0.0,0,12,42.0,0,4,5,47.0,0,8.9,12.9,NO,Alvin Kamara,8.9
00-0033906,A.Kamara,Alvin Kamara,RB,NO,SF,12,2022,0,0,0.0,0,7,13.0,0,6,7,37.0,0,1.0,7.0,NO,Alvin Kamara,1.0
00-0033906,A.Kamara,Alvin Kamara,RB,NO,TB,13,2022,0,0,0.0,0,12,26.0,0,2,3,11.0,0,3.7,5.7,NO,Alvin Kamara,3.7
00-0033906,A.Kamara,Alvin Kamara,RB,NO,ATL,15,2022,0,0,0.0,0,21,91.0,0,2,2,13.0,0,10.4,12.4,NO,Alvin Kamara,10.4
00-0033906,A.Kamara,Alvin Kamara,RB,NO,CLE,16,2022,0,0,0.0,0,20,76.0,1,2,4,34.0,0,17.0,19.0,NO,Alvin Kamara,17.0
00-0033906,A.Kamara,Alvin Kamara,RB,NO,PHI,17,2022,0,0,0.0,0,16,73.0,0,1,1,7.0,0,8.0,9.0,NO,Alvin Kamara,8.0
00-0033906,A.Kamara,Alvin Kamara,RB,NO,CAR,18,2022,0,0,0.0,0,23,107.0,0,1,2,3.0,0,11.0,12.0,NO,Alvin Kamara,11.0
00-0033908,C.Kupp,Cooper Kupp,WR,LA,BUF,1,2022,0,0,0.0,0,0,0.0,0,13,15,128.0,1,18.8,31.8,LA,Cooper Kupp,18.8
00-0033908,C.Kupp,Cooper Kupp,WR,LA,ATL,2,2022,0,0,0.0,0,0,0.0,0,11,14,108.0,2,20.8,31.8,LA,Cooper Kupp,20.8
00-0033908,C.Kupp,Cooper Kupp,WR,LA,ARI,3,2022,0,0,0.0,0,1,20.0,1,4,6,44.0,0,12.4,16.4,LA,Cooper Kupp,12.4
00-0033908,C.Kupp,Cooper Kupp,WR,LA,SF,4,2022,0,0,0.0,0,0,0.0,0,14,19,122.0,0,12.2,26.2,LA,Cooper Kupp,12.2
00-0033908,C.Kupp,Cooper Kupp,WR,LA,DAL,5,2022,0,1,0.0,0,1,4.0,0,7,10,125.0,1,18.9,25.9,LA,Cooper Kupp,18.9
00-0033908,C.Kupp,Cooper Kupp,WR,LA,CAR,6,2022,0,0,0.0,0,2,17.0,0,7,8,80.0,0,9.7,16.7,LA,Cooper Kupp,9.7
00-0033908,C.Kupp,Cooper Kupp,WR,LA,SF,8,2022,0,0,0.0,0,2,10.0,0,8,12,79.0,1,14.9,22.9,LA,Cooper Kupp,14.9
00-0033908,C.Kupp,Cooper Kupp,WR,LA,TB,9,2022,0,0,0.0,0,3,1.0,0,8,9,127.0,1,18.8,26.8,LA,Cooper Kupp,18.8
00-0033908,C.Kupp,Cooper Kupp,WR,LA,ARI,10,2022,0,0,0.0,0,0,0.0,0,3,5,-1.0,0,-0.1,2.9,LA,Cooper Kupp,-0.1
00-0033921,C.Godwin,Chris Godwin,WR,TB,DAL,1,2022,0,0,0.0,0,0,0.0,0,3,3,35.0,0,3.5,6.5,TB,Chris Godwin,3.5
00-0033921,C.Godwin,Chris Godwin,WR,TB,KC,4,2022,0,0,0.0,0,0,0.0,0,7,10,59.0,0,5.9,12.9,TB,Chris Godwin,5.9
00-0033921,C.Godwin,Chris Godwin,WR,TB,ATL,5,2022,0,0,0.0,0,1,2.0,0,6,6,61.0,0,6.3,12.3,TB,Chris Godwin,6.3
00-0033921,C.Godwin,Chris Godwin,WR,TB,PIT,6,2022,0,0,0.0,0,0,0.0,0,6,12,95.0,0,9.5,15.5,TB,Chris Godwin,9.5
00-0033921,C.Godwin,Chris Godwin,WR,TB,CAR,7,2022,0,0,0.0,0,1,2.0,0,7,13,43.0,0,4.5,11.5,TB,Chris Godwin,4.5
00-0033921,C.Godwin,Chris Godwin,WR,TB,BAL,8,2022,0,0,0.0,0,0,0.0,0,6,11,75.0,0,7.5,13.5,TB,Chris Godwin,7.5
00-0033921,C.Godwin,Chris Godwin,WR,TB,LA,9,2022,0,0,0.0,0,1,1.0,0,7,10,36.0,0,3.7,10.7,TB,Chris Godwin,3.7
00-0033921,C.Godwin,Chris Godwin,WR,TB,SEA,10,2022,0,0,0.0,0,0,0.0,0,6,8,71.0,1,13.1,19.1,TB,Chris Godwin,13.1
00-0033921,C.Godwin,Chris Godwin,WR,TB,CLE,12,2022,0,0,0.0,0,0,0.0,0,12,13,110.0,1,17.0,29.0,TB,Chris Godwin,17.0
00-0033921,C.Godwin,Chris Godwin,WR,TB,NO,13,2022,0,0,0.0,0,0,0.0,0,8,13,63.0,0,6.3,14.3,TB,Chris Godwin,6.3
00-0033921,C.Godwin,Chris Godwin,WR,TB,SF,14,2022,0,0,0.0,0,0,0.0,0,5,9,54.0,0,5.4,10.4,TB,Chris Godwin,5.4
00-0033921,C.Godwin,Chris Godwin,WR,TB,CIN,15,2022,0,0,0.0,0,0,0.0,0,8,8,83.0,1,14.3,22.3,TB,Chris Godwin,14.3
00-0033921,C.Godwin,Chris Godwin,WR,TB,ARI,16,2022,0,0,0.0,0,0,0.0,0,8,10,63.0,0,6.3,14.3,TB,Chris Godwin,6.3
00-0033921,C.Godwin,Chris Godwin,WR,TB,CAR,17,2022,0,0,0.0,0,0,0.0,0,9,9,120.0,0,12.0,21.0,TB,Chris Godwin,12.0
00-0033921,C.Godwin,Chris Godwin,WR,TB,ATL,18,2022,0,0,0.0,0,0,0.0,0,6,7,55.0,0,3.5,9.5,TB,Chris Godwin,3.5
00-0033921,C.Godwin,Chris Godwin,WR,TB,DAL,19,2022,0,0,0.0,0,0,0.0,0,10,13,85.0,0,8.5,18.5,TB,Chris Godwin,8.5
00-0033923,K.Hunt,Kareem Hunt,RB,CLE,CAR,1,2022,0,0,0.0,0,11,46.0,1,4,4,24.0,1,19.0,23.0,CLE,Kareem Hunt,19.0
00-0033923,K.Hunt,Kareem Hunt,RB,CLE,NYJ,2,2022,0,0,0.0,0,13,58.0,0,2,2,16.0,0,7.4,9.4,CLE,Kareem Hunt,7.4
00-0033923,K.Hunt,Kareem Hunt,RB,CLE,PIT,3,2022,0,0,0.0,0,12,47.0,0,3,4,14.0,0,6.1,9.1,CLE,Kareem Hunt,6.1
00-0033923,K.Hunt,Kareem Hunt,RB,CLE,ATL,4,2022,0,0,0.0,0,10,49.0,0,2,3,19.0,0,6.8,8.8,CLE,Kareem Hunt,6.8
00-0033923,K.Hunt,Kareem Hunt,RB,CLE,LAC,5,2022,0,0,0.0,0,11,47.0,1,3,3,10.0,0,11.7,14.7,CLE,Kareem Hunt,11.7
00-0033923,K.Hunt,Kareem Hunt,RB,CLE,NE,6,2022,0,0,0.0,0,4,12.0,0,0,1,0.0,0,1.2,1.2,CLE,Kareem Hunt,1.2
00-0033923,K.Hunt,Kareem Hunt,RB,CLE,BAL,7,2022,0,0,0.0,0,5,4.0,1,1,2,4.0,0,6.8,7.8,CLE,Kareem Hunt,6.8
00-0033923,K.Hunt,Kareem Hunt,RB,CLE,CIN,8,2022,0,0,0.0,0,11,42.0,0,4,4,30.0,0,7.2,11.2,CLE,Kareem Hunt,7.2
00-0033923,K.Hunt,Kareem Hunt,RB,CLE,MIA,10,2022,0,0,0.0,0,6,9.0,0,1,1,10.0,0,1.9,2.9,CLE,Kareem Hunt,1.9
00-0033923,K.Hunt,Kareem Hunt,RB,CLE,BUF,11,2022,0,0,0.0,0,5,32.0,0,2,2,22.0,0,5.4,7.4,CLE,Kareem Hunt,5.4
00-0033923,K.Hunt,Kareem Hunt,RB,CLE,TB,12,2022,0,0,0.0,0,5,15.0,0,1,2,6.0,0,2.1,3.1,CLE,Kareem Hunt,2.1
00-0033923,K.Hunt,Kareem Hunt,RB,CLE,HOU,13,2022,0,0,0.0,0,9,56.0,0,2,3,18.0,0,7.4,9.4,CLE,Kareem Hunt,7.4
00-0033923,K.Hunt,Kareem Hunt,RB,CLE,CIN,14,2022,0,0,0.0,0,4,6.0,0,2,4,6.0,0,1.2,3.2,CLE,Kareem Hunt,1.2
00-0033923,K.Hunt,Kareem Hunt,RB,CLE,BAL,15,2022,0,0,0.0,0,4,24.0,0,1,1,3.0,0,2.7,3.7,CLE,Kareem Hunt,2.7
00-0033923,K.Hunt,Kareem Hunt,RB,CLE,NO,16,2022,0,0,0.0,0,7,8.0,0,3,3,14.0,0,2.2,5.2,CLE,Kareem Hunt,2.2
00-0033923,K.Hunt,Kareem Hunt,RB,CLE,WAS,17,2022,0,0,0.0,0,2,0.0,0,1,1,-1.0,0,-0.1,0.9,CLE,Kareem Hunt,-0.1
00-0033923,K.Hunt,Kareem Hunt,RB,CLE,PIT,18,2022,0,0,0.0,0,4,13.0,0,3,4,15.0,0,2.8,5.8,CLE,Kareem Hunt,2.8
00-0033925,D.Foreman,D'Onta Foreman,RB,CAR,CLE,1,2022,0,0,0.0,0,2,5.0,0,0,0,0.0,0,0.5,0.5,CAR,D'Onta Foreman,0.5
00-0033925,D.Foreman,D'Onta Foreman,RB,CAR,NYG,2,2022,0,0,0.0,0,2,9.0,0,0,0,0.0,0,0.9,0.9,CAR,D'Onta Foreman,0.9
00-0033925,D.Foreman,D'Onta Foreman,RB,CAR,ARI,4,2022,0,0,0.0,0,1,2.0,0,0,0,0.0,0,0.2,0.2,CAR,D'Onta Foreman,0.2
00-0033925,D.Foreman,D'Onta Foreman,RB,CAR,SF,5,2022,0,0,0.0,0,2,2.0,0,0,0,0.0,0,0.2,0.2,CAR,D'Onta Foreman,0.2
00-0033925,D.Foreman,D'Onta Foreman,RB,CAR,LA,6,2022,0,0,0.0,0,5,19.0,0,0,0,0.0,0,1.9,1.9,CAR,D'Onta Foreman,1.9
00-0033925,D.Foreman,D'Onta Foreman,RB,CAR,TB,7,2022,0,0,0.0,0,15,118.0,0,2,2,27.0,0,14.5,16.5,CAR,D'Onta Foreman,14.5
00-0033925,D.Foreman,D'Onta Foreman,RB,CAR,ATL,8,2022,0,0,0.0,0,26,118.0,3,0,1,0.0,0,31.8,31.8,CAR,D'Onta Foreman,31.8
00-0033925,D.Foreman,D'Onta Foreman,RB,CAR,CIN,9,2022,0,0,0.0,0,7,23.0,0,2,3,-2.0,0,2.1,4.1,CAR,D'Onta Foreman,2.1
00-0033925,D.Foreman,D'Onta Foreman,RB,CAR,ATL,10,2022,0,0,0.0,0,31,130.0,1,0,1,0.0,0,19.0,19.0,CAR,D'Onta Foreman,19.0
00-0033925,D.Foreman,D'Onta Foreman,RB,CAR,BAL,11,2022,0,0,0.0,0,11,24.0,0,0,1,0.0,0,2.4,2.4,CAR,D'Onta Foreman,2.4
00-0033925,D.Foreman,D'Onta Foreman,RB,CAR,DEN,12,2022,0,0,0.0,0,24,113.0,0,0,0,0.0,0,11.3,11.3,CAR,D'Onta Foreman,11.3
00-0033925,D.Foreman,D'Onta Foreman,RB,CAR,SEA,14,2022,0,0,0.0,0,21,74.0,0,1,1,1.0,0,7.5,8.5,CAR,D'Onta Foreman,7.5
00-0033925,D.Foreman,D'Onta Foreman,RB,CAR,PIT,15,2022,0,0,0.0,0,10,9.0,0,0,0,0.0,0,0.9,0.9,CAR,D'Onta Foreman,0.9
00-0033925,D.Foreman,D'Onta Foreman,RB,CAR,DET,16,2022,0,0,0.0,0,21,165.0,1,0,0,0.0,0,22.5,22.5,CAR,D'Onta Foreman,22.5
00-0033925,D.Foreman,D'Onta Foreman,RB,CAR,TB,17,2022,0,0,0.0,0,13,35.0,0,0,0,0.0,0,3.5,3.5,CAR,D'Onta Foreman,3.5
00-0033925,D.Foreman,D'Onta Foreman,RB,CAR,NO,18,2022,0,0,0.0,0,12,68.0,0,0,0,0.0,0,6.8,6.8,CAR,D'Onta Foreman,6.8
00-0033932,K.Golladay,Kenny Golladay,WR,NYG,TEN,1,2022,0,0,0.0,0,0,0.0,0,2,2,22.0,0,2.2,4.2,NYG,Kenny Golladay,2.2
00-0033932,K.Golladay,Kenny Golladay,WR,NYG,DAL,3,2022,0,0,0.0,0,0,0.0,0,0,3,0.0,0,0.0,0.0,NYG,Kenny Golladay,0.0
00-0033932,K.Golladay,Kenny Golladay,WR,NYG,CHI,4,2022,0,0,0.0,0,0,0.0,0,0,1,0.0,0,0.0,0.0,NYG,Kenny Golladay,0.0
00-0033932,K.Golladay,Kenny Golladay,WR,NYG,HOU,10,2022,0,0,0.0,0,0,0.0,0,0,2,0.0,0,0.0,0.0,NYG,Kenny Golladay,0.0
00-0033932,K.Golladay,Kenny Golladay,WR,NYG,DET,11,2022,0,0,0.0,0,0,0.0,0,2,2,29.0,0,2.9,4.9,NYG,Kenny Golladay,2.9
00-0033932,K.Golladay,Kenny Golladay,WR,NYG,PHI,18,2022,0,0,0.0,0,0,0.0,0,2,7,30.0,1,9.0,11.0,NYG,Kenny Golladay,9.0
00-0033936,C.Beathard,C.J. Beathard,QB,JAX,LAC,3,2022,0,0,0.0,0,1,-1.0,0,0,0,0.0,0,-0.1,-0.1,JAX,C.J. Beathard,-0.1
00-0033936,C.Beathard,C.J. Beathard,QB,JAX,DET,13,2022,2,3,6.0,0,0,0.0,0,0,0,0.0,0,0.24,0.24,JAX,C.J. Beathard,0.24
00-0033936,C.Beathard,C.J. Beathard,QB,JAX,NYJ,16,2022,0,0,0.0,0,3,-3.0,0,0,0,0.0,0,-0.3,-0.3,JAX,C.J. Beathard,-0.3
00-0033936,C.Beathard,C.J. Beathard,QB,JAX,HOU,17,2022,5,8,29.0,0,0,0.0,0,0,0,0.0,0,-0.84,-0.84,JAX,C.J. Beathard,-0.84
00-0033943,J.Reynolds,Josh Reynolds,WR,DET,PHI,1,2022,0,0,0.0,0,0,0.0,0,1,3,28.0,0,2.8,3.8,DET,Josh Reynolds,2.8
00-0033943,J.Reynolds,Josh Reynolds,WR,DET,WAS,2,2022,0,0,0.0,0,0,0.0,0,3,3,38.0,1,9.8,12.8,DET,Josh Reynolds,9.8
00-0033943,J.Reynolds,Josh Reynolds,WR,DET,MIN,3,2022,0,0,0.0,0,0,0.0,0,6,10,96.0,0,9.6,15.6,DET,Josh Reynolds,9.6
00-0033943,J.Reynolds,Josh Reynolds,WR,DET,SEA,4,2022,0,0,0.0,0,0,0.0,0,7,8,81.0,1,14.1,21.1,DET,Josh Reynolds,14.1
00-0033943,J.Reynolds,Josh Reynolds,WR,DET,NE,5,2022,0,0,0.0,0,0,0.0,0,6,10,92.0,0,9.2,15.2,DET,Josh Reynolds,9.2
00-0033943,J.Reynolds,Josh Reynolds,WR,DET,DAL,7,2022,0,0,0.0,0,0,0.0,0,1,2,8.0,0,0.8,1.8,DET,Josh Reynolds,0.8
00-0033943,J.Reynolds,Josh Reynolds,WR,DET,MIA,8,2022,0,0,0.0,0,0,0.0,0,2,6,14.0,0,1.4,3.4,DET,Josh Reynolds,1.4
00-0033943,J.Reynolds,Josh Reynolds,WR,DET,JAX,13,2022,0,0,0.0,0,0,0.0,0,3,4,19.0,0,1.9,4.9,DET,Josh Reynolds,1.9
00-0033943,J.Reynolds,Josh Reynolds,WR,DET,MIN,14,2022,0,0,0.0,0,0,0.0,0,5,6,51.0,1,11.1,16.1,DET,Josh Reynolds,11.1
00-0033943,J.Reynolds,Josh Reynolds,WR,DET,CAR,16,2022,0,0,0.0,0,0,0.0,0,2,4,31.0,0,3.1,5.1,DET,Josh Reynolds,3.1
00-0033943,J.Reynolds,Josh Reynolds,WR,DET,CHI,17,2022,0,0,0.0,0,0,0.0,0,1,1,5.0,0,0.5,1.5,DET,Josh Reynolds,0.5
00-0033943,J.Reynolds,Josh Reynolds,WR,DET,GB,18,2022,0,0,0.0,0,0,0.0,0,1,2,16.0,0,1.6,2.6,DET,Josh Reynolds,1.6
00-0033948,J.Williams,Jamaal Williams,RB,DET,PHI,1,2022,0,0,0.0,0,11,28.0,2,1,2,2.0,0,15.0,16.0,DET,Jamaal Williams,15.0
00-0033948,J.Williams,Jamaal Williams,RB,DET,WAS,2,2022,0,0,0.0,0,12,53.0,0,1,1,7.0,0,6.0,7.0,DET,Jamaal Williams,6.0
00-0033948,J.Williams,Jamaal Williams,RB,DET,MIN,3,2022,0,0,0.0,0,20,87.0,2,2,2,20.0,0,22.7,24.7,DET,Jamaal Williams,22.7
00-0033948,J.Williams,Jamaal Williams,RB,DET,SEA,4,2022,0,0,0.0,0,19,108.0,2,1,3,1.0,0,22.9,23.9,DET,Jamaal Williams,22.9
00-0033948,J.Williams,Jamaal Williams,RB,DET,NE,5,2022,0,0,0.0,0,15,56.0,0,0,0,0.0,0,5.6,5.6,DET,Jamaal Williams,5.6
00-0033948,J.Williams,Jamaal Williams,RB,DET,DAL,7,2022,0,0,0.0,0,15,79.0,0,1,1,4.0,0,6.3,7.3,DET,Jamaal Williams,6.3
00-0033948,J.Williams,Jamaal Williams,RB,DET,MIA,8,2022,0,0,0.0,0,10,53.0,2,3,3,23.0,0,19.6,22.6,DET,Jamaal Williams,19.6
00-0033948,J.Williams,Jamaal Williams,RB,DET,GB,9,2022,0,0,0.0,0,24,81.0,0,0,0,0.0,0,10.1,10.1,DET,Jamaal Williams,10.1
00-0033948,J.Williams,Jamaal Williams,RB,DET,CHI,10,2022,0,0,0.0,0,16,59.0,1,0,0,0.0,0,11.9,11.9,DET,Jamaal Williams,11.9
00-0033948,J.Williams,Jamaal Williams,RB,DET,NYG,11,2022,0,0,0.0,0,17,64.0,3,0,0,0.0,0,24.4,24.4,DET,Jamaal Williams,24.4
00-0033948,J.Williams,Jamaal Williams,RB,DET,BUF,12,2022,0,0,0.0,0,18,66.0,1,0,0,0.0,0,10.6,10.6,DET,Jamaal Williams,10.6
00-0033948,J.Williams,Jamaal Williams,RB,DET,JAX,13,2022,0,0,0.0,0,11,35.0,1,0,0,0.0,0,9.5,9.5,DET,Jamaal Williams,9.5
00-0033948,J.Williams,Jamaal Williams,RB,DET,MIN,14,2022,0,0,0.0,0,16,37.0,0,0,1,0.0,0,3.7,3.7,DET,Jamaal Williams,3.7
00-0033948,J.Williams,Jamaal Williams,RB,DET,NYJ,15,2022,0,0,0.0,0,13,33.0,0,0,0,0.0,0,3.3,3.3,DET,Jamaal Williams,3.3
00-0033948,J.Williams,Jamaal Williams,RB,DET,CAR,16,2022,0,0,0.0,0,7,11.0,0,2,2,3.0,0,1.4,3.4,DET,Jamaal Williams,1.4
00-0033948,J.Williams,Jamaal Williams,RB,DET,CHI,17,2022,0,0,0.0,0,22,144.0,1,1,1,13.0,0,21.7,22.7,DET,Jamaal Williams,21.7
00-0033948,J.Williams,Jamaal Williams,RB,DET,GB,18,2022,0,0,0.0,0,16,72.0,2,0,0,0.0,0,19.2,19.2,DET,Jamaal Williams,19.2
00-0033949,J.Dobbs,Joshua Dobbs,QB,TEN,DAL,17,2022,20,39,232.0,1,3,12.0,0,0,0,0.0,0,10.48,10.48,TEN,Joshua Dobbs,10.48
00-0033949,J.Dobbs,Joshua Dobbs,QB,TEN,JAX,18,2022,20,29,179.0,1,5,32.0,0,0,0,0.0,0,10.36,10.36,TEN,Joshua Dobbs,10.36
00-0033951,M.Mack,Marlon Mack,RB,DEN,CAR,12,2022,0,0,0.0,0,2,7.0,0,1,1,5.0,0,1.2,2.2,DEN,Marlon Mack,1.2
00-0033951,M.Mack,Marlon Mack,RB,DEN,BAL,13,2022,0,0,0.0,0,2,3.0,0,1,1,6.0,0,0.9,1.9,DEN,Marlon Mack,0.9
00-0033951,M.Mack,Marlon Mack,RB,DEN,KC,14,2022,0,0,0.0,0,3,15.0,0,2,3,62.0,1,13.7,15.7,DEN,Marlon Mack,13.7
00-0033951,M.Mack,Marlon Mack,RB,DEN,ARI,15,2022,0,0,0.0,0,5,37.0,1,4,4,26.0,0,12.3,16.3,DEN,Marlon Mack,12.3
00-0033951,M.Mack,Marlon Mack,RB,DEN,LA,16,2022,0,0,0.0,0,4,22.0,0,0,1,0.0,0,2.2,2.2,DEN,Marlon Mack,2.2
00-0033958,N.Peterman,Nathan Peterman,QB,CHI,PHI,15,2022,0,1,0.0,0,0,0.0,0,0,0,0.0,0,0.0,0.0,CHI,Nathan Peterman,0.0
00-0033958,N.Peterman,Nathan Peterman,QB,CHI,BUF,16,2022,3,5,25.0,0,0,0.0,0,0,0,0.0,0,-1.0,-1.0,CHI,Nathan Peterman,-1.0
00-0033958,N.Peterman,Nathan Peterman,QB,CHI,MIN,18,2022,11,19,114.0,1,2,7.0,0,0,0,0.0,0,9.26,9.26,CHI,Nathan Peterman,9.26
00-0034011,D.Arnold,Dan Arnold,TE,JAX,IND,2,2022,0,0,0.0,0,0,0.0,0,1,1,8.0,0,0.8,1.8,JAX,Dan Arnold,0.8
00-0034011,D.Arnold,Dan Arnold,TE,JAX,PHI,4,2022,0,0,0.0,0,0,0.0,0,1,1,26.0,0,2.6,3.6,JAX,Dan Arnold,2.6
00-0034011,D.Arnold,Dan Arnold,TE,JAX,HOU,5,2022,0,0,0.0,0,0,0.0,0,1,2,20.0,0,2.0,3.0,JAX,Dan Arnold,2.0
00-0034011,D.Arnold,Dan Arnold,TE,JAX,NYG,7,2022,0,0,0.0,0,0,0.0,0,1,1,24.0,0,2.4,3.4,JAX,Dan Arnold,2.4
00-0034011,D.Arnold,Dan Arnold,TE,JAX,DEN,8,2022,0,0,0.0,0,0,0.0,0,1,1,8.0,0,0.8,1.8,JAX,Dan Arnold,0.8
00-0034011,D.Arnold,Dan Arnold,TE,JAX,LV,9,2022,0,0,0.0,0,0,0.0,0,1,1,19.0,0,1.9,2.9,JAX,Dan Arnold,1.9
00-0034011,D.Arnold,Dan Arnold,TE,JAX,KC,10,2022,0,0,0.0,0,0,0.0,0,1,1,8.0,0,0.8,1.8,JAX,Dan Arnold,0.8
00-0034011,D.Arnold,Dan Arnold,TE,JAX,TEN,14,2022,0,0,0.0,0,0,0.0,0,1,3,5.0,0,0.5,1.5,JAX,Dan Arnold,0.5
00-0034011,D.Arnold,Dan Arnold,TE,JAX,NYJ,16,2022,0,0,0.0,0,0,0.0,0,1,1,17.0,0,1.7,2.7,JAX,Dan Arnold,1.7
00-0034011,D.Arnold,Dan Arnold,TE,JAX,HOU,17,2022,0,0,0.0,0,0,0.0,0,0,1,0.0,0,0.0,0.0,JAX,Dan Arnold,0.0
00-0034054,R.Cracraft,River Cracraft,WR,MIA,BAL,2,2022,0,0,0.0,0,0,0.0,0,1,2,2.0,1,6.2,7.2,MIA,River Cracraft,6.2
00-0034054,R.Cracraft,River Cracraft,WR,MIA,BUF,3,2022,0,0,0.0,0,0,0.0,0,1,1,11.0,1,7.1,8.1,MIA,River Cracraft,7.1
00-0034054,R.Cracraft,River Cracraft,WR,MIA,CIN,4,2022,0,0,0.0,0,0,0.0,0,0,1,0.0,0,0.0,0.0,MIA,River Cracraft,0.0
00-0034054,R.Cracraft,River Cracraft,WR,MIA,NYJ,5,2022,0,0,0.0,0,0,0.0,0,0,1,0.0,0,0.0,0.0,MIA,River Cracraft,0.0
00-0034054,R.Cracraft,River Cracraft,WR,MIA,MIN,6,2022,0,0,0.0,0,0,0.0,0,0,1,0.0,0,0.0,0.0,MIA,River Cracraft,0.0
00-0034054,R.Cracraft,River Cracraft,WR,MIA,HOU,12,2022,0,0,0.0,0,0,0.0,0,4,4,55.0,0,5.5,9.5,MIA,River Cracraft,5.5
00-0034054,R.Cracraft,River Cracraft,WR,MIA,SF,13,2022,0,0,0.0,0,0,0.0,0,2,3,29.0,0,2.9,4.9,MIA,River Cracraft,2.9
00-0034054,R.Cracraft,River Cracraft,WR,MIA,NYJ,18,2022,0,0,0.0,0,0,0.0,0,1,1,5.0,0,0.5,1.5,MIA,River Cracraft,0.5
00-0034073,R.Dwelley,Ross Dwelley,TE,SF,CHI,1,2022,0,0,0.0,0,0,0.0,0,1,2,11.0,0,1.1,2.1,SF,Ross Dwelley,1.1
00-0034073,R.Dwelley,Ross Dwelley,TE,SF,SEA,2,2022,0,0,0.0,0,0,0.0,0,1,1,38.0,1,9.8,10.8,SF,Ross Dwelley,9.8
00-0034073,R.Dwelley,Ross Dwelley,TE,SF,LA,4,2022,0,0,0.0,0,0,0.0,0,0,1,0.0,0,0.0,0.0,SF,Ross Dwelley,0.0
00-0034073,R.Dwelley,Ross Dwelley,TE,SF,LA,8,2022,0,0,0.0,0,0,0.0,0,1,1,56.0,0,5.6,6.6,SF,Ross Dwelley,5.6
00-0034104,C.Sims,Cam Sims,WR,WAS,JAX,1,2022,0,0,0.0,0,0,0.0,0,0,1,0.0,0,0.0,0.0,WAS,Cam Sims,0.0
00-0034104,C.Sims,Cam Sims,WR,WAS,DET,2,2022,0,0,0.0,0,0,0.0,0,0,2,0.0,0,0.0,0.0,WAS,Cam Sims,0.0
00-0034104,C.Sims,Cam Sims,WR,WAS,TEN,5,2022,0,0,0.0,0,0,0.0,0,1,2,7.0,0,0.7,1.7,WAS,Cam Sims,0.7
00-0034104,C.Sims,Cam Sims,WR,WAS,CHI,6,2022,0,0,0.0,0,0,0.0,0,1,2,6.0,0,0.6,1.6,WAS,Cam Sims,0.6
00-0034104,C.Sims,Cam Sims,WR,WAS,GB,7,2022,0,0,0.0,0,0,0.0,0,1,2,12.0,0,1.2,2.2,WAS,Cam Sims,1.2
00-0034104,C.Sims,Cam Sims,WR,WAS,IND,8,2022,0,0,0.0,0,0,0.0,0,1,2,21.0,0,2.1,3.1,WAS,Cam Sims,2.1
00-0034104,C.Sims,Cam Sims,WR,WAS,MIN,9,2022,0,0,0.0,0,0,0.0,0,1,1,12.0,0,1.2,2.2,WAS,Cam Sims,1.2
00-0034104,C.Sims,Cam Sims,WR,WAS,PHI,10,2022,0,0,0.0,0,0,0.0,0,0,1,0.0,0,0.0,0.0,WAS,Cam Sims,0.0
00-0034104,C.Sims,Cam Sims,WR,WAS,HOU,11,2022,0,0,0.0,0,0,0.0,0,1,1,17.0,0,1.7,2.7,WAS,Cam Sims,1.7
00-0034104,C.Sims,Cam Sims,WR,WAS,NYG,13,2022,0,0,0.0,0,0,0.0,0,1,2,-2.0,0,-0.2,0.8,WAS,Cam Sims,-0.2
00-0034104,C.Sims,Cam Sims,WR,WAS,CLE,17,2022,0,0,0.0,0,0,0.0,0,1,1,16.0,0,1.6,2.6,WAS,Cam Sims,1.6
00-0034104,C.Sims,Cam Sims,WR,WAS,DAL,18,2022,0,0,0.0,0,0,0.0,0,0,1,0.0,0,0.0,0.0,WAS,Cam Sims,0.0
00-0034109,P.Lindsay,Phillip Lindsay,RB,IND,DEN,5,2022,0,0,0.0,0,11,40.0,0,3,4,14.0,0,5.4,8.4,IND,Phillip Lindsay,5.4
00-0034109,P.Lindsay,Phillip Lindsay,RB,IND,JAX,6,2022,0,0,0.0,0,3,7.0,0,3,3,5.0,0,3.2,6.2,IND,Phillip Lindsay,3.2
00-0034109,P.Lindsay,Phillip Lindsay,RB,IND,NE,9,2022,0,0,0.0,0,1,2.0,0,0,1,0.0,0,0.2,0.2,IND,Phillip Lindsay,0.2
00-0034115,J.Wilson,Jeffery Wilson,RB,SF,CHI,1,2022,0,0,0.0,0,9,22.0,0,2,2,8.0,0,3.0,5.0,SF,Jeffery Wilson,3.0
00-0034115,J.Wilson,Jeffery Wilson,RB,SF,SEA,2,2022,0,0,0.0,0,18,84.0,0,2,2,19.0,0,10.3,12.3,SF,Jeffery Wilson,10.3
00-0034115,J.Wilson,Jeffery Wilson,RB,SF,DEN,3,2022,0,0,0.0,0,12,75.0,0,3,3,31.0,0,8.6,11.6,SF,Jeffery Wilson,8.6
00-0034115,J.Wilson,Jeffery Wilson,RB,SF,LA,4,2022,0,0,0.0,0,18,74.0,1,0,0,0.0,0,13.4,13.4,SF,Jeffery Wilson,13.4
00-0034115,J.Wilson,Jeffery Wilson,RB,SF,CAR,5,2022,0,0,0.0,0,17,120.0,1,1,2,12.0,0,19.2,20.2,SF,Jeffery Wilson,19.2
00-0034115,J.Wilson,Jeffery Wilson,RB,SF,ATL,6,2022,0,0,0.0,0,7,25.0,0,0,1,0.0,0,0.5,0.5,SF,Jeffery Wilson,0.5
00-0034115,J.Wilson,Jeffery Wilson,RB,SF,KC,7,2022,0,0,0.0,0,7,54.0,0,0,1,0.0,0,5.4,5.4,SF,Jeffery Wilson,5.4
00-0034115,J.Wilson,Jeffery Wilson,RB,SF,LA,8,2022,0,0,0.0,0,4,14.0,0,2,2,21.0,0,3.5,5.5,SF,Jeffery Wilson,3.5
00-0034115,J.Wilson,Jeffery Wilson,RB,MIA,CHI,9,2022,0,0,0.0,0,9,51.0,0,3,3,21.0,1,13.2,16.2,MIA,Jeffery Wilson,13.2
00-0034115,J.Wilson,Jeffery Wilson,RB,MIA,CLE,10,2022,0,0,0.0,0,17,119.0,1,2,5,24.0,0,20.3,22.3,MIA,Jeffery Wilson,20.3
00-0034115,J.Wilson,Jeffery Wilson,RB,MIA,HOU,12,2022,0,0,0.0,0,13,39.0,1,1,3,13.0,0,11.2,12.2,MIA,Jeffery Wilson,11.2
00-0034115,J.Wilson,Jeffery Wilson,RB,MIA,SF,13,2022,0,0,0.0,0,1,3.0,0,0,2,0.0,0,0.3,0.3,MIA,Jeffery Wilson,0.3
00-0034115,J.Wilson,Jeffery Wilson,RB,MIA,LAC,14,2022,0,0,0.0,0,4,26.0,0,0,0,0.0,0,2.6,2.6,MIA,Jeffery Wilson,2.6
00-0034115,J.Wilson,Jeffery Wilson,RB,MIA,GB,16,2022,0,0,0.0,0,9,37.0,1,1,2,3.0,0,10.0,11.0,MIA,Jeffery Wilson,10.0
00-0034115,J.Wilson,Jeffery Wilson,RB,MIA,NE,17,2022,0,0,0.0,0,15,45.0,0,3,7,31.0,0,7.6,10.6,MIA,Jeffery Wilson,7.6
00-0034115,J.Wilson,Jeffery Wilson,RB,MIA,NYJ,18,2022,0,0,0.0,0,16,72.0,0,2,2,2.0,0,7.4,9.4,MIA,Jeffery Wilson,7.4
00-0034115,J.Wilson,Jeffery Wilson,RB,MIA,BUF,19,2022,0,0,0.0,0,10,23.0,1,1,4,13.0,0,9.6,10.6,MIA,Jeffery Wilson,9.6
00-0034159,W.Dissly,Will Dissly,TE,SEA,DEN,1,2022,0,0,0.0,0,0,0.0,0,3,3,43.0,1,10.3,13.3,SEA,Will Dissly,10.3
00-0034159,W.Dissly,Will Dissly,TE,SEA,SF,2,2022,0,0,0.0,0,0,0.0,0,2,2,0.0,0,0.0,2.0,SEA,Will Dissly,0.0
00-0034159,W.Dissly,Will Dissly,TE,SEA,ATL,3,2022,0,0,0.0,0,0,0.0,0,3,3,34.0,1,9.4,12.4,SEA,Will Dissly,9.4
00-0034159,W.Dissly,Will Dissly,TE,SEA,DET,4,2022,0,0,0.0,0,0,0.0,0,4,4,39.0,1,9.9,13.9,SEA,Will Dissly,9.9
00-0034159,W.Dissly,Will Dissly,TE,SEA,NO,5,2022,0,0,0.0,0,0,0.0,0,2,3,21.0,0,2.1,4.1,SEA,Will Dissly,2.1
00-0034159,W.Dissly,Will Dissly,TE,SEA,ARI,6,2022,0,0,0.0,0,0,0.0,0,1,1,12.0,0,1.2,2.2,SEA,Will Dissly,1.2
00-0034159,W.Dissly,Will Dissly,TE,SEA,LAC,7,2022,0,0,0.0,0,0,0.0,0,4,4,45.0,0,4.5,8.5,SEA,Will Dissly,4.5
00-0034159,W.Dissly,Will Dissly,TE,SEA,NYG,8,2022,0,0,0.0,0,0,0.0,0,2,2,12.0,0,1.2,3.2,SEA,Will Dissly,1.2
00-0034159,W.Dissly,Will Dissly,TE,SEA,ARI,9,2022,0,0,0.0,0,0,0.0,0,3,4,24.0,0,2.4,5.4,SEA,Will Dissly,2.4
00-0034159,W.Dissly,Will Dissly,TE,SEA,TB,10,2022,0,0,0.0,0,0,0.0,0,2,2,28.0,0,2.8,4.8,SEA,Will Dissly,2.8
00-0034159,W.Dissly,Will Dissly,TE,SEA,LV,12,2022,0,0,0.0,0,0,0.0,0,2,3,17.0,0,1.7,3.7,SEA,Will Dissly,1.7
00-0034159,W.Dissly,Will Dissly,TE,SEA,LA,13,2022,0,0,0.0,0,0,0.0,0,2,2,22.0,0,2.2,4.2,SEA,Will Dissly,2.2
00-0034159,W.Dissly,Will Dissly,TE,SEA,CAR,14,2022,0,0,0.0,0,0,0.0,0,2,3,20.0,0,2.0,4.0,SEA,Will Dissly,2.0
00-0034159,W.Dissly,Will Dissly,TE,SEA,SF,15,2022,0,0,0.0,0,0,0.0,0,1,1,13.0,0,1.3,2.3,SEA,Will Dissly,1.3
00-0034159,W.Dissly,Will Dissly,TE,SEA,KC,16,2022,0,0,0.0,0,0,0.0,0,1,1,19.0,0,1.9,2.9,SEA,Will Dissly,1.9
00-0034160,M.Dickson,Michael Dickson,P,SEA,NO,5,2022,0,0,0.0,0,1,-8.0,0,0,0,0.0,0,-0.8,-0.8,SEA,Michael Dickson,-0.8
00-0034160,M.Dickson,Michael Dickson,P,SEA,ARI,6,2022,0,0,0.0,0,1,-10.0,0,0,0,0.0,0,-3.0,-3.0,SEA,Michael Dickson,-3.0
00-0034171,J.Cabinda,Jason Cabinda,FB,DET,NYG,11,2022,0,0,0.0,0,0,0.0,0,0,2,0.0,0,0.0,0.0,DET,Jason Cabinda,0.0
00-0034171,J.Cabinda,Jason Cabinda,FB,DET,JAX,13,2022,0,0,0.0,0,1,4.0,0,0,0,0.0,0,0.4,0.4,DET,Jason Cabinda,0.4
00-0034171,J.Cabinda,Jason Cabinda,FB,DET,NYJ,15,2022,0,0,0.0,0,0,0.0,0,0,1,0.0,0,0.0,0.0,DET,Jason Cabinda,0.0
00-0034171,J.Cabinda,Jason Cabinda,FB,DET,CHI,17,2022,0,0,0.0,0,0,0.0,0,1,1,5.0,0,0.5,1.5,DET,Jason Cabinda,0.5
00-0034177,T.Boyle,Tim Boyle,QB,CHI,MIN,18,2022,2,8,33.0,0,2,-2.0,0,0,0,0.0,0,-2.88,-2.88,CHI,Tim Boyle,-2.88
00-0034184,G.Edwards,Gus Edwards,RB,BAL,CLE,7,2022,0,0,0.0,0,16,66.0,2,0,1,0.0,0,18.6,18.6,BAL,Gus Edwards,18.6
00-0034184,G.Edwards,Gus Edwards,RB,BAL,TB,8,2022,0,0,0.0,0,11,65.0,0,0,0,0.0,0,6.5,6.5,BAL,Gus Edwards,6.5
00-0034184,G.Edwards,Gus Edwards,RB,BAL,JAX,12,2022,0,0,0.0,0,16,52.0,1,0,1,0.0,0,9.2,9.2,BAL,Gus Edwards,9.2
00-0034184,G.Edwards,Gus Edwards,RB,BAL,DEN,13,2022,0,0,0.0,0,6,12.0,0,0,0,0.0,0,1.2,1.2,BAL,Gus Edwards,1.2
00-0034184,G.Edwards,Gus Edwards,RB,BAL,PIT,14,2022,0,0,0.0,0,13,66.0,0,0,0,0.0,0,6.6,6.6,BAL,Gus Edwards,6.6
00-0034184,G.Edwards,Gus Edwards,RB,BAL,CLE,15,2022,0,0,0.0,0,7,55.0,0,0,0,0.0,0,5.5,5.5,BAL,Gus Edwards,5.5
00-0034184,G.Edwards,Gus Edwards,RB,BAL,ATL,16,2022,0,0,0.0,0,11,99.0,0,0,0,0.0,0,9.9,9.9,BAL,Gus Edwards,9.9
00-0034184,G.Edwards,Gus Edwards,RB,BAL,PIT,17,2022,0,0,0.0,0,3,2.0,0,0,0,0.0,0,0.2,0.2,BAL,Gus Edwards,0.2
00-0034184,G.Edwards,Gus Edwards,RB,BAL,CIN,18,2022,0,0,0.0,0,4,16.0,0,0,0,0.0,0,1.6,1.6,BAL,Gus Edwards,1.6
00-0034184,G.Edwards,Gus Edwards,RB,BAL,CIN,19,2022,0,0,0.0,0,12,39.0,0,1,1,13.0,0,5.2,6.2,BAL,Gus Edwards,5.2
00-0034208,M.Boone,Mike Boone,RB,DEN,SEA,1,2022,0,0,0.0,0,0,0.0,0,1,1,2.0,0,0.2,1.2,DEN,Mike Boone,0.2
00-0034208,M.Boone,Mike Boone,RB,DEN,SF,3,2022,0,0,0.0,0,0,0.0,0,0,1,0.0,0,0.0,0.0,DEN,Mike Boone,0.0
00-0034208,M.Boone,Mike Boone,RB,DEN,LV,4,2022,0,0,0.0,0,3,20.0,0,1,3,9.0,0,2.9,3.9,DEN,Mike Boone,2.9
00-0034208,M.Boone,Mike Boone,RB,DEN,IND,5,2022,0,0,0.0,0,7,38.0,0,3,3,47.0,0,8.5,11.5,DEN,Mike Boone,8.5
00-0034208,M.Boone,Mike Boone,RB,DEN,LAC,6,2022,0,0,0.0,0,1,1.0,0,1,4,3.0,0,0.4,1.4,DEN,Mike Boone,0.4
00-0034208,M.Boone,Mike Boone,RB,DEN,NYJ,7,2022,0,0,0.0,0,4,23.0,0,0,0,0.0,0,2.3,2.3,DEN,Mike Boone,2.3
00-0034208,M.Boone,Mike Boone,RB,DEN,BAL,13,2022,0,0,0.0,0,6,18.0,0,1,1,8.0,0,2.6,3.6,DEN,Mike Boone,2.6
00-0034208,M.Boone,Mike Boone,RB,DEN,KC,14,2022,0,0,0.0,0,3,2.0,0,2,2,27.0,0,2.9,4.9,DEN,Mike Boone,2.9
00-0034253,D.Hilliard,Dontrell Hilliard,RB,TEN,NYG,1,2022,0,0,0.0,0,2,8.0,0,3,4,61.0,2,18.9,21.9,TEN,Dontrell Hilliard,18.9
00-0034253,D.Hilliard,Dontrell Hilliard,RB,TEN,LV,3,2022,0,0,0.0,0,2,14.0,0,1,1,30.0,0,4.4,5.4,TEN,Dontrell Hilliard,4.4
00-0034253,D.Hilliard,Dontrell Hilliard,RB,TEN,IND,4,2022,0,0,0.0,0,0,0.0,0,4,4,18.0,0,1.8,5.8,TEN,Dontrell Hilliard,1.8
00-0034253,D.Hilliard,Dontrell Hilliard,RB,TEN,WAS,5,2022,0,0,0.0,0,1,0.0,0,4,5,23.0,1,8.3,12.3,TEN,Dontrell Hilliard,8.3
00-0034253,D.Hilliard,Dontrell Hilliard,RB,TEN,IND,7,2022,0,0,0.0,0,1,4.0,0,0,2,0.0,0,0.4,0.4,TEN,Dontrell Hilliard,0.4
00-0034253,D.Hilliard,Dontrell Hilliard,RB,TEN,HOU,8,2022,0,0,0.0,0,8,83.0,0,1,1,12.0,0,9.5,10.5,TEN,Dontrell Hilliard,9.5
00-0034253,D.Hilliard,Dontrell Hilliard,RB,TEN,KC,9,2022,0,0,0.0,0,3,12.0,0,1,1,-4.0,0,0.8,1.8,TEN,Dontrell Hilliard,0.8
00-0034253,D.Hilliard,Dontrell Hilliard,RB,TEN,DEN,10,2022,0,0,0.0,0,1,2.0,0,1,2,6.0,0,0.8,1.8,TEN,Dontrell Hilliard,0.8
00-0034253,D.Hilliard,Dontrell Hilliard,RB,TEN,GB,11,2022,0,0,0.0,0,1,4.0,0,1,1,14.0,1,7.8,8.8,TEN,Dontrell Hilliard,7.8
00-0034253,D.Hilliard,Dontrell Hilliard,RB,TEN,CIN,12,2022,0,0,0.0,0,2,16.0,0,3,3,3.0,0,1.9,4.9,TEN,Dontrell Hilliard,1.9
00-0034253,D.Hilliard,Dontrell Hilliard,RB,TEN,PHI,13,2022,0,0,0.0,0,1,2.0,0,2,2,14.0,0,1.6,3.6,TEN,Dontrell Hilliard,1.6
00-0034270,T.Conklin,Tyler Conklin,TE,NYJ,BAL,1,2022,0,0,0.0,0,0,0.0,0,4,7,16.0,1,7.6,11.6,NYJ,Tyler Conklin,7.6
00-0034270,T.Conklin,Tyler Conklin,TE,NYJ,CLE,2,2022,0,0,0.0,0,0,0.0,0,6,9,40.0,0,4.0,10.0,NYJ,Tyler Conklin,4.0
00-0034270,T.Conklin,Tyler Conklin,TE,NYJ,CIN,3,2022,0,0,0.0,0,0,0.0,0,8,8,84.0,0,8.4,16.4,NYJ,Tyler Conklin,8.4
00-0034270,T.Conklin,Tyler Conklin,TE,NYJ,PIT,4,2022,0,0,0.0,0,0,0.0,0,3,5,52.0,0,5.2,8.2,NYJ,Tyler Conklin,5.2
00-0034270,T.Conklin,Tyler Conklin,TE,NYJ,MIA,5,2022,0,0,0.0,0,0,0.0,0,0,1,0.0,0,0.0,0.0,NYJ,Tyler Conklin,0.0
00-0034270,T.Conklin,Tyler Conklin,TE,NYJ,GB,6,2022,0,0,0.0,0,1,1.0,0,1,2,16.0,0,1.7,2.7,NYJ,Tyler Conklin,1.7
00-0034270,T.Conklin,Tyler Conklin,TE,NYJ,DEN,7,2022,0,0,0.0,0,0,0.0,0,4,6,22.0,0,2.2,6.2,NYJ,Tyler Conklin,2.2
00-0034270,T.Conklin,Tyler Conklin,TE,NYJ,NE,8,2022,0,0,0.0,0,0,0.0,0,6,10,79.0,2,19.9,25.9,NYJ,Tyler Conklin,19.9
00-0034270,T.Conklin,Tyler Conklin,TE,NYJ,BUF,9,2022,0,0,0.0,0,0,0.0,0,1,2,7.0,0,0.7,1.7,NYJ,Tyler Conklin,0.7
00-0034270,T.Conklin,Tyler Conklin,TE,NYJ,NE,11,2022,0,0,0.0,0,0,0.0,0,2,3,15.0,0,1.5,3.5,NYJ,Tyler Conklin,1.5
00-0034270,T.Conklin,Tyler Conklin,TE,NYJ,CHI,12,2022,0,0,0.0,0,0,0.0,0,3,3,50.0,0,5.0,8.0,NYJ,Tyler Conklin,5.0
00-0034270,T.Conklin,Tyler Conklin,TE,NYJ,MIN,13,2022,0,0,0.0,0,0,0.0,0,2,7,9.0,0,0.9,2.9,NYJ,Tyler Conklin,0.9
00-0034270,T.Conklin,Tyler Conklin,TE,NYJ,BUF,14,2022,0,0,0.0,0,0,0.0,0,5,8,28.0,0,2.8,7.8,NYJ,Tyler Conklin,2.8
00-0034270,T.Conklin,Tyler Conklin,TE,NYJ,DET,15,2022,0,0,0.0,0,1,2.0,0,1,2,7.0,0,0.9,1.9,NYJ,Tyler Conklin,0.9
00-0034270,T.Conklin,Tyler Conklin,TE,NYJ,JAX,16,2022,0,0,0.0,0,0,0.0,0,4,4,34.0,0,3.4,7.4,NYJ,Tyler Conklin,3.4
00-0034270,T.Conklin,Tyler Conklin,TE,NYJ,SEA,17,2022,0,0,0.0,0,0,0.0,0,6,6,80.0,0,8.0,14.0,NYJ,Tyler Conklin,8.0
00-0034270,T.Conklin,Tyler Conklin,TE,NYJ,MIA,18,2022,0,0,0.0,0,0,0.0,0,2,4,13.0,0,1.3,3.3,NYJ,Tyler Conklin,1.3
00-0034272,M.Valdes-Scantling,Marquez Valdes-Scantling,WR,KC,ARI,1,2022,0,0,0.0,0,1,-3.0,0,4,4,44.0,0,4.1,8.1,KC,Marquez Valdes-Scantling,4.1
00-0034272,M.Valdes-Scantling,Marquez Valdes-Scantling,WR,KC,LAC,2,2022,0,0,0.0,0,0,0.0,0,2,7,13.0,0,1.3,3.3,KC,Marquez Valdes-Scantling,1.3
00-0034272,M.Valdes-Scantling,Marquez Valdes-Scantling,WR,KC,IND,3,2022,0,0,0.0,0,0,0.0,0,4,7,48.0,0,4.8,8.8,KC,Marquez Valdes-Scantling,4.8
00-0034272,M.Valdes-Scantling,Marquez Valdes-Scantling,WR,KC,TB,4,2022,0,0,0.0,0,0,0.0,0,3,5,63.0,0,6.3,9.3,KC,Marquez Valdes-Scantling,6.3
00-0034272,M.Valdes-Scantling,Marquez Valdes-Scantling,WR,KC,LV,5,2022,0,0,0.0,0,0,0.0,0,6,8,90.0,0,9.0,15.0,KC,Marquez Valdes-Scantling,9.0
00-0034272,M.Valdes-Scantling,Marquez Valdes-Scantling,WR,KC,BUF,6,2022,0,0,0.0,0,0,0.0,0,0,3,0.0,0,0.0,0.0,KC,Marquez Valdes-Scantling,0.0
00-0034272,M.Valdes-Scantling,Marquez Valdes-Scantling,WR,KC,SF,7,2022,0,0,0.0,0,0,0.0,0,3,4,111.0,0,11.1,14.1,KC,Marquez Valdes-Scantling,11.1
00-0034272,M.Valdes-Scantling,Marquez Valdes-Scantling,WR,KC,TEN,9,2022,0,0,0.0,0,0,0.0,0,1,1,12.0,0,1.2,2.2,KC,Marquez Valdes-Scantling,1.2
00-0034272,M.Valdes-Scantling,Marquez Valdes-Scantling,WR,KC,JAX,10,2022,0,0,0.0,0,0,0.0,0,3,4,60.0,1,12.0,15.0,KC,Marquez Valdes-Scantling,12.0
00-0034272,M.Valdes-Scantling,Marquez Valdes-Scantling,WR,KC,LAC,11,2022,0,0,0.0,0,0,0.0,0,1,4,18.0,0,1.8,2.8,KC,Marquez Valdes-Scantling,1.8
00-0034272,M.Valdes-Scantling,Marquez Valdes-Scantling,WR,KC,LA,12,2022,0,0,0.0,0,0,0.0,0,4,5,56.0,0,5.6,9.6,KC,Marquez Valdes-Scantling,5.6
00-0034272,M.Valdes-Scantling,Marquez Valdes-Scantling,WR,KC,CIN,13,2022,0,0,0.0,0,0,0.0,0,2,6,71.0,0,7.1,9.1,KC,Marquez Valdes-Scantling,7.1
00-0034272,M.Valdes-Scantling,Marquez Valdes-Scantling,WR,KC,DEN,14,2022,0,0,0.0,0,0,0.0,0,1,3,20.0,0,2.0,3.0,KC,Marquez Valdes-Scantling,2.0
00-0034272,M.Valdes-Scantling,Marquez Valdes-Scantling,WR,KC,HOU,15,2022,0,0,0.0,0,0,0.0,0,3,5,26.0,1,8.6,11.6,KC,Marquez Valdes-Scantling,8.6
00-0034272,M.Valdes-Scantling,Marquez Valdes-Scantling,WR,KC,SEA,16,2022,0,0,0.0,0,0,0.0,0,0,2,0.0,0,0.0,0.0,KC,Marquez Valdes-Scantling,0.0
00-0034272,M.Valdes-Scantling,Marquez Valdes-Scantling,WR,KC,DEN,17,2022,0,0,0.0,0,0,0.0,0,2,7,28.0,0,2.8,4.8,KC,Marquez Valdes-Scantling,2.8
00-0034272,M.Valdes-Scantling,Marquez Valdes-Scantling,WR,KC,LV,18,2022,0,0,0.0,0,0,0.0,0,3,6,27.0,0,2.7,5.7,KC,Marquez Valdes-Scantling,2.7
00-0034272,M.Valdes-Scantling,Marquez Valdes-Scantling,WR,KC,JAX,20,2022,0,0,0.0,0,0,0.0,0,1,2,6.0,1,6.6,7.6,KC,Marquez Valdes-Scantling,6.6
00-0034272,M.Valdes-Scantling,Marquez Valdes-Scantling,WR,KC,CIN,21,2022,0,0,0.0,0,0,0.0,0,6,8,116.0,1,17.6,23.6,KC,Marquez Valdes-Scantling,17.6
00-0034272,M.Valdes-Scantling,Marquez Valdes-Scantling,WR,KC,PHI,22,2022,0,0,0.0,0,0,0.0,0,0,1,0.0,0,0.0,0.0,KC,Marquez Valdes-Scantling,0.0
00-0034279,E.St. Brown,Equanimeous St. Brown,WR,CHI,SF,1,2022,0,0,0.0,0,0,0.0,0,1,3,18.0,1,7.8,8.8,CHI,Equanimeous St. Brown,7.8
00-0034279,E.St. Brown,Equanimeous St. Brown,WR,CHI,GB,2,2022,0,0,0.0,0,0,0.0,0,2,4,39.0,0,3.9,5.9,CHI,Equanimeous St. Brown,3.9
00-0034279,E.St. Brown,Equanimeous St. Brown,WR,CHI,HOU,3,2022,0,0,0.0,0,2,43.0,0,1,2,20.0,0,6.3,7.3,CHI,Equanimeous St. Brown,6.3
00-0034279,E.St. Brown,Equanimeous St. Brown,WR,CHI,NYG,4,2022,0,0,0.0,0,0,0.0,0,0,2,9.0,0,-1.1,-1.1,CHI,Equanimeous St. Brown,-1.1
00-0034279,E.St. Brown,Equanimeous St. Brown,WR,CHI,MIN,5,2022,0,0,0.0,0,0,0.0,0,2,2,24.0,0,2.4,4.4,CHI,Equanimeous St. Brown,2.4
00-0034279,E.St. Brown,Equanimeous St. Brown,WR,CHI,WAS,6,2022,0,0,0.0,0,1,1.0,0,0,0,0.0,0,0.1,0.1,CHI,Equanimeous St. Brown,0.1
00-0034279,E.St. Brown,Equanimeous St. Brown,WR,CHI,NE,7,2022,0,0,0.0,0,0,0.0,0,4,7,48.0,0,4.8,8.8,CHI,Equanimeous St. Brown,4.8
00-0034279,E.St. Brown,Equanimeous St. Brown,WR,CHI,DAL,8,2022,0,0,0.0,0,0,0.0,0,1,3,6.0,0,0.6,1.6,CHI,Equanimeous St. Brown,0.6
00-0034279,E.St. Brown,Equanimeous St. Brown,WR,CHI,MIA,9,2022,0,0,0.0,0,0,0.0,0,0,2,0.0,0,0.0,0.0,CHI,Equanimeous St. Brown,0.0
00-0034279,E.St. Brown,Equanimeous St. Brown,WR,CHI,DET,10,2022,0,0,0.0,0,2,9.0,0,0,0,0.0,0,0.9,0.9,CHI,Equanimeous St. Brown,0.9
00-0034279,E.St. Brown,Equanimeous St. Brown,WR,CHI,ATL,11,2022,0,0,0.0,0,0,0.0,0,2,2,24.0,0,2.4,4.4,CHI,Equanimeous St. Brown,2.4
00-0034279,E.St. Brown,Equanimeous St. Brown,WR,CHI,NYJ,12,2022,0,0,0.0,0,0,0.0,0,1,2,7.0,0,0.7,1.7,CHI,Equanimeous St. Brown,0.7
00-0034279,E.St. Brown,Equanimeous St. Brown,WR,CHI,GB,13,2022,0,0,0.0,0,1,1.0,0,3,4,85.0,0,8.6,11.6,CHI,Equanimeous St. Brown,8.6
00-0034279,E.St. Brown,Equanimeous St. Brown,WR,CHI,PHI,15,2022,0,0,0.0,0,0,0.0,0,1,1,20.0,0,2.0,3.0,CHI,Equanimeous St. Brown,2.0
00-0034279,E.St. Brown,Equanimeous St. Brown,WR,CHI,DET,17,2022,0,0,0.0,0,0,0.0,0,2,3,20.0,0,2.0,4.0,CHI,Equanimeous St. Brown,2.0
00-0034279,E.St. Brown,Equanimeous St. Brown,WR,CHI,MIN,18,2022,0,0,0.0,0,0,0.0,0,1,1,3.0,0,0.3,1.3,CHI,Equanimeous St. Brown,0.3
00-0034286,R.James,Richie James,WR,NYG,TEN,1,2022,0,0,0.0,0,1,2.0,0,5,6,59.0,0,6.1,11.1,NYG,Richie James,6.1
00-0034286,R.James,Richie James,WR,NYG,CAR,2,2022,0,0,0.0,0,0,0.0,0,5,6,51.0,0,5.1,10.1,NYG,Richie James,5.1
00-0034286,R.James,Richie James,WR,NYG,DAL,3,2022,0,0,0.0,0,1,4.0,0,4,5,36.0,0,4.0,8.0,NYG,Richie James,4.0
00-0034286,R.James,Richie James,WR,NYG,CHI,4,2022,0,0,0.0,0,0,0.0,0,1,3,9.0,0,0.9,1.9,NYG,Richie James,0.9
00-0034286,R.James,Richie James,WR,NYG,GB,5,2022,0,0,0.0,0,0,0.0,0,2,2,16.0,0,1.6,3.6,NYG,Richie James,1.6
00-0034286,R.James,Richie James,WR,NYG,BAL,6,2022,0,0,0.0,0,0,0.0,0,2,2,18.0,0,1.8,3.8,NYG,Richie James,1.8
00-0034286,R.James,Richie James,WR,NYG,JAX,7,2022,0,0,0.0,0,0,0.0,0,1,2,2.0,0,0.2,1.2,NYG,Richie James,0.2
00-0034286,R.James,Richie James,WR,NYG,DET,11,2022,0,0,0.0,0,0,0.0,0,3,3,48.0,1,10.8,13.8,NYG,Richie James,10.8
00-0034286,R.James,Richie James,WR,NYG,DAL,12,2022,0,0,0.0,0,0,0.0,0,5,6,41.0,1,10.1,15.1,NYG,Richie James,10.1
00-0034286,R.James,Richie James,WR,NYG,WAS,13,2022,0,0,0.0,0,0,0.0,0,3,3,20.0,0,2.0,5.0,NYG,Richie James,2.0
00-0034286,R.James,Richie James,WR,NYG,PHI,14,2022,0,0,0.0,0,0,0.0,0,7,9,61.0,1,12.1,19.1,NYG,Richie James,12.1
00-0034286,R.James,Richie James,WR,NYG,WAS,15,2022,0,0,0.0,0,0,0.0,0,4,5,42.0,0,4.2,8.2,NYG,Richie James,4.2
00-0034286,R.James,Richie James,WR,NYG,MIN,16,2022,0,0,0.0,0,0,0.0,0,8,11,90.0,0,9.0,17.0,NYG,Richie James,9.0
00-0034286,R.James,Richie James,WR,NYG,IND,17,2022,0,0,0.0,0,0,0.0,0,7,7,76.0,1,13.6,20.6,NYG,Richie James,13.6
00-0034286,R.James,Richie James,WR,NYG,MIN,19,2022,0,0,0.0,0,0,0.0,0,4,6,31.0,0,3.1,7.1,NYG,Richie James,3.1
00-0034286,R.James,Richie James,WR,NYG,PHI,20,2022,0,0,0.0,0,0,0.0,0,7,10,51.0,0,5.1,12.1,NYG,Richie James,5.1
00-0034297,B.Pringle,Byron Pringle,WR,CHI,SF,1,2022,0,0,0.0,0,0,0.0,0,1,2,22.0,0,2.2,3.2,CHI,Byron Pringle,2.2
00-0034297,B.Pringle,Byron Pringle,WR,CHI,HOU,3,2022,0,0,0.0,0,0,0.0,0,1,1,11.0,0,1.1,2.1,CHI,Byron Pringle,1.1
00-0034297,B.Pringle,Byron Pringle,WR,CHI,DET,10,2022,0,0,0.0,0,0,0.0,0,1,2,12.0,0,1.2,2.2,CHI,Byron Pringle,1.2
00-0034297,B.Pringle,Byron Pringle,WR,CHI,NYJ,12,2022,0,0,0.0,0,0,0.0,0,2,2,12.0,1,7.2,9.2,CHI,Byron Pringle,7.2
00-0034297,B.Pringle,Byron Pringle,WR,CHI,PHI,15,2022,0,0,0.0,0,0,0.0,0,2,2,39.0,1,9.9,11.9,CHI,Byron Pringle,9.9
00-0034297,B.Pringle,Byron Pringle,WR,CHI,BUF,16,2022,0,0,0.0,0,0,0.0,0,2,2,34.0,0,3.4,5.4,CHI,Byron Pringle,3.4
00-0034297,B.Pringle,Byron Pringle,WR,CHI,DET,17,2022,0,0,0.0,0,0,0.0,0,0,4,0.0,0,0.0,0.0,CHI,Byron Pringle,0.0
00-0034297,B.Pringle,Byron Pringle,WR,CHI,MIN,18,2022,0,0,0.0,0,0,0.0,0,1,1,5.0,0,0.5,1.5,CHI,Byron Pringle,0.5
00-0034301,D.Williams,Darrel Williams,RB,ARI,LV,2,2022,0,0,0.0,0,8,59.0,1,2,3,3.0,0,12.2,14.2,ARI,Darrel Williams,12.2
00-0034301,D.Williams,Darrel Williams,RB,ARI,LA,3,2022,0,0,0.0,0,1,7.0,0,0,1,0.0,0,0.7,0.7,ARI,Darrel Williams,0.7
00-0034301,D.Williams,Darrel Williams,RB,ARI,CAR,4,2022,0,0,0.0,0,4,19.0,0,0,1,0.0,0,1.9,1.9,ARI,Darrel Williams,1.9
00-0034301,D.Williams,Darrel Williams,RB,ARI,PHI,5,2022,0,0,0.0,0,3,9.0,0,0,0,0.0,0,0.9,0.9,ARI,Darrel Williams,0.9
00-0034301,D.Williams,Darrel Williams,RB,ARI,MIN,8,2022,0,0,0.0,0,5,8.0,0,2,3,6.0,0,1.4,3.4,ARI,Darrel Williams,1.4
00-0034317,K.Kirkwood,Keith Kirkwood,WR,NO,SEA,5,2022,0,0,0.0,0,0,0.0,0,1,1,4.0,0,0.4,1.4,NO,Keith Kirkwood,0.4
00-0034317,K.Kirkwood,Keith Kirkwood,WR,NO,CIN,6,2022,0,0,0.0,0,0,0.0,0,1,1,14.0,0,1.4,2.4,NO,Keith Kirkwood,1.4
00-0034317,K.Kirkwood,Keith Kirkwood,WR,NO,CLE,16,2022,0,0,0.0,0,0,0.0,0,0,2,0.0,0,0.0,0.0,NO,Keith Kirkwood,0.0
00-0034335,M.Allen,Marcus Allen,ILB,PIT,PHI,8,2022,0,0,0.0,0,1,4.0,0,0,0,0.0,0,0.4,0.4,PIT,Marcus Allen,0.4
00-0034348,C.Sutton,Courtland Sutton,WR,DEN,SEA,1,2022,0,0,0.0,0,0,0.0,0,4,7,72.0,0,7.2,11.2,DEN,Courtland Sutton,7.2
00-0034348,C.Sutton,Courtland Sutton,WR,DEN,HOU,2,2022,0,0,0.0,0,1,5.0,0,7,11,122.0,0,12.7,19.7,DEN,Courtland Sutton,12.7
00-0034348,C.Sutton,Courtland Sutton,WR,DEN,SF,3,2022,0,0,0.0,0,0,0.0,0,8,10,97.0,0,9.7,17.7,DEN,Courtland Sutton,9.7
00-0034348,C.Sutton,Courtland Sutton,WR,DEN,LV,4,2022,0,0,0.0,0,0,0.0,0,5,7,52.0,1,11.2,16.2,DEN,Courtland Sutton,11.2
00-0034348,C.Sutton,Courtland Sutton,WR,DEN,IND,5,2022,0,0,0.0,0,0,0.0,0,5,11,74.0,0,7.4,12.4,DEN,Courtland Sutton,7.4
00-0034348,C.Sutton,Courtland Sutton,WR,DEN,LAC,6,2022,0,0,0.0,0,0,0.0,0,2,3,14.0,0,1.4,3.4,DEN,Courtland Sutton,1.4
00-0034348,C.Sutton,Courtland Sutton,WR,DEN,NYJ,7,2022,0,0,0.0,0,0,0.0,0,3,9,23.0,0,2.3,5.3,DEN,Courtland Sutton,2.3
00-0034348,C.Sutton,Courtland Sutton,WR,DEN,JAX,8,2022,0,0,0.0,0,0,0.0,0,1,4,13.0,0,1.3,2.3,DEN,Courtland Sutton,1.3
00-0034348,C.Sutton,Courtland Sutton,WR,DEN,TEN,10,2022,0,0,0.0,0,0,0.0,0,6,11,66.0,0,6.6,12.6,DEN,Courtland Sutton,6.6
00-0034348,C.Sutton,Courtland Sutton,WR,DEN,LV,11,2022,0,0,0.0,0,0,0.0,0,5,7,80.0,0,8.0,13.0,DEN,Courtland Sutton,8.0
00-0034348,C.Sutton,Courtland Sutton,WR,DEN,CAR,12,2022,0,0,0.0,0,0,0.0,0,6,8,75.0,0,7.5,13.5,DEN,Courtland Sutton,7.5
00-0034348,C.Sutton,Courtland Sutton,WR,DEN,BAL,13,2022,0,0,0.0,0,0,0.0,0,0,1,0.0,0,0.0,0.0,DEN,Courtland Sutton,0.0
00-0034348,C.Sutton,Courtland Sutton,WR,DEN,LA,16,2022,0,0,0.0,0,0,0.0,0,5,7,64.0,0,6.4,11.4,DEN,Courtland Sutton,6.4
00-0034348,C.Sutton,Courtland Sutton,WR,DEN,KC,17,2022,0,0,0.0,0,0,0.0,0,4,6,44.0,0,4.4,8.4,DEN,Courtland Sutton,4.4
00-0034348,C.Sutton,Courtland Sutton,WR,DEN,LAC,18,2022,0,0,0.0,0,0,0.0,0,3,7,33.0,1,9.3,12.3,DEN,Courtland Sutton,9.3
00-0034351,D.Goedert,Dallas Goedert,TE,PHI,DET,1,2022,0,0,0.0,0,0,0.0,0,3,4,60.0,0,6.0,9.0,PHI,Dallas Goedert,6.0
00-0034351,D.Goedert,Dallas Goedert,TE,PHI,MIN,2,2022,0,0,0.0,0,0,0.0,0,5,6,82.0,0,8.2,13.2,PHI,Dallas Goedert,8.2
00-0034351,D.Goedert,Dallas Goedert,TE,PHI,WAS,3,2022,0,0,0.0,0,0,0.0,0,3,4,26.0,1,8.6,11.6,PHI,Dallas Goedert,8.6
00-0034351,D.Goedert,Dallas Goedert,TE,PHI,JAX,4,2022,0,0,0.0,0,0,0.0,0,5,6,72.0,0,7.2,12.2,PHI,Dallas Goedert,7.2
00-0034351,D.Goedert,Dallas Goedert,TE,PHI,ARI,5,2022,0,0,0.0,0,0,0.0,0,8,9,95.0,0,9.5,17.5,PHI,Dallas Goedert,9.5
00-0034351,D.Goedert,Dallas Goedert,TE,PHI,DAL,6,2022,0,0,0.0,0,0,0.0,0,2,6,22.0,0,2.2,4.2,PHI,Dallas Goedert,2.2
00-0034351,D.Goedert,Dallas Goedert,TE,PHI,PIT,8,2022,0,0,0.0,0,0,0.0,0,6,6,64.0,0,6.4,12.4,PHI,Dallas Goedert,6.4
00-0034351,D.Goedert,Dallas Goedert,TE,PHI,HOU,9,2022,0,0,0.0,0,0,0.0,0,8,9,100.0,1,16.0,24.0,PHI,Dallas Goedert,16.0
00-0034351,D.Goedert,Dallas Goedert,TE,PHI,WAS,10,2022,0,0,0.0,0,0,0.0,0,3,3,23.0,1,6.3,9.3,PHI,Dallas Goedert,6.3
00-0034351,D.Goedert,Dallas Goedert,TE,PHI,DAL,16,2022,0,0,0.0,0,0,0.0,0,3,3,67.0,0,6.7,9.7,PHI,Dallas Goedert,6.7
00-0034351,D.Goedert,Dallas Goedert,TE,PHI,NO,17,2022,0,0,0.0,0,0,0.0,0,3,6,45.0,0,4.5,7.5,PHI,Dallas Goedert,4.5
00-0034351,D.Goedert,Dallas Goedert,TE,PHI,NYG,18,2022,0,0,0.0,0,0,0.0,0,6,7,46.0,0,4.6,10.6,PHI,Dallas Goedert,4.6
00-0034351,D.Goedert,Dallas Goedert,TE,PHI,NYG,20,2022,0,0,0.0,0,0,0.0,0,5,5,58.0,1,11.8,16.8,PHI,Dallas Goedert,11.8
00-0034351,D.Goedert,Dallas Goedert,TE,PHI,SF,21,2022,0,0,0.0,0,0,0.0,0,5,6,23.0,0,2.3,7.3,PHI,Dallas Goedert,2.3
00-0034351,D.Goedert,Dallas Goedert,TE,PHI,KC,22,2022,0,0,0.0,0,0,0.0,0,6,7,60.0,0,6.0,12.0,PHI,Dallas Goedert,6.0
00-0034355,M.Stewart,M.J. Stewart,SS,HOU,CHI,3,2022,0,0,0.0,0,1,3.0,0,0,0,0.0,0,0.3,0.3,HOU,M.J. Stewart,0.3
00-0034360,L.Carter,Lorenzo Carter,OLB,ATL,ATL,2,2022,0,0,0.0,0,0,0.0,0,0,0,0.0,0,6.0,6.0,ATL,Lorenzo Carter,6.0
00-0034364,J.Akins,Jordan Akins,TE,HOU,CHI,3,2022,0,0,0.0,0,0,0.0,0,3,4,31.0,1,9.1,12.1,HOU,Jordan Akins,9.1
00-0034364,J.Akins,Jordan Akins,TE,HOU,LAC,4,2022,0,0,0.0,0,0,0.0,0,2,2,33.0,0,3.3,5.3,HOU,Jordan Akins,3.3
00-0034364,J.Akins,Jordan Akins,TE,HOU,JAX,5,2022,0,0,0.0,0,0,0.0,0,2,2,22.0,0,2.2,4.2,HOU,Jordan Akins,2.2
00-0034364,J.Akins,Jordan Akins,TE,HOU,LV,7,2022,0,0,0.0,0,0,0.0,0,3,4,68.0,0,6.8,9.8,HOU,Jordan Akins,6.8
00-0034364,J.Akins,Jordan Akins,TE,HOU,TEN,8,2022,0,0,0.0,0,0,0.0,0,1,2,5.0,0,0.5,1.5,HOU,Jordan Akins,0.5
00-0034364,J.Akins,Jordan Akins,TE,HOU,PHI,9,2022,0,0,0.0,0,0,0.0,0,0,1,0.0,0,0.0,0.0,HOU,Jordan Akins,0.0
00-0034364,J.Akins,Jordan Akins,TE,HOU,NYG,10,2022,0,0,0.0,0,0,0.0,0,3,3,72.0,0,7.2,10.2,HOU,Jordan Akins,7.2
00-0034364,J.Akins,Jordan Akins,TE,HOU,WAS,11,2022,0,0,0.0,0,0,0.0,0,2,3,8.0,0,0.8,2.8,HOU,Jordan Akins,0.8
00-0034364,J.Akins,Jordan Akins,TE,HOU,MIA,12,2022,0,0,0.0,0,0,0.0,0,5,5,61.0,1,10.1,15.1,HOU,Jordan Akins,10.1
00-0034364,J.Akins,Jordan Akins,TE,HOU,CLE,13,2022,0,0,0.0,0,0,0.0,0,3,6,21.0,0,2.1,5.1,HOU,Jordan Akins,2.1
00-0034364,J.Akins,Jordan Akins,TE,HOU,DAL,14,2022,0,0,0.0,0,0,0.0,0,1,2,5.0,0,0.5,1.5,HOU,Jordan Akins,0.5
00-0034364,J.Akins,Jordan Akins,TE,HOU,KC,15,2022,0,0,0.0,0,0,0.0,0,3,6,22.0,1,8.2,11.2,HOU,Jordan Akins,8.2
00-0034364,J.Akins,Jordan Akins,TE,HOU,TEN,16,2022,0,0,0.0,0,0,0.0,0,3,3,39.0,0,3.9,6.9,HOU,Jordan Akins,3.9
00-0034364,J.Akins,Jordan Akins,TE,HOU,JAX,17,2022,0,0,0.0,0,0,0.0,0,2,3,38.0,0,3.8,5.8,HOU,Jordan Akins,3.8
00-0034364,J.Akins,Jordan Akins,TE,HOU,IND,18,2022,0,0,0.0,0,0,0.0,0,4,8,70.0,2,21.0,25.0,HOU,Jordan Akins,21.0
00-0034365,I.Thomas,Ian Thomas,TE,CAR,CLE,1,2022,0,0,0.0,0,0,0.0,0,2,3,53.0,0,5.3,7.3,CAR,Ian Thomas,5.3
00-0034365,I.Thomas,Ian Thomas,TE,CAR,NYG,2,2022,0,0,0.0,0,0,0.0,0,1,3,13.0,0,1.3,2.3,CAR,Ian Thomas,1.3
00-0034365,I.Thomas,Ian Thomas,TE,CAR,NO,3,2022,0,0,0.0,0,0,0.0,0,2,3,13.0,0,1.3,3.3,CAR,Ian Thomas,1.3
00-0034365,I.Thomas,Ian Thomas,TE,CAR,ARI,4,2022,0,0,0.0,0,0,0.0,0,1,3,6.0,0,0.6,1.6,CAR,Ian Thomas,0.6
00-0034365,I.Thomas,Ian Thomas,TE,CAR,SF,5,2022,0,0,0.0,0,0,0.0,0,2,2,8.0,0,0.8,2.8,CAR,Ian Thomas,0.8
00-0034365,I.Thomas,Ian Thomas,TE,CAR,LA,6,2022,0,0,0.0,0,0,0.0,0,2,2,22.0,0,2.2,4.2,CAR,Ian Thomas,2.2
00-0034365,I.Thomas,Ian Thomas,TE,CAR,TB,7,2022,0,0,0.0,0,0,0.0,0,1,1,3.0,0,0.3,1.3,CAR,Ian Thomas,0.3
00-0034365,I.Thomas,Ian Thomas,TE,CAR,ATL,8,2022,0,0,0.0,0,0,0.0,0,1,1,2.0,0,0.2,1.2,CAR,Ian Thomas,0.2
00-0034365,I.Thomas,Ian Thomas,TE,CAR,BAL,11,2022,0,0,0.0,0,0,0.0,0,3,4,24.0,0,2.4,5.4,CAR,Ian Thomas,2.4
00-0034365,I.Thomas,Ian Thomas,TE,CAR,DEN,12,2022,0,0,0.0,0,0,0.0,0,2,2,21.0,0,2.1,4.1,CAR,Ian Thomas,2.1
00-0034365,I.Thomas,Ian Thomas,TE,CAR,SEA,14,2022,0,0,0.0,0,0,0.0,0,2,2,11.0,0,1.1,3.1,CAR,Ian Thomas,1.1
00-0034365,I.Thomas,Ian Thomas,TE,CAR,DET,16,2022,0,0,0.0,0,0,0.0,0,1,3,12.0,0,1.2,2.2,CAR,Ian Thomas,1.2
00-0034365,I.Thomas,Ian Thomas,TE,CAR,TB,17,2022,0,0,0.0,0,0,0.0,0,1,1,9.0,0,0.9,1.9,CAR,Ian Thomas,0.9
00-0034366,K.Coutee,Keke Coutee,WR,IND,LV,10,2022,0,0,0.0,0,0,0.0,0,1,1,20.0,0,0.0,1.0,IND,Keke Coutee,0.0
00-0034367,N.Hines,Nyheim Hines,RB,IND,HOU,1,2022,0,0,0.0,0,3,4.0,0,6,6,50.0,0,5.4,11.4,IND,Nyheim Hines,5.4
00-0034367,N.Hines,Nyheim Hines,RB,IND,JAX,2,2022,0,0,0.0,0,1,0.0,0,4,5,37.0,0,3.7,7.7,IND,Nyheim Hines,3.7
00-0034367,N.Hines,Nyheim Hines,RB,IND,KC,3,2022,0,0,0.0,0,3,7.0,0,5,6,23.0,0,3.0,8.0,IND,Nyheim Hines,3.0
00-0034367,N.Hines,Nyheim Hines,RB,IND,TEN,4,2022,0,0,0.0,0,1,0.0,0,2,2,3.0,0,0.3,2.3,IND,Nyheim Hines,0.3
00-0034367,N.Hines,Nyheim Hines,RB,IND,DEN,5,2022,0,0,0.0,0,1,3.0,0,1,2,5.0,0,0.8,1.8,IND,Nyheim Hines,0.8
00-0034367,N.Hines,Nyheim Hines,RB,IND,TEN,7,2022,0,0,0.0,0,4,2.0,0,5,5,41.0,0,4.3,9.3,IND,Nyheim Hines,4.3
00-0034367,N.Hines,Nyheim Hines,RB,IND,WAS,8,2022,0,0,0.0,0,5,20.0,1,2,2,29.0,0,10.9,12.9,IND,Nyheim Hines,10.9
00-0034367,N.Hines,Nyheim Hines,RB,BUF,NYJ,9,2022,0,0,0.0,0,0,0.0,0,0,1,0.0,0,0.0,0.0,BUF,Nyheim Hines,0.0
00-0034367,N.Hines,Nyheim Hines,RB,BUF,MIN,10,2022,0,0,0.0,0,0,0.0,0,1,1,9.0,0,0.9,1.9,BUF,Nyheim Hines,0.9
00-0034367,N.Hines,Nyheim Hines,RB,BUF,CLE,11,2022,0,0,0.0,0,1,-8.0,0,0,1,0.0,0,-0.8,-0.8,BUF,Nyheim Hines,-0.8
00-0034367,N.Hines,Nyheim Hines,RB,BUF,DET,12,2022,0,0,0.0,0,1,3.0,0,0,0,0.0,0,0.3,0.3,BUF,Nyheim Hines,0.3
00-0034367,N.Hines,Nyheim Hines,RB,BUF,NE,13,2022,0,0,0.0,0,2,-3.0,0,1,2,21.0,0,1.8,2.8,BUF,Nyheim Hines,1.8
00-0034367,N.Hines,Nyheim Hines,RB,BUF,NYJ,14,2022,0,0,0.0,0,1,3.0,0,1,1,4.0,0,0.7,1.7,BUF,Nyheim Hines,0.7
00-0034367,N.Hines,Nyheim Hines,RB,BUF,MIA,15,2022,0,0,0.0,0,0,0.0,0,1,1,10.0,1,7.0,8.0,BUF,Nyheim Hines,7.0
00-0034367,N.Hines,Nyheim Hines,RB,BUF,CHI,16,2022,0,0,0.0,0,1,2.0,0,1,2,9.0,0,1.1,2.1,BUF,Nyheim Hines,1.1
00-0034367,N.Hines,Nyheim Hines,RB,BUF,NE,18,2022,0,0,0.0,0,0,0.0,0,0,0,0.0,0,12.0,12.0,BUF,Nyheim Hines,12.0
00-0034367,N.Hines,Nyheim Hines,RB,BUF,MIA,19,2022,0,0,0.0,0,0,0.0,0,1,2,7.0,0,0.7,1.7,BUF,Nyheim Hines,0.7
00-0034367,N.Hines,Nyheim Hines,RB,BUF,CIN,20,2022,0,0,0.0,0,0,0.0,0,1,1,4.0,0,0.4,1.4,BUF,Nyheim Hines,0.4
00-0034383,D.Schultz,Dalton Schultz,TE,DAL,TB,1,2022,0,0,0.0,0,0,0.0,0,7,9,62.0,0,6.2,13.2,DAL,Dalton Schultz,6.2
00-0034383,D.Schultz,Dalton Schultz,TE,DAL,CIN,2,2022,0,0,0.0,0,0,0.0,0,2,4,18.0,0,-0.2,1.8,DAL,Dalton Schultz,-0.2
00-0034383,D.Schultz,Dalton Schultz,TE,DAL,WAS,4,2022,0,0,0.0,0,0,0.0,0,0,3,0.0,0,0.0,0.0,DAL,Dalton Schultz,0.0
00-0034383,D.Schultz,Dalton Schultz,TE,DAL,LA,5,2022,0,0,0.0,0,0,0.0,0,0,1,0.0,0,0.0,0.0,DAL,Dalton Schultz,0.0
00-0034383,D.Schultz,Dalton Schultz,TE,DAL,DET,7,2022,0,0,0.0,0,0,0.0,0,5,5,49.0,0,4.9,9.9,DAL,Dalton Schultz,4.9
00-0034383,D.Schultz,Dalton Schultz,TE,DAL,CHI,8,2022,0,0,0.0,0,0,0.0,0,6,7,74.0,0,7.4,13.4,DAL,Dalton Schultz,7.4
00-0034383,D.Schultz,Dalton Schultz,TE,DAL,GB,10,2022,0,0,0.0,0,0,0.0,0,6,8,54.0,1,11.4,17.4,DAL,Dalton Schultz,11.4
00-0034383,D.Schultz,Dalton Schultz,TE,DAL,MIN,11,2022,0,0,0.0,0,0,0.0,0,3,5,22.0,0,2.2,5.2,DAL,Dalton Schultz,2.2
00-0034383,D.Schultz,Dalton Schultz,TE,DAL,NYG,12,2022,0,0,0.0,0,0,0.0,0,4,4,31.0,2,15.1,19.1,DAL,Dalton Schultz,15.1
00-0034383,D.Schultz,Dalton Schultz,TE,DAL,IND,13,2022,0,0,0.0,0,0,0.0,0,2,6,33.0,0,3.3,5.3,DAL,Dalton Schultz,3.3
00-0034383,D.Schultz,Dalton Schultz,TE,DAL,HOU,14,2022,0,0,0.0,0,0,0.0,0,6,10,87.0,0,8.7,14.7,DAL,Dalton Schultz,8.7
00-0034383,D.Schultz,Dalton Schultz,TE,DAL,JAX,15,2022,0,0,0.0,0,0,0.0,0,2,4,15.0,0,1.5,3.5,DAL,Dalton Schultz,1.5
00-0034383,D.Schultz,Dalton Schultz,TE,DAL,PHI,16,2022,0,0,0.0,0,0,0.0,0,3,4,43.0,0,4.3,7.3,DAL,Dalton Schultz,4.3
00-0034383,D.Schultz,Dalton Schultz,TE,DAL,TEN,17,2022,0,0,0.0,0,0,0.0,0,7,10,56.0,2,17.6,24.6,DAL,Dalton Schultz,17.6
00-0034383,D.Schultz,Dalton Schultz,TE,DAL,WAS,18,2022,0,0,0.0,0,0,0.0,0,4,9,33.0,0,3.3,7.3,DAL,Dalton Schultz,3.3
00-0034383,D.Schultz,Dalton Schultz,TE,DAL,TB,19,2022,0,0,0.0,0,0,0.0,0,7,8,95.0,2,21.5,28.5,DAL,Dalton Schultz,21.5
00-0034383,D.Schultz,Dalton Schultz,TE,DAL,SF,20,2022,0,0,0.0,0,0,0.0,0,5,10,27.0,1,8.7,13.7,DAL,Dalton Schultz,8.7
00-0034386,J.Watson,Justin Watson,WR,KC,ARI,1,2022,0,0,0.0,0,0,0.0,0,0,1,0.0,0,0.0,0.0,KC,Justin Watson,0.0
00-0034386,J.Watson,Justin Watson,WR,KC,LAC,2,2022,0,0,0.0,0,0,0.0,0,2,2,50.0,1,11.0,13.0,KC,Justin Watson,11.0
00-0034386,J.Watson,Justin Watson,WR,KC,IND,3,2022,0,0,0.0,0,0,0.0,0,0,1,0.0,0,0.0,0.0,KC,Justin Watson,0.0
00-0034386,J.Watson,Justin Watson,WR,KC,TB,4,2022,0,0,0.0,0,0,0.0,0,0,1,0.0,0,0.0,0.0,KC,Justin Watson,0.0
00-0034386,J.Watson,Justin Watson,WR,KC,LV,5,2022,0,0,0.0,0,0,0.0,0,1,1,10.0,0,1.0,2.0,KC,Justin Watson,1.0
00-0034386,J.Watson,Justin Watson,WR,KC,BUF,6,2022,0,0,0.0,0,0,0.0,0,0,1,0.0,0,0.0,0.0,KC,Justin Watson,0.0
00-0034386,J.Watson,Justin Watson,WR,KC,SF,7,2022,0,0,0.0,0,0,0.0,0,1,2,4.0,1,6.4,7.4,KC,Justin Watson,6.4
00-0034386,J.Watson,Justin Watson,WR,KC,TEN,9,2022,0,0,0.0,0,0,0.0,0,2,5,37.0,0,3.7,5.7,KC,Justin Watson,3.7
00-0034386,J.Watson,Justin Watson,WR,KC,JAX,10,2022,0,0,0.0,0,0,0.0,0,1,1,12.0,0,1.2,2.2,KC,Justin Watson,1.2
00-0034386,J.Watson,Justin Watson,WR,KC,LAC,11,2022,0,0,0.0,0,0,0.0,0,3,4,67.0,0,6.7,9.7,KC,Justin Watson,6.7
00-0034386,J.Watson,Justin Watson,WR,KC,LA,12,2022,0,0,0.0,0,0,0.0,0,2,2,26.0,0,2.6,4.6,KC,Justin Watson,2.6
00-0034386,J.Watson,Justin Watson,WR,KC,CIN,13,2022,0,0,0.0,0,0,0.0,0,1,1,15.0,0,1.5,2.5,KC,Justin Watson,1.5
00-0034386,J.Watson,Justin Watson,WR,KC,DEN,14,2022,0,0,0.0,0,0,0.0,0,0,2,0.0,0,0.0,0.0,KC,Justin Watson,0.0
00-0034386,J.Watson,Justin Watson,WR,KC,HOU,15,2022,0,0,0.0,0,0,0.0,0,0,2,0.0,0,0.0,0.0,KC,Justin Watson,0.0
00-0034386,J.Watson,Justin Watson,WR,KC,SEA,16,2022,0,0,0.0,0,0,0.0,0,0,4,0.0,0,0.0,0.0,KC,Justin Watson,0.0
00-0034386,J.Watson,Justin Watson,WR,KC,DEN,17,2022,0,0,0.0,0,0,0.0,0,1,2,27.0,0,2.7,3.7,KC,Justin Watson,2.7
00-0034386,J.Watson,Justin Watson,WR,KC,LV,18,2022,0,0,0.0,0,0,0.0,0,1,2,67.0,0,6.7,7.7,KC,Justin Watson,6.7
00-0034386,J.Watson,Justin Watson,WR,KC,JAX,20,2022,0,0,0.0,0,0,0.0,0,1,1,12.0,0,1.2,2.2,KC,Justin Watson,1.2
00-0034386,J.Watson,Justin Watson,WR,KC,PHI,22,2022,0,0,0.0,0,0,0.0,0,2,2,18.0,0,1.8,3.8,KC,Justin Watson,1.8
00-0034400,J.Wilkins,Jordan Wilkins,RB,IND,NE,9,2022,0,0,0.0,0,3,13.0,0,4,5,15.0,0,2.8,6.8,IND,Jordan Wilkins,2.8
00-0034400,J.Wilkins,Jordan Wilkins,RB,IND,LV,10,2022,0,0,0.0,0,3,18.0,0,0,0,0.0,0,1.8,1.8,IND,Jordan Wilkins,1.8
00-0034400,J.Wilkins,Jordan Wilkins,RB,IND,LAC,16,2022,0,0,0.0,0,1,4.0,0,0,1,0.0,0,0.4,0.4,IND,Jordan Wilkins,0.4
00-0034400,J.Wilkins,Jordan Wilkins,RB,IND,NYG,17,2022,0,0,0.0,0,6,23.0,0,2,2,14.0,0,3.7,5.7,IND,Jordan Wilkins,3.7
00-0034401,M.White,Mike White,QB,NYJ,CHI,12,2022,22,28,315.0,3,3,2.0,0,0,0,0.0,0,24.8,24.8,NYJ,Mike White,24.8
00-0034401,M.White,Mike White,QB,NYJ,MIN,13,2022,31,57,369.0,0,3,7.0,1,0,0,0.0,0,17.46,17.46,NYJ,Mike White,17.46
00-0034401,M.White,Mike White,QB,NYJ,BUF,14,2022,27,44,268.0,0,0,0.0,0,0,0,0.0,0,10.72,10.72,NYJ,Mike White,10.72
00-0034401,M.White,Mike White,QB,NYJ,SEA,17,2022,23,46,240.0,0,0,0.0,0,0,0,0.0,0,3.6,3.6,NYJ,Mike White,3.6
00-0034407,R.McCloud,Ray-Ray McCloud,WR,SF,CHI,1,2022,0,0,0.0,0,0,0.0,0,1,2,20.0,0,2.0,3.0,SF,Ray-Ray McCloud,2.0
00-0034407,R.McCloud,Ray-Ray McCloud,WR,SF,SEA,2,2022,0,0,0.0,0,0,0.0,0,1,2,16.0,0,1.6,2.6,SF,Ray-Ray McCloud,1.6
00-0034407,R.McCloud,Ray-Ray McCloud,WR,SF,DEN,3,2022,0,0,0.0,0,0,0.0,0,1,1,11.0,0,1.1,2.1,SF,Ray-Ray McCloud,1.1
00-0034407,R.McCloud,Ray-Ray McCloud,WR,SF,LA,4,2022,0,0,0.0,0,0,0.0,0,1,3,6.0,0,0.6,1.6,SF,Ray-Ray McCloud,0.6
00-0034407,R.McCloud,Ray-Ray McCloud,WR,SF,ATL,6,2022,0,0,0.0,0,0,0.0,0,0,1,0.0,0,0.0,0.0,SF,Ray-Ray McCloud,0.0
00-0034407,R.McCloud,Ray-Ray McCloud,WR,SF,KC,7,2022,0,0,0.0,0,0,0.0,0,4,4,65.0,1,12.5,16.5,SF,Ray-Ray McCloud,12.5
00-0034407,R.McCloud,Ray-Ray McCloud,WR,SF,LA,8,2022,0,0,0.0,0,0,0.0,0,1,2,11.0,0,1.1,2.1,SF,Ray-Ray McCloud,1.1
00-0034407,R.McCloud,Ray-Ray McCloud,WR,SF,LAC,10,2022,0,0,0.0,0,0,0.0,0,1,1,33.0,0,3.3,4.3,SF,Ray-Ray McCloud,3.3
00-0034407,R.McCloud,Ray-Ray McCloud,WR,SF,ARI,11,2022,0,0,0.0,0,0,0.0,0,0,1,0.0,0,0.0,0.0,SF,Ray-Ray McCloud,0.0
00-0034407,R.McCloud,Ray-Ray McCloud,WR,SF,NO,12,2022,0,0,0.0,0,0,0.0,0,1,1,12.0,0,1.2,2.2,SF,Ray-Ray McCloud,1.2
00-0034407,R.McCloud,Ray-Ray McCloud,WR,SF,TB,14,2022,0,0,0.0,0,3,7.0,0,1,1,11.0,0,1.8,2.8,SF,Ray-Ray McCloud,1.8
00-0034407,R.McCloud,Ray-Ray McCloud,WR,SF,SEA,15,2022,0,0,0.0,0,0,0.0,0,1,3,16.0,0,1.6,2.6,SF,Ray-Ray McCloud,1.6
00-0034407,R.McCloud,Ray-Ray McCloud,WR,SF,WAS,16,2022,0,0,0.0,0,1,71.0,1,0,1,0.0,0,13.1,13.1,SF,Ray-Ray McCloud,13.1
00-0034407,R.McCloud,Ray-Ray McCloud,WR,SF,LV,17,2022,0,0,0.0,0,0,0.0,0,1,2,42.0,0,4.2,5.2,SF,Ray-Ray McCloud,4.2
00-0034411,R.Gage,Russell Gage,WR,TB,DAL,1,2022,0,0,0.0,0,0,0.0,0,2,2,13.0,0,1.3,3.3,TB,Russell Gage,1.3
00-0034411,R.Gage,Russell Gage,WR,TB,NO,2,2022,0,0,0.0,0,0,0.0,0,5,6,28.0,0,2.8,7.8,TB,Russell Gage,2.8
00-0034411,R.Gage,Russell Gage,WR,TB,GB,3,2022,0,0,0.0,0,0,0.0,0,12,13,87.0,1,12.7,24.7,TB,Russell Gage,12.7
00-0034411,R.Gage,Russell Gage,WR,TB,KC,4,2022,0,0,0.0,0,0,0.0,0,2,4,24.0,0,2.4,4.4,TB,Russell Gage,2.4
00-0034411,R.Gage,Russell Gage,WR,TB,ATL,5,2022,0,0,0.0,0,0,0.0,0,2,6,20.0,0,4.0,6.0,TB,Russell Gage,4.0
00-0034411,R.Gage,Russell Gage,WR,TB,PIT,6,2022,0,0,0.0,0,0,0.0,0,2,4,20.0,0,2.0,4.0,TB,Russell Gage,2.0
00-0034411,R.Gage,Russell Gage,WR,TB,CAR,7,2022,0,0,0.0,0,0,0.0,0,4,5,39.0,0,3.9,7.9,TB,Russell Gage,3.9
00-0034411,R.Gage,Russell Gage,WR,TB,NO,13,2022,0,0,0.0,0,0,0.0,0,1,1,11.0,0,1.1,2.1,TB,Russell Gage,1.1
00-0034411,R.Gage,Russell Gage,WR,TB,SF,14,2022,0,0,0.0,0,0,0.0,0,2,2,12.0,1,7.2,9.2,TB,Russell Gage,7.2
00-0034411,R.Gage,Russell Gage,WR,TB,CIN,15,2022,0,0,0.0,0,0,0.0,0,8,12,59.0,2,17.9,25.9,TB,Russell Gage,17.9
00-0034411,R.Gage,Russell Gage,WR,TB,ARI,16,2022,0,0,0.0,0,0,0.0,0,5,6,65.0,0,6.5,11.5,TB,Russell Gage,6.5
00-0034411,R.Gage,Russell Gage,WR,TB,CAR,17,2022,0,0,0.0,0,0,0.0,0,3,3,33.0,0,3.3,6.3,TB,Russell Gage,3.3
00-0034411,R.Gage,Russell Gage,WR,TB,ATL,18,2022,0,0,0.0,0,0,0.0,0,3,6,15.0,1,7.5,10.5,TB,Russell Gage,7.5
00-0034411,R.Gage,Russell Gage,WR,TB,DAL,19,2022,0,0,0.0,0,0,0.0,0,2,8,10.0,0,1.0,3.0,TB,Russell Gage,1.0
00-0034414,B.Scott,Boston Scott,RB,PHI,DET,1,2022,0,0,0.0,0,4,10.0,1,0,0,0.0,0,7.0,7.0,PHI,Boston Scott,7.0
00-0034414,B.Scott,Boston Scott,RB,PHI,MIN,2,2022,0,0,0.0,0,4,19.0,0,1,1,2.0,0,2.1,3.1,PHI,Boston Scott,2.1
00-0034414,B.Scott,Boston Scott,RB,PHI,WAS,3,2022,0,0,0.0,0,2,0.0,0,0,0,0.0,0,0.0,0.0,PHI,Boston Scott,0.0
00-0034414,B.Scott,Boston Scott,RB,PHI,DAL,6,2022,0,0,0.0,0,6,16.0,0,0,0,0.0,0,1.6,1.6,PHI,Boston Scott,1.6
00-0034414,B.Scott,Boston Scott,RB,PHI,PIT,8,2022,0,0,0.0,0,7,21.0,0,0,0,0.0,0,2.1,2.1,PHI,Boston Scott,2.1
00-0034414,B.Scott,Boston Scott,RB,PHI,HOU,9,2022,0,0,0.0,0,1,5.0,0,0,0,0.0,0,0.5,0.5,PHI,Boston Scott,0.5
00-0034414,B.Scott,Boston Scott,RB,PHI,WAS,10,2022,0,0,0.0,0,1,5.0,0,0,0,0.0,0,0.5,0.5,PHI,Boston Scott,0.5
00-0034414,B.Scott,Boston Scott,RB,PHI,IND,11,2022,0,0,0.0,0,3,8.0,0,2,2,4.0,0,1.2,3.2,PHI,Boston Scott,1.2
00-0034414,B.Scott,Boston Scott,RB,PHI,GB,12,2022,0,0,0.0,0,3,24.0,0,0,0,0.0,0,2.4,2.4,PHI,Boston Scott,2.4
00-0034414,B.Scott,Boston Scott,RB,PHI,TEN,13,2022,0,0,0.0,0,6,16.0,0,1,1,5.0,0,2.1,3.1,PHI,Boston Scott,2.1
00-0034414,B.Scott,Boston Scott,RB,PHI,NYG,14,2022,0,0,0.0,0,6,33.0,1,1,1,4.0,0,9.7,10.7,PHI,Boston Scott,9.7
00-0034414,B.Scott,Boston Scott,RB,PHI,NO,17,2022,0,0,0.0,0,2,6.0,0,0,1,0.0,0,0.6,0.6,PHI,Boston Scott,0.6
00-0034414,B.Scott,Boston Scott,RB,PHI,NYG,18,2022,0,0,0.0,0,9,54.0,1,0,0,0.0,0,11.4,11.4,PHI,Boston Scott,11.4
00-0034414,B.Scott,Boston Scott,RB,PHI,NYG,20,2022,0,0,0.0,0,6,32.0,1,0,0,0.0,0,9.2,9.2,PHI,Boston Scott,9.2
00-0034414,B.Scott,Boston Scott,RB,PHI,SF,21,2022,0,0,0.0,0,6,21.0,1,0,0,0.0,0,8.1,8.1,PHI,Boston Scott,8.1
00-0034414,B.Scott,Boston Scott,RB,PHI,KC,22,2022,0,0,0.0,0,3,8.0,0,1,1,9.0,0,1.7,2.7,PHI,Boston Scott,1.7
00-0034418,C.Wilson,Cedrick Wilson,WR,MIA,NE,1,2022,0,0,0.0,0,1,8.0,0,2,2,20.0,0,2.8,4.8,MIA,Cedrick Wilson,2.8
00-0034418,C.Wilson,Cedrick Wilson,WR,MIA,BAL,2,2022,0,0,0.0,0,0,0.0,0,0,1,0.0,0,0.0,0.0,MIA,Cedrick Wilson,0.0
00-0034418,C.Wilson,Cedrick Wilson,WR,MIA,NYJ,5,2022,0,0,0.0,0,0,0.0,0,2,4,20.0,0,2.0,4.0,MIA,Cedrick Wilson,2.0
00-0034418,C.Wilson,Cedrick Wilson,WR,MIA,DET,8,2022,0,0,0.0,0,0,0.0,0,0,1,0.0,0,0.0,0.0,MIA,Cedrick Wilson,0.0
00-0034418,C.Wilson,Cedrick Wilson,WR,MIA,CHI,9,2022,0,0,0.0,0,0,0.0,0,2,2,23.0,0,2.3,4.3,MIA,Cedrick Wilson,2.3
00-0034418,C.Wilson,Cedrick Wilson,WR,MIA,CLE,10,2022,0,0,0.0,0,0,0.0,0,1,1,7.0,0,0.7,1.7,MIA,Cedrick Wilson,0.7
00-0034418,C.Wilson,Cedrick Wilson,WR,MIA,HOU,12,2022,0,0,0.0,0,0,0.0,0,2,3,26.0,0,2.6,4.6,MIA,Cedrick Wilson,2.6
00-0034418,C.Wilson,Cedrick Wilson,WR,MIA,LAC,14,2022,0,0,0.0,0,0,0.0,0,2,2,19.0,0,1.9,3.9,MIA,Cedrick Wilson,1.9
00-0034418,C.Wilson,Cedrick Wilson,WR,MIA,BUF,15,2022,0,0,0.0,0,0,0.0,0,1,2,21.0,0,2.1,3.1,MIA,Cedrick Wilson,2.1
00-0034418,C.Wilson,Cedrick Wilson,WR,MIA,BUF,19,2022,0,0,0.0,0,0,0.0,0,1,1,14.0,0,1.4,2.4,MIA,Cedrick Wilson,1.4
00-0034419,B.Berrios,Braxton Berrios,WR,NYJ,BAL,1,2022,0,0,0.0,0,0,0.0,0,5,6,37.0,0,3.7,8.7,NYJ,Braxton Berrios,3.7
00-0034419,B.Berrios,Braxton Berrios,WR,NYJ,CLE,2,2022,0,0,0.0,0,2,22.0,0,0,0,0.0,0,2.2,2.2,NYJ,Braxton Berrios,2.2
00-0034419,B.Berrios,Braxton Berrios,WR,NYJ,CIN,3,2022,0,0,0.0,0,1,-2.0,0,0,1,0.0,0,-0.2,-0.2,NYJ,Braxton Berrios,-0.2
00-0034419,B.Berrios,Braxton Berrios,WR,NYJ,PIT,4,2022,1,1,2.0,1,0,0.0,0,1,1,6.0,0,4.68,5.68,NYJ,Braxton Berrios,4.68
00-0034419,B.Berrios,Braxton Berrios,WR,NYJ,MIA,5,2022,0,0,0.0,0,1,15.0,1,1,1,-1.0,0,7.4,8.4,NYJ,Braxton Berrios,7.4
00-0034419,B.Berrios,Braxton Berrios,WR,NYJ,GB,6,2022,0,0,0.0,0,1,20.0,1,1,1,6.0,0,8.6,9.6,NYJ,Braxton Berrios,8.6
00-0034419,B.Berrios,Braxton Berrios,WR,NYJ,DEN,7,2022,0,0,0.0,0,2,27.0,0,3,4,15.0,0,4.2,7.2,NYJ,Braxton Berrios,4.2
00-0034419,B.Berrios,Braxton Berrios,WR,NYJ,NE,8,2022,0,0,0.0,0,0,0.0,0,0,1,0.0,0,0.0,0.0,NYJ,Braxton Berrios,0.0
00-0034419,B.Berrios,Braxton Berrios,WR,NYJ,BUF,9,2022,0,0,0.0,0,0,0.0,0,1,2,6.0,0,0.6,1.6,NYJ,Braxton Berrios,0.6
00-0034419,B.Berrios,Braxton Berrios,WR,NYJ,NE,11,2022,0,0,0.0,0,0,0.0,0,0,1,0.0,0,0.0,0.0,NYJ,Braxton Berrios,0.0
00-0034419,B.Berrios,Braxton Berrios,WR,NYJ,CHI,12,2022,0,0,0.0,0,2,9.0,0,1,1,4.0,0,1.3,2.3,NYJ,Braxton Berrios,1.3
00-0034419,B.Berrios,Braxton Berrios,WR,NYJ,MIN,13,2022,0,0,0.0,0,0,0.0,0,2,3,9.0,0,0.9,2.9,NYJ,Braxton Berrios,0.9
00-0034419,B.Berrios,Braxton Berrios,WR,NYJ,BUF,14,2022,0,0,0.0,0,0,0.0,0,1,3,25.0,0,2.5,3.5,NYJ,Braxton Berrios,2.5
00-0034419,B.Berrios,Braxton Berrios,WR,NYJ,DET,15,2022,0,0,0.0,0,0,0.0,0,1,6,14.0,0,1.4,2.4,NYJ,Braxton Berrios,1.4
00-0034419,B.Berrios,Braxton Berrios,WR,NYJ,SEA,17,2022,0,0,0.0,0,0,0.0,0,1,1,24.0,0,2.4,3.4,NYJ,Braxton Berrios,2.4
00-0034440,J.Jackson,Justin Jackson,RB,DET,SEA,4,2022,0,0,0.0,0,2,3.0,0,2,2,4.0,1,6.7,8.7,DET,Justin Jackson,6.7
00-0034440,J.Jackson,Justin Jackson,RB,DET,NE,5,2022,0,0,0.0,0,3,14.0,0,0,1,0.0,0,1.4,1.4,DET,Justin Jackson,1.4
00-0034440,J.Jackson,Justin Jackson,RB,DET,DAL,7,2022,0,0,0.0,0,3,2.0,0,0,0,0.0,0,0.2,0.2,DET,Justin Jackson,0.2
00-0034440,J.Jackson,Justin Jackson,RB,DET,GB,9,2022,0,0,0.0,0,4,27.0,0,0,0,0.0,0,2.7,2.7,DET,Justin Jackson,2.7
00-0034440,J.Jackson,Justin Jackson,RB,DET,CHI,10,2022,0,0,0.0,0,4,14.0,0,2,3,14.0,0,2.8,4.8,DET,Justin Jackson,2.8
00-0034440,J.Jackson,Justin Jackson,RB,DET,NYG,11,2022,0,0,0.0,0,9,66.0,0,1,1,11.0,0,7.7,8.7,DET,Justin Jackson,7.7
00-0034440,J.Jackson,Justin Jackson,RB,DET,BUF,12,2022,0,0,0.0,0,4,4.0,0,1,2,15.0,0,1.9,2.9,DET,Justin Jackson,1.9
00-0034440,J.Jackson,Justin Jackson,RB,DET,JAX,13,2022,0,0,0.0,0,1,4.0,0,3,5,19.0,0,2.3,5.3,DET,Justin Jackson,2.3
00-0034440,J.Jackson,Justin Jackson,RB,DET,MIN,14,2022,0,0,0.0,0,4,19.0,1,1,1,12.0,0,9.1,10.1,DET,Justin Jackson,9.1
00-0034440,J.Jackson,Justin Jackson,RB,DET,NYJ,15,2022,0,0,0.0,0,6,16.0,0,1,2,15.0,0,3.1,4.1,DET,Justin Jackson,3.1
00-0034440,J.Jackson,Justin Jackson,RB,DET,CAR,16,2022,0,0,0.0,0,1,-1.0,0,0,1,0.0,0,-0.1,-0.1,DET,Justin Jackson,-0.1
00-0034440,J.Jackson,Justin Jackson,RB,DET,GB,18,2022,0,0,0.0,0,1,2.0,0,1,1,11.0,0,1.3,2.3,DET,Justin Jackson,1.3
00-0034487,T.Sherfield,Trent Sherfield,WR,MIA,NE,1,2022,0,0,0.0,0,0,0.0,0,1,2,8.0,0,0.8,1.8,MIA,Trent Sherfield,0.8
00-0034487,T.Sherfield,Trent Sherfield,WR,MIA,BAL,2,2022,0,0,0.0,0,0,0.0,0,2,2,9.0,0,0.9,2.9,MIA,Trent Sherfield,0.9
00-0034487,T.Sherfield,Trent Sherfield,WR,MIA,BUF,3,2022,0,0,0.0,0,0,0.0,0,1,1,5.0,0,0.5,1.5,MIA,Trent Sherfield,0.5
00-0034487,T.Sherfield,Trent Sherfield,WR,MIA,CIN,4,2022,0,0,0.0,0,0,0.0,0,4,6,55.0,0,5.5,9.5,MIA,Trent Sherfield,5.5
00-0034487,T.Sherfield,Trent Sherfield,WR,MIA,NYJ,5,2022,0,0,0.0,0,0,0.0,0,1,2,5.0,0,0.5,1.5,MIA,Trent Sherfield,0.5
00-0034487,T.Sherfield,Trent Sherfield,WR,MIA,MIN,6,2022,0,0,0.0,0,0,0.0,0,1,4,6.0,0,0.6,1.6,MIA,Trent Sherfield,0.6
00-0034487,T.Sherfield,Trent Sherfield,WR,MIA,PIT,7,2022,0,0,0.0,0,0,0.0,0,3,3,44.0,0,4.4,7.4,MIA,Trent Sherfield,4.4
00-0034487,T.Sherfield,Trent Sherfield,WR,MIA,DET,8,2022,0,0,0.0,0,0,0.0,0,2,2,25.0,0,2.5,4.5,MIA,Trent Sherfield,2.5
00-0034487,T.Sherfield,Trent Sherfield,WR,MIA,CHI,9,2022,0,0,0.0,0,0,0.0,0,3,3,27.0,0,2.7,5.7,MIA,Trent Sherfield,2.7
00-0034487,T.Sherfield,Trent Sherfield,WR,MIA,CLE,10,2022,0,0,0.0,0,0,0.0,0,4,5,63.0,1,12.3,16.3,MIA,Trent Sherfield,12.3
00-0034487,T.Sherfield,Trent Sherfield,WR,MIA,HOU,12,2022,0,0,0.0,0,0,0.0,0,2,5,33.0,0,3.3,5.3,MIA,Trent Sherfield,3.3
00-0034487,T.Sherfield,Trent Sherfield,WR,MIA,SF,13,2022,0,0,0.0,0,0,0.0,0,1,3,75.0,1,13.5,14.5,MIA,Trent Sherfield,13.5
00-0034487,T.Sherfield,Trent Sherfield,WR,MIA,LAC,14,2022,0,0,0.0,0,0,0.0,0,1,4,7.0,0,0.7,1.7,MIA,Trent Sherfield,0.7
00-0034487,T.Sherfield,Trent Sherfield,WR,MIA,BUF,15,2022,0,0,0.0,0,0,0.0,0,0,1,0.0,0,0.0,0.0,MIA,Trent Sherfield,0.0
00-0034487,T.Sherfield,Trent Sherfield,WR,MIA,GB,16,2022,0,0,0.0,0,0,0.0,0,2,2,25.0,0,2.5,4.5,MIA,Trent Sherfield,2.5
00-0034487,T.Sherfield,Trent Sherfield,WR,MIA,NE,17,2022,0,0,0.0,0,0,0.0,0,2,6,30.0,0,3.0,5.0,MIA,Trent Sherfield,3.0
00-0034487,T.Sherfield,Trent Sherfield,WR,MIA,BUF,19,2022,0,0,0.0,0,0,0.0,0,0,2,0.0,0,0.0,0.0,MIA,Trent Sherfield,0.0
00-0034496,S.Chandler,Sean Chandler,SS,CAR,DEN,12,2022,0,0,0.0,0,1,2.0,0,0,0,0.0,0,0.2,0.2,CAR,Sean Chandler,0.2
00-0034521,A.Lazard,Allen Lazard,WR,GB,CHI,2,2022,0,0,0.0,0,0,0.0,0,2,3,13.0,1,7.3,9.3,GB,Allen Lazard,7.3
00-0034521,A.Lazard,Allen Lazard,WR,GB,TB,3,2022,0,0,0.0,0,0,0.0,0,4,6,45.0,1,10.5,14.5,GB,Allen Lazard,10.5
00-0034521,A.Lazard,Allen Lazard,WR,GB,NE,4,2022,0,0,0.0,0,0,0.0,0,6,8,116.0,0,11.6,17.6,GB,Allen Lazard,11.6
00-0034521,A.Lazard,Allen Lazard,WR,GB,NYG,5,2022,0,0,0.0,0,0,0.0,0,4,8,35.0,1,9.5,13.5,GB,Allen Lazard,9.5
00-0034521,A.Lazard,Allen Lazard,WR,GB,NYJ,6,2022,0,0,0.0,0,0,0.0,0,4,9,76.0,1,13.6,17.6,GB,Allen Lazard,13.6
00-0034521,A.Lazard,Allen Lazard,WR,GB,WAS,7,2022,0,0,0.0,0,0,0.0,0,6,7,55.0,0,5.5,11.5,GB,Allen Lazard,5.5
00-0034521,A.Lazard,Allen Lazard,WR,GB,DET,9,2022,0,0,0.0,0,0,0.0,0,4,10,87.0,1,14.7,18.7,GB,Allen Lazard,14.7
00-0034521,A.Lazard,Allen Lazard,WR,GB,DAL,10,2022,0,0,0.0,0,0,0.0,0,3,4,45.0,0,4.5,7.5,GB,Allen Lazard,4.5
00-0034521,A.Lazard,Allen Lazard,WR,GB,TEN,11,2022,0,0,0.0,0,0,0.0,0,5,11,57.0,0,5.7,10.7,GB,Allen Lazard,5.7
00-0034521,A.Lazard,Allen Lazard,WR,GB,PHI,12,2022,0,0,0.0,0,0,0.0,0,2,3,24.0,0,2.4,4.4,GB,Allen Lazard,2.4
00-0034521,A.Lazard,Allen Lazard,WR,GB,CHI,13,2022,0,0,0.0,0,0,0.0,0,5,6,67.0,0,6.7,11.7,GB,Allen Lazard,6.7
00-0034521,A.Lazard,Allen Lazard,WR,GB,LA,15,2022,0,0,0.0,0,0,0.0,0,1,2,7.0,0,0.7,1.7,GB,Allen Lazard,0.7
00-0034521,A.Lazard,Allen Lazard,WR,GB,MIA,16,2022,0,0,0.0,0,0,0.0,0,5,11,61.0,0,6.1,11.1,GB,Allen Lazard,6.1
00-0034521,A.Lazard,Allen Lazard,WR,GB,MIN,17,2022,0,0,0.0,0,0,0.0,0,5,6,59.0,0,5.9,10.9,GB,Allen Lazard,5.9
00-0034521,A.Lazard,Allen Lazard,WR,GB,DET,18,2022,0,0,0.0,0,2,0.0,0,4,6,41.0,1,10.1,14.1,GB,Allen Lazard,10.1
00-0034577,K.Allen,Kyle Allen,QB,HOU,MIA,12,2022,26,39,215.0,1,4,12.0,0,0,0,0.0,0,9.8,9.8,HOU,Kyle Allen,9.8
00-0034577,K.Allen,Kyle Allen,QB,HOU,CLE,13,2022,20,39,201.0,1,2,1.0,0,0,0,0.0,0,6.14,6.14,HOU,Kyle Allen,6.14
00-0034578,R.Bonnafon,Reggie Bonnafon,RB,WAS,DAL,18,2022,0,0,0.0,0,3,8.0,0,0,0,0.0,0,0.8,0.8,WAS,Reggie Bonnafon,0.8
00-0034613,T.Hudson,Tanner Hudson,TE,NYG,CAR,2,2022,0,0,0.0,0,0,0.0,0,2,3,22.0,0,2.2,4.2,NYG,Tanner Hudson,2.2
00-0034613,T.Hudson,Tanner Hudson,TE,NYG,CHI,4,2022,0,0,0.0,0,0,0.0,0,1,2,18.0,0,1.8,2.8,NYG,Tanner Hudson,1.8
00-0034613,T.Hudson,Tanner Hudson,TE,NYG,JAX,7,2022,0,0,0.0,0,0,0.0,0,0,1,0.0,0,0.0,0.0,NYG,Tanner Hudson,0.0
00-0034613,T.Hudson,Tanner Hudson,TE,NYG,SEA,8,2022,0,0,0.0,0,0,0.0,0,3,5,58.0,0,5.8,8.8,NYG,Tanner Hudson,5.8
00-0034613,T.Hudson,Tanner Hudson,TE,NYG,HOU,10,2022,0,0,0.0,0,0,0.0,0,3,3,24.0,0,2.4,5.4,NYG,Tanner Hudson,2.4
00-0034613,T.Hudson,Tanner Hudson,TE,NYG,DAL,12,2022,0,0,0.0,0,0,0.0,0,1,1,10.0,0,1.0,2.0,NYG,Tanner Hudson,1.0
00-0034614,G.Igwebuike,Godwin Igwebuike,RB,SEA,NYJ,17,2022,0,0,0.0,0,3,4.0,0,1,1,3.0,0,0.7,1.7,SEA,Godwin Igwebuike,0.7
00-0034646,B.Powell,Brandon Powell,WR,LA,BUF,1,2022,0,0,0.0,0,1,3.0,0,1,1,10.0,0,1.3,2.3,LA,Brandon Powell,1.3
00-0034646,B.Powell,Brandon Powell,WR,LA,ATL,2,2022,0,0,0.0,0,1,-26.0,0,1,1,6.0,0,-2.0,-1.0,LA,Brandon Powell,-2.0
00-0034646,B.Powell,Brandon Powell,WR,LA,ARI,3,2022,0,0,0.0,0,0,0.0,0,3,3,27.0,0,2.7,5.7,LA,Brandon Powell,2.7
00-0034646,B.Powell,Brandon Powell,WR,LA,SF,4,2022,0,0,0.0,0,1,11.0,0,0,0,0.0,0,1.1,1.1,LA,Brandon Powell,1.1
00-0034646,B.Powell,Brandon Powell,WR,LA,DAL,5,2022,0,0,0.0,0,1,1.0,0,0,0,0.0,0,0.1,0.1,LA,Brandon Powell,0.1
00-0034646,B.Powell,Brandon Powell,WR,LA,CAR,6,2022,0,0,0.0,0,3,13.0,0,4,5,27.0,0,4.0,8.0,LA,Brandon Powell,4.0
00-0034646,B.Powell,Brandon Powell,WR,LA,TB,9,2022,0,0,0.0,0,0,0.0,0,1,1,4.0,0,0.4,1.4,LA,Brandon Powell,0.4
00-0034646,B.Powell,Brandon Powell,WR,LA,ARI,10,2022,0,0,0.0,0,1,7.0,0,0,1,0.0,0,0.7,0.7,LA,Brandon Powell,0.7
00-0034646,B.Powell,Brandon Powell,WR,LA,NO,11,2022,0,0,0.0,0,1,-1.0,0,2,2,16.0,0,1.5,3.5,LA,Brandon Powell,1.5
00-0034646,B.Powell,Brandon Powell,WR,LA,KC,12,2022,0,0,0.0,0,0,0.0,0,2,2,6.0,0,0.6,2.6,LA,Brandon Powell,0.6
00-0034646,B.Powell,Brandon Powell,WR,LA,SEA,13,2022,0,0,0.0,0,3,45.0,0,4,4,39.0,0,8.4,12.4,LA,Brandon Powell,8.4
00-0034646,B.Powell,Brandon Powell,WR,LA,LV,14,2022,0,0,0.0,0,0,0.0,0,0,2,0.0,0,0.0,0.0,LA,Brandon Powell,0.0
00-0034646,B.Powell,Brandon Powell,WR,LA,GB,15,2022,0,0,0.0,0,1,3.0,0,1,2,4.0,0,0.7,1.7,LA,Brandon Powell,0.7
00-0034646,B.Powell,Brandon Powell,WR,LA,DEN,16,2022,0,0,0.0,0,2,3.0,0,3,3,12.0,0,1.5,4.5,LA,Brandon Powell,1.5
00-0034646,B.Powell,Brandon Powell,WR,LA,LAC,17,2022,0,0,0.0,0,1,6.0,0,1,2,3.0,0,0.9,1.9,LA,Brandon Powell,0.9
00-0034646,B.Powell,Brandon Powell,WR,LA,SEA,18,2022,0,0,0.0,0,1,15.0,0,1,3,2.0,0,1.7,2.7,LA,Brandon Powell,1.7
00-0034676,J.Washington,James Washington,WR,DAL,HOU,14,2022,0,0,0.0,0,0,0.0,0,0,1,0.0,0,0.0,0.0,DAL,James Washington,0.0
00-0034681,C.Edmonds,Chase Edmonds,RB,MIA,NE,1,2022,0,0,0.0,0,12,25.0,0,4,4,40.0,0,6.5,10.5,MIA,Chase Edmonds,6.5
00-0034681,C.Edmonds,Chase Edmonds,RB,MIA,BAL,2,2022,0,0,0.0,0,5,33.0,0,1,3,8.0,0,4.1,5.1,MIA,Chase Edmonds,4.1
00-0034681,C.Edmonds,Chase Edmonds,RB,MIA,BUF,3,2022,0,0,0.0,0,6,21.0,2,1,1,6.0,0,14.7,15.7,MIA,Chase Edmonds,14.7
00-0034681,C.Edmonds,Chase Edmonds,RB,MIA,CIN,4,2022,0,0,0.0,0,5,6.0,0,2,3,14.0,1,8.0,10.0,MIA,Chase Edmonds,8.0
00-0034681,C.Edmonds,Chase Edmonds,RB,MIA,NYJ,5,2022,0,0,0.0,0,1,1.0,0,0,2,0.0,0,0.1,0.1,MIA,Chase Edmonds,0.1
00-0034681,C.Edmonds,Chase Edmonds,RB,MIA,MIN,6,2022,0,0,0.0,0,2,3.0,0,2,2,28.0,0,3.1,5.1,MIA,Chase Edmonds,3.1
00-0034681,C.Edmonds,Chase Edmonds,RB,MIA,PIT,7,2022,0,0,0.0,0,7,17.0,0,0,2,0.0,0,1.7,1.7,MIA,Chase Edmonds,1.7
00-0034681,C.Edmonds,Chase Edmonds,RB,MIA,DET,8,2022,0,0,0.0,0,4,14.0,0,0,0,0.0,0,1.4,1.4,MIA,Chase Edmonds,1.4
00-0034681,C.Edmonds,Chase Edmonds,RB,DEN,TEN,10,2022,0,0,0.0,0,2,9.0,0,1,2,0.0,0,0.9,1.9,DEN,Chase Edmonds,0.9
00-0034681,C.Edmonds,Chase Edmonds,RB,DEN,LV,11,2022,0,0,0.0,0,2,6.0,0,0,0,0.0,0,0.6,0.6,DEN,Chase Edmonds,0.6
00-0034681,C.Edmonds,Chase Edmonds,RB,DEN,LA,16,2022,0,0,0.0,0,6,31.0,0,2,2,22.0,0,5.3,7.3,DEN,Chase Edmonds,5.3
00-0034681,C.Edmonds,Chase Edmonds,RB,DEN,KC,17,2022,0,0,0.0,0,7,34.0,0,3,3,39.0,0,7.3,10.3,DEN,Chase Edmonds,7.3
00-0034681,C.Edmonds,Chase Edmonds,RB,DEN,LAC,18,2022,0,0,0.0,0,9,45.0,0,0,0,0.0,0,4.5,4.5,DEN,Chase Edmonds,4.5
00-0034726,D.Leavitt,Dallin Leavitt,SS,GB,MIA,16,2022,0,0,0.0,0,1,0.0,0,0,0,0.0,0,0.0,0.0,GB,Dallin Leavitt,0.0
00-0034750,R.Penny,Rashaad Penny,RB,SEA,DEN,1,2022,0,0,0.0,0,12,60.0,0,2,3,7.0,0,6.7,8.7,SEA,Rashaad Penny,6.7
00-0034750,R.Penny,Rashaad Penny,RB,SEA,SF,2,2022,0,0,0.0,0,6,15.0,0,0,0,0.0,0,1.5,1.5,SEA,Rashaad Penny,1.5
00-0034750,R.Penny,Rashaad Penny,RB,SEA,ATL,3,2022,0,0,0.0,0,14,66.0,0,1,1,3.0,0,6.9,7.9,SEA,Rashaad Penny,6.9
00-0034750,R.Penny,Rashaad Penny,RB,SEA,DET,4,2022,0,0,0.0,0,17,151.0,2,1,1,6.0,0,27.7,28.7,SEA,Rashaad Penny,27.7
00-0034750,R.Penny,Rashaad Penny,RB,SEA,NO,5,2022,0,0,0.0,0,8,54.0,0,0,0,0.0,0,5.4,5.4,SEA,Rashaad Penny,5.4
00-0034753,M.Andrews,Mark Andrews,TE,BAL,NYJ,1,2022,0,0,0.0,0,0,0.0,0,5,7,52.0,0,5.2,10.2,BAL,Mark Andrews,5.2
00-0034753,M.Andrews,Mark Andrews,TE,BAL,MIA,2,2022,0,0,0.0,0,1,3.0,0,9,11,104.0,1,16.7,25.7,BAL,Mark Andrews,16.7
00-0034753,M.Andrews,Mark Andrews,TE,BAL,NE,3,2022,0,0,0.0,0,0,0.0,0,8,13,89.0,2,20.9,28.9,BAL,Mark Andrews,20.9
00-0034753,M.Andrews,Mark Andrews,TE,BAL,BUF,4,2022,0,0,0.0,0,0,0.0,0,2,5,15.0,0,1.5,3.5,BAL,Mark Andrews,1.5
00-0034753,M.Andrews,Mark Andrews,TE,BAL,CIN,5,2022,0,0,0.0,0,0,0.0,0,8,10,89.0,1,14.9,22.9,BAL,Mark Andrews,14.9
00-0034753,M.Andrews,Mark Andrews,TE,BAL,NYG,6,2022,0,0,0.0,0,0,0.0,0,7,11,106.0,1,16.6,23.6,BAL,Mark Andrews,16.6
00-0034753,M.Andrews,Mark Andrews,TE,BAL,CLE,7,2022,0,0,0.0,0,1,4.0,0,0,2,0.0,0,0.4,0.4,BAL,Mark Andrews,0.4
00-0034753,M.Andrews,Mark Andrews,TE,BAL,TB,8,2022,0,0,0.0,0,0,0.0,0,3,5,33.0,0,3.3,6.3,BAL,Mark Andrews,3.3
00-0034753,M.Andrews,Mark Andrews,TE,BAL,CAR,11,2022,0,0,0.0,0,0,0.0,0,6,8,63.0,0,6.3,12.3,BAL,Mark Andrews,6.3
00-0034753,M.Andrews,Mark Andrews,TE,BAL,JAX,12,2022,0,0,0.0,0,0,0.0,0,4,7,50.0,0,7.0,11.0,BAL,Mark Andrews,7.0
00-0034753,M.Andrews,Mark Andrews,TE,BAL,DEN,13,2022,0,0,0.0,0,1,1.0,0,4,7,53.0,0,5.4,9.4,BAL,Mark Andrews,5.4
00-0034753,M.Andrews,Mark Andrews,TE,BAL,PIT,14,2022,0,0,0.0,0,0,0.0,0,2,6,17.0,0,1.7,3.7,BAL,Mark Andrews,1.7
00-0034753,M.Andrews,Mark Andrews,TE,BAL,CLE,15,2022,0,0,0.0,0,0,0.0,0,3,7,31.0,0,3.1,6.1,BAL,Mark Andrews,3.1
00-0034753,M.Andrews,Mark Andrews,TE,BAL,ATL,16,2022,0,0,0.0,0,0,0.0,0,3,5,45.0,0,4.5,7.5,BAL,Mark Andrews,4.5
00-0034753,M.Andrews,Mark Andrews,TE,BAL,PIT,17,2022,0,0,0.0,0,0,0.0,0,9,9,100.0,0,10.0,19.0,BAL,Mark Andrews,10.0
00-0034753,M.Andrews,Mark Andrews,TE,BAL,CIN,19,2022,0,0,0.0,0,1,0.0,0,5,10,73.0,0,7.3,12.3,BAL,Mark Andrews,7.3
00-0034764,M.Gallup,Michael Gallup,WR,DAL,WAS,4,2022,0,0,0.0,0,0,0.0,0,2,3,24.0,1,8.4,10.4,DAL,Michael Gallup,8.4
00-0034764,M.Gallup,Michael Gallup,WR,DAL,LA,5,2022,0,0,0.0,0,0,0.0,0,4,5,44.0,0,4.4,8.4,DAL,Michael Gallup,4.4
00-0034764,M.Gallup,Michael Gallup,WR,DAL,PHI,6,2022,0,0,0.0,0,0,0.0,0,2,7,18.0,0,1.8,3.8,DAL,Michael Gallup,1.8
00-0034764,M.Gallup,Michael Gallup,WR,DAL,DET,7,2022,0,0,0.0,0,0,0.0,0,0,2,0.0,0,0.0,0.0,DAL,Michael Gallup,0.0
00-0034764,M.Gallup,Michael Gallup,WR,DAL,CHI,8,2022,0,0,0.0,0,0,0.0,0,4,6,49.0,0,4.9,8.9,DAL,Michael Gallup,4.9
00-0034764,M.Gallup,Michael Gallup,WR,DAL,GB,10,2022,0,0,0.0,0,0,0.0,0,4,7,35.0,0,3.5,7.5,DAL,Michael Gallup,3.5
00-0034764,M.Gallup,Michael Gallup,WR,DAL,MIN,11,2022,0,0,0.0,0,0,0.0,0,3,4,41.0,0,4.1,7.1,DAL,Michael Gallup,4.1
00-0034764,M.Gallup,Michael Gallup,WR,DAL,NYG,12,2022,0,0,0.0,0,0,0.0,0,5,8,63.0,0,6.3,11.3,DAL,Michael Gallup,6.3
00-0034764,M.Gallup,Michael Gallup,WR,DAL,IND,13,2022,0,0,0.0,0,0,0.0,0,4,7,23.0,2,14.3,18.3,DAL,Michael Gallup,14.3
00-0034764,M.Gallup,Michael Gallup,WR,DAL,HOU,14,2022,0,0,0.0,0,0,0.0,0,2,6,40.0,0,4.0,6.0,DAL,Michael Gallup,4.0
00-0034764,M.Gallup,Michael Gallup,WR,DAL,JAX,15,2022,0,0,0.0,0,0,0.0,0,1,2,2.0,0,0.2,1.2,DAL,Michael Gallup,0.2
00-0034764,M.Gallup,Michael Gallup,WR,DAL,PHI,16,2022,0,0,0.0,0,0,0.0,0,4,7,36.0,1,9.6,13.6,DAL,Michael Gallup,9.6
00-0034764,M.Gallup,Michael Gallup,WR,DAL,TEN,17,2022,0,0,0.0,0,0,0.0,0,3,4,39.0,0,3.9,6.9,DAL,Michael Gallup,3.9
00-0034764,M.Gallup,Michael Gallup,WR,DAL,WAS,18,2022,0,0,0.0,0,0,0.0,0,1,6,10.0,0,1.0,2.0,DAL,Michael Gallup,1.0
00-0034764,M.Gallup,Michael Gallup,WR,DAL,TB,19,2022,0,0,0.0,0,0,0.0,0,5,6,46.0,1,10.6,15.6,DAL,Michael Gallup,10.6
00-0034764,M.Gallup,Michael Gallup,WR,DAL,SF,20,2022,0,0,0.0,0,0,0.0,0,0,3,0.0,0,0.0,0.0,DAL,Michael Gallup,0.0
00-0034765,T.Smith,Tre'Quan Smith,WR,NO,CAR,3,2022,0,0,0.0,0,0,0.0,0,4,5,105.0,0,10.5,14.5,NO,Tre'Quan Smith,10.5
00-0034765,T.Smith,Tre'Quan Smith,WR,NO,MIN,4,2022,0,0,0.0,0,0,0.0,0,1,2,18.0,0,1.8,2.8,NO,Tre'Quan Smith,1.8
00-0034765,T.Smith,Tre'Quan Smith,WR,NO,SEA,5,2022,0,0,0.0,0,0,0.0,0,1,4,10.0,0,1.0,2.0,NO,Tre'Quan Smith,1.0
00-0034765,T.Smith,Tre'Quan Smith,WR,NO,CIN,6,2022,0,0,0.0,0,0,0.0,0,3,3,43.0,1,10.3,13.3,NO,Tre'Quan Smith,10.3
00-0034765,T.Smith,Tre'Quan Smith,WR,NO,ARI,7,2022,0,0,0.0,0,0,0.0,0,5,6,59.0,0,5.9,10.9,NO,Tre'Quan Smith,5.9
00-0034765,T.Smith,Tre'Quan Smith,WR,NO,LV,8,2022,0,0,0.0,0,0,0.0,0,0,1,0.0,0,0.0,0.0,NO,Tre'Quan Smith,0.0
00-0034765,T.Smith,Tre'Quan Smith,WR,NO,BAL,9,2022,0,0,0.0,0,0,0.0,0,3,4,29.0,0,2.9,5.9,NO,Tre'Quan Smith,2.9
00-0034765,T.Smith,Tre'Quan Smith,WR,NO,SF,12,2022,0,0,0.0,0,0,0.0,0,1,1,8.0,0,0.8,1.8,NO,Tre'Quan Smith,0.8
00-0034765,T.Smith,Tre'Quan Smith,WR,NO,CAR,18,2022,0,0,0.0,0,0,0.0,0,1,1,6.0,0,0.6,1.6,NO,Tre'Quan Smith,0.6
00-0034775,C.Kirk,Christian Kirk,WR,JAX,WAS,1,2022,0,0,0.0,0,0,0.0,0,6,12,117.0,0,11.7,17.7,JAX,Christian Kirk,11.7
00-0034775,C.Kirk,Christian Kirk,WR,JAX,IND,2,2022,0,0,0.0,0,0,0.0,0,6,6,78.0,2,19.8,25.8,JAX,Christian Kirk,19.8
00-0034775,C.Kirk,Christian Kirk,WR,JAX,LAC,3,2022,0,0,0.0,0,0,0.0,0,6,9,72.0,1,13.2,19.2,JAX,Christian Kirk,13.2
00-0034775,C.Kirk,Christian Kirk,WR,JAX,PHI,4,2022,0,0,0.0,0,1,3.0,0,2,9,60.0,0,6.3,8.3,JAX,Christian Kirk,6.3
00-0034775,C.Kirk,Christian Kirk,WR,JAX,HOU,5,2022,0,0,0.0,0,0,0.0,0,1,3,11.0,0,1.1,2.1,JAX,Christian Kirk,1.1
00-0034775,C.Kirk,Christian Kirk,WR,JAX,IND,6,2022,0,0,0.0,0,1,4.0,0,4,5,24.0,1,8.8,12.8,JAX,Christian Kirk,8.8
00-0034775,C.Kirk,Christian Kirk,WR,JAX,NYG,7,2022,0,1,0.0,0,1,5.0,0,7,10,96.0,0,10.1,17.1,JAX,Christian Kirk,10.1
00-0034775,C.Kirk,Christian Kirk,WR,JAX,DEN,8,2022,0,0,0.0,0,0,0.0,0,3,7,40.0,0,4.0,7.0,JAX,Christian Kirk,4.0
00-0034775,C.Kirk,Christian Kirk,WR,JAX,LV,9,2022,0,0,0.0,0,0,0.0,0,8,9,76.0,1,13.6,21.6,JAX,Christian Kirk,13.6
00-0034775,C.Kirk,Christian Kirk,WR,JAX,KC,10,2022,0,0,0.0,0,0,0.0,0,9,12,105.0,2,22.5,31.5,JAX,Christian Kirk,22.5
00-0034775,C.Kirk,Christian Kirk,WR,JAX,BAL,12,2022,0,0,0.0,0,1,-5.0,0,4,9,46.0,0,4.1,8.1,JAX,Christian Kirk,4.1
00-0034775,C.Kirk,Christian Kirk,WR,JAX,DET,13,2022,0,0,0.0,0,0,0.0,0,6,8,104.0,0,10.4,16.4,JAX,Christian Kirk,10.4
00-0034775,C.Kirk,Christian Kirk,WR,JAX,TEN,14,2022,0,0,0.0,0,0,0.0,0,5,7,45.0,0,4.5,9.5,JAX,Christian Kirk,4.5
00-0034775,C.Kirk,Christian Kirk,WR,JAX,DAL,15,2022,0,0,0.0,0,0,0.0,0,6,10,92.0,0,9.2,15.2,JAX,Christian Kirk,9.2
00-0034775,C.Kirk,Christian Kirk,WR,JAX,NYJ,16,2022,0,0,0.0,0,1,4.0,0,3,6,22.0,0,2.6,5.6,JAX,Christian Kirk,2.6
00-0034775,C.Kirk,Christian Kirk,WR,JAX,HOU,17,2022,0,0,0.0,0,0,0.0,0,2,3,21.0,0,2.1,4.1,JAX,Christian Kirk,2.1
00-0034775,C.Kirk,Christian Kirk,WR,JAX,TEN,18,2022,0,0,0.0,0,0,0.0,0,6,8,99.0,1,15.9,21.9,JAX,Christian Kirk,15.9
00-0034775,C.Kirk,Christian Kirk,WR,JAX,LAC,19,2022,0,0,0.0,0,0,0.0,0,8,14,78.0,1,13.8,21.8,JAX,Christian Kirk,13.8
00-0034775,C.Kirk,Christian Kirk,WR,JAX,KC,20,2022,0,0,0.0,0,1,18.0,0,7,14,52.0,1,13.0,20.0,JAX,Christian Kirk,13.0
00-0034777,D.Chark,D.J. Chark,WR,DET,PHI,1,2022,0,0,0.0,0,0,0.0,0,4,8,52.0,1,11.2,15.2,DET,D.J. Chark,11.2
00-0034777,D.Chark,D.J. Chark,WR,DET,WAS,2,2022,0,0,0.0,0,0,0.0,0,0,4,0.0,0,0.0,0.0,DET,D.J. Chark,0.0
00-0034777,D.Chark,D.J. Chark,WR,DET,MIN,3,2022,0,0,0.0,0,0,0.0,0,3,6,46.0,0,4.6,7.6,DET,D.J. Chark,4.6
00-0034777,D.Chark,D.J. Chark,WR,DET,NYG,11,2022,0,0,0.0,0,0,0.0,0,0,1,0.0,0,0.0,0.0,DET,D.J. Chark,0.0
00-0034777,D.Chark,D.J. Chark,WR,DET,BUF,12,2022,0,0,0.0,0,0,0.0,0,2,5,16.0,1,7.6,9.6,DET,D.J. Chark,7.6
00-0034777,D.Chark,D.J. Chark,WR,DET,JAX,13,2022,0,0,0.0,0,0,0.0,0,5,6,98.0,0,9.8,14.8,DET,D.J. Chark,9.8
00-0034777,D.Chark,D.J. Chark,WR,DET,MIN,14,2022,0,0,0.0,0,0,0.0,0,6,7,94.0,1,15.4,21.4,DET,D.J. Chark,15.4
00-0034777,D.Chark,D.J. Chark,WR,DET,NYJ,15,2022,0,0,0.0,0,0,0.0,0,1,2,18.0,0,1.8,2.8,DET,D.J. Chark,1.8
00-0034777,D.Chark,D.J. Chark,WR,DET,CAR,16,2022,0,0,0.0,0,0,0.0,0,4,5,108.0,0,10.8,14.8,DET,D.J. Chark,10.8
00-0034777,D.Chark,D.J. Chark,WR,DET,CHI,17,2022,0,0,0.0,0,0,0.0,0,2,4,56.0,0,5.6,7.6,DET,D.J. Chark,5.6
00-0034777,D.Chark,D.J. Chark,WR,DET,GB,18,2022,0,0,0.0,0,0,0.0,0,3,4,14.0,0,1.4,4.4,DET,D.J. Chark,1.4
00-0034791,N.Chubb,Nick Chubb,RB,CLE,CAR,1,2022,0,0,0.0,0,22,141.0,0,1,1,2.0,0,14.3,15.3,CLE,Nick Chubb,14.3
00-0034791,N.Chubb,Nick Chubb,RB,CLE,NYJ,2,2022,0,0,0.0,0,17,87.0,3,3,3,26.0,0,29.3,32.3,CLE,Nick Chubb,29.3
00-0034791,N.Chubb,Nick Chubb,RB,CLE,PIT,3,2022,0,0,0.0,0,23,113.0,1,0,1,0.0,0,17.3,17.3,CLE,Nick Chubb,17.3
00-0034791,N.Chubb,Nick Chubb,RB,CLE,ATL,4,2022,0,0,0.0,0,19,118.0,1,2,3,9.0,0,18.7,20.7,CLE,Nick Chubb,18.7
00-0034791,N.Chubb,Nick Chubb,RB,CLE,LAC,5,2022,0,0,0.0,0,17,134.0,2,0,1,0.0,0,25.4,25.4,CLE,Nick Chubb,25.4
00-0034791,N.Chubb,Nick Chubb,RB,CLE,NE,6,2022,0,0,0.0,0,12,56.0,0,1,2,14.0,0,7.0,8.0,CLE,Nick Chubb,7.0
00-0034791,N.Chubb,Nick Chubb,RB,CLE,BAL,7,2022,0,0,0.0,0,16,91.0,1,2,3,16.0,0,16.7,18.7,CLE,Nick Chubb,16.7
00-0034791,N.Chubb,Nick Chubb,RB,CLE,CIN,8,2022,0,0,0.0,0,23,101.0,2,1,1,3.0,0,24.4,25.4,CLE,Nick Chubb,24.4
00-0034791,N.Chubb,Nick Chubb,RB,CLE,MIA,10,2022,0,0,0.0,0,11,63.0,1,3,4,18.0,0,12.1,15.1,CLE,Nick Chubb,12.1
00-0034791,N.Chubb,Nick Chubb,RB,CLE,BUF,11,2022,0,0,0.0,0,14,19.0,0,3,3,48.0,0,6.7,9.7,CLE,Nick Chubb,6.7
00-0034791,N.Chubb,Nick Chubb,RB,CLE,TB,12,2022,0,0,0.0,0,26,116.0,1,1,1,16.0,0,19.2,20.2,CLE,Nick Chubb,19.2
00-0034791,N.Chubb,Nick Chubb,RB,CLE,HOU,13,2022,0,0,0.0,0,17,80.0,0,0,1,0.0,0,8.0,8.0,CLE,Nick Chubb,8.0
00-0034791,N.Chubb,Nick Chubb,RB,CLE,CIN,14,2022,0,0,0.0,0,14,34.0,0,3,3,20.0,0,5.4,8.4,CLE,Nick Chubb,5.4
00-0034791,N.Chubb,Nick Chubb,RB,CLE,BAL,15,2022,0,0,0.0,0,21,99.0,0,0,2,0.0,0,9.9,9.9,CLE,Nick Chubb,9.9
00-0034791,N.Chubb,Nick Chubb,RB,CLE,NO,16,2022,0,0,0.0,0,24,92.0,0,1,1,10.0,0,10.2,11.2,CLE,Nick Chubb,10.2
00-0034791,N.Chubb,Nick Chubb,RB,CLE,WAS,17,2022,0,0,0.0,0,14,104.0,0,1,1,12.0,0,11.6,12.6,CLE,Nick Chubb,11.6
00-0034791,N.Chubb,Nick Chubb,RB,CLE,PIT,18,2022,0,0,0.0,0,12,77.0,0,5,6,45.0,1,18.2,23.2,CLE,Nick Chubb,18.2
00-0034796,L.Jackson,Lamar Jackson,QB,BAL,NYJ,1,2022,17,30,213.0,3,6,17.0,0,0,0,0.0,0,20.22,20.22,BAL,Lamar Jackson,20.22
00-0034796,L.Jackson,Lamar Jackson,QB,BAL,MIA,2,2022,21,29,318.0,3,9,119.0,1,0,0,0.0,0,42.62,42.62,BAL,Lamar Jackson,42.62
00-0034796,L.Jackson,Lamar Jackson,QB,BAL,NE,3,2022,18,29,218.0,4,11,107.0,1,0,0,0.0,0,39.42,39.42,BAL,Lamar Jackson,39.42
00-0034796,L.Jackson,Lamar Jackson,QB,BAL,BUF,4,2022,20,29,144.0,1,11,73.0,0,0,0,0.0,0,13.06,13.06,BAL,Lamar Jackson,13.06
00-0034796,L.Jackson,Lamar Jackson,QB,BAL,CIN,5,2022,19,32,174.0,1,12,58.0,0,0,0,0.0,0,14.76,14.76,BAL,Lamar Jackson,14.76
00-0034796,L.Jackson,Lamar Jackson,QB,BAL,NYG,6,2022,17,32,210.0,1,7,77.0,0,0,0,0.0,0,16.1,16.1,BAL,Lamar Jackson,16.1
00-0034796,L.Jackson,Lamar Jackson,QB,BAL,CLE,7,2022,9,16,120.0,0,10,59.0,0,0,0,0.0,0,10.7,10.7,BAL,Lamar Jackson,10.7
00-0034796,L.Jackson,Lamar Jackson,QB,BAL,TB,8,2022,27,38,238.0,2,9,43.0,0,0,0,0.0,0,21.82,21.82,BAL,Lamar Jackson,21.82
00-0034796,L.Jackson,Lamar Jackson,QB,BAL,NO,9,2022,12,22,133.0,1,11,82.0,0,0,0,0.0,0,17.52,17.52,BAL,Lamar Jackson,17.52
00-0034796,L.Jackson,Lamar Jackson,QB,BAL,CAR,11,2022,24,33,209.0,0,11,31.0,1,0,0,0.0,0,15.46,15.46,BAL,Lamar Jackson,15.46
00-0034796,L.Jackson,Lamar Jackson,QB,BAL,JAX,12,2022,16,32,254.0,1,14,89.0,0,0,0,0.0,0,23.06,23.06,BAL,Lamar Jackson,23.06
00-0034796,L.Jackson,Lamar Jackson,QB,BAL,DEN,13,2022,3,4,11.0,0,1,9.0,0,0,0,0.0,0,1.34,1.34,BAL,Lamar Jackson,1.34
00-0034798,D.Smythe,Durham Smythe,TE,MIA,NE,1,2022,0,0,0.0,0,0,0.0,0,1,2,14.0,0,1.4,2.4,MIA,Durham Smythe,1.4
00-0034798,D.Smythe,Durham Smythe,TE,MIA,BAL,2,2022,0,0,0.0,0,0,0.0,0,1,1,5.0,0,0.5,1.5,MIA,Durham Smythe,0.5
00-0034798,D.Smythe,Durham Smythe,TE,MIA,BUF,3,2022,0,0,0.0,0,0,0.0,0,3,3,23.0,0,2.3,5.3,MIA,Durham Smythe,2.3
00-0034798,D.Smythe,Durham Smythe,TE,MIA,NYJ,5,2022,0,0,0.0,0,1,1.0,1,1,1,8.0,0,6.9,7.9,MIA,Durham Smythe,6.9
00-0034798,D.Smythe,Durham Smythe,TE,MIA,CHI,9,2022,0,0,0.0,0,0,0.0,0,0,2,0.0,0,0.0,0.0,MIA,Durham Smythe,0.0
00-0034798,D.Smythe,Durham Smythe,TE,MIA,CLE,10,2022,0,0,0.0,0,1,0.0,0,0,0,0.0,0,0.0,0.0,MIA,Durham Smythe,0.0
00-0034798,D.Smythe,Durham Smythe,TE,MIA,HOU,12,2022,0,0,0.0,0,0,0.0,0,1,1,4.0,1,6.4,7.4,MIA,Durham Smythe,6.4
00-0034798,D.Smythe,Durham Smythe,TE,MIA,SF,13,2022,0,0,0.0,0,0,0.0,0,2,2,21.0,0,2.1,4.1,MIA,Durham Smythe,2.1
00-0034798,D.Smythe,Durham Smythe,TE,MIA,BUF,15,2022,0,0,0.0,0,0,0.0,0,1,1,-2.0,0,-0.2,0.8,MIA,Durham Smythe,-0.2
00-0034798,D.Smythe,Durham Smythe,TE,MIA,GB,16,2022,0,0,0.0,0,0,0.0,0,1,1,8.0,0,0.8,1.8,MIA,Durham Smythe,0.8
00-0034798,D.Smythe,Durham Smythe,TE,MIA,NE,17,2022,0,0,0.0,0,0,0.0,0,1,1,9.0,0,0.9,1.9,MIA,Durham Smythe,0.9
00-0034798,D.Smythe,Durham Smythe,TE,MIA,NYJ,18,2022,0,0,0.0,0,0,0.0,0,3,5,39.0,0,3.9,6.9,MIA,Durham Smythe,3.9
00-0034798,D.Smythe,Durham Smythe,TE,MIA,BUF,19,2022,0,0,0.0,0,0,0.0,0,1,1,20.0,0,2.0,3.0,MIA,Durham Smythe,2.0
00-0034816,R.Jones,Ronald Jones,RB,KC,LA,12,2022,0,0,0.0,0,4,12.0,0,1,1,22.0,0,3.4,4.4,KC,Ronald Jones,3.4
00-0034816,R.Jones,Ronald Jones,RB,KC,HOU,15,2022,0,0,0.0,0,1,6.0,0,0,0,0.0,0,0.6,0.6,KC,Ronald Jones,0.6
00-0034816,R.Jones,Ronald Jones,RB,KC,SEA,16,2022,0,0,0.0,0,1,4.0,0,0,0,0.0,0,0.4,0.4,KC,Ronald Jones,0.4
00-0034816,R.Jones,Ronald Jones,RB,KC,DEN,17,2022,0,0,0.0,0,1,3.0,0,0,0,0.0,0,0.3,0.3,KC,Ronald Jones,0.3
00-0034816,R.Jones,Ronald Jones,RB,KC,LV,18,2022,0,0,0.0,0,10,45.0,1,0,0,0.0,0,10.5,10.5,KC,Ronald Jones,10.5
00-0034816,R.Jones,Ronald Jones,RB,KC,CIN,21,2022,0,0,0.0,0,1,0.0,0,0,0,0.0,0,0.0,0.0,KC,Ronald Jones,0.0
00-0034827,D.Moore,D.J. Moore,WR,CAR,CLE,1,2022,0,0,0.0,0,1,7.0,0,3,6,43.0,0,5.0,8.0,CAR,D.J. Moore,5.0
00-0034827,D.Moore,D.J. Moore,WR,CAR,NYG,2,2022,0,0,0.0,0,0,0.0,0,3,6,43.0,1,10.3,13.3,CAR,D.J. Moore,10.3
00-0034827,D.Moore,D.J. Moore,WR,CAR,NO,3,2022,0,0,0.0,0,2,13.0,0,1,6,2.0,0,1.5,2.5,CAR,D.J. Moore,1.5
00-0034827,D.Moore,D.J. Moore,WR,CAR,ARI,4,2022,0,0,0.0,0,1,11.0,0,6,11,50.0,0,6.1,12.1,CAR,D.J. Moore,6.1
00-0034827,D.Moore,D.J. Moore,WR,CAR,SF,5,2022,0,0,0.0,0,1,8.0,0,4,8,59.0,0,6.7,10.7,CAR,D.J. Moore,6.7
00-0034827,D.Moore,D.J. Moore,WR,CAR,LA,6,2022,0,0,0.0,0,0,0.0,0,3,7,7.0,0,0.7,3.7,CAR,D.J. Moore,0.7
00-0034827,D.Moore,D.J. Moore,WR,CAR,TB,7,2022,0,0,0.0,0,1,-3.0,0,7,10,69.0,1,12.6,19.6,CAR,D.J. Moore,12.6
00-0034827,D.Moore,D.J. Moore,WR,CAR,ATL,8,2022,0,0,0.0,0,1,3.0,0,6,11,152.0,1,21.5,27.5,CAR,D.J. Moore,21.5
00-0034827,D.Moore,D.J. Moore,WR,CAR,CIN,9,2022,0,0,0.0,0,0,0.0,0,2,6,24.0,0,2.4,4.4,CAR,D.J. Moore,2.4
00-0034827,D.Moore,D.J. Moore,WR,CAR,ATL,10,2022,0,0,0.0,0,0,0.0,0,4,6,29.0,0,2.9,6.9,CAR,D.J. Moore,2.9
00-0034827,D.Moore,D.J. Moore,WR,CAR,BAL,11,2022,0,0,0.0,0,0,0.0,0,3,5,24.0,0,2.4,5.4,CAR,D.J. Moore,2.4
00-0034827,D.Moore,D.J. Moore,WR,CAR,DEN,12,2022,0,0,0.0,0,0,0.0,0,4,6,103.0,1,16.3,20.3,CAR,D.J. Moore,16.3
00-0034827,D.Moore,D.J. Moore,WR,CAR,SEA,14,2022,0,0,0.0,0,2,6.0,0,0,3,0.0,0,0.6,0.6,CAR,D.J. Moore,0.6
00-0034827,D.Moore,D.J. Moore,WR,CAR,PIT,15,2022,0,0,0.0,0,0,0.0,0,5,6,73.0,1,13.3,18.3,CAR,D.J. Moore,13.3
00-0034827,D.Moore,D.J. Moore,WR,CAR,DET,16,2022,0,0,0.0,0,1,8.0,0,5,7,83.0,1,15.1,20.1,CAR,D.J. Moore,15.1
00-0034827,D.Moore,D.J. Moore,WR,CAR,TB,17,2022,0,0,0.0,0,0,0.0,0,6,10,117.0,1,17.7,23.7,CAR,D.J. Moore,17.7
00-0034827,D.Moore,D.J. Moore,WR,CAR,NO,18,2022,0,0,0.0,0,0,0.0,0,1,4,10.0,0,1.0,2.0,CAR,D.J. Moore,1.0
00-0034829,M.Gesicki,Mike Gesicki,TE,MIA,NE,1,2022,0,0,0.0,0,0,0.0,0,1,1,1.0,0,0.1,1.1,MIA,Mike Gesicki,0.1
00-0034829,M.Gesicki,Mike Gesicki,TE,MIA,BAL,2,2022,0,0,0.0,0,0,0.0,0,4,4,41.0,1,10.1,14.1,MIA,Mike Gesicki,10.1
00-0034829,M.Gesicki,Mike Gesicki,TE,MIA,BUF,3,2022,0,0,0.0,0,0,0.0,0,1,1,6.0,0,0.6,1.6,MIA,Mike Gesicki,0.6
00-0034829,M.Gesicki,Mike Gesicki,TE,MIA,CIN,4,2022,0,0,0.0,0,0,0.0,0,2,4,23.0,0,2.3,4.3,MIA,Mike Gesicki,2.3
00-0034829,M.Gesicki,Mike Gesicki,TE,MIA,NYJ,5,2022,0,0,0.0,0,0,0.0,0,1,2,30.0,0,3.0,4.0,MIA,Mike Gesicki,3.0
00-0034829,M.Gesicki,Mike Gesicki,TE,MIA,MIN,6,2022,0,0,0.0,0,0,0.0,0,6,7,69.0,2,18.9,24.9,MIA,Mike Gesicki,18.9
00-0034829,M.Gesicki,Mike Gesicki,TE,MIA,PIT,7,2022,0,0,0.0,0,0,0.0,0,3,7,27.0,0,2.7,5.7,MIA,Mike Gesicki,2.7
00-0034829,M.Gesicki,Mike Gesicki,TE,MIA,DET,8,2022,0,0,0.0,0,0,0.0,0,3,4,38.0,1,9.8,12.8,MIA,Mike Gesicki,9.8
00-0034829,M.Gesicki,Mike Gesicki,TE,MIA,CHI,9,2022,0,0,0.0,0,0,0.0,0,1,2,3.0,0,0.3,1.3,MIA,Mike Gesicki,0.3
00-0034829,M.Gesicki,Mike Gesicki,TE,MIA,CLE,10,2022,0,0,0.0,0,0,0.0,0,2,3,31.0,0,3.1,5.1,MIA,Mike Gesicki,3.1
00-0034829,M.Gesicki,Mike Gesicki,TE,MIA,HOU,12,2022,0,0,0.0,0,0,0.0,0,0,1,0.0,0,0.0,0.0,MIA,Mike Gesicki,0.0
00-0034829,M.Gesicki,Mike Gesicki,TE,MIA,SF,13,2022,0,0,0.0,0,0,0.0,0,0,1,0.0,0,0.0,0.0,MIA,Mike Gesicki,0.0
00-0034829,M.Gesicki,Mike Gesicki,TE,MIA,LAC,14,2022,0,0,0.0,0,0,0.0,0,0,2,0.0,0,0.0,0.0,MIA,Mike Gesicki,0.0
00-0034829,M.Gesicki,Mike Gesicki,TE,MIA,BUF,15,2022,0,0,0.0,0,0,0.0,0,1,1,5.0,0,0.5,1.5,MIA,Mike Gesicki,0.5
00-0034829,M.Gesicki,Mike Gesicki,TE,MIA,GB,16,2022,0,0,0.0,0,0,0.0,0,1,2,24.0,0,2.4,3.4,MIA,Mike Gesicki,2.4
00-0034829,M.Gesicki,Mike Gesicki,TE,MIA,NE,17,2022,0,0,0.0,0,0,0.0,0,2,4,18.0,1,7.8,9.8,MIA,Mike Gesicki,7.8
00-0034829,M.Gesicki,Mike Gesicki,TE,MIA,NYJ,18,2022,0,0,0.0,0,0,0.0,0,4,6,46.0,0,4.6,8.6,MIA,Mike Gesicki,4.6
00-0034829,M.Gesicki,Mike Gesicki,TE,MIA,BUF,19,2022,0,0,0.0,0,0,0.0,0,2,6,15.0,1,7.5,9.5,MIA,Mike Gesicki,7.5
00-0034830,H.Hurst,Hayden Hurst,TE,CIN,PIT,1,2022,0,0,0.0,0,0,0.0,0,5,8,46.0,0,4.6,9.6,CIN,Hayden Hurst,4.6
00-0034830,H.Hurst,Hayden Hurst,TE,CIN,DAL,2,2022,0,0,0.0,0,0,0.0,0,5,7,24.0,0,2.4,7.4,CIN,Hayden Hurst,2.4
00-0034830,H.Hurst,Hayden Hurst,TE,CIN,NYJ,3,2022,0,0,0.0,0,0,0.0,0,1,2,7.0,0,0.7,1.7,CIN,Hayden Hurst,0.7
00-0034830,H.Hurst,Hayden Hurst,TE,CIN,MIA,4,2022,0,0,0.0,0,0,0.0,0,3,4,27.0,1,8.7,11.7,CIN,Hayden Hurst,8.7
00-0034830,H.Hurst,Hayden Hurst,TE,CIN,BAL,5,2022,0,0,0.0,0,0,0.0,0,6,7,53.0,1,11.3,17.3,CIN,Hayden Hurst,11.3
00-0034830,H.Hurst,Hayden Hurst,TE,CIN,NO,6,2022,0,0,0.0,0,0,0.0,0,3,3,21.0,0,2.1,5.1,CIN,Hayden Hurst,2.1
00-0034830,H.Hurst,Hayden Hurst,TE,CIN,ATL,7,2022,0,0,0.0,0,0,0.0,0,6,8,48.0,0,4.8,10.8,CIN,Hayden Hurst,4.8
00-0034830,H.Hurst,Hayden Hurst,TE,CIN,CLE,8,2022,0,0,0.0,0,0,0.0,0,4,4,42.0,0,4.2,8.2,CIN,Hayden Hurst,4.2
00-0034830,H.Hurst,Hayden Hurst,TE,CIN,CAR,9,2022,0,0,0.0,0,0,0.0,0,5,5,35.0,0,3.5,8.5,CIN,Hayden Hurst,3.5
00-0034830,H.Hurst,Hayden Hurst,TE,CIN,PIT,11,2022,0,0,0.0,0,0,0.0,0,2,3,28.0,0,2.8,4.8,CIN,Hayden Hurst,2.8
00-0034830,H.Hurst,Hayden Hurst,TE,CIN,TEN,12,2022,0,0,0.0,0,0,0.0,0,6,9,57.0,0,5.7,11.7,CIN,Hayden Hurst,5.7
00-0034830,H.Hurst,Hayden Hurst,TE,CIN,KC,13,2022,0,0,0.0,0,0,0.0,0,2,3,12.0,0,1.2,3.2,CIN,Hayden Hurst,1.2
00-0034830,H.Hurst,Hayden Hurst,TE,CIN,BAL,18,2022,0,0,0.0,0,0,0.0,0,4,5,14.0,0,1.4,5.4,CIN,Hayden Hurst,1.4
00-0034830,H.Hurst,Hayden Hurst,TE,CIN,BAL,19,2022,0,0,0.0,0,0,0.0,0,4,6,45.0,0,2.5,6.5,CIN,Hayden Hurst,2.5
00-0034830,H.Hurst,Hayden Hurst,TE,CIN,BUF,20,2022,0,0,0.0,0,0,0.0,0,5,6,59.0,1,11.9,16.9,CIN,Hayden Hurst,11.9
00-0034830,H.Hurst,Hayden Hurst,TE,CIN,KC,21,2022,0,0,0.0,0,0,0.0,0,4,5,37.0,0,3.7,7.7,CIN,Hayden Hurst,3.7
00-0034838,R.Freeman,Royce Freeman,RB,HOU,KC,15,2022,0,0,0.0,0,11,51.0,0,1,1,5.0,0,5.6,6.6,HOU,Royce Freeman,5.6
00-0034838,R.Freeman,Royce Freeman,RB,HOU,TEN,16,2022,0,0,0.0,0,16,32.0,0,1,1,6.0,0,3.8,4.8,HOU,Royce Freeman,3.8
00-0034838,R.Freeman,Royce Freeman,RB,HOU,JAX,17,2022,0,0,0.0,0,7,19.0,0,3,5,20.0,0,3.9,6.9,HOU,Royce Freeman,3.9
00-0034838,R.Freeman,Royce Freeman,RB,HOU,IND,18,2022,0,0,0.0,0,7,15.0,0,1,1,2.0,0,-0.3,0.7,HOU,Royce Freeman,-0.3
00-0034844,S.Barkley,Saquon Barkley,RB,NYG,TEN,1,2022,0,0,0.0,0,18,164.0,1,6,7,30.0,0,27.4,33.4,NYG,Saquon Barkley,27.4
00-0034844,S.Barkley,Saquon Barkley,RB,NYG,CAR,2,2022,0,0,0.0,0,21,72.0,0,3,4,16.0,0,8.8,11.8,NYG,Saquon Barkley,8.8
00-0034844,S.Barkley,Saquon Barkley,RB,NYG,DAL,3,2022,0,0,0.0,0,14,81.0,1,4,4,45.0,0,18.6,22.6,NYG,Saquon Barkley,18.6
00-0034844,S.Barkley,Saquon Barkley,RB,NYG,CHI,4,2022,0,0,0.0,0,31,146.0,0,2,2,16.0,0,16.2,18.2,NYG,Saquon Barkley,16.2
00-0034844,S.Barkley,Saquon Barkley,RB,NYG,GB,5,2022,0,0,0.0,0,13,70.0,1,3,6,36.0,0,16.6,19.6,NYG,Saquon Barkley,16.6
00-0034844,S.Barkley,Saquon Barkley,RB,NYG,BAL,6,2022,0,0,0.0,0,22,83.0,1,3,3,12.0,0,15.5,18.5,NYG,Saquon Barkley,15.5
00-0034844,S.Barkley,Saquon Barkley,RB,NYG,JAX,7,2022,0,0,0.0,0,24,110.0,0,4,4,25.0,0,13.5,17.5,NYG,Saquon Barkley,13.5
00-0034844,S.Barkley,Saquon Barkley,RB,NYG,SEA,8,2022,0,0,0.0,0,20,53.0,1,3,5,9.0,0,12.2,15.2,NYG,Saquon Barkley,12.2
00-0034844,S.Barkley,Saquon Barkley,RB,NYG,HOU,10,2022,0,0,0.0,0,35,152.0,1,1,1,8.0,0,22.0,23.0,NYG,Saquon Barkley,22.0
00-0034844,S.Barkley,Saquon Barkley,RB,NYG,DET,11,2022,0,0,0.0,0,15,22.0,0,2,5,13.0,0,3.5,5.5,NYG,Saquon Barkley,3.5
00-0034844,S.Barkley,Saquon Barkley,RB,NYG,DAL,12,2022,0,0,0.0,0,11,39.0,1,4,6,13.0,0,11.2,15.2,NYG,Saquon Barkley,11.2
00-0034844,S.Barkley,Saquon Barkley,RB,NYG,WAS,13,2022,0,0,0.0,0,18,63.0,1,5,5,18.0,0,14.1,19.1,NYG,Saquon Barkley,14.1
00-0034844,S.Barkley,Saquon Barkley,RB,NYG,PHI,14,2022,0,0,0.0,0,9,28.0,0,2,2,20.0,0,4.8,6.8,NYG,Saquon Barkley,4.8
00-0034844,S.Barkley,Saquon Barkley,RB,NYG,WAS,15,2022,0,0,0.0,0,18,87.0,1,5,8,33.0,0,18.0,23.0,NYG,Saquon Barkley,18.0
00-0034844,S.Barkley,Saquon Barkley,RB,NYG,MIN,16,2022,0,0,0.0,0,14,84.0,1,8,10,49.0,0,19.3,27.3,NYG,Saquon Barkley,19.3
00-0034844,S.Barkley,Saquon Barkley,RB,NYG,IND,17,2022,0,0,0.0,0,12,58.0,0,2,4,-5.0,0,5.3,7.3,NYG,Saquon Barkley,5.3
00-0034844,S.Barkley,Saquon Barkley,RB,NYG,MIN,19,2022,0,0,0.0,0,9,53.0,2,5,6,56.0,0,22.9,27.9,NYG,Saquon Barkley,22.9
00-0034844,S.Barkley,Saquon Barkley,RB,NYG,PHI,20,2022,0,0,0.0,0,9,61.0,0,2,3,21.0,0,8.2,10.2,NYG,Saquon Barkley,8.2
00-0034845,S.Michel,Sony Michel,RB,LAC,LV,1,2022,0,0,0.0,0,7,12.0,0,0,0,0.0,0,1.2,1.2,LAC,Sony Michel,1.2
00-0034845,S.Michel,Sony Michel,RB,LAC,KC,2,2022,0,0,0.0,0,4,13.0,0,1,1,6.0,0,1.9,2.9,LAC,Sony Michel,1.9
00-0034845,S.Michel,Sony Michel,RB,LAC,JAX,3,2022,0,0,0.0,0,5,22.0,0,1,2,9.0,0,3.1,4.1,LAC,Sony Michel,3.1
00-0034845,S.Michel,Sony Michel,RB,LAC,HOU,4,2022,0,0,0.0,0,6,11.0,0,3,3,16.0,0,2.7,5.7,LAC,Sony Michel,2.7
00-0034845,S.Michel,Sony Michel,RB,LAC,CLE,5,2022,0,0,0.0,0,1,0.0,0,0,0,0.0,0,0.0,0.0,LAC,Sony Michel,0.0
00-0034845,S.Michel,Sony Michel,RB,LAC,DEN,6,2022,0,0,0.0,0,8,28.0,0,3,3,14.0,0,4.2,7.2,LAC,Sony Michel,4.2
00-0034845,S.Michel,Sony Michel,RB,LAC,SEA,7,2022,0,0,0.0,0,2,5.0,0,1,3,8.0,0,1.3,2.3,LAC,Sony Michel,1.3
00-0034845,S.Michel,Sony Michel,RB,LAC,ATL,9,2022,0,0,0.0,0,1,12.0,0,0,1,0.0,0,1.2,1.2,LAC,Sony Michel,1.2
00-0034845,S.Michel,Sony Michel,RB,LAC,SF,10,2022,0,0,0.0,0,1,2.0,0,0,0,0.0,0,0.2,0.2,LAC,Sony Michel,0.2
00-0034845,S.Michel,Sony Michel,RB,LAC,KC,11,2022,0,0,0.0,0,1,1.0,0,0,0,0.0,0,0.1,0.1,LAC,Sony Michel,0.1
00-0034854,K.Hodge,KhaDarel Hodge,WR,ATL,NO,1,2022,0,0,0.0,0,0,0.0,0,3,3,38.0,0,3.8,6.8,ATL,KhaDarel Hodge,3.8
00-0034854,K.Hodge,KhaDarel Hodge,WR,ATL,LA,2,2022,0,0,0.0,0,0,0.0,0,2,3,57.0,0,5.7,7.7,ATL,KhaDarel Hodge,5.7
00-0034854,K.Hodge,KhaDarel Hodge,WR,ATL,CLE,4,2022,0,0,0.0,0,0,0.0,0,0,1,0.0,0,0.0,0.0,ATL,KhaDarel Hodge,0.0
00-0034854,K.Hodge,KhaDarel Hodge,WR,ATL,TB,5,2022,0,0,0.0,0,0,0.0,0,3,5,33.0,0,5.3,8.3,ATL,KhaDarel Hodge,5.3
00-0034854,K.Hodge,KhaDarel Hodge,WR,ATL,LAC,9,2022,0,0,0.0,0,0,0.0,0,1,2,19.0,0,1.9,2.9,ATL,KhaDarel Hodge,1.9
00-0034854,K.Hodge,KhaDarel Hodge,WR,ATL,CAR,10,2022,0,0,0.0,0,0,0.0,0,2,2,37.0,1,9.7,11.7,ATL,KhaDarel Hodge,9.7
00-0034854,K.Hodge,KhaDarel Hodge,WR,ATL,CHI,11,2022,0,0,0.0,0,0,0.0,0,1,1,13.0,0,1.3,2.3,ATL,KhaDarel Hodge,1.3
00-0034854,K.Hodge,KhaDarel Hodge,WR,ATL,PIT,13,2022,0,0,0.0,0,0,0.0,0,0,2,0.0,0,0.0,0.0,ATL,KhaDarel Hodge,0.0
00-0034854,K.Hodge,KhaDarel Hodge,WR,ATL,ARI,17,2022,0,0,0.0,0,0,0.0,0,1,1,5.0,0,0.5,1.5,ATL,KhaDarel Hodge,0.5
00-0034855,B.Mayfield,Baker Mayfield,QB,CAR,CLE,1,2022,16,27,235.0,1,5,6.0,1,0,0,0.0,0,18.0,18.0,CAR,Baker Mayfield,18.0
00-0034855,B.Mayfield,Baker Mayfield,QB,CAR,NYG,2,2022,14,29,145.0,1,6,35.0,0,0,0,0.0,0,13.3,13.3,CAR,Baker Mayfield,13.3
00-0034855,B.Mayfield,Baker Mayfield,QB,CAR,NO,3,2022,12,25,170.0,1,1,-1.0,0,0,0,0.0,0,10.7,10.7,CAR,Baker Mayfield,10.7
00-0034855,B.Mayfield,Baker Mayfield,QB,CAR,ARI,4,2022,22,36,197.0,1,2,0.0,0,0,0,0.0,0,5.88,5.88,CAR,Baker Mayfield,5.88
00-0034855,B.Mayfield,Baker Mayfield,QB,CAR,SF,5,2022,20,36,215.0,0,0,0.0,0,0,0,0.0,0,6.6,6.6,CAR,Baker Mayfield,6.6
00-0034855,B.Mayfield,Baker Mayfield,QB,CAR,CIN,9,2022,14,20,155.0,2,0,0.0,0,0,0,0.0,0,14.2,14.2,CAR,Baker Mayfield,14.2
00-0034855,B.Mayfield,Baker Mayfield,QB,CAR,BAL,11,2022,21,33,196.0,0,2,12.0,0,0,0,0.0,0,5.04,5.04,CAR,Baker Mayfield,5.04
00-0034855,B.Mayfield,Baker Mayfield,QB,LA,LV,14,2022,22,35,230.0,1,4,10.0,0,0,0,0.0,0,14.2,14.2,LA,Baker Mayfield,14.2
00-0034855,B.Mayfield,Baker Mayfield,QB,LA,GB,15,2022,12,21,111.0,1,1,1.0,0,0,0,0.0,0,6.54,6.54,LA,Baker Mayfield,6.54
00-0034855,B.Mayfield,Baker Mayfield,QB,LA,DEN,16,2022,24,28,230.0,2,2,2.0,0,0,0,0.0,0,17.4,17.4,LA,Baker Mayfield,17.4
00-0034855,B.Mayfield,Baker Mayfield,QB,LA,LAC,17,2022,11,19,132.0,0,3,8.0,0,0,0,0.0,0,4.08,4.08,LA,Baker Mayfield,4.08
00-0034855,B.Mayfield,Baker Mayfield,QB,LA,SEA,18,2022,13,26,147.0,0,5,16.0,0,0,0,0.0,0,5.48,5.48,LA,Baker Mayfield,5.48
00-0034857,J.Allen,Josh Allen,QB,BUF,LA,1,2022,26,31,297.0,3,10,56.0,1,0,0,0.0,0,31.48,31.48,BUF,Josh Allen,31.48
00-0034857,J.Allen,Josh Allen,QB,BUF,TEN,2,2022,26,38,317.0,4,1,10.0,0,0,0,0.0,0,29.68,29.68,BUF,Josh Allen,29.68
00-0034857,J.Allen,Josh Allen,QB,BUF,MIA,3,2022,42,63,400.0,2,8,47.0,0,0,0,0.0,0,26.7,26.7,BUF,Josh Allen,26.7
00-0034857,J.Allen,Josh Allen,QB,BUF,BAL,4,2022,19,36,213.0,1,11,70.0,1,0,0,0.0,0,23.52,23.52,BUF,Josh Allen,23.52
00-0034857,J.Allen,Josh Allen,QB,BUF,PIT,5,2022,20,31,424.0,4,5,42.0,0,0,0,0.0,0,35.16,35.16,BUF,Josh Allen,35.16
00-0034857,J.Allen,Josh Allen,QB,BUF,KC,6,2022,27,40,329.0,3,12,32.0,0,0,0,0.0,0,26.36,26.36,BUF,Josh Allen,26.36
00-0034857,J.Allen,Josh Allen,QB,BUF,GB,8,2022,13,25,218.0,2,6,49.0,0,0,0,0.0,0,17.62,17.62,BUF,Josh Allen,17.62
00-0034857,J.Allen,Josh Allen,QB,BUF,NYJ,9,2022,18,34,205.0,0,9,86.0,2,0,0,0.0,0,24.8,24.8,BUF,Josh Allen,24.8
00-0034857,J.Allen,Josh Allen,QB,BUF,MIN,10,2022,29,43,330.0,1,6,84.0,0,0,0,0.0,0,19.6,19.6,BUF,Josh Allen,19.6
00-0034857,J.Allen,Josh Allen,QB,BUF,CLE,11,2022,18,27,197.0,1,3,7.0,0,0,0,0.0,0,12.58,12.58,BUF,Josh Allen,12.58
00-0034857,J.Allen,Josh Allen,QB,BUF,DET,12,2022,24,42,253.0,2,10,78.0,1,0,0,0.0,0,29.92,29.92,BUF,Josh Allen,29.92
00-0034857,J.Allen,Josh Allen,QB,BUF,NE,13,2022,22,33,223.0,2,8,20.0,0,0,0,0.0,0,16.92,16.92,BUF,Josh Allen,16.92
00-0034857,J.Allen,Josh Allen,QB,BUF,NYJ,14,2022,16,27,147.0,1,10,47.0,1,0,0,0.0,0,20.58,20.58,BUF,Josh Allen,20.58
00-0034857,J.Allen,Josh Allen,QB,BUF,MIA,15,2022,25,40,304.0,4,10,77.0,0,0,0,0.0,0,35.86,35.86,BUF,Josh Allen,35.86
00-0034857,J.Allen,Josh Allen,QB,BUF,CHI,16,2022,15,26,172.0,2,6,41.0,1,0,0,0.0,0,22.98,22.98,BUF,Josh Allen,22.98
00-0034857,J.Allen,Josh Allen,QB,BUF,NE,18,2022,19,31,254.0,3,9,16.0,0,0,0,0.0,0,21.76,21.76,BUF,Josh Allen,21.76
00-0034857,J.Allen,Josh Allen,QB,BUF,MIA,19,2022,23,39,352.0,3,4,20.0,0,0,0,0.0,0,22.08,22.08,BUF,Josh Allen,22.08
00-0034857,J.Allen,Josh Allen,QB,BUF,CIN,20,2022,25,42,264.0,0,8,26.0,1,0,0,0.0,0,17.16,17.16,BUF,Josh Allen,17.16
00-0034860,D.Pettis,Dante Pettis,WR,CHI,SF,1,2022,0,0,0.0,0,0,0.0,0,1,1,51.0,1,11.1,12.1,CHI,Dante Pettis,11.1
00-0034860,D.Pettis,Dante Pettis,WR,CHI,NYG,4,2022,0,0,0.0,0,0,0.0,0,0,3,0.0,0,0.0,0.0,CHI,Dante Pettis,0.0
00-0034860,D.Pettis,Dante Pettis,WR,CHI,MIN,5,2022,0,0,0.0,0,0,0.0,0,0,2,0.0,0,0.0,0.0,CHI,Dante Pettis,0.0
00-0034860,D.Pettis,Dante Pettis,WR,CHI,WAS,6,2022,0,0,0.0,0,0,0.0,0,4,7,84.0,1,14.4,18.4,CHI,Dante Pettis,14.4
00-0034860,D.Pettis,Dante Pettis,WR,CHI,NE,7,2022,0,0,0.0,0,1,29.0,0,1,1,2.0,0,3.1,4.1,CHI,Dante Pettis,3.1
00-0034860,D.Pettis,Dante Pettis,WR,CHI,DAL,8,2022,0,0,0.0,0,0,0.0,0,4,5,18.0,0,1.8,5.8,CHI,Dante Pettis,1.8
00-0034860,D.Pettis,Dante Pettis,WR,CHI,MIA,9,2022,0,0,0.0,0,0,0.0,0,1,1,12.0,0,1.2,2.2,CHI,Dante Pettis,1.2
00-0034860,D.Pettis,Dante Pettis,WR,CHI,DET,10,2022,0,0,0.0,0,1,8.0,0,1,1,9.0,0,1.7,2.7,CHI,Dante Pettis,1.7
00-0034860,D.Pettis,Dante Pettis,WR,CHI,NYJ,12,2022,0,0,0.0,0,0,0.0,0,1,2,12.0,0,1.2,2.2,CHI,Dante Pettis,1.2
00-0034860,D.Pettis,Dante Pettis,WR,CHI,GB,13,2022,0,0,0.0,0,0,0.0,0,1,2,14.0,0,1.4,2.4,CHI,Dante Pettis,1.4
00-0034860,D.Pettis,Dante Pettis,WR,CHI,PHI,15,2022,0,0,0.0,0,0,0.0,0,1,4,13.0,0,1.3,2.3,CHI,Dante Pettis,1.3
00-0034860,D.Pettis,Dante Pettis,WR,CHI,BUF,16,2022,0,0,0.0,0,0,0.0,0,2,5,11.0,1,7.1,9.1,CHI,Dante Pettis,7.1
00-0034860,D.Pettis,Dante Pettis,WR,CHI,DET,17,2022,0,0,0.0,0,0,0.0,0,0,1,0.0,0,0.0,0.0,CHI,Dante Pettis,0.0
00-0034860,D.Pettis,Dante Pettis,WR,CHI,MIN,18,2022,0,0,0.0,0,0,0.0,0,2,6,19.0,0,1.9,3.9,CHI,Dante Pettis,1.9
00-0034869,S.Darnold,Sam Darnold,QB,CAR,DEN,12,2022,11,19,164.0,1,3,3.0,1,0,0,0.0,0,16.86,16.86,CAR,Sam Darnold,16.86
00-0034869,S.Darnold,Sam Darnold,QB,CAR,SEA,14,2022,14,24,120.0,1,4,30.0,0,0,0,0.0,0,11.8,11.8,CAR,Sam Darnold,11.8
00-0034869,S.Darnold,Sam Darnold,QB,CAR,PIT,15,2022,14,23,225.0,1,2,2.0,0,0,0,0.0,0,13.2,13.2,CAR,Sam Darnold,13.2
00-0034869,S.Darnold,Sam Darnold,QB,CAR,DET,16,2022,15,22,250.0,1,6,19.0,1,0,0,0.0,0,21.9,21.9,CAR,Sam Darnold,21.9
00-0034869,S.Darnold,Sam Darnold,QB,CAR,TB,17,2022,23,37,341.0,3,5,20.0,0,0,0,0.0,0,21.64,21.64,CAR,Sam Darnold,21.64
00-0034869,S.Darnold,Sam Darnold,QB,CAR,NO,18,2022,5,15,43.0,0,6,32.0,0,0,0,0.0,0,0.92,0.92,CAR,Sam Darnold,0.92
00-0034899,J.Wolford,John Wolford,QB,LA,ARI,10,2022,24,36,212.0,1,3,3.0,0,0,0,0.0,0,8.78,8.78,LA,John Wolford,8.78
00-0034899,J.Wolford,John Wolford,QB,LA,SEA,13,2022,14,26,178.0,0,5,29.0,0,0,0,0.0,0,6.02,6.02,LA,John Wolford,6.02
00-0034928,S.Sims,Steven Sims,WR,PIT,TB,6,2022,0,0,0.0,0,1,-5.0,0,0,0,0.0,0,-0.5,-0.5,PIT,Steven Sims,-0.5
00-0034928,S.Sims,Steven Sims,WR,PIT,PHI,8,2022,0,0,0.0,0,2,21.0,0,2,3,-1.0,0,2.0,4.0,PIT,Steven Sims,2.0
00-0034928,S.Sims,Steven Sims,WR,PIT,NO,10,2022,0,0,0.0,0,2,2.0,0,1,2,15.0,0,1.7,2.7,PIT,Steven Sims,1.7
00-0034928,S.Sims,Steven Sims,WR,PIT,CIN,11,2022,0,0,0.0,0,1,-3.0,0,0,2,0.0,0,-0.3,-0.3,PIT,Steven Sims,-0.3
00-0034928,S.Sims,Steven Sims,WR,PIT,IND,12,2022,0,0,0.0,0,0,0.0,0,2,3,9.0,0,0.9,2.9,PIT,Steven Sims,0.9
00-0034928,S.Sims,Steven Sims,WR,PIT,ATL,13,2022,0,0,0.0,0,3,19.0,0,0,2,0.0,0,1.9,1.9,PIT,Steven Sims,1.9
00-0034928,S.Sims,Steven Sims,WR,PIT,BAL,14,2022,0,0,0.0,0,1,1.0,0,4,4,30.0,0,3.1,7.1,PIT,Steven Sims,3.1
00-0034928,S.Sims,Steven Sims,WR,PIT,CAR,15,2022,0,0,0.0,0,2,19.0,0,1,2,10.0,0,2.9,3.9,PIT,Steven Sims,2.9
00-0034928,S.Sims,Steven Sims,WR,PIT,LV,16,2022,0,0,0.0,0,0,0.0,0,1,1,7.0,0,0.7,1.7,PIT,Steven Sims,0.7
00-0034928,S.Sims,Steven Sims,WR,PIT,BAL,17,2022,0,0,0.0,0,0,0.0,0,3,4,34.0,0,3.4,6.4,PIT,Steven Sims,3.4
00-0034928,S.Sims,Steven Sims,WR,PIT,CLE,18,2022,0,0,0.0,0,1,16.0,0,0,0,0.0,0,1.6,1.6,PIT,Steven Sims,1.6
00-0034955,B.Rypien,Brett Rypien,QB,DEN,NYJ,7,2022,24,46,225.0,0,3,9.0,0,0,0,0.0,0,7.9,7.9,DEN,Brett Rypien,7.9
00-0034955,B.Rypien,Brett Rypien,QB,DEN,KC,14,2022,4,8,16.0,1,1,0.0,0,0,0,0.0,0,2.64,2.64,DEN,Brett Rypien,2.64
00-0034955,B.Rypien,Brett Rypien,QB,DEN,ARI,15,2022,21,26,197.0,1,2,-2.0,0,0,0,0.0,0,7.68,7.68,DEN,Brett Rypien,7.68
00-0034955,B.Rypien,Brett Rypien,QB,DEN,LA,16,2022,4,8,45.0,0,0,0.0,0,0,0,0.0,0,-0.2,-0.2,DEN,Brett Rypien,-0.2
00-0034959,A.Beck,Andrew Beck,FB,DEN,SEA,1,2022,0,0,0.0,0,0,0.0,0,2,3,52.0,0,5.2,7.2,DEN,Andrew Beck,5.2
00-0034959,A.Beck,Andrew Beck,FB,DEN,HOU,2,2022,0,0,0.0,0,1,-1.0,0,0,0,0.0,0,-0.1,-0.1,DEN,Andrew Beck,-0.1
00-0034959,A.Beck,Andrew Beck,FB,DEN,IND,5,2022,0,0,0.0,0,0,0.0,0,0,1,0.0,0,0.0,0.0,DEN,Andrew Beck,0.0
00-0034959,A.Beck,Andrew Beck,FB,DEN,LAC,6,2022,0,0,0.0,0,0,0.0,0,1,1,7.0,0,0.7,1.7,DEN,Andrew Beck,0.7
00-0034959,A.Beck,Andrew Beck,FB,DEN,NYJ,7,2022,0,0,0.0,0,0,0.0,0,0,1,0.0,0,0.0,0.0,DEN,Andrew Beck,0.0
00-0034959,A.Beck,Andrew Beck,FB,DEN,ARI,15,2022,0,0,0.0,0,1,1.0,0,0,1,0.0,0,0.1,0.1,DEN,Andrew Beck,0.1
00-0034959,A.Beck,Andrew Beck,FB,DEN,KC,17,2022,0,0,0.0,0,0,0.0,0,2,2,10.0,0,1.0,3.0,DEN,Andrew Beck,1.0
00-0034959,A.Beck,Andrew Beck,FB,DEN,LAC,18,2022,0,0,0.0,0,0,0.0,0,0,2,0.0,0,0.0,0.0,DEN,Andrew Beck,0.0
00-0034960,J.Meyers,Jakobi Meyers,WR,NE,MIA,1,2022,0,0,0.0,0,1,7.0,0,4,6,55.0,0,6.2,10.2,NE,Jakobi Meyers,6.2
00-0034960,J.Meyers,Jakobi Meyers,WR,NE,PIT,2,2022,0,0,0.0,0,0,0.0,0,9,13,95.0,0,9.5,18.5,NE,Jakobi Meyers,9.5
00-0034960,J.Meyers,Jakobi Meyers,WR,NE,DET,5,2022,0,0,0.0,0,0,0.0,0,7,8,111.0,1,17.1,24.1,NE,Jakobi Meyers,17.1
00-0034960,J.Meyers,Jakobi Meyers,WR,NE,CLE,6,2022,0,0,0.0,0,0,0.0,0,4,4,60.0,0,6.0,10.0,NE,Jakobi Meyers,6.0
00-0034960,J.Meyers,Jakobi Meyers,WR,NE,CHI,7,2022,0,0,0.0,0,0,0.0,0,2,2,34.0,1,9.4,11.4,NE,Jakobi Meyers,9.4
00-0034960,J.Meyers,Jakobi Meyers,WR,NE,NYJ,8,2022,0,0,0.0,0,0,0.0,0,9,13,60.0,1,12.0,21.0,NE,Jakobi Meyers,12.0
00-0034960,J.Meyers,Jakobi Meyers,WR,NE,IND,9,2022,0,0,0.0,0,1,2.0,0,5,6,42.0,0,2.4,7.4,NE,Jakobi Meyers,2.4
00-0034960,J.Meyers,Jakobi Meyers,WR,NE,NYJ,11,2022,0,0,0.0,0,0,0.0,0,4,6,52.0,0,5.2,9.2,NE,Jakobi Meyers,5.2
00-0034960,J.Meyers,Jakobi Meyers,WR,NE,MIN,12,2022,0,0,0.0,0,0,0.0,0,3,4,62.0,0,6.2,9.2,NE,Jakobi Meyers,6.2
00-0034960,J.Meyers,Jakobi Meyers,WR,NE,BUF,13,2022,0,0,0.0,0,0,0.0,0,3,5,22.0,0,2.2,5.2,NE,Jakobi Meyers,2.2
00-0034960,J.Meyers,Jakobi Meyers,WR,NE,LV,15,2022,0,0,0.0,0,0,0.0,0,2,6,47.0,0,6.7,8.7,NE,Jakobi Meyers,6.7
00-0034960,J.Meyers,Jakobi Meyers,WR,NE,CIN,16,2022,0,0,0.0,0,0,0.0,0,6,7,83.0,1,14.3,20.3,NE,Jakobi Meyers,14.3
00-0034960,J.Meyers,Jakobi Meyers,WR,NE,MIA,17,2022,0,0,0.0,0,0,0.0,0,6,9,49.0,1,10.9,16.9,NE,Jakobi Meyers,10.9
00-0034960,J.Meyers,Jakobi Meyers,WR,NE,BUF,18,2022,0,0,0.0,0,0,0.0,0,3,7,32.0,1,9.2,12.2,NE,Jakobi Meyers,9.2
00-0034970,I.Smith,Irv Smith,TE,MIN,GB,1,2022,0,0,0.0,0,0,0.0,0,0,2,0.0,0,0.0,0.0,MIN,Irv Smith,0.0
00-0034970,I.Smith,Irv Smith,TE,MIN,PHI,2,2022,0,0,0.0,0,0,0.0,0,5,8,36.0,1,9.6,14.6,MIN,Irv Smith,9.6
00-0034970,I.Smith,Irv Smith,TE,MIN,DET,3,2022,0,0,0.0,0,0,0.0,0,2,6,32.0,0,3.2,5.2,MIN,Irv Smith,3.2
00-0034970,I.Smith,Irv Smith,TE,MIN,NO,4,2022,0,0,0.0,0,0,0.0,0,3,4,23.0,0,2.3,5.3,MIN,Irv Smith,2.3
00-0034970,I.Smith,Irv Smith,TE,MIN,CHI,5,2022,0,0,0.0,0,0,0.0,0,4,5,42.0,0,4.2,8.2,MIN,Irv Smith,4.2
00-0034970,I.Smith,Irv Smith,TE,MIN,MIA,6,2022,0,0,0.0,0,0,0.0,0,4,4,7.0,1,6.7,10.7,MIN,Irv Smith,6.7
00-0034970,I.Smith,Irv Smith,TE,MIN,ARI,8,2022,0,0,0.0,0,0,0.0,0,4,4,28.0,0,2.8,6.8,MIN,Irv Smith,2.8
00-0034970,I.Smith,Irv Smith,TE,MIN,CHI,18,2022,0,0,0.0,0,0,0.0,0,3,3,14.0,0,1.4,4.4,MIN,Irv Smith,1.4
00-0034970,I.Smith,Irv Smith,TE,MIN,NYG,19,2022,0,0,0.0,0,0,0.0,0,1,2,3.0,1,6.3,7.3,MIN,Irv Smith,6.3
00-0034972,A.Mattison,Alexander Mattison,RB,MIN,GB,1,2022,0,0,0.0,0,8,36.0,0,0,0,0.0,0,3.6,3.6,MIN,Alexander Mattison,3.6
00-0034972,A.Mattison,Alexander Mattison,RB,MIN,PHI,2,2022,0,0,0.0,0,2,8.0,0,3,5,6.0,0,1.4,4.4,MIN,Alexander Mattison,1.4
00-0034972,A.Mattison,Alexander Mattison,RB,MIN,DET,3,2022,0,0,0.0,0,7,28.0,1,1,1,16.0,0,10.4,11.4,MIN,Alexander Mattison,10.4
00-0034972,A.Mattison,Alexander Mattison,RB,MIN,NO,4,2022,0,0,0.0,0,3,3.0,0,1,1,15.0,1,7.8,8.8,MIN,Alexander Mattison,7.8
00-0034972,A.Mattison,Alexander Mattison,RB,MIN,CHI,5,2022,0,0,0.0,0,9,19.0,0,3,4,21.0,0,4.0,7.0,MIN,Alexander Mattison,4.0
00-0034972,A.Mattison,Alexander Mattison,RB,MIN,MIA,6,2022,0,0,0.0,0,1,3.0,0,0,0,0.0,0,0.3,0.3,MIN,Alexander Mattison,0.3
00-0034972,A.Mattison,Alexander Mattison,RB,MIN,ARI,8,2022,0,0,0.0,0,5,40.0,1,0,0,0.0,0,10.0,10.0,MIN,Alexander Mattison,10.0
00-0034972,A.Mattison,Alexander Mattison,RB,MIN,WAS,9,2022,0,0,0.0,0,2,1.0,0,1,1,0.0,0,0.1,1.1,MIN,Alexander Mattison,0.1
00-0034972,A.Mattison,Alexander Mattison,RB,MIN,BUF,10,2022,0,0,0.0,0,3,11.0,0,1,1,8.0,0,1.9,2.9,MIN,Alexander Mattison,1.9
00-0034972,A.Mattison,Alexander Mattison,RB,MIN,DAL,11,2022,0,0,0.0,0,2,0.0,0,1,1,8.0,0,0.8,1.8,MIN,Alexander Mattison,0.8
00-0034972,A.Mattison,Alexander Mattison,RB,MIN,NE,12,2022,0,0,0.0,0,3,11.0,0,0,0,0.0,0,1.1,1.1,MIN,Alexander Mattison,1.1
00-0034972,A.Mattison,Alexander Mattison,RB,MIN,NYJ,13,2022,0,0,0.0,0,3,14.0,1,2,2,4.0,0,7.8,9.8,MIN,Alexander Mattison,7.8
00-0034972,A.Mattison,Alexander Mattison,RB,MIN,DET,14,2022,0,0,0.0,0,2,-1.0,0,0,0,0.0,0,-0.1,-0.1,MIN,Alexander Mattison,-0.1
00-0034972,A.Mattison,Alexander Mattison,RB,MIN,IND,15,2022,0,0,0.0,0,2,1.0,0,0,0,0.0,0,0.1,0.1,MIN,Alexander Mattison,0.1
00-0034972,A.Mattison,Alexander Mattison,RB,MIN,NYG,16,2022,0,0,0.0,0,4,17.0,0,0,0,0.0,0,1.7,1.7,MIN,Alexander Mattison,1.7
00-0034972,A.Mattison,Alexander Mattison,RB,MIN,GB,17,2022,0,0,0.0,0,8,38.0,0,1,1,7.0,0,4.5,5.5,MIN,Alexander Mattison,4.5
00-0034972,A.Mattison,Alexander Mattison,RB,MIN,CHI,18,2022,0,0,0.0,0,10,54.0,2,1,1,6.0,0,18.0,19.0,MIN,Alexander Mattison,18.0
00-0034972,A.Mattison,Alexander Mattison,RB,MIN,NYG,19,2022,0,0,0.0,0,0,0.0,0,1,1,2.0,0,0.2,1.2,MIN,Alexander Mattison,0.2
00-0034975,J.Hill,Justice Hill,RB,BAL,NYJ,1,2022,0,0,0.0,0,2,4.0,0,2,2,7.0,0,1.1,3.1,BAL,Justice Hill,1.1
00-0034975,J.Hill,Justice Hill,RB,BAL,MIA,2,2022,0,0,0.0,0,3,16.0,0,0,0,0.0,0,1.6,1.6,BAL,Justice Hill,1.6
00-0034975,J.Hill,Justice Hill,RB,BAL,NE,3,2022,0,0,0.0,0,6,60.0,0,0,0,0.0,0,6.0,6.0,BAL,Justice Hill,6.0
00-0034975,J.Hill,Justice Hill,RB,BAL,BUF,4,2022,0,0,0.0,0,8,45.0,0,2,2,12.0,0,5.7,7.7,BAL,Justice Hill,5.7
00-0034975,J.Hill,Justice Hill,RB,BAL,CLE,7,2022,0,0,0.0,0,5,26.0,0,0,0,0.0,0,0.6,0.6,BAL,Justice Hill,0.6
00-0034975,J.Hill,Justice Hill,RB,BAL,TB,8,2022,0,0,0.0,0,4,28.0,0,0,0,0.0,0,2.8,2.8,BAL,Justice Hill,2.8
00-0034975,J.Hill,Justice Hill,RB,BAL,NO,9,2022,0,0,0.0,0,4,11.0,0,1,1,8.0,0,1.9,2.9,BAL,Justice Hill,1.9
00-0034975,J.Hill,Justice Hill,RB,BAL,CAR,11,2022,0,0,0.0,0,7,30.0,0,3,3,8.0,0,3.8,6.8,BAL,Justice Hill,3.8
00-0034975,J.Hill,Justice Hill,RB,BAL,JAX,12,2022,0,0,0.0,0,1,3.0,0,0,0,0.0,0,0.3,0.3,BAL,Justice Hill,0.3
00-0034975,J.Hill,Justice Hill,RB,BAL,DEN,13,2022,0,0,0.0,0,1,2.0,0,2,2,4.0,0,0.6,2.6,BAL,Justice Hill,0.6
00-0034975,J.Hill,Justice Hill,RB,BAL,CLE,15,2022,0,0,0.0,0,1,3.0,0,1,1,15.0,0,1.8,2.8,BAL,Justice Hill,1.8
00-0034975,J.Hill,Justice Hill,RB,BAL,ATL,16,2022,0,0,0.0,0,0,0.0,0,1,1,4.0,0,0.4,1.4,BAL,Justice Hill,0.4
00-0034975,J.Hill,Justice Hill,RB,BAL,CIN,18,2022,0,0,0.0,0,7,34.0,0,0,0,0.0,0,3.4,3.4,BAL,Justice Hill,3.4
00-0034975,J.Hill,Justice Hill,RB,BAL,CIN,19,2022,0,0,0.0,0,0,0.0,0,2,2,10.0,0,1.0,3.0,BAL,Justice Hill,1.0
00-0034981,F.Moreau,Foster Moreau,TE,LV,ARI,2,2022,0,0,0.0,0,0,0.0,0,3,4,30.0,0,3.0,6.0,LV,Foster Moreau,3.0
00-0034981,F.Moreau,Foster Moreau,TE,LV,TEN,3,2022,0,0,0.0,0,0,0.0,0,3,4,44.0,0,4.4,7.4,LV,Foster Moreau,4.4
00-0034981,F.Moreau,Foster Moreau,TE,LV,HOU,7,2022,0,0,0.0,0,0,0.0,0,3,5,28.0,0,2.8,5.8,LV,Foster Moreau,2.8
00-0034981,F.Moreau,Foster Moreau,TE,LV,NO,8,2022,0,0,0.0,0,0,0.0,0,6,9,31.0,0,3.1,9.1,LV,Foster Moreau,3.1
00-0034981,F.Moreau,Foster Moreau,TE,LV,JAX,9,2022,0,0,0.0,0,0,0.0,0,2,5,42.0,0,4.2,6.2,LV,Foster Moreau,4.2
00-0034981,F.Moreau,Foster Moreau,TE,LV,IND,10,2022,0,0,0.0,0,0,0.0,0,3,4,43.0,1,10.3,13.3,LV,Foster Moreau,10.3
00-0034981,F.Moreau,Foster Moreau,TE,LV,DEN,11,2022,0,0,0.0,0,0,0.0,0,1,3,33.0,0,3.3,4.3,LV,Foster Moreau,3.3
00-0034981,F.Moreau,Foster Moreau,TE,LV,SEA,12,2022,0,0,0.0,0,0,0.0,0,3,7,33.0,1,9.3,12.3,LV,Foster Moreau,9.3
00-0034981,F.Moreau,Foster Moreau,TE,LV,LAC,13,2022,0,0,0.0,0,0,0.0,0,1,3,32.0,0,3.2,4.2,LV,Foster Moreau,3.2
00-0034981,F.Moreau,Foster Moreau,TE,LV,LA,14,2022,0,0,0.0,0,0,0.0,0,0,1,0.0,0,0.0,0.0,LV,Foster Moreau,0.0
00-0034981,F.Moreau,Foster Moreau,TE,LV,NE,15,2022,0,0,0.0,0,0,0.0,0,2,2,20.0,0,2.0,4.0,LV,Foster Moreau,2.0
00-0034981,F.Moreau,Foster Moreau,TE,LV,PIT,16,2022,0,0,0.0,0,0,0.0,0,2,3,19.0,0,1.9,3.9,LV,Foster Moreau,1.9
00-0034981,F.Moreau,Foster Moreau,TE,LV,SF,17,2022,0,0,0.0,0,0,0.0,0,3,3,55.0,0,5.5,8.5,LV,Foster Moreau,5.5
00-0034981,F.Moreau,Foster Moreau,TE,LV,KC,18,2022,0,0,0.0,0,0,0.0,0,1,1,10.0,0,1.0,2.0,LV,Foster Moreau,1.0
00-0034983,H.Renfrow,Hunter Renfrow,WR,LV,LAC,1,2022,0,0,0.0,0,0,0.0,0,3,6,21.0,0,2.1,5.1,LV,Hunter Renfrow,2.1
00-0034983,H.Renfrow,Hunter Renfrow,WR,LV,ARI,2,2022,0,0,0.0,0,0,0.0,0,7,10,59.0,0,3.9,10.9,LV,Hunter Renfrow,3.9
00-0034983,H.Renfrow,Hunter Renfrow,WR,LV,KC,5,2022,0,0,0.0,0,0,0.0,0,4,4,25.0,0,2.5,6.5,LV,Hunter Renfrow,2.5
00-0034983,H.Renfrow,Hunter Renfrow,WR,LV,HOU,7,2022,0,0,0.0,0,0,0.0,0,3,3,55.0,0,5.5,8.5,LV,Hunter Renfrow,5.5
00-0034983,H.Renfrow,Hunter Renfrow,WR,LV,NO,8,2022,0,0,0.0,0,0,0.0,0,1,2,6.0,0,0.6,1.6,LV,Hunter Renfrow,0.6
00-0034983,H.Renfrow,Hunter Renfrow,WR,LV,JAX,9,2022,0,0,0.0,0,0,0.0,0,3,4,26.0,0,2.6,5.6,LV,Hunter Renfrow,2.6
00-0034983,H.Renfrow,Hunter Renfrow,WR,LV,NE,15,2022,0,0,0.0,0,0,0.0,0,1,3,14.0,0,1.4,2.4,LV,Hunter Renfrow,1.4
00-0034983,H.Renfrow,Hunter Renfrow,WR,LV,PIT,16,2022,0,0,0.0,0,0,0.0,0,4,7,42.0,1,10.2,14.2,LV,Hunter Renfrow,10.2
00-0034983,H.Renfrow,Hunter Renfrow,WR,LV,SF,17,2022,0,0,0.0,0,0,0.0,0,3,4,19.0,0,1.9,4.9,LV,Hunter Renfrow,1.9
00-0034983,H.Renfrow,Hunter Renfrow,WR,LV,KC,18,2022,0,0,0.0,0,0,0.0,0,7,7,63.0,1,12.3,19.3,LV,Hunter Renfrow,12.3
00-0035021,A.Dulin,Ashton Dulin,WR,IND,HOU,1,2022,0,0,0.0,0,0,0.0,0,3,6,46.0,0,4.6,7.6,IND,Ashton Dulin,4.6
00-0035021,A.Dulin,Ashton Dulin,WR,IND,JAX,2,2022,0,0,0.0,0,1,3.0,0,5,7,79.0,0,8.2,13.2,IND,Ashton Dulin,8.2
00-0035021,A.Dulin,Ashton Dulin,WR,IND,KC,3,2022,0,0,0.0,0,0,0.0,0,1,1,7.0,0,0.7,1.7,IND,Ashton Dulin,0.7
00-0035021,A.Dulin,Ashton Dulin,WR,IND,TEN,4,2022,0,0,0.0,0,0,0.0,0,2,3,18.0,0,1.8,3.8,IND,Ashton Dulin,1.8
00-0035021,A.Dulin,Ashton Dulin,WR,IND,DEN,5,2022,0,0,0.0,0,0,0.0,0,1,1,18.0,0,1.8,2.8,IND,Ashton Dulin,1.8
00-0035021,A.Dulin,Ashton Dulin,WR,IND,DAL,13,2022,0,0,0.0,0,0,0.0,0,1,2,14.0,1,7.4,8.4,IND,Ashton Dulin,7.4
00-0035021,A.Dulin,Ashton Dulin,WR,IND,MIN,15,2022,0,0,0.0,0,1,5.0,0,2,2,25.0,0,3.0,5.0,IND,Ashton Dulin,3.0
00-0035022,P.Hart,Penny Hart,WR,SEA,ATL,3,2022,0,0,0.0,0,0,0.0,0,1,1,15.0,0,1.5,2.5,SEA,Penny Hart,1.5
00-0035022,P.Hart,Penny Hart,WR,SEA,SF,15,2022,0,0,0.0,0,0,0.0,0,1,1,3.0,0,0.3,1.3,SEA,Penny Hart,0.3
00-0035022,P.Hart,Penny Hart,WR,SEA,KC,16,2022,0,0,0.0,0,0,0.0,0,1,2,2.0,0,0.2,1.2,SEA,Penny Hart,0.2
00-0035040,D.Blough,David Blough,QB,ARI,ATL,17,2022,24,40,222.0,1,2,7.0,0,0,0,0.0,0,13.58,13.58,ARI,David Blough,13.58
00-0035040,D.Blough,David Blough,QB,ARI,SF,18,2022,14,18,180.0,1,2,-2.0,0,0,0,0.0,0,5.0,5.0,ARI,David Blough,5.0
00-0035042,J.Gillan,Jamie Gillan,P,NYG,GB,5,2022,0,0,0.0,0,1,-3.0,0,0,0,0.0,0,-0.3,-0.3,NYG,Jamie Gillan,-0.3
00-0035042,J.Gillan,Jamie Gillan,P,NYG,PHI,14,2022,0,0,0.0,0,1,0.0,0,0,0,0.0,0,0.0,0.0,NYG,Jamie Gillan,0.0
00-0035042,J.Gillan,Jamie Gillan,P,NYG,PHI,18,2022,0,0,0.0,0,0,0.0,0,0,0,0.0,0,0.0,0.0,NYG,Jamie Gillan,0.0
00-0035099,K.Blasingame,Khari Blasingame,FB,CHI,NYJ,12,2022,0,0,0.0,0,0,0.0,0,0,1,0.0,0,0.0,0.0,CHI,Khari Blasingame,0.0
00-0035125,A.Ingold,Alec Ingold,FB,MIA,NE,1,2022,0,0,0.0,0,1,2.0,0,1,2,8.0,0,1.0,2.0,MIA,Alec Ingold,1.0
00-0035125,A.Ingold,Alec Ingold,FB,MIA,BAL,2,2022,0,0,0.0,0,1,1.0,0,2,2,15.0,0,1.6,3.6,MIA,Alec Ingold,1.6
00-0035125,A.Ingold,Alec Ingold,FB,MIA,BUF,3,2022,0,0,0.0,0,1,0.0,0,0,1,0.0,0,0.0,0.0,MIA,Alec Ingold,0.0
00-0035125,A.Ingold,Alec Ingold,FB,MIA,MIN,6,2022,0,0,0.0,0,1,2.0,0,2,2,10.0,0,1.2,3.2,MIA,Alec Ingold,1.2
00-0035125,A.Ingold,Alec Ingold,FB,MIA,DET,8,2022,0,0,0.0,0,1,1.0,1,1,1,5.0,0,6.6,7.6,MIA,Alec Ingold,6.6
00-0035125,A.Ingold,Alec Ingold,FB,MIA,CLE,10,2022,0,0,0.0,0,0,0.0,0,4,4,45.0,1,10.5,14.5,MIA,Alec Ingold,10.5
00-0035125,A.Ingold,Alec Ingold,FB,MIA,HOU,12,2022,0,0,0.0,0,0,0.0,0,1,1,0.0,0,0.0,1.0,MIA,Alec Ingold,0.0
00-0035125,A.Ingold,Alec Ingold,FB,MIA,SF,13,2022,0,0,0.0,0,0,0.0,0,3,4,15.0,0,1.5,4.5,MIA,Alec Ingold,1.5
00-0035125,A.Ingold,Alec Ingold,FB,MIA,LAC,14,2022,0,0,0.0,0,0,0.0,0,0,1,0.0,0,0.0,0.0,MIA,Alec Ingold,0.0
00-0035125,A.Ingold,Alec Ingold,FB,MIA,BUF,15,2022,0,0,0.0,0,1,2.0,0,1,2,7.0,0,0.9,1.9,MIA,Alec Ingold,0.9
00-0035125,A.Ingold,Alec Ingold,FB,MIA,GB,16,2022,0,0,0.0,0,0,0.0,0,0,2,0.0,0,0.0,0.0,MIA,Alec Ingold,0.0
00-0035125,A.Ingold,Alec Ingold,FB,MIA,NE,17,2022,0,0,0.0,0,0,0.0,0,0,1,0.0,0,0.0,0.0,MIA,Alec Ingold,0.0
00-0035133,K.Nixon,Keisean Nixon,CB,GB,MIN,17,2022,0,0,0.0,0,0,0.0,0,0,0,0.0,0,6.0,6.0,GB,Keisean Nixon,6.0
00-0035140,M.Hardman,Mecole Hardman,WR,KC,ARI,1,2022,0,0,0.0,0,0,0.0,0,3,6,16.0,1,7.6,10.6,KC,Mecole Hardman,7.6
00-0035140,M.Hardman,Mecole Hardman,WR,KC,LAC,2,2022,0,0,0.0,0,1,-4.0,0,3,4,49.0,0,4.5,7.5,KC,Mecole Hardman,4.5
00-0035140,M.Hardman,Mecole Hardman,WR,KC,IND,3,2022,0,0,0.0,0,0,0.0,0,1,1,2.0,0,0.2,1.2,KC,Mecole Hardman,0.2
00-0035140,M.Hardman,Mecole Hardman,WR,KC,TB,4,2022,0,0,0.0,0,0,0.0,0,1,1,4.0,0,0.4,1.4,KC,Mecole Hardman,0.4
00-0035140,M.Hardman,Mecole Hardman,WR,KC,LV,5,2022,0,0,0.0,0,1,7.0,0,4,5,73.0,0,8.0,12.0,KC,Mecole Hardman,8.0
00-0035140,M.Hardman,Mecole Hardman,WR,KC,BUF,6,2022,0,0,0.0,0,0,0.0,0,3,4,42.0,1,10.2,13.2,KC,Mecole Hardman,10.2
00-0035140,M.Hardman,Mecole Hardman,WR,KC,SF,7,2022,0,0,0.0,0,2,28.0,2,4,4,32.0,1,24.0,28.0,KC,Mecole Hardman,24.0
00-0035140,M.Hardman,Mecole Hardman,WR,KC,TEN,9,2022,0,0,0.0,0,0,0.0,0,6,9,79.0,1,13.9,19.9,KC,Mecole Hardman,13.9
00-0035140,M.Hardman,Mecole Hardman,WR,KC,CIN,21,2022,0,0,0.0,0,2,7.0,0,2,3,10.0,0,1.7,3.7,KC,Mecole Hardman,1.7
00-0035146,T.McSorley,Trace McSorley,QB,ARI,KC,1,2022,2,4,12.0,0,3,20.0,0,0,0,0.0,0,2.48,2.48,ARI,Trace McSorley,2.48
00-0035146,T.McSorley,Trace McSorley,QB,ARI,SF,11,2022,6,10,59.0,0,1,6.0,0,0,0,0.0,0,0.96,0.96,ARI,Trace McSorley,0.96
00-0035146,T.McSorley,Trace McSorley,QB,ARI,DEN,15,2022,7,15,95.0,0,1,8.0,0,0,0,0.0,0,0.6,0.6,ARI,Trace McSorley,0.6
00-0035146,T.McSorley,Trace McSorley,QB,ARI,TB,16,2022,24,45,217.0,0,7,14.0,0,0,0,0.0,0,4.08,4.08,ARI,Trace McSorley,4.08
00-0035146,T.McSorley,Trace McSorley,QB,ARI,SF,18,2022,6,9,29.0,0,3,13.0,0,0,0,0.0,0,0.46,0.46,ARI,Trace McSorley,0.46
00-0035156,J.Fox,Jack Fox,P,DET,SEA,4,2022,1,1,6.0,0,0,0.0,0,0,0,0.0,0,0.24,0.24,DET,Jack Fox,0.24
00-0035184,D.Ozigbo,Devine Ozigbo,RB,DEN,IND,5,2022,0,0,0.0,0,1,2.0,0,0,0,0.0,0,0.2,0.2,DEN,Devine Ozigbo,0.2
00-0035184,D.Ozigbo,Devine Ozigbo,RB,DEN,CAR,12,2022,0,0,0.0,0,0,0.0,0,1,1,3.0,0,0.3,1.3,DEN,Devine Ozigbo,0.3
00-0035184,D.Ozigbo,Devine Ozigbo,RB,DEN,ARI,15,2022,0,0,0.0,0,2,2.0,0,0,0,0.0,0,0.2,0.2,DEN,Devine Ozigbo,0.2
00-0035208,O.Zaccheaus,Olamide Zaccheaus,WR,ATL,NO,1,2022,0,0,0.0,0,0,0.0,0,4,4,49.0,0,2.9,6.9,ATL,Olamide Zaccheaus,2.9
00-0035208,O.Zaccheaus,Olamide Zaccheaus,WR,ATL,LA,2,2022,0,0,0.0,0,0,0.0,0,2,2,21.0,1,8.1,10.1,ATL,Olamide Zaccheaus,8.1
00-0035208,O.Zaccheaus,Olamide Zaccheaus,WR,ATL,SEA,3,2022,0,0,0.0,0,0,0.0,0,2,2,49.0,0,4.9,6.9,ATL,Olamide Zaccheaus,4.9
00-0035208,O.Zaccheaus,Olamide Zaccheaus,WR,ATL,CLE,4,2022,0,0,0.0,0,0,0.0,0,2,2,55.0,0,5.5,7.5,ATL,Olamide Zaccheaus,5.5
00-0035208,O.Zaccheaus,Olamide Zaccheaus,WR,ATL,TB,5,2022,0,0,0.0,0,0,0.0,0,2,4,39.0,1,9.9,11.9,ATL,Olamide Zaccheaus,9.9
00-0035208,O.Zaccheaus,Olamide Zaccheaus,WR,ATL,SF,6,2022,0,0,0.0,0,0,0.0,0,4,4,58.0,0,5.8,9.8,ATL,Olamide Zaccheaus,5.8
00-0035208,O.Zaccheaus,Olamide Zaccheaus,WR,ATL,CIN,7,2022,0,0,0.0,0,0,0.0,0,3,4,31.0,0,3.1,6.1,ATL,Olamide Zaccheaus,3.1
00-0035208,O.Zaccheaus,Olamide Zaccheaus,WR,ATL,CAR,8,2022,0,0,0.0,0,1,-6.0,0,1,1,10.0,0,0.4,1.4,ATL,Olamide Zaccheaus,0.4
00-0035208,O.Zaccheaus,Olamide Zaccheaus,WR,ATL,LAC,9,2022,0,0,0.0,0,0,0.0,0,2,2,19.0,0,1.9,3.9,ATL,Olamide Zaccheaus,1.9
00-0035208,O.Zaccheaus,Olamide Zaccheaus,WR,ATL,CAR,10,2022,0,0,0.0,0,0,0.0,0,2,4,34.0,0,3.4,5.4,ATL,Olamide Zaccheaus,3.4
00-0035208,O.Zaccheaus,Olamide Zaccheaus,WR,ATL,CHI,11,2022,0,0,0.0,0,1,13.0,0,1,2,9.0,0,2.2,3.2,ATL,Olamide Zaccheaus,2.2
00-0035208,O.Zaccheaus,Olamide Zaccheaus,WR,ATL,WAS,12,2022,0,0,0.0,0,0,0.0,0,5,8,91.0,0,9.1,14.1,ATL,Olamide Zaccheaus,9.1
00-0035208,O.Zaccheaus,Olamide Zaccheaus,WR,ATL,PIT,13,2022,0,0,0.0,0,0,0.0,0,2,5,13.0,0,1.3,3.3,ATL,Olamide Zaccheaus,1.3
00-0035208,O.Zaccheaus,Olamide Zaccheaus,WR,ATL,NO,15,2022,0,0,0.0,0,0,0.0,0,0,3,0.0,0,0.0,0.0,ATL,Olamide Zaccheaus,0.0
00-0035208,O.Zaccheaus,Olamide Zaccheaus,WR,ATL,BAL,16,2022,0,0,0.0,0,0,0.0,0,4,7,18.0,0,1.8,5.8,ATL,Olamide Zaccheaus,1.8
00-0035208,O.Zaccheaus,Olamide Zaccheaus,WR,ATL,TB,18,2022,0,0,0.0,0,0,0.0,0,4,7,37.0,1,9.7,13.7,ATL,Olamide Zaccheaus,9.7
00-0035215,D.Harty,Deonte Harty,WR,NO,ATL,1,2022,0,0,0.0,0,0,0.0,0,1,1,4.0,0,0.4,1.4,NO,Deonte Harty,0.4
00-0035215,D.Harty,Deonte Harty,WR,NO,TB,2,2022,0,0,0.0,0,0,0.0,0,1,1,9.0,0,0.9,1.9,NO,Deonte Harty,0.9
00-0035216,D.Johnson,Diontae Johnson,WR,PIT,CIN,1,2022,0,0,0.0,0,0,0.0,0,7,12,55.0,0,5.5,12.5,PIT,Diontae Johnson,5.5
00-0035216,D.Johnson,Diontae Johnson,WR,PIT,NE,2,2022,0,0,0.0,0,0,0.0,0,6,10,57.0,0,7.7,13.7,PIT,Diontae Johnson,7.7
00-0035216,D.Johnson,Diontae Johnson,WR,PIT,CLE,3,2022,0,0,0.0,0,0,0.0,0,8,11,84.0,0,8.4,16.4,PIT,Diontae Johnson,8.4
00-0035216,D.Johnson,Diontae Johnson,WR,PIT,NYJ,4,2022,0,0,0.0,0,2,11.0,0,2,4,11.0,0,2.2,4.2,PIT,Diontae Johnson,2.2
00-0035216,D.Johnson,Diontae Johnson,WR,PIT,BUF,5,2022,0,0,0.0,0,0,0.0,0,5,13,60.0,0,6.0,11.0,PIT,Diontae Johnson,6.0
00-0035216,D.Johnson,Diontae Johnson,WR,PIT,TB,6,2022,0,0,0.0,0,2,8.0,0,5,7,28.0,0,3.6,8.6,PIT,Diontae Johnson,3.6
00-0035216,D.Johnson,Diontae Johnson,WR,PIT,MIA,7,2022,0,0,0.0,0,1,3.0,0,5,10,42.0,0,4.5,9.5,PIT,Diontae Johnson,4.5
00-0035216,D.Johnson,Diontae Johnson,WR,PIT,PHI,8,2022,0,0,0.0,0,0,0.0,0,5,9,35.0,0,3.5,8.5,PIT,Diontae Johnson,3.5
00-0035216,D.Johnson,Diontae Johnson,WR,PIT,NO,10,2022,0,0,0.0,0,0,0.0,0,4,5,63.0,0,6.3,10.3,PIT,Diontae Johnson,6.3
00-0035216,D.Johnson,Diontae Johnson,WR,PIT,CIN,11,2022,0,0,0.0,0,1,1.0,0,4,5,21.0,0,2.2,6.2,PIT,Diontae Johnson,2.2
00-0035216,D.Johnson,Diontae Johnson,WR,PIT,IND,12,2022,0,0,0.0,0,0,0.0,0,5,8,49.0,0,4.9,9.9,PIT,Diontae Johnson,4.9
00-0035216,D.Johnson,Diontae Johnson,WR,PIT,ATL,13,2022,0,0,0.0,0,0,0.0,0,5,11,60.0,0,6.0,11.0,PIT,Diontae Johnson,6.0
00-0035216,D.Johnson,Diontae Johnson,WR,PIT,BAL,14,2022,0,0,0.0,0,0,0.0,0,6,8,82.0,0,8.2,14.2,PIT,Diontae Johnson,8.2
00-0035216,D.Johnson,Diontae Johnson,WR,PIT,CAR,15,2022,0,0,0.0,0,1,2.0,0,10,10,98.0,0,10.0,20.0,PIT,Diontae Johnson,10.0
00-0035216,D.Johnson,Diontae Johnson,WR,PIT,LV,16,2022,0,0,0.0,0,0,0.0,0,5,7,64.0,0,6.4,11.4,PIT,Diontae Johnson,6.4
00-0035216,D.Johnson,Diontae Johnson,WR,PIT,BAL,17,2022,0,0,0.0,0,0,0.0,0,2,7,35.0,0,3.5,5.5,PIT,Diontae Johnson,3.5
00-0035216,D.Johnson,Diontae Johnson,WR,PIT,CLE,18,2022,0,0,0.0,0,0,0.0,0,2,10,38.0,0,5.8,7.8,PIT,Diontae Johnson,5.8
00-0035217,B.Snell,Benny Snell,RB,PIT,IND,12,2022,0,0,0.0,0,12,62.0,1,1,1,6.0,0,12.8,13.8,PIT,Benny Snell,12.8
00-0035217,B.Snell,Benny Snell,RB,PIT,ATL,13,2022,0,0,0.0,0,6,24.0,0,1,1,11.0,0,3.5,4.5,PIT,Benny Snell,3.5
00-0035217,B.Snell,Benny Snell,RB,PIT,BAL,14,2022,0,0,0.0,0,2,4.0,0,0,0,0.0,0,0.4,0.4,PIT,Benny Snell,0.4
00-0035222,Z.Gentry,Zach Gentry,TE,PIT,CIN,1,2022,0,0,0.0,0,0,0.0,0,2,2,40.0,0,4.0,6.0,PIT,Zach Gentry,4.0
00-0035222,Z.Gentry,Zach Gentry,TE,PIT,NYJ,4,2022,0,0,0.0,0,0,0.0,0,1,1,2.0,0,0.2,1.2,PIT,Zach Gentry,0.2
00-0035222,Z.Gentry,Zach Gentry,TE,PIT,BUF,5,2022,0,0,0.0,0,0,0.0,0,5,6,43.0,0,4.3,9.3,PIT,Zach Gentry,4.3
00-0035222,Z.Gentry,Zach Gentry,TE,PIT,TB,6,2022,0,0,0.0,0,0,0.0,0,1,1,4.0,0,0.4,1.4,PIT,Zach Gentry,0.4
00-0035222,Z.Gentry,Zach Gentry,TE,PIT,MIA,7,2022,0,0,0.0,0,0,0.0,0,2,2,0.0,0,0.0,2.0,PIT,Zach Gentry,0.0
00-0035222,Z.Gentry,Zach Gentry,TE,PIT,PHI,8,2022,0,0,0.0,0,0,0.0,0,1,1,3.0,0,0.3,1.3,PIT,Zach Gentry,0.3
00-0035222,Z.Gentry,Zach Gentry,TE,PIT,NO,10,2022,0,0,0.0,0,0,0.0,0,0,1,0.0,0,0.0,0.0,PIT,Zach Gentry,0.0
00-0035222,Z.Gentry,Zach Gentry,TE,PIT,CIN,11,2022,0,0,0.0,0,0,0.0,0,2,3,8.0,0,0.8,2.8,PIT,Zach Gentry,0.8
00-0035222,Z.Gentry,Zach Gentry,TE,PIT,IND,12,2022,0,0,0.0,0,0,0.0,0,1,1,-4.0,0,-0.4,0.6,PIT,Zach Gentry,-0.4
00-0035222,Z.Gentry,Zach Gentry,TE,PIT,ATL,13,2022,0,0,0.0,0,0,0.0,0,1,1,8.0,0,0.8,1.8,PIT,Zach Gentry,0.8
00-0035222,Z.Gentry,Zach Gentry,TE,PIT,BAL,14,2022,0,0,0.0,0,0,0.0,0,0,1,0.0,0,0.0,0.0,PIT,Zach Gentry,0.0
00-0035222,Z.Gentry,Zach Gentry,TE,PIT,CAR,15,2022,0,0,0.0,0,0,0.0,0,1,1,4.0,0,0.4,1.4,PIT,Zach Gentry,0.4
00-0035222,Z.Gentry,Zach Gentry,TE,PIT,LV,16,2022,0,0,0.0,0,0,0.0,0,1,1,1.0,0,0.1,1.1,PIT,Zach Gentry,0.1
00-0035222,Z.Gentry,Zach Gentry,TE,PIT,CLE,18,2022,0,0,0.0,0,0,0.0,0,1,1,23.0,0,2.3,3.3,PIT,Zach Gentry,2.3
00-0035228,K.Murray,Kyler Murray,QB,ARI,KC,1,2022,22,34,193.0,2,5,29.0,0,0,0,0.0,0,20.62,20.62,ARI,Kyler Murray,20.62
00-0035228,K.Murray,Kyler Murray,QB,ARI,LV,2,2022,31,49,277.0,1,5,28.0,1,0,0,0.0,0,25.88,25.88,ARI,Kyler Murray,25.88
00-0035228,K.Murray,Kyler Murray,QB,ARI,LA,3,2022,37,58,314.0,0,2,8.0,0,0,0,0.0,0,13.36,13.36,ARI,Kyler Murray,13.36
00-0035228,K.Murray,Kyler Murray,QB,ARI,CAR,4,2022,23,32,207.0,2,12,26.0,1,0,0,0.0,0,22.88,22.88,ARI,Kyler Murray,22.88
00-0035228,K.Murray,Kyler Murray,QB,ARI,PHI,5,2022,28,42,250.0,1,4,42.0,0,0,0,0.0,0,16.2,16.2,ARI,Kyler Murray,16.2
00-0035228,K.Murray,Kyler Murray,QB,ARI,SEA,6,2022,23,37,222.0,0,10,100.0,0,0,0,0.0,0,14.88,14.88,ARI,Kyler Murray,14.88
00-0035228,K.Murray,Kyler Murray,QB,ARI,NO,7,2022,20,29,204.0,1,7,30.0,0,0,0,0.0,0,17.16,17.16,ARI,Kyler Murray,17.16
00-0035228,K.Murray,Kyler Murray,QB,ARI,MIN,8,2022,31,44,326.0,3,6,36.0,0,0,0,0.0,0,24.64,24.64,ARI,Kyler Murray,24.64
00-0035228,K.Murray,Kyler Murray,QB,ARI,SEA,9,2022,25,35,175.0,2,8,60.0,0,0,0,0.0,0,19.0,19.0,ARI,Kyler Murray,19.0
00-0035228,K.Murray,Kyler Murray,QB,ARI,LAC,12,2022,18,29,191.0,2,7,56.0,1,0,0,0.0,0,25.24,25.24,ARI,Kyler Murray,25.24
00-0035228,K.Murray,Kyler Murray,QB,ARI,NE,14,2022,1,1,9.0,0,1,3.0,0,0,0,0.0,0,0.66,0.66,ARI,Kyler Murray,0.66
00-0035229,T.Hockenson,T.J. Hockenson,TE,DET,PHI,1,2022,0,0,0.0,0,0,0.0,0,4,7,38.0,0,3.8,7.8,DET,T.J. Hockenson,3.8
00-0035229,T.Hockenson,T.J. Hockenson,TE,DET,WAS,2,2022,0,0,0.0,0,0,0.0,0,3,7,26.0,0,2.6,5.6,DET,T.J. Hockenson,2.6
00-0035229,T.Hockenson,T.J. Hockenson,TE,DET,MIN,3,2022,0,0,0.0,0,0,0.0,0,3,4,18.0,1,7.8,10.8,DET,T.J. Hockenson,7.8
00-0035229,T.Hockenson,T.J. Hockenson,TE,DET,SEA,4,2022,0,0,0.0,0,0,0.0,0,8,12,179.0,2,31.9,39.9,DET,T.J. Hockenson,31.9
00-0035229,T.Hockenson,T.J. Hockenson,TE,DET,NE,5,2022,0,0,0.0,0,0,0.0,0,1,4,6.0,0,0.6,1.6,DET,T.J. Hockenson,0.6
00-0035229,T.Hockenson,T.J. Hockenson,TE,DET,DAL,7,2022,0,0,0.0,0,0,0.0,0,4,5,48.0,0,4.8,8.8,DET,T.J. Hockenson,4.8
00-0035229,T.Hockenson,T.J. Hockenson,TE,DET,MIA,8,2022,0,0,0.0,0,0,0.0,0,3,4,80.0,0,8.0,11.0,DET,T.J. Hockenson,8.0
00-0035229,T.Hockenson,T.J. Hockenson,TE,MIN,WAS,9,2022,0,0,0.0,0,0,0.0,0,9,9,70.0,0,7.0,16.0,MIN,T.J. Hockenson,7.0
00-0035229,T.Hockenson,T.J. Hockenson,TE,MIN,BUF,10,2022,0,0,0.0,0,0,0.0,0,7,10,45.0,0,4.5,11.5,MIN,T.J. Hockenson,4.5
00-0035229,T.Hockenson,T.J. Hockenson,TE,MIN,DAL,11,2022,0,0,0.0,0,0,0.0,0,5,9,34.0,0,3.4,8.4,MIN,T.J. Hockenson,3.4
00-0035229,T.Hockenson,T.J. Hockenson,TE,MIN,NE,12,2022,0,0,0.0,0,0,0.0,0,5,6,43.0,1,10.3,15.3,MIN,T.J. Hockenson,10.3
00-0035229,T.Hockenson,T.J. Hockenson,TE,MIN,NYJ,13,2022,0,0,0.0,0,0,0.0,0,4,6,33.0,0,3.3,7.3,MIN,T.J. Hockenson,3.3
00-0035229,T.Hockenson,T.J. Hockenson,TE,MIN,DET,14,2022,0,0,0.0,0,0,0.0,0,6,8,77.0,0,5.7,11.7,MIN,T.J. Hockenson,5.7
00-0035229,T.Hockenson,T.J. Hockenson,TE,MIN,IND,15,2022,0,0,0.0,0,0,0.0,0,3,9,33.0,0,5.3,8.3,MIN,T.J. Hockenson,5.3
00-0035229,T.Hockenson,T.J. Hockenson,TE,MIN,NYG,16,2022,0,0,0.0,0,0,0.0,0,13,16,109.0,2,22.9,35.9,MIN,T.J. Hockenson,22.9
00-0035229,T.Hockenson,T.J. Hockenson,TE,MIN,GB,17,2022,0,0,0.0,0,0,0.0,0,7,12,59.0,0,5.9,12.9,MIN,T.J. Hockenson,5.9
00-0035229,T.Hockenson,T.J. Hockenson,TE,MIN,CHI,18,2022,0,0,0.0,0,0,0.0,0,1,1,16.0,0,1.6,2.6,MIN,T.J. Hockenson,1.6
00-0035229,T.Hockenson,T.J. Hockenson,TE,MIN,NYG,19,2022,0,0,0.0,0,0,0.0,0,10,11,129.0,0,12.9,22.9,MIN,T.J. Hockenson,12.9
00-0035243,M.Sanders,Miles Sanders,RB,PHI,DET,1,2022,0,0,0.0,0,13,96.0,1,2,2,9.0,0,16.5,18.5,PHI,Miles Sanders,16.5
00-0035243,M.Sanders,Miles Sanders,RB,PHI,MIN,2,2022,0,0,0.0,0,17,80.0,0,3,3,6.0,0,8.6,11.6,PHI,Miles Sanders,8.6
00-0035243,M.Sanders,Miles Sanders,RB,PHI,WAS,3,2022,0,0,0.0,0,15,46.0,0,1,1,-2.0,0,4.4,5.4,PHI,Miles Sanders,4.4
00-0035243,M.Sanders,Miles Sanders,RB,PHI,JAX,4,2022,0,0,0.0,0,27,134.0,2,2,3,22.0,0,27.6,29.6,PHI,Miles Sanders,27.6
00-0035243,M.Sanders,Miles Sanders,RB,PHI,ARI,5,2022,0,0,0.0,0,15,58.0,0,2,3,6.0,0,6.4,8.4,PHI,Miles Sanders,6.4
00-0035243,M.Sanders,Miles Sanders,RB,PHI,DAL,6,2022,0,0,0.0,0,18,71.0,1,1,1,1.0,0,13.2,14.2,PHI,Miles Sanders,13.2
00-0035243,M.Sanders,Miles Sanders,RB,PHI,PIT,8,2022,0,0,0.0,0,9,78.0,1,0,0,0.0,0,13.8,13.8,PHI,Miles Sanders,13.8
00-0035243,M.Sanders,Miles Sanders,RB,PHI,HOU,9,2022,0,0,0.0,0,17,93.0,1,0,0,0.0,0,15.3,15.3,PHI,Miles Sanders,15.3
00-0035243,M.Sanders,Miles Sanders,RB,PHI,WAS,10,2022,0,0,0.0,0,12,54.0,0,0,1,0.0,0,5.4,5.4,PHI,Miles Sanders,5.4
00-0035243,M.Sanders,Miles Sanders,RB,PHI,IND,11,2022,0,0,0.0,0,13,47.0,0,1,1,1.0,0,4.8,5.8,PHI,Miles Sanders,4.8
00-0035243,M.Sanders,Miles Sanders,RB,PHI,GB,12,2022,0,0,0.0,0,21,143.0,2,3,3,17.0,0,28.0,31.0,PHI,Miles Sanders,28.0
00-0035243,M.Sanders,Miles Sanders,RB,PHI,TEN,13,2022,0,0,0.0,0,10,24.0,1,2,2,14.0,0,9.8,11.8,PHI,Miles Sanders,9.8
00-0035243,M.Sanders,Miles Sanders,RB,PHI,NYG,14,2022,0,0,0.0,0,17,144.0,2,1,3,11.0,0,27.5,28.5,PHI,Miles Sanders,27.5
00-0035243,M.Sanders,Miles Sanders,RB,PHI,CHI,15,2022,0,0,0.0,0,11,42.0,0,1,1,-13.0,0,0.9,1.9,PHI,Miles Sanders,0.9
00-0035243,M.Sanders,Miles Sanders,RB,PHI,DAL,16,2022,0,0,0.0,0,21,65.0,0,1,1,6.0,0,5.1,6.1,PHI,Miles Sanders,5.1
00-0035243,M.Sanders,Miles Sanders,RB,PHI,NO,17,2022,0,0,0.0,0,12,61.0,0,0,0,0.0,0,6.1,6.1,PHI,Miles Sanders,6.1
00-0035243,M.Sanders,Miles Sanders,RB,PHI,NYG,18,2022,0,0,0.0,0,11,33.0,0,0,1,0.0,0,3.3,3.3,PHI,Miles Sanders,3.3
00-0035243,M.Sanders,Miles Sanders,RB,PHI,NYG,20,2022,0,0,0.0,0,17,90.0,0,0,0,0.0,0,9.0,9.0,PHI,Miles Sanders,9.0
00-0035243,M.Sanders,Miles Sanders,RB,PHI,SF,21,2022,0,0,0.0,0,11,42.0,2,1,1,3.0,0,16.5,17.5,PHI,Miles Sanders,16.5
00-0035243,M.Sanders,Miles Sanders,RB,PHI,KC,22,2022,0,0,0.0,0,7,16.0,0,0,1,0.0,0,1.6,1.6,PHI,Miles Sanders,1.6
00-0035249,J.Oliver,Josh Oliver,TE,BAL,NE,3,2022,0,0,0.0,0,0,0.0,0,2,2,8.0,1,6.8,8.8,BAL,Josh Oliver,6.8
00-0035249,J.Oliver,Josh Oliver,TE,BAL,CIN,5,2022,0,0,0.0,0,0,0.0,0,0,1,0.0,0,0.0,0.0,BAL,Josh Oliver,0.0
00-0035249,J.Oliver,Josh Oliver,TE,BAL,NYG,6,2022,0,0,0.0,0,0,0.0,0,2,3,21.0,0,2.1,4.1,BAL,Josh Oliver,2.1
00-0035249,J.Oliver,Josh Oliver,TE,BAL,CLE,7,2022,0,0,0.0,0,0,0.0,0,0,1,0.0,0,0.0,0.0,BAL,Josh Oliver,0.0
00-0035249,J.Oliver,Josh Oliver,TE,BAL,TB,8,2022,0,0,0.0,0,0,0.0,0,1,1,4.0,0,0.4,1.4,BAL,Josh Oliver,0.4
00-0035249,J.Oliver,Josh Oliver,TE,BAL,NO,9,2022,0,0,0.0,0,0,0.0,0,1,3,19.0,0,1.9,2.9,BAL,Josh Oliver,1.9
00-0035249,J.Oliver,Josh Oliver,TE,BAL,CAR,11,2022,0,0,0.0,0,0,0.0,0,1,1,2.0,0,0.2,1.2,BAL,Josh Oliver,0.2
00-0035249,J.Oliver,Josh Oliver,TE,BAL,JAX,12,2022,0,0,0.0,0,0,0.0,0,4,6,76.0,1,13.6,17.6,BAL,Josh Oliver,13.6
00-0035249,J.Oliver,Josh Oliver,TE,BAL,CLE,15,2022,0,0,0.0,0,0,0.0,0,2,2,13.0,0,1.3,3.3,BAL,Josh Oliver,1.3
00-0035249,J.Oliver,Josh Oliver,TE,BAL,ATL,16,2022,0,0,0.0,0,0,0.0,0,1,3,6.0,0,0.6,1.6,BAL,Josh Oliver,0.6
00-0035249,J.Oliver,Josh Oliver,TE,BAL,PIT,17,2022,0,0,0.0,0,0,0.0,0,0,1,0.0,0,0.0,0.0,BAL,Josh Oliver,0.0
00-0035249,J.Oliver,Josh Oliver,TE,BAL,CIN,18,2022,0,0,0.0,0,0,0.0,0,0,1,0.0,0,0.0,0.0,BAL,Josh Oliver,0.0
00-0035249,J.Oliver,Josh Oliver,TE,BAL,CIN,19,2022,0,0,0.0,0,0,0.0,0,2,2,26.0,0,2.6,4.6,BAL,Josh Oliver,2.6
00-0035250,D.Singletary,Devin Singletary,RB,BUF,LA,1,2022,0,0,0.0,0,8,48.0,0,2,2,14.0,0,6.2,8.2,BUF,Devin Singletary,6.2
00-0035250,D.Singletary,Devin Singletary,RB,BUF,TEN,2,2022,0,0,0.0,0,6,19.0,0,2,3,2.0,0,2.1,4.1,BUF,Devin Singletary,2.1
00-0035250,D.Singletary,Devin Singletary,RB,BUF,MIA,3,2022,0,0,0.0,0,9,13.0,0,9,11,78.0,1,15.1,24.1,BUF,Devin Singletary,15.1
00-0035250,D.Singletary,Devin Singletary,RB,BUF,BAL,4,2022,0,0,0.0,0,11,49.0,0,4,5,47.0,0,7.6,11.6,BUF,Devin Singletary,7.6
00-0035250,D.Singletary,Devin Singletary,RB,BUF,PIT,5,2022,0,0,0.0,0,6,42.0,0,1,2,4.0,0,4.6,5.6,BUF,Devin Singletary,4.6
00-0035250,D.Singletary,Devin Singletary,RB,BUF,KC,6,2022,0,0,0.0,0,17,85.0,0,4,5,22.0,0,10.7,14.7,BUF,Devin Singletary,10.7
00-0035250,D.Singletary,Devin Singletary,RB,BUF,GB,8,2022,0,0,0.0,0,14,67.0,0,1,2,16.0,0,8.3,9.3,BUF,Devin Singletary,8.3
00-0035250,D.Singletary,Devin Singletary,RB,BUF,NYJ,9,2022,0,0,0.0,0,8,24.0,0,4,5,24.0,0,4.8,8.8,BUF,Devin Singletary,4.8
00-0035250,D.Singletary,Devin Singletary,RB,BUF,MIN,10,2022,0,0,0.0,0,13,47.0,2,1,2,0.0,0,14.7,15.7,BUF,Devin Singletary,14.7
00-0035250,D.Singletary,Devin Singletary,RB,BUF,CLE,11,2022,0,0,0.0,0,18,86.0,1,2,2,11.0,0,15.7,17.7,BUF,Devin Singletary,15.7
00-0035250,D.Singletary,Devin Singletary,RB,BUF,DET,12,2022,0,0,0.0,0,14,72.0,0,1,1,8.0,0,8.0,9.0,BUF,Devin Singletary,8.0
00-0035250,D.Singletary,Devin Singletary,RB,BUF,NE,13,2022,0,0,0.0,0,13,51.0,1,0,2,0.0,0,11.1,11.1,BUF,Devin Singletary,11.1
00-0035250,D.Singletary,Devin Singletary,RB,BUF,NYJ,14,2022,0,0,0.0,0,8,39.0,0,1,2,4.0,0,4.3,5.3,BUF,Devin Singletary,4.3
00-0035250,D.Singletary,Devin Singletary,RB,BUF,MIA,15,2022,0,0,0.0,0,13,42.0,0,3,4,28.0,0,7.0,10.0,BUF,Devin Singletary,7.0
00-0035250,D.Singletary,Devin Singletary,RB,BUF,CHI,16,2022,0,0,0.0,0,12,106.0,1,2,3,19.0,0,18.5,20.5,BUF,Devin Singletary,18.5
00-0035250,D.Singletary,Devin Singletary,RB,BUF,NE,18,2022,0,0,0.0,0,7,29.0,0,1,1,3.0,0,1.2,2.2,BUF,Devin Singletary,1.2
00-0035250,D.Singletary,Devin Singletary,RB,BUF,MIA,19,2022,0,0,0.0,0,10,48.0,0,0,0,0.0,0,4.8,4.8,BUF,Devin Singletary,4.8
00-0035250,D.Singletary,Devin Singletary,RB,BUF,CIN,20,2022,0,0,0.0,0,6,25.0,0,5,8,37.0,0,6.2,11.2,BUF,Devin Singletary,6.2
00-0035259,T.Wesco,Trevon Wesco,TE,CHI,NYG,4,2022,0,0,0.0,0,0,0.0,0,1,2,23.0,0,2.3,3.3,CHI,Trevon Wesco,2.3
00-0035259,T.Wesco,Trevon Wesco,TE,CHI,MIA,9,2022,0,0,0.0,0,0,0.0,0,0,0,0.0,0,2.0,2.0,CHI,Trevon Wesco,2.0
00-0035259,T.Wesco,Trevon Wesco,TE,CHI,DET,10,2022,0,0,0.0,0,0,0.0,0,0,1,0.0,0,0.0,0.0,CHI,Trevon Wesco,0.0
00-0035259,T.Wesco,Trevon Wesco,TE,CHI,NYJ,12,2022,0,0,0.0,0,0,0.0,0,1,1,3.0,0,0.3,1.3,CHI,Trevon Wesco,0.3
00-0035261,T.Pollard,Tony Pollard,RB,DAL,TB,1,2022,0,0,0.0,0,6,8.0,0,2,2,14.0,0,2.2,4.2,DAL,Tony Pollard,2.2
00-0035261,T.Pollard,Tony Pollard,RB,DAL,CIN,2,2022,0,0,0.0,0,9,43.0,1,4,7,55.0,0,15.8,19.8,DAL,Tony Pollard,15.8
00-0035261,T.Pollard,Tony Pollard,RB,DAL,NYG,3,2022,0,0,0.0,0,13,105.0,0,0,1,0.0,0,10.5,10.5,DAL,Tony Pollard,10.5
00-0035261,T.Pollard,Tony Pollard,RB,DAL,WAS,4,2022,0,0,0.0,0,8,6.0,0,1,3,2.0,0,0.8,1.8,DAL,Tony Pollard,0.8
00-0035261,T.Pollard,Tony Pollard,RB,DAL,LA,5,2022,0,0,0.0,0,8,86.0,1,0,0,0.0,0,14.6,14.6,DAL,Tony Pollard,14.6
00-0035261,T.Pollard,Tony Pollard,RB,DAL,PHI,6,2022,0,0,0.0,0,11,44.0,0,2,3,8.0,0,5.2,7.2,DAL,Tony Pollard,5.2
00-0035261,T.Pollard,Tony Pollard,RB,DAL,DET,7,2022,0,0,0.0,0,12,83.0,0,2,2,26.0,0,10.9,12.9,DAL,Tony Pollard,10.9
00-0035261,T.Pollard,Tony Pollard,RB,DAL,CHI,8,2022,0,0,0.0,0,14,131.0,3,1,1,16.0,0,32.7,33.7,DAL,Tony Pollard,32.7
00-0035261,T.Pollard,Tony Pollard,RB,DAL,GB,10,2022,0,0,0.0,0,22,115.0,1,3,6,13.0,0,18.8,21.8,DAL,Tony Pollard,18.8
00-0035261,T.Pollard,Tony Pollard,RB,DAL,MIN,11,2022,0,0,0.0,0,15,80.0,0,6,6,109.0,2,30.9,36.9,DAL,Tony Pollard,30.9
00-0035261,T.Pollard,Tony Pollard,RB,DAL,NYG,12,2022,0,0,0.0,0,18,60.0,0,2,2,1.0,0,6.1,8.1,DAL,Tony Pollard,6.1
00-0035261,T.Pollard,Tony Pollard,RB,DAL,IND,13,2022,0,0,0.0,0,12,91.0,2,2,3,15.0,0,22.6,24.6,DAL,Tony Pollard,22.6
00-0035261,T.Pollard,Tony Pollard,RB,DAL,HOU,14,2022,0,0,0.0,0,10,42.0,1,4,5,20.0,1,18.2,22.2,DAL,Tony Pollard,18.2
00-0035261,T.Pollard,Tony Pollard,RB,DAL,JAX,15,2022,0,0,0.0,0,19,75.0,0,4,5,31.0,0,10.6,14.6,DAL,Tony Pollard,10.6
00-0035261,T.Pollard,Tony Pollard,RB,DAL,PHI,16,2022,0,0,0.0,0,9,19.0,0,6,8,61.0,0,8.0,14.0,DAL,Tony Pollard,8.0
00-0035261,T.Pollard,Tony Pollard,RB,DAL,WAS,18,2022,0,0,0.0,0,7,19.0,0,0,1,0.0,0,1.9,1.9,DAL,Tony Pollard,1.9
00-0035261,T.Pollard,Tony Pollard,RB,DAL,TB,19,2022,0,0,0.0,0,15,77.0,0,3,3,12.0,0,8.9,11.9,DAL,Tony Pollard,8.9
00-0035261,T.Pollard,Tony Pollard,RB,DAL,SF,20,2022,0,0,0.0,0,6,22.0,0,2,3,11.0,0,3.3,5.3,DAL,Tony Pollard,3.3
00-0035264,J.Stidham,Jarrett Stidham,QB,LV,NO,8,2022,8,13,72.0,0,0,0.0,0,0,0,0.0,0,2.88,2.88,LV,Jarrett Stidham,2.88
00-0035264,J.Stidham,Jarrett Stidham,QB,LV,SF,17,2022,23,34,365.0,3,7,34.0,0,0,0,0.0,0,26.0,26.0,LV,Jarrett Stidham,26.0
00-0035264,J.Stidham,Jarrett Stidham,QB,LV,KC,18,2022,22,36,219.0,1,7,50.0,0,0,0,0.0,0,13.76,13.76,LV,Jarrett Stidham,13.76
00-0035272,A.Van Ginkel,Andrew Van Ginkel,OLB,MIA,MIA,9,2022,0,0,0.0,0,0,0.0,0,0,0,0.0,0,6.0,6.0,MIA,Andrew Van Ginkel,6.0
00-0035277,M.Jackson,Michael Jackson,CB,SEA,SEA,2,2022,0,0,0.0,0,0,0.0,0,0,0,0.0,0,6.0,6.0,SEA,Michael Jackson,6.0
00-0035289,G.Minshew,Gardner Minshew,QB,PHI,PIT,8,2022,1,2,23.0,0,1,-1.0,0,0,0,0.0,0,0.82,0.82,PHI,Gardner Minshew,0.82
00-0035289,G.Minshew,Gardner Minshew,QB,PHI,TEN,13,2022,1,2,11.0,0,0,0.0,0,0,0,0.0,0,0.44,0.44,PHI,Gardner Minshew,0.44
00-0035289,G.Minshew,Gardner Minshew,QB,PHI,NYG,14,2022,0,0,0.0,0,1,-1.0,0,0,0,0.0,0,-0.1,-0.1,PHI,Gardner Minshew,-0.1
00-0035289,G.Minshew,Gardner Minshew,QB,PHI,DAL,16,2022,24,40,355.0,2,4,5.0,1,0,0,0.0,0,22.7,22.7,PHI,Gardner Minshew,22.7
00-0035289,G.Minshew,Gardner Minshew,QB,PHI,NO,17,2022,18,32,274.0,1,1,0.0,0,0,0,0.0,0,12.96,12.96,PHI,Gardner Minshew,12.96
00-0035289,G.Minshew,Gardner Minshew,QB,PHI,SF,21,2022,0,0,0.0,0,2,-2.0,0,0,0,0.0,0,-0.2,-0.2,PHI,Gardner Minshew,-0.2
00-0035291,T.Williams,Trayveon Williams,RB,CIN,PIT,11,2022,0,0,0.0,0,2,7.0,0,0,1,0.0,0,0.7,0.7,CIN,Trayveon Williams,0.7
00-0035291,T.Williams,Trayveon Williams,RB,CIN,TEN,12,2022,0,0,0.0,0,2,18.0,0,1,1,24.0,0,4.2,5.2,CIN,Trayveon Williams,4.2
00-0035291,T.Williams,Trayveon Williams,RB,CIN,KC,13,2022,0,0,0.0,0,1,3.0,0,0,0,0.0,0,0.3,0.3,CIN,Trayveon Williams,0.3
00-0035291,T.Williams,Trayveon Williams,RB,CIN,CLE,14,2022,0,0,0.0,0,1,2.0,0,1,1,6.0,0,0.8,1.8,CIN,Trayveon Williams,0.8
00-0035298,S.Miller,Scott Miller,WR,TB,NO,2,2022,0,0,0.0,0,1,8.0,0,3,8,34.0,0,4.2,7.2,TB,Scott Miller,4.2
00-0035298,S.Miller,Scott Miller,WR,TB,GB,3,2022,0,0,0.0,0,0,0.0,0,1,5,4.0,0,0.4,1.4,TB,Scott Miller,0.4
00-0035298,S.Miller,Scott Miller,WR,TB,ATL,5,2022,0,0,0.0,0,0,0.0,0,4,7,35.0,0,3.5,7.5,TB,Scott Miller,3.5
00-0035298,S.Miller,Scott Miller,WR,TB,CAR,7,2022,0,0,0.0,0,0,0.0,0,2,2,6.0,0,0.6,2.6,TB,Scott Miller,0.6
00-0035298,S.Miller,Scott Miller,WR,TB,BAL,8,2022,0,0,0.0,0,0,0.0,0,2,2,13.0,0,1.3,3.3,TB,Scott Miller,1.3
00-0035298,S.Miller,Scott Miller,WR,TB,LA,9,2022,0,0,0.0,0,0,0.0,0,7,8,53.0,0,5.3,12.3,TB,Scott Miller,5.3
00-0035298,S.Miller,Scott Miller,WR,TB,SEA,10,2022,0,0,0.0,0,0,0.0,0,2,2,25.0,0,2.5,4.5,TB,Scott Miller,2.5
00-0035298,S.Miller,Scott Miller,WR,TB,NO,13,2022,0,0,0.0,0,0,0.0,0,1,2,7.0,0,0.7,1.7,TB,Scott Miller,0.7
00-0035298,S.Miller,Scott Miller,WR,TB,SF,14,2022,0,0,0.0,0,0,0.0,0,0,1,0.0,0,0.0,0.0,TB,Scott Miller,0.0
00-0035298,S.Miller,Scott Miller,WR,TB,ARI,16,2022,0,0,0.0,0,0,0.0,0,0,1,0.0,0,0.0,0.0,TB,Scott Miller,0.0
00-0035298,S.Miller,Scott Miller,WR,TB,ATL,18,2022,0,0,0.0,0,0,0.0,0,1,2,8.0,0,0.8,1.8,TB,Scott Miller,0.8
00-0035308,T.Sweeney,Tommy Sweeney,TE,BUF,KC,6,2022,0,0,0.0,0,0,0.0,0,1,1,7.0,0,0.7,1.7,BUF,Tommy Sweeney,0.7
00-0035311,M.Gaskin,Myles Gaskin,RB,MIA,NYJ,5,2022,0,0,0.0,0,4,9.0,0,3,5,24.0,0,3.3,6.3,MIA,Myles Gaskin,3.3
00-0035311,M.Gaskin,Myles Gaskin,RB,MIA,HOU,12,2022,0,0,0.0,0,6,17.0,0,1,1,4.0,0,2.1,3.1,MIA,Myles Gaskin,2.1
00-0035327,C.Moore,C.J. Moore,FS,DET,MIA,8,2022,0,0,0.0,0,1,13.0,0,0,0,0.0,0,1.3,1.3,DET,C.J. Moore,1.3
00-0035327,C.Moore,C.J. Moore,FS,DET,MIN,14,2022,0,0,0.0,0,1,42.0,0,0,0,0.0,0,4.2,4.2,DET,C.J. Moore,4.2
00-0035329,D.Parham,Donald Parham,TE,LAC,CLE,5,2022,0,0,0.0,0,0,0.0,0,0,1,0.0,0,0.0,0.0,LAC,Donald Parham,0.0
00-0035329,D.Parham,Donald Parham,TE,LAC,DEN,6,2022,0,0,0.0,0,0,0.0,0,3,3,53.0,0,5.3,8.3,LAC,Donald Parham,5.3
00-0035329,D.Parham,Donald Parham,TE,LAC,TEN,15,2022,0,0,0.0,0,0,0.0,0,3,3,35.0,0,3.5,6.5,LAC,Donald Parham,3.5
00-0035329,D.Parham,Donald Parham,TE,LAC,IND,16,2022,0,0,0.0,0,0,0.0,0,1,2,8.0,0,0.8,1.8,LAC,Donald Parham,0.8
00-0035329,D.Parham,Donald Parham,TE,LAC,LA,17,2022,0,0,0.0,0,0,0.0,0,1,1,3.0,1,6.3,7.3,LAC,Donald Parham,6.3
00-0035329,D.Parham,Donald Parham,TE,LAC,DEN,18,2022,0,0,0.0,0,0,0.0,0,2,2,31.0,0,3.1,5.1,LAC,Donald Parham,3.1
00-0035329,D.Parham,Donald Parham,TE,LAC,JAX,19,2022,0,0,0.0,0,0,0.0,0,4,5,23.0,0,2.3,6.3,LAC,Donald Parham,2.3
00-0035341,T.Irwin,Trenton Irwin,WR,CIN,CLE,8,2022,0,0,0.0,0,0,0.0,0,2,3,27.0,0,2.7,4.7,CIN,Trenton Irwin,2.7
00-0035341,T.Irwin,Trenton Irwin,WR,CIN,CAR,9,2022,0,0,0.0,0,1,11.0,0,1,1,14.0,0,2.5,3.5,CIN,Trenton Irwin,2.5
00-0035341,T.Irwin,Trenton Irwin,WR,CIN,PIT,11,2022,0,0,0.0,0,0,0.0,0,3,4,42.0,1,10.2,13.2,CIN,Trenton Irwin,10.2
00-0035341,T.Irwin,Trenton Irwin,WR,CIN,TEN,12,2022,0,0,0.0,0,0,0.0,0,1,4,16.0,0,1.6,2.6,CIN,Trenton Irwin,1.6
00-0035341,T.Irwin,Trenton Irwin,WR,CIN,KC,13,2022,0,0,0.0,0,0,0.0,0,1,1,12.0,0,1.2,2.2,CIN,Trenton Irwin,1.2
00-0035341,T.Irwin,Trenton Irwin,WR,CIN,CLE,14,2022,0,0,0.0,0,0,0.0,0,2,2,58.0,1,11.8,13.8,CIN,Trenton Irwin,11.8
00-0035341,T.Irwin,Trenton Irwin,WR,CIN,TB,15,2022,0,0,0.0,0,0,0.0,0,1,2,5.0,0,0.5,1.5,CIN,Trenton Irwin,0.5
00-0035341,T.Irwin,Trenton Irwin,WR,CIN,NE,16,2022,0,0,0.0,0,0,0.0,0,3,4,45.0,2,16.5,19.5,CIN,Trenton Irwin,16.5
00-0035341,T.Irwin,Trenton Irwin,WR,CIN,BAL,18,2022,0,0,0.0,0,0,0.0,0,1,2,12.0,0,1.2,2.2,CIN,Trenton Irwin,1.2
00-0035341,T.Irwin,Trenton Irwin,WR,CIN,BUF,20,2022,0,0,0.0,0,0,0.0,0,1,2,13.0,0,1.3,2.3,CIN,Trenton Irwin,1.3
00-0035341,T.Irwin,Trenton Irwin,WR,CIN,KC,21,2022,0,0,0.0,0,0,0.0,0,1,2,6.0,0,0.6,1.6,CIN,Trenton Irwin,0.6
00-0035345,C.Myarick,Chris Myarick,TE,NYG,TEN,1,2022,0,0,0.0,0,0,0.0,0,1,1,1.0,1,6.1,7.1,NYG,Chris Myarick,6.1
00-0035345,C.Myarick,Chris Myarick,TE,NYG,DAL,3,2022,0,0,0.0,0,0,0.0,0,1,1,6.0,0,0.6,1.6,NYG,Chris Myarick,0.6
00-0035345,C.Myarick,Chris Myarick,TE,NYG,GB,5,2022,0,0,0.0,0,0,0.0,0,1,1,4.0,0,0.4,1.4,NYG,Chris Myarick,0.4
00-0035345,C.Myarick,Chris Myarick,TE,NYG,JAX,7,2022,0,0,0.0,0,0,0.0,0,2,2,21.0,0,2.1,4.1,NYG,Chris Myarick,2.1
00-0035345,C.Myarick,Chris Myarick,TE,NYG,SEA,8,2022,0,0,0.0,0,0,0.0,0,1,1,10.0,0,1.0,2.0,NYG,Chris Myarick,1.0
00-0035345,C.Myarick,Chris Myarick,TE,NYG,HOU,10,2022,0,0,0.0,0,0,0.0,0,0,1,0.0,0,0.0,0.0,NYG,Chris Myarick,0.0
00-0035345,C.Myarick,Chris Myarick,TE,NYG,DAL,12,2022,0,0,0.0,0,0,0.0,0,1,1,23.0,0,2.3,3.3,NYG,Chris Myarick,2.3
00-0035359,D.Sills,David Sills,WR,NYG,CAR,2,2022,0,0,0.0,0,0,0.0,0,3,4,37.0,0,3.7,6.7,NYG,David Sills,3.7
00-0035359,D.Sills,David Sills,WR,NYG,DAL,3,2022,0,0,0.0,0,0,0.0,0,2,4,20.0,0,2.0,4.0,NYG,David Sills,2.0
00-0035359,D.Sills,David Sills,WR,NYG,CHI,4,2022,0,0,0.0,0,0,0.0,0,1,2,5.0,0,0.5,1.5,NYG,David Sills,0.5
00-0035359,D.Sills,David Sills,WR,NYG,GB,5,2022,0,0,0.0,0,0,0.0,0,2,2,12.0,0,1.2,3.2,NYG,David Sills,1.2
00-0035359,D.Sills,David Sills,WR,NYG,BAL,6,2022,0,0,0.0,0,0,0.0,0,1,2,8.0,0,0.8,1.8,NYG,David Sills,0.8
00-0035359,D.Sills,David Sills,WR,NYG,JAX,7,2022,0,0,0.0,0,0,0.0,0,1,1,19.0,0,1.9,2.9,NYG,David Sills,1.9
00-0035359,D.Sills,David Sills,WR,NYG,SEA,8,2022,0,0,0.0,0,0,0.0,0,1,2,5.0,0,0.5,1.5,NYG,David Sills,0.5
00-0035399,S.Morgan,Stanley Morgan,WR,CIN,BAL,5,2022,0,0,0.0,0,0,0.0,0,0,1,0.0,0,0.0,0.0,CIN,Stanley Morgan,0.0
00-0035406,L.Humphrey,Lil'Jordan Humphrey,WR,NE,PIT,2,2022,0,0,0.0,0,0,0.0,0,1,2,11.0,0,1.1,2.1,NE,Lil'Jordan Humphrey,1.1
00-0035406,L.Humphrey,Lil'Jordan Humphrey,WR,NE,BAL,3,2022,0,0,0.0,0,0,0.0,0,0,1,0.0,0,0.0,0.0,NE,Lil'Jordan Humphrey,0.0
00-0035406,L.Humphrey,Lil'Jordan Humphrey,WR,NE,GB,4,2022,0,0,0.0,0,0,0.0,0,1,1,9.0,0,0.9,1.9,NE,Lil'Jordan Humphrey,0.9
00-0035414,J.Guyton,Jalen Guyton,WR,LAC,LV,1,2022,0,0,0.0,0,0,0.0,0,0,1,0.0,0,0.0,0.0,LAC,Jalen Guyton,0.0
00-0035414,J.Guyton,Jalen Guyton,WR,LAC,JAX,3,2022,0,0,0.0,0,0,0.0,0,2,3,64.0,0,6.4,8.4,LAC,Jalen Guyton,6.4
00-0035432,J.Moore,Jason Moore,WR,LAC,SEA,7,2022,0,0,0.0,0,0,0.0,0,1,2,5.0,0,0.5,1.5,LAC,Jason Moore,0.5
00-0035457,T.Johnson,Tyron Johnson,WR,HOU,PHI,9,2022,0,0,0.0,0,0,0.0,0,1,1,8.0,0,0.8,1.8,HOU,Tyron Johnson,0.8
00-0035500,G.Dortch,Greg Dortch,WR,ARI,KC,1,2022,0,0,0.0,0,0,0.0,0,7,9,63.0,0,6.3,13.3,ARI,Greg Dortch,6.3
00-0035500,G.Dortch,Greg Dortch,WR,ARI,LV,2,2022,0,0,0.0,0,0,0.0,0,4,4,55.0,1,11.5,15.5,ARI,Greg Dortch,11.5
00-0035500,G.Dortch,Greg Dortch,WR,ARI,LA,3,2022,0,0,0.0,0,0,0.0,0,9,10,80.0,0,8.0,17.0,ARI,Greg Dortch,8.0
00-0035500,G.Dortch,Greg Dortch,WR,ARI,CAR,4,2022,0,0,0.0,0,0,0.0,0,1,1,6.0,0,0.6,1.6,ARI,Greg Dortch,0.6
00-0035500,G.Dortch,Greg Dortch,WR,ARI,NO,7,2022,0,0,0.0,0,1,1.0,0,1,1,5.0,1,6.6,7.6,ARI,Greg Dortch,6.6
00-0035500,G.Dortch,Greg Dortch,WR,ARI,MIN,8,2022,0,0,0.0,0,0,0.0,0,2,3,12.0,0,1.2,3.2,ARI,Greg Dortch,1.2
00-0035500,G.Dortch,Greg Dortch,WR,ARI,SEA,9,2022,0,0,0.0,0,1,3.0,0,1,1,0.0,0,0.3,1.3,ARI,Greg Dortch,0.3
00-0035500,G.Dortch,Greg Dortch,WR,ARI,SF,11,2022,0,0,0.0,0,0,0.0,0,9,10,103.0,0,10.3,19.3,ARI,Greg Dortch,10.3
00-0035500,G.Dortch,Greg Dortch,WR,ARI,TB,16,2022,0,0,0.0,0,3,25.0,0,10,11,98.0,0,12.3,22.3,ARI,Greg Dortch,12.3
00-0035500,G.Dortch,Greg Dortch,WR,ARI,ATL,17,2022,0,0,0.0,0,0,0.0,0,4,10,15.0,0,1.5,5.5,ARI,Greg Dortch,1.5
00-0035500,G.Dortch,Greg Dortch,WR,ARI,SF,18,2022,0,0,0.0,0,2,15.0,0,4,4,30.0,0,4.5,8.5,ARI,Greg Dortch,4.5
00-0035510,J.Smith,Jeff Smith,WR,NYJ,CLE,2,2022,0,0,0.0,0,0,0.0,0,1,1,17.0,0,1.7,2.7,NYJ,Jeff Smith,1.7
00-0035510,J.Smith,Jeff Smith,WR,NYJ,PIT,4,2022,0,0,0.0,0,0,0.0,0,0,1,0.0,0,0.0,0.0,NYJ,Jeff Smith,0.0
00-0035510,J.Smith,Jeff Smith,WR,NYJ,MIA,5,2022,0,0,0.0,0,0,0.0,0,1,1,11.0,0,1.1,2.1,NYJ,Jeff Smith,1.1
00-0035510,J.Smith,Jeff Smith,WR,NYJ,DEN,7,2022,0,0,0.0,0,0,0.0,0,0,1,0.0,0,0.0,0.0,NYJ,Jeff Smith,0.0
00-0035510,J.Smith,Jeff Smith,WR,NYJ,NE,8,2022,0,0,0.0,0,0,0.0,0,1,1,23.0,0,2.3,3.3,NYJ,Jeff Smith,2.3
00-0035510,J.Smith,Jeff Smith,WR,NYJ,BUF,9,2022,0,0,0.0,0,0,0.0,0,1,1,6.0,0,0.6,1.6,NYJ,Jeff Smith,0.6
00-0035510,J.Smith,Jeff Smith,WR,NYJ,DET,15,2022,0,0,0.0,0,0,0.0,0,4,5,77.0,0,7.7,11.7,NYJ,Jeff Smith,7.7
00-0035527,A.Isabella,Andy Isabella,WR,ARI,KC,1,2022,0,0,0.0,0,0,0.0,0,1,3,10.0,0,1.0,2.0,ARI,Andy Isabella,1.0
00-0035527,A.Isabella,Andy Isabella,WR,ARI,LA,3,2022,0,0,0.0,0,0,0.0,0,1,2,11.0,0,1.1,2.1,ARI,Andy Isabella,1.1
00-0035527,A.Isabella,Andy Isabella,WR,BAL,PIT,17,2022,0,0,0.0,0,1,1.0,0,0,0,0.0,0,0.1,0.1,BAL,Andy Isabella,0.1
00-0035535,D.Slayton,Darius Slayton,WR,NYG,CHI,4,2022,0,0,0.0,0,0,0.0,0,1,2,11.0,0,1.1,2.1,NYG,Darius Slayton,1.1
00-0035535,D.Slayton,Darius Slayton,WR,NYG,GB,5,2022,0,0,0.0,0,0,0.0,0,6,7,79.0,0,7.9,13.9,NYG,Darius Slayton,7.9
00-0035535,D.Slayton,Darius Slayton,WR,NYG,BAL,6,2022,0,0,0.0,0,0,0.0,0,1,3,18.0,0,1.8,2.8,NYG,Darius Slayton,1.8
00-0035535,D.Slayton,Darius Slayton,WR,NYG,JAX,7,2022,0,0,0.0,0,0,0.0,0,3,6,58.0,1,11.8,14.8,NYG,Darius Slayton,11.8
00-0035535,D.Slayton,Darius Slayton,WR,NYG,SEA,8,2022,0,0,0.0,0,0,0.0,0,5,6,66.0,0,6.6,11.6,NYG,Darius Slayton,6.6
00-0035535,D.Slayton,Darius Slayton,WR,NYG,HOU,10,2022,0,0,0.0,0,0,0.0,0,3,4,95.0,1,15.5,18.5,NYG,Darius Slayton,15.5
00-0035535,D.Slayton,Darius Slayton,WR,NYG,DET,11,2022,0,0,0.0,0,0,0.0,0,5,10,86.0,0,8.6,13.6,NYG,Darius Slayton,8.6
00-0035535,D.Slayton,Darius Slayton,WR,NYG,DAL,12,2022,0,0,0.0,0,0,0.0,0,3,6,63.0,0,6.3,9.3,NYG,Darius Slayton,6.3
00-0035535,D.Slayton,Darius Slayton,WR,NYG,WAS,13,2022,0,0,0.0,0,0,0.0,0,6,8,90.0,0,9.0,15.0,NYG,Darius Slayton,9.0
00-0035535,D.Slayton,Darius Slayton,WR,NYG,PHI,14,2022,0,0,0.0,0,0,0.0,0,2,3,42.0,0,4.2,6.2,NYG,Darius Slayton,4.2
00-0035535,D.Slayton,Darius Slayton,WR,NYG,WAS,15,2022,0,0,0.0,0,0,0.0,0,5,7,23.0,0,2.3,7.3,NYG,Darius Slayton,2.3
00-0035535,D.Slayton,Darius Slayton,WR,NYG,MIN,16,2022,0,0,0.0,0,0,0.0,0,4,6,79.0,0,7.9,11.9,NYG,Darius Slayton,7.9
00-0035535,D.Slayton,Darius Slayton,WR,NYG,IND,17,2022,0,0,0.0,0,0,0.0,0,2,3,14.0,0,-0.6,1.4,NYG,Darius Slayton,-0.6
00-0035535,D.Slayton,Darius Slayton,WR,NYG,MIN,19,2022,0,0,0.0,0,1,3.0,0,4,8,88.0,0,9.1,13.1,NYG,Darius Slayton,9.1
00-0035535,D.Slayton,Darius Slayton,WR,NYG,PHI,20,2022,0,0,0.0,0,0,0.0,0,1,5,4.0,0,0.4,1.4,NYG,Darius Slayton,0.4
00-0035537,T.Johnson,Ty Johnson,RB,NYJ,CLE,2,2022,0,0,0.0,0,0,0.0,0,1,3,4.0,0,0.4,1.4,NYJ,Ty Johnson,0.4
00-0035537,T.Johnson,Ty Johnson,RB,NYJ,DEN,7,2022,0,0,0.0,0,1,3.0,0,1,1,6.0,0,0.9,1.9,NYJ,Ty Johnson,0.9
00-0035537,T.Johnson,Ty Johnson,RB,NYJ,NE,8,2022,0,0,0.0,0,2,6.0,0,0,2,0.0,0,0.6,0.6,NYJ,Ty Johnson,0.6
00-0035537,T.Johnson,Ty Johnson,RB,NYJ,BUF,9,2022,0,0,0.0,0,2,17.0,0,0,0,0.0,0,1.7,1.7,NYJ,Ty Johnson,1.7
00-0035537,T.Johnson,Ty Johnson,RB,NYJ,NE,11,2022,0,0,0.0,0,4,4.0,0,0,1,0.0,0,0.4,0.4,NYJ,Ty Johnson,0.4
00-0035537,T.Johnson,Ty Johnson,RB,NYJ,CHI,12,2022,0,0,0.0,0,5,62.0,1,1,2,16.0,0,13.8,14.8,NYJ,Ty Johnson,13.8
00-0035537,T.Johnson,Ty Johnson,RB,NYJ,MIN,13,2022,0,0,0.0,0,1,3.0,0,6,7,38.0,0,4.1,10.1,NYJ,Ty Johnson,4.1
00-0035537,T.Johnson,Ty Johnson,RB,NYJ,JAX,16,2022,0,0,0.0,0,2,7.0,0,0,0,0.0,0,0.7,0.7,NYJ,Ty Johnson,0.7
00-0035537,T.Johnson,Ty Johnson,RB,NYJ,SEA,17,2022,0,0,0.0,0,8,46.0,0,1,5,11.0,0,5.7,6.7,NYJ,Ty Johnson,5.7
00-0035537,T.Johnson,Ty Johnson,RB,NYJ,MIA,18,2022,0,0,0.0,0,5,12.0,0,2,3,13.0,0,2.5,4.5,NYJ,Ty Johnson,2.5
00-0035544,T.Kennedy,Tom Kennedy,WR,DET,SEA,4,2022,0,0,0.0,0,0,0.0,0,3,5,54.0,0,5.4,8.4,DET,Tom Kennedy,5.4
00-0035544,T.Kennedy,Tom Kennedy,WR,DET,DAL,7,2022,0,0,0.0,0,0,0.0,0,2,3,14.0,0,1.4,3.4,DET,Tom Kennedy,1.4
00-0035544,T.Kennedy,Tom Kennedy,WR,DET,GB,9,2022,0,0,0.0,0,0,0.0,0,1,4,16.0,0,1.6,2.6,DET,Tom Kennedy,1.6
00-0035544,T.Kennedy,Tom Kennedy,WR,DET,CHI,10,2022,0,0,0.0,0,0,0.0,0,1,2,44.0,0,4.4,5.4,DET,Tom Kennedy,4.4
00-0035544,T.Kennedy,Tom Kennedy,WR,DET,NYG,11,2022,0,0,0.0,0,0,0.0,0,1,1,13.0,0,1.3,2.3,DET,Tom Kennedy,1.3
00-0035547,J.Fortson,Joseph Fortson,TE,KC,ARI,1,2022,0,0,0.0,0,0,0.0,0,1,1,1.0,1,6.1,7.1,KC,Joseph Fortson,6.1
00-0035547,J.Fortson,Joseph Fortson,TE,KC,LAC,2,2022,0,0,0.0,0,0,0.0,0,0,1,0.0,0,0.0,0.0,KC,Joseph Fortson,0.0
00-0035547,J.Fortson,Joseph Fortson,TE,KC,TB,4,2022,0,0,0.0,0,0,0.0,0,1,1,10.0,1,7.0,8.0,KC,Joseph Fortson,7.0
00-0035547,J.Fortson,Joseph Fortson,TE,KC,SF,7,2022,0,0,0.0,0,0,0.0,0,1,2,8.0,0,0.8,1.8,KC,Joseph Fortson,0.8
00-0035547,J.Fortson,Joseph Fortson,TE,KC,JAX,10,2022,0,0,0.0,0,0,0.0,0,1,1,6.0,0,0.6,1.6,KC,Joseph Fortson,0.6
00-0035547,J.Fortson,Joseph Fortson,TE,KC,LAC,11,2022,0,0,0.0,0,0,0.0,0,2,2,51.0,0,5.1,7.1,KC,Joseph Fortson,5.1
00-0035547,J.Fortson,Joseph Fortson,TE,KC,LA,12,2022,0,0,0.0,0,0,0.0,0,2,3,26.0,0,2.6,4.6,KC,Joseph Fortson,2.6
00-0035547,J.Fortson,Joseph Fortson,TE,KC,CIN,13,2022,0,0,0.0,0,0,0.0,0,1,1,6.0,0,0.6,1.6,KC,Joseph Fortson,0.6
00-0035547,J.Fortson,Joseph Fortson,TE,KC,HOU,15,2022,0,0,0.0,0,0,0.0,0,0,1,0.0,0,0.0,0.0,KC,Joseph Fortson,0.0
00-0035547,J.Fortson,Joseph Fortson,TE,KC,PHI,22,2022,0,0,0.0,0,0,0.0,0,0,1,0.0,0,0.0,0.0,KC,Joseph Fortson,0.0
00-0035562,J.Horsted,Jesper Horsted,TE,LV,KC,5,2022,0,0,0.0,0,0,0.0,0,3,3,19.0,0,1.9,4.9,LV,Jesper Horsted,1.9
00-0035562,J.Horsted,Jesper Horsted,TE,LV,NO,8,2022,0,0,0.0,0,0,0.0,0,0,1,0.0,0,0.0,0.0,LV,Jesper Horsted,0.0
00-0035567,C.Reynolds,Craig Reynolds,RB,DET,WAS,2,2022,0,0,0.0,0,3,16.0,0,1,1,13.0,0,2.9,3.9,DET,Craig Reynolds,2.9
00-0035567,C.Reynolds,Craig Reynolds,RB,DET,MIN,3,2022,0,0,0.0,0,6,13.0,0,1,1,5.0,0,1.8,2.8,DET,Craig Reynolds,1.8
00-0035567,C.Reynolds,Craig Reynolds,RB,DET,SEA,4,2022,0,0,0.0,0,2,30.0,0,1,1,12.0,0,4.2,5.2,DET,Craig Reynolds,4.2
00-0035567,C.Reynolds,Craig Reynolds,RB,DET,NE,5,2022,0,0,0.0,0,6,24.0,0,3,3,68.0,0,9.2,12.2,DET,Craig Reynolds,9.2
00-0035567,C.Reynolds,Craig Reynolds,RB,DET,DAL,7,2022,0,0,0.0,0,4,12.0,0,3,3,18.0,0,3.0,6.0,DET,Craig Reynolds,3.0
00-0035567,C.Reynolds,Craig Reynolds,RB,DET,MIA,8,2022,0,0,0.0,0,2,7.0,0,0,1,0.0,0,0.7,0.7,DET,Craig Reynolds,0.7
00-0035572,P.Hesse,Parker Hesse,TE,ATL,NO,1,2022,0,0,0.0,0,0,0.0,0,1,2,5.0,0,0.5,1.5,ATL,Parker Hesse,0.5
00-0035572,P.Hesse,Parker Hesse,TE,ATL,LA,2,2022,0,0,0.0,0,0,0.0,0,1,1,5.0,0,0.5,1.5,ATL,Parker Hesse,0.5
00-0035572,P.Hesse,Parker Hesse,TE,ATL,CLE,4,2022,0,0,0.0,0,0,0.0,0,1,1,22.0,0,2.2,3.2,ATL,Parker Hesse,2.2
00-0035572,P.Hesse,Parker Hesse,TE,ATL,TB,5,2022,0,0,0.0,0,0,0.0,0,1,1,9.0,0,0.9,1.9,ATL,Parker Hesse,0.9
00-0035572,P.Hesse,Parker Hesse,TE,ATL,CAR,8,2022,0,0,0.0,0,0,0.0,0,1,1,9.0,0,0.9,1.9,ATL,Parker Hesse,0.9
00-0035572,P.Hesse,Parker Hesse,TE,ATL,WAS,12,2022,0,0,0.0,0,0,0.0,0,1,2,9.0,0,0.9,1.9,ATL,Parker Hesse,0.9
00-0035572,P.Hesse,Parker Hesse,TE,ATL,PIT,13,2022,0,0,0.0,0,0,0.0,0,1,1,16.0,0,1.6,2.6,ATL,Parker Hesse,1.6
00-0035572,P.Hesse,Parker Hesse,TE,ATL,BAL,16,2022,0,0,0.0,0,0,0.0,0,1,1,8.0,0,0.8,1.8,ATL,Parker Hesse,0.8
00-0035572,P.Hesse,Parker Hesse,TE,ATL,TB,18,2022,0,0,0.0,0,0,0.0,0,1,1,6.0,0,0.6,1.6,ATL,Parker Hesse,0.6
00-0035593,J.Winfree,Juwann Winfree,WR,GB,MIN,1,2022,0,0,0.0,0,0,0.0,0,1,1,17.0,0,1.7,2.7,GB,Juwann Winfree,1.7
00-0035593,J.Winfree,Juwann Winfree,WR,GB,TB,3,2022,0,0,0.0,0,0,0.0,0,0,2,0.0,0,0.0,0.0,GB,Juwann Winfree,0.0
00-0035593,J.Winfree,Juwann Winfree,WR,GB,NYJ,6,2022,0,0,0.0,0,0,0.0,0,0,1,0.0,0,0.0,0.0,GB,Juwann Winfree,0.0
00-0035594,T.Homer,Travis Homer,RB,SEA,DEN,1,2022,0,0,0.0,0,1,2.0,0,0,0,0.0,0,0.2,0.2,SEA,Travis Homer,0.2
00-0035594,T.Homer,Travis Homer,RB,SEA,SF,2,2022,0,0,0.0,0,2,9.0,0,4,4,33.0,0,4.2,8.2,SEA,Travis Homer,4.2
00-0035594,T.Homer,Travis Homer,RB,SEA,ATL,3,2022,0,0,0.0,0,1,7.0,0,0,0,0.0,0,0.7,0.7,SEA,Travis Homer,0.7
00-0035594,T.Homer,Travis Homer,RB,SEA,NYG,8,2022,0,0,0.0,0,2,10.0,0,1,1,21.0,0,3.1,4.1,SEA,Travis Homer,3.1
00-0035594,T.Homer,Travis Homer,RB,SEA,ARI,9,2022,0,0,0.0,0,1,7.0,0,3,3,25.0,0,3.2,6.2,SEA,Travis Homer,3.2
00-0035594,T.Homer,Travis Homer,RB,SEA,LV,12,2022,0,0,0.0,0,2,8.0,0,2,3,45.0,1,11.3,13.3,SEA,Travis Homer,11.3
00-0035594,T.Homer,Travis Homer,RB,SEA,CAR,14,2022,0,0,0.0,0,9,26.0,0,2,3,8.0,0,3.4,5.4,SEA,Travis Homer,3.4
00-0035594,T.Homer,Travis Homer,RB,SEA,SF,15,2022,0,0,0.0,0,1,5.0,0,4,4,25.0,0,1.0,5.0,SEA,Travis Homer,1.0
00-0035603,K.Blanton,Kendall Blanton,TE,LA,ARI,3,2022,0,0,0.0,0,0,0.0,0,1,1,28.0,0,2.8,3.8,LA,Kendall Blanton,2.8
00-0035603,K.Blanton,Kendall Blanton,TE,LA,SF,4,2022,0,0,0.0,0,0,0.0,0,1,1,7.0,0,0.7,1.7,LA,Kendall Blanton,0.7
00-0035609,J.Gervase,Jake Gervase,ILB,LA,DAL,5,2022,0,0,0.0,0,0,0.0,0,1,1,12.0,0,1.2,2.2,LA,Jake Gervase,1.2
00-0035621,N.Webster,Nsimba Webster,WR,CHI,PHI,15,2022,0,0,0.0,0,0,0.0,0,2,3,14.0,0,1.4,3.4,CHI,Nsimba Webster,1.4
00-0035624,N.Harry,N'Keal Harry,WR,CHI,NE,7,2022,0,0,0.0,0,0,0.0,0,1,1,14.0,0,1.4,2.4,CHI,N'Keal Harry,1.4
00-0035624,N.Harry,N'Keal Harry,WR,CHI,DAL,8,2022,0,0,0.0,0,0,0.0,0,2,2,24.0,1,8.4,10.4,CHI,N'Keal Harry,8.4
00-0035624,N.Harry,N'Keal Harry,WR,CHI,MIA,9,2022,0,0,0.0,0,0,0.0,0,1,2,6.0,0,0.6,1.6,CHI,N'Keal Harry,0.6
00-0035624,N.Harry,N'Keal Harry,WR,CHI,GB,13,2022,0,0,0.0,0,0,0.0,0,1,1,49.0,0,4.9,5.9,CHI,N'Keal Harry,4.9
00-0035624,N.Harry,N'Keal Harry,WR,CHI,DET,17,2022,0,0,0.0,0,0,0.0,0,1,1,16.0,0,1.6,2.6,CHI,N'Keal Harry,1.6
00-0035624,N.Harry,N'Keal Harry,WR,CHI,MIN,18,2022,0,0,0.0,0,0,0.0,0,1,2,7.0,0,0.7,1.7,CHI,N'Keal Harry,0.7
00-0035628,D.Johnson,D'Ernest Johnson,RB,CLE,NE,6,2022,0,0,0.0,0,0,0.0,0,2,2,9.0,0,0.9,2.9,CLE,D'Ernest Johnson,0.9
00-0035628,D.Johnson,D'Ernest Johnson,RB,CLE,CIN,8,2022,0,0,0.0,0,4,17.0,0,0,0,0.0,0,1.7,1.7,CLE,D'Ernest Johnson,1.7
00-0035628,D.Johnson,D'Ernest Johnson,RB,CLE,MIA,10,2022,0,0,0.0,0,0,0.0,0,1,1,-2.0,0,-0.2,0.8,CLE,D'Ernest Johnson,-0.2
00-0035631,D.Sample,Drew Sample,TE,CIN,PIT,1,2022,0,0,0.0,0,0,0.0,0,1,1,2.0,0,0.2,1.2,CIN,Drew Sample,0.2
00-0035631,D.Sample,Drew Sample,TE,CIN,DAL,2,2022,0,0,0.0,0,0,0.0,0,1,1,-4.0,0,-0.4,0.6,CIN,Drew Sample,-0.4
00-0035639,P.Campbell,Parris Campbell,WR,IND,HOU,1,2022,0,0,0.0,0,0,0.0,0,3,4,37.0,0,3.7,6.7,IND,Parris Campbell,3.7
00-0035639,P.Campbell,Parris Campbell,WR,IND,JAX,2,2022,0,0,0.0,0,0,0.0,0,0,2,0.0,0,0.0,0.0,IND,Parris Campbell,0.0
00-0035639,P.Campbell,Parris Campbell,WR,IND,KC,3,2022,0,0,0.0,0,0,0.0,0,2,2,10.0,0,1.0,3.0,IND,Parris Campbell,1.0
00-0035639,P.Campbell,Parris Campbell,WR,IND,TEN,4,2022,0,0,0.0,0,0,0.0,0,4,4,43.0,0,4.3,8.3,IND,Parris Campbell,4.3
00-0035639,P.Campbell,Parris Campbell,WR,IND,DEN,5,2022,0,0,0.0,0,0,0.0,0,2,3,22.0,0,2.2,4.2,IND,Parris Campbell,2.2
00-0035639,P.Campbell,Parris Campbell,WR,IND,JAX,6,2022,0,0,0.0,0,0,0.0,0,7,11,57.0,1,11.7,18.7,IND,Parris Campbell,11.7
00-0035639,P.Campbell,Parris Campbell,WR,IND,TEN,7,2022,0,0,0.0,0,0,0.0,0,10,12,70.0,1,13.0,23.0,IND,Parris Campbell,13.0
00-0035639,P.Campbell,Parris Campbell,WR,IND,WAS,8,2022,0,0,0.0,0,1,28.0,0,2,2,43.0,0,7.1,9.1,IND,Parris Campbell,7.1
00-0035639,P.Campbell,Parris Campbell,WR,IND,NE,9,2022,0,0,0.0,0,1,1.0,0,2,5,15.0,0,1.6,3.6,IND,Parris Campbell,1.6
00-0035639,P.Campbell,Parris Campbell,WR,IND,LV,10,2022,0,0,0.0,0,0,0.0,0,7,9,76.0,1,13.6,20.6,IND,Parris Campbell,13.6
00-0035639,P.Campbell,Parris Campbell,WR,IND,PHI,11,2022,0,0,0.0,0,0,0.0,0,5,6,67.0,0,6.7,11.7,IND,Parris Campbell,6.7
00-0035639,P.Campbell,Parris Campbell,WR,IND,PIT,12,2022,0,0,0.0,0,0,0.0,0,2,3,14.0,0,1.4,3.4,IND,Parris Campbell,1.4
00-0035639,P.Campbell,Parris Campbell,WR,IND,DAL,13,2022,0,0,0.0,0,1,2.0,0,4,5,43.0,0,4.5,8.5,IND,Parris Campbell,4.5
00-0035639,P.Campbell,Parris Campbell,WR,IND,MIN,15,2022,0,0,0.0,0,0,0.0,0,2,3,13.0,0,1.3,3.3,IND,Parris Campbell,1.3
00-0035639,P.Campbell,Parris Campbell,WR,IND,LAC,16,2022,0,0,0.0,0,0,0.0,0,2,5,19.0,0,1.9,3.9,IND,Parris Campbell,1.9
00-0035639,P.Campbell,Parris Campbell,WR,IND,NYG,17,2022,0,0,0.0,0,1,1.0,0,3,6,52.0,0,5.3,8.3,IND,Parris Campbell,5.3
00-0035639,P.Campbell,Parris Campbell,WR,IND,HOU,18,2022,0,0,0.0,0,1,26.0,0,6,9,42.0,0,6.8,12.8,IND,Parris Campbell,6.8
00-0035640,D.Metcalf,DK Metcalf,WR,SEA,DEN,1,2022,0,0,0.0,0,0,0.0,0,7,7,36.0,0,1.6,8.6,SEA,DK Metcalf,1.6
00-0035640,D.Metcalf,DK Metcalf,WR,SEA,SF,2,2022,0,0,0.0,0,0,0.0,0,4,6,35.0,0,3.5,7.5,SEA,DK Metcalf,3.5
00-0035640,D.Metcalf,DK Metcalf,WR,SEA,ATL,3,2022,0,0,0.0,0,0,0.0,0,5,12,64.0,1,12.4,17.4,SEA,DK Metcalf,12.4
00-0035640,D.Metcalf,DK Metcalf,WR,SEA,DET,4,2022,0,0,0.0,0,0,0.0,0,7,10,149.0,0,14.9,21.9,SEA,DK Metcalf,14.9
00-0035640,D.Metcalf,DK Metcalf,WR,SEA,NO,5,2022,0,0,0.0,0,0,0.0,0,5,8,88.0,1,12.8,17.8,SEA,DK Metcalf,12.8
00-0035640,D.Metcalf,DK Metcalf,WR,SEA,ARI,6,2022,0,0,0.0,0,0,0.0,0,2,7,34.0,0,3.4,5.4,SEA,DK Metcalf,3.4
00-0035640,D.Metcalf,DK Metcalf,WR,SEA,LAC,7,2022,0,0,0.0,0,0,0.0,0,1,2,12.0,0,1.2,2.2,SEA,DK Metcalf,1.2
00-0035640,D.Metcalf,DK Metcalf,WR,SEA,NYG,8,2022,0,0,0.0,0,0,0.0,0,6,10,55.0,1,11.5,17.5,SEA,DK Metcalf,11.5
00-0035640,D.Metcalf,DK Metcalf,WR,SEA,ARI,9,2022,0,0,0.0,0,0,0.0,0,5,6,37.0,1,9.7,14.7,SEA,DK Metcalf,9.7
00-0035640,D.Metcalf,DK Metcalf,WR,SEA,TB,10,2022,0,0,0.0,0,0,0.0,0,6,9,71.0,0,7.1,13.1,SEA,DK Metcalf,7.1
00-0035640,D.Metcalf,DK Metcalf,WR,SEA,LV,12,2022,0,0,0.0,0,0,0.0,0,11,15,90.0,0,9.0,20.0,SEA,DK Metcalf,9.0
00-0035640,D.Metcalf,DK Metcalf,WR,SEA,LA,13,2022,0,0,0.0,0,0,0.0,0,8,8,127.0,1,18.7,26.7,SEA,DK Metcalf,18.7
00-0035640,D.Metcalf,DK Metcalf,WR,SEA,CAR,14,2022,0,0,0.0,0,0,0.0,0,5,10,71.0,1,13.1,18.1,SEA,DK Metcalf,13.1
00-0035640,D.Metcalf,DK Metcalf,WR,SEA,SF,15,2022,0,0,0.0,0,0,0.0,0,7,9,55.0,0,5.5,12.5,SEA,DK Metcalf,5.5
00-0035640,D.Metcalf,DK Metcalf,WR,SEA,KC,16,2022,0,0,0.0,0,0,0.0,0,7,9,81.0,0,8.1,15.1,SEA,DK Metcalf,8.1
00-0035640,D.Metcalf,DK Metcalf,WR,SEA,NYJ,17,2022,0,0,0.0,0,0,0.0,0,1,5,3.0,0,0.3,1.3,SEA,DK Metcalf,0.3
00-0035640,D.Metcalf,DK Metcalf,WR,SEA,LA,18,2022,0,0,0.0,0,0,0.0,0,3,8,40.0,0,4.0,7.0,SEA,DK Metcalf,4.0
00-0035640,D.Metcalf,DK Metcalf,WR,SEA,SF,19,2022,0,0,0.0,0,0,0.0,0,10,13,136.0,2,25.6,35.6,SEA,DK Metcalf,25.6
00-0035644,N.Fant,Noah Fant,TE,SEA,DEN,1,2022,0,0,0.0,0,0,0.0,0,3,4,16.0,0,1.6,4.6,SEA,Noah Fant,1.6
00-0035644,N.Fant,Noah Fant,TE,SEA,SF,2,2022,0,0,0.0,0,0,0.0,0,2,2,11.0,0,1.1,3.1,SEA,Noah Fant,1.1
00-0035644,N.Fant,Noah Fant,TE,SEA,ATL,3,2022,0,0,0.0,0,0,0.0,0,4,4,27.0,0,2.7,6.7,SEA,Noah Fant,2.7
00-0035644,N.Fant,Noah Fant,TE,SEA,DET,4,2022,0,0,0.0,0,0,0.0,0,1,1,2.0,1,6.2,7.2,SEA,Noah Fant,6.2
00-0035644,N.Fant,Noah Fant,TE,SEA,NO,5,2022,0,0,0.0,0,0,0.0,0,3,5,49.0,0,4.9,7.9,SEA,Noah Fant,4.9
00-0035644,N.Fant,Noah Fant,TE,SEA,ARI,6,2022,0,0,0.0,0,0,0.0,0,6,7,45.0,0,4.5,10.5,SEA,Noah Fant,4.5
00-0035644,N.Fant,Noah Fant,TE,SEA,LAC,7,2022,0,0,0.0,0,0,0.0,0,1,3,7.0,0,0.7,1.7,SEA,Noah Fant,0.7
00-0035644,N.Fant,Noah Fant,TE,SEA,NYG,8,2022,0,0,0.0,0,0,0.0,0,2,2,19.0,0,1.9,3.9,SEA,Noah Fant,1.9
00-0035644,N.Fant,Noah Fant,TE,SEA,ARI,9,2022,0,0,0.0,0,0,0.0,0,5,6,96.0,0,9.6,14.6,SEA,Noah Fant,9.6
00-0035644,N.Fant,Noah Fant,TE,SEA,TB,10,2022,0,0,0.0,0,0,0.0,0,3,4,34.0,0,3.4,6.4,SEA,Noah Fant,3.4
00-0035644,N.Fant,Noah Fant,TE,SEA,LV,12,2022,0,0,0.0,0,0,0.0,0,3,3,34.0,0,3.4,6.4,SEA,Noah Fant,3.4
00-0035644,N.Fant,Noah Fant,TE,SEA,LA,13,2022,0,0,0.0,0,0,0.0,0,4,5,42.0,1,10.2,14.2,SEA,Noah Fant,10.2
00-0035644,N.Fant,Noah Fant,TE,SEA,CAR,14,2022,0,0,0.0,0,0,0.0,0,0,1,0.0,0,0.0,0.0,SEA,Noah Fant,0.0
00-0035644,N.Fant,Noah Fant,TE,SEA,SF,15,2022,0,0,0.0,0,0,0.0,0,5,6,32.0,1,9.2,14.2,SEA,Noah Fant,9.2
00-0035644,N.Fant,Noah Fant,TE,SEA,KC,16,2022,0,0,0.0,0,0,0.0,0,2,3,12.0,1,7.2,9.2,SEA,Noah Fant,7.2
00-0035644,N.Fant,Noah Fant,TE,SEA,NYJ,17,2022,0,0,0.0,0,0,0.0,0,2,3,40.0,0,4.0,6.0,SEA,Noah Fant,4.0
00-0035644,N.Fant,Noah Fant,TE,SEA,LA,18,2022,0,0,0.0,0,0,0.0,0,4,4,20.0,0,2.0,6.0,SEA,Noah Fant,2.0
00-0035644,N.Fant,Noah Fant,TE,SEA,SF,19,2022,0,0,0.0,0,0,0.0,0,1,2,11.0,0,1.1,2.1,SEA,Noah Fant,1.1
00-0035645,G.Olszewski,Gunner Olszewski,WR,PIT,NE,2,2022,0,0,0.0,0,1,18.0,0,0,0,0.0,0,1.8,1.8,PIT,Gunner Olszewski,1.8
00-0035645,G.Olszewski,Gunner Olszewski,WR,PIT,NYJ,4,2022,0,0,0.0,0,1,0.0,0,0,0,0.0,0,0.0,0.0,PIT,Gunner Olszewski,0.0
00-0035645,G.Olszewski,Gunner Olszewski,WR,PIT,NO,10,2022,0,0,0.0,0,0,0.0,0,1,1,4.0,0,0.4,1.4,PIT,Gunner Olszewski,0.4
00-0035645,G.Olszewski,Gunner Olszewski,WR,PIT,CIN,11,2022,0,0,0.0,0,0,0.0,0,2,3,39.0,0,3.9,5.9,PIT,Gunner Olszewski,3.9
00-0035645,G.Olszewski,Gunner Olszewski,WR,PIT,IND,12,2022,0,0,0.0,0,1,9.0,0,0,0,0.0,0,0.9,0.9,PIT,Gunner Olszewski,0.9
00-0035645,G.Olszewski,Gunner Olszewski,WR,PIT,ATL,13,2022,0,0,0.0,0,2,2.0,0,0,0,0.0,0,0.2,0.2,PIT,Gunner Olszewski,0.2
00-0035645,G.Olszewski,Gunner Olszewski,WR,PIT,BAL,14,2022,0,0,0.0,0,0,0.0,0,1,2,7.0,0,0.7,1.7,PIT,Gunner Olszewski,0.7
00-0035645,G.Olszewski,Gunner Olszewski,WR,PIT,CAR,15,2022,0,0,0.0,0,0,0.0,0,1,1,3.0,0,0.3,1.3,PIT,Gunner Olszewski,0.3
00-0035645,G.Olszewski,Gunner Olszewski,WR,PIT,BAL,17,2022,0,0,0.0,0,1,6.0,0,0,0,0.0,0,0.6,0.6,PIT,Gunner Olszewski,0.6
00-0035645,G.Olszewski,Gunner Olszewski,WR,PIT,CLE,18,2022,0,0,0.0,0,2,4.0,0,0,0,0.0,0,0.4,0.4,PIT,Gunner Olszewski,0.4
00-0035657,D.Harris,Damien Harris,RB,NE,MIA,1,2022,0,0,0.0,0,9,48.0,0,2,3,10.0,0,5.8,7.8,NE,Damien Harris,5.8
00-0035657,D.Harris,Damien Harris,RB,NE,PIT,2,2022,0,0,0.0,0,15,71.0,1,2,2,16.0,0,14.7,16.7,NE,Damien Harris,14.7
00-0035657,D.Harris,Damien Harris,RB,NE,BAL,3,2022,0,0,0.0,0,11,41.0,1,2,3,5.0,0,10.6,12.6,NE,Damien Harris,10.6
00-0035657,D.Harris,Damien Harris,RB,NE,GB,4,2022,0,0,0.0,0,18,86.0,1,1,1,-2.0,0,14.4,15.4,NE,Damien Harris,14.4
00-0035657,D.Harris,Damien Harris,RB,NE,DET,5,2022,0,0,0.0,0,4,11.0,0,1,1,1.0,0,1.2,2.2,NE,Damien Harris,1.2
00-0035657,D.Harris,Damien Harris,RB,NE,CHI,7,2022,0,0,0.0,0,3,8.0,0,1,2,2.0,0,1.0,2.0,NE,Damien Harris,1.0
00-0035657,D.Harris,Damien Harris,RB,NE,NYJ,8,2022,0,0,0.0,0,11,37.0,0,2,2,15.0,0,5.2,7.2,NE,Damien Harris,5.2
00-0035657,D.Harris,Damien Harris,RB,NE,NYJ,11,2022,0,0,0.0,0,8,65.0,0,2,2,28.0,0,9.3,11.3,NE,Damien Harris,9.3
00-0035657,D.Harris,Damien Harris,RB,NE,MIN,12,2022,0,0,0.0,0,5,16.0,0,0,0,0.0,0,1.6,1.6,NE,Damien Harris,1.6
00-0035657,D.Harris,Damien Harris,RB,NE,MIA,17,2022,0,0,0.0,0,9,31.0,0,3,3,18.0,0,4.9,7.9,NE,Damien Harris,4.9
00-0035657,D.Harris,Damien Harris,RB,NE,BUF,18,2022,0,0,0.0,0,13,48.0,0,1,4,4.0,0,5.2,6.2,NE,Damien Harris,5.2
00-0035659,T.McLaurin,Terry McLaurin,WR,WAS,JAX,1,2022,0,0,0.0,0,0,0.0,0,2,4,58.0,1,11.8,13.8,WAS,Terry McLaurin,11.8
00-0035659,T.McLaurin,Terry McLaurin,WR,WAS,DET,2,2022,0,0,0.0,0,1,7.0,0,4,8,75.0,0,8.2,12.2,WAS,Terry McLaurin,8.2
00-0035659,T.McLaurin,Terry McLaurin,WR,WAS,PHI,3,2022,0,0,0.0,0,0,0.0,0,6,9,102.0,0,10.2,16.2,WAS,Terry McLaurin,10.2
00-0035659,T.McLaurin,Terry McLaurin,WR,WAS,DAL,4,2022,0,0,0.0,0,0,0.0,0,2,6,15.0,0,1.5,3.5,WAS,Terry McLaurin,1.5
00-0035659,T.McLaurin,Terry McLaurin,WR,WAS,TEN,5,2022,0,0,0.0,0,0,0.0,0,5,6,76.0,0,7.6,12.6,WAS,Terry McLaurin,7.6
00-0035659,T.McLaurin,Terry McLaurin,WR,WAS,CHI,6,2022,0,0,0.0,0,2,11.0,0,3,4,41.0,0,5.2,8.2,WAS,Terry McLaurin,5.2
00-0035659,T.McLaurin,Terry McLaurin,WR,WAS,GB,7,2022,0,0,0.0,0,0,0.0,0,5,8,73.0,1,13.3,18.3,WAS,Terry McLaurin,13.3
00-0035659,T.McLaurin,Terry McLaurin,WR,WAS,IND,8,2022,0,0,0.0,0,1,-7.0,0,6,8,113.0,0,10.6,16.6,WAS,Terry McLaurin,10.6
00-0035659,T.McLaurin,Terry McLaurin,WR,WAS,MIN,9,2022,0,0,0.0,0,0,0.0,0,5,9,56.0,0,5.6,10.6,WAS,Terry McLaurin,5.6
00-0035659,T.McLaurin,Terry McLaurin,WR,WAS,PHI,10,2022,0,0,0.0,0,0,0.0,0,8,11,128.0,0,12.8,20.8,WAS,Terry McLaurin,12.8
00-0035659,T.McLaurin,Terry McLaurin,WR,WAS,HOU,11,2022,0,0,0.0,0,1,1.0,0,4,7,55.0,0,5.6,9.6,WAS,Terry McLaurin,5.6
00-0035659,T.McLaurin,Terry McLaurin,WR,WAS,ATL,12,2022,0,0,0.0,0,1,5.0,0,4,6,48.0,0,5.3,9.3,WAS,Terry McLaurin,5.3
00-0035659,T.McLaurin,Terry McLaurin,WR,WAS,NYG,13,2022,0,0,0.0,0,0,0.0,0,8,12,105.0,1,16.5,24.5,WAS,Terry McLaurin,16.5
00-0035659,T.McLaurin,Terry McLaurin,WR,WAS,NYG,15,2022,0,0,0.0,0,0,0.0,0,6,6,70.0,0,7.0,13.0,WAS,Terry McLaurin,7.0
00-0035659,T.McLaurin,Terry McLaurin,WR,WAS,SF,16,2022,0,0,0.0,0,0,0.0,0,4,5,77.0,1,13.7,17.7,WAS,Terry McLaurin,13.7
00-0035659,T.McLaurin,Terry McLaurin,WR,WAS,CLE,17,2022,0,0,0.0,0,1,12.0,0,2,5,25.0,0,3.7,5.7,WAS,Terry McLaurin,3.7
00-0035659,T.McLaurin,Terry McLaurin,WR,WAS,DAL,18,2022,0,0,0.0,0,0,0.0,0,3,6,74.0,1,13.4,16.4,WAS,Terry McLaurin,13.4
00-0035662,M.Brown,Marquise Brown,WR,ARI,KC,1,2022,0,0,0.0,0,0,0.0,0,4,6,43.0,1,10.3,14.3,ARI,Marquise Brown,10.3
00-0035662,M.Brown,Marquise Brown,WR,ARI,LV,2,2022,0,0,0.0,0,0,0.0,0,6,11,68.0,0,6.8,12.8,ARI,Marquise Brown,6.8
00-0035662,M.Brown,Marquise Brown,WR,ARI,LA,3,2022,0,0,0.0,0,0,0.0,0,14,17,140.0,0,14.0,28.0,ARI,Marquise Brown,14.0
00-0035662,M.Brown,Marquise Brown,WR,ARI,CAR,4,2022,0,0,0.0,0,0,0.0,0,6,11,88.0,1,14.8,20.8,ARI,Marquise Brown,14.8
00-0035662,M.Brown,Marquise Brown,WR,ARI,PHI,5,2022,0,0,0.0,0,0,0.0,0,8,10,78.0,1,13.8,21.8,ARI,Marquise Brown,13.8
00-0035662,M.Brown,Marquise Brown,WR,ARI,SEA,6,2022,0,0,0.0,0,0,0.0,0,5,9,68.0,0,6.8,11.8,ARI,Marquise Brown,6.8
00-0035662,M.Brown,Marquise Brown,WR,ARI,LAC,12,2022,0,0,0.0,0,0,0.0,0,6,8,46.0,0,4.6,10.6,ARI,Marquise Brown,4.6
00-0035662,M.Brown,Marquise Brown,WR,ARI,NE,14,2022,0,0,0.0,0,0,0.0,0,4,8,34.0,0,3.4,7.4,ARI,Marquise Brown,3.4
00-0035662,M.Brown,Marquise Brown,WR,ARI,DEN,15,2022,0,0,0.0,0,0,0.0,0,4,8,19.0,0,1.9,5.9,ARI,Marquise Brown,1.9
00-0035662,M.Brown,Marquise Brown,WR,ARI,TB,16,2022,0,0,0.0,0,1,1.0,0,3,6,57.0,0,5.8,8.8,ARI,Marquise Brown,5.8
00-0035662,M.Brown,Marquise Brown,WR,ARI,ATL,17,2022,0,0,0.0,0,0,0.0,0,6,9,61.0,0,6.1,12.1,ARI,Marquise Brown,6.1
00-0035662,M.Brown,Marquise Brown,WR,ARI,SF,18,2022,0,0,0.0,0,0,0.0,0,1,4,7.0,0,0.7,1.7,ARI,Marquise Brown,0.7
00-0035664,D.Henderson,Darrell Henderson,RB,LA,BUF,1,2022,0,0,0.0,0,13,47.0,0,5,5,26.0,0,7.3,12.3,LA,Darrell Henderson,7.3
00-0035664,D.Henderson,Darrell Henderson,RB,LA,ATL,2,2022,0,0,0.0,0,10,47.0,1,0,0,0.0,0,10.7,10.7,LA,Darrell Henderson,10.7
00-0035664,D.Henderson,Darrell Henderson,RB,LA,ARI,3,2022,0,0,0.0,0,4,17.0,0,0,1,0.0,0,1.7,1.7,LA,Darrell Henderson,1.7
00-0035664,D.Henderson,Darrell Henderson,RB,LA,SF,4,2022,0,0,0.0,0,7,27.0,0,3,4,12.0,0,3.9,6.9,LA,Darrell Henderson,3.9
00-0035664,D.Henderson,Darrell Henderson,RB,LA,DAL,5,2022,0,0,0.0,0,0,0.0,0,4,5,30.0,0,3.0,7.0,LA,Darrell Henderson,3.0
00-0035664,D.Henderson,Darrell Henderson,RB,LA,CAR,6,2022,0,0,0.0,0,12,43.0,1,2,3,9.0,0,11.2,13.2,LA,Darrell Henderson,11.2
00-0035664,D.Henderson,Darrell Henderson,RB,LA,SF,8,2022,0,0,0.0,0,4,16.0,0,2,2,14.0,0,3.0,5.0,LA,Darrell Henderson,3.0
00-0035664,D.Henderson,Darrell Henderson,RB,LA,TB,9,2022,0,0,0.0,0,12,56.0,0,0,1,0.0,0,5.6,5.6,LA,Darrell Henderson,5.6
00-0035664,D.Henderson,Darrell Henderson,RB,LA,ARI,10,2022,0,0,0.0,0,6,21.0,1,1,1,11.0,0,9.2,10.2,LA,Darrell Henderson,9.2
00-0035664,D.Henderson,Darrell Henderson,RB,LA,NO,11,2022,0,0,0.0,0,2,9.0,0,0,0,0.0,0,0.9,0.9,LA,Darrell Henderson,0.9
00-0035676,A.Brown,A.J. Brown,WR,PHI,DET,1,2022,0,0,0.0,0,0,0.0,0,10,13,155.0,0,15.5,25.5,PHI,A.J. Brown,15.5
00-0035676,A.Brown,A.J. Brown,WR,PHI,MIN,2,2022,0,0,0.0,0,0,0.0,0,5,8,69.0,0,6.9,11.9,PHI,A.J. Brown,6.9
00-0035676,A.Brown,A.J. Brown,WR,PHI,WAS,3,2022,0,0,0.0,0,0,0.0,0,5,10,85.0,1,14.5,19.5,PHI,A.J. Brown,14.5
00-0035676,A.Brown,A.J. Brown,WR,PHI,JAX,4,2022,0,0,0.0,0,0,0.0,0,5,7,95.0,0,9.5,14.5,PHI,A.J. Brown,9.5
00-0035676,A.Brown,A.J. Brown,WR,PHI,ARI,5,2022,0,0,0.0,0,0,0.0,0,3,7,32.0,0,3.2,6.2,PHI,A.J. Brown,3.2
00-0035676,A.Brown,A.J. Brown,WR,PHI,DAL,6,2022,0,0,0.0,0,0,0.0,0,5,8,67.0,1,12.7,17.7,PHI,A.J. Brown,12.7
00-0035676,A.Brown,A.J. Brown,WR,PHI,PIT,8,2022,0,0,0.0,0,0,0.0,0,6,10,156.0,3,33.6,39.6,PHI,A.J. Brown,33.6
00-0035676,A.Brown,A.J. Brown,WR,PHI,HOU,9,2022,0,0,0.0,0,0,0.0,0,4,6,59.0,1,11.9,15.9,PHI,A.J. Brown,11.9
00-0035676,A.Brown,A.J. Brown,WR,PHI,WAS,10,2022,0,0,0.0,0,0,0.0,0,1,4,7.0,0,0.7,1.7,PHI,A.J. Brown,0.7
00-0035676,A.Brown,A.J. Brown,WR,PHI,IND,11,2022,0,0,0.0,0,0,0.0,0,5,7,60.0,0,4.0,9.0,PHI,A.J. Brown,4.0
00-0035676,A.Brown,A.J. Brown,WR,PHI,GB,12,2022,0,0,0.0,0,0,0.0,0,4,6,46.0,1,8.6,12.6,PHI,A.J. Brown,8.6
00-0035676,A.Brown,A.J. Brown,WR,PHI,TEN,13,2022,0,0,0.0,0,0,0.0,0,8,10,119.0,2,23.9,31.9,PHI,A.J. Brown,23.9
00-0035676,A.Brown,A.J. Brown,WR,PHI,NYG,14,2022,0,0,0.0,0,0,0.0,0,4,6,70.0,1,13.0,17.0,PHI,A.J. Brown,13.0
00-0035676,A.Brown,A.J. Brown,WR,PHI,CHI,15,2022,0,0,0.0,0,0,0.0,0,9,16,181.0,0,18.1,27.1,PHI,A.J. Brown,18.1
00-0035676,A.Brown,A.J. Brown,WR,PHI,DAL,16,2022,0,0,0.0,0,0,0.0,0,6,8,103.0,0,10.3,16.3,PHI,A.J. Brown,10.3
00-0035676,A.Brown,A.J. Brown,WR,PHI,NO,17,2022,0,0,0.0,0,0,0.0,0,4,9,97.0,1,15.7,19.7,PHI,A.J. Brown,15.7
00-0035676,A.Brown,A.J. Brown,WR,PHI,NYG,18,2022,0,0,0.0,0,0,0.0,0,4,10,95.0,0,9.5,13.5,PHI,A.J. Brown,9.5
00-0035676,A.Brown,A.J. Brown,WR,PHI,NYG,20,2022,0,0,0.0,0,0,0.0,0,3,6,22.0,0,2.2,5.2,PHI,A.J. Brown,2.2
00-0035676,A.Brown,A.J. Brown,WR,PHI,SF,21,2022,0,0,0.0,0,0,0.0,0,4,8,28.0,0,2.8,6.8,PHI,A.J. Brown,2.8
00-0035676,A.Brown,A.J. Brown,WR,PHI,KC,22,2022,0,0,0.0,0,0,0.0,0,6,8,96.0,1,15.6,21.6,PHI,A.J. Brown,15.6
00-0035685,D.Montgomery,David Montgomery,RB,CHI,SF,1,2022,0,0,0.0,0,17,26.0,0,3,4,24.0,0,5.0,8.0,CHI,David Montgomery,5.0
00-0035685,D.Montgomery,David Montgomery,RB,CHI,GB,2,2022,0,0,0.0,0,15,122.0,0,2,2,14.0,0,13.6,15.6,CHI,David Montgomery,13.6
00-0035685,D.Montgomery,David Montgomery,RB,CHI,HOU,3,2022,0,0,0.0,0,3,11.0,0,0,0,0.0,0,1.1,1.1,CHI,David Montgomery,1.1
00-0035685,D.Montgomery,David Montgomery,RB,CHI,MIN,5,2022,0,0,0.0,0,12,20.0,1,4,4,62.0,0,14.2,18.2,CHI,David Montgomery,14.2
00-0035685,D.Montgomery,David Montgomery,RB,CHI,WAS,6,2022,0,0,0.0,0,15,67.0,0,1,1,13.0,0,8.0,9.0,CHI,David Montgomery,8.0
00-0035685,D.Montgomery,David Montgomery,RB,CHI,NE,7,2022,0,0,0.0,0,15,62.0,1,0,0,0.0,0,12.2,12.2,CHI,David Montgomery,12.2
00-0035685,D.Montgomery,David Montgomery,RB,CHI,DAL,8,2022,0,0,0.0,0,15,53.0,0,3,3,22.0,0,5.5,8.5,CHI,David Montgomery,5.5
00-0035685,D.Montgomery,David Montgomery,RB,CHI,MIA,9,2022,0,0,0.0,0,14,36.0,0,1,2,8.0,0,4.4,5.4,CHI,David Montgomery,4.4
00-0035685,D.Montgomery,David Montgomery,RB,CHI,DET,10,2022,0,0,0.0,0,9,37.0,0,1,1,7.0,0,4.4,5.4,CHI,David Montgomery,4.4
00-0035685,D.Montgomery,David Montgomery,RB,CHI,ATL,11,2022,0,0,0.0,0,17,67.0,1,3,4,54.0,0,18.1,21.1,CHI,David Montgomery,18.1
00-0035685,D.Montgomery,David Montgomery,RB,CHI,NYJ,12,2022,0,0,0.0,0,14,79.0,0,3,4,34.0,0,11.3,14.3,CHI,David Montgomery,11.3
00-0035685,D.Montgomery,David Montgomery,RB,CHI,GB,13,2022,0,0,0.0,0,14,61.0,1,4,5,6.0,0,12.7,16.7,CHI,David Montgomery,12.7
00-0035685,D.Montgomery,David Montgomery,RB,CHI,PHI,15,2022,0,0,0.0,0,12,53.0,1,3,3,38.0,1,21.1,24.1,CHI,David Montgomery,21.1
00-0035685,D.Montgomery,David Montgomery,RB,CHI,BUF,16,2022,0,0,0.0,0,16,62.0,0,4,4,22.0,0,6.4,10.4,CHI,David Montgomery,6.4
00-0035685,D.Montgomery,David Montgomery,RB,CHI,DET,17,2022,0,0,0.0,0,6,24.0,0,2,3,12.0,0,3.6,5.6,CHI,David Montgomery,3.6
00-0035685,D.Montgomery,David Montgomery,RB,CHI,MIN,18,2022,0,0,0.0,0,7,21.0,0,0,0,0.0,0,2.1,2.1,CHI,David Montgomery,2.1
00-0035689,D.Knox,Dawson Knox,TE,BUF,LA,1,2022,0,0,0.0,0,0,0.0,0,1,2,5.0,0,0.5,1.5,BUF,Dawson Knox,0.5
00-0035689,D.Knox,Dawson Knox,TE,BUF,TEN,2,2022,0,0,0.0,0,0,0.0,0,4,5,41.0,0,4.1,8.1,BUF,Dawson Knox,4.1
00-0035689,D.Knox,Dawson Knox,TE,BUF,MIA,3,2022,0,0,0.0,0,0,0.0,0,4,4,25.0,0,2.5,6.5,BUF,Dawson Knox,2.5
00-0035689,D.Knox,Dawson Knox,TE,BUF,BAL,4,2022,0,0,0.0,0,0,0.0,0,3,6,40.0,0,4.0,7.0,BUF,Dawson Knox,4.0
00-0035689,D.Knox,Dawson Knox,TE,BUF,KC,6,2022,0,0,0.0,0,0,0.0,0,3,3,37.0,1,9.7,12.7,BUF,Dawson Knox,9.7
00-0035689,D.Knox,Dawson Knox,TE,BUF,GB,8,2022,0,0,0.0,0,0,0.0,0,2,3,10.0,1,7.0,9.0,BUF,Dawson Knox,7.0
00-0035689,D.Knox,Dawson Knox,TE,BUF,NYJ,9,2022,0,0,0.0,0,0,0.0,0,3,4,25.0,0,2.5,5.5,BUF,Dawson Knox,2.5
00-0035689,D.Knox,Dawson Knox,TE,BUF,MIN,10,2022,0,0,0.0,0,0,0.0,0,4,6,57.0,0,5.7,9.7,BUF,Dawson Knox,5.7
00-0035689,D.Knox,Dawson Knox,TE,BUF,CLE,11,2022,0,0,0.0,0,0,0.0,0,7,7,70.0,0,7.0,14.0,BUF,Dawson Knox,7.0
00-0035689,D.Knox,Dawson Knox,TE,BUF,DET,12,2022,0,0,0.0,0,0,0.0,0,2,2,17.0,0,1.7,3.7,BUF,Dawson Knox,1.7
00-0035689,D.Knox,Dawson Knox,TE,BUF,NE,13,2022,0,0,0.0,0,0,0.0,0,0,1,0.0,0,0.0,0.0,BUF,Dawson Knox,0.0
00-0035689,D.Knox,Dawson Knox,TE,BUF,NYJ,14,2022,0,0,0.0,0,0,0.0,0,4,7,41.0,1,10.1,14.1,BUF,Dawson Knox,10.1
00-0035689,D.Knox,Dawson Knox,TE,BUF,MIA,15,2022,0,0,0.0,0,0,0.0,0,6,8,98.0,1,15.8,21.8,BUF,Dawson Knox,15.8
00-0035689,D.Knox,Dawson Knox,TE,BUF,CHI,16,2022,0,0,0.0,0,0,0.0,0,3,5,38.0,1,9.8,12.8,BUF,Dawson Knox,9.8
00-0035689,D.Knox,Dawson Knox,TE,BUF,NE,18,2022,0,0,0.0,0,0,0.0,0,2,2,13.0,1,7.3,9.3,BUF,Dawson Knox,7.3
00-0035689,D.Knox,Dawson Knox,TE,BUF,MIA,19,2022,0,0,0.0,0,0,0.0,0,3,5,20.0,1,8.0,11.0,BUF,Dawson Knox,8.0
00-0035689,D.Knox,Dawson Knox,TE,BUF,CIN,20,2022,0,0,0.0,0,0,0.0,0,5,7,65.0,0,6.5,11.5,BUF,Dawson Knox,6.5
00-0035700,J.Jacobs,Josh Jacobs,RB,LV,LAC,1,2022,0,0,0.0,0,10,57.0,0,1,1,16.0,0,7.3,8.3,LV,Josh Jacobs,7.3
00-0035700,J.Jacobs,Josh Jacobs,RB,LV,ARI,2,2022,0,0,0.0,0,19,69.0,0,1,1,12.0,0,8.1,9.1,LV,Josh Jacobs,8.1
00-0035700,J.Jacobs,Josh Jacobs,RB,LV,TEN,3,2022,0,0,0.0,0,13,66.0,0,5,5,31.0,0,9.7,14.7,LV,Josh Jacobs,9.7
00-0035700,J.Jacobs,Josh Jacobs,RB,LV,DEN,4,2022,0,0,0.0,0,28,144.0,2,5,6,31.0,0,29.5,34.5,LV,Josh Jacobs,29.5
00-0035700,J.Jacobs,Josh Jacobs,RB,LV,KC,5,2022,0,0,0.0,0,21,154.0,1,5,5,39.0,0,25.3,30.3,LV,Josh Jacobs,25.3
00-0035700,J.Jacobs,Josh Jacobs,RB,LV,HOU,7,2022,0,0,0.0,0,20,143.0,3,3,4,12.0,0,33.5,36.5,LV,Josh Jacobs,33.5
00-0035700,J.Jacobs,Josh Jacobs,RB,LV,NO,8,2022,0,0,0.0,0,10,43.0,0,2,4,11.0,0,5.4,7.4,LV,Josh Jacobs,5.4
00-0035700,J.Jacobs,Josh Jacobs,RB,LV,JAX,9,2022,0,0,0.0,0,17,67.0,0,3,3,20.0,0,8.7,11.7,LV,Josh Jacobs,8.7
00-0035700,J.Jacobs,Josh Jacobs,RB,LV,IND,10,2022,0,0,0.0,0,21,78.0,1,6,8,28.0,0,16.6,22.6,LV,Josh Jacobs,16.6
00-0035700,J.Jacobs,Josh Jacobs,RB,LV,DEN,11,2022,0,0,0.0,0,24,109.0,0,3,4,51.0,0,16.0,19.0,LV,Josh Jacobs,16.0
00-0035700,J.Jacobs,Josh Jacobs,RB,LV,SEA,12,2022,0,0,0.0,0,33,229.0,2,6,7,74.0,0,42.3,48.3,LV,Josh Jacobs,42.3
00-0035700,J.Jacobs,Josh Jacobs,RB,LV,LAC,13,2022,0,0,0.0,0,26,144.0,1,2,2,6.0,0,19.0,21.0,LV,Josh Jacobs,19.0
00-0035700,J.Jacobs,Josh Jacobs,RB,LV,LA,14,2022,0,0,0.0,0,27,99.0,1,2,2,15.0,0,17.4,19.4,LV,Josh Jacobs,17.4
00-0035700,J.Jacobs,Josh Jacobs,RB,LV,NE,15,2022,0,0,0.0,0,22,93.0,0,2,3,17.0,0,11.0,13.0,LV,Josh Jacobs,11.0
00-0035700,J.Jacobs,Josh Jacobs,RB,LV,PIT,16,2022,0,0,0.0,0,15,44.0,0,1,1,6.0,0,5.0,6.0,LV,Josh Jacobs,5.0
00-0035700,J.Jacobs,Josh Jacobs,RB,LV,SF,17,2022,0,0,0.0,0,17,69.0,1,4,5,26.0,0,15.5,19.5,LV,Josh Jacobs,15.5
00-0035700,J.Jacobs,Josh Jacobs,RB,LV,KC,18,2022,0,0,0.0,0,17,45.0,0,2,3,5.0,0,5.0,7.0,LV,Josh Jacobs,5.0
00-0035703,M.Boykin,Miles Boykin,WR,PIT,CIN,1,2022,0,0,0.0,0,0,0.0,0,0,1,0.0,0,0.0,0.0,PIT,Miles Boykin,0.0
00-0035703,M.Boykin,Miles Boykin,WR,PIT,BUF,5,2022,0,0,0.0,0,0,0.0,0,1,1,11.0,0,1.1,2.1,PIT,Miles Boykin,1.1
00-0035703,M.Boykin,Miles Boykin,WR,PIT,CAR,15,2022,0,0,0.0,0,0,0.0,0,1,1,0.0,0,0.0,1.0,PIT,Miles Boykin,0.0
00-0035710,D.Jones,Daniel Jones,QB,NYG,TEN,1,2022,17,21,188.0,2,6,25.0,0,0,0,0.0,0,16.02,16.02,NYG,Daniel Jones,16.02
00-0035710,D.Jones,Daniel Jones,QB,NYG,CAR,2,2022,22,34,176.0,1,10,21.0,0,0,0,0.0,0,13.14,13.14,NYG,Daniel Jones,13.14
00-0035710,D.Jones,Daniel Jones,QB,NYG,DAL,3,2022,20,37,196.0,0,9,79.0,0,0,0,0.0,0,13.74,13.74,NYG,Daniel Jones,13.74
00-0035710,D.Jones,Daniel Jones,QB,NYG,CHI,4,2022,8,13,71.0,0,6,68.0,2,0,0,0.0,0,21.64,21.64,NYG,Daniel Jones,21.64
00-0035710,D.Jones,Daniel Jones,QB,NYG,GB,5,2022,21,27,217.0,0,10,37.0,0,0,0,0.0,0,12.38,12.38,NYG,Daniel Jones,12.38
00-0035710,D.Jones,Daniel Jones,QB,NYG,BAL,6,2022,19,27,173.0,2,6,6.0,0,0,0,0.0,0,13.52,13.52,NYG,Daniel Jones,13.52
00-0035710,D.Jones,Daniel Jones,QB,NYG,JAX,7,2022,19,30,202.0,1,11,107.0,1,0,0,0.0,0,28.78,28.78,NYG,Daniel Jones,28.78
00-0035710,D.Jones,Daniel Jones,QB,NYG,SEA,8,2022,17,31,176.0,0,6,20.0,0,0,0,0.0,0,9.04,9.04,NYG,Daniel Jones,9.04
00-0035710,D.Jones,Daniel Jones,QB,NYG,HOU,10,2022,13,17,197.0,2,5,24.0,0,0,0,0.0,0,18.28,18.28,NYG,Daniel Jones,18.28
00-0035710,D.Jones,Daniel Jones,QB,NYG,DET,11,2022,27,44,341.0,1,7,50.0,1,0,0,0.0,0,24.64,24.64,NYG,Daniel Jones,24.64
00-0035710,D.Jones,Daniel Jones,QB,NYG,DAL,12,2022,21,35,228.0,1,3,14.0,0,0,0,0.0,0,14.52,14.52,NYG,Daniel Jones,14.52
00-0035710,D.Jones,Daniel Jones,QB,NYG,WAS,13,2022,25,31,200.0,1,12,71.0,0,0,0,0.0,0,17.1,17.1,NYG,Daniel Jones,17.1
00-0035710,D.Jones,Daniel Jones,QB,NYG,PHI,14,2022,18,27,169.0,1,4,26.0,1,0,0,0.0,0,19.36,19.36,NYG,Daniel Jones,19.36
00-0035710,D.Jones,Daniel Jones,QB,NYG,WAS,15,2022,21,32,160.0,0,10,35.0,0,0,0,0.0,0,9.9,9.9,NYG,Daniel Jones,9.9
00-0035710,D.Jones,Daniel Jones,QB,NYG,MIN,16,2022,30,42,334.0,1,4,34.0,0,0,0,0.0,0,20.76,20.76,NYG,Daniel Jones,20.76
00-0035710,D.Jones,Daniel Jones,QB,NYG,IND,17,2022,19,24,177.0,2,11,91.0,2,0,0,0.0,0,36.18,36.18,NYG,Daniel Jones,36.18
00-0035710,D.Jones,Daniel Jones,QB,NYG,MIN,19,2022,24,35,301.0,2,17,78.0,0,0,0,0.0,0,27.84,27.84,NYG,Daniel Jones,27.84
00-0035710,D.Jones,Daniel Jones,QB,NYG,PHI,20,2022,15,27,135.0,0,6,24.0,0,0,0,0.0,0,5.8,5.8,NYG,Daniel Jones,5.8
00-0035719,D.Samuel,Deebo Samuel,WR,SF,CHI,1,2022,0,0,0.0,0,8,52.0,1,2,7,14.0,0,10.6,12.6,SF,Deebo Samuel,10.6
00-0035719,D.Samuel,Deebo Samuel,WR,SF,SEA,2,2022,0,0,0.0,0,4,53.0,0,5,6,44.0,0,9.7,14.7,SF,Deebo Samuel,9.7
00-0035719,D.Samuel,Deebo Samuel,WR,SF,DEN,3,2022,0,0,0.0,0,5,6.0,0,5,8,73.0,0,7.9,12.9,SF,Deebo Samuel,7.9
00-0035719,D.Samuel,Deebo Samuel,WR,SF,LA,4,2022,0,0,0.0,0,2,2.0,0,6,7,115.0,1,17.7,23.7,SF,Deebo Samuel,17.7
00-0035719,D.Samuel,Deebo Samuel,WR,SF,CAR,5,2022,0,0,0.0,0,2,12.0,0,2,9,20.0,1,9.2,11.2,SF,Deebo Samuel,9.2
00-0035719,D.Samuel,Deebo Samuel,WR,SF,ATL,6,2022,0,0,0.0,0,2,11.0,0,7,10,79.0,0,9.0,16.0,SF,Deebo Samuel,9.0
00-0035719,D.Samuel,Deebo Samuel,WR,SF,KC,7,2022,0,0,0.0,0,1,2.0,0,5,7,42.0,0,4.4,9.4,SF,Deebo Samuel,4.4
00-0035719,D.Samuel,Deebo Samuel,WR,SF,LAC,10,2022,0,0,0.0,0,4,27.0,0,2,6,24.0,0,5.1,7.1,SF,Deebo Samuel,5.1
00-0035719,D.Samuel,Deebo Samuel,WR,SF,ARI,11,2022,0,0,0.0,0,3,37.0,1,7,9,57.0,0,15.4,22.4,SF,Deebo Samuel,15.4
00-0035719,D.Samuel,Deebo Samuel,WR,SF,NO,12,2022,0,0,0.0,0,2,0.0,0,3,7,43.0,0,4.3,7.3,SF,Deebo Samuel,4.3
00-0035719,D.Samuel,Deebo Samuel,WR,SF,MIA,13,2022,0,0,0.0,0,4,5.0,0,6,10,58.0,0,6.3,12.3,SF,Deebo Samuel,6.3
00-0035719,D.Samuel,Deebo Samuel,WR,SF,TB,14,2022,0,0,0.0,0,4,21.0,1,4,5,43.0,0,10.4,14.4,SF,Deebo Samuel,10.4
00-0035719,D.Samuel,Deebo Samuel,WR,SF,ARI,18,2022,0,0,0.0,0,1,4.0,0,2,3,20.0,0,2.4,4.4,SF,Deebo Samuel,2.4
00-0035719,D.Samuel,Deebo Samuel,WR,SF,SEA,19,2022,0,0,0.0,0,3,32.0,0,6,9,133.0,1,22.5,28.5,SF,Deebo Samuel,22.5
00-0035719,D.Samuel,Deebo Samuel,WR,SF,DAL,20,2022,0,0,0.0,0,4,11.0,0,4,7,45.0,0,5.6,9.6,SF,Deebo Samuel,5.6
00-0035719,D.Samuel,Deebo Samuel,WR,SF,PHI,21,2022,0,0,0.0,0,6,-9.0,0,3,6,33.0,0,0.4,3.4,SF,Deebo Samuel,0.4
00-0035726,J.Johnson,Jakob Johnson,FB,LV,LAC,1,2022,0,0,0.0,0,0,0.0,0,1,1,1.0,0,0.1,1.1,LV,Jakob Johnson,0.1
00-0035726,J.Johnson,Jakob Johnson,FB,LV,KC,5,2022,0,0,0.0,0,0,0.0,0,1,1,5.0,0,0.5,1.5,LV,Jakob Johnson,0.5
00-0035726,J.Johnson,Jakob Johnson,FB,LV,DEN,11,2022,0,0,0.0,0,0,0.0,0,1,1,0.0,0,0.0,1.0,LV,Jakob Johnson,0.0
00-0035726,J.Johnson,Jakob Johnson,FB,LV,SEA,12,2022,0,0,0.0,0,0,0.0,0,0,1,0.0,0,0.0,0.0,LV,Jakob Johnson,0.0
00-0035726,J.Johnson,Jakob Johnson,FB,LV,LA,14,2022,0,0,0.0,0,0,0.0,0,1,1,1.0,0,0.1,1.1,LV,Jakob Johnson,0.1
00-0035726,J.Johnson,Jakob Johnson,FB,LV,KC,18,2022,0,0,0.0,0,0,0.0,0,1,1,3.0,0,0.3,1.3,LV,Jakob Johnson,0.3
00-0035752,C.Streveler,Chris Streveler,QB,NYJ,JAX,16,2022,10,15,90.0,0,9,54.0,0,0,0,0.0,0,9.0,9.0,NYJ,Chris Streveler,9.0
00-0035771,M.Wilcox,Mitchell Wilcox,TE,CIN,DAL,2,2022,0,0,0.0,0,0,0.0,0,1,1,3.0,0,0.3,1.3,CIN,Mitchell Wilcox,0.3
00-0035771,M.Wilcox,Mitchell Wilcox,TE,CIN,NYJ,3,2022,0,0,0.0,0,0,0.0,0,1,1,9.0,0,0.9,1.9,CIN,Mitchell Wilcox,0.9
00-0035771,M.Wilcox,Mitchell Wilcox,TE,CIN,MIA,4,2022,0,0,0.0,0,0,0.0,0,1,1,18.0,0,1.8,2.8,CIN,Mitchell Wilcox,1.8
00-0035771,M.Wilcox,Mitchell Wilcox,TE,CIN,ATL,7,2022,0,0,0.0,0,0,0.0,0,2,2,14.0,0,1.4,3.4,CIN,Mitchell Wilcox,1.4
00-0035771,M.Wilcox,Mitchell Wilcox,TE,CIN,CLE,8,2022,0,0,0.0,0,0,0.0,0,1,1,3.0,0,0.3,1.3,CIN,Mitchell Wilcox,0.3
00-0035771,M.Wilcox,Mitchell Wilcox,TE,CIN,KC,13,2022,0,0,0.0,0,0,0.0,0,1,1,13.0,0,1.3,2.3,CIN,Mitchell Wilcox,1.3
00-0035771,M.Wilcox,Mitchell Wilcox,TE,CIN,CLE,14,2022,0,0,0.0,0,0,0.0,0,1,2,10.0,0,1.0,2.0,CIN,Mitchell Wilcox,1.0
00-0035771,M.Wilcox,Mitchell Wilcox,TE,CIN,TB,15,2022,0,0,0.0,0,0,0.0,0,3,3,34.0,1,9.4,12.4,CIN,Mitchell Wilcox,9.4
00-0035771,M.Wilcox,Mitchell Wilcox,TE,CIN,NE,16,2022,0,0,0.0,0,0,0.0,0,6,6,35.0,0,3.5,9.5,CIN,Mitchell Wilcox,3.5
00-0035771,M.Wilcox,Mitchell Wilcox,TE,CIN,BUF,20,2022,0,0,0.0,0,0,0.0,0,1,2,9.0,0,0.9,1.9,CIN,Mitchell Wilcox,0.9
00-0035771,M.Wilcox,Mitchell Wilcox,TE,CIN,KC,21,2022,0,0,0.0,0,0,0.0,0,1,2,10.0,0,1.0,2.0,CIN,Mitchell Wilcox,1.0
00-0035806,J.Hasty,Jamycal Hasty,RB,JAX,LAC,3,2022,0,0,0.0,0,0,0.0,0,0,1,0.0,0,0.0,0.0,JAX,Jamycal Hasty,0.0
00-0035806,J.Hasty,Jamycal Hasty,RB,JAX,PHI,4,2022,0,0,0.0,0,0,0.0,0,2,2,22.0,0,2.2,4.2,JAX,Jamycal Hasty,2.2
00-0035806,J.Hasty,Jamycal Hasty,RB,JAX,HOU,5,2022,0,0,0.0,0,1,6.0,0,0,0,0.0,0,0.6,0.6,JAX,Jamycal Hasty,0.6
00-0035806,J.Hasty,Jamycal Hasty,RB,JAX,IND,6,2022,0,0,0.0,0,3,57.0,1,0,0,0.0,0,11.7,11.7,JAX,Jamycal Hasty,11.7
00-0035806,J.Hasty,Jamycal Hasty,RB,JAX,NYG,7,2022,0,0,0.0,0,1,6.0,0,0,0,0.0,0,0.6,0.6,JAX,Jamycal Hasty,0.6
00-0035806,J.Hasty,Jamycal Hasty,RB,JAX,DEN,8,2022,0,0,0.0,0,4,13.0,0,3,4,-3.0,0,1.0,4.0,JAX,Jamycal Hasty,1.0
00-0035806,J.Hasty,Jamycal Hasty,RB,JAX,LV,9,2022,0,0,0.0,0,3,6.0,0,1,1,5.0,0,1.1,2.1,JAX,Jamycal Hasty,1.1
00-0035806,J.Hasty,Jamycal Hasty,RB,JAX,KC,10,2022,0,0,0.0,0,1,4.0,0,1,2,-1.0,0,0.3,1.3,JAX,Jamycal Hasty,0.3
00-0035806,J.Hasty,Jamycal Hasty,RB,JAX,BAL,12,2022,0,0,0.0,0,12,28.0,0,5,5,67.0,1,15.5,20.5,JAX,Jamycal Hasty,15.5
00-0035806,J.Hasty,Jamycal Hasty,RB,JAX,TEN,14,2022,0,0,0.0,0,4,13.0,0,0,0,0.0,0,1.3,1.3,JAX,Jamycal Hasty,1.3
00-0035806,J.Hasty,Jamycal Hasty,RB,JAX,DAL,15,2022,0,0,0.0,0,1,13.0,0,1,1,2.0,0,1.5,2.5,JAX,Jamycal Hasty,1.5
00-0035806,J.Hasty,Jamycal Hasty,RB,JAX,NYJ,16,2022,0,0,0.0,0,3,10.0,0,1,3,11.0,0,2.1,3.1,JAX,Jamycal Hasty,2.1
00-0035806,J.Hasty,Jamycal Hasty,RB,JAX,HOU,17,2022,0,0,0.0,0,10,33.0,1,6,6,23.0,0,11.6,17.6,JAX,Jamycal Hasty,11.6
00-0035806,J.Hasty,Jamycal Hasty,RB,JAX,TEN,18,2022,0,0,0.0,0,3,5.0,0,0,1,0.0,0,0.5,0.5,JAX,Jamycal Hasty,0.5
00-0035806,J.Hasty,Jamycal Hasty,RB,JAX,KC,20,2022,0,0,0.0,0,4,36.0,0,1,2,7.0,0,4.3,5.3,JAX,Jamycal Hasty,4.3
00-0035823,B.Ellefson,Ben Ellefson,TE,MIN,GB,1,2022,0,0,0.0,0,0,0.0,0,1,1,2.0,0,0.2,1.2,MIN,Ben Ellefson,0.2
00-0035823,B.Ellefson,Ben Ellefson,TE,MIN,DET,3,2022,0,0,0.0,0,0,0.0,0,2,2,24.0,0,2.4,4.4,MIN,Ben Ellefson,2.4
00-0035831,J.Robinson,James Robinson,RB,JAX,WAS,1,2022,0,0,0.0,0,11,66.0,1,1,2,3.0,1,18.9,19.9,JAX,James Robinson,18.9
00-0035831,J.Robinson,James Robinson,RB,JAX,IND,2,2022,0,0,0.0,0,23,64.0,1,2,2,14.0,0,13.8,15.8,JAX,James Robinson,13.8
00-0035831,J.Robinson,James Robinson,RB,JAX,LAC,3,2022,0,0,0.0,0,17,100.0,1,3,3,16.0,0,17.6,20.6,JAX,James Robinson,17.6
00-0035831,J.Robinson,James Robinson,RB,JAX,PHI,4,2022,0,0,0.0,0,8,29.0,0,0,0,0.0,0,2.9,2.9,JAX,James Robinson,2.9
00-0035831,J.Robinson,James Robinson,RB,JAX,HOU,5,2022,0,0,0.0,0,10,27.0,0,2,2,12.0,0,3.9,5.9,JAX,James Robinson,3.9
00-0035831,J.Robinson,James Robinson,RB,JAX,IND,6,2022,0,0,0.0,0,12,54.0,0,1,1,1.0,0,5.5,6.5,JAX,James Robinson,5.5
00-0035831,J.Robinson,James Robinson,RB,JAX,NYG,7,2022,0,0,0.0,0,0,0.0,0,0,1,0.0,0,0.0,0.0,JAX,James Robinson,0.0
00-0035831,J.Robinson,James Robinson,RB,NYJ,NE,8,2022,0,0,0.0,0,5,17.0,0,0,1,0.0,0,1.7,1.7,NYJ,James Robinson,1.7
00-0035831,J.Robinson,James Robinson,RB,NYJ,BUF,9,2022,0,0,0.0,0,13,48.0,0,2,2,5.0,1,11.3,13.3,NYJ,James Robinson,11.3
00-0035831,J.Robinson,James Robinson,RB,NYJ,NE,11,2022,0,0,0.0,0,7,10.0,0,0,0,0.0,0,1.0,1.0,NYJ,James Robinson,1.0
00-0035831,J.Robinson,James Robinson,RB,NYJ,MIN,13,2022,0,0,0.0,0,4,10.0,0,0,0,0.0,0,1.0,1.0,NYJ,James Robinson,1.0
00-0035860,T.Jones,Tony Jones,RB,NO,TB,2,2022,0,0,0.0,0,2,8.0,0,2,2,12.0,0,2.0,4.0,NO,Tony Jones,2.0
00-0035860,T.Jones,Tony Jones,RB,SEA,LA,13,2022,0,0,0.0,0,7,14.0,0,2,4,18.0,0,3.2,5.2,SEA,Tony Jones,3.2
00-0035860,T.Jones,Tony Jones,RB,SEA,CAR,14,2022,0,0,0.0,0,1,2.0,0,1,2,0.0,0,0.2,1.2,SEA,Tony Jones,0.2
00-0035864,K.Hinton,Kendall Hinton,WR,DEN,HOU,2,2022,0,0,0.0,0,0,0.0,0,1,1,20.0,0,2.0,3.0,DEN,Kendall Hinton,2.0
00-0035864,K.Hinton,Kendall Hinton,WR,DEN,SF,3,2022,0,0,0.0,0,0,0.0,0,1,1,27.0,0,2.7,3.7,DEN,Kendall Hinton,2.7
00-0035864,K.Hinton,Kendall Hinton,WR,DEN,LV,4,2022,0,0,0.0,0,0,0.0,0,2,3,39.0,0,3.9,5.9,DEN,Kendall Hinton,3.9
00-0035864,K.Hinton,Kendall Hinton,WR,DEN,LAC,6,2022,0,0,0.0,0,0,0.0,0,1,1,8.0,0,0.8,1.8,DEN,Kendall Hinton,0.8
00-0035864,K.Hinton,Kendall Hinton,WR,DEN,NYJ,7,2022,0,0,0.0,0,0,0.0,0,1,1,14.0,0,1.4,2.4,DEN,Kendall Hinton,1.4
00-0035864,K.Hinton,Kendall Hinton,WR,DEN,TEN,10,2022,0,0,0.0,0,0,0.0,0,4,5,62.0,0,6.2,10.2,DEN,Kendall Hinton,6.2
00-0035864,K.Hinton,Kendall Hinton,WR,DEN,LV,11,2022,0,0,0.0,0,0,0.0,0,3,3,57.0,0,5.7,8.7,DEN,Kendall Hinton,5.7
00-0035864,K.Hinton,Kendall Hinton,WR,DEN,CAR,12,2022,0,0,0.0,0,1,13.0,0,5,9,35.0,0,4.8,9.8,DEN,Kendall Hinton,4.8
00-0035864,K.Hinton,Kendall Hinton,WR,DEN,BAL,13,2022,0,0,0.0,0,0,0.0,0,1,1,11.0,0,1.1,2.1,DEN,Kendall Hinton,1.1
00-0035864,K.Hinton,Kendall Hinton,WR,DEN,KC,14,2022,0,0,0.0,0,0,0.0,0,5,6,38.0,0,3.8,8.8,DEN,Kendall Hinton,3.8
00-0035864,K.Hinton,Kendall Hinton,WR,DEN,KC,17,2022,0,0,0.0,0,1,0.0,0,0,2,0.0,0,0.0,0.0,DEN,Kendall Hinton,0.0
00-0035876,A.Baccellia,Andre Baccellia,WR,ARI,LV,2,2022,0,0,0.0,0,0,0.0,0,2,2,12.0,0,1.2,3.2,ARI,Andre Baccellia,1.2
00-0035876,A.Baccellia,Andre Baccellia,WR,ARI,LA,3,2022,0,0,0.0,0,0,0.0,0,2,4,13.0,0,1.3,3.3,ARI,Andre Baccellia,1.3
00-0035876,A.Baccellia,Andre Baccellia,WR,ARI,LAC,12,2022,0,0,0.0,0,0,0.0,0,1,1,7.0,0,0.7,1.7,ARI,Andre Baccellia,0.7
00-0035876,A.Baccellia,Andre Baccellia,WR,ARI,ATL,17,2022,0,0,0.0,0,0,0.0,0,1,2,7.0,0,0.7,1.7,ARI,Andre Baccellia,0.7
00-0035876,A.Baccellia,Andre Baccellia,WR,ARI,SF,18,2022,0,0,0.0,0,0,0.0,0,1,1,6.0,0,0.6,1.6,ARI,Andre Baccellia,0.6
00-0035889,T.Townsend,Tommy Townsend,P,KC,IND,3,2022,0,1,0.0,0,0,0.0,0,0,0,0.0,0,0.0,0.0,KC,Tommy Townsend,0.0
00-0035891,C.White,Cody White,WR,PIT,IND,12,2022,0,0,0.0,0,0,0.0,0,1,1,2.0,0,0.2,1.2,PIT,Cody White,0.2
00-0035924,J.Ward,Jonathan Ward,RB,TEN,DAL,17,2022,0,0,0.0,0,4,26.0,0,1,1,4.0,0,3.0,4.0,TEN,Jonathan Ward,3.0
00-0035924,J.Ward,Jonathan Ward,RB,TEN,JAX,18,2022,0,0,0.0,0,1,-1.0,0,1,2,3.0,0,0.2,1.2,TEN,Jonathan Ward,0.2
00-0035939,B.Perkins,Bryce Perkins,QB,LA,ARI,10,2022,1,1,-3.0,0,3,4.0,0,0,0,0.0,0,0.28,0.28,LA,Bryce Perkins,0.28
00-0035939,B.Perkins,Bryce Perkins,QB,LA,NO,11,2022,5,10,64.0,0,5,39.0,0,0,0,0.0,0,6.46,6.46,LA,Bryce Perkins,6.46
00-0035939,B.Perkins,Bryce Perkins,QB,LA,KC,12,2022,13,23,100.0,1,9,44.0,0,0,0,0.0,0,8.4,8.4,LA,Bryce Perkins,8.4
00-0035939,B.Perkins,Bryce Perkins,QB,LA,SEA,13,2022,0,0,0.0,0,1,5.0,0,0,0,0.0,0,0.5,0.5,LA,Bryce Perkins,0.5
00-0035939,B.Perkins,Bryce Perkins,QB,LA,DEN,16,2022,0,0,0.0,0,1,-2.0,0,0,0,0.0,0,-0.2,-0.2,LA,Bryce Perkins,-0.2
00-0035956,G.Ricci,Giovanni Ricci,TE,CAR,NYG,2,2022,0,0,0.0,0,0,0.0,0,1,1,16.0,0,1.6,2.6,CAR,Giovanni Ricci,1.6
00-0035956,G.Ricci,Giovanni Ricci,TE,CAR,NO,3,2022,0,0,0.0,0,0,0.0,0,1,2,15.0,0,1.5,2.5,CAR,Giovanni Ricci,1.5
00-0035956,G.Ricci,Giovanni Ricci,TE,CAR,SF,5,2022,0,0,0.0,0,0,0.0,0,3,3,27.0,0,2.7,5.7,CAR,Giovanni Ricci,2.7
00-0035956,G.Ricci,Giovanni Ricci,TE,CAR,CIN,9,2022,0,0,0.0,0,0,0.0,0,1,1,8.0,0,0.8,1.8,CAR,Giovanni Ricci,0.8
00-0035956,G.Ricci,Giovanni Ricci,TE,CAR,ATL,10,2022,0,0,0.0,0,0,0.0,0,1,1,2.0,0,0.2,1.2,CAR,Giovanni Ricci,0.2
00-0035956,G.Ricci,Giovanni Ricci,TE,CAR,TB,17,2022,0,0,0.0,0,0,0.0,0,1,1,32.0,0,3.2,4.2,CAR,Giovanni Ricci,3.2
00-0035973,P.Taylor,Patrick Taylor,RB,GB,CHI,13,2022,0,0,0.0,0,1,6.0,0,0,0,0.0,0,0.6,0.6,GB,Patrick Taylor,0.6
00-0035973,P.Taylor,Patrick Taylor,RB,GB,LA,15,2022,0,0,0.0,0,4,15.0,0,0,0,0.0,0,1.5,1.5,GB,Patrick Taylor,1.5
00-0035973,P.Taylor,Patrick Taylor,RB,GB,MIA,16,2022,0,0,0.0,0,0,0.0,0,1,1,17.0,0,1.7,2.7,GB,Patrick Taylor,1.7
00-0035973,P.Taylor,Patrick Taylor,RB,GB,MIN,17,2022,0,0,0.0,0,5,10.0,0,0,0,0.0,0,1.0,1.0,GB,Patrick Taylor,1.0
00-0035993,T.Huntley,Tyler Huntley,QB,BAL,DEN,13,2022,27,32,187.0,0,10,41.0,1,0,0,0.0,0,15.58,15.58,BAL,Tyler Huntley,15.58
00-0035993,T.Huntley,Tyler Huntley,QB,BAL,PIT,14,2022,8,12,88.0,0,9,31.0,0,0,0,0.0,0,6.62,6.62,BAL,Tyler Huntley,6.62
00-0035993,T.Huntley,Tyler Huntley,QB,BAL,CLE,15,2022,17,30,138.0,0,6,15.0,0,0,0,0.0,0,5.02,5.02,BAL,Tyler Huntley,5.02
00-0035993,T.Huntley,Tyler Huntley,QB,BAL,ATL,16,2022,9,17,115.0,1,11,26.0,0,0,0,0.0,0,13.2,13.2,BAL,Tyler Huntley,13.2
00-0035993,T.Huntley,Tyler Huntley,QB,BAL,PIT,17,2022,14,21,130.0,1,7,24.0,0,0,0,0.0,0,9.6,9.6,BAL,Tyler Huntley,9.6
00-0035993,T.Huntley,Tyler Huntley,QB,BAL,CIN,19,2022,17,29,226.0,2,9,54.0,0,0,0,0.0,0,18.44,18.44,BAL,Tyler Huntley,18.44
00-0036005,N.Togiai,Noah Togiai,TE,PHI,DET,1,2022,0,0,0.0,0,0,0.0,0,0,1,0.0,0,0.0,0.0,PHI,Noah Togiai,0.0
00-0036020,S.Ahmed,Salvon Ahmed,RB,MIA,DET,8,2022,0,0,0.0,0,1,2.0,0,0,0,0.0,0,0.2,0.2,MIA,Salvon Ahmed,0.2
00-0036020,S.Ahmed,Salvon Ahmed,RB,MIA,CLE,10,2022,0,0,0.0,0,3,11.0,0,0,0,0.0,0,1.1,1.1,MIA,Salvon Ahmed,1.1
00-0036020,S.Ahmed,Salvon Ahmed,RB,MIA,LAC,14,2022,0,0,0.0,0,1,1.0,0,0,0,0.0,0,0.1,0.1,MIA,Salvon Ahmed,0.1
00-0036020,S.Ahmed,Salvon Ahmed,RB,MIA,BUF,15,2022,0,0,0.0,0,6,43.0,1,0,0,0.0,0,10.3,10.3,MIA,Salvon Ahmed,10.3
00-0036020,S.Ahmed,Salvon Ahmed,RB,MIA,NE,17,2022,0,0,0.0,0,0,0.0,0,1,1,8.0,0,0.8,1.8,MIA,Salvon Ahmed,0.8
00-0036020,S.Ahmed,Salvon Ahmed,RB,MIA,NYJ,18,2022,0,0,0.0,0,1,7.0,0,0,0,0.0,0,0.7,0.7,MIA,Salvon Ahmed,0.7
00-0036020,S.Ahmed,Salvon Ahmed,RB,MIA,BUF,19,2022,0,0,0.0,0,5,3.0,0,3,5,45.0,0,4.8,7.8,MIA,Salvon Ahmed,4.8
00-0036032,S.McKeon,Sean McKeon,TE,DAL,PHI,6,2022,0,0,0.0,0,0,0.0,0,1,1,10.0,0,1.0,2.0,DAL,Sean McKeon,1.0
00-0036032,S.McKeon,Sean McKeon,TE,DAL,GB,10,2022,0,0,0.0,0,0,0.0,0,1,2,1.0,0,0.1,1.1,DAL,Sean McKeon,0.1
00-0036040,J.Johnson,Juwan Johnson,TE,NO,ATL,1,2022,0,0,0.0,0,0,0.0,0,2,5,43.0,0,4.3,6.3,NO,Juwan Johnson,4.3
00-0036040,J.Johnson,Juwan Johnson,TE,NO,TB,2,2022,0,0,0.0,0,0,0.0,0,4,7,40.0,0,4.0,8.0,NO,Juwan Johnson,4.0
00-0036040,J.Johnson,Juwan Johnson,TE,NO,CAR,3,2022,0,0,0.0,0,0,0.0,0,0,1,0.0,0,0.0,0.0,NO,Juwan Johnson,0.0
00-0036040,J.Johnson,Juwan Johnson,TE,NO,MIN,4,2022,0,0,0.0,0,0,0.0,0,3,4,33.0,0,3.3,6.3,NO,Juwan Johnson,3.3
00-0036040,J.Johnson,Juwan Johnson,TE,NO,SEA,5,2022,0,0,0.0,0,0,0.0,0,1,2,13.0,0,1.3,2.3,NO,Juwan Johnson,1.3
00-0036040,J.Johnson,Juwan Johnson,TE,NO,CIN,6,2022,0,0,0.0,0,0,0.0,0,4,6,41.0,0,4.1,8.1,NO,Juwan Johnson,4.1
00-0036040,J.Johnson,Juwan Johnson,TE,NO,ARI,7,2022,0,0,0.0,0,0,0.0,0,5,5,32.0,2,15.2,20.2,NO,Juwan Johnson,15.2
00-0036040,J.Johnson,Juwan Johnson,TE,NO,LV,8,2022,0,0,0.0,0,0,0.0,0,2,4,14.0,0,1.4,3.4,NO,Juwan Johnson,1.4
00-0036040,J.Johnson,Juwan Johnson,TE,NO,BAL,9,2022,0,0,0.0,0,0,0.0,0,2,2,42.0,1,10.2,12.2,NO,Juwan Johnson,10.2
00-0036040,J.Johnson,Juwan Johnson,TE,NO,PIT,10,2022,0,0,0.0,0,0,0.0,0,5,7,44.0,1,10.4,15.4,NO,Juwan Johnson,10.4
00-0036040,J.Johnson,Juwan Johnson,TE,NO,LA,11,2022,0,0,0.0,0,0,0.0,0,3,4,47.0,1,10.7,13.7,NO,Juwan Johnson,10.7
00-0036040,J.Johnson,Juwan Johnson,TE,NO,SF,12,2022,0,0,0.0,0,0,0.0,0,0,2,0.0,0,0.0,0.0,NO,Juwan Johnson,0.0
00-0036040,J.Johnson,Juwan Johnson,TE,NO,ATL,15,2022,0,0,0.0,0,0,0.0,0,4,6,67.0,2,18.7,22.7,NO,Juwan Johnson,18.7
00-0036040,J.Johnson,Juwan Johnson,TE,NO,CLE,16,2022,0,0,0.0,0,0,0.0,0,1,2,9.0,0,0.9,1.9,NO,Juwan Johnson,0.9
00-0036040,J.Johnson,Juwan Johnson,TE,NO,PHI,17,2022,0,0,0.0,0,0,0.0,0,5,7,62.0,0,6.2,11.2,NO,Juwan Johnson,6.2
00-0036040,J.Johnson,Juwan Johnson,TE,NO,CAR,18,2022,0,0,0.0,0,0,0.0,0,1,1,21.0,0,2.1,3.1,NO,Juwan Johnson,2.1
00-0036059,T.Mabry,Tyler Mabry,TE,SEA,NYJ,17,2022,0,0,0.0,0,0,0.0,0,1,1,7.0,1,6.7,7.7,SEA,Tyler Mabry,6.7
00-0036096,J.Taylor,J.J. Taylor,RB,NE,IND,9,2022,0,0,0.0,0,10,9.0,0,1,1,8.0,0,1.7,2.7,NE,J.J. Taylor,1.7
00-0036133,J.Proche,James Proche,WR,BAL,CIN,5,2022,0,0,0.0,0,0,0.0,0,1,2,7.0,0,0.7,1.7,BAL,James Proche,0.7
00-0036133,J.Proche,James Proche,WR,BAL,TB,8,2022,0,0,0.0,0,0,0.0,0,3,4,24.0,0,2.4,5.4,BAL,James Proche,2.4
00-0036133,J.Proche,James Proche,WR,BAL,NO,9,2022,0,0,0.0,0,0,0.0,0,2,2,22.0,0,2.2,4.2,BAL,James Proche,2.2
00-0036133,J.Proche,James Proche,WR,BAL,CAR,11,2022,0,0,0.0,0,0,0.0,0,0,2,0.0,0,0.0,0.0,BAL,James Proche,0.0
00-0036133,J.Proche,James Proche,WR,BAL,DEN,13,2022,0,1,0.0,0,0,0.0,0,2,2,9.0,0,-1.1,0.9,BAL,James Proche,-1.1
00-0036133,J.Proche,James Proche,WR,BAL,CLE,15,2022,0,0,0.0,0,0,0.0,0,0,2,0.0,0,0.0,0.0,BAL,James Proche,0.0
00-0036133,J.Proche,James Proche,WR,BAL,CIN,18,2022,0,0,0.0,0,0,0.0,0,0,3,0.0,0,0.0,0.0,BAL,James Proche,0.0
00-0036145,L.Cager,Lawrence Cager,TE,NYJ,BAL,1,2022,0,0,0.0,0,0,0.0,0,0,1,0.0,0,0.0,0.0,NYJ,Lawrence Cager,0.0
00-0036145,L.Cager,Lawrence Cager,TE,NYG,SEA,8,2022,0,0,0.0,0,0,0.0,0,0,1,0.0,0,0.0,0.0,NYG,Lawrence Cager,0.0
00-0036145,L.Cager,Lawrence Cager,TE,NYG,HOU,10,2022,0,0,0.0,0,0,0.0,0,2,2,9.0,1,6.9,8.9,NYG,Lawrence Cager,6.9
00-0036145,L.Cager,Lawrence Cager,TE,NYG,DET,11,2022,0,0,0.0,0,0,0.0,0,2,3,20.0,0,2.0,4.0,NYG,Lawrence Cager,2.0
00-0036145,L.Cager,Lawrence Cager,TE,NYG,DAL,12,2022,0,0,0.0,0,0,0.0,0,1,2,20.0,0,2.0,3.0,NYG,Lawrence Cager,2.0
00-0036145,L.Cager,Lawrence Cager,TE,NYG,PHI,18,2022,0,0,0.0,0,0,0.0,0,8,10,69.0,0,6.9,14.9,NYG,Lawrence Cager,6.9
00-0036145,L.Cager,Lawrence Cager,TE,NYG,MIN,19,2022,0,0,0.0,0,0,0.0,0,1,2,4.0,0,0.4,1.4,NYG,Lawrence Cager,0.4
00-0036145,L.Cager,Lawrence Cager,TE,NYG,PHI,20,2022,0,0,0.0,0,0,0.0,0,1,1,16.0,0,1.6,2.6,NYG,Lawrence Cager,1.6
00-0036158,J.Dobbins,J.K. Dobbins,RB,BAL,NE,3,2022,0,0,0.0,0,7,23.0,0,2,2,17.0,0,4.0,6.0,BAL,J.K. Dobbins,4.0
00-0036158,J.Dobbins,J.K. Dobbins,RB,BAL,BUF,4,2022,0,0,0.0,0,13,41.0,1,4,4,22.0,1,18.3,22.3,BAL,J.K. Dobbins,18.3
00-0036158,J.Dobbins,J.K. Dobbins,RB,BAL,CIN,5,2022,0,0,0.0,0,8,44.0,0,0,0,0.0,0,4.4,4.4,BAL,J.K. Dobbins,4.4
00-0036158,J.Dobbins,J.K. Dobbins,RB,BAL,NYG,6,2022,0,0,0.0,0,7,15.0,0,0,0,0.0,0,1.5,1.5,BAL,J.K. Dobbins,1.5
00-0036158,J.Dobbins,J.K. Dobbins,RB,BAL,PIT,14,2022,0,0,0.0,0,15,120.0,1,0,0,0.0,0,18.0,18.0,BAL,J.K. Dobbins,18.0
00-0036158,J.Dobbins,J.K. Dobbins,RB,BAL,CLE,15,2022,0,0,0.0,0,13,125.0,0,1,1,3.0,0,12.8,13.8,BAL,J.K. Dobbins,12.8
00-0036158,J.Dobbins,J.K. Dobbins,RB,BAL,ATL,16,2022,0,0,0.0,0,12,59.0,0,0,1,0.0,0,5.9,5.9,BAL,J.K. Dobbins,5.9
00-0036158,J.Dobbins,J.K. Dobbins,RB,BAL,PIT,17,2022,0,0,0.0,0,17,93.0,0,0,0,0.0,0,9.3,9.3,BAL,J.K. Dobbins,9.3
00-0036158,J.Dobbins,J.K. Dobbins,RB,BAL,CIN,19,2022,0,0,0.0,0,13,62.0,0,4,5,43.0,1,16.5,20.5,BAL,J.K. Dobbins,16.5
00-0036165,I.Hodgins,Isaiah Hodgins,WR,BUF,PIT,5,2022,0,0,0.0,0,0,0.0,0,4,6,41.0,0,4.1,8.1,BUF,Isaiah Hodgins,4.1
00-0036165,I.Hodgins,Isaiah Hodgins,WR,NYG,HOU,10,2022,0,0,0.0,0,0,0.0,0,2,2,41.0,0,4.1,6.1,NYG,Isaiah Hodgins,4.1
00-0036165,I.Hodgins,Isaiah Hodgins,WR,NYG,DET,11,2022,0,0,0.0,0,0,0.0,0,3,3,29.0,0,0.9,3.9,NYG,Isaiah Hodgins,0.9
00-0036165,I.Hodgins,Isaiah Hodgins,WR,NYG,DAL,12,2022,0,0,0.0,0,0,0.0,0,3,4,31.0,0,3.1,6.1,NYG,Isaiah Hodgins,3.1
00-0036165,I.Hodgins,Isaiah Hodgins,WR,NYG,WAS,13,2022,0,0,0.0,0,0,0.0,0,5,6,44.0,1,10.4,15.4,NYG,Isaiah Hodgins,10.4
00-0036165,I.Hodgins,Isaiah Hodgins,WR,NYG,PHI,14,2022,0,0,0.0,0,0,0.0,0,4,6,38.0,1,11.8,15.8,NYG,Isaiah Hodgins,11.8
00-0036165,I.Hodgins,Isaiah Hodgins,WR,NYG,WAS,15,2022,0,0,0.0,0,0,0.0,0,4,4,37.0,0,3.7,7.7,NYG,Isaiah Hodgins,3.7
00-0036165,I.Hodgins,Isaiah Hodgins,WR,NYG,MIN,16,2022,0,0,0.0,0,0,0.0,0,8,12,89.0,1,14.9,22.9,NYG,Isaiah Hodgins,14.9
00-0036165,I.Hodgins,Isaiah Hodgins,WR,NYG,IND,17,2022,0,0,0.0,0,0,0.0,0,4,5,42.0,1,10.2,14.2,NYG,Isaiah Hodgins,10.2
00-0036165,I.Hodgins,Isaiah Hodgins,WR,NYG,MIN,19,2022,0,0,0.0,0,0,0.0,0,8,9,105.0,1,16.5,24.5,NYG,Isaiah Hodgins,16.5
00-0036165,I.Hodgins,Isaiah Hodgins,WR,NYG,PHI,20,2022,0,0,0.0,0,0,0.0,0,1,2,3.0,0,0.3,1.3,NYG,Isaiah Hodgins,0.3
00-0036176,M.Kinsey,Mason Kinsey,WR,TEN,IND,7,2022,0,0,0.0,0,0,0.0,0,1,1,3.0,0,0.3,1.3,TEN,Mason Kinsey,0.3
00-0036182,N.Westbrook-Ikhine,Nick Westbrook-Ikhine,WR,TEN,NYG,1,2022,0,0,0.0,0,0,0.0,0,1,2,13.0,0,1.3,2.3,TEN,Nick Westbrook-Ikhine,1.3
00-0036182,N.Westbrook-Ikhine,Nick Westbrook-Ikhine,WR,TEN,BUF,2,2022,0,0,0.0,0,0,0.0,0,1,4,13.0,0,1.3,2.3,TEN,Nick Westbrook-Ikhine,1.3
00-0036182,N.Westbrook-Ikhine,Nick Westbrook-Ikhine,WR,TEN,LV,3,2022,0,0,0.0,0,0,0.0,0,3,3,40.0,0,4.0,7.0,TEN,Nick Westbrook-Ikhine,4.0
00-0036182,N.Westbrook-Ikhine,Nick Westbrook-Ikhine,WR,TEN,WAS,5,2022,0,0,0.0,0,0,0.0,0,2,3,72.0,0,7.2,9.2,TEN,Nick Westbrook-Ikhine,7.2
00-0036182,N.Westbrook-Ikhine,Nick Westbrook-Ikhine,WR,TEN,IND,7,2022,0,0,0.0,0,0,0.0,0,0,2,0.0,0,0.0,0.0,TEN,Nick Westbrook-Ikhine,0.0
00-0036182,N.Westbrook-Ikhine,Nick Westbrook-Ikhine,WR,TEN,KC,9,2022,0,0,0.0,0,0,0.0,0,0,1,0.0,0,0.0,0.0,TEN,Nick Westbrook-Ikhine,0.0
00-0036182,N.Westbrook-Ikhine,Nick Westbrook-Ikhine,WR,TEN,DEN,10,2022,0,0,0.0,0,0,0.0,0,5,8,119.0,2,23.9,28.9,TEN,Nick Westbrook-Ikhine,23.9
00-0036182,N.Westbrook-Ikhine,Nick Westbrook-Ikhine,WR,TEN,GB,11,2022,0,0,0.0,0,0,0.0,0,2,2,28.0,0,2.8,4.8,TEN,Nick Westbrook-Ikhine,2.8
00-0036182,N.Westbrook-Ikhine,Nick Westbrook-Ikhine,WR,TEN,CIN,12,2022,0,0,0.0,0,0,0.0,0,4,6,58.0,0,5.8,9.8,TEN,Nick Westbrook-Ikhine,5.8
00-0036182,N.Westbrook-Ikhine,Nick Westbrook-Ikhine,WR,TEN,PHI,13,2022,0,0,0.0,0,0,0.0,0,1,2,4.0,0,0.4,1.4,TEN,Nick Westbrook-Ikhine,0.4
00-0036182,N.Westbrook-Ikhine,Nick Westbrook-Ikhine,WR,TEN,JAX,14,2022,0,0,0.0,0,0,0.0,0,3,8,23.0,1,8.3,11.3,TEN,Nick Westbrook-Ikhine,8.3
00-0036182,N.Westbrook-Ikhine,Nick Westbrook-Ikhine,WR,TEN,LAC,15,2022,0,0,0.0,0,0,0.0,0,0,2,0.0,0,0.0,0.0,TEN,Nick Westbrook-Ikhine,0.0
00-0036182,N.Westbrook-Ikhine,Nick Westbrook-Ikhine,WR,TEN,HOU,16,2022,0,0,0.0,0,0,0.0,0,2,3,23.0,0,2.3,4.3,TEN,Nick Westbrook-Ikhine,2.3
00-0036182,N.Westbrook-Ikhine,Nick Westbrook-Ikhine,WR,TEN,DAL,17,2022,0,0,0.0,0,0,0.0,0,1,3,4.0,0,0.4,1.4,TEN,Nick Westbrook-Ikhine,0.4
00-0036182,N.Westbrook-Ikhine,Nick Westbrook-Ikhine,WR,TEN,JAX,18,2022,0,0,0.0,0,0,0.0,0,0,1,0.0,0,0.0,0.0,TEN,Nick Westbrook-Ikhine,0.0
00-0036187,R.Gilliam,Reggie Gilliam,FB,BUF,TEN,2,2022,0,0,0.0,0,0,0.0,0,2,3,17.0,1,7.7,9.7,BUF,Reggie Gilliam,7.7
00-0036187,R.Gilliam,Reggie Gilliam,FB,BUF,MIA,3,2022,0,0,0.0,0,0,0.0,0,2,3,22.0,0,2.2,4.2,BUF,Reggie Gilliam,2.2
00-0036187,R.Gilliam,Reggie Gilliam,FB,BUF,KC,6,2022,0,0,0.0,0,0,0.0,0,3,3,18.0,0,1.8,4.8,BUF,Reggie Gilliam,1.8
00-0036187,R.Gilliam,Reggie Gilliam,FB,BUF,CHI,16,2022,0,0,0.0,0,0,0.0,0,1,1,12.0,0,1.2,2.2,BUF,Reggie Gilliam,1.2
00-0036194,D.Asiasi,Devin Asiasi,TE,CIN,MIA,4,2022,0,0,0.0,0,0,0.0,0,0,1,0.0,0,0.0,0.0,CIN,Devin Asiasi,0.0
00-0036194,D.Asiasi,Devin Asiasi,TE,CIN,CAR,9,2022,0,0,0.0,0,0,0.0,0,0,1,0.0,0,0.0,0.0,CIN,Devin Asiasi,0.0
00-0036194,D.Asiasi,Devin Asiasi,TE,CIN,NE,16,2022,0,0,0.0,0,0,0.0,0,2,2,5.0,0,0.5,2.5,CIN,Devin Asiasi,0.5
00-0036196,G.Davis,Gabe Davis,WR,BUF,LA,1,2022,0,0,0.0,0,0,0.0,0,4,5,88.0,1,14.8,18.8,BUF,Gabe Davis,14.8
00-0036196,G.Davis,Gabe Davis,WR,BUF,MIA,3,2022,0,0,0.0,0,0,0.0,0,3,6,37.0,0,3.7,6.7,BUF,Gabe Davis,3.7
00-0036196,G.Davis,Gabe Davis,WR,BUF,BAL,4,2022,0,0,0.0,0,0,0.0,0,1,3,13.0,0,1.3,2.3,BUF,Gabe Davis,1.3
00-0036196,G.Davis,Gabe Davis,WR,BUF,PIT,5,2022,0,0,0.0,0,0,0.0,0,3,6,171.0,2,29.1,32.1,BUF,Gabe Davis,29.1
00-0036196,G.Davis,Gabe Davis,WR,BUF,KC,6,2022,0,0,0.0,0,0,0.0,0,3,6,74.0,1,13.4,16.4,BUF,Gabe Davis,13.4
00-0036196,G.Davis,Gabe Davis,WR,BUF,GB,8,2022,0,0,0.0,0,0,0.0,0,2,7,35.0,0,3.5,5.5,BUF,Gabe Davis,3.5
00-0036196,G.Davis,Gabe Davis,WR,BUF,NYJ,9,2022,0,0,0.0,0,0,0.0,0,2,5,33.0,0,3.3,5.3,BUF,Gabe Davis,3.3
00-0036196,G.Davis,Gabe Davis,WR,BUF,MIN,10,2022,0,0,0.0,0,0,0.0,0,6,10,93.0,1,15.3,21.3,BUF,Gabe Davis,15.3
00-0036196,G.Davis,Gabe Davis,WR,BUF,CLE,11,2022,0,0,0.0,0,0,0.0,0,5,7,68.0,0,6.8,11.8,BUF,Gabe Davis,6.8
00-0036196,G.Davis,Gabe Davis,WR,BUF,DET,12,2022,0,0,0.0,0,0,0.0,0,4,5,38.0,0,3.8,7.8,BUF,Gabe Davis,3.8
00-0036196,G.Davis,Gabe Davis,WR,BUF,NE,13,2022,0,0,0.0,0,0,0.0,0,2,7,15.0,1,7.5,9.5,BUF,Gabe Davis,7.5
00-0036196,G.Davis,Gabe Davis,WR,BUF,NYJ,14,2022,0,0,0.0,0,0,0.0,0,3,4,31.0,0,3.1,6.1,BUF,Gabe Davis,3.1
00-0036196,G.Davis,Gabe Davis,WR,BUF,MIA,15,2022,0,0,0.0,0,0,0.0,0,4,6,56.0,0,5.6,9.6,BUF,Gabe Davis,5.6
00-0036196,G.Davis,Gabe Davis,WR,BUF,CHI,16,2022,0,0,0.0,0,0,0.0,0,3,6,45.0,1,8.5,11.5,BUF,Gabe Davis,8.5
00-0036196,G.Davis,Gabe Davis,WR,BUF,NE,18,2022,0,0,0.0,0,0,0.0,0,3,10,39.0,0,3.9,6.9,BUF,Gabe Davis,3.9
00-0036196,G.Davis,Gabe Davis,WR,BUF,MIA,19,2022,0,0,0.0,0,0,0.0,0,6,9,113.0,1,17.3,23.3,BUF,Gabe Davis,17.3
00-0036196,G.Davis,Gabe Davis,WR,BUF,CIN,20,2022,0,0,0.0,0,0,0.0,0,2,4,34.0,0,3.4,5.4,BUF,Gabe Davis,3.4
00-0036212,T.Tagovailoa,Tua Tagovailoa,QB,MIA,NE,1,2022,23,33,270.0,1,2,0.0,0,0,0,0.0,0,14.8,14.8,MIA,Tua Tagovailoa,14.8
00-0036212,T.Tagovailoa,Tua Tagovailoa,QB,MIA,BAL,2,2022,36,50,469.0,6,1,1.0,0,0,0,0.0,0,38.86,38.86,MIA,Tua Tagovailoa,38.86
00-0036212,T.Tagovailoa,Tua Tagovailoa,QB,MIA,BUF,3,2022,13,18,186.0,1,1,0.0,0,0,0,0.0,0,11.44,11.44,MIA,Tua Tagovailoa,11.44
00-0036212,T.Tagovailoa,Tua Tagovailoa,QB,MIA,CIN,4,2022,8,14,110.0,0,0,0.0,0,0,0,0.0,0,2.4,2.4,MIA,Tua Tagovailoa,2.4
00-0036212,T.Tagovailoa,Tua Tagovailoa,QB,MIA,PIT,7,2022,21,35,261.0,1,4,15.0,0,0,0,0.0,0,15.94,15.94,MIA,Tua Tagovailoa,15.94
00-0036212,T.Tagovailoa,Tua Tagovailoa,QB,MIA,DET,8,2022,29,36,382.0,3,5,19.0,0,0,0,0.0,0,29.18,29.18,MIA,Tua Tagovailoa,29.18
00-0036212,T.Tagovailoa,Tua Tagovailoa,QB,MIA,CHI,9,2022,21,30,302.0,3,5,0.0,0,0,0,0.0,0,24.08,24.08,MIA,Tua Tagovailoa,24.08
00-0036212,T.Tagovailoa,Tua Tagovailoa,QB,MIA,CLE,10,2022,25,32,285.0,3,1,0.0,0,0,0,0.0,0,23.4,23.4,MIA,Tua Tagovailoa,23.4
00-0036212,T.Tagovailoa,Tua Tagovailoa,QB,MIA,HOU,12,2022,22,36,299.0,1,0,0.0,0,0,0,0.0,0,15.96,15.96,MIA,Tua Tagovailoa,15.96
00-0036212,T.Tagovailoa,Tua Tagovailoa,QB,MIA,SF,13,2022,18,33,295.0,2,0,0.0,0,0,0,0.0,0,13.8,13.8,MIA,Tua Tagovailoa,13.8
00-0036212,T.Tagovailoa,Tua Tagovailoa,QB,MIA,LAC,14,2022,10,28,145.0,1,3,28.0,0,0,0,0.0,0,12.6,12.6,MIA,Tua Tagovailoa,12.6
00-0036212,T.Tagovailoa,Tua Tagovailoa,QB,MIA,BUF,15,2022,17,30,234.0,2,1,7.0,0,0,0,0.0,0,18.06,18.06,MIA,Tua Tagovailoa,18.06
00-0036212,T.Tagovailoa,Tua Tagovailoa,QB,MIA,GB,16,2022,16,25,310.0,1,1,0.0,0,0,0,0.0,0,10.4,10.4,MIA,Tua Tagovailoa,10.4
00-0036219,M.Callaway,Marquez Callaway,WR,NO,CAR,3,2022,0,0,0.0,0,0,0.0,0,1,1,4.0,1,6.4,7.4,NO,Marquez Callaway,6.4
00-0036219,M.Callaway,Marquez Callaway,WR,NO,MIN,4,2022,0,0,0.0,0,0,0.0,0,3,6,53.0,0,5.3,8.3,NO,Marquez Callaway,5.3
00-0036219,M.Callaway,Marquez Callaway,WR,NO,SEA,5,2022,0,0,0.0,0,0,0.0,0,2,3,5.0,0,0.5,2.5,NO,Marquez Callaway,0.5
00-0036219,M.Callaway,Marquez Callaway,WR,NO,CIN,6,2022,0,0,0.0,0,0,0.0,0,3,7,36.0,0,3.6,6.6,NO,Marquez Callaway,3.6
00-0036219,M.Callaway,Marquez Callaway,WR,NO,ARI,7,2022,0,0,0.0,0,0,0.0,0,2,6,20.0,0,2.0,4.0,NO,Marquez Callaway,2.0
00-0036219,M.Callaway,Marquez Callaway,WR,NO,LV,8,2022,0,0,0.0,0,0,0.0,0,1,1,10.0,0,1.0,2.0,NO,Marquez Callaway,1.0
00-0036219,M.Callaway,Marquez Callaway,WR,NO,BAL,9,2022,0,0,0.0,0,0,0.0,0,3,5,24.0,0,2.4,5.4,NO,Marquez Callaway,2.4
00-0036219,M.Callaway,Marquez Callaway,WR,NO,LA,11,2022,0,0,0.0,0,0,0.0,0,1,1,6.0,0,0.6,1.6,NO,Marquez Callaway,0.6
00-0036219,M.Callaway,Marquez Callaway,WR,NO,TB,13,2022,0,0,0.0,0,0,0.0,0,0,1,0.0,0,0.0,0.0,NO,Marquez Callaway,0.0
00-0036219,M.Callaway,Marquez Callaway,WR,NO,CAR,18,2022,0,0,0.0,0,0,0.0,0,0,1,0.0,0,0.0,0.0,NO,Marquez Callaway,0.0
00-0036223,J.Taylor,Jonathan Taylor,RB,IND,HOU,1,2022,0,0,0.0,0,31,161.0,1,4,7,14.0,0,23.5,27.5,IND,Jonathan Taylor,23.5
00-0036223,J.Taylor,Jonathan Taylor,RB,IND,JAX,2,2022,0,0,0.0,0,9,54.0,0,1,1,9.0,0,6.3,7.3,IND,Jonathan Taylor,6.3
00-0036223,J.Taylor,Jonathan Taylor,RB,IND,KC,3,2022,0,0,0.0,0,21,71.0,0,3,5,20.0,0,9.1,12.1,IND,Jonathan Taylor,9.1
00-0036223,J.Taylor,Jonathan Taylor,RB,IND,TEN,4,2022,0,0,0.0,0,20,42.0,0,1,3,1.0,0,2.3,3.3,IND,Jonathan Taylor,2.3
00-0036223,J.Taylor,Jonathan Taylor,RB,IND,TEN,7,2022,0,0,0.0,0,10,58.0,0,7,8,27.0,0,8.5,15.5,IND,Jonathan Taylor,8.5
00-0036223,J.Taylor,Jonathan Taylor,RB,IND,WAS,8,2022,0,0,0.0,0,16,76.0,0,0,1,0.0,0,5.6,5.6,IND,Jonathan Taylor,5.6
00-0036223,J.Taylor,Jonathan Taylor,RB,IND,LV,10,2022,0,0,0.0,0,22,147.0,1,2,2,16.0,0,22.3,24.3,IND,Jonathan Taylor,22.3
00-0036223,J.Taylor,Jonathan Taylor,RB,IND,PHI,11,2022,0,0,0.0,0,22,84.0,1,3,4,10.0,0,13.4,16.4,IND,Jonathan Taylor,13.4
00-0036223,J.Taylor,Jonathan Taylor,RB,IND,PIT,12,2022,0,0,0.0,0,20,86.0,1,3,4,12.0,0,15.8,18.8,IND,Jonathan Taylor,15.8
00-0036223,J.Taylor,Jonathan Taylor,RB,IND,DAL,13,2022,0,0,0.0,0,21,82.0,0,3,4,21.0,0,10.3,13.3,IND,Jonathan Taylor,10.3
00-0036223,J.Taylor,Jonathan Taylor,RB,IND,MIN,15,2022,0,0,0.0,0,0,0.0,0,1,1,13.0,0,1.3,2.3,IND,Jonathan Taylor,1.3
00-0036226,J.Eason,Jacob Eason,QB,CAR,LA,6,2022,3,5,59.0,0,0,0.0,0,0,0,0.0,0,0.36,0.36,CAR,Jacob Eason,0.36
00-0036228,D.Patmon,Dezmon Patmon,WR,IND,JAX,2,2022,0,0,0.0,0,0,0.0,0,2,6,24.0,0,2.4,4.4,IND,Dezmon Patmon,2.4
00-0036232,H.Bryant,Harrison Bryant,TE,CLE,CAR,1,2022,0,0,0.0,0,0,0.0,0,2,4,18.0,0,1.8,3.8,CLE,Harrison Bryant,1.8
00-0036232,H.Bryant,Harrison Bryant,TE,CLE,NYJ,2,2022,0,0,0.0,0,0,0.0,0,3,4,45.0,0,4.5,7.5,CLE,Harrison Bryant,4.5
00-0036232,H.Bryant,Harrison Bryant,TE,CLE,ATL,4,2022,0,0,0.0,0,0,0.0,0,4,6,18.0,0,1.8,5.8,CLE,Harrison Bryant,1.8
00-0036232,H.Bryant,Harrison Bryant,TE,CLE,LAC,5,2022,0,0,0.0,0,0,0.0,0,0,1,0.0,0,0.0,0.0,CLE,Harrison Bryant,0.0
00-0036232,H.Bryant,Harrison Bryant,TE,CLE,NE,6,2022,0,0,0.0,0,0,0.0,0,3,4,18.0,0,1.8,4.8,CLE,Harrison Bryant,1.8
00-0036232,H.Bryant,Harrison Bryant,TE,CLE,BAL,7,2022,0,0,0.0,0,0,0.0,0,2,2,15.0,0,1.5,3.5,CLE,Harrison Bryant,1.5
00-0036232,H.Bryant,Harrison Bryant,TE,CLE,MIA,10,2022,0,0,0.0,0,0,0.0,0,3,3,15.0,1,7.5,10.5,CLE,Harrison Bryant,7.5
00-0036232,H.Bryant,Harrison Bryant,TE,CLE,BUF,11,2022,0,0,0.0,0,0,0.0,0,4,7,41.0,0,4.1,8.1,CLE,Harrison Bryant,4.1
00-0036232,H.Bryant,Harrison Bryant,TE,CLE,TB,12,2022,0,0,0.0,0,0,0.0,0,2,2,9.0,0,0.9,2.9,CLE,Harrison Bryant,0.9
00-0036232,H.Bryant,Harrison Bryant,TE,CLE,HOU,13,2022,0,0,0.0,0,1,8.0,0,1,1,6.0,0,1.4,2.4,CLE,Harrison Bryant,1.4
00-0036232,H.Bryant,Harrison Bryant,TE,CLE,CIN,14,2022,0,0,0.0,0,0,0.0,0,1,1,8.0,0,0.8,1.8,CLE,Harrison Bryant,0.8
00-0036232,H.Bryant,Harrison Bryant,TE,CLE,BAL,15,2022,0,0,0.0,0,0,0.0,0,2,2,7.0,0,0.7,2.7,CLE,Harrison Bryant,0.7
00-0036232,H.Bryant,Harrison Bryant,TE,CLE,WAS,17,2022,0,0,0.0,0,0,0.0,0,2,3,19.0,0,1.9,3.9,CLE,Harrison Bryant,1.9
00-0036232,H.Bryant,Harrison Bryant,TE,CLE,PIT,18,2022,0,0,0.0,0,0,0.0,0,2,2,20.0,0,2.0,4.0,CLE,Harrison Bryant,2.0
00-0036233,D.Peoples-Jones,Donovan Peoples-Jones,WR,CLE,CAR,1,2022,0,0,0.0,0,0,0.0,0,6,11,60.0,0,6.0,12.0,CLE,Donovan Peoples-Jones,6.0
00-0036233,D.Peoples-Jones,Donovan Peoples-Jones,WR,CLE,NYJ,2,2022,0,0,0.0,0,0,0.0,0,0,1,0.0,0,0.0,0.0,CLE,Donovan Peoples-Jones,0.0
00-0036233,D.Peoples-Jones,Donovan Peoples-Jones,WR,CLE,PIT,3,2022,0,0,0.0,0,0,0.0,0,1,3,10.0,0,1.0,2.0,CLE,Donovan Peoples-Jones,1.0
00-0036233,D.Peoples-Jones,Donovan Peoples-Jones,WR,CLE,ATL,4,2022,0,0,0.0,0,0,0.0,0,5,9,71.0,0,7.1,12.1,CLE,Donovan Peoples-Jones,7.1
00-0036233,D.Peoples-Jones,Donovan Peoples-Jones,WR,CLE,LAC,5,2022,0,0,0.0,0,0,0.0,0,4,7,50.0,0,5.0,9.0,CLE,Donovan Peoples-Jones,5.0
00-0036233,D.Peoples-Jones,Donovan Peoples-Jones,WR,CLE,NE,6,2022,0,0,0.0,0,1,2.0,0,4,5,74.0,0,7.6,11.6,CLE,Donovan Peoples-Jones,7.6
00-0036233,D.Peoples-Jones,Donovan Peoples-Jones,WR,CLE,BAL,7,2022,0,0,0.0,0,0,0.0,0,6,6,71.0,0,5.1,11.1,CLE,Donovan Peoples-Jones,5.1
00-0036233,D.Peoples-Jones,Donovan Peoples-Jones,WR,CLE,CIN,8,2022,0,0,0.0,0,0,0.0,0,4,4,81.0,0,8.1,12.1,CLE,Donovan Peoples-Jones,8.1
00-0036233,D.Peoples-Jones,Donovan Peoples-Jones,WR,CLE,MIA,10,2022,0,0,0.0,0,0,0.0,0,5,9,99.0,0,9.9,14.9,CLE,Donovan Peoples-Jones,9.9
00-0036233,D.Peoples-Jones,Donovan Peoples-Jones,WR,CLE,BUF,11,2022,0,0,0.0,0,0,0.0,0,5,6,61.0,1,12.1,17.1,CLE,Donovan Peoples-Jones,12.1
00-0036233,D.Peoples-Jones,Donovan Peoples-Jones,WR,CLE,TB,12,2022,0,0,0.0,0,0,0.0,0,2,4,16.0,0,1.6,3.6,CLE,Donovan Peoples-Jones,1.6
00-0036233,D.Peoples-Jones,Donovan Peoples-Jones,WR,CLE,HOU,13,2022,0,0,0.0,0,0,0.0,0,3,3,44.0,0,10.4,13.4,CLE,Donovan Peoples-Jones,10.4
00-0036233,D.Peoples-Jones,Donovan Peoples-Jones,WR,CLE,CIN,14,2022,0,0,0.0,0,0,0.0,0,8,12,114.0,0,11.4,19.4,CLE,Donovan Peoples-Jones,11.4
00-0036233,D.Peoples-Jones,Donovan Peoples-Jones,WR,CLE,BAL,15,2022,0,0,0.0,0,0,0.0,0,4,4,31.0,1,9.1,13.1,CLE,Donovan Peoples-Jones,9.1
00-0036233,D.Peoples-Jones,Donovan Peoples-Jones,WR,CLE,NO,16,2022,0,0,0.0,0,0,0.0,0,1,5,2.0,0,0.2,1.2,CLE,Donovan Peoples-Jones,0.2
00-0036233,D.Peoples-Jones,Donovan Peoples-Jones,WR,CLE,WAS,17,2022,0,0,0.0,0,0,0.0,0,1,3,13.0,1,7.3,8.3,CLE,Donovan Peoples-Jones,7.3
00-0036233,D.Peoples-Jones,Donovan Peoples-Jones,WR,CLE,PIT,18,2022,0,0,0.0,0,0,0.0,0,2,4,42.0,0,4.2,6.2,CLE,Donovan Peoples-Jones,4.2
00-0036244,C.Parkinson,Colby Parkinson,TE,SEA,DEN,1,2022,0,0,0.0,0,0,0.0,0,2,2,43.0,1,10.3,12.3,SEA,Colby Parkinson,10.3
00-0036244,C.Parkinson,Colby Parkinson,TE,SEA,ATL,3,2022,0,0,0.0,0,0,0.0,0,2,2,44.0,0,4.4,6.4,SEA,Colby Parkinson,4.4
00-0036244,C.Parkinson,Colby Parkinson,TE,SEA,DET,4,2022,0,0,0.0,0,0,0.0,0,2,3,28.0,0,2.8,4.8,SEA,Colby Parkinson,2.8
00-0036244,C.Parkinson,Colby Parkinson,TE,SEA,ARI,6,2022,0,0,0.0,0,0,0.0,0,2,2,11.0,0,1.1,3.1,SEA,Colby Parkinson,1.1
00-0036244,C.Parkinson,Colby Parkinson,TE,SEA,LAC,7,2022,0,0,0.0,0,0,0.0,0,1,1,28.0,0,2.8,3.8,SEA,Colby Parkinson,2.8
00-0036244,C.Parkinson,Colby Parkinson,TE,SEA,NYG,8,2022,0,0,0.0,0,0,0.0,0,1,1,5.0,0,0.5,1.5,SEA,Colby Parkinson,0.5
00-0036244,C.Parkinson,Colby Parkinson,TE,SEA,ARI,9,2022,0,0,0.0,0,0,0.0,0,2,2,6.0,0,0.6,2.6,SEA,Colby Parkinson,0.6
00-0036244,C.Parkinson,Colby Parkinson,TE,SEA,TB,10,2022,0,0,0.0,0,0,0.0,0,1,3,7.0,0,0.7,1.7,SEA,Colby Parkinson,0.7
00-0036244,C.Parkinson,Colby Parkinson,TE,SEA,LA,13,2022,0,0,0.0,0,0,0.0,0,1,1,12.0,0,1.2,2.2,SEA,Colby Parkinson,1.2
00-0036244,C.Parkinson,Colby Parkinson,TE,SEA,CAR,14,2022,0,0,0.0,0,0,0.0,0,1,2,10.0,0,1.0,2.0,SEA,Colby Parkinson,1.0
00-0036244,C.Parkinson,Colby Parkinson,TE,SEA,SF,15,2022,0,0,0.0,0,0,0.0,0,0,1,0.0,0,0.0,0.0,SEA,Colby Parkinson,0.0
00-0036244,C.Parkinson,Colby Parkinson,TE,SEA,KC,16,2022,0,0,0.0,0,0,0.0,0,3,4,45.0,0,4.5,7.5,SEA,Colby Parkinson,4.5
00-0036244,C.Parkinson,Colby Parkinson,TE,SEA,NYJ,17,2022,0,0,0.0,0,0,0.0,0,5,7,36.0,1,9.6,14.6,SEA,Colby Parkinson,9.6
00-0036244,C.Parkinson,Colby Parkinson,TE,SEA,LA,18,2022,0,0,0.0,0,0,0.0,0,2,3,47.0,0,4.7,6.7,SEA,Colby Parkinson,4.7
00-0036244,C.Parkinson,Colby Parkinson,TE,SEA,SF,19,2022,0,0,0.0,0,0,0.0,0,3,6,14.0,0,1.4,4.4,SEA,Colby Parkinson,1.4
00-0036247,F.Swain,Freddie Swain,WR,DEN,ARI,15,2022,0,0,0.0,0,0,0.0,0,1,1,9.0,0,0.9,1.9,DEN,Freddie Swain,0.9
00-0036247,F.Swain,Freddie Swain,WR,DEN,LA,16,2022,0,0,0.0,0,0,0.0,0,1,2,11.0,0,1.1,2.1,DEN,Freddie Swain,1.1
00-0036247,F.Swain,Freddie Swain,WR,DEN,LAC,18,2022,0,0,0.0,0,0,0.0,0,2,3,54.0,0,5.4,7.4,DEN,Freddie Swain,5.4
00-0036250,T.Davis,Tyler Davis,TE,GB,MIN,1,2022,0,0,0.0,0,0,0.0,0,1,1,3.0,0,0.3,1.3,GB,Tyler Davis,0.3
00-0036250,T.Davis,Tyler Davis,TE,GB,CHI,2,2022,0,0,0.0,0,0,0.0,0,0,1,0.0,0,0.0,0.0,GB,Tyler Davis,0.0
00-0036250,T.Davis,Tyler Davis,TE,GB,TB,3,2022,0,0,0.0,0,0,0.0,0,2,2,26.0,0,2.6,4.6,GB,Tyler Davis,2.6
00-0036250,T.Davis,Tyler Davis,TE,GB,NYG,5,2022,0,0,0.0,0,0,0.0,0,1,2,-3.0,0,-0.3,0.7,GB,Tyler Davis,-0.3
00-0036250,T.Davis,Tyler Davis,TE,GB,PHI,12,2022,0,0,0.0,0,0,0.0,0,0,1,0.0,0,0.0,0.0,GB,Tyler Davis,0.0
00-0036251,Z.Moss,Zack Moss,RB,BUF,LA,1,2022,0,0,0.0,0,6,15.0,0,6,6,21.0,0,1.6,7.6,BUF,Zack Moss,1.6
00-0036251,Z.Moss,Zack Moss,RB,BUF,TEN,2,2022,0,0,0.0,0,3,17.0,0,0,1,0.0,0,1.7,1.7,BUF,Zack Moss,1.7
00-0036251,Z.Moss,Zack Moss,RB,BUF,MIA,3,2022,0,0,0.0,0,4,46.0,0,1,1,6.0,0,5.2,6.2,BUF,Zack Moss,5.2
00-0036251,Z.Moss,Zack Moss,RB,BUF,BAL,4,2022,0,0,0.0,0,3,6.0,0,0,0,0.0,0,0.6,0.6,BUF,Zack Moss,0.6
00-0036251,Z.Moss,Zack Moss,RB,BUF,PIT,5,2022,0,0,0.0,0,1,7.0,0,0,0,0.0,0,0.7,0.7,BUF,Zack Moss,0.7
00-0036251,Z.Moss,Zack Moss,RB,IND,LV,10,2022,0,0,0.0,0,1,4.0,0,0,0,0.0,0,0.4,0.4,IND,Zack Moss,0.4
00-0036251,Z.Moss,Zack Moss,RB,IND,PHI,11,2022,0,0,0.0,0,2,7.0,0,0,0,0.0,0,0.7,0.7,IND,Zack Moss,0.7
00-0036251,Z.Moss,Zack Moss,RB,IND,PIT,12,2022,0,0,0.0,0,1,2.0,0,0,0,0.0,0,0.2,0.2,IND,Zack Moss,0.2
00-0036251,Z.Moss,Zack Moss,RB,IND,DAL,13,2022,0,0,0.0,0,3,18.0,0,0,0,0.0,0,1.8,1.8,IND,Zack Moss,1.8
00-0036251,Z.Moss,Zack Moss,RB,IND,MIN,15,2022,0,0,0.0,0,24,81.0,0,0,1,0.0,0,8.1,8.1,IND,Zack Moss,8.1
00-0036251,Z.Moss,Zack Moss,RB,IND,LAC,16,2022,0,0,0.0,0,12,65.0,0,1,1,5.0,0,7.0,8.0,IND,Zack Moss,7.0
00-0036251,Z.Moss,Zack Moss,RB,IND,NYG,17,2022,0,0,0.0,0,15,74.0,0,0,0,0.0,0,7.4,7.4,IND,Zack Moss,7.4
00-0036251,Z.Moss,Zack Moss,RB,IND,HOU,18,2022,0,0,0.0,0,18,114.0,1,3,3,7.0,0,18.1,21.1,IND,Zack Moss,18.1
00-0036252,M.Pittman,Michael Pittman,WR,IND,HOU,1,2022,0,0,0.0,0,0,0.0,0,9,13,121.0,1,18.1,27.1,IND,Michael Pittman,18.1
00-0036252,M.Pittman,Michael Pittman,WR,IND,KC,3,2022,0,0,0.0,0,0,0.0,0,8,9,72.0,0,7.2,15.2,IND,Michael Pittman,7.2
00-0036252,M.Pittman,Michael Pittman,WR,IND,TEN,4,2022,0,0,0.0,0,0,0.0,0,3,6,31.0,0,3.1,6.1,IND,Michael Pittman,3.1
00-0036252,M.Pittman,Michael Pittman,WR,IND,DEN,5,2022,0,0,0.0,0,0,0.0,0,5,8,59.0,0,5.9,10.9,IND,Michael Pittman,5.9
00-0036252,M.Pittman,Michael Pittman,WR,IND,JAX,6,2022,0,0,0.0,0,0,0.0,0,13,16,134.0,0,13.4,26.4,IND,Michael Pittman,13.4
00-0036252,M.Pittman,Michael Pittman,WR,IND,TEN,7,2022,0,0,0.0,0,0,0.0,0,6,9,58.0,0,3.8,9.8,IND,Michael Pittman,3.8
00-0036252,M.Pittman,Michael Pittman,WR,IND,WAS,8,2022,0,0,0.0,0,0,0.0,0,7,9,53.0,0,5.3,12.3,IND,Michael Pittman,5.3
00-0036252,M.Pittman,Michael Pittman,WR,IND,NE,9,2022,0,0,0.0,0,0,0.0,0,3,6,22.0,0,2.2,5.2,IND,Michael Pittman,2.2
00-0036252,M.Pittman,Michael Pittman,WR,IND,LV,10,2022,0,0,0.0,0,0,0.0,0,7,9,53.0,0,5.3,12.3,IND,Michael Pittman,5.3
00-0036252,M.Pittman,Michael Pittman,WR,IND,PHI,11,2022,0,0,0.0,0,0,0.0,0,6,7,75.0,0,7.5,13.5,IND,Michael Pittman,7.5
00-0036252,M.Pittman,Michael Pittman,WR,IND,PIT,12,2022,0,0,0.0,0,0,0.0,0,7,11,61.0,1,12.1,19.1,IND,Michael Pittman,12.1
00-0036252,M.Pittman,Michael Pittman,WR,IND,DAL,13,2022,0,0,0.0,0,0,0.0,0,2,4,16.0,0,1.6,3.6,IND,Michael Pittman,1.6
00-0036252,M.Pittman,Michael Pittman,WR,IND,MIN,15,2022,0,0,0.0,0,2,30.0,0,10,14,60.0,0,9.0,19.0,IND,Michael Pittman,9.0
00-0036252,M.Pittman,Michael Pittman,WR,IND,LAC,16,2022,0,0,0.0,0,0,0.0,0,4,7,39.0,0,3.9,7.9,IND,Michael Pittman,3.9
00-0036252,M.Pittman,Michael Pittman,WR,IND,NYG,17,2022,0,0,0.0,0,0,0.0,0,6,8,41.0,1,10.1,16.1,IND,Michael Pittman,10.1
00-0036252,M.Pittman,Michael Pittman,WR,IND,HOU,18,2022,0,0,0.0,0,1,0.0,0,3,5,30.0,1,9.0,12.0,IND,Michael Pittman,9.0
00-0036255,D.Mims,Denzel Mims,WR,NYJ,DEN,7,2022,0,0,0.0,0,0,0.0,0,1,2,4.0,0,0.4,1.4,NYJ,Denzel Mims,0.4
00-0036255,D.Mims,Denzel Mims,WR,NYJ,NE,8,2022,0,0,0.0,0,0,0.0,0,2,3,76.0,0,7.6,9.6,NYJ,Denzel Mims,7.6
00-0036255,D.Mims,Denzel Mims,WR,NYJ,BUF,9,2022,0,0,0.0,0,0,0.0,0,1,4,12.0,0,1.2,2.2,NYJ,Denzel Mims,1.2
00-0036255,D.Mims,Denzel Mims,WR,NYJ,NE,11,2022,0,0,0.0,0,0,0.0,0,2,6,35.0,0,3.5,5.5,NYJ,Denzel Mims,3.5
00-0036255,D.Mims,Denzel Mims,WR,NYJ,CHI,12,2022,0,0,0.0,0,0,0.0,0,1,1,11.0,0,1.1,2.1,NYJ,Denzel Mims,1.1
00-0036255,D.Mims,Denzel Mims,WR,NYJ,MIN,13,2022,0,0,0.0,0,0,0.0,0,0,1,0.0,0,0.0,0.0,NYJ,Denzel Mims,0.0
00-0036255,D.Mims,Denzel Mims,WR,NYJ,BUF,14,2022,0,0,0.0,0,0,0.0,0,3,5,35.0,0,3.5,6.5,NYJ,Denzel Mims,3.5
00-0036255,D.Mims,Denzel Mims,WR,NYJ,DET,15,2022,0,0,0.0,0,0,0.0,0,1,2,13.0,0,1.3,2.3,NYJ,Denzel Mims,1.3
00-0036255,D.Mims,Denzel Mims,WR,NYJ,SEA,17,2022,0,0,0.0,0,0,0.0,0,0,1,0.0,0,0.0,0.0,NYJ,Denzel Mims,0.0
00-0036259,J.Jennings,Jauan Jennings,WR,SF,CHI,1,2022,0,0,0.0,0,0,0.0,0,4,6,62.0,0,6.2,10.2,SF,Jauan Jennings,6.2
00-0036259,J.Jennings,Jauan Jennings,WR,SF,SEA,2,2022,0,0,0.0,0,0,0.0,0,1,2,4.0,0,0.4,1.4,SF,Jauan Jennings,0.4
00-0036259,J.Jennings,Jauan Jennings,WR,SF,DEN,3,2022,0,0,0.0,0,0,0.0,0,1,3,5.0,0,0.5,1.5,SF,Jauan Jennings,0.5
00-0036259,J.Jennings,Jauan Jennings,WR,SF,LA,4,2022,0,0,0.0,0,0,0.0,0,2,4,22.0,0,2.2,4.2,SF,Jauan Jennings,2.2
00-0036259,J.Jennings,Jauan Jennings,WR,SF,CAR,5,2022,0,0,0.0,0,0,0.0,0,2,2,45.0,0,4.5,6.5,SF,Jauan Jennings,4.5
00-0036259,J.Jennings,Jauan Jennings,WR,SF,ATL,6,2022,0,0,0.0,0,0,0.0,0,2,3,18.0,0,1.8,3.8,SF,Jauan Jennings,1.8
00-0036259,J.Jennings,Jauan Jennings,WR,SF,KC,7,2022,0,0,0.0,0,0,0.0,0,2,4,24.0,0,2.4,4.4,SF,Jauan Jennings,2.4
00-0036259,J.Jennings,Jauan Jennings,WR,SF,LAC,10,2022,0,0,0.0,0,0,0.0,0,4,4,40.0,0,4.0,8.0,SF,Jauan Jennings,4.0
00-0036259,J.Jennings,Jauan Jennings,WR,SF,ARI,11,2022,0,0,0.0,0,0,0.0,0,0,2,0.0,0,0.0,0.0,SF,Jauan Jennings,0.0
00-0036259,J.Jennings,Jauan Jennings,WR,SF,NO,12,2022,0,0,0.0,0,0,0.0,0,6,7,49.0,1,10.9,16.9,SF,Jauan Jennings,10.9
00-0036259,J.Jennings,Jauan Jennings,WR,SF,MIA,13,2022,0,0,0.0,0,0,0.0,0,2,4,34.0,0,3.4,5.4,SF,Jauan Jennings,3.4
00-0036259,J.Jennings,Jauan Jennings,WR,SF,TB,14,2022,0,0,0.0,0,0,0.0,0,1,2,5.0,0,0.5,1.5,SF,Jauan Jennings,0.5
00-0036259,J.Jennings,Jauan Jennings,WR,SF,SEA,15,2022,0,0,0.0,0,0,0.0,0,3,5,31.0,0,3.1,6.1,SF,Jauan Jennings,3.1
00-0036259,J.Jennings,Jauan Jennings,WR,SF,WAS,16,2022,0,0,0.0,0,0,0.0,0,2,3,21.0,0,2.1,4.1,SF,Jauan Jennings,2.1
00-0036259,J.Jennings,Jauan Jennings,WR,SF,LV,17,2022,0,0,0.0,0,0,0.0,0,2,3,46.0,0,4.6,6.6,SF,Jauan Jennings,4.6
00-0036259,J.Jennings,Jauan Jennings,WR,SF,ARI,18,2022,0,0,0.0,0,0,0.0,0,1,2,10.0,0,1.0,2.0,SF,Jauan Jennings,1.0
00-0036259,J.Jennings,Jauan Jennings,WR,SF,SEA,19,2022,0,0,0.0,0,0,0.0,0,2,5,41.0,0,4.1,6.1,SF,Jauan Jennings,4.1
00-0036259,J.Jennings,Jauan Jennings,WR,SF,DAL,20,2022,0,0,0.0,0,0,0.0,0,2,2,26.0,0,2.6,4.6,SF,Jauan Jennings,2.6
00-0036261,B.Aiyuk,Brandon Aiyuk,WR,SF,CHI,1,2022,0,0,0.0,0,1,7.0,0,2,3,40.0,0,4.7,6.7,SF,Brandon Aiyuk,4.7
00-0036261,B.Aiyuk,Brandon Aiyuk,WR,SF,SEA,2,2022,0,0,0.0,0,0,0.0,0,5,8,63.0,0,6.3,11.3,SF,Brandon Aiyuk,6.3
00-0036261,B.Aiyuk,Brandon Aiyuk,WR,SF,DEN,3,2022,0,0,0.0,0,0,0.0,0,3,8,39.0,1,9.9,12.9,SF,Brandon Aiyuk,9.9
00-0036261,B.Aiyuk,Brandon Aiyuk,WR,SF,LA,4,2022,0,0,0.0,0,0,0.0,0,4,4,37.0,0,3.7,7.7,SF,Brandon Aiyuk,3.7
00-0036261,B.Aiyuk,Brandon Aiyuk,WR,SF,CAR,5,2022,0,0,0.0,0,0,0.0,0,3,4,58.0,0,5.8,8.8,SF,Brandon Aiyuk,5.8
00-0036261,B.Aiyuk,Brandon Aiyuk,WR,SF,ATL,6,2022,0,0,0.0,0,0,0.0,0,8,11,83.0,2,20.3,28.3,SF,Brandon Aiyuk,20.3
00-0036261,B.Aiyuk,Brandon Aiyuk,WR,SF,KC,7,2022,0,0,0.0,0,0,0.0,0,7,11,82.0,0,8.2,15.2,SF,Brandon Aiyuk,8.2
00-0036261,B.Aiyuk,Brandon Aiyuk,WR,SF,LA,8,2022,0,0,0.0,0,0,0.0,0,6,6,81.0,1,14.1,20.1,SF,Brandon Aiyuk,14.1
00-0036261,B.Aiyuk,Brandon Aiyuk,WR,SF,LAC,10,2022,0,0,0.0,0,0,0.0,0,6,7,84.0,0,6.4,12.4,SF,Brandon Aiyuk,6.4
00-0036261,B.Aiyuk,Brandon Aiyuk,WR,SF,ARI,11,2022,0,0,0.0,0,0,0.0,0,2,4,20.0,2,14.0,16.0,SF,Brandon Aiyuk,14.0
00-0036261,B.Aiyuk,Brandon Aiyuk,WR,SF,NO,12,2022,0,0,0.0,0,0,0.0,0,5,8,65.0,0,6.5,11.5,SF,Brandon Aiyuk,6.5
00-0036261,B.Aiyuk,Brandon Aiyuk,WR,SF,MIA,13,2022,0,0,0.0,0,0,0.0,0,5,9,46.0,0,4.6,9.6,SF,Brandon Aiyuk,4.6
00-0036261,B.Aiyuk,Brandon Aiyuk,WR,SF,TB,14,2022,0,0,0.0,0,0,0.0,0,2,3,57.0,1,11.7,13.7,SF,Brandon Aiyuk,11.7
00-0036261,B.Aiyuk,Brandon Aiyuk,WR,SF,SEA,15,2022,0,0,0.0,0,0,0.0,0,2,4,19.0,0,1.9,3.9,SF,Brandon Aiyuk,1.9
00-0036261,B.Aiyuk,Brandon Aiyuk,WR,SF,WAS,16,2022,0,0,0.0,0,0,0.0,0,5,7,81.0,0,8.1,13.1,SF,Brandon Aiyuk,8.1
00-0036261,B.Aiyuk,Brandon Aiyuk,WR,SF,LV,17,2022,0,0,0.0,0,1,16.0,0,9,12,101.0,1,17.7,26.7,SF,Brandon Aiyuk,17.7
00-0036261,B.Aiyuk,Brandon Aiyuk,WR,SF,ARI,18,2022,0,0,0.0,0,0,0.0,0,4,5,59.0,0,5.9,9.9,SF,Brandon Aiyuk,5.9
00-0036261,B.Aiyuk,Brandon Aiyuk,WR,SF,SEA,19,2022,0,0,0.0,0,0,0.0,0,3,5,73.0,0,7.3,10.3,SF,Brandon Aiyuk,7.3
00-0036261,B.Aiyuk,Brandon Aiyuk,WR,SF,DAL,20,2022,0,0,0.0,0,0,0.0,0,2,4,26.0,0,2.6,4.6,SF,Brandon Aiyuk,2.6
00-0036261,B.Aiyuk,Brandon Aiyuk,WR,SF,PHI,21,2022,0,0,0.0,0,0,0.0,0,1,1,10.0,0,1.0,2.0,SF,Brandon Aiyuk,1.0
00-0036264,J.Love,Jordan Love,QB,GB,MIN,1,2022,4,5,65.0,0,0,0.0,0,0,0,0.0,0,2.6,2.6,GB,Jordan Love,2.6
00-0036264,J.Love,Jordan Love,QB,GB,NYJ,6,2022,2,4,8.0,0,0,0.0,0,0,0,0.0,0,0.32,0.32,GB,Jordan Love,0.32
00-0036264,J.Love,Jordan Love,QB,GB,PHI,12,2022,6,9,113.0,1,0,0.0,0,0,0,0.0,0,8.52,8.52,GB,Jordan Love,8.52
00-0036264,J.Love,Jordan Love,QB,GB,MIN,17,2022,2,3,9.0,0,1,-1.0,0,0,0,0.0,0,0.26,0.26,GB,Jordan Love,0.26
00-0036265,A.Dillon,A.J. Dillon,RB,GB,MIN,1,2022,0,0,0.0,0,10,45.0,1,5,6,46.0,0,15.1,20.1,GB,A.J. Dillon,15.1
00-0036265,A.Dillon,A.J. Dillon,RB,GB,CHI,2,2022,0,0,0.0,0,18,61.0,0,1,3,6.0,0,6.7,7.7,GB,A.J. Dillon,6.7
00-0036265,A.Dillon,A.J. Dillon,RB,GB,TB,3,2022,0,0,0.0,0,12,32.0,0,2,3,6.0,0,3.8,5.8,GB,A.J. Dillon,3.8
00-0036265,A.Dillon,A.J. Dillon,RB,GB,NE,4,2022,0,0,0.0,0,17,73.0,0,1,2,11.0,0,8.4,9.4,GB,A.J. Dillon,8.4
00-0036265,A.Dillon,A.J. Dillon,RB,GB,NYG,5,2022,0,0,0.0,0,6,34.0,0,0,0,0.0,0,3.4,3.4,GB,A.J. Dillon,3.4
00-0036265,A.Dillon,A.J. Dillon,RB,GB,NYJ,6,2022,0,0,0.0,0,10,41.0,0,4,6,11.0,0,5.2,9.2,GB,A.J. Dillon,5.2
00-0036265,A.Dillon,A.J. Dillon,RB,GB,WAS,7,2022,0,0,0.0,0,4,15.0,0,0,0,0.0,0,1.5,1.5,GB,A.J. Dillon,1.5
00-0036265,A.Dillon,A.J. Dillon,RB,GB,BUF,8,2022,0,0,0.0,0,10,54.0,0,1,1,9.0,0,6.3,7.3,GB,A.J. Dillon,6.3
00-0036265,A.Dillon,A.J. Dillon,RB,GB,DET,9,2022,0,0,0.0,0,11,34.0,0,2,4,10.0,0,4.4,6.4,GB,A.J. Dillon,4.4
00-0036265,A.Dillon,A.J. Dillon,RB,GB,DAL,10,2022,0,0,0.0,0,13,65.0,0,0,0,0.0,0,6.5,6.5,GB,A.J. Dillon,6.5
00-0036265,A.Dillon,A.J. Dillon,RB,GB,TEN,11,2022,0,0,0.0,0,6,13.0,0,1,1,10.0,0,2.3,3.3,GB,A.J. Dillon,2.3
00-0036265,A.Dillon,A.J. Dillon,RB,GB,PHI,12,2022,0,0,0.0,0,8,64.0,1,3,4,24.0,0,14.8,17.8,GB,A.J. Dillon,14.8
00-0036265,A.Dillon,A.J. Dillon,RB,GB,CHI,13,2022,0,0,0.0,0,18,93.0,1,3,3,26.0,0,17.9,20.9,GB,A.J. Dillon,17.9
00-0036265,A.Dillon,A.J. Dillon,RB,GB,LA,15,2022,0,0,0.0,0,11,36.0,2,3,3,35.0,0,19.1,22.1,GB,A.J. Dillon,19.1
00-0036265,A.Dillon,A.J. Dillon,RB,GB,MIA,16,2022,0,0,0.0,0,11,36.0,1,2,3,12.0,0,10.8,12.8,GB,A.J. Dillon,10.8
00-0036265,A.Dillon,A.J. Dillon,RB,GB,MIN,17,2022,0,0,0.0,0,12,41.0,1,0,1,0.0,0,10.1,10.1,GB,A.J. Dillon,10.1
00-0036265,A.Dillon,A.J. Dillon,RB,GB,DET,18,2022,0,0,0.0,0,9,33.0,0,0,3,0.0,0,3.3,3.3,GB,A.J. Dillon,3.3
00-0036268,L.Shenault,Laviska Shenault,WR,CAR,NO,3,2022,0,0,0.0,0,0,0.0,0,2,2,90.0,1,15.0,17.0,CAR,Laviska Shenault,15.0
00-0036268,L.Shenault,Laviska Shenault,WR,CAR,ARI,4,2022,0,0,0.0,0,1,0.0,0,0,0,0.0,0,0.0,0.0,CAR,Laviska Shenault,0.0
00-0036268,L.Shenault,Laviska Shenault,WR,CAR,TB,7,2022,0,0,0.0,0,0,0.0,0,1,1,8.0,0,0.8,1.8,CAR,Laviska Shenault,0.8
00-0036268,L.Shenault,Laviska Shenault,WR,CAR,ATL,8,2022,0,0,0.0,0,0,0.0,0,5,6,26.0,0,2.6,7.6,CAR,Laviska Shenault,2.6
00-0036268,L.Shenault,Laviska Shenault,WR,CAR,CIN,9,2022,0,0,0.0,0,2,6.0,0,0,1,0.0,0,0.6,0.6,CAR,Laviska Shenault,0.6
00-0036268,L.Shenault,Laviska Shenault,WR,CAR,ATL,10,2022,0,0,0.0,0,2,42.0,1,3,4,17.0,0,11.9,14.9,CAR,Laviska Shenault,11.9
00-0036268,L.Shenault,Laviska Shenault,WR,CAR,BAL,11,2022,0,0,0.0,0,0,0.0,0,4,4,7.0,0,0.7,4.7,CAR,Laviska Shenault,0.7
00-0036268,L.Shenault,Laviska Shenault,WR,CAR,DEN,12,2022,0,0,0.0,0,1,2.0,0,2,2,19.0,0,2.1,4.1,CAR,Laviska Shenault,2.1
00-0036268,L.Shenault,Laviska Shenault,WR,CAR,SEA,14,2022,0,0,0.0,0,1,7.0,0,4,4,31.0,0,3.8,7.8,CAR,Laviska Shenault,3.8
00-0036268,L.Shenault,Laviska Shenault,WR,CAR,PIT,15,2022,0,0,0.0,0,0,0.0,0,0,1,0.0,0,0.0,0.0,CAR,Laviska Shenault,0.0
00-0036268,L.Shenault,Laviska Shenault,WR,CAR,DET,16,2022,0,0,0.0,0,0,0.0,0,3,3,53.0,0,5.3,8.3,CAR,Laviska Shenault,5.3
00-0036268,L.Shenault,Laviska Shenault,WR,CAR,TB,17,2022,0,0,0.0,0,1,7.0,0,2,3,13.0,0,2.0,4.0,CAR,Laviska Shenault,2.0
00-0036268,L.Shenault,Laviska Shenault,WR,CAR,NO,18,2022,0,0,0.0,0,1,1.0,0,1,1,8.0,0,0.9,1.9,CAR,Laviska Shenault,0.9
00-0036271,Q.Watkins,Quez Watkins,WR,PHI,MIN,2,2022,0,0,0.0,0,0,0.0,0,2,2,69.0,1,12.9,14.9,PHI,Quez Watkins,12.9
00-0036271,Q.Watkins,Quez Watkins,WR,PHI,WAS,3,2022,0,0,0.0,0,0,0.0,0,0,1,0.0,0,0.0,0.0,PHI,Quez Watkins,0.0
00-0036271,Q.Watkins,Quez Watkins,WR,PHI,JAX,4,2022,0,0,0.0,0,0,0.0,0,0,1,0.0,0,0.0,0.0,PHI,Quez Watkins,0.0
00-0036271,Q.Watkins,Quez Watkins,WR,PHI,ARI,5,2022,0,0,0.0,0,0,0.0,0,3,4,19.0,0,1.9,4.9,PHI,Quez Watkins,1.9
00-0036271,Q.Watkins,Quez Watkins,WR,PHI,DAL,6,2022,0,0,0.0,0,1,-3.0,0,1,1,0.0,0,-0.3,0.7,PHI,Quez Watkins,-0.3
00-0036271,Q.Watkins,Quez Watkins,WR,PHI,PIT,8,2022,0,0,0.0,0,0,0.0,0,0,2,0.0,0,0.0,0.0,PHI,Quez Watkins,0.0
00-0036271,Q.Watkins,Quez Watkins,WR,PHI,HOU,9,2022,0,0,0.0,0,0,0.0,0,2,2,25.0,0,2.5,4.5,PHI,Quez Watkins,2.5
00-0036271,Q.Watkins,Quez Watkins,WR,PHI,WAS,10,2022,0,0,0.0,0,0,0.0,0,4,4,80.0,0,6.0,10.0,PHI,Quez Watkins,6.0
00-0036271,Q.Watkins,Quez Watkins,WR,PHI,IND,11,2022,0,0,0.0,0,0,0.0,0,2,2,31.0,1,9.1,11.1,PHI,Quez Watkins,9.1
00-0036271,Q.Watkins,Quez Watkins,WR,PHI,GB,12,2022,0,0,0.0,0,0,0.0,0,3,5,35.0,1,9.5,12.5,PHI,Quez Watkins,9.5
00-0036271,Q.Watkins,Quez Watkins,WR,PHI,TEN,13,2022,0,0,0.0,0,0,0.0,0,5,6,37.0,0,3.7,8.7,PHI,Quez Watkins,3.7
00-0036271,Q.Watkins,Quez Watkins,WR,PHI,NYG,14,2022,0,0,0.0,0,0,0.0,0,4,5,19.0,0,1.9,5.9,PHI,Quez Watkins,1.9
00-0036271,Q.Watkins,Quez Watkins,WR,PHI,CHI,15,2022,0,0,0.0,0,2,4.0,0,4,6,6.0,0,1.0,5.0,PHI,Quez Watkins,1.0
00-0036271,Q.Watkins,Quez Watkins,WR,PHI,DAL,16,2022,0,0,0.0,0,0,0.0,0,1,5,19.0,0,1.9,2.9,PHI,Quez Watkins,1.9
00-0036271,Q.Watkins,Quez Watkins,WR,PHI,NO,17,2022,0,0,0.0,0,0,0.0,0,0,1,0.0,0,0.0,0.0,PHI,Quez Watkins,0.0
00-0036271,Q.Watkins,Quez Watkins,WR,PHI,NYG,18,2022,0,0,0.0,0,0,0.0,0,2,4,14.0,0,1.4,3.4,PHI,Quez Watkins,1.4
00-0036271,Q.Watkins,Quez Watkins,WR,PHI,SF,21,2022,0,0,0.0,0,0,0.0,0,0,1,0.0,0,0.0,0.0,PHI,Quez Watkins,0.0
00-0036271,Q.Watkins,Quez Watkins,WR,PHI,KC,22,2022,0,0,0.0,0,0,0.0,0,1,2,8.0,0,0.8,1.8,PHI,Quez Watkins,0.8
00-0036275,D.Swift,D'Andre Swift,RB,DET,PHI,1,2022,0,0,0.0,0,15,144.0,1,3,3,31.0,0,23.5,26.5,DET,D'Andre Swift,23.5
00-0036275,D.Swift,D'Andre Swift,RB,DET,WAS,2,2022,0,0,0.0,0,5,56.0,0,2,5,31.0,1,14.7,16.7,DET,D'Andre Swift,14.7
00-0036275,D.Swift,D'Andre Swift,RB,DET,MIN,3,2022,0,0,0.0,0,7,31.0,0,3,4,15.0,0,4.6,7.6,DET,D'Andre Swift,4.6
00-0036275,D.Swift,D'Andre Swift,RB,DET,MIA,8,2022,0,0,0.0,0,5,6.0,0,5,5,27.0,1,9.3,14.3,DET,D'Andre Swift,9.3
00-0036275,D.Swift,D'Andre Swift,RB,DET,GB,9,2022,0,0,0.0,0,2,10.0,0,3,4,40.0,0,5.0,8.0,DET,D'Andre Swift,5.0
00-0036275,D.Swift,D'Andre Swift,RB,DET,CHI,10,2022,0,0,0.0,0,6,6.0,1,1,3,6.0,0,7.2,8.2,DET,D'Andre Swift,7.2
00-0036275,D.Swift,D'Andre Swift,RB,DET,NYG,11,2022,0,0,0.0,0,5,20.0,1,3,3,12.0,0,9.2,12.2,DET,D'Andre Swift,9.2
00-0036275,D.Swift,D'Andre Swift,RB,DET,BUF,12,2022,0,0,0.0,0,5,19.0,0,4,8,24.0,0,6.3,10.3,DET,D'Andre Swift,6.3
00-0036275,D.Swift,D'Andre Swift,RB,DET,JAX,13,2022,0,0,0.0,0,14,62.0,1,4,6,49.0,0,17.1,21.1,DET,D'Andre Swift,17.1
00-0036275,D.Swift,D'Andre Swift,RB,DET,MIN,14,2022,0,0,0.0,0,6,21.0,0,3,4,18.0,0,3.9,6.9,DET,D'Andre Swift,3.9
00-0036275,D.Swift,D'Andre Swift,RB,DET,NYJ,15,2022,0,0,0.0,0,8,52.0,0,5,9,23.0,0,7.5,12.5,DET,D'Andre Swift,7.5
00-0036275,D.Swift,D'Andre Swift,RB,DET,CAR,16,2022,0,0,0.0,0,4,12.0,0,1,5,13.0,0,2.5,3.5,DET,D'Andre Swift,2.5
00-0036275,D.Swift,D'Andre Swift,RB,DET,CHI,17,2022,0,0,0.0,0,11,78.0,1,4,4,39.0,1,23.7,27.7,DET,D'Andre Swift,23.7
00-0036275,D.Swift,D'Andre Swift,RB,DET,GB,18,2022,0,0,0.0,0,6,25.0,0,7,7,61.0,0,8.6,15.6,DET,D'Andre Swift,8.6
00-0036277,Q.Cephus,Quintez Cephus,WR,DET,SEA,4,2022,0,0,0.0,0,0,0.0,0,2,3,15.0,0,1.5,3.5,DET,Quintez Cephus,1.5
00-0036290,C.Kmet,Cole Kmet,TE,CHI,SF,1,2022,0,0,0.0,0,0,0.0,0,0,1,0.0,0,0.0,0.0,CHI,Cole Kmet,0.0
00-0036290,C.Kmet,Cole Kmet,TE,CHI,GB,2,2022,0,0,0.0,0,0,0.0,0,0,1,0.0,0,0.0,0.0,CHI,Cole Kmet,0.0
00-0036290,C.Kmet,Cole Kmet,TE,CHI,HOU,3,2022,0,0,0.0,0,0,0.0,0,2,3,40.0,0,4.0,6.0,CHI,Cole Kmet,4.0
00-0036290,C.Kmet,Cole Kmet,TE,CHI,NYG,4,2022,0,0,0.0,0,0,0.0,0,3,3,16.0,0,1.6,4.6,CHI,Cole Kmet,1.6
00-0036290,C.Kmet,Cole Kmet,TE,CHI,MIN,5,2022,0,0,0.0,0,0,0.0,0,4,4,45.0,0,4.5,8.5,CHI,Cole Kmet,4.5
00-0036290,C.Kmet,Cole Kmet,TE,CHI,WAS,6,2022,0,0,0.0,0,0,0.0,0,1,3,15.0,0,1.5,2.5,CHI,Cole Kmet,1.5
00-0036290,C.Kmet,Cole Kmet,TE,CHI,NE,7,2022,0,0,0.0,0,0,0.0,0,2,3,32.0,0,3.2,5.2,CHI,Cole Kmet,3.2
00-0036290,C.Kmet,Cole Kmet,TE,CHI,DAL,8,2022,0,0,0.0,0,0,0.0,0,2,2,11.0,1,7.1,9.1,CHI,Cole Kmet,7.1
00-0036290,C.Kmet,Cole Kmet,TE,CHI,MIA,9,2022,0,0,0.0,0,2,9.0,0,5,6,41.0,2,17.0,22.0,CHI,Cole Kmet,17.0
00-0036290,C.Kmet,Cole Kmet,TE,CHI,DET,10,2022,0,0,0.0,0,0,0.0,0,4,7,74.0,2,19.4,23.4,CHI,Cole Kmet,19.4
00-0036290,C.Kmet,Cole Kmet,TE,CHI,ATL,11,2022,0,0,0.0,0,0,0.0,0,3,4,35.0,0,3.5,6.5,CHI,Cole Kmet,3.5
00-0036290,C.Kmet,Cole Kmet,TE,CHI,NYJ,12,2022,0,0,0.0,0,0,0.0,0,3,6,27.0,0,2.7,5.7,CHI,Cole Kmet,2.7
00-0036290,C.Kmet,Cole Kmet,TE,CHI,GB,13,2022,0,0,0.0,0,0,0.0,0,6,7,72.0,0,7.2,13.2,CHI,Cole Kmet,7.2
00-0036290,C.Kmet,Cole Kmet,TE,CHI,PHI,15,2022,0,0,0.0,0,0,0.0,0,4,5,25.0,0,2.5,6.5,CHI,Cole Kmet,2.5
00-0036290,C.Kmet,Cole Kmet,TE,CHI,BUF,16,2022,0,0,0.0,0,0,0.0,0,5,6,27.0,0,2.7,7.7,CHI,Cole Kmet,2.7
00-0036290,C.Kmet,Cole Kmet,TE,CHI,DET,17,2022,0,0,0.0,0,0,0.0,0,2,3,27.0,1,8.7,10.7,CHI,Cole Kmet,8.7
00-0036290,C.Kmet,Cole Kmet,TE,CHI,MIN,18,2022,0,0,0.0,0,0,0.0,0,4,5,57.0,1,11.7,15.7,CHI,Cole Kmet,11.7
00-0036297,D.Evans,Darrynton Evans,RB,CHI,NYJ,12,2022,0,0,0.0,0,9,34.0,0,1,1,33.0,0,6.7,7.7,CHI,Darrynton Evans,6.7
00-0036297,D.Evans,Darrynton Evans,RB,CHI,GB,13,2022,0,0,0.0,0,3,21.0,0,0,0,0.0,0,2.1,2.1,CHI,Darrynton Evans,2.1
00-0036297,D.Evans,Darrynton Evans,RB,CHI,PHI,15,2022,0,0,0.0,0,2,9.0,0,0,0,0.0,0,0.9,0.9,CHI,Darrynton Evans,0.9
00-0036309,D.Mooney,Darnell Mooney,WR,CHI,SF,1,2022,0,0,0.0,0,0,0.0,0,1,3,8.0,0,0.8,1.8,CHI,Darnell Mooney,0.8
00-0036309,D.Mooney,Darnell Mooney,WR,CHI,GB,2,2022,0,0,0.0,0,0,0.0,0,1,2,-4.0,0,-0.4,0.6,CHI,Darnell Mooney,-0.4
00-0036309,D.Mooney,Darnell Mooney,WR,CHI,HOU,3,2022,0,0,0.0,0,0,0.0,0,2,6,23.0,0,2.3,4.3,CHI,Darnell Mooney,2.3
00-0036309,D.Mooney,Darnell Mooney,WR,CHI,NYG,4,2022,0,0,0.0,0,0,0.0,0,4,5,94.0,0,9.4,13.4,CHI,Darnell Mooney,9.4
00-0036309,D.Mooney,Darnell Mooney,WR,CHI,MIN,5,2022,0,0,0.0,0,0,0.0,0,2,5,52.0,0,5.2,7.2,CHI,Darnell Mooney,5.2
00-0036309,D.Mooney,Darnell Mooney,WR,CHI,WAS,6,2022,0,0,0.0,0,0,0.0,0,7,12,68.0,0,6.8,13.8,CHI,Darnell Mooney,6.8
00-0036309,D.Mooney,Darnell Mooney,WR,CHI,NE,7,2022,0,0,0.0,0,0,0.0,0,3,6,53.0,0,5.3,8.3,CHI,Darnell Mooney,5.3
00-0036309,D.Mooney,Darnell Mooney,WR,CHI,DAL,8,2022,0,0,0.0,0,0,0.0,0,5,5,70.0,0,7.0,12.0,CHI,Darnell Mooney,7.0
00-0036309,D.Mooney,Darnell Mooney,WR,CHI,MIA,9,2022,0,0,0.0,0,1,2.0,0,7,8,43.0,1,10.5,17.5,CHI,Darnell Mooney,10.5
00-0036309,D.Mooney,Darnell Mooney,WR,CHI,DET,10,2022,0,0,0.0,0,0,0.0,0,4,4,57.0,0,5.7,9.7,CHI,Darnell Mooney,5.7
00-0036309,D.Mooney,Darnell Mooney,WR,CHI,ATL,11,2022,0,0,0.0,0,0,0.0,0,4,5,29.0,1,8.9,12.9,CHI,Darnell Mooney,8.9
00-0036313,B.Mann,Braden Mann,P,NYJ,CLE,2,2022,1,1,17.0,0,0,0.0,0,0,0,0.0,0,0.68,0.68,NYJ,Braden Mann,0.68
00-0036313,B.Mann,Braden Mann,P,NYJ,CHI,12,2022,0,1,0.0,0,0,0.0,0,0,0,0.0,0,0.0,0.0,NYJ,Braden Mann,0.0
00-0036322,J.Jefferson,Justin Jefferson,WR,MIN,GB,1,2022,0,0,0.0,0,0,0.0,0,9,11,184.0,2,30.4,39.4,MIN,Justin Jefferson,30.4
00-0036322,J.Jefferson,Justin Jefferson,WR,MIN,PHI,2,2022,0,0,0.0,0,0,0.0,0,6,12,48.0,0,4.8,10.8,MIN,Justin Jefferson,4.8
00-0036322,J.Jefferson,Justin Jefferson,WR,MIN,DET,3,2022,0,0,0.0,0,0,0.0,0,3,6,14.0,0,1.4,4.4,MIN,Justin Jefferson,1.4
00-0036322,J.Jefferson,Justin Jefferson,WR,MIN,NO,4,2022,0,0,0.0,0,1,3.0,1,10,13,147.0,0,21.0,31.0,MIN,Justin Jefferson,21.0
00-0036322,J.Jefferson,Justin Jefferson,WR,MIN,CHI,5,2022,1,1,23.0,0,0,0.0,0,12,13,154.0,0,18.32,30.32,MIN,Justin Jefferson,18.32
00-0036322,J.Jefferson,Justin Jefferson,WR,MIN,MIA,6,2022,0,0,0.0,0,0,0.0,0,6,8,107.0,0,10.7,16.7,MIN,Justin Jefferson,10.7
00-0036322,J.Jefferson,Justin Jefferson,WR,MIN,ARI,8,2022,0,0,0.0,0,0,0.0,0,6,8,98.0,0,9.8,15.8,MIN,Justin Jefferson,9.8
00-0036322,J.Jefferson,Justin Jefferson,WR,MIN,WAS,9,2022,0,0,0.0,0,1,10.0,0,7,13,115.0,1,18.5,25.5,MIN,Justin Jefferson,18.5
00-0036322,J.Jefferson,Justin Jefferson,WR,MIN,BUF,10,2022,0,0,0.0,0,0,0.0,0,10,16,193.0,1,25.3,35.3,MIN,Justin Jefferson,25.3
00-0036322,J.Jefferson,Justin Jefferson,WR,MIN,DAL,11,2022,0,0,0.0,0,0,0.0,0,3,5,33.0,0,3.3,6.3,MIN,Justin Jefferson,3.3
00-0036322,J.Jefferson,Justin Jefferson,WR,MIN,NE,12,2022,1,1,11.0,0,0,0.0,0,9,11,139.0,1,20.34,29.34,MIN,Justin Jefferson,20.34
00-0036322,J.Jefferson,Justin Jefferson,WR,MIN,NYJ,13,2022,0,0,0.0,0,2,11.0,0,7,11,45.0,1,11.6,18.6,MIN,Justin Jefferson,11.6
00-0036322,J.Jefferson,Justin Jefferson,WR,MIN,DET,14,2022,0,0,0.0,0,0,0.0,0,11,15,223.0,0,22.3,33.3,MIN,Justin Jefferson,22.3
00-0036322,J.Jefferson,Justin Jefferson,WR,MIN,IND,15,2022,0,0,0.0,0,0,0.0,0,12,16,123.0,1,18.3,30.3,MIN,Justin Jefferson,18.3
00-0036322,J.Jefferson,Justin Jefferson,WR,MIN,NYG,16,2022,0,0,0.0,0,0,0.0,0,12,16,133.0,1,19.3,31.3,MIN,Justin Jefferson,19.3
00-0036322,J.Jefferson,Justin Jefferson,WR,MIN,GB,17,2022,0,0,0.0,0,0,0.0,0,1,5,15.0,0,1.5,2.5,MIN,Justin Jefferson,1.5
00-0036322,J.Jefferson,Justin Jefferson,WR,MIN,CHI,18,2022,0,0,0.0,0,0,0.0,0,4,5,38.0,0,3.8,7.8,MIN,Justin Jefferson,3.8
00-0036322,J.Jefferson,Justin Jefferson,WR,MIN,NYG,19,2022,1,1,-2.0,0,0,0.0,0,7,9,47.0,0,4.62,11.62,MIN,Justin Jefferson,4.62
00-0036326,C.Claypool,Chase Claypool,WR,PIT,CIN,1,2022,0,0,0.0,0,6,36.0,0,4,6,18.0,0,5.4,9.4,PIT,Chase Claypool,5.4
00-0036326,C.Claypool,Chase Claypool,WR,PIT,NE,2,2022,0,0,0.0,0,0,0.0,0,4,6,26.0,0,2.6,6.6,PIT,Chase Claypool,2.6
00-0036326,C.Claypool,Chase Claypool,WR,PIT,CLE,3,2022,0,0,0.0,0,1,11.0,0,3,6,35.0,0,4.6,7.6,PIT,Chase Claypool,4.6
00-0036326,C.Claypool,Chase Claypool,WR,PIT,NYJ,4,2022,0,0,0.0,0,0,0.0,0,0,2,0.0,0,0.0,0.0,PIT,Chase Claypool,0.0
00-0036326,C.Claypool,Chase Claypool,WR,PIT,BUF,5,2022,0,0,0.0,0,0,0.0,0,5,9,50.0,0,5.0,10.0,PIT,Chase Claypool,5.0
00-0036326,C.Claypool,Chase Claypool,WR,PIT,TB,6,2022,0,0,0.0,0,1,8.0,0,7,7,96.0,1,16.4,23.4,PIT,Chase Claypool,16.4
00-0036326,C.Claypool,Chase Claypool,WR,PIT,MIA,7,2022,0,0,0.0,0,0,0.0,0,5,8,41.0,0,4.1,9.1,PIT,Chase Claypool,4.1
00-0036326,C.Claypool,Chase Claypool,WR,PIT,PHI,8,2022,1,1,1.0,1,0,0.0,0,4,6,45.0,0,8.54,12.54,PIT,Chase Claypool,8.54
00-0036326,C.Claypool,Chase Claypool,WR,CHI,MIA,9,2022,0,0,0.0,0,1,4.0,0,2,6,13.0,0,1.7,3.7,CHI,Chase Claypool,1.7
00-0036326,C.Claypool,Chase Claypool,WR,CHI,DET,10,2022,0,0,0.0,0,0,0.0,0,1,2,8.0,0,0.8,1.8,CHI,Chase Claypool,0.8
00-0036326,C.Claypool,Chase Claypool,WR,CHI,ATL,11,2022,0,0,0.0,0,0,0.0,0,2,3,11.0,0,1.1,3.1,CHI,Chase Claypool,1.1
00-0036326,C.Claypool,Chase Claypool,WR,CHI,NYJ,12,2022,0,0,0.0,0,0,0.0,0,2,5,51.0,0,5.1,7.1,CHI,Chase Claypool,5.1
00-0036326,C.Claypool,Chase Claypool,WR,CHI,GB,13,2022,0,0,0.0,0,0,0.0,0,5,6,28.0,0,0.8,5.8,CHI,Chase Claypool,0.8
00-0036326,C.Claypool,Chase Claypool,WR,CHI,DET,17,2022,0,0,0.0,0,0,0.0,0,0,1,0.0,0,0.0,0.0,CHI,Chase Claypool,0.0
00-0036326,C.Claypool,Chase Claypool,WR,CHI,MIN,18,2022,0,0,0.0,0,0,0.0,0,2,6,29.0,0,2.9,4.9,CHI,Chase Claypool,2.9
00-0036328,A.Gibson,Antonio Gibson,RB,WAS,JAX,1,2022,0,0,0.0,0,14,58.0,0,7,8,72.0,0,13.0,20.0,WAS,Antonio Gibson,13.0
00-0036328,A.Gibson,Antonio Gibson,RB,WAS,DET,2,2022,0,0,0.0,0,14,28.0,1,2,4,13.0,0,10.1,12.1,WAS,Antonio Gibson,10.1
00-0036328,A.Gibson,Antonio Gibson,RB,WAS,PHI,3,2022,0,0,0.0,0,12,38.0,1,1,1,2.0,0,10.0,11.0,WAS,Antonio Gibson,10.0
00-0036328,A.Gibson,Antonio Gibson,RB,WAS,DAL,4,2022,0,0,0.0,0,13,49.0,0,3,3,14.0,0,6.3,9.3,WAS,Antonio Gibson,6.3
00-0036328,A.Gibson,Antonio Gibson,RB,WAS,TEN,5,2022,0,0,0.0,0,3,6.0,0,3,4,33.0,0,3.9,6.9,WAS,Antonio Gibson,3.9
00-0036328,A.Gibson,Antonio Gibson,RB,WAS,CHI,6,2022,0,0,0.0,0,5,35.0,0,3,4,18.0,0,5.3,8.3,WAS,Antonio Gibson,5.3
00-0036328,A.Gibson,Antonio Gibson,RB,WAS,GB,7,2022,0,0,0.0,0,10,59.0,0,3,4,18.0,1,13.7,16.7,WAS,Antonio Gibson,13.7
00-0036328,A.Gibson,Antonio Gibson,RB,WAS,IND,8,2022,0,0,0.0,0,7,19.0,0,7,7,58.0,1,13.7,20.7,WAS,Antonio Gibson,13.7
00-0036328,A.Gibson,Antonio Gibson,RB,WAS,MIN,9,2022,0,0,0.0,0,11,36.0,0,2,3,11.0,0,4.7,6.7,WAS,Antonio Gibson,4.7
00-0036328,A.Gibson,Antonio Gibson,RB,WAS,PHI,10,2022,0,0,0.0,0,14,44.0,1,3,3,14.0,0,11.8,14.8,WAS,Antonio Gibson,11.8
00-0036328,A.Gibson,Antonio Gibson,RB,WAS,HOU,11,2022,0,0,0.0,0,18,72.0,0,3,3,31.0,0,10.3,13.3,WAS,Antonio Gibson,10.3
00-0036328,A.Gibson,Antonio Gibson,RB,WAS,ATL,12,2022,0,0,0.0,0,9,32.0,0,3,3,22.0,0,5.4,8.4,WAS,Antonio Gibson,5.4
00-0036328,A.Gibson,Antonio Gibson,RB,WAS,NYG,13,2022,0,0,0.0,0,9,39.0,0,2,4,20.0,0,5.9,7.9,WAS,Antonio Gibson,5.9
00-0036328,A.Gibson,Antonio Gibson,RB,WAS,NYG,15,2022,0,0,0.0,0,5,21.0,0,2,4,6.0,0,2.7,4.7,WAS,Antonio Gibson,2.7
00-0036328,A.Gibson,Antonio Gibson,RB,WAS,SF,16,2022,0,0,0.0,0,5,10.0,0,2,3,21.0,0,3.1,5.1,WAS,Antonio Gibson,3.1
00-0036329,A.Davis,Ashtyn Davis,SS,NYJ,BUF,9,2022,0,0,0.0,0,1,2.0,0,0,0,0.0,0,0.2,0.2,NYJ,Ashtyn Davis,0.2
00-0036331,D.Duvernay,Devin Duvernay,WR,BAL,NYJ,1,2022,0,0,0.0,0,0,0.0,0,4,4,54.0,2,17.4,21.4,BAL,Devin Duvernay,17.4
00-0036331,D.Duvernay,Devin Duvernay,WR,BAL,MIA,2,2022,0,0,0.0,0,0,0.0,0,2,2,42.0,0,10.2,12.2,BAL,Devin Duvernay,10.2
00-0036331,D.Duvernay,Devin Duvernay,WR,BAL,NE,3,2022,0,0,0.0,0,2,-2.0,0,2,2,25.0,1,8.3,10.3,BAL,Devin Duvernay,8.3
00-0036331,D.Duvernay,Devin Duvernay,WR,BAL,BUF,4,2022,0,0,0.0,0,0,0.0,0,4,5,51.0,0,5.1,9.1,BAL,Devin Duvernay,5.1
00-0036331,D.Duvernay,Devin Duvernay,WR,BAL,CIN,5,2022,0,0,0.0,0,3,24.0,0,5,7,54.0,0,7.8,12.8,BAL,Devin Duvernay,7.8
00-0036331,D.Duvernay,Devin Duvernay,WR,BAL,NYG,6,2022,0,0,0.0,0,0,0.0,0,1,5,14.0,0,1.4,2.4,BAL,Devin Duvernay,1.4
00-0036331,D.Duvernay,Devin Duvernay,WR,BAL,CLE,7,2022,0,0,0.0,0,0,0.0,0,2,3,42.0,0,4.2,6.2,BAL,Devin Duvernay,4.2
00-0036331,D.Duvernay,Devin Duvernay,WR,BAL,TB,8,2022,0,0,0.0,0,2,33.0,1,4,4,31.0,0,12.4,16.4,BAL,Devin Duvernay,12.4
00-0036331,D.Duvernay,Devin Duvernay,WR,BAL,NO,9,2022,0,0,0.0,0,0,0.0,0,1,1,5.0,0,0.5,1.5,BAL,Devin Duvernay,0.5
00-0036331,D.Duvernay,Devin Duvernay,WR,BAL,CAR,11,2022,0,0,0.0,0,1,4.0,0,1,1,3.0,0,0.7,1.7,BAL,Devin Duvernay,0.7
00-0036331,D.Duvernay,Devin Duvernay,WR,BAL,JAX,12,2022,0,0,0.0,0,2,16.0,0,3,5,23.0,0,3.9,6.9,BAL,Devin Duvernay,3.9
00-0036331,D.Duvernay,Devin Duvernay,WR,BAL,DEN,13,2022,0,0,0.0,0,2,9.0,0,6,6,34.0,0,4.3,10.3,BAL,Devin Duvernay,4.3
00-0036331,D.Duvernay,Devin Duvernay,WR,BAL,PIT,14,2022,0,0,0.0,0,0,0.0,0,0,1,0.0,0,0.0,0.0,BAL,Devin Duvernay,0.0
00-0036331,D.Duvernay,Devin Duvernay,WR,BAL,CLE,15,2022,0,0,0.0,0,0,0.0,0,2,3,29.0,0,2.9,4.9,BAL,Devin Duvernay,2.9
00-0036332,J.Deguara,Josiah Deguara,TE,GB,MIN,1,2022,0,0,0.0,0,0,0.0,0,2,2,28.0,0,2.8,4.8,GB,Josiah Deguara,2.8
00-0036332,J.Deguara,Josiah Deguara,TE,GB,NE,4,2022,0,0,0.0,0,0,0.0,0,0,1,0.0,0,0.0,0.0,GB,Josiah Deguara,0.0
00-0036332,J.Deguara,Josiah Deguara,TE,GB,NYG,5,2022,0,0,0.0,0,0,0.0,0,2,2,19.0,0,1.9,3.9,GB,Josiah Deguara,1.9
00-0036332,J.Deguara,Josiah Deguara,TE,GB,NYJ,6,2022,0,0,0.0,0,0,0.0,0,1,1,9.0,0,0.9,1.9,GB,Josiah Deguara,0.9
00-0036332,J.Deguara,Josiah Deguara,TE,GB,BUF,8,2022,0,0,0.0,0,0,0.0,0,1,1,9.0,0,0.9,1.9,GB,Josiah Deguara,0.9
00-0036332,J.Deguara,Josiah Deguara,TE,GB,DET,9,2022,0,0,0.0,0,0,0.0,0,5,5,41.0,0,4.1,9.1,GB,Josiah Deguara,4.1
00-0036332,J.Deguara,Josiah Deguara,TE,GB,CHI,13,2022,0,0,0.0,0,0,0.0,0,0,1,0.0,0,0.0,0.0,GB,Josiah Deguara,0.0
00-0036332,J.Deguara,Josiah Deguara,TE,GB,MIA,16,2022,0,0,0.0,0,0,0.0,0,1,1,4.0,0,0.4,1.4,GB,Josiah Deguara,0.4
00-0036332,J.Deguara,Josiah Deguara,TE,GB,MIN,17,2022,0,0,0.0,0,0,0.0,0,1,1,4.0,0,0.4,1.4,GB,Josiah Deguara,0.4
00-0036336,A.McFarland,Anthony McFarland,RB,PIT,IND,12,2022,0,0,0.0,0,6,30.0,0,2,2,11.0,0,4.1,6.1,PIT,Anthony McFarland,4.1
00-0036345,K.Osborn,K.J. Osborn,WR,MIN,GB,1,2022,0,0,0.0,0,0,0.0,0,3,4,14.0,0,1.4,4.4,MIN,K.J. Osborn,1.4
00-0036345,K.Osborn,K.J. Osborn,WR,MIN,PHI,2,2022,0,0,0.0,0,0,0.0,0,2,2,25.0,0,2.5,4.5,MIN,K.J. Osborn,2.5
00-0036345,K.Osborn,K.J. Osborn,WR,MIN,DET,3,2022,0,0,0.0,0,0,0.0,0,5,8,73.0,1,13.3,18.3,MIN,K.J. Osborn,13.3
00-0036345,K.Osborn,K.J. Osborn,WR,MIN,NO,4,2022,0,0,0.0,0,1,-1.0,0,1,2,6.0,0,0.5,1.5,MIN,K.J. Osborn,0.5
00-0036345,K.Osborn,K.J. Osborn,WR,MIN,CHI,5,2022,0,0,0.0,0,0,0.0,0,5,5,41.0,0,4.1,9.1,MIN,K.J. Osborn,4.1
00-0036345,K.Osborn,K.J. Osborn,WR,MIN,MIA,6,2022,0,0,0.0,0,0,0.0,0,3,5,18.0,0,1.8,4.8,MIN,K.J. Osborn,1.8
00-0036345,K.Osborn,K.J. Osborn,WR,MIN,ARI,8,2022,0,0,0.0,0,0,0.0,0,2,5,8.0,1,6.8,8.8,MIN,K.J. Osborn,6.8
00-0036345,K.Osborn,K.J. Osborn,WR,MIN,WAS,9,2022,0,0,0.0,0,0,0.0,0,0,2,0.0,0,0.0,0.0,MIN,K.J. Osborn,0.0
00-0036345,K.Osborn,K.J. Osborn,WR,MIN,BUF,10,2022,0,0,0.0,0,1,2.0,0,4,11,35.0,0,3.7,7.7,MIN,K.J. Osborn,3.7
00-0036345,K.Osborn,K.J. Osborn,WR,MIN,DAL,11,2022,0,0,0.0,0,0,0.0,0,2,3,17.0,0,1.7,3.7,MIN,K.J. Osborn,1.7
00-0036345,K.Osborn,K.J. Osborn,WR,MIN,NE,12,2022,0,0,0.0,0,1,5.0,0,1,2,8.0,0,1.3,2.3,MIN,K.J. Osborn,1.3
00-0036345,K.Osborn,K.J. Osborn,WR,MIN,NYJ,13,2022,0,0,0.0,0,0,0.0,0,2,3,17.0,0,1.7,3.7,MIN,K.J. Osborn,1.7
00-0036345,K.Osborn,K.J. Osborn,WR,MIN,DET,14,2022,0,0,0.0,0,0,0.0,0,5,5,38.0,1,9.8,14.8,MIN,K.J. Osborn,9.8
00-0036345,K.Osborn,K.J. Osborn,WR,MIN,IND,15,2022,0,0,0.0,0,0,0.0,0,10,16,157.0,1,21.7,31.7,MIN,K.J. Osborn,21.7
00-0036345,K.Osborn,K.J. Osborn,WR,MIN,NYG,16,2022,0,0,0.0,0,0,0.0,0,3,4,17.0,0,1.7,4.7,MIN,K.J. Osborn,1.7
00-0036345,K.Osborn,K.J. Osborn,WR,MIN,GB,17,2022,0,0,0.0,0,0,0.0,0,7,7,59.0,1,11.9,18.9,MIN,K.J. Osborn,11.9
00-0036345,K.Osborn,K.J. Osborn,WR,MIN,CHI,18,2022,0,0,0.0,0,0,0.0,0,5,6,117.0,0,11.7,16.7,MIN,K.J. Osborn,11.7
00-0036345,K.Osborn,K.J. Osborn,WR,MIN,NYG,19,2022,0,0,0.0,0,0,0.0,0,2,3,20.0,1,8.0,10.0,MIN,K.J. Osborn,8.0
00-0036355,J.Herbert,Justin Herbert,QB,LAC,LV,1,2022,26,34,279.0,3,4,1.0,0,0,0,0.0,0,23.26,23.26,LAC,Justin Herbert,23.26
00-0036355,J.Herbert,Justin Herbert,QB,LAC,KC,2,2022,33,48,334.0,3,2,1.0,0,0,0,0.0,0,23.46,23.46,LAC,Justin Herbert,23.46
00-0036355,J.Herbert,Justin Herbert,QB,LAC,JAX,3,2022,25,45,297.0,1,1,7.0,0,0,0,0.0,0,12.58,12.58,LAC,Justin Herbert,12.58
00-0036355,J.Herbert,Justin Herbert,QB,LAC,HOU,4,2022,27,39,340.0,2,4,-5.0,0,0,0,0.0,0,21.1,21.1,LAC,Justin Herbert,21.1
00-0036355,J.Herbert,Justin Herbert,QB,LAC,CLE,5,2022,22,34,228.0,1,5,13.0,0,0,0,0.0,0,14.42,14.42,LAC,Justin Herbert,14.42
00-0036355,J.Herbert,Justin Herbert,QB,LAC,DEN,6,2022,37,57,238.0,0,2,9.0,0,0,0,0.0,0,8.42,8.42,LAC,Justin Herbert,8.42
00-0036355,J.Herbert,Justin Herbert,QB,LAC,SEA,7,2022,33,51,293.0,2,3,22.0,0,1,1,-8.0,0,17.12,18.12,LAC,Justin Herbert,17.12
00-0036355,J.Herbert,Justin Herbert,QB,LAC,ATL,9,2022,30,43,245.0,1,1,3.0,0,0,0,0.0,0,12.1,12.1,LAC,Justin Herbert,12.1
00-0036355,J.Herbert,Justin Herbert,QB,LAC,SF,10,2022,21,35,196.0,1,5,22.0,0,0,0,0.0,0,12.04,12.04,LAC,Justin Herbert,12.04
00-0036355,J.Herbert,Justin Herbert,QB,LAC,KC,11,2022,23,30,280.0,2,5,17.0,0,1,1,-2.0,0,18.7,19.7,LAC,Justin Herbert,18.7
00-0036355,J.Herbert,Justin Herbert,QB,LAC,ARI,12,2022,35,47,274.0,3,4,38.0,0,0,0,0.0,0,28.76,28.76,LAC,Justin Herbert,28.76
00-0036355,J.Herbert,Justin Herbert,QB,LAC,LV,13,2022,28,47,335.0,1,5,7.0,0,0,0,0.0,0,18.1,18.1,LAC,Justin Herbert,18.1
00-0036355,J.Herbert,Justin Herbert,QB,LAC,MIA,14,2022,39,51,367.0,1,4,8.0,0,0,0,0.0,0,19.48,19.48,LAC,Justin Herbert,19.48
00-0036355,J.Herbert,Justin Herbert,QB,LAC,TEN,15,2022,28,42,313.0,0,1,2.0,0,0,0,0.0,0,8.72,8.72,LAC,Justin Herbert,8.72
00-0036355,J.Herbert,Justin Herbert,QB,LAC,IND,16,2022,24,31,235.0,0,5,1.0,0,0,0,0.0,0,5.5,5.5,LAC,Justin Herbert,5.5
00-0036355,J.Herbert,Justin Herbert,QB,LAC,LA,17,2022,21,28,212.0,2,1,2.0,0,0,0,0.0,0,16.68,16.68,LAC,Justin Herbert,16.68
00-0036355,J.Herbert,Justin Herbert,QB,LAC,DEN,18,2022,25,37,273.0,2,2,-1.0,0,0,0,0.0,0,18.82,18.82,LAC,Justin Herbert,18.82
00-0036355,J.Herbert,Justin Herbert,QB,LAC,JAX,19,2022,25,43,273.0,1,3,12.0,0,0,0,0.0,0,16.12,16.12,LAC,Justin Herbert,16.12
00-0036358,C.Lamb,CeeDee Lamb,WR,DAL,TB,1,2022,0,0,0.0,0,0,0.0,0,2,11,29.0,0,2.9,4.9,DAL,CeeDee Lamb,2.9
00-0036358,C.Lamb,CeeDee Lamb,WR,DAL,CIN,2,2022,0,0,0.0,0,1,6.0,0,7,11,75.0,0,8.1,15.1,DAL,CeeDee Lamb,8.1
00-0036358,C.Lamb,CeeDee Lamb,WR,DAL,NYG,3,2022,0,0,0.0,0,0,0.0,0,8,12,87.0,1,14.7,22.7,DAL,CeeDee Lamb,14.7
00-0036358,C.Lamb,CeeDee Lamb,WR,DAL,WAS,4,2022,0,0,0.0,0,0,0.0,0,6,8,97.0,1,15.7,21.7,DAL,CeeDee Lamb,15.7
00-0036358,C.Lamb,CeeDee Lamb,WR,DAL,LA,5,2022,0,0,0.0,0,0,0.0,0,5,8,53.0,0,5.3,10.3,DAL,CeeDee Lamb,5.3
00-0036358,C.Lamb,CeeDee Lamb,WR,DAL,PHI,6,2022,0,0,0.0,0,2,9.0,0,5,10,68.0,0,7.7,12.7,DAL,CeeDee Lamb,7.7
00-0036358,C.Lamb,CeeDee Lamb,WR,DAL,DET,7,2022,0,0,0.0,0,1,-4.0,0,4,6,70.0,0,6.6,10.6,DAL,CeeDee Lamb,6.6
00-0036358,C.Lamb,CeeDee Lamb,WR,DAL,CHI,8,2022,0,0,0.0,0,1,1.0,0,5,7,77.0,1,13.8,18.8,DAL,CeeDee Lamb,13.8
00-0036358,C.Lamb,CeeDee Lamb,WR,DAL,GB,10,2022,0,0,0.0,0,0,0.0,0,11,15,150.0,2,27.0,38.0,DAL,CeeDee Lamb,27.0
00-0036358,C.Lamb,CeeDee Lamb,WR,DAL,MIN,11,2022,0,0,0.0,0,0,0.0,0,5,5,45.0,0,4.5,9.5,DAL,CeeDee Lamb,4.5
00-0036358,C.Lamb,CeeDee Lamb,WR,DAL,NYG,12,2022,0,0,0.0,0,2,11.0,0,6,11,106.0,0,11.7,17.7,DAL,CeeDee Lamb,11.7
00-0036358,C.Lamb,CeeDee Lamb,WR,DAL,IND,13,2022,0,0,0.0,0,2,23.0,0,5,7,71.0,1,15.4,20.4,DAL,CeeDee Lamb,15.4
00-0036358,C.Lamb,CeeDee Lamb,WR,DAL,HOU,14,2022,0,0,0.0,0,0,0.0,0,5,6,33.0,0,3.3,8.3,DAL,CeeDee Lamb,3.3
00-0036358,C.Lamb,CeeDee Lamb,WR,DAL,JAX,15,2022,0,0,0.0,0,1,1.0,0,7,7,126.0,0,12.7,19.7,DAL,CeeDee Lamb,12.7
00-0036358,C.Lamb,CeeDee Lamb,WR,DAL,PHI,16,2022,0,0,0.0,0,0,0.0,0,10,11,120.0,2,24.0,34.0,DAL,CeeDee Lamb,24.0
00-0036358,C.Lamb,CeeDee Lamb,WR,DAL,TEN,17,2022,0,0,0.0,0,0,0.0,0,11,14,100.0,0,10.0,21.0,DAL,CeeDee Lamb,10.0
00-0036358,C.Lamb,CeeDee Lamb,WR,DAL,WAS,18,2022,0,0,0.0,0,0,0.0,0,5,7,52.0,1,11.2,16.2,DAL,CeeDee Lamb,11.2
00-0036358,C.Lamb,CeeDee Lamb,WR,DAL,TB,19,2022,0,0,0.0,0,0,0.0,0,4,6,68.0,1,12.8,16.8,DAL,CeeDee Lamb,12.8
00-0036358,C.Lamb,CeeDee Lamb,WR,DAL,SF,20,2022,0,0,0.0,0,2,6.0,0,10,13,117.0,0,12.3,22.3,DAL,CeeDee Lamb,12.3
00-0036360,C.Edwards-Helaire,Clyde Edwards-Helaire,RB,KC,ARI,1,2022,0,0,0.0,0,7,42.0,0,3,3,32.0,2,19.4,22.4,KC,Clyde Edwards-Helaire,19.4
00-0036360,C.Edwards-Helaire,Clyde Edwards-Helaire,RB,KC,LAC,2,2022,0,0,0.0,0,8,74.0,0,4,4,44.0,0,11.8,15.8,KC,Clyde Edwards-Helaire,11.8
00-0036360,C.Edwards-Helaire,Clyde Edwards-Helaire,RB,KC,IND,3,2022,0,0,0.0,0,7,0.0,1,5,5,39.0,0,9.9,14.9,KC,Clyde Edwards-Helaire,9.9
00-0036360,C.Edwards-Helaire,Clyde Edwards-Helaire,RB,KC,TB,4,2022,0,0,0.0,0,19,92.0,1,1,2,2.0,1,21.4,22.4,KC,Clyde Edwards-Helaire,21.4
00-0036360,C.Edwards-Helaire,Clyde Edwards-Helaire,RB,KC,LV,5,2022,0,0,0.0,0,9,15.0,0,3,4,20.0,0,3.5,6.5,KC,Clyde Edwards-Helaire,3.5
00-0036360,C.Edwards-Helaire,Clyde Edwards-Helaire,RB,KC,BUF,6,2022,0,0,0.0,0,9,33.0,0,0,0,0.0,0,3.3,3.3,KC,Clyde Edwards-Helaire,3.3
00-0036360,C.Edwards-Helaire,Clyde Edwards-Helaire,RB,KC,SF,7,2022,0,0,0.0,0,6,32.0,1,0,1,0.0,0,9.2,9.2,KC,Clyde Edwards-Helaire,9.2
00-0036360,C.Edwards-Helaire,Clyde Edwards-Helaire,RB,KC,TEN,9,2022,0,0,0.0,0,4,5.0,0,1,2,14.0,0,1.9,2.9,KC,Clyde Edwards-Helaire,1.9
00-0036360,C.Edwards-Helaire,Clyde Edwards-Helaire,RB,KC,JAX,10,2022,0,0,0.0,0,0,0.0,0,0,2,0.0,0,0.0,0.0,KC,Clyde Edwards-Helaire,0.0
00-0036360,C.Edwards-Helaire,Clyde Edwards-Helaire,RB,KC,LAC,11,2022,0,0,0.0,0,2,9.0,0,0,0,0.0,0,0.9,0.9,KC,Clyde Edwards-Helaire,0.9
00-0036365,B.Edwards,Bryan Edwards,WR,ATL,NO,1,2022,0,0,0.0,0,0,0.0,0,0,1,0.0,0,0.0,0.0,ATL,Bryan Edwards,0.0
00-0036365,B.Edwards,Bryan Edwards,WR,ATL,LA,2,2022,0,0,0.0,0,0,0.0,0,1,2,2.0,0,0.2,1.2,ATL,Bryan Edwards,0.2
00-0036365,B.Edwards,Bryan Edwards,WR,ATL,TB,5,2022,0,0,0.0,0,0,0.0,0,1,1,10.0,0,1.0,2.0,ATL,Bryan Edwards,1.0
00-0036365,B.Edwards,Bryan Edwards,WR,ATL,CAR,8,2022,0,0,0.0,0,0,0.0,0,1,1,3.0,0,0.3,1.3,ATL,Bryan Edwards,0.3
00-0036370,J.Kelley,Joshua Kelley,RB,LAC,LV,1,2022,0,0,0.0,0,4,21.0,0,2,2,14.0,0,3.5,5.5,LAC,Joshua Kelley,3.5
00-0036370,J.Kelley,Joshua Kelley,RB,LAC,KC,2,2022,0,0,0.0,0,4,22.0,0,1,2,3.0,0,2.5,3.5,LAC,Joshua Kelley,2.5
00-0036370,J.Kelley,Joshua Kelley,RB,LAC,JAX,3,2022,0,0,0.0,0,1,-3.0,0,2,2,6.0,0,0.3,2.3,LAC,Joshua Kelley,0.3
00-0036370,J.Kelley,Joshua Kelley,RB,LAC,HOU,4,2022,0,0,0.0,0,4,15.0,0,0,2,0.0,0,1.5,1.5,LAC,Joshua Kelley,1.5
00-0036370,J.Kelley,Joshua Kelley,RB,LAC,CLE,5,2022,0,0,0.0,0,10,49.0,1,2,2,33.0,0,14.2,16.2,LAC,Joshua Kelley,14.2
00-0036370,J.Kelley,Joshua Kelley,RB,LAC,ARI,12,2022,0,0,0.0,0,2,4.0,0,2,3,16.0,0,2.0,4.0,LAC,Joshua Kelley,2.0
00-0036370,J.Kelley,Joshua Kelley,RB,LAC,LV,13,2022,0,0,0.0,0,7,30.0,0,0,1,0.0,0,3.0,3.0,LAC,Joshua Kelley,3.0
00-0036370,J.Kelley,Joshua Kelley,RB,LAC,MIA,14,2022,0,0,0.0,0,4,29.0,0,1,2,6.0,0,3.5,4.5,LAC,Joshua Kelley,3.5
00-0036370,J.Kelley,Joshua Kelley,RB,LAC,TEN,15,2022,0,0,0.0,0,10,24.0,1,1,2,7.0,0,9.1,10.1,LAC,Joshua Kelley,9.1
00-0036370,J.Kelley,Joshua Kelley,RB,LAC,IND,16,2022,0,0,0.0,0,9,33.0,0,1,1,9.0,0,4.2,5.2,LAC,Joshua Kelley,4.2
00-0036370,J.Kelley,Joshua Kelley,RB,LAC,LA,17,2022,0,0,0.0,0,9,45.0,0,1,2,1.0,0,4.6,5.6,LAC,Joshua Kelley,4.6
00-0036370,J.Kelley,Joshua Kelley,RB,LAC,DEN,18,2022,0,0,0.0,0,5,18.0,0,1,4,6.0,0,2.4,3.4,LAC,Joshua Kelley,2.4
00-0036370,J.Kelley,Joshua Kelley,RB,LAC,JAX,19,2022,0,0,0.0,0,7,20.0,0,1,1,8.0,0,2.8,3.8,LAC,Joshua Kelley,2.8
00-0036383,E.Benjamin,Eno Benjamin,RB,ARI,KC,1,2022,0,0,0.0,0,4,28.0,0,3,4,33.0,0,6.1,9.1,ARI,Eno Benjamin,6.1
00-0036383,E.Benjamin,Eno Benjamin,RB,ARI,LV,2,2022,0,0,0.0,0,8,31.0,0,3,4,20.0,0,5.1,8.1,ARI,Eno Benjamin,5.1
00-0036383,E.Benjamin,Eno Benjamin,RB,ARI,LA,3,2022,0,0,0.0,0,5,16.0,0,2,4,7.0,0,2.3,4.3,ARI,Eno Benjamin,2.3
00-0036383,E.Benjamin,Eno Benjamin,RB,ARI,CAR,4,2022,0,0,0.0,0,5,36.0,0,1,1,9.0,0,4.5,5.5,ARI,Eno Benjamin,4.5
00-0036383,E.Benjamin,Eno Benjamin,RB,ARI,PHI,5,2022,0,0,0.0,0,8,25.0,1,3,4,28.0,0,11.3,14.3,ARI,Eno Benjamin,11.3
00-0036383,E.Benjamin,Eno Benjamin,RB,ARI,SEA,6,2022,0,0,0.0,0,15,37.0,0,3,3,28.0,0,6.5,9.5,ARI,Eno Benjamin,6.5
00-0036383,E.Benjamin,Eno Benjamin,RB,ARI,NO,7,2022,0,0,0.0,0,12,92.0,1,4,5,21.0,0,19.3,23.3,ARI,Eno Benjamin,19.3
00-0036383,E.Benjamin,Eno Benjamin,RB,ARI,MIN,8,2022,0,0,0.0,0,9,22.0,0,4,7,23.0,0,4.5,8.5,ARI,Eno Benjamin,4.5
00-0036383,E.Benjamin,Eno Benjamin,RB,ARI,SEA,9,2022,0,0,0.0,0,4,12.0,0,1,1,15.0,0,2.7,3.7,ARI,Eno Benjamin,2.7
00-0036383,E.Benjamin,Eno Benjamin,RB,HOU,DAL,14,2022,0,0,0.0,0,3,1.0,0,0,0,0.0,0,0.1,0.1,HOU,Eno Benjamin,0.1
00-0036383,E.Benjamin,Eno Benjamin,RB,NO,PHI,17,2022,0,0,0.0,0,2,10.0,0,1,1,9.0,0,1.9,2.9,NO,Eno Benjamin,1.9
00-0036383,E.Benjamin,Eno Benjamin,RB,NO,CAR,18,2022,0,0,0.0,0,2,3.0,0,0,0,0.0,0,0.3,0.3,NO,Eno Benjamin,0.3
00-0036387,J.Reagor,Jalen Reagor,WR,MIN,PHI,2,2022,0,0,0.0,0,1,17.0,0,1,2,7.0,0,2.4,3.4,MIN,Jalen Reagor,2.4
00-0036387,J.Reagor,Jalen Reagor,WR,MIN,DET,3,2022,0,0,0.0,0,0,0.0,0,1,1,2.0,0,0.2,1.2,MIN,Jalen Reagor,0.2
00-0036387,J.Reagor,Jalen Reagor,WR,MIN,NO,4,2022,0,0,0.0,0,0,0.0,0,0,1,0.0,0,0.0,0.0,MIN,Jalen Reagor,0.0
00-0036387,J.Reagor,Jalen Reagor,WR,MIN,CHI,5,2022,0,0,0.0,0,0,0.0,0,1,1,1.0,1,6.1,7.1,MIN,Jalen Reagor,6.1
00-0036387,J.Reagor,Jalen Reagor,WR,MIN,DAL,11,2022,0,0,0.0,0,0,0.0,0,1,1,14.0,0,1.4,2.4,MIN,Jalen Reagor,1.4
00-0036387,J.Reagor,Jalen Reagor,WR,MIN,NE,12,2022,0,0,0.0,0,0,0.0,0,1,1,25.0,0,2.5,3.5,MIN,Jalen Reagor,2.5
00-0036387,J.Reagor,Jalen Reagor,WR,MIN,NYJ,13,2022,0,0,0.0,0,1,8.0,0,1,1,38.0,0,4.6,5.6,MIN,Jalen Reagor,4.6
00-0036387,J.Reagor,Jalen Reagor,WR,MIN,DET,14,2022,0,0,0.0,0,0,0.0,0,0,1,0.0,0,0.0,0.0,MIN,Jalen Reagor,0.0
00-0036387,J.Reagor,Jalen Reagor,WR,MIN,IND,15,2022,0,0,0.0,0,1,-5.0,0,0,2,0.0,0,-0.5,-0.5,MIN,Jalen Reagor,-0.5
00-0036387,J.Reagor,Jalen Reagor,WR,MIN,CHI,18,2022,0,0,0.0,0,1,5.0,0,2,2,17.0,0,2.2,4.2,MIN,Jalen Reagor,2.2
00-0036389,J.Hurts,Jalen Hurts,QB,PHI,DET,1,2022,18,32,243.0,0,17,90.0,1,0,0,0.0,0,24.72,24.72,PHI,Jalen Hurts,24.72
00-0036389,J.Hurts,Jalen Hurts,QB,PHI,MIN,2,2022,26,31,333.0,1,11,57.0,2,0,0,0.0,0,33.02,33.02,PHI,Jalen Hurts,33.02
00-0036389,J.Hurts,Jalen Hurts,QB,PHI,WAS,3,2022,22,35,340.0,3,9,20.0,0,0,0,0.0,0,27.6,27.6,PHI,Jalen Hurts,27.6
00-0036389,J.Hurts,Jalen Hurts,QB,PHI,JAX,4,2022,16,25,204.0,0,16,38.0,1,0,0,0.0,0,15.96,15.96,PHI,Jalen Hurts,15.96
00-0036389,J.Hurts,Jalen Hurts,QB,PHI,ARI,5,2022,26,36,239.0,0,15,61.0,2,0,0,0.0,0,27.66,27.66,PHI,Jalen Hurts,27.66
00-0036389,J.Hurts,Jalen Hurts,QB,PHI,DAL,6,2022,15,25,155.0,2,9,27.0,0,0,0,0.0,0,16.9,16.9,PHI,Jalen Hurts,16.9
00-0036389,J.Hurts,Jalen Hurts,QB,PHI,PIT,8,2022,19,28,285.0,4,2,10.0,0,0,0,0.0,0,28.4,28.4,PHI,Jalen Hurts,28.4
00-0036389,J.Hurts,Jalen Hurts,QB,PHI,HOU,9,2022,21,27,243.0,2,9,23.0,0,0,0,0.0,0,20.02,20.02,PHI,Jalen Hurts,20.02
00-0036389,J.Hurts,Jalen Hurts,QB,PHI,WAS,10,2022,17,26,175.0,2,6,28.0,1,0,0,0.0,0,21.8,21.8,PHI,Jalen Hurts,21.8
00-0036389,J.Hurts,Jalen Hurts,QB,PHI,IND,11,2022,18,25,190.0,1,16,86.0,1,0,0,0.0,0,24.2,24.2,PHI,Jalen Hurts,24.2
00-0036389,J.Hurts,Jalen Hurts,QB,PHI,GB,12,2022,16,28,153.0,2,17,157.0,0,0,0,0.0,0,29.82,29.82,PHI,Jalen Hurts,29.82
00-0036389,J.Hurts,Jalen Hurts,QB,PHI,TEN,13,2022,29,39,380.0,3,5,12.0,1,0,0,0.0,0,34.4,34.4,PHI,Jalen Hurts,34.4
00-0036389,J.Hurts,Jalen Hurts,QB,PHI,NYG,14,2022,21,31,217.0,2,7,77.0,1,0,0,0.0,0,30.38,30.38,PHI,Jalen Hurts,30.38
00-0036389,J.Hurts,Jalen Hurts,QB,PHI,CHI,15,2022,22,37,315.0,0,17,61.0,3,0,0,0.0,0,34.7,34.7,PHI,Jalen Hurts,34.7
00-0036389,J.Hurts,Jalen Hurts,QB,PHI,NYG,18,2022,20,35,229.0,0,9,13.0,0,0,0,0.0,0,8.46,8.46,PHI,Jalen Hurts,8.46
00-0036389,J.Hurts,Jalen Hurts,QB,PHI,NYG,20,2022,16,24,154.0,2,9,34.0,1,0,0,0.0,0,23.56,23.56,PHI,Jalen Hurts,23.56
00-0036389,J.Hurts,Jalen Hurts,QB,PHI,SF,21,2022,15,25,121.0,0,11,39.0,1,0,0,0.0,0,14.74,14.74,PHI,Jalen Hurts,14.74
00-0036389,J.Hurts,Jalen Hurts,QB,PHI,KC,22,2022,27,38,304.0,1,15,70.0,3,0,0,0.0,0,41.16,41.16,PHI,Jalen Hurts,41.16
00-0036407,J.Jeudy,Jerry Jeudy,WR,DEN,SEA,1,2022,0,0,0.0,0,0,0.0,0,4,7,102.0,1,16.2,20.2,DEN,Jerry Jeudy,16.2
00-0036407,J.Jeudy,Jerry Jeudy,WR,DEN,HOU,2,2022,0,0,0.0,0,1,1.0,0,1,3,11.0,0,1.2,2.2,DEN,Jerry Jeudy,1.2
00-0036407,J.Jeudy,Jerry Jeudy,WR,DEN,SF,3,2022,0,0,0.0,0,0,0.0,0,2,6,17.0,0,1.7,3.7,DEN,Jerry Jeudy,1.7
00-0036407,J.Jeudy,Jerry Jeudy,WR,DEN,LV,4,2022,0,0,0.0,0,0,0.0,0,4,5,53.0,1,11.3,15.3,DEN,Jerry Jeudy,11.3
00-0036407,J.Jeudy,Jerry Jeudy,WR,DEN,IND,5,2022,0,0,0.0,0,0,0.0,0,3,8,53.0,0,5.3,8.3,DEN,Jerry Jeudy,5.3
00-0036407,J.Jeudy,Jerry Jeudy,WR,DEN,LAC,6,2022,0,0,0.0,0,0,0.0,0,3,7,54.0,0,5.4,8.4,DEN,Jerry Jeudy,5.4
00-0036407,J.Jeudy,Jerry Jeudy,WR,DEN,NYJ,7,2022,0,0,0.0,0,0,0.0,0,7,11,96.0,0,9.6,16.6,DEN,Jerry Jeudy,9.6
00-0036407,J.Jeudy,Jerry Jeudy,WR,DEN,JAX,8,2022,0,0,0.0,0,0,0.0,0,6,7,63.0,1,12.3,18.3,DEN,Jerry Jeudy,12.3
00-0036407,J.Jeudy,Jerry Jeudy,WR,DEN,TEN,10,2022,0,0,0.0,0,0,0.0,0,0,1,0.0,0,0.0,0.0,DEN,Jerry Jeudy,0.0
00-0036407,J.Jeudy,Jerry Jeudy,WR,DEN,BAL,13,2022,0,0,0.0,0,0,0.0,0,4,4,65.0,0,6.5,10.5,DEN,Jerry Jeudy,6.5
00-0036407,J.Jeudy,Jerry Jeudy,WR,DEN,KC,14,2022,0,0,0.0,0,0,0.0,0,8,9,73.0,3,25.3,33.3,DEN,Jerry Jeudy,25.3
00-0036407,J.Jeudy,Jerry Jeudy,WR,DEN,ARI,15,2022,0,0,0.0,0,0,0.0,0,7,8,76.0,0,7.6,14.6,DEN,Jerry Jeudy,7.6
00-0036407,J.Jeudy,Jerry Jeudy,WR,DEN,LA,16,2022,0,0,0.0,0,0,0.0,0,6,10,117.0,0,11.7,17.7,DEN,Jerry Jeudy,11.7
00-0036407,J.Jeudy,Jerry Jeudy,WR,DEN,KC,17,2022,0,0,0.0,0,0,0.0,0,7,8,38.0,0,3.8,10.8,DEN,Jerry Jeudy,3.8
00-0036407,J.Jeudy,Jerry Jeudy,WR,DEN,LAC,18,2022,0,0,0.0,0,3,39.0,0,5,6,154.0,0,19.3,24.3,DEN,Jerry Jeudy,19.3
00-0036410,T.Higgins,Tee Higgins,WR,CIN,PIT,1,2022,0,0,0.0,0,0,0.0,0,2,2,27.0,0,2.7,4.7,CIN,Tee Higgins,2.7
00-0036410,T.Higgins,Tee Higgins,WR,CIN,DAL,2,2022,0,0,0.0,0,0,0.0,0,6,10,71.0,1,13.1,19.1,CIN,Tee Higgins,13.1
00-0036410,T.Higgins,Tee Higgins,WR,CIN,NYJ,3,2022,0,0,0.0,0,0,0.0,0,5,7,93.0,0,9.3,14.3,CIN,Tee Higgins,9.3
00-0036410,T.Higgins,Tee Higgins,WR,CIN,MIA,4,2022,0,0,0.0,0,0,0.0,0,7,9,124.0,1,18.4,25.4,CIN,Tee Higgins,18.4
00-0036410,T.Higgins,Tee Higgins,WR,CIN,NO,6,2022,0,0,0.0,0,0,0.0,0,6,9,47.0,0,4.7,10.7,CIN,Tee Higgins,4.7
00-0036410,T.Higgins,Tee Higgins,WR,CIN,ATL,7,2022,0,0,0.0,0,0,0.0,0,5,7,93.0,0,9.3,14.3,CIN,Tee Higgins,9.3
00-0036410,T.Higgins,Tee Higgins,WR,CIN,CLE,8,2022,0,0,0.0,0,0,0.0,0,3,6,49.0,1,10.9,13.9,CIN,Tee Higgins,10.9
00-0036410,T.Higgins,Tee Higgins,WR,CIN,CAR,9,2022,0,0,0.0,0,0,0.0,0,7,8,60.0,0,6.0,13.0,CIN,Tee Higgins,6.0
00-0036410,T.Higgins,Tee Higgins,WR,CIN,PIT,11,2022,0,0,0.0,0,0,0.0,0,9,13,148.0,0,14.8,23.8,CIN,Tee Higgins,14.8
00-0036410,T.Higgins,Tee Higgins,WR,CIN,TEN,12,2022,0,0,0.0,0,0,0.0,0,7,9,114.0,1,17.4,24.4,CIN,Tee Higgins,17.4
00-0036410,T.Higgins,Tee Higgins,WR,CIN,KC,13,2022,0,0,0.0,0,0,0.0,0,3,5,35.0,1,9.5,12.5,CIN,Tee Higgins,9.5
00-0036410,T.Higgins,Tee Higgins,WR,CIN,TB,15,2022,0,0,0.0,0,0,0.0,0,5,8,33.0,1,11.3,16.3,CIN,Tee Higgins,11.3
00-0036410,T.Higgins,Tee Higgins,WR,CIN,NE,16,2022,0,0,0.0,0,0,0.0,0,8,9,128.0,1,18.8,26.8,CIN,Tee Higgins,18.8
00-0036410,T.Higgins,Tee Higgins,WR,CIN,BAL,18,2022,0,0,0.0,0,0,0.0,0,1,7,7.0,0,0.7,1.7,CIN,Tee Higgins,0.7
00-0036410,T.Higgins,Tee Higgins,WR,CIN,BAL,19,2022,0,0,0.0,0,0,0.0,0,4,6,37.0,0,5.7,9.7,CIN,Tee Higgins,5.7
00-0036410,T.Higgins,Tee Higgins,WR,CIN,BUF,20,2022,0,0,0.0,0,0,0.0,0,3,4,28.0,0,2.8,5.8,CIN,Tee Higgins,2.8
00-0036410,T.Higgins,Tee Higgins,WR,CIN,KC,21,2022,0,0,0.0,0,0,0.0,0,6,11,83.0,1,14.3,20.3,CIN,Tee Higgins,14.3
00-0036412,K.Hamler,K.J. Hamler,WR,DEN,SEA,1,2022,0,0,0.0,0,0,0.0,0,0,1,0.0,0,0.0,0.0,DEN,K.J. Hamler,0.0
00-0036412,K.Hamler,K.J. Hamler,WR,DEN,LV,4,2022,0,0,0.0,0,0,0.0,0,1,1,55.0,0,5.5,6.5,DEN,K.J. Hamler,5.5
00-0036412,K.Hamler,K.J. Hamler,WR,DEN,IND,5,2022,0,0,0.0,0,0,0.0,0,1,2,10.0,0,1.0,2.0,DEN,K.J. Hamler,1.0
00-0036412,K.Hamler,K.J. Hamler,WR,DEN,LAC,6,2022,0,0,0.0,0,0,0.0,0,2,3,44.0,0,4.4,6.4,DEN,K.J. Hamler,4.4
00-0036412,K.Hamler,K.J. Hamler,WR,DEN,NYJ,7,2022,0,0,0.0,0,1,14.0,0,1,4,4.0,0,1.8,2.8,DEN,K.J. Hamler,1.8
00-0036412,K.Hamler,K.J. Hamler,WR,DEN,JAX,8,2022,0,0,0.0,0,1,9.0,0,2,3,52.0,0,6.1,8.1,DEN,K.J. Hamler,6.1
00-0036414,C.Akers,Cam Akers,RB,LA,BUF,1,2022,0,0,0.0,0,3,0.0,0,0,0,0.0,0,0.0,0.0,LA,Cam Akers,0.0
00-0036414,C.Akers,Cam Akers,RB,LA,ATL,2,2022,0,0,0.0,0,15,44.0,0,2,3,18.0,0,6.2,8.2,LA,Cam Akers,6.2
00-0036414,C.Akers,Cam Akers,RB,LA,ARI,3,2022,0,0,0.0,0,12,61.0,1,0,0,0.0,0,10.1,10.1,LA,Cam Akers,10.1
00-0036414,C.Akers,Cam Akers,RB,LA,SF,4,2022,0,0,0.0,0,8,13.0,0,0,1,0.0,0,1.3,1.3,LA,Cam Akers,1.3
00-0036414,C.Akers,Cam Akers,RB,LA,DAL,5,2022,0,0,0.0,0,13,33.0,0,0,1,0.0,0,3.3,3.3,LA,Cam Akers,3.3
00-0036414,C.Akers,Cam Akers,RB,LA,TB,9,2022,0,0,0.0,0,5,3.0,0,0,0,0.0,0,0.3,0.3,LA,Cam Akers,0.3
00-0036414,C.Akers,Cam Akers,RB,LA,ARI,10,2022,0,0,0.0,0,6,22.0,0,0,1,0.0,0,2.2,2.2,LA,Cam Akers,2.2
00-0036414,C.Akers,Cam Akers,RB,LA,NO,11,2022,0,0,0.0,0,14,61.0,0,0,0,0.0,0,6.1,6.1,LA,Cam Akers,6.1
00-0036414,C.Akers,Cam Akers,RB,LA,KC,12,2022,0,0,0.0,0,8,37.0,0,0,0,0.0,0,3.7,3.7,LA,Cam Akers,3.7
00-0036414,C.Akers,Cam Akers,RB,LA,SEA,13,2022,0,0,0.0,0,17,60.0,2,1,1,0.0,0,18.0,19.0,LA,Cam Akers,18.0
00-0036414,C.Akers,Cam Akers,RB,LA,LV,14,2022,0,0,0.0,0,12,42.0,1,1,1,1.0,0,8.3,9.3,LA,Cam Akers,8.3
00-0036414,C.Akers,Cam Akers,RB,LA,GB,15,2022,0,0,0.0,0,12,65.0,0,3,3,35.0,0,10.0,13.0,LA,Cam Akers,10.0
00-0036414,C.Akers,Cam Akers,RB,LA,DEN,16,2022,0,0,0.0,0,23,118.0,3,2,2,29.0,0,32.7,34.7,LA,Cam Akers,32.7
00-0036414,C.Akers,Cam Akers,RB,LA,LAC,17,2022,0,0,0.0,0,19,123.0,0,1,2,10.0,0,13.3,14.3,LA,Cam Akers,13.3
00-0036414,C.Akers,Cam Akers,RB,LA,SEA,18,2022,0,0,0.0,0,21,104.0,0,3,3,24.0,0,12.8,15.8,LA,Cam Akers,12.8
00-0036415,V.Jefferson,Van Jefferson,WR,LA,TB,9,2022,0,0,0.0,0,0,0.0,0,0,5,0.0,0,0.0,0.0,LA,Van Jefferson,0.0
00-0036415,V.Jefferson,Van Jefferson,WR,LA,ARI,10,2022,0,0,0.0,0,0,0.0,0,3,3,27.0,1,8.7,11.7,LA,Van Jefferson,8.7
00-0036415,V.Jefferson,Van Jefferson,WR,LA,NO,11,2022,0,0,0.0,0,0,0.0,0,3,5,41.0,0,4.1,7.1,LA,Van Jefferson,4.1
00-0036415,V.Jefferson,Van Jefferson,WR,LA,KC,12,2022,0,0,0.0,0,0,0.0,0,3,6,29.0,1,8.9,11.9,LA,Van Jefferson,8.9
00-0036415,V.Jefferson,Van Jefferson,WR,LA,SEA,13,2022,0,0,0.0,0,0,0.0,0,2,4,39.0,0,3.9,5.9,LA,Van Jefferson,3.9
00-0036415,V.Jefferson,Van Jefferson,WR,LA,LV,14,2022,0,0,0.0,0,0,0.0,0,2,4,44.0,1,10.4,12.4,LA,Van Jefferson,10.4
00-0036415,V.Jefferson,Van Jefferson,WR,LA,GB,15,2022,0,0,0.0,0,0,0.0,0,2,2,32.0,0,3.2,5.2,LA,Van Jefferson,3.2
00-0036415,V.Jefferson,Van Jefferson,WR,LA,DEN,16,2022,0,0,0.0,0,0,0.0,0,3,5,19.0,0,1.9,4.9,LA,Van Jefferson,1.9
00-0036415,V.Jefferson,Van Jefferson,WR,LA,LAC,17,2022,0,0,0.0,0,0,0.0,0,3,3,77.0,0,7.7,10.7,LA,Van Jefferson,7.7
00-0036415,V.Jefferson,Van Jefferson,WR,LA,SEA,18,2022,0,0,0.0,0,0,0.0,0,3,7,61.0,0,6.1,9.1,LA,Van Jefferson,6.1
00-0036422,A.Trautman,Adam Trautman,TE,NO,CAR,3,2022,0,0,0.0,0,0,0.0,0,1,1,9.0,0,0.9,1.9,NO,Adam Trautman,0.9
00-0036422,A.Trautman,Adam Trautman,TE,NO,MIN,4,2022,0,0,0.0,0,0,0.0,0,3,3,37.0,0,3.7,6.7,NO,Adam Trautman,3.7
00-0036422,A.Trautman,Adam Trautman,TE,NO,SEA,5,2022,0,0,0.0,0,0,0.0,0,2,3,32.0,1,9.2,11.2,NO,Adam Trautman,9.2
00-0036422,A.Trautman,Adam Trautman,TE,NO,CIN,6,2022,0,0,0.0,0,0,0.0,0,1,1,8.0,0,0.8,1.8,NO,Adam Trautman,0.8
00-0036422,A.Trautman,Adam Trautman,TE,NO,BAL,9,2022,0,0,0.0,0,0,0.0,0,1,1,8.0,0,0.8,1.8,NO,Adam Trautman,0.8
00-0036422,A.Trautman,Adam Trautman,TE,NO,PIT,10,2022,0,0,0.0,0,0,0.0,0,2,3,22.0,0,2.2,4.2,NO,Adam Trautman,2.2
00-0036422,A.Trautman,Adam Trautman,TE,NO,LA,11,2022,0,0,0.0,0,0,0.0,0,3,3,12.0,0,1.2,4.2,NO,Adam Trautman,1.2
00-0036422,A.Trautman,Adam Trautman,TE,NO,SF,12,2022,0,0,0.0,0,0,0.0,0,1,1,17.0,0,1.7,2.7,NO,Adam Trautman,1.7
00-0036422,A.Trautman,Adam Trautman,TE,NO,TB,13,2022,0,0,0.0,0,0,0.0,0,2,3,28.0,0,2.8,4.8,NO,Adam Trautman,2.8
00-0036422,A.Trautman,Adam Trautman,TE,NO,ATL,15,2022,0,0,0.0,0,0,0.0,0,0,1,0.0,0,0.0,0.0,NO,Adam Trautman,0.0
00-0036422,A.Trautman,Adam Trautman,TE,NO,PHI,17,2022,0,0,0.0,0,0,0.0,0,1,1,16.0,0,1.6,2.6,NO,Adam Trautman,1.6
00-0036422,A.Trautman,Adam Trautman,TE,NO,CAR,18,2022,0,0,0.0,0,0,0.0,0,1,1,18.0,0,1.8,2.8,NO,Adam Trautman,1.8
00-0036423,A.Okwuegbunam,Albert Okwuegbunam,TE,DEN,SEA,1,2022,0,0,0.0,0,0,0.0,0,5,6,33.0,0,3.3,8.3,DEN,Albert Okwuegbunam,3.3
00-0036423,A.Okwuegbunam,Albert Okwuegbunam,TE,DEN,HOU,2,2022,0,0,0.0,0,0,0.0,0,0,2,0.0,0,0.0,0.0,DEN,Albert Okwuegbunam,0.0
00-0036423,A.Okwuegbunam,Albert Okwuegbunam,TE,DEN,SF,3,2022,0,0,0.0,0,0,0.0,0,1,2,12.0,0,1.2,2.2,DEN,Albert Okwuegbunam,1.2
00-0036423,A.Okwuegbunam,Albert Okwuegbunam,TE,DEN,IND,5,2022,0,0,0.0,0,0,0.0,0,1,1,5.0,0,0.5,1.5,DEN,Albert Okwuegbunam,0.5
00-0036423,A.Okwuegbunam,Albert Okwuegbunam,TE,DEN,KC,17,2022,0,0,0.0,0,0,0.0,0,3,6,45.0,1,10.5,13.5,DEN,Albert Okwuegbunam,10.5
00-0036423,A.Okwuegbunam,Albert Okwuegbunam,TE,DEN,LAC,18,2022,0,0,0.0,0,0,0.0,0,0,1,0.0,0,0.0,0.0,DEN,Albert Okwuegbunam,0.0
00-0036424,B.Hopkins,Brycen Hopkins,TE,LA,TB,9,2022,0,0,0.0,0,0,0.0,0,0,1,0.0,0,0.0,0.0,LA,Brycen Hopkins,0.0
00-0036424,B.Hopkins,Brycen Hopkins,TE,LA,ARI,10,2022,0,0,0.0,0,0,0.0,0,1,2,11.0,0,1.1,2.1,LA,Brycen Hopkins,1.1
00-0036424,B.Hopkins,Brycen Hopkins,TE,LA,KC,12,2022,0,0,0.0,0,0,0.0,0,1,2,12.0,0,1.2,2.2,LA,Brycen Hopkins,1.2
00-0036424,B.Hopkins,Brycen Hopkins,TE,LA,LV,14,2022,0,0,0.0,0,0,0.0,0,1,1,8.0,0,0.8,1.8,LA,Brycen Hopkins,0.8
00-0036424,B.Hopkins,Brycen Hopkins,TE,LA,DEN,16,2022,0,0,0.0,0,0,0.0,0,3,3,57.0,0,5.7,8.7,LA,Brycen Hopkins,5.7
00-0036424,B.Hopkins,Brycen Hopkins,TE,LA,LAC,17,2022,0,0,0.0,0,0,0.0,0,1,1,21.0,0,2.1,3.1,LA,Brycen Hopkins,2.1
00-0036424,B.Hopkins,Brycen Hopkins,TE,LA,SEA,18,2022,0,0,0.0,0,0,0.0,0,0,1,0.0,0,0.0,0.0,LA,Brycen Hopkins,0.0
00-0036425,D.Dallas,DeeJay Dallas,RB,SEA,SF,2,2022,0,1,0.0,0,0,0.0,0,0,0,0.0,0,-2.0,-2.0,SEA,DeeJay Dallas,-2.0
00-0036425,D.Dallas,DeeJay Dallas,RB,SEA,ATL,3,2022,0,0,0.0,0,3,21.0,0,2,2,17.0,0,3.8,5.8,SEA,DeeJay Dallas,3.8
00-0036425,D.Dallas,DeeJay Dallas,RB,SEA,NO,5,2022,0,0,0.0,0,1,4.0,0,1,1,6.0,0,1.0,2.0,SEA,DeeJay Dallas,1.0
00-0036425,D.Dallas,DeeJay Dallas,RB,SEA,ARI,6,2022,0,0,0.0,0,2,1.0,0,0,0,0.0,0,0.1,0.1,SEA,DeeJay Dallas,0.1
00-0036425,D.Dallas,DeeJay Dallas,RB,SEA,LAC,7,2022,0,0,0.0,0,6,35.0,0,2,2,6.0,0,4.1,6.1,SEA,DeeJay Dallas,4.1
00-0036425,D.Dallas,DeeJay Dallas,RB,SEA,ARI,9,2022,0,0,0.0,0,1,4.0,0,0,0,0.0,0,0.4,0.4,SEA,DeeJay Dallas,0.4
00-0036425,D.Dallas,DeeJay Dallas,RB,SEA,LV,12,2022,0,0,0.0,0,1,2.0,0,2,2,13.0,0,1.5,3.5,SEA,DeeJay Dallas,1.5
00-0036425,D.Dallas,DeeJay Dallas,RB,SEA,LA,13,2022,0,0,0.0,0,10,37.0,0,0,1,0.0,0,3.7,3.7,SEA,DeeJay Dallas,3.7
00-0036425,D.Dallas,DeeJay Dallas,RB,SEA,KC,16,2022,0,0,0.0,0,2,10.0,0,6,6,32.0,0,4.2,10.2,SEA,DeeJay Dallas,4.2
00-0036425,D.Dallas,DeeJay Dallas,RB,SEA,NYJ,17,2022,0,0,0.0,0,7,43.0,0,3,4,55.0,0,9.8,12.8,SEA,DeeJay Dallas,9.8
00-0036425,D.Dallas,DeeJay Dallas,RB,SEA,LA,18,2022,0,0,0.0,0,2,29.0,0,1,1,-3.0,0,2.6,3.6,SEA,DeeJay Dallas,2.6
00-0036425,D.Dallas,DeeJay Dallas,RB,SEA,SF,19,2022,0,0,0.0,0,6,13.0,0,0,0,0.0,0,1.3,1.3,SEA,DeeJay Dallas,1.3
00-0036429,C.Woerner,Charlie Woerner,TE,SF,LA,4,2022,0,0,0.0,0,0,0.0,0,0,1,0.0,0,0.0,0.0,SF,Charlie Woerner,0.0
00-0036429,C.Woerner,Charlie Woerner,TE,SF,ATL,6,2022,0,0,0.0,0,0,0.0,0,0,1,0.0,0,0.0,0.0,SF,Charlie Woerner,0.0
00-0036438,S.Sullivan,Stephen Sullivan,TE,CAR,NYG,2,2022,0,0,0.0,0,0,0.0,0,1,1,13.0,0,1.3,2.3,CAR,Stephen Sullivan,1.3
00-0036438,S.Sullivan,Stephen Sullivan,TE,CAR,ATL,8,2022,0,0,0.0,0,0,0.0,0,1,2,33.0,0,3.3,4.3,CAR,Stephen Sullivan,3.3
00-0036438,S.Sullivan,Stephen Sullivan,TE,CAR,SEA,14,2022,0,0,0.0,0,0,0.0,0,0,1,0.0,0,0.0,0.0,CAR,Stephen Sullivan,0.0
00-0036438,S.Sullivan,Stephen Sullivan,TE,CAR,TB,17,2022,0,0,0.0,0,0,0.0,0,0,2,0.0,0,0.0,0.0,CAR,Stephen Sullivan,0.0
00-0036439,T.Cleveland,Tyrie Cleveland,WR,DEN,HOU,2,2022,0,0,0.0,0,0,0.0,0,2,3,28.0,0,2.8,4.8,DEN,Tyrie Cleveland,2.8
00-0036439,T.Cleveland,Tyrie Cleveland,WR,DEN,IND,5,2022,0,0,0.0,0,0,0.0,0,0,1,0.0,0,0.0,0.0,DEN,Tyrie Cleveland,0.0
00-0036439,T.Cleveland,Tyrie Cleveland,WR,DEN,TEN,10,2022,0,0,0.0,0,0,0.0,0,0,3,0.0,0,0.0,0.0,DEN,Tyrie Cleveland,0.0
00-0036442,J.Burrow,Joe Burrow,QB,CIN,PIT,1,2022,33,53,338.0,2,6,47.0,0,0,0,0.0,0,18.22,18.22,CIN,Joe Burrow,18.22
00-0036442,J.Burrow,Joe Burrow,QB,CIN,DAL,2,2022,24,36,199.0,1,4,26.0,0,0,0,0.0,0,16.56,16.56,CIN,Joe Burrow,16.56
00-0036442,J.Burrow,Joe Burrow,QB,CIN,NYJ,3,2022,23,36,275.0,3,5,0.0,0,0,0,0.0,0,23.0,23.0,CIN,Joe Burrow,23.0
00-0036442,J.Burrow,Joe Burrow,QB,CIN,MIA,4,2022,20,31,287.0,2,5,6.0,0,0,0,0.0,0,20.08,20.08,CIN,Joe Burrow,20.08
00-0036442,J.Burrow,Joe Burrow,QB,CIN,BAL,5,2022,24,35,217.0,1,3,6.0,1,0,0,0.0,0,17.28,17.28,CIN,Joe Burrow,17.28
00-0036442,J.Burrow,Joe Burrow,QB,CIN,NO,6,2022,28,37,300.0,3,4,25.0,1,0,0,0.0,0,32.5,32.5,CIN,Joe Burrow,32.5
00-0036442,J.Burrow,Joe Burrow,QB,CIN,ATL,7,2022,34,42,481.0,3,3,20.0,1,0,0,0.0,0,39.24,39.24,CIN,Joe Burrow,39.24
00-0036442,J.Burrow,Joe Burrow,QB,CIN,CLE,8,2022,25,35,232.0,2,1,2.0,0,0,0,0.0,0,13.48,13.48,CIN,Joe Burrow,13.48
00-0036442,J.Burrow,Joe Burrow,QB,CIN,CAR,9,2022,22,28,206.0,1,4,9.0,1,0,0,0.0,0,19.14,19.14,CIN,Joe Burrow,19.14
00-0036442,J.Burrow,Joe Burrow,QB,CIN,PIT,11,2022,24,39,355.0,4,4,5.0,0,0,0,0.0,0,26.7,26.7,CIN,Joe Burrow,26.7
00-0036442,J.Burrow,Joe Burrow,QB,CIN,TEN,12,2022,22,37,270.0,1,9,32.0,0,0,0,0.0,0,18.0,18.0,CIN,Joe Burrow,18.0
00-0036442,J.Burrow,Joe Burrow,QB,CIN,KC,13,2022,25,31,286.0,2,11,46.0,1,0,0,0.0,0,30.04,30.04,CIN,Joe Burrow,30.04
00-0036442,J.Burrow,Joe Burrow,QB,CIN,CLE,14,2022,18,33,239.0,2,6,10.0,0,0,0,0.0,0,16.56,16.56,CIN,Joe Burrow,16.56
00-0036442,J.Burrow,Joe Burrow,QB,CIN,TB,15,2022,27,39,200.0,4,3,8.0,0,0,0,0.0,0,24.8,24.8,CIN,Joe Burrow,24.8
00-0036442,J.Burrow,Joe Burrow,QB,CIN,NE,16,2022,40,52,375.0,3,4,5.0,0,0,0,0.0,0,23.5,23.5,CIN,Joe Burrow,23.5
00-0036442,J.Burrow,Joe Burrow,QB,CIN,BAL,18,2022,25,42,215.0,1,3,10.0,0,0,0,0.0,0,11.6,11.6,CIN,Joe Burrow,11.6
00-0036442,J.Burrow,Joe Burrow,QB,CIN,BAL,19,2022,23,32,209.0,1,5,9.0,1,0,0,0.0,0,21.26,21.26,CIN,Joe Burrow,21.26
00-0036442,J.Burrow,Joe Burrow,QB,CIN,BUF,20,2022,23,36,242.0,2,6,31.0,0,0,0,0.0,0,20.78,20.78,CIN,Joe Burrow,20.78
00-0036442,J.Burrow,Joe Burrow,QB,CIN,KC,21,2022,26,41,270.0,1,4,30.0,0,0,0,0.0,0,13.8,13.8,CIN,Joe Burrow,13.8
00-0036450,K.Vaughn,Ke'Shawn Vaughn,RB,TB,LA,9,2022,0,0,0.0,0,2,4.0,0,0,1,0.0,0,0.4,0.4,TB,Ke'Shawn Vaughn,0.4
00-0036450,K.Vaughn,Ke'Shawn Vaughn,RB,TB,SEA,10,2022,0,0,0.0,0,2,2.0,0,1,1,11.0,0,1.3,2.3,TB,Ke'Shawn Vaughn,1.3
00-0036450,K.Vaughn,Ke'Shawn Vaughn,RB,TB,CLE,12,2022,0,0,0.0,0,4,15.0,0,0,0,0.0,0,1.5,1.5,TB,Ke'Shawn Vaughn,1.5
00-0036450,K.Vaughn,Ke'Shawn Vaughn,RB,TB,ARI,16,2022,0,0,0.0,0,1,6.0,0,0,0,0.0,0,0.6,0.6,TB,Ke'Shawn Vaughn,0.6
00-0036450,K.Vaughn,Ke'Shawn Vaughn,RB,TB,ATL,18,2022,0,0,0.0,0,8,26.0,0,2,2,8.0,0,3.4,5.4,TB,Ke'Shawn Vaughn,3.4
00-0036457,T.Williams,Ty'Son Williams,RB,ARI,SF,18,2022,0,0,0.0,0,0,0.0,0,1,1,5.0,0,0.5,1.5,ARI,Ty'Son Williams,0.5
00-0036482,M.Strachan,Mike Strachan,WR,IND,HOU,1,2022,0,0,0.0,0,0,0.0,0,2,2,36.0,0,3.6,5.6,IND,Mike Strachan,3.6
00-0036482,M.Strachan,Mike Strachan,WR,IND,JAX,2,2022,0,0,0.0,0,0,0.0,0,1,3,23.0,0,2.3,3.3,IND,Mike Strachan,2.3
00-0036482,M.Strachan,Mike Strachan,WR,IND,TEN,4,2022,0,0,0.0,0,0,0.0,0,0,1,0.0,0,0.0,0.0,IND,Mike Strachan,0.0
00-0036482,M.Strachan,Mike Strachan,WR,IND,JAX,6,2022,0,0,0.0,0,0,0.0,0,0,2,0.0,0,0.0,0.0,IND,Mike Strachan,0.0
00-0036482,M.Strachan,Mike Strachan,WR,IND,NYG,17,2022,0,0,0.0,0,0,0.0,0,0,1,0.0,0,0.0,0.0,IND,Mike Strachan,0.0
00-0036493,D.Jackson,Deon Jackson,RB,IND,JAX,2,2022,0,0,0.0,0,2,-3.0,0,0,0,0.0,0,-0.3,-0.3,IND,Deon Jackson,-0.3
00-0036493,D.Jackson,Deon Jackson,RB,IND,DEN,5,2022,0,0,0.0,0,13,62.0,0,4,4,29.0,0,9.1,13.1,IND,Deon Jackson,9.1
00-0036493,D.Jackson,Deon Jackson,RB,IND,JAX,6,2022,0,0,0.0,0,12,42.0,1,10,10,79.0,0,18.1,28.1,IND,Deon Jackson,18.1
00-0036493,D.Jackson,Deon Jackson,RB,IND,TEN,7,2022,0,0,0.0,0,2,3.0,0,0,0,0.0,0,0.3,0.3,IND,Deon Jackson,0.3
00-0036493,D.Jackson,Deon Jackson,RB,IND,WAS,8,2022,0,0,0.0,0,1,-4.0,0,0,0,0.0,0,-0.4,-0.4,IND,Deon Jackson,-0.4
00-0036493,D.Jackson,Deon Jackson,RB,IND,NE,9,2022,0,0,0.0,0,11,23.0,0,2,3,13.0,0,3.6,5.6,IND,Deon Jackson,3.6
00-0036493,D.Jackson,Deon Jackson,RB,IND,PHI,11,2022,0,0,0.0,0,1,7.0,0,4,4,3.0,0,1.0,5.0,IND,Deon Jackson,1.0
00-0036493,D.Jackson,Deon Jackson,RB,IND,DAL,13,2022,0,0,0.0,0,2,6.0,0,0,1,0.0,0,0.6,0.6,IND,Deon Jackson,0.6
00-0036493,D.Jackson,Deon Jackson,RB,IND,MIN,15,2022,0,0,0.0,0,13,55.0,0,1,1,1.0,1,9.6,10.6,IND,Deon Jackson,9.6
00-0036493,D.Jackson,Deon Jackson,RB,IND,LAC,16,2022,0,0,0.0,0,0,0.0,0,3,3,9.0,0,0.9,3.9,IND,Deon Jackson,0.9
00-0036493,D.Jackson,Deon Jackson,RB,IND,NYG,17,2022,0,0,0.0,0,3,10.0,0,0,0,0.0,0,1.0,1.0,IND,Deon Jackson,1.0
00-0036493,D.Jackson,Deon Jackson,RB,IND,HOU,18,2022,0,0,0.0,0,8,35.0,0,6,8,75.0,0,11.0,17.0,IND,Deon Jackson,11.0
00-0036497,T.Jones,Tim Jones,WR,JAX,PHI,4,2022,0,0,0.0,0,0,0.0,0,0,1,0.0,0,0.0,0.0,JAX,Tim Jones,0.0
00-0036497,T.Jones,Tim Jones,WR,JAX,IND,6,2022,0,0,0.0,0,0,0.0,0,1,1,20.0,0,2.0,3.0,JAX,Tim Jones,2.0
00-0036497,T.Jones,Tim Jones,WR,JAX,NYG,7,2022,0,0,0.0,0,0,0.0,0,1,1,7.0,0,0.7,1.7,JAX,Tim Jones,0.7
00-0036497,T.Jones,Tim Jones,WR,JAX,DET,13,2022,0,0,0.0,0,0,0.0,0,1,1,3.0,0,0.3,1.3,JAX,Tim Jones,0.3
00-0036527,D.Turner,D.J. Turner,WR,LV,HOU,7,2022,0,0,0.0,0,3,20.0,0,0,0,0.0,0,2.0,2.0,LV,D.J. Turner,2.0
00-0036527,D.Turner,D.J. Turner,WR,LV,LA,14,2022,0,0,0.0,0,1,6.0,0,0,1,0.0,0,0.6,0.6,LV,D.J. Turner,0.6
00-0036534,S.Zylstra,Shane Zylstra,TE,DET,GB,9,2022,0,0,0.0,0,0,0.0,0,1,1,1.0,1,6.1,7.1,DET,Shane Zylstra,6.1
00-0036534,S.Zylstra,Shane Zylstra,TE,DET,CHI,10,2022,0,0,0.0,0,0,0.0,0,0,1,0.0,0,0.0,0.0,DET,Shane Zylstra,0.0
00-0036534,S.Zylstra,Shane Zylstra,TE,DET,JAX,13,2022,0,0,0.0,0,0,0.0,0,1,1,4.0,0,0.4,1.4,DET,Shane Zylstra,0.4
00-0036534,S.Zylstra,Shane Zylstra,TE,DET,MIN,14,2022,0,0,0.0,0,0,0.0,0,2,2,18.0,0,1.8,3.8,DET,Shane Zylstra,1.8
00-0036534,S.Zylstra,Shane Zylstra,TE,DET,NYJ,15,2022,0,0,0.0,0,0,0.0,0,1,1,4.0,0,0.4,1.4,DET,Shane Zylstra,0.4
00-0036534,S.Zylstra,Shane Zylstra,TE,DET,CAR,16,2022,0,0,0.0,0,0,0.0,0,5,6,26.0,3,20.6,25.6,DET,Shane Zylstra,20.6
00-0036534,S.Zylstra,Shane Zylstra,TE,DET,CHI,17,2022,0,0,0.0,0,0,0.0,0,1,2,7.0,0,0.7,1.7,DET,Shane Zylstra,0.7
00-0036534,S.Zylstra,Shane Zylstra,TE,DET,GB,18,2022,0,0,0.0,0,0,0.0,0,0,1,0.0,0,0.0,0.0,DET,Shane Zylstra,0.0
00-0036543,S.Brown,Spencer Brown,RB,CAR,ATL,8,2022,0,0,0.0,0,6,27.0,0,0,1,0.0,0,2.7,2.7,CAR,Spencer Brown,2.7
00-0036543,S.Brown,Spencer Brown,RB,CAR,CIN,9,2022,0,0,0.0,0,3,16.0,0,2,3,10.0,0,2.6,4.6,CAR,Spencer Brown,2.6
00-0036550,R.Bateman,Rashod Bateman,WR,BAL,NYJ,1,2022,0,0,0.0,0,0,0.0,0,2,5,59.0,1,11.9,13.9,BAL,Rashod Bateman,11.9
00-0036550,R.Bateman,Rashod Bateman,WR,BAL,MIA,2,2022,0,0,0.0,0,0,0.0,0,4,7,108.0,1,16.8,20.8,BAL,Rashod Bateman,16.8
00-0036550,R.Bateman,Rashod Bateman,WR,BAL,NE,3,2022,0,0,0.0,0,0,0.0,0,2,4,59.0,0,3.9,5.9,BAL,Rashod Bateman,3.9
00-0036550,R.Bateman,Rashod Bateman,WR,BAL,BUF,4,2022,0,0,0.0,0,0,0.0,0,3,6,17.0,0,1.7,4.7,BAL,Rashod Bateman,1.7
00-0036550,R.Bateman,Rashod Bateman,WR,BAL,CLE,7,2022,0,0,0.0,0,0,0.0,0,4,5,42.0,0,4.2,8.2,BAL,Rashod Bateman,4.2
00-0036550,R.Bateman,Rashod Bateman,WR,BAL,TB,8,2022,0,0,0.0,0,0,0.0,0,0,1,0.0,0,0.0,0.0,BAL,Rashod Bateman,0.0
00-0036554,N.Collins,Nico Collins,WR,HOU,IND,1,2022,0,0,0.0,0,0,0.0,0,2,3,26.0,0,2.6,4.6,HOU,Nico Collins,2.6
00-0036554,N.Collins,Nico Collins,WR,HOU,DEN,2,2022,0,0,0.0,0,0,0.0,0,4,9,58.0,0,5.8,9.8,HOU,Nico Collins,5.8
00-0036554,N.Collins,Nico Collins,WR,HOU,CHI,3,2022,0,0,0.0,0,0,0.0,0,2,4,41.0,0,4.1,6.1,HOU,Nico Collins,4.1
00-0036554,N.Collins,Nico Collins,WR,HOU,LAC,4,2022,0,0,0.0,0,0,0.0,0,3,5,82.0,0,8.2,11.2,HOU,Nico Collins,8.2
00-0036554,N.Collins,Nico Collins,WR,HOU,JAX,5,2022,0,0,0.0,0,0,0.0,0,4,6,65.0,0,6.5,10.5,HOU,Nico Collins,6.5
00-0036554,N.Collins,Nico Collins,WR,HOU,LV,7,2022,0,0,0.0,0,0,0.0,0,3,3,33.0,0,3.3,6.3,HOU,Nico Collins,3.3
00-0036554,N.Collins,Nico Collins,WR,HOU,NYG,10,2022,0,0,0.0,0,0,0.0,0,5,10,49.0,1,10.9,15.9,HOU,Nico Collins,10.9
00-0036554,N.Collins,Nico Collins,WR,HOU,WAS,11,2022,0,0,0.0,0,0,0.0,0,5,7,48.0,0,4.8,9.8,HOU,Nico Collins,4.8
00-0036554,N.Collins,Nico Collins,WR,HOU,MIA,12,2022,0,0,0.0,0,0,0.0,0,6,9,44.0,0,4.4,10.4,HOU,Nico Collins,4.4
00-0036554,N.Collins,Nico Collins,WR,HOU,CLE,13,2022,0,0,0.0,0,0,0.0,0,3,10,35.0,1,9.5,12.5,HOU,Nico Collins,9.5
00-0036555,C.Hubbard,Chuba Hubbard,RB,CAR,CLE,1,2022,0,0,0.0,0,1,3.0,0,0,0,0.0,0,0.3,0.3,CAR,Chuba Hubbard,0.3
00-0036555,C.Hubbard,Chuba Hubbard,RB,CAR,NO,3,2022,0,0,0.0,0,3,25.0,0,0,0,0.0,0,2.5,2.5,CAR,Chuba Hubbard,2.5
00-0036555,C.Hubbard,Chuba Hubbard,RB,CAR,LA,6,2022,0,0,0.0,0,2,6.0,0,1,1,1.0,0,0.7,1.7,CAR,Chuba Hubbard,0.7
00-0036555,C.Hubbard,Chuba Hubbard,RB,CAR,TB,7,2022,0,0,0.0,0,9,63.0,1,2,3,10.0,0,13.3,15.3,CAR,Chuba Hubbard,13.3
00-0036555,C.Hubbard,Chuba Hubbard,RB,CAR,ATL,10,2022,0,0,0.0,0,5,14.0,0,0,0,0.0,0,1.4,1.4,CAR,Chuba Hubbard,1.4
00-0036555,C.Hubbard,Chuba Hubbard,RB,CAR,BAL,11,2022,0,0,0.0,0,4,0.0,0,2,3,25.0,0,2.5,4.5,CAR,Chuba Hubbard,2.5
00-0036555,C.Hubbard,Chuba Hubbard,RB,CAR,DEN,12,2022,0,0,0.0,0,17,65.0,0,0,0,0.0,0,6.5,6.5,CAR,Chuba Hubbard,6.5
00-0036555,C.Hubbard,Chuba Hubbard,RB,CAR,SEA,14,2022,0,0,0.0,0,14,74.0,1,3,3,25.0,0,15.9,18.9,CAR,Chuba Hubbard,15.9
00-0036555,C.Hubbard,Chuba Hubbard,RB,CAR,PIT,15,2022,0,0,0.0,0,4,10.0,0,3,3,57.0,0,6.7,9.7,CAR,Chuba Hubbard,6.7
00-0036555,C.Hubbard,Chuba Hubbard,RB,CAR,DET,16,2022,0,0,0.0,0,12,125.0,0,0,0,0.0,0,12.5,12.5,CAR,Chuba Hubbard,12.5
00-0036555,C.Hubbard,Chuba Hubbard,RB,CAR,TB,17,2022,0,0,0.0,0,3,12.0,0,3,3,53.0,0,6.5,9.5,CAR,Chuba Hubbard,6.5
00-0036555,C.Hubbard,Chuba Hubbard,RB,CAR,NO,18,2022,0,0,0.0,0,21,69.0,0,0,1,0.0,0,6.9,6.9,CAR,Chuba Hubbard,6.9
00-0036556,B.Jordan,Brevin Jordan,TE,HOU,IND,1,2022,0,0,0.0,0,0,0.0,0,1,2,5.0,0,0.5,1.5,HOU,Brevin Jordan,0.5
00-0036556,B.Jordan,Brevin Jordan,TE,HOU,DEN,2,2022,0,0,0.0,0,0,0.0,0,2,4,3.0,0,0.3,2.3,HOU,Brevin Jordan,0.3
00-0036556,B.Jordan,Brevin Jordan,TE,HOU,LV,7,2022,0,0,0.0,0,0,0.0,0,0,4,0.0,0,0.0,0.0,HOU,Brevin Jordan,0.0
00-0036556,B.Jordan,Brevin Jordan,TE,HOU,TEN,8,2022,0,0,0.0,0,0,0.0,0,2,5,19.0,0,1.9,3.9,HOU,Brevin Jordan,1.9
00-0036556,B.Jordan,Brevin Jordan,TE,HOU,PHI,9,2022,0,0,0.0,0,0,0.0,0,1,2,5.0,0,0.5,1.5,HOU,Brevin Jordan,0.5
00-0036556,B.Jordan,Brevin Jordan,TE,HOU,CLE,13,2022,0,0,0.0,0,0,0.0,0,4,5,46.0,0,4.6,8.6,HOU,Brevin Jordan,4.6
00-0036556,B.Jordan,Brevin Jordan,TE,HOU,KC,15,2022,0,0,0.0,0,0,0.0,0,1,1,9.0,0,0.9,1.9,HOU,Brevin Jordan,0.9
00-0036556,B.Jordan,Brevin Jordan,TE,HOU,TEN,16,2022,0,0,0.0,0,0,0.0,0,2,2,21.0,0,2.1,4.1,HOU,Brevin Jordan,2.1
00-0036556,B.Jordan,Brevin Jordan,TE,HOU,JAX,17,2022,0,0,0.0,0,0,0.0,0,1,3,20.0,0,2.0,3.0,HOU,Brevin Jordan,2.0
00-0036567,E.Mitchell,Elijah Mitchell,RB,SF,CHI,1,2022,0,0,0.0,0,6,41.0,0,0,0,0.0,0,4.1,4.1,SF,Elijah Mitchell,4.1
00-0036567,E.Mitchell,Elijah Mitchell,RB,SF,LAC,10,2022,0,0,0.0,0,18,89.0,0,1,2,-1.0,0,8.8,9.8,SF,Elijah Mitchell,8.8
00-0036567,E.Mitchell,Elijah Mitchell,RB,SF,ARI,11,2022,0,0,0.0,0,9,59.0,0,0,0,0.0,0,5.9,5.9,SF,Elijah Mitchell,5.9
00-0036567,E.Mitchell,Elijah Mitchell,RB,SF,NO,12,2022,0,0,0.0,0,7,35.0,0,2,2,8.0,0,4.3,6.3,SF,Elijah Mitchell,4.3
00-0036567,E.Mitchell,Elijah Mitchell,RB,SF,ARI,18,2022,0,0,0.0,0,5,55.0,2,0,0,0.0,0,17.5,17.5,SF,Elijah Mitchell,17.5
00-0036567,E.Mitchell,Elijah Mitchell,RB,SF,SEA,19,2022,0,0,0.0,0,9,2.0,0,2,3,25.0,1,8.7,10.7,SF,Elijah Mitchell,8.7
00-0036567,E.Mitchell,Elijah Mitchell,RB,SF,DAL,20,2022,0,0,0.0,0,14,51.0,0,0,0,0.0,0,5.1,5.1,SF,Elijah Mitchell,5.1
00-0036569,G.Brightwell,Gary Brightwell,RB,NYG,CAR,2,2022,0,0,0.0,0,1,14.0,0,0,0,0.0,0,1.4,1.4,NYG,Gary Brightwell,1.4
00-0036569,G.Brightwell,Gary Brightwell,RB,NYG,CHI,4,2022,0,0,0.0,0,1,0.0,0,0,0,0.0,0,0.0,0.0,NYG,Gary Brightwell,0.0
00-0036569,G.Brightwell,Gary Brightwell,RB,NYG,GB,5,2022,0,0,0.0,0,2,5.0,1,0,0,0.0,0,6.5,6.5,NYG,Gary Brightwell,6.5
00-0036569,G.Brightwell,Gary Brightwell,RB,NYG,DAL,12,2022,0,0,0.0,0,5,31.0,0,2,2,18.0,0,4.9,6.9,NYG,Gary Brightwell,4.9
00-0036569,G.Brightwell,Gary Brightwell,RB,NYG,PHI,14,2022,0,0,0.0,0,5,23.0,0,2,3,18.0,0,4.1,6.1,NYG,Gary Brightwell,4.1
00-0036569,G.Brightwell,Gary Brightwell,RB,NYG,MIN,16,2022,0,0,0.0,0,1,-1.0,0,0,0,0.0,0,-0.1,-0.1,NYG,Gary Brightwell,-0.1
00-0036569,G.Brightwell,Gary Brightwell,RB,NYG,IND,17,2022,0,0,0.0,0,5,9.0,0,0,0,0.0,0,0.9,0.9,NYG,Gary Brightwell,0.9
00-0036569,G.Brightwell,Gary Brightwell,RB,NYG,PHI,18,2022,0,0,0.0,0,11,60.0,0,1,3,3.0,0,6.3,7.3,NYG,Gary Brightwell,6.3
00-0036569,G.Brightwell,Gary Brightwell,RB,NYG,PHI,20,2022,0,0,0.0,0,1,10.0,0,0,0,0.0,0,1.0,1.0,NYG,Gary Brightwell,1.0
00-0036572,S.Smith,Shi Smith,WR,CAR,CLE,1,2022,0,0,0.0,0,0,0.0,0,1,3,12.0,0,1.2,2.2,CAR,Shi Smith,1.2
00-0036572,S.Smith,Shi Smith,WR,CAR,NYG,2,2022,0,0,0.0,0,0,0.0,0,1,6,2.0,0,0.2,1.2,CAR,Shi Smith,0.2
00-0036572,S.Smith,Shi Smith,WR,CAR,NO,3,2022,0,0,0.0,0,0,0.0,0,2,2,22.0,0,2.2,4.2,CAR,Shi Smith,2.2
00-0036572,S.Smith,Shi Smith,WR,CAR,ARI,4,2022,0,0,0.0,0,0,0.0,0,0,2,0.0,0,0.0,0.0,CAR,Shi Smith,0.0
00-0036572,S.Smith,Shi Smith,WR,CAR,SF,5,2022,0,0,0.0,0,0,0.0,0,4,5,69.0,0,6.9,10.9,CAR,Shi Smith,6.9
00-0036572,S.Smith,Shi Smith,WR,CAR,LA,6,2022,0,0,0.0,0,0,0.0,0,0,2,0.0,0,0.0,0.0,CAR,Shi Smith,0.0
00-0036572,S.Smith,Shi Smith,WR,CAR,ATL,8,2022,0,0,0.0,0,0,0.0,0,0,1,0.0,0,0.0,0.0,CAR,Shi Smith,0.0
00-0036572,S.Smith,Shi Smith,WR,CAR,CIN,9,2022,0,0,0.0,0,0,0.0,0,1,2,20.0,0,2.0,3.0,CAR,Shi Smith,2.0
00-0036572,S.Smith,Shi Smith,WR,CAR,ATL,10,2022,0,0,0.0,0,0,0.0,0,1,1,17.0,0,1.7,2.7,CAR,Shi Smith,1.7
00-0036572,S.Smith,Shi Smith,WR,CAR,BAL,11,2022,0,0,0.0,0,0,0.0,0,4,5,26.0,0,0.6,4.6,CAR,Shi Smith,0.6
00-0036572,S.Smith,Shi Smith,WR,CAR,SEA,14,2022,0,0,0.0,0,0,0.0,0,2,2,17.0,1,7.7,9.7,CAR,Shi Smith,7.7
00-0036572,S.Smith,Shi Smith,WR,CAR,PIT,15,2022,0,0,0.0,0,0,0.0,0,1,3,24.0,0,2.4,3.4,CAR,Shi Smith,2.4
00-0036572,S.Smith,Shi Smith,WR,CAR,DET,16,2022,0,0,0.0,0,0,0.0,0,1,2,17.0,0,1.7,2.7,CAR,Shi Smith,1.7
00-0036572,S.Smith,Shi Smith,WR,CAR,TB,17,2022,0,0,0.0,0,0,0.0,0,4,4,70.0,1,13.0,17.0,CAR,Shi Smith,13.0
00-0036572,S.Smith,Shi Smith,WR,CAR,NO,18,2022,0,0,0.0,0,0,0.0,0,0,1,0.0,0,0.0,0.0,CAR,Shi Smith,0.0
00-0036590,Q.Morris,Quintin Morris,TE,BUF,TEN,2,2022,0,0,0.0,0,0,0.0,0,1,1,6.0,0,0.6,1.6,BUF,Quintin Morris,0.6
00-0036590,Q.Morris,Quintin Morris,TE,BUF,MIA,3,2022,0,0,0.0,0,0,0.0,0,2,2,22.0,0,2.2,4.2,BUF,Quintin Morris,2.2
00-0036590,Q.Morris,Quintin Morris,TE,BUF,BAL,4,2022,0,0,0.0,0,0,0.0,0,0,1,0.0,0,0.0,0.0,BUF,Quintin Morris,0.0
00-0036590,Q.Morris,Quintin Morris,TE,BUF,PIT,5,2022,0,0,0.0,0,0,0.0,0,3,5,39.0,0,1.9,4.9,BUF,Quintin Morris,1.9
00-0036590,Q.Morris,Quintin Morris,TE,BUF,DET,12,2022,0,0,0.0,0,0,0.0,0,1,1,3.0,0,0.3,1.3,BUF,Quintin Morris,0.3
00-0036590,Q.Morris,Quintin Morris,TE,BUF,MIA,15,2022,0,0,0.0,0,0,0.0,0,1,1,14.0,1,7.4,8.4,BUF,Quintin Morris,7.4
00-0036590,Q.Morris,Quintin Morris,TE,BUF,MIA,19,2022,0,0,0.0,0,0,0.0,0,1,1,12.0,0,1.2,2.2,BUF,Quintin Morris,1.2
00-0036590,Q.Morris,Quintin Morris,TE,BUF,CIN,20,2022,0,0,0.0,0,0,0.0,0,1,2,6.0,0,0.6,1.6,BUF,Quintin Morris,0.6
00-0036613,J.Waddle,Jaylen Waddle,WR,MIA,NE,1,2022,0,0,0.0,0,1,8.0,0,4,5,69.0,1,13.7,17.7,MIA,Jaylen Waddle,13.7
00-0036613,J.Waddle,Jaylen Waddle,WR,MIA,BAL,2,2022,0,0,0.0,0,0,0.0,0,11,19,171.0,2,29.1,40.1,MIA,Jaylen Waddle,29.1
00-0036613,J.Waddle,Jaylen Waddle,WR,MIA,BUF,3,2022,0,0,0.0,0,1,9.0,0,4,6,102.0,0,11.1,15.1,MIA,Jaylen Waddle,11.1
00-0036613,J.Waddle,Jaylen Waddle,WR,MIA,CIN,4,2022,0,0,0.0,0,0,0.0,0,2,5,39.0,0,3.9,5.9,MIA,Jaylen Waddle,3.9
00-0036613,J.Waddle,Jaylen Waddle,WR,MIA,NYJ,5,2022,0,0,0.0,0,0,0.0,0,3,4,23.0,0,2.3,5.3,MIA,Jaylen Waddle,2.3
00-0036613,J.Waddle,Jaylen Waddle,WR,MIA,MIN,6,2022,0,0,0.0,0,0,0.0,0,6,10,129.0,0,10.9,16.9,MIA,Jaylen Waddle,10.9
00-0036613,J.Waddle,Jaylen Waddle,WR,MIA,PIT,7,2022,0,0,0.0,0,0,0.0,0,4,5,88.0,0,8.8,12.8,MIA,Jaylen Waddle,8.8
00-0036613,J.Waddle,Jaylen Waddle,WR,MIA,DET,8,2022,0,0,0.0,0,0,0.0,0,8,9,106.0,2,22.6,30.6,MIA,Jaylen Waddle,22.6
00-0036613,J.Waddle,Jaylen Waddle,WR,MIA,CHI,9,2022,0,0,0.0,0,0,0.0,0,5,7,85.0,1,14.5,19.5,MIA,Jaylen Waddle,14.5
00-0036613,J.Waddle,Jaylen Waddle,WR,MIA,CLE,10,2022,0,0,0.0,0,0,0.0,0,4,5,66.0,0,6.6,10.6,MIA,Jaylen Waddle,6.6
00-0036613,J.Waddle,Jaylen Waddle,WR,MIA,HOU,12,2022,0,0,0.0,0,0,0.0,0,5,10,85.0,0,8.5,13.5,MIA,Jaylen Waddle,8.5
00-0036613,J.Waddle,Jaylen Waddle,WR,MIA,SF,13,2022,0,0,0.0,0,0,0.0,0,1,5,9.0,0,0.9,1.9,MIA,Jaylen Waddle,0.9
00-0036613,J.Waddle,Jaylen Waddle,WR,MIA,LAC,14,2022,0,0,0.0,0,0,0.0,0,2,4,31.0,0,3.1,5.1,MIA,Jaylen Waddle,3.1
00-0036613,J.Waddle,Jaylen Waddle,WR,MIA,BUF,15,2022,0,0,0.0,0,0,0.0,0,3,7,114.0,1,17.4,20.4,MIA,Jaylen Waddle,17.4
00-0036613,J.Waddle,Jaylen Waddle,WR,MIA,GB,16,2022,0,0,0.0,0,0,0.0,0,5,6,143.0,1,20.3,25.3,MIA,Jaylen Waddle,20.3
00-0036613,J.Waddle,Jaylen Waddle,WR,MIA,NE,17,2022,0,0,0.0,0,0,0.0,0,3,5,52.0,0,5.2,8.2,MIA,Jaylen Waddle,5.2
00-0036613,J.Waddle,Jaylen Waddle,WR,MIA,NYJ,18,2022,0,0,0.0,0,1,9.0,0,5,5,44.0,0,5.3,10.3,MIA,Jaylen Waddle,5.3
00-0036613,J.Waddle,Jaylen Waddle,WR,MIA,BUF,19,2022,0,0,0.0,0,1,8.0,0,3,7,44.0,0,5.2,8.2,MIA,Jaylen Waddle,5.2
00-0036620,D.Eskridge,D'Wayne Eskridge,WR,SEA,DEN,1,2022,0,0,0.0,0,0,0.0,0,1,2,0.0,0,0.0,1.0,SEA,D'Wayne Eskridge,0.0
00-0036620,D.Eskridge,D'Wayne Eskridge,WR,SEA,SF,2,2022,0,0,0.0,0,0,0.0,0,1,1,6.0,0,0.6,1.6,SEA,D'Wayne Eskridge,0.6
00-0036620,D.Eskridge,D'Wayne Eskridge,WR,SEA,DET,4,2022,0,0,0.0,0,1,6.0,0,1,1,10.0,0,1.6,2.6,SEA,D'Wayne Eskridge,1.6
00-0036620,D.Eskridge,D'Wayne Eskridge,WR,SEA,NO,5,2022,0,0,0.0,0,0,0.0,0,0,1,0.0,0,0.0,0.0,SEA,D'Wayne Eskridge,0.0
00-0036620,D.Eskridge,D'Wayne Eskridge,WR,SEA,ARI,6,2022,0,0,0.0,0,0,0.0,0,3,3,39.0,0,3.9,6.9,SEA,D'Wayne Eskridge,3.9
00-0036620,D.Eskridge,D'Wayne Eskridge,WR,SEA,LAC,7,2022,0,0,0.0,0,1,4.0,0,0,1,0.0,0,0.4,0.4,SEA,D'Wayne Eskridge,0.4
00-0036620,D.Eskridge,D'Wayne Eskridge,WR,SEA,NYG,8,2022,0,0,0.0,0,0,0.0,0,1,2,3.0,0,0.3,1.3,SEA,D'Wayne Eskridge,0.3
00-0036620,D.Eskridge,D'Wayne Eskridge,WR,SEA,ARI,9,2022,0,0,0.0,0,0,0.0,0,0,2,0.0,0,0.0,0.0,SEA,D'Wayne Eskridge,0.0
00-0036626,D.Brown,Dyami Brown,WR,WAS,DAL,4,2022,0,0,0.0,0,0,0.0,0,1,4,6.0,0,0.6,1.6,WAS,Dyami Brown,0.6
00-0036626,D.Brown,Dyami Brown,WR,WAS,TEN,5,2022,0,0,0.0,0,0,0.0,0,2,4,105.0,2,22.5,24.5,WAS,Dyami Brown,22.5
00-0036626,D.Brown,Dyami Brown,WR,WAS,CHI,6,2022,0,0,0.0,0,0,0.0,0,0,1,0.0,0,0.0,0.0,WAS,Dyami Brown,0.0
00-0036626,D.Brown,Dyami Brown,WR,WAS,MIN,9,2022,0,0,0.0,0,0,0.0,0,0,1,0.0,0,0.0,0.0,WAS,Dyami Brown,0.0
00-0036626,D.Brown,Dyami Brown,WR,WAS,PHI,10,2022,0,0,0.0,0,0,0.0,0,1,1,15.0,0,1.5,2.5,WAS,Dyami Brown,1.5
00-0036626,D.Brown,Dyami Brown,WR,WAS,ATL,12,2022,0,0,0.0,0,0,0.0,0,1,1,17.0,0,1.7,2.7,WAS,Dyami Brown,1.7
00-0036626,D.Brown,Dyami Brown,WR,WAS,NYG,15,2022,0,0,0.0,0,1,15.0,0,0,2,0.0,0,1.5,1.5,WAS,Dyami Brown,1.5
00-0036628,J.Bates,John Bates,TE,WAS,JAX,1,2022,0,0,0.0,0,0,0.0,0,0,1,0.0,0,0.0,0.0,WAS,John Bates,0.0
00-0036628,J.Bates,John Bates,TE,WAS,DET,2,2022,0,0,0.0,0,0,0.0,0,2,3,15.0,0,1.5,3.5,WAS,John Bates,1.5
00-0036628,J.Bates,John Bates,TE,WAS,PHI,3,2022,0,0,0.0,0,0,0.0,0,0,1,0.0,0,0.0,0.0,WAS,John Bates,0.0
00-0036628,J.Bates,John Bates,TE,WAS,DAL,4,2022,0,0,0.0,0,0,0.0,0,4,6,19.0,0,1.9,5.9,WAS,John Bates,1.9
00-0036628,J.Bates,John Bates,TE,WAS,TEN,5,2022,0,0,0.0,0,0,0.0,0,3,3,39.0,0,3.9,6.9,WAS,John Bates,3.9
00-0036628,J.Bates,John Bates,TE,WAS,IND,8,2022,0,0,0.0,0,0,0.0,0,1,1,6.0,0,0.6,1.6,WAS,John Bates,0.6
00-0036628,J.Bates,John Bates,TE,WAS,MIN,9,2022,0,0,0.0,0,0,0.0,0,1,2,5.0,0,0.5,1.5,WAS,John Bates,0.5
00-0036628,J.Bates,John Bates,TE,WAS,HOU,11,2022,0,0,0.0,0,0,0.0,0,0,1,0.0,0,0.0,0.0,WAS,John Bates,0.0
00-0036628,J.Bates,John Bates,TE,WAS,ATL,12,2022,0,0,0.0,0,0,0.0,0,3,4,24.0,1,8.4,11.4,WAS,John Bates,8.4
00-0036630,T.Wallace,Tylan Wallace,WR,BAL,NYJ,1,2022,0,0,0.0,0,0,0.0,0,0,1,0.0,0,0.0,0.0,BAL,Tylan Wallace,0.0
00-0036630,T.Wallace,Tylan Wallace,WR,BAL,MIA,2,2022,0,0,0.0,0,0,0.0,0,1,2,9.0,0,0.9,1.9,BAL,Tylan Wallace,0.9
00-0036630,T.Wallace,Tylan Wallace,WR,BAL,CIN,5,2022,0,0,0.0,0,0,0.0,0,1,2,8.0,0,0.8,1.8,BAL,Tylan Wallace,0.8
00-0036630,T.Wallace,Tylan Wallace,WR,BAL,NYG,6,2022,0,0,0.0,0,0,0.0,0,1,1,4.0,0,0.4,1.4,BAL,Tylan Wallace,0.4
00-0036630,T.Wallace,Tylan Wallace,WR,BAL,CIN,18,2022,0,0,0.0,0,0,0.0,0,1,1,12.0,0,1.2,2.2,BAL,Tylan Wallace,1.2
00-0036635,I.Smith-Marsette,Ihmir Smith-Marsette,WR,CHI,NYG,4,2022,0,0,0.0,0,0,0.0,0,0,1,0.0,0,0.0,0.0,CHI,Ihmir Smith-Marsette,0.0
00-0036635,I.Smith-Marsette,Ihmir Smith-Marsette,WR,CHI,MIN,5,2022,0,0,0.0,0,0,0.0,0,1,2,15.0,0,-0.5,0.5,CHI,Ihmir Smith-Marsette,-0.5
00-0036635,I.Smith-Marsette,Ihmir Smith-Marsette,WR,CHI,WAS,6,2022,0,0,0.0,0,1,-1.0,0,0,1,0.0,0,-0.1,-0.1,CHI,Ihmir Smith-Marsette,-0.1
00-0036637,N.Gray,Noah Gray,TE,KC,ARI,1,2022,0,0,0.0,0,0,0.0,0,1,2,10.0,0,1.0,2.0,KC,Noah Gray,1.0
00-0036637,N.Gray,Noah Gray,TE,KC,LAC,2,2022,0,0,0.0,0,0,0.0,0,2,3,12.0,0,1.2,3.2,KC,Noah Gray,1.2
00-0036637,N.Gray,Noah Gray,TE,KC,IND,3,2022,0,0,0.0,0,0,0.0,0,1,2,26.0,0,2.6,3.6,KC,Noah Gray,2.6
00-0036637,N.Gray,Noah Gray,TE,KC,TB,4,2022,0,0,0.0,0,1,1.0,1,0,1,0.0,0,6.1,6.1,KC,Noah Gray,6.1
00-0036637,N.Gray,Noah Gray,TE,KC,LV,5,2022,0,0,0.0,0,0,0.0,0,1,2,7.0,0,0.7,1.7,KC,Noah Gray,0.7
00-0036637,N.Gray,Noah Gray,TE,KC,BUF,6,2022,0,0,0.0,0,0,0.0,0,3,3,13.0,0,1.3,4.3,KC,Noah Gray,1.3
00-0036637,N.Gray,Noah Gray,TE,KC,SF,7,2022,0,0,0.0,0,0,0.0,0,1,1,10.0,0,1.0,2.0,KC,Noah Gray,1.0
00-0036637,N.Gray,Noah Gray,TE,KC,TEN,9,2022,0,0,0.0,0,0,0.0,0,3,3,45.0,0,4.5,7.5,KC,Noah Gray,4.5
00-0036637,N.Gray,Noah Gray,TE,KC,JAX,10,2022,0,0,0.0,0,0,0.0,0,2,2,20.0,1,8.0,10.0,KC,Noah Gray,8.0
00-0036637,N.Gray,Noah Gray,TE,KC,LAC,11,2022,0,0,0.0,0,0,0.0,0,2,3,15.0,0,1.5,3.5,KC,Noah Gray,1.5
00-0036637,N.Gray,Noah Gray,TE,KC,LA,12,2022,0,0,0.0,0,0,0.0,0,2,2,16.0,0,1.6,3.6,KC,Noah Gray,1.6
00-0036637,N.Gray,Noah Gray,TE,KC,CIN,13,2022,0,0,0.0,0,0,0.0,0,1,1,15.0,0,1.5,2.5,KC,Noah Gray,1.5
00-0036637,N.Gray,Noah Gray,TE,KC,DEN,14,2022,0,0,0.0,0,0,0.0,0,3,3,45.0,0,4.5,7.5,KC,Noah Gray,4.5
00-0036637,N.Gray,Noah Gray,TE,KC,HOU,15,2022,0,0,0.0,0,0,0.0,0,3,3,31.0,0,3.1,6.1,KC,Noah Gray,3.1
00-0036637,N.Gray,Noah Gray,TE,KC,SEA,16,2022,0,0,0.0,0,0,0.0,0,1,1,8.0,0,0.8,1.8,KC,Noah Gray,0.8
00-0036637,N.Gray,Noah Gray,TE,KC,DEN,17,2022,0,0,0.0,0,0,0.0,0,1,1,12.0,0,1.2,2.2,KC,Noah Gray,1.2
00-0036637,N.Gray,Noah Gray,TE,KC,LV,18,2022,0,0,0.0,0,0,0.0,0,1,1,14.0,0,1.4,2.4,KC,Noah Gray,1.4
00-0036637,N.Gray,Noah Gray,TE,KC,JAX,20,2022,0,0,0.0,0,1,0.0,0,1,2,27.0,0,2.7,3.7,KC,Noah Gray,2.7
00-0036637,N.Gray,Noah Gray,TE,KC,CIN,21,2022,0,0,0.0,0,0,0.0,0,1,1,4.0,0,0.4,1.4,KC,Noah Gray,0.4
00-0036637,N.Gray,Noah Gray,TE,KC,PHI,22,2022,0,0,0.0,0,0,0.0,0,1,1,6.0,0,0.6,1.6,KC,Noah Gray,0.6
00-0036646,S.Fehoko,Simi Fehoko,WR,DAL,TB,1,2022,0,0,0.0,0,0,0.0,0,2,3,12.0,0,1.2,3.2,DAL,Simi Fehoko,1.2
00-0036646,S.Fehoko,Simi Fehoko,WR,DAL,NYG,3,2022,0,0,0.0,0,0,0.0,0,1,1,12.0,0,1.2,2.2,DAL,Simi Fehoko,1.2
00-0036650,L.Rountree,Larry Rountree,RB,LAC,LA,17,2022,0,0,0.0,0,10,15.0,0,1,1,13.0,0,2.8,3.8,LAC,Larry Rountree,2.8
00-0036650,L.Rountree,Larry Rountree,RB,LAC,DEN,18,2022,0,0,0.0,0,3,4.0,0,1,1,1.0,0,0.5,1.5,LAC,Larry Rountree,0.5
00-0036652,R.McMath,Racey McMath,WR,TEN,JAX,14,2022,0,0,0.0,0,0,0.0,0,0,4,0.0,0,0.0,0.0,TEN,Racey McMath,0.0
00-0036652,R.McMath,Racey McMath,WR,TEN,LAC,15,2022,0,0,0.0,0,0,0.0,0,1,2,1.0,0,0.1,1.1,TEN,Racey McMath,0.1
00-0036652,R.McMath,Racey McMath,WR,TEN,DAL,17,2022,0,0,0.0,0,0,0.0,0,1,2,39.0,0,3.9,4.9,TEN,Racey McMath,3.9
00-0036652,R.McMath,Racey McMath,WR,TEN,JAX,18,2022,0,0,0.0,0,1,4.0,0,0,0,0.0,0,0.4,0.4,TEN,Racey McMath,0.4
00-0036654,D.Felton,Demetric Felton,RB,CLE,CAR,1,2022,0,0,0.0,0,0,0.0,0,0,1,0.0,0,0.0,0.0,CLE,Demetric Felton,0.0
00-0036654,D.Felton,Demetric Felton,RB,CLE,NYJ,2,2022,0,0,0.0,0,1,-4.0,0,1,1,3.0,0,-0.1,0.9,CLE,Demetric Felton,-0.1
00-0036654,D.Felton,Demetric Felton,RB,CLE,HOU,13,2022,0,0,0.0,0,0,0.0,0,0,1,0.0,0,0.0,0.0,CLE,Demetric Felton,0.0
00-0036654,D.Felton,Demetric Felton,RB,CLE,BAL,15,2022,0,0,0.0,0,0,0.0,0,1,1,5.0,0,0.5,1.5,CLE,Demetric Felton,0.5
00-0036669,K.Hill,Kylin Hill,RB,GB,DET,9,2022,0,0,0.0,0,1,7.0,0,0,0,0.0,0,0.7,0.7,GB,Kylin Hill,0.7
00-0036671,D.Milne,Dax Milne,WR,WAS,JAX,1,2022,0,0,0.0,0,0,0.0,0,0,1,0.0,0,0.0,0.0,WAS,Dax Milne,0.0
00-0036671,D.Milne,Dax Milne,WR,WAS,DET,2,2022,0,0,0.0,0,0,0.0,0,1,1,6.0,0,0.6,1.6,WAS,Dax Milne,0.6
00-0036671,D.Milne,Dax Milne,WR,WAS,PHI,3,2022,0,0,0.0,0,0,0.0,0,1,1,12.0,0,1.2,2.2,WAS,Dax Milne,1.2
00-0036671,D.Milne,Dax Milne,WR,WAS,CHI,6,2022,0,0,0.0,0,0,0.0,0,1,1,5.0,0,0.5,1.5,WAS,Dax Milne,0.5
00-0036671,D.Milne,Dax Milne,WR,WAS,GB,7,2022,0,0,0.0,0,0,0.0,0,1,1,4.0,0,0.4,1.4,WAS,Dax Milne,0.4
00-0036671,D.Milne,Dax Milne,WR,WAS,IND,8,2022,0,0,0.0,0,0,0.0,0,1,1,4.0,0,0.4,1.4,WAS,Dax Milne,0.4
00-0036671,D.Milne,Dax Milne,WR,WAS,MIN,9,2022,0,0,0.0,0,0,0.0,0,1,1,6.0,1,6.6,7.6,WAS,Dax Milne,6.6
00-0036692,M.Forristall,Miller Forristall,TE,CLE,PIT,3,2022,0,0,0.0,0,0,0.0,0,0,1,0.0,0,0.0,0.0,CLE,Miller Forristall,0.0
00-0036727,A.Prentice,Adam Prentice,FB,NO,TB,2,2022,0,0,0.0,0,0,0.0,0,1,1,2.0,0,0.2,1.2,NO,Adam Prentice,0.2
00-0036727,A.Prentice,Adam Prentice,FB,NO,TB,13,2022,0,0,0.0,0,1,2.0,0,0,0,0.0,0,0.2,0.2,NO,Adam Prentice,0.2
00-0036727,A.Prentice,Adam Prentice,FB,NO,ATL,15,2022,0,0,0.0,0,0,0.0,0,1,1,3.0,0,0.3,1.3,NO,Adam Prentice,0.3
00-0036727,A.Prentice,Adam Prentice,FB,NO,CLE,16,2022,0,0,0.0,0,2,5.0,0,0,0,0.0,0,0.5,0.5,NO,Adam Prentice,0.5
00-0036727,A.Prentice,Adam Prentice,FB,NO,PHI,17,2022,0,0,0.0,0,1,2.0,0,1,1,4.0,0,0.6,1.6,NO,Adam Prentice,0.6
00-0036741,J.Stoll,Jack Stoll,TE,PHI,WAS,3,2022,0,0,0.0,0,0,0.0,0,1,2,4.0,0,0.4,1.4,PHI,Jack Stoll,0.4
00-0036741,J.Stoll,Jack Stoll,TE,PHI,DAL,6,2022,0,0,0.0,0,0,0.0,0,1,1,21.0,0,2.1,3.1,PHI,Jack Stoll,2.1
00-0036741,J.Stoll,Jack Stoll,TE,PHI,PIT,8,2022,0,0,0.0,0,0,0.0,0,0,1,0.0,0,0.0,0.0,PHI,Jack Stoll,0.0
00-0036741,J.Stoll,Jack Stoll,TE,PHI,HOU,9,2022,0,0,0.0,0,0,0.0,0,1,2,13.0,0,1.3,2.3,PHI,Jack Stoll,1.3
00-0036741,J.Stoll,Jack Stoll,TE,PHI,WAS,10,2022,0,0,0.0,0,0,0.0,0,1,1,11.0,0,1.1,2.1,PHI,Jack Stoll,1.1
00-0036741,J.Stoll,Jack Stoll,TE,PHI,IND,11,2022,0,0,0.0,0,0,0.0,0,1,1,7.0,0,0.7,1.7,PHI,Jack Stoll,0.7
00-0036741,J.Stoll,Jack Stoll,TE,PHI,TEN,13,2022,0,0,0.0,0,0,0.0,0,3,3,41.0,0,4.1,7.1,PHI,Jack Stoll,4.1
00-0036741,J.Stoll,Jack Stoll,TE,PHI,NYG,14,2022,0,0,0.0,0,0,0.0,0,2,2,20.0,0,2.0,4.0,PHI,Jack Stoll,2.0
00-0036741,J.Stoll,Jack Stoll,TE,PHI,CHI,15,2022,0,0,0.0,0,0,0.0,0,1,1,6.0,0,0.6,1.6,PHI,Jack Stoll,0.6
00-0036741,J.Stoll,Jack Stoll,TE,PHI,SF,21,2022,0,0,0.0,0,0,0.0,0,1,1,5.0,0,0.5,1.5,PHI,Jack Stoll,0.5
00-0036754,B.Wright,Brock Wright,TE,DET,WAS,2,2022,0,0,0.0,0,0,0.0,0,1,1,25.0,0,2.5,3.5,DET,Brock Wright,2.5
00-0036754,B.Wright,Brock Wright,TE,DET,DAL,7,2022,0,0,0.0,0,0,0.0,0,4,4,57.0,0,5.7,9.7,DET,Brock Wright,5.7
00-0036754,B.Wright,Brock Wright,TE,DET,MIA,8,2022,0,0,0.0,0,0,0.0,0,1,1,6.0,0,0.6,1.6,DET,Brock Wright,0.6
00-0036754,B.Wright,Brock Wright,TE,DET,GB,9,2022,0,0,0.0,0,0,0.0,0,0,1,0.0,0,0.0,0.0,DET,Brock Wright,0.0
00-0036754,B.Wright,Brock Wright,TE,DET,CHI,10,2022,0,0,0.0,0,0,0.0,0,1,1,2.0,1,6.2,7.2,DET,Brock Wright,6.2
00-0036754,B.Wright,Brock Wright,TE,DET,NYG,11,2022,0,0,0.0,0,0,0.0,0,2,2,20.0,0,2.0,4.0,DET,Brock Wright,2.0
00-0036754,B.Wright,Brock Wright,TE,DET,BUF,12,2022,0,0,0.0,0,0,0.0,0,2,3,6.0,0,0.6,2.6,DET,Brock Wright,0.6
00-0036754,B.Wright,Brock Wright,TE,DET,JAX,13,2022,0,0,0.0,0,0,0.0,0,2,2,25.0,0,2.5,4.5,DET,Brock Wright,2.5
00-0036754,B.Wright,Brock Wright,TE,DET,MIN,14,2022,0,0,0.0,0,0,0.0,0,0,1,0.0,0,0.0,0.0,DET,Brock Wright,0.0
00-0036754,B.Wright,Brock Wright,TE,DET,NYJ,15,2022,0,0,0.0,0,0,0.0,0,1,2,51.0,1,11.1,12.1,DET,Brock Wright,11.1
00-0036754,B.Wright,Brock Wright,TE,DET,CAR,16,2022,0,0,0.0,0,0,0.0,0,1,1,11.0,0,1.1,2.1,DET,Brock Wright,1.1
00-0036754,B.Wright,Brock Wright,TE,DET,CHI,17,2022,0,0,0.0,0,0,0.0,0,3,4,13.0,2,13.3,16.3,DET,Brock Wright,13.3
00-0036754,B.Wright,Brock Wright,TE,DET,GB,18,2022,0,0,0.0,0,0,0.0,0,0,1,0.0,0,0.0,0.0,DET,Brock Wright,0.0
00-0036755,J.Patterson,Jaret Patterson,RB,WAS,DAL,18,2022,0,0,0.0,0,17,78.0,0,0,1,0.0,0,7.8,7.8,WAS,Jaret Patterson,7.8
00-0036810,C.Johnson,Cade Johnson,WR,SEA,NYJ,17,2022,0,0,0.0,0,0,0.0,0,0,2,0.0,0,0.0,0.0,SEA,Cade Johnson,0.0
00-0036810,C.Johnson,Cade Johnson,WR,SEA,LA,18,2022,0,0,0.0,0,0,0.0,0,2,2,21.0,0,2.1,4.1,SEA,Cade Johnson,2.1
00-0036810,C.Johnson,Cade Johnson,WR,SEA,SF,19,2022,0,0,0.0,0,0,0.0,0,3,3,39.0,0,3.9,6.9,SEA,Cade Johnson,3.9
00-0036825,F.Franks,Feleipe Franks,TE,ATL,TB,5,2022,0,0,0.0,0,0,0.0,0,0,2,0.0,0,0.0,0.0,ATL,Feleipe Franks,0.0
00-0036825,F.Franks,Feleipe Franks,TE,ATL,NO,15,2022,0,0,0.0,0,1,0.0,0,0,0,0.0,0,0.0,0.0,ATL,Feleipe Franks,0.0
00-0036829,C.Huntley,Caleb Huntley,RB,ATL,LA,2,2022,0,0,0.0,0,1,3.0,0,0,0,0.0,0,0.3,0.3,ATL,Caleb Huntley,0.3
00-0036829,C.Huntley,Caleb Huntley,RB,ATL,CLE,4,2022,0,0,0.0,0,10,56.0,1,0,0,0.0,0,11.6,11.6,ATL,Caleb Huntley,11.6
00-0036829,C.Huntley,Caleb Huntley,RB,ATL,TB,5,2022,0,0,0.0,0,8,34.0,0,0,0,0.0,0,3.4,3.4,ATL,Caleb Huntley,3.4
00-0036829,C.Huntley,Caleb Huntley,RB,ATL,SF,6,2022,0,0,0.0,0,16,59.0,0,0,0,0.0,0,5.9,5.9,ATL,Caleb Huntley,5.9
00-0036829,C.Huntley,Caleb Huntley,RB,ATL,CIN,7,2022,0,0,0.0,0,6,22.0,0,0,0,0.0,0,2.2,2.2,ATL,Caleb Huntley,2.2
00-0036829,C.Huntley,Caleb Huntley,RB,ATL,CAR,8,2022,0,0,0.0,0,16,91.0,0,0,0,0.0,0,9.1,9.1,ATL,Caleb Huntley,9.1
00-0036829,C.Huntley,Caleb Huntley,RB,ATL,LAC,9,2022,0,0,0.0,0,7,34.0,0,0,0,0.0,0,3.4,3.4,ATL,Caleb Huntley,3.4
00-0036829,C.Huntley,Caleb Huntley,RB,ATL,CAR,10,2022,0,0,0.0,0,5,32.0,0,0,0,0.0,0,3.2,3.2,ATL,Caleb Huntley,3.2
00-0036829,C.Huntley,Caleb Huntley,RB,ATL,CHI,11,2022,0,0,0.0,0,1,4.0,0,1,1,2.0,0,0.6,1.6,ATL,Caleb Huntley,0.6
00-0036829,C.Huntley,Caleb Huntley,RB,ATL,WAS,12,2022,0,0,0.0,0,1,12.0,0,1,1,1.0,0,1.3,2.3,ATL,Caleb Huntley,1.3
00-0036829,C.Huntley,Caleb Huntley,RB,ATL,PIT,13,2022,0,0,0.0,0,4,17.0,0,0,0,0.0,0,1.7,1.7,ATL,Caleb Huntley,1.7
00-0036829,C.Huntley,Caleb Huntley,RB,ATL,NO,15,2022,0,0,0.0,0,1,2.0,0,0,0,0.0,0,0.2,0.2,ATL,Caleb Huntley,0.2
00-0036841,A.Trammell,Austin Trammell,WR,LA,SEA,13,2022,0,0,0.0,0,0,0.0,0,1,2,8.0,0,0.8,1.8,LA,Austin Trammell,0.8
00-0036841,A.Trammell,Austin Trammell,WR,LA,LV,14,2022,0,0,0.0,0,0,0.0,0,1,2,5.0,0,0.5,1.5,LA,Austin Trammell,0.5
00-0036842,K.Nwangwu,Kene Nwangwu,RB,MIN,DAL,11,2022,0,0,0.0,0,4,1.0,0,1,1,5.0,0,0.6,1.6,MIN,Kene Nwangwu,0.6
00-0036842,K.Nwangwu,Kene Nwangwu,RB,MIN,NE,12,2022,0,0,0.0,0,0,0.0,0,0,0,0.0,0,6.0,6.0,MIN,Kene Nwangwu,6.0
00-0036842,K.Nwangwu,Kene Nwangwu,RB,MIN,CHI,18,2022,0,0,0.0,0,5,13.0,0,1,1,16.0,0,2.9,3.9,MIN,Kene Nwangwu,2.9
00-0036849,T.Atwell,Tutu Atwell,WR,LA,BUF,1,2022,0,0,0.0,0,0,0.0,0,0,1,0.0,0,0.0,0.0,LA,Tutu Atwell,0.0
00-0036849,T.Atwell,Tutu Atwell,WR,LA,ARI,3,2022,0,0,0.0,0,0,0.0,0,0,1,0.0,0,0.0,0.0,LA,Tutu Atwell,0.0
00-0036849,T.Atwell,Tutu Atwell,WR,LA,DAL,5,2022,0,0,0.0,0,0,0.0,0,1,2,54.0,0,5.4,6.4,LA,Tutu Atwell,5.4
00-0036849,T.Atwell,Tutu Atwell,WR,LA,CAR,6,2022,0,0,0.0,0,1,9.0,0,0,0,0.0,0,0.9,0.9,LA,Tutu Atwell,0.9
00-0036849,T.Atwell,Tutu Atwell,WR,LA,NO,11,2022,0,0,0.0,0,0,0.0,0,1,1,62.0,1,12.2,13.2,LA,Tutu Atwell,12.2
00-0036849,T.Atwell,Tutu Atwell,WR,LA,KC,12,2022,0,0,0.0,0,0,0.0,0,2,2,23.0,0,2.3,4.3,LA,Tutu Atwell,2.3
00-0036849,T.Atwell,Tutu Atwell,WR,LA,SEA,13,2022,0,0,0.0,0,4,23.0,0,2,5,48.0,0,7.1,9.1,LA,Tutu Atwell,7.1
00-0036849,T.Atwell,Tutu Atwell,WR,LA,LV,14,2022,0,0,0.0,0,2,-5.0,0,5,9,50.0,0,4.5,9.5,LA,Tutu Atwell,4.5
00-0036849,T.Atwell,Tutu Atwell,WR,LA,GB,15,2022,0,0,0.0,0,1,-4.0,0,1,4,10.0,0,0.6,1.6,LA,Tutu Atwell,0.6
00-0036849,T.Atwell,Tutu Atwell,WR,LA,DEN,16,2022,0,0,0.0,0,0,0.0,0,2,2,14.0,0,1.4,3.4,LA,Tutu Atwell,1.4
00-0036849,T.Atwell,Tutu Atwell,WR,LA,LAC,17,2022,0,0,0.0,0,0,0.0,0,2,5,10.0,0,1.0,3.0,LA,Tutu Atwell,1.0
00-0036849,T.Atwell,Tutu Atwell,WR,LA,SEA,18,2022,0,0,0.0,0,1,11.0,1,2,3,27.0,0,9.8,11.8,LA,Tutu Atwell,9.8
00-0036857,C.Evans,Chris Evans,RB,CIN,NYJ,3,2022,0,0,0.0,0,0,0.0,0,1,1,4.0,0,0.4,1.4,CIN,Chris Evans,0.4
00-0036857,C.Evans,Chris Evans,RB,CIN,MIA,4,2022,0,0,0.0,0,0,0.0,0,0,1,0.0,0,0.0,0.0,CIN,Chris Evans,0.0
00-0036857,C.Evans,Chris Evans,RB,CIN,CLE,8,2022,0,0,0.0,0,0,0.0,0,1,1,26.0,0,2.6,3.6,CIN,Chris Evans,2.6
00-0036857,C.Evans,Chris Evans,RB,CIN,KC,13,2022,0,0,0.0,0,0,0.0,0,1,1,8.0,1,6.8,7.8,CIN,Chris Evans,6.8
00-0036858,J.Camp,Jalen Camp,WR,HOU,PHI,9,2022,0,0,0.0,0,0,0.0,0,1,1,7.0,0,0.7,1.7,HOU,Jalen Camp,0.7
00-0036862,B.Skowronek,Ben Skowronek,WR,LA,BUF,1,2022,0,0,0.0,0,0,0.0,0,4,6,25.0,0,2.5,6.5,LA,Ben Skowronek,2.5
00-0036862,B.Skowronek,Ben Skowronek,WR,LA,ATL,2,2022,0,0,0.0,0,0,0.0,0,2,3,16.0,0,1.6,3.6,LA,Ben Skowronek,1.6
00-0036862,B.Skowronek,Ben Skowronek,WR,LA,ARI,3,2022,0,0,0.0,0,0,0.0,0,4,4,66.0,0,6.6,10.6,LA,Ben Skowronek,6.6
00-0036862,B.Skowronek,Ben Skowronek,WR,LA,SF,4,2022,0,0,0.0,0,0,0.0,0,2,3,33.0,0,3.3,5.3,LA,Ben Skowronek,3.3
00-0036862,B.Skowronek,Ben Skowronek,WR,LA,DAL,5,2022,0,0,0.0,0,0,0.0,0,6,8,41.0,0,4.1,10.1,LA,Ben Skowronek,4.1
00-0036862,B.Skowronek,Ben Skowronek,WR,LA,CAR,6,2022,0,0,0.0,0,1,17.0,1,5,5,40.0,0,11.7,16.7,LA,Ben Skowronek,11.7
00-0036862,B.Skowronek,Ben Skowronek,WR,LA,SF,8,2022,0,0,0.0,0,0,0.0,0,1,1,10.0,0,1.0,2.0,LA,Ben Skowronek,1.0
00-0036862,B.Skowronek,Ben Skowronek,WR,LA,TB,9,2022,0,0,0.0,0,0,0.0,0,0,2,0.0,0,0.0,0.0,LA,Ben Skowronek,0.0
00-0036862,B.Skowronek,Ben Skowronek,WR,LA,ARI,10,2022,0,0,0.0,0,0,0.0,0,2,7,14.0,0,1.4,3.4,LA,Ben Skowronek,1.4
00-0036862,B.Skowronek,Ben Skowronek,WR,LA,NO,11,2022,0,0,0.0,0,0,0.0,0,1,4,4.0,0,0.4,1.4,LA,Ben Skowronek,0.4
00-0036862,B.Skowronek,Ben Skowronek,WR,LA,KC,12,2022,0,0,0.0,0,0,0.0,0,2,4,5.0,0,0.5,2.5,LA,Ben Skowronek,0.5
00-0036862,B.Skowronek,Ben Skowronek,WR,LA,SEA,13,2022,0,0,0.0,0,0,0.0,0,2,3,30.0,0,3.0,5.0,LA,Ben Skowronek,3.0
00-0036862,B.Skowronek,Ben Skowronek,WR,LA,LV,14,2022,0,0,0.0,0,0,0.0,0,7,8,89.0,0,8.9,15.9,LA,Ben Skowronek,8.9
00-0036862,B.Skowronek,Ben Skowronek,WR,LA,GB,15,2022,0,0,0.0,0,0,0.0,0,1,3,3.0,0,0.3,1.3,LA,Ben Skowronek,0.3
00-0036875,R.Stevenson,Rhamondre Stevenson,RB,NE,MIA,1,2022,0,0,0.0,0,8,25.0,0,2,2,2.0,0,2.7,4.7,NE,Rhamondre Stevenson,2.7
00-0036875,R.Stevenson,Rhamondre Stevenson,RB,NE,PIT,2,2022,0,0,0.0,0,9,47.0,0,1,2,4.0,0,5.1,6.1,NE,Rhamondre Stevenson,5.1
00-0036875,R.Stevenson,Rhamondre Stevenson,RB,NE,BAL,3,2022,0,0,0.0,0,12,73.0,1,4,5,28.0,0,16.1,20.1,NE,Rhamondre Stevenson,16.1
00-0036875,R.Stevenson,Rhamondre Stevenson,RB,NE,GB,4,2022,0,0,0.0,0,14,66.0,0,4,5,23.0,0,8.9,12.9,NE,Rhamondre Stevenson,8.9
00-0036875,R.Stevenson,Rhamondre Stevenson,RB,NE,DET,5,2022,0,0,0.0,0,25,161.0,0,2,2,14.0,0,17.5,19.5,NE,Rhamondre Stevenson,17.5
00-0036875,R.Stevenson,Rhamondre Stevenson,RB,NE,CLE,6,2022,0,0,0.0,0,19,76.0,2,4,5,15.0,0,21.1,25.1,NE,Rhamondre Stevenson,21.1
00-0036875,R.Stevenson,Rhamondre Stevenson,RB,NE,CHI,7,2022,0,0,0.0,0,11,39.0,1,8,8,59.0,0,15.8,23.8,NE,Rhamondre Stevenson,15.8
00-0036875,R.Stevenson,Rhamondre Stevenson,RB,NE,NYJ,8,2022,0,0,0.0,0,16,71.0,0,7,7,72.0,0,14.3,21.3,NE,Rhamondre Stevenson,14.3
00-0036875,R.Stevenson,Rhamondre Stevenson,RB,NE,IND,9,2022,0,0,0.0,0,15,60.0,0,3,7,10.0,1,13.0,16.0,NE,Rhamondre Stevenson,13.0
00-0036875,R.Stevenson,Rhamondre Stevenson,RB,NE,NYJ,11,2022,0,0,0.0,0,15,26.0,0,6,6,56.0,0,8.2,14.2,NE,Rhamondre Stevenson,8.2
00-0036875,R.Stevenson,Rhamondre Stevenson,RB,NE,MIN,12,2022,0,0,0.0,0,7,36.0,0,9,10,76.0,0,11.2,20.2,NE,Rhamondre Stevenson,11.2
00-0036875,R.Stevenson,Rhamondre Stevenson,RB,NE,BUF,13,2022,0,0,0.0,0,10,54.0,0,6,8,24.0,0,7.8,13.8,NE,Rhamondre Stevenson,7.8
00-0036875,R.Stevenson,Rhamondre Stevenson,RB,NE,ARI,14,2022,0,0,0.0,0,3,8.0,0,2,3,2.0,0,1.0,3.0,NE,Rhamondre Stevenson,1.0
00-0036875,R.Stevenson,Rhamondre Stevenson,RB,NE,LV,15,2022,0,0,0.0,0,19,172.0,1,2,3,-4.0,0,22.8,24.8,NE,Rhamondre Stevenson,22.8
00-0036875,R.Stevenson,Rhamondre Stevenson,RB,NE,CIN,16,2022,0,0,0.0,0,13,30.0,0,2,5,3.0,0,1.3,3.3,NE,Rhamondre Stevenson,1.3
00-0036875,R.Stevenson,Rhamondre Stevenson,RB,NE,MIA,17,2022,0,0,0.0,0,8,42.0,0,2,4,9.0,0,5.1,7.1,NE,Rhamondre Stevenson,5.1
00-0036875,R.Stevenson,Rhamondre Stevenson,RB,NE,BUF,18,2022,0,0,0.0,0,6,54.0,0,5,6,28.0,0,8.2,13.2,NE,Rhamondre Stevenson,8.2
00-0036876,K.Granson,Kylen Granson,TE,IND,HOU,1,2022,0,0,0.0,0,0,0.0,0,3,7,22.0,0,2.2,5.2,IND,Kylen Granson,2.2
00-0036876,K.Granson,Kylen Granson,TE,IND,JAX,2,2022,0,0,0.0,0,0,0.0,0,2,2,14.0,0,1.4,3.4,IND,Kylen Granson,1.4
00-0036876,K.Granson,Kylen Granson,TE,IND,KC,3,2022,0,0,0.0,0,0,0.0,0,2,2,7.0,0,0.7,2.7,IND,Kylen Granson,0.7
00-0036876,K.Granson,Kylen Granson,TE,IND,TEN,4,2022,0,0,0.0,0,0,0.0,0,4,4,62.0,0,6.2,10.2,IND,Kylen Granson,6.2
00-0036876,K.Granson,Kylen Granson,TE,IND,DEN,5,2022,0,0,0.0,0,0,0.0,0,1,3,16.0,0,1.6,2.6,IND,Kylen Granson,1.6
00-0036876,K.Granson,Kylen Granson,TE,IND,JAX,6,2022,0,0,0.0,0,0,0.0,0,4,4,38.0,0,3.8,7.8,IND,Kylen Granson,3.8
00-0036876,K.Granson,Kylen Granson,TE,IND,TEN,7,2022,0,0,0.0,0,0,0.0,0,1,1,6.0,0,0.6,1.6,IND,Kylen Granson,0.6
00-0036876,K.Granson,Kylen Granson,TE,IND,WAS,8,2022,0,0,0.0,0,0,0.0,0,3,3,11.0,0,1.1,4.1,IND,Kylen Granson,1.1
00-0036876,K.Granson,Kylen Granson,TE,IND,NE,9,2022,0,0,0.0,0,1,0.0,0,0,1,0.0,0,0.0,0.0,IND,Kylen Granson,0.0
00-0036876,K.Granson,Kylen Granson,TE,IND,LV,10,2022,0,0,0.0,0,0,0.0,0,4,4,57.0,0,5.7,9.7,IND,Kylen Granson,5.7
00-0036876,K.Granson,Kylen Granson,TE,IND,PHI,11,2022,0,0,0.0,0,0,0.0,0,1,1,16.0,0,1.6,2.6,IND,Kylen Granson,1.6
00-0036876,K.Granson,Kylen Granson,TE,IND,DAL,13,2022,0,0,0.0,0,0,0.0,0,4,6,19.0,0,1.9,5.9,IND,Kylen Granson,1.9
00-0036876,K.Granson,Kylen Granson,TE,IND,MIN,15,2022,0,0,0.0,0,0,0.0,0,2,2,34.0,0,3.4,5.4,IND,Kylen Granson,3.4
00-0036877,J.Darden,Jaelon Darden,WR,TB,DAL,1,2022,0,0,0.0,0,1,2.0,0,0,0,0.0,0,0.2,0.2,TB,Jaelon Darden,0.2
00-0036877,J.Darden,Jaelon Darden,WR,TB,GB,3,2022,0,0,0.0,0,0,0.0,0,1,1,25.0,0,2.5,3.5,TB,Jaelon Darden,2.5
00-0036877,J.Darden,Jaelon Darden,WR,TB,CAR,7,2022,0,0,0.0,0,0,0.0,0,1,1,1.0,0,0.1,1.1,TB,Jaelon Darden,0.1
00-0036879,S.Ehlinger,Sam Ehlinger,QB,IND,WAS,8,2022,17,23,201.0,0,6,15.0,0,0,0,0.0,0,7.54,7.54,IND,Sam Ehlinger,7.54
00-0036879,S.Ehlinger,Sam Ehlinger,QB,IND,NE,9,2022,15,29,103.0,0,5,39.0,0,0,0,0.0,0,6.02,6.02,IND,Sam Ehlinger,6.02
00-0036879,S.Ehlinger,Sam Ehlinger,QB,IND,NYG,17,2022,9,14,60.0,1,1,12.0,0,0,0,0.0,0,7.6,7.6,IND,Sam Ehlinger,7.6
00-0036879,S.Ehlinger,Sam Ehlinger,QB,IND,HOU,18,2022,23,35,209.0,2,5,21.0,0,0,0,0.0,0,14.46,14.46,IND,Sam Ehlinger,14.46
00-0036880,P.Sewell,Penei Sewell,T,DET,MIN,14,2022,0,0,0.0,0,0,0.0,0,1,1,9.0,0,0.9,1.9,DET,Penei Sewell,0.9
00-0036887,L.Farrell,Luke Farrell,TE,JAX,IND,6,2022,0,0,0.0,0,0,0.0,0,1,1,11.0,0,1.1,2.1,JAX,Luke Farrell,1.1
00-0036887,L.Farrell,Luke Farrell,TE,JAX,LV,9,2022,0,0,0.0,0,0,0.0,0,1,1,15.0,0,1.5,2.5,JAX,Luke Farrell,1.5
00-0036887,L.Farrell,Luke Farrell,TE,JAX,DET,13,2022,0,0,0.0,0,0,0.0,0,1,1,3.0,0,0.3,1.3,JAX,Luke Farrell,0.3
00-0036887,L.Farrell,Luke Farrell,TE,JAX,TEN,18,2022,0,0,0.0,0,0,0.0,0,1,1,11.0,0,1.1,2.1,JAX,Luke Farrell,1.1
00-0036893,N.Harris,Najee Harris,RB,PIT,CIN,1,2022,0,0,0.0,0,10,23.0,0,2,2,3.0,1,8.6,10.6,PIT,Najee Harris,8.6
00-0036893,N.Harris,Najee Harris,RB,PIT,NE,2,2022,0,0,0.0,0,15,49.0,0,5,6,40.0,0,8.9,13.9,PIT,Najee Harris,8.9
00-0036893,N.Harris,Najee Harris,RB,PIT,CLE,3,2022,0,0,0.0,0,15,56.0,1,3,3,5.0,0,10.1,13.1,PIT,Najee Harris,10.1
00-0036893,N.Harris,Najee Harris,RB,PIT,NYJ,4,2022,0,0,0.0,0,18,74.0,0,0,0,0.0,0,7.4,7.4,PIT,Najee Harris,7.4
00-0036893,N.Harris,Najee Harris,RB,PIT,BUF,5,2022,0,0,0.0,0,11,20.0,0,3,4,16.0,0,3.6,6.6,PIT,Najee Harris,3.6
00-0036893,N.Harris,Najee Harris,RB,PIT,TB,6,2022,0,0,0.0,0,14,42.0,0,2,3,7.0,1,10.9,12.9,PIT,Najee Harris,10.9
00-0036893,N.Harris,Najee Harris,RB,PIT,MIA,7,2022,0,0,0.0,0,17,65.0,0,3,4,15.0,0,8.0,11.0,PIT,Najee Harris,8.0
00-0036893,N.Harris,Najee Harris,RB,PIT,PHI,8,2022,1,1,4.0,0,8,32.0,0,6,6,26.0,0,5.96,11.96,PIT,Najee Harris,5.96
00-0036893,N.Harris,Najee Harris,RB,PIT,NO,10,2022,0,0,0.0,0,20,99.0,0,0,1,0.0,0,9.9,9.9,PIT,Najee Harris,9.9
00-0036893,N.Harris,Najee Harris,RB,PIT,CIN,11,2022,0,0,0.0,0,20,90.0,2,4,6,26.0,0,23.6,27.6,PIT,Najee Harris,23.6
00-0036893,N.Harris,Najee Harris,RB,PIT,IND,12,2022,0,0,0.0,0,10,35.0,1,1,1,4.0,0,9.9,10.9,PIT,Najee Harris,9.9
00-0036893,N.Harris,Najee Harris,RB,PIT,ATL,13,2022,0,0,0.0,0,17,86.0,0,1,1,6.0,0,9.2,10.2,PIT,Najee Harris,9.2
00-0036893,N.Harris,Najee Harris,RB,PIT,BAL,14,2022,0,0,0.0,0,12,33.0,1,2,3,17.0,0,11.0,13.0,PIT,Najee Harris,11.0
00-0036893,N.Harris,Najee Harris,RB,PIT,CAR,15,2022,0,0,0.0,0,24,86.0,1,0,0,0.0,0,14.6,14.6,PIT,Najee Harris,14.6
00-0036893,N.Harris,Najee Harris,RB,PIT,LV,16,2022,0,0,0.0,0,16,53.0,0,6,9,42.0,0,9.5,15.5,PIT,Najee Harris,9.5
00-0036893,N.Harris,Najee Harris,RB,PIT,BAL,17,2022,0,0,0.0,0,22,111.0,0,2,3,12.0,1,18.3,20.3,PIT,Najee Harris,18.3
00-0036893,N.Harris,Najee Harris,RB,PIT,CLE,18,2022,0,0,0.0,0,23,80.0,1,1,1,10.0,0,13.0,14.0,PIT,Najee Harris,13.0
00-0036894,P.Freiermuth,Pat Freiermuth,TE,PIT,CIN,1,2022,0,0,0.0,0,0,0.0,0,5,10,75.0,0,7.5,12.5,PIT,Pat Freiermuth,7.5
00-0036894,P.Freiermuth,Pat Freiermuth,TE,PIT,NE,2,2022,0,0,0.0,0,0,0.0,0,4,7,22.0,1,8.2,12.2,PIT,Pat Freiermuth,8.2
00-0036894,P.Freiermuth,Pat Freiermuth,TE,PIT,CLE,3,2022,0,0,0.0,0,0,0.0,0,2,4,41.0,0,4.1,6.1,PIT,Pat Freiermuth,4.1
00-0036894,P.Freiermuth,Pat Freiermuth,TE,PIT,NYJ,4,2022,0,0,0.0,0,0,0.0,0,7,9,85.0,0,8.5,15.5,PIT,Pat Freiermuth,8.5
00-0036894,P.Freiermuth,Pat Freiermuth,TE,PIT,BUF,5,2022,0,0,0.0,0,0,0.0,0,2,2,12.0,0,1.2,3.2,PIT,Pat Freiermuth,1.2
00-0036894,P.Freiermuth,Pat Freiermuth,TE,PIT,MIA,7,2022,0,0,0.0,0,0,0.0,0,8,9,75.0,0,7.5,15.5,PIT,Pat Freiermuth,7.5
00-0036894,P.Freiermuth,Pat Freiermuth,TE,PIT,PHI,8,2022,0,0,0.0,0,0,0.0,0,4,7,57.0,0,5.7,9.7,PIT,Pat Freiermuth,5.7
00-0036894,P.Freiermuth,Pat Freiermuth,TE,PIT,NO,10,2022,0,0,0.0,0,0,0.0,0,4,7,36.0,0,3.6,7.6,PIT,Pat Freiermuth,3.6
00-0036894,P.Freiermuth,Pat Freiermuth,TE,PIT,CIN,11,2022,0,0,0.0,0,0,0.0,0,8,12,79.0,0,7.9,15.9,PIT,Pat Freiermuth,7.9
00-0036894,P.Freiermuth,Pat Freiermuth,TE,PIT,IND,12,2022,0,0,0.0,0,0,0.0,0,3,4,39.0,0,3.9,6.9,PIT,Pat Freiermuth,3.9
00-0036894,P.Freiermuth,Pat Freiermuth,TE,PIT,ATL,13,2022,0,0,0.0,0,0,0.0,0,3,5,76.0,0,7.6,10.6,PIT,Pat Freiermuth,7.6
00-0036894,P.Freiermuth,Pat Freiermuth,TE,PIT,BAL,14,2022,0,0,0.0,0,0,0.0,0,3,6,33.0,1,9.3,12.3,PIT,Pat Freiermuth,9.3
00-0036894,P.Freiermuth,Pat Freiermuth,TE,PIT,LV,16,2022,0,0,0.0,0,0,0.0,0,7,8,66.0,0,6.6,13.6,PIT,Pat Freiermuth,6.6
00-0036894,P.Freiermuth,Pat Freiermuth,TE,PIT,BAL,17,2022,0,0,0.0,0,0,0.0,0,3,6,36.0,0,3.6,6.6,PIT,Pat Freiermuth,3.6
00-0036894,P.Freiermuth,Pat Freiermuth,TE,PIT,CLE,18,2022,0,0,0.0,0,0,0.0,0,0,2,0.0,0,0.0,0.0,PIT,Pat Freiermuth,0.0
00-0036898,D.Mills,Davis Mills,QB,HOU,IND,1,2022,23,37,240.0,2,2,-1.0,0,0,0,0.0,0,15.5,15.5,HOU,Davis Mills,15.5
00-0036898,D.Mills,Davis Mills,QB,HOU,DEN,2,2022,19,38,177.0,0,2,1.0,0,0,0,0.0,0,7.18,7.18,HOU,Davis Mills,7.18
00-0036898,D.Mills,Davis Mills,QB,HOU,CHI,3,2022,20,32,245.0,1,0,0.0,0,0,0,0.0,0,9.8,9.8,HOU,Davis Mills,9.8
00-0036898,D.Mills,Davis Mills,QB,HOU,LAC,4,2022,26,35,246.0,2,0,0.0,0,0,0,0.0,0,13.84,13.84,HOU,Davis Mills,13.84
00-0036898,D.Mills,Davis Mills,QB,HOU,JAX,5,2022,16,24,140.0,0,2,2.0,0,0,0,0.0,0,5.8,5.8,HOU,Davis Mills,5.8
00-0036898,D.Mills,Davis Mills,QB,HOU,LV,7,2022,28,41,302.0,2,0,0.0,0,0,0,0.0,0,18.08,18.08,HOU,Davis Mills,18.08
00-0036898,D.Mills,Davis Mills,QB,HOU,TEN,8,2022,17,29,152.0,1,3,8.0,0,0,0,0.0,0,8.88,8.88,HOU,Davis Mills,8.88
00-0036898,D.Mills,Davis Mills,QB,HOU,PHI,9,2022,13,22,154.0,2,3,18.0,0,0,0,0.0,0,11.96,11.96,HOU,Davis Mills,11.96
00-0036898,D.Mills,Davis Mills,QB,HOU,NYG,10,2022,22,37,319.0,1,0,0.0,0,0,0,0.0,0,14.76,14.76,HOU,Davis Mills,14.76
00-0036898,D.Mills,Davis Mills,QB,HOU,WAS,11,2022,19,33,169.0,0,5,10.0,1,0,0,0.0,0,9.76,9.76,HOU,Davis Mills,9.76
00-0036898,D.Mills,Davis Mills,QB,HOU,DAL,14,2022,16,21,175.0,0,1,2.0,0,0,0,0.0,0,5.2,5.2,HOU,Davis Mills,5.2
00-0036898,D.Mills,Davis Mills,QB,HOU,KC,15,2022,12,24,121.0,2,5,21.0,1,0,0,0.0,0,18.94,18.94,HOU,Davis Mills,18.94
00-0036898,D.Mills,Davis Mills,QB,HOU,TEN,16,2022,17,28,178.0,1,4,8.0,0,0,0,0.0,0,9.92,9.92,HOU,Davis Mills,9.92
00-0036898,D.Mills,Davis Mills,QB,HOU,JAX,17,2022,22,40,202.0,0,4,33.0,0,0,0,0.0,0,9.38,9.38,HOU,Davis Mills,9.38
00-0036898,D.Mills,Davis Mills,QB,HOU,IND,18,2022,22,38,298.0,3,1,6.0,0,0,0,0.0,0,22.52,22.52,HOU,Davis Mills,22.52
00-0036900,J.Chase,Ja'Marr Chase,WR,CIN,PIT,1,2022,0,0,0.0,0,0,0.0,0,10,16,129.0,1,18.9,28.9,CIN,Ja'Marr Chase,18.9
00-0036900,J.Chase,Ja'Marr Chase,WR,CIN,DAL,2,2022,0,0,0.0,0,1,4.0,0,5,9,54.0,0,5.8,10.8,CIN,Ja'Marr Chase,5.8
00-0036900,J.Chase,Ja'Marr Chase,WR,CIN,NYJ,3,2022,0,0,0.0,0,2,-2.0,0,6,10,29.0,1,6.7,12.7,CIN,Ja'Marr Chase,6.7
00-0036900,J.Chase,Ja'Marr Chase,WR,CIN,MIA,4,2022,0,0,0.0,0,0,0.0,0,4,6,81.0,0,8.1,12.1,CIN,Ja'Marr Chase,8.1
00-0036900,J.Chase,Ja'Marr Chase,WR,CIN,BAL,5,2022,0,0,0.0,0,1,0.0,0,7,12,50.0,0,5.0,12.0,CIN,Ja'Marr Chase,5.0
00-0036900,J.Chase,Ja'Marr Chase,WR,CIN,NO,6,2022,0,0,0.0,0,0,0.0,0,7,10,132.0,2,25.2,32.2,CIN,Ja'Marr Chase,25.2
00-0036900,J.Chase,Ja'Marr Chase,WR,CIN,ATL,7,2022,0,0,0.0,0,0,0.0,0,8,11,130.0,2,25.0,33.0,CIN,Ja'Marr Chase,25.0
00-0036900,J.Chase,Ja'Marr Chase,WR,CIN,KC,13,2022,0,0,0.0,0,0,0.0,0,7,8,97.0,0,9.7,16.7,CIN,Ja'Marr Chase,9.7
00-0036900,J.Chase,Ja'Marr Chase,WR,CIN,CLE,14,2022,0,0,0.0,0,1,6.0,0,10,15,119.0,1,18.5,28.5,CIN,Ja'Marr Chase,18.5
00-0036900,J.Chase,Ja'Marr Chase,WR,CIN,TB,15,2022,0,0,0.0,0,0,0.0,0,7,13,60.0,1,12.0,19.0,CIN,Ja'Marr Chase,12.0
00-0036900,J.Chase,Ja'Marr Chase,WR,CIN,NE,16,2022,0,0,0.0,0,0,0.0,0,8,11,79.0,0,5.9,13.9,CIN,Ja'Marr Chase,5.9
00-0036900,J.Chase,Ja'Marr Chase,WR,CIN,BAL,18,2022,0,0,0.0,0,0,0.0,0,8,13,86.0,1,14.6,22.6,CIN,Ja'Marr Chase,14.6
00-0036900,J.Chase,Ja'Marr Chase,WR,CIN,BAL,19,2022,0,0,0.0,0,0,0.0,0,9,12,84.0,1,14.4,23.4,CIN,Ja'Marr Chase,14.4
00-0036900,J.Chase,Ja'Marr Chase,WR,CIN,BUF,20,2022,0,0,0.0,0,1,3.0,0,5,8,61.0,1,12.4,17.4,CIN,Ja'Marr Chase,12.4
00-0036900,J.Chase,Ja'Marr Chase,WR,CIN,KC,21,2022,0,0,0.0,0,0,0.0,0,6,8,75.0,0,7.5,13.5,CIN,Ja'Marr Chase,7.5
00-0036906,K.Herbert,Khalil Herbert,RB,CHI,SF,1,2022,0,0,0.0,0,9,45.0,1,1,1,-2.0,0,10.3,11.3,CHI,Khalil Herbert,10.3
00-0036906,K.Herbert,Khalil Herbert,RB,CHI,GB,2,2022,0,0,0.0,0,4,38.0,0,1,1,3.0,0,4.1,5.1,CHI,Khalil Herbert,4.1
00-0036906,K.Herbert,Khalil Herbert,RB,CHI,HOU,3,2022,0,0,0.0,0,20,157.0,2,2,2,12.0,0,28.9,30.9,CHI,Khalil Herbert,28.9
00-0036906,K.Herbert,Khalil Herbert,RB,CHI,NYG,4,2022,0,0,0.0,0,19,77.0,0,1,1,24.0,0,10.1,11.1,CHI,Khalil Herbert,10.1
00-0036906,K.Herbert,Khalil Herbert,RB,CHI,MIN,5,2022,0,0,0.0,0,4,11.0,0,0,0,0.0,0,1.1,1.1,CHI,Khalil Herbert,1.1
00-0036906,K.Herbert,Khalil Herbert,RB,CHI,WAS,6,2022,0,0,0.0,0,7,74.0,0,0,0,0.0,0,7.4,7.4,CHI,Khalil Herbert,7.4
00-0036906,K.Herbert,Khalil Herbert,RB,CHI,NE,7,2022,0,0,0.0,0,12,62.0,0,1,2,25.0,1,14.7,15.7,CHI,Khalil Herbert,14.7
00-0036906,K.Herbert,Khalil Herbert,RB,CHI,DAL,8,2022,0,0,0.0,0,16,99.0,1,0,0,0.0,0,15.9,15.9,CHI,Khalil Herbert,15.9
00-0036906,K.Herbert,Khalil Herbert,RB,CHI,MIA,9,2022,0,0,0.0,0,7,23.0,0,0,0,0.0,0,2.3,2.3,CHI,Khalil Herbert,2.3
00-0036906,K.Herbert,Khalil Herbert,RB,CHI,DET,10,2022,0,0,0.0,0,10,57.0,0,0,0,0.0,0,5.7,5.7,CHI,Khalil Herbert,5.7
00-0036906,K.Herbert,Khalil Herbert,RB,CHI,BUF,16,2022,0,0,0.0,0,6,7.0,0,2,3,-4.0,0,0.3,2.3,CHI,Khalil Herbert,0.3
00-0036906,K.Herbert,Khalil Herbert,RB,CHI,DET,17,2022,0,0,0.0,0,5,31.0,0,0,0,0.0,0,3.1,3.1,CHI,Khalil Herbert,3.1
00-0036906,K.Herbert,Khalil Herbert,RB,CHI,MIN,18,2022,0,0,0.0,0,10,50.0,0,1,2,-1.0,0,4.9,5.9,CHI,Khalil Herbert,4.9
00-0036912,D.Smith,DeVonta Smith,WR,PHI,DET,1,2022,0,0,0.0,0,0,0.0,0,0,4,0.0,0,0.0,0.0,PHI,DeVonta Smith,0.0
00-0036912,D.Smith,DeVonta Smith,WR,PHI,MIN,2,2022,0,0,0.0,0,0,0.0,0,7,7,80.0,0,8.0,15.0,PHI,DeVonta Smith,8.0
00-0036912,D.Smith,DeVonta Smith,WR,PHI,WAS,3,2022,0,0,0.0,0,0,0.0,0,8,12,169.0,1,22.9,30.9,PHI,DeVonta Smith,22.9
00-0036912,D.Smith,DeVonta Smith,WR,PHI,JAX,4,2022,0,0,0.0,0,0,0.0,0,3,4,17.0,0,1.7,4.7,PHI,DeVonta Smith,1.7
00-0036912,D.Smith,DeVonta Smith,WR,PHI,ARI,5,2022,0,0,0.0,0,0,0.0,0,10,11,87.0,0,8.7,18.7,PHI,DeVonta Smith,8.7
00-0036912,D.Smith,DeVonta Smith,WR,PHI,DAL,6,2022,0,0,0.0,0,0,0.0,0,5,5,44.0,1,10.4,15.4,PHI,DeVonta Smith,10.4
00-0036912,D.Smith,DeVonta Smith,WR,PHI,PIT,8,2022,0,0,0.0,0,0,0.0,0,5,8,23.0,0,2.3,7.3,PHI,DeVonta Smith,2.3
00-0036912,D.Smith,DeVonta Smith,WR,PHI,HOU,9,2022,0,0,0.0,0,0,0.0,0,2,2,22.0,0,2.2,4.2,PHI,DeVonta Smith,2.2
00-0036912,D.Smith,DeVonta Smith,WR,PHI,WAS,10,2022,0,0,0.0,0,0,0.0,0,6,8,39.0,1,7.9,13.9,PHI,DeVonta Smith,7.9
00-0036912,D.Smith,DeVonta Smith,WR,PHI,IND,11,2022,0,0,0.0,0,0,0.0,0,6,9,78.0,0,7.8,13.8,PHI,DeVonta Smith,7.8
00-0036912,D.Smith,DeVonta Smith,WR,PHI,GB,12,2022,0,0,0.0,0,0,0.0,0,4,9,50.0,0,5.0,9.0,PHI,DeVonta Smith,5.0
00-0036912,D.Smith,DeVonta Smith,WR,PHI,TEN,13,2022,0,0,0.0,0,0,0.0,0,5,8,102.0,1,16.2,21.2,PHI,DeVonta Smith,16.2
00-0036912,D.Smith,DeVonta Smith,WR,PHI,NYG,14,2022,0,0,0.0,0,0,0.0,0,5,8,64.0,1,12.4,17.4,PHI,DeVonta Smith,12.4
00-0036912,D.Smith,DeVonta Smith,WR,PHI,CHI,15,2022,0,0,0.0,0,0,0.0,0,5,8,126.0,0,12.6,17.6,PHI,DeVonta Smith,12.6
00-0036912,D.Smith,DeVonta Smith,WR,PHI,DAL,16,2022,0,0,0.0,0,0,0.0,0,8,12,113.0,2,23.3,31.3,PHI,DeVonta Smith,23.3
00-0036912,D.Smith,DeVonta Smith,WR,PHI,NO,17,2022,0,0,0.0,0,0,0.0,0,9,13,115.0,0,11.5,20.5,PHI,DeVonta Smith,11.5
00-0036912,D.Smith,DeVonta Smith,WR,PHI,NYG,18,2022,0,0,0.0,0,0,0.0,0,7,8,67.0,0,6.7,13.7,PHI,DeVonta Smith,6.7
00-0036912,D.Smith,DeVonta Smith,WR,PHI,NYG,20,2022,0,0,0.0,0,0,0.0,0,6,10,61.0,1,12.1,18.1,PHI,DeVonta Smith,12.1
00-0036912,D.Smith,DeVonta Smith,WR,PHI,SF,21,2022,0,0,0.0,0,0,0.0,0,2,3,36.0,0,3.6,5.6,PHI,DeVonta Smith,3.6
00-0036912,D.Smith,DeVonta Smith,WR,PHI,KC,22,2022,0,0,0.0,0,0,0.0,0,7,9,100.0,0,10.0,17.0,PHI,DeVonta Smith,10.0
00-0036913,K.Toney,Kadarius Toney,WR,NYG,TEN,1,2022,0,0,0.0,0,2,23.0,0,0,0,0.0,0,2.3,2.3,NYG,Kadarius Toney,2.3
00-0036913,K.Toney,Kadarius Toney,WR,NYG,CAR,2,2022,0,0,0.0,0,0,0.0,0,2,3,0.0,0,0.0,2.0,NYG,Kadarius Toney,0.0
00-0036913,K.Toney,Kadarius Toney,WR,KC,TEN,9,2022,0,0,0.0,0,0,0.0,0,2,2,12.0,0,1.2,3.2,KC,Kadarius Toney,1.2
00-0036913,K.Toney,Kadarius Toney,WR,KC,JAX,10,2022,0,0,0.0,0,2,33.0,0,4,5,57.0,1,15.0,19.0,KC,Kadarius Toney,15.0
00-0036913,K.Toney,Kadarius Toney,WR,KC,LAC,11,2022,0,0,0.0,0,0,0.0,0,0,1,0.0,0,0.0,0.0,KC,Kadarius Toney,0.0
00-0036913,K.Toney,Kadarius Toney,WR,KC,HOU,15,2022,0,0,0.0,0,0,0.0,0,1,1,5.0,0,0.5,1.5,KC,Kadarius Toney,0.5
00-0036913,K.Toney,Kadarius Toney,WR,KC,SEA,16,2022,0,0,0.0,0,0,0.0,0,1,2,8.0,1,6.8,7.8,KC,Kadarius Toney,6.8
00-0036913,K.Toney,Kadarius Toney,WR,KC,DEN,17,2022,0,0,0.0,0,0,0.0,0,4,4,71.0,0,7.1,11.1,KC,Kadarius Toney,7.1
00-0036913,K.Toney,Kadarius Toney,WR,KC,LV,18,2022,0,0,0.0,0,3,26.0,1,2,2,18.0,0,10.4,12.4,KC,Kadarius Toney,10.4
00-0036913,K.Toney,Kadarius Toney,WR,KC,JAX,20,2022,0,0,0.0,0,1,14.0,0,5,7,36.0,0,5.0,10.0,KC,Kadarius Toney,5.0
00-0036913,K.Toney,Kadarius Toney,WR,KC,CIN,21,2022,0,0,0.0,0,0,0.0,0,1,2,9.0,0,0.9,1.9,KC,Kadarius Toney,0.9
00-0036913,K.Toney,Kadarius Toney,WR,KC,PHI,22,2022,0,0,0.0,0,0,0.0,0,1,1,5.0,1,6.5,7.5,KC,Kadarius Toney,6.5
00-0036918,J.Harris,Jacob Harris,WR,LA,KC,12,2022,0,0,0.0,0,0,0.0,0,1,1,6.0,0,0.6,1.6,LA,Jacob Harris,0.6
00-0036919,K.Gainwell,Kenneth Gainwell,RB,PHI,DET,1,2022,0,0,0.0,0,5,20.0,1,2,4,12.0,0,9.2,11.2,PHI,Kenneth Gainwell,9.2
00-0036919,K.Gainwell,Kenneth Gainwell,RB,PHI,MIN,2,2022,0,0,0.0,0,2,7.0,0,1,2,11.0,0,1.8,2.8,PHI,Kenneth Gainwell,1.8
00-0036919,K.Gainwell,Kenneth Gainwell,RB,PHI,WAS,3,2022,0,0,0.0,0,3,6.0,0,0,0,0.0,0,0.6,0.6,PHI,Kenneth Gainwell,0.6
00-0036919,K.Gainwell,Kenneth Gainwell,RB,PHI,JAX,4,2022,0,0,0.0,0,5,19.0,1,1,2,-2.0,0,7.7,8.7,PHI,Kenneth Gainwell,7.7
00-0036919,K.Gainwell,Kenneth Gainwell,RB,PHI,ARI,5,2022,0,0,0.0,0,3,20.0,0,0,0,0.0,0,2.0,2.0,PHI,Kenneth Gainwell,2.0
00-0036919,K.Gainwell,Kenneth Gainwell,RB,PHI,DAL,6,2022,0,0,0.0,0,5,25.0,0,0,0,0.0,0,2.5,2.5,PHI,Kenneth Gainwell,2.5
00-0036919,K.Gainwell,Kenneth Gainwell,RB,PHI,PIT,8,2022,0,0,0.0,0,1,3.0,0,1,1,8.0,0,1.1,2.1,PHI,Kenneth Gainwell,1.1
00-0036919,K.Gainwell,Kenneth Gainwell,RB,PHI,HOU,9,2022,0,0,0.0,0,4,22.0,1,3,3,16.0,0,9.8,12.8,PHI,Kenneth Gainwell,9.8
00-0036919,K.Gainwell,Kenneth Gainwell,RB,PHI,WAS,10,2022,0,0,0.0,0,1,7.0,0,1,2,5.0,0,1.2,2.2,PHI,Kenneth Gainwell,1.2
00-0036919,K.Gainwell,Kenneth Gainwell,RB,PHI,IND,11,2022,0,0,0.0,0,1,0.0,0,0,0,0.0,0,0.0,0.0,PHI,Kenneth Gainwell,0.0
00-0036919,K.Gainwell,Kenneth Gainwell,RB,PHI,GB,12,2022,0,0,0.0,0,8,39.0,1,1,1,7.0,0,10.6,11.6,PHI,Kenneth Gainwell,10.6
00-0036919,K.Gainwell,Kenneth Gainwell,RB,PHI,TEN,13,2022,0,0,0.0,0,3,15.0,0,3,4,38.0,0,5.3,8.3,PHI,Kenneth Gainwell,5.3
00-0036919,K.Gainwell,Kenneth Gainwell,RB,PHI,NYG,14,2022,0,0,0.0,0,0,0.0,0,1,1,0.0,0,0.0,1.0,PHI,Kenneth Gainwell,0.0
00-0036919,K.Gainwell,Kenneth Gainwell,RB,PHI,CHI,15,2022,0,0,0.0,0,3,5.0,0,2,2,9.0,0,1.4,3.4,PHI,Kenneth Gainwell,1.4
00-0036919,K.Gainwell,Kenneth Gainwell,RB,PHI,DAL,16,2022,0,0,0.0,0,4,17.0,0,4,4,41.0,0,5.8,9.8,PHI,Kenneth Gainwell,5.8
00-0036919,K.Gainwell,Kenneth Gainwell,RB,PHI,NO,17,2022,0,0,0.0,0,0,0.0,0,2,2,17.0,0,1.7,3.7,PHI,Kenneth Gainwell,1.7
00-0036919,K.Gainwell,Kenneth Gainwell,RB,PHI,NYG,18,2022,0,0,0.0,0,5,35.0,0,1,1,7.0,0,4.2,5.2,PHI,Kenneth Gainwell,4.2
00-0036919,K.Gainwell,Kenneth Gainwell,RB,PHI,NYG,20,2022,0,0,0.0,0,12,112.0,1,1,2,9.0,0,18.1,19.1,PHI,Kenneth Gainwell,18.1
00-0036919,K.Gainwell,Kenneth Gainwell,RB,PHI,SF,21,2022,0,0,0.0,0,14,48.0,0,2,3,26.0,0,7.4,9.4,PHI,Kenneth Gainwell,7.4
00-0036919,K.Gainwell,Kenneth Gainwell,RB,PHI,KC,22,2022,0,0,0.0,0,7,21.0,0,4,4,20.0,0,4.1,8.1,PHI,Kenneth Gainwell,4.1
00-0036924,M.Carter,Michael Carter,RB,NYJ,BAL,1,2022,0,0,0.0,0,10,60.0,0,7,9,40.0,0,10.0,17.0,NYJ,Michael Carter,10.0
00-0036924,M.Carter,Michael Carter,RB,NYJ,CLE,2,2022,0,0,0.0,0,7,23.0,0,5,5,27.0,0,5.0,10.0,NYJ,Michael Carter,5.0
00-0036924,M.Carter,Michael Carter,RB,NYJ,CIN,3,2022,0,0,0.0,0,11,39.0,0,1,2,7.0,0,4.6,5.6,NYJ,Michael Carter,4.6
00-0036924,M.Carter,Michael Carter,RB,NYJ,PIT,4,2022,0,0,0.0,0,9,15.0,0,2,3,14.0,0,2.9,4.9,NYJ,Michael Carter,2.9
00-0036924,M.Carter,Michael Carter,RB,NYJ,MIA,5,2022,0,0,0.0,0,10,21.0,2,2,2,12.0,0,15.3,17.3,NYJ,Michael Carter,15.3
00-0036924,M.Carter,Michael Carter,RB,NYJ,GB,6,2022,0,0,0.0,0,6,41.0,0,1,1,6.0,0,4.7,5.7,NYJ,Michael Carter,4.7
00-0036924,M.Carter,Michael Carter,RB,NYJ,DEN,7,2022,0,0,0.0,0,13,29.0,0,2,2,45.0,0,7.4,9.4,NYJ,Michael Carter,7.4
00-0036924,M.Carter,Michael Carter,RB,NYJ,NE,8,2022,0,0,0.0,0,7,26.0,0,4,7,35.0,0,6.1,10.1,NYJ,Michael Carter,6.1
00-0036924,M.Carter,Michael Carter,RB,NYJ,BUF,9,2022,0,0,0.0,0,12,76.0,1,1,1,10.0,0,14.6,15.6,NYJ,Michael Carter,14.6
00-0036924,M.Carter,Michael Carter,RB,NYJ,NE,11,2022,0,0,0.0,0,8,19.0,0,1,2,-2.0,0,1.7,2.7,NYJ,Michael Carter,1.7
00-0036924,M.Carter,Michael Carter,RB,NYJ,CHI,12,2022,0,0,0.0,0,6,21.0,0,2,2,15.0,0,3.6,5.6,NYJ,Michael Carter,3.6
00-0036924,M.Carter,Michael Carter,RB,NYJ,BUF,14,2022,0,0,0.0,0,5,5.0,0,3,6,15.0,0,0.0,3.0,NYJ,Michael Carter,0.0
00-0036924,M.Carter,Michael Carter,RB,NYJ,DET,15,2022,0,0,0.0,0,4,15.0,0,1,1,16.0,0,3.1,4.1,NYJ,Michael Carter,3.1
00-0036924,M.Carter,Michael Carter,RB,NYJ,JAX,16,2022,0,0,0.0,0,2,6.0,0,5,5,44.0,0,5.0,10.0,NYJ,Michael Carter,5.0
00-0036924,M.Carter,Michael Carter,RB,NYJ,SEA,17,2022,0,0,0.0,0,1,2.0,0,2,3,3.0,0,0.5,2.5,NYJ,Michael Carter,0.5
00-0036924,M.Carter,Michael Carter,RB,NYJ,MIA,18,2022,0,0,0.0,0,3,4.0,0,2,3,1.0,0,0.5,2.5,NYJ,Michael Carter,0.5
00-0036928,K.Trask,Kyle Trask,QB,TB,ATL,18,2022,3,9,23.0,0,0,0.0,0,0,0,0.0,0,0.92,0.92,TB,Kyle Trask,0.92
00-0036936,R.Moore,Rondale Moore,WR,ARI,CAR,4,2022,0,0,0.0,0,1,-4.0,0,3,5,11.0,0,0.7,3.7,ARI,Rondale Moore,0.7
00-0036936,R.Moore,Rondale Moore,WR,ARI,PHI,5,2022,0,0,0.0,0,2,-7.0,0,7,8,68.0,0,6.1,13.1,ARI,Rondale Moore,6.1
00-0036936,R.Moore,Rondale Moore,WR,ARI,SEA,6,2022,0,0,0.0,0,0,0.0,0,6,10,49.0,0,4.9,10.9,ARI,Rondale Moore,4.9
00-0036936,R.Moore,Rondale Moore,WR,ARI,NO,7,2022,0,0,0.0,0,0,0.0,0,1,2,31.0,0,3.1,4.1,ARI,Rondale Moore,3.1
00-0036936,R.Moore,Rondale Moore,WR,ARI,MIN,8,2022,0,0,0.0,0,2,12.0,0,7,8,92.0,1,16.4,23.4,ARI,Rondale Moore,16.4
00-0036936,R.Moore,Rondale Moore,WR,ARI,SEA,9,2022,0,0,0.0,0,0,0.0,0,8,10,69.0,0,6.9,14.9,ARI,Rondale Moore,6.9
00-0036936,R.Moore,Rondale Moore,WR,ARI,LA,10,2022,0,0,0.0,0,0,0.0,0,9,13,94.0,0,9.4,18.4,ARI,Rondale Moore,9.4
00-0036936,R.Moore,Rondale Moore,WR,ARI,SF,11,2022,0,0,0.0,0,1,-6.0,0,0,0,0.0,0,-0.6,-0.6,ARI,Rondale Moore,-0.6
00-0036945,J.Fields,Justin Fields,QB,CHI,SF,1,2022,8,17,121.0,2,11,28.0,0,0,0,0.0,0,13.64,13.64,CHI,Justin Fields,13.64
00-0036945,J.Fields,Justin Fields,QB,CHI,GB,2,2022,7,11,70.0,0,8,20.0,1,0,0,0.0,0,8.8,8.8,CHI,Justin Fields,8.8
00-0036945,J.Fields,Justin Fields,QB,CHI,HOU,3,2022,8,17,106.0,0,8,47.0,0,0,0,0.0,0,4.94,4.94,CHI,Justin Fields,4.94
00-0036945,J.Fields,Justin Fields,QB,CHI,NYG,4,2022,11,22,174.0,0,7,52.0,0,0,0,0.0,0,10.16,10.16,CHI,Justin Fields,10.16
00-0036945,J.Fields,Justin Fields,QB,CHI,MIN,5,2022,15,21,208.0,1,8,47.0,0,0,0,0.0,0,17.02,17.02,CHI,Justin Fields,17.02
00-0036945,J.Fields,Justin Fields,QB,CHI,WAS,6,2022,14,27,190.0,1,12,88.0,0,0,0,0.0,0,18.4,18.4,CHI,Justin Fields,18.4
00-0036945,J.Fields,Justin Fields,QB,CHI,NE,7,2022,13,21,179.0,1,14,82.0,1,0,0,0.0,0,23.36,23.36,CHI,Justin Fields,23.36
00-0036945,J.Fields,Justin Fields,QB,CHI,DAL,8,2022,17,23,151.0,2,8,60.0,1,0,0,0.0,0,26.04,26.04,CHI,Justin Fields,26.04
00-0036945,J.Fields,Justin Fields,QB,CHI,MIA,9,2022,17,28,123.0,3,15,178.0,1,0,0,0.0,0,42.72,42.72,CHI,Justin Fields,42.72
00-0036945,J.Fields,Justin Fields,QB,CHI,DET,10,2022,12,20,167.0,2,13,147.0,2,0,0,0.0,0,39.38,39.38,CHI,Justin Fields,39.38
00-0036945,J.Fields,Justin Fields,QB,CHI,ATL,11,2022,14,21,153.0,1,18,85.0,1,0,0,0.0,0,22.62,22.62,CHI,Justin Fields,22.62
00-0036945,J.Fields,Justin Fields,QB,CHI,GB,13,2022,20,25,254.0,0,6,71.0,1,0,0,0.0,0,19.26,19.26,CHI,Justin Fields,19.26
00-0036945,J.Fields,Justin Fields,QB,CHI,PHI,15,2022,14,21,152.0,2,15,95.0,0,0,0,0.0,0,23.58,23.58,CHI,Justin Fields,23.58
00-0036945,J.Fields,Justin Fields,QB,CHI,BUF,16,2022,15,23,119.0,1,7,11.0,0,0,0,0.0,0,9.86,9.86,CHI,Justin Fields,9.86
00-0036945,J.Fields,Justin Fields,QB,CHI,DET,17,2022,7,21,75.0,1,10,132.0,0,0,0,0.0,0,16.2,16.2,CHI,Justin Fields,16.2
00-0036950,A.Williams,Avery Williams,RB,ATL,NO,1,2022,0,0,0.0,0,2,7.0,0,1,1,8.0,0,1.5,2.5,ATL,Avery Williams,1.5
00-0036950,A.Williams,Avery Williams,RB,ATL,LA,2,2022,0,0,0.0,0,0,0.0,0,1,1,6.0,0,0.6,1.6,ATL,Avery Williams,0.6
00-0036950,A.Williams,Avery Williams,RB,ATL,SEA,3,2022,0,0,0.0,0,1,9.0,0,0,0,0.0,0,0.9,0.9,ATL,Avery Williams,0.9
00-0036950,A.Williams,Avery Williams,RB,ATL,CLE,4,2022,0,0,0.0,0,1,21.0,0,0,0,0.0,0,2.1,2.1,ATL,Avery Williams,2.1
00-0036950,A.Williams,Avery Williams,RB,ATL,TB,5,2022,0,0,0.0,0,3,11.0,1,2,2,10.0,0,8.1,10.1,ATL,Avery Williams,8.1
00-0036950,A.Williams,Avery Williams,RB,ATL,SF,6,2022,0,0,0.0,0,2,6.0,0,1,1,2.0,0,0.8,1.8,ATL,Avery Williams,0.8
00-0036950,A.Williams,Avery Williams,RB,ATL,CIN,7,2022,0,0,0.0,0,1,4.0,0,0,1,0.0,0,0.4,0.4,ATL,Avery Williams,0.4
00-0036950,A.Williams,Avery Williams,RB,ATL,CAR,8,2022,0,0,0.0,0,0,0.0,0,2,2,7.0,0,0.7,2.7,ATL,Avery Williams,0.7
00-0036950,A.Williams,Avery Williams,RB,ATL,LAC,9,2022,0,0,0.0,0,0,0.0,0,1,1,2.0,0,0.2,1.2,ATL,Avery Williams,0.2
00-0036950,A.Williams,Avery Williams,RB,ATL,CAR,10,2022,0,0,0.0,0,4,25.0,0,0,0,0.0,0,2.5,2.5,ATL,Avery Williams,2.5
00-0036950,A.Williams,Avery Williams,RB,ATL,NO,15,2022,0,0,0.0,0,0,0.0,0,2,2,10.0,0,1.0,3.0,ATL,Avery Williams,1.0
00-0036950,A.Williams,Avery Williams,RB,ATL,BAL,16,2022,0,0,0.0,0,3,16.0,0,2,2,14.0,0,3.0,5.0,ATL,Avery Williams,3.0
00-0036950,A.Williams,Avery Williams,RB,ATL,ARI,17,2022,0,0,0.0,0,1,-2.0,0,1,1,2.0,0,0.0,1.0,ATL,Avery Williams,0.0
00-0036950,A.Williams,Avery Williams,RB,ATL,TB,18,2022,0,0,0.0,0,4,12.0,0,0,0,0.0,0,1.2,1.2,ATL,Avery Williams,1.2
00-0036951,F.Darby,Frank Darby,WR,ATL,TB,18,2022,0,0,0.0,0,0,0.0,0,1,1,15.0,0,1.5,2.5,ATL,Frank Darby,1.5
00-0036955,T.Marshall,Terrace Marshall,WR,CAR,SF,5,2022,0,0,0.0,0,0,0.0,0,4,4,30.0,0,3.0,7.0,CAR,Terrace Marshall,3.0
00-0036955,T.Marshall,Terrace Marshall,WR,CAR,LA,6,2022,0,0,0.0,0,0,0.0,0,0,1,0.0,0,0.0,0.0,CAR,Terrace Marshall,0.0
00-0036955,T.Marshall,Terrace Marshall,WR,CAR,TB,7,2022,0,0,0.0,0,0,0.0,0,2,3,31.0,0,3.1,5.1,CAR,Terrace Marshall,3.1
00-0036955,T.Marshall,Terrace Marshall,WR,CAR,ATL,8,2022,0,0,0.0,0,0,0.0,0,4,9,87.0,0,8.7,12.7,CAR,Terrace Marshall,8.7
00-0036955,T.Marshall,Terrace Marshall,WR,CAR,CIN,9,2022,0,0,0.0,0,0,0.0,0,3,6,53.0,1,11.3,14.3,CAR,Terrace Marshall,11.3
00-0036955,T.Marshall,Terrace Marshall,WR,CAR,ATL,10,2022,0,0,0.0,0,0,0.0,0,1,2,43.0,0,4.3,5.3,CAR,Terrace Marshall,4.3
00-0036955,T.Marshall,Terrace Marshall,WR,CAR,BAL,11,2022,0,0,0.0,0,0,0.0,0,3,6,76.0,0,7.6,10.6,CAR,Terrace Marshall,7.6
00-0036955,T.Marshall,Terrace Marshall,WR,CAR,DEN,12,2022,0,0,0.0,0,0,0.0,0,1,3,8.0,0,0.8,1.8,CAR,Terrace Marshall,0.8
00-0036955,T.Marshall,Terrace Marshall,WR,CAR,SEA,14,2022,0,0,0.0,0,0,0.0,0,1,1,18.0,0,1.8,2.8,CAR,Terrace Marshall,1.8
00-0036955,T.Marshall,Terrace Marshall,WR,CAR,PIT,15,2022,0,0,0.0,0,0,0.0,0,3,3,51.0,0,5.1,8.1,CAR,Terrace Marshall,5.1
00-0036955,T.Marshall,Terrace Marshall,WR,CAR,DET,16,2022,0,0,0.0,0,0,0.0,0,2,3,55.0,0,5.5,7.5,CAR,Terrace Marshall,5.5
00-0036955,T.Marshall,Terrace Marshall,WR,CAR,TB,17,2022,0,0,0.0,0,0,0.0,0,2,3,15.0,0,1.5,3.5,CAR,Terrace Marshall,1.5
00-0036955,T.Marshall,Terrace Marshall,WR,CAR,NO,18,2022,0,0,0.0,0,0,0.0,0,2,3,23.0,0,2.3,4.3,CAR,Terrace Marshall,2.3
00-0036959,M.Bandy,Michael Bandy,WR,LAC,HOU,4,2022,0,0,0.0,0,0,0.0,0,2,2,49.0,0,4.9,6.9,LAC,Michael Bandy,4.9
00-0036959,M.Bandy,Michael Bandy,WR,LAC,DEN,6,2022,0,0,0.0,0,0,0.0,0,1,2,4.0,0,0.4,1.4,LAC,Michael Bandy,0.4
00-0036959,M.Bandy,Michael Bandy,WR,LAC,SEA,7,2022,0,0,0.0,0,0,0.0,0,1,6,-5.0,0,-0.5,0.5,LAC,Michael Bandy,-0.5
00-0036959,M.Bandy,Michael Bandy,WR,LAC,ATL,9,2022,0,0,0.0,0,0,0.0,0,5,8,26.0,0,2.6,7.6,LAC,Michael Bandy,2.6
00-0036959,M.Bandy,Michael Bandy,WR,LAC,SF,10,2022,0,0,0.0,0,0,0.0,0,0,1,0.0,0,0.0,0.0,LAC,Michael Bandy,0.0
00-0036959,M.Bandy,Michael Bandy,WR,LAC,KC,11,2022,0,0,0.0,0,0,0.0,0,0,1,0.0,0,0.0,0.0,LAC,Michael Bandy,0.0
00-0036959,M.Bandy,Michael Bandy,WR,LAC,LV,13,2022,0,0,0.0,0,0,0.0,0,1,1,15.0,0,1.5,2.5,LAC,Michael Bandy,1.5
00-0036963,A.St. Brown,Amon-Ra St. Brown,WR,DET,PHI,1,2022,0,0,0.0,0,0,0.0,0,8,12,64.0,1,12.4,20.4,DET,Amon-Ra St. Brown,12.4
00-0036963,A.St. Brown,Amon-Ra St. Brown,WR,DET,WAS,2,2022,0,0,0.0,0,2,68.0,0,9,12,116.0,2,30.4,39.4,DET,Amon-Ra St. Brown,30.4
00-0036963,A.St. Brown,Amon-Ra St. Brown,WR,DET,MIN,3,2022,0,0,0.0,0,0,0.0,0,6,9,73.0,0,7.3,13.3,DET,Amon-Ra St. Brown,7.3
00-0036963,A.St. Brown,Amon-Ra St. Brown,WR,DET,NE,5,2022,0,0,0.0,0,0,0.0,0,4,6,18.0,0,1.8,5.8,DET,Amon-Ra St. Brown,1.8
00-0036963,A.St. Brown,Amon-Ra St. Brown,WR,DET,DAL,7,2022,0,0,0.0,0,0,0.0,0,1,1,4.0,0,0.4,1.4,DET,Amon-Ra St. Brown,0.4
00-0036963,A.St. Brown,Amon-Ra St. Brown,WR,DET,MIA,8,2022,0,0,0.0,0,0,0.0,0,7,10,69.0,0,6.9,13.9,DET,Amon-Ra St. Brown,6.9
00-0036963,A.St. Brown,Amon-Ra St. Brown,WR,DET,GB,9,2022,0,0,0.0,0,0,0.0,0,4,9,55.0,0,5.5,9.5,DET,Amon-Ra St. Brown,5.5
00-0036963,A.St. Brown,Amon-Ra St. Brown,WR,DET,CHI,10,2022,0,0,0.0,0,1,2.0,0,10,11,119.0,0,12.1,22.1,DET,Amon-Ra St. Brown,12.1
00-0036963,A.St. Brown,Amon-Ra St. Brown,WR,DET,NYG,11,2022,0,0,0.0,0,1,4.0,0,7,8,76.0,0,8.0,15.0,DET,Amon-Ra St. Brown,8.0
00-0036963,A.St. Brown,Amon-Ra St. Brown,WR,DET,BUF,12,2022,0,0,0.0,0,1,7.0,0,9,10,122.0,1,18.9,27.9,DET,Amon-Ra St. Brown,18.9
00-0036963,A.St. Brown,Amon-Ra St. Brown,WR,DET,JAX,13,2022,0,0,0.0,0,1,2.0,0,11,12,114.0,2,23.6,34.6,DET,Amon-Ra St. Brown,23.6
00-0036963,A.St. Brown,Amon-Ra St. Brown,WR,DET,MIN,14,2022,0,0,0.0,0,1,6.0,0,6,9,68.0,0,7.4,13.4,DET,Amon-Ra St. Brown,7.4
00-0036963,A.St. Brown,Amon-Ra St. Brown,WR,DET,NYJ,15,2022,0,0,0.0,0,1,6.0,0,7,10,76.0,0,8.2,15.2,DET,Amon-Ra St. Brown,8.2
00-0036963,A.St. Brown,Amon-Ra St. Brown,WR,DET,CAR,16,2022,0,0,0.0,0,1,0.0,0,7,13,76.0,0,7.6,14.6,DET,Amon-Ra St. Brown,7.6
00-0036963,A.St. Brown,Amon-Ra St. Brown,WR,DET,CHI,17,2022,0,0,0.0,0,0,0.0,0,4,5,62.0,0,6.2,10.2,DET,Amon-Ra St. Brown,6.2
00-0036963,A.St. Brown,Amon-Ra St. Brown,WR,DET,GB,18,2022,0,0,0.0,0,0,0.0,0,6,9,49.0,0,4.9,10.9,DET,Amon-Ra St. Brown,4.9
00-0036970,K.Pitts,Kyle Pitts,TE,ATL,NO,1,2022,0,0,0.0,0,0,0.0,0,2,7,19.0,0,1.9,3.9,ATL,Kyle Pitts,1.9
00-0036970,K.Pitts,Kyle Pitts,TE,ATL,LA,2,2022,0,0,0.0,0,0,0.0,0,2,3,19.0,0,1.9,3.9,ATL,Kyle Pitts,1.9
00-0036970,K.Pitts,Kyle Pitts,TE,ATL,SEA,3,2022,0,0,0.0,0,0,0.0,0,5,8,87.0,0,8.7,13.7,ATL,Kyle Pitts,8.7
00-0036970,K.Pitts,Kyle Pitts,TE,ATL,CLE,4,2022,0,0,0.0,0,0,0.0,0,1,4,25.0,0,2.5,3.5,ATL,Kyle Pitts,2.5
00-0036970,K.Pitts,Kyle Pitts,TE,ATL,SF,6,2022,0,0,0.0,0,0,0.0,0,3,3,19.0,1,7.9,10.9,ATL,Kyle Pitts,7.9
00-0036970,K.Pitts,Kyle Pitts,TE,ATL,CIN,7,2022,0,0,0.0,0,0,0.0,0,3,5,9.0,0,0.9,3.9,ATL,Kyle Pitts,0.9
00-0036970,K.Pitts,Kyle Pitts,TE,ATL,CAR,8,2022,0,0,0.0,0,0,0.0,0,5,9,80.0,1,14.0,19.0,ATL,Kyle Pitts,14.0
00-0036970,K.Pitts,Kyle Pitts,TE,ATL,LAC,9,2022,0,0,0.0,0,0,0.0,0,2,7,27.0,0,2.7,4.7,ATL,Kyle Pitts,2.7
00-0036970,K.Pitts,Kyle Pitts,TE,ATL,CAR,10,2022,0,0,0.0,0,0,0.0,0,2,8,28.0,0,2.8,4.8,ATL,Kyle Pitts,2.8
00-0036970,K.Pitts,Kyle Pitts,TE,ATL,CHI,11,2022,0,0,0.0,0,0,0.0,0,3,5,43.0,0,4.3,7.3,ATL,Kyle Pitts,4.3
00-0036971,T.Lawrence,Trevor Lawrence,QB,JAX,WAS,1,2022,24,42,275.0,1,2,4.0,0,0,0,0.0,0,13.4,13.4,JAX,Trevor Lawrence,13.4
00-0036971,T.Lawrence,Trevor Lawrence,QB,JAX,IND,2,2022,25,30,235.0,2,3,11.0,0,0,0,0.0,0,18.5,18.5,JAX,Trevor Lawrence,18.5
00-0036971,T.Lawrence,Trevor Lawrence,QB,JAX,LAC,3,2022,28,39,262.0,3,3,7.0,0,0,0,0.0,0,25.18,25.18,JAX,Trevor Lawrence,25.18
00-0036971,T.Lawrence,Trevor Lawrence,QB,JAX,PHI,4,2022,11,23,174.0,2,2,7.0,0,0,0,0.0,0,5.66,5.66,JAX,Trevor Lawrence,5.66
00-0036971,T.Lawrence,Trevor Lawrence,QB,JAX,HOU,5,2022,25,47,286.0,0,4,29.0,0,0,0,0.0,0,10.34,10.34,JAX,Trevor Lawrence,10.34
00-0036971,T.Lawrence,Trevor Lawrence,QB,JAX,IND,6,2022,20,22,165.0,1,6,23.0,2,0,0,0.0,0,24.9,24.9,JAX,Trevor Lawrence,24.9
00-0036971,T.Lawrence,Trevor Lawrence,QB,JAX,NYG,7,2022,22,43,310.0,0,4,3.0,1,0,0,0.0,0,18.7,18.7,JAX,Trevor Lawrence,18.7
00-0036971,T.Lawrence,Trevor Lawrence,QB,JAX,DEN,8,2022,18,31,133.0,1,3,15.0,0,0,0,0.0,0,6.82,6.82,JAX,Trevor Lawrence,6.82
00-0036971,T.Lawrence,Trevor Lawrence,QB,JAX,LV,9,2022,25,31,235.0,1,6,53.0,0,0,0,0.0,0,16.7,16.7,JAX,Trevor Lawrence,16.7
00-0036971,T.Lawrence,Trevor Lawrence,QB,JAX,KC,10,2022,29,40,259.0,2,4,26.0,0,0,0,0.0,0,20.96,20.96,JAX,Trevor Lawrence,20.96
00-0036971,T.Lawrence,Trevor Lawrence,QB,JAX,BAL,12,2022,29,37,321.0,3,2,1.0,0,0,0,0.0,0,24.94,24.94,JAX,Trevor Lawrence,24.94
00-0036971,T.Lawrence,Trevor Lawrence,QB,JAX,DET,13,2022,17,31,179.0,1,4,32.0,0,0,0,0.0,0,16.36,16.36,JAX,Trevor Lawrence,16.36
00-0036971,T.Lawrence,Trevor Lawrence,QB,JAX,TEN,14,2022,30,42,368.0,3,3,7.0,1,0,0,0.0,0,33.42,33.42,JAX,Trevor Lawrence,33.42
00-0036971,T.Lawrence,Trevor Lawrence,QB,JAX,DAL,15,2022,27,42,318.0,4,3,21.0,0,0,0,0.0,0,26.82,26.82,JAX,Trevor Lawrence,26.82
00-0036971,T.Lawrence,Trevor Lawrence,QB,JAX,NYJ,16,2022,20,31,229.0,0,7,51.0,1,0,0,0.0,0,18.26,18.26,JAX,Trevor Lawrence,18.26
00-0036971,T.Lawrence,Trevor Lawrence,QB,JAX,HOU,17,2022,17,21,152.0,0,2,4.0,0,0,0,0.0,0,4.48,4.48,JAX,Trevor Lawrence,4.48
00-0036971,T.Lawrence,Trevor Lawrence,QB,JAX,TEN,18,2022,20,32,212.0,1,4,-3.0,0,0,0,0.0,0,10.18,10.18,JAX,Trevor Lawrence,10.18
00-0036971,T.Lawrence,Trevor Lawrence,QB,JAX,LAC,19,2022,28,47,288.0,4,1,8.0,0,0,0,0.0,0,22.32,22.32,JAX,Trevor Lawrence,22.32
00-0036971,T.Lawrence,Trevor Lawrence,QB,JAX,KC,20,2022,24,39,217.0,1,3,26.0,0,0,0,0.0,0,13.28,13.28,JAX,Trevor Lawrence,13.28
00-0036972,M.Jones,Mac Jones,QB,NE,MIA,1,2022,21,30,213.0,1,2,0.0,0,0,0,0.0,0,8.52,8.52,NE,Mac Jones,8.52
00-0036972,M.Jones,Mac Jones,QB,NE,PIT,2,2022,21,35,252.0,1,7,6.0,0,0,0,0.0,0,12.68,12.68,NE,Mac Jones,12.68
00-0036972,M.Jones,Mac Jones,QB,NE,BAL,3,2022,22,32,321.0,0,5,31.0,1,0,0,0.0,0,15.94,15.94,NE,Mac Jones,15.94
00-0036972,M.Jones,Mac Jones,QB,NE,CHI,7,2022,3,6,13.0,0,3,24.0,0,0,0,0.0,0,0.92,0.92,NE,Mac Jones,0.92
00-0036972,M.Jones,Mac Jones,QB,NE,NYJ,8,2022,24,35,194.0,1,7,19.0,0,0,0,0.0,0,11.66,11.66,NE,Mac Jones,11.66
00-0036972,M.Jones,Mac Jones,QB,NE,IND,9,2022,20,30,147.0,1,1,-2.0,0,0,0,0.0,0,9.68,9.68,NE,Mac Jones,9.68
00-0036972,M.Jones,Mac Jones,QB,NE,NYJ,11,2022,23,27,246.0,0,2,3.0,0,0,0,0.0,0,10.14,10.14,NE,Mac Jones,10.14
00-0036972,M.Jones,Mac Jones,QB,NE,MIN,12,2022,28,39,382.0,2,0,0.0,0,0,0,0.0,0,23.28,23.28,NE,Mac Jones,23.28
00-0036972,M.Jones,Mac Jones,QB,NE,BUF,13,2022,22,36,195.0,1,3,7.0,0,0,0,0.0,0,12.5,12.5,NE,Mac Jones,12.5
00-0036972,M.Jones,Mac Jones,QB,NE,ARI,14,2022,24,35,235.0,0,5,-1.0,0,0,0,0.0,0,7.3,7.3,NE,Mac Jones,7.3
00-0036972,M.Jones,Mac Jones,QB,NE,LV,15,2022,13,31,112.0,0,4,10.0,0,0,0,0.0,0,7.48,7.48,NE,Mac Jones,7.48
00-0036972,M.Jones,Mac Jones,QB,NE,CIN,16,2022,21,33,240.0,2,1,-1.0,0,0,0,0.0,0,17.5,17.5,NE,Mac Jones,17.5
00-0036972,M.Jones,Mac Jones,QB,NE,MIA,17,2022,20,33,204.0,2,3,1.0,0,0,0,0.0,0,16.26,16.26,NE,Mac Jones,16.26
00-0036972,M.Jones,Mac Jones,QB,NE,BUF,18,2022,26,40,243.0,3,4,5.0,0,0,0,0.0,0,16.22,16.22,NE,Mac Jones,16.22
00-0036973,T.Etienne,Travis Etienne,RB,JAX,WAS,1,2022,0,0,0.0,0,4,47.0,0,2,4,18.0,0,6.5,8.5,JAX,Travis Etienne,6.5
00-0036973,T.Etienne,Travis Etienne,RB,JAX,IND,2,2022,0,0,0.0,0,9,20.0,0,3,3,33.0,0,5.3,8.3,JAX,Travis Etienne,5.3
00-0036973,T.Etienne,Travis Etienne,RB,JAX,LAC,3,2022,0,0,0.0,0,13,45.0,0,3,3,30.0,0,7.5,10.5,JAX,Travis Etienne,7.5
00-0036973,T.Etienne,Travis Etienne,RB,JAX,PHI,4,2022,0,0,0.0,0,8,32.0,0,0,1,0.0,0,3.2,3.2,JAX,Travis Etienne,3.2
00-0036973,T.Etienne,Travis Etienne,RB,JAX,HOU,5,2022,0,0,0.0,0,10,71.0,0,3,5,43.0,0,11.4,14.4,JAX,Travis Etienne,11.4
00-0036973,T.Etienne,Travis Etienne,RB,JAX,IND,6,2022,0,0,0.0,0,10,86.0,0,2,2,22.0,0,8.8,10.8,JAX,Travis Etienne,8.8
00-0036973,T.Etienne,Travis Etienne,RB,JAX,NYG,7,2022,0,0,0.0,0,14,114.0,1,1,5,5.0,0,17.9,18.9,JAX,Travis Etienne,17.9
00-0036973,T.Etienne,Travis Etienne,RB,JAX,DEN,8,2022,0,0,0.0,0,24,156.0,1,3,3,6.0,0,22.2,25.2,JAX,Travis Etienne,22.2
00-0036973,T.Etienne,Travis Etienne,RB,JAX,LV,9,2022,0,0,0.0,0,28,109.0,2,2,2,17.0,0,24.6,26.6,JAX,Travis Etienne,24.6
00-0036973,T.Etienne,Travis Etienne,RB,JAX,KC,10,2022,0,0,0.0,0,11,45.0,0,3,3,28.0,0,7.3,10.3,JAX,Travis Etienne,7.3
00-0036973,T.Etienne,Travis Etienne,RB,JAX,BAL,12,2022,0,0,0.0,0,2,3.0,0,0,0,0.0,0,0.3,0.3,JAX,Travis Etienne,0.3
00-0036973,T.Etienne,Travis Etienne,RB,JAX,DET,13,2022,0,0,0.0,0,13,54.0,0,3,3,12.0,0,4.6,7.6,JAX,Travis Etienne,4.6
00-0036973,T.Etienne,Travis Etienne,RB,JAX,TEN,14,2022,0,0,0.0,0,17,32.0,0,0,0,0.0,0,3.2,3.2,JAX,Travis Etienne,3.2
00-0036973,T.Etienne,Travis Etienne,RB,JAX,DAL,15,2022,0,0,0.0,0,19,103.0,0,2,3,24.0,0,10.7,12.7,JAX,Travis Etienne,10.7
00-0036973,T.Etienne,Travis Etienne,RB,JAX,NYJ,16,2022,0,0,0.0,0,22,83.0,0,3,3,29.0,0,11.2,14.2,JAX,Travis Etienne,11.2
00-0036973,T.Etienne,Travis Etienne,RB,JAX,HOU,17,2022,0,0,0.0,0,9,108.0,1,3,3,32.0,0,20.0,23.0,JAX,Travis Etienne,20.0
00-0036973,T.Etienne,Travis Etienne,RB,JAX,TEN,18,2022,0,0,0.0,0,7,17.0,0,2,2,17.0,0,3.4,5.4,JAX,Travis Etienne,3.4
00-0036973,T.Etienne,Travis Etienne,RB,JAX,LAC,19,2022,0,0,0.0,0,20,109.0,0,1,1,12.0,0,12.1,13.1,JAX,Travis Etienne,12.1
00-0036973,T.Etienne,Travis Etienne,RB,JAX,KC,20,2022,0,0,0.0,0,10,62.0,1,3,3,18.0,0,14.0,17.0,JAX,Travis Etienne,14.0
00-0036980,E.Moore,Elijah Moore,WR,NYJ,BAL,1,2022,0,0,0.0,0,0,0.0,0,5,7,49.0,0,4.9,9.9,NYJ,Elijah Moore,4.9
00-0036980,E.Moore,Elijah Moore,WR,NYJ,CLE,2,2022,0,0,0.0,0,1,-6.0,0,3,5,41.0,0,3.5,6.5,NYJ,Elijah Moore,3.5
00-0036980,E.Moore,Elijah Moore,WR,NYJ,CIN,3,2022,0,0,0.0,0,0,0.0,0,4,9,49.0,0,4.9,8.9,NYJ,Elijah Moore,4.9
00-0036980,E.Moore,Elijah Moore,WR,NYJ,PIT,4,2022,0,0,0.0,0,1,2.0,0,3,4,53.0,0,5.5,8.5,NYJ,Elijah Moore,5.5
00-0036980,E.Moore,Elijah Moore,WR,NYJ,MIA,5,2022,0,0,0.0,0,0,0.0,0,1,4,11.0,0,1.1,2.1,NYJ,Elijah Moore,1.1
00-0036980,E.Moore,Elijah Moore,WR,NYJ,NE,8,2022,0,0,0.0,0,0,0.0,0,0,1,0.0,0,0.0,0.0,NYJ,Elijah Moore,0.0
00-0036980,E.Moore,Elijah Moore,WR,NYJ,NE,11,2022,0,0,0.0,0,0,0.0,0,2,4,17.0,0,1.7,3.7,NYJ,Elijah Moore,1.7
00-0036980,E.Moore,Elijah Moore,WR,NYJ,CHI,12,2022,0,0,0.0,0,1,-4.0,0,2,2,64.0,1,12.0,14.0,NYJ,Elijah Moore,12.0
00-0036980,E.Moore,Elijah Moore,WR,NYJ,MIN,13,2022,0,0,0.0,0,1,10.0,0,2,6,7.0,0,1.7,3.7,NYJ,Elijah Moore,1.7
00-0036980,E.Moore,Elijah Moore,WR,NYJ,BUF,14,2022,0,0,0.0,0,0,0.0,0,6,10,60.0,0,6.0,12.0,NYJ,Elijah Moore,6.0
00-0036980,E.Moore,Elijah Moore,WR,NYJ,DET,15,2022,0,0,0.0,0,1,3.0,0,4,7,51.0,0,5.4,9.4,NYJ,Elijah Moore,5.4
00-0036980,E.Moore,Elijah Moore,WR,NYJ,JAX,16,2022,0,0,0.0,0,0,0.0,0,2,3,15.0,0,1.5,3.5,NYJ,Elijah Moore,1.5
00-0036980,E.Moore,Elijah Moore,WR,NYJ,SEA,17,2022,0,0,0.0,0,0,0.0,0,2,2,18.0,0,1.8,3.8,NYJ,Elijah Moore,1.8
00-0036980,E.Moore,Elijah Moore,WR,NYJ,MIA,18,2022,0,0,0.0,0,0,0.0,0,1,1,11.0,0,1.1,2.1,NYJ,Elijah Moore,1.1
00-0036984,T.Sermon,Trey Sermon,RB,PHI,JAX,4,2022,0,0,0.0,0,2,19.0,0,0,0,0.0,0,1.9,1.9,PHI,Trey Sermon,1.9
00-0036988,J.Palmer,Josh Palmer,WR,LAC,LV,1,2022,0,0,0.0,0,1,4.0,0,3,4,5.0,0,0.9,3.9,LAC,Josh Palmer,0.9
00-0036988,J.Palmer,Josh Palmer,WR,LAC,KC,2,2022,0,0,0.0,0,0,0.0,0,4,8,30.0,1,9.0,13.0,LAC,Josh Palmer,9.0
00-0036988,J.Palmer,Josh Palmer,WR,LAC,JAX,3,2022,0,0,0.0,0,0,0.0,0,6,9,99.0,0,9.9,15.9,LAC,Josh Palmer,9.9
00-0036988,J.Palmer,Josh Palmer,WR,LAC,HOU,4,2022,0,0,0.0,0,0,0.0,0,1,1,25.0,0,2.5,3.5,LAC,Josh Palmer,2.5
00-0036988,J.Palmer,Josh Palmer,WR,LAC,CLE,5,2022,0,0,0.0,0,0,0.0,0,3,6,24.0,0,2.4,5.4,LAC,Josh Palmer,2.4
00-0036988,J.Palmer,Josh Palmer,WR,LAC,DEN,6,2022,0,0,0.0,0,0,0.0,0,9,12,57.0,0,5.7,14.7,LAC,Josh Palmer,5.7
00-0036988,J.Palmer,Josh Palmer,WR,LAC,ATL,9,2022,0,0,0.0,0,0,0.0,0,8,10,106.0,0,10.6,18.6,LAC,Josh Palmer,10.6
00-0036988,J.Palmer,Josh Palmer,WR,LAC,SF,10,2022,0,0,0.0,0,0,0.0,0,3,8,44.0,0,4.4,7.4,LAC,Josh Palmer,4.4
00-0036988,J.Palmer,Josh Palmer,WR,LAC,KC,11,2022,0,0,0.0,0,0,0.0,0,8,10,106.0,2,22.6,30.6,LAC,Josh Palmer,22.6
00-0036988,J.Palmer,Josh Palmer,WR,LAC,ARI,12,2022,0,0,0.0,0,0,0.0,0,5,7,56.0,0,5.6,10.6,LAC,Josh Palmer,5.6
00-0036988,J.Palmer,Josh Palmer,WR,LAC,LV,13,2022,0,0,0.0,0,0,0.0,0,7,11,60.0,0,6.0,13.0,LAC,Josh Palmer,6.0
00-0036988,J.Palmer,Josh Palmer,WR,LAC,MIA,14,2022,0,0,0.0,0,0,0.0,0,4,6,53.0,0,5.3,9.3,LAC,Josh Palmer,5.3
00-0036988,J.Palmer,Josh Palmer,WR,LAC,TEN,15,2022,0,0,0.0,0,0,0.0,0,5,5,49.0,0,4.9,9.9,LAC,Josh Palmer,4.9
00-0036988,J.Palmer,Josh Palmer,WR,LAC,IND,16,2022,0,0,0.0,0,0,0.0,0,2,3,16.0,0,1.6,3.6,LAC,Josh Palmer,1.6
00-0036988,J.Palmer,Josh Palmer,WR,LAC,LA,17,2022,0,0,0.0,0,0,0.0,0,0,1,0.0,0,0.0,0.0,LAC,Josh Palmer,0.0
00-0036988,J.Palmer,Josh Palmer,WR,LAC,DEN,18,2022,0,0,0.0,0,0,0.0,0,4,6,39.0,0,5.9,9.9,LAC,Josh Palmer,5.9
00-0036988,J.Palmer,Josh Palmer,WR,LAC,JAX,19,2022,0,0,0.0,0,0,0.0,0,2,6,31.0,0,3.1,5.1,LAC,Josh Palmer,3.1
00-0036991,A.Rodgers,Amari Rodgers,WR,GB,NYJ,6,2022,0,0,0.0,0,0,0.0,0,1,1,14.0,0,1.4,2.4,GB,Amari Rodgers,1.4
00-0036991,A.Rodgers,Amari Rodgers,WR,GB,WAS,7,2022,0,0,0.0,0,0,0.0,0,2,3,14.0,0,1.4,3.4,GB,Amari Rodgers,1.4
00-0036991,A.Rodgers,Amari Rodgers,WR,GB,BUF,8,2022,0,0,0.0,0,0,0.0,0,1,3,22.0,0,2.2,3.2,GB,Amari Rodgers,2.2
00-0036991,A.Rodgers,Amari Rodgers,WR,GB,DET,9,2022,0,0,0.0,0,0,0.0,0,0,1,0.0,0,0.0,0.0,GB,Amari Rodgers,0.0
00-0036991,A.Rodgers,Amari Rodgers,WR,HOU,DAL,14,2022,0,0,0.0,0,1,3.0,0,4,5,57.0,1,12.0,16.0,HOU,Amari Rodgers,12.0
00-0036991,A.Rodgers,Amari Rodgers,WR,HOU,KC,15,2022,0,0,0.0,0,0,0.0,0,2,4,26.0,0,2.6,4.6,HOU,Amari Rodgers,2.6
00-0036991,A.Rodgers,Amari Rodgers,WR,HOU,TEN,16,2022,0,0,0.0,0,0,0.0,0,1,2,37.0,0,3.7,4.7,HOU,Amari Rodgers,3.7
00-0036991,A.Rodgers,Amari Rodgers,WR,HOU,JAX,17,2022,0,0,0.0,0,1,4.0,0,2,2,12.0,0,1.6,3.6,HOU,Amari Rodgers,1.6
00-0036991,A.Rodgers,Amari Rodgers,WR,HOU,IND,18,2022,0,0,0.0,0,0,0.0,0,3,4,22.0,0,2.2,5.2,HOU,Amari Rodgers,2.2
00-0036997,J.Williams,Javonte Williams,RB,DEN,SEA,1,2022,0,0,0.0,0,7,43.0,0,11,12,65.0,0,8.8,19.8,DEN,Javonte Williams,8.8
00-0036997,J.Williams,Javonte Williams,RB,DEN,HOU,2,2022,0,0,0.0,0,15,75.0,0,1,4,10.0,0,8.5,9.5,DEN,Javonte Williams,8.5
00-0036997,J.Williams,Javonte Williams,RB,DEN,SF,3,2022,0,0,0.0,0,15,58.0,0,3,5,2.0,0,6.0,9.0,DEN,Javonte Williams,6.0
00-0036997,J.Williams,Javonte Williams,RB,DEN,LV,4,2022,0,0,0.0,0,10,28.0,0,1,1,-1.0,0,2.7,3.7,DEN,Javonte Williams,2.7
00-0036999,A.Schwartz,Anthony Schwartz,WR,CLE,CAR,1,2022,0,0,0.0,0,2,20.0,0,1,2,19.0,0,3.9,4.9,CLE,Anthony Schwartz,3.9
00-0036999,A.Schwartz,Anthony Schwartz,WR,CLE,LAC,5,2022,0,0,0.0,0,0,0.0,0,0,1,0.0,0,0.0,0.0,CLE,Anthony Schwartz,0.0
00-0036999,A.Schwartz,Anthony Schwartz,WR,CLE,NE,6,2022,0,0,0.0,0,0,0.0,0,0,3,0.0,0,0.0,0.0,CLE,Anthony Schwartz,0.0
00-0036999,A.Schwartz,Anthony Schwartz,WR,CLE,MIA,10,2022,0,0,0.0,0,0,0.0,0,1,1,3.0,0,0.3,1.3,CLE,Anthony Schwartz,0.3
00-0036999,A.Schwartz,Anthony Schwartz,WR,CLE,TB,12,2022,0,0,0.0,0,1,31.0,1,1,2,17.0,0,10.8,11.8,CLE,Anthony Schwartz,10.8
00-0036999,A.Schwartz,Anthony Schwartz,WR,CLE,HOU,13,2022,0,0,0.0,0,1,6.0,0,1,1,12.0,0,-0.2,0.8,CLE,Anthony Schwartz,-0.2
00-0037004,H.Long,Hunter Long,TE,MIA,BUF,19,2022,0,0,0.0,0,0,0.0,0,0,1,0.0,0,0.0,0.0,MIA,Hunter Long,0.0
00-0037005,T.Tremble,Tommy Tremble,TE,CAR,CLE,1,2022,0,0,0.0,0,0,0.0,0,1,1,1.0,0,0.1,1.1,CAR,Tommy Tremble,0.1
00-0037005,T.Tremble,Tommy Tremble,TE,CAR,NO,3,2022,0,0,0.0,0,0,0.0,0,1,1,7.0,0,0.7,1.7,CAR,Tommy Tremble,0.7
00-0037005,T.Tremble,Tommy Tremble,TE,CAR,ARI,4,2022,0,0,0.0,0,0,0.0,0,3,6,34.0,0,3.4,6.4,CAR,Tommy Tremble,3.4
00-0037005,T.Tremble,Tommy Tremble,TE,CAR,SF,5,2022,0,0,0.0,0,0,0.0,0,0,1,0.0,0,0.0,0.0,CAR,Tommy Tremble,0.0
00-0037005,T.Tremble,Tommy Tremble,TE,CAR,TB,7,2022,0,0,0.0,0,0,0.0,0,1,1,29.0,1,8.9,9.9,CAR,Tommy Tremble,8.9
00-0037005,T.Tremble,Tommy Tremble,TE,CAR,ATL,8,2022,0,0,0.0,0,0,0.0,0,2,4,17.0,0,1.7,3.7,CAR,Tommy Tremble,1.7
00-0037005,T.Tremble,Tommy Tremble,TE,CAR,CIN,9,2022,0,0,0.0,0,0,0.0,0,2,4,11.0,1,7.1,9.1,CAR,Tommy Tremble,7.1
00-0037005,T.Tremble,Tommy Tremble,TE,CAR,ATL,10,2022,0,0,0.0,0,0,0.0,0,0,1,0.0,0,0.0,0.0,CAR,Tommy Tremble,0.0
00-0037005,T.Tremble,Tommy Tremble,TE,CAR,DEN,12,2022,0,0,0.0,0,0,0.0,0,1,2,2.0,0,0.2,1.2,CAR,Tommy Tremble,0.2
00-0037005,T.Tremble,Tommy Tremble,TE,CAR,SEA,14,2022,0,0,0.0,0,0,0.0,0,0,2,0.0,0,0.0,0.0,CAR,Tommy Tremble,0.0
00-0037005,T.Tremble,Tommy Tremble,TE,CAR,PIT,15,2022,0,0,0.0,0,0,0.0,0,2,3,20.0,0,2.0,4.0,CAR,Tommy Tremble,2.0
00-0037005,T.Tremble,Tommy Tremble,TE,CAR,DET,16,2022,0,0,0.0,0,0,0.0,0,2,2,18.0,0,1.8,3.8,CAR,Tommy Tremble,1.8
00-0037005,T.Tremble,Tommy Tremble,TE,CAR,TB,17,2022,0,0,0.0,0,0,0.0,0,3,3,33.0,1,9.3,12.3,CAR,Tommy Tremble,9.3
00-0037005,T.Tremble,Tommy Tremble,TE,CAR,NO,18,2022,0,0,0.0,0,0,0.0,0,1,1,2.0,0,0.2,1.2,CAR,Tommy Tremble,0.2
00-0037011,T.McKitty,Tre' McKitty,TE,LAC,LV,1,2022,0,0,0.0,0,0,0.0,0,3,4,24.0,0,2.4,5.4,LAC,Tre' McKitty,2.4
00-0037011,T.McKitty,Tre' McKitty,TE,LAC,HOU,4,2022,0,0,0.0,0,0,0.0,0,1,1,4.0,0,0.4,1.4,LAC,Tre' McKitty,0.4
00-0037011,T.McKitty,Tre' McKitty,TE,LAC,CLE,5,2022,0,0,0.0,0,0,0.0,0,0,2,0.0,0,0.0,0.0,LAC,Tre' McKitty,0.0
00-0037011,T.McKitty,Tre' McKitty,TE,LAC,SF,10,2022,0,0,0.0,0,0,0.0,0,3,6,21.0,0,2.1,5.1,LAC,Tre' McKitty,2.1
00-0037011,T.McKitty,Tre' McKitty,TE,LAC,LV,13,2022,0,0,0.0,0,0,0.0,0,1,1,8.0,0,0.8,1.8,LAC,Tre' McKitty,0.8
00-0037011,T.McKitty,Tre' McKitty,TE,LAC,MIA,14,2022,0,0,0.0,0,0,0.0,0,1,1,5.0,0,0.5,1.5,LAC,Tre' McKitty,0.5
00-0037011,T.McKitty,Tre' McKitty,TE,LAC,IND,16,2022,0,0,0.0,0,0,0.0,0,1,2,10.0,0,1.0,2.0,LAC,Tre' McKitty,1.0
00-0037011,T.McKitty,Tre' McKitty,TE,LAC,DEN,18,2022,0,0,0.0,0,0,0.0,0,0,1,0.0,0,0.0,0.0,LAC,Tre' McKitty,0.0
00-0037011,T.McKitty,Tre' McKitty,TE,LAC,JAX,19,2022,0,0,0.0,0,0,0.0,0,2,2,16.0,0,1.6,3.6,LAC,Tre' McKitty,1.6
00-0037012,T.Lance,Trey Lance,QB,SF,CHI,1,2022,13,28,164.0,0,13,54.0,0,0,0,0.0,0,9.96,9.96,SF,Trey Lance,9.96
00-0037012,T.Lance,Trey Lance,QB,SF,SEA,2,2022,2,3,30.0,0,3,13.0,0,0,0,0.0,0,2.5,2.5,SF,Trey Lance,2.5
00-0037013,Z.Wilson,Zach Wilson,QB,NYJ,PIT,4,2022,18,36,252.0,1,2,15.0,0,1,1,2.0,1,17.78,18.78,NYJ,Zach Wilson,17.78
00-0037013,Z.Wilson,Zach Wilson,QB,NYJ,MIA,5,2022,14,21,210.0,0,4,2.0,1,0,0,0.0,0,14.6,14.6,NYJ,Zach Wilson,14.6
00-0037013,Z.Wilson,Zach Wilson,QB,NYJ,GB,6,2022,10,18,110.0,0,5,1.0,0,0,0,0.0,0,4.5,4.5,NYJ,Zach Wilson,4.5
00-0037013,Z.Wilson,Zach Wilson,QB,NYJ,DEN,7,2022,16,26,121.0,0,4,24.0,0,0,0,0.0,0,7.24,7.24,NYJ,Zach Wilson,7.24
00-0037013,Z.Wilson,Zach Wilson,QB,NYJ,NE,8,2022,20,41,355.0,2,1,2.0,0,0,0,0.0,0,16.4,16.4,NYJ,Zach Wilson,16.4
00-0037013,Z.Wilson,Zach Wilson,QB,NYJ,BUF,9,2022,18,25,154.0,1,5,24.0,0,0,0,0.0,0,10.56,10.56,NYJ,Zach Wilson,10.56
00-0037013,Z.Wilson,Zach Wilson,QB,NYJ,NE,11,2022,9,22,77.0,0,3,26.0,0,0,0,0.0,0,5.68,5.68,NYJ,Zach Wilson,5.68
00-0037013,Z.Wilson,Zach Wilson,QB,NYJ,DET,15,2022,18,35,317.0,2,3,7.0,0,0,0,0.0,0,19.38,19.38,NYJ,Zach Wilson,19.38
00-0037013,Z.Wilson,Zach Wilson,QB,NYJ,JAX,16,2022,9,18,92.0,0,1,1.0,0,0,0,0.0,0,1.78,1.78,NYJ,Zach Wilson,1.78
00-0037055,L.McCutcheon,Lance McCutcheon,WR,LA,KC,12,2022,0,0,0.0,0,0,0.0,0,0,4,0.0,0,0.0,0.0,LA,Lance McCutcheon,0.0
00-0037055,L.McCutcheon,Lance McCutcheon,WR,LA,LAC,17,2022,0,0,0.0,0,0,0.0,0,0,1,0.0,0,0.0,0.0,LA,Lance McCutcheon,0.0
00-0037077,S.Howell,Sam Howell,QB,WAS,DAL,18,2022,11,19,169.0,1,5,35.0,1,0,0,0.0,0,18.26,18.26,WAS,Sam Howell,18.26
00-0037078,C.Turner,Cole Turner,TE,WAS,TEN,5,2022,0,0,0.0,0,0,0.0,0,0,3,0.0,0,0.0,0.0,WAS,Cole Turner,0.0
00-0037078,C.Turner,Cole Turner,TE,WAS,CHI,6,2022,0,0,0.0,0,0,0.0,0,2,2,23.0,0,2.3,4.3,WAS,Cole Turner,2.3
00-0037078,C.Turner,Cole Turner,TE,WAS,GB,7,2022,0,0,0.0,0,0,0.0,0,0,2,0.0,0,0.0,0.0,WAS,Cole Turner,0.0
00-0037078,C.Turner,Cole Turner,TE,WAS,HOU,11,2022,0,0,0.0,0,0,0.0,0,0,1,0.0,0,0.0,0.0,WAS,Cole Turner,0.0
00-0037078,C.Turner,Cole Turner,TE,WAS,ATL,12,2022,0,0,0.0,0,0,0.0,0,0,1,0.0,0,0.0,0.0,WAS,Cole Turner,0.0
00-0037085,T.Badie,Tyler Badie,RB,DEN,LAC,18,2022,0,0,0.0,0,1,0.0,0,1,1,24.0,1,8.4,9.4,DEN,Tyler Badie,8.4
00-0037086,G.Calcaterra,Grant Calcaterra,TE,PHI,WAS,3,2022,0,0,0.0,0,0,0.0,0,1,1,40.0,0,4.0,5.0,PHI,Grant Calcaterra,4.0
00-0037086,G.Calcaterra,Grant Calcaterra,TE,PHI,GB,12,2022,0,0,0.0,0,0,0.0,0,1,1,-2.0,0,-0.2,0.8,PHI,Grant Calcaterra,-0.2
00-0037086,G.Calcaterra,Grant Calcaterra,TE,PHI,TEN,13,2022,0,0,0.0,0,0,0.0,0,1,1,19.0,0,1.9,2.9,PHI,Grant Calcaterra,1.9
00-0037086,G.Calcaterra,Grant Calcaterra,TE,PHI,NYG,14,2022,0,0,0.0,0,0,0.0,0,2,4,24.0,0,2.4,4.4,PHI,Grant Calcaterra,2.4
00-0037086,G.Calcaterra,Grant Calcaterra,TE,PHI,CHI,15,2022,0,0,0.0,0,0,0.0,0,0,2,0.0,0,0.0,0.0,PHI,Grant Calcaterra,0.0
00-0037087,T.Ebner,Trestan Ebner,RB,CHI,HOU,3,2022,0,0,0.0,0,7,23.0,0,0,1,0.0,0,2.3,2.3,CHI,Trestan Ebner,2.3
00-0037087,T.Ebner,Trestan Ebner,RB,CHI,NYG,4,2022,0,0,0.0,0,6,20.0,0,2,3,8.0,0,2.8,4.8,CHI,Trestan Ebner,2.8
00-0037087,T.Ebner,Trestan Ebner,RB,CHI,NE,7,2022,0,0,0.0,0,3,8.0,0,0,0,0.0,0,0.8,0.8,CHI,Trestan Ebner,0.8
00-0037087,T.Ebner,Trestan Ebner,RB,CHI,DAL,8,2022,0,0,0.0,0,2,-5.0,0,0,0,0.0,0,-0.5,-0.5,CHI,Trestan Ebner,-0.5
00-0037087,T.Ebner,Trestan Ebner,RB,CHI,ATL,11,2022,0,0,0.0,0,6,8.0,0,0,1,0.0,0,0.8,0.8,CHI,Trestan Ebner,0.8
00-0037087,T.Ebner,Trestan Ebner,RB,CHI,PHI,15,2022,0,0,0.0,0,0,0.0,0,0,1,0.0,0,0.0,0.0,CHI,Trestan Ebner,0.0
00-0037087,T.Ebner,Trestan Ebner,RB,CHI,MIN,18,2022,0,0,0.0,0,0,0.0,0,0,2,0.0,0,0.0,0.0,CHI,Trestan Ebner,0.0
00-0037093,D.Young,Dareke Young,WR,SEA,LA,18,2022,0,0,0.0,0,0,0.0,0,2,2,24.0,0,2.4,4.4,SEA,Dareke Young,2.4
00-0037093,D.Young,Dareke Young,WR,SEA,SF,19,2022,0,0,0.0,0,0,0.0,0,1,1,11.0,0,1.1,2.1,SEA,Dareke Young,1.1
00-0037098,S.Toure,Samori Toure,WR,GB,WAS,7,2022,0,0,0.0,0,0,0.0,0,1,1,4.0,0,0.4,1.4,GB,Samori Toure,0.4
00-0037098,S.Toure,Samori Toure,WR,GB,BUF,8,2022,0,0,0.0,0,0,0.0,0,1,4,37.0,1,9.7,10.7,GB,Samori Toure,9.7
00-0037098,S.Toure,Samori Toure,WR,GB,DET,9,2022,0,0,0.0,0,0,0.0,0,2,4,34.0,0,3.4,5.4,GB,Samori Toure,3.4
00-0037098,S.Toure,Samori Toure,WR,GB,CHI,13,2022,0,0,0.0,0,0,0.0,0,1,1,7.0,0,0.7,1.7,GB,Samori Toure,0.7
00-0037112,J.Tonges,Jake Tonges,TE,CHI,HOU,3,2022,0,0,0.0,0,0,0.0,0,0,1,0.0,0,0.0,0.0,CHI,Jake Tonges,0.0
00-0037157,Z.Knight,Zonovan Knight,RB,NYJ,CHI,12,2022,0,0,0.0,0,14,69.0,0,3,3,34.0,0,10.3,13.3,NYJ,Zonovan Knight,10.3
00-0037157,Z.Knight,Zonovan Knight,RB,NYJ,MIN,13,2022,0,0,0.0,0,15,90.0,0,5,5,28.0,0,11.8,16.8,NYJ,Zonovan Knight,11.8
00-0037157,Z.Knight,Zonovan Knight,RB,NYJ,BUF,14,2022,0,0,0.0,0,17,71.0,1,2,2,6.0,0,13.7,15.7,NYJ,Zonovan Knight,13.7
00-0037157,Z.Knight,Zonovan Knight,RB,NYJ,DET,15,2022,0,0,0.0,0,13,23.0,0,0,0,0.0,0,2.3,2.3,NYJ,Zonovan Knight,2.3
00-0037157,Z.Knight,Zonovan Knight,RB,NYJ,JAX,16,2022,0,0,0.0,0,6,-2.0,0,1,1,15.0,0,1.3,2.3,NYJ,Zonovan Knight,1.3
00-0037157,Z.Knight,Zonovan Knight,RB,NYJ,SEA,17,2022,0,0,0.0,0,8,27.0,0,2,3,17.0,0,4.4,6.4,NYJ,Zonovan Knight,4.4
00-0037157,Z.Knight,Zonovan Knight,RB,NYJ,MIA,18,2022,0,0,0.0,0,12,22.0,0,0,0,0.0,0,2.2,2.2,NYJ,Zonovan Knight,2.2
00-0037168,A.Rogers,Armani Rogers,TE,WAS,JAX,1,2022,0,0,0.0,0,0,0.0,0,1,1,23.0,0,2.3,3.3,WAS,Armani Rogers,2.3
00-0037168,A.Rogers,Armani Rogers,TE,WAS,GB,7,2022,0,0,0.0,0,0,0.0,0,3,3,28.0,0,2.8,5.8,WAS,Armani Rogers,2.8
00-0037168,A.Rogers,Armani Rogers,TE,WAS,IND,8,2022,0,0,0.0,0,0,0.0,0,1,2,13.0,0,1.3,2.3,WAS,Armani Rogers,1.3
00-0037168,A.Rogers,Armani Rogers,TE,WAS,MIN,9,2022,0,0,0.0,0,1,24.0,0,0,0,0.0,0,2.4,2.4,WAS,Armani Rogers,2.4
00-0037168,A.Rogers,Armani Rogers,TE,WAS,DAL,18,2022,0,0,0.0,0,1,2.0,0,0,0,0.0,0,0.2,0.2,WAS,Armani Rogers,0.2
00-0037175,A.Brown,Anthony Brown,QB,BAL,PIT,14,2022,3,5,16.0,0,3,-5.0,0,0,0,0.0,0,0.14,0.14,BAL,Anthony Brown,0.14
00-0037175,A.Brown,Anthony Brown,QB,BAL,CIN,18,2022,19,44,286.0,0,0,0.0,0,0,0,0.0,0,5.44,5.44,BAL,Anthony Brown,5.44
00-0037197,I.Pacheco,Isiah Pacheco,RB,KC,ARI,1,2022,0,0,0.0,0,12,62.0,1,0,0,0.0,0,12.2,12.2,KC,Isiah Pacheco,12.2
00-0037197,I.Pacheco,Isiah Pacheco,RB,KC,LAC,2,2022,0,0,0.0,0,2,6.0,0,0,0,0.0,0,0.6,0.6,KC,Isiah Pacheco,0.6
00-0037197,I.Pacheco,Isiah Pacheco,RB,KC,IND,3,2022,0,0,0.0,0,3,9.0,0,0,0,0.0,0,0.9,0.9,KC,Isiah Pacheco,0.9
00-0037197,I.Pacheco,Isiah Pacheco,RB,KC,TB,4,2022,0,0,0.0,0,11,63.0,0,0,0,0.0,0,6.3,6.3,KC,Isiah Pacheco,6.3
00-0037197,I.Pacheco,Isiah Pacheco,RB,KC,LV,5,2022,0,0,0.0,0,1,0.0,0,0,0,0.0,0,0.0,0.0,KC,Isiah Pacheco,0.0
00-0037197,I.Pacheco,Isiah Pacheco,RB,KC,BUF,6,2022,0,0,0.0,0,2,9.0,0,2,2,9.0,0,1.8,3.8,KC,Isiah Pacheco,1.8
00-0037197,I.Pacheco,Isiah Pacheco,RB,KC,SF,7,2022,0,0,0.0,0,8,43.0,0,0,0,0.0,0,4.3,4.3,KC,Isiah Pacheco,4.3
00-0037197,I.Pacheco,Isiah Pacheco,RB,KC,TEN,9,2022,0,0,0.0,0,5,5.0,0,1,1,4.0,0,0.9,1.9,KC,Isiah Pacheco,0.9
00-0037197,I.Pacheco,Isiah Pacheco,RB,KC,JAX,10,2022,0,0,0.0,0,16,82.0,0,0,0,0.0,0,6.2,6.2,KC,Isiah Pacheco,6.2
00-0037197,I.Pacheco,Isiah Pacheco,RB,KC,LAC,11,2022,0,0,0.0,0,15,107.0,0,0,0,0.0,0,10.7,10.7,KC,Isiah Pacheco,10.7
00-0037197,I.Pacheco,Isiah Pacheco,RB,KC,LA,12,2022,0,0,0.0,0,22,69.0,1,1,1,17.0,0,14.6,15.6,KC,Isiah Pacheco,14.6
00-0037197,I.Pacheco,Isiah Pacheco,RB,KC,CIN,13,2022,0,0,0.0,0,14,66.0,1,2,2,16.0,0,14.2,16.2,KC,Isiah Pacheco,14.2
00-0037197,I.Pacheco,Isiah Pacheco,RB,KC,DEN,14,2022,0,0,0.0,0,13,70.0,0,3,3,23.0,0,9.3,12.3,KC,Isiah Pacheco,9.3
00-0037197,I.Pacheco,Isiah Pacheco,RB,KC,HOU,15,2022,0,0,0.0,0,15,86.0,0,1,1,11.0,0,7.7,8.7,KC,Isiah Pacheco,7.7
00-0037197,I.Pacheco,Isiah Pacheco,RB,KC,SEA,16,2022,0,0,0.0,0,14,58.0,0,1,2,32.0,0,9.0,10.0,KC,Isiah Pacheco,9.0
00-0037197,I.Pacheco,Isiah Pacheco,RB,KC,DEN,17,2022,0,0,0.0,0,9,31.0,1,2,2,18.0,0,10.9,12.9,KC,Isiah Pacheco,10.9
00-0037197,I.Pacheco,Isiah Pacheco,RB,KC,LV,18,2022,0,0,0.0,0,8,64.0,1,0,0,0.0,0,12.4,12.4,KC,Isiah Pacheco,12.4
00-0037197,I.Pacheco,Isiah Pacheco,RB,KC,JAX,20,2022,0,0,0.0,0,12,95.0,0,1,1,6.0,0,10.1,11.1,KC,Isiah Pacheco,10.1
00-0037197,I.Pacheco,Isiah Pacheco,RB,KC,CIN,21,2022,0,0,0.0,0,10,26.0,0,5,6,59.0,0,8.5,13.5,KC,Isiah Pacheco,8.5
00-0037197,I.Pacheco,Isiah Pacheco,RB,KC,PHI,22,2022,0,0,0.0,0,15,76.0,1,0,0,0.0,0,13.6,13.6,KC,Isiah Pacheco,13.6
00-0037228,J.Warren,Jaylen Warren,RB,PIT,CIN,1,2022,0,0,0.0,0,3,7.0,0,0,1,0.0,0,0.7,0.7,PIT,Jaylen Warren,0.7
00-0037228,J.Warren,Jaylen Warren,RB,PIT,NE,2,2022,0,0,0.0,0,4,15.0,0,1,1,0.0,0,1.5,2.5,PIT,Jaylen Warren,1.5
00-0037228,J.Warren,Jaylen Warren,RB,PIT,CLE,3,2022,0,0,0.0,0,4,30.0,0,1,1,3.0,0,3.3,4.3,PIT,Jaylen Warren,3.3
00-0037228,J.Warren,Jaylen Warren,RB,PIT,NYJ,4,2022,0,0,0.0,0,3,18.0,0,1,1,4.0,0,2.2,3.2,PIT,Jaylen Warren,2.2
00-0037228,J.Warren,Jaylen Warren,RB,PIT,BUF,5,2022,0,0,0.0,0,5,24.0,0,4,5,39.0,0,6.3,10.3,PIT,Jaylen Warren,6.3
00-0037228,J.Warren,Jaylen Warren,RB,PIT,TB,6,2022,0,0,0.0,0,2,2.0,0,0,0,0.0,0,0.2,0.2,PIT,Jaylen Warren,0.2
00-0037228,J.Warren,Jaylen Warren,RB,PIT,MIA,7,2022,0,0,0.0,0,2,7.0,0,2,2,17.0,0,2.4,4.4,PIT,Jaylen Warren,2.4
00-0037228,J.Warren,Jaylen Warren,RB,PIT,PHI,8,2022,0,0,0.0,0,6,50.0,0,3,3,25.0,0,7.5,10.5,PIT,Jaylen Warren,7.5
00-0037228,J.Warren,Jaylen Warren,RB,PIT,NO,10,2022,0,0,0.0,0,9,37.0,0,3,3,40.0,0,7.7,10.7,PIT,Jaylen Warren,7.7
00-0037228,J.Warren,Jaylen Warren,RB,PIT,CIN,11,2022,0,0,0.0,0,0,0.0,0,1,1,9.0,0,0.9,1.9,PIT,Jaylen Warren,0.9
00-0037228,J.Warren,Jaylen Warren,RB,PIT,ATL,13,2022,0,0,0.0,0,1,5.0,0,2,2,14.0,0,1.9,3.9,PIT,Jaylen Warren,1.9
00-0037228,J.Warren,Jaylen Warren,RB,PIT,BAL,14,2022,0,0,0.0,0,3,11.0,0,2,3,16.0,0,2.7,4.7,PIT,Jaylen Warren,2.7
00-0037228,J.Warren,Jaylen Warren,RB,PIT,CAR,15,2022,0,0,0.0,0,11,38.0,1,1,1,11.0,0,10.9,11.9,PIT,Jaylen Warren,10.9
00-0037228,J.Warren,Jaylen Warren,RB,PIT,LV,16,2022,0,0,0.0,0,6,23.0,0,1,2,7.0,0,3.0,4.0,PIT,Jaylen Warren,3.0
00-0037228,J.Warren,Jaylen Warren,RB,PIT,BAL,17,2022,0,0,0.0,0,12,76.0,0,3,3,22.0,0,9.8,12.8,PIT,Jaylen Warren,9.8
00-0037228,J.Warren,Jaylen Warren,RB,PIT,CLE,18,2022,0,0,0.0,0,6,36.0,0,3,4,7.0,0,4.3,7.3,PIT,Jaylen Warren,4.3
00-0037238,D.London,Drake London,WR,ATL,NO,1,2022,0,0,0.0,0,0,0.0,0,5,7,74.0,0,7.4,12.4,ATL,Drake London,7.4
00-0037238,D.London,Drake London,WR,ATL,LA,2,2022,0,0,0.0,0,0,0.0,0,8,12,86.0,1,16.6,24.6,ATL,Drake London,16.6
00-0037238,D.London,Drake London,WR,ATL,SEA,3,2022,0,0,0.0,0,0,0.0,0,3,6,54.0,1,11.4,14.4,ATL,Drake London,11.4
00-0037238,D.London,Drake London,WR,ATL,CLE,4,2022,0,0,0.0,0,0,0.0,0,2,7,17.0,0,1.7,3.7,ATL,Drake London,1.7
00-0037238,D.London,Drake London,WR,ATL,TB,5,2022,0,0,0.0,0,0,0.0,0,4,7,35.0,0,3.5,7.5,ATL,Drake London,3.5
00-0037238,D.London,Drake London,WR,ATL,SF,6,2022,0,0,0.0,0,0,0.0,0,3,4,40.0,0,4.0,7.0,ATL,Drake London,4.0
00-0037238,D.London,Drake London,WR,ATL,CIN,7,2022,0,0,0.0,0,0,0.0,0,1,1,9.0,0,0.9,1.9,ATL,Drake London,0.9
00-0037238,D.London,Drake London,WR,ATL,CAR,8,2022,0,0,0.0,0,0,0.0,0,4,5,31.0,0,3.1,7.1,ATL,Drake London,3.1
00-0037238,D.London,Drake London,WR,ATL,LAC,9,2022,0,0,0.0,0,0,0.0,0,3,7,23.0,0,0.3,3.3,ATL,Drake London,0.3
00-0037238,D.London,Drake London,WR,ATL,CAR,10,2022,0,0,0.0,0,0,0.0,0,5,6,38.0,1,9.8,14.8,ATL,Drake London,9.8
00-0037238,D.London,Drake London,WR,ATL,CHI,11,2022,0,0,0.0,0,0,0.0,0,1,3,2.0,1,6.2,7.2,ATL,Drake London,6.2
00-0037238,D.London,Drake London,WR,ATL,WAS,12,2022,0,0,0.0,0,0,0.0,0,2,4,29.0,0,2.9,4.9,ATL,Drake London,2.9
00-0037238,D.London,Drake London,WR,ATL,PIT,13,2022,0,0,0.0,0,0,0.0,0,6,12,95.0,0,9.5,15.5,ATL,Drake London,9.5
00-0037238,D.London,Drake London,WR,ATL,NO,15,2022,0,0,0.0,0,0,0.0,0,7,11,70.0,0,5.0,12.0,ATL,Drake London,5.0
00-0037238,D.London,Drake London,WR,ATL,BAL,16,2022,0,0,0.0,0,0,0.0,0,7,9,96.0,0,7.6,14.6,ATL,Drake London,7.6
00-0037238,D.London,Drake London,WR,ATL,ARI,17,2022,0,0,0.0,0,0,0.0,0,5,8,47.0,0,4.7,9.7,ATL,Drake London,4.7
00-0037238,D.London,Drake London,WR,ATL,TB,18,2022,0,0,0.0,0,0,0.0,0,6,8,120.0,0,12.0,18.0,ATL,Drake London,12.0
00-0037239,C.Olave,Chris Olave,WR,NO,ATL,1,2022,0,0,0.0,0,0,0.0,0,3,3,41.0,0,6.1,9.1,NO,Chris Olave,6.1
00-0037239,C.Olave,Chris Olave,WR,NO,TB,2,2022,0,0,0.0,0,0,0.0,0,5,13,80.0,0,6.0,11.0,NO,Chris Olave,6.0
00-0037239,C.Olave,Chris Olave,WR,NO,CAR,3,2022,0,0,0.0,0,0,0.0,0,9,13,147.0,0,14.7,23.7,NO,Chris Olave,14.7
00-0037239,C.Olave,Chris Olave,WR,NO,MIN,4,2022,0,0,0.0,0,0,0.0,0,4,7,67.0,1,12.7,16.7,NO,Chris Olave,12.7
00-0037239,C.Olave,Chris Olave,WR,NO,SEA,5,2022,0,0,0.0,0,0,0.0,0,4,6,54.0,1,11.4,15.4,NO,Chris Olave,11.4
00-0037239,C.Olave,Chris Olave,WR,NO,ARI,7,2022,0,0,0.0,0,0,0.0,0,7,14,106.0,0,10.6,17.6,NO,Chris Olave,10.6
00-0037239,C.Olave,Chris Olave,WR,NO,LV,8,2022,0,0,0.0,0,0,0.0,0,5,7,52.0,0,5.2,10.2,NO,Chris Olave,5.2
00-0037239,C.Olave,Chris Olave,WR,NO,BAL,9,2022,0,0,0.0,0,0,0.0,0,6,9,71.0,0,7.1,13.1,NO,Chris Olave,7.1
00-0037239,C.Olave,Chris Olave,WR,NO,PIT,10,2022,0,0,0.0,0,0,0.0,0,3,5,40.0,0,4.0,7.0,NO,Chris Olave,4.0
00-0037239,C.Olave,Chris Olave,WR,NO,LA,11,2022,0,0,0.0,0,0,0.0,0,5,6,102.0,1,16.2,21.2,NO,Chris Olave,16.2
00-0037239,C.Olave,Chris Olave,WR,NO,SF,12,2022,0,0,0.0,0,0,0.0,0,5,9,62.0,0,6.2,11.2,NO,Chris Olave,6.2
00-0037239,C.Olave,Chris Olave,WR,NO,TB,13,2022,0,0,0.0,0,0,0.0,0,4,6,65.0,0,6.5,10.5,NO,Chris Olave,6.5
00-0037239,C.Olave,Chris Olave,WR,NO,ATL,15,2022,0,0,0.0,0,0,0.0,0,3,4,53.0,0,5.3,8.3,NO,Chris Olave,5.3
00-0037239,C.Olave,Chris Olave,WR,NO,PHI,17,2022,0,0,0.0,0,0,0.0,0,4,5,42.0,0,4.2,8.2,NO,Chris Olave,4.2
00-0037239,C.Olave,Chris Olave,WR,NO,CAR,18,2022,0,0,0.0,0,0,0.0,0,5,12,60.0,1,10.0,15.0,NO,Chris Olave,10.0
00-0037240,J.Williams,Jameson Williams,WR,DET,JAX,13,2022,0,0,0.0,0,0,0.0,0,0,1,0.0,0,0.0,0.0,DET,Jameson Williams,0.0
00-0037240,J.Williams,Jameson Williams,WR,DET,MIN,14,2022,0,0,0.0,0,0,0.0,0,1,2,41.0,1,10.1,11.1,DET,Jameson Williams,10.1
00-0037240,J.Williams,Jameson Williams,WR,DET,NYJ,15,2022,0,0,0.0,0,0,0.0,0,0,1,0.0,0,0.0,0.0,DET,Jameson Williams,0.0
00-0037240,J.Williams,Jameson Williams,WR,DET,CAR,16,2022,0,0,0.0,0,0,0.0,0,0,1,0.0,0,0.0,0.0,DET,Jameson Williams,0.0
00-0037240,J.Williams,Jameson Williams,WR,DET,CHI,17,2022,0,0,0.0,0,1,40.0,0,0,3,0.0,0,4.0,4.0,DET,Jameson Williams,4.0
00-0037240,J.Williams,Jameson Williams,WR,DET,GB,18,2022,0,0,0.0,0,0,0.0,0,0,1,0.0,0,0.0,0.0,DET,Jameson Williams,0.0
00-0037247,G.Pickens,George Pickens,WR,PIT,CIN,1,2022,0,0,0.0,0,0,0.0,0,1,3,3.0,0,0.3,1.3,PIT,George Pickens,0.3
00-0037247,G.Pickens,George Pickens,WR,PIT,NE,2,2022,0,0,0.0,0,0,0.0,0,1,2,23.0,0,2.3,3.3,PIT,George Pickens,2.3
00-0037247,G.Pickens,George Pickens,WR,PIT,CLE,3,2022,0,0,0.0,0,0,0.0,0,3,7,39.0,0,3.9,6.9,PIT,George Pickens,3.9
00-0037247,G.Pickens,George Pickens,WR,PIT,NYJ,4,2022,0,0,0.0,0,0,0.0,0,6,8,102.0,0,10.2,16.2,PIT,George Pickens,10.2
00-0037247,G.Pickens,George Pickens,WR,PIT,BUF,5,2022,0,0,0.0,0,0,0.0,0,6,8,83.0,0,8.3,14.3,PIT,George Pickens,8.3
00-0037247,G.Pickens,George Pickens,WR,PIT,TB,6,2022,0,0,0.0,0,1,1.0,0,3,6,27.0,0,2.8,5.8,PIT,George Pickens,2.8
00-0037247,G.Pickens,George Pickens,WR,PIT,MIA,7,2022,0,0,0.0,0,0,0.0,0,6,6,61.0,1,12.1,18.1,PIT,George Pickens,12.1
00-0037247,G.Pickens,George Pickens,WR,PIT,PHI,8,2022,0,0,0.0,0,0,0.0,0,0,3,0.0,0,0.0,0.0,PIT,George Pickens,0.0
00-0037247,G.Pickens,George Pickens,WR,PIT,NO,10,2022,0,0,0.0,0,2,23.0,1,3,4,32.0,0,11.5,14.5,PIT,George Pickens,11.5
00-0037247,G.Pickens,George Pickens,WR,PIT,CIN,11,2022,0,0,0.0,0,0,0.0,0,4,6,83.0,1,14.3,18.3,PIT,George Pickens,14.3
00-0037247,G.Pickens,George Pickens,WR,PIT,IND,12,2022,0,0,0.0,0,0,0.0,0,3,6,57.0,0,7.7,10.7,PIT,George Pickens,7.7
00-0037247,G.Pickens,George Pickens,WR,PIT,ATL,13,2022,0,0,0.0,0,0,0.0,0,1,2,2.0,0,0.2,1.2,PIT,George Pickens,0.2
00-0037247,G.Pickens,George Pickens,WR,PIT,BAL,14,2022,0,0,0.0,0,0,0.0,0,3,3,78.0,0,7.8,10.8,PIT,George Pickens,7.8
00-0037247,G.Pickens,George Pickens,WR,PIT,CAR,15,2022,0,0,0.0,0,0,0.0,0,2,5,53.0,0,5.3,7.3,PIT,George Pickens,5.3
00-0037247,G.Pickens,George Pickens,WR,PIT,LV,16,2022,0,0,0.0,0,0,0.0,0,5,5,57.0,1,11.7,16.7,PIT,George Pickens,11.7
00-0037247,G.Pickens,George Pickens,WR,PIT,BAL,17,2022,0,0,0.0,0,0,0.0,0,2,4,29.0,0,2.9,4.9,PIT,George Pickens,2.9
00-0037247,G.Pickens,George Pickens,WR,PIT,CLE,18,2022,0,0,0.0,0,0,0.0,0,3,6,72.0,1,13.2,16.2,PIT,George Pickens,13.2
00-0037248,J.Cook,James Cook,RB,BUF,LA,1,2022,0,0,0.0,0,1,2.0,0,0,0,0.0,0,-1.8,-1.8,BUF,James Cook,-1.8
00-0037248,J.Cook,James Cook,RB,BUF,TEN,2,2022,0,0,0.0,0,11,53.0,0,0,1,0.0,0,5.3,5.3,BUF,James Cook,5.3
00-0037248,J.Cook,James Cook,RB,BUF,MIA,3,2022,0,0,0.0,0,1,3.0,0,4,5,37.0,0,4.0,8.0,BUF,James Cook,4.0
00-0037248,J.Cook,James Cook,RB,BUF,BAL,4,2022,0,0,0.0,0,0,0.0,0,0,1,0.0,0,0.0,0.0,BUF,James Cook,0.0
00-0037248,J.Cook,James Cook,RB,BUF,PIT,5,2022,0,0,0.0,0,4,31.0,1,0,0,0.0,0,9.1,9.1,BUF,James Cook,9.1
00-0037248,J.Cook,James Cook,RB,BUF,KC,6,2022,0,0,0.0,0,2,8.0,0,0,0,0.0,0,0.8,0.8,BUF,James Cook,0.8
00-0037248,J.Cook,James Cook,RB,BUF,GB,8,2022,0,0,0.0,0,5,35.0,0,1,1,41.0,0,7.6,8.6,BUF,James Cook,7.6
00-0037248,J.Cook,James Cook,RB,BUF,NYJ,9,2022,0,0,0.0,0,4,15.0,0,2,4,18.0,0,3.3,5.3,BUF,James Cook,3.3
00-0037248,J.Cook,James Cook,RB,BUF,MIN,10,2022,0,0,0.0,0,5,22.0,0,0,0,0.0,0,2.2,2.2,BUF,James Cook,2.2
00-0037248,J.Cook,James Cook,RB,BUF,CLE,11,2022,0,0,0.0,0,11,86.0,0,0,1,0.0,0,8.6,8.6,BUF,James Cook,8.6
00-0037248,J.Cook,James Cook,RB,BUF,DET,12,2022,0,0,0.0,0,2,4.0,0,2,5,14.0,0,1.8,3.8,BUF,James Cook,1.8
00-0037248,J.Cook,James Cook,RB,BUF,NE,13,2022,0,0,0.0,0,14,64.0,0,6,6,41.0,0,10.5,16.5,BUF,James Cook,10.5
00-0037248,J.Cook,James Cook,RB,BUF,NYJ,14,2022,0,0,0.0,0,4,6.0,0,1,1,9.0,0,1.5,2.5,BUF,James Cook,1.5
00-0037248,J.Cook,James Cook,RB,BUF,MIA,15,2022,0,0,0.0,0,5,34.0,0,2,3,5.0,1,9.9,11.9,BUF,James Cook,9.9
00-0037248,J.Cook,James Cook,RB,BUF,CHI,16,2022,0,0,0.0,0,11,99.0,1,1,2,9.0,0,16.8,17.8,BUF,James Cook,16.8
00-0037248,J.Cook,James Cook,RB,BUF,NE,18,2022,0,0,0.0,0,9,45.0,0,2,2,6.0,0,5.1,7.1,BUF,James Cook,5.1
00-0037248,J.Cook,James Cook,RB,BUF,MIA,19,2022,0,0,0.0,0,12,39.0,1,0,0,0.0,0,9.9,9.9,BUF,James Cook,9.9
00-0037248,J.Cook,James Cook,RB,BUF,CIN,20,2022,0,0,0.0,0,5,13.0,0,0,0,0.0,0,1.3,1.3,BUF,James Cook,1.3
00-0037252,G.Dulcich,Greg Dulcich,TE,DEN,LAC,6,2022,0,0,0.0,0,0,0.0,0,2,3,44.0,1,10.4,12.4,DEN,Greg Dulcich,10.4
00-0037252,G.Dulcich,Greg Dulcich,TE,DEN,NYJ,7,2022,0,0,0.0,0,0,0.0,0,6,9,51.0,0,5.1,11.1,DEN,Greg Dulcich,5.1
00-0037252,G.Dulcich,Greg Dulcich,TE,DEN,JAX,8,2022,0,0,0.0,0,0,0.0,0,4,5,87.0,0,8.7,12.7,DEN,Greg Dulcich,8.7
00-0037252,G.Dulcich,Greg Dulcich,TE,DEN,TEN,10,2022,0,0,0.0,0,0,0.0,0,1,4,11.0,0,1.1,2.1,DEN,Greg Dulcich,1.1
00-0037252,G.Dulcich,Greg Dulcich,TE,DEN,LV,11,2022,0,0,0.0,0,0,0.0,0,4,5,30.0,0,3.0,7.0,DEN,Greg Dulcich,3.0
00-0037252,G.Dulcich,Greg Dulcich,TE,DEN,CAR,12,2022,0,0,0.0,0,0,0.0,0,2,3,11.0,0,1.1,3.1,DEN,Greg Dulcich,1.1
00-0037252,G.Dulcich,Greg Dulcich,TE,DEN,BAL,13,2022,0,0,0.0,0,0,0.0,0,6,8,85.0,0,8.5,14.5,DEN,Greg Dulcich,8.5
00-0037252,G.Dulcich,Greg Dulcich,TE,DEN,KC,14,2022,0,0,0.0,0,0,0.0,0,3,8,42.0,0,4.2,7.2,DEN,Greg Dulcich,4.2
00-0037252,G.Dulcich,Greg Dulcich,TE,DEN,ARI,15,2022,0,0,0.0,0,0,0.0,0,1,2,11.0,0,1.1,2.1,DEN,Greg Dulcich,1.1
00-0037252,G.Dulcich,Greg Dulcich,TE,DEN,LA,16,2022,0,0,0.0,0,0,0.0,0,4,8,39.0,1,9.9,13.9,DEN,Greg Dulcich,9.9
00-0037253,M.Jones,Marcus Jones,CB,NE,NE,11,2022,0,0,0.0,0,0,0.0,0,0,0,0.0,0,6.0,6.0,NE,Marcus Jones,6.0
00-0037253,M.Jones,Marcus Jones,CB,NE,BUF,13,2022,0,0,0.0,0,0,0.0,0,2,2,51.0,1,11.1,13.1,NE,Marcus Jones,11.1
00-0037253,M.Jones,Marcus Jones,CB,NE,ARI,14,2022,0,0,0.0,0,0,0.0,0,1,1,12.0,0,1.2,2.2,NE,Marcus Jones,1.2
00-0037253,M.Jones,Marcus Jones,CB,NE,CIN,16,2022,0,0,0.0,0,0,0.0,0,1,1,15.0,0,1.5,2.5,NE,Marcus Jones,1.5
00-0037256,R.White,Rachaad White,RB,TB,DAL,1,2022,0,0,0.0,0,6,14.0,0,2,2,7.0,0,2.1,4.1,TB,Rachaad White,2.1
00-0037256,R.White,Rachaad White,RB,TB,NO,2,2022,0,0,0.0,0,2,1.0,0,0,2,0.0,0,0.1,0.1,TB,Rachaad White,0.1
00-0037256,R.White,Rachaad White,RB,TB,KC,4,2022,0,0,0.0,0,3,6.0,1,5,5,50.0,0,11.6,16.6,TB,Rachaad White,11.6
00-0037256,R.White,Rachaad White,RB,TB,ATL,5,2022,0,0,0.0,0,5,14.0,0,3,4,28.0,0,4.2,7.2,TB,Rachaad White,4.2
00-0037256,R.White,Rachaad White,RB,TB,PIT,6,2022,0,0,0.0,0,4,12.0,0,3,4,11.0,0,2.3,5.3,TB,Rachaad White,2.3
00-0037256,R.White,Rachaad White,RB,TB,CAR,7,2022,0,0,0.0,0,6,24.0,0,1,2,8.0,0,3.2,4.2,TB,Rachaad White,3.2
00-0037256,R.White,Rachaad White,RB,TB,BAL,8,2022,0,0,0.0,0,4,19.0,0,3,3,24.0,0,4.3,7.3,TB,Rachaad White,4.3
00-0037256,R.White,Rachaad White,RB,TB,LA,9,2022,0,0,0.0,0,8,27.0,0,3,3,7.0,0,3.4,6.4,TB,Rachaad White,3.4
00-0037256,R.White,Rachaad White,RB,TB,SEA,10,2022,0,0,0.0,0,22,105.0,0,0,0,0.0,0,10.5,10.5,TB,Rachaad White,10.5
00-0037256,R.White,Rachaad White,RB,TB,CLE,12,2022,0,0,0.0,0,14,64.0,0,9,9,45.0,0,10.9,19.9,TB,Rachaad White,10.9
00-0037256,R.White,Rachaad White,RB,TB,NO,13,2022,0,0,0.0,0,9,28.0,0,6,8,41.0,1,10.9,16.9,TB,Rachaad White,10.9
00-0037256,R.White,Rachaad White,RB,TB,SF,14,2022,0,0,0.0,0,13,56.0,0,5,5,21.0,0,5.7,10.7,TB,Rachaad White,5.7
00-0037256,R.White,Rachaad White,RB,TB,CIN,15,2022,0,0,0.0,0,11,38.0,0,1,2,5.0,0,4.3,5.3,TB,Rachaad White,4.3
00-0037256,R.White,Rachaad White,RB,TB,ARI,16,2022,0,0,0.0,0,7,36.0,0,4,4,17.0,1,11.3,15.3,TB,Rachaad White,11.3
00-0037256,R.White,Rachaad White,RB,TB,CAR,17,2022,0,0,0.0,0,11,22.0,0,5,5,26.0,0,4.8,9.8,TB,Rachaad White,4.8
00-0037256,R.White,Rachaad White,RB,TB,ATL,18,2022,0,0,0.0,0,4,15.0,0,0,0,0.0,0,1.5,1.5,TB,Rachaad White,1.5
00-0037256,R.White,Rachaad White,RB,TB,DAL,19,2022,0,0,0.0,0,7,41.0,0,4,6,36.0,0,7.7,11.7,TB,Rachaad White,7.7
00-0037257,D.Bell,David Bell,WR,CLE,NYJ,2,2022,0,0,0.0,0,0,0.0,0,1,1,6.0,0,0.6,1.6,CLE,David Bell,0.6
00-0037257,D.Bell,David Bell,WR,CLE,PIT,3,2022,0,0,0.0,0,0,0.0,0,1,1,6.0,0,0.6,1.6,CLE,David Bell,0.6
00-0037257,D.Bell,David Bell,WR,CLE,ATL,4,2022,0,0,0.0,0,0,0.0,0,2,3,35.0,0,3.5,5.5,CLE,David Bell,3.5
00-0037257,D.Bell,David Bell,WR,CLE,LAC,5,2022,0,0,0.0,0,0,0.0,0,1,1,6.0,0,0.6,1.6,CLE,David Bell,0.6
00-0037257,D.Bell,David Bell,WR,CLE,NE,6,2022,0,0,0.0,0,0,0.0,0,1,2,13.0,0,1.3,2.3,CLE,David Bell,1.3
00-0037257,D.Bell,David Bell,WR,CLE,BAL,7,2022,0,0,0.0,0,0,0.0,0,1,1,7.0,0,0.7,1.7,CLE,David Bell,0.7
00-0037257,D.Bell,David Bell,WR,CLE,CIN,8,2022,0,0,0.0,0,0,0.0,0,2,2,27.0,0,2.7,4.7,CLE,David Bell,2.7
00-0037257,D.Bell,David Bell,WR,CLE,MIA,10,2022,0,0,0.0,0,0,0.0,0,3,5,24.0,0,2.4,5.4,CLE,David Bell,2.4
00-0037257,D.Bell,David Bell,WR,CLE,BUF,11,2022,0,0,0.0,0,0,0.0,0,4,5,22.0,0,2.2,6.2,CLE,David Bell,2.2
00-0037257,D.Bell,David Bell,WR,CLE,TB,12,2022,0,0,0.0,0,0,0.0,0,4,6,23.0,0,2.3,6.3,CLE,David Bell,2.3
00-0037257,D.Bell,David Bell,WR,CLE,HOU,13,2022,0,0,0.0,0,0,0.0,0,0,1,0.0,0,0.0,0.0,CLE,David Bell,0.0
00-0037257,D.Bell,David Bell,WR,CLE,CIN,14,2022,0,0,0.0,0,0,0.0,0,3,3,27.0,0,2.7,5.7,CLE,David Bell,2.7
00-0037257,D.Bell,David Bell,WR,CLE,NO,16,2022,0,0,0.0,0,0,0.0,0,1,2,18.0,0,1.8,2.8,CLE,David Bell,1.8
00-0037257,D.Bell,David Bell,WR,CLE,PIT,18,2022,0,0,0.0,0,0,0.0,0,0,2,0.0,0,0.0,0.0,CLE,David Bell,0.0
00-0037258,D.Pierce,Dameon Pierce,RB,HOU,IND,1,2022,0,0,0.0,0,11,33.0,0,1,1,6.0,0,3.9,4.9,HOU,Dameon Pierce,3.9
00-0037258,D.Pierce,Dameon Pierce,RB,HOU,DEN,2,2022,0,0,0.0,0,15,69.0,0,1,1,8.0,0,7.7,8.7,HOU,Dameon Pierce,7.7
00-0037258,D.Pierce,Dameon Pierce,RB,HOU,CHI,3,2022,0,0,0.0,0,20,80.0,1,2,2,21.0,0,16.1,18.1,HOU,Dameon Pierce,16.1
00-0037258,D.Pierce,Dameon Pierce,RB,HOU,LAC,4,2022,0,0,0.0,0,14,131.0,1,6,6,8.0,0,19.9,25.9,HOU,Dameon Pierce,19.9
00-0037258,D.Pierce,Dameon Pierce,RB,HOU,JAX,5,2022,0,0,0.0,0,26,99.0,1,3,5,14.0,0,17.3,20.3,HOU,Dameon Pierce,17.3
00-0037258,D.Pierce,Dameon Pierce,RB,HOU,LV,7,2022,0,0,0.0,0,20,92.0,0,4,4,25.0,0,11.7,15.7,HOU,Dameon Pierce,11.7
00-0037258,D.Pierce,Dameon Pierce,RB,HOU,TEN,8,2022,0,0,0.0,0,15,35.0,0,3,5,16.0,1,11.1,14.1,HOU,Dameon Pierce,11.1
00-0037258,D.Pierce,Dameon Pierce,RB,HOU,PHI,9,2022,0,0,0.0,0,27,139.0,0,0,0,0.0,0,13.9,13.9,HOU,Dameon Pierce,13.9
00-0037258,D.Pierce,Dameon Pierce,RB,HOU,NYG,10,2022,0,0,0.0,0,17,94.0,0,2,3,28.0,0,10.2,12.2,HOU,Dameon Pierce,10.2
00-0037258,D.Pierce,Dameon Pierce,RB,HOU,WAS,11,2022,0,0,0.0,0,10,8.0,0,2,3,9.0,0,1.7,3.7,HOU,Dameon Pierce,1.7
00-0037258,D.Pierce,Dameon Pierce,RB,HOU,MIA,12,2022,0,0,0.0,0,5,8.0,0,3,6,8.0,0,1.6,4.6,HOU,Dameon Pierce,1.6
00-0037258,D.Pierce,Dameon Pierce,RB,HOU,CLE,13,2022,0,0,0.0,0,18,73.0,0,3,3,22.0,0,9.5,12.5,HOU,Dameon Pierce,9.5
00-0037258,D.Pierce,Dameon Pierce,RB,HOU,DAL,14,2022,0,0,0.0,0,22,78.0,1,0,0,0.0,0,11.8,11.8,HOU,Dameon Pierce,11.8
00-0037261,K.Shakir,Khalil Shakir,WR,BUF,TEN,2,2022,0,0,0.0,0,0,0.0,0,0,2,0.0,0,0.0,0.0,BUF,Khalil Shakir,0.0
00-0037261,K.Shakir,Khalil Shakir,WR,BUF,BAL,4,2022,0,0,0.0,0,0,0.0,0,2,2,23.0,0,2.3,4.3,BUF,Khalil Shakir,2.3
00-0037261,K.Shakir,Khalil Shakir,WR,BUF,PIT,5,2022,0,0,0.0,0,0,0.0,0,3,5,75.0,1,13.5,16.5,BUF,Khalil Shakir,13.5
00-0037261,K.Shakir,Khalil Shakir,WR,BUF,KC,6,2022,0,0,0.0,0,0,0.0,0,1,2,14.0,0,1.4,2.4,BUF,Khalil Shakir,1.4
00-0037261,K.Shakir,Khalil Shakir,WR,BUF,GB,8,2022,0,0,0.0,0,0,0.0,0,0,2,0.0,0,0.0,0.0,BUF,Khalil Shakir,0.0
00-0037261,K.Shakir,Khalil Shakir,WR,BUF,MIN,10,2022,0,0,0.0,0,0,0.0,0,1,2,6.0,0,0.6,1.6,BUF,Khalil Shakir,0.6
00-0037261,K.Shakir,Khalil Shakir,WR,BUF,NE,13,2022,0,0,0.0,0,0,0.0,0,1,1,10.0,0,1.0,2.0,BUF,Khalil Shakir,1.0
00-0037261,K.Shakir,Khalil Shakir,WR,BUF,NYJ,14,2022,0,0,0.0,0,0,0.0,0,0,1,0.0,0,0.0,0.0,BUF,Khalil Shakir,0.0
00-0037261,K.Shakir,Khalil Shakir,WR,BUF,CHI,16,2022,0,0,0.0,0,0,0.0,0,1,1,5.0,0,2.5,3.5,BUF,Khalil Shakir,2.5
00-0037261,K.Shakir,Khalil Shakir,WR,BUF,NE,18,2022,0,0,0.0,0,0,0.0,0,1,2,28.0,0,2.8,3.8,BUF,Khalil Shakir,2.8
00-0037261,K.Shakir,Khalil Shakir,WR,BUF,MIA,19,2022,0,0,0.0,0,0,0.0,0,3,5,51.0,0,5.1,8.1,BUF,Khalil Shakir,5.1
00-0037261,K.Shakir,Khalil Shakir,WR,BUF,CIN,20,2022,0,0,0.0,0,0,0.0,0,2,2,40.0,0,4.0,6.0,BUF,Khalil Shakir,4.0
00-0037263,T.Allgeier,Tyler Allgeier,RB,ATL,LA,2,2022,0,0,0.0,0,10,30.0,0,0,0,0.0,0,3.0,3.0,ATL,Tyler Allgeier,3.0
00-0037263,T.Allgeier,Tyler Allgeier,RB,ATL,SEA,3,2022,0,0,0.0,0,6,25.0,0,1,1,5.0,0,3.0,4.0,ATL,Tyler Allgeier,3.0
00-0037263,T.Allgeier,Tyler Allgeier,RB,ATL,CLE,4,2022,0,0,0.0,0,10,84.0,0,1,1,20.0,0,10.4,11.4,ATL,Tyler Allgeier,10.4
00-0037263,T.Allgeier,Tyler Allgeier,RB,ATL,TB,5,2022,0,0,0.0,0,13,45.0,0,0,0,0.0,0,4.5,4.5,ATL,Tyler Allgeier,4.5
00-0037263,T.Allgeier,Tyler Allgeier,RB,ATL,SF,6,2022,0,0,0.0,0,15,51.0,0,0,0,0.0,0,5.1,5.1,ATL,Tyler Allgeier,5.1
00-0037263,T.Allgeier,Tyler Allgeier,RB,ATL,CIN,7,2022,0,0,0.0,0,16,50.0,1,0,0,0.0,0,11.0,11.0,ATL,Tyler Allgeier,11.0
00-0037263,T.Allgeier,Tyler Allgeier,RB,ATL,CAR,8,2022,0,0,0.0,0,14,39.0,0,3,3,46.0,1,14.5,17.5,ATL,Tyler Allgeier,14.5
00-0037263,T.Allgeier,Tyler Allgeier,RB,ATL,LAC,9,2022,0,0,0.0,0,10,99.0,0,1,1,24.0,0,12.3,13.3,ATL,Tyler Allgeier,12.3
00-0037263,T.Allgeier,Tyler Allgeier,RB,ATL,CAR,10,2022,0,0,0.0,0,8,20.0,0,3,3,-17.0,0,0.3,3.3,ATL,Tyler Allgeier,0.3
00-0037263,T.Allgeier,Tyler Allgeier,RB,ATL,CHI,11,2022,0,0,0.0,0,8,55.0,0,1,1,9.0,0,6.4,7.4,ATL,Tyler Allgeier,6.4
00-0037263,T.Allgeier,Tyler Allgeier,RB,ATL,WAS,12,2022,0,0,0.0,0,11,54.0,0,0,0,0.0,0,5.4,5.4,ATL,Tyler Allgeier,5.4
00-0037263,T.Allgeier,Tyler Allgeier,RB,ATL,PIT,13,2022,0,0,0.0,0,10,52.0,0,0,0,0.0,0,5.2,5.2,ATL,Tyler Allgeier,5.2
00-0037263,T.Allgeier,Tyler Allgeier,RB,ATL,NO,15,2022,0,0,0.0,0,17,139.0,1,1,1,-3.0,0,21.6,22.6,ATL,Tyler Allgeier,21.6
00-0037263,T.Allgeier,Tyler Allgeier,RB,ATL,BAL,16,2022,0,0,0.0,0,18,74.0,0,4,5,43.0,0,11.7,15.7,ATL,Tyler Allgeier,11.7
00-0037263,T.Allgeier,Tyler Allgeier,RB,ATL,ARI,17,2022,0,0,0.0,0,20,83.0,1,1,1,12.0,0,15.5,16.5,ATL,Tyler Allgeier,15.5
00-0037263,T.Allgeier,Tyler Allgeier,RB,ATL,TB,18,2022,0,0,0.0,0,24,135.0,0,0,0,0.0,0,13.5,13.5,ATL,Tyler Allgeier,13.5
00-0037265,S.Conner,Snoop Conner,RB,JAX,BAL,12,2022,0,0,0.0,0,3,11.0,0,0,0,0.0,0,1.1,1.1,JAX,Snoop Conner,1.1
00-0037265,S.Conner,Snoop Conner,RB,JAX,DET,13,2022,0,0,0.0,0,1,6.0,0,0,0,0.0,0,0.6,0.6,JAX,Snoop Conner,0.6
00-0037265,S.Conner,Snoop Conner,RB,JAX,DAL,15,2022,0,0,0.0,0,1,3.0,0,0,0,0.0,0,0.3,0.3,JAX,Snoop Conner,0.3
00-0037265,S.Conner,Snoop Conner,RB,JAX,NYJ,16,2022,0,0,0.0,0,2,5.0,0,0,0,0.0,0,0.5,0.5,JAX,Snoop Conner,0.5
00-0037265,S.Conner,Snoop Conner,RB,JAX,HOU,17,2022,0,0,0.0,0,5,17.0,1,0,0,0.0,0,7.7,7.7,JAX,Snoop Conner,7.7
00-0037267,J.Ford,Jerome Ford,RB,CLE,HOU,13,2022,0,0,0.0,0,3,3.0,0,0,0,0.0,0,0.3,0.3,CLE,Jerome Ford,0.3
00-0037267,J.Ford,Jerome Ford,RB,CLE,WAS,17,2022,0,0,0.0,0,5,9.0,0,0,0,0.0,0,0.9,0.9,CLE,Jerome Ford,0.9
00-0037272,M.Washington,Montrell Washington,WR,DEN,HOU,2,2022,0,0,0.0,0,1,19.0,0,0,1,0.0,0,1.9,1.9,DEN,Montrell Washington,1.9
00-0037272,M.Washington,Montrell Washington,WR,DEN,LV,4,2022,0,0,0.0,0,0,0.0,0,1,1,4.0,0,0.4,1.4,DEN,Montrell Washington,0.4
00-0037272,M.Washington,Montrell Washington,WR,DEN,IND,5,2022,0,0,0.0,0,1,9.0,0,0,0,0.0,0,0.9,0.9,DEN,Montrell Washington,0.9
00-0037272,M.Washington,Montrell Washington,WR,DEN,LAC,6,2022,0,0,0.0,0,0,0.0,0,1,1,0.0,0,0.0,1.0,DEN,Montrell Washington,0.0
00-0037272,M.Washington,Montrell Washington,WR,DEN,NYJ,7,2022,0,0,0.0,0,1,2.0,0,0,0,0.0,0,0.2,0.2,DEN,Montrell Washington,0.2
00-0037272,M.Washington,Montrell Washington,WR,DEN,JAX,8,2022,0,0,0.0,0,0,0.0,0,1,1,1.0,0,0.1,1.1,DEN,Montrell Washington,0.1
00-0037272,M.Washington,Montrell Washington,WR,DEN,TEN,10,2022,0,0,0.0,0,0,0.0,0,0,1,0.0,0,0.0,0.0,DEN,Montrell Washington,0.0
00-0037272,M.Washington,Montrell Washington,WR,DEN,CAR,12,2022,0,0,0.0,0,1,1.0,0,1,3,-3.0,0,-0.2,0.8,DEN,Montrell Washington,-0.2
00-0037272,M.Washington,Montrell Washington,WR,DEN,BAL,13,2022,0,0,0.0,0,1,-1.0,0,0,1,0.0,0,-0.1,-0.1,DEN,Montrell Washington,-0.1
00-0037273,K.Philips,Kyle Philips,WR,TEN,NYG,1,2022,0,0,0.0,0,0,0.0,0,6,9,66.0,0,6.6,12.6,TEN,Kyle Philips,6.6
00-0037273,K.Philips,Kyle Philips,WR,TEN,BUF,2,2022,0,0,0.0,0,0,0.0,0,1,1,5.0,0,0.5,1.5,TEN,Kyle Philips,0.5
00-0037273,K.Philips,Kyle Philips,WR,TEN,IND,4,2022,0,0,0.0,0,0,0.0,0,0,1,0.0,0,0.0,0.0,TEN,Kyle Philips,0.0
00-0037273,K.Philips,Kyle Philips,WR,TEN,WAS,5,2022,0,0,0.0,0,0,0.0,0,1,2,7.0,0,0.7,1.7,TEN,Kyle Philips,0.7
00-0037276,T.Chandler,Ty Chandler,RB,MIN,CHI,18,2022,0,0,0.0,0,6,20.0,0,0,0,0.0,0,2.0,2.0,MIN,Ty Chandler,2.0
00-0037277,T.Quitoriano,Teagan Quitoriano,TE,HOU,PHI,9,2022,0,0,0.0,0,0,0.0,0,1,1,2.0,1,6.2,7.2,HOU,Teagan Quitoriano,6.2
00-0037277,T.Quitoriano,Teagan Quitoriano,TE,HOU,WAS,11,2022,0,0,0.0,0,0,0.0,0,0,1,0.0,0,0.0,0.0,HOU,Teagan Quitoriano,0.0
00-0037277,T.Quitoriano,Teagan Quitoriano,TE,HOU,MIA,12,2022,0,0,0.0,0,0,0.0,0,2,2,20.0,0,2.0,4.0,HOU,Teagan Quitoriano,2.0
00-0037277,T.Quitoriano,Teagan Quitoriano,TE,HOU,CLE,13,2022,0,0,0.0,0,0,0.0,0,0,3,0.0,0,0.0,0.0,HOU,Teagan Quitoriano,0.0
00-0037277,T.Quitoriano,Teagan Quitoriano,TE,HOU,KC,15,2022,0,0,0.0,0,0,0.0,0,1,2,8.0,1,6.8,7.8,HOU,Teagan Quitoriano,6.8
00-0037277,T.Quitoriano,Teagan Quitoriano,TE,HOU,TEN,16,2022,0,0,0.0,0,0,0.0,0,0,1,0.0,0,0.0,0.0,HOU,Teagan Quitoriano,0.0
00-0037277,T.Quitoriano,Teagan Quitoriano,TE,HOU,IND,18,2022,0,0,0.0,0,0,0.0,0,3,4,83.0,0,8.3,11.3,HOU,Teagan Quitoriano,8.3
00-0037282,J.Mitchell,James Mitchell,TE,DET,MIA,8,2022,0,0,0.0,0,0,0.0,0,1,1,14.0,0,1.4,2.4,DET,James Mitchell,1.4
00-0037282,J.Mitchell,James Mitchell,TE,DET,GB,9,2022,0,0,0.0,0,0,0.0,0,2,2,8.0,1,6.8,8.8,DET,James Mitchell,6.8
00-0037282,J.Mitchell,James Mitchell,TE,DET,CHI,10,2022,0,0,0.0,0,0,0.0,0,1,1,4.0,0,0.4,1.4,DET,James Mitchell,0.4
00-0037282,J.Mitchell,James Mitchell,TE,DET,BUF,12,2022,0,0,0.0,0,0,0.0,0,1,1,22.0,0,2.2,3.2,DET,James Mitchell,2.2
00-0037282,J.Mitchell,James Mitchell,TE,DET,NYJ,15,2022,0,0,0.0,0,0,0.0,0,2,2,12.0,0,1.2,3.2,DET,James Mitchell,1.2
00-0037282,J.Mitchell,James Mitchell,TE,DET,CAR,16,2022,0,0,0.0,0,0,0.0,0,2,2,31.0,0,3.1,5.1,DET,James Mitchell,3.1
00-0037282,J.Mitchell,James Mitchell,TE,DET,CHI,17,2022,0,0,0.0,0,0,0.0,0,1,1,15.0,0,1.5,2.5,DET,James Mitchell,1.5
00-0037282,J.Mitchell,James Mitchell,TE,DET,GB,18,2022,0,0,0.0,0,0,0.0,0,1,1,7.0,0,0.7,1.7,DET,James Mitchell,0.7
00-0037286,K.Harris,Kevin Harris,RB,NE,CLE,6,2022,0,0,0.0,0,3,5.0,0,0,0,0.0,0,0.5,0.5,NE,Kevin Harris,0.5
00-0037286,K.Harris,Kevin Harris,RB,NE,BUF,13,2022,0,0,0.0,0,1,-1.0,0,0,0,0.0,0,-0.1,-0.1,NE,Kevin Harris,-0.1
00-0037286,K.Harris,Kevin Harris,RB,NE,ARI,14,2022,0,0,0.0,0,8,26.0,1,0,0,0.0,0,8.6,8.6,NE,Kevin Harris,8.6
00-0037286,K.Harris,Kevin Harris,RB,NE,LV,15,2022,0,0,0.0,0,5,19.0,0,0,0,0.0,0,1.9,1.9,NE,Kevin Harris,1.9
00-0037286,K.Harris,Kevin Harris,RB,NE,CIN,16,2022,0,0,0.0,0,1,3.0,0,0,0,0.0,0,0.3,0.3,NE,Kevin Harris,0.3
00-0037291,J.Nailor,Jalen Nailor,WR,MIN,NO,4,2022,0,0,0.0,0,0,0.0,0,1,1,13.0,0,1.3,2.3,MIN,Jalen Nailor,1.3
00-0037291,J.Nailor,Jalen Nailor,WR,MIN,DAL,11,2022,0,0,0.0,0,0,0.0,0,1,3,15.0,0,1.5,2.5,MIN,Jalen Nailor,1.5
00-0037291,J.Nailor,Jalen Nailor,WR,MIN,IND,15,2022,0,0,0.0,0,0,0.0,0,0,1,0.0,0,0.0,0.0,MIN,Jalen Nailor,0.0
00-0037291,J.Nailor,Jalen Nailor,WR,MIN,GB,17,2022,0,0,0.0,0,0,0.0,0,3,3,89.0,1,14.9,17.9,MIN,Jalen Nailor,14.9
00-0037291,J.Nailor,Jalen Nailor,WR,MIN,CHI,18,2022,0,0,0.0,0,0,0.0,0,4,5,62.0,0,6.2,10.2,MIN,Jalen Nailor,6.2
00-0037299,K.Ingram,Keaontay Ingram,RB,ARI,SEA,6,2022,0,0,0.0,0,3,7.0,0,0,0,0.0,0,0.7,0.7,ARI,Keaontay Ingram,0.7
00-0037299,K.Ingram,Keaontay Ingram,RB,ARI,NO,7,2022,0,0,0.0,0,9,14.0,1,2,2,23.0,0,9.7,11.7,ARI,Keaontay Ingram,9.7
00-0037299,K.Ingram,Keaontay Ingram,RB,ARI,SEA,9,2022,0,0,0.0,0,1,2.0,0,0,0,0.0,0,0.2,0.2,ARI,Keaontay Ingram,0.2
00-0037299,K.Ingram,Keaontay Ingram,RB,ARI,LA,10,2022,0,0,0.0,0,1,5.0,0,0,0,0.0,0,0.5,0.5,ARI,Keaontay Ingram,0.5
00-0037299,K.Ingram,Keaontay Ingram,RB,ARI,SF,11,2022,0,0,0.0,0,5,19.0,0,0,0,0.0,0,1.9,1.9,ARI,Keaontay Ingram,1.9
00-0037299,K.Ingram,Keaontay Ingram,RB,ARI,LAC,12,2022,0,0,0.0,0,2,5.0,0,0,0,0.0,0,0.5,0.5,ARI,Keaontay Ingram,0.5
00-0037299,K.Ingram,Keaontay Ingram,RB,ARI,NE,14,2022,0,0,0.0,0,1,1.0,0,0,0,0.0,0,0.1,0.1,ARI,Keaontay Ingram,0.1
00-0037299,K.Ingram,Keaontay Ingram,RB,ARI,DEN,15,2022,0,0,0.0,0,1,0.0,0,0,0,0.0,0,0.0,0.0,ARI,Keaontay Ingram,0.0
00-0037299,K.Ingram,Keaontay Ingram,RB,ARI,TB,16,2022,0,0,0.0,0,1,2.0,0,0,0,0.0,0,0.2,0.2,ARI,Keaontay Ingram,0.2
00-0037299,K.Ingram,Keaontay Ingram,RB,ARI,SF,18,2022,0,0,0.0,0,3,5.0,0,2,3,-2.0,0,0.3,2.3,ARI,Keaontay Ingram,0.3
00-0037300,M.Woods,Mike Woods,WR,CLE,NE,6,2022,0,0,0.0,0,0,0.0,0,1,2,15.0,0,1.5,2.5,CLE,Mike Woods,1.5
00-0037300,M.Woods,Mike Woods,WR,CLE,CIN,8,2022,0,0,0.0,0,0,0.0,0,1,2,6.0,0,0.6,1.6,CLE,Mike Woods,0.6
00-0037300,M.Woods,Mike Woods,WR,CLE,MIA,10,2022,0,0,0.0,0,0,0.0,0,0,2,0.0,0,0.0,0.0,CLE,Mike Woods,0.0
00-0037300,M.Woods,Mike Woods,WR,CLE,BAL,15,2022,0,0,0.0,0,1,-5.0,0,1,2,4.0,0,-0.1,0.9,CLE,Mike Woods,-0.1
00-0037300,M.Woods,Mike Woods,WR,CLE,NO,16,2022,0,0,0.0,0,0,0.0,0,1,1,5.0,0,0.5,1.5,CLE,Mike Woods,0.5
00-0037300,M.Woods,Mike Woods,WR,CLE,PIT,18,2022,0,0,0.0,0,0,0.0,0,1,1,15.0,0,1.5,2.5,CLE,Mike Woods,1.5
00-0037304,C.Heyward,Connor Heyward,TE,PIT,BUF,5,2022,0,0,0.0,0,0,0.0,0,2,2,12.0,0,1.2,3.2,PIT,Connor Heyward,1.2
00-0037304,C.Heyward,Connor Heyward,TE,PIT,TB,6,2022,0,0,0.0,0,0,0.0,0,2,3,49.0,0,4.9,6.9,PIT,Connor Heyward,4.9
00-0037304,C.Heyward,Connor Heyward,TE,PIT,MIA,7,2022,0,0,0.0,0,0,0.0,0,1,1,6.0,0,0.6,1.6,PIT,Connor Heyward,0.6
00-0037304,C.Heyward,Connor Heyward,TE,PIT,NO,10,2022,0,0,0.0,0,0,0.0,0,2,2,9.0,0,0.9,2.9,PIT,Connor Heyward,0.9
00-0037304,C.Heyward,Connor Heyward,TE,PIT,ATL,13,2022,0,0,0.0,0,0,0.0,0,1,1,17.0,1,7.7,8.7,PIT,Connor Heyward,7.7
00-0037304,C.Heyward,Connor Heyward,TE,PIT,BAL,14,2022,0,0,0.0,0,0,0.0,0,1,1,13.0,0,1.3,2.3,PIT,Connor Heyward,1.3
00-0037304,C.Heyward,Connor Heyward,TE,PIT,LV,16,2022,0,0,0.0,0,1,21.0,0,0,3,0.0,0,2.1,2.1,PIT,Connor Heyward,2.1
00-0037304,C.Heyward,Connor Heyward,TE,PIT,CLE,18,2022,0,0,0.0,0,1,6.0,0,3,4,45.0,0,5.1,8.1,PIT,Connor Heyward,5.1
00-0037311,K.Kieft,Ko Kieft,TE,TB,KC,4,2022,0,0,0.0,0,0,0.0,0,1,1,19.0,0,1.9,2.9,TB,Ko Kieft,1.9
00-0037311,K.Kieft,Ko Kieft,TE,TB,CAR,7,2022,0,0,0.0,0,0,0.0,0,1,1,18.0,0,1.8,2.8,TB,Ko Kieft,1.8
00-0037311,K.Kieft,Ko Kieft,TE,TB,BAL,8,2022,0,0,0.0,0,0,0.0,0,1,1,9.0,0,0.9,1.9,TB,Ko Kieft,0.9
00-0037311,K.Kieft,Ko Kieft,TE,TB,LA,9,2022,0,0,0.0,0,0,0.0,0,1,2,6.0,0,0.6,1.6,TB,Ko Kieft,0.6
00-0037311,K.Kieft,Ko Kieft,TE,TB,CLE,12,2022,0,0,0.0,0,0,0.0,0,1,1,5.0,1,6.5,7.5,TB,Ko Kieft,6.5
00-0037311,K.Kieft,Ko Kieft,TE,TB,NO,13,2022,0,0,0.0,0,0,0.0,0,1,2,12.0,0,1.2,2.2,TB,Ko Kieft,1.2
00-0037311,K.Kieft,Ko Kieft,TE,TB,SF,14,2022,0,0,0.0,0,0,0.0,0,1,1,11.0,0,1.1,2.1,TB,Ko Kieft,1.1
00-0037311,K.Kieft,Ko Kieft,TE,TB,CAR,17,2022,0,0,0.0,0,0,0.0,0,0,1,0.0,0,0.0,0.0,TB,Ko Kieft,0.0
00-0037311,K.Kieft,Ko Kieft,TE,TB,DAL,19,2022,0,0,0.0,0,0,0.0,0,0,1,0.0,0,0.0,0.0,TB,Ko Kieft,0.0
00-0037327,S.Thompson,Skylar Thompson,QB,MIA,NYJ,5,2022,19,33,166.0,0,0,0.0,0,0,0,0.0,0,2.64,2.64,MIA,Skylar Thompson,2.64
00-0037327,S.Thompson,Skylar Thompson,QB,MIA,MIN,6,2022,7,13,89.0,0,1,9.0,0,0,0,0.0,0,4.46,4.46,MIA,Skylar Thompson,4.46
00-0037327,S.Thompson,Skylar Thompson,QB,MIA,CLE,10,2022,1,1,17.0,0,3,0.0,0,0,0,0.0,0,0.68,0.68,MIA,Skylar Thompson,0.68
00-0037327,S.Thompson,Skylar Thompson,QB,MIA,HOU,12,2022,1,5,6.0,0,6,5.0,0,0,0,0.0,0,-1.26,-1.26,MIA,Skylar Thompson,-1.26
00-0037327,S.Thompson,Skylar Thompson,QB,MIA,SF,13,2022,0,1,0.0,0,0,0.0,0,0,0,0.0,0,-2.0,-2.0,MIA,Skylar Thompson,-2.0
00-0037327,S.Thompson,Skylar Thompson,QB,MIA,NE,17,2022,12,21,104.0,1,1,4.0,0,0,0,0.0,0,6.56,6.56,MIA,Skylar Thompson,6.56
00-0037327,S.Thompson,Skylar Thompson,QB,MIA,NYJ,18,2022,20,31,152.0,0,3,3.0,0,0,0,0.0,0,6.38,6.38,MIA,Skylar Thompson,6.38
00-0037327,S.Thompson,Skylar Thompson,QB,MIA,BUF,19,2022,18,45,220.0,1,2,3.0,0,0,0,0.0,0,11.1,11.1,MIA,Skylar Thompson,11.1
00-0037331,Z.Horvath,Zander Horvath,RB,LAC,LV,1,2022,0,0,0.0,0,1,2.0,0,2,2,6.0,1,6.8,8.8,LAC,Zander Horvath,6.8
00-0037331,Z.Horvath,Zander Horvath,RB,LAC,KC,2,2022,0,0,0.0,0,0,0.0,0,1,2,1.0,1,6.1,7.1,LAC,Zander Horvath,6.1
00-0037331,Z.Horvath,Zander Horvath,RB,LAC,JAX,3,2022,0,0,0.0,0,0,0.0,0,0,1,0.0,0,0.0,0.0,LAC,Zander Horvath,0.0
00-0037331,Z.Horvath,Zander Horvath,RB,LAC,HOU,4,2022,0,0,0.0,0,0,0.0,0,0,1,0.0,0,0.0,0.0,LAC,Zander Horvath,0.0
00-0037331,Z.Horvath,Zander Horvath,RB,LAC,CLE,5,2022,0,0,0.0,0,2,3.0,0,0,0,0.0,0,0.3,0.3,LAC,Zander Horvath,0.3
00-0037331,Z.Horvath,Zander Horvath,RB,LAC,DEN,6,2022,0,0,0.0,0,0,0.0,0,1,1,0.0,0,0.0,1.0,LAC,Zander Horvath,0.0
00-0037331,Z.Horvath,Zander Horvath,RB,LAC,SF,10,2022,0,0,0.0,0,0,0.0,0,1,1,1.0,0,0.1,1.1,LAC,Zander Horvath,0.1
00-0037331,Z.Horvath,Zander Horvath,RB,LAC,KC,11,2022,0,0,0.0,0,1,3.0,0,0,0,0.0,0,0.3,0.3,LAC,Zander Horvath,0.3
00-0037348,T.Conner,Tanner Conner,WR,MIA,NYJ,5,2022,0,0,0.0,0,0,0.0,0,0,1,0.0,0,0.0,0.0,MIA,Tanner Conner,0.0
00-0037348,T.Conner,Tanner Conner,WR,MIA,MIN,6,2022,0,0,0.0,0,0,0.0,0,0,2,0.0,0,0.0,0.0,MIA,Tanner Conner,0.0
00-0037355,B.Sanders,Braylon Sanders,WR,MIA,DET,8,2022,0,0,0.0,0,0,0.0,0,2,2,17.0,0,-0.3,1.7,MIA,Braylon Sanders,-0.3
00-0037355,B.Sanders,Braylon Sanders,WR,MIA,BUF,15,2022,0,0,0.0,0,0,0.0,0,0,1,0.0,0,0.0,0.0,MIA,Braylon Sanders,0.0
00-0037382,B.Johnson,Brandon Johnson,WR,DEN,LV,11,2022,0,0,0.0,0,0,0.0,0,1,2,2.0,0,0.2,1.2,DEN,Brandon Johnson,0.2
00-0037382,B.Johnson,Brandon Johnson,WR,DEN,CAR,12,2022,0,0,0.0,0,0,0.0,0,2,4,10.0,1,7.0,9.0,DEN,Brandon Johnson,7.0
00-0037382,B.Johnson,Brandon Johnson,WR,DEN,KC,14,2022,0,0,0.0,0,0,0.0,0,0,4,0.0,0,0.0,0.0,DEN,Brandon Johnson,0.0
00-0037382,B.Johnson,Brandon Johnson,WR,DEN,ARI,15,2022,0,0,0.0,0,0,0.0,0,3,4,30.0,0,3.0,6.0,DEN,Brandon Johnson,3.0
00-0037387,J.Virgil,Jalen Virgil,WR,DEN,TEN,10,2022,0,0,0.0,0,0,0.0,0,1,1,66.0,1,12.6,13.6,DEN,Jalen Virgil,12.6
00-0037387,J.Virgil,Jalen Virgil,WR,DEN,CAR,12,2022,0,0,0.0,0,0,0.0,0,0,2,0.0,0,0.0,0.0,DEN,Jalen Virgil,0.0
00-0037387,J.Virgil,Jalen Virgil,WR,DEN,KC,14,2022,0,0,0.0,0,0,0.0,0,1,1,9.0,0,0.9,1.9,DEN,Jalen Virgil,0.9
00-0037387,J.Virgil,Jalen Virgil,WR,DEN,LA,16,2022,0,0,0.0,0,0,0.0,0,0,1,0.0,0,0.0,0.0,DEN,Jalen Virgil,0.0
00-0037393,J.Domann,JoJo Domann,OLB,IND,IND,15,2022,0,0,0.0,0,0,0.0,0,0,0,0.0,0,6.0,6.0,IND,JoJo Domann,6.0
00-0037429,R.Blackshear,Raheem Blackshear,RB,CAR,TB,7,2022,0,0,0.0,0,2,-5.0,0,0,0,0.0,0,-0.5,-0.5,CAR,Raheem Blackshear,-0.5
00-0037429,R.Blackshear,Raheem Blackshear,RB,CAR,ATL,8,2022,0,0,0.0,0,2,1.0,0,0,0,0.0,0,0.1,0.1,CAR,Raheem Blackshear,0.1
00-0037429,R.Blackshear,Raheem Blackshear,RB,CAR,CIN,9,2022,0,0,0.0,0,5,13.0,1,4,4,40.0,0,11.3,15.3,CAR,Raheem Blackshear,11.3
00-0037429,R.Blackshear,Raheem Blackshear,RB,CAR,ATL,10,2022,0,0,0.0,0,6,32.0,0,0,0,0.0,0,3.2,3.2,CAR,Raheem Blackshear,3.2
00-0037429,R.Blackshear,Raheem Blackshear,RB,CAR,BAL,11,2022,0,0,0.0,0,0,0.0,0,2,3,14.0,0,1.4,3.4,CAR,Raheem Blackshear,1.4
00-0037429,R.Blackshear,Raheem Blackshear,RB,CAR,DEN,12,2022,0,0,0.0,0,0,0.0,0,1,2,11.0,0,1.1,2.1,CAR,Raheem Blackshear,1.1
00-0037429,R.Blackshear,Raheem Blackshear,RB,CAR,SEA,14,2022,0,0,0.0,0,4,32.0,1,1,1,17.0,0,10.9,11.9,CAR,Raheem Blackshear,10.9
00-0037429,R.Blackshear,Raheem Blackshear,RB,CAR,DET,16,2022,0,0,0.0,0,3,3.0,1,1,1,12.0,0,7.5,8.5,CAR,Raheem Blackshear,7.5
00-0037429,R.Blackshear,Raheem Blackshear,RB,CAR,TB,17,2022,0,0,0.0,0,0,0.0,0,1,1,-1.0,0,-0.1,0.9,CAR,Raheem Blackshear,-0.1
00-0037429,R.Blackshear,Raheem Blackshear,RB,CAR,NO,18,2022,0,0,0.0,0,1,1.0,0,0,0,0.0,0,0.1,0.1,CAR,Raheem Blackshear,0.1
00-0037456,T.Hairston,Troy Hairston,FB,HOU,IND,1,2022,0,0,0.0,0,0,0.0,0,1,1,5.0,0,0.5,1.5,HOU,Troy Hairston,0.5
00-0037456,T.Hairston,Troy Hairston,FB,HOU,TEN,8,2022,0,0,0.0,0,0,0.0,0,2,2,7.0,0,0.7,2.7,HOU,Troy Hairston,0.7
00-0037456,T.Hairston,Troy Hairston,FB,HOU,PHI,9,2022,0,0,0.0,0,0,0.0,0,0,1,0.0,0,0.0,0.0,HOU,Troy Hairston,0.0
00-0037456,T.Hairston,Troy Hairston,FB,HOU,CLE,13,2022,0,0,0.0,0,0,0.0,0,0,1,0.0,0,0.0,0.0,HOU,Troy Hairston,0.0
00-0037456,T.Hairston,Troy Hairston,FB,HOU,TEN,16,2022,0,0,0.0,0,0,0.0,0,1,1,0.0,0,0.0,1.0,HOU,Troy Hairston,0.0
00-0037456,T.Hairston,Troy Hairston,FB,HOU,JAX,17,2022,0,0,0.0,0,0,0.0,0,1,1,7.0,0,0.7,1.7,HOU,Troy Hairston,0.7
00-0037456,T.Hairston,Troy Hairston,FB,HOU,IND,18,2022,0,0,0.0,0,0,0.0,0,0,1,0.0,0,0.0,0.0,HOU,Troy Hairston,0.0
00-0037475,S.Smartt,Stone Smartt,TE,LAC,KC,11,2022,0,0,0.0,0,0,0.0,0,1,1,6.0,0,0.6,1.6,LAC,Stone Smartt,0.6
00-0037475,S.Smartt,Stone Smartt,TE,LAC,LV,13,2022,0,0,0.0,0,0,0.0,0,2,3,3.0,0,0.3,2.3,LAC,Stone Smartt,0.3
00-0037475,S.Smartt,Stone Smartt,TE,LAC,MIA,14,2022,0,0,0.0,0,0,0.0,0,1,1,8.0,0,0.8,1.8,LAC,Stone Smartt,0.8
00-0037487,D.Thompkins,Deven Thompkins,WR,TB,CIN,15,2022,0,0,0.0,0,1,9.0,0,1,1,7.0,0,1.6,2.6,TB,Deven Thompkins,1.6
00-0037487,D.Thompkins,Deven Thompkins,WR,TB,ATL,18,2022,0,0,0.0,0,1,17.0,0,4,9,25.0,0,4.2,8.2,TB,Deven Thompkins,4.2
00-0037500,R.Wright,Ryan Wright,P,MIN,NO,4,2022,1,1,13.0,0,0,0.0,0,0,0,0.0,0,0.52,0.52,MIN,Ryan Wright,0.52
00-0037500,R.Wright,Ryan Wright,P,MIN,IND,15,2022,0,1,0.0,0,0,0.0,0,0,0,0.0,0,0.0,0.0,MIN,Ryan Wright,0.0
00-0037525,J.Mason,Jordan Mason,RB,SF,DEN,3,2022,0,0,0.0,0,1,7.0,0,0,0,0.0,0,0.7,0.7,SF,Jordan Mason,0.7
00-0037525,J.Mason,Jordan Mason,RB,SF,ARI,11,2022,0,0,0.0,0,4,14.0,0,0,0,0.0,0,1.4,1.4,SF,Jordan Mason,1.4
00-0037525,J.Mason,Jordan Mason,RB,SF,NO,12,2022,0,0,0.0,0,5,25.0,0,0,0,0.0,0,2.5,2.5,SF,Jordan Mason,2.5
00-0037525,J.Mason,Jordan Mason,RB,SF,MIA,13,2022,0,0,0.0,0,8,51.0,0,0,0,0.0,0,5.1,5.1,SF,Jordan Mason,5.1
00-0037525,J.Mason,Jordan Mason,RB,SF,TB,14,2022,0,0,0.0,0,11,56.0,0,0,0,0.0,0,5.6,5.6,SF,Jordan Mason,5.6
00-0037525,J.Mason,Jordan Mason,RB,SF,SEA,15,2022,0,0,0.0,0,4,64.0,0,0,0,0.0,0,6.4,6.4,SF,Jordan Mason,6.4
00-0037525,J.Mason,Jordan Mason,RB,SF,LV,17,2022,0,0,0.0,0,2,13.0,1,0,0,0.0,0,7.3,7.3,SF,Jordan Mason,7.3
00-0037525,J.Mason,Jordan Mason,RB,SF,ARI,18,2022,0,0,0.0,0,8,28.0,0,0,0,0.0,0,2.8,2.8,SF,Jordan Mason,2.8
00-0037525,J.Mason,Jordan Mason,RB,SF,SEA,19,2022,0,0,0.0,0,2,12.0,0,0,0,0.0,0,1.2,1.2,SF,Jordan Mason,1.2
00-0037545,R.Shaheed,Rashid Shaheed,WR,NO,CIN,6,2022,0,0,0.0,0,1,44.0,1,0,1,0.0,0,10.4,10.4,NO,Rashid Shaheed,10.4
00-0037545,R.Shaheed,Rashid Shaheed,WR,NO,ARI,7,2022,0,0,0.0,0,0,0.0,0,1,1,53.0,1,11.3,12.3,NO,Rashid Shaheed,11.3
00-0037545,R.Shaheed,Rashid Shaheed,WR,NO,LV,8,2022,0,0,0.0,0,0,0.0,0,3,3,38.0,0,3.8,6.8,NO,Rashid Shaheed,3.8
00-0037545,R.Shaheed,Rashid Shaheed,WR,NO,PIT,10,2022,0,0,0.0,0,0,0.0,0,1,1,12.0,0,1.2,2.2,NO,Rashid Shaheed,1.2
00-0037545,R.Shaheed,Rashid Shaheed,WR,NO,LA,11,2022,0,0,0.0,0,0,0.0,0,1,2,8.0,0,0.8,1.8,NO,Rashid Shaheed,0.8
00-0037545,R.Shaheed,Rashid Shaheed,WR,NO,SF,12,2022,0,0,0.0,0,1,6.0,0,2,3,53.0,0,5.9,7.9,NO,Rashid Shaheed,5.9
00-0037545,R.Shaheed,Rashid Shaheed,WR,NO,TB,13,2022,0,0,0.0,0,1,0.0,0,4,4,75.0,0,7.5,11.5,NO,Rashid Shaheed,7.5
00-0037545,R.Shaheed,Rashid Shaheed,WR,NO,ATL,15,2022,0,0,0.0,0,0,0.0,0,3,4,95.0,1,15.5,18.5,NO,Rashid Shaheed,15.5
00-0037545,R.Shaheed,Rashid Shaheed,WR,NO,CLE,16,2022,0,0,0.0,0,0,0.0,0,4,5,41.0,0,4.1,8.1,NO,Rashid Shaheed,4.1
00-0037545,R.Shaheed,Rashid Shaheed,WR,NO,PHI,17,2022,0,0,0.0,0,0,0.0,0,6,6,79.0,0,7.9,13.9,NO,Rashid Shaheed,7.9
00-0037545,R.Shaheed,Rashid Shaheed,WR,NO,CAR,18,2022,0,0,0.0,0,1,7.0,0,3,4,34.0,0,4.1,7.1,NO,Rashid Shaheed,4.1
00-0037557,R.Rivers,Ronnie Rivers,RB,LA,CAR,6,2022,0,0,0.0,0,1,0.0,0,1,1,14.0,0,1.4,2.4,LA,Ronnie Rivers,1.4
00-0037557,R.Rivers,Ronnie Rivers,RB,LA,SF,8,2022,0,0,0.0,0,8,21.0,0,4,4,15.0,0,3.6,7.6,LA,Ronnie Rivers,3.6
00-0037563,M.Davis,Malik Davis,RB,DAL,CHI,8,2022,0,0,0.0,0,8,23.0,0,2,2,18.0,0,4.1,6.1,DAL,Malik Davis,4.1
00-0037563,M.Davis,Malik Davis,RB,DAL,GB,10,2022,0,0,0.0,0,5,38.0,0,0,0,0.0,0,3.8,3.8,DAL,Malik Davis,3.8
00-0037563,M.Davis,Malik Davis,RB,DAL,MIN,11,2022,0,0,0.0,0,7,13.0,0,2,3,22.0,0,3.5,5.5,DAL,Malik Davis,3.5
00-0037563,M.Davis,Malik Davis,RB,DAL,IND,13,2022,0,0,0.0,0,3,29.0,1,0,0,0.0,0,8.9,8.9,DAL,Malik Davis,8.9
00-0037563,M.Davis,Malik Davis,RB,DAL,TEN,17,2022,0,0,0.0,0,10,39.0,0,2,2,23.0,0,6.2,8.2,DAL,Malik Davis,6.2
00-0037563,M.Davis,Malik Davis,RB,DAL,WAS,18,2022,0,0,0.0,0,5,19.0,0,0,0,0.0,0,1.9,1.9,DAL,Malik Davis,1.9
00-0037569,P.Hendershot,Peyton Hendershot,TE,DAL,NYG,3,2022,0,0,0.0,0,0,0.0,0,3,3,43.0,0,4.3,7.3,DAL,Peyton Hendershot,4.3
00-0037569,P.Hendershot,Peyton Hendershot,TE,DAL,PHI,6,2022,0,0,0.0,0,0,0.0,0,2,5,22.0,0,2.2,4.2,DAL,Peyton Hendershot,2.2
00-0037569,P.Hendershot,Peyton Hendershot,TE,DAL,DET,7,2022,0,0,0.0,0,0,0.0,0,2,2,5.0,1,6.5,8.5,DAL,Peyton Hendershot,6.5
00-0037569,P.Hendershot,Peyton Hendershot,TE,DAL,CHI,8,2022,0,0,0.0,0,0,0.0,0,2,2,15.0,0,1.5,3.5,DAL,Peyton Hendershot,1.5
00-0037569,P.Hendershot,Peyton Hendershot,TE,DAL,GB,10,2022,0,0,0.0,0,0,0.0,0,0,1,0.0,0,0.0,0.0,DAL,Peyton Hendershot,0.0
00-0037569,P.Hendershot,Peyton Hendershot,TE,DAL,MIN,11,2022,0,0,0.0,0,0,0.0,0,1,1,-2.0,0,-0.2,0.8,DAL,Peyton Hendershot,-0.2
00-0037569,P.Hendershot,Peyton Hendershot,TE,DAL,NYG,12,2022,0,0,0.0,0,1,2.0,1,0,0,0.0,0,6.2,6.2,DAL,Peyton Hendershot,6.2
00-0037569,P.Hendershot,Peyton Hendershot,TE,DAL,JAX,15,2022,0,0,0.0,0,0,0.0,0,1,1,20.0,1,8.0,9.0,DAL,Peyton Hendershot,8.0
00-0037569,P.Hendershot,Peyton Hendershot,TE,DAL,TEN,17,2022,0,0,0.0,0,0,0.0,0,0,1,0.0,0,0.0,0.0,DAL,Peyton Hendershot,0.0
00-0037570,D.Houston,Dennis Houston,WR,DAL,TB,1,2022,0,0,0.0,0,0,0.0,0,2,5,16.0,0,1.6,3.6,DAL,Dennis Houston,1.6
00-0037570,D.Houston,Dennis Houston,WR,DAL,CIN,2,2022,0,0,0.0,0,0,0.0,0,0,1,0.0,0,0.0,0.0,DAL,Dennis Houston,0.0
00-0037594,J.Chestnut,Julius Chestnut,RB,TEN,PHI,13,2022,0,0,0.0,0,5,13.0,0,0,0,0.0,0,1.3,1.3,TEN,Julius Chestnut,1.3
00-0037594,J.Chestnut,Julius Chestnut,RB,TEN,JAX,14,2022,0,0,0.0,0,0,0.0,0,2,2,8.0,0,0.8,2.8,TEN,Julius Chestnut,0.8
00-0037594,J.Chestnut,Julius Chestnut,RB,TEN,DAL,17,2022,0,0,0.0,0,4,-1.0,0,1,1,33.0,0,3.2,4.2,TEN,Julius Chestnut,3.2
00-0037617,H.Haskins,Hassan Haskins,RB,TEN,BUF,2,2022,0,0,0.0,0,9,37.0,0,1,1,0.0,0,3.7,4.7,TEN,Hassan Haskins,3.7
00-0037617,H.Haskins,Hassan Haskins,RB,TEN,IND,7,2022,0,0,0.0,0,0,0.0,0,1,1,5.0,0,0.5,1.5,TEN,Hassan Haskins,0.5
00-0037617,H.Haskins,Hassan Haskins,RB,TEN,KC,9,2022,0,0,0.0,0,1,5.0,0,1,1,2.0,0,0.7,1.7,TEN,Hassan Haskins,0.7
00-0037617,H.Haskins,Hassan Haskins,RB,TEN,LAC,15,2022,0,0,0.0,0,1,8.0,0,2,2,7.0,0,1.5,3.5,TEN,Hassan Haskins,1.5
00-0037617,H.Haskins,Hassan Haskins,RB,TEN,HOU,16,2022,0,0,0.0,0,0,0.0,0,2,2,17.0,0,1.7,3.7,TEN,Hassan Haskins,1.7
00-0037617,H.Haskins,Hassan Haskins,RB,TEN,DAL,17,2022,0,0,0.0,0,12,40.0,0,2,3,13.0,0,5.3,7.3,TEN,Hassan Haskins,5.3
00-0037617,H.Haskins,Hassan Haskins,RB,TEN,JAX,18,2022,0,0,0.0,0,2,3.0,0,2,2,13.0,0,1.6,3.6,TEN,Hassan Haskins,1.6
00-0037664,A.Pierce,Alec Pierce,WR,IND,HOU,1,2022,0,0,0.0,0,0,0.0,0,0,2,0.0,0,0.0,0.0,IND,Alec Pierce,0.0
00-0037664,A.Pierce,Alec Pierce,WR,IND,KC,3,2022,0,0,0.0,0,0,0.0,0,3,5,61.0,0,6.1,9.1,IND,Alec Pierce,6.1
00-0037664,A.Pierce,Alec Pierce,WR,IND,TEN,4,2022,0,0,0.0,0,0,0.0,0,4,6,80.0,0,8.0,12.0,IND,Alec Pierce,8.0
00-0037664,A.Pierce,Alec Pierce,WR,IND,DEN,5,2022,0,0,0.0,0,0,0.0,0,8,9,81.0,0,8.1,16.1,IND,Alec Pierce,8.1
00-0037664,A.Pierce,Alec Pierce,WR,IND,JAX,6,2022,0,0,0.0,0,0,0.0,0,3,7,49.0,1,10.9,13.9,IND,Alec Pierce,10.9
00-0037664,A.Pierce,Alec Pierce,WR,IND,TEN,7,2022,0,0,0.0,0,0,0.0,0,3,4,37.0,0,3.7,6.7,IND,Alec Pierce,3.7
00-0037664,A.Pierce,Alec Pierce,WR,IND,WAS,8,2022,0,0,0.0,0,0,0.0,0,3,5,65.0,0,6.5,9.5,IND,Alec Pierce,6.5
00-0037664,A.Pierce,Alec Pierce,WR,IND,NE,9,2022,0,0,0.0,0,0,0.0,0,1,2,23.0,0,2.3,3.3,IND,Alec Pierce,2.3
00-0037664,A.Pierce,Alec Pierce,WR,IND,LV,10,2022,0,0,0.0,0,0,0.0,0,0,2,0.0,0,0.0,0.0,IND,Alec Pierce,0.0
00-0037664,A.Pierce,Alec Pierce,WR,IND,PHI,11,2022,0,0,0.0,0,0,0.0,0,3,8,28.0,0,2.8,5.8,IND,Alec Pierce,2.8
00-0037664,A.Pierce,Alec Pierce,WR,IND,PIT,12,2022,0,0,0.0,0,0,0.0,0,0,2,0.0,0,0.0,0.0,IND,Alec Pierce,0.0
00-0037664,A.Pierce,Alec Pierce,WR,IND,DAL,13,2022,0,0,0.0,0,0,0.0,0,4,8,86.0,1,14.6,18.6,IND,Alec Pierce,14.6
00-0037664,A.Pierce,Alec Pierce,WR,IND,MIN,15,2022,0,0,0.0,0,0,0.0,0,0,5,0.0,0,0.0,0.0,IND,Alec Pierce,0.0
00-0037664,A.Pierce,Alec Pierce,WR,IND,LAC,16,2022,0,0,0.0,0,0,0.0,0,3,4,26.0,0,2.6,5.6,IND,Alec Pierce,2.6
00-0037664,A.Pierce,Alec Pierce,WR,IND,NYG,17,2022,0,0,0.0,0,0,0.0,0,3,5,15.0,0,1.5,4.5,IND,Alec Pierce,1.5
00-0037664,A.Pierce,Alec Pierce,WR,IND,HOU,18,2022,0,0,0.0,0,0,0.0,0,3,4,42.0,0,4.2,7.2,IND,Alec Pierce,4.2
00-0037666,J.Tolbert,Jalen Tolbert,WR,DAL,NYG,3,2022,0,0,0.0,0,0,0.0,0,1,2,4.0,0,0.4,1.4,DAL,Jalen Tolbert,0.4
00-0037666,J.Tolbert,Jalen Tolbert,WR,DAL,MIN,11,2022,0,0,0.0,0,0,0.0,0,1,1,8.0,0,0.8,1.8,DAL,Jalen Tolbert,0.8
00-0037708,M.Alexander,Maurice Alexander,WR,DET,MIA,8,2022,0,0,0.0,0,0,0.0,0,1,1,7.0,0,0.7,1.7,DET,Maurice Alexander,0.7
00-0037740,G.Wilson,Garrett Wilson,WR,NYJ,BAL,1,2022,0,0,0.0,0,0,0.0,0,4,8,52.0,0,5.2,9.2,NYJ,Garrett Wilson,5.2
00-0037740,G.Wilson,Garrett Wilson,WR,NYJ,CLE,2,2022,0,0,0.0,0,1,-2.0,0,8,14,102.0,2,22.0,30.0,NYJ,Garrett Wilson,22.0
00-0037740,G.Wilson,Garrett Wilson,WR,NYJ,CIN,3,2022,0,0,0.0,0,0,0.0,0,6,11,60.0,0,6.0,12.0,NYJ,Garrett Wilson,6.0
00-0037740,G.Wilson,Garrett Wilson,WR,NYJ,PIT,4,2022,0,0,0.0,0,0,0.0,0,2,6,41.0,0,4.1,6.1,NYJ,Garrett Wilson,4.1
00-0037740,G.Wilson,Garrett Wilson,WR,NYJ,MIA,5,2022,0,0,0.0,0,0,0.0,0,3,4,27.0,0,2.7,5.7,NYJ,Garrett Wilson,2.7
00-0037740,G.Wilson,Garrett Wilson,WR,NYJ,GB,6,2022,0,0,0.0,0,0,0.0,0,1,5,8.0,0,0.8,1.8,NYJ,Garrett Wilson,0.8
00-0037740,G.Wilson,Garrett Wilson,WR,NYJ,DEN,7,2022,0,0,0.0,0,0,0.0,0,4,4,24.0,0,2.4,6.4,NYJ,Garrett Wilson,2.4
00-0037740,G.Wilson,Garrett Wilson,WR,NYJ,NE,8,2022,0,0,0.0,0,0,0.0,0,6,7,115.0,0,11.5,17.5,NYJ,Garrett Wilson,11.5
00-0037740,G.Wilson,Garrett Wilson,WR,NYJ,BUF,9,2022,0,0,0.0,0,1,7.0,0,8,9,92.0,0,9.9,17.9,NYJ,Garrett Wilson,9.9
00-0037740,G.Wilson,Garrett Wilson,WR,NYJ,NE,11,2022,0,0,0.0,0,1,0.0,0,2,3,12.0,0,1.2,3.2,NYJ,Garrett Wilson,1.2
00-0037740,G.Wilson,Garrett Wilson,WR,NYJ,CHI,12,2022,0,0,0.0,0,1,-1.0,0,5,8,95.0,2,21.4,26.4,NYJ,Garrett Wilson,21.4
00-0037740,G.Wilson,Garrett Wilson,WR,NYJ,MIN,13,2022,0,1,0.0,0,0,0.0,0,8,15,162.0,0,16.2,24.2,NYJ,Garrett Wilson,16.2
00-0037740,G.Wilson,Garrett Wilson,WR,NYJ,BUF,14,2022,0,0,0.0,0,0,0.0,0,6,7,78.0,0,7.8,13.8,NYJ,Garrett Wilson,7.8
00-0037740,G.Wilson,Garrett Wilson,WR,NYJ,DET,15,2022,0,0,0.0,0,0,0.0,0,4,9,98.0,0,9.8,13.8,NYJ,Garrett Wilson,9.8
00-0037740,G.Wilson,Garrett Wilson,WR,NYJ,JAX,16,2022,0,0,0.0,0,0,0.0,0,4,9,30.0,0,1.0,5.0,NYJ,Garrett Wilson,1.0
00-0037740,G.Wilson,Garrett Wilson,WR,NYJ,SEA,17,2022,0,0,0.0,0,0,0.0,0,3,11,18.0,0,1.8,4.8,NYJ,Garrett Wilson,1.8
00-0037740,G.Wilson,Garrett Wilson,WR,NYJ,MIA,18,2022,0,0,0.0,0,0,0.0,0,9,17,89.0,0,8.9,17.9,NYJ,Garrett Wilson,8.9
00-0037741,J.Dotson,Jahan Dotson,WR,WAS,JAX,1,2022,0,0,0.0,0,1,-10.0,0,3,5,40.0,2,15.0,18.0,WAS,Jahan Dotson,15.0
00-0037741,J.Dotson,Jahan Dotson,WR,WAS,DET,2,2022,0,0,0.0,0,0,0.0,0,4,5,59.0,1,13.9,17.9,WAS,Jahan Dotson,13.9
00-0037741,J.Dotson,Jahan Dotson,WR,WAS,PHI,3,2022,0,0,0.0,0,0,0.0,0,2,8,10.0,0,1.0,3.0,WAS,Jahan Dotson,1.0
00-0037741,J.Dotson,Jahan Dotson,WR,WAS,DAL,4,2022,0,0,0.0,0,0,0.0,0,3,4,43.0,1,10.3,13.3,WAS,Jahan Dotson,10.3
00-0037741,J.Dotson,Jahan Dotson,WR,WAS,PHI,10,2022,0,0,0.0,0,0,0.0,0,1,1,14.0,0,1.4,2.4,WAS,Jahan Dotson,1.4
00-0037741,J.Dotson,Jahan Dotson,WR,WAS,HOU,11,2022,0,0,0.0,0,1,3.0,0,1,2,13.0,0,1.6,2.6,WAS,Jahan Dotson,1.6
00-0037741,J.Dotson,Jahan Dotson,WR,WAS,ATL,12,2022,0,0,0.0,0,0,0.0,0,0,1,0.0,0,0.0,0.0,WAS,Jahan Dotson,0.0
00-0037741,J.Dotson,Jahan Dotson,WR,WAS,NYG,13,2022,0,0,0.0,0,0,0.0,0,5,9,54.0,1,11.4,16.4,WAS,Jahan Dotson,11.4
00-0037741,J.Dotson,Jahan Dotson,WR,WAS,NYG,15,2022,0,0,0.0,0,0,0.0,0,4,6,105.0,1,16.5,20.5,WAS,Jahan Dotson,16.5
00-0037741,J.Dotson,Jahan Dotson,WR,WAS,SF,16,2022,0,0,0.0,0,0,0.0,0,6,9,76.0,1,13.6,19.6,WAS,Jahan Dotson,13.6
00-0037741,J.Dotson,Jahan Dotson,WR,WAS,CLE,17,2022,0,0,0.0,0,0,0.0,0,3,7,37.0,0,3.7,6.7,WAS,Jahan Dotson,3.7
00-0037741,J.Dotson,Jahan Dotson,WR,WAS,DAL,18,2022,0,0,0.0,0,0,0.0,0,3,4,72.0,0,7.2,10.2,WAS,Jahan Dotson,7.2
00-0037742,T.Burks,Treylon Burks,WR,TEN,NYG,1,2022,0,0,0.0,0,0,0.0,0,3,5,55.0,0,5.5,8.5,TEN,Treylon Burks,5.5
00-0037742,T.Burks,Treylon Burks,WR,TEN,BUF,2,2022,0,0,0.0,0,0,0.0,0,4,6,47.0,0,4.7,8.7,TEN,Treylon Burks,4.7
00-0037742,T.Burks,Treylon Burks,WR,TEN,LV,3,2022,0,0,0.0,0,1,8.0,0,1,2,13.0,0,2.1,3.1,TEN,Treylon Burks,2.1
00-0037742,T.Burks,Treylon Burks,WR,TEN,IND,4,2022,0,0,0.0,0,1,4.0,0,2,3,14.0,0,1.8,3.8,TEN,Treylon Burks,1.8
00-0037742,T.Burks,Treylon Burks,WR,TEN,DEN,10,2022,0,0,0.0,0,0,0.0,0,3,6,24.0,0,2.4,5.4,TEN,Treylon Burks,2.4
00-0037742,T.Burks,Treylon Burks,WR,TEN,GB,11,2022,0,0,0.0,0,0,0.0,0,7,8,111.0,0,11.1,18.1,TEN,Treylon Burks,11.1
00-0037742,T.Burks,Treylon Burks,WR,TEN,CIN,12,2022,0,0,0.0,0,0,0.0,0,4,6,70.0,0,7.0,11.0,TEN,Treylon Burks,7.0
00-0037742,T.Burks,Treylon Burks,WR,TEN,PHI,13,2022,0,0,0.0,0,0,0.0,0,1,1,25.0,1,8.5,9.5,TEN,Treylon Burks,8.5
00-0037742,T.Burks,Treylon Burks,WR,TEN,HOU,16,2022,0,0,0.0,0,1,15.0,0,0,2,0.0,0,1.5,1.5,TEN,Treylon Burks,1.5
00-0037742,T.Burks,Treylon Burks,WR,TEN,DAL,17,2022,0,0,0.0,0,1,20.0,0,4,8,66.0,0,8.6,12.6,TEN,Treylon Burks,8.6
00-0037742,T.Burks,Treylon Burks,WR,TEN,JAX,18,2022,0,0,0.0,0,0,0.0,0,4,7,19.0,0,1.9,5.9,TEN,Treylon Burks,1.9
00-0037744,T.McBride,Trey McBride,TE,ARI,CAR,4,2022,0,0,0.0,0,0,0.0,0,3,3,24.0,0,2.4,5.4,ARI,Trey McBride,2.4
00-0037744,T.McBride,Trey McBride,TE,ARI,LA,10,2022,0,0,0.0,0,0,0.0,0,1,1,7.0,0,0.7,1.7,ARI,Trey McBride,0.7
00-0037744,T.McBride,Trey McBride,TE,ARI,SF,11,2022,0,0,0.0,0,0,0.0,0,4,4,14.0,0,1.4,5.4,ARI,Trey McBride,1.4
00-0037744,T.McBride,Trey McBride,TE,ARI,LAC,12,2022,0,0,0.0,0,0,0.0,0,1,3,1.0,0,0.1,1.1,ARI,Trey McBride,0.1
00-0037744,T.McBride,Trey McBride,TE,ARI,NE,14,2022,0,0,0.0,0,0,0.0,0,3,6,28.0,0,2.8,5.8,ARI,Trey McBride,2.8
00-0037744,T.McBride,Trey McBride,TE,ARI,DEN,15,2022,0,0,0.0,0,0,0.0,0,4,5,55.0,0,5.5,9.5,ARI,Trey McBride,5.5
00-0037744,T.McBride,Trey McBride,TE,ARI,TB,16,2022,0,0,0.0,0,0,0.0,0,3,4,17.0,0,1.7,4.7,ARI,Trey McBride,1.7
00-0037744,T.McBride,Trey McBride,TE,ARI,ATL,17,2022,0,0,0.0,0,0,0.0,0,7,10,78.0,1,13.8,20.8,ARI,Trey McBride,13.8
00-0037744,T.McBride,Trey McBride,TE,ARI,SF,18,2022,0,0,0.0,0,0,0.0,0,3,3,41.0,0,4.1,7.1,ARI,Trey McBride,4.1
00-0037745,V.Jones,Velus Jones,WR,CHI,MIN,5,2022,0,0,0.0,0,0,0.0,0,1,1,9.0,1,6.9,7.9,CHI,Velus Jones,6.9
00-0037745,V.Jones,Velus Jones,WR,CHI,WAS,6,2022,0,0,0.0,0,1,8.0,0,1,1,10.0,0,1.8,2.8,CHI,Velus Jones,1.8
00-0037745,V.Jones,Velus Jones,WR,CHI,DAL,8,2022,0,0,0.0,0,2,33.0,0,1,3,5.0,0,3.8,4.8,CHI,Velus Jones,3.8
00-0037745,V.Jones,Velus Jones,WR,CHI,NYJ,12,2022,0,0,0.0,0,2,6.0,0,0,0,0.0,0,0.6,0.6,CHI,Velus Jones,0.6
00-0037745,V.Jones,Velus Jones,WR,CHI,GB,13,2022,0,0,0.0,0,1,1.0,0,0,0,0.0,0,0.1,0.1,CHI,Velus Jones,0.1
00-0037745,V.Jones,Velus Jones,WR,CHI,PHI,15,2022,0,0,0.0,0,1,0.0,0,1,2,3.0,0,-1.7,-0.7,CHI,Velus Jones,-1.7
00-0037745,V.Jones,Velus Jones,WR,CHI,BUF,16,2022,0,0,0.0,0,0,0.0,0,2,4,52.0,0,5.2,7.2,CHI,Velus Jones,5.2
00-0037745,V.Jones,Velus Jones,WR,CHI,DET,17,2022,0,0,0.0,0,1,13.0,0,0,1,0.0,0,1.3,1.3,CHI,Velus Jones,1.3
00-0037745,V.Jones,Velus Jones,WR,CHI,MIN,18,2022,0,0,0.0,0,1,42.0,1,1,2,28.0,0,13.0,14.0,CHI,Velus Jones,13.0
00-0037746,B.Robinson,Brian Robinson,RB,WAS,TEN,5,2022,0,0,0.0,0,9,22.0,0,0,0,0.0,0,2.2,2.2,WAS,Brian Robinson,2.2
00-0037746,B.Robinson,Brian Robinson,RB,WAS,CHI,6,2022,0,0,0.0,0,17,60.0,1,0,0,0.0,0,12.0,12.0,WAS,Brian Robinson,12.0
00-0037746,B.Robinson,Brian Robinson,RB,WAS,GB,7,2022,0,0,0.0,0,20,73.0,0,2,2,13.0,0,8.6,10.6,WAS,Brian Robinson,8.6
00-0037746,B.Robinson,Brian Robinson,RB,WAS,IND,8,2022,0,0,0.0,0,8,20.0,0,0,0,0.0,0,2.0,2.0,WAS,Brian Robinson,2.0
00-0037746,B.Robinson,Brian Robinson,RB,WAS,MIN,9,2022,0,0,0.0,0,13,44.0,0,2,2,-6.0,0,3.8,5.8,WAS,Brian Robinson,3.8
00-0037746,B.Robinson,Brian Robinson,RB,WAS,PHI,10,2022,0,0,0.0,0,26,86.0,1,0,0,0.0,0,14.6,14.6,WAS,Brian Robinson,14.6
00-0037746,B.Robinson,Brian Robinson,RB,WAS,HOU,11,2022,0,0,0.0,0,15,57.0,0,0,0,0.0,0,5.7,5.7,WAS,Brian Robinson,5.7
00-0037746,B.Robinson,Brian Robinson,RB,WAS,ATL,12,2022,0,0,0.0,0,18,105.0,0,2,3,20.0,1,18.5,20.5,WAS,Brian Robinson,18.5
00-0037746,B.Robinson,Brian Robinson,RB,WAS,NYG,13,2022,0,0,0.0,0,21,96.0,0,2,2,15.0,0,11.1,13.1,WAS,Brian Robinson,11.1
00-0037746,B.Robinson,Brian Robinson,RB,WAS,NYG,15,2022,0,0,0.0,0,12,89.0,0,1,1,18.0,0,10.7,11.7,WAS,Brian Robinson,10.7
00-0037746,B.Robinson,Brian Robinson,RB,WAS,SF,16,2022,0,0,0.0,0,22,58.0,0,0,1,0.0,0,5.8,5.8,WAS,Brian Robinson,5.8
00-0037746,B.Robinson,Brian Robinson,RB,WAS,CLE,17,2022,0,0,0.0,0,24,87.0,0,0,1,0.0,0,8.7,8.7,WAS,Brian Robinson,8.7
00-0037755,J.Woods,Jelani Woods,TE,IND,KC,3,2022,0,0,0.0,0,0,0.0,0,2,3,13.0,2,13.3,15.3,IND,Jelani Woods,13.3
00-0037755,J.Woods,Jelani Woods,TE,IND,TEN,4,2022,0,0,0.0,0,0,0.0,0,1,1,33.0,0,3.3,4.3,IND,Jelani Woods,3.3
00-0037755,J.Woods,Jelani Woods,TE,IND,DEN,5,2022,0,0,0.0,0,0,0.0,0,0,1,0.0,0,0.0,0.0,IND,Jelani Woods,0.0
00-0037755,J.Woods,Jelani Woods,TE,IND,JAX,6,2022,0,0,0.0,0,0,0.0,0,2,3,27.0,1,8.7,10.7,IND,Jelani Woods,8.7
00-0037755,J.Woods,Jelani Woods,TE,IND,TEN,7,2022,0,0,0.0,0,0,0.0,0,1,2,4.0,0,0.4,1.4,IND,Jelani Woods,0.4
00-0037755,J.Woods,Jelani Woods,TE,IND,NE,9,2022,0,0,0.0,0,0,0.0,0,1,3,2.0,0,0.2,1.2,IND,Jelani Woods,0.2
00-0037755,J.Woods,Jelani Woods,TE,IND,PIT,12,2022,0,0,0.0,0,0,0.0,0,8,9,98.0,0,9.8,17.8,IND,Jelani Woods,9.8
00-0037755,J.Woods,Jelani Woods,TE,IND,DAL,13,2022,0,0,0.0,0,0,0.0,0,2,4,28.0,0,2.8,4.8,IND,Jelani Woods,2.8
00-0037755,J.Woods,Jelani Woods,TE,IND,MIN,15,2022,0,0,0.0,0,0,0.0,0,1,1,36.0,0,3.6,4.6,IND,Jelani Woods,3.6
00-0037755,J.Woods,Jelani Woods,TE,IND,LAC,16,2022,0,0,0.0,0,0,0.0,0,3,5,43.0,0,4.3,7.3,IND,Jelani Woods,4.3
00-0037755,J.Woods,Jelani Woods,TE,IND,NYG,17,2022,0,0,0.0,0,0,0.0,0,3,4,19.0,0,1.9,4.9,IND,Jelani Woods,1.9
00-0037755,J.Woods,Jelani Woods,TE,IND,HOU,18,2022,0,0,0.0,0,0,0.0,0,1,4,9.0,0,0.9,1.9,IND,Jelani Woods,0.9
00-0037801,K.Turpin,Kavontae Turpin,WR,DAL,CIN,2,2022,0,0,0.0,0,1,3.0,0,0,0,0.0,0,0.3,0.3,DAL,Kavontae Turpin,0.3
00-0037801,K.Turpin,Kavontae Turpin,WR,DAL,PHI,6,2022,0,0,0.0,0,0,0.0,0,0,1,0.0,0,0.0,0.0,DAL,Kavontae Turpin,0.0
00-0037801,K.Turpin,Kavontae Turpin,WR,DAL,DET,7,2022,0,0,0.0,0,1,3.0,0,0,0,0.0,0,0.3,0.3,DAL,Kavontae Turpin,0.3
00-0037801,K.Turpin,Kavontae Turpin,WR,DAL,CHI,8,2022,0,0,0.0,0,1,11.0,0,0,0,0.0,0,1.1,1.1,DAL,Kavontae Turpin,1.1
00-0037801,K.Turpin,Kavontae Turpin,WR,DAL,GB,10,2022,0,0,0.0,0,0,0.0,0,1,1,9.0,0,0.9,1.9,DAL,Kavontae Turpin,0.9
00-0037801,K.Turpin,Kavontae Turpin,WR,DAL,SF,20,2022,0,0,0.0,0,0,0.0,0,1,1,8.0,0,0.8,1.8,DAL,Kavontae Turpin,0.8
00-0037805,J.Ruckert,Jeremy Ruckert,TE,NYJ,CLE,2,2022,0,0,0.0,0,0,0.0,0,0,1,0.0,0,0.0,0.0,NYJ,Jeremy Ruckert,0.0
00-0037805,J.Ruckert,Jeremy Ruckert,TE,NYJ,MIA,18,2022,0,0,0.0,0,0,0.0,0,1,1,8.0,0,0.8,1.8,NYJ,Jeremy Ruckert,0.8
00-0037809,C.Okonkwo,Chigoziem Okonkwo,TE,TEN,NYG,1,2022,0,0,0.0,0,1,-4.0,0,1,1,11.0,0,0.7,1.7,TEN,Chigoziem Okonkwo,0.7
00-0037809,C.Okonkwo,Chigoziem Okonkwo,TE,TEN,IND,4,2022,0,0,0.0,0,0,0.0,0,3,3,38.0,1,9.8,12.8,TEN,Chigoziem Okonkwo,9.8
00-0037809,C.Okonkwo,Chigoziem Okonkwo,TE,TEN,WAS,5,2022,0,0,0.0,0,0,0.0,0,0,1,0.0,0,0.0,0.0,TEN,Chigoziem Okonkwo,0.0
00-0037809,C.Okonkwo,Chigoziem Okonkwo,TE,TEN,IND,7,2022,0,0,0.0,0,0,0.0,0,0,1,0.0,0,0.0,0.0,TEN,Chigoziem Okonkwo,0.0
00-0037809,C.Okonkwo,Chigoziem Okonkwo,TE,TEN,HOU,8,2022,0,0,0.0,0,0,0.0,0,1,2,3.0,0,0.3,1.3,TEN,Chigoziem Okonkwo,0.3
00-0037809,C.Okonkwo,Chigoziem Okonkwo,TE,TEN,KC,9,2022,0,0,0.0,0,0,0.0,0,1,3,48.0,0,4.8,5.8,TEN,Chigoziem Okonkwo,4.8
00-0037809,C.Okonkwo,Chigoziem Okonkwo,TE,TEN,DEN,10,2022,0,0,0.0,0,0,0.0,0,1,2,41.0,0,4.1,5.1,TEN,Chigoziem Okonkwo,4.1
00-0037809,C.Okonkwo,Chigoziem Okonkwo,TE,TEN,GB,11,2022,0,0,0.0,0,0,0.0,0,1,2,31.0,0,3.1,4.1,TEN,Chigoziem Okonkwo,3.1
00-0037809,C.Okonkwo,Chigoziem Okonkwo,TE,TEN,CIN,12,2022,0,0,0.0,0,0,0.0,0,3,5,35.0,0,3.5,6.5,TEN,Chigoziem Okonkwo,3.5
00-0037809,C.Okonkwo,Chigoziem Okonkwo,TE,TEN,PHI,13,2022,0,0,0.0,0,0,0.0,0,4,5,68.0,0,6.8,10.8,TEN,Chigoziem Okonkwo,6.8
00-0037809,C.Okonkwo,Chigoziem Okonkwo,TE,TEN,JAX,14,2022,0,0,0.0,0,1,0.0,0,6,6,45.0,1,12.5,18.5,TEN,Chigoziem Okonkwo,12.5
00-0037809,C.Okonkwo,Chigoziem Okonkwo,TE,TEN,LAC,15,2022,0,0,0.0,0,1,6.0,0,4,5,54.0,0,6.0,10.0,TEN,Chigoziem Okonkwo,6.0
00-0037809,C.Okonkwo,Chigoziem Okonkwo,TE,TEN,HOU,16,2022,0,0,0.0,0,0,0.0,0,1,2,10.0,0,1.0,2.0,TEN,Chigoziem Okonkwo,1.0
00-0037809,C.Okonkwo,Chigoziem Okonkwo,TE,TEN,DAL,17,2022,0,0,0.0,0,0,0.0,0,3,4,24.0,0,2.4,5.4,TEN,Chigoziem Okonkwo,2.4
00-0037809,C.Okonkwo,Chigoziem Okonkwo,TE,TEN,JAX,18,2022,0,0,0.0,0,0,0.0,0,3,4,42.0,1,10.2,13.2,TEN,Chigoziem Okonkwo,10.2
00-0037816,R.Doubs,Romeo Doubs,WR,GB,MIN,1,2022,0,0,0.0,0,1,11.0,0,4,5,37.0,0,4.8,8.8,GB,Romeo Doubs,4.8
00-0037816,R.Doubs,Romeo Doubs,WR,GB,CHI,2,2022,0,0,0.0,0,0,0.0,0,2,3,27.0,0,2.7,4.7,GB,Romeo Doubs,2.7
00-0037816,R.Doubs,Romeo Doubs,WR,GB,TB,3,2022,0,0,0.0,0,0,0.0,0,8,8,73.0,1,13.3,21.3,GB,Romeo Doubs,13.3
00-0037816,R.Doubs,Romeo Doubs,WR,GB,NE,4,2022,0,0,0.0,0,0,0.0,0,5,8,47.0,1,8.7,13.7,GB,Romeo Doubs,8.7
00-0037816,R.Doubs,Romeo Doubs,WR,GB,NYG,5,2022,0,0,0.0,0,0,0.0,0,3,5,29.0,0,2.9,5.9,GB,Romeo Doubs,2.9
00-0037816,R.Doubs,Romeo Doubs,WR,GB,NYJ,6,2022,0,0,0.0,0,0,0.0,0,4,9,21.0,0,2.1,6.1,GB,Romeo Doubs,2.1
00-0037816,R.Doubs,Romeo Doubs,WR,GB,WAS,7,2022,0,0,0.0,0,0,0.0,0,0,4,0.0,0,0.0,0.0,GB,Romeo Doubs,0.0
00-0037816,R.Doubs,Romeo Doubs,WR,GB,BUF,8,2022,0,0,0.0,0,0,0.0,0,4,7,62.0,1,12.2,16.2,GB,Romeo Doubs,12.2
00-0037816,R.Doubs,Romeo Doubs,WR,GB,DET,9,2022,0,0,0.0,0,0,0.0,0,1,1,18.0,0,1.8,2.8,GB,Romeo Doubs,1.8
00-0037816,R.Doubs,Romeo Doubs,WR,GB,LA,15,2022,0,0,0.0,0,0,0.0,0,5,5,55.0,0,5.5,10.5,GB,Romeo Doubs,5.5
00-0037816,R.Doubs,Romeo Doubs,WR,GB,MIA,16,2022,0,0,0.0,0,0,0.0,0,3,6,36.0,0,3.6,6.6,GB,Romeo Doubs,3.6
00-0037816,R.Doubs,Romeo Doubs,WR,GB,MIN,17,2022,0,0,0.0,0,0,0.0,0,3,4,20.0,0,2.0,5.0,GB,Romeo Doubs,2.0
00-0037816,R.Doubs,Romeo Doubs,WR,GB,DET,18,2022,0,0,0.0,0,0,0.0,0,0,2,0.0,0,0.0,0.0,GB,Romeo Doubs,0.0
00-0037827,T.Davis-Price,Tyrion Davis-Price,RB,SF,SEA,2,2022,0,0,0.0,0,14,33.0,0,0,0,0.0,0,3.3,3.3,SF,Tyrion Davis-Price,3.3
00-0037827,T.Davis-Price,Tyrion Davis-Price,RB,SF,KC,7,2022,0,0,0.0,0,2,4.0,0,0,2,0.0,0,0.4,0.4,SF,Tyrion Davis-Price,0.4
00-0037827,T.Davis-Price,Tyrion Davis-Price,RB,SF,WAS,16,2022,0,0,0.0,0,9,30.0,0,0,0,0.0,0,3.0,3.0,SF,Tyrion Davis-Price,3.0
00-0037827,T.Davis-Price,Tyrion Davis-Price,RB,SF,LV,17,2022,0,0,0.0,0,1,5.0,0,0,0,0.0,0,0.5,0.5,SF,Tyrion Davis-Price,0.5
00-0037827,T.Davis-Price,Tyrion Davis-Price,RB,SF,ARI,18,2022,0,0,0.0,0,8,27.0,0,0,0,0.0,0,2.7,2.7,SF,Tyrion Davis-Price,2.7
00-0037828,D.Gray,Danny Gray,WR,SF,SEA,2,2022,0,0,0.0,0,0,0.0,0,0,2,0.0,0,0.0,0.0,SF,Danny Gray,0.0
00-0037828,D.Gray,Danny Gray,WR,SF,CAR,5,2022,0,0,0.0,0,0,0.0,0,0,2,0.0,0,0.0,0.0,SF,Danny Gray,0.0
00-0037828,D.Gray,Danny Gray,WR,SF,KC,7,2022,0,0,0.0,0,0,0.0,0,0,2,0.0,0,0.0,0.0,SF,Danny Gray,0.0
00-0037828,D.Gray,Danny Gray,WR,SF,TB,14,2022,0,0,0.0,0,0,0.0,0,1,1,10.0,0,1.0,2.0,SF,Danny Gray,1.0
00-0037828,D.Gray,Danny Gray,WR,SF,LV,17,2022,0,0,0.0,0,1,9.0,0,0,0,0.0,0,0.9,0.9,SF,Danny Gray,0.9
00-0037834,B.Purdy,Brock Purdy,QB,SF,CAR,5,2022,0,0,0.0,0,1,-1.0,0,0,0,0.0,0,-0.1,-0.1,SF,Brock Purdy,-0.1
00-0037834,B.Purdy,Brock Purdy,QB,SF,KC,7,2022,4,9,66.0,0,1,1.0,0,0,0,0.0,0,0.74,0.74,SF,Brock Purdy,0.74
00-0037834,B.Purdy,Brock Purdy,QB,SF,ARI,11,2022,0,0,0.0,0,3,3.0,0,0,0,0.0,0,0.3,0.3,SF,Brock Purdy,0.3
00-0037834,B.Purdy,Brock Purdy,QB,SF,MIA,13,2022,25,37,210.0,2,4,-1.0,0,0,0,0.0,0,14.3,14.3,SF,Brock Purdy,14.3
00-0037834,B.Purdy,Brock Purdy,QB,SF,TB,14,2022,16,21,185.0,2,2,3.0,1,0,0,0.0,0,21.7,21.7,SF,Brock Purdy,21.7
00-0037834,B.Purdy,Brock Purdy,QB,SF,SEA,15,2022,17,26,217.0,2,4,-2.0,0,0,0,0.0,0,16.48,16.48,SF,Brock Purdy,16.48
00-0037834,B.Purdy,Brock Purdy,QB,SF,WAS,16,2022,15,22,234.0,2,1,6.0,0,0,0,0.0,0,15.96,15.96,SF,Brock Purdy,15.96
00-0037834,B.Purdy,Brock Purdy,QB,SF,LV,17,2022,22,35,284.0,2,2,-3.0,0,0,0,0.0,0,17.06,17.06,SF,Brock Purdy,17.06
00-0037834,B.Purdy,Brock Purdy,QB,SF,ARI,18,2022,15,20,178.0,3,4,7.0,0,0,0,0.0,0,19.82,19.82,SF,Brock Purdy,19.82
00-0037834,B.Purdy,Brock Purdy,QB,SF,SEA,19,2022,18,30,332.0,3,4,16.0,1,0,0,0.0,0,34.88,34.88,SF,Brock Purdy,34.88
00-0037834,B.Purdy,Brock Purdy,QB,SF,DAL,20,2022,19,29,214.0,0,3,8.0,0,0,0,0.0,0,9.36,9.36,SF,Brock Purdy,9.36
00-0037834,B.Purdy,Brock Purdy,QB,SF,PHI,21,2022,4,4,23.0,0,0,0.0,0,0,0,0.0,0,-1.08,-1.08,SF,Brock Purdy,-1.08
00-0037838,I.Likely,Isaiah Likely,TE,BAL,NYJ,1,2022,0,0,0.0,0,0,0.0,0,0,4,0.0,0,0.0,0.0,BAL,Isaiah Likely,0.0
00-0037838,I.Likely,Isaiah Likely,TE,BAL,MIA,2,2022,0,0,0.0,0,0,0.0,0,4,5,43.0,0,4.3,8.3,BAL,Isaiah Likely,4.3
00-0037838,I.Likely,Isaiah Likely,TE,BAL,NE,3,2022,0,0,0.0,0,0,0.0,0,1,2,8.0,0,0.8,1.8,BAL,Isaiah Likely,0.8
00-0037838,I.Likely,Isaiah Likely,TE,BAL,CIN,5,2022,0,0,0.0,0,0,0.0,0,2,2,7.0,0,0.7,2.7,BAL,Isaiah Likely,0.7
00-0037838,I.Likely,Isaiah Likely,TE,BAL,NYG,6,2022,0,0,0.0,0,0,0.0,0,2,4,30.0,0,3.0,5.0,BAL,Isaiah Likely,3.0
00-0037838,I.Likely,Isaiah Likely,TE,BAL,CLE,7,2022,0,0,0.0,0,0,0.0,0,1,1,16.0,0,1.6,2.6,BAL,Isaiah Likely,1.6
00-0037838,I.Likely,Isaiah Likely,TE,BAL,TB,8,2022,0,0,0.0,0,0,0.0,0,6,7,77.0,1,13.7,19.7,BAL,Isaiah Likely,13.7
00-0037838,I.Likely,Isaiah Likely,TE,BAL,NO,9,2022,0,0,0.0,0,0,0.0,0,1,5,24.0,1,8.4,9.4,BAL,Isaiah Likely,8.4
00-0037838,I.Likely,Isaiah Likely,TE,BAL,CAR,11,2022,0,0,0.0,0,0,0.0,0,1,3,1.0,0,0.1,1.1,BAL,Isaiah Likely,0.1
00-0037838,I.Likely,Isaiah Likely,TE,BAL,DEN,13,2022,0,0,0.0,0,0,0.0,0,4,4,30.0,0,3.0,7.0,BAL,Isaiah Likely,3.0
00-0037838,I.Likely,Isaiah Likely,TE,BAL,CLE,15,2022,0,0,0.0,0,0,0.0,0,2,3,18.0,0,1.8,3.8,BAL,Isaiah Likely,1.8
00-0037838,I.Likely,Isaiah Likely,TE,BAL,ATL,16,2022,0,0,0.0,0,0,0.0,0,1,2,4.0,0,0.4,1.4,BAL,Isaiah Likely,0.4
00-0037838,I.Likely,Isaiah Likely,TE,BAL,PIT,17,2022,0,0,0.0,0,0,0.0,0,3,5,12.0,1,7.2,10.2,BAL,Isaiah Likely,7.2
00-0037838,I.Likely,Isaiah Likely,TE,BAL,CIN,18,2022,0,0,0.0,0,0,0.0,0,8,13,103.0,0,10.3,18.3,BAL,Isaiah Likely,10.3
00-0037840,K.Williams,Kyren Williams,RB,LA,ARI,10,2022,0,0,0.0,0,1,9.0,0,3,3,30.0,0,3.9,6.9,LA,Kyren Williams,3.9
00-0037840,K.Williams,Kyren Williams,RB,LA,NO,11,2022,0,0,0.0,0,7,36.0,0,1,2,8.0,0,4.4,5.4,LA,Kyren Williams,4.4
00-0037840,K.Williams,Kyren Williams,RB,LA,KC,12,2022,0,0,0.0,0,11,35.0,0,3,3,25.0,0,6.0,9.0,LA,Kyren Williams,6.0
00-0037840,K.Williams,Kyren Williams,RB,LA,SEA,13,2022,0,0,0.0,0,3,9.0,0,0,1,0.0,0,0.9,0.9,LA,Kyren Williams,0.9
00-0037840,K.Williams,Kyren Williams,RB,LA,LV,14,2022,0,0,0.0,0,3,19.0,0,1,2,10.0,0,2.9,3.9,LA,Kyren Williams,2.9
00-0037840,K.Williams,Kyren Williams,RB,LA,GB,15,2022,0,0,0.0,0,2,7.0,0,0,0,0.0,0,0.7,0.7,LA,Kyren Williams,0.7
00-0037840,K.Williams,Kyren Williams,RB,LA,DEN,16,2022,0,0,0.0,0,6,18.0,0,1,1,3.0,0,2.1,3.1,LA,Kyren Williams,2.1
00-0037840,K.Williams,Kyren Williams,RB,LA,LAC,17,2022,0,0,0.0,0,2,6.0,0,0,0,0.0,0,0.6,0.6,LA,Kyren Williams,0.6
00-0038040,Z.White,Zamir White,RB,LV,ARI,2,2022,0,0,0.0,0,1,2.0,0,0,0,0.0,0,0.2,0.2,LV,Zamir White,0.2
00-0038040,Z.White,Zamir White,RB,LV,DEN,4,2022,0,0,0.0,0,2,24.0,0,0,0,0.0,0,2.4,2.4,LV,Zamir White,2.4
00-0038040,Z.White,Zamir White,RB,LV,KC,5,2022,0,0,0.0,0,1,-7.0,0,0,0,0.0,0,-0.7,-0.7,LV,Zamir White,-0.7
00-0038040,Z.White,Zamir White,RB,LV,HOU,7,2022,0,0,0.0,0,1,2.0,0,0,0,0.0,0,0.2,0.2,LV,Zamir White,0.2
00-0038040,Z.White,Zamir White,RB,LV,JAX,9,2022,0,0,0.0,0,1,-1.0,0,0,0,0.0,0,-0.1,-0.1,LV,Zamir White,-0.1
00-0038040,Z.White,Zamir White,RB,LV,IND,10,2022,0,0,0.0,0,2,-1.0,0,0,0,0.0,0,-0.1,-0.1,LV,Zamir White,-0.1
00-0038040,Z.White,Zamir White,RB,LV,SEA,12,2022,0,0,0.0,0,2,28.0,0,0,0,0.0,0,2.8,2.8,LV,Zamir White,2.8
00-0038040,Z.White,Zamir White,RB,LV,LAC,13,2022,0,0,0.0,0,2,6.0,0,0,0,0.0,0,0.6,0.6,LV,Zamir White,0.6
00-0038040,Z.White,Zamir White,RB,LV,LA,14,2022,0,0,0.0,0,3,9.0,0,0,0,0.0,0,0.9,0.9,LV,Zamir White,0.9
00-0038040,Z.White,Zamir White,RB,LV,NE,15,2022,0,0,0.0,0,1,4.0,0,0,0,0.0,0,0.4,0.4,LV,Zamir White,0.4
00-0038040,Z.White,Zamir White,RB,LV,KC,18,2022,0,0,0.0,0,1,4.0,0,0,0,0.0,0,0.4,0.4,LV,Zamir White,0.4
00-0038041,J.Ferguson,Jake Ferguson,TE,DAL,NYG,3,2022,0,0,0.0,0,0,0.0,0,2,3,13.0,0,1.3,3.3,DAL,Jake Ferguson,1.3
00-0038041,J.Ferguson,Jake Ferguson,TE,DAL,WAS,4,2022,0,0,0.0,0,0,0.0,0,1,1,7.0,0,0.7,1.7,DAL,Jake Ferguson,0.7
00-0038041,J.Ferguson,Jake Ferguson,TE,DAL,PHI,6,2022,0,0,0.0,0,0,0.0,0,4,6,40.0,1,10.0,14.0,DAL,Jake Ferguson,10.0
00-0038041,J.Ferguson,Jake Ferguson,TE,DAL,DET,7,2022,0,0,0.0,0,0,0.0,0,1,1,7.0,0,0.7,1.7,DAL,Jake Ferguson,0.7
00-0038041,J.Ferguson,Jake Ferguson,TE,DAL,CHI,8,2022,0,0,0.0,0,0,0.0,0,1,1,1.0,1,6.1,7.1,DAL,Jake Ferguson,6.1
00-0038041,J.Ferguson,Jake Ferguson,TE,DAL,MIN,11,2022,0,0,0.0,0,0,0.0,0,2,2,15.0,0,1.5,3.5,DAL,Jake Ferguson,1.5
00-0038041,J.Ferguson,Jake Ferguson,TE,DAL,NYG,12,2022,0,0,0.0,0,0,0.0,0,3,3,57.0,0,5.7,8.7,DAL,Jake Ferguson,5.7
00-0038041,J.Ferguson,Jake Ferguson,TE,DAL,IND,13,2022,0,0,0.0,0,0,0.0,0,2,2,-1.0,0,-0.1,1.9,DAL,Jake Ferguson,-0.1
00-0038041,J.Ferguson,Jake Ferguson,TE,DAL,PHI,16,2022,0,0,0.0,0,0,0.0,0,1,1,24.0,0,2.4,3.4,DAL,Jake Ferguson,2.4
00-0038041,J.Ferguson,Jake Ferguson,TE,DAL,TEN,17,2022,0,0,0.0,0,0,0.0,0,1,1,7.0,0,0.7,1.7,DAL,Jake Ferguson,0.7
00-0038041,J.Ferguson,Jake Ferguson,TE,DAL,WAS,18,2022,0,0,0.0,0,0,0.0,0,1,1,4.0,0,0.4,1.4,DAL,Jake Ferguson,0.4
00-0038041,J.Ferguson,Jake Ferguson,TE,DAL,TB,19,2022,0,0,0.0,0,0,0.0,0,1,1,34.0,0,3.4,4.4,DAL,Jake Ferguson,3.4
00-0038045,I.Spiller,Isaiah Spiller,RB,LAC,SEA,7,2022,0,0,0.0,0,1,-5.0,0,0,0,0.0,0,-0.5,-0.5,LAC,Isaiah Spiller,-0.5
00-0038045,I.Spiller,Isaiah Spiller,RB,LAC,ATL,9,2022,0,0,0.0,0,7,29.0,0,0,0,0.0,0,2.9,2.9,LAC,Isaiah Spiller,2.9
00-0038045,I.Spiller,Isaiah Spiller,RB,LAC,SF,10,2022,0,0,0.0,0,4,3.0,0,0,0,0.0,0,0.3,0.3,LAC,Isaiah Spiller,0.3
00-0038045,I.Spiller,Isaiah Spiller,RB,LAC,KC,11,2022,0,0,0.0,0,4,11.0,0,2,2,11.0,0,2.2,4.2,LAC,Isaiah Spiller,2.2
00-0038045,I.Spiller,Isaiah Spiller,RB,LAC,ARI,12,2022,0,0,0.0,0,2,3.0,0,1,1,2.0,0,0.5,1.5,LAC,Isaiah Spiller,0.5
00-0038046,C.Kolar,Charlie Kolar,TE,BAL,CIN,18,2022,0,0,0.0,0,0,0.0,0,4,6,49.0,0,4.9,8.9,BAL,Charlie Kolar,4.9
00-0038090,S.Moore,Skyy Moore,WR,KC,ARI,1,2022,0,0,0.0,0,0,0.0,0,1,1,30.0,0,3.0,4.0,KC,Skyy Moore,3.0
00-0038090,S.Moore,Skyy Moore,WR,KC,TB,4,2022,0,0,0.0,0,0,0.0,0,2,4,31.0,0,3.1,5.1,KC,Skyy Moore,3.1
00-0038090,S.Moore,Skyy Moore,WR,KC,LV,5,2022,0,0,0.0,0,0,0.0,0,2,3,15.0,0,1.5,3.5,KC,Skyy Moore,1.5
00-0038090,S.Moore,Skyy Moore,WR,KC,BUF,6,2022,0,0,0.0,0,0,0.0,0,1,3,24.0,0,2.4,3.4,KC,Skyy Moore,2.4
00-0038090,S.Moore,Skyy Moore,WR,KC,SF,7,2022,0,0,0.0,0,0,0.0,0,0,1,0.0,0,0.0,0.0,KC,Skyy Moore,0.0
00-0038090,S.Moore,Skyy Moore,WR,KC,TEN,9,2022,0,0,0.0,0,0,0.0,0,0,1,0.0,0,0.0,0.0,KC,Skyy Moore,0.0
00-0038090,S.Moore,Skyy Moore,WR,KC,JAX,10,2022,0,0,0.0,0,0,0.0,0,1,1,6.0,0,0.6,1.6,KC,Skyy Moore,0.6
00-0038090,S.Moore,Skyy Moore,WR,KC,LAC,11,2022,0,0,0.0,0,0,0.0,0,5,6,63.0,0,6.3,11.3,KC,Skyy Moore,6.3
00-0038090,S.Moore,Skyy Moore,WR,KC,LA,12,2022,0,0,0.0,0,0,0.0,0,5,6,36.0,0,3.6,8.6,KC,Skyy Moore,3.6
00-0038090,S.Moore,Skyy Moore,WR,KC,CIN,13,2022,0,0,0.0,0,1,12.0,0,0,0,0.0,0,1.2,1.2,KC,Skyy Moore,1.2
00-0038090,S.Moore,Skyy Moore,WR,KC,DEN,14,2022,0,0,0.0,0,0,0.0,0,1,2,7.0,0,0.7,1.7,KC,Skyy Moore,0.7
00-0038090,S.Moore,Skyy Moore,WR,KC,HOU,15,2022,0,0,0.0,0,2,12.0,0,0,0,0.0,0,1.2,1.2,KC,Skyy Moore,1.2
00-0038090,S.Moore,Skyy Moore,WR,KC,SEA,16,2022,0,0,0.0,0,0,0.0,0,1,1,5.0,0,0.5,1.5,KC,Skyy Moore,0.5
00-0038090,S.Moore,Skyy Moore,WR,KC,DEN,17,2022,0,0,0.0,0,0,0.0,0,3,4,33.0,0,3.3,6.3,KC,Skyy Moore,3.3
00-0038090,S.Moore,Skyy Moore,WR,KC,JAX,20,2022,0,0,0.0,0,1,3.0,0,1,1,0.0,0,0.3,1.3,KC,Skyy Moore,0.3
00-0038090,S.Moore,Skyy Moore,WR,KC,CIN,21,2022,0,0,0.0,0,0,0.0,0,3,7,13.0,0,1.3,4.3,KC,Skyy Moore,1.3
00-0038090,S.Moore,Skyy Moore,WR,KC,PHI,22,2022,0,0,0.0,0,1,4.0,0,1,1,4.0,1,6.8,7.8,KC,Skyy Moore,6.8
00-0038092,E.Ezukanma,Erik Ezukanma,WR,MIA,NYJ,18,2022,0,0,0.0,0,0,0.0,0,1,1,3.0,0,0.3,1.3,MIA,Erik Ezukanma,0.3
00-0038098,P.Strong,Pierre Strong,RB,NE,CLE,6,2022,0,0,0.0,0,1,5.0,0,0,0,0.0,0,0.5,0.5,NE,Pierre Strong,0.5
00-0038098,P.Strong,Pierre Strong,RB,NE,ARI,14,2022,0,0,0.0,0,5,70.0,1,2,2,20.0,0,15.0,17.0,NE,Pierre Strong,15.0
00-0038098,P.Strong,Pierre Strong,RB,NE,LV,15,2022,0,0,0.0,0,4,25.0,0,3,3,12.0,0,3.7,6.7,NE,Pierre Strong,3.7
00-0038098,P.Strong,Pierre Strong,RB,NE,CIN,16,2022,0,0,0.0,0,0,0.0,0,2,2,10.0,0,1.0,3.0,NE,Pierre Strong,1.0
00-0038102,K.Pickett,Kenny Pickett,QB,PIT,NYJ,4,2022,10,13,120.0,0,6,15.0,2,0,0,0.0,0,12.3,12.3,PIT,Kenny Pickett,12.3
00-0038102,K.Pickett,Kenny Pickett,QB,PIT,BUF,5,2022,34,52,327.0,0,1,10.0,0,0,0,0.0,0,12.08,12.08,PIT,Kenny Pickett,12.08
00-0038102,K.Pickett,Kenny Pickett,QB,PIT,TB,6,2022,11,18,67.0,1,2,16.0,0,0,0,0.0,0,8.28,8.28,PIT,Kenny Pickett,8.28
00-0038102,K.Pickett,Kenny Pickett,QB,PIT,MIA,7,2022,32,44,257.0,1,3,20.0,0,0,0,0.0,0,10.28,10.28,PIT,Kenny Pickett,10.28
00-0038102,K.Pickett,Kenny Pickett,QB,PIT,PHI,8,2022,25,38,191.0,0,7,37.0,0,0,0,0.0,0,7.34,7.34,PIT,Kenny Pickett,7.34
00-0038102,K.Pickett,Kenny Pickett,QB,PIT,NO,10,2022,18,30,199.0,0,8,51.0,1,0,0,0.0,0,19.06,19.06,PIT,Kenny Pickett,19.06
00-0038102,K.Pickett,Kenny Pickett,QB,PIT,CIN,11,2022,25,42,265.0,1,2,14.0,0,0,0,0.0,0,16.0,16.0,PIT,Kenny Pickett,16.0
00-0038102,K.Pickett,Kenny Pickett,QB,PIT,IND,12,2022,20,28,174.0,0,6,32.0,0,0,0,0.0,0,12.16,12.16,PIT,Kenny Pickett,12.16
00-0038102,K.Pickett,Kenny Pickett,QB,PIT,ATL,13,2022,16,28,197.0,1,7,14.0,0,0,0,0.0,0,13.28,13.28,PIT,Kenny Pickett,13.28
00-0038102,K.Pickett,Kenny Pickett,QB,PIT,BAL,14,2022,0,1,0.0,0,2,16.0,0,0,0,0.0,0,1.6,1.6,PIT,Kenny Pickett,1.6
00-0038102,K.Pickett,Kenny Pickett,QB,PIT,LV,16,2022,26,39,244.0,1,3,9.0,0,0,0,0.0,0,12.66,12.66,PIT,Kenny Pickett,12.66
00-0038102,K.Pickett,Kenny Pickett,QB,PIT,BAL,17,2022,15,27,168.0,1,5,2.0,0,0,0,0.0,0,10.92,10.92,PIT,Kenny Pickett,10.92
00-0038102,K.Pickett,Kenny Pickett,QB,PIT,CLE,18,2022,13,29,195.0,1,3,1.0,0,0,0,0.0,0,13.9,13.9,PIT,Kenny Pickett,13.9
00-0038104,T.Thornton,Tyquan Thornton,WR,NE,DET,5,2022,0,0,0.0,0,0,0.0,0,2,3,7.0,0,0.7,2.7,NE,Tyquan Thornton,0.7
00-0038104,T.Thornton,Tyquan Thornton,WR,NE,CLE,6,2022,0,0,0.0,0,3,16.0,1,4,5,37.0,1,17.3,21.3,NE,Tyquan Thornton,17.3
00-0038104,T.Thornton,Tyquan Thornton,WR,NE,CHI,7,2022,0,0,0.0,0,0,0.0,0,1,5,19.0,0,1.9,2.9,NE,Tyquan Thornton,1.9
00-0038104,T.Thornton,Tyquan Thornton,WR,NE,NYJ,8,2022,0,0,0.0,0,0,0.0,0,1,2,13.0,0,1.3,2.3,NE,Tyquan Thornton,1.3
00-0038104,T.Thornton,Tyquan Thornton,WR,NE,IND,9,2022,0,0,0.0,0,0,0.0,0,1,4,5.0,0,0.5,1.5,NE,Tyquan Thornton,0.5
00-0038104,T.Thornton,Tyquan Thornton,WR,NE,NYJ,11,2022,0,0,0.0,0,0,0.0,0,1,2,5.0,0,0.5,1.5,NE,Tyquan Thornton,0.5
00-0038104,T.Thornton,Tyquan Thornton,WR,NE,BUF,13,2022,0,0,0.0,0,0,0.0,0,2,3,31.0,0,3.1,5.1,NE,Tyquan Thornton,3.1
00-0038104,T.Thornton,Tyquan Thornton,WR,NE,ARI,14,2022,0,0,0.0,0,0,0.0,0,4,5,28.0,0,2.8,6.8,NE,Tyquan Thornton,2.8
00-0038104,T.Thornton,Tyquan Thornton,WR,NE,LV,15,2022,0,0,0.0,0,0,0.0,0,1,4,21.0,0,2.1,3.1,NE,Tyquan Thornton,2.1
00-0038104,T.Thornton,Tyquan Thornton,WR,NE,CIN,16,2022,0,0,0.0,0,0,0.0,0,1,3,8.0,0,0.8,1.8,NE,Tyquan Thornton,0.8
00-0038104,T.Thornton,Tyquan Thornton,WR,NE,MIA,17,2022,0,0,0.0,0,0,0.0,0,3,7,60.0,1,12.0,15.0,NE,Tyquan Thornton,12.0
00-0038104,T.Thornton,Tyquan Thornton,WR,NE,BUF,18,2022,0,0,0.0,0,0,0.0,0,1,2,13.0,0,1.3,2.3,NE,Tyquan Thornton,1.3
00-0038108,B.Zappe,Bailey Zappe,QB,NE,GB,4,2022,10,15,99.0,1,0,0.0,0,0,0,0.0,0,5.96,5.96,NE,Bailey Zappe,5.96
00-0038108,B.Zappe,Bailey Zappe,QB,NE,DET,5,2022,17,21,188.0,1,5,5.0,0,0,0,0.0,0,10.02,10.02,NE,Bailey Zappe,10.02
00-0038108,B.Zappe,Bailey Zappe,QB,NE,CLE,6,2022,24,34,309.0,2,3,-4.0,0,1,1,-6.0,0,17.36,18.36,NE,Bailey Zappe,17.36
00-0038108,B.Zappe,Bailey Zappe,QB,NE,CHI,7,2022,14,22,185.0,1,2,-1.0,0,0,0,0.0,0,5.3,5.3,NE,Bailey Zappe,5.3
00-0038115,D.Bellinger,Daniel Bellinger,TE,NYG,CAR,2,2022,0,0,0.0,0,0,0.0,0,1,1,16.0,1,7.6,8.6,NYG,Daniel Bellinger,7.6
00-0038115,D.Bellinger,Daniel Bellinger,TE,NYG,DAL,3,2022,0,0,0.0,0,0,0.0,0,4,5,40.0,0,4.0,8.0,NYG,Daniel Bellinger,4.0
00-0038115,D.Bellinger,Daniel Bellinger,TE,NYG,CHI,4,2022,0,0,0.0,0,0,0.0,0,3,3,23.0,0,2.3,5.3,NYG,Daniel Bellinger,2.3
00-0038115,D.Bellinger,Daniel Bellinger,TE,NYG,GB,5,2022,0,0,0.0,0,1,2.0,1,2,3,22.0,0,8.4,10.4,NYG,Daniel Bellinger,8.4
00-0038115,D.Bellinger,Daniel Bellinger,TE,NYG,BAL,6,2022,0,0,0.0,0,0,0.0,0,5,5,38.0,1,9.8,14.8,NYG,Daniel Bellinger,9.8
00-0038115,D.Bellinger,Daniel Bellinger,TE,NYG,JAX,7,2022,0,0,0.0,0,0,0.0,0,1,1,13.0,0,1.3,2.3,NYG,Daniel Bellinger,1.3
00-0038115,D.Bellinger,Daniel Bellinger,TE,NYG,WAS,13,2022,0,0,0.0,0,0,0.0,0,5,5,24.0,0,2.4,7.4,NYG,Daniel Bellinger,2.4
00-0038115,D.Bellinger,Daniel Bellinger,TE,NYG,PHI,14,2022,0,0,0.0,0,0,0.0,0,3,3,19.0,0,1.9,4.9,NYG,Daniel Bellinger,1.9
00-0038115,D.Bellinger,Daniel Bellinger,TE,NYG,WAS,15,2022,0,0,0.0,0,0,0.0,0,1,4,4.0,0,0.4,1.4,NYG,Daniel Bellinger,0.4
00-0038115,D.Bellinger,Daniel Bellinger,TE,NYG,MIN,16,2022,0,0,0.0,0,0,0.0,0,2,2,27.0,0,2.7,4.7,NYG,Daniel Bellinger,2.7
00-0038115,D.Bellinger,Daniel Bellinger,TE,NYG,IND,17,2022,0,0,0.0,0,0,0.0,0,3,3,42.0,0,4.2,7.2,NYG,Daniel Bellinger,4.2
00-0038115,D.Bellinger,Daniel Bellinger,TE,NYG,MIN,19,2022,0,0,0.0,0,0,0.0,0,2,2,17.0,1,7.7,9.7,NYG,Daniel Bellinger,7.7
00-0038115,D.Bellinger,Daniel Bellinger,TE,NYG,PHI,20,2022,0,0,0.0,0,0,0.0,0,1,3,4.0,0,0.4,1.4,NYG,Daniel Bellinger,0.4
00-0038117,W.Robinson,Wan'Dale Robinson,WR,NYG,TEN,1,2022,0,0,0.0,0,0,0.0,0,1,1,5.0,0,0.5,1.5,NYG,Wan'Dale Robinson,0.5
00-0038117,W.Robinson,Wan'Dale Robinson,WR,NYG,BAL,6,2022,0,0,0.0,0,0,0.0,0,3,4,37.0,1,9.7,12.7,NYG,Wan'Dale Robinson,9.7
00-0038117,W.Robinson,Wan'Dale Robinson,WR,NYG,JAX,7,2022,0,0,0.0,0,0,0.0,0,6,8,50.0,0,5.0,11.0,NYG,Wan'Dale Robinson,5.0
00-0038117,W.Robinson,Wan'Dale Robinson,WR,NYG,SEA,8,2022,0,0,0.0,0,0,0.0,0,2,3,15.0,0,1.5,3.5,NYG,Wan'Dale Robinson,1.5
00-0038117,W.Robinson,Wan'Dale Robinson,WR,NYG,HOU,10,2022,0,0,0.0,0,1,-5.0,0,2,2,20.0,0,1.5,3.5,NYG,Wan'Dale Robinson,1.5
00-0038117,W.Robinson,Wan'Dale Robinson,WR,NYG,DET,11,2022,0,0,0.0,0,1,4.0,0,9,13,100.0,0,10.4,19.4,NYG,Wan'Dale Robinson,10.4
00-0038120,B.Hall,Breece Hall,RB,NYJ,BAL,1,2022,0,0,0.0,0,6,23.0,0,6,9,38.0,0,4.1,10.1,NYJ,Breece Hall,4.1
00-0038120,B.Hall,Breece Hall,RB,NYJ,CLE,2,2022,0,0,0.0,0,7,50.0,0,1,1,10.0,1,12.0,13.0,NYJ,Breece Hall,12.0
00-0038120,B.Hall,Breece Hall,RB,NYJ,CIN,3,2022,0,0,0.0,0,8,39.0,0,6,11,53.0,0,9.2,15.2,NYJ,Breece Hall,9.2
00-0038120,B.Hall,Breece Hall,RB,NYJ,PIT,4,2022,0,0,0.0,0,17,66.0,1,2,6,12.0,0,13.8,15.8,NYJ,Breece Hall,13.8
00-0038120,B.Hall,Breece Hall,RB,NYJ,MIA,5,2022,0,0,0.0,0,18,97.0,1,2,2,100.0,0,25.7,27.7,NYJ,Breece Hall,25.7
00-0038120,B.Hall,Breece Hall,RB,NYJ,GB,6,2022,0,0,0.0,0,20,116.0,1,2,2,5.0,0,18.1,20.1,NYJ,Breece Hall,18.1
00-0038120,B.Hall,Breece Hall,RB,NYJ,DEN,7,2022,0,0,0.0,0,4,72.0,1,0,0,0.0,0,13.2,13.2,NYJ,Breece Hall,13.2
00-0038122,D.Ridder,Desmond Ridder,QB,ATL,NO,15,2022,13,26,97.0,0,6,38.0,0,0,0,0.0,0,7.68,7.68,ATL,Desmond Ridder,7.68
00-0038122,D.Ridder,Desmond Ridder,QB,ATL,BAL,16,2022,22,33,218.0,0,4,8.0,0,0,0,0.0,0,9.52,9.52,ATL,Desmond Ridder,9.52
00-0038122,D.Ridder,Desmond Ridder,QB,ATL,ARI,17,2022,19,26,169.0,0,4,9.0,0,0,0,0.0,0,5.66,5.66,ATL,Desmond Ridder,5.66
00-0038122,D.Ridder,Desmond Ridder,QB,ATL,TB,18,2022,19,30,224.0,2,2,9.0,0,0,0,0.0,0,15.86,15.86,ATL,Desmond Ridder,15.86
00-0038124,C.Watson,Christian Watson,WR,GB,MIN,1,2022,0,0,0.0,0,1,7.0,0,2,4,34.0,0,4.1,6.1,GB,Christian Watson,4.1
00-0038124,C.Watson,Christian Watson,WR,GB,CHI,2,2022,0,0,0.0,0,0,0.0,0,3,3,9.0,0,0.9,3.9,GB,Christian Watson,0.9
00-0038124,C.Watson,Christian Watson,WR,GB,NE,4,2022,0,0,0.0,0,1,15.0,1,1,3,8.0,0,8.3,9.3,GB,Christian Watson,8.3
00-0038124,C.Watson,Christian Watson,WR,GB,NYG,5,2022,0,0,0.0,0,1,-3.0,0,1,1,1.0,0,-0.2,0.8,GB,Christian Watson,-0.2
00-0038124,C.Watson,Christian Watson,WR,GB,BUF,8,2022,0,0,0.0,0,0,0.0,0,1,1,12.0,0,1.2,2.2,GB,Christian Watson,1.2
00-0038124,C.Watson,Christian Watson,WR,GB,DET,9,2022,0,0,0.0,0,0,0.0,0,2,2,24.0,0,2.4,4.4,GB,Christian Watson,2.4
00-0038124,C.Watson,Christian Watson,WR,GB,DAL,10,2022,0,0,0.0,0,0,0.0,0,4,8,107.0,3,28.7,32.7,GB,Christian Watson,28.7
00-0038124,C.Watson,Christian Watson,WR,GB,TEN,11,2022,0,0,0.0,0,1,3.0,0,4,6,48.0,2,17.1,21.1,GB,Christian Watson,17.1
00-0038124,C.Watson,Christian Watson,WR,GB,PHI,12,2022,0,0,0.0,0,0,0.0,0,4,6,110.0,1,17.0,21.0,GB,Christian Watson,17.0
00-0038124,C.Watson,Christian Watson,WR,GB,CHI,13,2022,0,0,0.0,0,1,46.0,1,3,7,48.0,1,21.4,24.4,GB,Christian Watson,21.4
00-0038124,C.Watson,Christian Watson,WR,GB,LA,15,2022,0,0,0.0,0,0,0.0,0,4,6,46.0,0,4.6,8.6,GB,Christian Watson,4.6
00-0038124,C.Watson,Christian Watson,WR,GB,MIA,16,2022,0,0,0.0,0,0,0.0,0,6,8,49.0,0,4.9,10.9,GB,Christian Watson,4.9
00-0038124,C.Watson,Christian Watson,WR,GB,MIN,17,2022,0,0,0.0,0,0,0.0,0,1,5,11.0,0,1.1,2.1,GB,Christian Watson,1.1
00-0038124,C.Watson,Christian Watson,WR,GB,DET,18,2022,0,0,0.0,0,2,12.0,0,5,6,104.0,0,11.6,16.6,GB,Christian Watson,11.6
00-0038128,M.Willis,Malik Willis,QB,TEN,BUF,2,2022,1,4,6.0,0,4,16.0,0,0,0,0.0,0,-0.16,-0.16,TEN,Malik Willis,-0.16
00-0038128,M.Willis,Malik Willis,QB,TEN,HOU,8,2022,6,10,55.0,0,5,12.0,0,0,0,0.0,0,1.4,1.4,TEN,Malik Willis,1.4
00-0038128,M.Willis,Malik Willis,QB,TEN,KC,9,2022,5,16,80.0,0,8,40.0,0,0,0,0.0,0,7.2,7.2,TEN,Malik Willis,7.2
00-0038128,M.Willis,Malik Willis,QB,TEN,DEN,10,2022,0,0,0.0,0,1,-4.0,0,0,0,0.0,0,-2.4,-2.4,TEN,Malik Willis,-2.4
00-0038128,M.Willis,Malik Willis,QB,TEN,PHI,13,2022,2,4,16.0,0,1,8.0,0,0,0,0.0,0,1.44,1.44,TEN,Malik Willis,1.44
00-0038128,M.Willis,Malik Willis,QB,TEN,LAC,15,2022,3,4,20.0,0,1,8.0,0,0,0,0.0,0,1.6,1.6,TEN,Malik Willis,1.6
00-0038128,M.Willis,Malik Willis,QB,TEN,HOU,16,2022,14,23,99.0,0,7,43.0,1,0,0,0.0,0,10.26,10.26,TEN,Malik Willis,10.26
00-0038129,C.Otton,Cade Otton,TE,TB,NO,2,2022,0,0,0.0,0,0,0.0,0,1,2,4.0,0,0.4,1.4,TB,Cade Otton,0.4
00-0038129,C.Otton,Cade Otton,TE,TB,KC,4,2022,0,0,0.0,0,0,0.0,0,3,4,29.0,0,2.9,5.9,TB,Cade Otton,2.9
00-0038129,C.Otton,Cade Otton,TE,TB,ATL,5,2022,0,0,0.0,0,0,0.0,0,6,7,43.0,0,4.3,10.3,TB,Cade Otton,4.3
00-0038129,C.Otton,Cade Otton,TE,TB,PIT,6,2022,0,0,0.0,0,0,0.0,0,2,3,23.0,0,2.3,4.3,TB,Cade Otton,2.3
00-0038129,C.Otton,Cade Otton,TE,TB,CAR,7,2022,0,0,0.0,0,0,0.0,0,4,5,64.0,0,6.4,10.4,TB,Cade Otton,6.4
00-0038129,C.Otton,Cade Otton,TE,TB,BAL,8,2022,0,0,0.0,0,0,0.0,0,2,5,15.0,0,1.5,3.5,TB,Cade Otton,1.5
00-0038129,C.Otton,Cade Otton,TE,TB,LA,9,2022,0,0,0.0,0,0,0.0,0,5,6,68.0,1,12.8,17.8,TB,Cade Otton,12.8
00-0038129,C.Otton,Cade Otton,TE,TB,SEA,10,2022,0,0,0.0,0,0,0.0,0,3,3,35.0,0,3.5,6.5,TB,Cade Otton,3.5
00-0038129,C.Otton,Cade Otton,TE,TB,NO,13,2022,0,0,0.0,0,0,0.0,0,6,10,28.0,1,8.8,14.8,TB,Cade Otton,8.8
00-0038129,C.Otton,Cade Otton,TE,TB,SF,14,2022,0,0,0.0,0,0,0.0,0,4,5,28.0,0,2.8,6.8,TB,Cade Otton,2.8
00-0038129,C.Otton,Cade Otton,TE,TB,CIN,15,2022,0,0,0.0,0,0,0.0,0,1,1,20.0,0,2.0,3.0,TB,Cade Otton,2.0
00-0038129,C.Otton,Cade Otton,TE,TB,ARI,16,2022,0,0,0.0,0,0,0.0,0,2,7,12.0,0,1.2,3.2,TB,Cade Otton,1.2
00-0038129,C.Otton,Cade Otton,TE,TB,CAR,17,2022,0,0,0.0,0,0,0.0,0,2,6,17.0,0,1.7,3.7,TB,Cade Otton,1.7
00-0038129,C.Otton,Cade Otton,TE,TB,ATL,18,2022,0,0,0.0,0,0,0.0,0,1,1,5.0,0,0.5,1.5,TB,Cade Otton,0.5
00-0038129,C.Otton,Cade Otton,TE,TB,DAL,19,2022,0,0,0.0,0,0,0.0,0,4,7,58.0,0,5.8,9.8,TB,Cade Otton,5.8
00-0038134,K.Walker,Kenneth Walker,RB,SEA,SF,2,2022,0,0,0.0,0,4,10.0,0,2,3,5.0,0,1.5,3.5,SEA,Kenneth Walker,1.5
00-0038134,K.Walker,Kenneth Walker,RB,SEA,ATL,3,2022,0,0,0.0,0,3,19.0,0,3,3,14.0,0,3.3,6.3,SEA,Kenneth Walker,3.3
00-0038134,K.Walker,Kenneth Walker,RB,SEA,DET,4,2022,0,0,0.0,0,8,29.0,0,1,1,-5.0,0,2.4,3.4,SEA,Kenneth Walker,2.4
00-0038134,K.Walker,Kenneth Walker,RB,SEA,NO,5,2022,0,0,0.0,0,8,88.0,1,0,0,0.0,0,14.8,14.8,SEA,Kenneth Walker,14.8
00-0038134,K.Walker,Kenneth Walker,RB,SEA,ARI,6,2022,0,0,0.0,0,21,97.0,1,2,3,13.0,0,17.0,19.0,SEA,Kenneth Walker,17.0
00-0038134,K.Walker,Kenneth Walker,RB,SEA,LAC,7,2022,0,0,0.0,0,23,167.0,2,0,0,0.0,0,28.7,28.7,SEA,Kenneth Walker,28.7
00-0038134,K.Walker,Kenneth Walker,RB,SEA,NYG,8,2022,0,0,0.0,0,18,51.0,1,1,2,1.0,0,11.2,12.2,SEA,Kenneth Walker,11.2
00-0038134,K.Walker,Kenneth Walker,RB,SEA,ARI,9,2022,0,0,0.0,0,26,109.0,2,3,4,20.0,0,24.9,27.9,SEA,Kenneth Walker,24.9
00-0038134,K.Walker,Kenneth Walker,RB,SEA,TB,10,2022,0,0,0.0,0,10,17.0,0,6,8,55.0,0,7.2,13.2,SEA,Kenneth Walker,7.2
00-0038134,K.Walker,Kenneth Walker,RB,SEA,LV,12,2022,0,0,0.0,0,14,26.0,2,1,1,13.0,0,15.9,16.9,SEA,Kenneth Walker,15.9
00-0038134,K.Walker,Kenneth Walker,RB,SEA,LA,13,2022,0,0,0.0,0,3,36.0,0,0,1,0.0,0,3.6,3.6,SEA,Kenneth Walker,3.6
00-0038134,K.Walker,Kenneth Walker,RB,SEA,SF,15,2022,0,0,0.0,0,12,47.0,0,4,5,32.0,0,7.9,11.9,SEA,Kenneth Walker,7.9
00-0038134,K.Walker,Kenneth Walker,RB,SEA,KC,16,2022,0,0,0.0,0,26,107.0,0,2,2,-2.0,0,10.5,12.5,SEA,Kenneth Walker,10.5
00-0038134,K.Walker,Kenneth Walker,RB,SEA,NYJ,17,2022,0,0,0.0,0,23,133.0,0,1,1,9.0,0,14.2,15.2,SEA,Kenneth Walker,14.2
00-0038134,K.Walker,Kenneth Walker,RB,SEA,LA,18,2022,0,0,0.0,0,29,114.0,0,1,1,10.0,0,12.4,13.4,SEA,Kenneth Walker,12.4
00-0038134,K.Walker,Kenneth Walker,RB,SEA,SF,19,2022,0,0,0.0,0,15,63.0,1,1,1,3.0,0,12.6,13.6,SEA,Kenneth Walker,12.6
00-0038147,D.Baldwin,Daylen Baldwin,WR,CLE,BAL,15,2022,0,0,0.0,0,0,0.0,0,2,2,25.0,0,2.5,4.5,CLE,Daylen Baldwin,2.5
00-0038149,J.Ali,Josh Ali,WR,ATL,TB,18,2022,0,0,0.0,0,0,0.0,0,0,1,0.0,0,0.0,0.0,ATL,Josh Ali,0.0
